N,D,K_pairs,surface,condition,seed,ae_loss,drift_loss,diff_loss,recon_per_dim,phase1_converged,E_mu,E_Sigma,rcMTE@0.1,rcMTE@0.5,rcMTE@1.0,MTE@0.1,MTE@0.5,MTE@1.0,W2@1.0,sW2@0.1,sW2@0.2,sW2@0.5,sW2@1.0,MMD@1.0,survival@1.0,stopped@1.0
20,11,4,paraboloid,baseline,42,0.018492702394723892,0.0744728296995163,0.016858186572790146,0.005979393016208302,True,0.8651995658874512,1.196821928024292,0.1970387101173401,0.3953172266483307,0.5724243521690369,0.4734633006072522,0.7783196241335761,0.9278170994349888,0.7079362059213332,0.27586168468272654,0.29516679505918897,0.5699475589731337,0.7376998761367741,0.28350454568862915,0.2800000011920929,0.04200000315904617
20,11,4,paraboloid,K,42,0.020448055118322372,0.06703604757785797,0.012596169486641884,0.005979393016208302,True,0.5032092928886414,0.574068009853363,0.1999421864748001,0.3625689446926117,0.522476315498352,0.4572302599526726,0.7449678119860197,0.87691285269601,0.6660927442210249,0.27537117539808276,0.27977778944628645,0.5543347884180263,0.6688563144791455,0.2843872606754303,0.2800000011920929,0.04200000315904617
20,11,4,paraboloid,K+S,42,0.020448055118322372,0.06703604757785797,0.012596169486641884,0.005979393016208302,True,0.5032092928886414,0.574068009853363,0.1999421864748001,0.3625689446926117,0.522476315498352,0.4572302599526726,0.7449678119860197,0.87691285269601,0.6660927442210249,0.27537117539808276,0.27977778944628645,0.5543347884180263,0.6688563144791455,0.2843872606754303,0.2800000011920929,0.04200000315904617
20,11,4,paraboloid,baseline,1042,0.0096893897280097,0.03555870056152344,0.012910407967865467,0.001304254105145281,True,0.3937823176383972,0.4742778539657593,0.5511743426322937,0.9063082337379456,0.9992185831069946,0.9299373499269209,1.584185518739835,1.6738762567507341,0.7594525501093401,0.4598683571727484,0.6862669114301951,0.8997511628105448,0.9471275865853014,0.2070174366235733,0.2980000078678131,0.06200000271201134
20,11,4,paraboloid,K,1042,0.00609094463288784,0.03169531375169754,0.011410677805542946,0.001304254105145281,True,0.2116180807352066,0.30735957622528076,0.5556754469871521,0.9325835108757019,1.0585800409317017,0.9386368987289463,1.6485808985827137,1.784906374528104,0.9702697386468196,0.4947709340042935,0.7486310203435841,1.0290375096797164,1.175328785878785,0.2571546137332916,0.2980000078678131,0.06200000271201134
20,11,4,paraboloid,K+S,1042,0.00609094463288784,0.03169531375169754,0.011410677805542946,0.001304254105145281,True,0.2116180807352066,0.30735957622528076,0.5556754469871521,0.9325835108757019,1.0585800409317017,0.9386368987289463,1.6485808985827137,1.784906374528104,0.9702697386468196,0.4947709340042935,0.7486310203435841,1.0290375096797164,1.175328785878785,0.2571546137332916,0.2980000078678131,0.06200000271201134
20,11,4,paraboloid,baseline,2042,0.00505155511200428,0.02644016034901142,0.010305431671440601,0.0011636363342404366,True,0.17850983142852783,0.18563446402549744,0.7942730784416199,1.4398444890975952,1.3259955644607544,1.3496012102093613,2.238280765593998,2.0940698609316257,1.3013357692699483,0.8766671576845687,1.214083580870994,1.645871515164046,1.626306913036284,0.3241316080093384,0.26600000262260437,0.04800000041723251
20,11,4,paraboloid,K,2042,0.004225222859531641,0.021925032138824463,0.00981629453599453,0.0011636363342404366,True,0.10175817459821701,0.08847840130329132,0.7888922095298767,1.4541783332824707,1.3855228424072266,1.3534860443650631,2.2881857251364086,2.2009405838815788,1.4559333095745683,0.8714956248853187,1.2280503006894958,1.7726885241786912,1.8366974333285098,0.361187219619751,0.26600000262260437,0.04800000041723251
20,11,4,paraboloid,K+S,2042,0.004225222859531641,0.021925032138824463,0.00981629453599453,0.0011636363342404366,True,0.10175817459821701,0.08847840130329132,0.7888922095298767,1.4541783332824707,1.3855228424072266,1.3534860443650631,2.2881857251364086,2.2009405838815788,1.4559333095745683,0.8714956248853187,1.2280503006894958,1.7726885241786912,1.8366974333285098,0.361187219619751,0.26600000262260437,0.04800000041723251
20,11,4,paraboloid,baseline,3042,0.020200150087475777,0.03618301823735237,0.046448130160570145,0.00120466160164638,True,0.14762812852859497,0.17917579412460327,0.4445342421531677,0.6823089122772217,0.8774851560592651,0.8419102163378257,1.2738665680387127,1.4723876504337086,1.0604115216806238,0.5077465303692721,0.5880019133720685,0.9927871997413377,1.5200718735341212,0.2920754551887512,0.2720000147819519,0.05000000074505806
20,11,4,paraboloid,K,3042,0.010143714025616646,0.04508480802178383,0.04310514032840729,0.00120466160164638,True,0.10588966310024261,0.21260139346122742,0.4350150525569916,0.7316808700561523,0.9876133799552917,0.8297742348816866,1.344208333029676,1.7537058661965763,1.529268599667138,0.5349476544044912,0.6354124906109015,1.2492695471474455,2.080959269977883,0.3491325378417969,0.2720000147819519,0.05000000074505806
20,11,4,paraboloid,K+S,3042,0.010143714025616646,0.04508480802178383,0.04310514032840729,0.00120466160164638,True,0.10588966310024261,0.21260139346122742,0.4350150525569916,0.7316808700561523,0.9876133799552917,0.8297742348816866,1.344208333029676,1.7537058661965763,1.529268599667138,0.5349476544044912,0.6354124906109015,1.2492695471474455,2.080959269977883,0.3491325378417969,0.2720000147819519,0.05000000074505806
20,11,4,paraboloid,baseline,4042,0.015090554021298885,0.019867539405822754,0.04683542996644974,0.0032473958351395345,True,0.38575929403305054,0.42909345030784607,0.48503634333610535,0.8487915396690369,1.276747465133667,0.8185005767226478,1.4867826519590435,1.7911254666375775,1.4724969024709682,0.39918793811992437,0.5701505461224536,1.0445812238394478,1.9936446551690796,0.29591333866119385,0.28200000524520874,0.06000000238418579
20,11,4,paraboloid,K,4042,0.017883289605379105,0.03854026272892952,0.025999784469604492,0.0032473958351395345,True,0.25998738408088684,0.4110622704029083,0.537597119808197,0.9306464195251465,1.3839277029037476,0.9196915036944143,1.6639718720407197,2.045378123614805,1.7822936618396137,0.4243915568537818,0.6558176098798839,1.1536838271296068,2.1786140843272137,0.3317694067955017,0.28200000524520874,0.06000000238418579
20,11,4,paraboloid,K+S,4042,0.017883289605379105,0.03854026272892952,0.025999784469604492,0.0032473958351395345,True,0.25998738408088684,0.4110622704029083,0.537597119808197,0.9306464195251465,1.3839277029037476,0.9196915036944143,1.6639718720407197,2.045378123614805,1.7822936618396137,0.4243915568537818,0.6558176098798839,1.1536838271296068,2.1786140843272137,0.3317694067955017,0.28200000524520874,0.06000000238418579
20,11,4,paraboloid,baseline,5042,0.005601267796009779,0.019939564168453217,0.010034468956291676,0.0028800049966031856,True,0.2846517562866211,0.24707530438899994,0.7649580836296082,1.2033321857452393,1.0680140256881714,1.277787361564217,1.8926076290792204,1.7276093239007995,0.7403072173013098,0.6261678088487498,0.8096782575037501,0.8670871720557214,0.9619447213570864,0.25493940711021423,0.2580000162124634,0.06599999964237213
20,11,4,paraboloid,K,5042,0.010392671450972557,0.009588520042598248,0.008196050301194191,0.0028800049966031856,True,0.09527425467967987,0.1423395574092865,0.7731353640556335,1.2586405277252197,1.1487752199172974,1.310434060568338,1.9957198815152215,1.88593688491703,1.0788911125247886,0.7217096467459567,0.9612080776899716,1.1066097471887917,1.244116965340625,0.327205091714859,0.2580000162124634,0.06599999964237213
20,11,4,paraboloid,K+S,5042,0.010392671450972557,0.009588520042598248,0.008196050301194191,0.0028800049966031856,True,0.09527425467967987,0.1423395574092865,0.7731353640556335,1.2586405277252197,1.1487752199172974,1.310434060568338,1.9957198815152215,1.88593688491703,1.0788911125247886,0.7217096467459567,0.9612080776899716,1.1066097471887917,1.244116965340625,0.327205091714859,0.2580000162124634,0.06599999964237213
20,11,4,paraboloid,baseline,6042,0.006357511505484581,0.014355930499732494,0.016804946586489677,0.0007740777324546467,True,0.3660500645637512,0.30405405163764954,0.38754358887672424,0.5341169238090515,0.5021483302116394,0.6756146804876789,1.0826557790200542,1.0578511181999655,0.7844679257105578,0.32185300394919486,0.3840692698986365,0.46413929056099457,0.6822171342826027,0.2319752275943756,0.2720000147819519,0.06000000238418579
20,11,4,paraboloid,K,6042,0.00813342910259962,0.01477835327386856,0.010129951871931553,0.0007740777324546467,True,0.2689993679523468,0.6504768133163452,0.2354862093925476,0.4240904450416565,0.5253280997276306,0.4528659366826129,0.7620236854853593,0.9495856341193704,0.820975793081941,0.3419271704464464,0.4058400125983367,0.6927563691274915,0.7860570254233674,0.34050309658050537,0.2720000147819519,0.06000000238418579
20,11,4,paraboloid,K+S,6042,0.00813342910259962,0.01477835327386856,0.010129951871931553,0.0007740777324546467,True,0.2689993679523468,0.6504768133163452,0.2354862093925476,0.4240904450416565,0.5253280997276306,0.4528659366826129,0.7620236854853593,0.9495856341193704,0.820975793081941,0.3419271704464464,0.4058400125983367,0.6927563691274915,0.7860570254233674,0.34050309658050537,0.2720000147819519,0.06000000238418579
20,11,4,paraboloid,baseline,7042,0.01326684094965458,0.13332566618919373,0.03744383156299591,0.004604845900427212,True,0.1909613311290741,0.30988672375679016,0.5286082029342651,0.9368895888328552,1.0534313917160034,0.9175043316139524,1.5666526263450091,1.7016559176974826,0.7345713117428656,0.6578588734263978,0.9026672340362277,0.9295606761195611,0.9334226557998166,0.2721812129020691,0.2880000174045563,0.058000002056360245
20,11,4,paraboloid,K,7042,0.009774264879524708,0.11238214373588562,0.01323834527283907,0.004604845900427212,True,0.06669189035892487,0.11753523349761963,0.5269579291343689,0.897428572177887,1.0531549453735352,0.9088480273007297,1.5099871848529076,1.6863887574937608,0.7893506715728318,0.6705232101988381,0.8873967605337421,0.8898160924358166,0.9863084264307425,0.28800544142723083,0.2880000174045563,0.058000002056360245
20,11,4,paraboloid,K+S,7042,0.009774264879524708,0.11238214373588562,0.01323834527283907,0.004604845900427212,True,0.06669189035892487,0.11753523349761963,0.5269579291343689,0.897428572177887,1.0531549453735352,0.9088480273007297,1.5099871848529076,1.6863887574937608,0.7893506715728318,0.6705232101988381,0.8873967605337421,0.8898160924358166,0.9863084264307425,0.28800544142723083,0.2880000174045563,0.058000002056360245
20,11,4,paraboloid,baseline,8042,0.020607497543096542,0.6739117503166199,0.05391200631856918,0.001501007005572319,True,0.2520182728767395,0.5455740690231323,0.4112778306007385,0.7719594240188599,0.9291462302207947,0.7679028511047363,1.2384667614188927,1.354055447048611,0.7610616285786294,0.43967650177505224,0.5585516077875291,1.0175258071095248,1.4476719492288144,0.1567401885986328,0.27000001072883606,0.058000002056360245
20,11,4,paraboloid,K,8042,0.015102561563253403,0.3985450267791748,0.036327969282865524,0.001501007005572319,True,0.16432905197143555,0.40081435441970825,0.4076141119003296,0.752297043800354,0.9075272083282471,0.7666019712175641,1.2415478971489238,1.366059253833912,0.7993418561475578,0.4522720600757939,0.567925896901644,1.003240143460758,1.3904122578212654,0.1628979742527008,0.27000001072883606,0.058000002056360245
20,11,4,paraboloid,K+S,8042,0.015102561563253403,0.3985450267791748,0.036327969282865524,0.001501007005572319,True,0.16432905197143555,0.40081435441970825,0.4076141119003296,0.752297043800354,0.9075272083282471,0.7666019712175641,1.2415478971489238,1.366059253833912,0.7993418561475578,0.4522720600757939,0.567925896901644,1.003240143460758,1.3904122578212654,0.1628979742527008,0.27000001072883606,0.058000002056360245
20,11,4,paraboloid,baseline,9042,0.006083361804485321,0.028224019333720207,0.02288459800183773,0.0010564854707230222,True,0.283966064453125,0.2997264862060547,0.20006443560123444,0.35567617416381836,0.4764550030231476,0.43604786070432955,0.8074435424804688,1.0906949956366356,0.8328998895999072,0.3337241979894786,0.298562933971715,0.4806888450202219,0.7535183484073946,0.25909337401390076,0.28200000524520874,0.04400000348687172
20,11,4,paraboloid,K,9042,0.011638600379228592,0.032379020005464554,0.009987415745854378,0.0010564854707230222,True,0.2195420265197754,0.4694579541683197,0.2156156450510025,0.373821884393692,0.5260337591171265,0.4615830072747453,0.877193115234375,1.320555774878103,1.2640897174677987,0.3659873320433969,0.3459509833737712,0.48210104812397725,0.725996511095101,0.29668721556663513,0.28200000524520874,0.04400000348687172
20,11,4,paraboloid,K+S,9042,0.011638600379228592,0.032379020005464554,0.009987415745854378,0.0010564854707230222,True,0.2195420265197754,0.4694579541683197,0.2156156450510025,0.373821884393692,0.5260337591171265,0.4615830072747453,0.877193115234375,1.320555774878103,1.2640897174677987,0.3659873320433969,0.3459509833737712,0.48210104812397725,0.725996511095101,0.29668721556663513,0.28200000524520874,0.04400000348687172
20,11,4,hyperbolic_paraboloid,baseline,42,0.0017716564470902085,0.025541985407471657,0.004821929149329662,0.0009714028036052531,True,0.1333048939704895,0.10648190975189209,0.5000229477882385,0.8452444672584534,0.8115637898445129,0.9014642456326559,1.686875651653548,1.8593941824776785,1.1679186336811909,0.4359853058537351,0.541145277510134,0.7142458713758044,0.5968718618777895,0.27192530035972595,0.2800000011920929,0.04200000315904617
20,11,4,hyperbolic_paraboloid,K,42,0.003452623263001442,0.027022629976272583,0.004966639913618565,0.0009714028036052531,True,0.08511026203632355,0.14156797528266907,0.5051448345184326,0.8231357932090759,0.7716378569602966,0.9103674941710747,1.654317525992716,1.7575304303850448,1.031776912054455,0.4541330427472636,0.5506192639999546,0.7049224500383849,0.4604330126953976,0.24756461381912231,0.2800000011920929,0.04200000315904617
20,11,4,hyperbolic_paraboloid,K+S,42,0.003452623263001442,0.027022629976272583,0.004966639913618565,0.0009714028036052531,True,0.08511026203632355,0.14156797528266907,0.5051448345184326,0.8231357932090759,0.7716378569602966,0.9103674941710747,1.654317525992716,1.7575304303850448,1.031776912054455,0.4541330427472636,0.5506192639999546,0.7049224500383849,0.4604330126953976,0.24756461381912231,0.2800000011920929,0.04200000315904617
20,11,4,hyperbolic_paraboloid,baseline,1042,0.0032097368966788054,0.024707995355129242,0.003376802196726203,0.0004942003552886573,True,0.13969597220420837,0.11297984421253204,0.5281278491020203,0.8233274817466736,0.9463868141174316,0.92425591483679,1.5220761210501859,1.6242272293807676,0.6562000290987884,0.4445350287136899,0.6129372390481919,0.6505928452254596,0.7939076850074523,0.18655794858932495,0.2980000078678131,0.06200000271201134
20,11,4,hyperbolic_paraboloid,K,1042,0.002588957082480192,0.02725791744887829,0.0027338764630258083,0.0004942003552886573,True,0.11490903794765472,0.07291707396507263,0.5298324227333069,0.8214139938354492,0.9447923302650452,0.9255439061630011,1.5209460630735943,1.6163629109427433,0.6585005526782974,0.45269027506032394,0.6180494072338605,0.6382459596300054,0.7943239051413854,0.1837475746870041,0.2980000078678131,0.06200000271201134
20,11,4,hyperbolic_paraboloid,K+S,1042,0.002588957082480192,0.02725791744887829,0.0027338764630258083,0.0004942003552886573,True,0.11490903794765472,0.07291707396507263,0.5298324227333069,0.8214139938354492,0.9447923302650452,0.9255439061630011,1.5209460630735943,1.6163629109427433,0.6585005526782974,0.45269027506032394,0.6180494072338605,0.6382459596300054,0.7943239051413854,0.1837475746870041,0.2980000078678131,0.06200000271201134
20,11,4,hyperbolic_paraboloid,baseline,2042,0.0014805225655436516,0.01752317324280739,0.005963057279586792,0.0012869875539432871,True,0.08807045221328735,0.12114130705595016,0.525565505027771,1.0077145099639893,0.8626484870910645,0.8612302813613624,1.5429203093998016,1.7800859723772322,0.9824894067167327,0.408059917634555,0.6557239320127694,0.9342932440335424,0.8897246932824197,0.26360881328582764,0.26600000262260437,0.04800000041723251
20,11,4,hyperbolic_paraboloid,K,2042,0.002121720463037491,0.018842658028006554,0.006356143392622471,0.0012869875539432871,True,0.05278706178069115,0.04825484752655029,0.5259060859680176,1.0117262601852417,0.8498146533966064,0.8634893183122602,1.558805919828869,1.7506931849888392,0.9665873647814417,0.4140833190424126,0.672895977911956,0.9724144177111984,0.9831407481490572,0.25573471188545227,0.26600000262260437,0.04800000041723251
20,11,4,hyperbolic_paraboloid,K+S,2042,0.002121720463037491,0.018842658028006554,0.006356143392622471,0.0012869875539432871,True,0.05278706178069115,0.04825484752655029,0.5259060859680176,1.0117262601852417,0.8498146533966064,0.8634893183122602,1.558805919828869,1.7506931849888392,0.9665873647814417,0.4140833190424126,0.672895977911956,0.9724144177111984,0.9831407481490572,0.25573471188545227,0.26600000262260437,0.04800000041723251
20,11,4,hyperbolic_paraboloid,baseline,3042,0.0033463735599070787,0.07420337200164795,0.04611345753073692,0.002051678570834073,True,0.15401282906532288,0.12992873787879944,0.5409784317016602,0.9464623928070068,0.7973063588142395,0.9681611663750693,1.6191315152751866,1.881294474882238,1.2169978048193555,0.47097125083250213,0.5592186781136765,0.9143140548275374,1.2490477577925685,0.25146910548210144,0.2720000147819519,0.05000000074505806
20,11,4,hyperbolic_paraboloid,K,3042,0.010878317058086395,0.08731711655855179,0.012898318469524384,0.002051678570834073,True,0.05807735025882721,0.13116604089736938,0.6442654728889465,1.102245569229126,0.8683150410652161,1.1275299139932096,1.7949663987800257,1.8588954701143152,1.076429450881207,0.5246218962915824,0.8341090535720873,0.8793002462179608,0.8023607112945228,0.27869269251823425,0.2720000147819519,0.05000000074505806
20,11,4,hyperbolic_paraboloid,K+S,3042,0.010878317058086395,0.08731711655855179,0.012898318469524384,0.002051678570834073,True,0.05807735025882721,0.13116604089736938,0.6442654728889465,1.102245569229126,0.8683150410652161,1.1275299139932096,1.7949663987800257,1.8588954701143152,1.076429450881207,0.5246218962915824,0.8341090535720873,0.8793002462179608,0.8023607112945228,0.27869269251823425,0.2720000147819519,0.05000000074505806
20,11,4,hyperbolic_paraboloid,baseline,4042,0.003951819147914648,0.025980273261666298,0.008143851533532143,0.0006706473756242882,True,0.13231715559959412,0.1386410892009735,0.7530345320701599,1.2290538549423218,1.4947885274887085,1.2667988344800705,1.9296604503284802,2.0736170559064715,1.2593785266649948,0.5049323620808448,0.7987030145076845,0.9764794210362385,1.8713536325594269,0.25474151968955994,0.28200000524520874,0.06000000238418579
20,11,4,hyperbolic_paraboloid,K,4042,0.015887923538684845,0.028039120137691498,0.009178499691188335,0.0006706473756242882,True,0.12190860509872437,0.6032243967056274,0.7596752643585205,1.2135530710220337,1.476885199546814,1.2845660228274132,1.922256122935902,2.0581050358765514,1.2579128621413354,0.5082568050750055,0.7969466474677868,0.9491224742616845,1.8687728971866837,0.24859246611595154,0.28200000524520874,0.06000000238418579
20,11,4,hyperbolic_paraboloid,K+S,4042,0.015887923538684845,0.028039120137691498,0.009178499691188335,0.0006706473756242882,True,0.12190860509872437,0.6032243967056274,0.7596752643585205,1.2135530710220337,1.476885199546814,1.2845660228274132,1.922256122935902,2.0581050358765514,1.2579128621413354,0.5082568050750055,0.7969466474677868,0.9491224742616845,1.8687728971866837,0.24859246611595154,0.28200000524520874,0.06000000238418579
20,11,4,hyperbolic_paraboloid,baseline,5042,0.0065708644688129425,0.02342570759356022,0.0068945433013141155,0.0008625947785648433,True,0.15255001187324524,0.2379126101732254,0.7563163638114929,1.193162441253662,1.1102921962738037,1.2844895582932692,1.9042162455315959,1.838191779084908,0.7742120432366824,0.5347070530953032,0.7384103833650771,0.7627129960451963,0.8066013938773272,0.21964651346206665,0.2580000162124634,0.06599999964237213
20,11,4,hyperbolic_paraboloid,K,5042,0.008381394669413567,0.0167399849742651,0.005717286840081215,0.0008625947785648433,True,0.08641014248132706,0.17947939038276672,0.7694138288497925,1.2118560075759888,1.121826410293579,1.3067268790779534,1.9407571602571494,1.8639400984889778,0.8274623897564807,0.5758940724773984,0.7993515603474217,0.8321216855124434,0.8168414762909901,0.22750630974769592,0.2580000162124634,0.06599999964237213
20,11,4,hyperbolic_paraboloid,K+S,5042,0.008381394669413567,0.0167399849742651,0.005717286840081215,0.0008625947785648433,True,0.08641014248132706,0.17947939038276672,0.7694138288497925,1.2118560075759888,1.121826410293579,1.3067268790779534,1.9407571602571494,1.8639400984889778,0.8274623897564807,0.5758940724773984,0.7993515603474217,0.8321216855124434,0.8168414762909901,0.22750630974769592,0.2580000162124634,0.06599999964237213
20,11,4,hyperbolic_paraboloid,baseline,6042,0.006425527390092611,0.025848504155874252,0.00736524723470211,8.317603814330968e-05,True,0.1937611699104309,0.1513364464044571,0.19300372898578644,0.42255881428718567,0.5624397397041321,0.40827172233144615,0.7587890625,0.9297881967881146,0.7564453078186077,0.2119673832349832,0.29553910610041095,0.54327455875398,0.7539469969811518,0.2479247748851776,0.2720000147819519,0.06000000238418579
20,11,4,hyperbolic_paraboloid,K,6042,0.0033752743620425463,0.024847183376550674,0.008296319283545017,8.317603814330968e-05,True,0.15321046113967896,0.17585760354995728,0.18811161816120148,0.4002487063407898,0.5109380483627319,0.4048266641894101,0.7324513112466167,0.8816269145292395,0.7332457285354375,0.20924719003171996,0.2937055292665498,0.5293753957288333,0.7065805224403857,0.23679551482200623,0.2720000147819519,0.06000000238418579
20,11,4,hyperbolic_paraboloid,K+S,6042,0.0033752743620425463,0.024847183376550674,0.008296319283545017,8.317603814330968e-05,True,0.15321046113967896,0.17585760354995728,0.18811161816120148,0.4002487063407898,0.5109380483627319,0.4048266641894101,0.7324513112466167,0.8816269145292395,0.7332457285354375,0.20924719003171996,0.2937055292665498,0.5293753957288333,0.7065805224403857,0.23679551482200623,0.2720000147819519,0.06000000238418579
20,11,4,hyperbolic_paraboloid,baseline,7042,0.00792655535042286,0.05919475480914116,0.020812267437577248,0.0028849758885123515,True,0.10551734268665314,0.2168378382921219,0.5371726155281067,0.8176677227020264,0.9730366468429565,0.9439071453615432,1.5761431459978823,1.6216841803656683,0.7341293669293839,0.48033992319651997,0.6062158708394049,0.5767632992799182,0.5972911036507372,0.15059341490268707,0.2880000174045563,0.058000002056360245
20,11,4,hyperbolic_paraboloid,K,7042,0.011589964851737022,0.07614967972040176,0.019470693543553352,0.0028849758885123515,True,0.058346547186374664,0.21228986978530884,0.5296427011489868,0.8491834998130798,0.9874632954597473,0.9497867533814014,1.595213614103995,1.6531810760498047,0.6477882544973447,0.4369592195785186,0.5649714291536653,0.6016447060406008,0.6363227279245898,0.1552097052335739,0.2880000174045563,0.058000002056360245
20,11,4,hyperbolic_paraboloid,K+S,7042,0.011589964851737022,0.07614967972040176,0.019470693543553352,0.0028849758885123515,True,0.058346547186374664,0.21228986978530884,0.5296427011489868,0.8491834998130798,0.9874632954597473,0.9497867533814014,1.595213614103995,1.6531810760498047,0.6477882544973447,0.4369592195785186,0.5649714291536653,0.6016447060406008,0.6363227279245898,0.1552097052335739,0.2880000174045563,0.058000002056360245
20,11,4,hyperbolic_paraboloid,baseline,8042,0.0035925288684666157,0.02751675248146057,0.006610179785639048,0.0009519945491443981,True,0.14315897226333618,0.15214651823043823,0.5423656702041626,0.9385492205619812,1.0651124715805054,0.9381031308855329,1.582775828254668,1.6661631266276042,0.8806277913997734,0.4127056633709616,0.45836181150271815,0.8582633329776063,1.505212723877653,0.2245101034641266,0.27000001072883606,0.058000002056360245
20,11,4,hyperbolic_paraboloid,K,8042,0.0023403845261782408,0.02522623911499977,0.005654435604810715,0.0009519945491443981,True,0.05955396220088005,0.08423678576946259,0.5357269048690796,0.9593548774719238,1.1091476678848267,0.933420045035226,1.6086932297069503,1.702543357566551,0.965122963514762,0.40961679349862046,0.4701782973582974,0.9844280158000935,1.609917628068824,0.24680478870868683,0.27000001072883606,0.058000002056360245
20,11,4,hyperbolic_paraboloid,K+S,8042,0.0023403845261782408,0.02522623911499977,0.005654435604810715,0.0009519945491443981,True,0.05955396220088005,0.08423678576946259,0.5357269048690796,0.9593548774719238,1.1091476678848267,0.933420045035226,1.6086932297069503,1.702543357566551,0.965122963514762,0.40961679349862046,0.4701782973582974,0.9844280158000935,1.609917628068824,0.24680478870868683,0.27000001072883606,0.058000002056360245
20,11,4,hyperbolic_paraboloid,baseline,9042,0.00528894504532218,0.034277815371751785,0.008382742293179035,0.0002987419720739126,True,0.1749580055475235,0.27452102303504944,0.1979925036430359,0.3638741374015808,0.5038051605224609,0.4102938143692353,0.696665771484375,0.7838810589296598,0.5892520886426894,0.25755886341894096,0.26802408151260043,0.4848462029646861,0.7892630568567365,0.1537601500749588,0.28200000524520874,0.04400000348687172
20,11,4,hyperbolic_paraboloid,K,9042,0.004721175879240036,0.02859576605260372,0.00869253370910883,0.0002987419720739126,True,0.14547884464263916,0.16322298347949982,0.19461050629615784,0.352383017539978,0.4948124289512634,0.4056078536920085,0.7028466796875,0.7976570941032247,0.582866676497239,0.2940911350001668,0.26150201378183785,0.45973073001513626,0.7477786807781449,0.16768001019954681,0.28200000524520874,0.04400000348687172
20,11,4,hyperbolic_paraboloid,K+S,9042,0.004721175879240036,0.02859576605260372,0.00869253370910883,0.0002987419720739126,True,0.14547884464263916,0.16322298347949982,0.19461050629615784,0.352383017539978,0.4948124289512634,0.4056078536920085,0.7028466796875,0.7976570941032247,0.582866676497239,0.2940911350001668,0.26150201378183785,0.45973073001513626,0.7477786807781449,0.16768001019954681,0.28200000524520874,0.04400000348687172
20,201,99,paraboloid,baseline,42,0.1264287829399109,0.007557232864201069,0.00020585604943335056,0.013358677204568587,True,1.9865031242370605,6.820789813995361,0.6823225021362305,1.162613034248352,1.3463383913040161,1.2350365993440284,1.915949082912359,2.23033447265625,1.336448901074181,0.5740128722985013,0.8135052578851175,1.1477003706141005,1.9245654195642943,0.3399561643600464,0.2800000011920929,0.04200000315904617
20,201,99,paraboloid,K,42,0.14518053829669952,0.005728100426495075,0.00018151097174268216,0.013358677204568587,True,1.9393723011016846,5.84038782119751,0.6886783838272095,1.150512933731079,1.3096895217895508,1.2444312556549275,1.8666739786477913,2.0951160975864958,1.1813044505570027,0.6058940004296606,0.8424005212460348,1.1166718531691273,1.767250298396162,0.34197819232940674,0.2800000011920929,0.04200000315904617
20,201,99,paraboloid,K+S,42,0.14518053829669952,0.005728100426495075,0.00018151097174268216,0.013358677204568587,True,1.9393723011016846,5.84038782119751,0.6886783838272095,1.150512933731079,1.3096895217895508,1.2444312556549275,1.8666739786477913,2.0951160975864958,1.1813044505570027,0.6058940004296606,0.8424005212460348,1.1166718531691273,1.767250298396162,0.34197819232940674,0.2800000011920929,0.04200000315904617
20,201,99,paraboloid,baseline,1042,0.11061125248670578,0.006726386491209269,0.00016331775987055153,0.001415959341609063,True,1.5578593015670776,3.278698444366455,0.5071474313735962,0.6927033066749573,0.8779482245445251,0.9111813415663279,1.3998367706639172,1.5434855006685193,0.9285079377435116,0.5792482971567172,0.8369618410769512,0.8490719488952153,1.0478507698115032,0.18507792055606842,0.2980000078678131,0.06200000271201134
20,201,99,paraboloid,K,1042,0.0857025682926178,0.004591515753418207,0.00014497956726700068,0.001415959341609063,True,1.3584024906158447,2.510157346725464,0.49534282088279724,0.7003260254859924,0.9298256635665894,0.8751818140790298,1.3740665478334109,1.5401775180893456,0.9192936020974374,0.56656724823631,0.820894342546554,0.8338405202647823,1.0726829921078638,0.17294223606586456,0.2980000078678131,0.06200000271201134
20,201,99,paraboloid,K+S,1042,0.0857025682926178,0.004591515753418207,0.00014497956726700068,0.001415959341609063,True,1.3584024906158447,2.510157346725464,0.49534282088279724,0.7003260254859924,0.9298256635665894,0.8751818140790298,1.3740665478334109,1.5401775180893456,0.9192936020974374,0.56656724823631,0.820894342546554,0.8338405202647823,1.0726829921078638,0.17294223606586456,0.2980000078678131,0.06200000271201134
20,201,99,paraboloid,baseline,2042,0.1085200160741806,0.009077559225261211,0.00015591664123348892,0.004638217278380892,True,0.8383885622024536,2.006255865097046,0.32460519671440125,0.519465446472168,0.5479785203933716,0.5974175971851015,0.9350707039000496,0.9670015492833647,0.735693682997456,0.4178381421308666,0.5190604064154039,0.7587661695078601,0.6535419151002483,0.18094559013843536,0.26600000262260437,0.04800000041723251
20,201,99,paraboloid,K,2042,0.07705909758806229,0.006368063855916262,0.00013966471306048334,0.004638217278380892,True,0.8436002135276794,1.8146840333938599,0.24687227606773376,0.3735577166080475,0.4052055776119232,0.5592687506424753,0.809036375984313,0.851447772262688,0.6441779300960215,0.3319209217451279,0.3853951700162734,0.47332833897490645,0.4977908729386073,0.15828749537467957,0.26600000262260437,0.04800000041723251
20,201,99,paraboloid,K+S,2042,0.07705909758806229,0.006368063855916262,0.00013966471306048334,0.004638217278380892,True,0.8436002135276794,1.8146840333938599,0.24687227606773376,0.3735577166080475,0.4052055776119232,0.5592687506424753,0.809036375984313,0.851447772262688,0.6441779300960215,0.3319209217451279,0.3853951700162734,0.47332833897490645,0.4977908729386073,0.15828749537467957,0.26600000262260437,0.04800000041723251
20,201,99,paraboloid,baseline,3042,0.05041589215397835,0.012993383221328259,0.000105314924439881,0.0016994000370822737,True,0.7569735050201416,1.1850969791412354,0.2128673493862152,0.3455716073513031,0.4810839593410492,0.5337542684009493,0.7993973119934993,0.9810105492086971,0.6344298652798516,0.3484832102312373,0.35824806567204975,0.6209201597842338,0.963961592575927,0.2542072534561157,0.2720000147819519,0.05000000074505806
20,201,99,paraboloid,K,3042,0.0541057325899601,0.00915313046425581,0.00010077238403027877,0.0016994000370822737,True,0.7302556037902832,1.8308289051055908,0.2773408591747284,0.44153130054473877,0.6525185108184814,0.6438863208711544,0.9274583503381529,1.2375102323644303,0.9467368114780245,0.4741620415943835,0.4828433564993284,0.7842514492974486,1.1939000749372155,0.38248881697654724,0.2720000147819519,0.05000000074505806
20,201,99,paraboloid,K+S,3042,0.0541057325899601,0.00915313046425581,0.00010077238403027877,0.0016994000370822737,True,0.7302556037902832,1.8308289051055908,0.2773408591747284,0.44153130054473877,0.6525185108184814,0.6438863208711544,0.9274583503381529,1.2375102323644303,0.9467368114780245,0.4741620415943835,0.4828433564993284,0.7842514492974486,1.1939000749372155,0.38248881697654724,0.2720000147819519,0.05000000074505806
20,201,99,paraboloid,baseline,4042,0.05864609032869339,0.0020341603085398674,0.0003487277717795223,0.0013455173269433169,True,1.2875018119812012,2.0539090633392334,0.5395051836967468,0.7365369200706482,0.7729545831680298,0.8918054543451736,1.323133526426373,1.3433035992561502,0.4872366027672616,0.473124429821118,0.6880819881697962,0.38275403862054125,0.8461269523608225,0.1778748333454132,0.28200000524520874,0.06000000238418579
20,201,99,paraboloid,K,4042,0.05219066143035889,0.0024874035734683275,0.0002648476220201701,0.0013455173269433169,True,1.0481928586959839,2.119691848754883,0.5326942205429077,0.745448112487793,0.7970016598701477,0.9019290816499458,1.3359791148792615,1.3902622520500887,0.4957175118809526,0.47657340380400653,0.6473666539310691,0.4608696823966047,0.9017858390592194,0.19850540161132812,0.28200000524520874,0.06000000238418579
20,201,99,paraboloid,K+S,4042,0.05219066143035889,0.0024874035734683275,0.0002648476220201701,0.0013455173269433169,True,1.0481928586959839,2.119691848754883,0.5326942205429077,0.745448112487793,0.7970016598701477,0.9019290816499458,1.3359791148792615,1.3902622520500887,0.4957175118809526,0.47657340380400653,0.6473666539310691,0.4608696823966047,0.9017858390592194,0.19850540161132812,0.28200000524520874,0.06000000238418579
20,201,99,paraboloid,baseline,5042,0.05371537804603577,0.005116138607263565,0.00013278225378599018,0.0006905750403949871,True,1.138023018836975,2.3864102363586426,0.5693093538284302,0.8185416460037231,0.6987756490707397,1.0137414953210853,1.4631046984908325,1.313076285428779,0.524578339959608,0.4386352707341337,0.5667244401107434,0.5188787870515917,0.6048870301405438,0.1690426617860794,0.2580000162124634,0.06599999964237213
20,201,99,paraboloid,K,5042,0.07870263606309891,0.004193831235170364,0.00013598856457974762,0.0006905750403949871,True,1.0886316299438477,2.015486717224121,0.5839108228683472,0.8440647125244141,0.7712849974632263,1.0758531507554945,1.5456017075429542,1.4033877350563226,0.742297749169137,0.4642820212329657,0.598598295535834,0.5654746184804085,0.8426505974120225,0.20064498484134674,0.2580000162124634,0.06599999964237213
20,201,99,paraboloid,K+S,5042,0.07870263606309891,0.004193831235170364,0.00013598856457974762,0.0006905750403949871,True,1.0886316299438477,2.015486717224121,0.5839108228683472,0.8440647125244141,0.7712849974632263,1.0758531507554945,1.5456017075429542,1.4033877350563226,0.742297749169137,0.4642820212329657,0.598598295535834,0.5654746184804085,0.8426505974120225,0.20064498484134674,0.2580000162124634,0.06599999964237213
20,201,99,paraboloid,baseline,6042,0.034784186631441116,0.0037665877025574446,3.9921880670590326e-05,0.00043739489654996504,True,1.457233190536499,1.6102874279022217,0.2004036009311676,0.35446274280548096,0.3893453776836395,0.4485883334659795,0.7115712804118479,0.8358244054457721,0.6620238495635147,0.2648078804144371,0.3062930705064694,0.4636771325165861,0.5861077209749251,0.15421533584594727,0.2720000147819519,0.06000000238418579
20,201,99,paraboloid,K,6042,0.03619891405105591,0.0038660706486552954,4.958027057000436e-05,0.00043739489654996504,True,1.1420080661773682,1.9685393571853638,0.2380082756280899,0.36553630232810974,0.3911930322647095,0.6265245345195485,0.8349250132643332,0.9797003128949333,0.8883251209054047,0.502065074111233,0.5179245015386502,0.6468292925017858,0.7231339822429459,0.22501105070114136,0.2720000147819519,0.06000000238418579
20,201,99,paraboloid,K+S,6042,0.03619891405105591,0.0038660706486552954,4.958027057000436e-05,0.00043739489654996504,True,1.1420080661773682,1.9685393571853638,0.2380082756280899,0.36553630232810974,0.3911930322647095,0.6265245345195485,0.8349250132643332,0.9797003128949333,0.8883251209054047,0.502065074111233,0.5179245015386502,0.6468292925017858,0.7231339822429459,0.22501105070114136,0.2720000147819519,0.06000000238418579
20,201,99,paraboloid,baseline,7042,0.13200132548809052,0.19131618738174438,0.00030212890123948455,0.0021706610473234264,True,0.6716541051864624,1.3780691623687744,0.5736685991287231,0.8716530799865723,1.0046054124832153,1.0212095823582048,1.5537572169041896,1.5190177493625217,0.8515960354282458,0.5895526286521297,0.7551478061922352,0.8253931144664525,1.1455924425655581,0.2663884162902832,0.2880000174045563,0.058000002056360245
20,201,99,paraboloid,K,7042,0.13163486123085022,0.24054960906505585,0.00024090030638035387,0.0021706610473234264,True,0.5667129755020142,1.4994038343429565,0.5524210929870605,0.8399631381034851,0.9146385788917542,1.0237943674499244,1.5037607046274037,1.5218550364176433,0.9762594002725502,0.5886835828669459,0.7269209832048793,0.7661693364968931,0.9926033774580311,0.3660927712917328,0.2880000174045563,0.058000002056360245
20,201,99,paraboloid,K+S,7042,0.13163486123085022,0.24054960906505585,0.00024090030638035387,0.0021706610473234264,True,0.5667129755020142,1.4994038343429565,0.5524210929870605,0.8399631381034851,0.9146385788917542,1.0237943674499244,1.5037607046274037,1.5218550364176433,0.9762594002725502,0.5886835828669459,0.7269209832048793,0.7661693364968931,0.9926033774580311,0.3660927712917328,0.2880000174045563,0.058000002056360245
20,201,99,paraboloid,baseline,8042,0.04850300773978233,0.05976203456521034,0.00045125852921046317,0.002056757164238697,True,1.1370482444763184,1.7477977275848389,0.360417902469635,1.2318801879882812,1.9373631477355957,0.7135477066040039,2.31160448003112,3.8718419958043984,4.22811328180099,0.46339435742829266,0.9374123247528415,2.33943070546824,3.842353025805004,0.6624129414558411,0.27000001072883606,0.058000002056360245
20,201,99,paraboloid,K,8042,0.07398801296949387,0.054039712995290756,0.0003393693477846682,0.002056757164238697,True,1.1451328992843628,2.4568800926208496,0.3391619324684143,1.0851447582244873,1.6643248796463013,0.713622910635812,1.981857363119165,3.245591453269676,3.230734383601081,0.41726264914652855,0.6912895416639209,1.7651579259575696,2.9949077036585683,0.642882227897644,0.27000001072883606,0.058000002056360245
20,201,99,paraboloid,K+S,8042,0.07398801296949387,0.054039712995290756,0.0003393693477846682,0.002056757164238697,True,1.1451328992843628,2.4568800926208496,0.3391619324684143,1.0851447582244873,1.6643248796463013,0.713622910635812,1.981857363119165,3.245591453269676,3.230734383601081,0.41726264914652855,0.6912895416639209,1.7651579259575696,2.9949077036585683,0.642882227897644,0.27000001072883606,0.058000002056360245
20,201,99,paraboloid,baseline,9042,0.05555783957242966,0.002891509560868144,0.0001545039558550343,0.0013223859801221249,True,1.129876732826233,1.1608660221099854,0.7682400345802307,1.0494756698608398,1.0394662618637085,1.3426790615535518,1.6800523681640624,1.7528116212668994,0.5299184369787523,0.688191950754504,0.8297321289179107,0.8603338267893843,0.7299646595640308,0.15867750346660614,0.28200000524520874,0.04400000348687172
20,201,99,paraboloid,K,9042,0.0421602763235569,0.004716884810477495,0.00010224644938716665,0.0013223859801221249,True,0.8185667395591736,1.0019620656967163,0.7682352662086487,1.0342464447021484,1.0174318552017212,1.338014308576542,1.6527606201171876,1.7289282616148605,0.6058721712989472,0.5903307594124249,0.7420587593041361,0.7470503707975595,0.6276012863309889,0.150118887424469,0.28200000524520874,0.04400000348687172
20,201,99,paraboloid,K+S,9042,0.0421602763235569,0.004716884810477495,0.00010224644938716665,0.0013223859801221249,True,0.8185667395591736,1.0019620656967163,0.7682352662086487,1.0342464447021484,1.0174318552017212,1.338014308576542,1.6527606201171876,1.7289282616148605,0.6058721712989472,0.5903307594124249,0.7420587593041361,0.7470503707975595,0.6276012863309889,0.150118887424469,0.28200000524520874,0.04400000348687172
20,201,99,hyperbolic_paraboloid,baseline,42,0.19496548175811768,0.0022256034426391125,0.00026135501684620976,0.0024104288857967698,True,1.8318164348602295,6.57065486907959,0.6194698214530945,1.2764686346054077,2.4763288497924805,1.130945150464574,2.223094280501057,3.429512677873884,3.7087064986327425,0.70867529282059,1.0045200979127547,2.208350351404452,4.486151267982735,0.42094701528549194,0.2800000011920929,0.04200000315904617
20,201,99,hyperbolic_paraboloid,K,42,0.11126849055290222,0.0032731567043811083,0.00021295064652804285,0.0024104288857967698,True,1.632678747177124,4.994665145874023,0.5645001530647278,0.9270813465118408,0.8712109327316284,1.0270243009639477,1.624012423637218,1.737900652204241,0.9278221811603419,0.5358217724289767,0.7130039803318753,0.9952210322487156,0.9468200639480194,0.24713134765625,0.2800000011920929,0.04200000315904617
20,201,99,hyperbolic_paraboloid,K+S,42,0.11126849055290222,0.0032731567043811083,0.00021295064652804285,0.0024104288857967698,True,1.632678747177124,4.994665145874023,0.5645001530647278,0.9270813465118408,0.8712109327316284,1.0270243009639477,1.624012423637218,1.737900652204241,0.9278221811603419,0.5358217724289767,0.7130039803318753,0.9952210322487156,0.9468200639480194,0.24713134765625,0.2800000011920929,0.04200000315904617
20,201,99,hyperbolic_paraboloid,baseline,1042,0.04145238548517227,0.004474184941500425,7.281500438693911e-05,0.002009570153791513,True,0.7784715890884399,1.3207287788391113,0.6177319288253784,0.8784967064857483,0.8890657424926758,1.0382653727032294,1.5573202934406947,1.6011943433108746,0.7062656164326109,0.46219219412578944,0.6415094006640003,0.5529914269794123,0.6308661654522252,0.1148872971534729,0.2980000078678131,0.06200000271201134
20,201,99,hyperbolic_paraboloid,K,1042,0.07356210798025131,0.003923438023775816,7.361062307609245e-05,0.002009570153791513,True,0.7400715947151184,1.2953746318817139,0.6269606351852417,0.905127763748169,0.9227492213249207,1.0600363002853563,1.6042743668680297,1.6465647652645239,0.7374610271577228,0.481208880430657,0.6531942237997862,0.5991396122223528,0.6705319057643117,0.12512868642807007,0.2980000078678131,0.06200000271201134
20,201,99,hyperbolic_paraboloid,K+S,1042,0.07356210798025131,0.003923438023775816,7.361062307609245e-05,0.002009570153791513,True,0.7400715947151184,1.2953746318817139,0.6269606351852417,0.905127763748169,0.9227492213249207,1.0600363002853563,1.6042743668680297,1.6465647652645239,0.7374610271577228,0.481208880430657,0.6531942237997862,0.5991396122223528,0.6705319057643117,0.12512868642807007,0.2980000078678131,0.06200000271201134
20,201,99,hyperbolic_paraboloid,baseline,2042,0.2088414430618286,0.0034346613101661205,6.864388706162572e-05,0.001082668479402267,True,0.7812527418136597,1.8509331941604614,0.25143539905548096,0.3909357488155365,0.40877240896224976,0.5351003680312842,0.833273206438337,0.9094288187815731,0.6435683641544359,0.3392077461165475,0.33492299779989715,0.5318110303427587,0.49943467804915853,0.21353192627429962,0.26600000262260437,0.04800000041723251
20,201,99,hyperbolic_paraboloid,K,2042,0.05688706412911415,0.004046198446303606,6.55619878671132e-05,0.001082668479402267,True,0.6887097954750061,1.93386971950531,0.21609795093536377,0.3775455951690674,0.38083815574645996,0.518115194220292,0.8321936471121651,0.8821595270830885,0.5977524950727989,0.3213386683737483,0.33754564252555935,0.5189150260497897,0.4723333564192731,0.20671634376049042,0.26600000262260437,0.04800000041723251
20,201,99,hyperbolic_paraboloid,K+S,2042,0.05688706412911415,0.004046198446303606,6.55619878671132e-05,0.001082668479402267,True,0.6887097954750061,1.93386971950531,0.21609795093536377,0.3775455951690674,0.38083815574645996,0.518115194220292,0.8321936471121651,0.8821595270830885,0.5977524950727989,0.3213386683737483,0.33754564252555935,0.5189150260497897,0.4723333564192731,0.20671634376049042,0.26600000262260437,0.04800000041723251
20,201,99,hyperbolic_paraboloid,baseline,3042,0.021886922419071198,0.006874235346913338,0.00014794422895647585,0.0017689510957518621,True,0.48347240686416626,0.9571240544319153,0.6258843541145325,1.1651523113250732,1.120402216911316,1.223477044285269,1.9119157933477144,1.9907253489774817,1.4440912196342348,0.7011709000442307,0.8639849540437546,1.4534150668387131,1.8694851102447727,0.20277197659015656,0.2720000147819519,0.05000000074505806
20,201,99,hyperbolic_paraboloid,K,3042,0.030782831832766533,0.0043023740872740746,0.0002512820647098124,0.0017689510957518621,True,0.5931065082550049,2.0370826721191406,0.6450304388999939,1.2585132122039795,1.259867548942566,1.3010697798295454,2.0653595426189364,2.095258824965533,1.5233881326734664,0.7585667861362159,1.0333786626573227,1.7713044825024304,2.0380797994655566,0.25355905294418335,0.2720000147819519,0.05000000074505806
20,201,99,hyperbolic_paraboloid,K+S,3042,0.030782831832766533,0.0043023740872740746,0.0002512820647098124,0.0017689510957518621,True,0.5931065082550049,2.0370826721191406,0.6450304388999939,1.2585132122039795,1.259867548942566,1.3010697798295454,2.0653595426189364,2.095258824965533,1.5233881326734664,0.7585667861362159,1.0333786626573227,1.7713044825024304,2.0380797994655566,0.25355905294418335,0.2720000147819519,0.05000000074505806
20,201,99,hyperbolic_paraboloid,baseline,4042,0.029048148542642593,0.004115683492273092,3.600668060244061e-05,0.001540585240321373,True,0.5718794465065002,0.9224059581756592,0.5312217473983765,0.7788842916488647,0.7989292740821838,0.9335957359595309,1.4031887632427793,1.425347294367797,0.5367674118114751,0.3638795591570941,0.5019821700400793,0.5521926466471933,0.8363782522901987,0.22510825097560883,0.28200000524520874,0.06000000238418579
20,201,99,hyperbolic_paraboloid,K,4042,0.028961343690752983,0.0038557795342057943,3.3067797630792484e-05,0.001540585240321373,True,0.5226387977600098,0.7171789407730103,0.527536928653717,0.7772117853164673,0.810857355594635,0.9433748654843411,1.4075463034889915,1.4336117142481162,0.5334978022463899,0.36316323347294516,0.4810489121219677,0.5476223772662255,0.8503679909451606,0.22442752122879028,0.28200000524520874,0.06000000238418579
20,201,99,hyperbolic_paraboloid,K+S,4042,0.028961343690752983,0.0038557795342057943,3.3067797630792484e-05,0.001540585240321373,True,0.5226387977600098,0.7171789407730103,0.527536928653717,0.7772117853164673,0.810857355594635,0.9433748654843411,1.4075463034889915,1.4336117142481162,0.5334978022463899,0.36316323347294516,0.4810489121219677,0.5476223772662255,0.8503679909451606,0.22442752122879028,0.28200000524520874,0.06000000238418579
20,201,99,hyperbolic_paraboloid,baseline,5042,0.08108477294445038,0.003820423735305667,9.459030843572691e-05,0.0006532233894167848,True,0.8647288680076599,2.258061408996582,0.6002449989318848,0.836449384689331,0.6951513886451721,1.0833151345724588,1.553826926819073,1.4048678375953851,0.5826614958346392,0.5030182849450708,0.6071328432573402,0.5427586120886392,0.5591776956930492,0.18752384185791016,0.2580000162124634,0.06599999964237213
20,201,99,hyperbolic_paraboloid,K,5042,0.05232890695333481,0.003088813042268157,9.22296749195084e-05,0.0006532233894167848,True,0.8933534622192383,2.8370518684387207,0.581982433795929,0.8194091320037842,0.7398343086242676,1.0681324047046703,1.573804792002998,1.4493235506752664,0.6174923897314285,0.41863643757506275,0.5155232448979246,0.416812415421971,0.7168020884951299,0.16509287059307098,0.2580000162124634,0.06599999964237213
20,201,99,hyperbolic_paraboloid,K+S,5042,0.05232890695333481,0.003088813042268157,9.22296749195084e-05,0.0006532233894167848,True,0.8933534622192383,2.8370518684387207,0.581982433795929,0.8194091320037842,0.7398343086242676,1.0681324047046703,1.573804792002998,1.4493235506752664,0.6174923897314285,0.41863643757506275,0.5155232448979246,0.416812415421971,0.7168020884951299,0.16509287059307098,0.2580000162124634,0.06599999964237213
20,201,99,hyperbolic_paraboloid,baseline,6042,0.01848895475268364,0.0024063740856945515,3.635534449131228e-05,0.002306826227339939,True,0.8680666089057922,0.9286857843399048,0.542769193649292,0.8354094624519348,0.7946667075157166,0.974980829045636,1.5858858363834891,1.4968932656680836,0.921092890146318,0.4268543505964529,0.5707595764135857,0.8620523515593684,0.7595761740391235,0.16307424008846283,0.2720000147819519,0.06000000238418579
20,201,99,hyperbolic_paraboloid,K,6042,0.023477595299482346,0.0025095692835748196,3.4460448659956455e-05,0.002306826227339939,True,0.8780690431594849,1.0058958530426025,0.5675671100616455,0.894789457321167,0.8793634176254272,1.045880153840859,1.7007105068897639,1.6625509823069853,1.1310941442203435,0.5512836936253965,0.7091937510776887,1.0530138697781546,0.9801460535504322,0.2209128737449646,0.2720000147819519,0.06000000238418579
20,201,99,hyperbolic_paraboloid,K+S,6042,0.023477595299482346,0.0025095692835748196,3.4460448659956455e-05,0.002306826227339939,True,0.8780690431594849,1.0058958530426025,0.5675671100616455,0.894789457321167,0.8793634176254272,1.045880153840859,1.7007105068897639,1.6625509823069853,1.1310941442203435,0.5512836936253965,0.7091937510776887,1.0530138697781546,0.9801460535504322,0.2209128737449646,0.2720000147819519,0.06000000238418579
20,201,99,hyperbolic_paraboloid,baseline,7042,0.18983767926692963,0.26499709486961365,0.0003986719239037484,0.002265660175636633,True,0.8879978656768799,4.893185138702393,0.44900333881378174,1.0109819173812866,1.8480960130691528,0.9271777989055616,1.742596189617674,2.856572045220269,3.551656651016967,0.4924865846369994,0.6840721703709931,1.9152175974792658,3.753305034913461,0.30734193325042725,0.2880000174045563,0.058000002056360245
20,201,99,hyperbolic_paraboloid,K,7042,0.041499584913253784,0.1319609135389328,0.00016398985462728888,0.002265660175636633,True,0.6026511788368225,1.2222638130187988,0.41846784949302673,0.7594205141067505,1.0352386236190796,0.8295789542177175,1.3652498014680632,1.6548144022623699,1.742128918489185,0.32302433833495564,0.4914809254058277,1.0543456879183148,1.8343409861559776,0.17166922986507416,0.2880000174045563,0.058000002056360245
20,201,99,hyperbolic_paraboloid,K+S,7042,0.041499584913253784,0.1319609135389328,0.00016398985462728888,0.002265660175636633,True,0.6026511788368225,1.2222638130187988,0.41846784949302673,0.7594205141067505,1.0352386236190796,0.8295789542177175,1.3652498014680632,1.6548144022623699,1.742128918489185,0.32302433833495564,0.4914809254058277,1.0543456879183148,1.8343409861559776,0.17166922986507416,0.2880000174045563,0.058000002056360245
20,201,99,hyperbolic_paraboloid,baseline,8042,0.04455569013953209,0.005010319408029318,0.00014798110350966454,0.0012584119590360726,True,0.950306236743927,2.1490817070007324,0.3974500596523285,0.6274559497833252,0.6511685848236084,0.8961815152849469,1.1640260308609958,1.178101490162037,0.9603758569976062,0.39011499969277985,0.4401712441725766,0.5632387159682737,0.9775519342753456,0.2720916271209717,0.27000001072883606,0.058000002056360245
20,201,99,hyperbolic_paraboloid,K,8042,0.03855137526988983,0.006081475410610437,0.00013463757932186127,0.0012584119590360726,True,0.817302405834198,2.4618659019470215,0.4195718467235565,0.67917400598526,0.6970502734184265,0.8232554708208356,1.2062627388728604,1.3042232937282987,1.0099337908579407,0.4585042392375311,0.5154514577613475,0.684386200677365,0.8921619453320403,0.20205317437648773,0.27000001072883606,0.058000002056360245
20,201,99,hyperbolic_paraboloid,K+S,8042,0.03855137526988983,0.006081475410610437,0.00013463757932186127,0.0012584119590360726,True,0.817302405834198,2.4618659019470215,0.4195718467235565,0.67917400598526,0.6970502734184265,0.8232554708208356,1.2062627388728604,1.3042232937282987,1.0099337908579407,0.4585042392375311,0.5154514577613475,0.684386200677365,0.8921619453320403,0.20205317437648773,0.27000001072883606,0.058000002056360245
20,201,99,hyperbolic_paraboloid,baseline,9042,0.0409221351146698,0.0017723969649523497,8.608282951172441e-05,0.0011048523792579993,True,0.8677297830581665,1.8108083009719849,0.8079336881637573,1.0610982179641724,1.145922064781189,1.3683920704845816,1.67990478515625,1.807898555241578,0.7122464661461811,0.6121233409311146,0.7926276046403352,0.8096092929873933,0.8348473024892268,0.17877896130084991,0.28200000524520874,0.04400000348687172
20,201,99,hyperbolic_paraboloid,K,9042,0.037422217428684235,0.0026653949171304703,6.071689131204039e-05,0.0011048523792579993,True,0.7827764749526978,1.3229039907455444,0.7866373062133789,1.0414012670516968,1.137676477432251,1.3503151780183096,1.63294873046875,1.7776684050864362,0.6916667717802623,0.4880038073737949,0.6361326751975077,0.6483080182477925,0.8476288419079179,0.17329858243465424,0.28200000524520874,0.04400000348687172
20,201,99,hyperbolic_paraboloid,K+S,9042,0.037422217428684235,0.0026653949171304703,6.071689131204039e-05,0.0011048523792579993,True,0.7827764749526978,1.3229039907455444,0.7866373062133789,1.0414012670516968,1.137676477432251,1.3503151780183096,1.63294873046875,1.7776684050864362,0.6916667717802623,0.4880038073737949,0.6361326751975077,0.6483080182477925,0.8476288419079179,0.17329858243465424,0.28200000524520874,0.04400000348687172
50,11,4,paraboloid,baseline,42,0.012427709065377712,0.04247955232858658,0.014537951909005642,0.0014073972336270592,True,0.11522459238767624,0.1782475709915161,0.1665787249803543,0.3258024752140045,0.48231539130210876,0.38968653349674626,0.6696885187823073,0.8701899937220983,0.5548856415875248,0.25043241943508837,0.30596282583077866,0.4094176295966143,0.5707103190303249,0.3205355405807495,0.2800000011920929,0.04200000315904617
50,11,4,paraboloid,K,42,0.00796239823102951,0.028980211354792118,0.00918086851015687,0.0014073972336270592,True,0.041900888085365295,0.13489466905593872,0.16729913651943207,0.3370341658592224,0.5095517635345459,0.3838353486262876,0.6965097413027197,0.9286319187709263,0.6438025539072775,0.263483411535153,0.34539989166205215,0.4818466618609966,0.6443853480131122,0.3463163673877716,0.2800000011920929,0.04200000315904617
50,11,4,paraboloid,K+S,42,0.00796239823102951,0.028980211354792118,0.00918086851015687,0.0014073972336270592,True,0.041900888085365295,0.13489466905593872,0.16729913651943207,0.3370341658592224,0.5095517635345459,0.3838353486262876,0.6965097413027197,0.9286319187709263,0.6438025539072775,0.263483411535153,0.34539989166205215,0.4818466618609966,0.6443853480131122,0.3463163673877716,0.2800000011920929,0.04200000315904617
50,11,4,paraboloid,baseline,1042,0.0035024723038077354,0.03666481375694275,0.009698874317109585,0.0004836001264100725,True,0.15687356889247894,0.15660081803798676,0.5503636598587036,0.9335149526596069,1.0491470098495483,0.9335357054304705,1.6910181435510572,1.9408069584993708,1.1438781054609484,0.510621410379291,0.7475781701442451,1.0054647107910706,1.1887371438740582,0.3097173869609833,0.2980000078678131,0.06200000271201134
50,11,4,paraboloid,K,1042,0.009645827114582062,0.03719066642224789,0.007897790055721998,0.0004836001264100725,True,0.10553979873657227,0.07679947465658188,0.5502881407737732,0.9296245574951172,1.0588339567184448,0.9338018676485941,1.664228815128369,1.9274304281145134,1.121846154068119,0.4871065137351897,0.7156492844851148,0.9699209976258163,1.222144540238177,0.3090515732765198,0.2980000078678131,0.06200000271201134
50,11,4,paraboloid,K+S,1042,0.009645827114582062,0.03719066642224789,0.007897790055721998,0.0004836001264100725,True,0.10553979873657227,0.07679947465658188,0.5502881407737732,0.9296245574951172,1.0588339567184448,0.9338018676485941,1.664228815128369,1.9274304281145134,1.121846154068119,0.4871065137351897,0.7156492844851148,0.9699209976258163,1.222144540238177,0.3090515732765198,0.2980000078678131,0.06200000271201134
50,11,4,paraboloid,baseline,2042,0.006672416580840945,0.040272888727486134,0.012114592362195253,0.0009673235260627487,True,0.12769928574562073,0.20402821898460388,0.5122023224830627,1.0104044675827026,0.8730367422103882,0.8785442553068462,1.617830548967634,1.7809026044114191,1.181734614947437,0.4449827047554902,0.6770982269140245,1.1705972441901755,1.286105583132464,0.3279738426208496,0.26600000262260437,0.04800000041723251
50,11,4,paraboloid,K,2042,0.004382434068247676,0.02686226274818182,0.00555696920491755,0.0009673235260627487,True,0.04685993120074272,0.049892690032720566,0.5144926309585571,1.0381948947906494,0.8906350135803223,0.8811166328296327,1.7282378181578621,1.9788129992951127,1.5402671226093674,0.4711478255496607,0.7466667983249745,1.3391883808329685,1.5771913504888924,0.395221084356308,0.26600000262260437,0.04800000041723251
50,11,4,paraboloid,K+S,2042,0.004382434068247676,0.02686226274818182,0.00555696920491755,0.0009673235260627487,True,0.04685993120074272,0.049892690032720566,0.5144926309585571,1.0381948947906494,0.8906350135803223,0.8811166328296327,1.7282378181578621,1.9788129992951127,1.5402671226093674,0.4711478255496607,0.7466667983249745,1.3391883808329685,1.5771913504888924,0.395221084356308,0.26600000262260437,0.04800000041723251
50,11,4,paraboloid,baseline,3042,0.003103680210188031,0.04289234057068825,0.03145083971321583,0.0011863987892866135,True,0.03677091747522354,0.03030400723218918,0.45078223943710327,0.7913839221000671,0.831276535987854,0.8714274133652646,1.3157875858136077,1.5624526528751148,1.006986014313235,0.5239979192902912,0.6119008370227563,1.1242516649292973,1.5149630817787365,0.21470998227596283,0.2720000147819519,0.05000000074505806
50,11,4,paraboloid,K,3042,0.004265699768438935,0.05639001540839672,0.031131388619542122,0.0011863987892866135,True,0.030525535345077515,0.030091557651758194,0.4446721374988556,0.7749470472335815,0.8373404741287231,0.8756041939136987,1.3234289368586754,1.5802553962258732,1.0495165595180278,0.5261924425023633,0.6206129958180832,1.1319024556423123,1.5500838210914154,0.21994726359844208,0.2720000147819519,0.05000000074505806
50,11,4,paraboloid,K+S,3042,0.004265699768438935,0.05639001540839672,0.031131388619542122,0.0011863987892866135,True,0.030525535345077515,0.030091557651758194,0.4446721374988556,0.7749470472335815,0.8373404741287231,0.8756041939136987,1.3234289368586754,1.5802553962258732,1.0495165595180278,0.5261924425023633,0.6206129958180832,1.1319024556423123,1.5500838210914154,0.21994726359844208,0.2720000147819519,0.05000000074505806
50,11,4,paraboloid,baseline,4042,0.010395112447440624,0.10524992924183607,0.04601105488836765,0.001909748227758841,True,0.18815910816192627,0.4395429491996765,0.44069308042526245,0.8495437502861023,1.3897391557693481,0.7473933619170282,1.409620342832623,1.8731325839428192,1.5582052004960412,0.40477653305007577,0.609478967738353,1.092425627531089,2.21185543563654,0.27256110310554504,0.28200000524520874,0.06000000238418579
50,11,4,paraboloid,K,4042,0.011803000466898084,0.1501991767436266,0.019173639360815287,0.001909748227758841,True,0.08334311097860336,0.20732177793979645,0.5560668706893921,0.9237540364265442,1.4113349914550781,0.939320198108731,1.6415867660984849,2.1278801234901374,1.8241868313289287,0.5156162008671171,0.8166659405298059,1.220999873933717,2.3493684851835255,0.36149337887763977,0.28200000524520874,0.06000000238418579
50,11,4,paraboloid,K+S,4042,0.011803000466898084,0.1501991767436266,0.019173639360815287,0.001909748227758841,True,0.08334311097860336,0.20732177793979645,0.5560668706893921,0.9237540364265442,1.4113349914550781,0.939320198108731,1.6415867660984849,2.1278801234901374,1.8241868313289287,0.5156162008671171,0.8166659405298059,1.220999873933717,2.3493684851835255,0.36149337887763977,0.28200000524520874,0.06000000238418579
50,11,4,paraboloid,baseline,5042,0.010941100772470236,0.030361569486558437,0.014222198631614447,0.0007564984261989594,True,0.13173708319664001,0.284219890832901,0.5149376392364502,0.9464839100837708,1.0928888320922852,0.9053691486735921,1.5645943391806965,1.7335671121759932,1.2112029719223656,0.6067980394051106,0.7413819909169899,1.0574376154901244,1.3953601040571075,0.37812739610671997,0.2580000162124634,0.06599999964237213
50,11,4,paraboloid,K,5042,0.007219510385766625,0.03298820089548826,0.008684862405061722,0.0007564984261989594,True,0.04608512669801712,0.09222157299518585,0.5164198279380798,0.9609012603759766,1.1041109561920166,0.909689699948489,1.6036036867937038,1.786037238069283,1.3064871185870444,0.6432958592580467,0.7991234284398685,1.161282678063958,1.443575918808708,0.4024723172187805,0.2580000162124634,0.06599999964237213
50,11,4,paraboloid,K+S,5042,0.007219510385766625,0.03298820089548826,0.008684862405061722,0.0007564984261989594,True,0.04608512669801712,0.09222157299518585,0.5164198279380798,0.9609012603759766,1.1041109561920166,0.909689699948489,1.6036036867937038,1.786037238069283,1.3064871185870444,0.6432958592580467,0.7991234284398685,1.161282678063958,1.443575918808708,0.4024723172187805,0.2580000162124634,0.06599999964237213
50,11,4,paraboloid,baseline,6042,0.002121339668519795,0.02369602769613266,0.007084975251927972,0.000799606554210186,True,0.04886551573872566,0.04107280820608139,0.5267094969749451,0.9675484895706177,1.180640459060669,0.9272474381367015,1.736541748046875,1.8966410019818474,1.381727812490832,0.5704845689651523,0.8832505764152779,1.1651720012665525,1.5519006425324244,0.3892483711242676,0.2720000147819519,0.06000000238418579
50,11,4,paraboloid,K,6042,0.004819567780941725,0.028648773673921824,0.008037633262574673,0.000799606554210186,True,0.04559365659952164,0.16347002983093262,0.5286911129951477,0.9607101082801819,1.193097710609436,0.9285334784553965,1.7314198411355808,1.9099433001349955,1.4361546066915247,0.5687947059456299,0.8812718688646757,1.1633709526907103,1.6831457900708542,0.38889265060424805,0.2720000147819519,0.06000000238418579
50,11,4,paraboloid,K+S,6042,0.004819567780941725,0.028648773673921824,0.008037633262574673,0.000799606554210186,True,0.04559365659952164,0.16347002983093262,0.5286911129951477,0.9607101082801819,1.193097710609436,0.9285334784553965,1.7314198411355808,1.9099433001349955,1.4361546066915247,0.5687947059456299,0.8812718688646757,1.1633709526907103,1.6831457900708542,0.38889265060424805,0.2720000147819519,0.06000000238418579
50,11,4,paraboloid,baseline,7042,0.013702739961445332,0.08887849375605583,0.03057282604277134,0.0006314328533004631,True,0.08127029240131378,0.1940939873456955,0.5094868540763855,0.8901863098144531,0.9698548316955566,0.8908500503338381,1.5154987936054831,1.648769908481174,0.6902374078971467,0.6063236512733065,0.809855313726781,0.8295613669337241,0.7917291248224032,0.2836119830608368,0.2880000174045563,0.058000002056360245
50,11,4,paraboloid,K,7042,0.0065915684681385756,0.10464993491768837,0.015928948298096657,0.0006314328533004631,True,0.03676964342594147,0.05613446235656738,0.5179207921028137,0.9464811682701111,1.0351799726486206,0.8979523780587486,1.6168760642027245,1.8204095628526475,1.0683093379869866,0.6654766069127703,0.9161408518772509,1.0859226686296852,1.0711326231887555,0.34643787145614624,0.2880000174045563,0.058000002056360245
50,11,4,paraboloid,K+S,7042,0.0065915684681385756,0.10464993491768837,0.015928948298096657,0.0006314328533004631,True,0.03676964342594147,0.05613446235656738,0.5179207921028137,0.9464811682701111,1.0351799726486206,0.8979523780587486,1.6168760642027245,1.8204095628526475,1.0683093379869866,0.6654766069127703,0.9161408518772509,1.0859226686296852,1.0711326231887555,0.34643787145614624,0.2880000174045563,0.058000002056360245
50,11,4,paraboloid,baseline,8042,0.004044897970743477,0.10149024426937103,0.04778267815709114,0.0015831274742429907,True,0.111635223031044,0.10912513732910156,0.3931490480899811,0.7025914788246155,0.7756717205047607,0.7228689193725586,1.1878864715702802,1.2416628237123843,0.515413765501223,0.4440452810323035,0.5336986324871608,0.9274204612201586,1.4135183340001993,0.1625840961933136,0.27000001072883606,0.058000002056360245
50,11,4,paraboloid,K,8042,0.008159285876899958,0.13926182314753532,0.043110767379403114,0.0015831274742429907,True,0.06413890421390533,0.1461784690618515,0.3913273513317108,0.7054628133773804,0.8209680914878845,0.7263202667236328,1.2085039447452022,1.3278849283854166,0.6125500242662149,0.44349027245372696,0.5438241726702868,0.9677155570727956,1.4429660617408846,0.1799437403678894,0.27000001072883606,0.058000002056360245
50,11,4,paraboloid,K+S,8042,0.008159285876899958,0.13926182314753532,0.043110767379403114,0.0015831274742429907,True,0.06413890421390533,0.1461784690618515,0.3913273513317108,0.7054628133773804,0.8209680914878845,0.7263202667236328,1.2085039447452022,1.3278849283854166,0.6125500242662149,0.44349027245372696,0.5438241726702868,0.9677155570727956,1.4429660617408846,0.1799437403678894,0.27000001072883606,0.058000002056360245
50,11,4,paraboloid,baseline,9042,0.004433021880686283,0.07422897964715958,0.015983163844794035,0.001949568194421855,True,0.0685950368642807,0.06581488996744156,0.2227659821510315,0.43935278058052063,0.6678543090820312,0.45405202185004817,0.9030584106445313,1.3008883861785239,1.1155850769862368,0.4016432983553698,0.40678018180942743,0.6602596192735184,1.2143795952120782,0.3521951735019684,0.28200000524520874,0.04400000348687172
50,11,4,paraboloid,K,9042,0.004682953469455242,0.08271961659193039,0.013277287129312754,0.001949568194421855,True,0.04179047793149948,0.04758767783641815,0.2294975221157074,0.45547428727149963,0.6690673828125,0.4635809339615742,0.94470361328125,1.4127976437832446,1.3667751839958768,0.42406467268118436,0.4523837129052324,0.74836643373015,1.191195676020347,0.3789847195148468,0.28200000524520874,0.04400000348687172
50,11,4,paraboloid,K+S,9042,0.004682953469455242,0.08271961659193039,0.013277287129312754,0.001949568194421855,True,0.04179047793149948,0.04758767783641815,0.2294975221157074,0.45547428727149963,0.6690673828125,0.4635809339615742,0.94470361328125,1.4127976437832446,1.3667751839958768,0.42406467268118436,0.4523837129052324,0.74836643373015,1.191195676020347,0.3789847195148468,0.28200000524520874,0.04400000348687172
50,11,4,hyperbolic_paraboloid,baseline,42,0.0038404042134061456,0.030928270891308784,0.024226341396570206,0.000913339074362408,True,0.07672415673732758,0.12765590846538544,0.4009655714035034,0.6592234969139099,0.7645143866539001,0.793194471329517,1.3244596782483553,1.3940155029296875,0.7386807569635641,0.3832845350416713,0.4775544236946312,0.5592759725203968,0.9182264188605792,0.18880201876163483,0.2800000011920929,0.04200000315904617
50,11,4,hyperbolic_paraboloid,K,42,0.0023242366733029485,0.03095331508666277,0.02333164121955633,0.000913339074362408,True,0.030472543090581894,0.03106791153550148,0.3941957652568817,0.6625270247459412,0.751437246799469,0.7917273846394766,1.3468428303424578,1.4297622680664062,0.7643573164345314,0.38111742186149844,0.488255131673595,0.5736947328182249,0.9038590255241015,0.19762486219406128,0.2800000011920929,0.04200000315904617
50,11,4,hyperbolic_paraboloid,K+S,42,0.0023242366733029485,0.03095331508666277,0.02333164121955633,0.000913339074362408,True,0.030472543090581894,0.03106791153550148,0.3941957652568817,0.6625270247459412,0.751437246799469,0.7917273846394766,1.3468428303424578,1.4297622680664062,0.7643573164345314,0.38111742186149844,0.488255131673595,0.5736947328182249,0.9038590255241015,0.19762486219406128,0.2800000011920929,0.04200000315904617
50,11,4,hyperbolic_paraboloid,baseline,1042,0.0018403807771392167,0.021566051058471203,0.003387648845091462,0.00019406908276406202,True,0.047373197972774506,0.046735722571611404,0.5311731696128845,0.8029581904411316,1.013892650604248,0.944250773746346,1.6270624891089684,1.8301149918729027,0.8751448587269385,0.46335481471706647,0.6302351351688638,0.6310433526640009,0.9854651556100331,0.2372647374868393,0.2980000078678131,0.06200000271201134
50,11,4,hyperbolic_paraboloid,K,1042,0.0014916053041815758,0.02282522339373827,0.002985420753248036,0.00019406908276406202,True,0.02757571078836918,0.028329573571681976,0.5375144481658936,0.8252090811729431,1.0501408576965332,0.9535415071687082,1.678324759671236,1.9074541130321938,1.0051637532577766,0.47906903196784206,0.6649454870415672,0.6908981891501403,1.1132400582793573,0.25205790996551514,0.2980000078678131,0.06200000271201134
50,11,4,hyperbolic_paraboloid,K+S,1042,0.0014916053041815758,0.02282522339373827,0.002985420753248036,0.00019406908276406202,True,0.02757571078836918,0.028329573571681976,0.5375144481658936,0.8252090811729431,1.0501408576965332,0.9535415071687082,1.678324759671236,1.9074541130321938,1.0051637532577766,0.47906903196784206,0.6649454870415672,0.6908981891501403,1.1132400582793573,0.25205790996551514,0.2980000078678131,0.06200000271201134
50,11,4,hyperbolic_paraboloid,baseline,2042,0.0015312839532271028,0.03424060856923461,0.00509915710426867,0.00015731426802548495,True,0.041361670941114426,0.03796602785587311,0.7888402342796326,1.5028342008590698,1.5137758255004883,1.3617668821100604,2.3416568816654264,2.277321033908012,1.5490980340018208,0.7627978202846699,1.1366329518139227,1.750670878048848,2.154123634204318,0.29987645149230957,0.26600000262260437,0.04800000041723251
50,11,4,hyperbolic_paraboloid,K,2042,0.0016783902538008988,0.03407494444400072,0.004973969422280788,0.00015731426802548495,True,0.02829100377857685,0.024690477177500725,0.7873138189315796,1.4988466501235962,1.5067615509033203,1.362017179790296,2.341588822622148,2.2862539649906015,1.5478471971939187,0.7656640312999875,1.1449728637078818,1.7442377229054917,2.1366854182124495,0.30087101459503174,0.26600000262260437,0.04800000041723251
50,11,4,hyperbolic_paraboloid,K+S,2042,0.0016783902538008988,0.03407494444400072,0.004973969422280788,0.00015731426802548495,True,0.02829100377857685,0.024690477177500725,0.7873138189315796,1.4988466501235962,1.5067615509033203,1.362017179790296,2.341588822622148,2.2862539649906015,1.5478471971939187,0.7656640312999875,1.1449728637078818,1.7442377229054917,2.1366854182124495,0.30087101459503174,0.26600000262260437,0.04800000041723251
50,11,4,hyperbolic_paraboloid,baseline,3042,0.003339732065796852,0.03849370218813419,0.033331925980746746,0.000784323127432303,True,0.03617093712091446,0.05729889124631882,0.49630188941955566,0.8416810631752014,0.8220111131668091,0.9116324617170177,1.4617678514167445,1.6650543212890625,0.8954131658600574,0.4820219583938075,0.5291355219155693,0.754155629241129,1.1305043455476518,0.21311868727207184,0.2720000147819519,0.05000000074505806
50,11,4,hyperbolic_paraboloid,K,3042,0.007763959933072329,0.052714673802256584,0.03287263121455908,0.000784323127432303,True,0.03408017382025719,0.08381976187229156,0.5044316053390503,0.8607671856880188,0.8523781895637512,0.9149151651928007,1.4771187625714202,1.6751660739674288,0.843746394625505,0.4831847243913652,0.524733973825636,0.7851461075795471,1.1023249915870235,0.20740461349487305,0.2720000147819519,0.05000000074505806
50,11,4,hyperbolic_paraboloid,K+S,3042,0.007763959933072329,0.052714673802256584,0.03287263121455908,0.000784323127432303,True,0.03408017382025719,0.08381976187229156,0.5044316053390503,0.8607671856880188,0.8523781895637512,0.9149151651928007,1.4771187625714202,1.6751660739674288,0.843746394625505,0.4831847243913652,0.524733973825636,0.7851461075795471,1.1023249915870235,0.20740461349487305,0.2720000147819519,0.05000000074505806
50,11,4,hyperbolic_paraboloid,baseline,4042,0.0012717247591353953,0.0610934067517519,0.0045655680587515235,0.0005516497502950105,True,0.028030050918459892,0.024220846593379974,0.772011399269104,1.2513161897659302,1.507176399230957,1.3116598067211225,2.062966317841501,2.2195358817459,1.4410148472943536,0.5829303848048109,0.9171638192928693,1.1026846851573542,1.9751222824114358,0.28279685974121094,0.28200000524520874,0.06000000238418579
50,11,4,hyperbolic_paraboloid,K,4042,0.0016486637759953737,0.04738401621580124,0.0034972261637449265,0.0005516497502950105,True,0.01570972055196762,0.03231973201036453,0.7796937227249146,1.2861002683639526,1.5513100624084473,1.319972503728308,2.105704567649148,2.3227870210688164,1.5927045372070237,0.6029844938930676,0.9526707899330515,1.199043305922229,2.078170299753347,0.2897051274776459,0.28200000524520874,0.06000000238418579
50,11,4,hyperbolic_paraboloid,K+S,4042,0.0016486637759953737,0.04738401621580124,0.0034972261637449265,0.0005516497502950105,True,0.01570972055196762,0.03231973201036453,0.7796937227249146,1.2861002683639526,1.5513100624084473,1.319972503728308,2.105704567649148,2.3227870210688164,1.5927045372070237,0.6029844938930676,0.9526707899330515,1.199043305922229,2.078170299753347,0.2897051274776459,0.28200000524520874,0.06000000238418579
50,11,4,hyperbolic_paraboloid,baseline,5042,0.0054765131790190935,0.029611043632030487,0.009680431801825762,0.00038565763018348,True,0.06544885039329529,0.11515842378139496,0.7725620269775391,1.202033281326294,1.10869562625885,1.3226224459134615,1.965461308665821,1.928646590358527,0.9439209987830315,0.6138576171390626,0.854388656722298,0.911062561927724,0.9654266053354968,0.2500789165496826,0.2580000162124634,0.06599999964237213
50,11,4,hyperbolic_paraboloid,K,5042,0.0025186106213368475,0.02890606503933668,0.007406646152958274,0.00038565763018348,True,0.02916564792394638,0.05364343896508217,0.7798688411712646,1.2298709154129028,1.1628210544586182,1.3386462536486952,2.019269316838676,2.0074209760325825,1.0778415692228198,0.6495129298340245,0.9237057181574597,1.0271861211479458,1.0904763387967484,0.27143630385398865,0.2580000162124634,0.06599999964237213
50,11,4,hyperbolic_paraboloid,K+S,5042,0.0025186106213368475,0.02890606503933668,0.007406646152958274,0.00038565763018348,True,0.02916564792394638,0.05364343896508217,0.7798688411712646,1.2298709154129028,1.1628210544586182,1.3386462536486952,2.019269316838676,2.0074209760325825,1.0778415692228198,0.6495129298340245,0.9237057181574597,1.0271861211479458,1.0904763387967484,0.27143630385398865,0.2580000162124634,0.06599999964237213
50,11,4,hyperbolic_paraboloid,baseline,6042,0.003454129211604595,0.06479021348059177,0.02018800564110279,0.00028894018297168344,True,0.05303030088543892,0.14980745315551758,0.3767690360546112,0.6010076403617859,0.63282710313797,0.7074398091185986,1.2131753756305363,1.3124640969669117,0.7457311593300889,0.4068094178620772,0.4734079351972843,0.5538641669965909,0.6480975474052559,0.20844577252864838,0.2720000147819519,0.06000000238418579
50,11,4,hyperbolic_paraboloid,K,6042,0.006863803952001035,0.05405997857451439,0.02237005438655615,0.00028894018297168344,True,0.04787806421518326,0.2994985580444336,0.39210283756256104,0.6164224743843079,0.6321110129356384,0.7217332613100564,1.2188393900713583,1.2842461081112133,0.7177244147526401,0.43584679817585525,0.5077439820602971,0.5815243272173553,0.650297524449189,0.21278364956378937,0.2720000147819519,0.06000000238418579
50,11,4,hyperbolic_paraboloid,K+S,6042,0.006863803952001035,0.05405997857451439,0.02237005438655615,0.00028894018297168344,True,0.04787806421518326,0.2994985580444336,0.39210283756256104,0.6164224743843079,0.6321110129356384,0.7217332613100564,1.2188393900713583,1.2842461081112133,0.7177244147526401,0.43584679817585525,0.5077439820602971,0.5815243272173553,0.650297524449189,0.21278364956378937,0.2720000147819519,0.06000000238418579
50,11,4,hyperbolic_paraboloid,baseline,7042,0.002707898966036737,0.08555011078715324,0.0114549461286515,0.001049429601566358,True,0.028721744194626808,0.05079453065991402,0.5354881286621094,0.8857966661453247,0.9927286505699158,0.9657805186536343,1.5451747349330358,1.7074595557318792,0.8228089160433057,0.558216581189089,0.7200959323837157,0.7403155633654115,0.8314437805509233,0.24127468466758728,0.2880000174045563,0.058000002056360245
50,11,4,hyperbolic_paraboloid,K,7042,0.003376132110133767,0.11598572134971619,0.01018492504954338,0.001049429601566358,True,0.016974514350295067,0.02970360592007637,0.529942512512207,0.8834149837493896,1.0021973848342896,0.9549928908831222,1.5377447666266026,1.698754734463162,0.823374543386151,0.5448685860528898,0.6987143490114788,0.7207180843079716,0.881486751093843,0.2316875159740448,0.2880000174045563,0.058000002056360245
50,11,4,hyperbolic_paraboloid,K+S,7042,0.003376132110133767,0.11598572134971619,0.01018492504954338,0.001049429601566358,True,0.016974514350295067,0.02970360592007637,0.529942512512207,0.8834149837493896,1.0021973848342896,0.9549928908831222,1.5377447666266026,1.698754734463162,0.823374543386151,0.5448685860528898,0.6987143490114788,0.7207180843079716,0.881486751093843,0.2316875159740448,0.2880000174045563,0.058000002056360245
50,11,4,hyperbolic_paraboloid,baseline,8042,0.002439478528685868,0.04335749568417668,0.0066240953747183084,0.0019409226422960107,True,0.029126886278390884,0.10603561997413635,0.5447968244552612,0.9092663526535034,0.9529571533203125,0.9520838601248605,1.5979775076585192,1.6625519929108796,0.8509030652445039,0.4180769184480072,0.47576299748750717,0.701200636185159,1.2897851080560545,0.19992806017398834,0.27000001072883606,0.058000002056360245
50,11,4,hyperbolic_paraboloid,K,8042,0.0016015592264011502,0.02907068794593215,0.032832381315529346,0.0019409226422960107,True,0.019417399540543556,0.02801501378417015,0.6454935073852539,1.0388777256011963,1.153390645980835,1.1631355285644531,1.6820245639911826,1.8935306125217013,1.0452569306981943,0.6129158771916285,0.7011349339791085,0.8334268999931761,1.087863039238366,0.1894068717956543,0.27000001072883606,0.058000002056360245
50,11,4,hyperbolic_paraboloid,K+S,8042,0.0016015592264011502,0.02907068794593215,0.032832381315529346,0.0019409226422960107,True,0.019417399540543556,0.02801501378417015,0.6454935073852539,1.0388777256011963,1.153390645980835,1.1631355285644531,1.6820245639911826,1.8935306125217013,1.0452569306981943,0.6129158771916285,0.7011349339791085,0.8334268999931761,1.087863039238366,0.1894068717956543,0.27000001072883606,0.058000002056360245
50,11,4,hyperbolic_paraboloid,baseline,9042,0.0018660093774087727,0.13103869557380676,0.006349483970552683,0.0009988073936917565,True,0.02067648246884346,0.033857256174087524,0.21838095784187317,0.42691221833229065,0.5523512959480286,0.4331144761409003,0.7948245849609376,1.0110133827155363,0.8108083139550295,0.3323933407747448,0.3310603241687967,0.542705401962212,0.872173801430224,0.22935502231121063,0.28200000524520874,0.04400000348687172
50,11,4,hyperbolic_paraboloid,K,9042,0.0018255480099469423,0.14110597968101501,0.005616719136014581,0.0009988073936917565,True,0.015485234558582306,0.02725311368703842,0.20995640754699707,0.40179866552352905,0.5101572275161743,0.42964394187087,0.7771417236328125,0.9866251844040891,0.7997726785370844,0.3285470985354975,0.3228093175686383,0.5249380264782395,0.8207363272315477,0.23147621750831604,0.28200000524520874,0.04400000348687172
50,11,4,hyperbolic_paraboloid,K+S,9042,0.0018255480099469423,0.14110597968101501,0.005616719136014581,0.0009988073936917565,True,0.015485234558582306,0.02725311368703842,0.20995640754699707,0.40179866552352905,0.5101572275161743,0.42964394187087,0.7771417236328125,0.9866251844040891,0.7997726785370844,0.3285470985354975,0.3228093175686383,0.5249380264782395,0.8207363272315477,0.23147621750831604,0.28200000524520874,0.04400000348687172
50,201,99,paraboloid,baseline,42,0.05383745953440666,0.004080569138750434,5.8006993640447035e-05,0.002716007517344916,True,0.6343870162963867,1.1094282865524292,0.7931618690490723,1.1967999935150146,1.1731352806091309,1.5608165715478841,2.050576116805686,2.101293291364397,0.969340466153601,0.9942558386690947,1.2061108201084596,1.1712366710800457,1.5218590035515893,0.3238876760005951,0.2800000011920929,0.04200000315904617
50,201,99,paraboloid,K,42,0.04406700190156698,0.0030258619226515293,3.953350278607104e-05,0.002716007517344916,True,0.3612704277038574,0.7327495813369751,0.7824025750160217,1.2520378828048706,1.2736140489578247,1.6294225340165647,2.2157973669525375,2.258449009486607,1.143704801644623,1.1290851568242215,1.3942585590160672,1.493768244814038,1.8018781396588885,0.3531132638454437,0.2800000011920929,0.04200000315904617
50,201,99,paraboloid,K+S,42,0.04406700190156698,0.0030258619226515293,3.953350278607104e-05,0.002716007517344916,True,0.3612704277038574,0.7327495813369751,0.7824025750160217,1.2520378828048706,1.2736140489578247,1.6294225340165647,2.2157973669525375,2.258449009486607,1.143704801644623,1.1290851568242215,1.3942585590160672,1.493768244814038,1.8018781396588885,0.3531132638454437,0.2800000011920929,0.04200000315904617
50,201,99,paraboloid,baseline,1042,0.025333263911306858,0.012425375171005726,2.898001912399195e-05,0.00041430573261792386,True,0.4186532199382782,0.5831900835037231,0.5341681241989136,0.72311931848526,1.0492826700210571,0.8820053814248677,1.4246367840961895,1.7984311916684144,0.8864202860728684,0.549393898728118,0.6227524418264089,0.5925075302821475,1.3062002656809373,0.2650933265686035,0.2980000078678131,0.06200000271201134
50,201,99,paraboloid,K,1042,0.02926930133253336,0.01715955324470997,4.645343142328784e-05,0.00041430573261792386,True,0.41350698471069336,1.0656323432922363,0.524829626083374,0.7214002013206482,1.0502122640609741,0.9087322549458867,1.447112923661129,1.7897486334679111,0.8193449781584462,0.5620941065904227,0.6024801127422298,0.6564696517116116,1.3113060258081295,0.2623794972896576,0.2980000078678131,0.06200000271201134
50,201,99,paraboloid,K+S,1042,0.02926930133253336,0.01715955324470997,4.645343142328784e-05,0.00041430573261792386,True,0.41350698471069336,1.0656323432922363,0.524829626083374,0.7214002013206482,1.0502122640609741,0.9087322549458867,1.447112923661129,1.7897486334679111,0.8193449781584462,0.5620941065904227,0.6024801127422298,0.6564696517116116,1.3113060258081295,0.2623794972896576,0.2980000078678131,0.06200000271201134
50,201,99,paraboloid,baseline,2042,0.03532397747039795,0.0032942680409178138,8.522719508619048e-05,0.003585810091958117,True,0.4579155445098877,0.8317505121231079,0.20495694875717163,0.3755306005477905,0.5142406225204468,0.5472292649118524,0.9253927563864087,1.0946663304379112,0.9639326630809201,0.39485941080580295,0.40096415185234485,0.6894693385007491,0.8341468664649592,0.31908947229385376,0.26600000262260437,0.04800000041723251
50,201,99,paraboloid,K,2042,0.07113813981413841,0.0026797684840857983,7.818917947588488e-05,0.003585810091958117,True,0.40146270394325256,0.8619825839996338,0.25367656350135803,0.4616923928260803,0.5870957374572754,1.7600179304156387,1.9248804970393105,1.9832717780780076,1.835858415246837,1.6900333984119082,1.7042238366388767,1.8018202141901973,1.837494167223472,0.5705795884132385,0.26600000262260437,0.04800000041723251
50,201,99,paraboloid,K+S,2042,0.07113813981413841,0.0026797684840857983,7.818917947588488e-05,0.003585810091958117,True,0.40146270394325256,0.8619825839996338,0.25367656350135803,0.4616923928260803,0.5870957374572754,1.7600179304156387,1.9248804970393105,1.9832717780780076,1.835858415246837,1.6900333984119082,1.7042238366388767,1.8018202141901973,1.837494167223472,0.5705795884132385,0.26600000262260437,0.04800000041723251
50,201,99,paraboloid,baseline,3042,0.04635949246585369,0.007983776740729809,7.211926276795566e-05,0.004636441890280045,True,0.28654345870018005,0.4473848342895508,0.1955847591161728,0.3305584788322449,0.4292903542518616,0.49310617383462096,0.7306313016521397,0.7837115456076229,0.5236301904739038,0.3411415580218655,0.37378065232343216,0.5762108833937847,0.7571247464324894,0.2874031960964203,0.2720000147819519,0.05000000074505806
50,201,99,paraboloid,K,3042,0.03073292225599289,0.0077875517308712006,4.138354597671423e-05,0.004636441890280045,True,0.21569716930389404,0.3797040581703186,0.18641285598278046,0.3116157650947571,0.4275311231613159,0.5215856717061045,0.7563968487639925,0.8699330722584444,0.5393647747254932,0.37704958644155884,0.40512615711570726,0.6555535873827084,0.9793317230926356,0.31665143370628357,0.2720000147819519,0.05000000074505806
50,201,99,paraboloid,K+S,3042,0.03073292225599289,0.0077875517308712006,4.138354597671423e-05,0.004636441890280045,True,0.21569716930389404,0.3797040581703186,0.18641285598278046,0.3116157650947571,0.4275311231613159,0.5215856717061045,0.7563968487639925,0.8699330722584444,0.5393647747254932,0.37704958644155884,0.40512615711570726,0.6555535873827084,0.9793317230926356,0.31665143370628357,0.2720000147819519,0.05000000074505806
50,201,99,paraboloid,baseline,4042,0.027553047984838486,0.0044031968573108315,8.0715917647467e-05,0.0005250441568407846,True,0.4864156246185303,0.9196305274963379,0.5837106704711914,0.8977258801460266,1.2835488319396973,1.052426948464615,1.628046093565045,2.0201253688081784,1.7350987428228755,0.6496790057034011,0.8957142916336452,1.0955786322135048,2.2992563138972364,0.37663230299949646,0.28200000524520874,0.06000000238418579
50,201,99,paraboloid,K,4042,0.03993852809071541,0.0031963083893060684,5.51433604414342e-05,0.0005250441568407846,True,0.34185802936553955,0.5785996913909912,0.5750842094421387,0.8863211274147034,1.2860761880874634,1.04711271935585,1.6165852402195786,2.0019392730496453,1.6543792696679973,0.6394873637590579,0.8797110207748252,1.0495372765965942,2.1206958769925444,0.3917411267757416,0.28200000524520874,0.06000000238418579
50,201,99,paraboloid,K+S,4042,0.03993852809071541,0.0031963083893060684,5.51433604414342e-05,0.0005250441568407846,True,0.34185802936553955,0.5785996913909912,0.5750842094421387,0.8863211274147034,1.2860761880874634,1.04711271935585,1.6165852402195786,2.0019392730496453,1.6543792696679973,0.6394873637590579,0.8797110207748252,1.0495372765965942,2.1206958769925444,0.3917411267757416,0.28200000524520874,0.06000000238418579
50,201,99,paraboloid,baseline,5042,0.044253190979361534,0.0032733585103414953,0.00011336390161886811,0.0018526119972342877,True,0.5407238006591797,0.8715235590934753,0.40800395607948303,0.6816571950912476,0.663496732711792,0.9593898228236607,1.4357363992951453,1.374250426772953,0.9356048581326439,0.4933406501089965,0.6588905677908933,0.8251924721875923,0.7253774012430048,0.23793154954910278,0.2580000162124634,0.06599999964237213
50,201,99,paraboloid,K,5042,0.0349358431994915,0.004166222410276532,0.00013764788309345022,0.0018526119972342877,True,0.512393593788147,0.7030304074287415,0.4401255249977112,0.6799371242523193,0.7657861709594727,1.2671551714886675,1.6176520203312386,1.6412306201550388,1.209375236524503,0.9395339625497888,1.0051444546152128,1.0983203923362144,1.1656203955778572,0.3994831442832947,0.2580000162124634,0.06599999964237213
50,201,99,paraboloid,K+S,5042,0.0349358431994915,0.004166222410276532,0.00013764788309345022,0.0018526119972342877,True,0.512393593788147,0.7030304074287415,0.4401255249977112,0.6799371242523193,0.7657861709594727,1.2671551714886675,1.6176520203312386,1.6412306201550388,1.209375236524503,0.9395339625497888,1.0051444546152128,1.0983203923362144,1.1656203955778572,0.3994831442832947,0.2580000162124634,0.06599999964237213
50,201,99,paraboloid,baseline,6042,0.028050605207681656,0.002421407727524638,0.00013734877575188875,0.0009289195585013622,True,0.5248638391494751,0.5405926704406738,0.3461897373199463,0.49458518624305725,0.47949740290641785,0.6901319730649436,1.075243852269931,1.0665534524356617,0.7292364831699985,0.4754017284679979,0.49295690388102686,0.5149287652729221,0.6176256773156885,0.16369223594665527,0.2720000147819519,0.06000000238418579
50,201,99,paraboloid,K,6042,0.027197908610105515,0.0030504134483635426,0.00011763948714360595,0.0009289195585013622,True,0.3677313029766083,0.683077335357666,0.36113598942756653,0.5183295607566833,0.4974168539047241,0.7101996333588587,1.1199468177134597,1.1071474411908317,0.7829585046601764,0.48830521328758514,0.5228487107371871,0.539225833873081,0.6259736662592865,0.16817054152488708,0.2720000147819519,0.06000000238418579
50,201,99,paraboloid,K+S,6042,0.027197908610105515,0.0030504134483635426,0.00011763948714360595,0.0009289195585013622,True,0.3677313029766083,0.683077335357666,0.36113598942756653,0.5183295607566833,0.4974168539047241,0.7101996333588587,1.1199468177134597,1.1071474411908317,0.7829585046601764,0.48830521328758514,0.5228487107371871,0.539225833873081,0.6259736662592865,0.16817054152488708,0.2720000147819519,0.06000000238418579
50,201,99,paraboloid,baseline,7042,0.040242478251457214,0.016183277126401663,0.00010640581240295433,0.00046569946689985285,True,0.25986072421073914,0.6813211441040039,0.6413801312446594,0.9794332385063171,0.9210500717163086,1.2981282372831773,1.799292260473901,1.8054750230577257,0.9085620198349689,0.8346874137220937,1.0177529374412724,0.8921888005228128,0.9521243534027137,0.3270423710346222,0.2880000174045563,0.058000002056360245
50,201,99,paraboloid,K,7042,0.03020520368590951,0.01401939196512103,8.516460729879327e-05,0.00046569946689985285,True,0.15104883909225464,0.4659922122955322,0.6395844221115112,0.919529378414154,0.8192408680915833,1.5872431683645374,1.9984515403216576,1.9534208509657118,1.2633476126262477,1.2248835804714895,1.3738865649206464,1.2077440106757125,1.2194261049985335,0.49466919898986816,0.2880000174045563,0.058000002056360245
50,201,99,paraboloid,K+S,7042,0.03020520368590951,0.01401939196512103,8.516460729879327e-05,0.00046569946689985285,True,0.15104883909225464,0.4659922122955322,0.6395844221115112,0.919529378414154,0.8192408680915833,1.5872431683645374,1.9984515403216576,1.9534208509657118,1.2633476126262477,1.2248835804714895,1.3738865649206464,1.2077440106757125,1.2194261049985335,0.49466919898986816,0.2880000174045563,0.058000002056360245
50,201,99,paraboloid,baseline,8042,0.032308608293533325,0.003764418070204556,0.00017393190501024947,0.0010879146518991954,True,0.7896033525466919,0.8083404898643494,0.4916864037513733,0.9739712476730347,1.125826120376587,1.1022885186331612,1.6355813687273082,1.9676689995659722,1.1384309504467915,0.6681700488396489,0.8401938122851765,1.0749198032957374,1.4537061689641897,0.2809900641441345,0.27000001072883606,0.058000002056360245
50,201,99,paraboloid,K,8042,0.042571479454636574,0.0054292066488415,0.00010653526624082588,0.0010879146518991954,True,0.6150992512702942,0.657738208770752,0.4938034415245056,0.9745050072669983,1.1367307901382446,1.237931387765067,1.7714674067200467,2.0632538972077548,1.2733027271808275,0.9308659106338552,1.0954343750362119,1.272360461017954,1.8239815349374395,0.35723671317100525,0.27000001072883606,0.058000002056360245
50,201,99,paraboloid,K+S,8042,0.042571479454636574,0.0054292066488415,0.00010653526624082588,0.0010879146518991954,True,0.6150992512702942,0.657738208770752,0.4938034415245056,0.9745050072669983,1.1367307901382446,1.237931387765067,1.7714674067200467,2.0632538972077548,1.2733027271808275,0.9308659106338552,1.0954343750362119,1.272360461017954,1.8239815349374395,0.35723671317100525,0.27000001072883606,0.058000002056360245
50,201,99,paraboloid,baseline,9042,0.008101956453174353,0.004128588014282286,4.152989004069241e-05,0.0015285934381817112,True,0.2891296148300171,0.182273268699646,0.5087763667106628,0.9559437036514282,0.9564813375473022,0.960394300553242,1.5257310791015626,1.8337285467918882,1.0087002068066724,0.614959979812619,0.6977121399475514,1.0555381067472156,0.9944732785329772,0.221804678440094,0.28200000524520874,0.04400000348687172
50,201,99,paraboloid,K,9042,0.0203775716945529,0.0070966018829494715,3.366286546224728e-05,0.0015285934381817112,True,0.20135915279388428,0.36239543557167053,0.5172745585441589,0.9448779821395874,0.9384914040565491,1.0113312977526157,1.532677490234375,1.8072719709247562,0.9281497020245798,0.684115679887641,0.7665779225567013,1.063831213463172,0.9484997904696814,0.22856152057647705,0.28200000524520874,0.04400000348687172
50,201,99,paraboloid,K+S,9042,0.0203775716945529,0.0070966018829494715,3.366286546224728e-05,0.0015285934381817112,True,0.20135915279388428,0.36239543557167053,0.5172745585441589,0.9448779821395874,0.9384914040565491,1.0113312977526157,1.532677490234375,1.8072719709247562,0.9281497020245798,0.684115679887641,0.7665779225567013,1.063831213463172,0.9484997904696814,0.22856152057647705,0.28200000524520874,0.04400000348687172
50,201,99,hyperbolic_paraboloid,baseline,42,0.0158127099275589,0.003176681522745639,9.337058145320043e-05,0.0013583013370855532,True,0.27539876103401184,1.0510550737380981,0.41304662823677063,0.6406298279762268,0.6389423608779907,0.8365808839521854,1.3350832372679746,1.3108812604631697,0.6813280054681844,0.514400405651317,0.6086569748757034,0.5811645303523736,0.8087508683197533,0.21493999660015106,0.2800000011920929,0.04200000315904617
50,201,99,hyperbolic_paraboloid,K,42,0.05145329423248768,0.002883289474993944,2.6158611944993027e-05,0.0013583013370855532,True,0.20953375101089478,0.6023209095001221,0.5100189447402954,0.8415403366088867,0.7931939959526062,1.0208163866752507,1.6450651928894502,1.5944168090820312,0.8428162953959978,0.5937958469649891,0.7025783991015871,0.7491628023203525,1.0205191002562857,0.2624299228191376,0.2800000011920929,0.04200000315904617
50,201,99,hyperbolic_paraboloid,K+S,42,0.05145329423248768,0.002883289474993944,2.6158611944993027e-05,0.0013583013370855532,True,0.20953375101089478,0.6023209095001221,0.5100189447402954,0.8415403366088867,0.7931939959526062,1.0208163866752507,1.6450651928894502,1.5944168090820312,0.8428162953959978,0.5937958469649891,0.7025783991015871,0.7491628023203525,1.0205191002562857,0.2624299228191376,0.2800000011920929,0.04200000315904617
50,201,99,hyperbolic_paraboloid,baseline,1042,0.0200496818870306,0.0033116029808297753,2.6024725229945034e-05,0.00038070150127458337,True,0.23202085494995117,0.49155062437057495,0.760757327079773,1.1034098863601685,1.2501232624053955,1.3296022139041621,2.019607941014173,2.148636785929635,0.8594035936943648,0.6010834701147757,0.823386960423631,0.9128677548783732,1.0710094115057247,0.21797944605350494,0.2980000078678131,0.06200000271201134
50,201,99,hyperbolic_paraboloid,K,1042,0.02052746107801795,0.0034642325481399894,2.8288962312217336e-05,0.00038070150127458337,True,0.27738240361213684,0.6808805465698242,0.7750926613807678,1.1332093477249146,1.2922526597976685,1.3353996021975918,2.0513571132957713,2.2085247679844797,1.0418550748284328,0.6375046173810315,0.8716000486204425,0.9863356479952164,1.1524553765259973,0.23595531284809113,0.2980000078678131,0.06200000271201134
50,201,99,hyperbolic_paraboloid,K+S,1042,0.02052746107801795,0.0034642325481399894,2.8288962312217336e-05,0.00038070150127458337,True,0.27738240361213684,0.6808805465698242,0.7750926613807678,1.1332093477249146,1.2922526597976685,1.3353996021975918,2.0513571132957713,2.2085247679844797,1.0418550748284328,0.6375046173810315,0.8716000486204425,0.9863356479952164,1.1524553765259973,0.23595531284809113,0.2980000078678131,0.06200000271201134
50,201,99,hyperbolic_paraboloid,baseline,2042,0.07377418503165245,0.0052150917472317815,8.474988135276362e-05,0.0010344650021832974,True,0.3018566966056824,0.971267819404602,0.5116166472434998,0.9844832420349121,0.7406501770019531,1.2734998736465186,1.8690330868675595,1.8842667887981672,1.2210027699225776,1.0060962490237022,1.128291114207244,1.5259622602410716,1.168750344070683,0.34693989157676697,0.26600000262260437,0.04800000041723251
50,201,99,hyperbolic_paraboloid,K,2042,0.039062716998159885,0.0026693849940784276,5.747285467805341e-05,0.0010344650021832974,True,0.22484049201011658,0.5788225531578064,0.4784965515136719,0.9778547286987305,0.7552267909049988,1.2117326970685993,1.8438773987785217,1.8942954844998239,1.2517395016258672,0.9552607335552432,1.1132195812672965,1.5625089523752551,1.2739225158220664,0.32934054732322693,0.26600000262260437,0.04800000041723251
50,201,99,hyperbolic_paraboloid,K+S,2042,0.039062716998159885,0.0026693849940784276,5.747285467805341e-05,0.0010344650021832974,True,0.22484049201011658,0.5788225531578064,0.4784965515136719,0.9778547286987305,0.7552267909049988,1.2117326970685993,1.8438773987785217,1.8942954844998239,1.2517395016258672,0.9552607335552432,1.1132195812672965,1.5625089523752551,1.2739225158220664,0.32934054732322693,0.26600000262260437,0.04800000041723251
50,201,99,hyperbolic_paraboloid,baseline,3042,0.036581587977707386,0.005595845635980368,0.00011147443728987128,0.0019057178082157724,True,0.11141117662191391,0.2960277795791626,0.5704253911972046,1.001025676727295,0.9961652755737305,3.0768853502633036,3.3317725338152986,3.353123384363511,2.906293495909559,2.8546893425644306,2.8779237012183447,2.9287008074865586,3.057601330404426,0.7894585728645325,0.2720000147819519,0.05000000074505806
50,201,99,hyperbolic_paraboloid,K,3042,0.04054545983672142,0.003116615698672831,0.00010896528328885324,0.0019057178082157724,True,0.14949150383472443,0.5399908423423767,0.5763892531394958,0.9880247712135315,0.9713287353515625,1.4027023822928215,1.8691499624679337,1.8450683144962086,1.1224360392638115,0.960640484454993,1.029222233839224,1.201659739085105,1.5619131084676303,0.355005145072937,0.2720000147819519,0.05000000074505806
50,201,99,hyperbolic_paraboloid,K+S,3042,0.04054545983672142,0.003116615698672831,0.00010896528328885324,0.0019057178082157724,True,0.14949150383472443,0.5399908423423767,0.5763892531394958,0.9880247712135315,0.9713287353515625,1.4027023822928215,1.8691499624679337,1.8450683144962086,1.1224360392638115,0.960640484454993,1.029222233839224,1.201659739085105,1.5619131084676303,0.355005145072937,0.2720000147819519,0.05000000074505806
50,201,99,hyperbolic_paraboloid,baseline,4042,0.028271861374378204,0.005989819997921586,2.557397419877816e-05,0.0003401015454263829,True,0.22711221873760223,0.29815858602523804,0.5506191253662109,0.8329159021377563,0.7874630093574524,1.0994515574159436,1.5686728737571023,1.534711905405031,0.7318360186103365,0.6782737829771016,0.8770983549162806,0.8822772667182587,0.8538312257206693,0.2792164087295532,0.28200000524520874,0.06000000238418579
50,201,99,hyperbolic_paraboloid,K,4042,0.02273525670170784,0.0033439083490520716,2.667132230271818e-05,0.0003401015454263829,True,0.15459704399108887,0.4624757766723633,0.5505756139755249,0.8376455903053284,0.787839412689209,1.0548898030775489,1.5229330351858428,1.5164923701725952,0.6427319641497677,0.5252311063850851,0.7080379627981842,0.7303760074100667,0.8225891225971337,0.25337398052215576,0.28200000524520874,0.06000000238418579
50,201,99,hyperbolic_paraboloid,K+S,4042,0.02273525670170784,0.0033439083490520716,2.667132230271818e-05,0.0003401015454263829,True,0.15459704399108887,0.4624757766723633,0.5505756139755249,0.8376455903053284,0.787839412689209,1.0548898030775489,1.5229330351858428,1.5164923701725952,0.6427319641497677,0.5252311063850851,0.7080379627981842,0.7303760074100667,0.8225891225971337,0.25337398052215576,0.28200000524520874,0.06000000238418579
50,201,99,hyperbolic_paraboloid,baseline,5042,0.027698633261024952,0.0037483153864741325,5.079813490738161e-05,0.0002787998919166736,True,0.4789990782737732,0.6340538263320923,0.5825608372688293,0.8825886845588684,0.8389692902565002,1.2911587557949862,1.9054693806215406,1.8719002184017683,1.2443055281327955,0.7996178217117179,0.9000915201551956,0.9310047520455137,1.3183048559833215,0.327152818441391,0.2580000162124634,0.06599999964237213
50,201,99,hyperbolic_paraboloid,K,5042,0.016944830305874348,0.006706302752718329,0.00011752984937629662,0.0002787998919166736,True,0.21315914392471313,0.5256550312042236,0.3476737439632416,0.5847780108451843,0.49719101190567017,0.7195050250042926,1.088336564517989,0.999713749848595,0.7042568090472537,0.36455532530470985,0.4914266625078595,0.5623997196698773,0.6744236019978274,0.17567066848278046,0.2580000162124634,0.06599999964237213
50,201,99,hyperbolic_paraboloid,K+S,5042,0.016944830305874348,0.006706302752718329,0.00011752984937629662,0.0002787998919166736,True,0.21315914392471313,0.5256550312042236,0.3476737439632416,0.5847780108451843,0.49719101190567017,0.7195050250042926,1.088336564517989,0.999713749848595,0.7042568090472537,0.36455532530470985,0.4914266625078595,0.5623997196698773,0.6744236019978274,0.17567066848278046,0.2580000162124634,0.06599999964237213
50,201,99,hyperbolic_paraboloid,baseline,6042,0.053516361862421036,0.011604157742112875,0.0001243362457898911,0.0004747308679481051,True,0.2357337325811386,0.7108358144760132,0.3159155249595642,0.5731434226036072,0.5723313093185425,0.7003321710662169,1.1188169464351625,1.1408231398638558,0.7441333424675777,0.4252820321068578,0.46311278863586774,0.5876877265250925,0.8254070785237733,0.2136898636817932,0.2720000147819519,0.06000000238418579
50,201,99,hyperbolic_paraboloid,K,6042,0.018385793082416058,0.008035197854042053,0.00011621775411185808,0.0004747308679481051,True,0.17443379759788513,0.43871450424194336,0.3121294677257538,0.606326699256897,0.5987464189529419,0.7071624621420705,1.167726531742126,1.1854708054486442,0.7249821861653317,0.45811243359358167,0.49638468727334967,0.6241512021227472,0.802804636606779,0.2167072296142578,0.2720000147819519,0.06000000238418579
50,201,99,hyperbolic_paraboloid,K+S,6042,0.018385793082416058,0.008035197854042053,0.00011621775411185808,0.0004747308679481051,True,0.17443379759788513,0.43871450424194336,0.3121294677257538,0.606326699256897,0.5987464189529419,0.7071624621420705,1.167726531742126,1.1854708054486442,0.7249821861653317,0.45811243359358167,0.49638468727334967,0.6241512021227472,0.802804636606779,0.2167072296142578,0.2720000147819519,0.06000000238418579
50,201,99,hyperbolic_paraboloid,baseline,7042,0.01837020553648472,0.009602009085938334,6.83328544255346e-05,0.0006309792918352345,True,0.15513333678245544,0.3213711082935333,0.4764951169490814,0.8282284140586853,0.83478844165802,0.8490970292280424,1.3652883676382213,1.5658067067464192,0.7690524495934761,0.35167397101343145,0.5226553213255677,0.6060694559269474,0.6850190570930287,0.1629524827003479,0.2880000174045563,0.058000002056360245
50,201,99,hyperbolic_paraboloid,K,7042,0.02743146475404501,0.0069940886460244656,8.053918281802908e-05,0.0006309792918352345,True,0.16478615999221802,0.3968850374221802,0.49981701374053955,0.8985528945922852,0.9296188950538635,1.1138755361414165,1.5976192488338485,1.7855453491210938,0.9576447442995076,0.7287461388033415,0.8751458527417483,0.9897623679635459,1.0140252483642527,0.30577459931373596,0.2880000174045563,0.058000002056360245
50,201,99,hyperbolic_paraboloid,K+S,7042,0.02743146475404501,0.0069940886460244656,8.053918281802908e-05,0.0006309792918352345,True,0.16478615999221802,0.3968850374221802,0.49981701374053955,0.8985528945922852,0.9296188950538635,1.1138755361414165,1.5976192488338485,1.7855453491210938,0.9576447442995076,0.7287461388033415,0.8751458527417483,0.9897623679635459,1.0140252483642527,0.30577459931373596,0.2880000174045563,0.058000002056360245
50,201,99,hyperbolic_paraboloid,baseline,8042,0.044350034557282925,0.003985598450526595,0.00023777347814757377,0.0005201241789172538,True,0.51502525806427,1.762270450592041,0.4976898431777954,0.8892732262611389,0.8292149305343628,2.183427265712193,2.466056095613978,2.565944869429977,2.136535954099944,1.9641262512296542,1.9789532255643005,2.0457337455476927,2.174704239853418,0.6715842485427856,0.27000001072883606,0.058000002056360245
50,201,99,hyperbolic_paraboloid,K,8042,0.0317789064720273,0.002025870664510876,0.00014310979895526543,0.0005201241789172538,True,0.3154923617839813,1.0657991170883179,0.4643135368824005,0.8513091802597046,0.8259144425392151,1.1120549610682897,1.5816084359196707,1.7798782913773148,1.203487396707099,0.7943638688987288,0.8347772844312824,1.006658277552956,1.2057140047572752,0.3025100529193878,0.27000001072883606,0.058000002056360245
50,201,99,hyperbolic_paraboloid,K+S,8042,0.0317789064720273,0.002025870664510876,0.00014310979895526543,0.0005201241789172538,True,0.3154923617839813,1.0657991170883179,0.4643135368824005,0.8513091802597046,0.8259144425392151,1.1120549610682897,1.5816084359196707,1.7798782913773148,1.203487396707099,0.7943638688987288,0.8347772844312824,1.006658277552956,1.2057140047572752,0.3025100529193878,0.27000001072883606,0.058000002056360245
50,201,99,hyperbolic_paraboloid,baseline,9042,0.04228200018405914,0.0029619864653795958,6.93026049702894e-05,0.0004504826012535475,True,0.3812806308269501,1.108731985092163,0.5202347636222839,0.9481760263442993,0.9762841463088989,1.2627305354315803,1.71208349609375,1.917694741107048,1.1949454125697252,0.862017609572219,0.9788080692796929,1.1925496961150621,1.3761615812145855,0.3287619948387146,0.28200000524520874,0.04400000348687172
50,201,99,hyperbolic_paraboloid,K,9042,0.020747912116348743,0.004517238470725715,4.377765981189441e-05,0.0004504826012535475,True,0.18899689614772797,0.5031476020812988,0.5014386773109436,0.8981960415840149,0.8988930583000183,0.9939589311372866,1.50022119140625,1.6614874440727505,0.8593382069368527,0.5315395439716237,0.6734997112100799,0.877476407912331,1.1267701922033428,0.18406422436237335,0.28200000524520874,0.04400000348687172
50,201,99,hyperbolic_paraboloid,K+S,9042,0.020747912116348743,0.004517238470725715,4.377765981189441e-05,0.0004504826012535475,True,0.18899689614772797,0.5031476020812988,0.5014386773109436,0.8981960415840149,0.8988930583000183,0.9939589311372866,1.50022119140625,1.6614874440727505,0.8593382069368527,0.5315395439716237,0.6734997112100799,0.877476407912331,1.1267701922033428,0.18406422436237335,0.28200000524520874,0.04400000348687172
100,11,4,paraboloid,baseline,42,0.002768508973531425,0.018372696824371815,0.005578641372267157,0.0002605951264161955,True,0.032885920256376266,0.08036856353282928,0.521856963634491,0.9669116735458374,0.7596173882484436,0.9268664251722578,1.6509915688880403,1.7199008396693638,1.0326958948501406,0.5066046984084747,0.7430487587843999,1.157069342153796,1.227264000059006,0.36009857058525085,0.2800000011920929,0.04200000315904617
100,11,4,paraboloid,K,42,0.002762381627690047,0.014180623460561037,0.004556316591333598,0.0002605951264161955,True,0.020757168531417847,0.08946547657251358,0.5106783509254456,0.9770376086235046,0.8095092177391052,0.9180199977815284,1.7021979998825187,1.8439132690429687,1.302604869517603,0.5132136263716482,0.7585527419589212,1.2476528458972114,1.388750342467589,0.4111678898334503,0.2800000011920929,0.04200000315904617
100,11,4,paraboloid,K+S,42,0.002762381627690047,0.014180623460561037,0.004556316591333598,0.0002605951264161955,True,0.020757168531417847,0.08946547657251358,0.5106783509254456,0.9770376086235046,0.8095092177391052,0.9180199977815284,1.7021979998825187,1.8439132690429687,1.302604869517603,0.5132136263716482,0.7585527419589212,1.2476528458972114,1.388750342467589,0.4111678898334503,0.2800000011920929,0.04200000315904617
100,11,4,paraboloid,baseline,1042,0.0015801425615791231,0.08672854979522526,0.013505845097824931,0.0008714537728916515,True,0.05561414361000061,0.04422876983880997,0.49131062626838684,0.9473710060119629,0.9064308404922485,0.8179173119084076,1.5187539026196561,1.7016423372614304,1.0810684154477437,0.4032540849161842,0.7291366971025179,0.9528889572770534,1.1246844211392588,0.23780174553394318,0.2980000078678131,0.06200000271201134
100,11,4,paraboloid,K,1042,0.0024285420367959887,0.10455643327441067,0.013059617020189762,0.0008714537728916515,True,0.032194189727306366,0.046261854469776154,0.4992639422416687,0.9565282464027405,0.9334980845451355,0.8346826769992344,1.5689212841615359,1.7932819136037121,1.2556969613678115,0.42370597145506905,0.7719900795841422,1.034358275572483,1.2472263473400471,0.27086585760116577,0.2980000078678131,0.06200000271201134
100,11,4,paraboloid,K+S,1042,0.0024285420367959887,0.10455643327441067,0.013059617020189762,0.0008714537728916515,True,0.032194189727306366,0.046261854469776154,0.4992639422416687,0.9565282464027405,0.9334980845451355,0.8346826769992344,1.5689212841615359,1.7932819136037121,1.2556969613678115,0.42370597145506905,0.7719900795841422,1.034358275572483,1.2472263473400471,0.27086585760116577,0.2980000078678131,0.06200000271201134
100,11,4,paraboloid,baseline,2042,0.0028372868546284735,0.02970757707953453,0.0062340470612980425,0.0004248162731528282,True,0.02574126422405243,0.03864658996462822,0.8051108717918396,1.5487945079803467,1.427212119102478,1.404625875908032,2.4501953125,2.3400442940848216,1.5860381746328103,0.964317475429645,1.3969538572808962,1.9767422277396076,2.073319774918238,0.36802059412002563,0.26600000262260437,0.04800000041723251
100,11,4,paraboloid,K,2042,0.005885939579457045,0.05010582134127617,0.005471259908517823,0.0004248162731528282,True,0.017865702509880066,0.058352723717689514,0.7997270226478577,1.5514055490493774,1.435104250907898,1.407708820543791,2.476589626736111,2.380947256446781,1.6777653425218986,0.9722957478686886,1.425471228118266,2.047478937506912,2.2327194282562424,0.3773869276046753,0.26600000262260437,0.04800000041723251
100,11,4,paraboloid,K+S,2042,0.005885939579457045,0.05010582134127617,0.005471259908517823,0.0004248162731528282,True,0.017865702509880066,0.058352723717689514,0.7997270226478577,1.5514055490493774,1.435104250907898,1.407708820543791,2.476589626736111,2.380947256446781,1.6777653425218986,0.9722957478686886,1.425471228118266,2.047478937506912,2.2327194282562424,0.3773869276046753,0.26600000262260437,0.04800000041723251
100,11,4,paraboloid,baseline,3042,0.0022045875957701355,0.017503545619547367,0.007657590904273093,0.00021404358135028318,True,0.015158917754888535,0.0115271657705307,0.518552303314209,0.9610832333564758,1.0973930358886719,0.953342547702155,1.5541837322178171,2.102691650390625,1.6134624841230785,0.5844221291757012,0.7672941408358476,1.3706097584265167,1.6995888275889388,0.38306543231010437,0.2720000147819519,0.05000000074505806
100,11,4,paraboloid,K,3042,0.0016581846866756678,0.008815181558020413,0.007209170958958566,0.00021404358135028318,True,0.00990588404238224,0.021447300910949707,0.5194807648658752,0.9483535885810852,1.1107392311096191,0.9651195585331208,1.5714809360788828,2.1655170216279873,1.735746911992561,0.6032617003473137,0.7826257444323739,1.3729979630229745,1.7685776697326452,0.40655842423439026,0.2720000147819519,0.05000000074505806
100,11,4,paraboloid,K+S,3042,0.0016581846866756678,0.008815181558020413,0.007209170958958566,0.00021404358135028318,True,0.00990588404238224,0.021447300910949707,0.5194807648658752,0.9483535885810852,1.1107392311096191,0.9651195585331208,1.5714809360788828,2.1655170216279873,1.735746911992561,0.6032617003473137,0.7826257444323739,1.3729979630229745,1.7685776697326452,0.40655842423439026,0.2720000147819519,0.05000000074505806
100,11,4,paraboloid,baseline,4042,0.000979518641543109,0.022353099659085274,0.00289106261334382,0.0006827859800647606,True,0.02275577001273632,0.014083570800721645,0.5703943967819214,0.9266929030418396,0.9087193608283997,0.9992006512888083,1.6486060402610085,1.7883170919215425,1.2802742140965235,0.5091901409609594,0.8746576384791183,1.0578748324845288,1.105638975734732,0.40320470929145813,0.28200000524520874,0.06000000238418579
100,11,4,paraboloid,K,4042,0.0016513530717929825,0.014757537632249296,0.0025699024845380336,0.0006827859800647606,True,0.011952800676226616,0.019449127838015556,0.570341944694519,0.928783655166626,0.9378777146339417,1.0062424665935128,1.665379610928622,1.8427024462544326,1.3505655976156885,0.5216620417556207,0.8911242281698484,1.0807644753351033,1.1854342579444226,0.41872546076774597,0.28200000524520874,0.06000000238418579
100,11,4,paraboloid,K+S,4042,0.0016513530717929825,0.014757537632249296,0.0025699024845380336,0.0006827859800647606,True,0.011952800676226616,0.019449127838015556,0.570341944694519,0.928783655166626,0.9378777146339417,1.0062424665935128,1.665379610928622,1.8427024462544326,1.3505655976156885,0.5216620417556207,0.8911242281698484,1.0807644753351033,1.1854342579444226,0.41872546076774597,0.28200000524520874,0.06000000238418579
100,11,4,paraboloid,baseline,5042,0.005562621634453535,0.07603770447894931,0.00653882825281471,0.0009343250739303502,True,0.0380622036755085,0.09759512543678284,0.5485112071037292,0.930197536945343,1.0132125616073608,0.9831867595295329,1.6141375439633303,2.028680136037427,1.444381401803268,0.6709218372529212,0.857134527494535,1.1551795209598925,1.3560224759075497,0.4096184968948364,0.2580000162124634,0.06599999964237213
100,11,4,paraboloid,K,5042,0.005383106879889965,0.07539688900578767,0.004091803159099072,0.0009343250739303502,True,0.011289358139038086,0.0892963707447052,0.5519547462463379,0.9492326378822327,1.073794960975647,0.9921256599845467,1.6742334119508187,2.1287219616793847,1.6337587073969053,0.7200025969940885,0.9361034699963593,1.2978201919557295,1.5581689758275017,0.4389721751213074,0.2580000162124634,0.06599999964237213
100,11,4,paraboloid,K+S,5042,0.005383106879889965,0.07539688900578767,0.004091803159099072,0.0009343250739303502,True,0.011289358139038086,0.0892963707447052,0.5519547462463379,0.9492326378822327,1.073794960975647,0.9921256599845467,1.6742334119508187,2.1287219616793847,1.6337587073969053,0.7200025969940885,0.9361034699963593,1.2978201919557295,1.5581689758275017,0.4389721751213074,0.2580000162124634,0.06599999964237213
100,11,4,paraboloid,baseline,6042,0.012208910949993879,0.027358179533621296,0.005980956368148327,0.0011628364128145304,True,0.04686558246612549,0.18844883143901825,0.5498721599578857,1.0280029773712158,1.3013893365859985,0.9643980185891038,1.8296224038431963,2.0245392743278954,1.6514473609439597,0.5722812556623449,0.909336553747094,1.2348874183750005,1.90792225202565,0.3800707459449768,0.2720000147819519,0.06000000238418579
100,11,4,paraboloid,K,6042,0.011025434243492782,0.030551865143934265,0.005498560145497322,0.0011628364128145304,True,0.02884640358388424,0.052942581474781036,0.526043176651001,0.9871309995651245,1.2664844989776611,0.9299815173716272,1.780305877445251,1.9790409312528723,1.5941255257939981,0.5887140289199849,0.9184444928802248,1.189991080259964,1.8611167197910017,0.3861355483531952,0.2720000147819519,0.06000000238418579
100,11,4,paraboloid,K+S,6042,0.011025434243492782,0.030551865143934265,0.005498560145497322,0.0011628364128145304,True,0.02884640358388424,0.052942581474781036,0.526043176651001,0.9871309995651245,1.2664844989776611,0.9299815173716272,1.780305877445251,1.9790409312528723,1.5941255257939981,0.5887140289199849,0.9184444928802248,1.189991080259964,1.8611167197910017,0.3861355483531952,0.2720000147819519,0.06000000238418579
100,11,4,paraboloid,baseline,7042,0.0025091812713071704,0.0442948704585433,0.006662809173576534,0.001362834633751349,True,0.018346033990383148,0.056621961295604706,0.5846986770629883,0.9479629993438721,1.1616475582122803,1.0222668752796324,1.6201951023423191,1.923450893825955,1.2744232976391268,0.6587014719826324,0.9502230106622201,1.1100963190102506,1.5072442545268383,0.33686789870262146,0.2880000174045563,0.058000002056360245
100,11,4,paraboloid,K,7042,0.00892669113818556,0.10184985864907503,0.00627843220718205,0.001362834633751349,True,0.017240487039089203,0.046826884150505066,0.5905435681343079,0.9236243963241577,1.080306887626648,1.0254651040232654,1.5917482480898009,1.8477918836805556,1.1579589162793409,0.682174626195767,0.9589329242333026,1.058069948831414,1.3693581803784005,0.3337665796279907,0.2880000174045563,0.058000002056360245
100,11,4,paraboloid,K+S,7042,0.00892669113818556,0.10184985864907503,0.00627843220718205,0.001362834633751349,True,0.017240487039089203,0.046826884150505066,0.5905435681343079,0.9236243963241577,1.080306887626648,1.0254651040232654,1.5917482480898009,1.8477918836805556,1.1579589162793409,0.682174626195767,0.9589329242333026,1.058069948831414,1.3693581803784005,0.3337665796279907,0.2880000174045563,0.058000002056360245
100,11,4,paraboloid,baseline,8042,0.0007120624795788899,0.01263056742027402,0.00886482559144497,0.001270803114907308,True,0.02834818698465824,0.014510827139019966,0.2129698395729065,0.42185449600219727,0.5490928292274475,0.42000116620744976,0.8106032248849196,0.946179594816985,0.6814614749655786,0.3593184218656464,0.42063793667893445,0.761419023504669,1.2888900816915427,0.30565157532691956,0.27000001072883606,0.058000002056360245
100,11,4,paraboloid,K,8042,0.001388423828757368,0.017428602441214025,0.0070337357465177774,0.001270803114907308,True,0.01670900359749794,0.02940237522125244,0.20962592959403992,0.4267314672470093,0.576755702495575,0.4233602115086147,0.8427258883274442,1.0188655146846064,0.7215059263828448,0.3688997720319502,0.44532509278455795,0.856457778269095,1.450601588302866,0.3402644097805023,0.27000001072883606,0.058000002056360245
100,11,4,paraboloid,K+S,8042,0.001388423828757368,0.017428602441214025,0.0070337357465177774,0.001270803114907308,True,0.01670900359749794,0.02940237522125244,0.20962592959403992,0.4267314672470093,0.576755702495575,0.4233602115086147,0.8427258883274442,1.0188655146846064,0.7215059263828448,0.3688997720319502,0.44532509278455795,0.856457778269095,1.450601588302866,0.3402644097805023,0.27000001072883606,0.058000002056360245
100,11,4,paraboloid,baseline,9042,0.0017086559673771262,0.03471318678930402,0.007037775358185172,0.0026019119064916263,True,0.02399405650794506,0.029300760477781296,0.24807041883468628,0.49018594622612,0.6389573216438293,0.48510170823151844,1.0094298095703125,1.4422821694232049,1.3378217050323271,0.42657512509373263,0.40926477400394584,0.7048345688716593,1.0426769088565837,0.3760944902896881,0.28200000524520874,0.04400000348687172
100,11,4,paraboloid,K,9042,0.0008797904374659993,0.04101689322851598,0.004957931872922927,0.0026019119064916263,True,0.00953931175172329,0.01373680867254734,0.24698050320148468,0.5073959231376648,0.6870284080505371,0.4930948265848706,1.0748338623046876,1.6500986518589318,1.5736380152520173,0.4392834648934257,0.4584381990441521,0.8122796644529402,1.1423545328153293,0.4215899109840393,0.28200000524520874,0.04400000348687172
100,11,4,paraboloid,K+S,9042,0.0008797904374659993,0.04101689322851598,0.004957931872922927,0.0026019119064916263,True,0.00953931175172329,0.01373680867254734,0.24698050320148468,0.5073959231376648,0.6870284080505371,0.4930948265848706,1.0748338623046876,1.6500986518589318,1.5736380152520173,0.4392834648934257,0.4584381990441521,0.8122796644529402,1.1423545328153293,0.4215899109840393,0.28200000524520874,0.04400000348687172
100,11,4,hyperbolic_paraboloid,baseline,42,0.0011470767349237576,0.029434308875352144,0.019237762549892068,0.0005551838654686104,True,0.02309841476380825,0.04061756283044815,0.3932722806930542,0.6792399287223816,0.8282516002655029,0.7947285743492484,1.382685611122533,1.5286131722586496,0.8558629455909781,0.39862001241607686,0.5165384024617445,0.5319855896653445,0.9358849859239838,0.21589155495166779,0.2800000011920929,0.04200000315904617
100,11,4,hyperbolic_paraboloid,K,42,0.009399064932949841,0.035061336820945144,0.016611754661425948,0.0005551838654686104,True,0.03468581289052963,0.34142082929611206,0.44774147868156433,0.7760404348373413,1.0147788524627686,0.7900873196948079,1.5033199912623356,1.6978402273995536,0.9257363366562085,0.39744523159147904,0.5138309585273669,0.6736955864298023,0.9635030309130922,0.25359100103378296,0.2800000011920929,0.04200000315904617
100,11,4,hyperbolic_paraboloid,K+S,42,0.009399064932949841,0.035061336820945144,0.016611754661425948,0.0005551838654686104,True,0.03468581289052963,0.34142082929611206,0.44774147868156433,0.7760404348373413,1.0147788524627686,0.7900873196948079,1.5033199912623356,1.6978402273995536,0.9257363366562085,0.39744523159147904,0.5138309585273669,0.6736955864298023,0.9635030309130922,0.25359100103378296,0.2800000011920929,0.04200000315904617
100,11,4,hyperbolic_paraboloid,baseline,1042,0.0013763356255367398,0.02529639843851328,0.00667954480741173,0.0006244574588808147,True,0.019518112763762474,0.03065093792974949,0.6411483883857727,0.948391854763031,1.1282345056533813,1.0858675610514685,1.785504989907644,2.019630790556837,0.8737245683821788,0.4496446238002838,0.6239587187863394,0.681303132247022,1.2097096532710876,0.23275066912174225,0.2980000078678131,0.06200000271201134
100,11,4,hyperbolic_paraboloid,K,1042,0.0010025714873336256,0.01896509504877031,0.0058637530310079455,0.0006244574588808147,True,0.012314077466726303,0.024234917014837265,0.6426424980163574,0.9631302356719971,1.153873085975647,1.0938697594045796,1.8187647255823072,2.0693027573143876,0.9419927791771552,0.4684288615809618,0.6504204343464869,0.7405362092329589,1.2807734673988505,0.2464224398136139,0.2980000078678131,0.06200000271201134
100,11,4,hyperbolic_paraboloid,K+S,1042,0.0010025714873336256,0.01896509504877031,0.0058637530310079455,0.0006244574588808147,True,0.012314077466726303,0.024234917014837265,0.6426424980163574,0.9631302356719971,1.153873085975647,1.0938697594045796,1.8187647255823072,2.0693027573143876,0.9419927791771552,0.4684288615809618,0.6504204343464869,0.7405362092329589,1.2807734673988505,0.2464224398136139,0.2980000078678131,0.06200000271201134
100,11,4,hyperbolic_paraboloid,baseline,2042,0.004376264405436814,0.06035167537629604,0.004010722506791353,0.0001898329620334235,True,0.017563123255968094,0.04486152529716492,0.5175980925559998,1.0197362899780273,0.8660585284233093,0.8690572370562637,1.5511074974423362,1.7366970894031954,0.9528675632105047,0.4262335632558645,0.6744357087404119,0.9671406326558056,0.9758438161557847,0.24632857739925385,0.26600000262260437,0.04800000041723251
100,11,4,hyperbolic_paraboloid,K,2042,0.0018408694595564157,0.06473573297262192,0.0024666070530656725,0.0001898329620334235,True,0.011438822373747826,0.027814814820885658,0.5136091709136963,1.0311487913131714,0.8711255788803101,0.8758471304910225,1.5951318892221602,1.8088914684783248,1.0927459154148704,0.42908328376337834,0.6872474517763109,1.0398415619336199,1.0526841858817682,0.2698919177055359,0.26600000262260437,0.04800000041723251
100,11,4,hyperbolic_paraboloid,K+S,2042,0.0018408694595564157,0.06473573297262192,0.0024666070530656725,0.0001898329620334235,True,0.011438822373747826,0.027814814820885658,0.5136091709136963,1.0311487913131714,0.8711255788803101,0.8758471304910225,1.5951318892221602,1.8088914684783248,1.0927459154148704,0.42908328376337834,0.6872474517763109,1.0398415619336199,1.0526841858817682,0.2698919177055359,0.26600000262260437,0.04800000041723251
100,11,4,hyperbolic_paraboloid,baseline,3042,0.0015625983069185168,0.036028427770361304,0.034999905154109,0.0005979286506772041,True,0.01200496219098568,0.01805983856320381,0.49209344387054443,0.8216482400894165,0.8756358027458191,0.9435805090250832,1.4910493537561218,1.6650671117446,1.0095702505431292,0.5403645732610839,0.6483551534539237,0.8192349250939925,1.2773618457690643,0.24323096871376038,0.2720000147819519,0.05000000074505806
100,11,4,hyperbolic_paraboloid,K,3042,0.0022361611190717667,0.031937873165588826,0.03838352905586362,0.0005979286506772041,True,0.01311083510518074,0.09120890498161316,0.48864319920539856,0.8117625117301941,0.8458878993988037,0.9448989901997298,1.477745170023904,1.6513400358312271,1.0028926119950694,0.5443146953300967,0.655816535195215,0.8062553558558418,1.22234238078477,0.24207475781440735,0.2720000147819519,0.05000000074505806
100,11,4,hyperbolic_paraboloid,K+S,3042,0.0022361611190717667,0.031937873165588826,0.03838352905586362,0.0005979286506772041,True,0.01311083510518074,0.09120890498161316,0.48864319920539856,0.8117625117301941,0.8458878993988037,0.9448989901997298,1.477745170023904,1.6513400358312271,1.0028926119950694,0.5443146953300967,0.655816535195215,0.8062553558558418,1.22234238078477,0.24207475781440735,0.2720000147819519,0.05000000074505806
100,11,4,hyperbolic_paraboloid,baseline,4042,0.0014828078856226057,0.04584349412471056,0.004350492876255885,0.0013762648979371245,True,0.015878820791840553,0.030035825446248055,0.7807166576385498,1.279930591583252,1.541951298713684,1.3218509566499457,2.118976015033144,2.290215458430297,1.5885095951216652,0.6149009762031724,0.9567001827710196,1.1973924610228497,2.0690233067342443,0.2947637736797333,0.28200000524520874,0.06000000238418579
100,11,4,hyperbolic_paraboloid,K,4042,0.001096465770388022,0.02942713932134211,0.003003277408424765,0.0013762648979371245,True,0.007428741082549095,0.01736891083419323,0.7767435908317566,1.2903659343719482,1.5440610647201538,1.3216434900776166,2.1552567915482954,2.3645560623060726,1.6945429049827243,0.6387738389308301,0.9993783284234768,1.2775513673028633,2.059221445860433,0.2962513566017151,0.28200000524520874,0.06000000238418579
100,11,4,hyperbolic_paraboloid,K+S,4042,0.001096465770388022,0.02942713932134211,0.003003277408424765,0.0013762648979371245,True,0.007428741082549095,0.01736891083419323,0.7767435908317566,1.2903659343719482,1.5440610647201538,1.3216434900776166,2.1552567915482954,2.3645560623060726,1.6945429049827243,0.6387738389308301,0.9993783284234768,1.2775513673028633,2.059221445860433,0.2962513566017151,0.28200000524520874,0.06000000238418579
100,11,4,hyperbolic_paraboloid,baseline,5042,0.008199182339012623,0.022053332766517997,0.016063184943050146,0.014730957421389494,True,0.10175488889217377,0.15852010250091553,0.7708844542503357,1.232944369316101,1.146705150604248,1.3323303893372254,2.0375260356607474,2.065994380980499,1.2145330035972444,0.659876276992923,0.8863419622123818,1.0998337474369129,1.1561852889264719,0.3036118149757385,0.2580000162124634,0.06599999964237213
100,11,4,hyperbolic_paraboloid,K,5042,0.013648156775161624,0.03595136012881994,0.01452405727468431,0.014730957421389494,True,0.05763900279998779,0.1003914475440979,0.778320848941803,1.2231452465057373,1.119454264640808,1.340098353794643,2.009208200602514,1.9888707833696706,1.0897342340367886,0.6661817532367248,0.8939351868120233,1.026625360035952,1.0415468620994575,0.28651314973831177,0.2580000162124634,0.06599999964237213
100,11,4,hyperbolic_paraboloid,K+S,5042,0.013648156775161624,0.03595136012881994,0.01452405727468431,0.014730957421389494,True,0.05763900279998779,0.1003914475440979,0.778320848941803,1.2231452465057373,1.119454264640808,1.340098353794643,2.009208200602514,1.9888707833696706,1.0897342340367886,0.6661817532367248,0.8939351868120233,1.026625360035952,1.0415468620994575,0.28651314973831177,0.2580000162124634,0.06599999964237213
100,11,4,hyperbolic_paraboloid,baseline,6042,0.002419698459561914,0.032270200666971505,0.019167173886671662,0.0010378795929930427,True,0.023112168535590172,0.039403036236763,0.3562439978122711,0.5605165958404541,0.5021916627883911,0.663634447274229,1.1824746920367863,1.2158856111414291,0.6509261743915947,0.3970913486099875,0.4711747362298031,0.5373923726474458,0.5257296540185181,0.214666947722435,0.2720000147819519,0.06000000238418579
100,11,4,hyperbolic_paraboloid,K,6042,0.0015673163579776883,0.03349649457959458,0.01843958767130971,0.0010378795929930427,True,0.015548080205917358,0.021455571055412292,0.3569638431072235,0.5736930966377258,0.5152565836906433,0.6689667554678896,1.1935416394331324,1.2399205600514132,0.695422448127834,0.4017358115952958,0.4766709864452545,0.5504778960523153,0.5305823562614671,0.21006907522678375,0.2720000147819519,0.06000000238418579
100,11,4,hyperbolic_paraboloid,K+S,6042,0.0015673163579776883,0.03349649457959458,0.01843958767130971,0.0010378795929930427,True,0.015548080205917358,0.021455571055412292,0.3569638431072235,0.5736930966377258,0.5152565836906433,0.6689667554678896,1.1935416394331324,1.2399205600514132,0.695422448127834,0.4017358115952958,0.4766709864452545,0.5504778960523153,0.5305823562614671,0.21006907522678375,0.2720000147819519,0.06000000238418579
100,11,4,hyperbolic_paraboloid,baseline,7042,0.005115438485518098,0.03822750900872052,0.009201341308653355,0.0012490530074997382,True,0.023190878331661224,0.08545316755771637,0.5031789541244507,0.7714737057685852,0.8671905398368835,0.9029433464688876,1.5496258298992673,1.6859864128960504,0.7945794761789469,0.4370228418459217,0.5538583526897133,0.7500266236645622,1.0343682272310117,0.2251887172460556,0.2880000174045563,0.058000002056360245
100,11,4,hyperbolic_paraboloid,K,7042,0.007118894369341433,0.05119004938751459,0.009114776272326708,0.0012490530074997382,True,0.02050558105111122,0.08188376575708389,0.51118403673172,0.791898250579834,0.9063336849212646,0.9282032298621627,1.6014285803714514,1.7689999474419489,0.7810812328097322,0.4541898027707761,0.5850447046346541,0.7773078290055957,1.1032427993276286,0.23772980272769928,0.2880000174045563,0.058000002056360245
100,11,4,hyperbolic_paraboloid,K+S,7042,0.007118894369341433,0.05119004938751459,0.009114776272326708,0.0012490530074997382,True,0.02050558105111122,0.08188376575708389,0.51118403673172,0.791898250579834,0.9063336849212646,0.9282032298621627,1.6014285803714514,1.7689999474419489,0.7810812328097322,0.4541898027707761,0.5850447046346541,0.7773078290055957,1.1032427993276286,0.23772980272769928,0.2880000174045563,0.058000002056360245
100,11,4,hyperbolic_paraboloid,baseline,8042,0.005966781754978001,0.04011500044725835,0.005322698038071394,0.0019969474524259567,True,0.01738172210752964,0.027138516306877136,0.5577473044395447,0.932158887386322,0.9144161939620972,1.091156278337751,1.5690824263323393,1.6809016474971066,0.7078058008097293,0.542725900529838,0.6950981563411358,0.6436638355348905,0.8073603068001567,0.21840231120586395,0.27000001072883606,0.058000002056360245
100,11,4,hyperbolic_paraboloid,K,8042,0.011042095022276044,0.03384420555084944,0.008200251846574247,0.0019969474524259567,True,0.016962744295597076,0.07944890111684799,0.5681523084640503,0.970152735710144,0.9228230118751526,1.096382004874093,1.6144953684193464,1.7662714075159143,0.8789295864696217,0.5776472878486317,0.7319885608204545,0.7476797131234842,0.8244105797057332,0.2310395985841751,0.27000001072883606,0.058000002056360245
100,11,4,hyperbolic_paraboloid,K+S,8042,0.011042095022276044,0.03384420555084944,0.008200251846574247,0.0019969474524259567,True,0.016962744295597076,0.07944890111684799,0.5681523084640503,0.970152735710144,0.9228230118751526,1.096382004874093,1.6144953684193464,1.7662714075159143,0.8789295864696217,0.5776472878486317,0.7319885608204545,0.7476797131234842,0.8244105797057332,0.2310395985841751,0.27000001072883606,0.058000002056360245
100,11,4,hyperbolic_paraboloid,baseline,9042,0.0031505220104008913,0.0584577159024775,0.004015481623355299,0.00014206114098091018,True,0.014842033386230469,0.0303812213242054,0.49739760160446167,1.0145922899246216,1.1396890878677368,0.872030182556959,1.4773807373046874,1.9539260323166001,1.0963353560461384,0.4116488859939812,0.5567231670354381,0.9639572246096073,1.2444322847676481,0.2517484128475189,0.28200000524520874,0.04400000348687172
100,11,4,hyperbolic_paraboloid,K,9042,0.0012679197388933972,0.031626753974705935,0.0035329210513737053,0.00014206114098091018,True,0.011503878980875015,0.020903542637825012,0.5043696761131287,1.0107766389846802,1.0884901285171509,0.8748904997031595,1.4665526123046875,1.9519584060560726,1.1401758539165598,0.42994005162990623,0.5761567913728783,0.9440609069486331,1.1590576621844548,0.2502978444099426,0.28200000524520874,0.04400000348687172
100,11,4,hyperbolic_paraboloid,K+S,9042,0.0012679197388933972,0.031626753974705935,0.0035329210513737053,0.00014206114098091018,True,0.011503878980875015,0.020903542637825012,0.5043696761131287,1.0107766389846802,1.0884901285171509,0.8748904997031595,1.4665526123046875,1.9519584060560726,1.1401758539165598,0.42994005162990623,0.5761567913728783,0.9440609069486331,1.1590576621844548,0.2502978444099426,0.28200000524520874,0.04400000348687172
100,201,99,paraboloid,baseline,42,0.016742761712521315,0.007736599771305919,3.62036635124241e-05,0.005109236608097209,True,0.1458781361579895,0.6234108805656433,0.4746149182319641,0.9223759770393372,0.8575078845024109,0.9415637315779858,1.6886873173534422,1.7241097586495535,0.9078650974956578,0.5719553267458921,0.7324427365573348,1.0936030304585154,1.0982474755157705,0.28683626651763916,0.2800000011920929,0.04200000315904617
100,201,99,paraboloid,K,42,0.00970883434638381,0.002394826471572742,1.8390255490885465e-05,0.005109236608097209,True,0.06885973364114761,0.309829443693161,0.46726664900779724,0.9297635555267334,0.8990549445152283,0.9080148539723691,1.7087879611137218,1.8236231122698103,1.0342592174579415,0.5413353357671611,0.7376189857527009,1.1657425653372326,1.1903642849324163,0.34981679916381836,0.2800000011920929,0.04200000315904617
100,201,99,paraboloid,K+S,42,0.00970883434638381,0.002394826471572742,1.8390255490885465e-05,0.005109236608097209,True,0.06885973364114761,0.309829443693161,0.46726664900779724,0.9297635555267334,0.8990549445152283,0.9080148539723691,1.7087879611137218,1.8236231122698103,1.0342592174579415,0.5413353357671611,0.7376189857527009,1.1657425653372326,1.1903642849324163,0.34981679916381836,0.2800000011920929,0.04200000315904617
100,201,99,paraboloid,baseline,1042,0.014966514892876148,0.002300817199284211,4.973425529897213e-05,0.003675313434790616,True,0.21219739317893982,0.38595080375671387,0.5300962924957275,0.7554441690444946,1.01699960231781,1.0873763800198357,1.623934947868262,1.8281725173028522,1.0399032339167205,0.8029210270338062,0.8612268619104713,0.8681784976477145,1.3015708237926102,0.3288078308105469,0.2980000078678131,0.06200000271201134
100,201,99,paraboloid,K,1042,0.007510630646720529,0.0007513826858485118,2.9794896363455337e-05,0.003675313434790616,True,0.092410147190094,0.2976972162723541,0.537872850894928,0.7931426763534546,1.087472677230835,0.8617606725883908,1.521905948681459,1.793761797399329,1.0864164972020083,0.5698533787864253,0.6746505128629982,0.7394202215961836,1.3963836282487672,0.3236660063266754,0.2980000078678131,0.06200000271201134
100,201,99,paraboloid,K+S,1042,0.007510630646720529,0.0007513826858485118,2.9794896363455337e-05,0.003675313434790616,True,0.092410147190094,0.2976972162723541,0.537872850894928,0.7931426763534546,1.087472677230835,0.8617606725883908,1.521905948681459,1.793761797399329,1.0864164972020083,0.5698533787864253,0.6746505128629982,0.7394202215961836,1.3963836282487672,0.3236660063266754,0.2980000078678131,0.06200000271201134
100,201,99,paraboloid,baseline,2042,0.038395730778574944,0.001190664159366861,0.00011079315663664602,0.0020869888773011923,True,0.16495223343372345,0.7769600749015808,0.42802882194519043,0.7402189373970032,0.661872386932373,1.144986068993284,1.627015371171255,1.7387071193609023,1.28272399538344,0.8093098842327509,0.9332709154417984,1.2067688518977926,0.9527600011628461,0.33981409668922424,0.26600000262260437,0.04800000041723251
100,201,99,paraboloid,K,2042,0.04096192680299282,0.0020691347017418593,8.661337960802484e-05,0.0020869888773011923,True,0.1586320996284485,0.48696282505989075,0.48153945803642273,0.7877700328826904,0.7447471618652344,1.605954086571409,1.9472871810670882,2.011796305950423,1.5876243321521133,1.317688161513606,1.3675847885466927,1.5098176633392129,1.4237966442421732,0.4894334673881531,0.26600000262260437,0.04800000041723251
100,201,99,paraboloid,K+S,2042,0.04096192680299282,0.0020691347017418593,8.661337960802484e-05,0.0020869888773011923,True,0.1586320996284485,0.48696282505989075,0.48153945803642273,0.7877700328826904,0.7447471618652344,1.605954086571409,1.9472871810670882,2.011796305950423,1.5876243321521133,1.317688161513606,1.3675847885466927,1.5098176633392129,1.4237966442421732,0.4894334673881531,0.26600000262260437,0.04800000041723251
100,201,99,paraboloid,baseline,3042,0.033271456602960825,0.0014433919277507812,3.5429168292466784e-05,0.008225902396055003,True,0.13461239635944366,0.2512086033821106,0.5516191124916077,0.9625048637390137,0.9381939768791199,1.772494770735172,2.269442430183069,2.5768010756548714,2.0364596244111968,1.4597529764866535,1.5211808363883028,1.9359573062938176,2.0149717351668035,0.5136030912399292,0.2720000147819519,0.05000000074505806
100,201,99,paraboloid,K,3042,0.01629351614974439,0.0012100342646590434,1.966407216968946e-05,0.008225902396055003,True,0.057563409209251404,0.16829869151115417,0.5299739837646484,0.9222760200500488,0.8516844511032104,1.1683338782739745,1.748888499701201,2.063260919907514,1.4544759800371438,0.7373295726676039,0.8053118035732733,1.3207596704716864,1.3016059602623233,0.3555046319961548,0.2720000147819519,0.05000000074505806
100,201,99,paraboloid,K+S,3042,0.01629351614974439,0.0012100342646590434,1.966407216968946e-05,0.008225902396055003,True,0.057563409209251404,0.16829869151115417,0.5299739837646484,0.9222760200500488,0.8516844511032104,1.1683338782739745,1.748888499701201,2.063260919907514,1.4544759800371438,0.7373295726676039,0.8053118035732733,1.3207596704716864,1.3016059602623233,0.3555046319961548,0.2720000147819519,0.05000000074505806
100,201,99,paraboloid,baseline,4042,0.02690291590988636,0.0018393832579022273,0.00010719344936660491,0.005245139349752397,True,0.11125477403402328,0.5347117185592651,0.3868013620376587,0.47827643156051636,0.499329149723053,1.09764982873085,1.3252660577947444,1.2622349515874336,0.963352761479812,0.9246210230334068,1.057688326494848,0.9275590199817761,0.9320598925111492,0.42278292775154114,0.28200000524520874,0.06000000238418579
100,201,99,paraboloid,K,4042,0.0023185506579466164,0.0010627377378114033,7.920901771285571e-05,0.005245139349752397,True,0.03879503905773163,0.04065745323896408,0.4071964621543884,0.5514348745346069,0.5279092788696289,0.7328288643065347,1.1816043275775332,1.1243604294797207,0.8616242044574709,0.4958370990923104,0.866351760431847,0.6020821880624994,0.5907392529244435,0.2885081171989441,0.28200000524520874,0.06000000238418579
100,201,99,paraboloid,K+S,4042,0.0023185506579466164,0.0010627377378114033,7.920901771285571e-05,0.005245139349752397,True,0.03879503905773163,0.04065745323896408,0.4071964621543884,0.5514348745346069,0.5279092788696289,0.7328288643065347,1.1816043275775332,1.1243604294797207,0.8616242044574709,0.4958370990923104,0.866351760431847,0.6020821880624994,0.5907392529244435,0.2885081171989441,0.28200000524520874,0.06000000238418579
100,201,99,paraboloid,baseline,5042,0.014477885328233242,0.0012758283919538371,2.3284259214051417e-05,0.0005992555351399663,True,0.101267509162426,0.23456624150276184,0.5334426164627075,0.8592414259910583,1.0892668962478638,1.0311155214414491,1.6751079488944303,1.7295936761900437,1.1651016468695647,0.609320453565466,0.8634031071363933,0.9427743749352288,1.4446225011883573,0.3641275465488434,0.2580000162124634,0.06599999964237213
100,201,99,paraboloid,K,5042,0.024686559569090605,0.0029727602668572217,1.893485273285478e-05,0.0005992555351399663,True,0.08440981060266495,0.19547785818576813,0.5385713577270508,0.9085131287574768,1.1481273174285889,1.0937166654146635,1.7724773787044512,1.9167441434638446,1.4632544439440243,0.6869786404439375,0.930520934299891,1.0897190432681008,1.5947038977040104,0.3851090669631958,0.2580000162124634,0.06599999964237213
100,201,99,paraboloid,K+S,5042,0.024686559569090605,0.0029727602668572217,1.893485273285478e-05,0.0005992555351399663,True,0.08440981060266495,0.19547785818576813,0.5385713577270508,0.9085131287574768,1.1481273174285889,1.0937166654146635,1.7724773787044512,1.9167441434638446,1.4632544439440243,0.6869786404439375,0.930520934299891,1.0897190432681008,1.5947038977040104,0.3851090669631958,0.2580000162124634,0.06599999964237213
100,201,99,paraboloid,baseline,6042,0.002462636854033917,0.0018992665427504107,5.527308621822158e-05,0.001429785839953826,True,0.10137484967708588,0.07169430702924728,0.3516456186771393,0.5653452277183533,0.5167256593704224,0.6209209290895168,1.0930382435716044,1.0837202633128447,0.6325826982548008,0.39193802875558664,0.4938890246338486,0.549889160868286,0.5493746605395764,0.19612258672714233,0.2720000147819519,0.06000000238418579
100,201,99,paraboloid,K,6042,0.0026727072545327246,0.0015399150743178325,4.679287758335704e-05,0.001429785839953826,True,0.06029607355594635,0.05925527587532997,0.35653865337371826,0.558333694934845,0.4901486933231354,0.6244455749242841,1.1009591170183317,1.073263168334961,0.6454117402948739,0.4066685248466004,0.5132993947037652,0.5561590016967294,0.5150176314696807,0.2108679860830307,0.2720000147819519,0.06000000238418579
100,201,99,paraboloid,K+S,6042,0.0026727072545327246,0.0015399150743178325,4.679287758335704e-05,0.001429785839953826,True,0.06029607355594635,0.05925527587532997,0.35653865337371826,0.558333694934845,0.4901486933231354,0.6244455749242841,1.1009591170183317,1.073263168334961,0.6454117402948739,0.4066685248466004,0.5132993947037652,0.5561590016967294,0.5150176314696807,0.2108679860830307,0.2720000147819519,0.06000000238418579
100,201,99,paraboloid,baseline,7042,0.04484888259321451,0.00864682556129992,0.00010921081047854386,0.0004390798027242594,True,0.1840854287147522,0.9691163897514343,0.6143490672111511,0.9650344252586365,1.00216543674469,1.1942593074580121,1.72023686559209,1.9165060255262587,0.9142001785116551,0.8274704768022983,0.988379552984259,0.9707477421238605,1.1038479353237023,0.27071595191955566,0.2880000174045563,0.058000002056360245
100,201,99,paraboloid,K,7042,0.02526167966425419,0.004005354247055948,9.663079435995314e-05,0.0004390798027242594,True,0.11122695356607437,0.3571930527687073,0.6237858533859253,1.008762240409851,1.0199912786483765,1.2347659476528083,1.8273575891068568,2.0064368777804904,1.0283282258430764,0.9038698980291207,1.1626355632779792,1.1196221769949481,1.2272592237672029,0.26722460985183716,0.2880000174045563,0.058000002056360245
100,201,99,paraboloid,K+S,7042,0.02526167966425419,0.004005354247055948,9.663079435995314e-05,0.0004390798027242594,True,0.11122695356607437,0.3571930527687073,0.6237858533859253,1.008762240409851,1.0199912786483765,1.2347659476528083,1.8273575891068568,2.0064368777804904,1.0283282258430764,0.9038698980291207,1.1626355632779792,1.1196221769949481,1.2272592237672029,0.26722460985183716,0.2880000174045563,0.058000002056360245
100,201,99,paraboloid,baseline,8042,0.015300117200240493,0.002009741510846652,7.135685518733226e-05,0.002571794227581119,True,0.24164560437202454,0.46617233753204346,0.4922206699848175,0.9873321056365967,1.199092984199524,0.9702671595982143,1.5761537670594528,1.9692911783854166,1.2205944258606014,0.5342435735007981,0.7797179749527163,1.1827228722872658,1.5450070901164636,0.2513386905193329,0.27000001072883606,0.058000002056360245
100,201,99,paraboloid,K,8042,0.02156460820697248,0.005972553277388215,5.143533689988544e-05,0.002571794227581119,True,0.1923002451658249,0.3086775541305542,0.4957610070705414,0.9993604421615601,1.2178819179534912,1.080991200038365,1.6936620182021525,2.129115577980324,1.467403930438084,0.6971444183715791,0.9325382398973153,1.3385233173664128,1.7933324158880557,0.286491721868515,0.27000001072883606,0.058000002056360245
100,201,99,paraboloid,K+S,8042,0.02156460820697248,0.005972553277388215,5.143533689988544e-05,0.002571794227581119,True,0.1923002451658249,0.3086775541305542,0.4957610070705414,0.9993604421615601,1.2178819179534912,1.080991200038365,1.6936620182021525,2.129115577980324,1.467403930438084,0.6971444183715791,0.9325382398973153,1.3385233173664128,1.7933324158880557,0.286491721868515,0.27000001072883606,0.058000002056360245
100,201,99,paraboloid,baseline,9042,0.014314031461253762,0.0026486113492865115,4.0317984712601174e-05,0.001243235608238486,True,0.11381905525922775,0.23291543126106262,0.6243559718132019,0.9913946986198425,0.9912770390510559,1.2100005969076955,1.7802349853515624,1.8470017453457446,1.0257600235769744,0.8072003346885869,0.9102958418015128,1.3060578368370312,1.241135037410311,0.3256984055042267,0.28200000524520874,0.04400000348687172
100,201,99,paraboloid,K,9042,0.01437195879407227,0.007288956607226282,4.6859522626618855e-05,0.001243235608238486,True,0.146893709897995,0.4677077531814575,0.6359462141990662,0.9704211950302124,0.946164071559906,1.1285360059023954,1.650402099609375,1.6771099550504212,0.7148543230923324,0.694131180316954,0.7620852777461473,1.0191567345870183,0.9921997932431631,0.2655785381793976,0.28200000524520874,0.04400000348687172
100,201,99,paraboloid,K+S,9042,0.01437195879407227,0.007288956607226282,4.6859522626618855e-05,0.001243235608238486,True,0.146893709897995,0.4677077531814575,0.6359462141990662,0.9704211950302124,0.946164071559906,1.1285360059023954,1.650402099609375,1.6771099550504212,0.7148543230923324,0.694131180316954,0.7620852777461473,1.0191567345870183,0.9921997932431631,0.2655785381793976,0.28200000524520874,0.04400000348687172
100,201,99,hyperbolic_paraboloid,baseline,42,0.013284236891195178,0.0031262014381354675,1.2976440757483942e-05,0.0005728727327057379,True,0.07447542995214462,0.1690221130847931,0.5544021725654602,0.9190662503242493,0.8415370583534241,1.043414619292873,1.6605602063630756,1.5755791800362724,0.6271250378322936,0.5290462589162427,0.6830932441175113,0.7023033221881557,1.014828297498701,0.20872153341770172,0.2800000011920929,0.04200000315904617
100,201,99,hyperbolic_paraboloid,K,42,0.009486701106652617,0.0015357247757492587,1.222978198711644e-05,0.0005728727327057379,True,0.07393612712621689,0.1771467626094818,0.56696617603302,0.9524727463722229,0.8887144923210144,1.0666786652630846,1.7463762096892623,1.676428440638951,0.7568450485595202,0.5875461810450396,0.7706937617388606,0.831926073214037,1.127879425168268,0.24424803256988525,0.2800000011920929,0.04200000315904617
100,201,99,hyperbolic_paraboloid,K+S,42,0.009486701106652617,0.0015357247757492587,1.222978198711644e-05,0.0005728727327057379,True,0.07393612712621689,0.1771467626094818,0.56696617603302,0.9524727463722229,0.8887144923210144,1.0666786652630846,1.7463762096892623,1.676428440638951,0.7568450485595202,0.5875461810450396,0.7706937617388606,0.831926073214037,1.127879425168268,0.24424803256988525,0.2800000011920929,0.04200000315904617
100,201,99,hyperbolic_paraboloid,baseline,1042,0.016928781988099217,0.0021786942597827874,4.488406648306409e-05,0.0009507563576769473,True,0.14971499145030975,0.23716658353805542,0.766075611114502,1.113498330116272,1.2422393560409546,1.3474931270879733,2.0281301732400094,2.1594475867764262,0.9285627595301432,0.6376973514294204,0.8629937053929334,0.932042759707889,1.033973877646628,0.21917301416397095,0.2980000078678131,0.06200000271201134
100,201,99,hyperbolic_paraboloid,K,1042,0.025167763233184814,0.005077889916719869,3.900769297615625e-05,0.0009507563576769473,True,0.08515750616788864,0.253143310546875,0.7728428840637207,1.0881513357162476,1.1833219528198242,1.3529709304095907,1.9872613502700975,2.089218651688339,0.8227910331368873,0.6851153826129041,0.8714569898839435,0.880543101066698,0.9407086979948704,0.21861125528812408,0.2980000078678131,0.06200000271201134
100,201,99,hyperbolic_paraboloid,K+S,1042,0.025167763233184814,0.005077889916719869,3.900769297615625e-05,0.0009507563576769473,True,0.08515750616788864,0.253143310546875,0.7728428840637207,1.0881513357162476,1.1833219528198242,1.3529709304095907,1.9872613502700975,2.089218651688339,0.8227910331368873,0.6851153826129041,0.8714569898839435,0.880543101066698,0.9407086979948704,0.21861125528812408,0.2980000078678131,0.06200000271201134
100,201,99,hyperbolic_paraboloid,baseline,2042,0.0032129239407368004,0.00172002223553136,1.538022092972824e-05,0.002433716657742932,True,0.07978406548500061,0.11244835704565048,0.18851856887340546,0.33361563086509705,0.48027896881103516,0.4007139373243901,0.7414937095036582,0.8768686853853384,0.6655396510689532,0.23733713638107296,0.278059634351166,0.5499769458687666,0.5460357902668629,0.2412598580121994,0.26600000262260437,0.04800000041723251
100,201,99,hyperbolic_paraboloid,K,2042,0.030404815915971994,0.0028085883241146803,3.927620400645537e-05,0.002433716657742932,True,0.08867618441581726,0.42278414964675903,0.37074553966522217,0.7922148704528809,0.7049302458763123,0.8206950405187774,1.2694481743706598,1.4593806446046758,0.9245205605309698,0.5560831995483974,0.7321872562843671,1.0234861673382711,1.1284421651048837,0.26584818959236145,0.26600000262260437,0.04800000041723251
100,201,99,hyperbolic_paraboloid,K+S,2042,0.030404815915971994,0.0028085883241146803,3.927620400645537e-05,0.002433716657742932,True,0.08867618441581726,0.42278414964675903,0.37074553966522217,0.7922148704528809,0.7049302458763123,0.8206950405187774,1.2694481743706598,1.4593806446046758,0.9245205605309698,0.5560831995483974,0.7321872562843671,1.0234861673382711,1.1284421651048837,0.26584818959236145,0.26600000262260437,0.04800000041723251
100,201,99,hyperbolic_paraboloid,baseline,3042,0.013209766242653131,0.0018282148521393538,0.00011617951895459555,0.0023683075288041906,True,0.08164428919553757,0.3273594081401825,0.5063822865486145,0.7369018793106079,0.7401717901229858,1.1418857616754434,1.5976439518715018,1.6527157951803768,0.9376304012188397,0.7619784989383007,0.8313419243550796,0.874752648992484,1.1283415589157189,0.26144281029701233,0.2720000147819519,0.05000000074505806
100,201,99,hyperbolic_paraboloid,K,3042,0.009429863770492375,0.0019714198861038312,0.0001225504765898222,0.0023683075288041906,True,0.06604818254709244,0.11943334341049194,0.49344179034233093,0.7177059650421143,0.7651107907295227,1.0254683061079546,1.4854046266470382,1.5463468888226677,0.7724954162378515,0.6151509715433902,0.6594493944171869,0.7216669322869681,1.056833586780963,0.20760051906108856,0.2720000147819519,0.05000000074505806
100,201,99,hyperbolic_paraboloid,K+S,3042,0.009429863770492375,0.0019714198861038312,0.0001225504765898222,0.0023683075288041906,True,0.06604818254709244,0.11943334341049194,0.49344179034233093,0.7177059650421143,0.7651107907295227,1.0254683061079546,1.4854046266470382,1.5463468888226677,0.7724954162378515,0.6151509715433902,0.6594493944171869,0.7216669322869681,1.056833586780963,0.20760051906108856,0.2720000147819519,0.05000000074505806
100,201,99,hyperbolic_paraboloid,baseline,4042,0.01581562263891101,0.003509867237880826,1.745838994793303e-05,0.012568543799480988,True,0.06355386972427368,0.31048715114593506,0.5972983241081238,0.8505659103393555,0.9050440192222595,1.1764727611086632,1.6725333242705374,1.7081554223459663,0.9557157617970906,0.7580440048002568,0.9761540519411315,0.9124886542277577,1.0222556708802004,0.3220054805278778,0.28200000524520874,0.06000000238418579
100,201,99,hyperbolic_paraboloid,K,4042,0.0024544670013710856,0.0008145765459630638,7.957502020872198e-06,0.012568543799480988,True,0.051016516983509064,0.06055661290884018,0.5531860589981079,0.8582342267036438,0.8650171160697937,0.9801172351630287,1.5469214699485085,1.6315961256094857,0.8601335514052428,0.49382179036817114,0.752867188090917,0.736890994654296,0.9079225868451073,0.2529143691062927,0.28200000524520874,0.06000000238418579
100,201,99,hyperbolic_paraboloid,K+S,4042,0.0024544670013710856,0.0008145765459630638,7.957502020872198e-06,0.012568543799480988,True,0.051016516983509064,0.06055661290884018,0.5531860589981079,0.8582342267036438,0.8650171160697937,0.9801172351630287,1.5469214699485085,1.6315961256094857,0.8601335514052428,0.49382179036817114,0.752867188090917,0.736890994654296,0.9079225868451073,0.2529143691062927,0.28200000524520874,0.06000000238418579
100,201,99,hyperbolic_paraboloid,baseline,5042,0.012490887427702546,0.0030123996548354626,9.246465742762666e-05,0.002357435463672847,True,0.08762256801128387,0.3631385564804077,0.4386416971683502,0.7714627981185913,0.7593765258789062,1.0251012110448146,1.5179902812211716,1.4936696133872336,0.9517517682995373,0.5874405990707015,0.7208031302882318,0.8524414716310864,1.041888179345854,0.2785748243331909,0.2580000162124634,0.06599999964237213
100,201,99,hyperbolic_paraboloid,K,5042,0.008652201853692532,0.0024523989704903215,8.575415813538712e-05,0.002357435463672847,True,0.06806901842355728,0.20527879893779755,0.41014885902404785,0.7532957196235657,0.7258119583129883,0.879864971454327,1.3824601402141952,1.378858817640201,0.9152225257665786,0.4866630747299736,0.6392369554596844,0.881561253595683,1.0534491447744092,0.2700722813606262,0.2580000162124634,0.06599999964237213
100,201,99,hyperbolic_paraboloid,K+S,5042,0.008652201853692532,0.0024523989704903215,8.575415813538712e-05,0.002357435463672847,True,0.06806901842355728,0.20527879893779755,0.41014885902404785,0.7532957196235657,0.7258119583129883,0.879864971454327,1.3824601402141952,1.378858817640201,0.9152225257665786,0.4866630747299736,0.6392369554596844,0.881561253595683,1.0534491447744092,0.2700722813606262,0.2580000162124634,0.06599999964237213
100,201,99,hyperbolic_paraboloid,baseline,6042,0.0018263333186041564,0.001222014099766966,3.745752019312931e-05,0.0004884328934090647,True,0.06851466000080109,0.06977956742048264,0.3454243540763855,0.5015853047370911,0.44676443934440613,0.6163322683998141,1.0695274533249262,1.1142444610595703,0.5589259845329939,0.39032073516216925,0.4304862511190124,0.46171697594007666,0.4622576026807071,0.17510858178138733,0.2720000147819519,0.06000000238418579
100,201,99,hyperbolic_paraboloid,K,6042,0.006672349874861538,0.002831543912179768,4.172960234427592e-05,0.0004884328934090647,True,0.04819946363568306,0.09402279555797577,0.35603588819503784,0.5321488976478577,0.47278276085853577,0.6486387546892208,1.1046774556317667,1.1569733339197494,0.6075445364823069,0.4200995661999204,0.4701657839827335,0.5051310386697375,0.46761420080758415,0.16294553875923157,0.2720000147819519,0.06000000238418579
100,201,99,hyperbolic_paraboloid,K+S,6042,0.006672349874861538,0.002831543912179768,4.172960234427592e-05,0.0004884328934090647,True,0.04819946363568306,0.09402279555797577,0.35603588819503784,0.5321488976478577,0.47278276085853577,0.6486387546892208,1.1046774556317667,1.1569733339197494,0.6075445364823069,0.4200995661999204,0.4701657839827335,0.5051310386697375,0.46761420080758415,0.16294553875923157,0.2720000147819519,0.06000000238418579
100,201,99,hyperbolic_paraboloid,baseline,7042,0.021239460911601782,0.0021368391753640026,6.0237191974010784e-05,0.003773499484085918,True,0.09063394367694855,0.21478761732578278,0.6409375667572021,1.032623291015625,0.9180223345756531,1.2433583263783727,1.8232943915622137,1.836009555392795,0.8278604580741531,0.7665631989046141,0.9739495577784096,0.9765900040699317,0.9132114769369586,0.23794357478618622,0.2880000174045563,0.058000002056360245
100,201,99,hyperbolic_paraboloid,K,7042,0.014678672887384892,0.0012897810229333118,6.657386938968557e-05,0.003773499484085918,True,0.08871980011463165,0.25089895725250244,0.6640397310256958,1.065926194190979,0.9856225252151489,1.1686667555754404,1.7971904600932922,1.841340806749132,0.7045915694232879,0.6994920086977442,0.9354480020822683,0.8956169025409682,0.8119457388208577,0.19749604165554047,0.2880000174045563,0.058000002056360245
100,201,99,hyperbolic_paraboloid,K+S,7042,0.014678672887384892,0.0012897810229333118,6.657386938968557e-05,0.003773499484085918,True,0.08871980011463165,0.25089895725250244,0.6640397310256958,1.065926194190979,0.9856225252151489,1.1686667555754404,1.7971904600932922,1.841340806749132,0.7045915694232879,0.6994920086977442,0.9354480020822683,0.8956169025409682,0.8119457388208577,0.19749604165554047,0.2880000174045563,0.058000002056360245
100,201,99,hyperbolic_paraboloid,baseline,8042,0.0036624641506932676,0.0010550797451287508,0.00011127037760161329,0.00026288952919381175,True,0.11202896386384964,0.11718156933784485,0.471741646528244,0.8706877827644348,0.9565798044204712,0.8848992756434849,1.4166854921712915,1.654646470811632,0.9304767073886449,0.45702370659904357,0.548718683071311,0.8093827800794113,1.5278065275824215,0.18311230838298798,0.27000001072883606,0.058000002056360245
100,201,99,hyperbolic_paraboloid,K,8042,0.018191739451140165,0.0026718389126472175,0.00011077168346673716,0.00026288952919381175,True,0.12478786706924438,0.37774574756622314,0.4691322445869446,0.8193256258964539,0.863738477230072,0.9387316022600446,1.4018278636378372,1.5569340458622685,0.8866495925491108,0.5234981515060723,0.5915037915004691,0.8043866699672987,1.3440525109042576,0.19537292420864105,0.27000001072883606,0.058000002056360245
100,201,99,hyperbolic_paraboloid,K+S,8042,0.018191739451140165,0.0026718389126472175,0.00011077168346673716,0.00026288952919381175,True,0.12478786706924438,0.37774574756622314,0.4691322445869446,0.8193256258964539,0.863738477230072,0.9387316022600446,1.4018278636378372,1.5569340458622685,0.8866495925491108,0.5234981515060723,0.5915037915004691,0.8043866699672987,1.3440525109042576,0.19537292420864105,0.27000001072883606,0.058000002056360245
100,201,99,hyperbolic_paraboloid,baseline,9042,0.029326608404517174,0.00454384891781956,3.604924950195709e-05,0.0004774081099092664,True,0.1537420153617859,0.4955483078956604,0.21925006806850433,0.35001879930496216,0.4301014840602875,0.5686726171014592,0.8158076171875,0.8642917930657137,0.6333837990671402,0.4684363357960645,0.4526762499217975,0.5761899947933209,0.78936854864318,0.20831161737442017,0.28200000524520874,0.04400000348687172
100,201,99,hyperbolic_paraboloid,K,9042,0.004397772718220949,0.0015549780800938606,2.074496160275885e-05,0.0004774081099092664,True,0.07464557141065598,0.1764306277036667,0.19978351891040802,0.3421461880207062,0.47993868589401245,0.48949092915404735,0.7841968994140625,0.9045991288854721,0.6306524402837504,0.3583367935807795,0.3429507791026545,0.4608355454087902,0.7560134956385567,0.203456312417984,0.28200000524520874,0.04400000348687172
100,201,99,hyperbolic_paraboloid,K+S,9042,0.004397772718220949,0.0015549780800938606,2.074496160275885e-05,0.0004774081099092664,True,0.07464557141065598,0.1764306277036667,0.19978351891040802,0.3421461880207062,0.47993868589401245,0.48949092915404735,0.7841968994140625,0.9045991288854721,0.6306524402837504,0.3583367935807795,0.3429507791026545,0.4608355454087902,0.7560134956385567,0.203456312417984,0.28200000524520874,0.04400000348687172
200,11,4,paraboloid,baseline,42,0.0005110350986277419,0.022223699571830884,0.001993414862746639,0.00044500336728312754,True,0.010595418512821198,0.008368507027626038,0.5150291323661804,0.8966614603996277,0.9067502617835999,0.9144731619310272,1.6223505923622532,1.9005933489118303,1.3627237498696407,0.5188882978509234,0.8158400643626773,1.1144910608729115,1.013536568293119,0.3601113259792328,0.2800000011920929,0.04200000315904617
200,11,4,paraboloid,K,42,0.0008519517474009522,0.01176029779682202,0.0014126388455874153,0.00044500336728312754,True,0.007982969284057617,0.00916358083486557,0.5145283341407776,0.9076898694038391,0.971059262752533,0.9220815543873538,1.6903658988780546,2.0861766270228794,1.6322894169159017,0.5325565655017755,0.8496486878056358,1.1880367155918914,1.2493325949459892,0.4042632579803467,0.2800000011920929,0.04200000315904617
200,11,4,paraboloid,K+S,42,0.0008519517474009522,0.01176029779682202,0.0014126388455874153,0.00044500336728312754,True,0.007982969284057617,0.00916358083486557,0.5145283341407776,0.9076898694038391,0.971059262752533,0.9220815543873538,1.6903658988780546,2.0861766270228794,1.6322894169159017,0.5325565655017755,0.8496486878056358,1.1880367155918914,1.2493325949459892,0.4042632579803467,0.2800000011920929,0.04200000315904617
200,11,4,paraboloid,baseline,1042,0.013593768834003381,0.0811915760859847,0.005928298391933952,0.00027908977459777486,True,0.022317640483379364,0.12180276215076447,0.5408928394317627,0.8868563771247864,0.980906069278717,0.9494774357513224,1.6804888984084572,1.8767753447462248,1.2360172234914157,0.5621378913559816,0.7785186634961636,0.9976030959202207,1.3095050090834055,0.30522558093070984,0.2980000078678131,0.06200000271201134
200,11,4,paraboloid,K,1042,0.0011575464990788273,0.049542480680559366,0.003835415550773697,0.00027908977459777486,True,0.006050944793969393,0.012201574631035328,0.5394753217697144,0.905964195728302,1.0096241235733032,0.9523038120737054,1.745096539919261,1.9951294764576342,1.4437367047673273,0.5713856039244625,0.8081535683438282,1.073111116157779,1.3730981698434543,0.3330956697463989,0.2980000078678131,0.06200000271201134
200,11,4,paraboloid,K+S,1042,0.0011575464990788273,0.049542480680559366,0.003835415550773697,0.00027908977459777486,True,0.006050944793969393,0.012201574631035328,0.5394753217697144,0.905964195728302,1.0096241235733032,0.9523038120737054,1.745096539919261,1.9951294764576342,1.4437367047673273,0.5713856039244625,0.8081535683438282,1.073111116157779,1.3730981698434543,0.3330956697463989,0.2980000078678131,0.06200000271201134
200,11,4,paraboloid,baseline,2042,0.00038479963300882706,0.01418155072523015,0.002460711303033999,0.0010787392543120818,True,0.007757200859487057,0.005037491209805012,0.7973076701164246,1.5370569229125977,1.4573514461517334,1.4108643113521107,2.5423530699714783,2.438589454593515,1.8341232890232262,1.0016070450411219,1.4805679948906583,2.21318532387405,2.312441482533849,0.3875781297683716,0.26600000262260437,0.04800000041723251
200,11,4,paraboloid,K,2042,0.0018286819603028043,0.015470181325716632,0.0021923966373183896,0.0010787392543120818,True,0.00548924133181572,0.009606389328837395,0.7905215620994568,1.535239577293396,1.4620311260223389,1.4051169679875959,2.556797572544643,2.483183667175752,1.9360869415457793,0.9848704011886478,1.4752435304673226,2.250323046025195,2.422984006727122,0.39636754989624023,0.26600000262260437,0.04800000041723251
200,11,4,paraboloid,K+S,2042,0.0018286819603028043,0.015470181325716632,0.0021923966373183896,0.0010787392543120818,True,0.00548924133181572,0.009606389328837395,0.7905215620994568,1.535239577293396,1.4620311260223389,1.4051169679875959,2.556797572544643,2.483183667175752,1.9360869415457793,0.9848704011886478,1.4752435304673226,2.250323046025195,2.422984006727122,0.39636754989624023,0.26600000262260437,0.04800000041723251
200,11,4,paraboloid,baseline,3042,0.0016034097976184317,0.023405445806149925,0.02510293440095016,0.000293536852537231,True,0.00695809256285429,0.017167869955301285,0.4742386043071747,0.806551992893219,0.9214529395103455,0.9286500376766907,1.5132801568330223,1.7967723397647632,1.3049269591163384,0.6019935625383631,0.689315384629435,1.1290056484239488,1.728446864252927,0.31441256403923035,0.2720000147819519,0.05000000074505806
200,11,4,paraboloid,K,3042,0.00048103785125671754,0.009281741006166808,0.022841771798474447,0.000293536852537231,True,0.003652549348771572,0.004051848314702511,0.4671768546104431,0.7771821618080139,0.9138132333755493,0.9390332545515174,1.576011771586404,1.9014998043284697,1.5003385842470807,0.6158443769479225,0.736732180391301,1.1101076669338803,1.7274399611974742,0.34416571259498596,0.2720000147819519,0.05000000074505806
200,11,4,paraboloid,K+S,3042,0.00048103785125671754,0.009281741006166808,0.022841771798474447,0.000293536852537231,True,0.003652549348771572,0.004051848314702511,0.4671768546104431,0.7771821618080139,0.9138132333755493,0.9390332545515174,1.576011771586404,1.9014998043284697,1.5003385842470807,0.6158443769479225,0.736732180391301,1.1101076669338803,1.7274399611974742,0.34416571259498596,0.2720000147819519,0.05000000074505806
200,11,4,paraboloid,baseline,4042,0.00037845902261324227,0.015178999863564968,0.001662806682621262,7.396607278761539e-05,True,0.005566215608268976,0.005230722948908806,0.5836874842643738,0.9356109499931335,0.9588483572006226,1.0381083126440482,1.6907160209886956,1.8397985147246232,1.2783315846865437,0.5546764464970527,0.905416028026936,1.0463326299269309,1.2845316535352964,0.4096198081970215,0.28200000524520874,0.06000000238418579
200,11,4,paraboloid,K,4042,0.03588821632521493,0.023798129155433605,0.005017469171434641,7.396607278761539e-05,True,0.029578402638435364,0.21007975935935974,0.5884766578674316,0.9352328777313232,0.9531341791152954,1.064882688046536,1.7073929526589133,1.85248105745789,1.3293689682196683,0.5633441214079384,0.8928387453093772,1.0495991985051774,1.2402257179098284,0.4076911509037018,0.28200000524520874,0.06000000238418579
200,11,4,paraboloid,K+S,4042,0.03588821632521493,0.023798129155433605,0.005017469171434641,7.396607278761539e-05,True,0.029578402638435364,0.21007975935935974,0.5884766578674316,0.9352328777313232,0.9531341791152954,1.064882688046536,1.7073929526589133,1.85248105745789,1.3293689682196683,0.5633441214079384,0.8928387453093772,1.0495991985051774,1.2402257179098284,0.4076911509037018,0.28200000524520874,0.06000000238418579
200,11,4,paraboloid,baseline,5042,0.0007802378635720483,0.025135609421080778,0.016570820473134518,0.0006525495343587615,True,0.010907206684350967,0.016071917489171028,0.5357412099838257,0.9394506812095642,0.835235059261322,0.9423707396119505,1.5903348465247347,1.464718367702277,0.891854837686559,0.7341843286673999,0.9612298151551902,1.235171693230539,0.9707928500874049,0.3108079731464386,0.2580000162124634,0.06599999964237213
200,11,4,paraboloid,K,5042,0.0006118554239427405,0.018481457140296698,0.00532146988968764,0.0006525495343587615,True,0.006333248224109411,0.009472530335187912,0.5029297471046448,1.0421797037124634,1.301546573638916,0.9130069271548764,1.7088762684501846,1.9446461995442708,1.4858272624753694,0.49024616295806994,0.8291771949965465,1.259468864660622,1.9212296486218126,0.4214642345905304,0.2580000162124634,0.06599999964237213
200,11,4,paraboloid,K+S,5042,0.0006118554239427405,0.018481457140296698,0.00532146988968764,0.0006525495343587615,True,0.006333248224109411,0.009472530335187912,0.5029297471046448,1.0421797037124634,1.301546573638916,0.9130069271548764,1.7088762684501846,1.9446461995442708,1.4858272624753694,0.49024616295806994,0.8291771949965465,1.259468864660622,1.9212296486218126,0.4214642345905304,0.2580000162124634,0.06599999964237213
200,11,4,paraboloid,baseline,6042,0.00036161184211128524,0.015430652336882693,0.013436548810984408,0.0008463696999983354,True,0.007632963825017214,0.007628222461789846,0.37683817744255066,0.6423677802085876,0.6288241147994995,0.6530701221348431,1.22536102054626,1.308580286362592,0.922062812872686,0.4182878174465904,0.5412515196429043,0.7784281192106065,0.6352467440006664,0.308244526386261,0.2720000147819519,0.06000000238418579
200,11,4,paraboloid,K,6042,0.0021285239573834197,0.022777204534837177,0.013374211000544685,0.0008463696999983354,True,0.006932394113391638,0.02932772785425186,0.3737860321998596,0.6416289806365967,0.6421954035758972,0.6534964943772371,1.2185731422244095,1.293295467601103,0.8885369956122605,0.422354194371524,0.5386923345137281,0.7701193098056771,0.6730212761159611,0.30492138862609863,0.2720000147819519,0.06000000238418579
200,11,4,paraboloid,K+S,6042,0.0021285239573834197,0.022777204534837177,0.013374211000544685,0.0008463696999983354,True,0.006932394113391638,0.02932772785425186,0.3737860321998596,0.6416289806365967,0.6421954035758972,0.6534964943772371,1.2185731422244095,1.293295467601103,0.8885369956122605,0.422354194371524,0.5386923345137281,0.7701193098056771,0.6730212761159611,0.30492138862609863,0.2720000147819519,0.06000000238418579
200,11,4,paraboloid,baseline,7042,0.0017240149318240583,0.02064901284341301,0.0021466078303222147,0.00014686527323316443,True,0.008338714018464088,0.021326249465346336,0.5336506366729736,0.9229382872581482,1.081146478652954,0.938412973009017,1.6785771296574519,1.9427430894639757,1.257792640513459,0.6955256362625117,0.9732342890882537,1.1288757712460755,1.2381032307233002,0.36881205439567566,0.2880000174045563,0.058000002056360245
200,11,4,paraboloid,K,7042,0.000556468078035063,0.012259119988552161,0.0008367164409719408,0.00014686527323316443,True,0.005501666571944952,0.004316105507314205,0.5302306413650513,0.9246382117271423,1.0990779399871826,0.9336144535552038,1.6895672585064674,2.0025045606825085,1.376129480616623,0.7088533273658338,1.0006539299508093,1.179446342169082,1.3267986088882062,0.38689810037612915,0.2880000174045563,0.058000002056360245
200,11,4,paraboloid,K+S,7042,0.000556468078035063,0.012259119988552161,0.0008367164409719408,0.00014686527323316443,True,0.005501666571944952,0.004316105507314205,0.5302306413650513,0.9246382117271423,1.0990779399871826,0.9336144535552038,1.6895672585064674,2.0025045606825085,1.376129480616623,0.7088533273658338,1.0006539299508093,1.179446342169082,1.3267986088882062,0.38689810037612915,0.2880000174045563,0.058000002056360245
200,11,4,paraboloid,baseline,8042,0.0003634458324605865,0.013544448385281222,0.0020214651012793183,0.000611473721536723,True,0.008506635203957558,0.007700291462242603,0.21501395106315613,0.46383628249168396,0.7012773156166077,0.4393655913216727,0.9039273717096732,1.2081992820457177,0.8932569706441547,0.3997265797479468,0.43338802185310127,0.7999073075625385,1.5248195824499837,0.33078449964523315,0.27000001072883606,0.058000002056360245
200,11,4,paraboloid,K,8042,0.0007923341306325581,0.017273692281118462,0.0014881555689498782,0.000611473721536723,True,0.006181479897350073,0.010563410818576813,0.22002625465393066,0.4735219180583954,0.7074307203292847,0.44977899960109163,0.9175016790999416,1.2172019675925927,0.8914787379651121,0.4193846499286429,0.4546643437500605,0.8119090397407386,1.5352388557045153,0.3306064307689667,0.27000001072883606,0.058000002056360245
200,11,4,paraboloid,K+S,8042,0.0007923341306325581,0.017273692281118462,0.0014881555689498782,0.000611473721536723,True,0.006181479897350073,0.010563410818576813,0.22002625465393066,0.4735219180583954,0.7074307203292847,0.44977899960109163,0.9175016790999416,1.2172019675925927,0.8914787379651121,0.4193846499286429,0.4546643437500605,0.8119090397407386,1.5352388557045153,0.3306064307689667,0.27000001072883606,0.058000002056360245
200,11,4,paraboloid,baseline,9042,0.008847027218767576,0.038671006448566914,0.008098760087575232,0.00059585129334168,True,0.014227029867470264,0.020206274464726448,0.2754727303981781,0.5239847302436829,0.638172447681427,0.5036134425764042,0.9990079345703125,1.2912130152925532,1.0205430486188634,0.3652764787877629,0.34046501863610634,0.6499229400577055,0.8532958853878281,0.3543068468570709,0.28200000524520874,0.04400000348687172
200,11,4,paraboloid,K,9042,0.008878702763468027,0.04181100933679512,0.008003575527774436,0.00059585129334168,True,0.01551864854991436,0.07398344576358795,0.2896224558353424,0.5531722903251648,0.7030072808265686,0.5356205339473775,1.072233154296875,1.4247419208499557,1.1263437917944632,0.3989855317834737,0.3543063767072779,0.6937948765312717,0.9521727630424481,0.3805990219116211,0.28200000524520874,0.04400000348687172
200,11,4,paraboloid,K+S,9042,0.008878702763468027,0.04181100933679512,0.008003575527774436,0.00059585129334168,True,0.01551864854991436,0.07398344576358795,0.2896224558353424,0.5531722903251648,0.7030072808265686,0.5356205339473775,1.072233154296875,1.4247419208499557,1.1263437917944632,0.3989855317834737,0.3543063767072779,0.6937948765312717,0.9521727630424481,0.3805990219116211,0.28200000524520874,0.04400000348687172
200,11,4,hyperbolic_paraboloid,baseline,42,0.000790500859563638,0.0245533963399274,0.01356445625424385,0.00022884896448390052,True,0.011110225692391396,0.01263993140310049,0.35694068670272827,0.7842808365821838,1.0771152973175049,0.63854994062326,1.2606361790707237,1.3405602591378347,0.6334118368079964,0.274165736513508,0.4144059258578287,0.6336656092410891,1.2334021309464092,0.22056129574775696,0.2800000011920929,0.04200000315904617
200,11,4,hyperbolic_paraboloid,K,42,0.00039303654505472096,0.012916305301977056,0.01434448454529047,0.00022884896448390052,True,0.00399729423224926,0.007457280531525612,0.3491702079772949,0.7820499539375305,1.1005351543426514,0.6272055577063613,1.2541976584527725,1.353448268345424,0.6577993308135124,0.26921279251846203,0.425288597238451,0.6413348669810791,1.3323466525914598,0.24588100612163544,0.2800000011920929,0.04200000315904617
200,11,4,hyperbolic_paraboloid,K+S,42,0.00039303654505472096,0.012916305301977056,0.01434448454529047,0.00022884896448390052,True,0.00399729423224926,0.007457280531525612,0.3491702079772949,0.7820499539375305,1.1005351543426514,0.6272055577063613,1.2541976584527725,1.353448268345424,0.6577993308135124,0.26921279251846203,0.425288597238451,0.6413348669810791,1.3323466525914598,0.24588100612163544,0.2800000011920929,0.04200000315904617
200,11,4,hyperbolic_paraboloid,baseline,1042,0.005752078922731536,0.058201569731214216,0.008667180281398552,0.0008250576528635892,True,0.025445371866226196,0.05950644612312317,0.20549777150154114,0.36607375741004944,0.44143638014793396,0.3915598302216732,0.7462105449690695,0.9604160385643876,0.7492708623807708,0.2231286079782025,0.3204264034651668,0.4268893970427192,0.7398899233794568,0.25162622332572937,0.2980000078678131,0.06200000271201134
200,11,4,hyperbolic_paraboloid,K,1042,0.0011764120676421694,0.0601447402233524,0.005019631103745529,0.0008250576528635892,True,0.006316311191767454,0.011561742052435875,0.20956625044345856,0.3973267078399658,0.4958513677120209,0.3940026977810934,0.795572103620905,1.056486603397651,0.9276114302773768,0.22183832026102734,0.3338879451634348,0.49317674418199964,0.7419669945808133,0.26548224687576294,0.2980000078678131,0.06200000271201134
200,11,4,hyperbolic_paraboloid,K+S,1042,0.0011764120676421694,0.0601447402233524,0.005019631103745529,0.0008250576528635892,True,0.006316311191767454,0.011561742052435875,0.20956625044345856,0.3973267078399658,0.4958513677120209,0.3940026977810934,0.795572103620905,1.056486603397651,0.9276114302773768,0.22183832026102734,0.3338879451634348,0.49317674418199964,0.7419669945808133,0.26548224687576294,0.2980000078678131,0.06200000271201134
200,11,4,hyperbolic_paraboloid,baseline,2042,0.0009152911204312529,0.013405720237642527,0.004805878303678972,0.0006634152748368003,True,0.011284714564681053,0.014160851016640663,0.2601560652256012,0.5361629724502563,0.7206268310546875,0.48964182535807294,1.0436931791759672,1.1911468505859375,0.7671956383593143,0.26181853920414755,0.4020940198133004,0.6136196828390784,0.9850056888404747,0.3166079521179199,0.26600000262260437,0.04800000041723251
200,11,4,hyperbolic_paraboloid,K,2042,0.004980599374643394,0.01491055018933756,0.005881425858076129,0.0006634152748368003,True,0.02155289612710476,0.17950353026390076,0.26178333163261414,0.5408779382705688,0.7026545405387878,0.4890726658335903,1.0361451648530506,1.18422544092164,0.7472593838809839,0.2633224608194171,0.38670903537734036,0.612477121607063,0.9389487675298813,0.3243444561958313,0.26600000262260437,0.04800000041723251
200,11,4,hyperbolic_paraboloid,K+S,2042,0.004980599374643394,0.01491055018933756,0.005881425858076129,0.0006634152748368003,True,0.02155289612710476,0.17950353026390076,0.26178333163261414,0.5408779382705688,0.7026545405387878,0.4890726658335903,1.0361451648530506,1.18422544092164,0.7472593838809839,0.2633224608194171,0.38670903537734036,0.612477121607063,0.9389487675298813,0.3243444561958313,0.26600000262260437,0.04800000041723251
200,11,4,hyperbolic_paraboloid,baseline,3042,0.004153079253488353,0.0375585567089729,0.010775429662317038,0.00015640849332240495,True,0.008540854789316654,0.033078718930482864,0.5429295897483826,0.8876025080680847,0.9020105600357056,1.0222337134925858,1.608135963553813,1.8332357967601103,0.9220725389359574,0.5658082129797551,0.6549071192660705,0.7953644133934132,1.0643782585483923,0.23884665966033936,0.2720000147819519,0.05000000074505806
200,11,4,hyperbolic_paraboloid,K,3042,0.0008590936777181923,0.01752204867079854,0.014537824849997247,0.00015640849332240495,True,0.004384689964354038,0.016412433236837387,0.4343695044517517,0.7047861218452454,0.9725303649902344,0.8512033263754157,1.293826658334305,1.5656499301686007,0.9213427550364606,0.49873920353372236,0.5882943912434265,0.7075980708668664,1.3436575196845264,0.25180354714393616,0.2720000147819519,0.05000000074505806
200,11,4,hyperbolic_paraboloid,K+S,3042,0.0008590936777181923,0.01752204867079854,0.014537824849997247,0.00015640849332240495,True,0.004384689964354038,0.016412433236837387,0.4343695044517517,0.7047861218452454,0.9725303649902344,0.8512033263754157,1.293826658334305,1.5656499301686007,0.9213427550364606,0.49873920353372236,0.5882943912434265,0.7075980708668664,1.3436575196845264,0.25180354714393616,0.2720000147819519,0.05000000074505806
200,11,4,hyperbolic_paraboloid,baseline,4042,0.0005349388021776187,0.02818158927506634,0.014790011569857597,9.666121861135417e-05,True,0.011683647520840168,0.01731119677424431,0.5867230296134949,0.8937620520591736,1.0059102773666382,1.081179207162588,1.6687649813565342,1.5474297273243574,0.7460405386636078,0.5042760942654386,0.6362706796590549,0.6352221566150786,1.1016259411879552,0.21770089864730835,0.28200000524520874,0.06000000238418579
200,11,4,hyperbolic_paraboloid,K,4042,0.001389758220674204,0.033160541472690444,0.013857981988361903,9.666121861135417e-05,True,0.008045172318816185,0.025544360280036926,0.582342803478241,0.8896269202232361,0.9667872190475464,1.0854039388726953,1.678889072302616,1.5720544909754544,0.7530030722551699,0.5181551194827718,0.6624689740600415,0.6135593006479192,1.073914539148465,0.23641082644462585,0.28200000524520874,0.06000000238418579
200,11,4,hyperbolic_paraboloid,K+S,4042,0.001389758220674204,0.033160541472690444,0.013857981988361903,9.666121861135417e-05,True,0.008045172318816185,0.025544360280036926,0.582342803478241,0.8896269202232361,0.9667872190475464,1.0854039388726953,1.678889072302616,1.5720544909754544,0.7530030722551699,0.5181551194827718,0.6624689740600415,0.6135593006479192,1.073914539148465,0.23641082644462585,0.28200000524520874,0.06000000238418579
200,11,4,hyperbolic_paraboloid,baseline,5042,0.0014667737164667674,0.02357918762468866,0.00211507996677288,8.669454837217927e-05,True,0.013012902811169624,0.02245362475514412,0.4996814429759979,1.0257855653762817,1.2316359281539917,0.9013907967032967,1.5727397172653368,1.6592348083969235,0.9769790815991957,0.4171873630428459,0.7086388752526076,0.9534012118404613,1.432036242868681,0.2541101574897766,0.2580000162124634,0.06599999964237213
200,11,4,hyperbolic_paraboloid,K,5042,0.00043262144650465677,0.019534691835620573,0.002127510686737618,8.669454837217927e-05,True,0.004342509433627129,0.00514247827231884,0.5057801604270935,1.0356465578079224,1.2655755281448364,0.9090840433980082,1.605515145727629,1.7334452784338663,1.0947996938571523,0.4274426545516627,0.7182894239228801,0.9788255658129928,1.536562762754969,0.268416166305542,0.2580000162124634,0.06599999964237213
200,11,4,hyperbolic_paraboloid,K+S,5042,0.00043262144650465677,0.019534691835620573,0.002127510686737618,8.669454837217927e-05,True,0.004342509433627129,0.00514247827231884,0.5057801604270935,1.0356465578079224,1.2655755281448364,0.9090840433980082,1.605515145727629,1.7334452784338663,1.0947996938571523,0.4274426545516627,0.7182894239228801,0.9788255658129928,1.536562762754969,0.268416166305542,0.2580000162124634,0.06599999964237213
200,11,4,hyperbolic_paraboloid,baseline,6042,0.00032308485242538154,0.0148109774371343,0.015291390208793538,0.00022894252006980506,True,0.00891101360321045,0.008328857831656933,0.3569774627685547,0.5511600971221924,0.5385866165161133,0.6669026513456773,1.1744037538062868,1.285562515258789,0.6070228003102174,0.39878253479721365,0.42762181322088333,0.5142257578404779,0.46029702209983425,0.22213147580623627,0.2720000147819519,0.06000000238418579
200,11,4,hyperbolic_paraboloid,K,6042,0.000947763045717563,0.013040000572800636,0.014651558428470577,0.00022894252006980506,True,0.006227611564099789,0.01616556942462921,0.3576909303665161,0.5530914664268494,0.5421961545944214,0.6701143911756607,1.1858818474717028,1.3044384227079504,0.660708132680421,0.418020715657897,0.45255546166505456,0.5269132268798764,0.46423518845624917,0.22631190717220306,0.2720000147819519,0.06000000238418579
200,11,4,hyperbolic_paraboloid,K+S,6042,0.000947763045717563,0.013040000572800636,0.014651558428470577,0.00022894252006980506,True,0.006227611564099789,0.01616556942462921,0.3576909303665161,0.5530914664268494,0.5421961545944214,0.6701143911756607,1.1858818474717028,1.3044384227079504,0.660708132680421,0.418020715657897,0.45255546166505456,0.5269132268798764,0.46423518845624917,0.22631190717220306,0.2720000147819519,0.06000000238418579
200,11,4,hyperbolic_paraboloid,baseline,7042,0.000367059010646439,0.015190695745072194,0.019071193544992378,0.0001973171125758778,True,0.005629562772810459,0.004246259108185768,0.6137556433677673,0.9176511168479919,0.9925154447555542,1.0671110447282832,1.720987508585165,1.8041085137261286,0.9198531417384505,0.5267156635035265,0.7507203913335091,0.8620298482038533,0.9810066932773843,0.18936532735824585,0.2880000174045563,0.058000002056360245
200,11,4,hyperbolic_paraboloid,K,7042,0.00043069818639196455,0.010582342843658157,0.01768136609877859,0.0001973171125758778,True,0.002970929956063628,0.006896225735545158,0.615941047668457,0.9283401966094971,0.9961241483688354,1.0693719670636013,1.7496317769144918,1.857047610812717,0.9351377714281273,0.5395370117192423,0.7722800778253889,0.8435582938965243,0.9478398128440931,0.21291106939315796,0.2880000174045563,0.058000002056360245
200,11,4,hyperbolic_paraboloid,K+S,7042,0.00043069818639196455,0.010582342843658157,0.01768136609877859,0.0001973171125758778,True,0.002970929956063628,0.006896225735545158,0.615941047668457,0.9283401966094971,0.9961241483688354,1.0693719670636013,1.7496317769144918,1.857047610812717,0.9351377714281273,0.5395370117192423,0.7722800778253889,0.8435582938965243,0.9478398128440931,0.21291106939315796,0.2880000174045563,0.058000002056360245
200,11,4,hyperbolic_paraboloid,baseline,8042,0.014515454348708903,0.019568240802202905,0.007670443837663957,0.00011672234078022566,True,0.0199598241597414,0.09163061529397964,0.654870331287384,1.1116989850997925,1.14902925491333,1.201446533203125,1.7958518380446058,1.9486083984375,1.1631560359452702,0.5721923761112263,0.7395802747412462,0.9997326076165167,1.139618176515943,0.23719489574432373,0.27000001072883606,0.058000002056360245
200,11,4,hyperbolic_paraboloid,K,8042,0.00029835533600167504,0.015402355497436864,0.0009691921004559845,0.00011672234078022566,True,0.0022496976889669895,0.005455551203340292,0.561411440372467,0.9606664180755615,0.9751161932945251,1.1040845598493303,1.631117698067946,1.8309745506004051,0.8786388612762149,0.5475546698955748,0.7159737686601383,0.760304699982572,1.0519330573038945,0.24840369820594788,0.27000001072883606,0.058000002056360245
200,11,4,hyperbolic_paraboloid,K+S,8042,0.00029835533600167504,0.015402355497436864,0.0009691921004559845,0.00011672234078022566,True,0.0022496976889669895,0.005455551203340292,0.561411440372467,0.9606664180755615,0.9751161932945251,1.1040845598493303,1.631117698067946,1.8309745506004051,0.8786388612762149,0.5475546698955748,0.7159737686601383,0.760304699982572,1.0519330573038945,0.24840369820594788,0.27000001072883606,0.058000002056360245
200,11,4,hyperbolic_paraboloid,baseline,9042,0.001510860032535025,0.02395681950396725,0.012617500432367836,0.0025969870727170596,True,0.008028843440115452,0.015699103474617004,0.6273797154426575,1.1734036207199097,1.2473137378692627,1.127658457482964,1.79889013671875,2.243564470439938,1.2291062008062588,0.5994517916747847,0.7259777716516683,1.186231857520005,1.3576933904213062,0.2099592387676239,0.28200000524520874,0.04400000348687172
200,11,4,hyperbolic_paraboloid,K,9042,0.0005623723721198205,0.02044045725571258,0.0014140797928640886,0.0025969870727170596,True,0.0037007788196206093,0.007830672897398472,0.5021170377731323,1.0119059085845947,1.0463371276855469,0.8738912170679034,1.4611121826171876,1.9748916084884751,1.179877788076094,0.4173694265970533,0.5794932259000115,0.9520603594195417,1.0919682245296598,0.25673356652259827,0.28200000524520874,0.04400000348687172
200,11,4,hyperbolic_paraboloid,K+S,9042,0.0005623723721198205,0.02044045725571258,0.0014140797928640886,0.0025969870727170596,True,0.0037007788196206093,0.007830672897398472,0.5021170377731323,1.0119059085845947,1.0463371276855469,0.8738912170679034,1.4611121826171876,1.9748916084884751,1.179877788076094,0.4173694265970533,0.5794932259000115,0.9520603594195417,1.0919682245296598,0.25673356652259827,0.28200000524520874,0.04400000348687172
200,201,99,paraboloid,baseline,42,0.030151071026921272,0.002057296356984547,3.2832295411416066e-05,0.0008612512356013208,True,0.07966836541891098,0.33163294196128845,0.5881264209747314,1.0640344619750977,0.8502033948898315,1.5961632675476753,2.1766605233787595,2.146158272879464,1.4571824666290991,1.3190620038727354,1.4824611794872176,1.8190770079625853,1.5282935099106494,0.4736628830432892,0.2800000011920929,0.04200000315904617
200,201,99,paraboloid,K,42,0.005134658222751958,0.00398023785757167,9.556584700476378e-06,0.0008612512356013208,True,0.039061203598976135,0.13262850046157837,0.5634814500808716,1.0425333976745605,0.8133811950683594,1.0350575606382237,1.7739318618200774,1.7458430698939733,0.9164881625842164,0.6061977476684399,0.8655090362854274,1.3568129558583883,0.9797623734433607,0.2704890966415405,0.2800000011920929,0.04200000315904617
200,201,99,paraboloid,K+S,42,0.005134658222751958,0.00398023785757167,9.556584700476378e-06,0.0008612512356013208,True,0.039061203598976135,0.13262850046157837,0.5634814500808716,1.0425333976745605,0.8133811950683594,1.0350575606382237,1.7739318618200774,1.7458430698939733,0.9164881625842164,0.6061977476684399,0.8655090362854274,1.3568129558583883,0.9797623734433607,0.2704890966415405,0.2800000011920929,0.04200000315904617
200,201,99,paraboloid,baseline,1042,0.014468856954148837,0.0017335274855473212,1.257513641966008e-05,0.0022240860841760586,True,0.06314634531736374,0.16480186581611633,0.769903838634491,1.131138563156128,1.242027759552002,1.579180405240813,2.245230635745818,2.3544065744284817,1.4244598274966187,1.093010982866959,1.3580599184643938,1.425324521004657,1.4900718203242311,0.36029401421546936,0.2980000078678131,0.06200000271201134
200,201,99,paraboloid,K,1042,0.001461990743077227,0.0007954214608097183,6.439191305876843e-06,0.0022240860841760586,True,0.03994126617908478,0.03488707169890404,0.7725712060928345,1.164729356765747,1.3029170036315918,1.3215424467566814,2.1508006269603857,2.3041936887190646,1.3220206617824064,0.7405629228508358,1.1199496126089514,1.2831114723008716,1.4080982572844958,0.28213828802108765,0.2980000078678131,0.06200000271201134
200,201,99,paraboloid,K+S,1042,0.001461990743077227,0.0007954214608097183,6.439191305876843e-06,0.0022240860841760586,True,0.03994126617908478,0.03488707169890404,0.7725712060928345,1.164729356765747,1.3029170036315918,1.3215424467566814,2.1508006269603857,2.3041936887190646,1.3220206617824064,0.7405629228508358,1.1199496126089514,1.2831114723008716,1.4080982572844958,0.28213828802108765,0.2980000078678131,0.06200000271201134
200,201,99,paraboloid,baseline,2042,0.0012762524004626488,0.0011478695918672851,8.630423833112997e-06,0.0002610108523226496,True,0.029014533385634422,0.034381717443466187,0.5117955207824707,1.087457537651062,0.948152482509613,0.9805657905444765,1.9645717560298859,1.992177633414591,1.5658441320009187,0.6821574122175853,0.9387179473515282,1.6131690672979269,1.6237959741647827,0.29891207814216614,0.26600000262260437,0.04800000041723251
200,201,99,paraboloid,K,2042,0.008222068926053388,0.0011485079261806927,9.759441452063453e-06,0.0002610108523226496,True,0.040878795087337494,0.15223686397075653,0.5125837922096252,1.0751279592514038,0.9174973368644714,1.0235888832493831,1.911834716796875,1.85014802172668,1.3232092069710097,0.7093179153994029,0.9424540341484873,1.578669481789779,1.5635769081358646,0.2774709463119507,0.26600000262260437,0.04800000041723251
200,201,99,paraboloid,K+S,2042,0.008222068926053388,0.0011485079261806927,9.759441452063453e-06,0.0002610108523226496,True,0.040878795087337494,0.15223686397075653,0.5125837922096252,1.0751279592514038,0.9174973368644714,1.0235888832493831,1.911834716796875,1.85014802172668,1.3232092069710097,0.7093179153994029,0.9424540341484873,1.578669481789779,1.5635769081358646,0.2774709463119507,0.26600000262260437,0.04800000041723251
200,201,99,paraboloid,baseline,3042,0.0009910172583269222,0.000624432360512271,7.279440394216051e-06,0.011392644388758722,True,0.018444830551743507,0.020525161176919937,0.20352625846862793,0.39701414108276367,0.6286782026290894,0.4451464464817766,0.8488342512899371,1.1655264461741728,1.2414454040379888,0.3073569714982979,0.3094855937227084,0.8770718315820594,1.7798917149170745,0.35006648302078247,0.2720000147819519,0.05000000074505806
200,201,99,paraboloid,K,3042,0.0018818696761237724,0.0008689759623458875,7.049664808229343e-06,0.011392644388758722,True,0.013307064771652222,0.02403949946165085,0.20381906628608704,0.4148537516593933,0.6530293822288513,0.4474854733621466,0.8602124114534748,1.1938229729147518,1.2439169857540193,0.3108328756963882,0.31983920129204385,0.9238324258559144,1.795792199332708,0.3520987033843994,0.2720000147819519,0.05000000074505806
200,201,99,paraboloid,K+S,3042,0.0018818696761237724,0.0008689759623458875,7.049664808229343e-06,0.011392644388758722,True,0.013307064771652222,0.02403949946165085,0.20381906628608704,0.4148537516593933,0.6530293822288513,0.4474854733621466,0.8602124114534748,1.1938229729147518,1.2439169857540193,0.3108328756963882,0.31983920129204385,0.9238324258559144,1.795792199332708,0.3520987033843994,0.2720000147819519,0.05000000074505806
200,201,99,paraboloid,baseline,4042,0.004251557967758605,0.0009844995074672624,1.901889390865108e-05,0.00018572345820825492,True,0.05058278143405914,0.22423849999904633,0.5544859170913696,0.8465716242790222,0.8895877003669739,0.9455878863882863,1.5307871500651042,1.6790678416583555,0.9900576281818834,0.6292302240425648,1.0082167933884787,0.7422545364386669,1.1875635247221508,0.3251868784427643,0.28200000524520874,0.06000000238418579
200,201,99,paraboloid,K,4042,0.004605983383953571,0.0010685666514161443,7.445553592333454e-06,0.00018572345820825492,True,0.032262276858091354,0.07437215745449066,0.5509225726127625,0.8525947332382202,0.8722304701805115,0.9635871672061416,1.5525669907078599,1.7230890152302194,1.0842232920843582,0.70412482736853,1.0814949654222592,0.8213551161594308,1.1571561063841096,0.36414915323257446,0.28200000524520874,0.06000000238418579
200,201,99,paraboloid,K+S,4042,0.004605983383953571,0.0010685666514161443,7.445553592333454e-06,0.00018572345820825492,True,0.032262276858091354,0.07437215745449066,0.5509225726127625,0.8525947332382202,0.8722304701805115,0.9635871672061416,1.5525669907078599,1.7230890152302194,1.0842232920843582,0.70412482736853,1.0814949654222592,0.8213551161594308,1.1571561063841096,0.36414915323257446,0.28200000524520874,0.06000000238418579
200,201,99,paraboloid,baseline,5042,0.009387279328491007,0.0021420027312290457,1.3497285440930032e-05,0.004490113376978025,True,0.07106935977935791,0.22258996963500977,0.587111234664917,0.926766574382782,0.8841922283172607,1.0745382120321085,1.7416680255059387,1.65843567367672,1.1407459426218582,0.6675416325442457,0.9111082143288463,1.0024182001611026,1.2056109234793677,0.3447633981704712,0.2580000162124634,0.06599999964237213
200,201,99,paraboloid,K,5042,0.007516996070210423,0.0014387168464184339,1.3258669501478185e-05,0.004490113376978025,True,0.04764886945486069,0.20842739939689636,0.5941272377967834,0.9399567246437073,0.9133950471878052,1.085872306404533,1.7871150055494696,1.7242974569631178,1.2438640973532216,0.6580525912588724,0.9418471312188081,1.0731345812700528,1.3229107871410775,0.3585854768753052,0.2580000162124634,0.06599999964237213
200,201,99,paraboloid,K+S,5042,0.007516996070210423,0.0014387168464184339,1.3258669501478185e-05,0.004490113376978025,True,0.04764886945486069,0.20842739939689636,0.5941272377967834,0.9399567246437073,0.9133950471878052,1.085872306404533,1.7871150055494696,1.7242974569631178,1.2438640973532216,0.6580525912588724,0.9418471312188081,1.0731345812700528,1.3229107871410775,0.3585854768753052,0.2580000162124634,0.06599999964237213
200,201,99,paraboloid,baseline,6042,0.0009634566460070866,0.0007875485337405865,8.041261753533036e-05,0.002364354791925914,True,0.02662041038274765,0.03297518193721771,0.5412432551383972,1.0105210542678833,1.045211672782898,0.9497903160061605,1.79771026851624,1.6967641045065487,1.0222888507882812,0.5131829357177417,0.5984402683306651,0.9740649399939949,0.7551121871956603,0.23613031208515167,0.2720000147819519,0.06000000238418579
200,201,99,paraboloid,K,6042,0.0011855768971145153,0.0007793946507652956,7.795626931640851e-05,0.002364354791925914,True,0.02552383951842785,0.03023596480488777,0.5427507162094116,1.0144139528274536,1.0504150390625,0.9541796713673596,1.8027271661232775,1.7005756602567785,1.0368283217310128,0.5264434312140088,0.6090763138773606,0.9911689163686516,0.74338387685979,0.24162374436855316,0.2720000147819519,0.06000000238418579
200,201,99,paraboloid,K+S,6042,0.0011855768971145153,0.0007793946507652956,7.795626931640851e-05,0.002364354791925914,True,0.02552383951842785,0.03023596480488777,0.5427507162094116,1.0144139528274536,1.0504150390625,0.9541796713673596,1.8027271661232775,1.7005756602567785,1.0368283217310128,0.5264434312140088,0.6090763138773606,0.9911689163686516,0.74338387685979,0.24162374436855316,0.2720000147819519,0.06000000238418579
200,201,99,paraboloid,baseline,7042,0.00893160848811801,0.0010903792447477048,6.081652177921829e-05,0.00012032040835019962,True,0.032675083726644516,0.15471342206001282,0.6249940991401672,1.063233733177185,1.1230828762054443,1.0885859418020374,1.826146276005895,2.1628721025254993,1.2647055352412266,0.7285046845416362,1.039125483371639,1.1575280292967816,1.3590595016829337,0.25996655225753784,0.2880000174045563,0.058000002056360245
200,201,99,paraboloid,K,7042,0.0035643590547676596,0.000996180614622842,3.797406030311582e-05,0.00012032040835019962,True,0.01930796355009079,0.049377746880054474,0.6618924736976624,1.1116316318511963,1.0069090127944946,1.1837849217889593,1.9481507465516255,2.082854800754123,1.0421807423305325,0.7995286793891279,1.180584117726264,1.2380267973600356,1.0061885799471773,0.23634225130081177,0.2880000174045563,0.058000002056360245
200,201,99,paraboloid,K+S,7042,0.0035643590547676596,0.000996180614622842,3.797406030311582e-05,0.00012032040835019962,True,0.01930796355009079,0.049377746880054474,0.6618924736976624,1.1116316318511963,1.0069090127944946,1.1837849217889593,1.9481507465516255,2.082854800754123,1.0421807423305325,0.7995286793891279,1.180584117726264,1.2380267973600356,1.0061885799471773,0.23634225130081177,0.2880000174045563,0.058000002056360245
200,201,99,paraboloid,baseline,8042,0.0018094777395682676,0.0010775333669568812,1.3434339052764699e-05,0.0010275613905778571,True,0.07733143121004105,0.08215543627738953,0.4983174502849579,1.0070630311965942,1.2832258939743042,0.907825197492327,1.6352555524264134,2.106930881076389,1.3601267996696922,0.5439456459196078,0.8501941710842074,1.268987466797838,2.066107604338894,0.2913725972175598,0.27000001072883606,0.058000002056360245
200,201,99,paraboloid,K,8042,0.0029602752931948218,0.0018391125839635997,8.670981287650648e-06,0.0010275613905778571,True,0.05778590962290764,0.09903469681739807,0.49398350715637207,0.9953633546829224,1.2522927522659302,0.905721936907087,1.5999312658032936,2.0553530092592593,1.272511628580855,0.5212373256282534,0.8221810366085194,1.187839132776396,1.9523975096092783,0.2708513140678406,0.27000001072883606,0.058000002056360245
200,201,99,paraboloid,K+S,8042,0.0029602752931948218,0.0018391125839635997,8.670981287650648e-06,0.0010275613905778571,True,0.05778590962290764,0.09903469681739807,0.49398350715637207,0.9953633546829224,1.2522927522659302,0.905721936907087,1.5999312658032936,2.0553530092592593,1.272511628580855,0.5212373256282534,0.8221810366085194,1.187839132776396,1.9523975096092783,0.2708513140678406,0.27000001072883606,0.058000002056360245
200,201,99,paraboloid,baseline,9042,0.01655453017779759,0.003154667992410915,3.092055417904963e-05,0.0008540194277739644,True,0.09735722839832306,0.3684038519859314,0.49141138792037964,0.91797935962677,0.910503089427948,1.1591084350048182,1.6813770751953125,1.9857636580230495,1.3301311099430713,0.8746890094412876,0.9395046702992934,1.286608292313394,1.1129149666385185,0.3422558903694153,0.28200000524520874,0.04400000348687172
200,201,99,paraboloid,K,9042,0.008913588976221425,0.0014787195583007165,1.262637033505598e-05,0.0008540194277739644,True,0.0503702387213707,0.19569718837738037,0.5072466135025024,0.9590755701065063,1.004518985748291,1.006481758823479,1.6243310546875,2.043254013602615,1.3993047205273417,0.6912143189953421,0.7977909472236392,1.222135692314665,1.3085853100197822,0.3031400740146637,0.28200000524520874,0.04400000348687172
200,201,99,paraboloid,K+S,9042,0.008913588976221425,0.0014787195583007165,1.262637033505598e-05,0.0008540194277739644,True,0.0503702387213707,0.19569718837738037,0.5072466135025024,0.9590755701065063,1.004518985748291,1.006481758823479,1.6243310546875,2.043254013602615,1.3993047205273417,0.6912143189953421,0.7977909472236392,1.222135692314665,1.3085853100197822,0.3031400740146637,0.28200000524520874,0.04400000348687172
200,201,99,hyperbolic_paraboloid,baseline,42,0.0031948311786566463,0.0008517478189397869,8.463136379889744e-06,0.00032091352032191715,True,0.032769665122032166,0.059594132006168365,0.5336560010910034,0.9502424597740173,1.1865854263305664,0.9495623956013363,1.6703293879229324,1.9098519461495536,1.0607072168550917,0.5775426901771521,0.8887700296499116,0.8731797489207351,1.6073847618910582,0.27983394265174866,0.2800000011920929,0.04200000315904617
200,201,99,hyperbolic_paraboloid,K,42,0.004651311452367476,0.0018821612632434284,8.935613745312107e-06,0.00032091352032191715,True,0.029582275077700615,0.09120436757802963,0.522832989692688,0.9083112478256226,1.084256887435913,0.9711207196547884,1.6327767049459587,1.79321528843471,0.8343575871233944,0.5703728612223669,0.8154147539196863,0.7962800220862117,1.448060499354537,0.250913143157959,0.2800000011920929,0.04200000315904617
200,201,99,hyperbolic_paraboloid,K+S,42,0.004651311452367476,0.0018821612632434284,8.935613745312107e-06,0.00032091352032191715,True,0.029582275077700615,0.09120436757802963,0.522832989692688,0.9083112478256226,1.084256887435913,0.9711207196547884,1.6327767049459587,1.79321528843471,0.8343575871233944,0.5703728612223669,0.8154147539196863,0.7962800220862117,1.448060499354537,0.250913143157959,0.2800000011920929,0.04200000315904617
200,201,99,hyperbolic_paraboloid,baseline,1042,0.011455601214298181,0.0016926517044859274,1.7811763167888523e-05,0.0005252991816890773,True,0.07211197167634964,0.2992730736732483,0.5429520606994629,0.7184222340583801,1.0410891771316528,1.0251512421266007,1.5507478962157295,1.8003621965446728,0.7178190718319655,0.5730932543383082,0.5780687946679479,0.6222272177689123,1.1680650678546973,0.2004425823688507,0.2980000078678131,0.06200000271201134
200,201,99,hyperbolic_paraboloid,K,1042,0.0018246357794851065,0.0005647305765056185,8.187517583532358e-06,0.0005252991816890773,True,0.02323172427713871,0.053380683064460754,0.5265838503837585,0.7436500787734985,1.1191189289093018,0.9440328007551503,1.571164609774338,1.8937154680290478,0.8644676824147711,0.4709194877118952,0.5066028958372513,0.6161805139244689,1.2597558675790188,0.2116016149520874,0.2980000078678131,0.06200000271201134
200,201,99,hyperbolic_paraboloid,K+S,1042,0.0018246357794851065,0.0005647305765056185,8.187517583532358e-06,0.0005252991816890773,True,0.02323172427713871,0.053380683064460754,0.5265838503837585,0.7436500787734985,1.1191189289093018,0.9440328007551503,1.571164609774338,1.8937154680290478,0.8644676824147711,0.4709194877118952,0.5066028958372513,0.6161805139244689,1.2597558675790188,0.2116016149520874,0.2980000078678131,0.06200000271201134
200,201,99,hyperbolic_paraboloid,baseline,2042,0.0021800699178129435,0.0008262449118774384,5.649671428337959e-06,0.0001368549425358796,True,0.02358228713274002,0.037958286702632904,0.18796518445014954,0.35129812359809875,0.5056154727935791,0.3982456608822471,0.7774041190979972,0.9349344009743598,0.721864615475778,0.24423327087072108,0.2881637160826899,0.570751324207968,0.6265359958550942,0.2485087811946869,0.26600000262260437,0.04800000041723251
200,201,99,hyperbolic_paraboloid,K,2042,0.009524106979370117,0.0007920061179902405,1.7852354306212093e-05,0.0001368549425358796,True,0.04600946977734566,0.17824220657348633,0.4067484736442566,0.8864426612854004,0.8896762728691101,0.9016690170555784,1.3849826388888888,1.6044804852707941,0.9526213805100786,0.6121808129156812,0.7798035918351093,1.0613142360771881,1.2454133403351206,0.24704666435718536,0.26600000262260437,0.04800000041723251
200,201,99,hyperbolic_paraboloid,K+S,2042,0.009524106979370117,0.0007920061179902405,1.7852354306212093e-05,0.0001368549425358796,True,0.04600946977734566,0.17824220657348633,0.4067484736442566,0.8864426612854004,0.8896762728691101,0.9016690170555784,1.3849826388888888,1.6044804852707941,0.9526213805100786,0.6121808129156812,0.7798035918351093,1.0613142360771881,1.2454133403351206,0.24704666435718536,0.26600000262260437,0.04800000041723251
200,201,99,hyperbolic_paraboloid,baseline,3042,0.013132630714348384,0.0010100622790300154,2.024576653119376e-05,0.00144333952101902,True,0.053012069314718246,0.3049089312553406,0.21916767954826355,0.4083559513092041,0.6228411197662354,0.48776928548537973,0.810440405091243,1.0482666913200827,0.8391235169960766,0.3219920458185455,0.33523209365472256,0.6571546334912411,1.0414847319349612,0.25720489025115967,0.2720000147819519,0.05000000074505806
200,201,99,hyperbolic_paraboloid,K,3042,0.001287842052988708,0.0004820787367602212,7.99635388050644e-06,0.00144333952101902,True,0.016737163066864014,0.021748721599578857,0.2014797031879425,0.40301719307899475,0.6166349053382874,0.43527864511155767,0.7999096770784748,0.9936814027674058,0.8294249026815017,0.29238186214841844,0.3167189449868862,0.6351989639332538,1.038000856862238,0.2772689461708069,0.2720000147819519,0.05000000074505806
200,201,99,hyperbolic_paraboloid,K+S,3042,0.001287842052988708,0.0004820787367602212,7.99635388050644e-06,0.00144333952101902,True,0.016737163066864014,0.021748721599578857,0.2014797031879425,0.40301719307899475,0.6166349053382874,0.43527864511155767,0.7999096770784748,0.9936814027674058,0.8294249026815017,0.29238186214841844,0.3167189449868862,0.6351989639332538,1.038000856862238,0.2772689461708069,0.2720000147819519,0.05000000074505806
200,201,99,hyperbolic_paraboloid,baseline,4042,0.0035034027615828173,0.0004507906872147162,7.722734640732856e-06,0.0006707699144657571,True,0.04090438038110733,0.1061587780714035,0.5606677532196045,0.8648268580436707,0.8833453059196472,0.9980253604384152,1.563732725201231,1.6610477528673537,0.8736243434684785,0.5050268803923728,0.7642270496093275,0.7257551428273756,0.9613855966074846,0.2698620855808258,0.28200000524520874,0.06000000238418579
200,201,99,hyperbolic_paraboloid,K,4042,0.0027891762355076416,0.0003210722248435819,7.818769842872695e-06,0.0006707699144657571,True,0.05292386934161186,0.14183351397514343,0.5630296468734741,0.8534568548202515,0.9232593774795532,0.9921643304721394,1.5479844989198628,1.6417485230357935,0.8166724853774888,0.5200373677349233,0.7545046950843484,0.710256630656243,1.0645298305486894,0.2736455798149109,0.28200000524520874,0.06000000238418579
200,201,99,hyperbolic_paraboloid,K+S,4042,0.0027891762355076416,0.0003210722248435819,7.818769842872695e-06,0.0006707699144657571,True,0.05292386934161186,0.14183351397514343,0.5630296468734741,0.8534568548202515,0.9232593774795532,0.9921643304721394,1.5479844989198628,1.6417485230357935,0.8166724853774888,0.5200373677349233,0.7545046950843484,0.710256630656243,1.0645298305486894,0.2736455798149109,0.28200000524520874,0.06000000238418579
200,201,99,hyperbolic_paraboloid,baseline,5042,0.01545034402183124,0.0008604689916994955,3.328729404269585e-05,0.0011219423060393452,True,0.050656676292419434,0.17175433039665222,0.4821624755859375,0.821512758731842,0.8668488264083862,0.9585577996222527,1.5595905824780905,1.6840155549751696,1.179730306906517,0.5760163121742855,0.7548717713463577,0.9029979985961186,1.3552673486039735,0.28276246786117554,0.2580000162124634,0.06599999964237213
200,201,99,hyperbolic_paraboloid,K,5042,0.001195556126601462,0.0003878288012596646,2.623692671477329e-05,0.0011219423060393452,True,0.02460133284330368,0.02476448193192482,0.4716646671295166,0.8304945230484009,0.8862438201904297,0.8373841002747253,1.495451191694534,1.6064805614855862,1.0827920055405322,0.40734223323047763,0.6506734455214279,0.8295732149440639,1.3187044353576538,0.24284765124320984,0.2580000162124634,0.06599999964237213
200,201,99,hyperbolic_paraboloid,K+S,5042,0.001195556126601462,0.0003878288012596646,2.623692671477329e-05,0.0011219423060393452,True,0.02460133284330368,0.02476448193192482,0.4716646671295166,0.8304945230484009,0.8862438201904297,0.8373841002747253,1.495451191694534,1.6064805614855862,1.0827920055405322,0.40734223323047763,0.6506734455214279,0.8295732149440639,1.3187044353576538,0.24284765124320984,0.2580000162124634,0.06599999964237213
200,201,99,hyperbolic_paraboloid,baseline,6042,0.003699373620163117,0.0010708425460117204,5.7851991316835794e-05,0.00022462245762644716,True,0.034964412450790405,0.06479036062955856,0.38086509704589844,0.7434367537498474,0.7418102622032166,0.6544694270331429,1.251333762341597,1.393993938670439,0.8868277666346539,0.3256847000359659,0.4876563472088152,0.7188941413163699,0.9570128167900879,0.209239199757576,0.2720000147819519,0.06000000238418579
200,201,99,hyperbolic_paraboloid,K,6042,0.0019491611081840737,0.0003931212642263355,5.498621664758373e-05,0.00022462245762644716,True,0.02711813896894455,0.036556921899318695,0.3795281648635864,0.7429850101470947,0.7543576955795288,0.6513151597346504,1.2478407011257382,1.4393166934742647,0.9813051243645291,0.317912986989688,0.48362262272722156,0.7365522836158496,1.0545230916296868,0.22871586680412292,0.2720000147819519,0.06000000238418579
200,201,99,hyperbolic_paraboloid,K+S,6042,0.0019491611081840737,0.0003931212642263355,5.498621664758373e-05,0.00022462245762644716,True,0.02711813896894455,0.036556921899318695,0.3795281648635864,0.7429850101470947,0.7543576955795288,0.6513151597346504,1.2478407011257382,1.4393166934742647,0.9813051243645291,0.317912986989688,0.48362262272722156,0.7365522836158496,1.0545230916296868,0.22871586680412292,0.2720000147819519,0.06000000238418579
200,201,99,hyperbolic_paraboloid,baseline,7042,0.000692632223945111,0.0006308643538172223,6.21858738928235e-06,0.0008853622040345302,True,0.01863943599164486,0.015303350985050201,0.49553874135017395,0.9456794857978821,1.0239886045455933,0.8660199001497109,1.5353145389766483,1.902873780992296,0.9888495686270561,0.42027649188714383,0.7193136842991024,0.9817120992436473,1.0721792844373754,0.22520911693572998,0.2880000174045563,0.058000002056360245
200,201,99,hyperbolic_paraboloid,K,7042,0.001398211993676211,0.0014049789502418467,6.27178678769269e-06,0.0008853622040345302,True,0.012429151684045792,0.03089018724858761,0.49932852387428284,0.9626166820526123,1.0406792163848877,0.8723050424180893,1.5601078913762019,1.9354974958631728,1.0322098026380666,0.42505220206585487,0.7284388008388781,1.030840123340074,1.1351804589149967,0.22581437230110168,0.2880000174045563,0.058000002056360245
200,201,99,hyperbolic_paraboloid,K+S,7042,0.001398211993676211,0.0014049789502418467,6.27178678769269e-06,0.0008853622040345302,True,0.012429151684045792,0.03089018724858761,0.49932852387428284,0.9626166820526123,1.0406792163848877,0.8723050424180893,1.5601078913762019,1.9354974958631728,1.0322098026380666,0.42505220206585487,0.7284388008388781,1.030840123340074,1.1351804589149967,0.22581437230110168,0.2880000174045563,0.058000002056360245
200,201,99,hyperbolic_paraboloid,baseline,8042,0.0012089811165684036,0.0005874266644241288,5.343237424832685e-06,0.006940720686272009,True,0.044144272804260254,0.05842667073011398,0.5080590844154358,1.0400424003601074,1.3497564792633057,0.9117157799857003,1.6056360268493906,2.0648270218460647,1.178793276366985,0.5076060520418613,0.7830461711849298,1.1432177376209463,1.7769724722263047,0.23759913444519043,0.27000001072883606,0.058000002056360245
200,201,99,hyperbolic_paraboloid,K,8042,0.0015660677537588136,0.0005097984456889597,4.468384629165355e-06,0.006940720686272009,True,0.028872063383460045,0.04082150384783745,0.5091390013694763,1.039399266242981,1.3465969562530518,0.9160074506487165,1.5999457015041494,2.0479921694155094,1.1552527035905347,0.5035207342289245,0.777578992807691,1.1267892167861207,1.7365356039624922,0.23337417840957642,0.27000001072883606,0.058000002056360245
200,201,99,hyperbolic_paraboloid,K+S,8042,0.0015660677537588136,0.0005097984456889597,4.468384629165355e-06,0.006940720686272009,True,0.028872063383460045,0.04082150384783745,0.5091390013694763,1.039399266242981,1.3465969562530518,0.9160074506487165,1.5999457015041494,2.0479921694155094,1.1552527035905347,0.5035207342289245,0.777578992807691,1.1267892167861207,1.7365356039624922,0.23337417840957642,0.27000001072883606,0.058000002056360245
200,201,99,hyperbolic_paraboloid,baseline,9042,0.011232783419213124,0.0026212509921086685,3.322913081709495e-05,0.0006321203056259535,True,0.0660458654165268,0.13598129153251648,0.6326514482498169,1.0827327966690063,1.1327197551727295,1.2052152524435573,1.67910986328125,1.9617543321974733,0.7826479623498133,0.608891387092978,0.6449448887141727,0.9275020547991942,1.1541680588467094,0.1752239316701889,0.28200000524520874,0.04400000348687172
200,201,99,hyperbolic_paraboloid,K,9042,0.0010287107434123755,0.00037074272196540344,2.654802392498823e-05,0.0006321203056259535,True,0.02221871167421341,0.030937884002923965,0.6496329307556152,1.2050695419311523,1.3602327108383179,1.1889637682406389,1.874053955078125,2.406387653756649,1.4577830961713238,0.6363500632626033,0.7376985738339243,1.2854979065194574,1.7893331261693906,0.21571782231330872,0.28200000524520874,0.04400000348687172
200,201,99,hyperbolic_paraboloid,K+S,9042,0.0010287107434123755,0.00037074272196540344,2.654802392498823e-05,0.0006321203056259535,True,0.02221871167421341,0.030937884002923965,0.6496329307556152,1.2050695419311523,1.3602327108383179,1.1889637682406389,1.874053955078125,2.406387653756649,1.4577830961713238,0.6363500632626033,0.7376985738339243,1.2854979065194574,1.7893331261693906,0.21571782231330872,0.28200000524520874,0.04400000348687172
