Device: cuda
D=201, N=50
Surfaces: ['paraboloid', 'hyperbolic_paraboloid', 'quartic_dome', 'sinusoidal']
Conditions: ['baseline', 'T', 'F', 'C', 'T+F']
Seeds (10): [42, 1042, 2042, 3042, 4042, 5042, 6042, 7042, 8042, 9042]
Radii: [0.5, 1.0, 2.0, 3.0]
Total runs: 200


============================================================
  paraboloid | seed=42
============================================================

  --- baseline ---
      Epoch 100/500: loss=0.001249
      Epoch 200/500: loss=0.001194
      Epoch 300/500: loss=0.000739
      Epoch 400/500: loss=0.000286
      Epoch 500/500: loss=0.000083
    recon=0.000116
  Stage 2 epoch 100/300: loss=0.036401
  Stage 2 epoch 200/300: loss=0.029689
  Stage 2 epoch 300/300: loss=0.022044
  Stage 3 epoch 100/300: loss=0.000373
  Stage 3 epoch 200/300: loss=0.000367
  Stage 3 epoch 300/300: loss=0.000315
    r=0.5: GT=0.071 learned=0.119 err=66.4% exit=100%
    r=1.0: GT=0.227 learned=0.371 err=63.9% exit=100%
    r=2.0: GT=0.587 learned=0.907 err=54.6% exit=77%
    r=3.0: GT=0.779 learned=1.170 err=50.2% exit=21%
    W2@1.0=2.1233

  --- T ---
      Epoch 100/500: loss=0.069269
      Epoch 200/500: loss=0.054090
      Epoch 300/500: loss=0.009647
      Epoch 400/500: loss=0.030230
      Epoch 500/500: loss=0.002496
    recon=0.000062
  Stage 2 epoch 100/300: loss=0.036945
  Stage 2 epoch 200/300: loss=0.028676
  Stage 2 epoch 300/300: loss=0.019760
  Stage 3 epoch 100/300: loss=0.000116
  Stage 3 epoch 200/300: loss=0.000053
  Stage 3 epoch 300/300: loss=0.000022
    r=0.5: GT=0.071 learned=0.078 err=8.7% exit=100%
    r=1.0: GT=0.227 learned=0.264 err=16.5% exit=100%
    r=2.0: GT=0.587 learned=0.803 err=36.8% exit=85%
    r=3.0: GT=0.779 learned=1.037 err=33.2% exit=46%
    W2@1.0=1.9245

  --- F ---
      Epoch 100/500: loss=0.008245
      Epoch 200/500: loss=0.006590
      Epoch 300/500: loss=0.009776
      Epoch 400/500: loss=0.006076
      Epoch 500/500: loss=0.005818
    recon=0.005877
  Stage 2 epoch 100/300: loss=0.000115
  Stage 2 epoch 200/300: loss=0.000129
  Stage 2 epoch 300/300: loss=0.000113
  Stage 3 epoch 100/300: loss=0.002166
  Stage 3 epoch 200/300: loss=0.002413
  Stage 3 epoch 300/300: loss=0.002149
    r=0.5: GT=0.071 learned=nan err=nan% exit=0%
    r=1.0: GT=0.227 learned=nan err=nan% exit=0%
    r=2.0: GT=0.587 learned=nan err=nan% exit=0%
    r=3.0: GT=0.779 learned=nan err=nan% exit=0%
    W2@1.0=2.5399

  --- C ---
      Epoch 100/500: loss=0.006013
      Epoch 200/500: loss=0.005854
      Epoch 300/500: loss=0.006008
      Epoch 400/500: loss=0.006001
      Epoch 500/500: loss=0.005789
    recon=0.005867
  Stage 2 epoch 100/300: loss=0.000000
  Stage 2 epoch 200/300: loss=0.000000
  Stage 2 epoch 300/300: loss=0.000000
  Stage 3 epoch 100/300: loss=0.002166
  Stage 3 epoch 200/300: loss=0.002412
  Stage 3 epoch 300/300: loss=0.002148
    r=0.5: GT=0.071 learned=nan err=nan% exit=0%
    r=1.0: GT=0.227 learned=nan err=nan% exit=0%
    r=2.0: GT=0.587 learned=nan err=nan% exit=0%
    r=3.0: GT=0.779 learned=nan err=nan% exit=0%
    W2@1.0=2.5385

  --- T+F ---
      Epoch 100/500: loss=0.760728
      Epoch 200/500: loss=0.407506
      Epoch 300/500: loss=0.088588
      Epoch 400/500: loss=0.028031
      Epoch 500/500: loss=0.033808
    recon=0.001038
  Stage 2 epoch 100/300: loss=0.002812
  Stage 2 epoch 200/300: loss=0.002777
  Stage 2 epoch 300/300: loss=0.002070
  Stage 3 epoch 100/300: loss=0.000157
  Stage 3 epoch 200/300: loss=0.000082
  Stage 3 epoch 300/300: loss=0.000053
    r=0.5: GT=0.071 learned=0.075 err=5.7% exit=100%
    r=1.0: GT=0.227 learned=0.238 err=5.2% exit=100%
    r=2.0: GT=0.587 learned=0.623 err=6.1% exit=97%
    r=3.0: GT=0.779 learned=0.913 err=17.3% exit=82%
    W2@1.0=1.3420

============================================================
  paraboloid | seed=1042
============================================================

  --- baseline ---
      Epoch 100/500: loss=0.001000
      Epoch 200/500: loss=0.000869
      Epoch 300/500: loss=0.000524
      Epoch 400/500: loss=0.000387
      Epoch 500/500: loss=0.000133
    recon=0.000155
  Stage 2 epoch 100/300: loss=0.023682
  Stage 2 epoch 200/300: loss=0.016626
  Stage 2 epoch 300/300: loss=0.015413
  Stage 3 epoch 100/300: loss=0.000319
  Stage 3 epoch 200/300: loss=0.000286
  Stage 3 epoch 300/300: loss=0.000293
    r=0.5: GT=0.078 learned=0.067 err=13.9% exit=100%
    r=1.0: GT=0.244 learned=0.227 err=6.9% exit=100%
    r=2.0: GT=0.590 learned=0.683 err=15.6% exit=91%
    r=3.0: GT=0.777 learned=0.946 err=21.9% exit=37%
    W2@1.0=1.9406

  --- T ---
      Epoch 100/500: loss=0.041327
      Epoch 200/500: loss=0.018125
      Epoch 300/500: loss=0.017246
      Epoch 400/500: loss=0.005556
      Epoch 500/500: loss=0.004332
    recon=0.000119
  Stage 2 epoch 100/300: loss=0.012324
  Stage 2 epoch 200/300: loss=0.012325
  Stage 2 epoch 300/300: loss=0.011265
  Stage 3 epoch 100/300: loss=0.000070
  Stage 3 epoch 200/300: loss=0.000054
  Stage 3 epoch 300/300: loss=0.000031
    r=0.5: GT=0.078 learned=0.077 err=1.0% exit=100%
    r=1.0: GT=0.244 learned=0.278 err=14.0% exit=100%
    r=2.0: GT=0.590 learned=0.716 err=21.2% exit=82%
    r=3.0: GT=0.777 learned=0.975 err=25.5% exit=47%
    W2@1.0=1.4898

  --- F ---
      Epoch 100/500: loss=0.005831
      Epoch 200/500: loss=0.006105
      Epoch 300/500: loss=0.005576
      Epoch 400/500: loss=0.005467
      Epoch 500/500: loss=0.005886
    recon=0.005554
  Stage 2 epoch 100/300: loss=0.000027
  Stage 2 epoch 200/300: loss=0.000031
  Stage 2 epoch 300/300: loss=0.000028
  Stage 3 epoch 100/300: loss=0.002191
  Stage 3 epoch 200/300: loss=0.002008
  Stage 3 epoch 300/300: loss=0.002111
    r=0.5: GT=0.078 learned=1.640 err=1995.6% exit=3%
    r=1.0: GT=0.244 learned=nan err=nan% exit=0%
    r=2.0: GT=0.590 learned=nan err=nan% exit=0%
    r=3.0: GT=0.777 learned=nan err=nan% exit=0%
    W2@1.0=2.4443

  --- C ---
      Epoch 100/500: loss=0.005671
      Epoch 200/500: loss=0.005628
      Epoch 300/500: loss=0.005541
      Epoch 400/500: loss=0.005469
      Epoch 500/500: loss=0.005895
    recon=0.005585
  Stage 2 epoch 100/300: loss=0.000000
  Stage 2 epoch 200/300: loss=0.000000
  Stage 2 epoch 300/300: loss=0.000000
  Stage 3 epoch 100/300: loss=0.002191
  Stage 3 epoch 200/300: loss=0.002008
  Stage 3 epoch 300/300: loss=0.002111
    r=0.5: GT=0.078 learned=nan err=nan% exit=0%
    r=1.0: GT=0.244 learned=nan err=nan% exit=0%
    r=2.0: GT=0.590 learned=nan err=nan% exit=0%
    r=3.0: GT=0.777 learned=nan err=nan% exit=0%
    W2@1.0=2.4408

  --- T+F ---
      Epoch 100/500: loss=0.630083
      Epoch 200/500: loss=0.245851
      Epoch 300/500: loss=0.083522
      Epoch 400/500: loss=0.043075
      Epoch 500/500: loss=0.031818
    recon=0.000463
  Stage 2 epoch 100/300: loss=0.015042
  Stage 2 epoch 200/300: loss=0.014793
  Stage 2 epoch 300/300: loss=0.013959
  Stage 3 epoch 100/300: loss=0.000066
  Stage 3 epoch 200/300: loss=0.000058
  Stage 3 epoch 300/300: loss=0.000049
    r=0.5: GT=0.078 learned=0.075 err=3.7% exit=100%
    r=1.0: GT=0.244 learned=0.234 err=3.9% exit=100%
    r=2.0: GT=0.590 learned=0.607 err=2.9% exit=95%
    r=3.0: GT=0.777 learned=0.813 err=4.7% exit=76%
    W2@1.0=1.2131

============================================================
  paraboloid | seed=2042
============================================================

  --- baseline ---
      Epoch 100/500: loss=0.001584
      Epoch 200/500: loss=0.001472
      Epoch 300/500: loss=0.000438
      Epoch 400/500: loss=0.000162
      Epoch 500/500: loss=0.000124
    recon=0.000111
  Stage 2 epoch 100/300: loss=0.035085
  Stage 2 epoch 200/300: loss=0.029313
  Stage 2 epoch 300/300: loss=0.027994
  Stage 3 epoch 100/300: loss=0.000592
  Stage 3 epoch 200/300: loss=0.000507
  Stage 3 epoch 300/300: loss=0.000486
    r=0.5: GT=0.071 learned=0.126 err=77.9% exit=100%
    r=1.0: GT=0.217 learned=0.486 err=123.8% exit=99%
    r=2.0: GT=0.573 learned=0.869 err=51.8% exit=72%
    r=3.0: GT=0.779 learned=1.153 err=48.0% exit=37%
    W2@1.0=1.9469

  --- T ---
      Epoch 100/500: loss=0.048196
      Epoch 200/500: loss=0.023567
      Epoch 300/500: loss=0.019330
      Epoch 400/500: loss=0.006342
      Epoch 500/500: loss=0.003457
    recon=0.000174
  Stage 2 epoch 100/300: loss=0.009241
  Stage 2 epoch 200/300: loss=0.007707
  Stage 2 epoch 300/300: loss=0.006623
  Stage 3 epoch 100/300: loss=0.000161
  Stage 3 epoch 200/300: loss=0.000102
  Stage 3 epoch 300/300: loss=0.000079
    r=0.5: GT=0.071 learned=0.138 err=94.7% exit=100%
    r=1.0: GT=0.217 learned=0.530 err=144.3% exit=98%
    r=2.0: GT=0.573 learned=0.960 err=67.6% exit=57%
    r=3.0: GT=0.779 learned=1.068 err=37.2% exit=31%
    W2@1.0=1.8749

  --- F ---
      Epoch 100/500: loss=0.007031
      Epoch 200/500: loss=0.006921
      Epoch 300/500: loss=0.006317
      Epoch 400/500: loss=0.006284
      Epoch 500/500: loss=0.006325
    recon=0.006359
  Stage 2 epoch 100/300: loss=0.000047
  Stage 2 epoch 200/300: loss=0.000047
  Stage 2 epoch 300/300: loss=0.000044
  Stage 3 epoch 100/300: loss=0.002509
  Stage 3 epoch 200/300: loss=0.002646
  Stage 3 epoch 300/300: loss=0.002732
    r=0.5: GT=0.071 learned=nan err=nan% exit=0%
    r=1.0: GT=0.217 learned=nan err=nan% exit=0%
    r=2.0: GT=0.573 learned=nan err=nan% exit=0%
    r=3.0: GT=0.779 learned=nan err=nan% exit=0%
    W2@1.0=2.4844

  --- C ---
      Epoch 100/500: loss=0.006240
      Epoch 200/500: loss=0.006416
      Epoch 300/500: loss=0.006320
      Epoch 400/500: loss=0.006265
      Epoch 500/500: loss=0.006329
    recon=0.006356
  Stage 2 epoch 100/300: loss=0.000000
  Stage 2 epoch 200/300: loss=0.000000
  Stage 2 epoch 300/300: loss=0.000000
  Stage 3 epoch 100/300: loss=0.002501
  Stage 3 epoch 200/300: loss=0.002635
  Stage 3 epoch 300/300: loss=0.002720
    r=0.5: GT=0.071 learned=nan err=nan% exit=0%
    r=1.0: GT=0.217 learned=nan err=nan% exit=0%
    r=2.0: GT=0.573 learned=nan err=nan% exit=0%
    r=3.0: GT=0.779 learned=nan err=nan% exit=0%
    W2@1.0=2.4695

  --- T+F ---
      Epoch 100/500: loss=0.936158
      Epoch 200/500: loss=0.528585
      Epoch 300/500: loss=0.165626
      Epoch 400/500: loss=0.057003
      Epoch 500/500: loss=0.033465
    recon=0.000135
  Stage 2 epoch 100/300: loss=0.003488
  Stage 2 epoch 200/300: loss=0.002741
  Stage 2 epoch 300/300: loss=0.002289
  Stage 3 epoch 100/300: loss=0.000174
  Stage 3 epoch 200/300: loss=0.000098
  Stage 3 epoch 300/300: loss=0.000080
    r=0.5: GT=0.071 learned=0.070 err=1.6% exit=100%
    r=1.0: GT=0.217 learned=0.234 err=7.8% exit=100%
    r=2.0: GT=0.573 learned=0.609 err=6.4% exit=96%
    r=3.0: GT=0.779 learned=0.936 err=20.3% exit=83%
    W2@1.0=1.1455

============================================================
  paraboloid | seed=3042
============================================================

  --- baseline ---
      Epoch 100/500: loss=0.001337
      Epoch 200/500: loss=0.001287
      Epoch 300/500: loss=0.000897
      Epoch 400/500: loss=0.000373
      Epoch 500/500: loss=0.000071
    recon=0.000067
  Stage 2 epoch 100/300: loss=0.130494
  Stage 2 epoch 200/300: loss=0.083178
  Stage 2 epoch 300/300: loss=0.056997
  Stage 3 epoch 100/300: loss=0.000432
  Stage 3 epoch 200/300: loss=0.000370
  Stage 3 epoch 300/300: loss=0.000318
    r=0.5: GT=0.077 learned=0.077 err=0.0% exit=100%
    r=1.0: GT=0.228 learned=0.252 err=10.8% exit=100%
    r=2.0: GT=0.578 learned=0.809 err=40.0% exit=88%
    r=3.0: GT=0.778 learned=1.089 err=40.0% exit=32%
    W2@1.0=1.9607

  --- T ---
      Epoch 100/500: loss=0.040342
      Epoch 200/500: loss=0.023536
      Epoch 300/500: loss=0.026216
      Epoch 400/500: loss=0.017849
      Epoch 500/500: loss=0.002841
    recon=0.000144
  Stage 2 epoch 100/300: loss=0.024641
  Stage 2 epoch 200/300: loss=0.022631
  Stage 2 epoch 300/300: loss=0.015486
  Stage 3 epoch 100/300: loss=0.000067
  Stage 3 epoch 200/300: loss=0.000047
  Stage 3 epoch 300/300: loss=0.000029
    r=0.5: GT=0.077 learned=0.073 err=4.7% exit=100%
    r=1.0: GT=0.228 learned=0.259 err=13.5% exit=100%
    r=2.0: GT=0.578 learned=0.769 err=33.1% exit=90%
    r=3.0: GT=0.778 learned=1.006 err=29.3% exit=61%
    W2@1.0=1.7548

  --- F ---
      Epoch 100/500: loss=0.007427
      Epoch 200/500: loss=0.006098
      Epoch 300/500: loss=0.006022
      Epoch 400/500: loss=0.005894
      Epoch 500/500: loss=0.006026
    recon=0.006021
  Stage 2 epoch 100/300: loss=0.000055
  Stage 2 epoch 200/300: loss=0.000069
  Stage 2 epoch 300/300: loss=0.000066
  Stage 3 epoch 100/300: loss=0.002960
  Stage 3 epoch 200/300: loss=0.003503
  Stage 3 epoch 300/300: loss=0.002917
    r=0.5: GT=0.077 learned=nan err=nan% exit=0%
    r=1.0: GT=0.228 learned=nan err=nan% exit=0%
    r=2.0: GT=0.578 learned=nan err=nan% exit=0%
    r=3.0: GT=0.778 learned=nan err=nan% exit=0%
    W2@1.0=2.6053

  --- C ---
      Epoch 100/500: loss=0.006117
      Epoch 200/500: loss=0.006017
      Epoch 300/500: loss=0.006018
      Epoch 400/500: loss=0.005837
      Epoch 500/500: loss=0.006019
    recon=0.006026
  Stage 2 epoch 100/300: loss=0.000000
  Stage 2 epoch 200/300: loss=0.000000
  Stage 2 epoch 300/300: loss=0.000000
  Stage 3 epoch 100/300: loss=0.002959
  Stage 3 epoch 200/300: loss=0.003502
  Stage 3 epoch 300/300: loss=0.002915
    r=0.5: GT=0.077 learned=nan err=nan% exit=0%
    r=1.0: GT=0.228 learned=nan err=nan% exit=0%
    r=2.0: GT=0.578 learned=nan err=nan% exit=0%
    r=3.0: GT=0.778 learned=nan err=nan% exit=0%
    W2@1.0=2.5996

  --- T+F ---
      Epoch 100/500: loss=0.806722
      Epoch 200/500: loss=0.606824
      Epoch 300/500: loss=0.054920
      Epoch 400/500: loss=0.025822
      Epoch 500/500: loss=0.021142
    recon=0.001537
  Stage 2 epoch 100/300: loss=0.007872
  Stage 2 epoch 200/300: loss=0.007016
  Stage 2 epoch 300/300: loss=0.006297
  Stage 3 epoch 100/300: loss=0.000182
  Stage 3 epoch 200/300: loss=0.000110
  Stage 3 epoch 300/300: loss=0.000079
    r=0.5: GT=0.077 learned=0.074 err=4.0% exit=100%
    r=1.0: GT=0.228 learned=0.225 err=1.1% exit=100%
    r=2.0: GT=0.578 learned=0.584 err=1.1% exit=98%
    r=3.0: GT=0.778 learned=0.891 err=14.6% exit=84%
    W2@1.0=1.3381

============================================================
  paraboloid | seed=4042
============================================================

  --- baseline ---
      Epoch 100/500: loss=0.000977
      Epoch 200/500: loss=0.000925
      Epoch 300/500: loss=0.000981
      Epoch 400/500: loss=0.000649
      Epoch 500/500: loss=0.000283
    recon=0.000449
  Stage 2 epoch 100/300: loss=0.074024
  Stage 2 epoch 200/300: loss=0.056717
  Stage 2 epoch 300/300: loss=0.044599
  Stage 3 epoch 100/300: loss=0.001153
  Stage 3 epoch 200/300: loss=0.000888
  Stage 3 epoch 300/300: loss=0.001156
    r=0.5: GT=0.076 learned=0.069 err=9.0% exit=100%
    r=1.0: GT=0.229 learned=0.232 err=1.2% exit=100%
    r=2.0: GT=0.551 learned=0.765 err=38.8% exit=90%
    r=3.0: GT=0.770 learned=1.106 err=43.5% exit=42%
    W2@1.0=1.9882

  --- T ---
      Epoch 100/500: loss=0.055712
      Epoch 200/500: loss=0.030031
      Epoch 300/500: loss=0.013185
      Epoch 400/500: loss=0.017941
      Epoch 500/500: loss=0.003020
    recon=0.000068
  Stage 2 epoch 100/300: loss=0.011270
  Stage 2 epoch 200/300: loss=0.010616
  Stage 2 epoch 300/300: loss=0.009647
  Stage 3 epoch 100/300: loss=0.000087
  Stage 3 epoch 200/300: loss=0.000045
  Stage 3 epoch 300/300: loss=0.000034
    r=0.5: GT=0.076 learned=0.072 err=4.9% exit=100%
    r=1.0: GT=0.229 learned=0.257 err=12.2% exit=100%
    r=2.0: GT=0.551 learned=0.767 err=39.1% exit=89%
    r=3.0: GT=0.770 learned=0.956 err=24.1% exit=54%
    W2@1.0=1.5467

  --- F ---
      Epoch 100/500: loss=0.005832
      Epoch 200/500: loss=0.005362
      Epoch 300/500: loss=0.005440
      Epoch 400/500: loss=0.005410
      Epoch 500/500: loss=0.005211
    recon=0.005326
  Stage 2 epoch 100/300: loss=0.000045
  Stage 2 epoch 200/300: loss=0.000054
  Stage 2 epoch 300/300: loss=0.000054
  Stage 3 epoch 100/300: loss=0.002704
  Stage 3 epoch 200/300: loss=0.002471
  Stage 3 epoch 300/300: loss=0.002915
    r=0.5: GT=0.076 learned=nan err=nan% exit=0%
    r=1.0: GT=0.229 learned=nan err=nan% exit=0%
    r=2.0: GT=0.551 learned=nan err=nan% exit=0%
    r=3.0: GT=0.770 learned=nan err=nan% exit=0%
    W2@1.0=2.4549

  --- C ---
      Epoch 100/500: loss=0.005397
      Epoch 200/500: loss=0.005381
      Epoch 300/500: loss=0.005488
      Epoch 400/500: loss=0.005400
      Epoch 500/500: loss=0.005226
    recon=0.005327
  Stage 2 epoch 100/300: loss=0.000000
  Stage 2 epoch 200/300: loss=0.000000
  Stage 2 epoch 300/300: loss=0.000000
  Stage 3 epoch 100/300: loss=0.002704
  Stage 3 epoch 200/300: loss=0.002471
  Stage 3 epoch 300/300: loss=0.002915
    r=0.5: GT=0.076 learned=nan err=nan% exit=0%
    r=1.0: GT=0.229 learned=nan err=nan% exit=0%
    r=2.0: GT=0.551 learned=nan err=nan% exit=0%
    r=3.0: GT=0.770 learned=nan err=nan% exit=0%
    W2@1.0=2.4500

  --- T+F ---
      Epoch 100/500: loss=0.679854
      Epoch 200/500: loss=0.209720
      Epoch 300/500: loss=0.090125
      Epoch 400/500: loss=0.049980
      Epoch 500/500: loss=0.017112
    recon=0.000197
  Stage 2 epoch 100/300: loss=0.009279
  Stage 2 epoch 200/300: loss=0.008460
  Stage 2 epoch 300/300: loss=0.003776
  Stage 3 epoch 100/300: loss=0.000153
  Stage 3 epoch 200/300: loss=0.000079
  Stage 3 epoch 300/300: loss=0.000075
    r=0.5: GT=0.076 learned=0.076 err=0.4% exit=100%
    r=1.0: GT=0.229 learned=0.222 err=3.0% exit=100%
    r=2.0: GT=0.551 learned=0.585 err=6.1% exit=99%
    r=3.0: GT=0.770 learned=0.861 err=11.7% exit=86%
    W2@1.0=1.1748

============================================================
  paraboloid | seed=5042
============================================================

  --- baseline ---
      Epoch 100/500: loss=0.001272
      Epoch 200/500: loss=0.001324
      Epoch 300/500: loss=0.000702
      Epoch 400/500: loss=0.000674
      Epoch 500/500: loss=0.000243
    recon=0.000243
  Stage 2 epoch 100/300: loss=0.049868
  Stage 2 epoch 200/300: loss=0.032317
  Stage 2 epoch 300/300: loss=0.031425
  Stage 3 epoch 100/300: loss=0.000577
  Stage 3 epoch 200/300: loss=0.000525
  Stage 3 epoch 300/300: loss=0.000461
    r=0.5: GT=0.073 learned=0.076 err=5.1% exit=100%
    r=1.0: GT=0.219 learned=0.252 err=15.0% exit=100%
    r=2.0: GT=0.573 learned=0.826 err=44.2% exit=86%
    r=3.0: GT=0.774 learned=1.180 err=52.5% exit=28%
    W2@1.0=1.7511

  --- T ---
      Epoch 100/500: loss=0.040729
      Epoch 200/500: loss=0.026500
      Epoch 300/500: loss=0.017057
      Epoch 400/500: loss=0.006463
      Epoch 500/500: loss=0.007535
    recon=0.000152
  Stage 2 epoch 100/300: loss=0.007574
  Stage 2 epoch 200/300: loss=0.005361
  Stage 2 epoch 300/300: loss=0.004305
  Stage 3 epoch 100/300: loss=0.000054
  Stage 3 epoch 200/300: loss=0.000044
  Stage 3 epoch 300/300: loss=0.000034
    r=0.5: GT=0.073 learned=0.071 err=2.7% exit=100%
    r=1.0: GT=0.219 learned=0.248 err=12.9% exit=100%
    r=2.0: GT=0.573 learned=0.739 err=28.9% exit=91%
    r=3.0: GT=0.774 learned=1.002 err=29.5% exit=61%
    W2@1.0=1.4674

  --- F ---
      Epoch 100/500: loss=0.005988
      Epoch 200/500: loss=0.008659
      Epoch 300/500: loss=0.005867
      Epoch 400/500: loss=0.005948
      Epoch 500/500: loss=0.005984
    recon=0.005882
  Stage 2 epoch 100/300: loss=0.000012
  Stage 2 epoch 200/300: loss=0.000013
  Stage 2 epoch 300/300: loss=0.000012
  Stage 3 epoch 100/300: loss=0.002777
  Stage 3 epoch 200/300: loss=0.002759
  Stage 3 epoch 300/300: loss=0.002475
    r=0.5: GT=0.073 learned=nan err=nan% exit=0%
    r=1.0: GT=0.219 learned=nan err=nan% exit=0%
    r=2.0: GT=0.573 learned=nan err=nan% exit=0%
    r=3.0: GT=0.774 learned=nan err=nan% exit=0%
    W2@1.0=2.4759

  --- C ---
      Epoch 100/500: loss=0.005989
      Epoch 200/500: loss=0.005999
      Epoch 300/500: loss=0.005837
      Epoch 400/500: loss=0.005956
      Epoch 500/500: loss=0.005981
    recon=0.005881
  Stage 2 epoch 100/300: loss=0.000000
  Stage 2 epoch 200/300: loss=0.000000
  Stage 2 epoch 300/300: loss=0.000000
  Stage 3 epoch 100/300: loss=0.002777
  Stage 3 epoch 200/300: loss=0.002755
  Stage 3 epoch 300/300: loss=0.002471
    r=0.5: GT=0.073 learned=nan err=nan% exit=0%
    r=1.0: GT=0.219 learned=nan err=nan% exit=0%
    r=2.0: GT=0.573 learned=nan err=nan% exit=0%
    r=3.0: GT=0.774 learned=nan err=nan% exit=0%
    W2@1.0=2.4729

  --- T+F ---
      Epoch 100/500: loss=0.730718
      Epoch 200/500: loss=0.455263
      Epoch 300/500: loss=0.096140
      Epoch 400/500: loss=0.051804
      Epoch 500/500: loss=0.027038
    recon=0.000950
  Stage 2 epoch 100/300: loss=0.006884
  Stage 2 epoch 200/300: loss=0.004734
  Stage 2 epoch 300/300: loss=0.004805
  Stage 3 epoch 100/300: loss=0.000071
  Stage 3 epoch 200/300: loss=0.000061
  Stage 3 epoch 300/300: loss=0.000054
    r=0.5: GT=0.073 learned=0.064 err=11.9% exit=100%
    r=1.0: GT=0.219 learned=0.203 err=7.7% exit=100%
    r=2.0: GT=0.573 learned=0.586 err=2.2% exit=98%
    r=3.0: GT=0.774 learned=0.863 err=11.5% exit=84%
    W2@1.0=1.2928

============================================================
  paraboloid | seed=6042
============================================================

  --- baseline ---
      Epoch 100/500: loss=0.001660
      Epoch 200/500: loss=0.001338
      Epoch 300/500: loss=0.001057
      Epoch 400/500: loss=0.000338
      Epoch 500/500: loss=0.000174
    recon=0.000164
  Stage 2 epoch 100/300: loss=0.031715
  Stage 2 epoch 200/300: loss=0.033553
  Stage 2 epoch 300/300: loss=0.032353
  Stage 3 epoch 100/300: loss=0.000812
  Stage 3 epoch 200/300: loss=0.000783
  Stage 3 epoch 300/300: loss=0.000717
    r=0.5: GT=0.079 learned=0.169 err=115.3% exit=100%
    r=1.0: GT=0.216 learned=0.564 err=161.5% exit=96%
    r=2.0: GT=0.535 learned=0.882 err=64.9% exit=53%
    r=3.0: GT=0.726 learned=0.987 err=35.9% exit=30%
    W2@1.0=1.9565

  --- T ---
      Epoch 100/500: loss=0.034659
      Epoch 200/500: loss=0.030886
      Epoch 300/500: loss=0.018497
      Epoch 400/500: loss=0.014038
      Epoch 500/500: loss=0.006585
    recon=0.000300
  Stage 2 epoch 100/300: loss=0.012427
  Stage 2 epoch 200/300: loss=0.010097
  Stage 2 epoch 300/300: loss=0.007142
  Stage 3 epoch 100/300: loss=0.000146
  Stage 3 epoch 200/300: loss=0.000109
  Stage 3 epoch 300/300: loss=0.000093
    r=0.5: GT=0.079 learned=0.114 err=45.5% exit=100%
    r=1.0: GT=0.216 learned=0.422 err=95.7% exit=99%
    r=2.0: GT=0.535 learned=0.890 err=66.4% exit=54%
    r=3.0: GT=0.726 learned=0.950 err=30.8% exit=23%
    W2@1.0=2.0745

  --- F ---
      Epoch 100/500: loss=0.007725
      Epoch 200/500: loss=0.006174
      Epoch 300/500: loss=0.006150
      Epoch 400/500: loss=0.006474
      Epoch 500/500: loss=0.006239
    recon=0.006294
  Stage 2 epoch 100/300: loss=0.000066
  Stage 2 epoch 200/300: loss=0.000076
  Stage 2 epoch 300/300: loss=0.000065
  Stage 3 epoch 100/300: loss=0.003581
  Stage 3 epoch 200/300: loss=0.003645
  Stage 3 epoch 300/300: loss=0.003568
    r=0.5: GT=0.079 learned=1.483 err=1787.4% exit=18%
    r=1.0: GT=0.216 learned=1.820 err=744.0% exit=1%
    r=2.0: GT=0.535 learned=nan err=nan% exit=0%
    r=3.0: GT=0.726 learned=nan err=nan% exit=0%
    W2@1.0=2.4960

  --- C ---
      Epoch 100/500: loss=0.006534
      Epoch 200/500: loss=0.006204
      Epoch 300/500: loss=0.006218
      Epoch 400/500: loss=0.006452
      Epoch 500/500: loss=0.006240
    recon=0.006307
  Stage 2 epoch 100/300: loss=0.000000
  Stage 2 epoch 200/300: loss=0.000000
  Stage 2 epoch 300/300: loss=0.000000
  Stage 3 epoch 100/300: loss=0.003573
  Stage 3 epoch 200/300: loss=0.003632
  Stage 3 epoch 300/300: loss=0.003556
    r=0.5: GT=0.079 learned=nan err=nan% exit=0%
    r=1.0: GT=0.216 learned=nan err=nan% exit=0%
    r=2.0: GT=0.535 learned=nan err=nan% exit=0%
    r=3.0: GT=0.726 learned=nan err=nan% exit=0%
    W2@1.0=2.4921

  --- T+F ---
      Epoch 100/500: loss=0.696980
      Epoch 200/500: loss=0.305892
      Epoch 300/500: loss=0.084690
      Epoch 400/500: loss=0.033674
      Epoch 500/500: loss=0.032402
    recon=0.002205
  Stage 2 epoch 100/300: loss=0.003451
  Stage 2 epoch 200/300: loss=0.003205
  Stage 2 epoch 300/300: loss=0.002702
  Stage 3 epoch 100/300: loss=0.000195
  Stage 3 epoch 200/300: loss=0.000162
  Stage 3 epoch 300/300: loss=0.000149
    r=0.5: GT=0.079 learned=0.131 err=66.4% exit=100%
    r=1.0: GT=0.216 learned=0.426 err=97.6% exit=99%
    r=2.0: GT=0.535 learned=0.829 err=55.0% exit=73%
    r=3.0: GT=0.726 learned=1.044 err=43.7% exit=44%
    W2@1.0=1.8448

============================================================
  paraboloid | seed=7042
============================================================

  --- baseline ---
      Epoch 100/500: loss=0.001751
      Epoch 200/500: loss=0.001638
      Epoch 300/500: loss=0.000560
      Epoch 400/500: loss=0.000293
      Epoch 500/500: loss=0.000270
    recon=0.000163
  Stage 2 epoch 100/300: loss=0.086763
  Stage 2 epoch 200/300: loss=0.055026
  Stage 2 epoch 300/300: loss=0.042412
  Stage 3 epoch 100/300: loss=0.000711
  Stage 3 epoch 200/300: loss=0.000849
  Stage 3 epoch 300/300: loss=0.000737
    r=0.5: GT=0.074 learned=0.117 err=58.1% exit=100%
    r=1.0: GT=0.227 learned=0.367 err=61.2% exit=100%
    r=2.0: GT=0.563 learned=0.970 err=72.2% exit=71%
    r=3.0: GT=0.764 learned=1.139 err=49.0% exit=16%
    W2@1.0=2.0791

  --- T ---
      Epoch 100/500: loss=0.050339
      Epoch 200/500: loss=0.053732
      Epoch 300/500: loss=0.035081
      Epoch 400/500: loss=0.027988
      Epoch 500/500: loss=0.017766
    recon=0.001008
  Stage 2 epoch 100/300: loss=0.010417
  Stage 2 epoch 200/300: loss=0.007472
  Stage 2 epoch 300/300: loss=0.004022
  Stage 3 epoch 100/300: loss=0.000185
  Stage 3 epoch 200/300: loss=0.000119
  Stage 3 epoch 300/300: loss=0.000112
    r=0.5: GT=0.074 learned=0.139 err=87.8% exit=100%
    r=1.0: GT=0.227 learned=0.498 err=118.9% exit=99%
    r=2.0: GT=0.563 learned=0.949 err=68.5% exit=50%
    r=3.0: GT=0.764 learned=1.047 err=37.0% exit=21%
    W2@1.0=2.0275

  --- F ---
      Epoch 100/500: loss=0.006418
      Epoch 200/500: loss=0.009281
      Epoch 300/500: loss=0.006417
      Epoch 400/500: loss=0.006474
      Epoch 500/500: loss=0.006409
    recon=0.006261
  Stage 2 epoch 100/300: loss=0.000040
  Stage 2 epoch 200/300: loss=0.000042
  Stage 2 epoch 300/300: loss=0.000045
  Stage 3 epoch 100/300: loss=0.004041
  Stage 3 epoch 200/300: loss=0.004728
  Stage 3 epoch 300/300: loss=0.004155
    r=0.5: GT=0.074 learned=1.210 err=1533.4% exit=27%
    r=1.0: GT=0.227 learned=1.516 err=567.0% exit=5%
    r=2.0: GT=0.563 learned=nan err=nan% exit=0%
    r=3.0: GT=0.764 learned=nan err=nan% exit=0%
    W2@1.0=2.4633

  --- C ---
      Epoch 100/500: loss=0.006376
      Epoch 200/500: loss=0.006384
      Epoch 300/500: loss=0.006465
      Epoch 400/500: loss=0.006442
      Epoch 500/500: loss=0.006436
    recon=0.006318
  Stage 2 epoch 100/300: loss=0.000000
  Stage 2 epoch 200/300: loss=0.000000
  Stage 2 epoch 300/300: loss=0.000000
  Stage 3 epoch 100/300: loss=0.004041
  Stage 3 epoch 200/300: loss=0.004725
  Stage 3 epoch 300/300: loss=0.004153
    r=0.5: GT=0.074 learned=nan err=nan% exit=0%
    r=1.0: GT=0.227 learned=nan err=nan% exit=0%
    r=2.0: GT=0.563 learned=nan err=nan% exit=0%
    r=3.0: GT=0.764 learned=nan err=nan% exit=0%
    W2@1.0=2.4658

  --- T+F ---
      Epoch 100/500: loss=0.695307
      Epoch 200/500: loss=0.160836
      Epoch 300/500: loss=0.070252
      Epoch 400/500: loss=0.033636
      Epoch 500/500: loss=0.039364
    recon=0.001534
  Stage 2 epoch 100/300: loss=0.013395
  Stage 2 epoch 200/300: loss=0.015576
  Stage 2 epoch 300/300: loss=0.015715
  Stage 3 epoch 100/300: loss=0.000175
  Stage 3 epoch 200/300: loss=0.000146
  Stage 3 epoch 300/300: loss=0.000103
    r=0.5: GT=0.074 learned=0.132 err=77.7% exit=100%
    r=1.0: GT=0.227 learned=0.455 err=100.3% exit=99%
    r=2.0: GT=0.563 learned=0.928 err=64.6% exit=68%
    r=3.0: GT=0.764 learned=1.073 err=40.3% exit=38%
    W2@1.0=1.8956

============================================================
  paraboloid | seed=8042
============================================================

  --- baseline ---
      Epoch 100/500: loss=0.001396
      Epoch 200/500: loss=0.001495
      Epoch 300/500: loss=0.000510
      Epoch 400/500: loss=0.000239
      Epoch 500/500: loss=0.000143
    recon=0.000149
  Stage 2 epoch 100/300: loss=0.231196
  Stage 2 epoch 200/300: loss=0.196832
  Stage 2 epoch 300/300: loss=0.147965
  Stage 3 epoch 100/300: loss=0.001044
  Stage 3 epoch 200/300: loss=0.000514
  Stage 3 epoch 300/300: loss=0.000387
    r=0.5: GT=0.074 learned=0.077 err=3.1% exit=100%
    r=1.0: GT=0.224 learned=0.273 err=21.9% exit=100%
    r=2.0: GT=0.555 learned=0.837 err=50.8% exit=84%
    r=3.0: GT=0.782 learned=1.126 err=44.0% exit=37%
    W2@1.0=1.7906

  --- T ---
      Epoch 100/500: loss=0.045092
      Epoch 200/500: loss=0.029392
      Epoch 300/500: loss=0.008835
      Epoch 400/500: loss=0.016966
      Epoch 500/500: loss=0.002901
    recon=0.000128
  Stage 2 epoch 100/300: loss=0.010363
  Stage 2 epoch 200/300: loss=0.007672
  Stage 2 epoch 300/300: loss=0.003845
  Stage 3 epoch 100/300: loss=0.000410
  Stage 3 epoch 200/300: loss=0.000136
  Stage 3 epoch 300/300: loss=0.000092
    r=0.5: GT=0.074 learned=0.073 err=2.2% exit=100%
    r=1.0: GT=0.224 learned=0.243 err=8.7% exit=100%
    r=2.0: GT=0.555 learned=0.752 err=35.5% exit=91%
    r=3.0: GT=0.782 learned=0.998 err=27.6% exit=59%
    W2@1.0=1.4473

  --- F ---
      Epoch 100/500: loss=0.009648
      Epoch 200/500: loss=0.006249
      Epoch 300/500: loss=0.005737
      Epoch 400/500: loss=0.005860
      Epoch 500/500: loss=0.005836
    recon=0.005757
  Stage 2 epoch 100/300: loss=0.000103
  Stage 2 epoch 200/300: loss=0.000115
  Stage 2 epoch 300/300: loss=0.000114
  Stage 3 epoch 100/300: loss=0.003971
  Stage 3 epoch 200/300: loss=0.003588
  Stage 3 epoch 300/300: loss=0.003799
    r=0.5: GT=0.074 learned=0.952 err=1181.0% exit=20%
    r=1.0: GT=0.224 learned=1.076 err=380.9% exit=12%
    r=2.0: GT=0.555 learned=1.228 err=121.3% exit=7%
    r=3.0: GT=0.782 learned=nan err=nan% exit=0%
    W2@1.0=2.4898

  --- C ---
      Epoch 100/500: loss=0.005959
      Epoch 200/500: loss=0.006274
      Epoch 300/500: loss=0.005698
      Epoch 400/500: loss=0.005788
      Epoch 500/500: loss=0.005840
    recon=0.005759
  Stage 2 epoch 100/300: loss=0.000000
  Stage 2 epoch 200/300: loss=0.000000
  Stage 2 epoch 300/300: loss=0.000000
  Stage 3 epoch 100/300: loss=0.003971
  Stage 3 epoch 200/300: loss=0.003588
  Stage 3 epoch 300/300: loss=0.003799
    r=0.5: GT=0.074 learned=nan err=nan% exit=0%
    r=1.0: GT=0.224 learned=nan err=nan% exit=0%
    r=2.0: GT=0.555 learned=nan err=nan% exit=0%
    r=3.0: GT=0.782 learned=nan err=nan% exit=0%
    W2@1.0=2.4847

  --- T+F ---
      Epoch 100/500: loss=0.554610
      Epoch 200/500: loss=0.209811
      Epoch 300/500: loss=0.108531
      Epoch 400/500: loss=0.059285
      Epoch 500/500: loss=0.031704
    recon=0.000344
  Stage 2 epoch 100/300: loss=0.007204
  Stage 2 epoch 200/300: loss=0.006228
  Stage 2 epoch 300/300: loss=0.004499
  Stage 3 epoch 100/300: loss=0.000316
  Stage 3 epoch 200/300: loss=0.000154
  Stage 3 epoch 300/300: loss=0.000144
    r=0.5: GT=0.074 learned=0.071 err=4.3% exit=100%
    r=1.0: GT=0.224 learned=0.215 err=3.9% exit=100%
    r=2.0: GT=0.555 learned=0.581 err=4.6% exit=97%
    r=3.0: GT=0.782 learned=0.859 err=9.9% exit=86%
    W2@1.0=1.0549

============================================================
  paraboloid | seed=9042
============================================================

  --- baseline ---
      Epoch 100/500: loss=0.001566
      Epoch 200/500: loss=0.001463
      Epoch 300/500: loss=0.000498
      Epoch 400/500: loss=0.000206
      Epoch 500/500: loss=0.000126
    recon=0.000107
  Stage 2 epoch 100/300: loss=0.055975
  Stage 2 epoch 200/300: loss=0.034315
  Stage 2 epoch 300/300: loss=0.023170
  Stage 3 epoch 100/300: loss=0.000645
  Stage 3 epoch 200/300: loss=0.000532
  Stage 3 epoch 300/300: loss=0.000453
    r=0.5: GT=0.076 learned=0.069 err=9.5% exit=100%
    r=1.0: GT=0.224 learned=0.230 err=2.9% exit=100%
    r=2.0: GT=0.569 learned=0.809 err=42.3% exit=87%
    r=3.0: GT=0.796 learned=1.007 err=26.6% exit=27%
    W2@1.0=1.6487

  --- T ---
      Epoch 100/500: loss=0.052186
      Epoch 200/500: loss=0.038725
      Epoch 300/500: loss=0.007166
      Epoch 400/500: loss=0.004890
      Epoch 500/500: loss=0.002514
    recon=0.000153
  Stage 2 epoch 100/300: loss=0.007316
  Stage 2 epoch 200/300: loss=0.005592
  Stage 2 epoch 300/300: loss=0.003313
  Stage 3 epoch 100/300: loss=0.000122
  Stage 3 epoch 200/300: loss=0.000069
  Stage 3 epoch 300/300: loss=0.000038
    r=0.5: GT=0.076 learned=0.068 err=10.5% exit=100%
    r=1.0: GT=0.224 learned=0.222 err=0.9% exit=100%
    r=2.0: GT=0.569 learned=0.732 err=28.7% exit=90%
    r=3.0: GT=0.796 learned=0.927 err=16.5% exit=55%
    W2@1.0=1.2155

  --- F ---
      Epoch 100/500: loss=0.013562
      Epoch 200/500: loss=0.006399
      Epoch 300/500: loss=0.006357
      Epoch 400/500: loss=0.006277
      Epoch 500/500: loss=0.006226
    recon=0.006305
  Stage 2 epoch 100/300: loss=0.000021
  Stage 2 epoch 200/300: loss=0.000021
  Stage 2 epoch 300/300: loss=0.000019
  Stage 3 epoch 100/300: loss=0.004653
  Stage 3 epoch 200/300: loss=0.004485
  Stage 3 epoch 300/300: loss=0.003641
    r=0.5: GT=0.076 learned=nan err=nan% exit=0%
    r=1.0: GT=0.224 learned=nan err=nan% exit=0%
    r=2.0: GT=0.569 learned=nan err=nan% exit=0%
    r=3.0: GT=0.796 learned=nan err=nan% exit=0%
    W2@1.0=2.3316

  --- C ---
      Epoch 100/500: loss=0.006350
      Epoch 200/500: loss=0.006325
      Epoch 300/500: loss=0.006350
      Epoch 400/500: loss=0.006260
      Epoch 500/500: loss=0.006206
    recon=0.006302
  Stage 2 epoch 100/300: loss=0.000000
  Stage 2 epoch 200/300: loss=0.000000
  Stage 2 epoch 300/300: loss=0.000000
  Stage 3 epoch 100/300: loss=0.004653
  Stage 3 epoch 200/300: loss=0.004485
  Stage 3 epoch 300/300: loss=0.003641
    r=0.5: GT=0.076 learned=nan err=nan% exit=0%
    r=1.0: GT=0.224 learned=nan err=nan% exit=0%
    r=2.0: GT=0.569 learned=nan err=nan% exit=0%
    r=3.0: GT=0.796 learned=nan err=nan% exit=0%
    W2@1.0=2.3285

  --- T+F ---
      Epoch 100/500: loss=0.675178
      Epoch 200/500: loss=0.132875
      Epoch 300/500: loss=0.040706
      Epoch 400/500: loss=0.029469
      Epoch 500/500: loss=0.025139
    recon=0.001627
  Stage 2 epoch 100/300: loss=0.007455
  Stage 2 epoch 200/300: loss=0.007282
  Stage 2 epoch 300/300: loss=0.007086
  Stage 3 epoch 100/300: loss=0.000154
  Stage 3 epoch 200/300: loss=0.000089
  Stage 3 epoch 300/300: loss=0.000065
    r=0.5: GT=0.076 learned=0.068 err=10.0% exit=100%
    r=1.0: GT=0.224 learned=0.224 err=0.1% exit=100%
    r=2.0: GT=0.569 learned=0.621 err=9.1% exit=96%
    r=3.0: GT=0.796 learned=0.903 err=13.5% exit=74%
    W2@1.0=1.1310

============================================================
  hyperbolic_paraboloid | seed=42
============================================================

  --- baseline ---
      Epoch 100/500: loss=0.001501
      Epoch 200/500: loss=0.001439
      Epoch 300/500: loss=0.000493
      Epoch 400/500: loss=0.000150
      Epoch 500/500: loss=0.000110
    recon=0.000097
  Stage 2 epoch 100/300: loss=0.082085
  Stage 2 epoch 200/300: loss=0.054226
  Stage 2 epoch 300/300: loss=0.036875
  Stage 3 epoch 100/300: loss=0.000486
  Stage 3 epoch 200/300: loss=0.000497
  Stage 3 epoch 300/300: loss=0.000403
    r=0.5: GT=0.073 learned=0.131 err=80.6% exit=100%
    r=1.0: GT=0.236 learned=0.430 err=82.3% exit=99%
    r=2.0: GT=0.645 learned=1.039 err=61.1% exit=61%
    r=3.0: GT=0.842 learned=1.269 err=50.7% exit=11%
    W2@1.0=1.5289

  --- T ---
      Epoch 100/500: loss=0.075782
      Epoch 200/500: loss=0.028842
      Epoch 300/500: loss=0.014690
      Epoch 400/500: loss=0.024281
      Epoch 500/500: loss=0.010471
    recon=0.000557
  Stage 2 epoch 100/300: loss=0.016493
  Stage 2 epoch 200/300: loss=0.014342
  Stage 2 epoch 300/300: loss=0.010285
  Stage 3 epoch 100/300: loss=0.000083
  Stage 3 epoch 200/300: loss=0.000062
  Stage 3 epoch 300/300: loss=0.000050
    r=0.5: GT=0.073 learned=0.071 err=2.7% exit=100%
    r=1.0: GT=0.236 learned=0.247 err=4.5% exit=100%
    r=2.0: GT=0.645 learned=0.823 err=27.6% exit=84%
    r=3.0: GT=0.842 learned=1.103 err=30.9% exit=43%
    W2@1.0=1.3274

  --- F ---
      Epoch 100/500: loss=0.007864
      Epoch 200/500: loss=0.007673
      Epoch 300/500: loss=0.006425
      Epoch 400/500: loss=0.006609
      Epoch 500/500: loss=0.006060
    recon=0.006173
  Stage 2 epoch 100/300: loss=0.000074
  Stage 2 epoch 200/300: loss=0.000088
  Stage 2 epoch 300/300: loss=0.000084
  Stage 3 epoch 100/300: loss=0.002531
  Stage 3 epoch 200/300: loss=0.002661
  Stage 3 epoch 300/300: loss=0.002489
    r=0.5: GT=0.073 learned=0.945 err=1202.0% exit=70%
    r=1.0: GT=0.236 learned=1.130 err=378.5% exit=48%
    r=2.0: GT=0.645 learned=1.298 err=101.3% exit=30%
    r=3.0: GT=0.842 learned=1.395 err=65.6% exit=5%
    W2@1.0=2.1828

  --- C ---
      Epoch 100/500: loss=0.006332
      Epoch 200/500: loss=0.006347
      Epoch 300/500: loss=0.006424
      Epoch 400/500: loss=0.006586
      Epoch 500/500: loss=0.006129
    recon=0.006274
  Stage 2 epoch 100/300: loss=0.000000
  Stage 2 epoch 200/300: loss=0.000000
  Stage 2 epoch 300/300: loss=0.000000
  Stage 3 epoch 100/300: loss=0.002533
  Stage 3 epoch 200/300: loss=0.002663
  Stage 3 epoch 300/300: loss=0.002491
    r=0.5: GT=0.073 learned=nan err=nan% exit=0%
    r=1.0: GT=0.236 learned=nan err=nan% exit=0%
    r=2.0: GT=0.645 learned=nan err=nan% exit=0%
    r=3.0: GT=0.842 learned=nan err=nan% exit=0%
    W2@1.0=2.1884

  --- T+F ---
      Epoch 100/500: loss=0.735548
      Epoch 200/500: loss=0.390538
      Epoch 300/500: loss=0.062703
      Epoch 400/500: loss=0.030202
      Epoch 500/500: loss=0.026968
    recon=0.005453
  Stage 2 epoch 100/300: loss=0.005013
  Stage 2 epoch 200/300: loss=0.004960
  Stage 2 epoch 300/300: loss=0.003234
  Stage 3 epoch 100/300: loss=0.000074
  Stage 3 epoch 200/300: loss=0.000069
  Stage 3 epoch 300/300: loss=0.000059
    r=0.5: GT=0.073 learned=0.070 err=3.7% exit=100%
    r=1.0: GT=0.236 learned=0.233 err=1.4% exit=100%
    r=2.0: GT=0.645 learned=0.690 err=7.0% exit=95%
    r=3.0: GT=0.842 learned=1.019 err=21.0% exit=71%
    W2@1.0=1.3753

============================================================
  hyperbolic_paraboloid | seed=1042
============================================================

  --- baseline ---
      Epoch 100/500: loss=0.001262
      Epoch 200/500: loss=0.001041
      Epoch 300/500: loss=0.000858
      Epoch 400/500: loss=0.000292
      Epoch 500/500: loss=0.000132
    recon=0.000117
  Stage 2 epoch 100/300: loss=0.014669
  Stage 2 epoch 200/300: loss=0.009046
  Stage 2 epoch 300/300: loss=0.004759
  Stage 3 epoch 100/300: loss=0.000323
  Stage 3 epoch 200/300: loss=0.000277
  Stage 3 epoch 300/300: loss=0.000261
    r=0.5: GT=0.079 learned=0.068 err=13.5% exit=100%
    r=1.0: GT=0.253 learned=0.249 err=1.8% exit=100%
    r=2.0: GT=0.649 learned=0.873 err=34.7% exit=73%
    r=3.0: GT=0.858 learned=1.151 err=34.1% exit=12%
    W2@1.0=1.3463

  --- T ---
      Epoch 100/500: loss=0.044476
      Epoch 200/500: loss=0.017302
      Epoch 300/500: loss=0.011105
      Epoch 400/500: loss=0.020157
      Epoch 500/500: loss=0.004197
    recon=0.000193
  Stage 2 epoch 100/300: loss=0.007467
  Stage 2 epoch 200/300: loss=0.006455
  Stage 2 epoch 300/300: loss=0.005821
  Stage 3 epoch 100/300: loss=0.000050
  Stage 3 epoch 200/300: loss=0.000038
  Stage 3 epoch 300/300: loss=0.000027
    r=0.5: GT=0.079 learned=0.074 err=6.0% exit=100%
    r=1.0: GT=0.253 learned=0.270 err=6.7% exit=100%
    r=2.0: GT=0.649 learned=0.813 err=25.4% exit=77%
    r=3.0: GT=0.858 learned=1.049 err=22.3% exit=35%
    W2@1.0=1.1948

  --- F ---
      Epoch 100/500: loss=0.009677
      Epoch 200/500: loss=0.006104
      Epoch 300/500: loss=0.005981
      Epoch 400/500: loss=0.005789
      Epoch 500/500: loss=0.006365
    recon=0.005986
  Stage 2 epoch 100/300: loss=0.000081
  Stage 2 epoch 200/300: loss=0.000079
  Stage 2 epoch 300/300: loss=0.000080
  Stage 3 epoch 100/300: loss=0.001715
  Stage 3 epoch 200/300: loss=0.001631
  Stage 3 epoch 300/300: loss=0.001704
    r=0.5: GT=0.079 learned=1.138 err=1336.3% exit=92%
    r=1.0: GT=0.253 learned=1.448 err=472.2% exit=78%
    r=2.0: GT=0.649 learned=1.685 err=159.8% exit=36%
    r=3.0: GT=0.858 learned=1.805 err=110.4% exit=10%
    W2@1.0=2.1377

  --- C ---
      Epoch 100/500: loss=0.006105
      Epoch 200/500: loss=0.005979
      Epoch 300/500: loss=0.005972
      Epoch 400/500: loss=0.005774
      Epoch 500/500: loss=0.006352
    recon=0.005988
  Stage 2 epoch 100/300: loss=0.000000
  Stage 2 epoch 200/300: loss=0.000000
  Stage 2 epoch 300/300: loss=0.000000
  Stage 3 epoch 100/300: loss=0.001715
  Stage 3 epoch 200/300: loss=0.001631
  Stage 3 epoch 300/300: loss=0.001704
    r=0.5: GT=0.079 learned=nan err=nan% exit=0%
    r=1.0: GT=0.253 learned=nan err=nan% exit=0%
    r=2.0: GT=0.649 learned=nan err=nan% exit=0%
    r=3.0: GT=0.858 learned=nan err=nan% exit=0%
    W2@1.0=2.0870

  --- T+F ---
      Epoch 100/500: loss=0.600385
      Epoch 200/500: loss=0.140096
      Epoch 300/500: loss=0.040110
      Epoch 400/500: loss=0.024221
      Epoch 500/500: loss=0.034602
    recon=0.002727
  Stage 2 epoch 100/300: loss=0.004658
  Stage 2 epoch 200/300: loss=0.004660
  Stage 2 epoch 300/300: loss=0.004208
  Stage 3 epoch 100/300: loss=0.000098
  Stage 3 epoch 200/300: loss=0.000054
  Stage 3 epoch 300/300: loss=0.000040
    r=0.5: GT=0.079 learned=0.075 err=5.2% exit=100%
    r=1.0: GT=0.253 learned=0.248 err=2.1% exit=100%
    r=2.0: GT=0.649 learned=0.662 err=2.0% exit=94%
    r=3.0: GT=0.858 learned=0.931 err=8.5% exit=65%
    W2@1.0=1.1526

============================================================
  hyperbolic_paraboloid | seed=2042
============================================================

  --- baseline ---
      Epoch 100/500: loss=0.001066
      Epoch 200/500: loss=0.001002
      Epoch 300/500: loss=0.000813
      Epoch 400/500: loss=0.000222
      Epoch 500/500: loss=0.000102
    recon=0.000103
  Stage 2 epoch 100/300: loss=0.023447
  Stage 2 epoch 200/300: loss=0.022437
  Stage 2 epoch 300/300: loss=0.018726
  Stage 3 epoch 100/300: loss=0.000482
  Stage 3 epoch 200/300: loss=0.000404
  Stage 3 epoch 300/300: loss=0.000369
    r=0.5: GT=0.073 learned=0.075 err=3.3% exit=100%
    r=1.0: GT=0.238 learned=0.277 err=16.3% exit=100%
    r=2.0: GT=0.641 learned=0.888 err=38.5% exit=74%
    r=3.0: GT=0.867 learned=1.176 err=35.7% exit=18%
    W2@1.0=1.3933

  --- T ---
      Epoch 100/500: loss=0.095965
      Epoch 200/500: loss=0.057943
      Epoch 300/500: loss=0.016957
      Epoch 400/500: loss=0.021906
      Epoch 500/500: loss=0.015429
    recon=0.000724
  Stage 2 epoch 100/300: loss=0.005380
  Stage 2 epoch 200/300: loss=0.003817
  Stage 2 epoch 300/300: loss=0.003022
  Stage 3 epoch 100/300: loss=0.000179
  Stage 3 epoch 200/300: loss=0.000152
  Stage 3 epoch 300/300: loss=0.000111
    r=0.5: GT=0.073 learned=0.139 err=91.2% exit=100%
    r=1.0: GT=0.238 learned=0.540 err=126.8% exit=95%
    r=2.0: GT=0.641 learned=0.938 err=46.3% exit=48%
    r=3.0: GT=0.867 learned=1.082 err=24.9% exit=23%
    W2@1.0=1.5561

  --- F ---
      Epoch 100/500: loss=0.007259
      Epoch 200/500: loss=0.006400
      Epoch 300/500: loss=0.005979
      Epoch 400/500: loss=0.006008
      Epoch 500/500: loss=0.005881
    recon=0.005943
  Stage 2 epoch 100/300: loss=0.000079
  Stage 2 epoch 200/300: loss=0.000083
  Stage 2 epoch 300/300: loss=0.000069
  Stage 3 epoch 100/300: loss=0.002290
  Stage 3 epoch 200/300: loss=0.002627
  Stage 3 epoch 300/300: loss=0.002545
    r=0.5: GT=0.073 learned=1.864 err=2468.8% exit=4%
    r=1.0: GT=0.238 learned=nan err=nan% exit=0%
    r=2.0: GT=0.641 learned=nan err=nan% exit=0%
    r=3.0: GT=0.867 learned=nan err=nan% exit=0%
    W2@1.0=2.1823

  --- C ---
      Epoch 100/500: loss=0.005764
      Epoch 200/500: loss=0.005906
      Epoch 300/500: loss=0.005979
      Epoch 400/500: loss=0.005970
      Epoch 500/500: loss=0.005865
    recon=0.005941
  Stage 2 epoch 100/300: loss=0.000000
  Stage 2 epoch 200/300: loss=0.000000
  Stage 2 epoch 300/300: loss=0.000000
  Stage 3 epoch 100/300: loss=0.002290
  Stage 3 epoch 200/300: loss=0.002627
  Stage 3 epoch 300/300: loss=0.002545
    r=0.5: GT=0.073 learned=nan err=nan% exit=0%
    r=1.0: GT=0.238 learned=nan err=nan% exit=0%
    r=2.0: GT=0.641 learned=nan err=nan% exit=0%
    r=3.0: GT=0.867 learned=nan err=nan% exit=0%
    W2@1.0=2.1806

  --- T+F ---
      Epoch 100/500: loss=0.784468
      Epoch 200/500: loss=0.239292
      Epoch 300/500: loss=0.101935
      Epoch 400/500: loss=0.059027
      Epoch 500/500: loss=0.023750
    recon=0.000275
  Stage 2 epoch 100/300: loss=0.005027
  Stage 2 epoch 200/300: loss=0.004884
  Stage 2 epoch 300/300: loss=0.004657
  Stage 3 epoch 100/300: loss=0.000042
  Stage 3 epoch 200/300: loss=0.000042
  Stage 3 epoch 300/300: loss=0.000040
    r=0.5: GT=0.073 learned=0.075 err=3.3% exit=100%
    r=1.0: GT=0.238 learned=0.242 err=1.5% exit=100%
    r=2.0: GT=0.641 learned=0.716 err=11.7% exit=95%
    r=3.0: GT=0.867 learned=0.975 err=12.5% exit=68%
    W2@1.0=1.0147

============================================================
  hyperbolic_paraboloid | seed=3042
============================================================

  --- baseline ---
      Epoch 100/500: loss=0.001336
      Epoch 200/500: loss=0.001249
      Epoch 300/500: loss=0.000790
      Epoch 400/500: loss=0.000190
      Epoch 500/500: loss=0.000206
    recon=0.000149
  Stage 2 epoch 100/300: loss=0.017957
  Stage 2 epoch 200/300: loss=0.015165
  Stage 2 epoch 300/300: loss=0.011875
  Stage 3 epoch 100/300: loss=0.000790
  Stage 3 epoch 200/300: loss=0.000830
  Stage 3 epoch 300/300: loss=0.000664
    r=0.5: GT=0.078 learned=0.082 err=5.9% exit=100%
    r=1.0: GT=0.235 learned=0.297 err=26.6% exit=100%
    r=2.0: GT=0.638 learned=0.955 err=49.8% exit=70%
    r=3.0: GT=0.872 learned=1.168 err=33.9% exit=11%
    W2@1.0=1.5751

  --- T ---
      Epoch 100/500: loss=0.038813
      Epoch 200/500: loss=0.019890
      Epoch 300/500: loss=0.013751
      Epoch 400/500: loss=0.004219
      Epoch 500/500: loss=0.004930
    recon=0.000153
  Stage 2 epoch 100/300: loss=0.006295
  Stage 2 epoch 200/300: loss=0.005926
  Stage 2 epoch 300/300: loss=0.005408
  Stage 3 epoch 100/300: loss=0.000133
  Stage 3 epoch 200/300: loss=0.000070
  Stage 3 epoch 300/300: loss=0.000045
    r=0.5: GT=0.078 learned=0.075 err=3.4% exit=100%
    r=1.0: GT=0.235 learned=0.258 err=9.7% exit=100%
    r=2.0: GT=0.638 learned=0.787 err=23.5% exit=86%
    r=3.0: GT=0.872 learned=1.065 err=22.1% exit=52%
    W2@1.0=1.2309

  --- F ---
      Epoch 100/500: loss=0.006673
      Epoch 200/500: loss=0.008408
      Epoch 300/500: loss=0.006001
      Epoch 400/500: loss=0.005901
      Epoch 500/500: loss=0.005986
    recon=0.005938
  Stage 2 epoch 100/300: loss=0.000081
  Stage 2 epoch 200/300: loss=0.000074
  Stage 2 epoch 300/300: loss=0.000074
  Stage 3 epoch 100/300: loss=0.002467
  Stage 3 epoch 200/300: loss=0.002940
  Stage 3 epoch 300/300: loss=0.002649
    r=0.5: GT=0.078 learned=1.319 err=1597.4% exit=7%
    r=1.0: GT=0.235 learned=nan err=nan% exit=0%
    r=2.0: GT=0.638 learned=nan err=nan% exit=0%
    r=3.0: GT=0.872 learned=nan err=nan% exit=0%
    W2@1.0=2.2614

  --- C ---
      Epoch 100/500: loss=0.006011
      Epoch 200/500: loss=0.005968
      Epoch 300/500: loss=0.005931
      Epoch 400/500: loss=0.005758
      Epoch 500/500: loss=0.005969
    recon=0.005963
  Stage 2 epoch 100/300: loss=0.000000
  Stage 2 epoch 200/300: loss=0.000000
  Stage 2 epoch 300/300: loss=0.000000
  Stage 3 epoch 100/300: loss=0.002467
  Stage 3 epoch 200/300: loss=0.002940
  Stage 3 epoch 300/300: loss=0.002649
    r=0.5: GT=0.078 learned=nan err=nan% exit=0%
    r=1.0: GT=0.235 learned=nan err=nan% exit=0%
    r=2.0: GT=0.638 learned=nan err=nan% exit=0%
    r=3.0: GT=0.872 learned=nan err=nan% exit=0%
    W2@1.0=2.2621

  --- T+F ---
      Epoch 100/500: loss=0.761285
      Epoch 200/500: loss=0.548315
      Epoch 300/500: loss=0.049470
      Epoch 400/500: loss=0.019756
      Epoch 500/500: loss=0.005794
    recon=0.000091
  Stage 2 epoch 100/300: loss=0.004125
  Stage 2 epoch 200/300: loss=0.003714
  Stage 2 epoch 300/300: loss=0.004351
  Stage 3 epoch 100/300: loss=0.000161
  Stage 3 epoch 200/300: loss=0.000124
  Stage 3 epoch 300/300: loss=0.000089
    r=0.5: GT=0.078 learned=0.125 err=60.8% exit=100%
    r=1.0: GT=0.235 learned=0.410 err=74.7% exit=100%
    r=2.0: GT=0.638 learned=0.838 err=31.4% exit=80%
    r=3.0: GT=0.872 learned=1.010 err=15.8% exit=55%
    W2@1.0=1.1800

============================================================
  hyperbolic_paraboloid | seed=4042
============================================================

  --- baseline ---
      Epoch 100/500: loss=0.001165
      Epoch 200/500: loss=0.001054
      Epoch 300/500: loss=0.000643
      Epoch 400/500: loss=0.000245
      Epoch 500/500: loss=0.000269
    recon=0.000257
  Stage 2 epoch 100/300: loss=0.055286
  Stage 2 epoch 200/300: loss=0.014877
  Stage 2 epoch 300/300: loss=0.008604
  Stage 3 epoch 100/300: loss=0.000365
  Stage 3 epoch 200/300: loss=0.000315
  Stage 3 epoch 300/300: loss=0.000321
    r=0.5: GT=0.075 learned=0.078 err=4.7% exit=100%
    r=1.0: GT=0.238 learned=0.289 err=21.8% exit=100%
    r=2.0: GT=0.603 learned=0.962 err=59.7% exit=71%
    r=3.0: GT=0.865 learned=1.275 err=47.4% exit=13%
    W2@1.0=1.6129

  --- T ---
      Epoch 100/500: loss=0.062521
      Epoch 200/500: loss=0.016253
      Epoch 300/500: loss=0.028055
      Epoch 400/500: loss=0.005971
      Epoch 500/500: loss=0.010292
    recon=0.001211
  Stage 2 epoch 100/300: loss=0.009288
  Stage 2 epoch 200/300: loss=0.006925
  Stage 2 epoch 300/300: loss=0.005447
  Stage 3 epoch 100/300: loss=0.000069
  Stage 3 epoch 200/300: loss=0.000049
  Stage 3 epoch 300/300: loss=0.000042
    r=0.5: GT=0.075 learned=0.075 err=0.1% exit=100%
    r=1.0: GT=0.238 learned=0.285 err=19.8% exit=100%
    r=2.0: GT=0.603 learned=0.844 err=40.0% exit=83%
    r=3.0: GT=0.865 learned=1.068 err=23.5% exit=39%
    W2@1.0=1.4150

  --- F ---
      Epoch 100/500: loss=0.006693
      Epoch 200/500: loss=0.005622
      Epoch 300/500: loss=0.005714
      Epoch 400/500: loss=0.005762
      Epoch 500/500: loss=0.005554
    recon=0.005605
  Stage 2 epoch 100/300: loss=0.000037
  Stage 2 epoch 200/300: loss=0.000037
  Stage 2 epoch 300/300: loss=0.000037
  Stage 3 epoch 100/300: loss=0.002312
  Stage 3 epoch 200/300: loss=0.002177
  Stage 3 epoch 300/300: loss=0.002429
    r=0.5: GT=0.075 learned=1.415 err=1792.7% exit=14%
    r=1.0: GT=0.238 learned=1.667 err=601.7% exit=1%
    r=2.0: GT=0.603 learned=nan err=nan% exit=0%
    r=3.0: GT=0.865 learned=nan err=nan% exit=0%
    W2@1.0=2.2515

  --- C ---
      Epoch 100/500: loss=0.005780
      Epoch 200/500: loss=0.005603
      Epoch 300/500: loss=0.005679
      Epoch 400/500: loss=0.005695
      Epoch 500/500: loss=0.005534
    recon=0.005607
  Stage 2 epoch 100/300: loss=0.000000
  Stage 2 epoch 200/300: loss=0.000000
  Stage 2 epoch 300/300: loss=0.000000
  Stage 3 epoch 100/300: loss=0.002312
  Stage 3 epoch 200/300: loss=0.002177
  Stage 3 epoch 300/300: loss=0.002429
    r=0.5: GT=0.075 learned=nan err=nan% exit=0%
    r=1.0: GT=0.238 learned=nan err=nan% exit=0%
    r=2.0: GT=0.603 learned=nan err=nan% exit=0%
    r=3.0: GT=0.865 learned=nan err=nan% exit=0%
    W2@1.0=2.2494

  --- T+F ---
      Epoch 100/500: loss=0.584969
      Epoch 200/500: loss=0.085639
      Epoch 300/500: loss=0.025413
      Epoch 400/500: loss=0.030889
      Epoch 500/500: loss=0.015202
    recon=0.000155
  Stage 2 epoch 100/300: loss=0.007667
  Stage 2 epoch 200/300: loss=0.008504
  Stage 2 epoch 300/300: loss=0.006915
  Stage 3 epoch 100/300: loss=0.000032
  Stage 3 epoch 200/300: loss=0.000027
  Stage 3 epoch 300/300: loss=0.000028
    r=0.5: GT=0.075 learned=0.077 err=3.3% exit=100%
    r=1.0: GT=0.238 learned=0.265 err=11.5% exit=100%
    r=2.0: GT=0.603 learned=0.721 err=19.7% exit=94%
    r=3.0: GT=0.865 learned=1.019 err=17.8% exit=59%
    W2@1.0=1.1748

============================================================
  hyperbolic_paraboloid | seed=5042
============================================================

  --- baseline ---
      Epoch 100/500: loss=0.001174
      Epoch 200/500: loss=0.001161
      Epoch 300/500: loss=0.001048
      Epoch 400/500: loss=0.000612
      Epoch 500/500: loss=0.000150
    recon=0.000144
  Stage 2 epoch 100/300: loss=0.076518
  Stage 2 epoch 200/300: loss=0.037069
  Stage 2 epoch 300/300: loss=0.021484
  Stage 3 epoch 100/300: loss=0.000898
  Stage 3 epoch 200/300: loss=0.000799
  Stage 3 epoch 300/300: loss=0.000721
    r=0.5: GT=0.073 learned=0.106 err=44.5% exit=100%
    r=1.0: GT=0.219 learned=0.419 err=91.1% exit=99%
    r=2.0: GT=0.630 learned=0.928 err=47.4% exit=46%
    r=3.0: GT=0.863 learned=1.184 err=37.1% exit=8%
    W2@1.0=1.6207

  --- T ---
      Epoch 100/500: loss=0.032711
      Epoch 200/500: loss=0.023558
      Epoch 300/500: loss=0.028893
      Epoch 400/500: loss=0.019223
      Epoch 500/500: loss=0.002717
    recon=0.000085
  Stage 2 epoch 100/300: loss=0.011182
  Stage 2 epoch 200/300: loss=0.009147
  Stage 2 epoch 300/300: loss=0.007243
  Stage 3 epoch 100/300: loss=0.000209
  Stage 3 epoch 200/300: loss=0.000108
  Stage 3 epoch 300/300: loss=0.000104
    r=0.5: GT=0.073 learned=0.121 err=65.1% exit=100%
    r=1.0: GT=0.219 learned=0.456 err=107.7% exit=98%
    r=2.0: GT=0.630 learned=0.945 err=50.1% exit=58%
    r=3.0: GT=0.863 learned=0.994 err=15.1% exit=33%
    W2@1.0=1.5994

  --- F ---
      Epoch 100/500: loss=0.005946
      Epoch 200/500: loss=0.005944
      Epoch 300/500: loss=0.005793
      Epoch 400/500: loss=0.005935
      Epoch 500/500: loss=0.005834
    recon=0.005765
  Stage 2 epoch 100/300: loss=0.000072
  Stage 2 epoch 200/300: loss=0.000067
  Stage 2 epoch 300/300: loss=0.000065
  Stage 3 epoch 100/300: loss=0.004389
  Stage 3 epoch 200/300: loss=0.004101
  Stage 3 epoch 300/300: loss=0.003845
    r=0.5: GT=0.073 learned=nan err=nan% exit=0%
    r=1.0: GT=0.219 learned=nan err=nan% exit=0%
    r=2.0: GT=0.630 learned=nan err=nan% exit=0%
    r=3.0: GT=0.863 learned=nan err=nan% exit=0%
    W2@1.0=2.0984

  --- C ---
      Epoch 100/500: loss=0.005951
      Epoch 200/500: loss=0.005739
      Epoch 300/500: loss=0.005727
      Epoch 400/500: loss=0.005929
      Epoch 500/500: loss=0.005823
    recon=0.005759
  Stage 2 epoch 100/300: loss=0.000000
  Stage 2 epoch 200/300: loss=0.000000
  Stage 2 epoch 300/300: loss=0.000000
  Stage 3 epoch 100/300: loss=0.004389
  Stage 3 epoch 200/300: loss=0.004101
  Stage 3 epoch 300/300: loss=0.003845
    r=0.5: GT=0.073 learned=nan err=nan% exit=0%
    r=1.0: GT=0.219 learned=nan err=nan% exit=0%
    r=2.0: GT=0.630 learned=nan err=nan% exit=0%
    r=3.0: GT=0.863 learned=nan err=nan% exit=0%
    W2@1.0=2.1008

  --- T+F ---
      Epoch 100/500: loss=0.750305
      Epoch 200/500: loss=0.223076
      Epoch 300/500: loss=0.059928
      Epoch 400/500: loss=0.023831
      Epoch 500/500: loss=0.024749
    recon=0.002458
  Stage 2 epoch 100/300: loss=0.006754
  Stage 2 epoch 200/300: loss=0.006094
  Stage 2 epoch 300/300: loss=0.006835
  Stage 3 epoch 100/300: loss=0.000232
  Stage 3 epoch 200/300: loss=0.000133
  Stage 3 epoch 300/300: loss=0.000120
    r=0.5: GT=0.073 learned=0.128 err=75.5% exit=100%
    r=1.0: GT=0.219 learned=0.440 err=100.9% exit=99%
    r=2.0: GT=0.630 learned=0.942 err=49.6% exit=71%
    r=3.0: GT=0.863 learned=1.032 err=19.5% exit=41%
    W2@1.0=1.6027

============================================================
  hyperbolic_paraboloid | seed=6042
============================================================

  --- baseline ---
      Epoch 100/500: loss=0.001346
      Epoch 200/500: loss=0.000971
      Epoch 300/500: loss=0.000254
      Epoch 400/500: loss=0.000354
      Epoch 500/500: loss=0.000214
    recon=0.000213
  Stage 2 epoch 100/300: loss=0.036027
  Stage 2 epoch 200/300: loss=0.030629
  Stage 2 epoch 300/300: loss=0.024788
  Stage 3 epoch 100/300: loss=0.000690
  Stage 3 epoch 200/300: loss=0.000633
  Stage 3 epoch 300/300: loss=0.000673
    r=0.5: GT=0.079 learned=0.084 err=5.4% exit=100%
    r=1.0: GT=0.224 learned=0.306 err=36.7% exit=100%
    r=2.0: GT=0.588 learned=0.912 err=55.0% exit=64%
    r=3.0: GT=0.815 learned=1.076 err=32.0% exit=13%
    W2@1.0=1.4548

  --- T ---
      Epoch 100/500: loss=0.272600
      Epoch 200/500: loss=0.187379
      Epoch 300/500: loss=0.104195
      Epoch 400/500: loss=0.040776
      Epoch 500/500: loss=0.023443
    recon=0.008604
  Stage 2 epoch 100/300: loss=1.779654
  Stage 2 epoch 200/300: loss=1.185848
  Stage 2 epoch 300/300: loss=1.143969
  Stage 3 epoch 100/300: loss=0.000414
  Stage 3 epoch 200/300: loss=0.000217
  Stage 3 epoch 300/300: loss=0.000182
    r=0.5: GT=0.079 learned=0.072 err=9.8% exit=100%
    r=1.0: GT=0.224 learned=0.201 err=10.5% exit=100%
    r=2.0: GT=0.588 learned=0.613 err=4.2% exit=96%
    r=3.0: GT=0.815 learned=0.986 err=21.0% exit=74%
    W2@1.0=2.1669

  --- F ---
      Epoch 100/500: loss=0.007535
      Epoch 200/500: loss=0.006737
      Epoch 300/500: loss=0.006038
      Epoch 400/500: loss=0.006423
      Epoch 500/500: loss=0.006151
    recon=0.006188
  Stage 2 epoch 100/300: loss=0.000086
  Stage 2 epoch 200/300: loss=0.000087
  Stage 2 epoch 300/300: loss=0.000082
  Stage 3 epoch 100/300: loss=0.003399
  Stage 3 epoch 200/300: loss=0.003469
  Stage 3 epoch 300/300: loss=0.003644
    r=0.5: GT=0.079 learned=1.280 err=1511.4% exit=24%
    r=1.0: GT=0.224 learned=1.436 err=540.5% exit=5%
    r=2.0: GT=0.588 learned=nan err=nan% exit=0%
    r=3.0: GT=0.815 learned=nan err=nan% exit=0%
    W2@1.0=2.1039

  --- C ---
      Epoch 100/500: loss=0.006219
      Epoch 200/500: loss=0.006065
      Epoch 300/500: loss=0.006030
      Epoch 400/500: loss=0.006359
      Epoch 500/500: loss=0.006149
    recon=0.006199
  Stage 2 epoch 100/300: loss=0.000000
  Stage 2 epoch 200/300: loss=0.000000
  Stage 2 epoch 300/300: loss=0.000000
  Stage 3 epoch 100/300: loss=0.003399
  Stage 3 epoch 200/300: loss=0.003469
  Stage 3 epoch 300/300: loss=0.003644
    r=0.5: GT=0.079 learned=nan err=nan% exit=0%
    r=1.0: GT=0.224 learned=nan err=nan% exit=0%
    r=2.0: GT=0.588 learned=nan err=nan% exit=0%
    r=3.0: GT=0.815 learned=nan err=nan% exit=0%
    W2@1.0=2.1035

  --- T+F ---
      Epoch 100/500: loss=0.691149
      Epoch 200/500: loss=0.239132
      Epoch 300/500: loss=0.049764
      Epoch 400/500: loss=0.036670
      Epoch 500/500: loss=0.032213
    recon=0.001095
  Stage 2 epoch 100/300: loss=0.008413
  Stage 2 epoch 200/300: loss=0.008899
  Stage 2 epoch 300/300: loss=0.007772
  Stage 3 epoch 100/300: loss=0.000222
  Stage 3 epoch 200/300: loss=0.000164
  Stage 3 epoch 300/300: loss=0.000142
    r=0.5: GT=0.079 learned=0.124 err=56.1% exit=100%
    r=1.0: GT=0.224 learned=0.366 err=63.3% exit=99%
    r=2.0: GT=0.588 learned=0.748 err=27.2% exit=81%
    r=3.0: GT=0.815 learned=0.936 err=14.7% exit=58%
    W2@1.0=1.2365

============================================================
  hyperbolic_paraboloid | seed=7042
============================================================

  --- baseline ---
      Epoch 100/500: loss=0.001302
      Epoch 200/500: loss=0.001113
      Epoch 300/500: loss=0.000504
      Epoch 400/500: loss=0.000298
      Epoch 500/500: loss=0.000100
    recon=0.000097
  Stage 2 epoch 100/300: loss=0.034135
  Stage 2 epoch 200/300: loss=0.029827
  Stage 2 epoch 300/300: loss=0.025163
  Stage 3 epoch 100/300: loss=0.001369
  Stage 3 epoch 200/300: loss=0.000838
  Stage 3 epoch 300/300: loss=0.001005
    r=0.5: GT=0.076 learned=0.074 err=2.8% exit=100%
    r=1.0: GT=0.230 learned=0.265 err=15.4% exit=100%
    r=2.0: GT=0.608 learned=0.950 err=56.3% exit=70%
    r=3.0: GT=0.869 learned=1.093 err=25.8% exit=11%
    W2@1.0=1.4263

  --- T ---
      Epoch 100/500: loss=0.053522
      Epoch 200/500: loss=0.017229
      Epoch 300/500: loss=0.022961
      Epoch 400/500: loss=0.008181
      Epoch 500/500: loss=0.031714
    recon=0.000985
  Stage 2 epoch 100/300: loss=0.004220
  Stage 2 epoch 200/300: loss=0.003000
  Stage 2 epoch 300/300: loss=0.002032
  Stage 3 epoch 100/300: loss=0.000367
  Stage 3 epoch 200/300: loss=0.000255
  Stage 3 epoch 300/300: loss=0.000297
    r=0.5: GT=0.076 learned=0.105 err=38.9% exit=100%
    r=1.0: GT=0.230 learned=0.404 err=76.1% exit=99%
    r=2.0: GT=0.608 learned=0.951 err=56.4% exit=61%
    r=3.0: GT=0.869 learned=1.045 err=20.3% exit=31%
    W2@1.0=1.6913

  --- F ---
      Epoch 100/500: loss=0.007047
      Epoch 200/500: loss=0.006606
      Epoch 300/500: loss=0.005983
      Epoch 400/500: loss=0.006038
      Epoch 500/500: loss=0.005957
    recon=0.005856
  Stage 2 epoch 100/300: loss=0.000135
  Stage 2 epoch 200/300: loss=0.000152
  Stage 2 epoch 300/300: loss=0.000160
  Stage 3 epoch 100/300: loss=0.004658
  Stage 3 epoch 200/300: loss=0.003958
  Stage 3 epoch 300/300: loss=0.004463
    r=0.5: GT=0.076 learned=nan err=nan% exit=0%
    r=1.0: GT=0.230 learned=nan err=nan% exit=0%
    r=2.0: GT=0.608 learned=nan err=nan% exit=0%
    r=3.0: GT=0.869 learned=nan err=nan% exit=0%
    W2@1.0=2.1272

  --- C ---
      Epoch 100/500: loss=0.006011
      Epoch 200/500: loss=0.005865
      Epoch 300/500: loss=0.005979
      Epoch 400/500: loss=0.006036
      Epoch 500/500: loss=0.005973
    recon=0.005891
  Stage 2 epoch 100/300: loss=0.000000
  Stage 2 epoch 200/300: loss=0.000000
  Stage 2 epoch 300/300: loss=0.000000
  Stage 3 epoch 100/300: loss=0.004658
  Stage 3 epoch 200/300: loss=0.003958
  Stage 3 epoch 300/300: loss=0.004463
    r=0.5: GT=0.076 learned=nan err=nan% exit=0%
    r=1.0: GT=0.230 learned=nan err=nan% exit=0%
    r=2.0: GT=0.608 learned=nan err=nan% exit=0%
    r=3.0: GT=0.869 learned=nan err=nan% exit=0%
    W2@1.0=2.1285

  --- T+F ---
      Epoch 100/500: loss=0.791179
      Epoch 200/500: loss=0.273580
      Epoch 300/500: loss=0.056251
      Epoch 400/500: loss=0.097944
      Epoch 500/500: loss=0.020019
    recon=0.000076
  Stage 2 epoch 100/300: loss=0.011215
  Stage 2 epoch 200/300: loss=0.012633
  Stage 2 epoch 300/300: loss=0.011630
  Stage 3 epoch 100/300: loss=0.000126
  Stage 3 epoch 200/300: loss=0.000076
  Stage 3 epoch 300/300: loss=0.000078
    r=0.5: GT=0.076 learned=0.077 err=1.6% exit=100%
    r=1.0: GT=0.230 learned=0.252 err=9.9% exit=100%
    r=2.0: GT=0.608 learned=0.751 err=23.5% exit=92%
    r=3.0: GT=0.869 learned=1.006 err=15.8% exit=54%
    W2@1.0=1.0430

============================================================
  hyperbolic_paraboloid | seed=8042
============================================================

  --- baseline ---
      Epoch 100/500: loss=0.001328
      Epoch 200/500: loss=0.001282
      Epoch 300/500: loss=0.000498
      Epoch 400/500: loss=0.000130
      Epoch 500/500: loss=0.000073
    recon=0.000067
  Stage 2 epoch 100/300: loss=0.016374
  Stage 2 epoch 200/300: loss=0.009990
  Stage 2 epoch 300/300: loss=0.005837
  Stage 3 epoch 100/300: loss=0.000559
  Stage 3 epoch 200/300: loss=0.000535
  Stage 3 epoch 300/300: loss=0.000518
    r=0.5: GT=0.075 learned=0.160 err=112.5% exit=100%
    r=1.0: GT=0.234 learned=0.529 err=126.5% exit=98%
    r=2.0: GT=0.639 learned=1.067 err=67.1% exit=47%
    r=3.0: GT=0.859 learned=1.193 err=38.9% exit=5%
    W2@1.0=1.7391

  --- T ---
      Epoch 100/500: loss=0.068676
      Epoch 200/500: loss=0.059588
      Epoch 300/500: loss=0.022688
      Epoch 400/500: loss=0.012580
      Epoch 500/500: loss=0.005390
    recon=0.000235
  Stage 2 epoch 100/300: loss=0.005931
  Stage 2 epoch 200/300: loss=0.005035
  Stage 2 epoch 300/300: loss=0.003537
  Stage 3 epoch 100/300: loss=0.000256
  Stage 3 epoch 200/300: loss=0.000201
  Stage 3 epoch 300/300: loss=0.000125
    r=0.5: GT=0.075 learned=0.141 err=86.3% exit=100%
    r=1.0: GT=0.234 learned=0.501 err=114.5% exit=97%
    r=2.0: GT=0.639 learned=0.920 err=44.1% exit=55%
    r=3.0: GT=0.859 learned=1.050 err=22.2% exit=27%
    W2@1.0=1.6093

  --- F ---
      Epoch 100/500: loss=0.013194
      Epoch 200/500: loss=0.006084
      Epoch 300/500: loss=0.005560
      Epoch 400/500: loss=0.005658
      Epoch 500/500: loss=0.005777
    recon=0.005589
  Stage 2 epoch 100/300: loss=0.000134
  Stage 2 epoch 200/300: loss=0.000155
  Stage 2 epoch 300/300: loss=0.000158
  Stage 3 epoch 100/300: loss=0.002915
  Stage 3 epoch 200/300: loss=0.002968
  Stage 3 epoch 300/300: loss=0.002991
    r=0.5: GT=0.075 learned=nan err=nan% exit=0%
    r=1.0: GT=0.234 learned=nan err=nan% exit=0%
    r=2.0: GT=0.639 learned=nan err=nan% exit=0%
    r=3.0: GT=0.859 learned=nan err=nan% exit=0%
    W2@1.0=2.2534

  --- C ---
      Epoch 100/500: loss=0.005676
      Epoch 200/500: loss=0.005881
      Epoch 300/500: loss=0.005510
      Epoch 400/500: loss=0.005605
      Epoch 500/500: loss=0.005734
    recon=0.005589
  Stage 2 epoch 100/300: loss=0.000000
  Stage 2 epoch 200/300: loss=0.000000
  Stage 2 epoch 300/300: loss=0.000000
  Stage 3 epoch 100/300: loss=0.002915
  Stage 3 epoch 200/300: loss=0.002968
  Stage 3 epoch 300/300: loss=0.002991
    r=0.5: GT=0.075 learned=nan err=nan% exit=0%
    r=1.0: GT=0.234 learned=nan err=nan% exit=0%
    r=2.0: GT=0.639 learned=nan err=nan% exit=0%
    r=3.0: GT=0.859 learned=nan err=nan% exit=0%
    W2@1.0=2.2528

  --- T+F ---
      Epoch 100/500: loss=0.648470
      Epoch 200/500: loss=0.190896
      Epoch 300/500: loss=0.163027
      Epoch 400/500: loss=0.027669
      Epoch 500/500: loss=0.020644
    recon=0.000344
  Stage 2 epoch 100/300: loss=0.006277
  Stage 2 epoch 200/300: loss=0.007439
  Stage 2 epoch 300/300: loss=0.004043
  Stage 3 epoch 100/300: loss=0.000234
  Stage 3 epoch 200/300: loss=0.000190
  Stage 3 epoch 300/300: loss=0.000136
    r=0.5: GT=0.075 learned=0.139 err=84.3% exit=100%
    r=1.0: GT=0.234 learned=0.442 err=89.4% exit=98%
    r=2.0: GT=0.639 learned=0.911 err=42.6% exit=70%
    r=3.0: GT=0.859 learned=1.045 err=21.6% exit=42%
    W2@1.0=1.3999

============================================================
  hyperbolic_paraboloid | seed=9042
============================================================

  --- baseline ---
      Epoch 100/500: loss=0.001439
      Epoch 200/500: loss=0.001217
      Epoch 300/500: loss=0.000343
      Epoch 400/500: loss=0.000216
      Epoch 500/500: loss=0.000092
    recon=0.000091
  Stage 2 epoch 100/300: loss=0.032878
  Stage 2 epoch 200/300: loss=0.028655
  Stage 2 epoch 300/300: loss=0.021042
  Stage 3 epoch 100/300: loss=0.000572
  Stage 3 epoch 200/300: loss=0.000483
  Stage 3 epoch 300/300: loss=0.000434
    r=0.5: GT=0.076 learned=0.079 err=3.9% exit=100%
    r=1.0: GT=0.228 learned=0.291 err=27.8% exit=100%
    r=2.0: GT=0.634 learned=0.885 err=39.6% exit=67%
    r=3.0: GT=0.845 learned=1.151 err=36.1% exit=16%
    W2@1.0=1.4855

  --- T ---
      Epoch 100/500: loss=0.032075
      Epoch 200/500: loss=0.031387
      Epoch 300/500: loss=0.021757
      Epoch 400/500: loss=0.023810
      Epoch 500/500: loss=0.004137
    recon=0.000151
  Stage 2 epoch 100/300: loss=0.006712
  Stage 2 epoch 200/300: loss=0.005997
  Stage 2 epoch 300/300: loss=0.004801
  Stage 3 epoch 100/300: loss=0.000075
  Stage 3 epoch 200/300: loss=0.000056
  Stage 3 epoch 300/300: loss=0.000047
    r=0.5: GT=0.076 learned=0.074 err=2.8% exit=100%
    r=1.0: GT=0.228 learned=0.257 err=12.7% exit=100%
    r=2.0: GT=0.634 learned=0.795 err=25.4% exit=80%
    r=3.0: GT=0.845 learned=1.025 err=21.2% exit=43%
    W2@1.0=1.1221

  --- F ---
      Epoch 100/500: loss=0.006816
      Epoch 200/500: loss=0.006377
      Epoch 300/500: loss=0.006255
      Epoch 400/500: loss=0.006244
      Epoch 500/500: loss=0.006414
    recon=0.006198
  Stage 2 epoch 100/300: loss=0.000088
  Stage 2 epoch 200/300: loss=0.000084
  Stage 2 epoch 300/300: loss=0.000078
  Stage 3 epoch 100/300: loss=0.003807
  Stage 3 epoch 200/300: loss=0.003360
  Stage 3 epoch 300/300: loss=0.003501
    r=0.5: GT=0.076 learned=1.318 err=1633.8% exit=46%
    r=1.0: GT=0.228 learned=1.627 err=614.8% exit=15%
    r=2.0: GT=0.634 learned=nan err=nan% exit=0%
    r=3.0: GT=0.845 learned=nan err=nan% exit=0%
    W2@1.0=2.1749

  --- C ---
      Epoch 100/500: loss=0.006183
      Epoch 200/500: loss=0.006119
      Epoch 300/500: loss=0.006157
      Epoch 400/500: loss=0.006150
      Epoch 500/500: loss=0.006042
    recon=0.006172
  Stage 2 epoch 100/300: loss=0.000000
  Stage 2 epoch 200/300: loss=0.000000
  Stage 2 epoch 300/300: loss=0.000000
  Stage 3 epoch 100/300: loss=0.003807
  Stage 3 epoch 200/300: loss=0.003360
  Stage 3 epoch 300/300: loss=0.003502
    r=0.5: GT=0.076 learned=nan err=nan% exit=0%
    r=1.0: GT=0.228 learned=nan err=nan% exit=0%
    r=2.0: GT=0.634 learned=nan err=nan% exit=0%
    r=3.0: GT=0.845 learned=nan err=nan% exit=0%
    W2@1.0=2.1656

  --- T+F ---
      Epoch 100/500: loss=0.782729
      Epoch 200/500: loss=0.137352
      Epoch 300/500: loss=0.061240
      Epoch 400/500: loss=0.030804
      Epoch 500/500: loss=0.014493
    recon=0.000498
  Stage 2 epoch 100/300: loss=0.005396
  Stage 2 epoch 200/300: loss=0.004532
  Stage 2 epoch 300/300: loss=0.004884
  Stage 3 epoch 100/300: loss=0.000044
  Stage 3 epoch 200/300: loss=0.000038
  Stage 3 epoch 300/300: loss=0.000038
    r=0.5: GT=0.076 learned=0.076 err=0.1% exit=100%
    r=1.0: GT=0.228 learned=0.249 err=9.5% exit=100%
    r=2.0: GT=0.634 learned=0.711 err=12.1% exit=93%
    r=3.0: GT=0.845 learned=0.986 err=16.6% exit=59%
    W2@1.0=1.0313

============================================================
  quartic_dome | seed=42
============================================================

  --- baseline ---
      Epoch 100/500: loss=0.000733
      Epoch 200/500: loss=0.000629
      Epoch 300/500: loss=0.000623
      Epoch 400/500: loss=0.000527
      Epoch 500/500: loss=0.000282
    recon=0.000245
  Stage 2 epoch 100/300: loss=0.002626
  Stage 2 epoch 200/300: loss=0.002475
  Stage 2 epoch 300/300: loss=0.002674
  Stage 3 epoch 100/300: loss=0.000277
  Stage 3 epoch 200/300: loss=0.000287
  Stage 3 epoch 300/300: loss=0.000254
    r=0.5: GT=0.076 learned=0.078 err=2.6% exit=100%
    r=1.0: GT=0.260 learned=0.291 err=12.0% exit=100%
    r=2.0: GT=0.778 learned=0.965 err=24.1% exit=72%
    r=3.0: GT=0.920 learned=1.225 err=33.3% exit=18%
    W2@1.0=3.1644

  --- T ---
      Epoch 100/500: loss=0.079371
      Epoch 200/500: loss=0.072136
      Epoch 300/500: loss=0.031369
      Epoch 400/500: loss=0.031984
      Epoch 500/500: loss=0.015214
    recon=0.000367
  Stage 2 epoch 100/300: loss=0.006636
  Stage 2 epoch 200/300: loss=0.005044
  Stage 2 epoch 300/300: loss=0.004113
  Stage 3 epoch 100/300: loss=0.000020
  Stage 3 epoch 200/300: loss=0.000017
  Stage 3 epoch 300/300: loss=0.000015
    r=0.5: GT=0.076 learned=0.077 err=2.0% exit=100%
    r=1.0: GT=0.260 learned=0.280 err=8.0% exit=100%
    r=2.0: GT=0.778 learned=0.912 err=17.2% exit=80%
    r=3.0: GT=0.920 learned=1.158 err=26.0% exit=23%
    W2@1.0=3.1177

  --- F ---
      Epoch 100/500: loss=0.006897
      Epoch 200/500: loss=0.005651
      Epoch 300/500: loss=0.005576
      Epoch 400/500: loss=0.005671
      Epoch 500/500: loss=0.005349
    recon=0.005427
  Stage 2 epoch 100/300: loss=0.000166
  Stage 2 epoch 200/300: loss=0.000199
  Stage 2 epoch 300/300: loss=0.000173
  Stage 3 epoch 100/300: loss=0.000719
  Stage 3 epoch 200/300: loss=0.000747
  Stage 3 epoch 300/300: loss=0.000694
    r=0.5: GT=0.076 learned=nan err=nan% exit=0%
    r=1.0: GT=0.260 learned=nan err=nan% exit=0%
    r=2.0: GT=0.778 learned=nan err=nan% exit=0%
    r=3.0: GT=0.920 learned=nan err=nan% exit=0%
    W2@1.0=3.4284

  --- C ---
      Epoch 100/500: loss=0.005498
      Epoch 200/500: loss=0.005427
      Epoch 300/500: loss=0.005534
      Epoch 400/500: loss=0.005570
      Epoch 500/500: loss=0.005333
    recon=0.005421
  Stage 2 epoch 100/300: loss=0.000000
  Stage 2 epoch 200/300: loss=0.000000
  Stage 2 epoch 300/300: loss=0.000000
  Stage 3 epoch 100/300: loss=0.000719
  Stage 3 epoch 200/300: loss=0.000747
  Stage 3 epoch 300/300: loss=0.000694
    r=0.5: GT=0.076 learned=nan err=nan% exit=0%
    r=1.0: GT=0.260 learned=nan err=nan% exit=0%
    r=2.0: GT=0.778 learned=nan err=nan% exit=0%
    r=3.0: GT=0.920 learned=nan err=nan% exit=0%
    W2@1.0=3.4290

  --- T+F ---
      Epoch 100/500: loss=0.310916
      Epoch 200/500: loss=0.168855
      Epoch 300/500: loss=0.101367
      Epoch 400/500: loss=0.077299
      Epoch 500/500: loss=0.085378
    recon=0.001050
  Stage 2 epoch 100/300: loss=0.002506
  Stage 2 epoch 200/300: loss=0.002547
  Stage 2 epoch 300/300: loss=0.002638
  Stage 3 epoch 100/300: loss=0.000057
  Stage 3 epoch 200/300: loss=0.000057
  Stage 3 epoch 300/300: loss=0.000051
    r=0.5: GT=0.076 learned=0.074 err=2.5% exit=100%
    r=1.0: GT=0.260 learned=0.259 err=0.3% exit=100%
    r=2.0: GT=0.778 learned=0.819 err=5.3% exit=88%
    r=3.0: GT=0.920 learned=1.124 err=22.3% exit=53%
    W2@1.0=3.2124

============================================================
  quartic_dome | seed=1042
============================================================

  --- baseline ---
      Epoch 100/500: loss=0.000616
      Epoch 200/500: loss=0.000560
      Epoch 300/500: loss=0.000441
      Epoch 400/500: loss=0.000324
      Epoch 500/500: loss=0.000127
    recon=0.000142
  Stage 2 epoch 100/300: loss=0.004648
  Stage 2 epoch 200/300: loss=0.003920
  Stage 2 epoch 300/300: loss=0.003524
  Stage 3 epoch 100/300: loss=0.000168
  Stage 3 epoch 200/300: loss=0.000142
  Stage 3 epoch 300/300: loss=0.000143
    r=0.5: GT=0.082 learned=0.081 err=0.3% exit=100%
    r=1.0: GT=0.273 learned=0.300 err=10.0% exit=100%
    r=2.0: GT=0.770 learned=0.946 err=22.8% exit=63%
    r=3.0: GT=0.926 learned=1.220 err=31.8% exit=13%
    W2@1.0=3.3288

  --- T ---
      Epoch 100/500: loss=0.070918
      Epoch 200/500: loss=0.032250
      Epoch 300/500: loss=0.035767
      Epoch 400/500: loss=0.023491
      Epoch 500/500: loss=0.020778
    recon=0.005582
  Stage 2 epoch 100/300: loss=0.003486
  Stage 2 epoch 200/300: loss=0.002818
  Stage 2 epoch 300/300: loss=0.002615
  Stage 3 epoch 100/300: loss=0.000033
  Stage 3 epoch 200/300: loss=0.000018
  Stage 3 epoch 300/300: loss=0.000013
    r=0.5: GT=0.082 learned=0.080 err=2.0% exit=100%
    r=1.0: GT=0.273 learned=0.291 err=6.6% exit=100%
    r=2.0: GT=0.770 learned=0.779 err=1.2% exit=72%
    r=3.0: GT=0.926 learned=1.092 err=17.9% exit=29%
    W2@1.0=3.5227

  --- F ---
      Epoch 100/500: loss=0.006486
      Epoch 200/500: loss=0.005241
      Epoch 300/500: loss=0.005178
      Epoch 400/500: loss=0.005101
      Epoch 500/500: loss=0.005504
    recon=0.005181
  Stage 2 epoch 100/300: loss=0.000249
  Stage 2 epoch 200/300: loss=0.000240
  Stage 2 epoch 300/300: loss=0.000252
  Stage 3 epoch 100/300: loss=0.000662
  Stage 3 epoch 200/300: loss=0.000599
  Stage 3 epoch 300/300: loss=0.000613
    r=0.5: GT=0.082 learned=1.438 err=1661.1% exit=29%
    r=1.0: GT=0.273 learned=1.586 err=481.9% exit=5%
    r=2.0: GT=0.770 learned=nan err=nan% exit=0%
    r=3.0: GT=0.926 learned=nan err=nan% exit=0%
    W2@1.0=3.5757

  --- C ---
      Epoch 100/500: loss=0.005279
      Epoch 200/500: loss=0.005192
      Epoch 300/500: loss=0.005151
      Epoch 400/500: loss=0.005055
      Epoch 500/500: loss=0.005495
    recon=0.005181
  Stage 2 epoch 100/300: loss=0.000000
  Stage 2 epoch 200/300: loss=0.000000
  Stage 2 epoch 300/300: loss=0.000000
  Stage 3 epoch 100/300: loss=0.000662
  Stage 3 epoch 200/300: loss=0.000599
  Stage 3 epoch 300/300: loss=0.000613
    r=0.5: GT=0.082 learned=nan err=nan% exit=0%
    r=1.0: GT=0.273 learned=nan err=nan% exit=0%
    r=2.0: GT=0.770 learned=nan err=nan% exit=0%
    r=3.0: GT=0.926 learned=nan err=nan% exit=0%
    W2@1.0=3.5748

  --- T+F ---
      Epoch 100/500: loss=0.351025
      Epoch 200/500: loss=0.170416
      Epoch 300/500: loss=0.108491
      Epoch 400/500: loss=0.055798
      Epoch 500/500: loss=0.045882
    recon=0.000535
  Stage 2 epoch 100/300: loss=0.002566
  Stage 2 epoch 200/300: loss=0.002033
  Stage 2 epoch 300/300: loss=0.001712
  Stage 3 epoch 100/300: loss=0.000053
  Stage 3 epoch 200/300: loss=0.000037
  Stage 3 epoch 300/300: loss=0.000029
    r=0.5: GT=0.082 learned=0.078 err=4.7% exit=100%
    r=1.0: GT=0.273 learned=0.252 err=7.7% exit=100%
    r=2.0: GT=0.770 learned=0.751 err=2.5% exit=87%
    r=3.0: GT=0.926 learned=1.030 err=11.3% exit=47%
    W2@1.0=3.4216

============================================================
  quartic_dome | seed=2042
============================================================

  --- baseline ---
      Epoch 100/500: loss=0.000847
      Epoch 200/500: loss=0.000841
      Epoch 300/500: loss=0.000515
      Epoch 400/500: loss=0.000099
      Epoch 500/500: loss=0.000057
    recon=0.000072
  Stage 2 epoch 100/300: loss=0.007907
  Stage 2 epoch 200/300: loss=0.006767
  Stage 2 epoch 300/300: loss=0.004992
  Stage 3 epoch 100/300: loss=0.000162
  Stage 3 epoch 200/300: loss=0.000167
  Stage 3 epoch 300/300: loss=0.000170
    r=0.5: GT=0.075 learned=0.077 err=2.4% exit=100%
    r=1.0: GT=0.251 learned=0.280 err=11.4% exit=100%
    r=2.0: GT=0.788 learned=0.953 err=21.0% exit=71%
    r=3.0: GT=0.927 learned=1.287 err=38.8% exit=8%
    W2@1.0=3.1620

  --- T ---
      Epoch 100/500: loss=0.047297
      Epoch 200/500: loss=0.033497
      Epoch 300/500: loss=0.030775
      Epoch 400/500: loss=0.012995
      Epoch 500/500: loss=0.011336
    recon=0.000180
  Stage 2 epoch 100/300: loss=0.005953
  Stage 2 epoch 200/300: loss=0.004830
  Stage 2 epoch 300/300: loss=0.003316
  Stage 3 epoch 100/300: loss=0.000033
  Stage 3 epoch 200/300: loss=0.000019
  Stage 3 epoch 300/300: loss=0.000016
    r=0.5: GT=0.075 learned=0.076 err=0.1% exit=100%
    r=1.0: GT=0.251 learned=0.274 err=9.0% exit=100%
    r=2.0: GT=0.788 learned=0.854 err=8.5% exit=80%
    r=3.0: GT=0.927 learned=1.138 err=22.7% exit=34%
    W2@1.0=3.1641

  --- F ---
      Epoch 100/500: loss=0.007085
      Epoch 200/500: loss=0.007816
      Epoch 300/500: loss=0.062743
      Epoch 400/500: loss=0.005724
      Epoch 500/500: loss=0.005679
    recon=0.005656
  Stage 2 epoch 100/300: loss=0.000651
  Stage 2 epoch 200/300: loss=0.000631
  Stage 2 epoch 300/300: loss=0.000561
  Stage 3 epoch 100/300: loss=0.000799
  Stage 3 epoch 200/300: loss=0.000814
  Stage 3 epoch 300/300: loss=0.000846
    r=0.5: GT=0.075 learned=1.024 err=1257.6% exit=100%
    r=1.0: GT=0.251 learned=1.536 err=510.9% exit=96%
    r=2.0: GT=0.788 learned=1.740 err=121.0% exit=12%
    r=3.0: GT=0.927 learned=1.683 err=81.5% exit=2%
    W2@1.0=3.4414

  --- C ---
      Epoch 100/500: loss=0.005562
      Epoch 200/500: loss=0.005671
      Epoch 300/500: loss=0.005657
      Epoch 400/500: loss=0.005627
      Epoch 500/500: loss=0.005629
    recon=0.005667
  Stage 2 epoch 100/300: loss=0.000000
  Stage 2 epoch 200/300: loss=0.000000
  Stage 2 epoch 300/300: loss=0.000000
  Stage 3 epoch 100/300: loss=0.000799
  Stage 3 epoch 200/300: loss=0.000814
  Stage 3 epoch 300/300: loss=0.000846
    r=0.5: GT=0.075 learned=nan err=nan% exit=0%
    r=1.0: GT=0.251 learned=nan err=nan% exit=0%
    r=2.0: GT=0.788 learned=nan err=nan% exit=0%
    r=3.0: GT=0.927 learned=nan err=nan% exit=0%
    W2@1.0=3.4529

  --- T+F ---
      Epoch 100/500: loss=0.343828
      Epoch 200/500: loss=0.168632
      Epoch 300/500: loss=0.129982
      Epoch 400/500: loss=0.105128
      Epoch 500/500: loss=0.063038
    recon=0.000628
  Stage 2 epoch 100/300: loss=0.002859
  Stage 2 epoch 200/300: loss=0.001986
  Stage 2 epoch 300/300: loss=0.001982
  Stage 3 epoch 100/300: loss=0.000060
  Stage 3 epoch 200/300: loss=0.000049
  Stage 3 epoch 300/300: loss=0.000049
    r=0.5: GT=0.075 learned=0.071 err=5.3% exit=100%
    r=1.0: GT=0.251 learned=0.249 err=1.1% exit=100%
    r=2.0: GT=0.788 learned=0.801 err=1.7% exit=92%
    r=3.0: GT=0.927 learned=1.099 err=18.5% exit=50%
    W2@1.0=3.2404

============================================================
  quartic_dome | seed=3042
============================================================

  --- baseline ---
      Epoch 100/500: loss=0.000823
      Epoch 200/500: loss=0.000754
      Epoch 300/500: loss=0.000504
      Epoch 400/500: loss=0.000177
      Epoch 500/500: loss=0.000086
    recon=0.000080
  Stage 2 epoch 100/300: loss=0.007488
  Stage 2 epoch 200/300: loss=0.005011
  Stage 2 epoch 300/300: loss=0.003219
  Stage 3 epoch 100/300: loss=0.000238
  Stage 3 epoch 200/300: loss=0.000240
  Stage 3 epoch 300/300: loss=0.000195
    r=0.5: GT=0.081 learned=0.136 err=68.3% exit=100%
    r=1.0: GT=0.260 learned=0.453 err=74.3% exit=100%
    r=2.0: GT=0.765 learned=1.069 err=39.6% exit=43%
    r=3.0: GT=0.939 learned=1.419 err=51.1% exit=4%
    W2@1.0=3.6114

  --- T ---
      Epoch 100/500: loss=0.062253
      Epoch 200/500: loss=0.054945
      Epoch 300/500: loss=0.039815
      Epoch 400/500: loss=0.037739
      Epoch 500/500: loss=0.025395
    recon=0.002597
  Stage 2 epoch 100/300: loss=0.006782
  Stage 2 epoch 200/300: loss=0.005845
  Stage 2 epoch 300/300: loss=0.003864
  Stage 3 epoch 100/300: loss=0.000060
  Stage 3 epoch 200/300: loss=0.000038
  Stage 3 epoch 300/300: loss=0.000025
    r=0.5: GT=0.081 learned=0.081 err=0.1% exit=100%
    r=1.0: GT=0.260 learned=0.280 err=7.7% exit=100%
    r=2.0: GT=0.765 learned=0.911 err=19.1% exit=78%
    r=3.0: GT=0.939 learned=1.123 err=19.5% exit=24%
    W2@1.0=3.6739

  --- F ---
      Epoch 100/500: loss=0.007875
      Epoch 200/500: loss=0.005604
      Epoch 300/500: loss=0.005578
      Epoch 400/500: loss=0.005348
      Epoch 500/500: loss=0.005475
    recon=0.005479
  Stage 2 epoch 100/300: loss=0.000244
  Stage 2 epoch 200/300: loss=0.000281
  Stage 2 epoch 300/300: loss=0.000266
  Stage 3 epoch 100/300: loss=0.000735
  Stage 3 epoch 200/300: loss=0.000785
  Stage 3 epoch 300/300: loss=0.000719
    r=0.5: GT=0.081 learned=1.514 err=1767.8% exit=90%
    r=1.0: GT=0.260 learned=1.889 err=626.7% exit=30%
    r=2.0: GT=0.765 learned=nan err=nan% exit=0%
    r=3.0: GT=0.939 learned=nan err=nan% exit=0%
    W2@1.0=3.8521

  --- C ---
      Epoch 100/500: loss=0.005572
      Epoch 200/500: loss=0.005459
      Epoch 300/500: loss=0.005457
      Epoch 400/500: loss=0.005319
      Epoch 500/500: loss=0.005466
    recon=0.005482
  Stage 2 epoch 100/300: loss=0.000000
  Stage 2 epoch 200/300: loss=0.000000
  Stage 2 epoch 300/300: loss=0.000000
  Stage 3 epoch 100/300: loss=0.000735
  Stage 3 epoch 200/300: loss=0.000785
  Stage 3 epoch 300/300: loss=0.000719
    r=0.5: GT=0.081 learned=nan err=nan% exit=0%
    r=1.0: GT=0.260 learned=nan err=nan% exit=0%
    r=2.0: GT=0.765 learned=nan err=nan% exit=0%
    r=3.0: GT=0.939 learned=nan err=nan% exit=0%
    W2@1.0=3.8538

  --- T+F ---
      Epoch 100/500: loss=0.236616
      Epoch 200/500: loss=0.158017
      Epoch 300/500: loss=0.097134
      Epoch 400/500: loss=0.065311
      Epoch 500/500: loss=0.053214
    recon=0.000667
  Stage 2 epoch 100/300: loss=0.002301
  Stage 2 epoch 200/300: loss=0.002246
  Stage 2 epoch 300/300: loss=0.002030
  Stage 3 epoch 100/300: loss=0.000075
  Stage 3 epoch 200/300: loss=0.000063
  Stage 3 epoch 300/300: loss=0.000049
    r=0.5: GT=0.081 learned=0.079 err=2.5% exit=100%
    r=1.0: GT=0.260 learned=0.253 err=2.8% exit=100%
    r=2.0: GT=0.765 learned=0.779 err=1.8% exit=90%
    r=3.0: GT=0.939 learned=1.179 err=25.5% exit=47%
    W2@1.0=3.6291

============================================================
  quartic_dome | seed=4042
============================================================

  --- baseline ---
      Epoch 100/500: loss=0.000653
      Epoch 200/500: loss=0.000678
      Epoch 300/500: loss=0.000604
      Epoch 400/500: loss=0.000499
      Epoch 500/500: loss=0.000333
    recon=0.000399
  Stage 2 epoch 100/300: loss=0.010128
  Stage 2 epoch 200/300: loss=0.010871
  Stage 2 epoch 300/300: loss=0.008648
  Stage 3 epoch 100/300: loss=0.000332
  Stage 3 epoch 200/300: loss=0.000314
  Stage 3 epoch 300/300: loss=0.000351
    r=0.5: GT=0.078 learned=0.079 err=0.9% exit=100%
    r=1.0: GT=0.260 learned=0.286 err=9.9% exit=100%
    r=2.0: GT=0.744 learned=0.935 err=25.6% exit=69%
    r=3.0: GT=0.929 learned=1.191 err=28.2% exit=18%
    W2@1.0=3.3568

  --- T ---
      Epoch 100/500: loss=0.047986
      Epoch 200/500: loss=0.036995
      Epoch 300/500: loss=0.026091
      Epoch 400/500: loss=0.017488
      Epoch 500/500: loss=0.007691
    recon=0.000217
  Stage 2 epoch 100/300: loss=0.005364
  Stage 2 epoch 200/300: loss=0.004419
  Stage 2 epoch 300/300: loss=0.003037
  Stage 3 epoch 100/300: loss=0.000017
  Stage 3 epoch 200/300: loss=0.000013
  Stage 3 epoch 300/300: loss=0.000014
    r=0.5: GT=0.078 learned=0.076 err=2.6% exit=100%
    r=1.0: GT=0.260 learned=0.279 err=7.1% exit=100%
    r=2.0: GT=0.744 learned=0.824 err=10.8% exit=84%
    r=3.0: GT=0.929 learned=1.046 err=12.6% exit=38%
    W2@1.0=3.3544

  --- F ---
      Epoch 100/500: loss=0.005346
      Epoch 200/500: loss=0.007957
      Epoch 300/500: loss=0.005135
      Epoch 400/500: loss=0.005049
      Epoch 500/500: loss=0.004882
    recon=0.004977
  Stage 2 epoch 100/300: loss=0.000183
  Stage 2 epoch 200/300: loss=0.000185
  Stage 2 epoch 300/300: loss=0.000189
  Stage 3 epoch 100/300: loss=0.000823
  Stage 3 epoch 200/300: loss=0.000818
  Stage 3 epoch 300/300: loss=0.000864
    r=0.5: GT=0.078 learned=nan err=nan% exit=1%
    r=1.0: GT=0.260 learned=nan err=nan% exit=0%
    r=2.0: GT=0.744 learned=nan err=nan% exit=0%
    r=3.0: GT=0.929 learned=nan err=nan% exit=0%
    W2@1.0=3.5817

  --- C ---
      Epoch 100/500: loss=0.005033
      Epoch 200/500: loss=0.005019
      Epoch 300/500: loss=0.005076
      Epoch 400/500: loss=0.005044
      Epoch 500/500: loss=0.004878
    recon=0.004986
  Stage 2 epoch 100/300: loss=0.000000
  Stage 2 epoch 200/300: loss=0.000000
  Stage 2 epoch 300/300: loss=0.000000
  Stage 3 epoch 100/300: loss=0.000823
  Stage 3 epoch 200/300: loss=0.000818
  Stage 3 epoch 300/300: loss=0.000864
    r=0.5: GT=0.078 learned=nan err=nan% exit=0%
    r=1.0: GT=0.260 learned=nan err=nan% exit=0%
    r=2.0: GT=0.744 learned=nan err=nan% exit=0%
    r=3.0: GT=0.929 learned=nan err=nan% exit=0%
    W2@1.0=3.5810

  --- T+F ---
      Epoch 100/500: loss=0.270096
      Epoch 200/500: loss=0.155135
      Epoch 300/500: loss=0.117661
      Epoch 400/500: loss=0.056848
      Epoch 500/500: loss=0.051593
    recon=0.005604
  Stage 2 epoch 100/300: loss=0.002486
  Stage 2 epoch 200/300: loss=0.002299
  Stage 2 epoch 300/300: loss=0.002154
  Stage 3 epoch 100/300: loss=0.000054
  Stage 3 epoch 200/300: loss=0.000040
  Stage 3 epoch 300/300: loss=0.000043
    r=0.5: GT=0.078 learned=0.073 err=6.5% exit=100%
    r=1.0: GT=0.260 learned=0.249 err=4.5% exit=100%
    r=2.0: GT=0.744 learned=0.763 err=2.5% exit=94%
    r=3.0: GT=0.929 learned=1.166 err=25.4% exit=46%
    W2@1.0=3.4780

============================================================
  quartic_dome | seed=5042
============================================================

  --- baseline ---
      Epoch 100/500: loss=0.000798
      Epoch 200/500: loss=0.000819
      Epoch 300/500: loss=0.000556
      Epoch 400/500: loss=0.000144
      Epoch 500/500: loss=0.000114
    recon=0.000091
  Stage 2 epoch 100/300: loss=0.011325
  Stage 2 epoch 200/300: loss=0.008459
  Stage 2 epoch 300/300: loss=0.004118
  Stage 3 epoch 100/300: loss=0.000188
  Stage 3 epoch 200/300: loss=0.000182
  Stage 3 epoch 300/300: loss=0.000164
    r=0.5: GT=0.075 learned=0.076 err=0.7% exit=100%
    r=1.0: GT=0.248 learned=0.282 err=14.0% exit=100%
    r=2.0: GT=0.769 learned=0.940 err=22.1% exit=66%
    r=3.0: GT=0.942 learned=1.237 err=31.4% exit=10%
    W2@1.0=3.1370

  --- T ---
      Epoch 100/500: loss=0.061835
      Epoch 200/500: loss=0.037677
      Epoch 300/500: loss=0.025528
      Epoch 400/500: loss=0.013479
      Epoch 500/500: loss=0.019351
    recon=0.000708
  Stage 2 epoch 100/300: loss=0.007201
  Stage 2 epoch 200/300: loss=0.004218
  Stage 2 epoch 300/300: loss=0.002956
  Stage 3 epoch 100/300: loss=0.000032
  Stage 3 epoch 200/300: loss=0.000025
  Stage 3 epoch 300/300: loss=0.000023
    r=0.5: GT=0.075 learned=0.080 err=6.2% exit=100%
    r=1.0: GT=0.248 learned=0.298 err=20.5% exit=100%
    r=2.0: GT=0.769 learned=0.871 err=13.2% exit=78%
    r=3.0: GT=0.942 learned=1.061 err=12.6% exit=34%
    W2@1.0=3.1675

  --- F ---
      Epoch 100/500: loss=0.007223
      Epoch 200/500: loss=0.006210
      Epoch 300/500: loss=0.005357
      Epoch 400/500: loss=0.005430
      Epoch 500/500: loss=0.005445
    recon=0.005325
  Stage 2 epoch 100/300: loss=0.000464
  Stage 2 epoch 200/300: loss=0.000418
  Stage 2 epoch 300/300: loss=0.000421
  Stage 3 epoch 100/300: loss=0.000874
  Stage 3 epoch 200/300: loss=0.000858
  Stage 3 epoch 300/300: loss=0.000775
    r=0.5: GT=0.075 learned=1.034 err=1270.4% exit=100%
    r=1.0: GT=0.248 learned=1.527 err=516.6% exit=98%
    r=2.0: GT=0.769 learned=1.888 err=145.3% exit=17%
    r=3.0: GT=0.942 learned=nan err=nan% exit=0%
    W2@1.0=3.4403

  --- C ---
      Epoch 100/500: loss=0.005429
      Epoch 200/500: loss=0.005403
      Epoch 300/500: loss=0.005296
      Epoch 400/500: loss=0.005410
      Epoch 500/500: loss=0.005423
    recon=0.005322
  Stage 2 epoch 100/300: loss=0.000000
  Stage 2 epoch 200/300: loss=0.000000
  Stage 2 epoch 300/300: loss=0.000000
  Stage 3 epoch 100/300: loss=0.000874
  Stage 3 epoch 200/300: loss=0.000858
  Stage 3 epoch 300/300: loss=0.000775
    r=0.5: GT=0.075 learned=nan err=nan% exit=0%
    r=1.0: GT=0.248 learned=nan err=nan% exit=0%
    r=2.0: GT=0.769 learned=nan err=nan% exit=0%
    r=3.0: GT=0.942 learned=nan err=nan% exit=0%
    W2@1.0=3.4361

  --- T+F ---
      Epoch 100/500: loss=0.232165
      Epoch 200/500: loss=0.131703
      Epoch 300/500: loss=0.083984
      Epoch 400/500: loss=0.066177
      Epoch 500/500: loss=0.039342
    recon=0.000261
  Stage 2 epoch 100/300: loss=0.002589
  Stage 2 epoch 200/300: loss=0.002412
  Stage 2 epoch 300/300: loss=0.002284
  Stage 3 epoch 100/300: loss=0.000037
  Stage 3 epoch 200/300: loss=0.000032
  Stage 3 epoch 300/300: loss=0.000030
    r=0.5: GT=0.075 learned=0.076 err=1.1% exit=100%
    r=1.0: GT=0.248 learned=0.259 err=4.7% exit=100%
    r=2.0: GT=0.769 learned=0.794 err=3.3% exit=92%
    r=3.0: GT=0.942 learned=1.135 err=20.5% exit=53%
    W2@1.0=3.2063

============================================================
  quartic_dome | seed=6042
============================================================

  --- baseline ---
      Epoch 100/500: loss=0.001002
      Epoch 200/500: loss=0.000781
      Epoch 300/500: loss=0.000207
      Epoch 400/500: loss=0.000120
      Epoch 500/500: loss=0.000121
    recon=0.000082
  Stage 2 epoch 100/300: loss=0.005906
  Stage 2 epoch 200/300: loss=0.004958
  Stage 2 epoch 300/300: loss=0.003442
  Stage 3 epoch 100/300: loss=0.000256
  Stage 3 epoch 200/300: loss=0.000224
  Stage 3 epoch 300/300: loss=0.000209
    r=0.5: GT=0.082 learned=0.135 err=64.4% exit=100%
    r=1.0: GT=0.243 learned=0.467 err=91.8% exit=99%
    r=2.0: GT=0.727 learned=1.005 err=38.3% exit=46%
    r=3.0: GT=0.879 learned=1.174 err=33.6% exit=6%
    W2@1.0=3.1369

  --- T ---
      Epoch 100/500: loss=0.058368
      Epoch 200/500: loss=0.050882
      Epoch 300/500: loss=0.030192
      Epoch 400/500: loss=0.033412
      Epoch 500/500: loss=0.049701
    recon=0.009897
  Stage 2 epoch 100/300: loss=0.003910
  Stage 2 epoch 200/300: loss=0.002450
  Stage 2 epoch 300/300: loss=0.001667
  Stage 3 epoch 100/300: loss=0.000074
  Stage 3 epoch 200/300: loss=0.000051
  Stage 3 epoch 300/300: loss=0.000044
    r=0.5: GT=0.082 learned=0.111 err=35.4% exit=100%
    r=1.0: GT=0.243 learned=0.434 err=78.2% exit=100%
    r=2.0: GT=0.727 learned=0.930 err=28.0% exit=53%
    r=3.0: GT=0.879 learned=0.981 err=11.7% exit=14%
    W2@1.0=3.3725

  --- F ---
      Epoch 100/500: loss=0.008490
      Epoch 200/500: loss=0.006873
      Epoch 300/500: loss=0.005968
      Epoch 400/500: loss=0.006606
      Epoch 500/500: loss=0.005667
    recon=0.005681
  Stage 2 epoch 100/300: loss=0.000458
  Stage 2 epoch 200/300: loss=0.000458
  Stage 2 epoch 300/300: loss=0.000418
  Stage 3 epoch 100/300: loss=0.000784
  Stage 3 epoch 200/300: loss=0.000793
  Stage 3 epoch 300/300: loss=0.000818
    r=0.5: GT=0.082 learned=1.637 err=1894.6% exit=13%
    r=1.0: GT=0.243 learned=nan err=nan% exit=0%
    r=2.0: GT=0.727 learned=nan err=nan% exit=0%
    r=3.0: GT=0.879 learned=nan err=nan% exit=0%
    W2@1.0=3.3853

  --- C ---
      Epoch 100/500: loss=0.005788
      Epoch 200/500: loss=0.005586
      Epoch 300/500: loss=0.005535
      Epoch 400/500: loss=0.005820
      Epoch 500/500: loss=0.005629
    recon=0.005679
  Stage 2 epoch 100/300: loss=0.000000
  Stage 2 epoch 200/300: loss=0.000000
  Stage 2 epoch 300/300: loss=0.000000
  Stage 3 epoch 100/300: loss=0.000784
  Stage 3 epoch 200/300: loss=0.000793
  Stage 3 epoch 300/300: loss=0.000818
    r=0.5: GT=0.082 learned=nan err=nan% exit=0%
    r=1.0: GT=0.243 learned=nan err=nan% exit=0%
    r=2.0: GT=0.727 learned=nan err=nan% exit=0%
    r=3.0: GT=0.879 learned=nan err=nan% exit=0%
    W2@1.0=3.3950

  --- T+F ---
      Epoch 100/500: loss=0.283312
      Epoch 200/500: loss=0.154932
      Epoch 300/500: loss=0.056737
      Epoch 400/500: loss=0.051536
      Epoch 500/500: loss=0.032015
    recon=0.000145
  Stage 2 epoch 100/300: loss=0.001515
  Stage 2 epoch 200/300: loss=0.001503
  Stage 2 epoch 300/300: loss=0.001418
  Stage 3 epoch 100/300: loss=0.000088
  Stage 3 epoch 200/300: loss=0.000070
  Stage 3 epoch 300/300: loss=0.000048
    r=0.5: GT=0.082 learned=0.113 err=38.0% exit=100%
    r=1.0: GT=0.243 learned=0.388 err=59.6% exit=100%
    r=2.0: GT=0.727 learned=0.905 err=24.5% exit=72%
    r=3.0: GT=0.879 learned=1.185 err=34.8% exit=33%
    W2@1.0=3.1249

============================================================
  quartic_dome | seed=7042
============================================================

  --- baseline ---
      Epoch 100/500: loss=0.000945
      Epoch 200/500: loss=0.000930
      Epoch 300/500: loss=0.000395
      Epoch 400/500: loss=0.000186
      Epoch 500/500: loss=0.000127
    recon=0.000115
  Stage 2 epoch 100/300: loss=0.007729
  Stage 2 epoch 200/300: loss=0.007098
  Stage 2 epoch 300/300: loss=0.007020
  Stage 3 epoch 100/300: loss=0.000282
  Stage 3 epoch 200/300: loss=0.000275
  Stage 3 epoch 300/300: loss=0.000256
    r=0.5: GT=0.078 learned=0.119 err=53.6% exit=100%
    r=1.0: GT=0.251 learned=0.450 err=79.2% exit=99%
    r=2.0: GT=0.760 learned=1.043 err=37.2% exit=41%
    r=3.0: GT=0.940 learned=1.236 err=31.5% exit=6%
    W2@1.0=2.8110

  --- T ---
      Epoch 100/500: loss=0.067903
      Epoch 200/500: loss=0.077180
      Epoch 300/500: loss=0.047532
      Epoch 400/500: loss=0.023455
      Epoch 500/500: loss=0.020762
    recon=0.000493
  Stage 2 epoch 100/300: loss=0.009736
  Stage 2 epoch 200/300: loss=0.007384
  Stage 2 epoch 300/300: loss=0.004500
  Stage 3 epoch 100/300: loss=0.000088
  Stage 3 epoch 200/300: loss=0.000066
  Stage 3 epoch 300/300: loss=0.000054
    r=0.5: GT=0.078 learned=0.117 err=50.3% exit=100%
    r=1.0: GT=0.251 learned=0.441 err=75.7% exit=100%
    r=2.0: GT=0.760 learned=0.984 err=29.5% exit=57%
    r=3.0: GT=0.940 learned=1.117 err=18.8% exit=22%
    W2@1.0=2.8209

  --- F ---
      Epoch 100/500: loss=0.009955
      Epoch 200/500: loss=0.005583
      Epoch 300/500: loss=0.005645
      Epoch 400/500: loss=0.005689
      Epoch 500/500: loss=0.005608
    recon=0.005514
  Stage 2 epoch 100/300: loss=0.000191
  Stage 2 epoch 200/300: loss=0.000220
  Stage 2 epoch 300/300: loss=0.000230
  Stage 3 epoch 100/300: loss=0.000922
  Stage 3 epoch 200/300: loss=0.000925
  Stage 3 epoch 300/300: loss=0.000905
    r=0.5: GT=0.078 learned=1.760 err=2162.8% exit=4%
    r=1.0: GT=0.251 learned=nan err=nan% exit=0%
    r=2.0: GT=0.760 learned=nan err=nan% exit=0%
    r=3.0: GT=0.940 learned=nan err=nan% exit=0%
    W2@1.0=3.0819

  --- C ---
      Epoch 100/500: loss=0.005573
      Epoch 200/500: loss=0.005576
      Epoch 300/500: loss=0.005607
      Epoch 400/500: loss=0.005676
      Epoch 500/500: loss=0.005613
    recon=0.005535
  Stage 2 epoch 100/300: loss=0.000000
  Stage 2 epoch 200/300: loss=0.000000
  Stage 2 epoch 300/300: loss=0.000000
  Stage 3 epoch 100/300: loss=0.000922
  Stage 3 epoch 200/300: loss=0.000925
  Stage 3 epoch 300/300: loss=0.000905
    r=0.5: GT=0.078 learned=nan err=nan% exit=0%
    r=1.0: GT=0.251 learned=nan err=nan% exit=0%
    r=2.0: GT=0.760 learned=nan err=nan% exit=0%
    r=3.0: GT=0.940 learned=nan err=nan% exit=0%
    W2@1.0=3.0812

  --- T+F ---
      Epoch 100/500: loss=0.351077
      Epoch 200/500: loss=0.165859
      Epoch 300/500: loss=0.121034
      Epoch 400/500: loss=0.087611
      Epoch 500/500: loss=0.051689
    recon=0.000279
  Stage 2 epoch 100/300: loss=0.003065
  Stage 2 epoch 200/300: loss=0.003505
  Stage 2 epoch 300/300: loss=0.002998
  Stage 3 epoch 100/300: loss=0.000122
  Stage 3 epoch 200/300: loss=0.000090
  Stage 3 epoch 300/300: loss=0.000082
    r=0.5: GT=0.078 learned=0.112 err=44.0% exit=100%
    r=1.0: GT=0.251 learned=0.367 err=46.0% exit=100%
    r=2.0: GT=0.760 learned=0.934 err=22.9% exit=73%
    r=3.0: GT=0.940 learned=1.205 err=28.3% exit=32%
    W2@1.0=2.8007

============================================================
  quartic_dome | seed=8042
============================================================

  --- baseline ---
      Epoch 100/500: loss=0.002798
      Epoch 200/500: loss=0.000931
      Epoch 300/500: loss=0.000518
      Epoch 400/500: loss=0.000134
      Epoch 500/500: loss=0.000101
    recon=0.000093
  Stage 2 epoch 100/300: loss=0.007708
  Stage 2 epoch 200/300: loss=0.007227
  Stage 2 epoch 300/300: loss=0.004784
  Stage 3 epoch 100/300: loss=0.000216
  Stage 3 epoch 200/300: loss=0.000189
  Stage 3 epoch 300/300: loss=0.000180
    r=0.5: GT=0.079 learned=0.133 err=69.0% exit=100%
    r=1.0: GT=0.254 learned=0.462 err=81.9% exit=98%
    r=2.0: GT=0.775 learned=1.034 err=33.4% exit=48%
    r=3.0: GT=0.914 learned=1.294 err=41.5% exit=5%
    W2@1.0=2.7584

  --- T ---
      Epoch 100/500: loss=0.076364
      Epoch 200/500: loss=0.043053
      Epoch 300/500: loss=0.023517
      Epoch 400/500: loss=0.021893
      Epoch 500/500: loss=0.022441
    recon=0.000728
  Stage 2 epoch 100/300: loss=0.003779
  Stage 2 epoch 200/300: loss=0.002127
  Stage 2 epoch 300/300: loss=0.001317
  Stage 3 epoch 100/300: loss=0.000048
  Stage 3 epoch 200/300: loss=0.000029
  Stage 3 epoch 300/300: loss=0.000025
    r=0.5: GT=0.079 learned=0.077 err=2.0% exit=100%
    r=1.0: GT=0.254 learned=0.278 err=9.2% exit=100%
    r=2.0: GT=0.775 learned=0.924 err=19.2% exit=78%
    r=3.0: GT=0.914 learned=1.191 err=30.3% exit=18%
    W2@1.0=2.7157

  --- F ---
      Epoch 100/500: loss=0.007722
      Epoch 200/500: loss=0.005452
      Epoch 300/500: loss=0.005046
      Epoch 400/500: loss=0.005170
      Epoch 500/500: loss=0.005180
    recon=0.005098
  Stage 2 epoch 100/300: loss=0.000264
  Stage 2 epoch 200/300: loss=0.000307
  Stage 2 epoch 300/300: loss=0.000306
  Stage 3 epoch 100/300: loss=0.000782
  Stage 3 epoch 200/300: loss=0.000783
  Stage 3 epoch 300/300: loss=0.000802
    r=0.5: GT=0.079 learned=1.408 err=1689.2% exit=52%
    r=1.0: GT=0.254 learned=1.643 err=546.4% exit=22%
    r=2.0: GT=0.775 learned=1.865 err=140.5% exit=2%
    r=3.0: GT=0.914 learned=nan err=nan% exit=0%
    W2@1.0=3.0476

  --- C ---
      Epoch 100/500: loss=0.005234
      Epoch 200/500: loss=0.005445
      Epoch 300/500: loss=0.005016
      Epoch 400/500: loss=0.005141
      Epoch 500/500: loss=0.005177
    recon=0.005096
  Stage 2 epoch 100/300: loss=0.000000
  Stage 2 epoch 200/300: loss=0.000000
  Stage 2 epoch 300/300: loss=0.000000
  Stage 3 epoch 100/300: loss=0.000782
  Stage 3 epoch 200/300: loss=0.000783
  Stage 3 epoch 300/300: loss=0.000802
    r=0.5: GT=0.079 learned=nan err=nan% exit=0%
    r=1.0: GT=0.254 learned=nan err=nan% exit=0%
    r=2.0: GT=0.775 learned=nan err=nan% exit=0%
    r=3.0: GT=0.914 learned=nan err=nan% exit=0%
    W2@1.0=3.0467

  --- T+F ---
      Epoch 100/500: loss=0.303746
      Epoch 200/500: loss=0.166433
      Epoch 300/500: loss=0.081082
      Epoch 400/500: loss=0.067476
      Epoch 500/500: loss=0.038279
    recon=0.000379
  Stage 2 epoch 100/300: loss=0.001814
  Stage 2 epoch 200/300: loss=0.002109
  Stage 2 epoch 300/300: loss=0.001398
  Stage 3 epoch 100/300: loss=0.000056
  Stage 3 epoch 200/300: loss=0.000042
  Stage 3 epoch 300/300: loss=0.000036
    r=0.5: GT=0.079 learned=0.076 err=3.9% exit=100%
    r=1.0: GT=0.254 learned=0.253 err=0.3% exit=100%
    r=2.0: GT=0.775 learned=0.799 err=3.1% exit=93%
    r=3.0: GT=0.914 learned=1.212 err=32.5% exit=47%
    W2@1.0=2.7339

============================================================
  quartic_dome | seed=9042
============================================================

  --- baseline ---
      Epoch 100/500: loss=0.000927
      Epoch 200/500: loss=0.001009
      Epoch 300/500: loss=0.000359
      Epoch 400/500: loss=0.000121
      Epoch 500/500: loss=0.000083
    recon=0.000093
  Stage 2 epoch 100/300: loss=0.009668
  Stage 2 epoch 200/300: loss=0.007966
  Stage 2 epoch 300/300: loss=0.005573
  Stage 3 epoch 100/300: loss=0.000219
  Stage 3 epoch 200/300: loss=0.000206
  Stage 3 epoch 300/300: loss=0.000185
    r=0.5: GT=0.079 learned=0.079 err=0.6% exit=100%
    r=1.0: GT=0.251 learned=0.296 err=18.2% exit=100%
    r=2.0: GT=0.769 learned=0.992 err=29.1% exit=60%
    r=3.0: GT=0.910 learned=1.223 err=34.4% exit=5%
    W2@1.0=3.1245

  --- T ---
      Epoch 100/500: loss=0.080188
      Epoch 200/500: loss=0.030472
      Epoch 300/500: loss=0.038147
      Epoch 400/500: loss=0.013039
      Epoch 500/500: loss=0.012942
    recon=0.000590
  Stage 2 epoch 100/300: loss=0.009089
  Stage 2 epoch 200/300: loss=0.006797
  Stage 2 epoch 300/300: loss=0.004355
  Stage 3 epoch 100/300: loss=0.000022
  Stage 3 epoch 200/300: loss=0.000016
  Stage 3 epoch 300/300: loss=0.000014
    r=0.5: GT=0.079 learned=0.079 err=0.9% exit=100%
    r=1.0: GT=0.251 learned=0.281 err=12.0% exit=100%
    r=2.0: GT=0.769 learned=0.886 err=15.3% exit=73%
    r=3.0: GT=0.910 learned=1.106 err=21.6% exit=16%
    W2@1.0=3.1415

  --- F ---
      Epoch 100/500: loss=0.009708
      Epoch 200/500: loss=0.006988
      Epoch 300/500: loss=0.005686
      Epoch 400/500: loss=0.005647
      Epoch 500/500: loss=0.005630
    recon=0.005654
  Stage 2 epoch 100/300: loss=0.000239
  Stage 2 epoch 200/300: loss=0.000251
  Stage 2 epoch 300/300: loss=0.000219
  Stage 3 epoch 100/300: loss=0.000860
  Stage 3 epoch 200/300: loss=0.000821
  Stage 3 epoch 300/300: loss=0.000773
    r=0.5: GT=0.079 learned=1.756 err=2129.5% exit=39%
    r=1.0: GT=0.251 learned=nan err=nan% exit=0%
    r=2.0: GT=0.769 learned=nan err=nan% exit=0%
    r=3.0: GT=0.910 learned=nan err=nan% exit=0%
    W2@1.0=3.3971

  --- C ---
      Epoch 100/500: loss=0.005704
      Epoch 200/500: loss=0.005632
      Epoch 300/500: loss=0.005648
      Epoch 400/500: loss=0.005615
      Epoch 500/500: loss=0.005559
    recon=0.005650
  Stage 2 epoch 100/300: loss=0.000000
  Stage 2 epoch 200/300: loss=0.000000
  Stage 2 epoch 300/300: loss=0.000000
  Stage 3 epoch 100/300: loss=0.000860
  Stage 3 epoch 200/300: loss=0.000821
  Stage 3 epoch 300/300: loss=0.000773
    r=0.5: GT=0.079 learned=nan err=nan% exit=0%
    r=1.0: GT=0.251 learned=nan err=nan% exit=0%
    r=2.0: GT=0.769 learned=nan err=nan% exit=0%
    r=3.0: GT=0.910 learned=nan err=nan% exit=0%
    W2@1.0=3.3933

  --- T+F ---
      Epoch 100/500: loss=0.298078
      Epoch 200/500: loss=0.173137
      Epoch 300/500: loss=0.087895
      Epoch 400/500: loss=0.066244
      Epoch 500/500: loss=0.032150
    recon=0.001583
  Stage 2 epoch 100/300: loss=0.003176
  Stage 2 epoch 200/300: loss=0.002847
  Stage 2 epoch 300/300: loss=0.002900
  Stage 3 epoch 100/300: loss=0.000033
  Stage 3 epoch 200/300: loss=0.000031
  Stage 3 epoch 300/300: loss=0.000029
    r=0.5: GT=0.079 learned=0.078 err=1.3% exit=100%
    r=1.0: GT=0.251 learned=0.274 err=9.1% exit=100%
    r=2.0: GT=0.769 learned=0.825 err=7.3% exit=85%
    r=3.0: GT=0.910 learned=1.041 err=14.4% exit=39%
    W2@1.0=3.1821

============================================================
  sinusoidal | seed=42
============================================================

  --- baseline ---
      Epoch 100/500: loss=0.000621
      Epoch 200/500: loss=0.000462
      Epoch 300/500: loss=0.000434
      Epoch 400/500: loss=0.000131
      Epoch 500/500: loss=0.000106
    recon=0.000100
  Stage 2 epoch 100/300: loss=0.005655
  Stage 2 epoch 200/300: loss=0.004485
  Stage 2 epoch 300/300: loss=0.002920
  Stage 3 epoch 100/300: loss=0.000141
  Stage 3 epoch 200/300: loss=0.000147
  Stage 3 epoch 300/300: loss=0.000132
    r=0.5: GT=0.065 learned=0.068 err=5.5% exit=100%
    r=1.0: GT=0.219 learned=0.242 err=10.3% exit=100%
    r=2.0: GT=0.752 learned=0.951 err=26.5% exit=74%
    r=3.0: GT=1.100 learned=1.144 err=4.0% exit=13%
    W2@1.0=0.8029

  --- T ---
      Epoch 100/500: loss=0.042809
      Epoch 200/500: loss=0.019488
      Epoch 300/500: loss=0.016029
      Epoch 400/500: loss=0.016136
      Epoch 500/500: loss=0.003367
    recon=0.000105
  Stage 2 epoch 100/300: loss=0.012034
  Stage 2 epoch 200/300: loss=0.009999
  Stage 2 epoch 300/300: loss=0.007541
  Stage 3 epoch 100/300: loss=0.000011
  Stage 3 epoch 200/300: loss=0.000007
  Stage 3 epoch 300/300: loss=0.000005
    r=0.5: GT=0.065 learned=0.067 err=2.8% exit=100%
    r=1.0: GT=0.219 learned=0.240 err=9.3% exit=100%
    r=2.0: GT=0.752 learned=0.925 err=23.1% exit=79%
    r=3.0: GT=1.100 learned=1.123 err=2.1% exit=27%
    W2@1.0=0.7289

  --- F ---
      Epoch 100/500: loss=0.007233
      Epoch 200/500: loss=0.007087
      Epoch 300/500: loss=0.007157
      Epoch 400/500: loss=0.007478
      Epoch 500/500: loss=0.006755
    recon=0.006922
  Stage 2 epoch 100/300: loss=0.000131
  Stage 2 epoch 200/300: loss=0.000151
  Stage 2 epoch 300/300: loss=0.000138
  Stage 3 epoch 100/300: loss=0.000814
  Stage 3 epoch 200/300: loss=0.000808
  Stage 3 epoch 300/300: loss=0.000790
    r=0.5: GT=0.065 learned=nan err=nan% exit=0%
    r=1.0: GT=0.219 learned=nan err=nan% exit=0%
    r=2.0: GT=0.752 learned=nan err=nan% exit=0%
    r=3.0: GT=1.100 learned=nan err=nan% exit=0%
    W2@1.0=1.6443

  --- C ---
      Epoch 100/500: loss=0.006934
      Epoch 200/500: loss=0.007082
      Epoch 300/500: loss=0.007139
      Epoch 400/500: loss=0.007267
      Epoch 500/500: loss=0.006786
    recon=0.006977
  Stage 2 epoch 100/300: loss=0.000000
  Stage 2 epoch 200/300: loss=0.000000
  Stage 2 epoch 300/300: loss=0.000000
  Stage 3 epoch 100/300: loss=0.000814
  Stage 3 epoch 200/300: loss=0.000808
  Stage 3 epoch 300/300: loss=0.000790
    r=0.5: GT=0.065 learned=nan err=nan% exit=0%
    r=1.0: GT=0.219 learned=nan err=nan% exit=0%
    r=2.0: GT=0.752 learned=nan err=nan% exit=0%
    r=3.0: GT=1.100 learned=nan err=nan% exit=0%
    W2@1.0=1.6490

  --- T+F ---
      Epoch 100/500: loss=0.307740
      Epoch 200/500: loss=0.122690
      Epoch 300/500: loss=0.084159
      Epoch 400/500: loss=0.038702
      Epoch 500/500: loss=0.028341
    recon=0.000308
  Stage 2 epoch 100/300: loss=0.003384
  Stage 2 epoch 200/300: loss=0.003707
  Stage 2 epoch 300/300: loss=0.002656
  Stage 3 epoch 100/300: loss=0.000028
  Stage 3 epoch 200/300: loss=0.000025
  Stage 3 epoch 300/300: loss=0.000018
    r=0.5: GT=0.065 learned=0.066 err=2.0% exit=100%
    r=1.0: GT=0.219 learned=0.219 err=0.1% exit=100%
    r=2.0: GT=0.752 learned=0.774 err=2.9% exit=91%
    r=3.0: GT=1.100 learned=1.140 err=3.7% exit=56%
    W2@1.0=0.7433

============================================================
  sinusoidal | seed=1042
============================================================

  --- baseline ---
      Epoch 100/500: loss=0.000449
      Epoch 200/500: loss=0.000409
      Epoch 300/500: loss=0.000266
      Epoch 400/500: loss=0.000083
      Epoch 500/500: loss=0.000073
    recon=0.000061
  Stage 2 epoch 100/300: loss=0.004187
  Stage 2 epoch 200/300: loss=0.002712
  Stage 2 epoch 300/300: loss=0.002192
  Stage 3 epoch 100/300: loss=0.000126
  Stage 3 epoch 200/300: loss=0.000101
  Stage 3 epoch 300/300: loss=0.000105
    r=0.5: GT=0.065 learned=0.066 err=0.9% exit=100%
    r=1.0: GT=0.218 learned=0.242 err=11.4% exit=100%
    r=2.0: GT=0.746 learned=0.846 err=13.5% exit=78%
    r=3.0: GT=1.073 learned=1.177 err=9.7% exit=17%
    W2@1.0=0.7746

  --- T ---
      Epoch 100/500: loss=0.033037
      Epoch 200/500: loss=0.016609
      Epoch 300/500: loss=0.013481
      Epoch 400/500: loss=0.004867
      Epoch 500/500: loss=0.008202
    recon=0.000607
  Stage 2 epoch 100/300: loss=0.005324
  Stage 2 epoch 200/300: loss=0.004079
  Stage 2 epoch 300/300: loss=0.003292
  Stage 3 epoch 100/300: loss=0.000027
  Stage 3 epoch 200/300: loss=0.000013
  Stage 3 epoch 300/300: loss=0.000009
    r=0.5: GT=0.065 learned=0.066 err=1.3% exit=100%
    r=1.0: GT=0.218 learned=0.244 err=12.1% exit=100%
    r=2.0: GT=0.746 learned=0.806 err=8.1% exit=81%
    r=3.0: GT=1.073 learned=1.102 err=2.7% exit=28%
    W2@1.0=0.7128

  --- F ---
      Epoch 100/500: loss=0.007052
      Epoch 200/500: loss=0.006298
      Epoch 300/500: loss=0.006440
      Epoch 400/500: loss=0.006233
      Epoch 500/500: loss=0.006737
    recon=0.006385
  Stage 2 epoch 100/300: loss=0.000106
  Stage 2 epoch 200/300: loss=0.000102
  Stage 2 epoch 300/300: loss=0.000104
  Stage 3 epoch 100/300: loss=0.000798
  Stage 3 epoch 200/300: loss=0.000764
  Stage 3 epoch 300/300: loss=0.000772
    r=0.5: GT=0.065 learned=0.983 err=1401.2% exit=55%
    r=1.0: GT=0.218 learned=1.120 err=414.3% exit=35%
    r=2.0: GT=0.746 learned=1.167 err=56.5% exit=19%
    r=3.0: GT=1.073 learned=1.241 err=15.7% exit=6%
    W2@1.0=1.6510

  --- C ---
      Epoch 100/500: loss=0.006417
      Epoch 200/500: loss=0.006322
      Epoch 300/500: loss=0.006404
      Epoch 400/500: loss=0.006246
      Epoch 500/500: loss=0.006754
    recon=0.006416
  Stage 2 epoch 100/300: loss=0.000000
  Stage 2 epoch 200/300: loss=0.000000
  Stage 2 epoch 300/300: loss=0.000000
  Stage 3 epoch 100/300: loss=0.000798
  Stage 3 epoch 200/300: loss=0.000764
  Stage 3 epoch 300/300: loss=0.000772
    r=0.5: GT=0.065 learned=nan err=nan% exit=0%
    r=1.0: GT=0.218 learned=nan err=nan% exit=0%
    r=2.0: GT=0.746 learned=nan err=nan% exit=0%
    r=3.0: GT=1.073 learned=nan err=nan% exit=0%
    W2@1.0=1.6177

  --- T+F ---
      Epoch 100/500: loss=0.179579
      Epoch 200/500: loss=0.115907
      Epoch 300/500: loss=0.071603
      Epoch 400/500: loss=0.040090
      Epoch 500/500: loss=0.028484
    recon=0.000296
  Stage 2 epoch 100/300: loss=0.002022
  Stage 2 epoch 200/300: loss=0.001561
  Stage 2 epoch 300/300: loss=0.001143
  Stage 3 epoch 100/300: loss=0.000029
  Stage 3 epoch 200/300: loss=0.000022
  Stage 3 epoch 300/300: loss=0.000018
    r=0.5: GT=0.065 learned=0.063 err=3.2% exit=100%
    r=1.0: GT=0.218 learned=0.221 err=1.4% exit=100%
    r=2.0: GT=0.746 learned=0.739 err=0.9% exit=90%
    r=3.0: GT=1.073 learned=1.134 err=5.7% exit=49%
    W2@1.0=0.6950

============================================================
  sinusoidal | seed=2042
============================================================

  --- baseline ---
      Epoch 100/500: loss=0.000569
      Epoch 200/500: loss=0.000501
      Epoch 300/500: loss=0.000216
      Epoch 400/500: loss=0.000115
      Epoch 500/500: loss=0.000070
    recon=0.000072
  Stage 2 epoch 100/300: loss=0.004825
  Stage 2 epoch 200/300: loss=0.003550
  Stage 2 epoch 300/300: loss=0.002421
  Stage 3 epoch 100/300: loss=0.000165
  Stage 3 epoch 200/300: loss=0.000175
  Stage 3 epoch 300/300: loss=0.000183
    r=0.5: GT=0.065 learned=0.066 err=2.2% exit=100%
    r=1.0: GT=0.209 learned=0.234 err=11.9% exit=100%
    r=2.0: GT=0.727 learned=0.873 err=20.1% exit=83%
    r=3.0: GT=1.079 learned=1.191 err=10.4% exit=21%
    W2@1.0=0.7619

  --- T ---
      Epoch 100/500: loss=0.025252
      Epoch 200/500: loss=0.021196
      Epoch 300/500: loss=0.008951
      Epoch 400/500: loss=0.014485
      Epoch 500/500: loss=0.005090
    recon=0.000509
  Stage 2 epoch 100/300: loss=0.012357
  Stage 2 epoch 200/300: loss=0.009424
  Stage 2 epoch 300/300: loss=0.007002
  Stage 3 epoch 100/300: loss=0.000059
  Stage 3 epoch 200/300: loss=0.000033
  Stage 3 epoch 300/300: loss=0.000022
    r=0.5: GT=0.065 learned=0.083 err=27.9% exit=100%
    r=1.0: GT=0.209 learned=0.306 err=46.4% exit=100%
    r=2.0: GT=0.727 learned=0.927 err=27.5% exit=76%
    r=3.0: GT=1.079 learned=1.190 err=10.4% exit=25%
    W2@1.0=0.8923

  --- F ---
      Epoch 100/500: loss=0.007533
      Epoch 200/500: loss=0.009847
      Epoch 300/500: loss=0.007138
      Epoch 400/500: loss=0.007342
      Epoch 500/500: loss=0.007056
    recon=0.007150
  Stage 2 epoch 100/300: loss=0.000097
  Stage 2 epoch 200/300: loss=0.000088
  Stage 2 epoch 300/300: loss=0.000086
  Stage 3 epoch 100/300: loss=0.000774
  Stage 3 epoch 200/300: loss=0.000797
  Stage 3 epoch 300/300: loss=0.000802
    r=0.5: GT=0.065 learned=1.010 err=1463.7% exit=29%
    r=1.0: GT=0.209 learned=1.226 err=487.2% exit=7%
    r=2.0: GT=0.727 learned=nan err=nan% exit=1%
    r=3.0: GT=1.079 learned=nan err=nan% exit=0%
    W2@1.0=1.6093

  --- C ---
      Epoch 100/500: loss=0.007069
      Epoch 200/500: loss=0.007256
      Epoch 300/500: loss=0.007139
      Epoch 400/500: loss=0.007385
      Epoch 500/500: loss=0.007118
    recon=0.007250
  Stage 2 epoch 100/300: loss=0.000000
  Stage 2 epoch 200/300: loss=0.000000
  Stage 2 epoch 300/300: loss=0.000000
  Stage 3 epoch 100/300: loss=0.000775
  Stage 3 epoch 200/300: loss=0.000797
  Stage 3 epoch 300/300: loss=0.000802
    r=0.5: GT=0.065 learned=nan err=nan% exit=0%
    r=1.0: GT=0.209 learned=nan err=nan% exit=0%
    r=2.0: GT=0.727 learned=nan err=nan% exit=0%
    r=3.0: GT=1.079 learned=nan err=nan% exit=0%
    W2@1.0=1.6134

  --- T+F ---
      Epoch 100/500: loss=0.249442
      Epoch 200/500: loss=0.193886
      Epoch 300/500: loss=0.072340
      Epoch 400/500: loss=0.050121
      Epoch 500/500: loss=0.023643
    recon=0.000189
  Stage 2 epoch 100/300: loss=0.002214
  Stage 2 epoch 200/300: loss=0.002019
  Stage 2 epoch 300/300: loss=0.001783
  Stage 3 epoch 100/300: loss=0.000035
  Stage 3 epoch 200/300: loss=0.000022
  Stage 3 epoch 300/300: loss=0.000018
    r=0.5: GT=0.065 learned=0.065 err=0.9% exit=100%
    r=1.0: GT=0.209 learned=0.211 err=1.1% exit=100%
    r=2.0: GT=0.727 learned=0.755 err=3.8% exit=93%
    r=3.0: GT=1.079 learned=1.134 err=5.2% exit=51%
    W2@1.0=0.5926

============================================================
  sinusoidal | seed=3042
============================================================

  --- baseline ---
      Epoch 100/500: loss=0.000600
      Epoch 200/500: loss=0.000436
      Epoch 300/500: loss=0.000388
      Epoch 400/500: loss=0.000207
      Epoch 500/500: loss=0.000132
    recon=0.000131
  Stage 2 epoch 100/300: loss=0.005523
  Stage 2 epoch 200/300: loss=0.005023
  Stage 2 epoch 300/300: loss=0.003697
  Stage 3 epoch 100/300: loss=0.000285
  Stage 3 epoch 200/300: loss=0.000264
  Stage 3 epoch 300/300: loss=0.000204
    r=0.5: GT=0.068 learned=0.080 err=17.2% exit=100%
    r=1.0: GT=0.214 learned=0.266 err=24.2% exit=100%
    r=2.0: GT=0.732 learned=0.934 err=27.6% exit=75%
    r=3.0: GT=1.118 learned=1.355 err=21.1% exit=11%
    W2@1.0=0.8165

  --- T ---
      Epoch 100/500: loss=0.027131
      Epoch 200/500: loss=0.019959
      Epoch 300/500: loss=0.028268
      Epoch 400/500: loss=0.006748
      Epoch 500/500: loss=0.002476
    recon=0.000091
  Stage 2 epoch 100/300: loss=0.017655
  Stage 2 epoch 200/300: loss=0.012825
  Stage 2 epoch 300/300: loss=0.008031
  Stage 3 epoch 100/300: loss=0.000027
  Stage 3 epoch 200/300: loss=0.000006
  Stage 3 epoch 300/300: loss=0.000004
    r=0.5: GT=0.068 learned=0.070 err=2.2% exit=100%
    r=1.0: GT=0.214 learned=0.232 err=8.4% exit=100%
    r=2.0: GT=0.732 learned=0.897 err=22.6% exit=81%
    r=3.0: GT=1.118 learned=1.240 err=10.9% exit=16%
    W2@1.0=0.7246

  --- F ---
      Epoch 100/500: loss=0.008339
      Epoch 200/500: loss=0.010533
      Epoch 300/500: loss=0.007054
      Epoch 400/500: loss=0.006895
      Epoch 500/500: loss=0.006911
    recon=0.006948
  Stage 2 epoch 100/300: loss=0.000059
  Stage 2 epoch 200/300: loss=0.000063
  Stage 2 epoch 300/300: loss=0.000064
  Stage 3 epoch 100/300: loss=0.000858
  Stage 3 epoch 200/300: loss=0.000900
  Stage 3 epoch 300/300: loss=0.000852
    r=0.5: GT=0.068 learned=1.527 err=2137.0% exit=15%
    r=1.0: GT=0.214 learned=nan err=nan% exit=1%
    r=2.0: GT=0.732 learned=nan err=nan% exit=0%
    r=3.0: GT=1.118 learned=nan err=nan% exit=0%
    W2@1.0=1.6444

  --- C ---
      Epoch 100/500: loss=0.006975
      Epoch 200/500: loss=0.006950
      Epoch 300/500: loss=0.006985
      Epoch 400/500: loss=0.006807
      Epoch 500/500: loss=0.006893
    recon=0.006939
  Stage 2 epoch 100/300: loss=0.000000
  Stage 2 epoch 200/300: loss=0.000000
  Stage 2 epoch 300/300: loss=0.000000
  Stage 3 epoch 100/300: loss=0.000858
  Stage 3 epoch 200/300: loss=0.000900
  Stage 3 epoch 300/300: loss=0.000852
    r=0.5: GT=0.068 learned=nan err=nan% exit=0%
    r=1.0: GT=0.214 learned=nan err=nan% exit=0%
    r=2.0: GT=0.732 learned=nan err=nan% exit=0%
    r=3.0: GT=1.118 learned=nan err=nan% exit=0%
    W2@1.0=1.6413

  --- T+F ---
      Epoch 100/500: loss=0.247914
      Epoch 200/500: loss=0.180736
      Epoch 300/500: loss=0.071162
      Epoch 400/500: loss=0.025911
      Epoch 500/500: loss=0.020052
    recon=0.000444
  Stage 2 epoch 100/300: loss=0.001974
  Stage 2 epoch 200/300: loss=0.001656
  Stage 2 epoch 300/300: loss=0.000937
  Stage 3 epoch 100/300: loss=0.000047
  Stage 3 epoch 200/300: loss=0.000023
  Stage 3 epoch 300/300: loss=0.000016
    r=0.5: GT=0.068 learned=0.069 err=1.5% exit=100%
    r=1.0: GT=0.214 learned=0.220 err=3.0% exit=100%
    r=2.0: GT=0.732 learned=0.724 err=1.1% exit=92%
    r=3.0: GT=1.118 learned=1.116 err=0.2% exit=51%
    W2@1.0=0.6447

============================================================
  sinusoidal | seed=4042
============================================================

  --- baseline ---
      Epoch 100/500: loss=0.000515
      Epoch 200/500: loss=0.000375
      Epoch 300/500: loss=0.000353
      Epoch 400/500: loss=0.000154
      Epoch 500/500: loss=0.000118
    recon=0.000109
  Stage 2 epoch 100/300: loss=0.002118
  Stage 2 epoch 200/300: loss=0.001739
  Stage 2 epoch 300/300: loss=0.001700
  Stage 3 epoch 100/300: loss=0.000160
  Stage 3 epoch 200/300: loss=0.000141
  Stage 3 epoch 300/300: loss=0.000164
    r=0.5: GT=0.064 learned=0.065 err=0.9% exit=100%
    r=1.0: GT=0.214 learned=0.229 err=7.2% exit=100%
    r=2.0: GT=0.704 learned=0.881 err=25.1% exit=83%
    r=3.0: GT=1.071 learned=1.201 err=12.2% exit=19%
    W2@1.0=0.7884

  --- T ---
      Epoch 100/500: loss=0.053017
      Epoch 200/500: loss=0.023320
      Epoch 300/500: loss=0.012558
      Epoch 400/500: loss=0.014138
      Epoch 500/500: loss=0.013482
    recon=0.000610
  Stage 2 epoch 100/300: loss=0.011660
  Stage 2 epoch 200/300: loss=0.011482
  Stage 2 epoch 300/300: loss=0.008442
  Stage 3 epoch 100/300: loss=0.000017
  Stage 3 epoch 200/300: loss=0.000014
  Stage 3 epoch 300/300: loss=0.000013
    r=0.5: GT=0.064 learned=0.067 err=5.1% exit=100%
    r=1.0: GT=0.214 learned=0.242 err=13.1% exit=100%
    r=2.0: GT=0.704 learned=0.813 err=15.4% exit=83%
    r=3.0: GT=1.071 learned=1.117 err=4.3% exit=24%
    W2@1.0=0.7996

  --- F ---
      Epoch 100/500: loss=0.007003
      Epoch 200/500: loss=0.008051
      Epoch 300/500: loss=0.008627
      Epoch 400/500: loss=0.006842
      Epoch 500/500: loss=0.006681
    recon=0.006743
  Stage 2 epoch 100/300: loss=0.000030
  Stage 2 epoch 200/300: loss=0.000032
  Stage 2 epoch 300/300: loss=0.000031
  Stage 3 epoch 100/300: loss=0.000859
  Stage 3 epoch 200/300: loss=0.000847
  Stage 3 epoch 300/300: loss=0.000880
    r=0.5: GT=0.064 learned=nan err=nan% exit=0%
    r=1.0: GT=0.214 learned=nan err=nan% exit=0%
    r=2.0: GT=0.704 learned=nan err=nan% exit=0%
    r=3.0: GT=1.071 learned=nan err=nan% exit=0%
    W2@1.0=1.6539

  --- C ---
      Epoch 100/500: loss=0.006765
      Epoch 200/500: loss=0.006776
      Epoch 300/500: loss=0.006854
      Epoch 400/500: loss=0.006829
      Epoch 500/500: loss=0.006671
    recon=0.006751
  Stage 2 epoch 100/300: loss=0.000000
  Stage 2 epoch 200/300: loss=0.000000
  Stage 2 epoch 300/300: loss=0.000000
  Stage 3 epoch 100/300: loss=0.000859
  Stage 3 epoch 200/300: loss=0.000847
  Stage 3 epoch 300/300: loss=0.000880
    r=0.5: GT=0.064 learned=nan err=nan% exit=0%
    r=1.0: GT=0.214 learned=nan err=nan% exit=0%
    r=2.0: GT=0.704 learned=nan err=nan% exit=0%
    r=3.0: GT=1.071 learned=nan err=nan% exit=0%
    W2@1.0=1.6496

  --- T+F ---
      Epoch 100/500: loss=0.218246
      Epoch 200/500: loss=0.139053
      Epoch 300/500: loss=0.096200
      Epoch 400/500: loss=0.043602
      Epoch 500/500: loss=0.034457
    recon=0.001200
  Stage 2 epoch 100/300: loss=0.000773
  Stage 2 epoch 200/300: loss=0.000899
  Stage 2 epoch 300/300: loss=0.000786
  Stage 3 epoch 100/300: loss=0.000054
  Stage 3 epoch 200/300: loss=0.000035
  Stage 3 epoch 300/300: loss=0.000032
    r=0.5: GT=0.064 learned=0.063 err=1.9% exit=100%
    r=1.0: GT=0.214 learned=0.213 err=0.5% exit=100%
    r=2.0: GT=0.704 learned=0.710 err=0.9% exit=95%
    r=3.0: GT=1.071 learned=1.174 err=9.6% exit=57%
    W2@1.0=0.9087

============================================================
  sinusoidal | seed=5042
============================================================

  --- baseline ---
      Epoch 100/500: loss=0.000590
      Epoch 200/500: loss=0.000576
      Epoch 300/500: loss=0.000274
      Epoch 400/500: loss=0.000093
      Epoch 500/500: loss=0.000092
    recon=0.000082
  Stage 2 epoch 100/300: loss=0.005845
  Stage 2 epoch 200/300: loss=0.004218
  Stage 2 epoch 300/300: loss=0.003072
  Stage 3 epoch 100/300: loss=0.000221
  Stage 3 epoch 200/300: loss=0.000211
  Stage 3 epoch 300/300: loss=0.000182
    r=0.5: GT=0.062 learned=0.063 err=1.5% exit=100%
    r=1.0: GT=0.204 learned=0.230 err=12.9% exit=100%
    r=2.0: GT=0.723 learned=0.951 err=31.5% exit=74%
    r=3.0: GT=1.090 learned=1.320 err=21.1% exit=9%
    W2@1.0=0.8297

  --- T ---
      Epoch 100/500: loss=0.035326
      Epoch 200/500: loss=0.011996
      Epoch 300/500: loss=0.013181
      Epoch 400/500: loss=0.008891
      Epoch 500/500: loss=0.013126
    recon=0.001349
  Stage 2 epoch 100/300: loss=0.011464
  Stage 2 epoch 200/300: loss=0.007750
  Stage 2 epoch 300/300: loss=0.005184
  Stage 3 epoch 100/300: loss=0.000150
  Stage 3 epoch 200/300: loss=0.000067
  Stage 3 epoch 300/300: loss=0.000053
    r=0.5: GT=0.062 learned=0.087 err=40.6% exit=100%
    r=1.0: GT=0.204 learned=0.308 err=51.2% exit=100%
    r=2.0: GT=0.723 learned=0.926 err=28.0% exit=62%
    r=3.0: GT=1.090 learned=1.178 err=8.1% exit=16%
    W2@1.0=1.1663

  --- F ---
      Epoch 100/500: loss=0.007822
      Epoch 200/500: loss=0.006983
      Epoch 300/500: loss=0.007024
      Epoch 400/500: loss=0.007243
      Epoch 500/500: loss=0.007196
    recon=0.006985
  Stage 2 epoch 100/300: loss=0.000045
  Stage 2 epoch 200/300: loss=0.000040
  Stage 2 epoch 300/300: loss=0.000044
  Stage 3 epoch 100/300: loss=0.000952
  Stage 3 epoch 200/300: loss=0.000939
  Stage 3 epoch 300/300: loss=0.000899
    r=0.5: GT=0.062 learned=1.611 err=2494.2% exit=4%
    r=1.0: GT=0.204 learned=nan err=nan% exit=0%
    r=2.0: GT=0.723 learned=nan err=nan% exit=0%
    r=3.0: GT=1.090 learned=nan err=nan% exit=0%
    W2@1.0=1.6167

  --- C ---
      Epoch 100/500: loss=0.007182
      Epoch 200/500: loss=0.007001
      Epoch 300/500: loss=0.006993
      Epoch 400/500: loss=0.007251
      Epoch 500/500: loss=0.007197
    recon=0.006995
  Stage 2 epoch 100/300: loss=0.000000
  Stage 2 epoch 200/300: loss=0.000000
  Stage 2 epoch 300/300: loss=0.000000
  Stage 3 epoch 100/300: loss=0.000952
  Stage 3 epoch 200/300: loss=0.000939
  Stage 3 epoch 300/300: loss=0.000899
    r=0.5: GT=0.062 learned=nan err=nan% exit=0%
    r=1.0: GT=0.204 learned=nan err=nan% exit=0%
    r=2.0: GT=0.723 learned=nan err=nan% exit=0%
    r=3.0: GT=1.090 learned=nan err=nan% exit=0%
    W2@1.0=1.6205

  --- T+F ---
      Epoch 100/500: loss=0.253100
      Epoch 200/500: loss=0.157883
      Epoch 300/500: loss=0.078498
      Epoch 400/500: loss=0.041966
      Epoch 500/500: loss=0.027057
    recon=0.000116
  Stage 2 epoch 100/300: loss=0.003347
  Stage 2 epoch 200/300: loss=0.002589
  Stage 2 epoch 300/300: loss=0.002161
  Stage 3 epoch 100/300: loss=0.000031
  Stage 3 epoch 200/300: loss=0.000025
  Stage 3 epoch 300/300: loss=0.000020
    r=0.5: GT=0.062 learned=0.064 err=3.2% exit=100%
    r=1.0: GT=0.204 learned=0.220 err=8.2% exit=100%
    r=2.0: GT=0.723 learned=0.775 err=7.2% exit=93%
    r=3.0: GT=1.090 learned=1.141 err=4.7% exit=48%
    W2@1.0=0.6154

============================================================
  sinusoidal | seed=6042
============================================================

  --- baseline ---
      Epoch 100/500: loss=0.000708
      Epoch 200/500: loss=0.000433
      Epoch 300/500: loss=0.000275
      Epoch 400/500: loss=0.000129
      Epoch 500/500: loss=0.000111
    recon=0.000095
  Stage 2 epoch 100/300: loss=0.005670
  Stage 2 epoch 200/300: loss=0.004026
  Stage 2 epoch 300/300: loss=0.002706
  Stage 3 epoch 100/300: loss=0.000253
  Stage 3 epoch 200/300: loss=0.000233
  Stage 3 epoch 300/300: loss=0.000236
    r=0.5: GT=0.067 learned=0.068 err=1.1% exit=100%
    r=1.0: GT=0.206 learned=0.236 err=14.6% exit=100%
    r=2.0: GT=0.683 learned=0.880 err=28.9% exit=76%
    r=3.0: GT=1.051 learned=1.192 err=13.4% exit=9%
    W2@1.0=0.7681

  --- T ---
      Epoch 100/500: loss=0.043303
      Epoch 200/500: loss=0.023239
      Epoch 300/500: loss=0.010844
      Epoch 400/500: loss=0.010212
      Epoch 500/500: loss=0.007802
    recon=0.000302
  Stage 2 epoch 100/300: loss=0.015934
  Stage 2 epoch 200/300: loss=0.010958
  Stage 2 epoch 300/300: loss=0.006585
  Stage 3 epoch 100/300: loss=0.000080
  Stage 3 epoch 200/300: loss=0.000038
  Stage 3 epoch 300/300: loss=0.000028
    r=0.5: GT=0.067 learned=0.087 err=29.6% exit=100%
    r=1.0: GT=0.206 learned=0.319 err=54.8% exit=100%
    r=2.0: GT=0.683 learned=0.938 err=37.4% exit=65%
    r=3.0: GT=1.051 learned=1.125 err=7.1% exit=7%
    W2@1.0=0.9781

  --- F ---
      Epoch 100/500: loss=0.008297
      Epoch 200/500: loss=0.008025
      Epoch 300/500: loss=0.006972
      Epoch 400/500: loss=0.007512
      Epoch 500/500: loss=0.007200
    recon=0.007214
  Stage 2 epoch 100/300: loss=0.000117
  Stage 2 epoch 200/300: loss=0.000121
  Stage 2 epoch 300/300: loss=0.000115
  Stage 3 epoch 100/300: loss=0.000902
  Stage 3 epoch 200/300: loss=0.000909
  Stage 3 epoch 300/300: loss=0.000927
    r=0.5: GT=0.067 learned=nan err=nan% exit=1%
    r=1.0: GT=0.206 learned=nan err=nan% exit=0%
    r=2.0: GT=0.683 learned=nan err=nan% exit=0%
    r=3.0: GT=1.051 learned=nan err=nan% exit=0%
    W2@1.0=1.6313

  --- C ---
      Epoch 100/500: loss=0.007343
      Epoch 200/500: loss=0.007063
      Epoch 300/500: loss=0.006952
      Epoch 400/500: loss=0.007483
      Epoch 500/500: loss=0.007188
    recon=0.007220
  Stage 2 epoch 100/300: loss=0.000000
  Stage 2 epoch 200/300: loss=0.000000
  Stage 2 epoch 300/300: loss=0.000000
  Stage 3 epoch 100/300: loss=0.000902
  Stage 3 epoch 200/300: loss=0.000909
  Stage 3 epoch 300/300: loss=0.000927
    r=0.5: GT=0.067 learned=nan err=nan% exit=0%
    r=1.0: GT=0.206 learned=nan err=nan% exit=0%
    r=2.0: GT=0.683 learned=nan err=nan% exit=0%
    r=3.0: GT=1.051 learned=nan err=nan% exit=0%
    W2@1.0=1.6287

  --- T+F ---
      Epoch 100/500: loss=0.257266
      Epoch 200/500: loss=0.131617
      Epoch 300/500: loss=0.058861
      Epoch 400/500: loss=0.034361
      Epoch 500/500: loss=0.036417
    recon=0.000728
  Stage 2 epoch 100/300: loss=0.002890
  Stage 2 epoch 200/300: loss=0.002616
  Stage 2 epoch 300/300: loss=0.001304
  Stage 3 epoch 100/300: loss=0.000095
  Stage 3 epoch 200/300: loss=0.000059
  Stage 3 epoch 300/300: loss=0.000047
    r=0.5: GT=0.067 learned=0.088 err=32.2% exit=100%
    r=1.0: GT=0.206 learned=0.307 err=48.7% exit=100%
    r=2.0: GT=0.683 learned=0.891 err=30.5% exit=80%
    r=3.0: GT=1.051 learned=1.225 err=16.6% exit=27%
    W2@1.0=0.8478

============================================================
  sinusoidal | seed=7042
============================================================

  --- baseline ---
      Epoch 100/500: loss=0.000772
      Epoch 200/500: loss=0.000510
      Epoch 300/500: loss=0.000292
      Epoch 400/500: loss=0.000251
      Epoch 500/500: loss=0.000117
    recon=0.000115
  Stage 2 epoch 100/300: loss=0.006124
  Stage 2 epoch 200/300: loss=0.005656
  Stage 2 epoch 300/300: loss=0.004201
  Stage 3 epoch 100/300: loss=0.000282
  Stage 3 epoch 200/300: loss=0.000285
  Stage 3 epoch 300/300: loss=0.000273
    r=0.5: GT=0.064 learned=0.064 err=0.2% exit=100%
    r=1.0: GT=0.216 learned=0.226 err=4.9% exit=100%
    r=2.0: GT=0.733 learned=0.908 err=24.0% exit=80%
    r=3.0: GT=1.088 learned=1.154 err=6.1% exit=11%
    W2@1.0=0.7891

  --- T ---
      Epoch 100/500: loss=0.038685
      Epoch 200/500: loss=0.037260
      Epoch 300/500: loss=0.022031
      Epoch 400/500: loss=0.009439
      Epoch 500/500: loss=0.007185
    recon=0.000179
  Stage 2 epoch 100/300: loss=0.014849
  Stage 2 epoch 200/300: loss=0.012718
  Stage 2 epoch 300/300: loss=0.007453
  Stage 3 epoch 100/300: loss=0.000067
  Stage 3 epoch 200/300: loss=0.000037
  Stage 3 epoch 300/300: loss=0.000027
    r=0.5: GT=0.064 learned=0.080 err=26.1% exit=100%
    r=1.0: GT=0.216 learned=0.310 err=43.6% exit=100%
    r=2.0: GT=0.733 learned=0.945 err=28.9% exit=68%
    r=3.0: GT=1.088 learned=1.175 err=8.0% exit=17%
    W2@1.0=0.9242

  --- F ---
      Epoch 100/500: loss=0.012952
      Epoch 200/500: loss=0.009390
      Epoch 300/500: loss=0.007350
      Epoch 400/500: loss=0.007294
      Epoch 500/500: loss=0.007275
    recon=0.007166
  Stage 2 epoch 100/300: loss=0.000057
  Stage 2 epoch 200/300: loss=0.000061
  Stage 2 epoch 300/300: loss=0.000054
  Stage 3 epoch 100/300: loss=0.000980
  Stage 3 epoch 200/300: loss=0.000978
  Stage 3 epoch 300/300: loss=0.000986
    r=0.5: GT=0.064 learned=1.021 err=1503.0% exit=98%
    r=1.0: GT=0.216 learned=1.255 err=481.8% exit=96%
    r=2.0: GT=0.733 learned=1.558 err=112.7% exit=90%
    r=3.0: GT=1.088 learned=1.776 err=63.3% exit=34%
    W2@1.0=1.7618

  --- C ---
      Epoch 100/500: loss=0.007224
      Epoch 200/500: loss=0.007150
      Epoch 300/500: loss=0.007223
      Epoch 400/500: loss=0.007279
      Epoch 500/500: loss=0.007267
    recon=0.007167
  Stage 2 epoch 100/300: loss=0.000000
  Stage 2 epoch 200/300: loss=0.000000
  Stage 2 epoch 300/300: loss=0.000000
  Stage 3 epoch 100/300: loss=0.000980
  Stage 3 epoch 200/300: loss=0.000978
  Stage 3 epoch 300/300: loss=0.000986
    r=0.5: GT=0.064 learned=nan err=nan% exit=0%
    r=1.0: GT=0.216 learned=nan err=nan% exit=0%
    r=2.0: GT=0.733 learned=nan err=nan% exit=0%
    r=3.0: GT=1.088 learned=nan err=nan% exit=0%
    W2@1.0=1.6550

  --- T+F ---
      Epoch 100/500: loss=0.314749
      Epoch 200/500: loss=0.197323
      Epoch 300/500: loss=0.069693
      Epoch 400/500: loss=0.034126
      Epoch 500/500: loss=0.026255
    recon=0.000441
  Stage 2 epoch 100/300: loss=0.006079
  Stage 2 epoch 200/300: loss=0.006857
  Stage 2 epoch 300/300: loss=0.006893
  Stage 3 epoch 100/300: loss=0.000032
  Stage 3 epoch 200/300: loss=0.000026
  Stage 3 epoch 300/300: loss=0.000026
    r=0.5: GT=0.064 learned=0.066 err=2.8% exit=100%
    r=1.0: GT=0.216 learned=0.226 err=4.9% exit=100%
    r=2.0: GT=0.733 learned=0.791 err=7.9% exit=89%
    r=3.0: GT=1.088 learned=1.151 err=5.8% exit=49%
    W2@1.0=0.6279

============================================================
  sinusoidal | seed=8042
============================================================

  --- baseline ---
      Epoch 100/500: loss=0.000679
      Epoch 200/500: loss=0.000676
      Epoch 300/500: loss=0.000359
      Epoch 400/500: loss=0.000097
      Epoch 500/500: loss=0.000098
    recon=0.000074
  Stage 2 epoch 100/300: loss=0.006716
  Stage 2 epoch 200/300: loss=0.005413
  Stage 2 epoch 300/300: loss=0.002631
  Stage 3 epoch 100/300: loss=0.000229
  Stage 3 epoch 200/300: loss=0.000201
  Stage 3 epoch 300/300: loss=0.000187
    r=0.5: GT=0.066 learned=0.091 err=38.8% exit=100%
    r=1.0: GT=0.218 learned=0.329 err=50.8% exit=100%
    r=2.0: GT=0.726 learned=1.021 err=40.7% exit=61%
    r=3.0: GT=1.109 learned=1.298 err=17.0% exit=7%
    W2@1.0=0.8922

  --- T ---
      Epoch 100/500: loss=0.055022
      Epoch 200/500: loss=0.031914
      Epoch 300/500: loss=0.016140
      Epoch 400/500: loss=0.007441
      Epoch 500/500: loss=0.016032
    recon=0.001938
  Stage 2 epoch 100/300: loss=0.011019
  Stage 2 epoch 200/300: loss=0.006578
  Stage 2 epoch 300/300: loss=0.003400
  Stage 3 epoch 100/300: loss=0.000096
  Stage 3 epoch 200/300: loss=0.000087
  Stage 3 epoch 300/300: loss=0.000064
    r=0.5: GT=0.066 learned=0.093 err=42.1% exit=100%
    r=1.0: GT=0.218 learned=0.349 err=59.9% exit=99%
    r=2.0: GT=0.726 learned=0.971 err=33.9% exit=66%
    r=3.0: GT=1.109 learned=1.150 err=3.7% exit=15%
    W2@1.0=1.1167

  --- F ---
      Epoch 100/500: loss=0.010720
      Epoch 200/500: loss=0.006944
      Epoch 300/500: loss=0.006526
      Epoch 400/500: loss=0.006750
      Epoch 500/500: loss=0.006750
    recon=0.006644
  Stage 2 epoch 100/300: loss=0.000096
  Stage 2 epoch 200/300: loss=0.000112
  Stage 2 epoch 300/300: loss=0.000112
  Stage 3 epoch 100/300: loss=0.000883
  Stage 3 epoch 200/300: loss=0.000864
  Stage 3 epoch 300/300: loss=0.000873
    r=0.5: GT=0.066 learned=nan err=nan% exit=0%
    r=1.0: GT=0.218 learned=nan err=nan% exit=0%
    r=2.0: GT=0.726 learned=nan err=nan% exit=0%
    r=3.0: GT=1.109 learned=nan err=nan% exit=0%
    W2@1.0=1.6599

  --- C ---
      Epoch 100/500: loss=0.006824
      Epoch 200/500: loss=0.006941
      Epoch 300/500: loss=0.006520
      Epoch 400/500: loss=0.006727
      Epoch 500/500: loss=0.006746
    recon=0.006649
  Stage 2 epoch 100/300: loss=0.000000
  Stage 2 epoch 200/300: loss=0.000000
  Stage 2 epoch 300/300: loss=0.000000
  Stage 3 epoch 100/300: loss=0.000883
  Stage 3 epoch 200/300: loss=0.000864
  Stage 3 epoch 300/300: loss=0.000873
    r=0.5: GT=0.066 learned=nan err=nan% exit=0%
    r=1.0: GT=0.218 learned=nan err=nan% exit=0%
    r=2.0: GT=0.726 learned=nan err=nan% exit=0%
    r=3.0: GT=1.109 learned=nan err=nan% exit=0%
    W2@1.0=1.6581

  --- T+F ---
      Epoch 100/500: loss=0.287690
      Epoch 200/500: loss=0.196184
      Epoch 300/500: loss=0.082434
      Epoch 400/500: loss=0.040583
      Epoch 500/500: loss=0.032088
    recon=0.000692
  Stage 2 epoch 100/300: loss=0.002639
  Stage 2 epoch 200/300: loss=0.001736
  Stage 2 epoch 300/300: loss=0.001013
  Stage 3 epoch 100/300: loss=0.000125
  Stage 3 epoch 200/300: loss=0.000110
  Stage 3 epoch 300/300: loss=0.000090
    r=0.5: GT=0.066 learned=0.100 err=52.1% exit=100%
    r=1.0: GT=0.218 learned=0.343 err=57.3% exit=100%
    r=2.0: GT=0.726 learned=0.938 err=29.2% exit=78%
    r=3.0: GT=1.109 learned=1.139 err=2.7% exit=39%
    W2@1.0=0.7472

============================================================
  sinusoidal | seed=9042
============================================================

  --- baseline ---
      Epoch 100/500: loss=0.000879
      Epoch 200/500: loss=0.000545
      Epoch 300/500: loss=0.000317
      Epoch 400/500: loss=0.000198
      Epoch 500/500: loss=0.000101
    recon=0.000098
  Stage 2 epoch 100/300: loss=0.004844
  Stage 2 epoch 200/300: loss=0.003897
  Stage 2 epoch 300/300: loss=0.003147
  Stage 3 epoch 100/300: loss=0.000242
  Stage 3 epoch 200/300: loss=0.000220
  Stage 3 epoch 300/300: loss=0.000189
    r=0.5: GT=0.068 learned=0.069 err=1.2% exit=100%
    r=1.0: GT=0.214 learned=0.231 err=8.2% exit=100%
    r=2.0: GT=0.695 learned=0.884 err=27.2% exit=74%
    r=3.0: GT=1.057 learned=1.209 err=14.3% exit=11%
    W2@1.0=0.7436

  --- T ---
      Epoch 100/500: loss=0.042283
      Epoch 200/500: loss=0.030385
      Epoch 300/500: loss=0.012329
      Epoch 400/500: loss=0.008439
      Epoch 500/500: loss=0.011918
    recon=0.001193
  Stage 2 epoch 100/300: loss=0.010462
  Stage 2 epoch 200/300: loss=0.008376
  Stage 2 epoch 300/300: loss=0.005636
  Stage 3 epoch 100/300: loss=0.000018
  Stage 3 epoch 200/300: loss=0.000012
  Stage 3 epoch 300/300: loss=0.000011
    r=0.5: GT=0.068 learned=0.070 err=3.1% exit=100%
    r=1.0: GT=0.214 learned=0.238 err=11.4% exit=100%
    r=2.0: GT=0.695 learned=0.849 err=22.1% exit=76%
    r=3.0: GT=1.057 learned=1.157 err=9.5% exit=20%
    W2@1.0=0.9423

  --- F ---
      Epoch 100/500: loss=0.017130
      Epoch 200/500: loss=0.007573
      Epoch 300/500: loss=0.012088
      Epoch 400/500: loss=0.007269
      Epoch 500/500: loss=0.007161
    recon=0.007325
  Stage 2 epoch 100/300: loss=0.000065
  Stage 2 epoch 200/300: loss=0.000063
  Stage 2 epoch 300/300: loss=0.000058
  Stage 3 epoch 100/300: loss=0.000972
  Stage 3 epoch 200/300: loss=0.000948
  Stage 3 epoch 300/300: loss=0.000927
    r=0.5: GT=0.068 learned=nan err=nan% exit=0%
    r=1.0: GT=0.214 learned=nan err=nan% exit=0%
    r=2.0: GT=0.695 learned=nan err=nan% exit=0%
    r=3.0: GT=1.057 learned=nan err=nan% exit=0%
    W2@1.0=1.5730

  --- C ---
      Epoch 100/500: loss=0.007348
      Epoch 200/500: loss=0.007272
      Epoch 300/500: loss=0.007257
      Epoch 400/500: loss=0.007245
      Epoch 500/500: loss=0.007129
    recon=0.007319
  Stage 2 epoch 100/300: loss=0.000000
  Stage 2 epoch 200/300: loss=0.000000
  Stage 2 epoch 300/300: loss=0.000000
  Stage 3 epoch 100/300: loss=0.000972
  Stage 3 epoch 200/300: loss=0.000948
  Stage 3 epoch 300/300: loss=0.000927
    r=0.5: GT=0.068 learned=nan err=nan% exit=0%
    r=1.0: GT=0.214 learned=nan err=nan% exit=0%
    r=2.0: GT=0.695 learned=nan err=nan% exit=0%
    r=3.0: GT=1.057 learned=nan err=nan% exit=0%
    W2@1.0=1.5752

  --- T+F ---
      Epoch 100/500: loss=0.289829
      Epoch 200/500: loss=0.152237
      Epoch 300/500: loss=0.042893
      Epoch 400/500: loss=0.031202
      Epoch 500/500: loss=0.018754
    recon=0.000219
  Stage 2 epoch 100/300: loss=0.003161
  Stage 2 epoch 200/300: loss=0.002265
  Stage 2 epoch 300/300: loss=0.001346
  Stage 3 epoch 100/300: loss=0.000028
  Stage 3 epoch 200/300: loss=0.000023
  Stage 3 epoch 300/300: loss=0.000020
    r=0.5: GT=0.068 learned=0.065 err=4.4% exit=100%
    r=1.0: GT=0.214 learned=0.214 err=0.2% exit=100%
    r=2.0: GT=0.695 learned=0.794 err=14.2% exit=94%
    r=3.0: GT=1.057 learned=1.107 err=4.7% exit=43%
    W2@1.0=0.5865


Total time: 57.6 min
Saved 200 rows to mfpt_rotation_d201.csv


================================================================================
MFPT ABLATION SUMMARY
================================================================================

  Surface: paraboloid

    r=0.5:
       condition        MFPT_err    MFPT_learned         MFPT_GT          W2@1.0
        baseline   35.8%±38.4%   0.097±0.033   0.075±0.003   1.919±0.139
               T   26.3%±34.8%   0.090±0.027   0.075±0.003   1.682±0.274
               F  1624.4%±303.8%   1.322±0.263   0.075±0.003   2.479±0.066
/network/rit/lab/Yelab/aeml/experiments/mfpt_full_ablation.py:280: RuntimeWarning: Mean of empty slice
  print(f"    {cond:>12s}  {np.nanmean(err):>6.1%}±{np.nanstd(err):>.1%}  "
/network/rit/lab/Yelab/anaconda3/lib/python3.9/site-packages/numpy/lib/nanfunctions.py:1879: RuntimeWarning: Degrees of freedom <= 0 for slice.
  var = nanvar(a, axis=axis, dtype=dtype, out=out, ddof=ddof,
/network/rit/lab/Yelab/aeml/experiments/mfpt_full_ablation.py:281: RuntimeWarning: Mean of empty slice
  f"{np.nanmean(lr):>6.3f}±{np.nanstd(lr):>.3f}  "
               C    nan%±nan%     nan±nan   0.075±0.003   2.474±0.066
             T+F   18.6%±27.1%   0.084±0.024   0.075±0.003   1.343±0.278

    r=1.0:
       condition        MFPT_err    MFPT_learned         MFPT_GT          W2@1.0
        baseline   46.9%±53.0%   0.325±0.113   0.225±0.008   1.919±0.139
               T   43.7%±51.0%   0.322±0.109   0.225±0.008   1.682±0.274
               F  564.0%±148.2%   1.471±0.306   0.225±0.008   2.479±0.066
               C    nan%±nan%     nan±nan   0.225±0.008   2.474±0.066
             T+F   23.1%±38.0%   0.268±0.087   0.225±0.008   1.343±0.278

    r=2.0:
       condition        MFPT_err    MFPT_learned         MFPT_GT          W2@1.0
        baseline   47.5%±14.8%   0.836±0.075   0.567±0.016   1.919±0.139
               T   42.6%±17.0%   0.808±0.087   0.567±0.016   1.682±0.274
               F  121.3%±0.0%   1.228±0.000   0.567±0.016   2.479±0.066
               C    nan%±nan%     nan±nan   0.567±0.016   2.474±0.066
             T+F   15.8%±22.2%   0.655±0.115   0.567±0.016   1.343±0.278

    r=3.0:
       condition        MFPT_err    MFPT_learned         MFPT_GT          W2@1.0
        baseline   41.2%±9.7%   1.090±0.078   0.772±0.017   1.919±0.139
               T   29.1%±5.9%   0.997±0.043   0.772±0.017   1.682±0.274
               F    nan%±nan%     nan±nan   0.772±0.017   2.479±0.066
               C    nan%±nan%     nan±nan   0.772±0.017   2.474±0.066
             T+F   18.8%±12.3%   0.916±0.079   0.772±0.017   1.343±0.278

    Paired t-test vs baseline (MFPT_err, negative = better):
      r=0.5:
             T: Δ=-26.7%  p=0.356  wins=6/10
             F: Δ=+3313.5%  p=0.003**  wins=0/4
             C: insufficient data
           T+F: Δ=-48.2%  p=0.128  wins=5/10
      r=1.0:
             T: Δ=-6.8%  p=0.776  wins=5/10
             F: Δ=+591.5%  p=0.018*  wins=0/3
             C: insufficient data
           T+F: Δ=-50.8%  p=0.119  wins=8/10
      r=2.0:
             T: Δ=-10.4%  p=0.187  wins=6/10
             F: insufficient data
             C: insufficient data
           T+F: Δ=-66.7%  p=0.000**  wins=10/10
      r=3.0:
             T: Δ=-29.4%  p=0.001**  wins=9/10
             F: insufficient data
             C: insufficient data
           T+F: Δ=-54.4%  p=0.001**  wins=9/10

  Surface: hyperbolic_paraboloid

    r=0.5:
       condition        MFPT_err    MFPT_learned         MFPT_GT          W2@1.0
        baseline   27.7%±37.1%   0.094±0.028   0.076±0.002   1.518±0.114
               T   30.6%±35.1%   0.095±0.028   0.076±0.002   1.491±0.292
               F  1648.9%±380.3%   1.326±0.262   0.076±0.002   2.177±0.058
               C    nan%±nan%     nan±nan   0.076±0.002   2.172±0.063
             T+F   29.4%±33.3%   0.097±0.027   0.076±0.002   1.221±0.179

    r=1.0:
       condition        MFPT_err    MFPT_learned         MFPT_GT          W2@1.0
        baseline   44.6%±38.7%   0.335±0.087   0.233±0.009   1.518±0.114
               T   48.9%±48.5%   0.342±0.115   0.233±0.009   1.491±0.292
               F  521.5%±87.6%   1.462±0.190   0.233±0.009   2.177±0.058
               C    nan%±nan%     nan±nan   0.233±0.009   2.172±0.063
             T+F   36.4%±38.5%   0.315±0.084   0.233±0.009   1.221±0.179

    r=2.0:
       condition        MFPT_err    MFPT_learned         MFPT_GT          W2@1.0
        baseline   50.9%±10.2%   0.946±0.061   0.627±0.019   1.518±0.114
               T   34.3%±14.9%   0.843±0.098   0.627±0.019   1.491±0.292
               F  130.5%±29.2%   1.492±0.193   0.627±0.019   2.177±0.058
               C    nan%±nan%     nan±nan   0.627±0.019   2.172±0.063
             T+F   22.7%±14.6%   0.769±0.090   0.627±0.019   1.221±0.179

    r=3.0:
       condition        MFPT_err    MFPT_learned         MFPT_GT          W2@1.0
        baseline   37.2%±6.9%   1.174±0.061   0.856±0.016   1.518±0.114
               T   22.4%±3.8%   1.047±0.035   0.856±0.016   1.491±0.292
               F   88.0%±22.4%   1.600±0.205   0.856±0.016   2.177±0.058
               C    nan%±nan%     nan±nan   0.856±0.016   2.172±0.063
             T+F   16.4%±3.8%   0.996±0.037   0.856±0.016   1.221±0.179

    Paired t-test vs baseline (MFPT_err, negative = better):
      r=0.5:
             T: Δ=+10.5%  p=0.833  wins=6/10
             F: Δ=+9736.4%  p=0.000**  wins=0/7
             C: insufficient data
           T+F: Δ=+6.0%  p=0.894  wins=7/10
      r=1.0:
             T: Δ=+9.6%  p=0.797  wins=6/10
             F: Δ=+1430.1%  p=0.001**  wins=0/5
             C: insufficient data
           T+F: Δ=-18.4%  p=0.477  wins=6/10
      r=2.0:
             T: Δ=-32.7%  p=0.017*  wins=7/10
             F: Δ=+172.6%  p=0.302  wins=0/2
             C: insufficient data
           T+F: Δ=-55.5%  p=0.000**  wins=9/10
      r=3.0:
             T: Δ=-39.8%  p=0.000**  wins=10/10
             F: Δ=+107.5%  p=0.377  wins=0/2
             C: insufficient data
           T+F: Δ=-55.9%  p=0.000**  wins=10/10

  Surface: quartic_dome

    r=0.5:
       condition        MFPT_err    MFPT_learned         MFPT_GT          W2@1.0
        baseline   26.3%±30.9%   0.099±0.026   0.078±0.002   3.159±0.236
               T   10.2%±16.8%   0.085±0.014   0.078±0.002   3.205±0.278
               F  1729.1%±319.4%   1.446±0.271   0.078±0.002   3.423±0.222
               C    nan%±nan%     nan±nan   0.078±0.002   3.424±0.222
             T+F   11.0%±15.1%   0.083±0.015   0.078±0.002   3.203±0.264

    r=1.0:
       condition        MFPT_err    MFPT_learned         MFPT_GT          W2@1.0
        baseline   40.3%±34.2%   0.357±0.083   0.255±0.008   3.159±0.236
               T   23.4%±27.1%   0.314±0.062   0.255±0.008   3.205±0.278
               F  536.5%±49.5%   1.636±0.133   0.255±0.008   3.423±0.222
               C    nan%±nan%     nan±nan   0.255±0.008   3.424±0.222
             T+F   13.6%±20.0%   0.280±0.049   0.255±0.008   3.203±0.264

    r=2.0:
       condition        MFPT_err    MFPT_learned         MFPT_GT          W2@1.0
        baseline   29.3%±6.9%   0.988±0.045   0.765±0.017   3.159±0.236
               T   16.2%±8.1%   0.888±0.055   0.765±0.017   3.205±0.278
               F  135.6%±10.5%   1.831±0.065   0.765±0.017   3.423±0.222
               C    nan%±nan%     nan±nan   0.765±0.017   3.424±0.222
             T+F    7.5%±8.3%   0.817±0.056   0.765±0.017   3.203±0.264

    r=3.0:
       condition        MFPT_err    MFPT_learned         MFPT_GT          W2@1.0
        baseline   35.5%±6.3%   1.251±0.066   0.923±0.018   3.159±0.236
               T   19.4%±5.8%   1.101±0.057   0.923±0.018   3.205±0.278
               F   81.5%±0.0%   1.683±0.000   0.923±0.018   3.423±0.222
               C    nan%±nan%     nan±nan   0.923±0.018   3.424±0.222
             T+F   23.3%±7.1%   1.138±0.061   0.923±0.018   3.203±0.264

    Paired t-test vs baseline (MFPT_err, negative = better):
      r=0.5:
             T: Δ=-61.3%  p=0.110  wins=6/10
             F: Δ=+5235.4%  p=0.000**  wins=0/8
             C: insufficient data
           T+F: Δ=-58.2%  p=0.118  wins=5/10
      r=1.0:
             T: Δ=-41.9%  p=0.092+  wins=9/10
             F: Δ=+1300.4%  p=0.000**  wins=0/5
             C: insufficient data
           T+F: Δ=-66.2%  p=0.016*  wins=10/10
      r=2.0:
             T: Δ=-44.8%  p=0.000**  wins=10/10
             F: Δ=+431.6%  p=0.004**  wins=0/3
             C: insufficient data
           T+F: Δ=-74.4%  p=0.000**  wins=10/10
      r=3.0:
             T: Δ=-45.5%  p=0.000**  wins=10/10
             F: insufficient data
             C: insufficient data
           T+F: Δ=-34.3%  p=0.002**  wins=9/10

  Surface: sinusoidal

    r=0.5:
       condition        MFPT_err    MFPT_learned         MFPT_GT          W2@1.0
        baseline    7.0%±11.7%   0.070±0.008   0.065±0.002   0.797±0.040
               T   18.1%±15.9%   0.077±0.010   0.065±0.002   0.899±0.152
               F  1799.8%±437.2%   1.231±0.278   0.065±0.002   1.645±0.046
               C    nan%±nan%     nan±nan   0.065±0.002   1.631±0.024
             T+F   10.4%±16.5%   0.071±0.012   0.065±0.002   0.701±0.105

    r=1.0:
       condition        MFPT_err    MFPT_learned         MFPT_GT          W2@1.0
        baseline   15.6%±12.7%   0.247±0.030   0.213±0.005   0.797±0.040
               T   31.0%±20.6%   0.279±0.041   0.213±0.005   0.899±0.152
               F  461.1%±33.2%   1.200±0.058   0.213±0.005   1.645±0.046
               C    nan%±nan%     nan±nan   0.213±0.005   1.631±0.024
             T+F   12.5%±20.5%   0.239±0.044   0.213±0.005   0.701±0.105

    r=2.0:
       condition        MFPT_err    MFPT_learned         MFPT_GT          W2@1.0
        baseline   26.5%±6.7%   0.913±0.049   0.722±0.021   0.797±0.040
               T   24.7%±8.1%   0.900±0.054   0.722±0.021   0.899±0.152
               F   84.6%±28.1%   1.363±0.196   0.722±0.021   1.645±0.046
               C    nan%±nan%     nan±nan   0.722±0.021   1.631±0.024
             T+F    9.9%±10.8%   0.789±0.069   0.722±0.021   0.701±0.105

    r=3.0:
       condition        MFPT_err    MFPT_learned         MFPT_GT          W2@1.0
        baseline   12.9%±5.5%   1.224±0.069   1.084±0.021   0.797±0.040
               T    6.7%±3.1%   1.156±0.040   1.084±0.021   0.899±0.152
               F   39.5%±23.8%   1.509±0.267   1.084±0.021   1.645±0.046
               C    nan%±nan%     nan±nan   1.084±0.021   1.631±0.024
             T+F    5.9%±4.2%   1.146±0.031   1.084±0.021   0.701±0.105

    Paired t-test vs baseline (MFPT_err, negative = better):
      r=0.5:
             T: Δ=+159.5%  p=0.073+  wins=2/10
             F: Δ=+40719.9%  p=0.001**  wins=0/5
             C: insufficient data
           T+F: Δ=+49.5%  p=0.389  wins=3/10
      r=1.0:
             T: Δ=+98.3%  p=0.042*  wins=2/10
             F: Δ=+4820.7%  p=0.003**  wins=0/3
             C: insufficient data
           T+F: Δ=-19.9%  p=0.528  wins=7/10
      r=2.0:
             T: Δ=-6.9%  p=0.390  wins=7/10
             F: Δ=+352.0%  p=0.213  wins=0/2
             C: insufficient data
           T+F: Δ=-62.8%  p=0.000**  wins=9/10
      r=3.0:
             T: Δ=-48.5%  p=0.004**  wins=9/10
             F: Δ=+400.3%  p=0.434  wins=0/2
             C: insufficient data
           T+F: Δ=-54.5%  p=0.020*  wins=9/10
