=== Table 2: Rotation MFPT D=11 ===
Device: cuda
D=11, N=50
Surfaces: ['paraboloid', 'hyperbolic_paraboloid', 'quartic_dome', 'sinusoidal']
Conditions: ['baseline', 'T', 'F', 'C', 'T+F']
Seeds (10): [42, 1042, 2042, 3042, 4042, 5042, 6042, 7042, 8042, 9042]
Radii: [0.5, 1.0, 2.0, 3.0]
Total runs: 200


============================================================
  paraboloid | seed=42
============================================================

  --- baseline ---
      Epoch 100/500: loss=0.031162
      Epoch 200/500: loss=0.009491
      Epoch 300/500: loss=0.002091
      Epoch 400/500: loss=0.000871
      Epoch 500/500: loss=0.000623
    recon=0.000593
  Stage 2 epoch 100/300: loss=1.223486
  Stage 2 epoch 200/300: loss=0.953006
  Stage 2 epoch 300/300: loss=0.685101
  Stage 3 epoch 100/300: loss=0.208988
  Stage 3 epoch 200/300: loss=0.128072
  Stage 3 epoch 300/300: loss=0.095305
    r=0.5: GT=0.075 learned=0.078 err=4.7% exit=100%
    r=1.0: GT=0.236 learned=0.257 err=8.7% exit=100%
    r=2.0: GT=0.600 learned=0.744 err=23.9% exit=93%
    r=3.0: GT=0.773 learned=1.123 err=45.2% exit=53%
    W2@1.0=1.6544

  --- T ---
      Epoch 100/500: loss=0.360440
      Epoch 200/500: loss=0.123007
      Epoch 300/500: loss=0.081677
      Epoch 400/500: loss=0.073455
      Epoch 500/500: loss=0.059702
    recon=0.023943
  Stage 2 epoch 100/300: loss=0.535468
  Stage 2 epoch 200/300: loss=0.285387
  Stage 2 epoch 300/300: loss=0.184126
  Stage 3 epoch 100/300: loss=0.305735
  Stage 3 epoch 200/300: loss=0.222162
  Stage 3 epoch 300/300: loss=0.153806
    r=0.5: GT=0.075 learned=0.077 err=2.8% exit=100%
    r=1.0: GT=0.236 learned=0.387 err=64.0% exit=81%
    r=2.0: GT=0.600 learned=1.027 err=71.2% exit=22%
    r=3.0: GT=0.773 learned=0.886 err=14.5% exit=2%
    W2@1.0=2.4620

  --- F ---
      Epoch 100/500: loss=0.088828
      Epoch 200/500: loss=0.035145
      Epoch 300/500: loss=0.031200
      Epoch 400/500: loss=0.029379
      Epoch 500/500: loss=0.024177
    recon=0.024350
  Stage 2 epoch 100/300: loss=0.012373
  Stage 2 epoch 200/300: loss=0.008827
  Stage 2 epoch 300/300: loss=0.006835
  Stage 3 epoch 100/300: loss=1.360736
  Stage 3 epoch 200/300: loss=1.668491
  Stage 3 epoch 300/300: loss=1.319541
    r=0.5: GT=0.075 learned=0.091 err=21.6% exit=100%
    r=1.0: GT=0.236 learned=0.313 err=32.6% exit=100%
    r=2.0: GT=0.600 learned=0.932 err=55.4% exit=82%
    r=3.0: GT=0.773 learned=1.241 err=60.5% exit=43%
    W2@1.0=2.0042

  --- C ---
      Epoch 100/500: loss=0.061829
      Epoch 200/500: loss=0.038705
      Epoch 300/500: loss=0.034138
      Epoch 400/500: loss=0.034171
      Epoch 500/500: loss=0.031523
    recon=0.030761
  Stage 2 epoch 100/300: loss=0.517053
  Stage 2 epoch 200/300: loss=0.543768
  Stage 2 epoch 300/300: loss=0.474834
  Stage 3 epoch 100/300: loss=1.437037
  Stage 3 epoch 200/300: loss=1.752849
  Stage 3 epoch 300/300: loss=1.398188
    r=0.5: GT=0.075 learned=0.094 err=25.6% exit=100%
    r=1.0: GT=0.236 learned=0.340 err=43.8% exit=100%
    r=2.0: GT=0.600 learned=1.026 err=70.9% exit=76%
    r=3.0: GT=0.773 learned=1.263 err=63.3% exit=23%
    W2@1.0=2.0884

  --- T+F ---
      Epoch 100/500: loss=0.639245
      Epoch 200/500: loss=0.080625
      Epoch 300/500: loss=0.020872
      Epoch 400/500: loss=0.008871
      Epoch 500/500: loss=0.013461
    recon=0.003795
  Stage 2 epoch 100/300: loss=0.126554
  Stage 2 epoch 200/300: loss=0.094382
  Stage 2 epoch 300/300: loss=0.067087
  Stage 3 epoch 100/300: loss=0.059868
  Stage 3 epoch 200/300: loss=0.062857
  Stage 3 epoch 300/300: loss=0.037093
    r=0.5: GT=0.075 learned=0.073 err=1.6% exit=100%
    r=1.0: GT=0.236 learned=0.225 err=5.0% exit=100%
    r=2.0: GT=0.600 learned=0.566 err=5.7% exit=97%
    r=3.0: GT=0.773 learned=0.880 err=13.8% exit=88%
    W2@1.0=1.2184

============================================================
  paraboloid | seed=1042
============================================================

  --- baseline ---
      Epoch 100/500: loss=0.031504
      Epoch 200/500: loss=0.009336
      Epoch 300/500: loss=0.001578
      Epoch 400/500: loss=0.000620
      Epoch 500/500: loss=0.000548
    recon=0.000532
  Stage 2 epoch 100/300: loss=3.898553
  Stage 2 epoch 200/300: loss=3.202041
  Stage 2 epoch 300/300: loss=2.698167
  Stage 3 epoch 100/300: loss=0.173122
  Stage 3 epoch 200/300: loss=0.137329
  Stage 3 epoch 300/300: loss=0.134697
    r=0.5: GT=0.083 learned=0.173 err=108.9% exit=100%
    r=1.0: GT=0.251 learned=0.545 err=117.1% exit=97%
    r=2.0: GT=0.588 learned=0.922 err=56.7% exit=61%
    r=3.0: GT=0.777 learned=0.957 err=23.2% exit=31%
    W2@1.0=1.7139

  --- T ---
      Epoch 100/500: loss=0.053290
      Epoch 200/500: loss=0.006748
      Epoch 300/500: loss=0.002363
      Epoch 400/500: loss=0.003391
      Epoch 500/500: loss=0.001028
    recon=0.000208
  Stage 2 epoch 100/300: loss=3.120373
  Stage 2 epoch 200/300: loss=2.055440
  Stage 2 epoch 300/300: loss=1.295836
  Stage 3 epoch 100/300: loss=0.111389
  Stage 3 epoch 200/300: loss=0.066562
  Stage 3 epoch 300/300: loss=0.056668
    r=0.5: GT=0.083 learned=0.230 err=178.6% exit=100%
    r=1.0: GT=0.251 learned=0.620 err=147.0% exit=94%
    r=2.0: GT=0.588 learned=0.958 err=62.9% exit=56%
    r=3.0: GT=0.777 learned=0.983 err=26.6% exit=24%
    W2@1.0=2.0057

  --- F ---
      Epoch 100/500: loss=0.095584
      Epoch 200/500: loss=0.034940
      Epoch 300/500: loss=0.035165
      Epoch 400/500: loss=0.031164
      Epoch 500/500: loss=0.029304
    recon=0.028904
  Stage 2 epoch 100/300: loss=0.021049
  Stage 2 epoch 200/300: loss=0.008948
  Stage 2 epoch 300/300: loss=0.004656
  Stage 3 epoch 100/300: loss=1.560758
  Stage 3 epoch 200/300: loss=1.469102
  Stage 3 epoch 300/300: loss=1.551763
    r=0.5: GT=0.083 learned=0.082 err=0.6% exit=100%
    r=1.0: GT=0.251 learned=0.280 err=11.5% exit=100%
    r=2.0: GT=0.588 learned=0.883 err=50.2% exit=81%
    r=3.0: GT=0.777 learned=1.247 err=60.6% exit=34%
    W2@1.0=1.9005

  --- C ---
      Epoch 100/500: loss=0.037796
      Epoch 200/500: loss=0.036969
      Epoch 300/500: loss=0.038179
      Epoch 400/500: loss=0.033681
      Epoch 500/500: loss=0.033557
    recon=0.032717
  Stage 2 epoch 100/300: loss=0.608881
  Stage 2 epoch 200/300: loss=0.579688
  Stage 2 epoch 300/300: loss=0.599897
  Stage 3 epoch 100/300: loss=1.602050
  Stage 3 epoch 200/300: loss=1.508017
  Stage 3 epoch 300/300: loss=1.591470
    r=0.5: GT=0.083 learned=0.105 err=27.4% exit=100%
    r=1.0: GT=0.251 learned=0.395 err=57.4% exit=100%
    r=2.0: GT=0.588 learned=0.992 err=68.7% exit=49%
    r=3.0: GT=0.777 learned=1.068 err=37.6% exit=5%
    W2@1.0=2.0363

  --- T+F ---
      Epoch 100/500: loss=0.717384
      Epoch 200/500: loss=0.323104
      Epoch 300/500: loss=0.027950
      Epoch 400/500: loss=0.029352
      Epoch 500/500: loss=0.008921
    recon=0.000921
  Stage 2 epoch 100/300: loss=0.833728
  Stage 2 epoch 200/300: loss=0.514568
  Stage 2 epoch 300/300: loss=0.475109
  Stage 3 epoch 100/300: loss=0.142842
  Stage 3 epoch 200/300: loss=0.107080
  Stage 3 epoch 300/300: loss=0.051311
    r=0.5: GT=0.083 learned=0.092 err=11.1% exit=100%
    r=1.0: GT=0.251 learned=0.280 err=11.4% exit=100%
    r=2.0: GT=0.588 learned=0.644 err=9.5% exit=95%
    r=3.0: GT=0.777 learned=0.849 err=9.4% exit=79%
    W2@1.0=1.0483

============================================================
  paraboloid | seed=2042
============================================================

  --- baseline ---
      Epoch 100/500: loss=0.028207
      Epoch 200/500: loss=0.011395
      Epoch 300/500: loss=0.001261
      Epoch 400/500: loss=0.000790
      Epoch 500/500: loss=0.000605
    recon=0.000720
  Stage 2 epoch 100/300: loss=1.672958
  Stage 2 epoch 200/300: loss=1.468853
  Stage 2 epoch 300/300: loss=1.124904
  Stage 3 epoch 100/300: loss=0.205480
  Stage 3 epoch 200/300: loss=0.130647
  Stage 3 epoch 300/300: loss=0.096780
    r=0.5: GT=0.073 learned=0.073 err=0.8% exit=100%
    r=1.0: GT=0.229 learned=0.225 err=2.0% exit=100%
    r=2.0: GT=0.579 learned=0.639 err=10.4% exit=96%
    r=3.0: GT=0.776 learned=1.063 err=37.1% exit=53%
    W2@1.0=1.4234

  --- T ---
      Epoch 100/500: loss=0.037388
      Epoch 200/500: loss=0.007763
      Epoch 300/500: loss=0.011162
      Epoch 400/500: loss=0.004566
      Epoch 500/500: loss=0.002116
    recon=0.000591
  Stage 2 epoch 100/300: loss=0.532690
  Stage 2 epoch 200/300: loss=0.461791
  Stage 2 epoch 300/300: loss=0.320445
  Stage 3 epoch 100/300: loss=0.150941
  Stage 3 epoch 200/300: loss=0.046944
  Stage 3 epoch 300/300: loss=0.022862
    r=0.5: GT=0.073 learned=0.071 err=3.0% exit=100%
    r=1.0: GT=0.229 learned=0.244 err=6.5% exit=100%
    r=2.0: GT=0.579 learned=0.747 err=29.0% exit=90%
    r=3.0: GT=0.776 learned=1.073 err=38.3% exit=52%
    W2@1.0=1.4813

  --- F ---
      Epoch 100/500: loss=0.073230
      Epoch 200/500: loss=0.029552
      Epoch 300/500: loss=0.031179
      Epoch 400/500: loss=0.029766
      Epoch 500/500: loss=0.018462
    recon=0.017810
  Stage 2 epoch 100/300: loss=0.042200
  Stage 2 epoch 200/300: loss=0.035161
  Stage 2 epoch 300/300: loss=0.040923
  Stage 3 epoch 100/300: loss=1.008238
  Stage 3 epoch 200/300: loss=1.115428
  Stage 3 epoch 300/300: loss=1.162489
    r=0.5: GT=0.073 learned=0.072 err=1.0% exit=100%
    r=1.0: GT=0.229 learned=0.256 err=11.8% exit=100%
    r=2.0: GT=0.579 learned=0.737 err=27.2% exit=93%
    r=3.0: GT=0.776 learned=1.063 err=37.1% exit=68%
    W2@1.0=1.9068

  --- C ---
      Epoch 100/500: loss=0.035762
      Epoch 200/500: loss=0.032542
      Epoch 300/500: loss=0.033711
      Epoch 400/500: loss=0.033372
      Epoch 500/500: loss=0.027767
    recon=0.028202
  Stage 2 epoch 100/300: loss=0.072259
  Stage 2 epoch 200/300: loss=0.064263
  Stage 2 epoch 300/300: loss=0.064919
  Stage 3 epoch 100/300: loss=1.155669
  Stage 3 epoch 200/300: loss=1.283567
  Stage 3 epoch 300/300: loss=1.334493
    r=0.5: GT=0.073 learned=0.107 err=45.8% exit=100%
    r=1.0: GT=0.229 learned=0.384 err=67.6% exit=100%
    r=2.0: GT=0.579 learned=0.962 err=66.2% exit=74%
    r=3.0: GT=0.776 learned=1.247 err=60.7% exit=39%
    W2@1.0=2.0868

  --- T+F ---
      Epoch 100/500: loss=0.728554
      Epoch 200/500: loss=0.079817
      Epoch 300/500: loss=0.021004
      Epoch 400/500: loss=0.011491
      Epoch 500/500: loss=0.006054
    recon=0.000473
  Stage 2 epoch 100/300: loss=0.104412
  Stage 2 epoch 200/300: loss=0.099187
  Stage 2 epoch 300/300: loss=0.108452
  Stage 3 epoch 100/300: loss=0.051706
  Stage 3 epoch 200/300: loss=0.022618
  Stage 3 epoch 300/300: loss=0.013677
    r=0.5: GT=0.073 learned=0.070 err=4.0% exit=100%
    r=1.0: GT=0.229 learned=0.226 err=1.5% exit=100%
    r=2.0: GT=0.579 learned=0.600 err=3.6% exit=97%
    r=3.0: GT=0.776 learned=0.847 err=9.2% exit=86%
    W2@1.0=0.8666

============================================================
  paraboloid | seed=3042
============================================================

  --- baseline ---
      Epoch 100/500: loss=0.028209
      Epoch 200/500: loss=0.005197
      Epoch 300/500: loss=0.001058
      Epoch 400/500: loss=0.001075
      Epoch 500/500: loss=0.000556
    recon=0.000592
  Stage 2 epoch 100/300: loss=1.143200
  Stage 2 epoch 200/300: loss=0.779851
  Stage 2 epoch 300/300: loss=0.407370
  Stage 3 epoch 100/300: loss=0.197393
  Stage 3 epoch 200/300: loss=0.138118
  Stage 3 epoch 300/300: loss=0.144409
    r=0.5: GT=0.079 learned=0.128 err=62.6% exit=100%
    r=1.0: GT=0.233 learned=0.422 err=81.0% exit=100%
    r=2.0: GT=0.584 learned=0.848 err=45.2% exit=78%
    r=3.0: GT=0.779 learned=1.043 err=33.8% exit=35%
    W2@1.0=1.9940

  --- T ---
      Epoch 100/500: loss=0.048685
      Epoch 200/500: loss=0.011495
      Epoch 300/500: loss=0.004290
      Epoch 400/500: loss=0.002360
      Epoch 500/500: loss=0.002054
    recon=0.000461
  Stage 2 epoch 100/300: loss=1.623752
  Stage 2 epoch 200/300: loss=1.826000
  Stage 2 epoch 300/300: loss=0.956388
  Stage 3 epoch 100/300: loss=0.155419
  Stage 3 epoch 200/300: loss=0.039865
  Stage 3 epoch 300/300: loss=0.019635
    r=0.5: GT=0.079 learned=0.077 err=2.6% exit=100%
    r=1.0: GT=0.233 learned=0.230 err=1.1% exit=100%
    r=2.0: GT=0.584 learned=0.644 err=10.3% exit=96%
    r=3.0: GT=0.779 learned=0.940 err=20.7% exit=75%
    W2@1.0=1.2982

  --- F ---
      Epoch 100/500: loss=0.079658
      Epoch 200/500: loss=0.029488
      Epoch 300/500: loss=0.029832
      Epoch 400/500: loss=0.029392
      Epoch 500/500: loss=0.021505
    recon=0.019372
  Stage 2 epoch 100/300: loss=0.032230
  Stage 2 epoch 200/300: loss=0.039845
  Stage 2 epoch 300/300: loss=0.027361
  Stage 3 epoch 100/300: loss=1.393739
  Stage 3 epoch 200/300: loss=1.223075
  Stage 3 epoch 300/300: loss=1.359510
    r=0.5: GT=0.079 learned=0.090 err=14.6% exit=100%
    r=1.0: GT=0.233 learned=0.277 err=18.8% exit=100%
    r=2.0: GT=0.584 learned=0.786 err=34.6% exit=91%
    r=3.0: GT=0.779 learned=1.086 err=39.4% exit=57%
    W2@1.0=2.0338

  --- C ---
      Epoch 100/500: loss=0.038048
      Epoch 200/500: loss=0.033774
      Epoch 300/500: loss=0.032111
      Epoch 400/500: loss=0.033019
      Epoch 500/500: loss=0.030246
    recon=0.029758
  Stage 2 epoch 100/300: loss=0.623045
  Stage 2 epoch 200/300: loss=0.591347
  Stage 2 epoch 300/300: loss=0.565135
  Stage 3 epoch 100/300: loss=1.590420
  Stage 3 epoch 200/300: loss=1.436670
  Stage 3 epoch 300/300: loss=1.562707
    r=0.5: GT=0.079 learned=0.101 err=28.6% exit=100%
    r=1.0: GT=0.233 learned=0.330 err=41.6% exit=100%
    r=2.0: GT=0.584 learned=0.872 err=49.3% exit=87%
    r=3.0: GT=0.779 learned=1.117 err=43.3% exit=53%
    W2@1.0=2.3245

  --- T+F ---
      Epoch 100/500: loss=0.765928
      Epoch 200/500: loss=0.114764
      Epoch 300/500: loss=0.086511
      Epoch 400/500: loss=0.008953
      Epoch 500/500: loss=0.006634
    recon=0.000206
  Stage 2 epoch 100/300: loss=0.034207
  Stage 2 epoch 200/300: loss=0.031233
  Stage 2 epoch 300/300: loss=0.026667
  Stage 3 epoch 100/300: loss=0.124114
  Stage 3 epoch 200/300: loss=0.055211
  Stage 3 epoch 300/300: loss=0.048312
    r=0.5: GT=0.079 learned=0.075 err=5.0% exit=100%
    r=1.0: GT=0.233 learned=0.225 err=3.3% exit=100%
    r=2.0: GT=0.584 learned=0.593 err=1.6% exit=98%
    r=3.0: GT=0.779 learned=0.826 err=6.0% exit=88%
    W2@1.0=1.0363

============================================================
  paraboloid | seed=4042
============================================================

  --- baseline ---
      Epoch 100/500: loss=0.031674
      Epoch 200/500: loss=0.010536
      Epoch 300/500: loss=0.001165
      Epoch 400/500: loss=0.000744
      Epoch 500/500: loss=0.000534
    recon=0.000398
  Stage 2 epoch 100/300: loss=1.695775
  Stage 2 epoch 200/300: loss=1.211522
  Stage 2 epoch 300/300: loss=1.381527
  Stage 3 epoch 100/300: loss=0.204924
  Stage 3 epoch 200/300: loss=0.212385
  Stage 3 epoch 300/300: loss=0.148738
    r=0.5: GT=0.075 learned=0.125 err=66.1% exit=100%
    r=1.0: GT=0.239 learned=0.422 err=76.5% exit=99%
    r=2.0: GT=0.562 learned=0.889 err=58.3% exit=76%
    r=3.0: GT=0.779 learned=1.094 err=40.5% exit=37%
    W2@1.0=1.6672

  --- T ---
      Epoch 100/500: loss=0.056533
      Epoch 200/500: loss=0.010849
      Epoch 300/500: loss=0.003945
      Epoch 400/500: loss=0.005779
      Epoch 500/500: loss=0.001288
    recon=0.000296
  Stage 2 epoch 100/300: loss=2.074381
  Stage 2 epoch 200/300: loss=1.576303
  Stage 2 epoch 300/300: loss=1.175068
  Stage 3 epoch 100/300: loss=0.075436
  Stage 3 epoch 200/300: loss=0.066768
  Stage 3 epoch 300/300: loss=0.055519
    r=0.5: GT=0.075 learned=0.130 err=73.1% exit=100%
    r=1.0: GT=0.239 learned=0.408 err=70.9% exit=99%
    r=2.0: GT=0.562 learned=0.884 err=57.5% exit=75%
    r=3.0: GT=0.779 learned=1.040 err=33.5% exit=39%
    W2@1.0=1.7755

  --- F ---
      Epoch 100/500: loss=0.101627
      Epoch 200/500: loss=0.028849
      Epoch 300/500: loss=0.028000
      Epoch 400/500: loss=0.021924
      Epoch 500/500: loss=0.016642
    recon=0.016814
  Stage 2 epoch 100/300: loss=0.034151
  Stage 2 epoch 200/300: loss=0.025690
  Stage 2 epoch 300/300: loss=0.030167
  Stage 3 epoch 100/300: loss=1.066738
  Stage 3 epoch 200/300: loss=1.270712
  Stage 3 epoch 300/300: loss=1.052976
    r=0.5: GT=0.075 learned=0.068 err=9.8% exit=100%
    r=1.0: GT=0.239 learned=0.221 err=7.6% exit=100%
    r=2.0: GT=0.562 learned=0.702 err=25.0% exit=97%
    r=3.0: GT=0.779 learned=1.084 err=39.2% exit=64%
    W2@1.0=1.7857

  --- C ---
      Epoch 100/500: loss=0.044310
      Epoch 200/500: loss=0.031511
      Epoch 300/500: loss=0.031508
      Epoch 400/500: loss=0.030141
      Epoch 500/500: loss=0.028287
    recon=0.028651
  Stage 2 epoch 100/300: loss=0.328576
  Stage 2 epoch 200/300: loss=0.319515
  Stage 2 epoch 300/300: loss=0.312081
  Stage 3 epoch 100/300: loss=1.438137
  Stage 3 epoch 200/300: loss=1.727040
  Stage 3 epoch 300/300: loss=1.472174
    r=0.5: GT=0.075 learned=0.103 err=36.6% exit=100%
    r=1.0: GT=0.239 learned=0.351 err=46.8% exit=100%
    r=2.0: GT=0.562 learned=0.918 err=63.4% exit=80%
    r=3.0: GT=0.779 learned=1.107 err=42.1% exit=44%
    W2@1.0=2.1427

  --- T+F ---
      Epoch 100/500: loss=0.755869
      Epoch 200/500: loss=0.083495
      Epoch 300/500: loss=0.015422
      Epoch 400/500: loss=0.015284
      Epoch 500/500: loss=0.007718
    recon=0.000478
  Stage 2 epoch 100/300: loss=0.083648
  Stage 2 epoch 200/300: loss=0.063118
  Stage 2 epoch 300/300: loss=0.077021
  Stage 3 epoch 100/300: loss=0.093102
  Stage 3 epoch 200/300: loss=0.042002
  Stage 3 epoch 300/300: loss=0.017395
    r=0.5: GT=0.075 learned=0.078 err=2.9% exit=100%
    r=1.0: GT=0.239 learned=0.226 err=5.4% exit=100%
    r=2.0: GT=0.562 learned=0.551 err=1.9% exit=99%
    r=3.0: GT=0.779 learned=0.792 err=1.7% exit=90%
    W2@1.0=1.1086

============================================================
  paraboloid | seed=5042
============================================================

  --- baseline ---
      Epoch 100/500: loss=0.034629
      Epoch 200/500: loss=0.016946
      Epoch 300/500: loss=0.002270
      Epoch 400/500: loss=0.000877
      Epoch 500/500: loss=0.000877
    recon=0.000946
  Stage 2 epoch 100/300: loss=1.596483
  Stage 2 epoch 200/300: loss=1.118986
  Stage 2 epoch 300/300: loss=0.499614
  Stage 3 epoch 100/300: loss=0.148326
  Stage 3 epoch 200/300: loss=0.125501
  Stage 3 epoch 300/300: loss=0.128959
    r=0.5: GT=0.076 learned=0.125 err=65.3% exit=100%
    r=1.0: GT=0.217 learned=0.426 err=96.1% exit=100%
    r=2.0: GT=0.573 learned=0.901 err=57.3% exit=80%
    r=3.0: GT=0.780 learned=1.166 err=49.6% exit=31%
    W2@1.0=1.7884

  --- T ---
      Epoch 100/500: loss=0.046068
      Epoch 200/500: loss=0.011823
      Epoch 300/500: loss=0.004449
      Epoch 400/500: loss=0.002295
      Epoch 500/500: loss=0.009989
    recon=0.002131
  Stage 2 epoch 100/300: loss=0.858784
  Stage 2 epoch 200/300: loss=0.496460
  Stage 2 epoch 300/300: loss=0.263294
  Stage 3 epoch 100/300: loss=0.083488
  Stage 3 epoch 200/300: loss=0.042242
  Stage 3 epoch 300/300: loss=0.028069
    r=0.5: GT=0.076 learned=0.077 err=2.1% exit=100%
    r=1.0: GT=0.217 learned=0.249 err=14.6% exit=100%
    r=2.0: GT=0.573 learned=0.709 err=23.7% exit=95%
    r=3.0: GT=0.780 learned=0.971 err=24.6% exit=64%
    W2@1.0=1.3427

  --- F ---
      Epoch 100/500: loss=0.098403
      Epoch 200/500: loss=0.032455
      Epoch 300/500: loss=0.032268
      Epoch 400/500: loss=0.032004
      Epoch 500/500: loss=0.021458
    recon=0.018985
  Stage 2 epoch 100/300: loss=0.031755
  Stage 2 epoch 200/300: loss=0.021910
  Stage 2 epoch 300/300: loss=0.014414
  Stage 3 epoch 100/300: loss=1.305814
  Stage 3 epoch 200/300: loss=1.230294
  Stage 3 epoch 300/300: loss=1.493863
    r=0.5: GT=0.076 learned=0.066 err=13.6% exit=100%
    r=1.0: GT=0.217 learned=0.217 err=0.2% exit=100%
    r=2.0: GT=0.573 learned=0.685 err=19.6% exit=94%
    r=3.0: GT=0.780 learned=1.053 err=35.1% exit=64%
    W2@1.0=1.9061

  --- C ---
      Epoch 100/500: loss=0.042813
      Epoch 200/500: loss=0.037850
      Epoch 300/500: loss=0.035688
      Epoch 400/500: loss=0.036522
      Epoch 500/500: loss=0.035623
    recon=0.034536
  Stage 2 epoch 100/300: loss=0.111789
  Stage 2 epoch 200/300: loss=0.099655
  Stage 2 epoch 300/300: loss=0.093748
  Stage 3 epoch 100/300: loss=1.712203
  Stage 3 epoch 200/300: loss=1.596965
  Stage 3 epoch 300/300: loss=1.916919
    r=0.5: GT=0.076 learned=0.095 err=25.8% exit=100%
    r=1.0: GT=0.217 learned=0.345 err=58.4% exit=100%
    r=2.0: GT=0.573 learned=0.982 err=71.3% exit=69%
    r=3.0: GT=0.780 learned=1.284 err=64.8% exit=22%
    W2@1.0=2.0137

  --- T+F ---
      Epoch 100/500: loss=0.740102
      Epoch 200/500: loss=0.070301
      Epoch 300/500: loss=0.020249
      Epoch 400/500: loss=0.011935
      Epoch 500/500: loss=0.003089
    recon=0.000135
  Stage 2 epoch 100/300: loss=0.259460
  Stage 2 epoch 200/300: loss=0.270988
  Stage 2 epoch 300/300: loss=0.174627
  Stage 3 epoch 100/300: loss=0.049087
  Stage 3 epoch 200/300: loss=0.020208
  Stage 3 epoch 300/300: loss=0.010297
    r=0.5: GT=0.076 learned=0.071 err=5.8% exit=100%
    r=1.0: GT=0.217 learned=0.226 err=3.9% exit=100%
    r=2.0: GT=0.573 learned=0.570 err=0.5% exit=99%
    r=3.0: GT=0.780 learned=0.821 err=5.3% exit=92%
    W2@1.0=1.0018

============================================================
  paraboloid | seed=6042
============================================================

  --- baseline ---
      Epoch 100/500: loss=0.032700
      Epoch 200/500: loss=0.007000
      Epoch 300/500: loss=0.001369
      Epoch 400/500: loss=0.001315
      Epoch 500/500: loss=0.000785
    recon=0.000415
  Stage 2 epoch 100/300: loss=1.410018
  Stage 2 epoch 200/300: loss=1.144395
  Stage 2 epoch 300/300: loss=0.645301
  Stage 3 epoch 100/300: loss=0.279161
  Stage 3 epoch 200/300: loss=0.140373
  Stage 3 epoch 300/300: loss=0.141116
    r=0.5: GT=0.080 learned=0.210 err=162.9% exit=100%
    r=1.0: GT=0.219 learned=0.573 err=161.6% exit=95%
    r=2.0: GT=0.540 learned=0.887 err=64.1% exit=67%
    r=3.0: GT=0.730 learned=1.138 err=55.8% exit=37%
    W2@1.0=1.8298

  --- T ---
      Epoch 100/500: loss=0.072870
      Epoch 200/500: loss=0.022594
      Epoch 300/500: loss=0.032430
      Epoch 400/500: loss=0.013195
      Epoch 500/500: loss=0.011117
    recon=0.002567
  Stage 2 epoch 100/300: loss=0.717165
  Stage 2 epoch 200/300: loss=0.455584
  Stage 2 epoch 300/300: loss=0.246376
  Stage 3 epoch 100/300: loss=0.184105
  Stage 3 epoch 200/300: loss=0.102302
  Stage 3 epoch 300/300: loss=0.078095
    r=0.5: GT=0.080 learned=0.108 err=34.5% exit=100%
    r=1.0: GT=0.219 learned=0.313 err=43.1% exit=100%
    r=2.0: GT=0.540 learned=0.765 err=41.5% exit=92%
    r=3.0: GT=0.730 learned=0.975 err=33.6% exit=61%
    W2@1.0=1.3011

  --- F ---
      Epoch 100/500: loss=0.086789
      Epoch 200/500: loss=0.034028
      Epoch 300/500: loss=0.027202
      Epoch 400/500: loss=0.023500
      Epoch 500/500: loss=0.018416
    recon=0.015758
  Stage 2 epoch 100/300: loss=0.155380
  Stage 2 epoch 200/300: loss=0.132610
  Stage 2 epoch 300/300: loss=0.073842
  Stage 3 epoch 100/300: loss=1.434171
  Stage 3 epoch 200/300: loss=1.275745
  Stage 3 epoch 300/300: loss=1.583971
    r=0.5: GT=0.080 learned=0.076 err=5.6% exit=100%
    r=1.0: GT=0.219 learned=0.222 err=1.5% exit=100%
    r=2.0: GT=0.540 learned=0.698 err=29.1% exit=94%
    r=3.0: GT=0.730 learned=1.010 err=38.3% exit=64%
    W2@1.0=1.8315

  --- C ---
      Epoch 100/500: loss=0.044217
      Epoch 200/500: loss=0.041167
      Epoch 300/500: loss=0.034346
      Epoch 400/500: loss=0.037703
      Epoch 500/500: loss=0.036183
    recon=0.033475
  Stage 2 epoch 100/300: loss=0.180810
  Stage 2 epoch 200/300: loss=0.169223
  Stage 2 epoch 300/300: loss=0.182625
  Stage 3 epoch 100/300: loss=1.975280
  Stage 3 epoch 200/300: loss=1.833493
  Stage 3 epoch 300/300: loss=2.196057
    r=0.5: GT=0.080 learned=0.104 err=30.3% exit=100%
    r=1.0: GT=0.219 learned=0.340 err=55.1% exit=100%
    r=2.0: GT=0.540 learned=0.951 err=75.9% exit=66%
    r=3.0: GT=0.730 learned=1.123 err=53.8% exit=18%
    W2@1.0=2.1027

  --- T+F ---
      Epoch 100/500: loss=0.750806
      Epoch 200/500: loss=0.139407
      Epoch 300/500: loss=0.016684
      Epoch 400/500: loss=0.013618
      Epoch 500/500: loss=0.006823
    recon=0.000761
  Stage 2 epoch 100/300: loss=0.150395
  Stage 2 epoch 200/300: loss=0.170961
  Stage 2 epoch 300/300: loss=0.123980
  Stage 3 epoch 100/300: loss=0.084320
  Stage 3 epoch 200/300: loss=0.054684
  Stage 3 epoch 300/300: loss=0.046260
    r=0.5: GT=0.080 learned=0.129 err=61.4% exit=100%
    r=1.0: GT=0.219 learned=0.388 err=77.2% exit=100%
    r=2.0: GT=0.540 learned=0.759 err=40.4% exit=85%
    r=3.0: GT=0.730 learned=0.971 err=33.0% exit=67%
    W2@1.0=1.1877

============================================================
  paraboloid | seed=7042
============================================================

  --- baseline ---
      Epoch 100/500: loss=0.026957
      Epoch 200/500: loss=0.003907
      Epoch 300/500: loss=0.001419
      Epoch 400/500: loss=0.001082
      Epoch 500/500: loss=0.000433
    recon=0.000580
  Stage 2 epoch 100/300: loss=2.447508
  Stage 2 epoch 200/300: loss=2.359760
  Stage 2 epoch 300/300: loss=2.338398
  Stage 3 epoch 100/300: loss=0.172864
  Stage 3 epoch 200/300: loss=0.166903
  Stage 3 epoch 300/300: loss=0.122931
    r=0.5: GT=0.077 learned=0.071 err=8.1% exit=100%
    r=1.0: GT=0.225 learned=0.212 err=6.0% exit=100%
    r=2.0: GT=0.562 learned=0.666 err=18.5% exit=96%
    r=3.0: GT=0.775 learned=1.014 err=30.8% exit=64%
    W2@1.0=1.3716

  --- T ---
      Epoch 100/500: loss=0.091119
      Epoch 200/500: loss=0.011519
      Epoch 300/500: loss=0.009411
      Epoch 400/500: loss=0.002510
      Epoch 500/500: loss=0.001764
    recon=0.000446
  Stage 2 epoch 100/300: loss=1.041603
  Stage 2 epoch 200/300: loss=0.869508
  Stage 2 epoch 300/300: loss=0.579070
  Stage 3 epoch 100/300: loss=0.080963
  Stage 3 epoch 200/300: loss=0.043052
  Stage 3 epoch 300/300: loss=0.017376
    r=0.5: GT=0.077 learned=0.069 err=11.1% exit=100%
    r=1.0: GT=0.225 learned=0.209 err=7.1% exit=100%
    r=2.0: GT=0.562 learned=0.650 err=15.7% exit=96%
    r=3.0: GT=0.775 learned=0.961 err=23.9% exit=69%
    W2@1.0=1.3135

  --- F ---
      Epoch 100/500: loss=0.097870
      Epoch 200/500: loss=0.031772
      Epoch 300/500: loss=0.032686
      Epoch 400/500: loss=0.025165
      Epoch 500/500: loss=0.016997
    recon=0.011040
  Stage 2 epoch 100/300: loss=0.040239
  Stage 2 epoch 200/300: loss=0.039730
  Stage 2 epoch 300/300: loss=0.029554
  Stage 3 epoch 100/300: loss=0.920824
  Stage 3 epoch 200/300: loss=1.162132
  Stage 3 epoch 300/300: loss=1.181301
    r=0.5: GT=0.077 learned=0.062 err=19.1% exit=100%
    r=1.0: GT=0.225 learned=0.188 err=16.5% exit=100%
    r=2.0: GT=0.562 learned=0.602 err=7.0% exit=97%
    r=3.0: GT=0.775 learned=1.014 err=30.8% exit=69%
    W2@1.0=1.7864

  --- C ---
      Epoch 100/500: loss=0.041644
      Epoch 200/500: loss=0.034243
      Epoch 300/500: loss=0.036302
      Epoch 400/500: loss=0.033862
      Epoch 500/500: loss=0.033190
    recon=0.031981
  Stage 2 epoch 100/300: loss=0.110818
  Stage 2 epoch 200/300: loss=0.108721
  Stage 2 epoch 300/300: loss=0.092862
  Stage 3 epoch 100/300: loss=1.350371
  Stage 3 epoch 200/300: loss=1.660941
  Stage 3 epoch 300/300: loss=1.704604
    r=0.5: GT=0.077 learned=0.106 err=37.9% exit=100%
    r=1.0: GT=0.225 learned=0.379 err=68.1% exit=100%
    r=2.0: GT=0.562 learned=1.011 err=79.9% exit=63%
    r=3.0: GT=0.775 learned=1.142 err=47.3% exit=20%
    W2@1.0=2.0501

  --- T+F ---
      Epoch 100/500: loss=0.719275
      Epoch 200/500: loss=0.108473
      Epoch 300/500: loss=0.022586
      Epoch 400/500: loss=0.010565
      Epoch 500/500: loss=0.006401
    recon=0.000394
  Stage 2 epoch 100/300: loss=0.158878
  Stage 2 epoch 200/300: loss=0.145003
  Stage 2 epoch 300/300: loss=0.162626
  Stage 3 epoch 100/300: loss=0.055758
  Stage 3 epoch 200/300: loss=0.037475
  Stage 3 epoch 300/300: loss=0.026276
    r=0.5: GT=0.077 learned=0.067 err=12.7% exit=100%
    r=1.0: GT=0.225 learned=0.197 err=12.3% exit=100%
    r=2.0: GT=0.562 learned=0.513 err=8.8% exit=100%
    r=3.0: GT=0.775 learned=0.776 err=0.1% exit=93%
    W2@1.0=1.0217

============================================================
  paraboloid | seed=8042
============================================================

  --- baseline ---
      Epoch 100/500: loss=0.027103
      Epoch 200/500: loss=0.012461
      Epoch 300/500: loss=0.001703
      Epoch 400/500: loss=0.003206
      Epoch 500/500: loss=0.000429
    recon=0.000473
  Stage 2 epoch 100/300: loss=1.223915
  Stage 2 epoch 200/300: loss=0.659038
  Stage 2 epoch 300/300: loss=0.483175
  Stage 3 epoch 100/300: loss=0.170966
  Stage 3 epoch 200/300: loss=0.095653
  Stage 3 epoch 300/300: loss=0.086300
    r=0.5: GT=0.078 learned=0.065 err=16.3% exit=100%
    r=1.0: GT=0.233 learned=0.201 err=13.8% exit=100%
    r=2.0: GT=0.563 learned=0.629 err=11.6% exit=98%
    r=3.0: GT=0.779 learned=1.028 err=32.0% exit=69%
    W2@1.0=1.2910

  --- T ---
      Epoch 100/500: loss=0.031071
      Epoch 200/500: loss=0.007337
      Epoch 300/500: loss=0.006425
      Epoch 400/500: loss=0.004221
      Epoch 500/500: loss=0.002198
    recon=0.000457
  Stage 2 epoch 100/300: loss=3.117105
  Stage 2 epoch 200/300: loss=2.442002
  Stage 2 epoch 300/300: loss=2.516245
  Stage 3 epoch 100/300: loss=0.075539
  Stage 3 epoch 200/300: loss=0.028955
  Stage 3 epoch 300/300: loss=0.017235
    r=0.5: GT=0.078 learned=0.072 err=7.7% exit=100%
    r=1.0: GT=0.233 learned=0.230 err=1.3% exit=100%
    r=2.0: GT=0.563 learned=0.680 err=20.7% exit=95%
    r=3.0: GT=0.779 learned=1.015 err=30.3% exit=67%
    W2@1.0=1.3484

  --- F ---
      Epoch 100/500: loss=0.072064
      Epoch 200/500: loss=0.055336
      Epoch 300/500: loss=0.021730
      Epoch 400/500: loss=0.017526
      Epoch 500/500: loss=0.015494
    recon=0.013681
  Stage 2 epoch 100/300: loss=0.022285
  Stage 2 epoch 200/300: loss=0.017612
  Stage 2 epoch 300/300: loss=0.018736
  Stage 3 epoch 100/300: loss=0.987039
  Stage 3 epoch 200/300: loss=0.858833
  Stage 3 epoch 300/300: loss=0.923963
    r=0.5: GT=0.078 learned=0.086 err=10.5% exit=100%
    r=1.0: GT=0.233 learned=0.272 err=16.9% exit=100%
    r=2.0: GT=0.563 learned=0.757 err=34.5% exit=92%
    r=3.0: GT=0.779 learned=0.983 err=26.1% exit=67%
    W2@1.0=1.7590

  --- C ---
      Epoch 100/500: loss=0.064320
      Epoch 200/500: loss=0.040723
      Epoch 300/500: loss=0.030807
      Epoch 400/500: loss=0.031902
      Epoch 500/500: loss=0.029242
    recon=0.027078
  Stage 2 epoch 100/300: loss=0.977435
  Stage 2 epoch 200/300: loss=1.032198
  Stage 2 epoch 300/300: loss=1.075842
  Stage 3 epoch 100/300: loss=1.521746
  Stage 3 epoch 200/300: loss=1.421740
  Stage 3 epoch 300/300: loss=1.557303
    r=0.5: GT=0.078 learned=0.100 err=28.0% exit=100%
    r=1.0: GT=0.233 learned=0.376 err=61.8% exit=100%
    r=2.0: GT=0.563 learned=1.004 err=78.3% exit=58%
    r=3.0: GT=0.779 learned=1.198 err=53.8% exit=18%
    W2@1.0=2.0700

  --- T+F ---
      Epoch 100/500: loss=0.754189
      Epoch 200/500: loss=0.095587
      Epoch 300/500: loss=0.021934
      Epoch 400/500: loss=0.009461
      Epoch 500/500: loss=0.005914
    recon=0.000920
  Stage 2 epoch 100/300: loss=0.128405
  Stage 2 epoch 200/300: loss=0.120513
  Stage 2 epoch 300/300: loss=0.148883
  Stage 3 epoch 100/300: loss=0.080295
  Stage 3 epoch 200/300: loss=0.059077
  Stage 3 epoch 300/300: loss=0.059459
    r=0.5: GT=0.078 learned=0.152 err=95.5% exit=100%
    r=1.0: GT=0.233 learned=0.503 err=116.2% exit=97%
    r=2.0: GT=0.563 learned=0.856 err=52.0% exit=72%
    r=3.0: GT=0.779 learned=1.023 err=31.3% exit=54%
    W2@1.0=1.3906

============================================================
  paraboloid | seed=9042
============================================================

  --- baseline ---
      Epoch 100/500: loss=0.033402
      Epoch 200/500: loss=0.013047
      Epoch 300/500: loss=0.001565
      Epoch 400/500: loss=0.000540
      Epoch 500/500: loss=0.001035
    recon=0.000918
  Stage 2 epoch 100/300: loss=1.984526
  Stage 2 epoch 200/300: loss=1.618074
  Stage 2 epoch 300/300: loss=1.144478
  Stage 3 epoch 100/300: loss=0.165490
  Stage 3 epoch 200/300: loss=0.114024
  Stage 3 epoch 300/300: loss=0.120488
    r=0.5: GT=0.079 learned=0.114 err=44.7% exit=100%
    r=1.0: GT=0.219 learned=0.364 err=65.9% exit=100%
    r=2.0: GT=0.577 learned=0.875 err=51.5% exit=78%
    r=3.0: GT=0.802 learned=1.057 err=31.7% exit=41%
    W2@1.0=1.5834

  --- T ---
      Epoch 100/500: loss=0.065183
      Epoch 200/500: loss=0.008698
      Epoch 300/500: loss=0.006668
      Epoch 400/500: loss=0.005994
      Epoch 500/500: loss=0.001749
    recon=0.000482
  Stage 2 epoch 100/300: loss=0.898892
  Stage 2 epoch 200/300: loss=0.597556
  Stage 2 epoch 300/300: loss=0.308386
  Stage 3 epoch 100/300: loss=0.123992
  Stage 3 epoch 200/300: loss=0.062197
  Stage 3 epoch 300/300: loss=0.031024
    r=0.5: GT=0.079 learned=0.108 err=36.1% exit=100%
    r=1.0: GT=0.219 learned=0.352 err=60.4% exit=100%
    r=2.0: GT=0.577 learned=0.828 err=43.5% exit=83%
    r=3.0: GT=0.802 learned=1.031 err=28.5% exit=44%
    W2@1.0=1.4862

  --- F ---
      Epoch 100/500: loss=0.086857
      Epoch 200/500: loss=0.035192
      Epoch 300/500: loss=0.030821
      Epoch 400/500: loss=0.021364
      Epoch 500/500: loss=0.016916
    recon=0.015822
  Stage 2 epoch 100/300: loss=0.128745
  Stage 2 epoch 200/300: loss=0.123978
  Stage 2 epoch 300/300: loss=0.131921
  Stage 3 epoch 100/300: loss=0.882115
  Stage 3 epoch 200/300: loss=0.988103
  Stage 3 epoch 300/300: loss=1.201826
    r=0.5: GT=0.079 learned=0.131 err=65.9% exit=100%
    r=1.0: GT=0.219 learned=0.401 err=82.6% exit=100%
    r=2.0: GT=0.577 learned=0.809 err=40.1% exit=83%
    r=3.0: GT=0.802 learned=1.041 err=29.7% exit=55%
    W2@1.0=1.5977

  --- C ---
      Epoch 100/500: loss=0.042727
      Epoch 200/500: loss=0.038778
      Epoch 300/500: loss=0.040122
      Epoch 400/500: loss=0.033445
      Epoch 500/500: loss=0.033771
    recon=0.033753
  Stage 2 epoch 100/300: loss=0.444403
  Stage 2 epoch 200/300: loss=0.512323
  Stage 2 epoch 300/300: loss=0.454851
  Stage 3 epoch 100/300: loss=1.629388
  Stage 3 epoch 200/300: loss=1.867229
  Stage 3 epoch 300/300: loss=2.195336
    r=0.5: GT=0.079 learned=0.093 err=17.1% exit=100%
    r=1.0: GT=0.219 learned=0.327 err=49.2% exit=100%
    r=2.0: GT=0.577 learned=0.919 err=59.2% exit=79%
    r=3.0: GT=0.802 learned=1.224 err=52.5% exit=25%
    W2@1.0=2.0480

  --- T+F ---
      Epoch 100/500: loss=0.711086
      Epoch 200/500: loss=0.051244
      Epoch 300/500: loss=0.017779
      Epoch 400/500: loss=0.012066
      Epoch 500/500: loss=0.007931
    recon=0.000752
  Stage 2 epoch 100/300: loss=0.205141
  Stage 2 epoch 200/300: loss=0.221577
  Stage 2 epoch 300/300: loss=0.309798
  Stage 3 epoch 100/300: loss=0.101192
  Stage 3 epoch 200/300: loss=0.074081
  Stage 3 epoch 300/300: loss=0.073193
    r=0.5: GT=0.079 learned=0.110 err=39.5% exit=100%
    r=1.0: GT=0.219 learned=0.343 err=56.4% exit=100%
    r=2.0: GT=0.577 learned=0.785 err=35.9% exit=86%
    r=3.0: GT=0.802 learned=0.993 err=23.8% exit=66%
    W2@1.0=1.0113

============================================================
  hyperbolic_paraboloid | seed=42
============================================================

  --- baseline ---
      Epoch 100/500: loss=0.027322
      Epoch 200/500: loss=0.003631
      Epoch 300/500: loss=0.002094
      Epoch 400/500: loss=0.000756
      Epoch 500/500: loss=0.000648
    recon=0.000759
  Stage 2 epoch 100/300: loss=0.775878
  Stage 2 epoch 200/300: loss=0.616108
  Stage 2 epoch 300/300: loss=0.498201
  Stage 3 epoch 100/300: loss=0.193269
  Stage 3 epoch 200/300: loss=0.153742
  Stage 3 epoch 300/300: loss=0.142351
    r=0.5: GT=0.076 learned=0.082 err=8.2% exit=100%
    r=1.0: GT=0.248 learned=0.299 err=20.6% exit=100%
    r=2.0: GT=0.652 learned=0.918 err=40.8% exit=79%
    r=3.0: GT=0.853 learned=1.205 err=41.2% exit=18%
    W2@1.0=1.4123

  --- T ---
      Epoch 100/500: loss=0.294829
      Epoch 200/500: loss=0.026708
      Epoch 300/500: loss=0.017476
      Epoch 400/500: loss=0.009120
      Epoch 500/500: loss=0.012650
    recon=0.003126
  Stage 2 epoch 100/300: loss=1.206919
  Stage 2 epoch 200/300: loss=0.836801
  Stage 2 epoch 300/300: loss=0.597726
  Stage 3 epoch 100/300: loss=0.208782
  Stage 3 epoch 200/300: loss=0.106020
  Stage 3 epoch 300/300: loss=0.081200
    r=0.5: GT=0.076 learned=0.123 err=62.6% exit=100%
    r=1.0: GT=0.248 learned=0.418 err=68.5% exit=100%
    r=2.0: GT=0.652 learned=1.046 err=60.4% exit=62%
    r=3.0: GT=0.853 learned=1.244 err=45.7% exit=11%
    W2@1.0=1.5146

  --- F ---
      Epoch 100/500: loss=0.093717
      Epoch 200/500: loss=0.039114
      Epoch 300/500: loss=0.035081
      Epoch 400/500: loss=0.028070
      Epoch 500/500: loss=0.034611
    recon=0.024593
  Stage 2 epoch 100/300: loss=0.010720
  Stage 2 epoch 200/300: loss=0.008605
  Stage 2 epoch 300/300: loss=0.007351
  Stage 3 epoch 100/300: loss=1.625389
  Stage 3 epoch 200/300: loss=1.739796
  Stage 3 epoch 300/300: loss=1.767891
    r=0.5: GT=0.076 learned=0.098 err=29.5% exit=100%
    r=1.0: GT=0.248 learned=0.313 err=26.0% exit=100%
    r=2.0: GT=0.652 learned=0.934 err=43.2% exit=88%
    r=3.0: GT=0.853 learned=1.223 err=43.2% exit=48%
    W2@1.0=1.6738

  --- C ---
      Epoch 100/500: loss=0.047590
      Epoch 200/500: loss=0.040262
      Epoch 300/500: loss=0.038850
      Epoch 400/500: loss=0.036359
      Epoch 500/500: loss=0.039625
    recon=0.035342
  Stage 2 epoch 100/300: loss=0.775963
  Stage 2 epoch 200/300: loss=0.776440
  Stage 2 epoch 300/300: loss=0.813008
  Stage 3 epoch 100/300: loss=1.757833
  Stage 3 epoch 200/300: loss=1.886494
  Stage 3 epoch 300/300: loss=1.909369
    r=0.5: GT=0.076 learned=0.100 err=32.1% exit=100%
    r=1.0: GT=0.248 learned=0.332 err=33.8% exit=100%
    r=2.0: GT=0.652 learned=1.005 err=54.1% exit=76%
    r=3.0: GT=0.853 learned=1.244 err=45.8% exit=25%
    W2@1.0=1.7314

  --- T+F ---
      Epoch 100/500: loss=0.796809
      Epoch 200/500: loss=0.329840
      Epoch 300/500: loss=0.206720
      Epoch 400/500: loss=0.199937
      Epoch 500/500: loss=0.167765
    recon=0.041577
  Stage 2 epoch 100/300: loss=0.435066
  Stage 2 epoch 200/300: loss=0.329178
  Stage 2 epoch 300/300: loss=0.257208
  Stage 3 epoch 100/300: loss=0.588089
  Stage 3 epoch 200/300: loss=0.366527
  Stage 3 epoch 300/300: loss=0.299419
    r=0.5: GT=0.076 learned=0.078 err=3.3% exit=100%
    r=1.0: GT=0.248 learned=0.248 err=0.2% exit=100%
    r=2.0: GT=0.652 learned=0.668 err=2.5% exit=94%
    r=3.0: GT=0.853 learned=0.942 err=10.4% exit=71%
    W2@1.0=1.4357

============================================================
  hyperbolic_paraboloid | seed=1042
============================================================

  --- baseline ---
      Epoch 100/500: loss=0.027753
      Epoch 200/500: loss=0.003160
      Epoch 300/500: loss=0.001224
      Epoch 400/500: loss=0.000872
      Epoch 500/500: loss=0.001413
    recon=0.001087
  Stage 2 epoch 100/300: loss=0.520860
  Stage 2 epoch 200/300: loss=0.502850
  Stage 2 epoch 300/300: loss=0.313809
  Stage 3 epoch 100/300: loss=0.138430
  Stage 3 epoch 200/300: loss=0.117071
  Stage 3 epoch 300/300: loss=0.114827
    r=0.5: GT=0.082 learned=0.132 err=60.1% exit=100%
    r=1.0: GT=0.258 learned=0.442 err=71.4% exit=98%
    r=2.0: GT=0.657 learned=0.993 err=51.2% exit=49%
    r=3.0: GT=0.860 learned=1.164 err=35.4% exit=7%
    W2@1.0=1.4947

  --- T ---
      Epoch 100/500: loss=0.131456
      Epoch 200/500: loss=0.082605
      Epoch 300/500: loss=0.066694
      Epoch 400/500: loss=0.052786
      Epoch 500/500: loss=0.040924
    recon=0.022081
  Stage 2 epoch 100/300: loss=3.142920
  Stage 2 epoch 200/300: loss=1.215120
  Stage 2 epoch 300/300: loss=0.592769
  Stage 3 epoch 100/300: loss=0.448509
  Stage 3 epoch 200/300: loss=0.482178
  Stage 3 epoch 300/300: loss=0.456939
    r=0.5: GT=0.082 learned=0.066 err=20.2% exit=100%
    r=1.0: GT=0.258 learned=0.192 err=25.5% exit=100%
    r=2.0: GT=0.657 learned=0.670 err=1.9% exit=90%
    r=3.0: GT=0.860 learned=1.007 err=17.1% exit=27%
    W2@1.0=1.6834

  --- F ---
      Epoch 100/500: loss=0.109728
      Epoch 200/500: loss=0.042149
      Epoch 300/500: loss=0.032957
      Epoch 400/500: loss=0.027752
      Epoch 500/500: loss=0.021531
    recon=0.019591
  Stage 2 epoch 100/300: loss=0.032489
  Stage 2 epoch 200/300: loss=0.022889
  Stage 2 epoch 300/300: loss=0.021717
  Stage 3 epoch 100/300: loss=0.949336
  Stage 3 epoch 200/300: loss=0.950494
  Stage 3 epoch 300/300: loss=1.009840
    r=0.5: GT=0.082 learned=0.077 err=6.8% exit=100%
    r=1.0: GT=0.258 learned=0.249 err=3.3% exit=100%
    r=2.0: GT=0.657 learned=0.806 err=22.8% exit=91%
    r=3.0: GT=0.860 learned=1.229 err=42.9% exit=48%
    W2@1.0=1.5786

  --- C ---
      Epoch 100/500: loss=0.038888
      Epoch 200/500: loss=0.033748
      Epoch 300/500: loss=0.040518
      Epoch 400/500: loss=0.031346
      Epoch 500/500: loss=0.030457
    recon=0.029741
  Stage 2 epoch 100/300: loss=0.266713
  Stage 2 epoch 200/300: loss=0.241992
  Stage 2 epoch 300/300: loss=0.261731
  Stage 3 epoch 100/300: loss=1.088641
  Stage 3 epoch 200/300: loss=1.110369
  Stage 3 epoch 300/300: loss=1.161547
    r=0.5: GT=0.082 learned=0.097 err=18.1% exit=100%
    r=1.0: GT=0.258 learned=0.334 err=29.4% exit=100%
    r=2.0: GT=0.657 learned=0.868 err=32.1% exit=76%
    r=3.0: GT=0.860 learned=1.151 err=33.9% exit=32%
    W2@1.0=1.7091

  --- T+F ---
      Epoch 100/500: loss=0.809423
      Epoch 200/500: loss=0.698212
      Epoch 300/500: loss=0.353526
      Epoch 400/500: loss=0.207114
      Epoch 500/500: loss=0.242710
    recon=0.042713
  Stage 2 epoch 100/300: loss=0.408154
  Stage 2 epoch 200/300: loss=0.330924
  Stage 2 epoch 300/300: loss=0.253440
  Stage 3 epoch 100/300: loss=0.259985
  Stage 3 epoch 200/300: loss=0.202578
  Stage 3 epoch 300/300: loss=0.162678
    r=0.5: GT=0.082 learned=0.081 err=1.7% exit=100%
    r=1.0: GT=0.258 learned=0.264 err=2.2% exit=100%
    r=2.0: GT=0.657 learned=0.691 err=5.2% exit=92%
    r=3.0: GT=0.860 learned=0.932 err=8.4% exit=66%
    W2@1.0=1.5285

============================================================
  hyperbolic_paraboloid | seed=2042
============================================================

  --- baseline ---
      Epoch 100/500: loss=0.027441
      Epoch 200/500: loss=0.002573
      Epoch 300/500: loss=0.001895
      Epoch 400/500: loss=0.000758
      Epoch 500/500: loss=0.000373
    recon=0.000450
  Stage 2 epoch 100/300: loss=0.712902
  Stage 2 epoch 200/300: loss=0.635037
  Stage 2 epoch 300/300: loss=0.644285
  Stage 3 epoch 100/300: loss=0.131558
  Stage 3 epoch 200/300: loss=0.128191
  Stage 3 epoch 300/300: loss=0.117243
    r=0.5: GT=0.076 learned=0.102 err=34.6% exit=100%
    r=1.0: GT=0.244 learned=0.392 err=60.4% exit=99%
    r=2.0: GT=0.652 learned=0.997 err=52.8% exit=59%
    r=3.0: GT=0.872 learned=1.200 err=37.6% exit=12%
    W2@1.0=1.5542

  --- T ---
      Epoch 100/500: loss=0.301853
      Epoch 200/500: loss=0.115307
      Epoch 300/500: loss=0.080792
      Epoch 400/500: loss=0.066918
      Epoch 500/500: loss=0.060829
    recon=0.029827
  Stage 2 epoch 100/300: loss=4.884590
  Stage 2 epoch 200/300: loss=1.397288
  Stage 2 epoch 300/300: loss=0.531914
  Stage 3 epoch 100/300: loss=0.561556
  Stage 3 epoch 200/300: loss=0.231018
  Stage 3 epoch 300/300: loss=0.151459
    r=0.5: GT=0.076 learned=0.063 err=17.2% exit=100%
    r=1.0: GT=0.244 learned=0.195 err=20.2% exit=100%
    r=2.0: GT=0.652 learned=0.606 err=7.0% exit=57%
    r=3.0: GT=0.872 learned=0.716 err=18.0% exit=13%
    W2@1.0=1.8312

  --- F ---
      Epoch 100/500: loss=0.081099
      Epoch 200/500: loss=0.051280
      Epoch 300/500: loss=0.030119
      Epoch 400/500: loss=0.028060
      Epoch 500/500: loss=0.017921
    recon=0.013502
  Stage 2 epoch 100/300: loss=0.037381
  Stage 2 epoch 200/300: loss=0.032478
  Stage 2 epoch 300/300: loss=0.026484
  Stage 3 epoch 100/300: loss=1.008642
  Stage 3 epoch 200/300: loss=1.075987
  Stage 3 epoch 300/300: loss=1.077344
    r=0.5: GT=0.076 learned=0.065 err=14.3% exit=100%
    r=1.0: GT=0.244 learned=0.223 err=8.6% exit=100%
    r=2.0: GT=0.652 learned=0.708 err=8.6% exit=96%
    r=3.0: GT=0.872 learned=1.096 err=25.6% exit=59%
    W2@1.0=1.3961

  --- C ---
      Epoch 100/500: loss=0.042115
      Epoch 200/500: loss=0.034641
      Epoch 300/500: loss=0.035154
      Epoch 400/500: loss=0.033483
      Epoch 500/500: loss=0.034973
    recon=0.032126
  Stage 2 epoch 100/300: loss=0.482480
  Stage 2 epoch 200/300: loss=0.493665
  Stage 2 epoch 300/300: loss=0.462344
  Stage 3 epoch 100/300: loss=1.484004
  Stage 3 epoch 200/300: loss=1.648776
  Stage 3 epoch 300/300: loss=1.671680
    r=0.5: GT=0.076 learned=0.106 err=39.9% exit=100%
    r=1.0: GT=0.244 learned=0.366 err=49.7% exit=100%
    r=2.0: GT=0.652 learned=1.008 err=54.6% exit=72%
    r=3.0: GT=0.872 learned=1.229 err=40.9% exit=22%
    W2@1.0=1.7200

  --- T+F ---
      Epoch 100/500: loss=0.816130
      Epoch 200/500: loss=0.811307
      Epoch 300/500: loss=0.374978
      Epoch 400/500: loss=0.275635
      Epoch 500/500: loss=0.310889
    recon=0.048222
  Stage 2 epoch 100/300: loss=0.372352
  Stage 2 epoch 200/300: loss=0.210145
  Stage 2 epoch 300/300: loss=0.184733
  Stage 3 epoch 100/300: loss=0.868494
  Stage 3 epoch 200/300: loss=0.986759
  Stage 3 epoch 300/300: loss=0.960307
    r=0.5: GT=0.076 learned=0.091 err=20.9% exit=100%
    r=1.0: GT=0.244 learned=0.294 err=20.3% exit=100%
    r=2.0: GT=0.652 learned=0.710 err=8.9% exit=92%
    r=3.0: GT=0.872 learned=1.000 err=14.6% exit=75%
    W2@1.0=1.4778

============================================================
  hyperbolic_paraboloid | seed=3042
============================================================

  --- baseline ---
      Epoch 100/500: loss=0.024640
      Epoch 200/500: loss=0.002580
      Epoch 300/500: loss=0.000942
      Epoch 400/500: loss=0.000907
      Epoch 500/500: loss=0.000942
    recon=0.000800
  Stage 2 epoch 100/300: loss=0.850989
  Stage 2 epoch 200/300: loss=0.592319
  Stage 2 epoch 300/300: loss=0.418631
  Stage 3 epoch 100/300: loss=0.279247
  Stage 3 epoch 200/300: loss=0.216957
  Stage 3 epoch 300/300: loss=0.110574
    r=0.5: GT=0.082 learned=0.123 err=50.9% exit=100%
    r=1.0: GT=0.242 learned=0.478 err=97.7% exit=98%
    r=2.0: GT=0.636 learned=0.957 err=50.5% exit=47%
    r=3.0: GT=0.873 learned=1.191 err=36.4% exit=14%
    W2@1.0=1.6857

  --- T ---
      Epoch 100/500: loss=0.366527
      Epoch 200/500: loss=0.100946
      Epoch 300/500: loss=0.089327
      Epoch 400/500: loss=0.050315
      Epoch 500/500: loss=0.046615
    recon=0.021037
  Stage 2 epoch 100/300: loss=8.334398
  Stage 2 epoch 200/300: loss=3.624879
  Stage 2 epoch 300/300: loss=2.658406
  Stage 3 epoch 100/300: loss=0.281811
  Stage 3 epoch 200/300: loss=0.165031
  Stage 3 epoch 300/300: loss=0.120806
    r=0.5: GT=0.082 learned=0.050 err=38.8% exit=98%
    r=1.0: GT=0.242 learned=0.141 err=41.8% exit=77%
    r=2.0: GT=0.636 learned=0.378 err=40.5% exit=19%
    r=3.0: GT=0.873 learned=0.434 err=50.3% exit=6%
    W2@1.0=1.9156

  --- F ---
      Epoch 100/500: loss=0.070519
      Epoch 200/500: loss=0.034078
      Epoch 300/500: loss=0.032347
      Epoch 400/500: loss=0.022042
      Epoch 500/500: loss=0.007809
    recon=0.005966
  Stage 2 epoch 100/300: loss=0.076198
  Stage 2 epoch 200/300: loss=0.063242
  Stage 2 epoch 300/300: loss=0.062474
  Stage 3 epoch 100/300: loss=0.910241
  Stage 3 epoch 200/300: loss=0.712693
  Stage 3 epoch 300/300: loss=0.606689
    r=0.5: GT=0.082 learned=0.116 err=41.6% exit=100%
    r=1.0: GT=0.242 learned=0.379 err=56.9% exit=100%
    r=2.0: GT=0.636 learned=0.836 err=31.4% exit=86%
    r=3.0: GT=0.873 learned=1.085 err=24.2% exit=54%
    W2@1.0=1.3840

  --- C ---
      Epoch 100/500: loss=0.072465
      Epoch 200/500: loss=0.037775
      Epoch 300/500: loss=0.035242
      Epoch 400/500: loss=0.033474
      Epoch 500/500: loss=0.034195
    recon=0.033339
  Stage 2 epoch 100/300: loss=0.415335
  Stage 2 epoch 200/300: loss=0.459896
  Stage 2 epoch 300/300: loss=0.418598
  Stage 3 epoch 100/300: loss=2.374727
  Stage 3 epoch 200/300: loss=2.051621
  Stage 3 epoch 300/300: loss=1.819170
    r=0.5: GT=0.082 learned=0.099 err=21.1% exit=100%
    r=1.0: GT=0.242 learned=0.357 err=47.7% exit=100%
    r=2.0: GT=0.636 learned=1.017 err=59.9% exit=77%
    r=3.0: GT=0.873 learned=1.300 err=48.8% exit=25%
    W2@1.0=1.8709

  --- T+F ---
      Epoch 100/500: loss=0.832909
      Epoch 200/500: loss=0.785987
      Epoch 300/500: loss=0.628054
      Epoch 400/500: loss=0.299153
      Epoch 500/500: loss=0.170495
    recon=0.021625
  Stage 2 epoch 100/300: loss=2.124247
  Stage 2 epoch 200/300: loss=1.573867
  Stage 2 epoch 300/300: loss=1.388393
  Stage 3 epoch 100/300: loss=0.353106
  Stage 3 epoch 200/300: loss=0.256204
  Stage 3 epoch 300/300: loss=0.228261
    r=0.5: GT=0.082 learned=0.084 err=3.2% exit=100%
    r=1.0: GT=0.242 learned=0.345 err=42.8% exit=100%
    r=2.0: GT=0.636 learned=0.884 err=39.1% exit=72%
    r=3.0: GT=0.873 learned=1.136 err=30.1% exit=31%
    W2@1.0=1.4880

============================================================
  hyperbolic_paraboloid | seed=4042
============================================================

  --- baseline ---
      Epoch 100/500: loss=0.028831
      Epoch 200/500: loss=0.002612
      Epoch 300/500: loss=0.001278
      Epoch 400/500: loss=0.000718
      Epoch 500/500: loss=0.000651
    recon=0.000746
  Stage 2 epoch 100/300: loss=0.596443
  Stage 2 epoch 200/300: loss=0.494703
  Stage 2 epoch 300/300: loss=0.393955
  Stage 3 epoch 100/300: loss=0.118322
  Stage 3 epoch 200/300: loss=0.099785
  Stage 3 epoch 300/300: loss=0.076709
    r=0.5: GT=0.077 learned=0.114 err=47.6% exit=100%
    r=1.0: GT=0.243 learned=0.459 err=89.0% exit=99%
    r=2.0: GT=0.625 learned=0.979 err=56.6% exit=54%
    r=3.0: GT=0.874 learned=1.313 err=50.3% exit=10%
    W2@1.0=1.6182

  --- T ---
      Epoch 100/500: loss=0.454576
      Epoch 200/500: loss=0.194746
      Epoch 300/500: loss=0.012036
      Epoch 400/500: loss=0.004672
      Epoch 500/500: loss=0.002825
    recon=0.000678
  Stage 2 epoch 100/300: loss=0.547495
  Stage 2 epoch 200/300: loss=0.449391
  Stage 2 epoch 300/300: loss=0.328863
  Stage 3 epoch 100/300: loss=0.067115
  Stage 3 epoch 200/300: loss=0.051063
  Stage 3 epoch 300/300: loss=0.038179
    r=0.5: GT=0.077 learned=0.125 err=61.7% exit=100%
    r=1.0: GT=0.243 learned=0.475 err=95.6% exit=98%
    r=2.0: GT=0.625 learned=0.946 err=51.2% exit=58%
    r=3.0: GT=0.874 learned=1.113 err=27.3% exit=25%
    W2@1.0=1.5196

  --- F ---
      Epoch 100/500: loss=0.083710
      Epoch 200/500: loss=0.031460
      Epoch 300/500: loss=0.032557
      Epoch 400/500: loss=0.019977
      Epoch 500/500: loss=0.007109
    recon=0.004698
  Stage 2 epoch 100/300: loss=0.047116
  Stage 2 epoch 200/300: loss=0.045335
  Stage 2 epoch 300/300: loss=0.038530
  Stage 3 epoch 100/300: loss=0.476768
  Stage 3 epoch 200/300: loss=0.416238
  Stage 3 epoch 300/300: loss=0.393020
    r=0.5: GT=0.077 learned=0.065 err=16.0% exit=100%
    r=1.0: GT=0.243 learned=0.220 err=9.5% exit=100%
    r=2.0: GT=0.625 learned=0.631 err=1.0% exit=98%
    r=3.0: GT=0.874 learned=1.024 err=17.2% exit=74%
    W2@1.0=1.3483

  --- C ---
      Epoch 100/500: loss=0.048591
      Epoch 200/500: loss=0.037447
      Epoch 300/500: loss=0.037165
      Epoch 400/500: loss=0.034690
      Epoch 500/500: loss=0.033517
    recon=0.032500
  Stage 2 epoch 100/300: loss=0.632510
  Stage 2 epoch 200/300: loss=0.574710
  Stage 2 epoch 300/300: loss=0.637170
  Stage 3 epoch 100/300: loss=1.469703
  Stage 3 epoch 200/300: loss=1.399132
  Stage 3 epoch 300/300: loss=1.342045
    r=0.5: GT=0.077 learned=0.093 err=19.6% exit=100%
    r=1.0: GT=0.243 learned=0.316 err=30.1% exit=100%
    r=2.0: GT=0.625 learned=0.893 err=42.9% exit=86%
    r=3.0: GT=0.874 learned=1.148 err=31.3% exit=41%
    W2@1.0=1.8201

  --- T+F ---
      Epoch 100/500: loss=0.821294
      Epoch 200/500: loss=0.750026
      Epoch 300/500: loss=0.449170
      Epoch 400/500: loss=0.238260
      Epoch 500/500: loss=0.254860
    recon=0.044652
  Stage 2 epoch 100/300: loss=0.576936
  Stage 2 epoch 200/300: loss=0.500440
  Stage 2 epoch 300/300: loss=0.532171
  Stage 3 epoch 100/300: loss=0.487017
  Stage 3 epoch 200/300: loss=0.385497
  Stage 3 epoch 300/300: loss=0.355152
    r=0.5: GT=0.077 learned=0.105 err=36.0% exit=100%
    r=1.0: GT=0.243 learned=0.377 err=55.2% exit=99%
    r=2.0: GT=0.625 learned=0.827 err=32.3% exit=82%
    r=3.0: GT=0.874 learned=0.973 err=11.4% exit=53%
    W2@1.0=1.4641

============================================================
  hyperbolic_paraboloid | seed=5042
============================================================

  --- baseline ---
      Epoch 100/500: loss=0.029020
      Epoch 200/500: loss=0.004173
      Epoch 300/500: loss=0.001521
      Epoch 400/500: loss=0.001208
      Epoch 500/500: loss=0.000791
    recon=0.000733
  Stage 2 epoch 100/300: loss=0.469892
  Stage 2 epoch 200/300: loss=0.304228
  Stage 2 epoch 300/300: loss=0.160543
  Stage 3 epoch 100/300: loss=0.171008
  Stage 3 epoch 200/300: loss=0.134188
  Stage 3 epoch 300/300: loss=0.138799
    r=0.5: GT=0.075 learned=0.071 err=5.5% exit=100%
    r=1.0: GT=0.223 learned=0.251 err=12.6% exit=100%
    r=2.0: GT=0.638 learned=0.830 err=30.0% exit=84%
    r=3.0: GT=0.867 learned=1.248 err=43.8% exit=17%
    W2@1.0=1.1387

  --- T ---
      Epoch 100/500: loss=0.316638
      Epoch 200/500: loss=0.097502
      Epoch 300/500: loss=0.123626
      Epoch 400/500: loss=0.087527
      Epoch 500/500: loss=0.041032
    recon=0.018936
  Stage 2 epoch 100/300: loss=0.389638
  Stage 2 epoch 200/300: loss=0.263924
  Stage 2 epoch 300/300: loss=0.267600
  Stage 3 epoch 100/300: loss=0.393752
  Stage 3 epoch 200/300: loss=0.303700
  Stage 3 epoch 300/300: loss=0.236595
    r=0.5: GT=0.075 learned=0.060 err=20.2% exit=100%
    r=1.0: GT=0.223 learned=0.194 err=12.9% exit=96%
    r=2.0: GT=0.638 learned=0.814 err=27.6% exit=37%
    r=3.0: GT=0.867 learned=0.973 err=12.1% exit=5%
    W2@1.0=1.3658

  --- F ---
      Epoch 100/500: loss=0.083219
      Epoch 200/500: loss=0.033075
      Epoch 300/500: loss=0.034933
      Epoch 400/500: loss=0.032367
      Epoch 500/500: loss=0.025439
    recon=0.025936
  Stage 2 epoch 100/300: loss=0.003248
  Stage 2 epoch 200/300: loss=0.002100
  Stage 2 epoch 300/300: loss=0.001800
  Stage 3 epoch 100/300: loss=1.447520
  Stage 3 epoch 200/300: loss=1.425853
  Stage 3 epoch 300/300: loss=1.733214
    r=0.5: GT=0.075 learned=0.076 err=1.3% exit=100%
    r=1.0: GT=0.223 learned=0.271 err=21.5% exit=100%
    r=2.0: GT=0.638 learned=0.841 err=31.9% exit=88%
    r=3.0: GT=0.867 learned=1.146 err=32.1% exit=48%
    W2@1.0=1.6194

  --- C ---
      Epoch 100/500: loss=0.041734
      Epoch 200/500: loss=0.035923
      Epoch 300/500: loss=0.038904
      Epoch 400/500: loss=0.037020
      Epoch 500/500: loss=0.035534
    recon=0.033805
  Stage 2 epoch 100/300: loss=0.424196
  Stage 2 epoch 200/300: loss=0.411495
  Stage 2 epoch 300/300: loss=0.492886
  Stage 3 epoch 100/300: loss=1.530194
  Stage 3 epoch 200/300: loss=1.510615
  Stage 3 epoch 300/300: loss=1.829393
    r=0.5: GT=0.075 learned=0.091 err=20.7% exit=100%
    r=1.0: GT=0.223 learned=0.323 err=45.1% exit=100%
    r=2.0: GT=0.638 learned=0.958 err=50.1% exit=76%
    r=3.0: GT=0.867 learned=1.217 err=40.2% exit=30%
    W2@1.0=1.6594

  --- T+F ---
      Epoch 100/500: loss=0.856369
      Epoch 200/500: loss=0.123621
      Epoch 300/500: loss=0.019820
      Epoch 400/500: loss=0.010021
      Epoch 500/500: loss=0.008503
    recon=0.000584
  Stage 2 epoch 100/300: loss=0.106766
  Stage 2 epoch 200/300: loss=0.062312
  Stage 2 epoch 300/300: loss=0.067460
  Stage 3 epoch 100/300: loss=0.089409
  Stage 3 epoch 200/300: loss=0.033266
  Stage 3 epoch 300/300: loss=0.027957
    r=0.5: GT=0.075 learned=0.075 err=0.8% exit=100%
    r=1.0: GT=0.223 learned=0.233 err=4.6% exit=100%
    r=2.0: GT=0.638 learned=0.683 err=7.1% exit=98%
    r=3.0: GT=0.867 learned=0.972 err=12.1% exit=79%
    W2@1.0=0.7317

============================================================
  hyperbolic_paraboloid | seed=6042
============================================================

  --- baseline ---
      Epoch 100/500: loss=0.023648
      Epoch 200/500: loss=0.002293
      Epoch 300/500: loss=0.001204
      Epoch 400/500: loss=0.000619
      Epoch 500/500: loss=0.000288
    recon=0.000337
  Stage 2 epoch 100/300: loss=0.622283
  Stage 2 epoch 200/300: loss=0.536801
  Stage 2 epoch 300/300: loss=0.251706
  Stage 3 epoch 100/300: loss=0.106201
  Stage 3 epoch 200/300: loss=0.112073
  Stage 3 epoch 300/300: loss=0.091882
    r=0.5: GT=0.080 learned=0.151 err=88.9% exit=100%
    r=1.0: GT=0.231 learned=0.483 err=108.7% exit=98%
    r=2.0: GT=0.592 learned=0.965 err=63.0% exit=47%
    r=3.0: GT=0.825 learned=1.127 err=36.5% exit=5%
    W2@1.0=1.5725

  --- T ---
      Epoch 100/500: loss=0.171626
      Epoch 200/500: loss=0.101227
      Epoch 300/500: loss=0.063421
      Epoch 400/500: loss=0.061234
      Epoch 500/500: loss=0.064462
    recon=0.028760
  Stage 2 epoch 100/300: loss=0.405521
  Stage 2 epoch 200/300: loss=0.305201
  Stage 2 epoch 300/300: loss=0.211720
  Stage 3 epoch 100/300: loss=0.669336
  Stage 3 epoch 200/300: loss=0.301416
  Stage 3 epoch 300/300: loss=0.150059
    r=0.5: GT=0.080 learned=0.057 err=28.7% exit=96%
    r=1.0: GT=0.231 learned=0.224 err=3.3% exit=82%
    r=2.0: GT=0.592 learned=0.704 err=18.9% exit=32%
    r=3.0: GT=0.825 learned=1.005 err=21.8% exit=9%
    W2@1.0=1.5077

  --- F ---
      Epoch 100/500: loss=0.085301
      Epoch 200/500: loss=0.041287
      Epoch 300/500: loss=0.028579
      Epoch 400/500: loss=0.020648
      Epoch 500/500: loss=0.011587
    recon=0.008031
  Stage 2 epoch 100/300: loss=0.064930
  Stage 2 epoch 200/300: loss=0.063028
  Stage 2 epoch 300/300: loss=0.048827
  Stage 3 epoch 100/300: loss=0.746551
  Stage 3 epoch 200/300: loss=0.910204
  Stage 3 epoch 300/300: loss=0.714009
    r=0.5: GT=0.080 learned=0.070 err=12.5% exit=100%
    r=1.0: GT=0.231 learned=0.214 err=7.4% exit=100%
    r=2.0: GT=0.592 learned=0.688 err=16.2% exit=96%
    r=3.0: GT=0.825 learned=0.971 err=17.6% exit=63%
    W2@1.0=1.2020

  --- C ---
      Epoch 100/500: loss=0.038853
      Epoch 200/500: loss=0.034329
      Epoch 300/500: loss=0.033906
      Epoch 400/500: loss=0.031007
      Epoch 500/500: loss=0.031441
    recon=0.029709
  Stage 2 epoch 100/300: loss=0.502229
  Stage 2 epoch 200/300: loss=0.434128
  Stage 2 epoch 300/300: loss=0.514071
  Stage 3 epoch 100/300: loss=1.421422
  Stage 3 epoch 200/300: loss=1.757398
  Stage 3 epoch 300/300: loss=1.456683
    r=0.5: GT=0.080 learned=0.107 err=33.3% exit=100%
    r=1.0: GT=0.231 learned=0.342 err=47.8% exit=100%
    r=2.0: GT=0.592 learned=0.959 err=62.0% exit=80%
    r=3.0: GT=0.825 learned=1.220 err=47.9% exit=32%
    W2@1.0=1.7386

  --- T+F ---
      Epoch 100/500: loss=0.796238
      Epoch 200/500: loss=0.556151
      Epoch 300/500: loss=0.227413
      Epoch 400/500: loss=0.278107
      Epoch 500/500: loss=0.324997
    recon=0.050842
  Stage 2 epoch 100/300: loss=0.314296
  Stage 2 epoch 200/300: loss=0.267907
  Stage 2 epoch 300/300: loss=0.251823
  Stage 3 epoch 100/300: loss=0.320580
  Stage 3 epoch 200/300: loss=0.220228
  Stage 3 epoch 300/300: loss=0.185080
    r=0.5: GT=0.080 learned=0.087 err=8.9% exit=100%
    r=1.0: GT=0.231 learned=0.267 err=15.3% exit=100%
    r=2.0: GT=0.592 learned=0.713 err=20.5% exit=91%
    r=3.0: GT=0.825 learned=0.970 err=17.6% exit=65%
    W2@1.0=1.1311

============================================================
  hyperbolic_paraboloid | seed=7042
============================================================

  --- baseline ---
      Epoch 100/500: loss=0.021685
      Epoch 200/500: loss=0.002669
      Epoch 300/500: loss=0.001393
      Epoch 400/500: loss=0.001084
      Epoch 500/500: loss=0.000290
    recon=0.000300
  Stage 2 epoch 100/300: loss=0.786346
  Stage 2 epoch 200/300: loss=0.758718
  Stage 2 epoch 300/300: loss=0.802295
  Stage 3 epoch 100/300: loss=0.148704
  Stage 3 epoch 200/300: loss=0.118237
  Stage 3 epoch 300/300: loss=0.096140
    r=0.5: GT=0.079 learned=0.122 err=54.4% exit=100%
    r=1.0: GT=0.236 learned=0.474 err=101.3% exit=99%
    r=2.0: GT=0.628 learned=0.978 err=55.8% exit=55%
    r=3.0: GT=0.874 learned=1.172 err=34.2% exit=13%
    W2@1.0=1.4867

  --- T ---
      Epoch 100/500: loss=0.395280
      Epoch 200/500: loss=0.230089
      Epoch 300/500: loss=0.188161
      Epoch 400/500: loss=0.159967
      Epoch 500/500: loss=0.125079
    recon=0.044898
  Stage 2 epoch 100/300: loss=1.464287
  Stage 2 epoch 200/300: loss=0.687992
  Stage 2 epoch 300/300: loss=0.519446
  Stage 3 epoch 100/300: loss=0.420918
  Stage 3 epoch 200/300: loss=0.355963
  Stage 3 epoch 300/300: loss=0.292967
    r=0.5: GT=0.079 learned=0.075 err=5.7% exit=100%
    r=1.0: GT=0.236 learned=0.241 err=2.2% exit=100%
    r=2.0: GT=0.628 learned=0.838 err=33.6% exit=65%
    r=3.0: GT=0.874 learned=1.083 err=24.0% exit=1%
    W2@1.0=1.6923

  --- F ---
      Epoch 100/500: loss=0.110018
      Epoch 200/500: loss=0.034007
      Epoch 300/500: loss=0.030307
      Epoch 400/500: loss=0.007809
      Epoch 500/500: loss=0.003596
    recon=0.002371
  Stage 2 epoch 100/300: loss=0.060054
  Stage 2 epoch 200/300: loss=0.045167
  Stage 2 epoch 300/300: loss=0.044695
  Stage 3 epoch 100/300: loss=0.411296
  Stage 3 epoch 200/300: loss=0.393365
  Stage 3 epoch 300/300: loss=0.320848
    r=0.5: GT=0.079 learned=0.170 err=115.2% exit=100%
    r=1.0: GT=0.236 learned=0.532 err=125.7% exit=98%
    r=2.0: GT=0.628 learned=0.887 err=41.3% exit=70%
    r=3.0: GT=0.874 learned=1.067 err=22.1% exit=46%
    W2@1.0=1.3955

  --- C ---
      Epoch 100/500: loss=0.044002
      Epoch 200/500: loss=0.038015
      Epoch 300/500: loss=0.038053
      Epoch 400/500: loss=0.037016
      Epoch 500/500: loss=0.035996
    recon=0.034228
  Stage 2 epoch 100/300: loss=0.727352
  Stage 2 epoch 200/300: loss=0.589425
  Stage 2 epoch 300/300: loss=0.617081
  Stage 3 epoch 100/300: loss=1.656054
  Stage 3 epoch 200/300: loss=1.797961
  Stage 3 epoch 300/300: loss=1.499105
    r=0.5: GT=0.079 learned=0.096 err=21.2% exit=100%
    r=1.0: GT=0.236 learned=0.363 err=54.1% exit=100%
    r=2.0: GT=0.628 learned=1.040 err=65.7% exit=55%
    r=3.0: GT=0.874 learned=1.251 err=43.2% exit=8%
    W2@1.0=1.7307

  --- T+F ---
      Epoch 100/500: loss=0.797458
      Epoch 200/500: loss=0.766186
      Epoch 300/500: loss=0.464821
      Epoch 400/500: loss=0.250872
      Epoch 500/500: loss=0.220815
    recon=0.017262
  Stage 2 epoch 100/300: loss=0.969599
  Stage 2 epoch 200/300: loss=0.288960
  Stage 2 epoch 300/300: loss=0.226078
  Stage 3 epoch 100/300: loss=0.295186
  Stage 3 epoch 200/300: loss=0.280576
  Stage 3 epoch 300/300: loss=0.228977
    r=0.5: GT=0.079 learned=0.059 err=25.0% exit=100%
    r=1.0: GT=0.236 learned=0.196 err=16.6% exit=100%
    r=2.0: GT=0.628 learned=0.714 err=13.8% exit=91%
    r=3.0: GT=0.874 learned=1.014 err=16.0% exit=57%
    W2@1.0=1.0699

============================================================
  hyperbolic_paraboloid | seed=8042
============================================================

  --- baseline ---
      Epoch 100/500: loss=0.030631
      Epoch 200/500: loss=0.003139
      Epoch 300/500: loss=0.001593
      Epoch 400/500: loss=0.000847
      Epoch 500/500: loss=0.000457
    recon=0.000359
  Stage 2 epoch 100/300: loss=0.766583
  Stage 2 epoch 200/300: loss=0.639945
  Stage 2 epoch 300/300: loss=0.370693
  Stage 3 epoch 100/300: loss=0.114639
  Stage 3 epoch 200/300: loss=0.129264
  Stage 3 epoch 300/300: loss=0.092210
    r=0.5: GT=0.079 learned=0.114 err=44.0% exit=100%
    r=1.0: GT=0.240 learned=0.392 err=63.3% exit=100%
    r=2.0: GT=0.637 learned=1.042 err=63.5% exit=58%
    r=3.0: GT=0.856 learned=1.229 err=43.5% exit=6%
    W2@1.0=1.6424

  --- T ---
      Epoch 100/500: loss=0.477154
      Epoch 200/500: loss=0.304071
      Epoch 300/500: loss=0.208390
      Epoch 400/500: loss=0.210922
      Epoch 500/500: loss=0.129544
    recon=0.039533
  Stage 2 epoch 100/300: loss=732.583557
  Stage 2 epoch 200/300: loss=541.545550
  Stage 2 epoch 300/300: loss=772.417542
  Stage 3 epoch 100/300: loss=0.424089
  Stage 3 epoch 200/300: loss=0.350337
  Stage 3 epoch 300/300: loss=0.292251
    r=0.5: GT=0.079 learned=0.078 err=1.4% exit=100%
    r=1.0: GT=0.240 learned=0.338 err=40.7% exit=96%
    r=2.0: GT=0.637 learned=0.861 err=35.1% exit=38%
    r=3.0: GT=0.856 learned=1.132 err=32.2% exit=9%
    W2@1.0=1.9860

  --- F ---
      Epoch 100/500: loss=0.076339
      Epoch 200/500: loss=0.071191
      Epoch 300/500: loss=0.029422
      Epoch 400/500: loss=0.024983
      Epoch 500/500: loss=0.017367
    recon=0.014228
  Stage 2 epoch 100/300: loss=0.028567
  Stage 2 epoch 200/300: loss=0.019698
  Stage 2 epoch 300/300: loss=0.017319
  Stage 3 epoch 100/300: loss=0.846311
  Stage 3 epoch 200/300: loss=1.002179
  Stage 3 epoch 300/300: loss=0.834743
    r=0.5: GT=0.079 learned=0.099 err=25.1% exit=100%
    r=1.0: GT=0.240 learned=0.321 err=33.5% exit=100%
    r=2.0: GT=0.637 learned=0.865 err=35.8% exit=85%
    r=3.0: GT=0.856 learned=1.134 err=32.5% exit=54%
    W2@1.0=1.5247

  --- C ---
      Epoch 100/500: loss=0.070848
      Epoch 200/500: loss=0.040609
      Epoch 300/500: loss=0.035221
      Epoch 400/500: loss=0.034783
      Epoch 500/500: loss=0.033883
    recon=0.031590
  Stage 2 epoch 100/300: loss=0.614969
  Stage 2 epoch 200/300: loss=0.599227
  Stage 2 epoch 300/300: loss=0.589272
  Stage 3 epoch 100/300: loss=1.439529
  Stage 3 epoch 200/300: loss=1.723368
  Stage 3 epoch 300/300: loss=1.470050
    r=0.5: GT=0.079 learned=0.105 err=32.7% exit=100%
    r=1.0: GT=0.240 learned=0.417 err=73.6% exit=100%
    r=2.0: GT=0.637 learned=1.088 err=70.8% exit=55%
    r=3.0: GT=0.856 learned=1.294 err=51.1% exit=13%
    W2@1.0=1.8398

  --- T+F ---
      Epoch 100/500: loss=0.840334
      Epoch 200/500: loss=0.708971
      Epoch 300/500: loss=0.291429
      Epoch 400/500: loss=0.021676
      Epoch 500/500: loss=0.012990
    recon=0.000485
  Stage 2 epoch 100/300: loss=0.080972
  Stage 2 epoch 200/300: loss=0.045896
  Stage 2 epoch 300/300: loss=0.039272
  Stage 3 epoch 100/300: loss=0.048779
  Stage 3 epoch 200/300: loss=0.044741
  Stage 3 epoch 300/300: loss=0.036588
    r=0.5: GT=0.079 learned=0.113 err=42.7% exit=100%
    r=1.0: GT=0.240 learned=0.370 err=54.0% exit=100%
    r=2.0: GT=0.637 learned=0.868 err=36.3% exit=84%
    r=3.0: GT=0.856 learned=1.125 err=31.4% exit=55%
    W2@1.0=1.1890

============================================================
  hyperbolic_paraboloid | seed=9042
============================================================

  --- baseline ---
      Epoch 100/500: loss=0.027936
      Epoch 200/500: loss=0.003077
      Epoch 300/500: loss=0.001575
      Epoch 400/500: loss=0.000835
      Epoch 500/500: loss=0.002664
    recon=0.001323
  Stage 2 epoch 100/300: loss=0.319705
  Stage 2 epoch 200/300: loss=0.224781
  Stage 2 epoch 300/300: loss=0.157334
  Stage 3 epoch 100/300: loss=0.128409
  Stage 3 epoch 200/300: loss=0.115662
  Stage 3 epoch 300/300: loss=0.105470
    r=0.5: GT=0.080 learned=0.076 err=5.2% exit=100%
    r=1.0: GT=0.226 learned=0.235 err=3.8% exit=100%
    r=2.0: GT=0.635 learned=0.857 err=35.1% exit=82%
    r=3.0: GT=0.854 learned=1.119 err=31.0% exit=17%
    W2@1.0=1.3405

  --- T ---
      Epoch 100/500: loss=0.396303
      Epoch 200/500: loss=0.139793
      Epoch 300/500: loss=0.096743
      Epoch 400/500: loss=0.063895
      Epoch 500/500: loss=0.065928
    recon=0.017994
  Stage 2 epoch 100/300: loss=9.221783
  Stage 2 epoch 200/300: loss=7.869796
  Stage 2 epoch 300/300: loss=6.976289
  Stage 3 epoch 100/300: loss=0.316582
  Stage 3 epoch 200/300: loss=0.297890
  Stage 3 epoch 300/300: loss=0.269927
    r=0.5: GT=0.080 learned=0.077 err=3.4% exit=100%
    r=1.0: GT=0.226 learned=0.293 err=29.4% exit=99%
    r=2.0: GT=0.635 learned=0.926 err=45.9% exit=44%
    r=3.0: GT=0.854 learned=1.216 err=42.3% exit=6%
    W2@1.0=1.6439

  --- F ---
      Epoch 100/500: loss=0.099212
      Epoch 200/500: loss=0.034121
      Epoch 300/500: loss=0.031918
      Epoch 400/500: loss=0.027858
      Epoch 500/500: loss=0.020740
    recon=0.012683
  Stage 2 epoch 100/300: loss=0.051788
  Stage 2 epoch 200/300: loss=0.047766
  Stage 2 epoch 300/300: loss=0.043810
  Stage 3 epoch 100/300: loss=0.944068
  Stage 3 epoch 200/300: loss=1.085243
  Stage 3 epoch 300/300: loss=1.065926
    r=0.5: GT=0.080 learned=0.068 err=14.4% exit=100%
    r=1.0: GT=0.226 learned=0.222 err=1.9% exit=100%
    r=2.0: GT=0.635 learned=0.753 err=18.6% exit=95%
    r=3.0: GT=0.854 learned=1.139 err=33.3% exit=59%
    W2@1.0=1.5729

  --- C ---
      Epoch 100/500: loss=0.041497
      Epoch 200/500: loss=0.034207
      Epoch 300/500: loss=0.035226
      Epoch 400/500: loss=0.034565
      Epoch 500/500: loss=0.033452
    recon=0.032000
  Stage 2 epoch 100/300: loss=0.728435
  Stage 2 epoch 200/300: loss=0.792092
  Stage 2 epoch 300/300: loss=0.687493
  Stage 3 epoch 100/300: loss=1.378754
  Stage 3 epoch 200/300: loss=1.599697
  Stage 3 epoch 300/300: loss=1.593770
    r=0.5: GT=0.080 learned=0.090 err=13.1% exit=100%
    r=1.0: GT=0.226 learned=0.341 err=50.9% exit=100%
    r=2.0: GT=0.635 learned=0.929 err=46.3% exit=73%
    r=3.0: GT=0.854 learned=1.124 err=31.5% exit=27%
    W2@1.0=1.9664

  --- T+F ---
      Epoch 100/500: loss=0.775896
      Epoch 200/500: loss=0.776654
      Epoch 300/500: loss=0.348081
      Epoch 400/500: loss=0.218739
      Epoch 500/500: loss=0.047314
    recon=0.003779
  Stage 2 epoch 100/300: loss=0.151898
  Stage 2 epoch 200/300: loss=0.152484
  Stage 2 epoch 300/300: loss=0.089845
  Stage 3 epoch 100/300: loss=0.180835
  Stage 3 epoch 200/300: loss=0.114305
  Stage 3 epoch 300/300: loss=0.094085
    r=0.5: GT=0.080 learned=0.090 err=13.4% exit=100%
    r=1.0: GT=0.226 learned=0.277 err=22.3% exit=100%
    r=2.0: GT=0.635 learned=0.771 err=21.5% exit=92%
    r=3.0: GT=0.854 learned=0.979 err=14.6% exit=62%
    W2@1.0=1.3489

============================================================
  quartic_dome | seed=42
============================================================

  --- baseline ---
      Epoch 100/500: loss=0.012017
      Epoch 200/500: loss=0.004822
      Epoch 300/500: loss=0.001680
      Epoch 400/500: loss=0.000670
      Epoch 500/500: loss=0.000455
    recon=0.000428
  Stage 2 epoch 100/300: loss=0.191678
  Stage 2 epoch 200/300: loss=0.134511
  Stage 2 epoch 300/300: loss=0.060733
  Stage 3 epoch 100/300: loss=0.057451
  Stage 3 epoch 200/300: loss=0.042231
  Stage 3 epoch 300/300: loss=0.046580
    r=0.5: GT=0.080 learned=0.085 err=6.2% exit=100%
    r=1.0: GT=0.278 learned=0.300 err=7.8% exit=100%
    r=2.0: GT=0.785 learned=1.015 err=29.3% exit=72%
    r=3.0: GT=0.919 learned=1.296 err=41.0% exit=11%
    W2@1.0=3.1202

  --- T ---
      Epoch 100/500: loss=0.059226
      Epoch 200/500: loss=0.025281
      Epoch 300/500: loss=0.018413
      Epoch 400/500: loss=0.019925
      Epoch 500/500: loss=0.014029
    recon=0.001171
  Stage 2 epoch 100/300: loss=0.276957
  Stage 2 epoch 200/300: loss=0.265160
  Stage 2 epoch 300/300: loss=0.154682
  Stage 3 epoch 100/300: loss=0.032184
  Stage 3 epoch 200/300: loss=0.023942
  Stage 3 epoch 300/300: loss=0.022423
    r=0.5: GT=0.080 learned=0.131 err=64.7% exit=100%
    r=1.0: GT=0.278 learned=0.456 err=63.8% exit=99%
    r=2.0: GT=0.785 learned=1.035 err=31.9% exit=60%
    r=3.0: GT=0.919 learned=1.256 err=36.6% exit=13%
    W2@1.0=3.0399

  --- F ---
      Epoch 100/500: loss=0.076515
      Epoch 200/500: loss=0.019272
      Epoch 300/500: loss=0.017714
      Epoch 400/500: loss=0.013670
      Epoch 500/500: loss=0.009683
    recon=0.008939
  Stage 2 epoch 100/300: loss=0.006440
  Stage 2 epoch 200/300: loss=0.005189
  Stage 2 epoch 300/300: loss=0.004808
  Stage 3 epoch 100/300: loss=0.170379
  Stage 3 epoch 200/300: loss=0.158296
  Stage 3 epoch 300/300: loss=0.159668
    r=0.5: GT=0.080 learned=0.091 err=14.9% exit=100%
    r=1.0: GT=0.278 learned=0.297 err=6.7% exit=100%
    r=2.0: GT=0.785 learned=0.924 err=17.7% exit=88%
    r=3.0: GT=0.919 learned=1.291 err=40.5% exit=43%
    W2@1.0=3.1780

  --- C ---
      Epoch 100/500: loss=0.030519
      Epoch 200/500: loss=0.024462
      Epoch 300/500: loss=0.023047
      Epoch 400/500: loss=0.020326
      Epoch 500/500: loss=0.021410
    recon=0.019406
  Stage 2 epoch 100/300: loss=0.637175
  Stage 2 epoch 200/300: loss=0.567101
  Stage 2 epoch 300/300: loss=0.529769
  Stage 3 epoch 100/300: loss=0.246286
  Stage 3 epoch 200/300: loss=0.238866
  Stage 3 epoch 300/300: loss=0.235168
    r=0.5: GT=0.080 learned=0.100 err=25.5% exit=100%
    r=1.0: GT=0.278 learned=0.368 err=32.5% exit=100%
    r=2.0: GT=0.785 learned=1.087 err=38.6% exit=65%
    r=3.0: GT=0.919 learned=1.224 err=33.1% exit=12%
    W2@1.0=3.1600

  --- T+F ---
      Epoch 100/500: loss=0.131416
      Epoch 200/500: loss=0.036890
      Epoch 300/500: loss=0.020624
      Epoch 400/500: loss=0.023218
      Epoch 500/500: loss=0.013034
    recon=0.000907
  Stage 2 epoch 100/300: loss=0.046652
  Stage 2 epoch 200/300: loss=0.038549
  Stage 2 epoch 300/300: loss=0.025394
  Stage 3 epoch 100/300: loss=0.031074
  Stage 3 epoch 200/300: loss=0.025336
  Stage 3 epoch 300/300: loss=0.024125
    r=0.5: GT=0.080 learned=0.137 err=71.9% exit=100%
    r=1.0: GT=0.278 learned=0.424 err=52.5% exit=100%
    r=2.0: GT=0.785 learned=0.945 err=20.5% exit=78%
    r=3.0: GT=0.919 learned=1.228 err=33.6% exit=40%
    W2@1.0=3.0770

============================================================
  quartic_dome | seed=1042
============================================================

  --- baseline ---
      Epoch 100/500: loss=0.014250
      Epoch 200/500: loss=0.007484
      Epoch 300/500: loss=0.001020
      Epoch 400/500: loss=0.000659
      Epoch 500/500: loss=0.000578
    recon=0.000526
  Stage 2 epoch 100/300: loss=0.174066
  Stage 2 epoch 200/300: loss=0.153259
  Stage 2 epoch 300/300: loss=0.109415
  Stage 3 epoch 100/300: loss=0.067110
  Stage 3 epoch 200/300: loss=0.060313
  Stage 3 epoch 300/300: loss=0.053313
    r=0.5: GT=0.086 learned=0.110 err=29.1% exit=100%
    r=1.0: GT=0.282 learned=0.385 err=36.7% exit=100%
    r=2.0: GT=0.781 learned=0.979 err=25.3% exit=58%
    r=3.0: GT=0.928 learned=1.155 err=24.4% exit=9%
    W2@1.0=3.2942

  --- T ---
      Epoch 100/500: loss=0.062211
      Epoch 200/500: loss=0.039025
      Epoch 300/500: loss=0.017364
      Epoch 400/500: loss=0.008597
      Epoch 500/500: loss=0.010003
    recon=0.000768
  Stage 2 epoch 100/300: loss=0.295150
  Stage 2 epoch 200/300: loss=0.257962
  Stage 2 epoch 300/300: loss=0.205420
  Stage 3 epoch 100/300: loss=0.033826
  Stage 3 epoch 200/300: loss=0.022784
  Stage 3 epoch 300/300: loss=0.019638
    r=0.5: GT=0.086 learned=0.128 err=49.9% exit=100%
    r=1.0: GT=0.282 learned=0.463 err=64.3% exit=99%
    r=2.0: GT=0.781 learned=1.002 err=28.3% exit=46%
    r=3.0: GT=0.928 learned=1.246 err=34.3% exit=7%
    W2@1.0=3.2985

  --- F ---
      Epoch 100/500: loss=0.089281
      Epoch 200/500: loss=0.017827
      Epoch 300/500: loss=0.016067
      Epoch 400/500: loss=0.015769
      Epoch 500/500: loss=0.015667
    recon=0.013685
  Stage 2 epoch 100/300: loss=0.021401
  Stage 2 epoch 200/300: loss=0.007098
  Stage 2 epoch 300/300: loss=0.004478
  Stage 3 epoch 100/300: loss=0.234753
  Stage 3 epoch 200/300: loss=0.226701
  Stage 3 epoch 300/300: loss=0.210733
    r=0.5: GT=0.086 learned=0.095 err=11.7% exit=100%
    r=1.0: GT=0.282 learned=0.318 err=12.9% exit=100%
    r=2.0: GT=0.781 learned=0.904 err=15.7% exit=83%
    r=3.0: GT=0.928 learned=1.220 err=31.4% exit=44%
    W2@1.0=3.4111

  --- C ---
      Epoch 100/500: loss=0.027586
      Epoch 200/500: loss=0.019572
      Epoch 300/500: loss=0.021443
      Epoch 400/500: loss=0.017678
      Epoch 500/500: loss=0.017871
    recon=0.015246
  Stage 2 epoch 100/300: loss=0.163005
  Stage 2 epoch 200/300: loss=0.168449
  Stage 2 epoch 300/300: loss=0.151826
  Stage 3 epoch 100/300: loss=0.253115
  Stage 3 epoch 200/300: loss=0.244476
  Stage 3 epoch 300/300: loss=0.227343
    r=0.5: GT=0.086 learned=0.100 err=17.5% exit=100%
    r=1.0: GT=0.282 learned=0.359 err=27.6% exit=100%
    r=2.0: GT=0.781 learned=0.957 err=22.5% exit=66%
    r=3.0: GT=0.928 learned=1.308 err=40.9% exit=17%
    W2@1.0=3.3397

  --- T+F ---
      Epoch 100/500: loss=0.110984
      Epoch 200/500: loss=0.053380
      Epoch 300/500: loss=0.035698
      Epoch 400/500: loss=0.026186
      Epoch 500/500: loss=0.010443
    recon=0.000300
  Stage 2 epoch 100/300: loss=0.079727
  Stage 2 epoch 200/300: loss=0.057233
  Stage 2 epoch 300/300: loss=0.052012
  Stage 3 epoch 100/300: loss=0.030751
  Stage 3 epoch 200/300: loss=0.023767
  Stage 3 epoch 300/300: loss=0.022211
    r=0.5: GT=0.086 learned=0.115 err=33.9% exit=100%
    r=1.0: GT=0.282 learned=0.368 err=30.5% exit=100%
    r=2.0: GT=0.781 learned=0.925 err=18.4% exit=75%
    r=3.0: GT=0.928 learned=1.156 err=24.6% exit=32%
    W2@1.0=3.2857

============================================================
  quartic_dome | seed=2042
============================================================

  --- baseline ---
      Epoch 100/500: loss=0.016552
      Epoch 200/500: loss=0.005078
      Epoch 300/500: loss=0.001219
      Epoch 400/500: loss=0.000681
      Epoch 500/500: loss=0.000461
    recon=0.000487
  Stage 2 epoch 100/300: loss=0.183118
  Stage 2 epoch 200/300: loss=0.187500
  Stage 2 epoch 300/300: loss=0.174057
  Stage 3 epoch 100/300: loss=0.040983
  Stage 3 epoch 200/300: loss=0.045779
  Stage 3 epoch 300/300: loss=0.049677
    r=0.5: GT=0.080 learned=0.081 err=1.2% exit=100%
    r=1.0: GT=0.267 learned=0.298 err=11.6% exit=100%
    r=2.0: GT=0.797 learned=0.991 err=24.3% exit=68%
    r=3.0: GT=0.929 learned=1.150 err=23.8% exit=11%
    W2@1.0=3.1541

  --- T ---
      Epoch 100/500: loss=0.061019
      Epoch 200/500: loss=0.031793
      Epoch 300/500: loss=0.032820
      Epoch 400/500: loss=0.016913
      Epoch 500/500: loss=0.010560
    recon=0.000869
  Stage 2 epoch 100/300: loss=0.279011
  Stage 2 epoch 200/300: loss=0.182805
  Stage 2 epoch 300/300: loss=0.102850
  Stage 3 epoch 100/300: loss=0.017754
  Stage 3 epoch 200/300: loss=0.012809
  Stage 3 epoch 300/300: loss=0.010881
    r=0.5: GT=0.080 learned=0.075 err=7.3% exit=100%
    r=1.0: GT=0.267 learned=0.266 err=0.3% exit=100%
    r=2.0: GT=0.797 learned=0.956 err=19.9% exit=72%
    r=3.0: GT=0.929 learned=1.197 err=28.9% exit=22%
    W2@1.0=3.0302

  --- F ---
      Epoch 100/500: loss=0.054796
      Epoch 200/500: loss=0.015872
      Epoch 300/500: loss=0.016851
      Epoch 400/500: loss=0.013124
      Epoch 500/500: loss=0.007262
    recon=0.005877
  Stage 2 epoch 100/300: loss=0.007063
  Stage 2 epoch 200/300: loss=0.005117
  Stage 2 epoch 300/300: loss=0.004937
  Stage 3 epoch 100/300: loss=0.143889
  Stage 3 epoch 200/300: loss=0.160429
  Stage 3 epoch 300/300: loss=0.164380
    r=0.5: GT=0.080 learned=0.079 err=1.8% exit=100%
    r=1.0: GT=0.267 learned=0.273 err=2.3% exit=100%
    r=2.0: GT=0.797 learned=0.839 err=5.2% exit=92%
    r=3.0: GT=0.929 learned=1.209 err=30.1% exit=51%
    W2@1.0=3.2673

  --- C ---
      Epoch 100/500: loss=0.057596
      Epoch 200/500: loss=0.057707
      Epoch 300/500: loss=0.019654
      Epoch 400/500: loss=0.017875
      Epoch 500/500: loss=0.017681
    recon=0.016196
  Stage 2 epoch 100/300: loss=0.224699
  Stage 2 epoch 200/300: loss=0.241435
  Stage 2 epoch 300/300: loss=0.234768
  Stage 3 epoch 100/300: loss=0.242593
  Stage 3 epoch 200/300: loss=0.268750
  Stage 3 epoch 300/300: loss=0.270306
    r=0.5: GT=0.080 learned=0.102 err=26.2% exit=100%
    r=1.0: GT=0.267 learned=0.364 err=36.3% exit=100%
    r=2.0: GT=0.797 learned=1.033 err=29.6% exit=66%
    r=3.0: GT=0.929 learned=1.241 err=33.5% exit=22%
    W2@1.0=3.2139

  --- T+F ---
      Epoch 100/500: loss=0.174880
      Epoch 200/500: loss=0.040774
      Epoch 300/500: loss=0.030451
      Epoch 400/500: loss=0.020668
      Epoch 500/500: loss=0.012694
    recon=0.000616
  Stage 2 epoch 100/300: loss=0.081453
  Stage 2 epoch 200/300: loss=0.045666
  Stage 2 epoch 300/300: loss=0.032009
  Stage 3 epoch 100/300: loss=0.020534
  Stage 3 epoch 200/300: loss=0.011688
  Stage 3 epoch 300/300: loss=0.008428
    r=0.5: GT=0.080 learned=0.077 err=4.5% exit=100%
    r=1.0: GT=0.267 learned=0.261 err=2.1% exit=100%
    r=2.0: GT=0.797 learned=0.832 err=4.4% exit=88%
    r=3.0: GT=0.929 learned=1.146 err=23.3% exit=46%
    W2@1.0=3.0926

============================================================
  quartic_dome | seed=3042
============================================================

  --- baseline ---
      Epoch 100/500: loss=0.015405
      Epoch 200/500: loss=0.005487
      Epoch 300/500: loss=0.001187
      Epoch 400/500: loss=0.000622
      Epoch 500/500: loss=0.000433
    recon=0.000438
  Stage 2 epoch 100/300: loss=0.273187
  Stage 2 epoch 200/300: loss=0.180184
  Stage 2 epoch 300/300: loss=0.103865
  Stage 3 epoch 100/300: loss=0.050389
  Stage 3 epoch 200/300: loss=0.046365
  Stage 3 epoch 300/300: loss=0.052902
    r=0.5: GT=0.084 learned=0.082 err=2.8% exit=100%
    r=1.0: GT=0.270 learned=0.278 err=2.9% exit=100%
    r=2.0: GT=0.768 learned=0.948 err=23.4% exit=74%
    r=3.0: GT=0.938 learned=1.187 err=26.6% exit=8%
    W2@1.0=3.5822

  --- T ---
      Epoch 100/500: loss=0.069743
      Epoch 200/500: loss=0.024539
      Epoch 300/500: loss=0.013519
      Epoch 400/500: loss=0.010074
      Epoch 500/500: loss=0.008018
    recon=0.001060
  Stage 2 epoch 100/300: loss=0.462586
  Stage 2 epoch 200/300: loss=0.313986
  Stage 2 epoch 300/300: loss=0.179666
  Stage 3 epoch 100/300: loss=0.036020
  Stage 3 epoch 200/300: loss=0.024083
  Stage 3 epoch 300/300: loss=0.020349
    r=0.5: GT=0.084 learned=0.135 err=61.0% exit=100%
    r=1.0: GT=0.270 learned=0.441 err=63.4% exit=99%
    r=2.0: GT=0.768 learned=0.968 err=25.9% exit=51%
    r=3.0: GT=0.938 learned=1.165 err=24.2% exit=7%
    W2@1.0=3.5853

  --- F ---
      Epoch 100/500: loss=0.068147
      Epoch 200/500: loss=0.016089
      Epoch 300/500: loss=0.015996
      Epoch 400/500: loss=0.014561
      Epoch 500/500: loss=0.011906
    recon=0.011373
  Stage 2 epoch 100/300: loss=0.024110
  Stage 2 epoch 200/300: loss=0.007717
  Stage 2 epoch 300/300: loss=0.004377
  Stage 3 epoch 100/300: loss=0.199466
  Stage 3 epoch 200/300: loss=0.181179
  Stage 3 epoch 300/300: loss=0.211692
    r=0.5: GT=0.084 learned=0.142 err=69.1% exit=100%
    r=1.0: GT=0.270 learned=0.451 err=66.9% exit=99%
    r=2.0: GT=0.768 learned=0.983 err=28.0% exit=71%
    r=3.0: GT=0.938 learned=1.208 err=28.8% exit=32%
    W2@1.0=3.6543

  --- C ---
      Epoch 100/500: loss=0.059975
      Epoch 200/500: loss=0.046385
      Epoch 300/500: loss=0.020432
      Epoch 400/500: loss=0.018446
      Epoch 500/500: loss=0.018679
    recon=0.017159
  Stage 2 epoch 100/300: loss=0.298896
  Stage 2 epoch 200/300: loss=0.314714
  Stage 2 epoch 300/300: loss=0.258464
  Stage 3 epoch 100/300: loss=0.241498
  Stage 3 epoch 200/300: loss=0.221899
  Stage 3 epoch 300/300: loss=0.263411
    r=0.5: GT=0.084 learned=0.102 err=21.2% exit=100%
    r=1.0: GT=0.270 learned=0.345 err=27.8% exit=100%
    r=2.0: GT=0.768 learned=0.940 err=22.3% exit=72%
    r=3.0: GT=0.938 learned=1.266 err=35.1% exit=24%
    W2@1.0=3.6384

  --- T+F ---
      Epoch 100/500: loss=0.116172
      Epoch 200/500: loss=0.041158
      Epoch 300/500: loss=0.030643
      Epoch 400/500: loss=0.020741
      Epoch 500/500: loss=0.017756
    recon=0.000448
  Stage 2 epoch 100/300: loss=0.092862
  Stage 2 epoch 200/300: loss=0.040810
  Stage 2 epoch 300/300: loss=0.021731
  Stage 3 epoch 100/300: loss=0.010068
  Stage 3 epoch 200/300: loss=0.007921
  Stage 3 epoch 300/300: loss=0.007585
    r=0.5: GT=0.084 learned=0.078 err=7.4% exit=100%
    r=1.0: GT=0.270 learned=0.259 err=4.1% exit=100%
    r=2.0: GT=0.768 learned=0.820 err=6.7% exit=91%
    r=3.0: GT=0.938 learned=1.136 err=21.1% exit=50%
    W2@1.0=3.4919

============================================================
  quartic_dome | seed=4042
============================================================

  --- baseline ---
      Epoch 100/500: loss=0.014068
      Epoch 200/500: loss=0.005682
      Epoch 300/500: loss=0.001434
      Epoch 400/500: loss=0.000552
      Epoch 500/500: loss=0.000367
    recon=0.000386
  Stage 2 epoch 100/300: loss=0.295901
  Stage 2 epoch 200/300: loss=0.228808
  Stage 2 epoch 300/300: loss=0.131836
  Stage 3 epoch 100/300: loss=0.068470
  Stage 3 epoch 200/300: loss=0.065290
  Stage 3 epoch 300/300: loss=0.063192
    r=0.5: GT=0.081 learned=0.081 err=0.4% exit=100%
    r=1.0: GT=0.268 learned=0.293 err=9.2% exit=100%
    r=2.0: GT=0.767 learned=0.933 err=21.6% exit=73%
    r=3.0: GT=0.931 learned=1.221 err=31.2% exit=6%
    W2@1.0=3.2992

  --- T ---
      Epoch 100/500: loss=0.069029
      Epoch 200/500: loss=0.027731
      Epoch 300/500: loss=0.019835
      Epoch 400/500: loss=0.008930
      Epoch 500/500: loss=0.006448
    recon=0.000839
  Stage 2 epoch 100/300: loss=0.359595
  Stage 2 epoch 200/300: loss=0.255897
  Stage 2 epoch 300/300: loss=0.132761
  Stage 3 epoch 100/300: loss=0.018028
  Stage 3 epoch 200/300: loss=0.010376
  Stage 3 epoch 300/300: loss=0.005711
    r=0.5: GT=0.081 learned=0.081 err=0.0% exit=100%
    r=1.0: GT=0.268 learned=0.279 err=4.1% exit=100%
    r=2.0: GT=0.767 learned=0.932 err=21.5% exit=69%
    r=3.0: GT=0.931 learned=1.055 err=13.3% exit=8%
    W2@1.0=3.2535

  --- F ---
      Epoch 100/500: loss=0.096061
      Epoch 200/500: loss=0.016201
      Epoch 300/500: loss=0.015242
      Epoch 400/500: loss=0.011012
      Epoch 500/500: loss=0.009246
    recon=0.007562
  Stage 2 epoch 100/300: loss=0.016473
  Stage 2 epoch 200/300: loss=0.010585
  Stage 2 epoch 300/300: loss=0.007121
  Stage 3 epoch 100/300: loss=0.150809
  Stage 3 epoch 200/300: loss=0.156099
  Stage 3 epoch 300/300: loss=0.142856
    r=0.5: GT=0.081 learned=0.081 err=0.2% exit=100%
    r=1.0: GT=0.268 learned=0.280 err=4.5% exit=100%
    r=2.0: GT=0.767 learned=0.854 err=11.4% exit=88%
    r=3.0: GT=0.931 learned=1.272 err=36.7% exit=43%
    W2@1.0=3.3731

  --- C ---
      Epoch 100/500: loss=0.024863
      Epoch 200/500: loss=0.022292
      Epoch 300/500: loss=0.019992
      Epoch 400/500: loss=0.018633
      Epoch 500/500: loss=0.020110
    recon=0.020019
  Stage 2 epoch 100/300: loss=0.518731
  Stage 2 epoch 200/300: loss=0.502633
  Stage 2 epoch 300/300: loss=0.606517
  Stage 3 epoch 100/300: loss=0.245471
  Stage 3 epoch 200/300: loss=0.258477
  Stage 3 epoch 300/300: loss=0.239698
    r=0.5: GT=0.081 learned=0.100 err=24.7% exit=100%
    r=1.0: GT=0.268 learned=0.358 err=33.4% exit=100%
    r=2.0: GT=0.767 learned=0.996 err=29.8% exit=76%
    r=3.0: GT=0.931 learned=1.291 err=38.7% exit=29%
    W2@1.0=3.3611

  --- T+F ---
      Epoch 100/500: loss=0.138706
      Epoch 200/500: loss=0.037964
      Epoch 300/500: loss=0.039482
      Epoch 400/500: loss=0.018215
      Epoch 500/500: loss=0.010989
    recon=0.000471
  Stage 2 epoch 100/300: loss=0.054662
  Stage 2 epoch 200/300: loss=0.040724
  Stage 2 epoch 300/300: loss=0.026850
  Stage 3 epoch 100/300: loss=0.011033
  Stage 3 epoch 200/300: loss=0.007750
  Stage 3 epoch 300/300: loss=0.006740
    r=0.5: GT=0.081 learned=0.074 err=8.4% exit=100%
    r=1.0: GT=0.268 learned=0.257 err=4.1% exit=100%
    r=2.0: GT=0.767 learned=0.789 err=2.9% exit=91%
    r=3.0: GT=0.931 learned=1.151 err=23.7% exit=44%
    W2@1.0=3.1922

============================================================
  quartic_dome | seed=5042
============================================================

  --- baseline ---
      Epoch 100/500: loss=0.015936
      Epoch 200/500: loss=0.007606
      Epoch 300/500: loss=0.002898
      Epoch 400/500: loss=0.000961
      Epoch 500/500: loss=0.000683
    recon=0.000997
  Stage 2 epoch 100/300: loss=0.237347
  Stage 2 epoch 200/300: loss=0.142926
  Stage 2 epoch 300/300: loss=0.062085
  Stage 3 epoch 100/300: loss=0.053185
  Stage 3 epoch 200/300: loss=0.060806
  Stage 3 epoch 300/300: loss=0.046083
    r=0.5: GT=0.078 learned=0.075 err=4.8% exit=100%
    r=1.0: GT=0.257 learned=0.265 err=3.0% exit=100%
    r=2.0: GT=0.780 learned=0.976 err=25.1% exit=72%
    r=3.0: GT=0.933 learned=1.269 err=36.0% exit=2%
    W2@1.0=3.1417

  --- T ---
      Epoch 100/500: loss=0.058108
      Epoch 200/500: loss=0.046845
      Epoch 300/500: loss=0.017885
      Epoch 400/500: loss=0.017612
      Epoch 500/500: loss=0.015477
    recon=0.000544
  Stage 2 epoch 100/300: loss=0.204206
  Stage 2 epoch 200/300: loss=0.137061
  Stage 2 epoch 300/300: loss=0.060330
  Stage 3 epoch 100/300: loss=0.018280
  Stage 3 epoch 200/300: loss=0.010623
  Stage 3 epoch 300/300: loss=0.005279
    r=0.5: GT=0.078 learned=0.077 err=1.4% exit=100%
    r=1.0: GT=0.257 learned=0.278 err=8.3% exit=100%
    r=2.0: GT=0.780 learned=0.984 err=26.1% exit=74%
    r=3.0: GT=0.933 learned=1.310 err=40.4% exit=10%
    W2@1.0=3.0791

  --- F ---
      Epoch 100/500: loss=0.071296
      Epoch 200/500: loss=0.015863
      Epoch 300/500: loss=0.017068
      Epoch 400/500: loss=0.014165
      Epoch 500/500: loss=0.009286
    recon=0.009170
  Stage 2 epoch 100/300: loss=0.013235
  Stage 2 epoch 200/300: loss=0.008709
  Stage 2 epoch 300/300: loss=0.006317
  Stage 3 epoch 100/300: loss=0.161886
  Stage 3 epoch 200/300: loss=0.168629
  Stage 3 epoch 300/300: loss=0.167349
    r=0.5: GT=0.078 learned=0.080 err=1.6% exit=100%
    r=1.0: GT=0.257 learned=0.276 err=7.4% exit=100%
    r=2.0: GT=0.780 learned=0.864 err=10.8% exit=91%
    r=3.0: GT=0.933 learned=1.193 err=27.8% exit=58%
    W2@1.0=3.2274

  --- C ---
      Epoch 100/500: loss=0.041034
      Epoch 200/500: loss=0.020864
      Epoch 300/500: loss=0.020857
      Epoch 400/500: loss=0.020710
      Epoch 500/500: loss=0.019379
    recon=0.017800
  Stage 2 epoch 100/300: loss=0.111615
  Stage 2 epoch 200/300: loss=0.120756
  Stage 2 epoch 300/300: loss=0.105553
  Stage 3 epoch 100/300: loss=0.238173
  Stage 3 epoch 200/300: loss=0.243600
  Stage 3 epoch 300/300: loss=0.252947
    r=0.5: GT=0.078 learned=0.096 err=21.9% exit=100%
    r=1.0: GT=0.257 learned=0.357 err=39.0% exit=100%
    r=2.0: GT=0.780 learned=1.006 err=28.9% exit=66%
    r=3.0: GT=0.933 learned=1.280 err=37.2% exit=16%
    W2@1.0=3.1921

  --- T+F ---
      Epoch 100/500: loss=0.101597
      Epoch 200/500: loss=0.049850
      Epoch 300/500: loss=0.021115
      Epoch 400/500: loss=0.009492
      Epoch 500/500: loss=0.012233
    recon=0.000615
  Stage 2 epoch 100/300: loss=0.111604
  Stage 2 epoch 200/300: loss=0.093638
  Stage 2 epoch 300/300: loss=0.049983
  Stage 3 epoch 100/300: loss=0.012339
  Stage 3 epoch 200/300: loss=0.006074
  Stage 3 epoch 300/300: loss=0.003730
    r=0.5: GT=0.078 learned=0.076 err=3.5% exit=100%
    r=1.0: GT=0.257 learned=0.258 err=0.6% exit=100%
    r=2.0: GT=0.780 learned=0.837 err=7.3% exit=89%
    r=3.0: GT=0.933 learned=1.162 err=24.5% exit=51%
    W2@1.0=3.0614

============================================================
  quartic_dome | seed=6042
============================================================

  --- baseline ---
      Epoch 100/500: loss=0.012941
      Epoch 200/500: loss=0.006022
      Epoch 300/500: loss=0.001295
      Epoch 400/500: loss=0.000759
      Epoch 500/500: loss=0.000482
    recon=0.000666
  Stage 2 epoch 100/300: loss=0.246422
  Stage 2 epoch 200/300: loss=0.149527
  Stage 2 epoch 300/300: loss=0.079342
  Stage 3 epoch 100/300: loss=0.066237
  Stage 3 epoch 200/300: loss=0.062469
  Stage 3 epoch 300/300: loss=0.058911
    r=0.5: GT=0.085 learned=0.117 err=36.9% exit=100%
    r=1.0: GT=0.248 learned=0.381 err=53.7% exit=100%
    r=2.0: GT=0.736 learned=0.986 err=33.9% exit=60%
    r=3.0: GT=0.880 learned=1.282 err=45.7% exit=4%
    W2@1.0=3.1069

  --- T ---
      Epoch 100/500: loss=0.052981
      Epoch 200/500: loss=0.021274
      Epoch 300/500: loss=0.019330
      Epoch 400/500: loss=0.012721
      Epoch 500/500: loss=0.009347
    recon=0.000965
  Stage 2 epoch 100/300: loss=0.183331
  Stage 2 epoch 200/300: loss=0.138633
  Stage 2 epoch 300/300: loss=0.083635
  Stage 3 epoch 100/300: loss=0.028082
  Stage 3 epoch 200/300: loss=0.018580
  Stage 3 epoch 300/300: loss=0.013551
    r=0.5: GT=0.085 learned=0.113 err=32.9% exit=100%
    r=1.0: GT=0.248 learned=0.405 err=63.5% exit=100%
    r=2.0: GT=0.736 learned=0.990 err=34.4% exit=62%
    r=3.0: GT=0.880 learned=1.148 err=30.5% exit=11%
    W2@1.0=3.0711

  --- F ---
      Epoch 100/500: loss=0.068593
      Epoch 200/500: loss=0.015565
      Epoch 300/500: loss=0.014804
      Epoch 400/500: loss=0.008478
      Epoch 500/500: loss=0.006346
    recon=0.005639
  Stage 2 epoch 100/300: loss=0.018263
  Stage 2 epoch 200/300: loss=0.007653
  Stage 2 epoch 300/300: loss=0.006464
  Stage 3 epoch 100/300: loss=0.127320
  Stage 3 epoch 200/300: loss=0.131849
  Stage 3 epoch 300/300: loss=0.130731
    r=0.5: GT=0.085 learned=0.086 err=0.6% exit=100%
    r=1.0: GT=0.248 learned=0.261 err=5.4% exit=100%
    r=2.0: GT=0.736 learned=0.817 err=10.9% exit=92%
    r=3.0: GT=0.880 learned=1.111 err=26.2% exit=56%
    W2@1.0=3.1860

  --- C ---
      Epoch 100/500: loss=0.057414
      Epoch 200/500: loss=0.050717
      Epoch 300/500: loss=0.051037
      Epoch 400/500: loss=0.019851
      Epoch 500/500: loss=0.017549
    recon=0.016316
  Stage 2 epoch 100/300: loss=0.244897
  Stage 2 epoch 200/300: loss=0.274491
  Stage 2 epoch 300/300: loss=0.269388
  Stage 3 epoch 100/300: loss=0.233507
  Stage 3 epoch 200/300: loss=0.251210
  Stage 3 epoch 300/300: loss=0.244272
    r=0.5: GT=0.085 learned=0.112 err=31.4% exit=100%
    r=1.0: GT=0.248 learned=0.376 err=51.8% exit=100%
    r=2.0: GT=0.736 learned=0.995 err=35.2% exit=62%
    r=3.0: GT=0.880 learned=1.310 err=48.9% exit=16%
    W2@1.0=3.1536

  --- T+F ---
      Epoch 100/500: loss=0.106975
      Epoch 200/500: loss=0.037117
      Epoch 300/500: loss=0.025878
      Epoch 400/500: loss=0.018345
      Epoch 500/500: loss=0.022651
    recon=0.000161
  Stage 2 epoch 100/300: loss=0.037703
  Stage 2 epoch 200/300: loss=0.031275
  Stage 2 epoch 300/300: loss=0.033716
  Stage 3 epoch 100/300: loss=0.030653
  Stage 3 epoch 200/300: loss=0.023817
  Stage 3 epoch 300/300: loss=0.018459
    r=0.5: GT=0.085 learned=0.116 err=36.2% exit=100%
    r=1.0: GT=0.248 learned=0.376 err=52.0% exit=100%
    r=2.0: GT=0.736 learned=0.898 err=21.9% exit=82%
    r=3.0: GT=0.880 learned=1.168 err=32.7% exit=46%
    W2@1.0=3.0155

============================================================
  quartic_dome | seed=7042
============================================================

  --- baseline ---
      Epoch 100/500: loss=0.012224
      Epoch 200/500: loss=0.004291
      Epoch 300/500: loss=0.001130
      Epoch 400/500: loss=0.000878
      Epoch 500/500: loss=0.001122
    recon=0.001287
  Stage 2 epoch 100/300: loss=0.195671
  Stage 2 epoch 200/300: loss=0.151295
  Stage 2 epoch 300/300: loss=0.092720
  Stage 3 epoch 100/300: loss=0.052476
  Stage 3 epoch 200/300: loss=0.049869
  Stage 3 epoch 300/300: loss=0.048200
    r=0.5: GT=0.081 learned=0.079 err=2.6% exit=100%
    r=1.0: GT=0.255 learned=0.273 err=7.2% exit=100%
    r=2.0: GT=0.783 learned=0.994 err=27.0% exit=69%
    r=3.0: GT=0.936 learned=1.432 err=53.0% exit=2%
    W2@1.0=2.7568

  --- T ---
      Epoch 100/500: loss=0.067694
      Epoch 200/500: loss=0.035037
      Epoch 300/500: loss=0.015179
      Epoch 400/500: loss=0.007763
      Epoch 500/500: loss=0.007264
    recon=0.001209
  Stage 2 epoch 100/300: loss=0.376343
  Stage 2 epoch 200/300: loss=0.336604
  Stage 2 epoch 300/300: loss=0.166678
  Stage 3 epoch 100/300: loss=0.016883
  Stage 3 epoch 200/300: loss=0.010664
  Stage 3 epoch 300/300: loss=0.006044
    r=0.5: GT=0.081 learned=0.084 err=4.5% exit=100%
    r=1.0: GT=0.255 learned=0.286 err=12.3% exit=100%
    r=2.0: GT=0.783 learned=1.003 err=28.1% exit=67%
    r=3.0: GT=0.936 learned=1.088 err=16.2% exit=9%
    W2@1.0=2.6832

  --- F ---
      Epoch 100/500: loss=0.074603
      Epoch 200/500: loss=0.017193
      Epoch 300/500: loss=0.015449
      Epoch 400/500: loss=0.010858
      Epoch 500/500: loss=0.008975
    recon=0.007800
  Stage 2 epoch 100/300: loss=0.013077
  Stage 2 epoch 200/300: loss=0.010829
  Stage 2 epoch 300/300: loss=0.010423
  Stage 3 epoch 100/300: loss=0.121783
  Stage 3 epoch 200/300: loss=0.124905
  Stage 3 epoch 300/300: loss=0.120575
    r=0.5: GT=0.081 learned=0.084 err=3.9% exit=100%
    r=1.0: GT=0.255 learned=0.273 err=6.9% exit=100%
    r=2.0: GT=0.783 learned=0.860 err=9.8% exit=89%
    r=3.0: GT=0.936 learned=1.213 err=29.6% exit=47%
    W2@1.0=2.8553

  --- C ---
      Epoch 100/500: loss=0.057327
      Epoch 200/500: loss=0.021718
      Epoch 300/500: loss=0.022005
      Epoch 400/500: loss=0.017403
      Epoch 500/500: loss=0.022198
    recon=0.019502
  Stage 2 epoch 100/300: loss=0.102361
  Stage 2 epoch 200/300: loss=0.098947
  Stage 2 epoch 300/300: loss=0.100273
  Stage 3 epoch 100/300: loss=0.220202
  Stage 3 epoch 200/300: loss=0.227564
  Stage 3 epoch 300/300: loss=0.219287
    r=0.5: GT=0.081 learned=0.098 err=21.3% exit=100%
    r=1.0: GT=0.255 learned=0.365 err=43.1% exit=100%
    r=2.0: GT=0.783 learned=1.041 err=32.9% exit=55%
    r=3.0: GT=0.936 learned=1.259 err=34.5% exit=8%
    W2@1.0=2.8203

  --- T+F ---
      Epoch 100/500: loss=0.146451
      Epoch 200/500: loss=0.060579
      Epoch 300/500: loss=0.030641
      Epoch 400/500: loss=0.017655
      Epoch 500/500: loss=0.011770
    recon=0.000633
  Stage 2 epoch 100/300: loss=0.038230
  Stage 2 epoch 200/300: loss=0.026307
  Stage 2 epoch 300/300: loss=0.020682
  Stage 3 epoch 100/300: loss=0.009910
  Stage 3 epoch 200/300: loss=0.008409
  Stage 3 epoch 300/300: loss=0.006713
    r=0.5: GT=0.081 learned=0.078 err=3.4% exit=100%
    r=1.0: GT=0.255 learned=0.256 err=0.4% exit=100%
    r=2.0: GT=0.783 learned=0.806 err=2.9% exit=93%
    r=3.0: GT=0.936 learned=1.113 err=18.9% exit=62%
    W2@1.0=2.7034

============================================================
  quartic_dome | seed=8042
============================================================

  --- baseline ---
      Epoch 100/500: loss=0.014747
      Epoch 200/500: loss=0.006262
      Epoch 300/500: loss=0.001881
      Epoch 400/500: loss=0.000697
      Epoch 500/500: loss=0.000481
    recon=0.000448
  Stage 2 epoch 100/300: loss=0.248584
  Stage 2 epoch 200/300: loss=0.185300
  Stage 2 epoch 300/300: loss=0.128400
  Stage 3 epoch 100/300: loss=0.058959
  Stage 3 epoch 200/300: loss=0.058104
  Stage 3 epoch 300/300: loss=0.045869
    r=0.5: GT=0.081 learned=0.074 err=9.2% exit=100%
    r=1.0: GT=0.267 learned=0.284 err=6.1% exit=100%
    r=2.0: GT=0.781 learned=0.962 err=23.2% exit=71%
    r=3.0: GT=0.915 learned=1.199 err=31.1% exit=10%
    W2@1.0=2.7207

  --- T ---
      Epoch 100/500: loss=0.068976
      Epoch 200/500: loss=0.028145
      Epoch 300/500: loss=0.022159
      Epoch 400/500: loss=0.007881
      Epoch 500/500: loss=0.012927
    recon=0.001251
  Stage 2 epoch 100/300: loss=0.298021
  Stage 2 epoch 200/300: loss=0.242373
  Stage 2 epoch 300/300: loss=0.151707
  Stage 3 epoch 100/300: loss=0.032579
  Stage 3 epoch 200/300: loss=0.026393
  Stage 3 epoch 300/300: loss=0.025599
    r=0.5: GT=0.081 learned=0.114 err=40.5% exit=100%
    r=1.0: GT=0.267 learned=0.467 err=74.8% exit=99%
    r=2.0: GT=0.781 learned=1.030 err=32.0% exit=47%
    r=3.0: GT=0.915 learned=1.349 err=47.4% exit=5%
    W2@1.0=2.7319

  --- F ---
      Epoch 100/500: loss=0.063787
      Epoch 200/500: loss=0.020545
      Epoch 300/500: loss=0.012171
      Epoch 400/500: loss=0.009186
      Epoch 500/500: loss=0.008458
    recon=0.007052
  Stage 2 epoch 100/300: loss=0.004386
  Stage 2 epoch 200/300: loss=0.002656
  Stage 2 epoch 300/300: loss=0.002356
  Stage 3 epoch 100/300: loss=0.140333
  Stage 3 epoch 200/300: loss=0.149717
  Stage 3 epoch 300/300: loss=0.118524
    r=0.5: GT=0.081 learned=0.082 err=1.2% exit=100%
    r=1.0: GT=0.267 learned=0.272 err=1.7% exit=100%
    r=2.0: GT=0.781 learned=0.856 err=9.6% exit=90%
    r=3.0: GT=0.915 learned=1.248 err=36.5% exit=46%
    W2@1.0=2.7817

  --- C ---
      Epoch 100/500: loss=0.059901
      Epoch 200/500: loss=0.053187
      Epoch 300/500: loss=0.028162
      Epoch 400/500: loss=0.017537
      Epoch 500/500: loss=0.018701
    recon=0.016645
  Stage 2 epoch 100/300: loss=0.213621
  Stage 2 epoch 200/300: loss=0.194407
  Stage 2 epoch 300/300: loss=0.207048
  Stage 3 epoch 100/300: loss=0.245194
  Stage 3 epoch 200/300: loss=0.283450
  Stage 3 epoch 300/300: loss=0.220623
    r=0.5: GT=0.081 learned=0.105 err=28.5% exit=100%
    r=1.0: GT=0.267 learned=0.382 err=42.8% exit=100%
    r=2.0: GT=0.781 learned=1.004 err=28.6% exit=70%
    r=3.0: GT=0.915 learned=1.221 err=33.5% exit=27%
    W2@1.0=2.7749

  --- T+F ---
      Epoch 100/500: loss=0.133044
      Epoch 200/500: loss=0.046808
      Epoch 300/500: loss=0.028619
      Epoch 400/500: loss=0.011707
      Epoch 500/500: loss=0.008917
    recon=0.000356
  Stage 2 epoch 100/300: loss=0.068531
  Stage 2 epoch 200/300: loss=0.044403
  Stage 2 epoch 300/300: loss=0.030877
  Stage 3 epoch 100/300: loss=0.026259
  Stage 3 epoch 200/300: loss=0.020407
  Stage 3 epoch 300/300: loss=0.019194
    r=0.5: GT=0.081 learned=0.109 err=34.1% exit=100%
    r=1.0: GT=0.267 learned=0.378 err=41.4% exit=100%
    r=2.0: GT=0.781 learned=0.953 err=22.1% exit=80%
    r=3.0: GT=0.915 learned=1.171 err=28.1% exit=47%
    W2@1.0=2.6242

============================================================
  quartic_dome | seed=9042
============================================================

  --- baseline ---
      Epoch 100/500: loss=0.014496
      Epoch 200/500: loss=0.005204
      Epoch 300/500: loss=0.001247
      Epoch 400/500: loss=0.000654
      Epoch 500/500: loss=0.000849
    recon=0.000589
  Stage 2 epoch 100/300: loss=0.285737
  Stage 2 epoch 200/300: loss=0.174506
  Stage 2 epoch 300/300: loss=0.057150
  Stage 3 epoch 100/300: loss=0.050906
  Stage 3 epoch 200/300: loss=0.047994
  Stage 3 epoch 300/300: loss=0.047698
    r=0.5: GT=0.084 learned=0.079 err=5.4% exit=100%
    r=1.0: GT=0.255 learned=0.270 err=6.0% exit=100%
    r=2.0: GT=0.777 learned=0.966 err=24.3% exit=71%
    r=3.0: GT=0.909 learned=1.124 err=23.7% exit=4%
    W2@1.0=3.1088

  --- T ---
      Epoch 100/500: loss=0.053105
      Epoch 200/500: loss=0.020153
      Epoch 300/500: loss=0.022436
      Epoch 400/500: loss=0.011801
      Epoch 500/500: loss=0.009700
    recon=0.000986
  Stage 2 epoch 100/300: loss=0.292412
  Stage 2 epoch 200/300: loss=0.267668
  Stage 2 epoch 300/300: loss=0.219029
  Stage 3 epoch 100/300: loss=0.018261
  Stage 3 epoch 200/300: loss=0.009285
  Stage 3 epoch 300/300: loss=0.006489
    r=0.5: GT=0.084 learned=0.081 err=2.6% exit=100%
    r=1.0: GT=0.255 learned=0.284 err=11.2% exit=100%
    r=2.0: GT=0.777 learned=0.959 err=23.3% exit=72%
    r=3.0: GT=0.909 learned=1.121 err=23.3% exit=15%
    W2@1.0=3.0871

  --- F ---
      Epoch 100/500: loss=0.069567
      Epoch 200/500: loss=0.014938
      Epoch 300/500: loss=0.010734
      Epoch 400/500: loss=0.008475
      Epoch 500/500: loss=0.007826
    recon=0.007262
  Stage 2 epoch 100/300: loss=0.006272
  Stage 2 epoch 200/300: loss=0.003582
  Stage 2 epoch 300/300: loss=0.002896
  Stage 3 epoch 100/300: loss=0.132549
  Stage 3 epoch 200/300: loss=0.146775
  Stage 3 epoch 300/300: loss=0.139346
    r=0.5: GT=0.084 learned=0.085 err=1.9% exit=100%
    r=1.0: GT=0.255 learned=0.280 err=10.0% exit=100%
    r=2.0: GT=0.777 learned=0.831 err=6.9% exit=87%
    r=3.0: GT=0.909 learned=1.190 err=31.0% exit=44%
    W2@1.0=3.1924

  --- C ---
      Epoch 100/500: loss=0.040495
      Epoch 200/500: loss=0.020389
      Epoch 300/500: loss=0.020224
      Epoch 400/500: loss=0.019841
      Epoch 500/500: loss=0.018682
    recon=0.015871
  Stage 2 epoch 100/300: loss=0.415946
  Stage 2 epoch 200/300: loss=0.371018
  Stage 2 epoch 300/300: loss=0.357427
  Stage 3 epoch 100/300: loss=0.222546
  Stage 3 epoch 200/300: loss=0.256408
  Stage 3 epoch 300/300: loss=0.244208
    r=0.5: GT=0.084 learned=0.095 err=14.1% exit=100%
    r=1.0: GT=0.255 learned=0.353 err=38.6% exit=100%
    r=2.0: GT=0.777 learned=0.977 err=25.7% exit=68%
    r=3.0: GT=0.909 learned=1.250 err=37.6% exit=18%
    W2@1.0=3.1987

  --- T+F ---
      Epoch 100/500: loss=0.107981
      Epoch 200/500: loss=0.057738
      Epoch 300/500: loss=0.024446
      Epoch 400/500: loss=0.032536
      Epoch 500/500: loss=0.014136
    recon=0.000414
  Stage 2 epoch 100/300: loss=0.047157
  Stage 2 epoch 200/300: loss=0.049974
  Stage 2 epoch 300/300: loss=0.034851
  Stage 3 epoch 100/300: loss=0.017023
  Stage 3 epoch 200/300: loss=0.008855
  Stage 3 epoch 300/300: loss=0.007344
    r=0.5: GT=0.084 learned=0.078 err=6.6% exit=100%
    r=1.0: GT=0.255 learned=0.248 err=2.7% exit=100%
    r=2.0: GT=0.777 learned=0.798 err=2.6% exit=89%
    r=3.0: GT=0.909 learned=1.121 err=23.4% exit=52%
    W2@1.0=3.1163

============================================================
  sinusoidal | seed=42
============================================================

  --- baseline ---
      Epoch 100/500: loss=0.009276
      Epoch 200/500: loss=0.004199
      Epoch 300/500: loss=0.000915
      Epoch 400/500: loss=0.000559
      Epoch 500/500: loss=0.000486
    recon=0.000450
  Stage 2 epoch 100/300: loss=0.114427
  Stage 2 epoch 200/300: loss=0.117979
  Stage 2 epoch 300/300: loss=0.096718
  Stage 3 epoch 100/300: loss=0.046972
  Stage 3 epoch 200/300: loss=0.032014
  Stage 3 epoch 300/300: loss=0.033301
    r=0.5: GT=0.069 learned=0.070 err=0.7% exit=100%
    r=1.0: GT=0.237 learned=0.251 err=5.9% exit=100%
    r=2.0: GT=0.754 learned=0.866 err=14.8% exit=84%
    r=3.0: GT=1.098 learned=1.280 err=16.5% exit=33%
    W2@1.0=0.6390

  --- T ---
      Epoch 100/500: loss=0.012444
      Epoch 200/500: loss=0.006562
      Epoch 300/500: loss=0.004012
      Epoch 400/500: loss=0.001574
      Epoch 500/500: loss=0.001943
    recon=0.000301
  Stage 2 epoch 100/300: loss=0.236753
  Stage 2 epoch 200/300: loss=0.221696
  Stage 2 epoch 300/300: loss=0.125008
  Stage 3 epoch 100/300: loss=0.018024
  Stage 3 epoch 200/300: loss=0.003104
  Stage 3 epoch 300/300: loss=0.001683
    r=0.5: GT=0.069 learned=0.070 err=1.7% exit=100%
    r=1.0: GT=0.237 learned=0.258 err=8.6% exit=100%
    r=2.0: GT=0.754 learned=0.889 err=17.9% exit=82%
    r=3.0: GT=1.098 learned=1.263 err=15.0% exit=24%
    W2@1.0=0.5862

  --- F ---
      Epoch 100/500: loss=0.121560
      Epoch 200/500: loss=0.015217
      Epoch 300/500: loss=0.008647
      Epoch 400/500: loss=0.006980
      Epoch 500/500: loss=0.004401
    recon=0.003959
  Stage 2 epoch 100/300: loss=0.015766
  Stage 2 epoch 200/300: loss=0.005368
  Stage 2 epoch 300/300: loss=0.003629
  Stage 3 epoch 100/300: loss=0.168360
  Stage 3 epoch 200/300: loss=0.132336
  Stage 3 epoch 300/300: loss=0.138095
    r=0.5: GT=0.069 learned=0.070 err=1.5% exit=100%
    r=1.0: GT=0.237 learned=0.231 err=2.9% exit=100%
    r=2.0: GT=0.754 learned=0.802 err=6.4% exit=91%
    r=3.0: GT=1.098 learned=1.284 err=16.9% exit=42%
    W2@1.0=0.7420

  --- C ---
      Epoch 100/500: loss=0.019938
      Epoch 200/500: loss=0.016350
      Epoch 300/500: loss=0.015509
      Epoch 400/500: loss=0.012459
      Epoch 500/500: loss=0.011272
    recon=0.009252
  Stage 2 epoch 100/300: loss=0.538704
  Stage 2 epoch 200/300: loss=0.651383
  Stage 2 epoch 300/300: loss=0.628846
  Stage 3 epoch 100/300: loss=0.231308
  Stage 3 epoch 200/300: loss=0.200159
  Stage 3 epoch 300/300: loss=0.206713
    r=0.5: GT=0.069 learned=0.076 err=9.3% exit=100%
    r=1.0: GT=0.237 learned=0.247 err=4.1% exit=100%
    r=2.0: GT=0.754 learned=0.818 err=8.4% exit=91%
    r=3.0: GT=1.098 learned=1.201 err=9.4% exit=51%
    W2@1.0=0.8584

  --- T+F ---
      Epoch 100/500: loss=0.038438
      Epoch 200/500: loss=0.014991
      Epoch 300/500: loss=0.004155
      Epoch 400/500: loss=0.002255
      Epoch 500/500: loss=0.061245
    recon=0.001324
  Stage 2 epoch 100/300: loss=0.041547
  Stage 2 epoch 200/300: loss=0.039754
  Stage 2 epoch 300/300: loss=0.017014
  Stage 3 epoch 100/300: loss=0.022670
  Stage 3 epoch 200/300: loss=0.013480
  Stage 3 epoch 300/300: loss=0.004071
    r=0.5: GT=0.069 learned=0.072 err=4.2% exit=100%
    r=1.0: GT=0.237 learned=0.230 err=3.1% exit=100%
    r=2.0: GT=0.754 learned=0.739 err=2.0% exit=95%
    r=3.0: GT=1.098 learned=1.160 err=5.6% exit=65%
    W2@1.0=0.6663

============================================================
  sinusoidal | seed=1042
============================================================

  --- baseline ---
      Epoch 100/500: loss=0.008905
      Epoch 200/500: loss=0.002768
      Epoch 300/500: loss=0.002039
      Epoch 400/500: loss=0.000654
      Epoch 500/500: loss=0.000426
    recon=0.000410
  Stage 2 epoch 100/300: loss=0.131424
  Stage 2 epoch 200/300: loss=0.096480
  Stage 2 epoch 300/300: loss=0.071165
  Stage 3 epoch 100/300: loss=0.035299
  Stage 3 epoch 200/300: loss=0.038883
  Stage 3 epoch 300/300: loss=0.025513
    r=0.5: GT=0.069 learned=0.067 err=2.9% exit=100%
    r=1.0: GT=0.226 learned=0.231 err=2.1% exit=100%
    r=2.0: GT=0.751 learned=0.829 err=10.4% exit=84%
    r=3.0: GT=1.086 learned=1.210 err=11.5% exit=26%
    W2@1.0=0.5489

  --- T ---
      Epoch 100/500: loss=0.013932
      Epoch 200/500: loss=0.003662
      Epoch 300/500: loss=0.001848
      Epoch 400/500: loss=0.002300
      Epoch 500/500: loss=0.001362
    recon=0.000161
  Stage 2 epoch 100/300: loss=0.198516
  Stage 2 epoch 200/300: loss=0.144487
  Stage 2 epoch 300/300: loss=0.163450
  Stage 3 epoch 100/300: loss=0.014033
  Stage 3 epoch 200/300: loss=0.003567
  Stage 3 epoch 300/300: loss=0.001376
    r=0.5: GT=0.069 learned=0.067 err=3.1% exit=100%
    r=1.0: GT=0.226 learned=0.238 err=5.0% exit=100%
    r=2.0: GT=0.751 learned=0.789 err=5.1% exit=83%
    r=3.0: GT=1.086 learned=1.158 err=6.7% exit=30%
    W2@1.0=0.4405

  --- F ---
      Epoch 100/500: loss=0.109753
      Epoch 200/500: loss=0.009569
      Epoch 300/500: loss=0.007179
      Epoch 400/500: loss=0.006548
      Epoch 500/500: loss=0.003705
    recon=0.003259
  Stage 2 epoch 100/300: loss=0.036748
  Stage 2 epoch 200/300: loss=0.007314
  Stage 2 epoch 300/300: loss=0.004968
  Stage 3 epoch 100/300: loss=0.097546
  Stage 3 epoch 200/300: loss=0.127464
  Stage 3 epoch 300/300: loss=0.093662
    r=0.5: GT=0.069 learned=0.066 err=4.3% exit=100%
    r=1.0: GT=0.226 learned=0.229 err=1.2% exit=100%
    r=2.0: GT=0.751 learned=0.789 err=5.0% exit=90%
    r=3.0: GT=1.086 learned=1.237 err=14.0% exit=37%
    W2@1.0=0.7491

  --- C ---
      Epoch 100/500: loss=0.018903
      Epoch 200/500: loss=0.012482
      Epoch 300/500: loss=0.011598
      Epoch 400/500: loss=0.010725
      Epoch 500/500: loss=0.010342
    recon=0.008226
  Stage 2 epoch 100/300: loss=0.933122
  Stage 2 epoch 200/300: loss=0.941184
  Stage 2 epoch 300/300: loss=0.977625
  Stage 3 epoch 100/300: loss=0.166142
  Stage 3 epoch 200/300: loss=0.213030
  Stage 3 epoch 300/300: loss=0.168916
    r=0.5: GT=0.069 learned=0.078 err=13.7% exit=100%
    r=1.0: GT=0.226 learned=0.272 err=20.4% exit=100%
    r=2.0: GT=0.751 learned=0.801 err=6.7% exit=83%
    r=3.0: GT=1.086 learned=1.132 err=4.3% exit=34%
    W2@1.0=0.8206

  --- T+F ---
      Epoch 100/500: loss=0.047656
      Epoch 200/500: loss=0.011277
      Epoch 300/500: loss=0.002937
      Epoch 400/500: loss=0.002138
      Epoch 500/500: loss=0.001548
    recon=0.000073
  Stage 2 epoch 100/300: loss=0.035444
  Stage 2 epoch 200/300: loss=0.018192
  Stage 2 epoch 300/300: loss=0.020268
  Stage 3 epoch 100/300: loss=0.030467
  Stage 3 epoch 200/300: loss=0.024490
  Stage 3 epoch 300/300: loss=0.021170
    r=0.5: GT=0.069 learned=0.094 err=37.5% exit=100%
    r=1.0: GT=0.226 learned=0.300 err=32.5% exit=100%
    r=2.0: GT=0.751 learned=0.882 err=17.4% exit=83%
    r=3.0: GT=1.086 learned=1.136 err=4.7% exit=39%
    W2@1.0=0.4836

============================================================
  sinusoidal | seed=2042
============================================================

  --- baseline ---
      Epoch 100/500: loss=0.008842
      Epoch 200/500: loss=0.003490
      Epoch 300/500: loss=0.001685
      Epoch 400/500: loss=0.001099
      Epoch 500/500: loss=0.000590
    recon=0.000459
  Stage 2 epoch 100/300: loss=0.159621
  Stage 2 epoch 200/300: loss=0.128175
  Stage 2 epoch 300/300: loss=0.095373
  Stage 3 epoch 100/300: loss=0.031778
  Stage 3 epoch 200/300: loss=0.032018
  Stage 3 epoch 300/300: loss=0.024868
    r=0.5: GT=0.068 learned=0.066 err=3.9% exit=100%
    r=1.0: GT=0.219 learned=0.236 err=7.8% exit=100%
    r=2.0: GT=0.742 learned=0.932 err=25.6% exit=83%
    r=3.0: GT=1.101 learned=1.280 err=16.2% exit=20%
    W2@1.0=0.6637

  --- T ---
      Epoch 100/500: loss=0.015533
      Epoch 200/500: loss=0.006616
      Epoch 300/500: loss=0.001325
      Epoch 400/500: loss=0.000849
      Epoch 500/500: loss=0.001351
    recon=0.000092
  Stage 2 epoch 100/300: loss=0.157694
  Stage 2 epoch 200/300: loss=0.141365
  Stage 2 epoch 300/300: loss=0.151115
  Stage 3 epoch 100/300: loss=0.014224
  Stage 3 epoch 200/300: loss=0.003485
  Stage 3 epoch 300/300: loss=0.001153
    r=0.5: GT=0.068 learned=0.067 err=1.6% exit=100%
    r=1.0: GT=0.219 learned=0.247 err=12.7% exit=100%
    r=2.0: GT=0.742 learned=0.834 err=12.4% exit=85%
    r=3.0: GT=1.101 learned=1.200 err=8.9% exit=33%
    W2@1.0=0.5277

  --- F ---
      Epoch 100/500: loss=0.085172
      Epoch 200/500: loss=0.008548
      Epoch 300/500: loss=0.006662
      Epoch 400/500: loss=0.004496
      Epoch 500/500: loss=0.003276
    recon=0.002596
  Stage 2 epoch 100/300: loss=0.008987
  Stage 2 epoch 200/300: loss=0.004007
  Stage 2 epoch 300/300: loss=0.003274
  Stage 3 epoch 100/300: loss=0.095217
  Stage 3 epoch 200/300: loss=0.098458
  Stage 3 epoch 300/300: loss=0.085557
    r=0.5: GT=0.068 learned=0.063 err=7.4% exit=100%
    r=1.0: GT=0.219 learned=0.217 err=0.9% exit=100%
    r=2.0: GT=0.742 learned=0.819 err=10.4% exit=92%
    r=3.0: GT=1.101 learned=1.217 err=10.5% exit=39%
    W2@1.0=0.6659

  --- C ---
      Epoch 100/500: loss=0.020263
      Epoch 200/500: loss=0.021350
      Epoch 300/500: loss=0.010344
      Epoch 400/500: loss=0.010357
      Epoch 500/500: loss=0.010539
    recon=0.007598
  Stage 2 epoch 100/300: loss=0.299329
  Stage 2 epoch 200/300: loss=0.293011
  Stage 2 epoch 300/300: loss=0.350751
  Stage 3 epoch 100/300: loss=0.187461
  Stage 3 epoch 200/300: loss=0.195050
  Stage 3 epoch 300/300: loss=0.178155
    r=0.5: GT=0.068 learned=0.075 err=10.4% exit=100%
    r=1.0: GT=0.219 learned=0.277 err=26.5% exit=100%
    r=2.0: GT=0.742 learned=0.914 err=23.1% exit=83%
    r=3.0: GT=1.101 learned=1.170 err=6.3% exit=25%
    W2@1.0=0.9060

  --- T+F ---
      Epoch 100/500: loss=0.028419
      Epoch 200/500: loss=0.009803
      Epoch 300/500: loss=0.002701
      Epoch 400/500: loss=0.001537
      Epoch 500/500: loss=0.001071
    recon=0.000051
  Stage 2 epoch 100/300: loss=0.022374
  Stage 2 epoch 200/300: loss=0.019031
  Stage 2 epoch 300/300: loss=0.018509
  Stage 3 epoch 100/300: loss=0.011567
  Stage 3 epoch 200/300: loss=0.003861
  Stage 3 epoch 300/300: loss=0.001341
    r=0.5: GT=0.068 learned=0.066 err=3.4% exit=100%
    r=1.0: GT=0.219 learned=0.219 err=0.1% exit=100%
    r=2.0: GT=0.742 learned=0.751 err=1.3% exit=95%
    r=3.0: GT=1.101 learned=1.121 err=1.8% exit=63%
    W2@1.0=0.5440

============================================================
  sinusoidal | seed=3042
============================================================

  --- baseline ---
      Epoch 100/500: loss=0.008777
      Epoch 200/500: loss=0.003048
      Epoch 300/500: loss=0.001648
      Epoch 400/500: loss=0.000779
      Epoch 500/500: loss=0.003222
    recon=0.002048
  Stage 2 epoch 100/300: loss=0.067059
  Stage 2 epoch 200/300: loss=0.051989
  Stage 2 epoch 300/300: loss=0.028726
  Stage 3 epoch 100/300: loss=0.034912
  Stage 3 epoch 200/300: loss=0.027349
  Stage 3 epoch 300/300: loss=0.023991
    r=0.5: GT=0.072 learned=0.071 err=0.9% exit=100%
    r=1.0: GT=0.225 learned=0.243 err=8.1% exit=100%
    r=2.0: GT=0.729 learned=0.871 err=19.5% exit=84%
    r=3.0: GT=1.140 learned=1.232 err=8.1% exit=27%
    W2@1.0=0.6584

  --- T ---
      Epoch 100/500: loss=0.018234
      Epoch 200/500: loss=0.002935
      Epoch 300/500: loss=0.001454
      Epoch 400/500: loss=0.001821
      Epoch 500/500: loss=0.001784
    recon=0.000687
  Stage 2 epoch 100/300: loss=0.201338
  Stage 2 epoch 200/300: loss=0.207229
  Stage 2 epoch 300/300: loss=0.138575
  Stage 3 epoch 100/300: loss=0.008483
  Stage 3 epoch 200/300: loss=0.003110
  Stage 3 epoch 300/300: loss=0.002111
    r=0.5: GT=0.072 learned=0.069 err=3.2% exit=100%
    r=1.0: GT=0.225 learned=0.243 err=8.1% exit=100%
    r=2.0: GT=0.729 learned=0.876 err=20.1% exit=84%
    r=3.0: GT=1.140 learned=1.223 err=7.3% exit=25%
    W2@1.0=0.5628

  --- F ---
      Epoch 100/500: loss=0.079876
      Epoch 200/500: loss=0.012253
      Epoch 300/500: loss=0.010859
      Epoch 400/500: loss=0.008512
      Epoch 500/500: loss=0.005645
    recon=0.004860
  Stage 2 epoch 100/300: loss=0.014598
  Stage 2 epoch 200/300: loss=0.006595
  Stage 2 epoch 300/300: loss=0.005670
  Stage 3 epoch 100/300: loss=0.130803
  Stage 3 epoch 200/300: loss=0.132719
  Stage 3 epoch 300/300: loss=0.126850
    r=0.5: GT=0.072 learned=0.067 err=6.8% exit=100%
    r=1.0: GT=0.225 learned=0.223 err=0.8% exit=100%
    r=2.0: GT=0.729 learned=0.859 err=17.7% exit=90%
    r=3.0: GT=1.140 learned=1.241 err=8.9% exit=37%
    W2@1.0=0.7383

  --- C ---
      Epoch 100/500: loss=0.019558
      Epoch 200/500: loss=0.013005
      Epoch 300/500: loss=0.018001
      Epoch 400/500: loss=0.011773
      Epoch 500/500: loss=0.013758
    recon=0.012413
  Stage 2 epoch 100/300: loss=0.237465
  Stage 2 epoch 200/300: loss=0.242079
  Stage 2 epoch 300/300: loss=0.224052
  Stage 3 epoch 100/300: loss=0.195643
  Stage 3 epoch 200/300: loss=0.203750
  Stage 3 epoch 300/300: loss=0.201470
    r=0.5: GT=0.072 learned=0.079 err=10.5% exit=100%
    r=1.0: GT=0.225 learned=0.289 err=28.5% exit=100%
    r=2.0: GT=0.729 learned=0.925 err=26.8% exit=85%
    r=3.0: GT=1.140 learned=1.225 err=7.5% exit=33%
    W2@1.0=0.9553

  --- T+F ---
      Epoch 100/500: loss=0.031584
      Epoch 200/500: loss=0.014136
      Epoch 300/500: loss=0.010064
      Epoch 400/500: loss=0.003004
      Epoch 500/500: loss=0.006017
    recon=0.000894
  Stage 2 epoch 100/300: loss=0.022384
  Stage 2 epoch 200/300: loss=0.022162
  Stage 2 epoch 300/300: loss=0.010335
  Stage 3 epoch 100/300: loss=0.008766
  Stage 3 epoch 200/300: loss=0.006776
  Stage 3 epoch 300/300: loss=0.004930
    r=0.5: GT=0.072 learned=0.067 err=6.4% exit=100%
    r=1.0: GT=0.225 learned=0.226 err=0.4% exit=100%
    r=2.0: GT=0.729 learned=0.737 err=1.0% exit=94%
    r=3.0: GT=1.140 learned=1.101 err=3.4% exit=58%
    W2@1.0=0.5927

============================================================
  sinusoidal | seed=4042
============================================================

  --- baseline ---
      Epoch 100/500: loss=0.009542
      Epoch 200/500: loss=0.002750
      Epoch 300/500: loss=0.000926
      Epoch 400/500: loss=0.000426
      Epoch 500/500: loss=0.000339
    recon=0.000358
  Stage 2 epoch 100/300: loss=0.179650
  Stage 2 epoch 200/300: loss=0.162135
  Stage 2 epoch 300/300: loss=0.141458
  Stage 3 epoch 100/300: loss=0.039501
  Stage 3 epoch 200/300: loss=0.023404
  Stage 3 epoch 300/300: loss=0.019667
    r=0.5: GT=0.066 learned=0.066 err=1.3% exit=100%
    r=1.0: GT=0.217 learned=0.228 err=5.0% exit=100%
    r=2.0: GT=0.716 learned=0.833 err=16.4% exit=87%
    r=3.0: GT=1.078 learned=1.280 err=18.7% exit=25%
    W2@1.0=0.5276

  --- T ---
      Epoch 100/500: loss=0.011651
      Epoch 200/500: loss=0.008872
      Epoch 300/500: loss=0.002627
      Epoch 400/500: loss=0.002738
      Epoch 500/500: loss=0.001416
    recon=0.000177
  Stage 2 epoch 100/300: loss=0.185087
  Stage 2 epoch 200/300: loss=0.115881
  Stage 2 epoch 300/300: loss=0.064962
  Stage 3 epoch 100/300: loss=0.009172
  Stage 3 epoch 200/300: loss=0.004332
  Stage 3 epoch 300/300: loss=0.002217
    r=0.5: GT=0.066 learned=0.067 err=0.8% exit=100%
    r=1.0: GT=0.217 learned=0.232 err=6.7% exit=100%
    r=2.0: GT=0.716 learned=0.822 err=14.8% exit=87%
    r=3.0: GT=1.078 learned=1.159 err=7.4% exit=25%
    W2@1.0=0.5029

  --- F ---
      Epoch 100/500: loss=0.050134
      Epoch 200/500: loss=0.010120
      Epoch 300/500: loss=0.005408
      Epoch 400/500: loss=0.004039
      Epoch 500/500: loss=0.002729
    recon=0.002459
  Stage 2 epoch 100/300: loss=0.031134
  Stage 2 epoch 200/300: loss=0.017107
  Stage 2 epoch 300/300: loss=0.012037
  Stage 3 epoch 100/300: loss=0.115496
  Stage 3 epoch 200/300: loss=0.101623
  Stage 3 epoch 300/300: loss=0.099385
    r=0.5: GT=0.066 learned=0.064 err=3.3% exit=100%
    r=1.0: GT=0.217 learned=0.218 err=0.3% exit=100%
    r=2.0: GT=0.716 learned=0.769 err=7.4% exit=93%
    r=3.0: GT=1.078 learned=1.190 err=10.4% exit=46%
    W2@1.0=0.7366

  --- C ---
      Epoch 100/500: loss=0.023856
      Epoch 200/500: loss=0.018199
      Epoch 300/500: loss=0.012303
      Epoch 400/500: loss=0.012015
      Epoch 500/500: loss=0.013402
    recon=0.010683
  Stage 2 epoch 100/300: loss=0.270909
  Stage 2 epoch 200/300: loss=0.247307
  Stage 2 epoch 300/300: loss=0.220087
  Stage 3 epoch 100/300: loss=0.218534
  Stage 3 epoch 200/300: loss=0.203489
  Stage 3 epoch 300/300: loss=0.197818
    r=0.5: GT=0.066 learned=0.076 err=15.1% exit=100%
    r=1.0: GT=0.217 learned=0.263 err=21.3% exit=100%
    r=2.0: GT=0.716 learned=0.815 err=13.8% exit=89%
    r=3.0: GT=1.078 learned=1.165 err=8.1% exit=53%
    W2@1.0=0.8805

  --- T+F ---
      Epoch 100/500: loss=0.028691
      Epoch 200/500: loss=0.013287
      Epoch 300/500: loss=0.005114
      Epoch 400/500: loss=0.001934
      Epoch 500/500: loss=0.001267
    recon=0.000093
  Stage 2 epoch 100/300: loss=0.059566
  Stage 2 epoch 200/300: loss=0.035020
  Stage 2 epoch 300/300: loss=0.040003
  Stage 3 epoch 100/300: loss=0.009833
  Stage 3 epoch 200/300: loss=0.003790
  Stage 3 epoch 300/300: loss=0.001645
    r=0.5: GT=0.066 learned=0.065 err=2.6% exit=100%
    r=1.0: GT=0.217 learned=0.215 err=0.8% exit=100%
    r=2.0: GT=0.716 learned=0.716 err=0.1% exit=94%
    r=3.0: GT=1.078 learned=1.094 err=1.5% exit=62%
    W2@1.0=0.7772

============================================================
  sinusoidal | seed=5042
============================================================

  --- baseline ---
      Epoch 100/500: loss=0.008309
      Epoch 200/500: loss=0.003213
      Epoch 300/500: loss=0.000905
      Epoch 400/500: loss=0.000739
      Epoch 500/500: loss=0.000589
    recon=0.000509
  Stage 2 epoch 100/300: loss=0.134302
  Stage 2 epoch 200/300: loss=0.099036
  Stage 2 epoch 300/300: loss=0.071415
  Stage 3 epoch 100/300: loss=0.034904
  Stage 3 epoch 200/300: loss=0.035121
  Stage 3 epoch 300/300: loss=0.035746
    r=0.5: GT=0.066 learned=0.062 err=6.2% exit=100%
    r=1.0: GT=0.211 learned=0.227 err=7.9% exit=100%
    r=2.0: GT=0.734 learned=0.833 err=13.4% exit=88%
    r=3.0: GT=1.097 learned=1.191 err=8.6% exit=29%
    W2@1.0=0.5975

  --- T ---
      Epoch 100/500: loss=0.013760
      Epoch 200/500: loss=0.006764
      Epoch 300/500: loss=0.002529
      Epoch 400/500: loss=0.001590
      Epoch 500/500: loss=0.010009
    recon=0.003289
  Stage 2 epoch 100/300: loss=0.152234
  Stage 2 epoch 200/300: loss=0.100932
  Stage 2 epoch 300/300: loss=0.045644
  Stage 3 epoch 100/300: loss=0.024017
  Stage 3 epoch 200/300: loss=0.006885
  Stage 3 epoch 300/300: loss=0.004825
    r=0.5: GT=0.066 learned=0.065 err=1.8% exit=100%
    r=1.0: GT=0.211 learned=0.234 err=10.9% exit=100%
    r=2.0: GT=0.734 learned=0.879 err=19.7% exit=80%
    r=3.0: GT=1.097 learned=1.341 err=22.2% exit=8%
    W2@1.0=0.5422

  --- F ---
      Epoch 100/500: loss=0.069782
      Epoch 200/500: loss=0.010089
      Epoch 300/500: loss=0.009173
      Epoch 400/500: loss=0.005470
      Epoch 500/500: loss=0.004264
    recon=0.003523
  Stage 2 epoch 100/300: loss=0.015103
  Stage 2 epoch 200/300: loss=0.007287
  Stage 2 epoch 300/300: loss=0.003606
  Stage 3 epoch 100/300: loss=0.112491
  Stage 3 epoch 200/300: loss=0.116095
  Stage 3 epoch 300/300: loss=0.119134
    r=0.5: GT=0.066 learned=0.062 err=5.6% exit=100%
    r=1.0: GT=0.211 learned=0.212 err=0.6% exit=100%
    r=2.0: GT=0.734 learned=0.767 err=4.4% exit=91%
    r=3.0: GT=1.097 learned=1.198 err=9.3% exit=47%
    W2@1.0=0.7048

  --- C ---
      Epoch 100/500: loss=0.034179
      Epoch 200/500: loss=0.015031
      Epoch 300/500: loss=0.014296
      Epoch 400/500: loss=0.011851
      Epoch 500/500: loss=0.013744
    recon=0.009810
  Stage 2 epoch 100/300: loss=0.199122
  Stage 2 epoch 200/300: loss=0.194033
  Stage 2 epoch 300/300: loss=0.202756
  Stage 3 epoch 100/300: loss=0.198351
  Stage 3 epoch 200/300: loss=0.203796
  Stage 3 epoch 300/300: loss=0.206383
    r=0.5: GT=0.066 learned=0.073 err=10.0% exit=100%
    r=1.0: GT=0.211 learned=0.249 err=18.2% exit=100%
    r=2.0: GT=0.734 learned=0.808 err=10.1% exit=87%
    r=3.0: GT=1.097 learned=1.186 err=8.1% exit=43%
    W2@1.0=0.7619

  --- T+F ---
      Epoch 100/500: loss=0.046543
      Epoch 200/500: loss=0.008644
      Epoch 300/500: loss=0.008154
      Epoch 400/500: loss=0.002297
      Epoch 500/500: loss=0.001650
    recon=0.000019
  Stage 2 epoch 100/300: loss=0.037361
  Stage 2 epoch 200/300: loss=0.038620
  Stage 2 epoch 300/300: loss=0.026778
  Stage 3 epoch 100/300: loss=0.008703
  Stage 3 epoch 200/300: loss=0.004895
  Stage 3 epoch 300/300: loss=0.003346
    r=0.5: GT=0.066 learned=0.064 err=3.4% exit=100%
    r=1.0: GT=0.211 learned=0.224 err=6.3% exit=100%
    r=2.0: GT=0.734 learned=0.776 err=5.6% exit=96%
    r=3.0: GT=1.097 learned=1.116 err=1.8% exit=64%
    W2@1.0=0.6718

============================================================
  sinusoidal | seed=6042
============================================================

  --- baseline ---
      Epoch 100/500: loss=0.010604
      Epoch 200/500: loss=0.003133
      Epoch 300/500: loss=0.000822
      Epoch 400/500: loss=0.000624
      Epoch 500/500: loss=0.001102
    recon=0.000822
  Stage 2 epoch 100/300: loss=0.111289
  Stage 2 epoch 200/300: loss=0.070135
  Stage 2 epoch 300/300: loss=0.044723
  Stage 3 epoch 100/300: loss=0.060420
  Stage 3 epoch 200/300: loss=0.037478
  Stage 3 epoch 300/300: loss=0.051010
    r=0.5: GT=0.069 learned=0.070 err=1.5% exit=100%
    r=1.0: GT=0.216 learned=0.234 err=8.2% exit=100%
    r=2.0: GT=0.689 learned=0.825 err=19.7% exit=84%
    r=3.0: GT=1.042 learned=1.197 err=14.8% exit=20%
    W2@1.0=0.6124

  --- T ---
      Epoch 100/500: loss=0.015563
      Epoch 200/500: loss=0.004191
      Epoch 300/500: loss=0.003050
      Epoch 400/500: loss=0.001544
      Epoch 500/500: loss=0.001536
    recon=0.000410
  Stage 2 epoch 100/300: loss=0.166274
  Stage 2 epoch 200/300: loss=0.139259
  Stage 2 epoch 300/300: loss=0.083936
  Stage 3 epoch 100/300: loss=0.025782
  Stage 3 epoch 200/300: loss=0.005743
  Stage 3 epoch 300/300: loss=0.002695
    r=0.5: GT=0.069 learned=0.073 err=5.0% exit=100%
    r=1.0: GT=0.216 learned=0.244 err=12.9% exit=100%
    r=2.0: GT=0.689 learned=0.814 err=18.2% exit=83%
    r=3.0: GT=1.042 learned=1.148 err=10.2% exit=23%
    W2@1.0=0.5486

  --- F ---
      Epoch 100/500: loss=0.065716
      Epoch 200/500: loss=0.012282
      Epoch 300/500: loss=0.005987
      Epoch 400/500: loss=0.004605
      Epoch 500/500: loss=0.003429
    recon=0.002777
  Stage 2 epoch 100/300: loss=0.021973
  Stage 2 epoch 200/300: loss=0.013049
  Stage 2 epoch 300/300: loss=0.010541
  Stage 3 epoch 100/300: loss=0.152204
  Stage 3 epoch 200/300: loss=0.120844
  Stage 3 epoch 300/300: loss=0.147573
    r=0.5: GT=0.069 learned=0.064 err=7.1% exit=100%
    r=1.0: GT=0.216 learned=0.217 err=0.6% exit=100%
    r=2.0: GT=0.689 learned=0.779 err=13.2% exit=93%
    r=3.0: GT=1.042 learned=1.164 err=11.7% exit=44%
    W2@1.0=0.7300

  --- C ---
      Epoch 100/500: loss=0.022802
      Epoch 200/500: loss=0.015003
      Epoch 300/500: loss=0.013568
      Epoch 400/500: loss=0.012945
      Epoch 500/500: loss=0.014628
    recon=0.010962
  Stage 2 epoch 100/300: loss=0.329264
  Stage 2 epoch 200/300: loss=0.363180
  Stage 2 epoch 300/300: loss=0.367973
  Stage 3 epoch 100/300: loss=0.250941
  Stage 3 epoch 200/300: loss=0.223015
  Stage 3 epoch 300/300: loss=0.245842
    r=0.5: GT=0.069 learned=0.079 err=13.5% exit=100%
    r=1.0: GT=0.216 learned=0.263 err=22.0% exit=100%
    r=2.0: GT=0.689 learned=0.871 err=26.4% exit=81%
    r=3.0: GT=1.042 learned=1.145 err=9.9% exit=25%
    W2@1.0=0.9103

  --- T+F ---
      Epoch 100/500: loss=0.048281
      Epoch 200/500: loss=0.013272
      Epoch 300/500: loss=0.005018
      Epoch 400/500: loss=0.005947
      Epoch 500/500: loss=0.001661
    recon=0.000026
  Stage 2 epoch 100/300: loss=0.063055
  Stage 2 epoch 200/300: loss=0.051951
  Stage 2 epoch 300/300: loss=0.042217
  Stage 3 epoch 100/300: loss=0.036750
  Stage 3 epoch 200/300: loss=0.028952
  Stage 3 epoch 300/300: loss=0.024186
    r=0.5: GT=0.069 learned=0.098 err=41.0% exit=100%
    r=1.0: GT=0.216 learned=0.324 err=50.1% exit=100%
    r=2.0: GT=0.689 learned=0.867 err=26.0% exit=82%
    r=3.0: GT=1.042 learned=1.148 err=10.1% exit=42%
    W2@1.0=0.5490

============================================================
  sinusoidal | seed=7042
============================================================

  --- baseline ---
      Epoch 100/500: loss=0.006346
      Epoch 200/500: loss=0.002943
      Epoch 300/500: loss=0.001013
      Epoch 400/500: loss=0.000518
      Epoch 500/500: loss=0.000876
    recon=0.000617
  Stage 2 epoch 100/300: loss=0.144275
  Stage 2 epoch 200/300: loss=0.108853
  Stage 2 epoch 300/300: loss=0.075281
  Stage 3 epoch 100/300: loss=0.037887
  Stage 3 epoch 200/300: loss=0.034574
  Stage 3 epoch 300/300: loss=0.046405
    r=0.5: GT=0.066 learned=0.063 err=5.0% exit=100%
    r=1.0: GT=0.225 learned=0.215 err=4.5% exit=100%
    r=2.0: GT=0.745 learned=0.828 err=11.1% exit=86%
    r=3.0: GT=1.093 learned=1.141 err=4.4% exit=21%
    W2@1.0=0.6636

  --- T ---
      Epoch 100/500: loss=0.019603
      Epoch 200/500: loss=0.003258
      Epoch 300/500: loss=0.004127
      Epoch 400/500: loss=0.001392
      Epoch 500/500: loss=0.002946
    recon=0.000794
  Stage 2 epoch 100/300: loss=0.185456
  Stage 2 epoch 200/300: loss=0.132759
  Stage 2 epoch 300/300: loss=0.064595
  Stage 3 epoch 100/300: loss=0.009012
  Stage 3 epoch 200/300: loss=0.004706
  Stage 3 epoch 300/300: loss=0.003097
    r=0.5: GT=0.066 learned=0.064 err=4.5% exit=100%
    r=1.0: GT=0.225 learned=0.227 err=1.1% exit=100%
    r=2.0: GT=0.745 learned=0.851 err=14.2% exit=84%
    r=3.0: GT=1.093 learned=1.127 err=3.1% exit=21%
    W2@1.0=0.5299

  --- F ---
      Epoch 100/500: loss=0.046595
      Epoch 200/500: loss=0.009676
      Epoch 300/500: loss=0.006960
      Epoch 400/500: loss=0.004856
      Epoch 500/500: loss=0.003786
    recon=0.002468
  Stage 2 epoch 100/300: loss=0.017074
  Stage 2 epoch 200/300: loss=0.005177
  Stage 2 epoch 300/300: loss=0.002967
  Stage 3 epoch 100/300: loss=0.101788
  Stage 3 epoch 200/300: loss=0.091615
  Stage 3 epoch 300/300: loss=0.116613
    r=0.5: GT=0.066 learned=0.063 err=4.7% exit=100%
    r=1.0: GT=0.225 learned=0.210 err=6.4% exit=100%
    r=2.0: GT=0.745 learned=0.807 err=8.3% exit=92%
    r=3.0: GT=1.093 learned=1.202 err=9.9% exit=43%
    W2@1.0=0.7061

  --- C ---
      Epoch 100/500: loss=0.025017
      Epoch 200/500: loss=0.016954
      Epoch 300/500: loss=0.012001
      Epoch 400/500: loss=0.011129
      Epoch 500/500: loss=0.016158
    recon=0.009977
  Stage 2 epoch 100/300: loss=0.645318
  Stage 2 epoch 200/300: loss=0.672099
  Stage 2 epoch 300/300: loss=0.614542
  Stage 3 epoch 100/300: loss=0.198372
  Stage 3 epoch 200/300: loss=0.191578
  Stage 3 epoch 300/300: loss=0.219623
    r=0.5: GT=0.066 learned=0.076 err=14.6% exit=100%
    r=1.0: GT=0.225 learned=0.274 err=21.8% exit=100%
    r=2.0: GT=0.745 learned=0.933 err=25.2% exit=76%
    r=3.0: GT=1.093 learned=1.239 err=13.4% exit=19%
    W2@1.0=0.8649

  --- T+F ---
      Epoch 100/500: loss=0.046228
      Epoch 200/500: loss=0.015985
      Epoch 300/500: loss=0.005562
      Epoch 400/500: loss=0.002106
      Epoch 500/500: loss=0.001584
    recon=0.000133
  Stage 2 epoch 100/300: loss=0.053629
  Stage 2 epoch 200/300: loss=0.033042
  Stage 2 epoch 300/300: loss=0.025005
  Stage 3 epoch 100/300: loss=0.005293
  Stage 3 epoch 200/300: loss=0.004100
  Stage 3 epoch 300/300: loss=0.003431
    r=0.5: GT=0.066 learned=0.060 err=9.2% exit=100%
    r=1.0: GT=0.225 learned=0.209 err=7.1% exit=100%
    r=2.0: GT=0.745 learned=0.729 err=2.1% exit=96%
    r=3.0: GT=1.093 learned=1.122 err=2.6% exit=57%
    W2@1.0=0.4973

============================================================
  sinusoidal | seed=8042
============================================================

  --- baseline ---
      Epoch 100/500: loss=0.010346
      Epoch 200/500: loss=0.004570
      Epoch 300/500: loss=0.003597
      Epoch 400/500: loss=0.000914
      Epoch 500/500: loss=0.000641
    recon=0.000778
  Stage 2 epoch 100/300: loss=0.133475
  Stage 2 epoch 200/300: loss=0.085046
  Stage 2 epoch 300/300: loss=0.041903
  Stage 3 epoch 100/300: loss=0.048923
  Stage 3 epoch 200/300: loss=0.046507
  Stage 3 epoch 300/300: loss=0.060619
    r=0.5: GT=0.068 learned=0.066 err=2.8% exit=100%
    r=1.0: GT=0.220 learned=0.214 err=2.9% exit=100%
    r=2.0: GT=0.724 learned=0.895 err=23.6% exit=87%
    r=3.0: GT=1.126 learned=1.238 err=9.9% exit=20%
    W2@1.0=0.6141

  --- T ---
      Epoch 100/500: loss=0.027467
      Epoch 200/500: loss=0.006907
      Epoch 300/500: loss=0.002363
      Epoch 400/500: loss=0.002013
      Epoch 500/500: loss=0.002087
    recon=0.000377
  Stage 2 epoch 100/300: loss=0.153339
  Stage 2 epoch 200/300: loss=0.103863
  Stage 2 epoch 300/300: loss=0.073606
  Stage 3 epoch 100/300: loss=0.017264
  Stage 3 epoch 200/300: loss=0.006418
  Stage 3 epoch 300/300: loss=0.003962
    r=0.5: GT=0.068 learned=0.070 err=3.5% exit=100%
    r=1.0: GT=0.220 learned=0.231 err=4.9% exit=100%
    r=2.0: GT=0.724 learned=0.877 err=21.0% exit=87%
    r=3.0: GT=1.126 learned=1.198 err=6.4% exit=18%
    W2@1.0=0.5196

  --- F ---
      Epoch 100/500: loss=0.060628
      Epoch 200/500: loss=0.012293
      Epoch 300/500: loss=0.006291
      Epoch 400/500: loss=0.004128
      Epoch 500/500: loss=0.004299
    recon=0.003457
  Stage 2 epoch 100/300: loss=0.010836
  Stage 2 epoch 200/300: loss=0.004942
  Stage 2 epoch 300/300: loss=0.004094
  Stage 3 epoch 100/300: loss=0.140540
  Stage 3 epoch 200/300: loss=0.127798
  Stage 3 epoch 300/300: loss=0.149289
    r=0.5: GT=0.068 learned=0.066 err=3.5% exit=100%
    r=1.0: GT=0.220 learned=0.220 err=0.3% exit=100%
    r=2.0: GT=0.724 learned=0.820 err=13.2% exit=90%
    r=3.0: GT=1.126 learned=1.256 err=11.6% exit=44%
    W2@1.0=0.6983

  --- C ---
      Epoch 100/500: loss=0.054222
      Epoch 200/500: loss=0.049522
      Epoch 300/500: loss=0.014698
      Epoch 400/500: loss=0.012872
      Epoch 500/500: loss=0.012952
    recon=0.011033
  Stage 2 epoch 100/300: loss=1.130895
  Stage 2 epoch 200/300: loss=1.199391
  Stage 2 epoch 300/300: loss=1.252310
  Stage 3 epoch 100/300: loss=0.228240
  Stage 3 epoch 200/300: loss=0.207908
  Stage 3 epoch 300/300: loss=0.228608
    r=0.5: GT=0.068 learned=0.078 err=14.3% exit=100%
    r=1.0: GT=0.220 learned=0.279 err=26.7% exit=100%
    r=2.0: GT=0.724 learned=0.892 err=23.2% exit=83%
    r=3.0: GT=1.126 learned=1.216 err=8.0% exit=27%
    W2@1.0=0.8266

  --- T+F ---
      Epoch 100/500: loss=0.045239
      Epoch 200/500: loss=0.009648
      Epoch 300/500: loss=0.009927
      Epoch 400/500: loss=0.002144
      Epoch 500/500: loss=0.004167
    recon=0.000197
  Stage 2 epoch 100/300: loss=0.050734
  Stage 2 epoch 200/300: loss=0.044179
  Stage 2 epoch 300/300: loss=0.031357
  Stage 3 epoch 100/300: loss=0.011836
  Stage 3 epoch 200/300: loss=0.004297
  Stage 3 epoch 300/300: loss=0.003020
    r=0.5: GT=0.068 learned=0.064 err=6.1% exit=100%
    r=1.0: GT=0.220 learned=0.215 err=2.4% exit=100%
    r=2.0: GT=0.724 learned=0.753 err=4.0% exit=95%
    r=3.0: GT=1.126 learned=1.145 err=1.7% exit=63%
    W2@1.0=0.3906

============================================================
  sinusoidal | seed=9042
============================================================

  --- baseline ---
      Epoch 100/500: loss=0.009108
      Epoch 200/500: loss=0.002552
      Epoch 300/500: loss=0.000910
      Epoch 400/500: loss=0.001151
      Epoch 500/500: loss=0.000434
    recon=0.000498
  Stage 2 epoch 100/300: loss=0.128901
  Stage 2 epoch 200/300: loss=0.104539
  Stage 2 epoch 300/300: loss=0.039937
  Stage 3 epoch 100/300: loss=0.044407
  Stage 3 epoch 200/300: loss=0.037370
  Stage 3 epoch 300/300: loss=0.037069
    r=0.5: GT=0.071 learned=0.066 err=7.4% exit=100%
    r=1.0: GT=0.223 learned=0.224 err=0.2% exit=100%
    r=2.0: GT=0.701 learned=0.805 err=14.8% exit=85%
    r=3.0: GT=1.061 learned=1.145 err=7.9% exit=17%
    W2@1.0=0.5674

  --- T ---
      Epoch 100/500: loss=0.014455
      Epoch 200/500: loss=0.003718
      Epoch 300/500: loss=0.001699
      Epoch 400/500: loss=0.002797
      Epoch 500/500: loss=0.003017
    recon=0.000687
  Stage 2 epoch 100/300: loss=0.159518
  Stage 2 epoch 200/300: loss=0.160776
  Stage 2 epoch 300/300: loss=0.096712
  Stage 3 epoch 100/300: loss=0.014302
  Stage 3 epoch 200/300: loss=0.005217
  Stage 3 epoch 300/300: loss=0.002822
    r=0.5: GT=0.071 learned=0.068 err=4.7% exit=100%
    r=1.0: GT=0.223 learned=0.223 err=0.2% exit=100%
    r=2.0: GT=0.701 learned=0.826 err=17.9% exit=85%
    r=3.0: GT=1.061 learned=1.095 err=3.2% exit=25%
    W2@1.0=0.5009

  --- F ---
      Epoch 100/500: loss=0.070808
      Epoch 200/500: loss=0.010478
      Epoch 300/500: loss=0.007098
      Epoch 400/500: loss=0.005093
      Epoch 500/500: loss=0.005093
    recon=0.003202
  Stage 2 epoch 100/300: loss=0.014684
  Stage 2 epoch 200/300: loss=0.010853
  Stage 2 epoch 300/300: loss=0.007758
  Stage 3 epoch 100/300: loss=0.127041
  Stage 3 epoch 200/300: loss=0.129233
  Stage 3 epoch 300/300: loss=0.138834
    r=0.5: GT=0.071 learned=0.068 err=4.0% exit=100%
    r=1.0: GT=0.223 learned=0.213 err=4.5% exit=100%
    r=2.0: GT=0.701 learned=0.803 err=14.6% exit=89%
    r=3.0: GT=1.061 learned=1.158 err=9.1% exit=36%
    W2@1.0=0.6257

  --- C ---
      Epoch 100/500: loss=0.020262
      Epoch 200/500: loss=0.015212
      Epoch 300/500: loss=0.013957
      Epoch 400/500: loss=0.012916
      Epoch 500/500: loss=0.012613
    recon=0.010637
  Stage 2 epoch 100/300: loss=1.217430
  Stage 2 epoch 200/300: loss=1.141997
  Stage 2 epoch 300/300: loss=1.158703
  Stage 3 epoch 100/300: loss=0.208120
  Stage 3 epoch 200/300: loss=0.218704
  Stage 3 epoch 300/300: loss=0.231433
    r=0.5: GT=0.071 learned=0.074 err=3.4% exit=100%
    r=1.0: GT=0.223 learned=0.237 err=6.0% exit=100%
    r=2.0: GT=0.701 learned=0.836 err=19.2% exit=86%
    r=3.0: GT=1.061 learned=1.148 err=8.2% exit=32%
    W2@1.0=0.7439

  --- T+F ---
      Epoch 100/500: loss=0.036275
      Epoch 200/500: loss=0.012157
      Epoch 300/500: loss=0.003303
      Epoch 400/500: loss=0.001776
      Epoch 500/500: loss=0.001281
    recon=0.000036
  Stage 2 epoch 100/300: loss=0.033921
  Stage 2 epoch 200/300: loss=0.040080
  Stage 2 epoch 300/300: loss=0.020558
  Stage 3 epoch 100/300: loss=0.013221
  Stage 3 epoch 200/300: loss=0.003799
  Stage 3 epoch 300/300: loss=0.002237
    r=0.5: GT=0.071 learned=0.066 err=7.1% exit=100%
    r=1.0: GT=0.223 learned=0.201 err=9.9% exit=100%
    r=2.0: GT=0.701 learned=0.708 err=1.0% exit=92%
    r=3.0: GT=1.061 learned=1.080 err=1.8% exit=54%
    W2@1.0=0.4407


Total time: 79.4 min
Saved 200 rows to mfpt_rotation_d11_dn.csv


================================================================================
MFPT ABLATION SUMMARY
================================================================================

  Surface: paraboloid

    r=0.5:
       condition        MFPT_err    MFPT_learned         MFPT_GT          W2@1.0
        baseline   54.1%±49.1%   0.116±0.045   0.077±0.003   1.632±0.208
               T   35.2%±52.5%   0.102±0.047   0.077±0.003   1.581±0.368
               F   16.2%±17.8%   0.082±0.019   0.077±0.003   1.851±0.121
               C   30.3%±7.5%   0.101±0.005   0.077±0.003   2.096±0.084
             T+F   23.9%±30.1%   0.092±0.028   0.077±0.003   1.089±0.138

    r=1.0:
       condition        MFPT_err    MFPT_learned         MFPT_GT          W2@1.0
        baseline   62.9%±51.6%   0.365±0.130   0.230±0.010   1.632±0.208
               T   41.6%±43.9%   0.324±0.119   0.230±0.010   1.581±0.368
               F   20.0%±22.7%   0.265±0.058   0.230±0.010   1.851±0.121
               C   55.0%±8.9%   0.357±0.023   0.230±0.010   2.096±0.084
             T+F   29.3%±38.0%   0.284±0.093   0.230±0.010   1.089±0.138

    r=2.0:
       condition        MFPT_err    MFPT_learned         MFPT_GT          W2@1.0
        baseline   39.8%±20.1%   0.800±0.112   0.573±0.016   1.632±0.208
               T   37.6%±20.0%   0.789±0.125   0.573±0.016   1.581±0.368
               F   32.3%±13.5%   0.759±0.093   0.573±0.016   1.851±0.121
               C   68.3%±8.8%   0.964±0.046   0.573±0.016   2.096±0.084
             T+F   16.0%±18.1%   0.644±0.109   0.573±0.016   1.089±0.138

    r=3.0:
       condition        MFPT_err    MFPT_learned         MFPT_GT          W2@1.0
        baseline   38.0%±9.3%   1.068±0.060   0.775±0.017   1.632±0.208
               T   27.4%±6.6%   0.987±0.051   0.775±0.017   1.581±0.368
               F   39.7%±11.2%   1.082±0.087   0.775±0.017   1.851±0.121
               C   51.9%±8.8%   1.177±0.071   0.775±0.017   2.096±0.084
             T+F   13.3%±11.3%   0.878±0.083   0.775±0.017   1.089±0.138

    Paired t-test vs baseline (MFPT_err, negative = better):
      r=0.5:
             T: Δ=-35.0%  p=0.291  wins=6/10
             F: Δ=-70.0%  p=0.073+  wins=6/10
             C: Δ=-43.9%  p=0.199  wins=6/10
           T+F: Δ=-55.7%  p=0.122  wins=7/10
      r=1.0:
             T: Δ=-33.8%  p=0.248  wins=6/10
             F: Δ=-68.2%  p=0.064+  wins=5/10
             C: Δ=-12.5%  p=0.677  wins=6/10
           T+F: Δ=-53.4%  p=0.133  wins=8/10
      r=2.0:
             T: Δ=-5.5%  p=0.789  wins=6/10
             F: Δ=-18.8%  p=0.359  wins=7/10
             C: Δ=+71.8%  p=0.007**  wins=0/10
           T+F: Δ=-59.8%  p=0.031*  wins=9/10
      r=3.0:
             T: Δ=-27.7%  p=0.020*  wins=8/10
             F: Δ=+4.5%  p=0.737  wins=6/10
             C: Δ=+36.7%  p=0.001**  wins=1/10
           T+F: Δ=-64.9%  p=0.000**  wins=10/10

  Surface: hyperbolic_paraboloid

    r=0.5:
       condition        MFPT_err    MFPT_learned         MFPT_GT          W2@1.0
        baseline   39.9%±25.8%   0.109±0.025   0.079±0.002   1.495±0.155
               T   26.0%±21.1%   0.077±0.025   0.079±0.002   1.666±0.188
               F   27.7%±31.2%   0.090±0.031   0.079±0.002   1.470±0.139
               C   25.2%±8.2%   0.098±0.006   0.079±0.002   1.779±0.088
             T+F   15.6%±14.3%   0.086±0.014   0.079±0.002   1.286±0.241

    r=1.0:
       condition        MFPT_err    MFPT_learned         MFPT_GT          W2@1.0
        baseline   62.9%±36.5%   0.391±0.091   0.239±0.010   1.495±0.155
               T   34.0%±27.9%   0.271±0.103   0.239±0.010   1.666±0.188
               F   29.4%±35.9%   0.294±0.095   0.239±0.010   1.470±0.139
               C   46.2%±12.4%   0.349±0.027   0.239±0.010   1.779±0.088
             T+F   23.3%±19.5%   0.287±0.057   0.239±0.010   1.286±0.241

    r=2.0:
       condition        MFPT_err    MFPT_learned         MFPT_GT          W2@1.0
        baseline   49.9%±10.7%   0.952±0.062   0.635±0.018   1.495±0.155
               T   32.2%±17.8%   0.779±0.184   0.635±0.018   1.666±0.188
               F   25.1%±13.3%   0.795±0.092   0.635±0.018   1.470±0.139
               C   53.9%±10.9%   0.976±0.065   0.635±0.018   1.779±0.088
             T+F   18.7%±12.7%   0.753±0.076   0.635±0.018   1.286±0.241

    r=3.0:
       condition        MFPT_err    MFPT_learned         MFPT_GT          W2@1.0
        baseline   39.0%±5.4%   1.197±0.055   0.861±0.014   1.495±0.155
               T   29.1%±12.4%   0.992±0.233   0.861±0.014   1.666±0.188
               F   29.1%±8.9%   1.111±0.077   0.861±0.014   1.470±0.139
               C   41.5%±6.9%   1.218±0.057   0.861±0.014   1.779±0.088
             T+F   16.7%±7.5%   1.004±0.067   0.861±0.014   1.286±0.241

    Paired t-test vs baseline (MFPT_err, negative = better):
      r=0.5:
             T: Δ=-34.9%  p=0.244  wins=7/10
             F: Δ=-30.7%  p=0.339  wins=7/10
             C: Δ=-37.0%  p=0.116  wins=6/10
           T+F: Δ=-61.0%  p=0.025*  wins=9/10
      r=1.0:
             T: Δ=-45.9%  p=0.104  wins=6/10
             F: Δ=-53.2%  p=0.033*  wins=7/10
             C: Δ=-26.5%  p=0.223  wins=6/10
           T+F: Δ=-62.9%  p=0.007**  wins=9/10
      r=2.0:
             T: Δ=-35.5%  p=0.046*  wins=8/10
             F: Δ=-49.8%  p=0.003**  wins=8/10
             C: Δ=+7.9%  p=0.338  wins=3/10
           T+F: Δ=-62.5%  p=0.000**  wins=10/10
      r=3.0:
             T: Δ=-25.4%  p=0.068+  wins=7/10
             F: Δ=-25.4%  p=0.025*  wins=7/10
             C: Δ=+6.4%  p=0.416  wins=3/10
           T+F: Δ=-57.3%  p=0.000**  wins=10/10

  Surface: quartic_dome

    r=0.5:
       condition        MFPT_err    MFPT_learned         MFPT_GT          W2@1.0
        baseline    9.9%±12.0%   0.086±0.014   0.082±0.002   3.128±0.238
               T   26.5%±24.9%   0.102±0.023   0.082±0.002   3.086±0.248
               F   10.7%±20.0%   0.091±0.018   0.082±0.002   3.213±0.241
               C   23.2%±4.9%   0.101±0.005   0.082±0.002   3.185±0.238
             T+F   21.0%±21.4%   0.094±0.022   0.082±0.002   3.066±0.240

    r=1.0:
       condition        MFPT_err    MFPT_learned         MFPT_GT          W2@1.0
        baseline   14.4%±16.0%   0.303±0.042   0.265±0.010   3.128±0.238
               T   36.6%±29.7%   0.363±0.085   0.265±0.010   3.086±0.248
               F   12.5%±18.4%   0.298±0.053   0.265±0.010   3.213±0.241
               C   37.3%±7.1%   0.363±0.010   0.265±0.010   3.185±0.238
             T+F   19.0%±21.3%   0.309±0.065   0.265±0.010   3.066±0.240

    r=2.0:
       condition        MFPT_err    MFPT_learned         MFPT_GT          W2@1.0
        baseline   25.7%±3.4%   0.975±0.022   0.776±0.015   3.128±0.238
               T   27.1%±4.5%   0.986±0.031   0.776±0.015   3.086±0.248
               F   12.6%±6.2%   0.873±0.048   0.776±0.015   3.213±0.241
               C   29.4%±4.9%   1.004±0.040   0.776±0.015   3.185±0.238
             T+F   11.0%±8.2%   0.860±0.060   0.776±0.015   3.066±0.240

    r=3.0:
       condition        MFPT_err    MFPT_learned         MFPT_GT          W2@1.0
        baseline   33.7%±9.6%   1.232±0.087   0.922±0.017   3.128±0.238
               T   29.5%±10.1%   1.193±0.091   0.922±0.017   3.086±0.248
               F   31.9%±4.3%   1.215±0.047   0.922±0.017   3.213±0.241
               C   37.3%±4.6%   1.265±0.030   0.922±0.017   3.185±0.238
             T+F   25.4%±4.5%   1.155±0.030   0.922±0.017   3.066±0.240

    Paired t-test vs baseline (MFPT_err, negative = better):
      r=0.5:
             T: Δ=+168.4%  p=0.063+  wins=4/10
             F: Δ=+8.3%  p=0.923  wins=6/10
             C: Δ=+135.6%  p=0.008**  wins=2/10
           T+F: Δ=+112.8%  p=0.122  wins=2/10
      r=1.0:
             T: Δ=+153.5%  p=0.040*  wins=2/10
             F: Δ=-13.6%  p=0.830  wins=7/10
             C: Δ=+158.3%  p=0.001**  wins=2/10
           T+F: Δ=+31.9%  p=0.463  wins=7/10
      r=2.0:
             T: Δ=+5.4%  p=0.223  wins=3/10
             F: Δ=-51.0%  p=0.000**  wins=9/10
             C: Δ=+14.2%  p=0.016*  wins=2/10
           T+F: Δ=-57.4%  p=0.000**  wins=10/10
      r=3.0:
             T: Δ=-12.3%  p=0.420  wins=6/10
             F: Δ=-5.4%  p=0.629  wins=4/10
             C: Δ=+10.8%  p=0.296  wins=2/10
           T+F: Δ=-24.5%  p=0.030*  wins=9/10

  Surface: sinusoidal

    r=0.5:
       condition        MFPT_err    MFPT_learned         MFPT_GT          W2@1.0
        baseline    3.3%±2.2%   0.067±0.003   0.069±0.002   0.609±0.046
               T    3.0%±1.4%   0.068±0.003   0.069±0.002   0.526±0.038
               F    4.8%±1.8%   0.065±0.002   0.069±0.002   0.710±0.037
               C   11.5%±3.4%   0.076±0.002   0.069±0.002   0.853±0.063
             T+F   12.1%±13.7%   0.072±0.013   0.069±0.002   0.561±0.112

    r=1.0:
       condition        MFPT_err    MFPT_learned         MFPT_GT          W2@1.0
        baseline    5.2%±2.7%   0.230±0.011   0.222±0.007   0.609±0.046
               T    7.1%±4.2%   0.238±0.010   0.222±0.007   0.526±0.038
               F    1.9%±2.0%   0.219±0.006   0.222±0.007   0.710±0.037
               C   19.5%±7.9%   0.265±0.016   0.222±0.007   0.853±0.063
             T+F   11.3%±15.8%   0.236±0.039   0.222±0.007   0.561±0.112

    r=2.0:
       condition        MFPT_err    MFPT_learned         MFPT_GT          W2@1.0
        baseline   16.9%±4.8%   0.852±0.037   0.729±0.020   0.609±0.046
               T   16.1%±4.5%   0.846±0.032   0.729±0.020   0.526±0.038
               F   10.1%±4.2%   0.801±0.026   0.729±0.020   0.710±0.037
               C   18.3%±7.4%   0.861±0.049   0.729±0.020   0.853±0.063
             T+F    6.0%±8.2%   0.766±0.058   0.729±0.020   0.561±0.112

    r=3.0:
       condition        MFPT_err    MFPT_learned         MFPT_GT          W2@1.0
        baseline   11.7%±4.4%   1.219±0.049   1.092±0.027   0.609±0.046
               T    9.1%±5.5%   1.191±0.068   1.092±0.027   0.526±0.038
               F   11.2%±2.4%   1.215±0.038   1.092±0.027   0.710±0.037
               C    8.3%±2.3%   1.183±0.035   1.092±0.027   0.853±0.063
             T+F    3.5%±2.6%   1.122±0.024   1.092±0.027   0.561±0.112

    Paired t-test vs baseline (MFPT_err, negative = better):
      r=0.5:
             T: Δ=-8.9%  p=0.708  wins=5/10
             F: Δ=+48.2%  p=0.116  wins=3/10
             C: Δ=+252.9%  p=0.001**  wins=1/10
           T+F: Δ=+271.3%  p=0.098+  wins=3/10
      r=1.0:
             T: Δ=+35.5%  p=0.041*  wins=1/10
             F: Δ=-64.6%  p=0.030*  wins=8/10
             C: Δ=+272.4%  p=0.000**  wins=1/10
           T+F: Δ=+115.0%  p=0.287  wins=6/10
      r=2.0:
             T: Δ=-4.8%  p=0.655  wins=5/10
             F: Δ=-40.6%  p=0.001**  wins=10/10
             C: Δ=+8.1%  p=0.521  wins=6/10
           T+F: Δ=-64.3%  p=0.009**  wins=8/10
      r=3.0:
             T: Δ=-22.5%  p=0.234  wins=9/10
             F: Δ=-3.9%  p=0.734  wins=3/10
             C: Δ=-28.9%  p=0.104  wins=8/10
           T+F: Δ=-70.1%  p=0.000**  wins=10/10

=== Table 2: Rotation MFPT D=201 ===
Device: cuda
D=201, N=50
Surfaces: ['paraboloid', 'hyperbolic_paraboloid', 'quartic_dome', 'sinusoidal']
Conditions: ['baseline', 'T', 'F', 'C', 'T+F']
Seeds (10): [42, 1042, 2042, 3042, 4042, 5042, 6042, 7042, 8042, 9042]
Radii: [0.5, 1.0, 2.0, 3.0]
Total runs: 200


============================================================
  paraboloid | seed=42
============================================================

  --- baseline ---
      Epoch 100/500: loss=0.001971
      Epoch 200/500: loss=0.001878
      Epoch 300/500: loss=0.001219
      Epoch 400/500: loss=0.000149
      Epoch 500/500: loss=0.000124
    recon=0.000176
  Stage 2 epoch 100/300: loss=0.137579
  Stage 2 epoch 200/300: loss=0.103521
  Stage 2 epoch 300/300: loss=0.067504
  Stage 3 epoch 100/300: loss=0.000658
  Stage 3 epoch 200/300: loss=0.000540
  Stage 3 epoch 300/300: loss=0.000483
    r=0.5: GT=0.071 learned=0.091 err=27.7% exit=100%
    r=1.0: GT=0.227 learned=0.299 err=32.2% exit=100%
    r=2.0: GT=0.587 learned=0.734 err=25.1% exit=89%
    r=3.0: GT=0.779 learned=1.061 err=36.2% exit=60%
    W2@1.0=1.6785

  --- T ---
      Epoch 100/500: loss=0.075998
      Epoch 200/500: loss=0.029163
      Epoch 300/500: loss=0.044008
      Epoch 400/500: loss=0.003925
      Epoch 500/500: loss=0.004782
    recon=0.000209
  Stage 2 epoch 100/300: loss=0.023157
  Stage 2 epoch 200/300: loss=0.021719
  Stage 2 epoch 300/300: loss=0.016582
  Stage 3 epoch 100/300: loss=0.000321
  Stage 3 epoch 200/300: loss=0.000174
  Stage 3 epoch 300/300: loss=0.000108
    r=0.5: GT=0.071 learned=0.065 err=8.9% exit=100%
    r=1.0: GT=0.227 learned=0.228 err=0.6% exit=100%
    r=2.0: GT=0.587 learned=0.739 err=25.9% exit=92%
    r=3.0: GT=0.779 learned=0.994 err=27.7% exit=56%
    W2@1.0=1.6810

  --- F ---
      Epoch 100/500: loss=0.008110
      Epoch 200/500: loss=0.008004
      Epoch 300/500: loss=0.008541
      Epoch 400/500: loss=0.008004
      Epoch 500/500: loss=0.008436
    recon=0.007992
  Stage 2 epoch 100/300: loss=0.000025
  Stage 2 epoch 200/300: loss=0.000026
  Stage 2 epoch 300/300: loss=0.000023
  Stage 3 epoch 100/300: loss=0.004221
  Stage 3 epoch 200/300: loss=0.005046
  Stage 3 epoch 300/300: loss=0.004544
    r=0.5: GT=0.071 learned=nan err=nan% exit=0%
    r=1.0: GT=0.227 learned=nan err=nan% exit=0%
    r=2.0: GT=0.587 learned=nan err=nan% exit=0%
    r=3.0: GT=0.779 learned=nan err=nan% exit=0%
    W2@1.0=2.4675

  --- C ---
      Epoch 100/500: loss=0.007891
      Epoch 200/500: loss=0.007890
      Epoch 300/500: loss=0.007979
      Epoch 400/500: loss=0.007992
      Epoch 500/500: loss=0.008413
    recon=0.007988
  Stage 2 epoch 100/300: loss=0.000000
  Stage 2 epoch 200/300: loss=0.000000
  Stage 2 epoch 300/300: loss=0.000000
  Stage 3 epoch 100/300: loss=0.003986
  Stage 3 epoch 200/300: loss=0.004762
  Stage 3 epoch 300/300: loss=0.004291
    r=0.5: GT=0.071 learned=0.345 err=383.0% exit=19%
    r=1.0: GT=0.227 learned=nan err=nan% exit=0%
    r=2.0: GT=0.587 learned=nan err=nan% exit=0%
    r=3.0: GT=0.779 learned=nan err=nan% exit=0%
    W2@1.0=2.3327

  --- T+F ---
      Epoch 100/500: loss=0.819869
      Epoch 200/500: loss=0.672177
      Epoch 300/500: loss=0.566944
      Epoch 400/500: loss=0.255099
      Epoch 500/500: loss=0.205608
    recon=0.002945
  Stage 2 epoch 100/300: loss=0.015775
  Stage 2 epoch 200/300: loss=0.008971
  Stage 2 epoch 300/300: loss=0.005416
  Stage 3 epoch 100/300: loss=0.000829
  Stage 3 epoch 200/300: loss=0.000517
  Stage 3 epoch 300/300: loss=0.000402
    r=0.5: GT=0.071 learned=0.061 err=14.0% exit=100%
    r=1.0: GT=0.227 learned=0.185 err=18.2% exit=100%
    r=2.0: GT=0.587 learned=0.505 err=13.9% exit=100%
    r=3.0: GT=0.779 learned=0.804 err=3.2% exit=92%
    W2@1.0=1.6201

============================================================
  paraboloid | seed=1042
============================================================

  --- baseline ---
      Epoch 100/500: loss=0.001647
      Epoch 200/500: loss=0.001752
      Epoch 300/500: loss=0.001295
      Epoch 400/500: loss=0.000410
      Epoch 500/500: loss=0.000198
    recon=0.000135
  Stage 2 epoch 100/300: loss=0.144419
  Stage 2 epoch 200/300: loss=0.109792
  Stage 2 epoch 300/300: loss=0.076600
  Stage 3 epoch 100/300: loss=0.001027
  Stage 3 epoch 200/300: loss=0.000809
  Stage 3 epoch 300/300: loss=0.000822
    r=0.5: GT=0.078 learned=0.066 err=15.1% exit=100%
    r=1.0: GT=0.244 learned=0.215 err=12.0% exit=100%
    r=2.0: GT=0.590 learned=0.694 err=17.6% exit=93%
    r=3.0: GT=0.777 learned=1.035 err=33.2% exit=49%
    W2@1.0=1.5292

  --- T ---
      Epoch 100/500: loss=0.091987
      Epoch 200/500: loss=0.045293
      Epoch 300/500: loss=0.024982
      Epoch 400/500: loss=0.017863
      Epoch 500/500: loss=0.006339
    recon=0.000168
  Stage 2 epoch 100/300: loss=0.014481
  Stage 2 epoch 200/300: loss=0.013130
  Stage 2 epoch 300/300: loss=0.010544
  Stage 3 epoch 100/300: loss=0.000143
  Stage 3 epoch 200/300: loss=0.000117
  Stage 3 epoch 300/300: loss=0.000092
    r=0.5: GT=0.078 learned=0.118 err=50.9% exit=100%
    r=1.0: GT=0.244 learned=0.415 err=70.0% exit=100%
    r=2.0: GT=0.590 learned=0.873 err=47.9% exit=68%
    r=3.0: GT=0.777 learned=1.011 err=30.2% exit=36%
    W2@1.0=1.6294

  --- F ---
      Epoch 100/500: loss=0.010485
      Epoch 200/500: loss=0.007964
      Epoch 300/500: loss=0.008714
      Epoch 400/500: loss=0.007474
      Epoch 500/500: loss=0.007192
    recon=0.007322
  Stage 2 epoch 100/300: loss=0.000040
  Stage 2 epoch 200/300: loss=0.000040
  Stage 2 epoch 300/300: loss=0.000046
  Stage 3 epoch 100/300: loss=0.003724
  Stage 3 epoch 200/300: loss=0.003612
  Stage 3 epoch 300/300: loss=0.004407
    r=0.5: GT=0.078 learned=1.099 err=1303.8% exit=18%
    r=1.0: GT=0.244 learned=1.308 err=436.4% exit=5%
    r=2.0: GT=0.590 learned=1.478 err=150.4% exit=2%
    r=3.0: GT=0.777 learned=nan err=nan% exit=0%
    W2@1.0=2.3717

  --- C ---
      Epoch 100/500: loss=0.007310
      Epoch 200/500: loss=0.007353
      Epoch 300/500: loss=0.007348
      Epoch 400/500: loss=0.007451
      Epoch 500/500: loss=0.007192
    recon=0.007332
  Stage 2 epoch 100/300: loss=0.000000
  Stage 2 epoch 200/300: loss=0.000000
  Stage 2 epoch 300/300: loss=0.000000
  Stage 3 epoch 100/300: loss=0.003724
  Stage 3 epoch 200/300: loss=0.003613
  Stage 3 epoch 300/300: loss=0.004407
    r=0.5: GT=0.078 learned=nan err=nan% exit=0%
    r=1.0: GT=0.244 learned=nan err=nan% exit=0%
    r=2.0: GT=0.590 learned=nan err=nan% exit=0%
    r=3.0: GT=0.777 learned=nan err=nan% exit=0%
    W2@1.0=2.3722

  --- T+F ---
      Epoch 100/500: loss=0.809191
      Epoch 200/500: loss=0.652920
      Epoch 300/500: loss=0.443675
      Epoch 400/500: loss=0.128800
      Epoch 500/500: loss=0.050851
    recon=0.000463
  Stage 2 epoch 100/300: loss=0.013331
  Stage 2 epoch 200/300: loss=0.011055
  Stage 2 epoch 300/300: loss=0.005631
  Stage 3 epoch 100/300: loss=0.000318
  Stage 3 epoch 200/300: loss=0.000158
  Stage 3 epoch 300/300: loss=0.000164
    r=0.5: GT=0.078 learned=0.077 err=1.0% exit=100%
    r=1.0: GT=0.244 learned=0.240 err=1.5% exit=100%
    r=2.0: GT=0.590 learned=0.608 err=3.0% exit=96%
    r=3.0: GT=0.777 learned=0.834 err=7.3% exit=79%
    W2@1.0=1.1420

============================================================
  paraboloid | seed=2042
============================================================

  --- baseline ---
      Epoch 100/500: loss=0.001887
      Epoch 200/500: loss=0.001759
      Epoch 300/500: loss=0.000489
      Epoch 400/500: loss=0.000121
      Epoch 500/500: loss=0.000245
    recon=0.000256
  Stage 2 epoch 100/300: loss=0.127997
  Stage 2 epoch 200/300: loss=0.087320
  Stage 2 epoch 300/300: loss=0.074160
  Stage 3 epoch 100/300: loss=0.001136
  Stage 3 epoch 200/300: loss=0.001109
  Stage 3 epoch 300/300: loss=0.000805
    r=0.5: GT=0.071 learned=0.067 err=5.9% exit=100%
    r=1.0: GT=0.217 learned=0.226 err=4.2% exit=100%
    r=2.0: GT=0.573 learned=0.704 err=23.0% exit=95%
    r=3.0: GT=0.779 learned=1.085 err=39.3% exit=49%
    W2@1.0=1.6475

  --- T ---
      Epoch 100/500: loss=0.058793
      Epoch 200/500: loss=0.043799
      Epoch 300/500: loss=0.025744
      Epoch 400/500: loss=0.015462
      Epoch 500/500: loss=0.003479
    recon=0.000199
  Stage 2 epoch 100/300: loss=0.016746
  Stage 2 epoch 200/300: loss=0.013034
  Stage 2 epoch 300/300: loss=0.008835
  Stage 3 epoch 100/300: loss=0.000309
  Stage 3 epoch 200/300: loss=0.000195
  Stage 3 epoch 300/300: loss=0.000092
    r=0.5: GT=0.071 learned=0.105 err=48.7% exit=100%
    r=1.0: GT=0.217 learned=0.414 err=90.9% exit=100%
    r=2.0: GT=0.573 learned=0.896 err=56.5% exit=72%
    r=3.0: GT=0.779 learned=1.061 err=36.2% exit=41%
    W2@1.0=1.7540

  --- F ---
      Epoch 100/500: loss=0.010564
      Epoch 200/500: loss=0.008401
      Epoch 300/500: loss=0.007867
      Epoch 400/500: loss=0.007789
      Epoch 500/500: loss=0.007434
    recon=0.007684
  Stage 2 epoch 100/300: loss=0.000100
  Stage 2 epoch 200/300: loss=0.000095
  Stage 2 epoch 300/300: loss=0.000096
  Stage 3 epoch 100/300: loss=0.004638
  Stage 3 epoch 200/300: loss=0.005583
  Stage 3 epoch 300/300: loss=0.004980
    r=0.5: GT=0.071 learned=1.224 err=1631.9% exit=31%
    r=1.0: GT=0.217 learned=1.440 err=563.4% exit=9%
    r=2.0: GT=0.573 learned=1.400 err=144.5% exit=1%
    r=3.0: GT=0.779 learned=nan err=nan% exit=0%
    W2@1.0=2.4267

  --- C ---
      Epoch 100/500: loss=0.007757
      Epoch 200/500: loss=0.007912
      Epoch 300/500: loss=0.007805
      Epoch 400/500: loss=0.007776
      Epoch 500/500: loss=0.007466
    recon=0.007701
  Stage 2 epoch 100/300: loss=0.000000
  Stage 2 epoch 200/300: loss=0.000000
  Stage 2 epoch 300/300: loss=0.000000
  Stage 3 epoch 100/300: loss=0.004549
  Stage 3 epoch 200/300: loss=0.005465
  Stage 3 epoch 300/300: loss=0.004872
    r=0.5: GT=0.071 learned=nan err=nan% exit=0%
    r=1.0: GT=0.217 learned=nan err=nan% exit=0%
    r=2.0: GT=0.573 learned=nan err=nan% exit=0%
    r=3.0: GT=0.779 learned=nan err=nan% exit=0%
    W2@1.0=2.4059

  --- T+F ---
      Epoch 100/500: loss=0.851674
      Epoch 200/500: loss=0.743163
      Epoch 300/500: loss=0.497217
      Epoch 400/500: loss=0.089074
      Epoch 500/500: loss=0.164868
    recon=0.018139
  Stage 2 epoch 100/300: loss=0.037182
  Stage 2 epoch 200/300: loss=0.014495
  Stage 2 epoch 300/300: loss=0.007826
  Stage 3 epoch 100/300: loss=0.000566
  Stage 3 epoch 200/300: loss=0.000494
  Stage 3 epoch 300/300: loss=0.000406
    r=0.5: GT=0.071 learned=0.115 err=63.1% exit=100%
    r=1.0: GT=0.217 learned=0.325 err=49.7% exit=100%
    r=2.0: GT=0.573 learned=0.702 err=22.5% exit=93%
    r=3.0: GT=0.779 learned=0.894 err=14.8% exit=77%
    W2@1.0=2.3173

============================================================
  paraboloid | seed=3042
============================================================

  --- baseline ---
      Epoch 100/500: loss=0.002136
      Epoch 200/500: loss=0.001719
      Epoch 300/500: loss=0.001428
      Epoch 400/500: loss=0.000364
      Epoch 500/500: loss=0.000220
    recon=0.000151
  Stage 2 epoch 100/300: loss=0.083854
  Stage 2 epoch 200/300: loss=0.069398
  Stage 2 epoch 300/300: loss=0.055337
  Stage 3 epoch 100/300: loss=0.001359
  Stage 3 epoch 200/300: loss=0.001018
  Stage 3 epoch 300/300: loss=0.001043
    r=0.5: GT=0.077 learned=0.204 err=166.2% exit=100%
    r=1.0: GT=0.228 learned=0.608 err=167.0% exit=96%
    r=2.0: GT=0.578 learned=0.964 err=66.9% exit=56%
    r=3.0: GT=0.778 learned=1.141 err=46.7% exit=22%
    W2@1.0=2.1381

  --- T ---
      Epoch 100/500: loss=0.047540
      Epoch 200/500: loss=0.026511
      Epoch 300/500: loss=0.027337
      Epoch 400/500: loss=0.019060
      Epoch 500/500: loss=0.003265
    recon=0.000167
  Stage 2 epoch 100/300: loss=0.019944
  Stage 2 epoch 200/300: loss=0.015978
  Stage 2 epoch 300/300: loss=0.008712
  Stage 3 epoch 100/300: loss=0.000349
  Stage 3 epoch 200/300: loss=0.000263
  Stage 3 epoch 300/300: loss=0.000181
    r=0.5: GT=0.077 learned=0.275 err=258.5% exit=99%
    r=1.0: GT=0.228 learned=0.651 err=185.9% exit=76%
    r=2.0: GT=0.578 learned=0.881 err=52.4% exit=35%
    r=3.0: GT=0.778 learned=0.962 err=23.8% exit=18%
    W2@1.0=2.2704

  --- F ---
      Epoch 100/500: loss=0.008452
      Epoch 200/500: loss=0.009624
      Epoch 300/500: loss=0.007756
      Epoch 400/500: loss=0.007916
      Epoch 500/500: loss=0.007336
    recon=0.007529
  Stage 2 epoch 100/300: loss=0.000047
  Stage 2 epoch 200/300: loss=0.000045
  Stage 2 epoch 300/300: loss=0.000051
  Stage 3 epoch 100/300: loss=0.005060
  Stage 3 epoch 200/300: loss=0.004549
  Stage 3 epoch 300/300: loss=0.004939
    r=0.5: GT=0.077 learned=1.185 err=1444.2% exit=26%
    r=1.0: GT=0.228 learned=1.406 err=517.0% exit=6%
    r=2.0: GT=0.578 learned=nan err=nan% exit=1%
    r=3.0: GT=0.778 learned=nan err=nan% exit=0%
    W2@1.0=2.5400

  --- C ---
      Epoch 100/500: loss=0.008006
      Epoch 200/500: loss=0.007862
      Epoch 300/500: loss=0.007784
      Epoch 400/500: loss=0.007935
      Epoch 500/500: loss=0.007374
    recon=0.007581
  Stage 2 epoch 100/300: loss=0.000000
  Stage 2 epoch 200/300: loss=0.000000
  Stage 2 epoch 300/300: loss=0.000000
  Stage 3 epoch 100/300: loss=0.005035
  Stage 3 epoch 200/300: loss=0.004522
  Stage 3 epoch 300/300: loss=0.004908
    r=0.5: GT=0.077 learned=nan err=nan% exit=0%
    r=1.0: GT=0.228 learned=nan err=nan% exit=0%
    r=2.0: GT=0.578 learned=nan err=nan% exit=0%
    r=3.0: GT=0.778 learned=nan err=nan% exit=0%
    W2@1.0=2.5217

  --- T+F ---
      Epoch 100/500: loss=0.862644
      Epoch 200/500: loss=0.733071
      Epoch 300/500: loss=0.456014
      Epoch 400/500: loss=0.081571
      Epoch 500/500: loss=0.028268
    recon=0.000964
  Stage 2 epoch 100/300: loss=0.006397
  Stage 2 epoch 200/300: loss=0.005250
  Stage 2 epoch 300/300: loss=0.004278
  Stage 3 epoch 100/300: loss=0.000341
  Stage 3 epoch 200/300: loss=0.000182
  Stage 3 epoch 300/300: loss=0.000171
    r=0.5: GT=0.077 learned=0.135 err=76.0% exit=100%
    r=1.0: GT=0.228 learned=0.419 err=84.1% exit=100%
    r=2.0: GT=0.578 learned=0.809 err=40.1% exit=85%
    r=3.0: GT=0.778 learned=0.986 err=26.8% exit=61%
    W2@1.0=1.5391

============================================================
  paraboloid | seed=4042
============================================================

  --- baseline ---
      Epoch 100/500: loss=0.001919
      Epoch 200/500: loss=0.001638
      Epoch 300/500: loss=0.001510
      Epoch 400/500: loss=0.000317
      Epoch 500/500: loss=0.000157
    recon=0.000172
  Stage 2 epoch 100/300: loss=0.246152
  Stage 2 epoch 200/300: loss=0.214667
  Stage 2 epoch 300/300: loss=0.199944
  Stage 3 epoch 100/300: loss=0.001061
  Stage 3 epoch 200/300: loss=0.001047
  Stage 3 epoch 300/300: loss=0.000858
    r=0.5: GT=0.076 learned=0.080 err=5.3% exit=100%
    r=1.0: GT=0.229 learned=0.268 err=17.0% exit=100%
    r=2.0: GT=0.551 learned=0.785 err=42.4% exit=89%
    r=3.0: GT=0.770 learned=1.024 err=32.9% exit=52%
    W2@1.0=1.4932

  --- T ---
      Epoch 100/500: loss=0.082756
      Epoch 200/500: loss=0.029554
      Epoch 300/500: loss=0.017761
      Epoch 400/500: loss=0.015116
      Epoch 500/500: loss=0.011105
    recon=0.000362
  Stage 2 epoch 100/300: loss=0.014591
  Stage 2 epoch 200/300: loss=0.010630
  Stage 2 epoch 300/300: loss=0.008003
  Stage 3 epoch 100/300: loss=0.000360
  Stage 3 epoch 200/300: loss=0.000230
  Stage 3 epoch 300/300: loss=0.000123
    r=0.5: GT=0.076 learned=0.094 err=24.3% exit=100%
    r=1.0: GT=0.229 learned=0.326 err=42.6% exit=100%
    r=2.0: GT=0.551 learned=0.872 err=58.2% exit=79%
    r=3.0: GT=0.770 learned=1.054 err=36.8% exit=45%
    W2@1.0=1.6169

  --- F ---
      Epoch 100/500: loss=0.010358
      Epoch 200/500: loss=0.008161
      Epoch 300/500: loss=0.007914
      Epoch 400/500: loss=0.007643
      Epoch 500/500: loss=0.007842
    recon=0.007704
  Stage 2 epoch 100/300: loss=0.000059
  Stage 2 epoch 200/300: loss=0.000049
  Stage 2 epoch 300/300: loss=0.000055
  Stage 3 epoch 100/300: loss=0.005572
  Stage 3 epoch 200/300: loss=0.006200
  Stage 3 epoch 300/300: loss=0.006105
    r=0.5: GT=0.076 learned=nan err=nan% exit=0%
    r=1.0: GT=0.229 learned=nan err=nan% exit=0%
    r=2.0: GT=0.551 learned=nan err=nan% exit=0%
    r=3.0: GT=0.770 learned=nan err=nan% exit=0%
    W2@1.0=2.3419

  --- C ---
      Epoch 100/500: loss=0.007872
      Epoch 200/500: loss=0.007681
      Epoch 300/500: loss=0.007883
      Epoch 400/500: loss=0.007632
      Epoch 500/500: loss=0.007833
    recon=0.007701
  Stage 2 epoch 100/300: loss=0.000000
  Stage 2 epoch 200/300: loss=0.000000
  Stage 2 epoch 300/300: loss=0.000000
  Stage 3 epoch 100/300: loss=0.005530
  Stage 3 epoch 200/300: loss=0.006153
  Stage 3 epoch 300/300: loss=0.006057
    r=0.5: GT=0.076 learned=nan err=nan% exit=0%
    r=1.0: GT=0.229 learned=nan err=nan% exit=0%
    r=2.0: GT=0.551 learned=nan err=nan% exit=0%
    r=3.0: GT=0.770 learned=nan err=nan% exit=0%
    W2@1.0=2.3410

  --- T+F ---
      Epoch 100/500: loss=0.818056
      Epoch 200/500: loss=0.697057
      Epoch 300/500: loss=0.638242
      Epoch 400/500: loss=0.136574
      Epoch 500/500: loss=0.047071
    recon=0.003075
  Stage 2 epoch 100/300: loss=0.024494
  Stage 2 epoch 200/300: loss=0.017975
  Stage 2 epoch 300/300: loss=0.014814
  Stage 3 epoch 100/300: loss=0.000660
  Stage 3 epoch 200/300: loss=0.000591
  Stage 3 epoch 300/300: loss=0.000405
    r=0.5: GT=0.076 learned=0.121 err=58.6% exit=100%
    r=1.0: GT=0.229 learned=0.368 err=60.8% exit=100%
    r=2.0: GT=0.551 learned=0.829 err=50.4% exit=91%
    r=3.0: GT=0.770 learned=0.990 err=28.5% exit=67%
    W2@1.0=1.3573

============================================================
  paraboloid | seed=5042
============================================================

  --- baseline ---
      Epoch 100/500: loss=0.001973
      Epoch 200/500: loss=0.002077
      Epoch 300/500: loss=0.001519
      Epoch 400/500: loss=0.000668
      Epoch 500/500: loss=0.000166
    recon=0.000164
  Stage 2 epoch 100/300: loss=0.125912
  Stage 2 epoch 200/300: loss=0.097996
  Stage 2 epoch 300/300: loss=0.071659
  Stage 3 epoch 100/300: loss=0.000916
  Stage 3 epoch 200/300: loss=0.000835
  Stage 3 epoch 300/300: loss=0.000755
    r=0.5: GT=0.073 learned=0.064 err=11.8% exit=100%
    r=1.0: GT=0.219 learned=0.209 err=4.7% exit=100%
    r=2.0: GT=0.573 learned=0.669 err=16.8% exit=96%
    r=3.0: GT=0.774 learned=1.050 err=35.6% exit=50%
    W2@1.0=1.5208

  --- T ---
      Epoch 100/500: loss=0.076194
      Epoch 200/500: loss=0.030328
      Epoch 300/500: loss=0.014022
      Epoch 400/500: loss=0.033062
      Epoch 500/500: loss=0.003408
    recon=0.000138
  Stage 2 epoch 100/300: loss=0.022404
  Stage 2 epoch 200/300: loss=0.016259
  Stage 2 epoch 300/300: loss=0.012024
  Stage 3 epoch 100/300: loss=0.000217
  Stage 3 epoch 200/300: loss=0.000161
  Stage 3 epoch 300/300: loss=0.000108
    r=0.5: GT=0.073 learned=0.064 err=11.4% exit=100%
    r=1.0: GT=0.219 learned=0.220 err=0.0% exit=100%
    r=2.0: GT=0.573 learned=0.723 err=26.1% exit=92%
    r=3.0: GT=0.774 learned=0.935 err=20.8% exit=59%
    W2@1.0=1.5197

  --- F ---
      Epoch 100/500: loss=0.008056
      Epoch 200/500: loss=0.008668
      Epoch 300/500: loss=0.007756
      Epoch 400/500: loss=0.007625
      Epoch 500/500: loss=0.007733
    recon=0.007566
  Stage 2 epoch 100/300: loss=0.000023
  Stage 2 epoch 200/300: loss=0.000024
  Stage 2 epoch 300/300: loss=0.000025
  Stage 3 epoch 100/300: loss=0.005440
  Stage 3 epoch 200/300: loss=0.005359
  Stage 3 epoch 300/300: loss=0.005203
    r=0.5: GT=0.073 learned=nan err=nan% exit=0%
    r=1.0: GT=0.219 learned=nan err=nan% exit=0%
    r=2.0: GT=0.573 learned=nan err=nan% exit=0%
    r=3.0: GT=0.774 learned=nan err=nan% exit=0%
    W2@1.0=2.4030

  --- C ---
      Epoch 100/500: loss=0.007782
      Epoch 200/500: loss=0.007676
      Epoch 300/500: loss=0.007749
      Epoch 400/500: loss=0.007611
      Epoch 500/500: loss=0.007716
    recon=0.007566
  Stage 2 epoch 100/300: loss=0.000000
  Stage 2 epoch 200/300: loss=0.000000
  Stage 2 epoch 300/300: loss=0.000000
  Stage 3 epoch 100/300: loss=0.005439
  Stage 3 epoch 200/300: loss=0.005352
  Stage 3 epoch 300/300: loss=0.005196
    r=0.5: GT=0.073 learned=nan err=nan% exit=0%
    r=1.0: GT=0.219 learned=nan err=nan% exit=0%
    r=2.0: GT=0.573 learned=nan err=nan% exit=0%
    r=3.0: GT=0.774 learned=nan err=nan% exit=0%
    W2@1.0=2.3997

  --- T+F ---
      Epoch 100/500: loss=0.799878
      Epoch 200/500: loss=0.747861
      Epoch 300/500: loss=0.587213
      Epoch 400/500: loss=0.086952
      Epoch 500/500: loss=0.031565
    recon=0.000239
  Stage 2 epoch 100/300: loss=0.020768
  Stage 2 epoch 200/300: loss=0.018157
  Stage 2 epoch 300/300: loss=0.011100
  Stage 3 epoch 100/300: loss=0.000300
  Stage 3 epoch 200/300: loss=0.000265
  Stage 3 epoch 300/300: loss=0.000225
    r=0.5: GT=0.073 learned=0.064 err=11.9% exit=100%
    r=1.0: GT=0.219 learned=0.204 err=7.0% exit=100%
    r=2.0: GT=0.573 learned=0.566 err=1.3% exit=98%
    r=3.0: GT=0.774 learned=0.871 err=12.6% exit=83%
    W2@1.0=1.1132

============================================================
  paraboloid | seed=6042
============================================================

  --- baseline ---
      Epoch 100/500: loss=0.001977
      Epoch 200/500: loss=0.002014
      Epoch 300/500: loss=0.000472
      Epoch 400/500: loss=0.000209
      Epoch 500/500: loss=0.000257
    recon=0.000203
  Stage 2 epoch 100/300: loss=0.072183
  Stage 2 epoch 200/300: loss=0.058173
  Stage 2 epoch 300/300: loss=0.042362
  Stage 3 epoch 100/300: loss=0.001295
  Stage 3 epoch 200/300: loss=0.000987
  Stage 3 epoch 300/300: loss=0.000900
    r=0.5: GT=0.079 learned=0.117 err=48.8% exit=100%
    r=1.0: GT=0.216 learned=0.401 err=85.8% exit=100%
    r=2.0: GT=0.535 learned=0.865 err=61.8% exit=68%
    r=3.0: GT=0.726 learned=1.207 err=66.2% exit=20%
    W2@1.0=2.0759

  --- T ---
      Epoch 100/500: loss=0.097178
      Epoch 200/500: loss=0.043886
      Epoch 300/500: loss=0.014851
      Epoch 400/500: loss=0.021470
      Epoch 500/500: loss=0.004801
    recon=0.000224
  Stage 2 epoch 100/300: loss=0.021369
  Stage 2 epoch 200/300: loss=0.019599
  Stage 2 epoch 300/300: loss=0.015446
  Stage 3 epoch 100/300: loss=0.000352
  Stage 3 epoch 200/300: loss=0.000187
  Stage 3 epoch 300/300: loss=0.000124
    r=0.5: GT=0.079 learned=0.067 err=14.9% exit=100%
    r=1.0: GT=0.216 learned=0.229 err=6.2% exit=100%
    r=2.0: GT=0.535 learned=0.735 err=37.4% exit=89%
    r=3.0: GT=0.726 learned=0.967 err=33.2% exit=56%
    W2@1.0=1.5014

  --- F ---
      Epoch 100/500: loss=0.007981
      Epoch 200/500: loss=0.013810
      Epoch 300/500: loss=0.007404
      Epoch 400/500: loss=0.007394
      Epoch 500/500: loss=0.007718
    recon=0.007510
  Stage 2 epoch 100/300: loss=0.000021
  Stage 2 epoch 200/300: loss=0.000020
  Stage 2 epoch 300/300: loss=0.000021
  Stage 3 epoch 100/300: loss=0.005621
  Stage 3 epoch 200/300: loss=0.005675
  Stage 3 epoch 300/300: loss=0.005574
    r=0.5: GT=0.079 learned=nan err=nan% exit=0%
    r=1.0: GT=0.216 learned=nan err=nan% exit=0%
    r=2.0: GT=0.535 learned=nan err=nan% exit=0%
    r=3.0: GT=0.726 learned=nan err=nan% exit=0%
    W2@1.0=2.4461

  --- C ---
      Epoch 100/500: loss=0.007941
      Epoch 200/500: loss=0.007941
      Epoch 300/500: loss=0.007391
      Epoch 400/500: loss=0.007382
      Epoch 500/500: loss=0.007736
    recon=0.007514
  Stage 2 epoch 100/300: loss=0.000000
  Stage 2 epoch 200/300: loss=0.000000
  Stage 2 epoch 300/300: loss=0.000000
  Stage 3 epoch 100/300: loss=0.005621
  Stage 3 epoch 200/300: loss=0.005675
  Stage 3 epoch 300/300: loss=0.005574
    r=0.5: GT=0.079 learned=nan err=nan% exit=0%
    r=1.0: GT=0.216 learned=nan err=nan% exit=0%
    r=2.0: GT=0.535 learned=nan err=nan% exit=0%
    r=3.0: GT=0.726 learned=nan err=nan% exit=0%
    W2@1.0=2.4445

  --- T+F ---
      Epoch 100/500: loss=0.795835
      Epoch 200/500: loss=0.626520
      Epoch 300/500: loss=0.328085
      Epoch 400/500: loss=0.051989
      Epoch 500/500: loss=0.050219
    recon=0.012410
  Stage 2 epoch 100/300: loss=0.022335
  Stage 2 epoch 200/300: loss=0.018123
  Stage 2 epoch 300/300: loss=0.014801
  Stage 3 epoch 100/300: loss=0.000403
  Stage 3 epoch 200/300: loss=0.000273
  Stage 3 epoch 300/300: loss=0.000255
    r=0.5: GT=0.079 learned=0.067 err=14.8% exit=100%
    r=1.0: GT=0.216 learned=0.202 err=6.5% exit=100%
    r=2.0: GT=0.535 learned=0.610 err=14.0% exit=97%
    r=3.0: GT=0.726 learned=0.846 err=16.5% exit=79%
    W2@1.0=2.0155

============================================================
  paraboloid | seed=7042
============================================================

  --- baseline ---
      Epoch 100/500: loss=0.002257
      Epoch 200/500: loss=0.001898
      Epoch 300/500: loss=0.000504
      Epoch 400/500: loss=0.000170
      Epoch 500/500: loss=0.000199
    recon=0.000357
  Stage 2 epoch 100/300: loss=0.093407
  Stage 2 epoch 200/300: loss=0.054020
  Stage 2 epoch 300/300: loss=0.030676
  Stage 3 epoch 100/300: loss=0.001021
  Stage 3 epoch 200/300: loss=0.000889
  Stage 3 epoch 300/300: loss=0.000891
    r=0.5: GT=0.074 learned=0.106 err=42.4% exit=100%
    r=1.0: GT=0.227 learned=0.345 err=51.8% exit=100%
    r=2.0: GT=0.563 learned=0.895 err=58.9% exit=78%
    r=3.0: GT=0.764 learned=1.114 err=45.8% exit=33%
    W2@1.0=1.8373

  --- T ---
      Epoch 100/500: loss=0.238738
      Epoch 200/500: loss=0.184190
      Epoch 300/500: loss=0.130086
      Epoch 400/500: loss=0.121222
      Epoch 500/500: loss=0.096010
    recon=0.004242
  Stage 2 epoch 100/300: loss=1.096313
  Stage 2 epoch 200/300: loss=1.111367
  Stage 2 epoch 300/300: loss=1.605200
  Stage 3 epoch 100/300: loss=0.001691
  Stage 3 epoch 200/300: loss=0.001596
  Stage 3 epoch 300/300: loss=0.001505
    r=0.5: GT=0.074 learned=0.057 err=23.4% exit=100%
    r=1.0: GT=0.227 learned=0.241 err=6.2% exit=100%
    r=2.0: GT=0.563 learned=0.663 err=17.6% exit=69%
    r=3.0: GT=0.764 learned=0.923 err=20.7% exit=23%
    W2@1.0=2.2169

  --- F ---
      Epoch 100/500: loss=0.009666
      Epoch 200/500: loss=0.008028
      Epoch 300/500: loss=0.008110
      Epoch 400/500: loss=0.007926
      Epoch 500/500: loss=0.007942
    recon=0.007864
  Stage 2 epoch 100/300: loss=0.000030
  Stage 2 epoch 200/300: loss=0.000030
  Stage 2 epoch 300/300: loss=0.000029
  Stage 3 epoch 100/300: loss=0.006299
  Stage 3 epoch 200/300: loss=0.006032
  Stage 3 epoch 300/300: loss=0.006223
    r=0.5: GT=0.074 learned=nan err=nan% exit=0%
    r=1.0: GT=0.227 learned=nan err=nan% exit=0%
    r=2.0: GT=0.563 learned=nan err=nan% exit=0%
    r=3.0: GT=0.764 learned=nan err=nan% exit=0%
    W2@1.0=2.3833

  --- C ---
      Epoch 100/500: loss=0.008795
      Epoch 200/500: loss=0.007842
      Epoch 300/500: loss=0.008116
      Epoch 400/500: loss=0.007957
      Epoch 500/500: loss=0.007960
    recon=0.007918
  Stage 2 epoch 100/300: loss=0.000000
  Stage 2 epoch 200/300: loss=0.000000
  Stage 2 epoch 300/300: loss=0.000000
  Stage 3 epoch 100/300: loss=0.006299
  Stage 3 epoch 200/300: loss=0.006032
  Stage 3 epoch 300/300: loss=0.006223
    r=0.5: GT=0.074 learned=nan err=nan% exit=0%
    r=1.0: GT=0.227 learned=nan err=nan% exit=0%
    r=2.0: GT=0.563 learned=nan err=nan% exit=0%
    r=3.0: GT=0.764 learned=nan err=nan% exit=0%
    W2@1.0=2.3806

  --- T+F ---
      Epoch 100/500: loss=0.827561
      Epoch 200/500: loss=0.685594
      Epoch 300/500: loss=0.654631
      Epoch 400/500: loss=0.470334
      Epoch 500/500: loss=0.090948
    recon=0.000804
  Stage 2 epoch 100/300: loss=0.019813
  Stage 2 epoch 200/300: loss=0.023996
  Stage 2 epoch 300/300: loss=0.022749
  Stage 3 epoch 100/300: loss=0.001112
  Stage 3 epoch 200/300: loss=0.000825
  Stage 3 epoch 300/300: loss=0.000775
    r=0.5: GT=0.074 learned=0.121 err=63.0% exit=100%
    r=1.0: GT=0.227 learned=0.338 err=48.7% exit=100%
    r=2.0: GT=0.563 learned=0.754 err=33.9% exit=96%
    r=3.0: GT=0.764 learned=1.026 err=34.3% exit=77%
    W2@1.0=1.3886

============================================================
  paraboloid | seed=8042
============================================================

  --- baseline ---
      Epoch 100/500: loss=0.001571
      Epoch 200/500: loss=0.001536
      Epoch 300/500: loss=0.000869
      Epoch 400/500: loss=0.000132
      Epoch 500/500: loss=0.000081
    recon=0.000083
  Stage 2 epoch 100/300: loss=0.086278
  Stage 2 epoch 200/300: loss=0.062604
  Stage 2 epoch 300/300: loss=0.035674
  Stage 3 epoch 100/300: loss=0.000545
  Stage 3 epoch 200/300: loss=0.000432
  Stage 3 epoch 300/300: loss=0.000336
    r=0.5: GT=0.074 learned=0.079 err=5.6% exit=100%
    r=1.0: GT=0.224 learned=0.256 err=14.3% exit=100%
    r=2.0: GT=0.555 learned=0.781 err=40.7% exit=88%
    r=3.0: GT=0.782 learned=1.114 err=42.5% exit=40%
    W2@1.0=1.6386

  --- T ---
      Epoch 100/500: loss=0.092627
      Epoch 200/500: loss=0.044573
      Epoch 300/500: loss=0.034294
      Epoch 400/500: loss=0.003858
      Epoch 500/500: loss=0.007181
    recon=0.000265
  Stage 2 epoch 100/300: loss=0.009643
  Stage 2 epoch 200/300: loss=0.007475
  Stage 2 epoch 300/300: loss=0.004222
  Stage 3 epoch 100/300: loss=0.000271
  Stage 3 epoch 200/300: loss=0.000105
  Stage 3 epoch 300/300: loss=0.000055
    r=0.5: GT=0.074 learned=0.075 err=1.3% exit=100%
    r=1.0: GT=0.224 learned=0.259 err=15.8% exit=100%
    r=2.0: GT=0.555 learned=0.743 err=33.8% exit=90%
    r=3.0: GT=0.782 learned=1.002 err=28.1% exit=59%
    W2@1.0=1.3975

  --- F ---
      Epoch 100/500: loss=0.007306
      Epoch 200/500: loss=0.007444
      Epoch 300/500: loss=0.007169
      Epoch 400/500: loss=0.007311
      Epoch 500/500: loss=0.007143
    recon=0.007049
  Stage 2 epoch 100/300: loss=0.000017
  Stage 2 epoch 200/300: loss=0.000014
  Stage 2 epoch 300/300: loss=0.000010
  Stage 3 epoch 100/300: loss=0.003121
  Stage 3 epoch 200/300: loss=0.003362
  Stage 3 epoch 300/300: loss=0.002902
    r=0.5: GT=0.074 learned=nan err=nan% exit=0%
    r=1.0: GT=0.224 learned=nan err=nan% exit=0%
    r=2.0: GT=0.555 learned=nan err=nan% exit=0%
    r=3.0: GT=0.782 learned=nan err=nan% exit=0%
    W2@1.0=2.4178

  --- C ---
      Epoch 100/500: loss=0.007242
      Epoch 200/500: loss=0.007356
      Epoch 300/500: loss=0.007247
      Epoch 400/500: loss=0.007298
      Epoch 500/500: loss=0.007122
    recon=0.007040
  Stage 2 epoch 100/300: loss=0.000000
  Stage 2 epoch 200/300: loss=0.000000
  Stage 2 epoch 300/300: loss=0.000000
  Stage 3 epoch 100/300: loss=0.003121
  Stage 3 epoch 200/300: loss=0.003361
  Stage 3 epoch 300/300: loss=0.002901
    r=0.5: GT=0.074 learned=nan err=nan% exit=0%
    r=1.0: GT=0.224 learned=nan err=nan% exit=0%
    r=2.0: GT=0.555 learned=nan err=nan% exit=0%
    r=3.0: GT=0.782 learned=nan err=nan% exit=0%
    W2@1.0=2.4099

  --- T+F ---
      Epoch 100/500: loss=0.858328
      Epoch 200/500: loss=0.707373
      Epoch 300/500: loss=0.232849
      Epoch 400/500: loss=0.045102
      Epoch 500/500: loss=0.027828
    recon=0.000630
  Stage 2 epoch 100/300: loss=0.007534
  Stage 2 epoch 200/300: loss=0.005866
  Stage 2 epoch 300/300: loss=0.004071
  Stage 3 epoch 100/300: loss=0.000243
  Stage 3 epoch 200/300: loss=0.000153
  Stage 3 epoch 300/300: loss=0.000107
    r=0.5: GT=0.074 learned=0.074 err=0.2% exit=100%
    r=1.0: GT=0.224 learned=0.227 err=1.7% exit=100%
    r=2.0: GT=0.555 learned=0.623 err=12.3% exit=97%
    r=3.0: GT=0.782 learned=0.906 err=15.8% exit=80%
    W2@1.0=1.0796

============================================================
  paraboloid | seed=9042
============================================================

  --- baseline ---
      Epoch 100/500: loss=0.001778
      Epoch 200/500: loss=0.001616
      Epoch 300/500: loss=0.000668
      Epoch 400/500: loss=0.000163
      Epoch 500/500: loss=0.000249
    recon=0.000273
  Stage 2 epoch 100/300: loss=0.111491
  Stage 2 epoch 200/300: loss=0.092185
  Stage 2 epoch 300/300: loss=0.056295
  Stage 3 epoch 100/300: loss=0.001350
  Stage 3 epoch 200/300: loss=0.001095
  Stage 3 epoch 300/300: loss=0.001167
    r=0.5: GT=0.076 learned=0.067 err=12.2% exit=100%
    r=1.0: GT=0.224 learned=0.219 err=2.2% exit=100%
    r=2.0: GT=0.569 learned=0.738 err=29.8% exit=92%
    r=3.0: GT=0.796 learned=0.964 err=21.2% exit=39%
    W2@1.0=1.4831

  --- T ---
      Epoch 100/500: loss=0.097568
      Epoch 200/500: loss=0.057957
      Epoch 300/500: loss=0.017489
      Epoch 400/500: loss=0.013811
      Epoch 500/500: loss=0.022239
    recon=0.001028
  Stage 2 epoch 100/300: loss=0.014007
  Stage 2 epoch 200/300: loss=0.008926
  Stage 2 epoch 300/300: loss=0.006963
  Stage 3 epoch 100/300: loss=0.000396
  Stage 3 epoch 200/300: loss=0.000257
  Stage 3 epoch 300/300: loss=0.000192
    r=0.5: GT=0.076 learned=0.065 err=14.6% exit=100%
    r=1.0: GT=0.224 learned=0.218 err=2.5% exit=100%
    r=2.0: GT=0.569 learned=0.759 err=33.5% exit=89%
    r=3.0: GT=0.796 learned=0.940 err=18.2% exit=51%
    W2@1.0=1.2798

  --- F ---
      Epoch 100/500: loss=0.024958
      Epoch 200/500: loss=0.008402
      Epoch 300/500: loss=0.007577
      Epoch 400/500: loss=0.007365
      Epoch 500/500: loss=0.007219
    recon=0.007495
  Stage 2 epoch 100/300: loss=0.000035
  Stage 2 epoch 200/300: loss=0.000033
  Stage 2 epoch 300/300: loss=0.000032
  Stage 3 epoch 100/300: loss=0.004521
  Stage 3 epoch 200/300: loss=0.004614
  Stage 3 epoch 300/300: loss=0.005344
    r=0.5: GT=0.076 learned=nan err=nan% exit=0%
    r=1.0: GT=0.224 learned=nan err=nan% exit=0%
    r=2.0: GT=0.569 learned=nan err=nan% exit=0%
    r=3.0: GT=0.796 learned=nan err=nan% exit=0%
    W2@1.0=2.2655

  --- C ---
      Epoch 100/500: loss=0.007658
      Epoch 200/500: loss=0.007696
      Epoch 300/500: loss=0.007518
      Epoch 400/500: loss=0.007349
      Epoch 500/500: loss=0.007193
    recon=0.007489
  Stage 2 epoch 100/300: loss=0.000000
  Stage 2 epoch 200/300: loss=0.000000
  Stage 2 epoch 300/300: loss=0.000000
  Stage 3 epoch 100/300: loss=0.004521
  Stage 3 epoch 200/300: loss=0.004613
  Stage 3 epoch 300/300: loss=0.005343
    r=0.5: GT=0.076 learned=nan err=nan% exit=0%
    r=1.0: GT=0.224 learned=nan err=nan% exit=0%
    r=2.0: GT=0.569 learned=nan err=nan% exit=0%
    r=3.0: GT=0.796 learned=nan err=nan% exit=0%
    W2@1.0=2.2664

  --- T+F ---
      Epoch 100/500: loss=0.825063
      Epoch 200/500: loss=0.678935
      Epoch 300/500: loss=0.548309
      Epoch 400/500: loss=0.079136
      Epoch 500/500: loss=0.027146
    recon=0.000554
  Stage 2 epoch 100/300: loss=0.020734
  Stage 2 epoch 200/300: loss=0.020907
  Stage 2 epoch 300/300: loss=0.014417
  Stage 3 epoch 100/300: loss=0.000353
  Stage 3 epoch 200/300: loss=0.000175
  Stage 3 epoch 300/300: loss=0.000165
    r=0.5: GT=0.076 learned=0.069 err=9.5% exit=100%
    r=1.0: GT=0.224 learned=0.207 err=7.4% exit=100%
    r=2.0: GT=0.569 learned=0.571 err=0.3% exit=97%
    r=3.0: GT=0.796 learned=0.821 err=3.2% exit=85%
    W2@1.0=1.1963

============================================================
  hyperbolic_paraboloid | seed=42
============================================================

  --- baseline ---
      Epoch 100/500: loss=0.001955
      Epoch 200/500: loss=0.001722
      Epoch 300/500: loss=0.000425
      Epoch 400/500: loss=0.000198
      Epoch 500/500: loss=0.000133
    recon=0.000124
  Stage 2 epoch 100/300: loss=0.026550
  Stage 2 epoch 200/300: loss=0.020023
  Stage 2 epoch 300/300: loss=0.013783
  Stage 3 epoch 100/300: loss=0.000886
  Stage 3 epoch 200/300: loss=0.000691
  Stage 3 epoch 300/300: loss=0.000636
    r=0.5: GT=0.073 learned=0.077 err=6.0% exit=100%
    r=1.0: GT=0.236 learned=0.254 err=7.5% exit=100%
    r=2.0: GT=0.645 learned=0.855 err=32.6% exit=80%
    r=3.0: GT=0.842 learned=1.137 err=35.0% exit=14%
    W2@1.0=1.3818

  --- T ---
      Epoch 100/500: loss=0.188722
      Epoch 200/500: loss=0.197978
      Epoch 300/500: loss=0.157448
      Epoch 400/500: loss=0.152894
      Epoch 500/500: loss=0.117778
    recon=0.042059
  Stage 2 epoch 100/300: loss=0.124881
  Stage 2 epoch 200/300: loss=0.148720
  Stage 2 epoch 300/300: loss=0.127816
  Stage 3 epoch 100/300: loss=0.001820
  Stage 3 epoch 200/300: loss=0.001700
  Stage 3 epoch 300/300: loss=0.001253
    r=0.5: GT=0.073 learned=0.048 err=34.2% exit=100%
    r=1.0: GT=0.236 learned=0.179 err=24.0% exit=100%
    r=2.0: GT=0.645 learned=0.536 err=16.9% exit=99%
    r=3.0: GT=0.842 learned=0.821 err=2.5% exit=60%
    W2@1.0=3.4487

  --- F ---
      Epoch 100/500: loss=0.009351
      Epoch 200/500: loss=0.009349
      Epoch 300/500: loss=0.008289
      Epoch 400/500: loss=0.008123
      Epoch 500/500: loss=0.008386
    recon=0.008069
  Stage 2 epoch 100/300: loss=0.000195
  Stage 2 epoch 200/300: loss=0.000211
  Stage 2 epoch 300/300: loss=0.000195
  Stage 3 epoch 100/300: loss=0.004514
  Stage 3 epoch 200/300: loss=0.004706
  Stage 3 epoch 300/300: loss=0.004333
    r=0.5: GT=0.073 learned=1.292 err=1680.6% exit=22%
    r=1.0: GT=0.236 learned=1.455 err=516.4% exit=11%
    r=2.0: GT=0.645 learned=1.580 err=145.0% exit=3%
    r=3.0: GT=0.842 learned=nan err=nan% exit=0%
    W2@1.0=2.1891

  --- C ---
      Epoch 100/500: loss=0.008197
      Epoch 200/500: loss=0.007998
      Epoch 300/500: loss=0.008259
      Epoch 400/500: loss=0.008092
      Epoch 500/500: loss=0.008394
    recon=0.008083
  Stage 2 epoch 100/300: loss=0.000000
  Stage 2 epoch 200/300: loss=0.000000
  Stage 2 epoch 300/300: loss=0.000000
  Stage 3 epoch 100/300: loss=0.004514
  Stage 3 epoch 200/300: loss=0.004706
  Stage 3 epoch 300/300: loss=0.004333
    r=0.5: GT=0.073 learned=nan err=nan% exit=0%
    r=1.0: GT=0.236 learned=nan err=nan% exit=0%
    r=2.0: GT=0.645 learned=nan err=nan% exit=0%
    r=3.0: GT=0.842 learned=nan err=nan% exit=0%
    W2@1.0=2.1906

  --- T+F ---
      Epoch 100/500: loss=0.791310
      Epoch 200/500: loss=0.585284
      Epoch 300/500: loss=0.309232
      Epoch 400/500: loss=0.044435
      Epoch 500/500: loss=0.034888
    recon=0.000594
  Stage 2 epoch 100/300: loss=0.010270
  Stage 2 epoch 200/300: loss=0.010065
  Stage 2 epoch 300/300: loss=0.009466
  Stage 3 epoch 100/300: loss=0.000071
  Stage 3 epoch 200/300: loss=0.000063
  Stage 3 epoch 300/300: loss=0.000055
    r=0.5: GT=0.073 learned=0.072 err=0.1% exit=100%
    r=1.0: GT=0.236 learned=0.241 err=2.1% exit=100%
    r=2.0: GT=0.645 learned=0.727 err=12.7% exit=95%
    r=3.0: GT=0.842 learned=1.029 err=22.2% exit=70%
    W2@1.0=1.0170

============================================================
  hyperbolic_paraboloid | seed=1042
============================================================

  --- baseline ---
      Epoch 100/500: loss=0.001845
      Epoch 200/500: loss=0.001628
      Epoch 300/500: loss=0.000373
      Epoch 400/500: loss=0.000200
      Epoch 500/500: loss=0.000237
    recon=0.000169
  Stage 2 epoch 100/300: loss=0.042865
  Stage 2 epoch 200/300: loss=0.029601
  Stage 2 epoch 300/300: loss=0.021480
  Stage 3 epoch 100/300: loss=0.001079
  Stage 3 epoch 200/300: loss=0.001004
  Stage 3 epoch 300/300: loss=0.001022
    r=0.5: GT=0.079 learned=0.102 err=29.0% exit=100%
    r=1.0: GT=0.253 learned=0.353 err=39.6% exit=100%
    r=2.0: GT=0.649 learned=0.968 err=49.3% exit=57%
    r=3.0: GT=0.858 learned=1.247 err=45.3% exit=7%
    W2@1.0=1.4119

  --- T ---
      Epoch 100/500: loss=0.213899
      Epoch 200/500: loss=0.173674
      Epoch 300/500: loss=0.129167
      Epoch 400/500: loss=0.114664
      Epoch 500/500: loss=0.192685
    recon=0.112819
  Stage 2 epoch 100/300: loss=0.455996
  Stage 2 epoch 200/300: loss=0.593404
  Stage 2 epoch 300/300: loss=0.603138
  Stage 3 epoch 100/300: loss=0.001848
  Stage 3 epoch 200/300: loss=0.001371
  Stage 3 epoch 300/300: loss=0.001265
    r=0.5: GT=0.079 learned=0.047 err=40.2% exit=100%
    r=1.0: GT=0.253 learned=0.190 err=24.8% exit=99%
    r=2.0: GT=0.649 learned=0.527 err=18.8% exit=66%
    r=3.0: GT=0.858 learned=0.926 err=7.9% exit=15%
    W2@1.0=4.8618

  --- F ---
      Epoch 100/500: loss=0.008241
      Epoch 200/500: loss=0.008557
      Epoch 300/500: loss=0.007874
      Epoch 400/500: loss=0.007932
      Epoch 500/500: loss=0.007664
    recon=0.007786
  Stage 2 epoch 100/300: loss=0.000046
  Stage 2 epoch 200/300: loss=0.000044
  Stage 2 epoch 300/300: loss=0.000043
  Stage 3 epoch 100/300: loss=0.004999
  Stage 3 epoch 200/300: loss=0.005036
  Stage 3 epoch 300/300: loss=0.005286
    r=0.5: GT=0.079 learned=1.003 err=1165.8% exit=22%
    r=1.0: GT=0.253 learned=1.242 err=390.7% exit=8%
    r=2.0: GT=0.649 learned=1.494 err=130.4% exit=1%
    r=3.0: GT=0.858 learned=nan err=nan% exit=0%
    W2@1.0=2.0874

  --- C ---
      Epoch 100/500: loss=0.008153
      Epoch 200/500: loss=0.007789
      Epoch 300/500: loss=0.007846
      Epoch 400/500: loss=0.007948
      Epoch 500/500: loss=0.007657
    recon=0.007844
  Stage 2 epoch 100/300: loss=0.000000
  Stage 2 epoch 200/300: loss=0.000000
  Stage 2 epoch 300/300: loss=0.000000
  Stage 3 epoch 100/300: loss=0.004999
  Stage 3 epoch 200/300: loss=0.005037
  Stage 3 epoch 300/300: loss=0.005286
    r=0.5: GT=0.079 learned=nan err=nan% exit=0%
    r=1.0: GT=0.253 learned=nan err=nan% exit=0%
    r=2.0: GT=0.649 learned=nan err=nan% exit=0%
    r=3.0: GT=0.858 learned=nan err=nan% exit=0%
    W2@1.0=2.0863

  --- T+F ---
      Epoch 100/500: loss=0.889092
      Epoch 200/500: loss=0.669252
      Epoch 300/500: loss=0.462982
      Epoch 400/500: loss=0.093127
      Epoch 500/500: loss=0.028362
    recon=0.000237
  Stage 2 epoch 100/300: loss=0.006824
  Stage 2 epoch 200/300: loss=0.005275
  Stage 2 epoch 300/300: loss=0.004319
  Stage 3 epoch 100/300: loss=0.000211
  Stage 3 epoch 200/300: loss=0.000174
  Stage 3 epoch 300/300: loss=0.000152
    r=0.5: GT=0.079 learned=0.098 err=23.8% exit=100%
    r=1.0: GT=0.253 learned=0.323 err=27.8% exit=100%
    r=2.0: GT=0.649 learned=0.762 err=17.5% exit=89%
    r=3.0: GT=0.858 learned=0.988 err=15.2% exit=63%
    W2@1.0=0.9303

============================================================
  hyperbolic_paraboloid | seed=2042
============================================================

  --- baseline ---
      Epoch 100/500: loss=0.001761
      Epoch 200/500: loss=0.001367
      Epoch 300/500: loss=0.000319
      Epoch 400/500: loss=0.000307
      Epoch 500/500: loss=0.000105
    recon=0.000106
  Stage 2 epoch 100/300: loss=0.058833
  Stage 2 epoch 200/300: loss=0.050785
  Stage 2 epoch 300/300: loss=0.030152
  Stage 3 epoch 100/300: loss=0.000734
  Stage 3 epoch 200/300: loss=0.000605
  Stage 3 epoch 300/300: loss=0.000586
    r=0.5: GT=0.073 learned=0.072 err=0.5% exit=100%
    r=1.0: GT=0.238 learned=0.264 err=11.0% exit=100%
    r=2.0: GT=0.641 learned=0.913 err=42.5% exit=76%
    r=3.0: GT=0.867 learned=1.270 err=46.6% exit=8%
    W2@1.0=1.4462

  --- T ---
      Epoch 100/500: loss=0.086830
      Epoch 200/500: loss=0.025199
      Epoch 300/500: loss=0.025473
      Epoch 400/500: loss=0.019526
      Epoch 500/500: loss=0.022668
    recon=0.001391
  Stage 2 epoch 100/300: loss=0.012035
  Stage 2 epoch 200/300: loss=0.012096
  Stage 2 epoch 300/300: loss=0.009426
  Stage 3 epoch 100/300: loss=0.000459
  Stage 3 epoch 200/300: loss=0.000306
  Stage 3 epoch 300/300: loss=0.000258
    r=0.5: GT=0.073 learned=0.141 err=93.7% exit=100%
    r=1.0: GT=0.238 learned=0.448 err=88.3% exit=99%
    r=2.0: GT=0.641 learned=1.001 err=56.1% exit=52%
    r=3.0: GT=0.867 learned=1.111 err=28.1% exit=24%
    W2@1.0=1.5697

  --- F ---
      Epoch 100/500: loss=0.007665
      Epoch 200/500: loss=0.007412
      Epoch 300/500: loss=0.008085
      Epoch 400/500: loss=0.007229
      Epoch 500/500: loss=0.007379
    recon=0.007394
  Stage 2 epoch 100/300: loss=0.000047
  Stage 2 epoch 200/300: loss=0.000049
  Stage 2 epoch 300/300: loss=0.000048
  Stage 3 epoch 100/300: loss=0.005070
  Stage 3 epoch 200/300: loss=0.004863
  Stage 3 epoch 300/300: loss=0.005481
    r=0.5: GT=0.073 learned=1.136 err=1464.6% exit=86%
    r=1.0: GT=0.238 learned=1.400 err=488.6% exit=71%
    r=2.0: GT=0.641 learned=1.656 err=158.3% exit=40%
    r=3.0: GT=0.867 learned=1.794 err=107.0% exit=15%
    W2@1.0=2.2237

  --- C ---
      Epoch 100/500: loss=0.007601
      Epoch 200/500: loss=0.007188
      Epoch 300/500: loss=0.007532
      Epoch 400/500: loss=0.007214
      Epoch 500/500: loss=0.007346
    recon=0.007378
  Stage 2 epoch 100/300: loss=0.000000
  Stage 2 epoch 200/300: loss=0.000000
  Stage 2 epoch 300/300: loss=0.000000
  Stage 3 epoch 100/300: loss=0.005070
  Stage 3 epoch 200/300: loss=0.004863
  Stage 3 epoch 300/300: loss=0.005481
    r=0.5: GT=0.073 learned=nan err=nan% exit=0%
    r=1.0: GT=0.238 learned=nan err=nan% exit=0%
    r=2.0: GT=0.641 learned=nan err=nan% exit=0%
    r=3.0: GT=0.867 learned=nan err=nan% exit=0%
    W2@1.0=2.1810

  --- T+F ---
      Epoch 100/500: loss=0.892616
      Epoch 200/500: loss=0.687728
      Epoch 300/500: loss=0.609817
      Epoch 400/500: loss=0.421234
      Epoch 500/500: loss=0.296816
    recon=0.007323
  Stage 2 epoch 100/300: loss=0.153077
  Stage 2 epoch 200/300: loss=0.133117
  Stage 2 epoch 300/300: loss=0.106861
  Stage 3 epoch 100/300: loss=0.001704
  Stage 3 epoch 200/300: loss=0.001176
  Stage 3 epoch 300/300: loss=0.001034
    r=0.5: GT=0.073 learned=0.062 err=14.4% exit=100%
    r=1.0: GT=0.238 learned=0.201 err=15.7% exit=100%
    r=2.0: GT=0.641 learned=0.698 err=8.8% exit=88%
    r=3.0: GT=0.867 learned=0.970 err=11.9% exit=63%
    W2@1.0=1.3961

============================================================
  hyperbolic_paraboloid | seed=3042
============================================================

  --- baseline ---
      Epoch 100/500: loss=0.001881
      Epoch 200/500: loss=0.001880
      Epoch 300/500: loss=0.000780
      Epoch 400/500: loss=0.000163
      Epoch 500/500: loss=0.000093
    recon=0.000098
  Stage 2 epoch 100/300: loss=0.051289
  Stage 2 epoch 200/300: loss=0.045700
  Stage 2 epoch 300/300: loss=0.038443
  Stage 3 epoch 100/300: loss=0.000691
  Stage 3 epoch 200/300: loss=0.000532
  Stage 3 epoch 300/300: loss=0.000521
    r=0.5: GT=0.078 learned=0.078 err=0.3% exit=100%
    r=1.0: GT=0.235 learned=0.276 err=17.6% exit=100%
    r=2.0: GT=0.638 learned=0.887 err=39.2% exit=79%
    r=3.0: GT=0.872 learned=1.089 err=24.8% exit=22%
    W2@1.0=1.4440

  --- T ---
      Epoch 100/500: loss=0.243564
      Epoch 200/500: loss=0.207536
      Epoch 300/500: loss=0.150726
      Epoch 400/500: loss=0.125015
      Epoch 500/500: loss=0.123508
    recon=0.007929
  Stage 2 epoch 100/300: loss=1.149114
  Stage 2 epoch 200/300: loss=1.098692
  Stage 2 epoch 300/300: loss=1.071289
  Stage 3 epoch 100/300: loss=0.001873
  Stage 3 epoch 200/300: loss=0.001215
  Stage 3 epoch 300/300: loss=0.001034
    r=0.5: GT=0.078 learned=0.046 err=41.0% exit=100%
    r=1.0: GT=0.235 learned=0.134 err=43.0% exit=100%
    r=2.0: GT=0.638 learned=0.521 err=18.3% exit=83%
    r=3.0: GT=0.872 learned=0.750 err=14.0% exit=36%
    W2@1.0=1.7343

  --- F ---
      Epoch 100/500: loss=0.026384
      Epoch 200/500: loss=0.008516
      Epoch 300/500: loss=0.008129
      Epoch 400/500: loss=0.008053
      Epoch 500/500: loss=0.007890
    recon=0.007766
  Stage 2 epoch 100/300: loss=0.000124
  Stage 2 epoch 200/300: loss=0.000114
  Stage 2 epoch 300/300: loss=0.000109
  Stage 3 epoch 100/300: loss=0.004414
  Stage 3 epoch 200/300: loss=0.004695
  Stage 3 epoch 300/300: loss=0.004949
    r=0.5: GT=0.078 learned=1.270 err=1534.5% exit=6%
    r=1.0: GT=0.235 learned=nan err=nan% exit=0%
    r=2.0: GT=0.638 learned=nan err=nan% exit=0%
    r=3.0: GT=0.872 learned=nan err=nan% exit=0%
    W2@1.0=2.2628

  --- C ---
      Epoch 100/500: loss=0.007693
      Epoch 200/500: loss=0.008010
      Epoch 300/500: loss=0.008093
      Epoch 400/500: loss=0.007945
      Epoch 500/500: loss=0.007904
    recon=0.007816
  Stage 2 epoch 100/300: loss=0.000000
  Stage 2 epoch 200/300: loss=0.000000
  Stage 2 epoch 300/300: loss=0.000000
  Stage 3 epoch 100/300: loss=0.004414
  Stage 3 epoch 200/300: loss=0.004695
  Stage 3 epoch 300/300: loss=0.004949
    r=0.5: GT=0.078 learned=nan err=nan% exit=0%
    r=1.0: GT=0.235 learned=nan err=nan% exit=0%
    r=2.0: GT=0.638 learned=nan err=nan% exit=0%
    r=3.0: GT=0.872 learned=nan err=nan% exit=0%
    W2@1.0=2.2649

  --- T+F ---
      Epoch 100/500: loss=0.799174
      Epoch 200/500: loss=0.628892
      Epoch 300/500: loss=0.131047
      Epoch 400/500: loss=0.038285
      Epoch 500/500: loss=0.022349
    recon=0.000786
  Stage 2 epoch 100/300: loss=0.007184
  Stage 2 epoch 200/300: loss=0.005593
  Stage 2 epoch 300/300: loss=0.004805
  Stage 3 epoch 100/300: loss=0.000165
  Stage 3 epoch 200/300: loss=0.000105
  Stage 3 epoch 300/300: loss=0.000086
    r=0.5: GT=0.078 learned=0.073 err=5.9% exit=100%
    r=1.0: GT=0.235 learned=0.229 err=2.5% exit=100%
    r=2.0: GT=0.638 learned=0.662 err=3.8% exit=94%
    r=3.0: GT=0.872 learned=1.003 err=15.0% exit=72%
    W2@1.0=1.0665

============================================================
  hyperbolic_paraboloid | seed=4042
============================================================

  --- baseline ---
      Epoch 100/500: loss=0.001827
      Epoch 200/500: loss=0.001626
      Epoch 300/500: loss=0.000556
      Epoch 400/500: loss=0.000194
      Epoch 500/500: loss=0.000128
    recon=0.000129
  Stage 2 epoch 100/300: loss=0.076306
  Stage 2 epoch 200/300: loss=0.057722
  Stage 2 epoch 300/300: loss=0.055776
  Stage 3 epoch 100/300: loss=0.000992
  Stage 3 epoch 200/300: loss=0.000795
  Stage 3 epoch 300/300: loss=0.000717
    r=0.5: GT=0.075 learned=0.111 err=48.6% exit=100%
    r=1.0: GT=0.238 learned=0.425 err=78.9% exit=100%
    r=2.0: GT=0.603 learned=0.982 err=62.9% exit=51%
    r=3.0: GT=0.865 learned=1.236 err=42.9% exit=8%
    W2@1.0=1.8307

  --- T ---
      Epoch 100/500: loss=0.229687
      Epoch 200/500: loss=0.183232
      Epoch 300/500: loss=0.166396
      Epoch 400/500: loss=0.125736
      Epoch 500/500: loss=0.156771
    recon=0.015379
  Stage 2 epoch 100/300: loss=54.329308
  Stage 2 epoch 200/300: loss=52.721912
  Stage 2 epoch 300/300: loss=29.402943
  Stage 3 epoch 100/300: loss=0.002894
  Stage 3 epoch 200/300: loss=0.002158
  Stage 3 epoch 300/300: loss=0.001519
    r=0.5: GT=0.075 learned=0.052 err=30.2% exit=100%
    r=1.0: GT=0.238 learned=0.245 err=3.2% exit=100%
    r=2.0: GT=0.603 learned=0.782 err=29.8% exit=76%
    r=3.0: GT=0.865 learned=1.062 err=22.7% exit=39%
    W2@1.0=3.4306

  --- F ---
      Epoch 100/500: loss=0.008789
      Epoch 200/500: loss=0.011428
      Epoch 300/500: loss=0.008430
      Epoch 400/500: loss=0.007430
      Epoch 500/500: loss=0.007671
    recon=0.007535
  Stage 2 epoch 100/300: loss=0.000045
  Stage 2 epoch 200/300: loss=0.000044
  Stage 2 epoch 300/300: loss=0.000042
  Stage 3 epoch 100/300: loss=0.004926
  Stage 3 epoch 200/300: loss=0.004565
  Stage 3 epoch 300/300: loss=0.004295
    r=0.5: GT=0.075 learned=1.415 err=1793.1% exit=6%
    r=1.0: GT=0.238 learned=nan err=nan% exit=0%
    r=2.0: GT=0.603 learned=nan err=nan% exit=0%
    r=3.0: GT=0.865 learned=nan err=nan% exit=0%
    W2@1.0=2.2276

  --- C ---
      Epoch 100/500: loss=0.007629
      Epoch 200/500: loss=0.007699
      Epoch 300/500: loss=0.007399
      Epoch 400/500: loss=0.007400
      Epoch 500/500: loss=0.007660
    recon=0.007547
  Stage 2 epoch 100/300: loss=0.000000
  Stage 2 epoch 200/300: loss=0.000000
  Stage 2 epoch 300/300: loss=0.000000
  Stage 3 epoch 100/300: loss=0.004926
  Stage 3 epoch 200/300: loss=0.004565
  Stage 3 epoch 300/300: loss=0.004295
    r=0.5: GT=0.075 learned=nan err=nan% exit=0%
    r=1.0: GT=0.238 learned=nan err=nan% exit=0%
    r=2.0: GT=0.603 learned=nan err=nan% exit=0%
    r=3.0: GT=0.865 learned=nan err=nan% exit=0%
    W2@1.0=2.2265

  --- T+F ---
      Epoch 100/500: loss=0.832821
      Epoch 200/500: loss=0.633370
      Epoch 300/500: loss=0.079845
      Epoch 400/500: loss=0.042899
      Epoch 500/500: loss=0.021941
    recon=0.000734
  Stage 2 epoch 100/300: loss=0.004821
  Stage 2 epoch 200/300: loss=0.003714
  Stage 2 epoch 300/300: loss=0.003125
  Stage 3 epoch 100/300: loss=0.000160
  Stage 3 epoch 200/300: loss=0.000119
  Stage 3 epoch 300/300: loss=0.000089
    r=0.5: GT=0.075 learned=0.074 err=1.3% exit=100%
    r=1.0: GT=0.238 learned=0.238 err=0.4% exit=100%
    r=2.0: GT=0.603 learned=0.663 err=10.0% exit=97%
    r=3.0: GT=0.865 learned=0.973 err=12.5% exit=69%
    W2@1.0=1.1267

============================================================
  hyperbolic_paraboloid | seed=5042
============================================================

  --- baseline ---
      Epoch 100/500: loss=0.001626
      Epoch 200/500: loss=0.001508
      Epoch 300/500: loss=0.000395
      Epoch 400/500: loss=0.000193
      Epoch 500/500: loss=0.000098
    recon=0.000101
  Stage 2 epoch 100/300: loss=0.049603
  Stage 2 epoch 200/300: loss=0.028402
  Stage 2 epoch 300/300: loss=0.022165
  Stage 3 epoch 100/300: loss=0.000693
  Stage 3 epoch 200/300: loss=0.000656
  Stage 3 epoch 300/300: loss=0.000785
    r=0.5: GT=0.073 learned=0.113 err=54.6% exit=100%
    r=1.0: GT=0.219 learned=0.413 err=88.3% exit=99%
    r=2.0: GT=0.630 learned=1.088 err=72.8% exit=54%
    r=3.0: GT=0.863 learned=1.265 err=46.5% exit=6%
    W2@1.0=1.5544

  --- T ---
      Epoch 100/500: loss=0.371560
      Epoch 200/500: loss=0.219982
      Epoch 300/500: loss=0.130751
      Epoch 400/500: loss=0.109713
      Epoch 500/500: loss=0.129402
    recon=0.015728
  Stage 2 epoch 100/300: loss=0.991581
  Stage 2 epoch 200/300: loss=0.877908
  Stage 2 epoch 300/300: loss=0.854472
  Stage 3 epoch 100/300: loss=0.001365
  Stage 3 epoch 200/300: loss=0.000969
  Stage 3 epoch 300/300: loss=0.001239
    r=0.5: GT=0.073 learned=0.053 err=27.2% exit=100%
    r=1.0: GT=0.219 learned=0.190 err=13.3% exit=98%
    r=2.0: GT=0.630 learned=0.601 err=4.5% exit=84%
    r=3.0: GT=0.863 learned=0.822 err=4.8% exit=50%
    W2@1.0=2.1037

  --- F ---
      Epoch 100/500: loss=0.007393
      Epoch 200/500: loss=0.007530
      Epoch 300/500: loss=0.007534
      Epoch 400/500: loss=0.007565
      Epoch 500/500: loss=0.007553
    recon=0.007380
  Stage 2 epoch 100/300: loss=0.000128
  Stage 2 epoch 200/300: loss=0.000113
  Stage 2 epoch 300/300: loss=0.000106
  Stage 3 epoch 100/300: loss=0.004514
  Stage 3 epoch 200/300: loss=0.004385
  Stage 3 epoch 300/300: loss=0.005708
    r=0.5: GT=0.073 learned=0.957 err=1210.9% exit=49%
    r=1.0: GT=0.219 learned=1.168 err=432.6% exit=32%
    r=2.0: GT=0.630 learned=1.333 err=111.7% exit=19%
    r=3.0: GT=0.863 learned=nan err=nan% exit=0%
    W2@1.0=2.0975

  --- C ---
      Epoch 100/500: loss=0.007354
      Epoch 200/500: loss=0.007575
      Epoch 300/500: loss=0.007491
      Epoch 400/500: loss=0.007587
      Epoch 500/500: loss=0.007577
    recon=0.007428
  Stage 2 epoch 100/300: loss=0.000000
  Stage 2 epoch 200/300: loss=0.000000
  Stage 2 epoch 300/300: loss=0.000000
  Stage 3 epoch 100/300: loss=0.004514
  Stage 3 epoch 200/300: loss=0.004385
  Stage 3 epoch 300/300: loss=0.005708
    r=0.5: GT=0.073 learned=nan err=nan% exit=0%
    r=1.0: GT=0.219 learned=nan err=nan% exit=0%
    r=2.0: GT=0.630 learned=nan err=nan% exit=0%
    r=3.0: GT=0.863 learned=nan err=nan% exit=0%
    W2@1.0=2.0830

  --- T+F ---
      Epoch 100/500: loss=0.882192
      Epoch 200/500: loss=0.668127
      Epoch 300/500: loss=0.555290
      Epoch 400/500: loss=0.060385
      Epoch 500/500: loss=0.029350
    recon=0.000583
  Stage 2 epoch 100/300: loss=0.004953
  Stage 2 epoch 200/300: loss=0.003876
  Stage 2 epoch 300/300: loss=0.003269
  Stage 3 epoch 100/300: loss=0.000148
  Stage 3 epoch 200/300: loss=0.000114
  Stage 3 epoch 300/300: loss=0.000112
    r=0.5: GT=0.073 learned=0.073 err=0.5% exit=100%
    r=1.0: GT=0.219 learned=0.239 err=9.1% exit=100%
    r=2.0: GT=0.630 learned=0.661 err=4.9% exit=96%
    r=3.0: GT=0.863 learned=0.989 err=14.5% exit=75%
    W2@1.0=1.0392

============================================================
  hyperbolic_paraboloid | seed=6042
============================================================

  --- baseline ---
      Epoch 100/500: loss=0.001884
      Epoch 200/500: loss=0.001762
      Epoch 300/500: loss=0.000478
      Epoch 400/500: loss=0.000276
      Epoch 500/500: loss=0.000129
    recon=0.000132
  Stage 2 epoch 100/300: loss=0.025297
  Stage 2 epoch 200/300: loss=0.022147
  Stage 2 epoch 300/300: loss=0.019984
  Stage 3 epoch 100/300: loss=0.000738
  Stage 3 epoch 200/300: loss=0.000694
  Stage 3 epoch 300/300: loss=0.000679
    r=0.5: GT=0.079 learned=0.150 err=89.1% exit=100%
    r=1.0: GT=0.224 learned=0.524 err=133.5% exit=98%
    r=2.0: GT=0.588 learned=0.964 err=64.0% exit=45%
    r=3.0: GT=0.815 learned=0.985 err=20.8% exit=9%
    W2@1.0=1.6503

  --- T ---
      Epoch 100/500: loss=0.202679
      Epoch 200/500: loss=0.187815
      Epoch 300/500: loss=0.154723
      Epoch 400/500: loss=0.139376
      Epoch 500/500: loss=0.131528
    recon=0.004339
  Stage 2 epoch 100/300: loss=23.389509
  Stage 2 epoch 200/300: loss=23.219395
  Stage 2 epoch 300/300: loss=22.550159
  Stage 3 epoch 100/300: loss=0.001712
  Stage 3 epoch 200/300: loss=0.001365
  Stage 3 epoch 300/300: loss=0.001109
    r=0.5: GT=0.079 learned=0.061 err=22.7% exit=100%
    r=1.0: GT=0.224 learned=0.200 err=10.9% exit=100%
    r=2.0: GT=0.588 learned=0.613 err=4.3% exit=98%
    r=3.0: GT=0.815 learned=0.903 err=10.7% exit=70%
    W2@1.0=2.2031

  --- F ---
      Epoch 100/500: loss=0.008108
      Epoch 200/500: loss=0.009360
      Epoch 300/500: loss=0.007664
      Epoch 400/500: loss=0.007460
      Epoch 500/500: loss=0.007389
    recon=0.007038
  Stage 2 epoch 100/300: loss=0.000137
  Stage 2 epoch 200/300: loss=0.000140
  Stage 2 epoch 300/300: loss=0.000133
  Stage 3 epoch 100/300: loss=0.004826
  Stage 3 epoch 200/300: loss=0.004887
  Stage 3 epoch 300/300: loss=0.004919
    r=0.5: GT=0.079 learned=0.879 err=1005.8% exit=78%
    r=1.0: GT=0.224 learned=1.034 err=361.2% exit=21%
    r=2.0: GT=0.588 learned=1.477 err=151.1% exit=6%
    r=3.0: GT=0.815 learned=nan err=nan% exit=0%
    W2@1.0=2.0833

  --- C ---
      Epoch 100/500: loss=0.007402
      Epoch 200/500: loss=0.007602
      Epoch 300/500: loss=0.007528
      Epoch 400/500: loss=0.007355
      Epoch 500/500: loss=0.007327
    recon=0.007336
  Stage 2 epoch 100/300: loss=0.000000
  Stage 2 epoch 200/300: loss=0.000000
  Stage 2 epoch 300/300: loss=0.000000
  Stage 3 epoch 100/300: loss=0.004827
  Stage 3 epoch 200/300: loss=0.004888
  Stage 3 epoch 300/300: loss=0.004920
    r=0.5: GT=0.079 learned=nan err=nan% exit=0%
    r=1.0: GT=0.224 learned=nan err=nan% exit=0%
    r=2.0: GT=0.588 learned=nan err=nan% exit=0%
    r=3.0: GT=0.815 learned=nan err=nan% exit=0%
    W2@1.0=2.1077

  --- T+F ---
      Epoch 100/500: loss=0.833266
      Epoch 200/500: loss=0.737563
      Epoch 300/500: loss=0.502523
      Epoch 400/500: loss=0.192066
      Epoch 500/500: loss=0.237355
    recon=0.006916
  Stage 2 epoch 100/300: loss=0.041168
  Stage 2 epoch 200/300: loss=0.016994
  Stage 2 epoch 300/300: loss=0.011314
  Stage 3 epoch 100/300: loss=0.000994
  Stage 3 epoch 200/300: loss=0.000869
  Stage 3 epoch 300/300: loss=0.000819
    r=0.5: GT=0.079 learned=0.097 err=22.2% exit=100%
    r=1.0: GT=0.224 learned=0.439 err=96.0% exit=98%
    r=2.0: GT=0.588 learned=0.871 err=48.1% exit=69%
    r=3.0: GT=0.815 learned=1.001 err=22.7% exit=48%
    W2@1.0=1.7156

============================================================
  hyperbolic_paraboloid | seed=7042
============================================================

  --- baseline ---
      Epoch 100/500: loss=0.001884
      Epoch 200/500: loss=0.001677
      Epoch 300/500: loss=0.000614
      Epoch 400/500: loss=0.000177
      Epoch 500/500: loss=0.000094
    recon=0.000099
  Stage 2 epoch 100/300: loss=0.026991
  Stage 2 epoch 200/300: loss=0.026310
  Stage 2 epoch 300/300: loss=0.024992
  Stage 3 epoch 100/300: loss=0.000611
  Stage 3 epoch 200/300: loss=0.000489
  Stage 3 epoch 300/300: loss=0.000471
    r=0.5: GT=0.076 learned=0.072 err=4.6% exit=100%
    r=1.0: GT=0.230 learned=0.260 err=13.4% exit=100%
    r=2.0: GT=0.608 learned=0.913 err=50.1% exit=75%
    r=3.0: GT=0.869 learned=1.118 err=28.7% exit=13%
    W2@1.0=1.3284

  --- T ---
      Epoch 100/500: loss=0.071635
      Epoch 200/500: loss=0.020924
      Epoch 300/500: loss=0.025200
      Epoch 400/500: loss=0.021759
      Epoch 500/500: loss=0.017112
    recon=0.000919
  Stage 2 epoch 100/300: loss=0.013941
  Stage 2 epoch 200/300: loss=0.014025
  Stage 2 epoch 300/300: loss=0.011933
  Stage 3 epoch 100/300: loss=0.000205
  Stage 3 epoch 200/300: loss=0.000171
  Stage 3 epoch 300/300: loss=0.000147
    r=0.5: GT=0.076 learned=0.099 err=30.4% exit=100%
    r=1.0: GT=0.230 learned=0.374 err=63.1% exit=99%
    r=2.0: GT=0.608 learned=1.002 err=64.7% exit=58%
    r=3.0: GT=0.869 learned=1.054 err=21.4% exit=24%
    W2@1.0=1.6746

  --- F ---
      Epoch 100/500: loss=0.008272
      Epoch 200/500: loss=0.008129
      Epoch 300/500: loss=0.008061
      Epoch 400/500: loss=0.008012
      Epoch 500/500: loss=0.007922
    recon=0.007864
  Stage 2 epoch 100/300: loss=0.000026
  Stage 2 epoch 200/300: loss=0.000027
  Stage 2 epoch 300/300: loss=0.000028
  Stage 3 epoch 100/300: loss=0.004612
  Stage 3 epoch 200/300: loss=0.004804
  Stage 3 epoch 300/300: loss=0.005101
    r=0.5: GT=0.076 learned=nan err=nan% exit=0%
    r=1.0: GT=0.230 learned=nan err=nan% exit=0%
    r=2.0: GT=0.608 learned=nan err=nan% exit=0%
    r=3.0: GT=0.869 learned=nan err=nan% exit=0%
    W2@1.0=2.1225

  --- C ---
      Epoch 100/500: loss=0.007941
      Epoch 200/500: loss=0.007830
      Epoch 300/500: loss=0.007901
      Epoch 400/500: loss=0.007908
      Epoch 500/500: loss=0.007907
    recon=0.007863
  Stage 2 epoch 100/300: loss=0.000000
  Stage 2 epoch 200/300: loss=0.000000
  Stage 2 epoch 300/300: loss=0.000000
  Stage 3 epoch 100/300: loss=0.004612
  Stage 3 epoch 200/300: loss=0.004804
  Stage 3 epoch 300/300: loss=0.005101
    r=0.5: GT=0.076 learned=nan err=nan% exit=0%
    r=1.0: GT=0.230 learned=nan err=nan% exit=0%
    r=2.0: GT=0.608 learned=nan err=nan% exit=0%
    r=3.0: GT=0.869 learned=nan err=nan% exit=0%
    W2@1.0=2.1229

  --- T+F ---
      Epoch 100/500: loss=0.783992
      Epoch 200/500: loss=0.536665
      Epoch 300/500: loss=0.181791
      Epoch 400/500: loss=0.068631
      Epoch 500/500: loss=0.016919
    recon=0.000246
  Stage 2 epoch 100/300: loss=0.006745
  Stage 2 epoch 200/300: loss=0.007359
  Stage 2 epoch 300/300: loss=0.006938
  Stage 3 epoch 100/300: loss=0.000204
  Stage 3 epoch 200/300: loss=0.000169
  Stage 3 epoch 300/300: loss=0.000145
    r=0.5: GT=0.076 learned=0.108 err=42.0% exit=100%
    r=1.0: GT=0.230 learned=0.367 err=60.0% exit=100%
    r=2.0: GT=0.608 learned=0.903 err=48.5% exit=78%
    r=3.0: GT=0.869 learned=1.099 err=26.5% exit=42%
    W2@1.0=1.3394

============================================================
  hyperbolic_paraboloid | seed=8042
============================================================

  --- baseline ---
      Epoch 100/500: loss=0.002084
      Epoch 200/500: loss=0.001629
      Epoch 300/500: loss=0.000307
      Epoch 400/500: loss=0.000176
      Epoch 500/500: loss=0.000104
    recon=0.000095
  Stage 2 epoch 100/300: loss=0.037971
  Stage 2 epoch 200/300: loss=0.032968
  Stage 2 epoch 300/300: loss=0.030010
  Stage 3 epoch 100/300: loss=0.000609
  Stage 3 epoch 200/300: loss=0.000592
  Stage 3 epoch 300/300: loss=0.000501
    r=0.5: GT=0.075 learned=0.109 err=45.0% exit=100%
    r=1.0: GT=0.234 learned=0.394 err=68.5% exit=100%
    r=2.0: GT=0.639 learned=1.033 err=61.7% exit=51%
    r=3.0: GT=0.859 learned=1.233 err=43.6% exit=4%
    W2@1.0=1.7938

  --- T ---
      Epoch 100/500: loss=0.309653
      Epoch 200/500: loss=0.262785
      Epoch 300/500: loss=0.168310
      Epoch 400/500: loss=0.145025
      Epoch 500/500: loss=0.116719
    recon=0.005079
  Stage 2 epoch 100/300: loss=138.483627
  Stage 2 epoch 200/300: loss=133.189201
  Stage 2 epoch 300/300: loss=120.652807
  Stage 3 epoch 100/300: loss=0.002235
  Stage 3 epoch 200/300: loss=0.001880
  Stage 3 epoch 300/300: loss=0.001435
    r=0.5: GT=0.075 learned=0.040 err=46.8% exit=100%
    r=1.0: GT=0.234 learned=0.094 err=59.7% exit=100%
    r=2.0: GT=0.639 learned=0.229 err=64.2% exit=50%
    r=3.0: GT=0.859 learned=0.074 err=91.4% exit=2%
    W2@1.0=2.3340

  --- F ---
      Epoch 100/500: loss=0.008094
      Epoch 200/500: loss=0.007898
      Epoch 300/500: loss=0.007882
      Epoch 400/500: loss=0.007912
      Epoch 500/500: loss=0.007816
    recon=0.007921
  Stage 2 epoch 100/300: loss=0.000197
  Stage 2 epoch 200/300: loss=0.000187
  Stage 2 epoch 300/300: loss=0.000177
  Stage 3 epoch 100/300: loss=0.005740
  Stage 3 epoch 200/300: loss=0.005567
  Stage 3 epoch 300/300: loss=0.005037
    r=0.5: GT=0.075 learned=0.721 err=855.1% exit=100%
    r=1.0: GT=0.234 learned=1.007 err=331.3% exit=98%
    r=2.0: GT=0.639 learned=1.276 err=99.7% exit=85%
    r=3.0: GT=0.859 learned=nan err=nan% exit=0%
    W2@1.0=2.5092

  --- C ---
      Epoch 100/500: loss=0.008110
      Epoch 200/500: loss=0.007805
      Epoch 300/500: loss=0.007845
      Epoch 400/500: loss=0.007897
      Epoch 500/500: loss=0.007793
    recon=0.007926
  Stage 2 epoch 100/300: loss=0.000000
  Stage 2 epoch 200/300: loss=0.000000
  Stage 2 epoch 300/300: loss=0.000000
  Stage 3 epoch 100/300: loss=0.005740
  Stage 3 epoch 200/300: loss=0.005567
  Stage 3 epoch 300/300: loss=0.005038
    r=0.5: GT=0.075 learned=nan err=nan% exit=0%
    r=1.0: GT=0.234 learned=nan err=nan% exit=0%
    r=2.0: GT=0.639 learned=nan err=nan% exit=0%
    r=3.0: GT=0.859 learned=nan err=nan% exit=0%
    W2@1.0=2.2446

  --- T+F ---
      Epoch 100/500: loss=0.948459
      Epoch 200/500: loss=0.690301
      Epoch 300/500: loss=0.575239
      Epoch 400/500: loss=0.055509
      Epoch 500/500: loss=0.022340
    recon=0.000529
  Stage 2 epoch 100/300: loss=0.007414
  Stage 2 epoch 200/300: loss=0.007552
  Stage 2 epoch 300/300: loss=0.006557
  Stage 3 epoch 100/300: loss=0.000345
  Stage 3 epoch 200/300: loss=0.000245
  Stage 3 epoch 300/300: loss=0.000202
    r=0.5: GT=0.075 learned=0.124 err=64.8% exit=100%
    r=1.0: GT=0.234 learned=0.457 err=95.9% exit=99%
    r=2.0: GT=0.639 learned=0.941 err=47.3% exit=69%
    r=3.0: GT=0.859 learned=1.098 err=27.8% exit=38%
    W2@1.0=1.5205

============================================================
  hyperbolic_paraboloid | seed=9042
============================================================

  --- baseline ---
      Epoch 100/500: loss=0.001857
      Epoch 200/500: loss=0.001596
      Epoch 300/500: loss=0.000308
      Epoch 400/500: loss=0.000206
      Epoch 500/500: loss=0.000185
    recon=0.000270
  Stage 2 epoch 100/300: loss=0.049381
  Stage 2 epoch 200/300: loss=0.038055
  Stage 2 epoch 300/300: loss=0.022030
  Stage 3 epoch 100/300: loss=0.000917
  Stage 3 epoch 200/300: loss=0.000856
  Stage 3 epoch 300/300: loss=0.000848
    r=0.5: GT=0.076 learned=0.080 err=5.7% exit=100%
    r=1.0: GT=0.228 learned=0.272 err=19.3% exit=100%
    r=2.0: GT=0.634 learned=0.914 err=44.1% exit=73%
    r=3.0: GT=0.845 learned=1.167 err=38.0% exit=11%
    W2@1.0=1.4094

  --- T ---
      Epoch 100/500: loss=0.320422
      Epoch 200/500: loss=0.207461
      Epoch 300/500: loss=0.165090
      Epoch 400/500: loss=0.187565
      Epoch 500/500: loss=0.118620
    recon=0.006518
  Stage 2 epoch 100/300: loss=0.782702
  Stage 2 epoch 200/300: loss=0.823344
  Stage 2 epoch 300/300: loss=1.015569
  Stage 3 epoch 100/300: loss=0.002012
  Stage 3 epoch 200/300: loss=0.001832
  Stage 3 epoch 300/300: loss=0.001809
    r=0.5: GT=0.076 learned=0.055 err=27.2% exit=100%
    r=1.0: GT=0.228 learned=0.116 err=49.2% exit=100%
    r=2.0: GT=0.634 learned=0.347 err=45.3% exit=92%
    r=3.0: GT=0.845 learned=0.720 err=14.8% exit=34%
    W2@1.0=1.9666

  --- F ---
      Epoch 100/500: loss=0.008138
      Epoch 200/500: loss=0.012058
      Epoch 300/500: loss=0.007908
      Epoch 400/500: loss=0.008022
      Epoch 500/500: loss=0.007888
    recon=0.007868
  Stage 2 epoch 100/300: loss=0.000126
  Stage 2 epoch 200/300: loss=0.000112
  Stage 2 epoch 300/300: loss=0.000106
  Stage 3 epoch 100/300: loss=0.005448
  Stage 3 epoch 200/300: loss=0.005337
  Stage 3 epoch 300/300: loss=0.005139
    r=0.5: GT=0.076 learned=1.833 err=2311.0% exit=1%
    r=1.0: GT=0.228 learned=nan err=nan% exit=0%
    r=2.0: GT=0.634 learned=nan err=nan% exit=0%
    r=3.0: GT=0.845 learned=nan err=nan% exit=0%
    W2@1.0=2.1727

  --- C ---
      Epoch 100/500: loss=0.007824
      Epoch 200/500: loss=0.008042
      Epoch 300/500: loss=0.007836
      Epoch 400/500: loss=0.007961
      Epoch 500/500: loss=0.007765
    recon=0.007842
  Stage 2 epoch 100/300: loss=0.000000
  Stage 2 epoch 200/300: loss=0.000000
  Stage 2 epoch 300/300: loss=0.000000
  Stage 3 epoch 100/300: loss=0.005448
  Stage 3 epoch 200/300: loss=0.005337
  Stage 3 epoch 300/300: loss=0.005139
    r=0.5: GT=0.076 learned=nan err=nan% exit=0%
    r=1.0: GT=0.228 learned=nan err=nan% exit=0%
    r=2.0: GT=0.634 learned=nan err=nan% exit=0%
    r=3.0: GT=0.845 learned=nan err=nan% exit=0%
    W2@1.0=2.1682

  --- T+F ---
      Epoch 100/500: loss=0.729357
      Epoch 200/500: loss=0.632260
      Epoch 300/500: loss=0.263196
      Epoch 400/500: loss=0.049021
      Epoch 500/500: loss=0.020101
    recon=0.000234
  Stage 2 epoch 100/300: loss=0.004347
  Stage 2 epoch 200/300: loss=0.003633
  Stage 2 epoch 300/300: loss=0.003688
  Stage 3 epoch 100/300: loss=0.000109
  Stage 3 epoch 200/300: loss=0.000095
  Stage 3 epoch 300/300: loss=0.000090
    r=0.5: GT=0.076 learned=0.075 err=1.5% exit=100%
    r=1.0: GT=0.228 learned=0.224 err=1.5% exit=100%
    r=2.0: GT=0.634 learned=0.658 err=3.8% exit=95%
    r=3.0: GT=0.845 learned=0.943 err=11.6% exit=74%
    W2@1.0=1.1019

============================================================
  quartic_dome | seed=42
============================================================

  --- baseline ---
      Epoch 100/500: loss=0.001021
      Epoch 200/500: loss=0.001013
      Epoch 300/500: loss=0.000803
      Epoch 400/500: loss=0.000221
      Epoch 500/500: loss=0.000159
    recon=0.000222
  Stage 2 epoch 100/300: loss=0.010883
  Stage 2 epoch 200/300: loss=0.013435
  Stage 2 epoch 300/300: loss=0.011768
  Stage 3 epoch 100/300: loss=0.000222
  Stage 3 epoch 200/300: loss=0.000225
  Stage 3 epoch 300/300: loss=0.000219
    r=0.5: GT=0.076 learned=0.077 err=0.9% exit=100%
    r=1.0: GT=0.260 learned=0.279 err=7.6% exit=100%
    r=2.0: GT=0.778 learned=0.980 err=26.0% exit=72%
    r=3.0: GT=0.920 learned=1.133 err=23.3% exit=10%
    W2@1.0=3.1212

  --- T ---
      Epoch 100/500: loss=0.094799
      Epoch 200/500: loss=0.072613
      Epoch 300/500: loss=0.042484
      Epoch 400/500: loss=0.048428
      Epoch 500/500: loss=0.030520
    recon=0.001990
  Stage 2 epoch 100/300: loss=0.006329
  Stage 2 epoch 200/300: loss=0.004783
  Stage 2 epoch 300/300: loss=0.002849
  Stage 3 epoch 100/300: loss=0.000045
  Stage 3 epoch 200/300: loss=0.000038
  Stage 3 epoch 300/300: loss=0.000033
    r=0.5: GT=0.076 learned=0.077 err=1.2% exit=100%
    r=1.0: GT=0.260 learned=0.274 err=5.6% exit=100%
    r=2.0: GT=0.778 learned=0.894 err=14.9% exit=79%
    r=3.0: GT=0.920 learned=1.085 err=18.0% exit=16%
    W2@1.0=3.2048

  --- F ---
      Epoch 100/500: loss=0.012589
      Epoch 200/500: loss=0.007524
      Epoch 300/500: loss=0.006338
      Epoch 400/500: loss=0.006304
      Epoch 500/500: loss=0.006208
    recon=0.006166
  Stage 2 epoch 100/300: loss=0.000137
  Stage 2 epoch 200/300: loss=0.000172
  Stage 2 epoch 300/300: loss=0.000162
  Stage 3 epoch 100/300: loss=0.000839
  Stage 3 epoch 200/300: loss=0.000897
  Stage 3 epoch 300/300: loss=0.000892
    r=0.5: GT=0.076 learned=1.793 err=2261.5% exit=8%
    r=1.0: GT=0.260 learned=nan err=nan% exit=0%
    r=2.0: GT=0.778 learned=nan err=nan% exit=0%
    r=3.0: GT=0.920 learned=nan err=nan% exit=0%
    W2@1.0=3.4407

  --- C ---
      Epoch 100/500: loss=0.006204
      Epoch 200/500: loss=0.006550
      Epoch 300/500: loss=0.006281
      Epoch 400/500: loss=0.006283
      Epoch 500/500: loss=0.006190
    recon=0.006166
  Stage 2 epoch 100/300: loss=0.000000
  Stage 2 epoch 200/300: loss=0.000000
  Stage 2 epoch 300/300: loss=0.000000
  Stage 3 epoch 100/300: loss=0.000839
  Stage 3 epoch 200/300: loss=0.000897
  Stage 3 epoch 300/300: loss=0.000892
    r=0.5: GT=0.076 learned=nan err=nan% exit=0%
    r=1.0: GT=0.260 learned=nan err=nan% exit=0%
    r=2.0: GT=0.778 learned=nan err=nan% exit=0%
    r=3.0: GT=0.920 learned=nan err=nan% exit=0%
    W2@1.0=3.4287

  --- T+F ---
      Epoch 100/500: loss=0.307367
      Epoch 200/500: loss=0.162110
      Epoch 300/500: loss=0.106186
      Epoch 400/500: loss=0.089552
      Epoch 500/500: loss=0.089552
    recon=0.001796
  Stage 2 epoch 100/300: loss=0.002373
  Stage 2 epoch 200/300: loss=0.002450
  Stage 2 epoch 300/300: loss=0.001976
  Stage 3 epoch 100/300: loss=0.000076
  Stage 3 epoch 200/300: loss=0.000079
  Stage 3 epoch 300/300: loss=0.000074
    r=0.5: GT=0.076 learned=0.074 err=3.1% exit=100%
    r=1.0: GT=0.260 learned=0.261 err=0.5% exit=100%
    r=2.0: GT=0.778 learned=0.834 err=7.2% exit=89%
    r=3.0: GT=0.920 learned=1.193 err=29.8% exit=45%
    W2@1.0=3.2166

============================================================
  quartic_dome | seed=1042
============================================================

  --- baseline ---
      Epoch 100/500: loss=0.000904
      Epoch 200/500: loss=0.000858
      Epoch 300/500: loss=0.000550
      Epoch 400/500: loss=0.000260
      Epoch 500/500: loss=0.000170
    recon=0.000231
  Stage 2 epoch 100/300: loss=0.007607
  Stage 2 epoch 200/300: loss=0.005423
  Stage 2 epoch 300/300: loss=0.003876
  Stage 3 epoch 100/300: loss=0.000246
  Stage 3 epoch 200/300: loss=0.000246
  Stage 3 epoch 300/300: loss=0.000223
    r=0.5: GT=0.082 learned=0.080 err=2.0% exit=100%
    r=1.0: GT=0.273 learned=0.283 err=4.0% exit=100%
    r=2.0: GT=0.770 learned=0.941 err=22.1% exit=69%
    r=3.0: GT=0.926 learned=1.221 err=31.9% exit=11%
    W2@1.0=3.2975

  --- T ---
      Epoch 100/500: loss=0.134608
      Epoch 200/500: loss=0.059525
      Epoch 300/500: loss=0.043950
      Epoch 400/500: loss=0.027277
      Epoch 500/500: loss=0.031917
    recon=0.002056
  Stage 2 epoch 100/300: loss=0.007158
  Stage 2 epoch 200/300: loss=0.005213
  Stage 2 epoch 300/300: loss=0.004557
  Stage 3 epoch 100/300: loss=0.000074
  Stage 3 epoch 200/300: loss=0.000050
  Stage 3 epoch 300/300: loss=0.000037
    r=0.5: GT=0.082 learned=0.077 err=5.9% exit=100%
    r=1.0: GT=0.273 learned=0.273 err=0.1% exit=100%
    r=2.0: GT=0.770 learned=0.768 err=0.3% exit=83%
    r=3.0: GT=0.926 learned=1.026 err=10.8% exit=36%
    W2@1.0=3.4007

  --- F ---
      Epoch 100/500: loss=0.008239
      Epoch 200/500: loss=0.008874
      Epoch 300/500: loss=0.006431
      Epoch 400/500: loss=0.006543
      Epoch 500/500: loss=0.006415
    recon=0.006362
  Stage 2 epoch 100/300: loss=0.000235
  Stage 2 epoch 200/300: loss=0.000193
  Stage 2 epoch 300/300: loss=0.000226
  Stage 3 epoch 100/300: loss=0.000906
  Stage 3 epoch 200/300: loss=0.000964
  Stage 3 epoch 300/300: loss=0.000934
    r=0.5: GT=0.082 learned=1.336 err=1536.6% exit=99%
    r=1.0: GT=0.273 learned=1.830 err=571.1% exit=65%
    r=2.0: GT=0.770 learned=nan err=nan% exit=0%
    r=3.0: GT=0.926 learned=nan err=nan% exit=0%
    W2@1.0=3.5951

  --- C ---
      Epoch 100/500: loss=0.006782
      Epoch 200/500: loss=0.006462
      Epoch 300/500: loss=0.006424
      Epoch 400/500: loss=0.006543
      Epoch 500/500: loss=0.006407
    recon=0.006361
  Stage 2 epoch 100/300: loss=0.000000
  Stage 2 epoch 200/300: loss=0.000000
  Stage 2 epoch 300/300: loss=0.000000
  Stage 3 epoch 100/300: loss=0.000906
  Stage 3 epoch 200/300: loss=0.000964
  Stage 3 epoch 300/300: loss=0.000934
    r=0.5: GT=0.082 learned=nan err=nan% exit=0%
    r=1.0: GT=0.273 learned=nan err=nan% exit=0%
    r=2.0: GT=0.770 learned=nan err=nan% exit=0%
    r=3.0: GT=0.926 learned=nan err=nan% exit=0%
    W2@1.0=3.5879

  --- T+F ---
      Epoch 100/500: loss=0.479211
      Epoch 200/500: loss=0.225404
      Epoch 300/500: loss=0.120862
      Epoch 400/500: loss=0.080768
      Epoch 500/500: loss=0.054311
    recon=0.000653
  Stage 2 epoch 100/300: loss=0.004928
  Stage 2 epoch 200/300: loss=0.002783
  Stage 2 epoch 300/300: loss=0.002723
  Stage 3 epoch 100/300: loss=0.000083
  Stage 3 epoch 200/300: loss=0.000063
  Stage 3 epoch 300/300: loss=0.000056
    r=0.5: GT=0.082 learned=0.075 err=7.9% exit=100%
    r=1.0: GT=0.273 learned=0.256 err=6.0% exit=100%
    r=2.0: GT=0.770 learned=0.762 err=1.0% exit=87%
    r=3.0: GT=0.926 learned=1.070 err=15.6% exit=47%
    W2@1.0=3.3793

============================================================
  quartic_dome | seed=2042
============================================================

  --- baseline ---
      Epoch 100/500: loss=0.000911
      Epoch 200/500: loss=0.000841
      Epoch 300/500: loss=0.000347
      Epoch 400/500: loss=0.000100
      Epoch 500/500: loss=0.000128
    recon=0.000110
  Stage 2 epoch 100/300: loss=0.014244
  Stage 2 epoch 200/300: loss=0.013469
  Stage 2 epoch 300/300: loss=0.009262
  Stage 3 epoch 100/300: loss=0.000223
  Stage 3 epoch 200/300: loss=0.000205
  Stage 3 epoch 300/300: loss=0.000215
    r=0.5: GT=0.075 learned=0.074 err=2.1% exit=100%
    r=1.0: GT=0.251 learned=0.266 err=5.8% exit=100%
    r=2.0: GT=0.788 learned=0.952 err=20.9% exit=67%
    r=3.0: GT=0.927 learned=1.386 err=49.4% exit=3%
    W2@1.0=3.1527

  --- T ---
      Epoch 100/500: loss=0.082941
      Epoch 200/500: loss=0.050271
      Epoch 300/500: loss=0.055296
      Epoch 400/500: loss=0.050030
      Epoch 500/500: loss=0.030739
    recon=0.001557
  Stage 2 epoch 100/300: loss=0.003589
  Stage 2 epoch 200/300: loss=0.003237
  Stage 2 epoch 300/300: loss=0.002658
  Stage 3 epoch 100/300: loss=0.000055
  Stage 3 epoch 200/300: loss=0.000041
  Stage 3 epoch 300/300: loss=0.000034
    r=0.5: GT=0.075 learned=0.079 err=5.3% exit=100%
    r=1.0: GT=0.251 learned=0.276 err=9.8% exit=100%
    r=2.0: GT=0.788 learned=0.866 err=10.0% exit=85%
    r=3.0: GT=0.927 learned=1.150 err=24.0% exit=22%
    W2@1.0=3.1663

  --- F ---
      Epoch 100/500: loss=0.007945
      Epoch 200/500: loss=0.007135
      Epoch 300/500: loss=0.006547
      Epoch 400/500: loss=0.006450
      Epoch 500/500: loss=0.006457
    recon=0.006442
  Stage 2 epoch 100/300: loss=0.000050
  Stage 2 epoch 200/300: loss=0.000055
  Stage 2 epoch 300/300: loss=0.000052
  Stage 3 epoch 100/300: loss=0.000867
  Stage 3 epoch 200/300: loss=0.000891
  Stage 3 epoch 300/300: loss=0.000929
    r=0.5: GT=0.075 learned=1.069 err=1317.5% exit=97%
    r=1.0: GT=0.251 learned=1.291 err=413.6% exit=95%
    r=2.0: GT=0.788 learned=1.574 err=99.9% exit=89%
    r=3.0: GT=0.927 learned=1.776 err=91.5% exit=69%
    W2@1.0=3.4948

  --- C ---
      Epoch 100/500: loss=0.006466
      Epoch 200/500: loss=0.006435
      Epoch 300/500: loss=0.006503
      Epoch 400/500: loss=0.006382
      Epoch 500/500: loss=0.006414
    recon=0.006414
  Stage 2 epoch 100/300: loss=0.000000
  Stage 2 epoch 200/300: loss=0.000000
  Stage 2 epoch 300/300: loss=0.000000
  Stage 3 epoch 100/300: loss=0.000867
  Stage 3 epoch 200/300: loss=0.000891
  Stage 3 epoch 300/300: loss=0.000929
    r=0.5: GT=0.075 learned=nan err=nan% exit=0%
    r=1.0: GT=0.251 learned=nan err=nan% exit=0%
    r=2.0: GT=0.788 learned=nan err=nan% exit=0%
    r=3.0: GT=0.927 learned=nan err=nan% exit=0%
    W2@1.0=3.4578

  --- T+F ---
      Epoch 100/500: loss=0.478536
      Epoch 200/500: loss=0.223519
      Epoch 300/500: loss=0.140254
      Epoch 400/500: loss=0.118362
      Epoch 500/500: loss=0.097792
    recon=0.001759
  Stage 2 epoch 100/300: loss=0.003912
  Stage 2 epoch 200/300: loss=0.003429
  Stage 2 epoch 300/300: loss=0.003539
  Stage 3 epoch 100/300: loss=0.000162
  Stage 3 epoch 200/300: loss=0.000135
  Stage 3 epoch 300/300: loss=0.000121
    r=0.5: GT=0.075 learned=0.136 err=80.6% exit=100%
    r=1.0: GT=0.251 learned=0.476 err=89.4% exit=99%
    r=2.0: GT=0.788 learned=1.004 err=27.5% exit=61%
    r=3.0: GT=0.927 learned=1.303 err=40.5% exit=26%
    W2@1.0=3.2453

============================================================
  quartic_dome | seed=3042
============================================================

  --- baseline ---
      Epoch 100/500: loss=0.000956
      Epoch 200/500: loss=0.000873
      Epoch 300/500: loss=0.000733
      Epoch 400/500: loss=0.000355
      Epoch 500/500: loss=0.000077
    recon=0.000077
  Stage 2 epoch 100/300: loss=0.016959
  Stage 2 epoch 200/300: loss=0.012744
  Stage 2 epoch 300/300: loss=0.006700
  Stage 3 epoch 100/300: loss=0.000230
  Stage 3 epoch 200/300: loss=0.000228
  Stage 3 epoch 300/300: loss=0.000197
    r=0.5: GT=0.081 learned=0.079 err=2.6% exit=100%
    r=1.0: GT=0.260 learned=0.272 err=4.5% exit=100%
    r=2.0: GT=0.765 learned=0.991 err=29.4% exit=70%
    r=3.0: GT=0.939 learned=1.231 err=31.1% exit=5%
    W2@1.0=3.5812

  --- T ---
      Epoch 100/500: loss=0.105347
      Epoch 200/500: loss=0.052280
      Epoch 300/500: loss=0.047319
      Epoch 400/500: loss=0.041417
      Epoch 500/500: loss=0.035441
    recon=0.002055
  Stage 2 epoch 100/300: loss=0.013842
  Stage 2 epoch 200/300: loss=0.009401
  Stage 2 epoch 300/300: loss=0.004787
  Stage 3 epoch 100/300: loss=0.000082
  Stage 3 epoch 200/300: loss=0.000057
  Stage 3 epoch 300/300: loss=0.000043
    r=0.5: GT=0.081 learned=0.079 err=2.4% exit=100%
    r=1.0: GT=0.260 learned=0.274 err=5.3% exit=100%
    r=2.0: GT=0.765 learned=0.886 err=15.8% exit=81%
    r=3.0: GT=0.939 learned=1.117 err=18.9% exit=27%
    W2@1.0=3.6113

  --- F ---
      Epoch 100/500: loss=0.011875
      Epoch 200/500: loss=0.006593
      Epoch 300/500: loss=0.006363
      Epoch 400/500: loss=0.006346
      Epoch 500/500: loss=0.006129
    recon=0.006238
  Stage 2 epoch 100/300: loss=0.000147
  Stage 2 epoch 200/300: loss=0.000138
  Stage 2 epoch 300/300: loss=0.000121
  Stage 3 epoch 100/300: loss=0.000895
  Stage 3 epoch 200/300: loss=0.000886
  Stage 3 epoch 300/300: loss=0.000870
    r=0.5: GT=0.081 learned=1.646 err=1931.3% exit=6%
    r=1.0: GT=0.260 learned=nan err=nan% exit=0%
    r=2.0: GT=0.765 learned=nan err=nan% exit=0%
    r=3.0: GT=0.939 learned=nan err=nan% exit=0%
    W2@1.0=3.8639

  --- C ---
      Epoch 100/500: loss=0.006396
      Epoch 200/500: loss=0.006178
      Epoch 300/500: loss=0.006335
      Epoch 400/500: loss=0.006330
      Epoch 500/500: loss=0.006125
    recon=0.006254
  Stage 2 epoch 100/300: loss=0.000000
  Stage 2 epoch 200/300: loss=0.000000
  Stage 2 epoch 300/300: loss=0.000000
  Stage 3 epoch 100/300: loss=0.000895
  Stage 3 epoch 200/300: loss=0.000886
  Stage 3 epoch 300/300: loss=0.000870
    r=0.5: GT=0.081 learned=nan err=nan% exit=0%
    r=1.0: GT=0.260 learned=nan err=nan% exit=0%
    r=2.0: GT=0.765 learned=nan err=nan% exit=0%
    r=3.0: GT=0.939 learned=nan err=nan% exit=0%
    W2@1.0=3.8671

  --- T+F ---
      Epoch 100/500: loss=0.333550
      Epoch 200/500: loss=0.274433
      Epoch 300/500: loss=0.107825
      Epoch 400/500: loss=0.041477
      Epoch 500/500: loss=0.039059
    recon=0.000397
  Stage 2 epoch 100/300: loss=0.006534
  Stage 2 epoch 200/300: loss=0.005715
  Stage 2 epoch 300/300: loss=0.005947
  Stage 3 epoch 100/300: loss=0.000058
  Stage 3 epoch 200/300: loss=0.000045
  Stage 3 epoch 300/300: loss=0.000035
    r=0.5: GT=0.081 learned=0.079 err=2.1% exit=100%
    r=1.0: GT=0.260 learned=0.270 err=3.8% exit=100%
    r=2.0: GT=0.765 learned=0.817 err=6.8% exit=85%
    r=3.0: GT=0.939 learned=1.127 err=20.0% exit=43%
    W2@1.0=3.5882

============================================================
  quartic_dome | seed=4042
============================================================

  --- baseline ---
      Epoch 100/500: loss=0.001066
      Epoch 200/500: loss=0.000915
      Epoch 300/500: loss=0.000501
      Epoch 400/500: loss=0.000186
      Epoch 500/500: loss=0.000108
    recon=0.000124
  Stage 2 epoch 100/300: loss=0.011810
  Stage 2 epoch 200/300: loss=0.009330
  Stage 2 epoch 300/300: loss=0.005452
  Stage 3 epoch 100/300: loss=0.000255
  Stage 3 epoch 200/300: loss=0.000238
  Stage 3 epoch 300/300: loss=0.000232
    r=0.5: GT=0.078 learned=0.078 err=0.4% exit=100%
    r=1.0: GT=0.260 learned=0.287 err=10.2% exit=100%
    r=2.0: GT=0.744 learned=0.970 err=30.3% exit=74%
    r=3.0: GT=0.929 learned=1.256 err=35.1% exit=12%
    W2@1.0=3.2976

  --- T ---
      Epoch 100/500: loss=0.077182
      Epoch 200/500: loss=0.064121
      Epoch 300/500: loss=0.052552
      Epoch 400/500: loss=0.040339
      Epoch 500/500: loss=0.029540
    recon=0.001445
  Stage 2 epoch 100/300: loss=0.007233
  Stage 2 epoch 200/300: loss=0.005643
  Stage 2 epoch 300/300: loss=0.003435
  Stage 3 epoch 100/300: loss=0.000036
  Stage 3 epoch 200/300: loss=0.000032
  Stage 3 epoch 300/300: loss=0.000028
    r=0.5: GT=0.078 learned=0.077 err=0.8% exit=100%
    r=1.0: GT=0.260 learned=0.276 err=6.1% exit=100%
    r=2.0: GT=0.744 learned=0.815 err=9.5% exit=86%
    r=3.0: GT=0.929 learned=1.113 err=19.8% exit=30%
    W2@1.0=3.3235

  --- F ---
      Epoch 100/500: loss=0.008500
      Epoch 200/500: loss=0.006648
      Epoch 300/500: loss=0.006615
      Epoch 400/500: loss=0.006453
      Epoch 500/500: loss=0.006184
    recon=0.006346
  Stage 2 epoch 100/300: loss=0.000345
  Stage 2 epoch 200/300: loss=0.000339
  Stage 2 epoch 300/300: loss=0.000389
  Stage 3 epoch 100/300: loss=0.000967
  Stage 3 epoch 200/300: loss=0.000897
  Stage 3 epoch 300/300: loss=0.000908
    r=0.5: GT=0.078 learned=1.382 err=1670.0% exit=98%
    r=1.0: GT=0.260 learned=1.865 err=616.1% exit=23%
    r=2.0: GT=0.744 learned=nan err=nan% exit=0%
    r=3.0: GT=0.929 learned=nan err=nan% exit=0%
    W2@1.0=3.5912

  --- C ---
      Epoch 100/500: loss=0.006451
      Epoch 200/500: loss=0.006491
      Epoch 300/500: loss=0.006513
      Epoch 400/500: loss=0.006430
      Epoch 500/500: loss=0.006171
    recon=0.006344
  Stage 2 epoch 100/300: loss=0.000000
  Stage 2 epoch 200/300: loss=0.000000
  Stage 2 epoch 300/300: loss=0.000000
  Stage 3 epoch 100/300: loss=0.000967
  Stage 3 epoch 200/300: loss=0.000897
  Stage 3 epoch 300/300: loss=0.000908
    r=0.5: GT=0.078 learned=nan err=nan% exit=0%
    r=1.0: GT=0.260 learned=nan err=nan% exit=0%
    r=2.0: GT=0.744 learned=nan err=nan% exit=0%
    r=3.0: GT=0.929 learned=nan err=nan% exit=0%
    W2@1.0=3.5893

  --- T+F ---
      Epoch 100/500: loss=0.379494
      Epoch 200/500: loss=0.226413
      Epoch 300/500: loss=0.090360
      Epoch 400/500: loss=0.059750
      Epoch 500/500: loss=0.031693
    recon=0.000260
  Stage 2 epoch 100/300: loss=0.003293
  Stage 2 epoch 200/300: loss=0.003228
  Stage 2 epoch 300/300: loss=0.003061
  Stage 3 epoch 100/300: loss=0.000048
  Stage 3 epoch 200/300: loss=0.000045
  Stage 3 epoch 300/300: loss=0.000039
    r=0.5: GT=0.078 learned=0.074 err=5.7% exit=100%
    r=1.0: GT=0.260 learned=0.265 err=1.6% exit=100%
    r=2.0: GT=0.744 learned=0.839 err=12.8% exit=90%
    r=3.0: GT=0.929 learned=1.084 err=16.6% exit=47%
    W2@1.0=3.3305

============================================================
  quartic_dome | seed=5042
============================================================

  --- baseline ---
      Epoch 100/500: loss=0.001078
      Epoch 200/500: loss=0.000919
      Epoch 300/500: loss=0.000714
      Epoch 400/500: loss=0.000410
      Epoch 500/500: loss=0.000237
    recon=0.000212
  Stage 2 epoch 100/300: loss=0.007644
  Stage 2 epoch 200/300: loss=0.007165
  Stage 2 epoch 300/300: loss=0.005577
  Stage 3 epoch 100/300: loss=0.000251
  Stage 3 epoch 200/300: loss=0.000225
  Stage 3 epoch 300/300: loss=0.000264
    r=0.5: GT=0.075 learned=0.078 err=4.1% exit=100%
    r=1.0: GT=0.248 learned=0.276 err=11.6% exit=100%
    r=2.0: GT=0.769 learned=0.917 err=19.2% exit=76%
    r=3.0: GT=0.942 learned=1.285 err=36.4% exit=16%
    W2@1.0=3.1578

  --- T ---
      Epoch 100/500: loss=0.112220
      Epoch 200/500: loss=0.069863
      Epoch 300/500: loss=0.039081
      Epoch 400/500: loss=0.031379
      Epoch 500/500: loss=0.044059
    recon=0.001214
  Stage 2 epoch 100/300: loss=0.003807
  Stage 2 epoch 200/300: loss=0.002642
  Stage 2 epoch 300/300: loss=0.001769
  Stage 3 epoch 100/300: loss=0.000049
  Stage 3 epoch 200/300: loss=0.000040
  Stage 3 epoch 300/300: loss=0.000037
    r=0.5: GT=0.075 learned=0.076 err=0.7% exit=100%
    r=1.0: GT=0.248 learned=0.271 err=9.5% exit=100%
    r=2.0: GT=0.769 learned=0.799 err=3.8% exit=87%
    r=3.0: GT=0.942 learned=1.163 err=23.5% exit=34%
    W2@1.0=3.1337

  --- F ---
      Epoch 100/500: loss=0.009089
      Epoch 200/500: loss=0.012382
      Epoch 300/500: loss=0.006218
      Epoch 400/500: loss=0.006406
      Epoch 500/500: loss=0.006023
    recon=0.006314
  Stage 2 epoch 100/300: loss=0.000112
  Stage 2 epoch 200/300: loss=0.000091
  Stage 2 epoch 300/300: loss=0.000057
  Stage 3 epoch 100/300: loss=0.000892
  Stage 3 epoch 200/300: loss=0.000861
  Stage 3 epoch 300/300: loss=0.000935
    r=0.5: GT=0.075 learned=0.402 err=432.8% exit=100%
    r=1.0: GT=0.248 learned=0.491 err=98.5% exit=100%
    r=2.0: GT=0.769 learned=0.638 err=17.1% exit=100%
    r=3.0: GT=0.942 learned=0.760 err=19.3% exit=76%
    W2@1.0=4.5849

  --- C ---
      Epoch 100/500: loss=0.006353
      Epoch 200/500: loss=0.006279
      Epoch 300/500: loss=0.006183
      Epoch 400/500: loss=0.006376
      Epoch 500/500: loss=0.006006
    recon=0.006302
  Stage 2 epoch 100/300: loss=0.000000
  Stage 2 epoch 200/300: loss=0.000000
  Stage 2 epoch 300/300: loss=0.000000
  Stage 3 epoch 100/300: loss=0.000892
  Stage 3 epoch 200/300: loss=0.000861
  Stage 3 epoch 300/300: loss=0.000935
    r=0.5: GT=0.075 learned=nan err=nan% exit=0%
    r=1.0: GT=0.248 learned=nan err=nan% exit=0%
    r=2.0: GT=0.769 learned=nan err=nan% exit=0%
    r=3.0: GT=0.942 learned=nan err=nan% exit=0%
    W2@1.0=3.4367

  --- T+F ---
      Epoch 100/500: loss=0.456754
      Epoch 200/500: loss=0.256081
      Epoch 300/500: loss=0.170248
      Epoch 400/500: loss=0.131660
      Epoch 500/500: loss=0.110907
    recon=0.001045
  Stage 2 epoch 100/300: loss=0.003236
  Stage 2 epoch 200/300: loss=0.003104
  Stage 2 epoch 300/300: loss=0.002683
  Stage 3 epoch 100/300: loss=0.000120
  Stage 3 epoch 200/300: loss=0.000094
  Stage 3 epoch 300/300: loss=0.000107
    r=0.5: GT=0.075 learned=0.075 err=1.1% exit=100%
    r=1.0: GT=0.248 learned=0.260 err=5.1% exit=100%
    r=2.0: GT=0.769 learned=0.836 err=8.6% exit=87%
    r=3.0: GT=0.942 learned=1.210 err=28.5% exit=42%
    W2@1.0=3.2126

============================================================
  quartic_dome | seed=6042
============================================================

  --- baseline ---
      Epoch 100/500: loss=0.001003
      Epoch 200/500: loss=0.000783
      Epoch 300/500: loss=0.000453
      Epoch 400/500: loss=0.000170
      Epoch 500/500: loss=0.000119
    recon=0.000129
  Stage 2 epoch 100/300: loss=0.008046
  Stage 2 epoch 200/300: loss=0.007864
  Stage 2 epoch 300/300: loss=0.007357
  Stage 3 epoch 100/300: loss=0.000306
  Stage 3 epoch 200/300: loss=0.000270
  Stage 3 epoch 300/300: loss=0.000270
    r=0.5: GT=0.082 learned=0.131 err=59.0% exit=100%
    r=1.0: GT=0.243 learned=0.464 err=90.6% exit=100%
    r=2.0: GT=0.727 learned=1.024 err=40.9% exit=48%
    r=3.0: GT=0.879 learned=1.079 err=22.7% exit=7%
    W2@1.0=3.1204

  --- T ---
      Epoch 100/500: loss=0.113195
      Epoch 200/500: loss=0.097552
      Epoch 300/500: loss=0.065711
      Epoch 400/500: loss=0.043889
      Epoch 500/500: loss=0.024808
    recon=0.000420
  Stage 2 epoch 100/300: loss=0.008905
  Stage 2 epoch 200/300: loss=0.006918
  Stage 2 epoch 300/300: loss=0.005159
  Stage 3 epoch 100/300: loss=0.000074
  Stage 3 epoch 200/300: loss=0.000060
  Stage 3 epoch 300/300: loss=0.000048
    r=0.5: GT=0.082 learned=0.113 err=38.2% exit=100%
    r=1.0: GT=0.243 learned=0.396 err=62.6% exit=100%
    r=2.0: GT=0.727 learned=0.975 err=34.2% exit=61%
    r=3.0: GT=0.879 learned=1.121 err=27.6% exit=15%
    W2@1.0=3.1224

  --- F ---
      Epoch 100/500: loss=0.006884
      Epoch 200/500: loss=0.008154
      Epoch 300/500: loss=0.011498
      Epoch 400/500: loss=0.006638
      Epoch 500/500: loss=0.006466
    recon=0.006453
  Stage 2 epoch 100/300: loss=0.000146
  Stage 2 epoch 200/300: loss=0.000143
  Stage 2 epoch 300/300: loss=0.000143
  Stage 3 epoch 100/300: loss=0.000962
  Stage 3 epoch 200/300: loss=0.000925
  Stage 3 epoch 300/300: loss=0.000917
    r=0.5: GT=0.082 learned=nan err=nan% exit=0%
    r=1.0: GT=0.243 learned=nan err=nan% exit=0%
    r=2.0: GT=0.727 learned=nan err=nan% exit=0%
    r=3.0: GT=0.879 learned=nan err=nan% exit=0%
    W2@1.0=3.4030

  --- C ---
      Epoch 100/500: loss=0.006567
      Epoch 200/500: loss=0.006791
      Epoch 300/500: loss=0.006780
      Epoch 400/500: loss=0.006584
      Epoch 500/500: loss=0.006419
    recon=0.006449
  Stage 2 epoch 100/300: loss=0.000000
  Stage 2 epoch 200/300: loss=0.000000
  Stage 2 epoch 300/300: loss=0.000000
  Stage 3 epoch 100/300: loss=0.000962
  Stage 3 epoch 200/300: loss=0.000925
  Stage 3 epoch 300/300: loss=0.000917
    r=0.5: GT=0.082 learned=nan err=nan% exit=0%
    r=1.0: GT=0.243 learned=nan err=nan% exit=0%
    r=2.0: GT=0.727 learned=nan err=nan% exit=0%
    r=3.0: GT=0.879 learned=nan err=nan% exit=0%
    W2@1.0=3.4075

  --- T+F ---
      Epoch 100/500: loss=0.307409
      Epoch 200/500: loss=0.197964
      Epoch 300/500: loss=0.118007
      Epoch 400/500: loss=0.063541
      Epoch 500/500: loss=0.044492
    recon=0.000874
  Stage 2 epoch 100/300: loss=0.003941
  Stage 2 epoch 200/300: loss=0.004122
  Stage 2 epoch 300/300: loss=0.003556
  Stage 3 epoch 100/300: loss=0.000129
  Stage 3 epoch 200/300: loss=0.000094
  Stage 3 epoch 300/300: loss=0.000075
    r=0.5: GT=0.082 learned=0.111 err=34.7% exit=100%
    r=1.0: GT=0.243 learned=0.369 err=51.6% exit=100%
    r=2.0: GT=0.727 learned=0.881 err=21.2% exit=76%
    r=3.0: GT=0.879 learned=1.145 err=30.3% exit=32%
    W2@1.0=3.1225

============================================================
  quartic_dome | seed=7042
============================================================

  --- baseline ---
      Epoch 100/500: loss=0.001130
      Epoch 200/500: loss=0.000902
      Epoch 300/500: loss=0.000673
      Epoch 400/500: loss=0.000154
      Epoch 500/500: loss=0.000096
    recon=0.000086
  Stage 2 epoch 100/300: loss=0.014781
  Stage 2 epoch 200/300: loss=0.014233
  Stage 2 epoch 300/300: loss=0.008464
  Stage 3 epoch 100/300: loss=0.000295
  Stage 3 epoch 200/300: loss=0.000320
  Stage 3 epoch 300/300: loss=0.000276
    r=0.5: GT=0.078 learned=0.114 err=47.0% exit=100%
    r=1.0: GT=0.251 learned=0.372 err=48.2% exit=100%
    r=2.0: GT=0.760 learned=1.046 err=37.6% exit=53%
    r=3.0: GT=0.940 learned=1.166 err=24.0% exit=6%
    W2@1.0=2.7806

  --- T ---
      Epoch 100/500: loss=0.123685
      Epoch 200/500: loss=0.041846
      Epoch 300/500: loss=0.037561
      Epoch 400/500: loss=0.028028
      Epoch 500/500: loss=0.026488
    recon=0.002282
  Stage 2 epoch 100/300: loss=0.004334
  Stage 2 epoch 200/300: loss=0.003071
  Stage 2 epoch 300/300: loss=0.002005
  Stage 3 epoch 100/300: loss=0.000092
  Stage 3 epoch 200/300: loss=0.000079
  Stage 3 epoch 300/300: loss=0.000069
    r=0.5: GT=0.078 learned=0.111 err=42.7% exit=100%
    r=1.0: GT=0.251 learned=0.355 err=41.2% exit=100%
    r=2.0: GT=0.760 learned=0.965 err=27.0% exit=68%
    r=3.0: GT=0.940 learned=1.088 err=15.8% exit=26%
    W2@1.0=2.8379

  --- F ---
      Epoch 100/500: loss=0.007942
      Epoch 200/500: loss=0.007097
      Epoch 300/500: loss=0.025667
      Epoch 400/500: loss=0.006933
      Epoch 500/500: loss=0.006830
    recon=0.006601
  Stage 2 epoch 100/300: loss=0.000370
  Stage 2 epoch 200/300: loss=0.000418
  Stage 2 epoch 300/300: loss=0.000430
  Stage 3 epoch 100/300: loss=0.000958
  Stage 3 epoch 200/300: loss=0.001029
  Stage 3 epoch 300/300: loss=0.000940
    r=0.5: GT=0.078 learned=1.515 err=1848.1% exit=62%
    r=1.0: GT=0.251 learned=1.786 err=611.6% exit=3%
    r=2.0: GT=0.760 learned=nan err=nan% exit=0%
    r=3.0: GT=0.940 learned=nan err=nan% exit=0%
    W2@1.0=3.0994

  --- C ---
      Epoch 100/500: loss=0.006829
      Epoch 200/500: loss=0.006532
      Epoch 300/500: loss=0.006703
      Epoch 400/500: loss=0.006858
      Epoch 500/500: loss=0.006794
    recon=0.006595
  Stage 2 epoch 100/300: loss=0.000000
  Stage 2 epoch 200/300: loss=0.000000
  Stage 2 epoch 300/300: loss=0.000000
  Stage 3 epoch 100/300: loss=0.000958
  Stage 3 epoch 200/300: loss=0.001029
  Stage 3 epoch 300/300: loss=0.000940
    r=0.5: GT=0.078 learned=nan err=nan% exit=0%
    r=1.0: GT=0.251 learned=nan err=nan% exit=0%
    r=2.0: GT=0.760 learned=nan err=nan% exit=0%
    r=3.0: GT=0.940 learned=nan err=nan% exit=0%
    W2@1.0=3.1001

  --- T+F ---
      Epoch 100/500: loss=0.389762
      Epoch 200/500: loss=0.184557
      Epoch 300/500: loss=0.107638
      Epoch 400/500: loss=0.051885
      Epoch 500/500: loss=0.036473
    recon=0.000138
  Stage 2 epoch 100/300: loss=0.004641
  Stage 2 epoch 200/300: loss=0.005028
  Stage 2 epoch 300/300: loss=0.003874
  Stage 3 epoch 100/300: loss=0.000099
  Stage 3 epoch 200/300: loss=0.000084
  Stage 3 epoch 300/300: loss=0.000069
    r=0.5: GT=0.078 learned=0.110 err=40.9% exit=100%
    r=1.0: GT=0.251 learned=0.370 err=47.6% exit=100%
    r=2.0: GT=0.760 learned=0.978 err=28.7% exit=75%
    r=3.0: GT=0.940 learned=1.129 err=20.1% exit=37%
    W2@1.0=2.7764

============================================================
  quartic_dome | seed=8042
============================================================

  --- baseline ---
      Epoch 100/500: loss=0.000933
      Epoch 200/500: loss=0.000866
      Epoch 300/500: loss=0.000497
      Epoch 400/500: loss=0.000167
      Epoch 500/500: loss=0.000129
    recon=0.000116
  Stage 2 epoch 100/300: loss=0.012236
  Stage 2 epoch 200/300: loss=0.009882
  Stage 2 epoch 300/300: loss=0.005128
  Stage 3 epoch 100/300: loss=0.000365
  Stage 3 epoch 200/300: loss=0.000318
  Stage 3 epoch 300/300: loss=0.000295
    r=0.5: GT=0.079 learned=0.134 err=70.9% exit=100%
    r=1.0: GT=0.254 learned=0.484 err=90.3% exit=99%
    r=2.0: GT=0.775 learned=1.104 err=42.3% exit=46%
    r=3.0: GT=0.914 learned=1.264 err=38.3% exit=5%
    W2@1.0=2.7782

  --- T ---
      Epoch 100/500: loss=0.104670
      Epoch 200/500: loss=0.063565
      Epoch 300/500: loss=0.049736
      Epoch 400/500: loss=0.024246
      Epoch 500/500: loss=0.032739
    recon=0.002209
  Stage 2 epoch 100/300: loss=0.004765
  Stage 2 epoch 200/300: loss=0.003604
  Stage 2 epoch 300/300: loss=0.002695
  Stage 3 epoch 100/300: loss=0.000085
  Stage 3 epoch 200/300: loss=0.000069
  Stage 3 epoch 300/300: loss=0.000057
    r=0.5: GT=0.079 learned=0.078 err=0.6% exit=100%
    r=1.0: GT=0.254 learned=0.277 err=9.0% exit=100%
    r=2.0: GT=0.775 learned=0.908 err=17.1% exit=81%
    r=3.0: GT=0.914 learned=1.091 err=19.4% exit=27%
    W2@1.0=2.7944

  --- F ---
      Epoch 100/500: loss=0.006659
      Epoch 200/500: loss=0.009129
      Epoch 300/500: loss=0.006298
      Epoch 400/500: loss=0.006389
      Epoch 500/500: loss=0.006387
    recon=0.006420
  Stage 2 epoch 100/300: loss=0.000190
  Stage 2 epoch 200/300: loss=0.000164
  Stage 2 epoch 300/300: loss=0.000181
  Stage 3 epoch 100/300: loss=0.000980
  Stage 3 epoch 200/300: loss=0.000962
  Stage 3 epoch 300/300: loss=0.000985
    r=0.5: GT=0.079 learned=0.991 err=1160.1% exit=99%
    r=1.0: GT=0.254 learned=1.297 err=410.3% exit=95%
    r=2.0: GT=0.775 learned=1.559 err=101.1% exit=70%
    r=3.0: GT=0.914 learned=1.625 err=77.7% exit=12%
    W2@1.0=3.1328

  --- C ---
      Epoch 100/500: loss=0.006539
      Epoch 200/500: loss=0.006451
      Epoch 300/500: loss=0.006244
      Epoch 400/500: loss=0.006376
      Epoch 500/500: loss=0.006378
    recon=0.006421
  Stage 2 epoch 100/300: loss=0.000000
  Stage 2 epoch 200/300: loss=0.000000
  Stage 2 epoch 300/300: loss=0.000000
  Stage 3 epoch 100/300: loss=0.000980
  Stage 3 epoch 200/300: loss=0.000962
  Stage 3 epoch 300/300: loss=0.000985
    r=0.5: GT=0.079 learned=nan err=nan% exit=0%
    r=1.0: GT=0.254 learned=nan err=nan% exit=0%
    r=2.0: GT=0.775 learned=nan err=nan% exit=0%
    r=3.0: GT=0.914 learned=nan err=nan% exit=0%
    W2@1.0=3.0660

  --- T+F ---
      Epoch 100/500: loss=0.334624
      Epoch 200/500: loss=0.204849
      Epoch 300/500: loss=0.124757
      Epoch 400/500: loss=0.063535
      Epoch 500/500: loss=0.040720
    recon=0.001040
  Stage 2 epoch 100/300: loss=0.005291
  Stage 2 epoch 200/300: loss=0.004405
  Stage 2 epoch 300/300: loss=0.003796
  Stage 3 epoch 100/300: loss=0.000083
  Stage 3 epoch 200/300: loss=0.000068
  Stage 3 epoch 300/300: loss=0.000058
    r=0.5: GT=0.079 learned=0.075 err=4.6% exit=100%
    r=1.0: GT=0.254 learned=0.243 err=4.4% exit=100%
    r=2.0: GT=0.775 learned=0.778 err=0.4% exit=94%
    r=3.0: GT=0.914 learned=1.164 err=27.3% exit=54%
    W2@1.0=2.7902

============================================================
  quartic_dome | seed=9042
============================================================

  --- baseline ---
      Epoch 100/500: loss=0.001117
      Epoch 200/500: loss=0.000858
      Epoch 300/500: loss=0.000434
      Epoch 400/500: loss=0.000161
      Epoch 500/500: loss=0.000094
    recon=0.000089
  Stage 2 epoch 100/300: loss=0.014287
  Stage 2 epoch 200/300: loss=0.013898
  Stage 2 epoch 300/300: loss=0.007131
  Stage 3 epoch 100/300: loss=0.000257
  Stage 3 epoch 200/300: loss=0.000251
  Stage 3 epoch 300/300: loss=0.000234
    r=0.5: GT=0.079 learned=0.079 err=0.1% exit=100%
    r=1.0: GT=0.251 learned=0.280 err=11.7% exit=100%
    r=2.0: GT=0.769 learned=0.951 err=23.7% exit=62%
    r=3.0: GT=0.910 learned=1.144 err=25.8% exit=5%
    W2@1.0=3.1274

  --- T ---
      Epoch 100/500: loss=0.106544
      Epoch 200/500: loss=0.071538
      Epoch 300/500: loss=0.056134
      Epoch 400/500: loss=0.042776
      Epoch 500/500: loss=0.015694
    recon=0.000408
  Stage 2 epoch 100/300: loss=0.011383
  Stage 2 epoch 200/300: loss=0.008599
  Stage 2 epoch 300/300: loss=0.004606
  Stage 3 epoch 100/300: loss=0.000024
  Stage 3 epoch 200/300: loss=0.000022
  Stage 3 epoch 300/300: loss=0.000019
    r=0.5: GT=0.079 learned=0.077 err=2.4% exit=100%
    r=1.0: GT=0.251 learned=0.275 err=9.5% exit=100%
    r=2.0: GT=0.769 learned=0.888 err=15.5% exit=75%
    r=3.0: GT=0.910 learned=1.045 err=14.9% exit=19%
    W2@1.0=3.1210

  --- F ---
      Epoch 100/500: loss=0.007965
      Epoch 200/500: loss=0.006643
      Epoch 300/500: loss=0.007026
      Epoch 400/500: loss=0.006613
      Epoch 500/500: loss=0.006970
    recon=0.006718
  Stage 2 epoch 100/300: loss=0.000216
  Stage 2 epoch 200/300: loss=0.000246
  Stage 2 epoch 300/300: loss=0.000220
  Stage 3 epoch 100/300: loss=0.000963
  Stage 3 epoch 200/300: loss=0.001006
  Stage 3 epoch 300/300: loss=0.000999
    r=0.5: GT=0.079 learned=1.757 err=2130.1% exit=28%
    r=1.0: GT=0.251 learned=nan err=nan% exit=0%
    r=2.0: GT=0.769 learned=nan err=nan% exit=0%
    r=3.0: GT=0.910 learned=nan err=nan% exit=0%
    W2@1.0=3.4248

  --- C ---
      Epoch 100/500: loss=0.006860
      Epoch 200/500: loss=0.006576
      Epoch 300/500: loss=0.006967
      Epoch 400/500: loss=0.006607
      Epoch 500/500: loss=0.006973
    recon=0.006722
  Stage 2 epoch 100/300: loss=0.000000
  Stage 2 epoch 200/300: loss=0.000000
  Stage 2 epoch 300/300: loss=0.000000
  Stage 3 epoch 100/300: loss=0.000963
  Stage 3 epoch 200/300: loss=0.001006
  Stage 3 epoch 300/300: loss=0.000999
    r=0.5: GT=0.079 learned=nan err=nan% exit=0%
    r=1.0: GT=0.251 learned=nan err=nan% exit=0%
    r=2.0: GT=0.769 learned=nan err=nan% exit=0%
    r=3.0: GT=0.910 learned=nan err=nan% exit=0%
    W2@1.0=3.4245

  --- T+F ---
      Epoch 100/500: loss=0.387483
      Epoch 200/500: loss=0.209937
      Epoch 300/500: loss=0.123451
      Epoch 400/500: loss=0.082309
      Epoch 500/500: loss=0.060017
    recon=0.001781
  Stage 2 epoch 100/300: loss=0.004428
  Stage 2 epoch 200/300: loss=0.003760
  Stage 2 epoch 300/300: loss=0.003185
  Stage 3 epoch 100/300: loss=0.000075
  Stage 3 epoch 200/300: loss=0.000075
  Stage 3 epoch 300/300: loss=0.000071
    r=0.5: GT=0.079 learned=0.075 err=4.2% exit=100%
    r=1.0: GT=0.251 learned=0.264 err=5.3% exit=100%
    r=2.0: GT=0.769 learned=0.823 err=7.0% exit=88%
    r=3.0: GT=0.910 learned=1.107 err=21.7% exit=45%
    W2@1.0=3.1285

============================================================
  sinusoidal | seed=42
============================================================

  --- baseline ---
      Epoch 100/500: loss=0.000876
      Epoch 200/500: loss=0.000681
      Epoch 300/500: loss=0.000497
      Epoch 400/500: loss=0.000164
      Epoch 500/500: loss=0.000109
    recon=0.000091
  Stage 2 epoch 100/300: loss=0.005613
  Stage 2 epoch 200/300: loss=0.005585
  Stage 2 epoch 300/300: loss=0.005256
  Stage 3 epoch 100/300: loss=0.000172
  Stage 3 epoch 200/300: loss=0.000154
  Stage 3 epoch 300/300: loss=0.000170
    r=0.5: GT=0.065 learned=0.068 err=4.8% exit=100%
    r=1.0: GT=0.219 learned=0.244 err=11.2% exit=100%
    r=2.0: GT=0.752 learned=0.909 err=20.8% exit=76%
    r=3.0: GT=1.100 learned=1.192 err=8.4% exit=17%
    W2@1.0=0.7770

  --- T ---
      Epoch 100/500: loss=0.049980
      Epoch 200/500: loss=0.024924
      Epoch 300/500: loss=0.038334
      Epoch 400/500: loss=0.009732
      Epoch 500/500: loss=0.004406
    recon=0.000097
  Stage 2 epoch 100/300: loss=0.012356
  Stage 2 epoch 200/300: loss=0.009814
  Stage 2 epoch 300/300: loss=0.007337
  Stage 3 epoch 100/300: loss=0.000009
  Stage 3 epoch 200/300: loss=0.000006
  Stage 3 epoch 300/300: loss=0.000006
    r=0.5: GT=0.065 learned=0.069 err=6.5% exit=100%
    r=1.0: GT=0.219 learned=0.247 err=12.7% exit=100%
    r=2.0: GT=0.752 learned=0.886 err=17.8% exit=81%
    r=3.0: GT=1.100 learned=1.103 err=0.3% exit=31%
    W2@1.0=0.7159

  --- F ---
      Epoch 100/500: loss=0.008416
      Epoch 200/500: loss=0.011038
      Epoch 300/500: loss=0.009814
      Epoch 400/500: loss=0.007717
      Epoch 500/500: loss=0.007841
    recon=0.007611
  Stage 2 epoch 100/300: loss=0.000192
  Stage 2 epoch 200/300: loss=0.000192
  Stage 2 epoch 300/300: loss=0.000181
  Stage 3 epoch 100/300: loss=0.000924
  Stage 3 epoch 200/300: loss=0.000906
  Stage 3 epoch 300/300: loss=0.000960
    r=0.5: GT=0.065 learned=1.004 err=1449.3% exit=49%
    r=1.0: GT=0.219 learned=1.284 err=485.7% exit=2%
    r=2.0: GT=0.752 learned=nan err=nan% exit=0%
    r=3.0: GT=1.100 learned=nan err=nan% exit=0%
    W2@1.0=1.6413

  --- C ---
      Epoch 100/500: loss=0.007937
      Epoch 200/500: loss=0.007857
      Epoch 300/500: loss=0.007928
      Epoch 400/500: loss=0.007749
      Epoch 500/500: loss=0.007920
    recon=0.007781
  Stage 2 epoch 100/300: loss=0.000000
  Stage 2 epoch 200/300: loss=0.000000
  Stage 2 epoch 300/300: loss=0.000000
  Stage 3 epoch 100/300: loss=0.000925
  Stage 3 epoch 200/300: loss=0.000907
  Stage 3 epoch 300/300: loss=0.000961
    r=0.5: GT=0.065 learned=nan err=nan% exit=0%
    r=1.0: GT=0.219 learned=nan err=nan% exit=0%
    r=2.0: GT=0.752 learned=nan err=nan% exit=0%
    r=3.0: GT=1.100 learned=nan err=nan% exit=0%
    W2@1.0=1.6641

  --- T+F ---
      Epoch 100/500: loss=0.278687
      Epoch 200/500: loss=0.183191
      Epoch 300/500: loss=0.069657
      Epoch 400/500: loss=0.043782
      Epoch 500/500: loss=0.056433
    recon=0.003107
  Stage 2 epoch 100/300: loss=0.004025
  Stage 2 epoch 200/300: loss=0.003621
  Stage 2 epoch 300/300: loss=0.003162
  Stage 3 epoch 100/300: loss=0.000037
  Stage 3 epoch 200/300: loss=0.000031
  Stage 3 epoch 300/300: loss=0.000031
    r=0.5: GT=0.065 learned=0.068 err=5.2% exit=100%
    r=1.0: GT=0.219 learned=0.232 err=5.6% exit=100%
    r=2.0: GT=0.752 learned=0.795 err=5.7% exit=91%
    r=3.0: GT=1.100 learned=1.137 err=3.4% exit=49%
    W2@1.0=0.9932

============================================================
  sinusoidal | seed=1042
============================================================

  --- baseline ---
      Epoch 100/500: loss=0.000821
      Epoch 200/500: loss=0.000490
      Epoch 300/500: loss=0.000521
      Epoch 400/500: loss=0.000244
      Epoch 500/500: loss=0.000119
    recon=0.000221
  Stage 2 epoch 100/300: loss=0.006995
  Stage 2 epoch 200/300: loss=0.006399
  Stage 2 epoch 300/300: loss=0.005824
  Stage 3 epoch 100/300: loss=0.000317
  Stage 3 epoch 200/300: loss=0.000267
  Stage 3 epoch 300/300: loss=0.000321
    r=0.5: GT=0.065 learned=0.081 err=24.0% exit=100%
    r=1.0: GT=0.218 learned=0.314 err=44.3% exit=100%
    r=2.0: GT=0.746 learned=0.975 err=30.7% exit=61%
    r=3.0: GT=1.073 learned=1.268 err=18.2% exit=11%
    W2@1.0=0.8504

  --- T ---
      Epoch 100/500: loss=0.057682
      Epoch 200/500: loss=0.024111
      Epoch 300/500: loss=0.018518
      Epoch 400/500: loss=0.021635
      Epoch 500/500: loss=0.009816
    recon=0.000199
  Stage 2 epoch 100/300: loss=0.009239
  Stage 2 epoch 200/300: loss=0.008321
  Stage 2 epoch 300/300: loss=0.007631
  Stage 3 epoch 100/300: loss=0.000050
  Stage 3 epoch 200/300: loss=0.000016
  Stage 3 epoch 300/300: loss=0.000014
    r=0.5: GT=0.065 learned=0.068 err=4.1% exit=100%
    r=1.0: GT=0.218 learned=0.246 err=13.1% exit=100%
    r=2.0: GT=0.746 learned=0.831 err=11.4% exit=76%
    r=3.0: GT=1.073 learned=1.133 err=5.6% exit=23%
    W2@1.0=0.6766

  --- F ---
      Epoch 100/500: loss=0.014060
      Epoch 200/500: loss=0.009484
      Epoch 300/500: loss=0.008329
      Epoch 400/500: loss=0.007575
      Epoch 500/500: loss=0.007712
    recon=0.007678
  Stage 2 epoch 100/300: loss=0.000077
  Stage 2 epoch 200/300: loss=0.000073
  Stage 2 epoch 300/300: loss=0.000068
  Stage 3 epoch 100/300: loss=0.001004
  Stage 3 epoch 200/300: loss=0.000969
  Stage 3 epoch 300/300: loss=0.001030
    r=0.5: GT=0.065 learned=1.056 err=1512.2% exit=53%
    r=1.0: GT=0.218 learned=1.188 err=445.4% exit=33%
    r=2.0: GT=0.746 learned=1.275 err=71.0% exit=15%
    r=3.0: GT=1.073 learned=1.270 err=18.4% exit=4%
    W2@1.0=1.6289

  --- C ---
      Epoch 100/500: loss=0.007967
      Epoch 200/500: loss=0.007579
      Epoch 300/500: loss=0.007901
      Epoch 400/500: loss=0.007563
      Epoch 500/500: loss=0.007616
    recon=0.007698
  Stage 2 epoch 100/300: loss=0.000000
  Stage 2 epoch 200/300: loss=0.000000
  Stage 2 epoch 300/300: loss=0.000000
  Stage 3 epoch 100/300: loss=0.001005
  Stage 3 epoch 200/300: loss=0.000969
  Stage 3 epoch 300/300: loss=0.001031
    r=0.5: GT=0.065 learned=nan err=nan% exit=0%
    r=1.0: GT=0.218 learned=nan err=nan% exit=0%
    r=2.0: GT=0.746 learned=nan err=nan% exit=0%
    r=3.0: GT=1.073 learned=nan err=nan% exit=0%
    W2@1.0=1.6034

  --- T+F ---
      Epoch 100/500: loss=0.315636
      Epoch 200/500: loss=0.253479
      Epoch 300/500: loss=0.125218
      Epoch 400/500: loss=0.045942
      Epoch 500/500: loss=0.028680
    recon=0.000378
  Stage 2 epoch 100/300: loss=0.002038
  Stage 2 epoch 200/300: loss=0.001216
  Stage 2 epoch 300/300: loss=0.000711
  Stage 3 epoch 100/300: loss=0.000106
  Stage 3 epoch 200/300: loss=0.000039
  Stage 3 epoch 300/300: loss=0.000040
    r=0.5: GT=0.065 learned=0.063 err=4.1% exit=100%
    r=1.0: GT=0.218 learned=0.219 err=0.7% exit=100%
    r=2.0: GT=0.746 learned=0.702 err=5.8% exit=91%
    r=3.0: GT=1.073 learned=1.061 err=1.2% exit=46%
    W2@1.0=0.6436

============================================================
  sinusoidal | seed=2042
============================================================

  --- baseline ---
      Epoch 100/500: loss=0.000646
      Epoch 200/500: loss=0.000571
      Epoch 300/500: loss=0.000237
      Epoch 400/500: loss=0.000139
      Epoch 500/500: loss=0.000102
    recon=0.000101
  Stage 2 epoch 100/300: loss=0.006595
  Stage 2 epoch 200/300: loss=0.005788
  Stage 2 epoch 300/300: loss=0.003852
  Stage 3 epoch 100/300: loss=0.000184
  Stage 3 epoch 200/300: loss=0.000194
  Stage 3 epoch 300/300: loss=0.000179
    r=0.5: GT=0.065 learned=0.067 err=4.2% exit=100%
    r=1.0: GT=0.209 learned=0.229 err=9.5% exit=100%
    r=2.0: GT=0.727 learned=0.867 err=19.3% exit=81%
    r=3.0: GT=1.079 learned=1.272 err=17.9% exit=20%
    W2@1.0=0.7515

  --- T ---
      Epoch 100/500: loss=0.057693
      Epoch 200/500: loss=0.030313
      Epoch 300/500: loss=0.019789
      Epoch 400/500: loss=0.008517
      Epoch 500/500: loss=0.018210
    recon=0.000842
  Stage 2 epoch 100/300: loss=0.015191
  Stage 2 epoch 200/300: loss=0.013648
  Stage 2 epoch 300/300: loss=0.008468
  Stage 3 epoch 100/300: loss=0.000033
  Stage 3 epoch 200/300: loss=0.000021
  Stage 3 epoch 300/300: loss=0.000019
    r=0.5: GT=0.065 learned=0.067 err=4.1% exit=100%
    r=1.0: GT=0.209 learned=0.223 err=7.0% exit=100%
    r=2.0: GT=0.727 learned=0.837 err=15.1% exit=80%
    r=3.0: GT=1.079 learned=1.221 err=13.2% exit=18%
    W2@1.0=0.7624

  --- F ---
      Epoch 100/500: loss=0.015383
      Epoch 200/500: loss=0.007847
      Epoch 300/500: loss=0.008941
      Epoch 400/500: loss=0.007521
      Epoch 500/500: loss=0.007309
    recon=0.007179
  Stage 2 epoch 100/300: loss=0.000077
  Stage 2 epoch 200/300: loss=0.000081
  Stage 2 epoch 300/300: loss=0.000085
  Stage 3 epoch 100/300: loss=0.000906
  Stage 3 epoch 200/300: loss=0.000959
  Stage 3 epoch 300/300: loss=0.000928
    r=0.5: GT=0.065 learned=0.915 err=1316.0% exit=41%
    r=1.0: GT=0.209 learned=1.161 err=456.1% exit=16%
    r=2.0: GT=0.727 learned=1.317 err=81.1% exit=5%
    r=3.0: GT=1.079 learned=nan err=nan% exit=0%
    W2@1.0=1.5996

  --- C ---
      Epoch 100/500: loss=0.007391
      Epoch 200/500: loss=0.007352
      Epoch 300/500: loss=0.007554
      Epoch 400/500: loss=0.007471
      Epoch 500/500: loss=0.007292
    recon=0.007314
  Stage 2 epoch 100/300: loss=0.000000
  Stage 2 epoch 200/300: loss=0.000000
  Stage 2 epoch 300/300: loss=0.000000
  Stage 3 epoch 100/300: loss=0.000907
  Stage 3 epoch 200/300: loss=0.000961
  Stage 3 epoch 300/300: loss=0.000929
    r=0.5: GT=0.065 learned=nan err=nan% exit=0%
    r=1.0: GT=0.209 learned=nan err=nan% exit=0%
    r=2.0: GT=0.727 learned=nan err=nan% exit=0%
    r=3.0: GT=1.079 learned=nan err=nan% exit=0%
    W2@1.0=1.6198

  --- T+F ---
      Epoch 100/500: loss=0.266484
      Epoch 200/500: loss=0.210458
      Epoch 300/500: loss=0.181912
      Epoch 400/500: loss=0.053438
      Epoch 500/500: loss=0.027287
    recon=0.000366
  Stage 2 epoch 100/300: loss=0.004230
  Stage 2 epoch 200/300: loss=0.003957
  Stage 2 epoch 300/300: loss=0.003913
  Stage 3 epoch 100/300: loss=0.000066
  Stage 3 epoch 200/300: loss=0.000043
  Stage 3 epoch 300/300: loss=0.000036
    r=0.5: GT=0.065 learned=0.065 err=0.0% exit=100%
    r=1.0: GT=0.209 learned=0.210 err=0.8% exit=100%
    r=2.0: GT=0.727 learned=0.770 err=5.9% exit=91%
    r=3.0: GT=1.079 learned=1.147 err=6.4% exit=51%
    W2@1.0=0.6553

============================================================
  sinusoidal | seed=3042
============================================================

  --- baseline ---
      Epoch 100/500: loss=0.000760
      Epoch 200/500: loss=0.000562
      Epoch 300/500: loss=0.000272
      Epoch 400/500: loss=0.000188
      Epoch 500/500: loss=0.000129
    recon=0.000137
  Stage 2 epoch 100/300: loss=0.005013
  Stage 2 epoch 200/300: loss=0.004381
  Stage 2 epoch 300/300: loss=0.003390
  Stage 3 epoch 100/300: loss=0.000269
  Stage 3 epoch 200/300: loss=0.000244
  Stage 3 epoch 300/300: loss=0.000218
    r=0.5: GT=0.068 learned=0.066 err=3.1% exit=100%
    r=1.0: GT=0.214 learned=0.241 err=12.7% exit=100%
    r=2.0: GT=0.732 learned=0.901 err=23.2% exit=82%
    r=3.0: GT=1.118 learned=1.212 err=8.4% exit=20%
    W2@1.0=0.7789

  --- T ---
      Epoch 100/500: loss=0.055596
      Epoch 200/500: loss=0.027553
      Epoch 300/500: loss=0.019436
      Epoch 400/500: loss=0.018010
      Epoch 500/500: loss=0.003356
    recon=0.000093
  Stage 2 epoch 100/300: loss=0.017032
  Stage 2 epoch 200/300: loss=0.013403
  Stage 2 epoch 300/300: loss=0.009489
  Stage 3 epoch 100/300: loss=0.000032
  Stage 3 epoch 200/300: loss=0.000009
  Stage 3 epoch 300/300: loss=0.000006
    r=0.5: GT=0.068 learned=0.072 err=4.9% exit=100%
    r=1.0: GT=0.214 learned=0.236 err=10.1% exit=100%
    r=2.0: GT=0.732 learned=0.859 err=17.4% exit=81%
    r=3.0: GT=1.118 learned=1.128 err=0.9% exit=22%
    W2@1.0=0.7095

  --- F ---
      Epoch 100/500: loss=0.010998
      Epoch 200/500: loss=0.010757
      Epoch 300/500: loss=0.008341
      Epoch 400/500: loss=0.007993
      Epoch 500/500: loss=0.008068
    recon=0.007757
  Stage 2 epoch 100/300: loss=0.000071
  Stage 2 epoch 200/300: loss=0.000067
  Stage 2 epoch 300/300: loss=0.000067
  Stage 3 epoch 100/300: loss=0.001018
  Stage 3 epoch 200/300: loss=0.000950
  Stage 3 epoch 300/300: loss=0.000957
    r=0.5: GT=0.068 learned=nan err=nan% exit=0%
    r=1.0: GT=0.214 learned=nan err=nan% exit=0%
    r=2.0: GT=0.732 learned=nan err=nan% exit=0%
    r=3.0: GT=1.118 learned=nan err=nan% exit=0%
    W2@1.0=1.6463

  --- C ---
      Epoch 100/500: loss=0.007766
      Epoch 200/500: loss=0.007789
      Epoch 300/500: loss=0.008088
      Epoch 400/500: loss=0.007956
      Epoch 500/500: loss=0.008018
    recon=0.007748
  Stage 2 epoch 100/300: loss=0.000000
  Stage 2 epoch 200/300: loss=0.000000
  Stage 2 epoch 300/300: loss=0.000000
  Stage 3 epoch 100/300: loss=0.001018
  Stage 3 epoch 200/300: loss=0.000950
  Stage 3 epoch 300/300: loss=0.000957
    r=0.5: GT=0.068 learned=nan err=nan% exit=0%
    r=1.0: GT=0.214 learned=nan err=nan% exit=0%
    r=2.0: GT=0.732 learned=nan err=nan% exit=0%
    r=3.0: GT=1.118 learned=nan err=nan% exit=0%
    W2@1.0=1.6390

  --- T+F ---
      Epoch 100/500: loss=0.363906
      Epoch 200/500: loss=0.195162
      Epoch 300/500: loss=0.119087
      Epoch 400/500: loss=0.046620
      Epoch 500/500: loss=0.037026
    recon=0.000349
  Stage 2 epoch 100/300: loss=0.002811
  Stage 2 epoch 200/300: loss=0.002504
  Stage 2 epoch 300/300: loss=0.002250
  Stage 3 epoch 100/300: loss=0.000079
  Stage 3 epoch 200/300: loss=0.000042
  Stage 3 epoch 300/300: loss=0.000034
    r=0.5: GT=0.068 learned=0.067 err=1.7% exit=100%
    r=1.0: GT=0.214 learned=0.215 err=0.7% exit=100%
    r=2.0: GT=0.732 learned=0.748 err=2.2% exit=92%
    r=3.0: GT=1.118 learned=1.149 err=2.7% exit=48%
    W2@1.0=0.6315

============================================================
  sinusoidal | seed=4042
============================================================

  --- baseline ---
      Epoch 100/500: loss=0.000748
      Epoch 200/500: loss=0.000505
      Epoch 300/500: loss=0.000239
      Epoch 400/500: loss=0.000207
      Epoch 500/500: loss=0.000103
    recon=0.000099
  Stage 2 epoch 100/300: loss=0.005480
  Stage 2 epoch 200/300: loss=0.004827
  Stage 2 epoch 300/300: loss=0.003812
  Stage 3 epoch 100/300: loss=0.000258
  Stage 3 epoch 200/300: loss=0.000202
  Stage 3 epoch 300/300: loss=0.000266
    r=0.5: GT=0.064 learned=0.065 err=1.3% exit=100%
    r=1.0: GT=0.214 learned=0.234 err=9.6% exit=100%
    r=2.0: GT=0.704 learned=0.871 err=23.6% exit=83%
    r=3.0: GT=1.071 learned=1.206 err=12.6% exit=15%
    W2@1.0=0.7856

  --- T ---
      Epoch 100/500: loss=0.050408
      Epoch 200/500: loss=0.019152
      Epoch 300/500: loss=0.019547
      Epoch 400/500: loss=0.011616
      Epoch 500/500: loss=0.011121
    recon=0.001367
  Stage 2 epoch 100/300: loss=0.018130
  Stage 2 epoch 200/300: loss=0.012996
  Stage 2 epoch 300/300: loss=0.007875
  Stage 3 epoch 100/300: loss=0.000022
  Stage 3 epoch 200/300: loss=0.000016
  Stage 3 epoch 300/300: loss=0.000017
    r=0.5: GT=0.064 learned=0.067 err=4.0% exit=100%
    r=1.0: GT=0.214 learned=0.244 err=14.0% exit=100%
    r=2.0: GT=0.704 learned=0.848 err=20.4% exit=82%
    r=3.0: GT=1.071 learned=1.119 err=4.5% exit=20%
    W2@1.0=0.8342

  --- F ---
      Epoch 100/500: loss=0.013857
      Epoch 200/500: loss=0.007947
      Epoch 300/500: loss=0.007332
      Epoch 400/500: loss=0.007582
      Epoch 500/500: loss=0.007589
    recon=0.007625
  Stage 2 epoch 100/300: loss=0.000050
  Stage 2 epoch 200/300: loss=0.000063
  Stage 2 epoch 300/300: loss=0.000064
  Stage 3 epoch 100/300: loss=0.000997
  Stage 3 epoch 200/300: loss=0.000937
  Stage 3 epoch 300/300: loss=0.001001
    r=0.5: GT=0.064 learned=1.675 err=2508.2% exit=12%
    r=1.0: GT=0.214 learned=nan err=nan% exit=0%
    r=2.0: GT=0.704 learned=nan err=nan% exit=0%
    r=3.0: GT=1.071 learned=nan err=nan% exit=0%
    W2@1.0=1.6332

  --- C ---
      Epoch 100/500: loss=0.007730
      Epoch 200/500: loss=0.007929
      Epoch 300/500: loss=0.007353
      Epoch 400/500: loss=0.007567
      Epoch 500/500: loss=0.007586
    recon=0.007626
  Stage 2 epoch 100/300: loss=0.000000
  Stage 2 epoch 200/300: loss=0.000000
  Stage 2 epoch 300/300: loss=0.000000
  Stage 3 epoch 100/300: loss=0.000997
  Stage 3 epoch 200/300: loss=0.000937
  Stage 3 epoch 300/300: loss=0.001001
    r=0.5: GT=0.064 learned=nan err=nan% exit=0%
    r=1.0: GT=0.214 learned=nan err=nan% exit=0%
    r=2.0: GT=0.704 learned=nan err=nan% exit=0%
    r=3.0: GT=1.071 learned=nan err=nan% exit=0%
    W2@1.0=1.6286

  --- T+F ---
      Epoch 100/500: loss=0.269377
      Epoch 200/500: loss=0.164837
      Epoch 300/500: loss=0.055572
      Epoch 400/500: loss=0.054018
      Epoch 500/500: loss=0.029260
    recon=0.000216
  Stage 2 epoch 100/300: loss=0.003223
  Stage 2 epoch 200/300: loss=0.003117
  Stage 2 epoch 300/300: loss=0.001605
  Stage 3 epoch 100/300: loss=0.000040
  Stage 3 epoch 200/300: loss=0.000031
  Stage 3 epoch 300/300: loss=0.000036
    r=0.5: GT=0.064 learned=0.064 err=1.0% exit=100%
    r=1.0: GT=0.214 learned=0.226 err=5.7% exit=100%
    r=2.0: GT=0.704 learned=0.757 err=7.5% exit=93%
    r=3.0: GT=1.071 learned=1.153 err=7.6% exit=42%
    W2@1.0=0.6523

============================================================
  sinusoidal | seed=5042
============================================================

  --- baseline ---
      Epoch 100/500: loss=0.000903
      Epoch 200/500: loss=0.000621
      Epoch 300/500: loss=0.000368
      Epoch 400/500: loss=0.000159
      Epoch 500/500: loss=0.000103
    recon=0.000099
  Stage 2 epoch 100/300: loss=0.007682
  Stage 2 epoch 200/300: loss=0.005596
  Stage 2 epoch 300/300: loss=0.002915
  Stage 3 epoch 100/300: loss=0.000229
  Stage 3 epoch 200/300: loss=0.000202
  Stage 3 epoch 300/300: loss=0.000230
    r=0.5: GT=0.062 learned=0.062 err=0.1% exit=100%
    r=1.0: GT=0.204 learned=0.221 err=8.6% exit=100%
    r=2.0: GT=0.723 learned=0.917 err=26.8% exit=76%
    r=3.0: GT=1.090 learned=1.346 err=23.5% exit=11%
    W2@1.0=0.7552

  --- T ---
      Epoch 100/500: loss=0.052378
      Epoch 200/500: loss=0.034721
      Epoch 300/500: loss=0.025682
      Epoch 400/500: loss=0.012842
      Epoch 500/500: loss=0.003358
    recon=0.000083
  Stage 2 epoch 100/300: loss=0.012455
  Stage 2 epoch 200/300: loss=0.009584
  Stage 2 epoch 300/300: loss=0.006719
  Stage 3 epoch 100/300: loss=0.000015
  Stage 3 epoch 200/300: loss=0.000009
  Stage 3 epoch 300/300: loss=0.000008
    r=0.5: GT=0.062 learned=0.066 err=5.8% exit=100%
    r=1.0: GT=0.204 learned=0.236 err=15.9% exit=100%
    r=2.0: GT=0.723 learned=0.847 err=17.1% exit=80%
    r=3.0: GT=1.090 learned=1.163 err=6.7% exit=20%
    W2@1.0=0.6977

  --- F ---
      Epoch 100/500: loss=0.008024
      Epoch 200/500: loss=0.008470
      Epoch 300/500: loss=0.007685
      Epoch 400/500: loss=0.007503
      Epoch 500/500: loss=0.007493
    recon=0.007515
  Stage 2 epoch 100/300: loss=0.000042
  Stage 2 epoch 200/300: loss=0.000041
  Stage 2 epoch 300/300: loss=0.000038
  Stage 3 epoch 100/300: loss=0.000962
  Stage 3 epoch 200/300: loss=0.000921
  Stage 3 epoch 300/300: loss=0.000995
    r=0.5: GT=0.062 learned=1.165 err=1776.7% exit=24%
    r=1.0: GT=0.204 learned=1.282 err=530.0% exit=1%
    r=2.0: GT=0.723 learned=nan err=nan% exit=0%
    r=3.0: GT=1.090 learned=nan err=nan% exit=0%
    W2@1.0=1.6042

  --- C ---
      Epoch 100/500: loss=0.007931
      Epoch 200/500: loss=0.007801
      Epoch 300/500: loss=0.007590
      Epoch 400/500: loss=0.007550
      Epoch 500/500: loss=0.007557
    recon=0.007651
  Stage 2 epoch 100/300: loss=0.000000
  Stage 2 epoch 200/300: loss=0.000000
  Stage 2 epoch 300/300: loss=0.000000
  Stage 3 epoch 100/300: loss=0.000962
  Stage 3 epoch 200/300: loss=0.000921
  Stage 3 epoch 300/300: loss=0.000995
    r=0.5: GT=0.062 learned=nan err=nan% exit=0%
    r=1.0: GT=0.204 learned=nan err=nan% exit=0%
    r=2.0: GT=0.723 learned=nan err=nan% exit=0%
    r=3.0: GT=1.090 learned=nan err=nan% exit=0%
    W2@1.0=1.6126

  --- T+F ---
      Epoch 100/500: loss=0.301180
      Epoch 200/500: loss=0.191272
      Epoch 300/500: loss=0.123682
      Epoch 400/500: loss=0.036248
      Epoch 500/500: loss=0.024530
    recon=0.000168
  Stage 2 epoch 100/300: loss=0.005967
  Stage 2 epoch 200/300: loss=0.004546
  Stage 2 epoch 300/300: loss=0.003002
  Stage 3 epoch 100/300: loss=0.000037
  Stage 3 epoch 200/300: loss=0.000026
  Stage 3 epoch 300/300: loss=0.000029
    r=0.5: GT=0.062 learned=0.063 err=1.3% exit=100%
    r=1.0: GT=0.204 learned=0.214 err=5.1% exit=100%
    r=2.0: GT=0.723 learned=0.764 err=5.7% exit=92%
    r=3.0: GT=1.090 learned=1.158 err=6.3% exit=48%
    W2@1.0=0.5641

============================================================
  sinusoidal | seed=6042
============================================================

  --- baseline ---
      Epoch 100/500: loss=0.000807
      Epoch 200/500: loss=0.000732
      Epoch 300/500: loss=0.000260
      Epoch 400/500: loss=0.000180
      Epoch 500/500: loss=0.000145
    recon=0.000166
  Stage 2 epoch 100/300: loss=0.005577
  Stage 2 epoch 200/300: loss=0.004571
  Stage 2 epoch 300/300: loss=0.003459
  Stage 3 epoch 100/300: loss=0.000324
  Stage 3 epoch 200/300: loss=0.000290
  Stage 3 epoch 300/300: loss=0.000269
    r=0.5: GT=0.067 learned=0.083 err=24.3% exit=100%
    r=1.0: GT=0.206 learned=0.297 err=43.9% exit=100%
    r=2.0: GT=0.683 learned=0.919 err=34.6% exit=68%
    r=3.0: GT=1.051 learned=1.182 err=12.5% exit=12%
    W2@1.0=0.8558

  --- T ---
      Epoch 100/500: loss=0.056238
      Epoch 200/500: loss=0.026793
      Epoch 300/500: loss=0.036732
      Epoch 400/500: loss=0.025483
      Epoch 500/500: loss=0.008487
    recon=0.000560
  Stage 2 epoch 100/300: loss=0.019279
  Stage 2 epoch 200/300: loss=0.016902
  Stage 2 epoch 300/300: loss=0.015140
  Stage 3 epoch 100/300: loss=0.000103
  Stage 3 epoch 200/300: loss=0.000063
  Stage 3 epoch 300/300: loss=0.000047
    r=0.5: GT=0.067 learned=0.088 err=31.3% exit=100%
    r=1.0: GT=0.206 learned=0.312 err=51.4% exit=100%
    r=2.0: GT=0.683 learned=0.902 err=32.1% exit=67%
    r=3.0: GT=1.051 learned=1.097 err=4.4% exit=17%
    W2@1.0=0.9478

  --- F ---
      Epoch 100/500: loss=0.009233
      Epoch 200/500: loss=0.009422
      Epoch 300/500: loss=0.007709
      Epoch 400/500: loss=0.007867
      Epoch 500/500: loss=0.007917
    recon=0.007874
  Stage 2 epoch 100/300: loss=0.000058
  Stage 2 epoch 200/300: loss=0.000053
  Stage 2 epoch 300/300: loss=0.000060
  Stage 3 epoch 100/300: loss=0.000949
  Stage 3 epoch 200/300: loss=0.000946
  Stage 3 epoch 300/300: loss=0.000922
    r=0.5: GT=0.067 learned=nan err=nan% exit=0%
    r=1.0: GT=0.206 learned=nan err=nan% exit=0%
    r=2.0: GT=0.683 learned=nan err=nan% exit=0%
    r=3.0: GT=1.051 learned=nan err=nan% exit=0%
    W2@1.0=1.6296

  --- C ---
      Epoch 100/500: loss=0.007817
      Epoch 200/500: loss=0.007956
      Epoch 300/500: loss=0.007656
      Epoch 400/500: loss=0.007830
      Epoch 500/500: loss=0.007778
    recon=0.007867
  Stage 2 epoch 100/300: loss=0.000000
  Stage 2 epoch 200/300: loss=0.000000
  Stage 2 epoch 300/300: loss=0.000000
  Stage 3 epoch 100/300: loss=0.000949
  Stage 3 epoch 200/300: loss=0.000946
  Stage 3 epoch 300/300: loss=0.000922
    r=0.5: GT=0.067 learned=nan err=nan% exit=0%
    r=1.0: GT=0.206 learned=nan err=nan% exit=0%
    r=2.0: GT=0.683 learned=nan err=nan% exit=0%
    r=3.0: GT=1.051 learned=nan err=nan% exit=0%
    W2@1.0=1.6288

  --- T+F ---
      Epoch 100/500: loss=0.271026
      Epoch 200/500: loss=0.138975
      Epoch 300/500: loss=0.055881
      Epoch 400/500: loss=0.034072
      Epoch 500/500: loss=0.023268
    recon=0.000650
  Stage 2 epoch 100/300: loss=0.004693
  Stage 2 epoch 200/300: loss=0.003495
  Stage 2 epoch 300/300: loss=0.003027
  Stage 3 epoch 100/300: loss=0.000112
  Stage 3 epoch 200/300: loss=0.000078
  Stage 3 epoch 300/300: loss=0.000065
    r=0.5: GT=0.067 learned=0.090 err=34.9% exit=100%
    r=1.0: GT=0.206 learned=0.289 err=40.0% exit=100%
    r=2.0: GT=0.683 learned=0.819 err=20.0% exit=86%
    r=3.0: GT=1.051 learned=1.132 err=7.7% exit=41%
    W2@1.0=0.6353

============================================================
  sinusoidal | seed=7042
============================================================

  --- baseline ---
      Epoch 100/500: loss=0.000863
      Epoch 200/500: loss=0.000547
      Epoch 300/500: loss=0.000265
      Epoch 400/500: loss=0.000146
      Epoch 500/500: loss=0.000132
    recon=0.000128
  Stage 2 epoch 100/300: loss=0.006314
  Stage 2 epoch 200/300: loss=0.005954
  Stage 2 epoch 300/300: loss=0.004170
  Stage 3 epoch 100/300: loss=0.000173
  Stage 3 epoch 200/300: loss=0.000169
  Stage 3 epoch 300/300: loss=0.000184
    r=0.5: GT=0.064 learned=0.062 err=3.1% exit=100%
    r=1.0: GT=0.216 learned=0.221 err=2.2% exit=100%
    r=2.0: GT=0.733 learned=0.915 err=24.8% exit=78%
    r=3.0: GT=1.088 learned=1.201 err=10.4% exit=15%
    W2@1.0=0.7684

  --- T ---
      Epoch 100/500: loss=0.065849
      Epoch 200/500: loss=0.048688
      Epoch 300/500: loss=0.018087
      Epoch 400/500: loss=0.011091
      Epoch 500/500: loss=0.006266
    recon=0.000588
  Stage 2 epoch 100/300: loss=0.032883
  Stage 2 epoch 200/300: loss=0.019709
  Stage 2 epoch 300/300: loss=0.011077
  Stage 3 epoch 100/300: loss=0.000020
  Stage 3 epoch 200/300: loss=0.000014
  Stage 3 epoch 300/300: loss=0.000013
    r=0.5: GT=0.064 learned=0.067 err=5.0% exit=100%
    r=1.0: GT=0.216 learned=0.244 err=13.3% exit=100%
    r=2.0: GT=0.733 learned=0.867 err=18.3% exit=79%
    r=3.0: GT=1.088 learned=1.131 err=3.9% exit=18%
    W2@1.0=0.8045

  --- F ---
      Epoch 100/500: loss=0.008095
      Epoch 200/500: loss=0.011998
      Epoch 300/500: loss=0.007528
      Epoch 400/500: loss=0.007368
      Epoch 500/500: loss=0.007830
    recon=0.007468
  Stage 2 epoch 100/300: loss=0.000050
  Stage 2 epoch 200/300: loss=0.000046
  Stage 2 epoch 300/300: loss=0.000043
  Stage 3 epoch 100/300: loss=0.000925
  Stage 3 epoch 200/300: loss=0.000937
  Stage 3 epoch 300/300: loss=0.000950
    r=0.5: GT=0.064 learned=nan err=nan% exit=0%
    r=1.0: GT=0.216 learned=nan err=nan% exit=0%
    r=2.0: GT=0.733 learned=nan err=nan% exit=0%
    r=3.0: GT=1.088 learned=nan err=nan% exit=0%
    W2@1.0=1.6352

  --- C ---
      Epoch 100/500: loss=0.007821
      Epoch 200/500: loss=0.007535
      Epoch 300/500: loss=0.007484
      Epoch 400/500: loss=0.007329
      Epoch 500/500: loss=0.007811
    recon=0.007469
  Stage 2 epoch 100/300: loss=0.000000
  Stage 2 epoch 200/300: loss=0.000000
  Stage 2 epoch 300/300: loss=0.000000
  Stage 3 epoch 100/300: loss=0.000925
  Stage 3 epoch 200/300: loss=0.000937
  Stage 3 epoch 300/300: loss=0.000950
    r=0.5: GT=0.064 learned=nan err=nan% exit=0%
    r=1.0: GT=0.216 learned=nan err=nan% exit=0%
    r=2.0: GT=0.733 learned=nan err=nan% exit=0%
    r=3.0: GT=1.088 learned=nan err=nan% exit=0%
    W2@1.0=1.6388

  --- T+F ---
      Epoch 100/500: loss=0.321107
      Epoch 200/500: loss=0.208449
      Epoch 300/500: loss=0.109951
      Epoch 400/500: loss=0.058571
      Epoch 500/500: loss=0.024401
    recon=0.000284
  Stage 2 epoch 100/300: loss=0.006310
  Stage 2 epoch 200/300: loss=0.004617
  Stage 2 epoch 300/300: loss=0.002966
  Stage 3 epoch 100/300: loss=0.000028
  Stage 3 epoch 200/300: loss=0.000023
  Stage 3 epoch 300/300: loss=0.000022
    r=0.5: GT=0.064 learned=0.064 err=0.4% exit=100%
    r=1.0: GT=0.216 learned=0.217 err=0.6% exit=100%
    r=2.0: GT=0.733 learned=0.790 err=7.8% exit=91%
    r=3.0: GT=1.088 learned=1.166 err=7.2% exit=46%
    W2@1.0=0.6377

============================================================
  sinusoidal | seed=8042
============================================================

  --- baseline ---
      Epoch 100/500: loss=0.000894
      Epoch 200/500: loss=0.000606
      Epoch 300/500: loss=0.000299
      Epoch 400/500: loss=0.000239
      Epoch 500/500: loss=0.000147
    recon=0.000136
  Stage 2 epoch 100/300: loss=0.011084
  Stage 2 epoch 200/300: loss=0.007048
  Stage 2 epoch 300/300: loss=0.005412
  Stage 3 epoch 100/300: loss=0.000216
  Stage 3 epoch 200/300: loss=0.000245
  Stage 3 epoch 300/300: loss=0.000205
    r=0.5: GT=0.066 learned=0.065 err=0.6% exit=100%
    r=1.0: GT=0.218 learned=0.231 err=5.8% exit=100%
    r=2.0: GT=0.726 learned=0.942 err=29.8% exit=81%
    r=3.0: GT=1.109 learned=1.272 err=14.7% exit=12%
    W2@1.0=0.7649

  --- T ---
      Epoch 100/500: loss=0.049037
      Epoch 200/500: loss=0.018096
      Epoch 300/500: loss=0.031360
      Epoch 400/500: loss=0.036713
      Epoch 500/500: loss=0.003682
    recon=0.000122
  Stage 2 epoch 100/300: loss=0.015300
  Stage 2 epoch 200/300: loss=0.011140
  Stage 2 epoch 300/300: loss=0.006770
  Stage 3 epoch 100/300: loss=0.000015
  Stage 3 epoch 200/300: loss=0.000010
  Stage 3 epoch 300/300: loss=0.000007
    r=0.5: GT=0.066 learned=0.067 err=2.5% exit=100%
    r=1.0: GT=0.218 learned=0.236 err=8.2% exit=100%
    r=2.0: GT=0.726 learned=0.891 err=22.9% exit=78%
    r=3.0: GT=1.109 learned=1.223 err=10.3% exit=22%
    W2@1.0=0.7105

  --- F ---
      Epoch 100/500: loss=0.015688
      Epoch 200/500: loss=0.008077
      Epoch 300/500: loss=0.007598
      Epoch 400/500: loss=0.007810
      Epoch 500/500: loss=0.007912
    recon=0.007588
  Stage 2 epoch 100/300: loss=0.000157
  Stage 2 epoch 200/300: loss=0.000125
  Stage 2 epoch 300/300: loss=0.000128
  Stage 3 epoch 100/300: loss=0.000988
  Stage 3 epoch 200/300: loss=0.001025
  Stage 3 epoch 300/300: loss=0.000972
    r=0.5: GT=0.066 learned=nan err=nan% exit=1%
    r=1.0: GT=0.218 learned=nan err=nan% exit=0%
    r=2.0: GT=0.726 learned=nan err=nan% exit=0%
    r=3.0: GT=1.109 learned=nan err=nan% exit=0%
    W2@1.0=1.6754

  --- C ---
      Epoch 100/500: loss=0.008123
      Epoch 200/500: loss=0.007346
      Epoch 300/500: loss=0.007553
      Epoch 400/500: loss=0.007771
      Epoch 500/500: loss=0.007887
    recon=0.007586
  Stage 2 epoch 100/300: loss=0.000000
  Stage 2 epoch 200/300: loss=0.000000
  Stage 2 epoch 300/300: loss=0.000000
  Stage 3 epoch 100/300: loss=0.000988
  Stage 3 epoch 200/300: loss=0.001025
  Stage 3 epoch 300/300: loss=0.000972
    r=0.5: GT=0.066 learned=nan err=nan% exit=0%
    r=1.0: GT=0.218 learned=nan err=nan% exit=0%
    r=2.0: GT=0.726 learned=nan err=nan% exit=0%
    r=3.0: GT=1.109 learned=nan err=nan% exit=0%
    W2@1.0=1.6730

  --- T+F ---
      Epoch 100/500: loss=0.406672
      Epoch 200/500: loss=0.186421
      Epoch 300/500: loss=0.092088
      Epoch 400/500: loss=0.047721
      Epoch 500/500: loss=0.034894
    recon=0.001047
  Stage 2 epoch 100/300: loss=0.007011
  Stage 2 epoch 200/300: loss=0.004123
  Stage 2 epoch 300/300: loss=0.002513
  Stage 3 epoch 100/300: loss=0.000044
  Stage 3 epoch 200/300: loss=0.000044
  Stage 3 epoch 300/300: loss=0.000037
    r=0.5: GT=0.066 learned=0.066 err=1.0% exit=100%
    r=1.0: GT=0.218 learned=0.221 err=1.0% exit=100%
    r=2.0: GT=0.726 learned=0.767 err=5.7% exit=92%
    r=3.0: GT=1.109 learned=1.168 err=5.3% exit=47%
    W2@1.0=0.6674

============================================================
  sinusoidal | seed=9042
============================================================

  --- baseline ---
      Epoch 100/500: loss=0.000788
      Epoch 200/500: loss=0.000763
      Epoch 300/500: loss=0.000328
      Epoch 400/500: loss=0.000249
      Epoch 500/500: loss=0.000085
    recon=0.000072
  Stage 2 epoch 100/300: loss=0.007168
  Stage 2 epoch 200/300: loss=0.005874
  Stage 2 epoch 300/300: loss=0.003901
  Stage 3 epoch 100/300: loss=0.000176
  Stage 3 epoch 200/300: loss=0.000177
  Stage 3 epoch 300/300: loss=0.000168
    r=0.5: GT=0.068 learned=0.065 err=3.9% exit=100%
    r=1.0: GT=0.214 learned=0.216 err=1.3% exit=100%
    r=2.0: GT=0.695 learned=0.869 err=25.0% exit=80%
    r=3.0: GT=1.057 learned=1.206 err=14.1% exit=13%
    W2@1.0=0.6531

  --- T ---
      Epoch 100/500: loss=0.060881
      Epoch 200/500: loss=0.033411
      Epoch 300/500: loss=0.012698
      Epoch 400/500: loss=0.023270
      Epoch 500/500: loss=0.003412
    recon=0.000070
  Stage 2 epoch 100/300: loss=0.014361
  Stage 2 epoch 200/300: loss=0.011468
  Stage 2 epoch 300/300: loss=0.007568
  Stage 3 epoch 100/300: loss=0.000017
  Stage 3 epoch 200/300: loss=0.000009
  Stage 3 epoch 300/300: loss=0.000007
    r=0.5: GT=0.068 learned=0.069 err=2.0% exit=100%
    r=1.0: GT=0.214 learned=0.243 err=13.6% exit=100%
    r=2.0: GT=0.695 learned=0.841 err=21.0% exit=75%
    r=3.0: GT=1.057 learned=1.059 err=0.2% exit=19%
    W2@1.0=0.6463

  --- F ---
      Epoch 100/500: loss=0.007570
      Epoch 200/500: loss=0.008531
      Epoch 300/500: loss=0.007682
      Epoch 400/500: loss=0.007561
      Epoch 500/500: loss=0.007445
    recon=0.007592
  Stage 2 epoch 100/300: loss=0.000076
  Stage 2 epoch 200/300: loss=0.000072
  Stage 2 epoch 300/300: loss=0.000066
  Stage 3 epoch 100/300: loss=0.000954
  Stage 3 epoch 200/300: loss=0.000966
  Stage 3 epoch 300/300: loss=0.000942
    r=0.5: GT=0.068 learned=nan err=nan% exit=0%
    r=1.0: GT=0.214 learned=nan err=nan% exit=0%
    r=2.0: GT=0.695 learned=nan err=nan% exit=0%
    r=3.0: GT=1.057 learned=nan err=nan% exit=0%
    W2@1.0=1.5935

  --- C ---
      Epoch 100/500: loss=0.007474
      Epoch 200/500: loss=0.007972
      Epoch 300/500: loss=0.007646
      Epoch 400/500: loss=0.007503
      Epoch 500/500: loss=0.007410
    recon=0.007590
  Stage 2 epoch 100/300: loss=0.000000
  Stage 2 epoch 200/300: loss=0.000000
  Stage 2 epoch 300/300: loss=0.000000
  Stage 3 epoch 100/300: loss=0.000954
  Stage 3 epoch 200/300: loss=0.000966
  Stage 3 epoch 300/300: loss=0.000942
    r=0.5: GT=0.068 learned=nan err=nan% exit=0%
    r=1.0: GT=0.214 learned=nan err=nan% exit=0%
    r=2.0: GT=0.695 learned=nan err=nan% exit=0%
    r=3.0: GT=1.057 learned=nan err=nan% exit=0%
    W2@1.0=1.5984

  --- T+F ---
      Epoch 100/500: loss=0.321800
      Epoch 200/500: loss=0.227199
      Epoch 300/500: loss=0.075119
      Epoch 400/500: loss=0.049264
      Epoch 500/500: loss=0.047521
    recon=0.002350
  Stage 2 epoch 100/300: loss=0.005104
  Stage 2 epoch 200/300: loss=0.003285
  Stage 2 epoch 300/300: loss=0.002062
  Stage 3 epoch 100/300: loss=0.000032
  Stage 3 epoch 200/300: loss=0.000027
  Stage 3 epoch 300/300: loss=0.000025
    r=0.5: GT=0.068 learned=0.066 err=2.3% exit=100%
    r=1.0: GT=0.214 learned=0.217 err=1.7% exit=100%
    r=2.0: GT=0.695 learned=0.769 err=10.6% exit=91%
    r=3.0: GT=1.057 learned=1.094 err=3.4% exit=41%
    W2@1.0=0.8575


Total time: 75.7 min
Saved 200 rows to mfpt_rotation_d201_dn.csv


================================================================================
MFPT ABLATION SUMMARY
================================================================================

  Surface: paraboloid

    r=0.5:
       condition        MFPT_err    MFPT_learned         MFPT_GT          W2@1.0
        baseline   34.1%±46.4%   0.094±0.041   0.075±0.003   1.704±0.226
               T   45.7%±72.6%   0.099±0.062   0.075±0.003   1.687±0.308
               F  1460.0%±134.4%   1.169±0.052   0.075±0.003   2.406±0.070
               C  383.0%±0.0%   0.345±0.000   0.075±0.003   2.387±0.065
             T+F   31.2%±28.4%   0.090±0.027   0.075±0.003   1.477±0.390

    r=1.0:
       condition        MFPT_err    MFPT_learned         MFPT_GT          W2@1.0
        baseline   39.1%±49.3%   0.305±0.117   0.225±0.008   1.704±0.226
               T   42.1%±56.7%   0.320±0.132   0.225±0.008   1.687±0.308
               F  505.6%±52.5%   1.385±0.056   0.225±0.008   2.406±0.070
/network/rit/lab/Yelab/aeml/experiments/mfpt_full_ablation.py:302: RuntimeWarning: Mean of empty slice
  print(f"    {cond:>12s}  {np.nanmean(err):>6.1%}±{np.nanstd(err):>.1%}  "
/network/rit/lab/Yelab/anaconda3/lib/python3.9/site-packages/numpy/lib/nanfunctions.py:1879: RuntimeWarning: Degrees of freedom <= 0 for slice.
  var = nanvar(a, axis=axis, dtype=dtype, out=out, ddof=ddof,
/network/rit/lab/Yelab/aeml/experiments/mfpt_full_ablation.py:303: RuntimeWarning: Mean of empty slice
  f"{np.nanmean(lr):>6.3f}±{np.nanstd(lr):>.3f}  "
               C    nan%±nan%     nan±nan   0.225±0.008   2.387±0.065
             T+F   28.6%±28.2%   0.272±0.079   0.225±0.008   1.477±0.390

    r=2.0:
       condition        MFPT_err    MFPT_learned         MFPT_GT          W2@1.0
        baseline   38.3%±17.9%   0.783±0.091   0.567±0.016   1.704±0.226
               T   38.9%±13.4%   0.788±0.079   0.567±0.016   1.687±0.308
               F  147.4%±2.9%   1.439±0.039   0.567±0.016   2.406±0.070
               C    nan%±nan%     nan±nan   0.567±0.016   2.387±0.065
             T+F   19.2%±16.4%   0.658±0.104   0.567±0.016   1.477±0.390

    r=3.0:
       condition        MFPT_err    MFPT_learned         MFPT_GT          W2@1.0
        baseline   40.0%±11.2%   1.079±0.065   0.772±0.017   1.704±0.226
               T   27.6%±6.3%   0.985±0.046   0.772±0.017   1.687±0.308
               F    nan%±nan%     nan±nan   0.772±0.017   2.406±0.070
               C    nan%±nan%     nan±nan   0.772±0.017   2.387±0.065
             T+F   16.3%±10.1%   0.898±0.074   0.772±0.017   1.477±0.390

    Paired t-test vs baseline (MFPT_err, negative = better):
      r=0.5:
             T: Δ=+33.9%  p=0.352  wins=5/10
             F: Δ=+2240.0%  p=0.007**  wins=0/3
             C: insufficient data
           T+F: Δ=-8.5%  p=0.833  wins=6/10
      r=1.0:
             T: Δ=+7.6%  p=0.852  wins=4/10
             F: Δ=+728.2%  p=0.018*  wins=0/3
             C: insufficient data
           T+F: Δ=-27.0%  p=0.456  wins=6/10
      r=2.0:
             T: Δ=+1.7%  p=0.932  wins=4/10
             F: Δ=+626.3%  p=0.028*  wins=0/2
             C: insufficient data
           T+F: Δ=-49.9%  p=0.004**  wins=9/10
      r=3.0:
             T: Δ=-31.1%  p=0.009**  wins=9/10
             F: insufficient data
             C: insufficient data
           T+F: Δ=-59.2%  p=0.000**  wins=10/10

  Surface: hyperbolic_paraboloid

    r=0.5:
       condition        MFPT_err    MFPT_learned         MFPT_GT          W2@1.0
        baseline   28.3%±28.6%   0.097±0.024   0.076±0.002   1.525±0.167
               T   39.4%±19.4%   0.064±0.030   0.076±0.002   2.533±1.001
               F  1446.8%±422.8%   1.167±0.314   0.076±0.002   2.198±0.120
               C    nan%±nan%     nan±nan   0.076±0.002   2.168±0.062
             T+F   17.7%±20.4%   0.086±0.019   0.076±0.002   1.225±0.242

    r=1.0:
       condition        MFPT_err    MFPT_learned         MFPT_GT          W2@1.0
        baseline   47.8%±40.4%   0.343±0.088   0.233±0.009   1.525±0.167
               T   37.9%±25.9%   0.217±0.107   0.233±0.009   2.533±1.001
               F  420.1%±66.3%   1.218±0.169   0.233±0.009   2.198±0.120
               C    nan%±nan%     nan±nan   0.233±0.009   2.168±0.062
             T+F   31.1%±36.7%   0.296±0.090   0.233±0.009   1.225±0.242

    r=2.0:
       condition        MFPT_err    MFPT_learned         MFPT_GT          W2@1.0
        baseline   51.9%±12.2%   0.952±0.067   0.627±0.019   1.525±0.167
               T   32.3%±22.3%   0.616±0.239   0.627±0.019   2.533±1.001
               F  132.7%±21.1%   1.469±0.131   0.627±0.019   2.198±0.120
               C    nan%±nan%     nan±nan   0.627±0.019   2.168±0.062
             T+F   20.6%±18.4%   0.755±0.105   0.627±0.019   1.225±0.242

    r=3.0:
       condition        MFPT_err    MFPT_learned         MFPT_GT          W2@1.0
        baseline   37.2%±9.0%   1.175±0.088   0.856±0.016   1.525±0.167
               T   21.8%±24.4%   0.824±0.280   0.856±0.016   2.533±1.001
               F  107.0%±0.0%   1.794±0.000   0.856±0.016   2.198±0.120
               C    nan%±nan%     nan±nan   0.856±0.016   2.168±0.062
             T+F   18.0%±5.9%   1.009±0.050   0.856±0.016   1.225±0.242

    Paired t-test vs baseline (MFPT_err, negative = better):
      r=0.5:
             T: Δ=+38.9%  p=0.438  wins=3/10
             F: Δ=+4572.1%  p=0.000**  wins=0/9
             C: insufficient data
           T+F: Δ=-37.7%  p=0.351  wins=6/10
      r=1.0:
             T: Δ=-20.6%  p=0.634  wins=5/10
             F: Δ=+623.4%  p=0.001**  wins=0/6
             C: insufficient data
           T+F: Δ=-34.9%  p=0.225  wins=7/10
      r=2.0:
             T: Δ=-37.8%  p=0.060+  wins=6/10
             F: Δ=+146.6%  p=0.002**  wins=0/6
             C: insufficient data
           T+F: Δ=-60.4%  p=0.001**  wins=10/10
      r=3.0:
             T: Δ=-41.3%  p=0.085+  wins=9/10
             F: insufficient data
             C: insufficient data
           T+F: Δ=-51.7%  p=0.001**  wins=9/10

  Surface: quartic_dome

    r=0.5:
       condition        MFPT_err    MFPT_learned         MFPT_GT          W2@1.0
        baseline   18.9%±26.8%   0.092±0.023   0.078±0.002   3.141±0.225
               T   10.0%±15.3%   0.085±0.014   0.078±0.002   3.172±0.230
               F  1587.5%±530.5%   1.321±0.419   0.078±0.002   3.563±0.400
               C    nan%±nan%     nan±nan   0.078±0.002   3.437±0.220
             T+F   18.5%±24.7%   0.088±0.021   0.078±0.002   3.179±0.236

    r=1.0:
       condition        MFPT_err    MFPT_learned         MFPT_GT          W2@1.0
        baseline   28.5%±33.3%   0.326±0.079   0.255±0.008   3.141±0.225
               T   15.9%±18.9%   0.295±0.041   0.255±0.008   3.172±0.230
               F  453.6%±180.2%   1.427±0.482   0.255±0.008   3.563±0.400
               C    nan%±nan%     nan±nan   0.255±0.008   3.437±0.220
             T+F   21.5%±29.0%   0.303±0.072   0.255±0.008   3.179±0.236

    r=2.0:
       condition        MFPT_err    MFPT_learned         MFPT_GT          W2@1.0
        baseline   29.3%±8.0%   0.987±0.053   0.765±0.017   3.141±0.225
               T   14.8%±9.6%   0.876±0.064   0.765±0.017   3.172±0.230
               F   72.7%±39.3%   1.257±0.438   0.765±0.017   3.563±0.400
               C    nan%±nan%     nan±nan   0.765±0.017   3.437±0.220
             T+F   12.1%±9.7%   0.855±0.075   0.765±0.017   3.179±0.236

    r=3.0:
       condition        MFPT_err    MFPT_learned         MFPT_GT          W2@1.0
        baseline   31.8%±8.0%   1.217±0.084   0.923±0.018   3.141±0.225
               T   19.3%±4.6%   1.100±0.040   0.923±0.018   3.172±0.230
               F   62.8%±31.3%   1.387±0.447   0.923±0.018   3.563±0.400
               C    nan%±nan%     nan±nan   0.923±0.018   3.437±0.220
             T+F   25.0%±7.3%   1.153±0.065   0.923±0.018   3.179±0.236

    Paired t-test vs baseline (MFPT_err, negative = better):
      r=0.5:
             T: Δ=-47.0%  p=0.248  wins=5/10
             F: Δ=+10886.8%  p=0.000**  wins=0/9
             C: insufficient data
           T+F: Δ=-2.2%  p=0.971  wins=5/10
      r=1.0:
             T: Δ=-44.2%  p=0.156  wins=8/10
             F: Δ=+1499.4%  p=0.003**  wins=0/6
             C: insufficient data
           T+F: Δ=-24.4%  p=0.612  wins=8/10
      r=2.0:
             T: Δ=-49.4%  p=0.000**  wins=10/10
             F: Δ=+164.6%  p=0.205  wins=1/3
             C: insufficient data
           T+F: Δ=-58.6%  p=0.002**  wins=9/10
      r=3.0:
             T: Δ=-39.5%  p=0.001**  wins=9/10
             F: Δ=+51.8%  p=0.383  wins=1/3
             C: insufficient data
           T+F: Δ=-21.3%  p=0.035*  wins=8/10

  Surface: sinusoidal

    r=0.5:
       condition        MFPT_err    MFPT_learned         MFPT_GT          W2@1.0
        baseline    6.9%±8.7%   0.068±0.007   0.065±0.002   0.774±0.053
               T    7.0%±8.2%   0.070±0.006   0.065±0.002   0.751±0.085
               F  1712.5%±425.2%   1.163±0.269   0.065±0.002   1.629±0.023
               C    nan%±nan%     nan±nan   0.065±0.002   1.631±0.023
             T+F    5.2%±10.0%   0.068±0.008   0.065±0.002   0.694±0.123

    r=1.0:
       condition        MFPT_err    MFPT_learned         MFPT_GT          W2@1.0
        baseline   14.9%±15.0%   0.245±0.032   0.213±0.005   0.774±0.053
               T   15.9%±12.1%   0.247±0.023   0.213±0.005   0.751±0.085
               F  479.3%±32.8%   1.229±0.055   0.213±0.005   1.629±0.023
               C    nan%±nan%     nan±nan   0.213±0.005   1.631±0.023
             T+F    6.2%±11.5%   0.226±0.022   0.213±0.005   0.694±0.123

    r=2.0:
       condition        MFPT_err    MFPT_learned         MFPT_GT          W2@1.0
        baseline   25.9%±4.5%   0.909±0.032   0.722±0.021   0.774±0.053
               T   19.3%±5.2%   0.861±0.023   0.722±0.021   0.751±0.085
               F   76.1%±5.1%   1.296±0.021   0.722±0.021   1.629±0.023
               C    nan%±nan%     nan±nan   0.722±0.021   1.631±0.023
             T+F    7.7%±4.6%   0.768±0.029   0.722±0.021   0.694±0.123

    r=3.0:
       condition        MFPT_err    MFPT_learned         MFPT_GT          W2@1.0
        baseline   14.1%±4.5%   1.236±0.049   1.084±0.021   0.774±0.053
               T    5.0%±4.0%   1.138±0.049   1.084±0.021   0.751±0.085
               F   18.4%±0.0%   1.270±0.000   1.084±0.021   1.629±0.023
               C    nan%±nan%     nan±nan   1.084±0.021   1.631±0.023
             T+F    5.1%±2.2%   1.136±0.032   1.084±0.021   0.694±0.123

    Paired t-test vs baseline (MFPT_err, negative = better):
      r=0.5:
             T: Δ=+1.4%  p=0.967  wins=3/10
             F: Δ=+24764.2%  p=0.001**  wins=0/5
             C: insufficient data
           T+F: Δ=-25.1%  p=0.483  wins=6/10
      r=1.0:
             T: Δ=+6.9%  p=0.800  wins=3/10
             F: Δ=+2505.3%  p=0.000**  wins=0/4
             C: insufficient data
           T+F: Δ=-58.4%  p=0.059+  wins=9/10
      r=2.0:
             T: Δ=-25.2%  p=0.003**  wins=10/10
             F: Δ=+204.3%  p=0.133  wins=0/2
             C: insufficient data
           T+F: Δ=-70.3%  p=0.000**  wins=10/10
      r=3.0:
             T: Δ=-64.5%  p=0.000**  wins=10/10
             F: insufficient data
             C: insufficient data
           T+F: Δ=-63.6%  p=0.000**  wins=10/10
