surface,config,seed,distance,reconstruction,tangent,curvature
paraboloid,baseline,42,0.0,0.10813264,0.40929767,0.49381694
paraboloid,baseline,42,0.05,0.46224785,0.54352075,0.19736299
paraboloid,baseline,42,0.1,0.7054785,0.56972206,0.18855384
paraboloid,baseline,42,0.15,0.8595657,0.556388,0.17410578
paraboloid,baseline,42,0.2,1.027747,0.54547673,0.17210831
paraboloid,baseline,42,0.25,1.3850325,0.5684249,0.16168559
paraboloid,baseline,42,0.3,1.5231116,0.55317277,0.15399778
paraboloid,T,42,0.0,0.05914727,0.008163085,0.015430044
paraboloid,T,42,0.05,0.32292685,0.026592582,0.020622898
paraboloid,T,42,0.1,0.5441108,0.037259996,0.028635113
paraboloid,T,42,0.15,0.7069694,0.04066263,0.02766042
paraboloid,T,42,0.2,0.824141,0.046584897,0.029049695
paraboloid,T,42,0.25,1.1961133,0.054439887,0.041688662
paraboloid,T,42,0.3,1.2887915,0.06252505,0.03574378
paraboloid,F,42,0.0,0.20474903,0.6586007,0.7800906
paraboloid,F,42,0.05,0.6663351,0.80040836,0.21128312
paraboloid,F,42,0.1,1.0083425,0.8187764,0.18307807
paraboloid,F,42,0.15,1.2521257,0.80401695,0.16259001
paraboloid,F,42,0.2,1.4200444,0.8043677,0.15659502
paraboloid,F,42,0.25,1.8428857,0.8264481,0.1426591
paraboloid,F,42,0.3,1.9987983,0.79944825,0.133349
paraboloid,K,42,0.0,0.10347589,0.37218505,0.4009067
paraboloid,K,42,0.05,0.45692533,0.49321544,0.16234565
paraboloid,K,42,0.1,0.6947787,0.51771474,0.14768769
paraboloid,K,42,0.15,0.84672314,0.5097022,0.1388036
paraboloid,K,42,0.2,1.0102125,0.49747944,0.13732763
paraboloid,K,42,0.25,1.3801591,0.51934284,0.1343574
paraboloid,K,42,0.3,1.4971826,0.511642,0.12221786
paraboloid,T+K,42,0.0,0.06471009,0.009022238,0.017990403
paraboloid,T+K,42,0.05,0.3381774,0.026999554,0.021556703
paraboloid,T+K,42,0.1,0.56337684,0.03758418,0.029687
paraboloid,T+K,42,0.15,0.7262773,0.040903278,0.028484866
paraboloid,T+K,42,0.2,0.8447213,0.046780523,0.030172136
paraboloid,T+K,42,0.25,1.2232559,0.054986484,0.043439288
paraboloid,T+K,42,0.3,1.3132566,0.06272219,0.036715377
paraboloid,T+F,42,0.0,0.059710205,0.017881898,0.03894423
paraboloid,T+F,42,0.05,0.3149859,0.043463472,0.04456561
paraboloid,T+F,42,0.1,0.556487,0.06079054,0.07271327
paraboloid,T+F,42,0.15,0.59830016,0.066745706,0.055721644
paraboloid,T+F,42,0.2,0.69133204,0.07575681,0.069679715
paraboloid,T+F,42,0.25,1.0762615,0.11306237,0.095217004
paraboloid,T+F,42,0.3,1.0748096,0.10548514,0.064691134
paraboloid,T+F+K,42,0.0,0.05585177,0.013697467,0.028023731
paraboloid,T+F+K,42,0.05,0.31886542,0.036444373,0.03615837
paraboloid,T+F+K,42,0.1,0.57268226,0.052866563,0.06527371
paraboloid,T+F+K,42,0.15,0.6297003,0.0587638,0.047204915
paraboloid,T+F+K,42,0.2,0.7238514,0.06914974,0.0662255
paraboloid,T+F+K,42,0.25,1.128292,0.10587527,0.08828268
paraboloid,T+F+K,42,0.3,1.1352301,0.09771642,0.0602513
paraboloid,baseline,1042,0.0,0.108824246,0.33528504,0.38967907
paraboloid,baseline,1042,0.05,0.43018442,0.4056754,0.19487026
paraboloid,baseline,1042,0.1,0.6934203,0.45754626,0.19254978
paraboloid,baseline,1042,0.15,0.86206543,0.42689255,0.15632658
paraboloid,baseline,1042,0.2,1.3113154,0.4454835,0.14721638
paraboloid,baseline,1042,0.25,1.882254,0.47754437,0.16223885
paraboloid,baseline,1042,0.3,2.4663343,0.48497665,0.13666801
paraboloid,T,1042,0.0,0.050286595,0.011625578,0.024395036
paraboloid,T,1042,0.05,0.2160945,0.03174862,0.03998078
paraboloid,T,1042,0.1,0.42847955,0.05529014,0.046156924
paraboloid,T,1042,0.15,0.6186064,0.07320508,0.04394159
paraboloid,T,1042,0.2,1.098984,0.11807592,0.049999095
paraboloid,T,1042,0.25,1.8040488,0.17408739,0.057190306
paraboloid,T,1042,0.3,2.248165,0.19553678,0.06761729
paraboloid,F,1042,0.0,0.19248718,0.66473943,0.76671976
paraboloid,F,1042,0.05,0.66569686,0.79830384,0.20835046
paraboloid,F,1042,0.1,0.8961607,0.7977706,0.19032674
paraboloid,F,1042,0.15,1.0735787,0.78400517,0.16957982
paraboloid,F,1042,0.2,1.5103565,0.81351966,0.15608916
paraboloid,F,1042,0.25,1.9809878,0.81880254,0.14156154
paraboloid,F,1042,0.3,2.5592632,0.8538295,0.1283156
paraboloid,K,1042,0.0,0.17032105,0.53294957,0.6009593
paraboloid,K,1042,0.05,0.6246458,0.6528377,0.16351046
paraboloid,K,1042,0.1,0.8910084,0.6565732,0.15164277
paraboloid,K,1042,0.15,1.0690064,0.6308295,0.13042718
paraboloid,K,1042,0.2,1.5471503,0.66710633,0.12624304
paraboloid,K,1042,0.25,2.0450552,0.671353,0.112664916
paraboloid,K,1042,0.3,2.6913779,0.7291721,0.110498905
paraboloid,T+K,1042,0.0,0.047000077,0.012439373,0.0134996455
paraboloid,T+K,1042,0.05,0.31281322,0.03800903,0.02474664
paraboloid,T+K,1042,0.1,0.5794189,0.06673513,0.03170777
paraboloid,T+K,1042,0.15,0.80190396,0.083358236,0.032383684
paraboloid,T+K,1042,0.2,1.3718345,0.13651077,0.044190437
paraboloid,T+K,1042,0.25,2.1353562,0.19655554,0.052638322
paraboloid,T+K,1042,0.3,2.661643,0.22736403,0.062388327
paraboloid,T+F,1042,0.0,0.020257873,0.011017891,0.03337593
paraboloid,T+F,1042,0.05,0.07269043,0.017756717,0.025906807
paraboloid,T+F,1042,0.1,0.13781074,0.02596952,0.036545333
paraboloid,T+F,1042,0.15,0.22051385,0.029995035,0.033835653
paraboloid,T+F,1042,0.2,0.37368408,0.0387942,0.024495907
paraboloid,T+F,1042,0.25,0.6130213,0.041528028,0.029502053
paraboloid,T+F,1042,0.3,0.8492304,0.055784225,0.02697726
paraboloid,T+F+K,1042,0.0,0.018728876,0.008342109,0.025016205
paraboloid,T+F+K,1042,0.05,0.080964364,0.016259136,0.021122605
paraboloid,T+F+K,1042,0.1,0.14763504,0.023458105,0.030201403
paraboloid,T+F+K,1042,0.15,0.23281093,0.0279012,0.02796265
paraboloid,T+F+K,1042,0.2,0.3930231,0.036446147,0.020967323
paraboloid,T+F+K,1042,0.25,0.6289157,0.03884436,0.025317397
paraboloid,T+F+K,1042,0.3,0.8685619,0.054266702,0.023240793
paraboloid,baseline,2042,0.0,0.04742072,0.07353419,0.2502335
paraboloid,baseline,2042,0.05,0.29633838,0.11448808,0.58270967
paraboloid,baseline,2042,0.1,0.51864696,0.13473663,0.45051813
paraboloid,baseline,2042,0.15,0.7718798,0.17539115,0.35490605
paraboloid,baseline,2042,0.2,1.014172,0.17909136,0.26896098
paraboloid,baseline,2042,0.25,1.3228358,0.17579429,0.15381509
paraboloid,baseline,2042,0.3,1.8585173,0.1963204,0.15784574
paraboloid,T,2042,0.0,0.03138532,0.0035326974,0.0050046896
paraboloid,T,2042,0.05,0.21259531,0.010323278,0.0111384755
paraboloid,T,2042,0.1,0.37042037,0.018695656,0.01603188
paraboloid,T,2042,0.15,0.5681528,0.025871761,0.020233212
paraboloid,T,2042,0.2,0.83704454,0.034847245,0.024068797
paraboloid,T,2042,0.25,1.2146792,0.054412037,0.028540738
paraboloid,T,2042,0.3,1.6396183,0.06697224,0.033838242
paraboloid,F,2042,0.0,0.18307675,0.6053922,0.66816974
paraboloid,F,2042,0.05,0.5848148,0.73190886,0.19264562
paraboloid,F,2042,0.1,0.93317986,0.7688079,0.17181404
paraboloid,F,2042,0.15,1.0740393,0.7679814,0.16025563
paraboloid,F,2042,0.2,1.4088765,0.76462036,0.14456567
paraboloid,F,2042,0.25,1.854596,0.7876594,0.13268937
paraboloid,F,2042,0.3,2.285642,0.7953888,0.12319084
paraboloid,K,2042,0.0,0.036254365,0.015656954,0.02235829
paraboloid,K,2042,0.05,0.26418,0.035895918,0.021845385
paraboloid,K,2042,0.1,0.48013562,0.056996156,0.026350932
paraboloid,K,2042,0.15,0.7426086,0.08781107,0.028872542
paraboloid,K,2042,0.2,0.99028325,0.10975652,0.02553613
paraboloid,K,2042,0.25,1.2971268,0.12579717,0.021226497
paraboloid,K,2042,0.3,1.8454424,0.16437952,0.029923378
paraboloid,T+K,2042,0.0,0.033545632,0.0034934222,0.0040914314
paraboloid,T+K,2042,0.05,0.22777689,0.009426564,0.010182066
paraboloid,T+K,2042,0.1,0.3967446,0.017320914,0.014910586
paraboloid,T+K,2042,0.15,0.59776765,0.023975424,0.019309098
paraboloid,T+K,2042,0.2,0.87597644,0.0323321,0.022902485
paraboloid,T+K,2042,0.25,1.2648335,0.050618198,0.027385525
paraboloid,T+K,2042,0.3,1.6971436,0.06252672,0.032709174
paraboloid,T+F,2042,0.0,0.0102322865,0.0079107415,0.015672415
paraboloid,T+F,2042,0.05,0.029677723,0.019979497,0.021170331
paraboloid,T+F,2042,0.1,0.056973748,0.02867884,0.026462566
paraboloid,T+F,2042,0.15,0.10305892,0.03416617,0.028368872
paraboloid,T+F,2042,0.2,0.15323213,0.039538283,0.028156921
paraboloid,T+F,2042,0.25,0.27141562,0.05009954,0.024860533
paraboloid,T+F,2042,0.3,0.4092851,0.05911634,0.027550789
paraboloid,T+F+K,2042,0.0,0.0035761066,0.0056786276,0.012706038
paraboloid,T+F+K,2042,0.05,0.027404932,0.017491179,0.02009516
paraboloid,T+F+K,2042,0.1,0.06319055,0.02640152,0.025451709
paraboloid,T+F+K,2042,0.15,0.110443585,0.031009402,0.026345218
paraboloid,T+F+K,2042,0.2,0.16982052,0.036549408,0.02602049
paraboloid,T+F+K,2042,0.25,0.30099252,0.046528075,0.024651509
paraboloid,T+F+K,2042,0.3,0.44257337,0.054456778,0.02714035
paraboloid,baseline,3042,0.0,0.09309332,0.041816805,0.13404758
paraboloid,baseline,3042,0.05,0.45959932,0.09674706,0.13578334
paraboloid,baseline,3042,0.1,0.53609467,0.11668671,0.1339851
paraboloid,baseline,3042,0.15,0.76387554,0.13401131,0.15885675
paraboloid,baseline,3042,0.2,0.8511526,0.15526065,0.15690297
paraboloid,baseline,3042,0.25,1.1559588,0.15643023,0.15008359
paraboloid,baseline,3042,0.3,1.6590755,0.17812528,0.15990497
paraboloid,T,3042,0.0,0.022624442,0.0065846937,0.012103148
paraboloid,T,3042,0.05,0.20824233,0.036822565,0.020569911
paraboloid,T,3042,0.1,0.318917,0.03170039,0.02008232
paraboloid,T,3042,0.15,0.4735788,0.05069567,0.024032373
paraboloid,T,3042,0.2,0.81455505,0.06405975,0.03497181
paraboloid,T,3042,0.25,1.4133846,0.0996546,0.08102772
paraboloid,T,3042,0.3,1.9213953,0.13091826,0.0780678
paraboloid,F,3042,0.0,0.17766035,0.60464054,0.78694844
paraboloid,F,3042,0.05,0.59904224,0.79998475,0.2021798
paraboloid,F,3042,0.1,0.77147466,0.80267596,0.18375978
paraboloid,F,3042,0.15,0.98245454,0.8249422,0.17000404
paraboloid,F,3042,0.2,1.2934225,0.81999886,0.1520525
paraboloid,F,3042,0.25,1.7039162,0.8155154,0.13789472
paraboloid,F,3042,0.3,2.237562,0.8391255,0.1251233
paraboloid,K,3042,0.0,0.08480014,0.029323723,0.089015916
paraboloid,K,3042,0.05,0.414357,0.051347625,0.0664853
paraboloid,K,3042,0.1,0.46147117,0.06230693,0.06346908
paraboloid,K,3042,0.15,0.66688883,0.07864907,0.08056276
paraboloid,K,3042,0.2,0.72627753,0.08555597,0.06461076
paraboloid,K,3042,0.25,1.0003892,0.0873167,0.05640126
paraboloid,K,3042,0.3,1.464119,0.11486729,0.06147011
paraboloid,T+K,3042,0.0,0.025537979,0.0056435387,0.010364237
paraboloid,T+K,3042,0.05,0.23224649,0.034048233,0.01722581
paraboloid,T+K,3042,0.1,0.3639313,0.030110424,0.017600467
paraboloid,T+K,3042,0.15,0.523681,0.048707742,0.021700848
paraboloid,T+K,3042,0.2,0.90077555,0.063718386,0.033929165
paraboloid,T+K,3042,0.25,1.527974,0.1025388,0.07241201
paraboloid,T+K,3042,0.3,2.0540402,0.13430859,0.07586519
paraboloid,T+F,3042,0.0,0.012493887,0.004980715,0.015551253
paraboloid,T+F,3042,0.05,0.053071726,0.01882716,0.0073412196
paraboloid,T+F,3042,0.1,0.07088942,0.018515695,0.006604224
paraboloid,T+F,3042,0.15,0.12880412,0.025998455,0.0073018777
paraboloid,T+F,3042,0.2,0.19383582,0.026000306,0.006768499
paraboloid,T+F,3042,0.25,0.3749896,0.03566187,0.007048333
paraboloid,T+F,3042,0.3,0.60069114,0.046156682,0.008672532
paraboloid,T+F+K,3042,0.0,0.011903118,0.004581702,0.012965553
paraboloid,T+F+K,3042,0.05,0.05239748,0.01843378,0.006599698
paraboloid,T+F+K,3042,0.1,0.06989158,0.01819078,0.006045118
paraboloid,T+F+K,3042,0.15,0.12723835,0.02552632,0.0066962526
paraboloid,T+F+K,3042,0.2,0.19193517,0.025820496,0.0061457017
paraboloid,T+F+K,3042,0.25,0.3736096,0.035806697,0.0067758067
paraboloid,T+F+K,3042,0.3,0.596271,0.046366453,0.008191458
paraboloid,baseline,4042,0.0,0.0519412,0.10255233,0.12399264
paraboloid,baseline,4042,0.05,0.29312274,0.19366616,0.12394758
paraboloid,baseline,4042,0.1,0.43152484,0.21801153,0.114445336
paraboloid,baseline,4042,0.15,0.73418105,0.22544587,0.11964069
paraboloid,baseline,4042,0.2,1.0344303,0.2360624,0.11902709
paraboloid,baseline,4042,0.25,1.3390963,0.25680673,0.099233925
paraboloid,baseline,4042,0.3,1.9989533,0.26959443,0.11085581
paraboloid,T,4042,0.0,0.049306747,0.00958498,0.01662739
paraboloid,T,4042,0.05,0.3312849,0.03531611,0.045848854
paraboloid,T,4042,0.1,0.45836756,0.044728454,0.05081697
paraboloid,T,4042,0.15,0.8291324,0.06906249,0.056928996
paraboloid,T,4042,0.2,1.2206858,0.09121639,0.06538426
paraboloid,T,4042,0.25,1.5196122,0.1130812,0.06908791
paraboloid,T,4042,0.3,2.1381118,0.12881856,0.07554195
paraboloid,F,4042,0.0,0.22453201,0.63798195,0.7204689
paraboloid,F,4042,0.05,0.7839768,0.79082835,0.20375389
paraboloid,F,4042,0.1,0.9947951,0.8100591,0.18631841
paraboloid,F,4042,0.15,1.356802,0.80971414,0.16885817
paraboloid,F,4042,0.2,1.7598777,0.83274823,0.15281783
paraboloid,F,4042,0.25,2.24791,0.8547745,0.13783903
paraboloid,F,4042,0.3,2.80365,0.84202015,0.1248594
paraboloid,K,4042,0.0,0.056346335,0.03768538,0.032995652
paraboloid,K,4042,0.05,0.36816907,0.09356518,0.0448716
paraboloid,K,4042,0.1,0.5288743,0.106547296,0.048069406
paraboloid,K,4042,0.15,0.92867476,0.14149818,0.05131542
paraboloid,K,4042,0.2,1.3269095,0.16467898,0.04501011
paraboloid,K,4042,0.25,1.6777053,0.1910594,0.054606665
paraboloid,K,4042,0.3,2.4628458,0.23258302,0.055218987
paraboloid,T+K,4042,0.0,0.05126022,0.010765681,0.012439362
paraboloid,T+K,4042,0.05,0.34270173,0.037389874,0.03110629
paraboloid,T+K,4042,0.1,0.46842986,0.047309715,0.03511675
paraboloid,T+K,4042,0.15,0.8444954,0.071950324,0.041961107
paraboloid,T+K,4042,0.2,1.2511337,0.09473029,0.050726935
paraboloid,T+K,4042,0.25,1.5419961,0.11657912,0.052946597
paraboloid,T+K,4042,0.3,2.1710901,0.13176541,0.058151122
paraboloid,T+F,4042,0.0,0.026105808,0.011154371,0.024480259
paraboloid,T+F,4042,0.05,0.14274569,0.024724802,0.012356409
paraboloid,T+F,4042,0.1,0.26173887,0.034535293,0.016445953
paraboloid,T+F,4042,0.15,0.45358324,0.040920533,0.015808815
paraboloid,T+F,4042,0.2,0.56586796,0.040957198,0.015529333
paraboloid,T+F,4042,0.25,0.94852006,0.056236397,0.022384938
paraboloid,T+F,4042,0.3,1.3940073,0.072989486,0.024705304
paraboloid,T+F+K,4042,0.0,0.025851235,0.011541513,0.019272096
paraboloid,T+F+K,4042,0.05,0.12968366,0.02451825,0.012404017
paraboloid,T+F+K,4042,0.1,0.24410301,0.035321448,0.015872287
paraboloid,T+F+K,4042,0.15,0.42979208,0.041672558,0.016482135
paraboloid,T+F+K,4042,0.2,0.53568804,0.04218299,0.016284287
paraboloid,T+F+K,4042,0.25,0.9147227,0.056010656,0.022547368
paraboloid,T+F+K,4042,0.3,1.3357573,0.073207304,0.0268348
paraboloid,baseline,5042,0.0,0.34718236,0.49518836,0.5807459
paraboloid,baseline,5042,0.05,0.63931,0.54995877,0.19690247
paraboloid,baseline,5042,0.1,0.83489245,0.56367326,0.18076377
paraboloid,baseline,5042,0.15,1.0629157,0.5561692,0.16387346
paraboloid,baseline,5042,0.2,1.3105334,0.59505427,0.17628135
paraboloid,baseline,5042,0.25,1.5738224,0.58410287,0.16301034
paraboloid,baseline,5042,0.3,1.75771,0.60831267,0.16091502
paraboloid,T,5042,0.0,0.3063821,0.081742525,0.067705385
paraboloid,T,5042,0.05,1.0919597,0.24716072,0.16843039
paraboloid,T,5042,0.1,1.4664316,0.29597515,0.1770668
paraboloid,T,5042,0.15,1.9702662,0.360713,0.16461615
paraboloid,T,5042,0.2,2.393372,0.42942387,0.23520945
paraboloid,T,5042,0.25,2.8500187,0.43656337,0.21136595
paraboloid,T,5042,0.3,3.179159,0.43482405,0.21402337
paraboloid,F,5042,0.0,0.5392522,0.6827316,0.7623881
paraboloid,F,5042,0.05,1.120539,0.6475346,0.21490923
paraboloid,F,5042,0.1,1.2980143,0.640704,0.18907006
paraboloid,F,5042,0.15,1.5285264,0.61341405,0.16694777
paraboloid,F,5042,0.2,1.8339036,0.61939734,0.158498
paraboloid,F,5042,0.25,2.0383017,0.61734486,0.1449744
paraboloid,F,5042,0.3,2.173486,0.6605288,0.13418919
paraboloid,K,5042,0.0,0.4323862,0.36230394,0.3762479
paraboloid,K,5042,0.05,1.0914582,0.46175247,0.15969089
paraboloid,K,5042,0.1,1.3637674,0.4769178,0.16679953
paraboloid,K,5042,0.15,1.6755162,0.4770433,0.15604465
paraboloid,K,5042,0.2,2.0732095,0.51560146,0.18834531
paraboloid,K,5042,0.25,2.3995683,0.49571264,0.17910257
paraboloid,K,5042,0.3,2.641707,0.50228506,0.18315567
paraboloid,T+K,5042,0.0,0.3096289,0.08277823,0.06869207
paraboloid,T+K,5042,0.05,1.0934372,0.25600561,0.17057635
paraboloid,T+K,5042,0.1,1.4626417,0.303772,0.17536354
paraboloid,T+K,5042,0.15,1.9595202,0.36848968,0.15999158
paraboloid,T+K,5042,0.2,2.3809335,0.43754974,0.22431
paraboloid,T+K,5042,0.25,2.832398,0.44126442,0.20080951
paraboloid,T+K,5042,0.3,3.1612802,0.43947116,0.2039633
paraboloid,T+F,5042,0.0,0.16121826,0.11579624,0.13045253
paraboloid,T+F,5042,0.05,0.5598499,0.17698471,0.103342585
paraboloid,T+F,5042,0.1,0.856191,0.19808145,0.11948909
paraboloid,T+F,5042,0.15,1.1333684,0.21302138,0.11652252
paraboloid,T+F,5042,0.2,1.3884948,0.25525677,0.16092914
paraboloid,T+F,5042,0.25,1.8059114,0.26896808,0.1596575
paraboloid,T+F,5042,0.3,1.9963695,0.2728801,0.1446386
paraboloid,T+F+K,5042,0.0,0.19080181,0.113589354,0.11868776
paraboloid,T+F+K,5042,0.05,0.6513172,0.17733963,0.1058506
paraboloid,T+F+K,5042,0.1,0.9709914,0.20073254,0.12618864
paraboloid,T+F+K,5042,0.15,1.2751288,0.21844487,0.12519187
paraboloid,T+F+K,5042,0.2,1.556456,0.2613125,0.17148028
paraboloid,T+F+K,5042,0.25,1.9924146,0.27692685,0.16805592
paraboloid,T+F+K,5042,0.3,2.1915097,0.28129438,0.14867851
paraboloid,baseline,6042,0.0,0.2860552,0.3169808,0.6914038
paraboloid,baseline,6042,0.05,0.57585233,0.33138064,0.22534099
paraboloid,baseline,6042,0.1,0.8785403,0.34417105,0.21481119
paraboloid,baseline,6042,0.15,1.1463454,0.37825385,0.2820866
paraboloid,baseline,6042,0.2,1.6141595,0.39773726,0.25990018
paraboloid,baseline,6042,0.25,1.8135892,0.36688474,0.24416646
paraboloid,baseline,6042,0.3,2.1920874,0.34203368,0.18530029
paraboloid,T,6042,0.0,0.13935642,0.034033034,0.06177944
paraboloid,T,6042,0.05,0.51032597,0.0663333,0.12367383
paraboloid,T,6042,0.1,0.85116154,0.10343294,0.13478027
paraboloid,T,6042,0.15,1.0932441,0.12965925,0.1255466
paraboloid,T,6042,0.2,1.5754097,0.15946996,0.18113019
paraboloid,T,6042,0.25,1.7643154,0.15283656,0.16299286
paraboloid,T,6042,0.3,2.147811,0.14670381,0.15179157
paraboloid,F,6042,0.0,0.2695433,0.6526465,0.7867993
paraboloid,F,6042,0.05,0.9235154,0.798088,0.21038844
paraboloid,F,6042,0.1,1.1511912,0.772736,0.19017833
paraboloid,F,6042,0.15,1.465008,0.78627455,0.17137437
paraboloid,F,6042,0.2,2.069921,0.8248541,0.1528556
paraboloid,F,6042,0.25,2.2972574,0.81251645,0.14331493
paraboloid,F,6042,0.3,2.7011726,0.8026856,0.12867634
paraboloid,K,6042,0.0,0.2595872,0.28978357,0.51066214
paraboloid,K,6042,0.05,0.5409625,0.28706452,0.16365129
paraboloid,K,6042,0.1,0.81202155,0.30414683,0.17347465
paraboloid,K,6042,0.15,1.0852731,0.33635262,0.18747127
paraboloid,K,6042,0.2,1.5561951,0.35482287,0.18784301
paraboloid,K,6042,0.25,1.7327685,0.32521313,0.14090312
paraboloid,K,6042,0.3,2.1562867,0.3058467,0.13100578
paraboloid,T+K,6042,0.0,0.14942472,0.042458177,0.05550091
paraboloid,T+K,6042,0.05,0.5301053,0.083141446,0.06953137
paraboloid,T+K,6042,0.1,0.8797083,0.12053227,0.08726792
paraboloid,T+K,6042,0.15,1.1216571,0.14284186,0.07424767
paraboloid,T+K,6042,0.2,1.6196941,0.17319201,0.10684511
paraboloid,T+K,6042,0.25,1.8052553,0.16282693,0.08821741
paraboloid,T+K,6042,0.3,2.1998696,0.15441601,0.08334715
paraboloid,T+F,6042,0.0,0.0615245,0.020049063,0.039340142
paraboloid,T+F,6042,0.05,0.26052043,0.050087515,0.028899433
paraboloid,T+F,6042,0.1,0.49005273,0.07726634,0.03537841
paraboloid,T+F,6042,0.15,0.66263354,0.106643476,0.035016008
paraboloid,T+F,6042,0.2,1.0055183,0.12761821,0.04148836
paraboloid,T+F,6042,0.25,1.13291,0.13126682,0.03371757
paraboloid,T+F,6042,0.3,1.3512764,0.13366514,0.033057608
paraboloid,T+F+K,6042,0.0,0.069515064,0.016088748,0.02016639
paraboloid,T+F+K,6042,0.05,0.27970326,0.04706863,0.026184024
paraboloid,T+F+K,6042,0.1,0.5254143,0.071613826,0.035795536
paraboloid,T+F+K,6042,0.15,0.6922174,0.09888306,0.03467425
paraboloid,T+F+K,6042,0.2,1.0301632,0.12027333,0.043162424
paraboloid,T+F+K,6042,0.25,1.134994,0.12602697,0.034841806
paraboloid,T+F+K,6042,0.3,1.3080311,0.124755025,0.032342896
paraboloid,baseline,7042,0.0,0.11089954,0.14660625,0.3052079
paraboloid,baseline,7042,0.05,0.6113551,0.322797,0.18051769
paraboloid,baseline,7042,0.1,0.7775193,0.34317595,0.18700738
paraboloid,baseline,7042,0.15,1.1184889,0.36769763,0.19448408
paraboloid,baseline,7042,0.2,1.4765022,0.38638762,0.17608659
paraboloid,baseline,7042,0.25,2.299434,0.43547383,0.21214211
paraboloid,baseline,7042,0.3,2.7265642,0.5013328,0.1658036
paraboloid,T,7042,0.0,0.061635587,0.00933511,0.012095268
paraboloid,T,7042,0.05,0.5583254,0.060280297,0.05784257
paraboloid,T,7042,0.1,0.8019096,0.09450946,0.08022219
paraboloid,T,7042,0.15,1.1937582,0.13077772,0.10185372
paraboloid,T,7042,0.2,1.6555493,0.17326519,0.11299163
paraboloid,T,7042,0.25,2.5813518,0.2587328,0.14980398
paraboloid,T,7042,0.3,3.0655518,0.30401137,0.14691184
paraboloid,F,7042,0.0,0.25871563,0.63999796,0.7955674
paraboloid,F,7042,0.05,0.874905,0.6993452,0.20748217
paraboloid,F,7042,0.1,1.1175846,0.73063225,0.18602414
paraboloid,F,7042,0.15,1.4121706,0.7473798,0.1697288
paraboloid,F,7042,0.2,1.6621207,0.7288621,0.14921507
paraboloid,F,7042,0.25,2.3408396,0.7641158,0.13563117
paraboloid,F,7042,0.3,2.6919513,0.78559357,0.12903096
paraboloid,K,7042,0.0,0.102076046,0.08702023,0.11685185
paraboloid,K,7042,0.05,0.6264171,0.18738967,0.13084698
paraboloid,K,7042,0.1,0.8276064,0.19968443,0.1294719
paraboloid,K,7042,0.15,1.1923826,0.22503525,0.15955287
paraboloid,K,7042,0.2,1.5878882,0.23865269,0.1545675
paraboloid,K,7042,0.25,2.501442,0.29917124,0.21776772
paraboloid,K,7042,0.3,2.9605582,0.34384444,0.19791375
paraboloid,T+K,7042,0.0,0.04294796,0.0045478786,0.0071303877
paraboloid,T+K,7042,0.05,0.44950268,0.03664343,0.040212482
paraboloid,T+K,7042,0.1,0.7003938,0.07069387,0.07126316
paraboloid,T+K,7042,0.15,1.0766103,0.10240911,0.08697861
paraboloid,T+K,7042,0.2,1.5583354,0.15186676,0.10555005
paraboloid,T+K,7042,0.25,2.4570923,0.2309584,0.13747658
paraboloid,T+K,7042,0.3,2.9297993,0.26980606,0.13626549
paraboloid,T+F,7042,0.0,0.014999325,0.0071755983,0.012684046
paraboloid,T+F,7042,0.05,0.07239733,0.018095177,0.009307905
paraboloid,T+F,7042,0.1,0.15970637,0.024596982,0.011164671
paraboloid,T+F,7042,0.15,0.2656973,0.030765014,0.011503158
paraboloid,T+F,7042,0.2,0.45308417,0.03658191,0.014307437
paraboloid,T+F,7042,0.25,0.8334832,0.052189324,0.017155115
paraboloid,T+F,7042,0.3,1.1017463,0.06333677,0.022548579
paraboloid,T+F+K,7042,0.0,0.0048735472,0.003817258,0.007214505
paraboloid,T+F+K,7042,0.05,0.06375113,0.015293266,0.006993962
paraboloid,T+F+K,7042,0.1,0.1527112,0.020579237,0.00833826
paraboloid,T+F+K,7042,0.15,0.26463336,0.026568854,0.008885322
paraboloid,T+F+K,7042,0.2,0.45761395,0.031308264,0.010880722
paraboloid,T+F+K,7042,0.25,0.8424336,0.046261523,0.013819115
paraboloid,T+F+K,7042,0.3,1.1134323,0.055030093,0.018576378
paraboloid,baseline,8042,0.0,0.18939425,0.3164438,0.36463296
paraboloid,baseline,8042,0.05,0.78583336,0.4012654,0.22138764
paraboloid,baseline,8042,0.1,0.98910564,0.44347146,0.2229411
paraboloid,baseline,8042,0.15,0.9663817,0.38492098,0.19844949
paraboloid,baseline,8042,0.2,1.65088,0.40860444,0.23967525
paraboloid,baseline,8042,0.25,1.9744941,0.4188613,0.21562782
paraboloid,baseline,8042,0.3,2.6597893,0.4150767,0.22136623
paraboloid,T,8042,0.0,0.059299257,0.018142253,0.010182929
paraboloid,T,8042,0.05,0.41812143,0.08040103,0.02371791
paraboloid,T,8042,0.1,0.57594043,0.10388951,0.02895985
paraboloid,T,8042,0.15,0.7146245,0.08937114,0.027956886
paraboloid,T,8042,0.2,1.1551132,0.15063371,0.037248038
paraboloid,T,8042,0.25,1.4876045,0.16443117,0.04346393
paraboloid,T,8042,0.3,2.1717508,0.1868453,0.049943436
paraboloid,F,8042,0.0,0.25306714,0.60292614,0.7561505
paraboloid,F,8042,0.05,0.8546904,0.6575708,0.19696695
paraboloid,F,8042,0.1,1.0614815,0.68498886,0.18302427
paraboloid,F,8042,0.15,1.1309272,0.70758563,0.1659302
paraboloid,F,8042,0.2,1.5774444,0.681881,0.15181191
paraboloid,F,8042,0.25,1.9929137,0.7439214,0.13963053
paraboloid,F,8042,0.3,2.4023197,0.7376933,0.12820747
paraboloid,K,8042,0.0,0.19607738,0.27363178,0.32072955
paraboloid,K,8042,0.05,0.82257193,0.34893546,0.20234008
paraboloid,K,8042,0.1,1.031075,0.38531733,0.2031611
paraboloid,K,8042,0.15,1.0004808,0.34742373,0.18107465
paraboloid,K,8042,0.2,1.6972682,0.35908458,0.22024143
paraboloid,K,8042,0.25,2.0093803,0.36483243,0.1981293
paraboloid,K,8042,0.3,2.686169,0.368515,0.20457023
paraboloid,T+K,8042,0.0,0.057632558,0.0166094,0.009615587
paraboloid,T+K,8042,0.05,0.41408968,0.07572236,0.02289552
paraboloid,T+K,8042,0.1,0.57018334,0.0983165,0.028228642
paraboloid,T+K,8042,0.15,0.69613403,0.084663235,0.027568486
paraboloid,T+K,8042,0.2,1.1392684,0.14529988,0.036732614
paraboloid,T+K,8042,0.25,1.4676256,0.15893546,0.04303878
paraboloid,T+K,8042,0.3,2.14795,0.1822301,0.049507692
paraboloid,T+F,8042,0.0,0.012320124,0.011214245,0.021789102
paraboloid,T+F,8042,0.05,0.15413809,0.032380536,0.018641215
paraboloid,T+F,8042,0.1,0.25214076,0.04080787,0.022712966
paraboloid,T+F,8042,0.15,0.29009375,0.03623936,0.02126288
paraboloid,T+F,8042,0.2,0.7829697,0.06327032,0.048130233
paraboloid,T+F,8042,0.25,0.9711829,0.078338146,0.05093096
paraboloid,T+F,8042,0.3,1.5505489,0.10686887,0.068412974
paraboloid,T+F+K,8042,0.0,0.03579537,0.017961323,0.026895493
paraboloid,T+F+K,8042,0.05,0.17347167,0.0362108,0.018994974
paraboloid,T+F+K,8042,0.1,0.26904032,0.045191813,0.023867495
paraboloid,T+F+K,8042,0.15,0.2880988,0.040796638,0.022350363
paraboloid,T+F+K,8042,0.2,0.78897834,0.06885223,0.05870123
paraboloid,T+F+K,8042,0.25,0.9814916,0.08599152,0.06254741
paraboloid,T+F+K,8042,0.3,1.5249984,0.11675199,0.07969883
paraboloid,baseline,9042,0.0,0.1172789,0.29144108,0.39989194
paraboloid,baseline,9042,0.05,0.5970486,0.38212118,0.28265467
paraboloid,baseline,9042,0.1,0.7462698,0.39054587,0.31486967
paraboloid,baseline,9042,0.15,1.1410824,0.42910832,0.36457506
paraboloid,baseline,9042,0.2,1.3604276,0.43936196,0.23106585
paraboloid,baseline,9042,0.25,1.4999837,0.42655572,0.2308347
paraboloid,baseline,9042,0.3,2.0092757,0.40075228,0.29683545
paraboloid,T,9042,0.0,0.047832288,0.01122464,0.015835745
paraboloid,T,9042,0.05,0.47827455,0.0671299,0.04385058
paraboloid,T,9042,0.1,0.64026093,0.08981501,0.05685752
paraboloid,T,9042,0.15,1.0797765,0.14026807,0.06550694
paraboloid,T,9042,0.2,1.3694007,0.1707,0.05925208
paraboloid,T,9042,0.25,1.597997,0.18909144,0.0641421
paraboloid,T,9042,0.3,2.1721225,0.22296843,0.11491139
paraboloid,F,9042,0.0,0.23494232,0.6669607,0.74668884
paraboloid,F,9042,0.05,0.8718411,0.77072227,0.20968704
paraboloid,F,9042,0.1,1.0697417,0.78157854,0.19178309
paraboloid,F,9042,0.15,1.3436527,0.7384086,0.17134127
paraboloid,F,9042,0.2,1.6514643,0.7576985,0.15262842
paraboloid,F,9042,0.25,1.9231405,0.7947162,0.1447454
paraboloid,F,9042,0.3,2.1419296,0.7464663,0.13105169
paraboloid,K,9042,0.0,0.17357554,0.26774213,0.3074872
paraboloid,K,9042,0.05,0.7837017,0.37795353,0.1766634
paraboloid,K,9042,0.1,0.9623192,0.38304216,0.1587078
paraboloid,K,9042,0.15,1.3405416,0.42489138,0.15619875
paraboloid,K,9042,0.2,1.5724609,0.4321258,0.114217825
paraboloid,K,9042,0.25,1.7742367,0.41030404,0.119363226
paraboloid,K,9042,0.3,2.3361099,0.407246,0.15068056
paraboloid,T+K,9042,0.0,0.045727212,0.009283336,0.012383797
paraboloid,T+K,9042,0.05,0.4630239,0.062378675,0.041701645
paraboloid,T+K,9042,0.1,0.6217312,0.084369816,0.05453577
paraboloid,T+K,9042,0.15,1.0541881,0.13543426,0.06227085
paraboloid,T+K,9042,0.2,1.3405707,0.16570078,0.056224965
paraboloid,T+K,9042,0.25,1.5662158,0.18351915,0.061357286
paraboloid,T+K,9042,0.3,2.1427343,0.21676826,0.10901975
paraboloid,T+F,9042,0.0,0.050499108,0.012090894,0.03475605
paraboloid,T+F,9042,0.05,0.28393143,0.024299476,0.021773372
paraboloid,T+F,9042,0.1,0.36137486,0.02999021,0.023178576
paraboloid,T+F,9042,0.15,0.7092747,0.04878191,0.036609486
paraboloid,T+F,9042,0.2,0.86008495,0.0619167,0.03925416
paraboloid,T+F,9042,0.25,0.9302765,0.06981159,0.03005421
paraboloid,T+F,9042,0.3,1.3617839,0.08954308,0.045501396
paraboloid,T+F+K,9042,0.0,0.018190525,0.006008545,0.010774962
paraboloid,T+F+K,9042,0.05,0.2121002,0.022677079,0.019919476
paraboloid,T+F+K,9042,0.1,0.2792671,0.02904063,0.021004815
paraboloid,T+F+K,9042,0.15,0.6092055,0.050653014,0.033045955
paraboloid,T+F+K,9042,0.2,0.74148315,0.06484649,0.037168644
paraboloid,T+F+K,9042,0.25,0.79098153,0.07379865,0.028883817
paraboloid,T+F+K,9042,0.3,1.1990207,0.09728013,0.038505603
hyperbolic_paraboloid,baseline,42,0.0,0.07922343,0.18577182,0.13369519
hyperbolic_paraboloid,baseline,42,0.05,0.28829768,0.23120545,0.0985433
hyperbolic_paraboloid,baseline,42,0.1,0.37737668,0.2384154,0.07567419
hyperbolic_paraboloid,baseline,42,0.15,0.4225126,0.23563585,0.08740477
hyperbolic_paraboloid,baseline,42,0.2,0.52347994,0.23191795,0.10107371
hyperbolic_paraboloid,baseline,42,0.25,0.6637156,0.23608062,0.10894713
hyperbolic_paraboloid,baseline,42,0.3,0.7875356,0.23012637,0.08605715
hyperbolic_paraboloid,T,42,0.0,0.2317829,0.09529307,6.2547727
hyperbolic_paraboloid,T,42,0.05,0.542677,0.14767188,40.05986
hyperbolic_paraboloid,T,42,0.1,0.6753004,0.1696531,30.778711
hyperbolic_paraboloid,T,42,0.15,0.74323666,0.22865498,34.85337
hyperbolic_paraboloid,T,42,0.2,1.0118513,0.20009305,51.455845
hyperbolic_paraboloid,T,42,0.25,1.2016778,0.24941337,16.716085
hyperbolic_paraboloid,T,42,0.3,1.5788465,0.20950766,11.660796
hyperbolic_paraboloid,F,42,0.0,0.17654642,0.60976523,0.047337603
hyperbolic_paraboloid,F,42,0.05,0.6250227,0.79177976,0.05305287
hyperbolic_paraboloid,F,42,0.1,0.65528286,0.80268055,0.043058135
hyperbolic_paraboloid,F,42,0.15,0.77859765,0.82990676,0.0383156
hyperbolic_paraboloid,F,42,0.2,1.0390283,0.830732,0.04533101
hyperbolic_paraboloid,F,42,0.25,1.201571,0.82303125,0.042932775
hyperbolic_paraboloid,F,42,0.3,1.5397322,0.8508651,0.0429138
hyperbolic_paraboloid,K,42,0.0,0.041152015,0.029743811,0.019061975
hyperbolic_paraboloid,K,42,0.05,0.19875892,0.056046765,0.024719832
hyperbolic_paraboloid,K,42,0.1,0.2714753,0.061337177,0.025704665
hyperbolic_paraboloid,K,42,0.15,0.33092603,0.06539632,0.028867915
hyperbolic_paraboloid,K,42,0.2,0.42876747,0.073458105,0.03217216
hyperbolic_paraboloid,K,42,0.25,0.5663458,0.08085166,0.032879524
hyperbolic_paraboloid,K,42,0.3,0.66037333,0.08380867,0.03227942
hyperbolic_paraboloid,T+K,42,0.0,0.18398978,0.07514327,5.671307
hyperbolic_paraboloid,T+K,42,0.05,0.42390242,0.096896455,35.96019
hyperbolic_paraboloid,T+K,42,0.1,0.52949613,0.121097766,8936.743
hyperbolic_paraboloid,T+K,42,0.15,0.582784,0.15781015,15.125735
hyperbolic_paraboloid,T+K,42,0.2,0.83200204,0.16929427,26363.424
hyperbolic_paraboloid,T+K,42,0.25,1.0310979,0.16346917,4.5506496
hyperbolic_paraboloid,T+K,42,0.3,1.3489811,0.17992459,3.5693154
hyperbolic_paraboloid,T+F,42,0.0,0.3616668,0.35054544,0.5446217
hyperbolic_paraboloid,T+F,42,0.05,0.52948725,0.42034632,0.53257585
hyperbolic_paraboloid,T+F,42,0.1,0.68711627,0.4419839,0.38214874
hyperbolic_paraboloid,T+F,42,0.15,0.65006465,0.45926717,0.37437892
hyperbolic_paraboloid,T+F,42,0.2,0.8407578,0.49408096,0.2857662
hyperbolic_paraboloid,T+F,42,0.25,0.99716043,0.48622465,0.36081895
hyperbolic_paraboloid,T+F,42,0.3,1.2441918,0.49114743,0.2791529
hyperbolic_paraboloid,T+F+K,42,0.0,0.36680323,0.34742925,0.32944024
hyperbolic_paraboloid,T+F+K,42,0.05,0.5532189,0.38834563,0.3108992
hyperbolic_paraboloid,T+F+K,42,0.1,0.69175416,0.41307107,0.27433434
hyperbolic_paraboloid,T+F+K,42,0.15,0.67032516,0.43693015,0.2403033
hyperbolic_paraboloid,T+F+K,42,0.2,0.8224467,0.4767061,0.2097211
hyperbolic_paraboloid,T+F+K,42,0.25,0.9436153,0.46035844,0.25616068
hyperbolic_paraboloid,T+F+K,42,0.3,1.1739076,0.48555568,0.1962406
hyperbolic_paraboloid,baseline,1042,0.0,0.037662253,0.06358294,0.08235064
hyperbolic_paraboloid,baseline,1042,0.05,0.14295034,0.09168351,0.07721467
hyperbolic_paraboloid,baseline,1042,0.1,0.17141496,0.105626784,0.092761785
hyperbolic_paraboloid,baseline,1042,0.15,0.2423882,0.10442843,0.07811727
hyperbolic_paraboloid,baseline,1042,0.2,0.34565362,0.10166661,0.084933475
hyperbolic_paraboloid,baseline,1042,0.25,0.4365091,0.11960133,0.08986641
hyperbolic_paraboloid,baseline,1042,0.3,0.63375324,0.11695088,0.08446132
hyperbolic_paraboloid,T,1042,0.0,0.037668824,0.0080822585,0.0017063868
hyperbolic_paraboloid,T,1042,0.05,0.13762385,0.017109402,0.0032698407
hyperbolic_paraboloid,T,1042,0.1,0.21743073,0.026341036,0.0043491814
hyperbolic_paraboloid,T,1042,0.15,0.26595744,0.03157496,0.0053302045
hyperbolic_paraboloid,T,1042,0.2,0.40642363,0.0443883,0.00655461
hyperbolic_paraboloid,T,1042,0.25,0.4849424,0.0446284,0.0064028725
hyperbolic_paraboloid,T,1042,0.3,0.70807916,0.04554405,0.0064375773
hyperbolic_paraboloid,F,1042,0.0,0.1953592,0.6198828,0.047902394
hyperbolic_paraboloid,F,1042,0.05,0.5464228,0.76117593,0.045350626
hyperbolic_paraboloid,F,1042,0.1,0.70368564,0.7892475,0.047225572
hyperbolic_paraboloid,F,1042,0.15,0.7650171,0.77911764,0.04053759
hyperbolic_paraboloid,F,1042,0.2,0.9743244,0.7897024,0.041353162
hyperbolic_paraboloid,F,1042,0.25,1.0429952,0.8058017,0.038721066
hyperbolic_paraboloid,F,1042,0.3,1.254021,0.82600856,0.033580944
hyperbolic_paraboloid,K,1042,0.0,0.030161766,0.019371536,0.0132959215
hyperbolic_paraboloid,K,1042,0.05,0.12406556,0.03631505,0.020172305
hyperbolic_paraboloid,K,1042,0.1,0.15294687,0.042166535,0.022053227
hyperbolic_paraboloid,K,1042,0.15,0.22568418,0.04683138,0.021182735
hyperbolic_paraboloid,K,1042,0.2,0.33239865,0.050502174,0.023459641
hyperbolic_paraboloid,K,1042,0.25,0.43164474,0.058850124,0.022854617
hyperbolic_paraboloid,K,1042,0.3,0.6161943,0.061847586,0.02214959
hyperbolic_paraboloid,T+K,1042,0.0,0.03245947,0.007756448,0.001645519
hyperbolic_paraboloid,T+K,1042,0.05,0.1360602,0.017489217,0.003270168
hyperbolic_paraboloid,T+K,1042,0.1,0.20689295,0.026202125,0.0043329457
hyperbolic_paraboloid,T+K,1042,0.15,0.26286617,0.031695247,0.0053391363
hyperbolic_paraboloid,T+K,1042,0.2,0.40098685,0.044376176,0.0065493872
hyperbolic_paraboloid,T+K,1042,0.25,0.48328733,0.044641573,0.0064182496
hyperbolic_paraboloid,T+K,1042,0.3,0.7016787,0.04573113,0.006424311
hyperbolic_paraboloid,T+F,1042,0.0,0.0046430645,0.0028441618,0.0047009015
hyperbolic_paraboloid,T+F,1042,0.05,0.02635848,0.010854044,0.008313129
hyperbolic_paraboloid,T+F,1042,0.1,0.043543763,0.013110789,0.00838911
hyperbolic_paraboloid,T+F,1042,0.15,0.060333177,0.015994292,0.008722499
hyperbolic_paraboloid,T+F,1042,0.2,0.102982566,0.019537361,0.010914228
hyperbolic_paraboloid,T+F,1042,0.25,0.13791843,0.021974746,0.012253478
hyperbolic_paraboloid,T+F,1042,0.3,0.23651479,0.026826303,0.011313655
hyperbolic_paraboloid,T+F+K,1042,0.0,0.00426787,0.0025437865,0.0037192074
hyperbolic_paraboloid,T+F+K,1042,0.05,0.023603687,0.009632083,0.0072640553
hyperbolic_paraboloid,T+F+K,1042,0.1,0.039761152,0.0122785345,0.0073227454
hyperbolic_paraboloid,T+F+K,1042,0.15,0.05778759,0.014876625,0.0076913363
hyperbolic_paraboloid,T+F+K,1042,0.2,0.10230235,0.018751662,0.009501162
hyperbolic_paraboloid,T+F+K,1042,0.25,0.13743305,0.021010133,0.010995443
hyperbolic_paraboloid,T+F+K,1042,0.3,0.23775145,0.0259462,0.01007962
hyperbolic_paraboloid,baseline,2042,0.0,0.048050854,0.0472605,0.058836605
hyperbolic_paraboloid,baseline,2042,0.05,0.14572102,0.06143476,0.040126752
hyperbolic_paraboloid,baseline,2042,0.1,0.22213233,0.07579445,0.05370457
hyperbolic_paraboloid,baseline,2042,0.15,0.31896085,0.091158286,0.051461343
hyperbolic_paraboloid,baseline,2042,0.2,0.3675369,0.082370885,0.046641164
hyperbolic_paraboloid,baseline,2042,0.25,0.4870769,0.08856599,0.061322458
hyperbolic_paraboloid,baseline,2042,0.3,0.65997475,0.1073062,0.05381887
hyperbolic_paraboloid,T,2042,0.0,0.02064291,0.004558917,0.0019656927
hyperbolic_paraboloid,T,2042,0.05,0.09307753,0.006066323,0.0030770754
hyperbolic_paraboloid,T,2042,0.1,0.15909521,0.008814471,0.003684158
hyperbolic_paraboloid,T,2042,0.15,0.2505241,0.012750794,0.003571994
hyperbolic_paraboloid,T,2042,0.2,0.32324082,0.014227703,0.0040143626
hyperbolic_paraboloid,T,2042,0.25,0.44531375,0.017966341,0.0045728087
hyperbolic_paraboloid,T,2042,0.3,0.6041077,0.022396328,0.0052100364
hyperbolic_paraboloid,F,2042,0.0,0.23849179,0.6430545,0.053222995
hyperbolic_paraboloid,F,2042,0.05,0.58920676,0.74143875,0.050856885
hyperbolic_paraboloid,F,2042,0.1,0.7055869,0.77789426,0.045199983
hyperbolic_paraboloid,F,2042,0.15,0.85903937,0.7723455,0.046279233
hyperbolic_paraboloid,F,2042,0.2,0.90805596,0.76568395,0.04343878
hyperbolic_paraboloid,F,2042,0.25,1.0929006,0.78762686,0.042849407
hyperbolic_paraboloid,F,2042,0.3,1.2767082,0.7891511,0.03863804
hyperbolic_paraboloid,K,2042,0.0,0.028794572,0.014877184,0.00793413
hyperbolic_paraboloid,K,2042,0.05,0.11594564,0.033762895,0.011578559
hyperbolic_paraboloid,K,2042,0.1,0.19641654,0.043404583,0.013069583
hyperbolic_paraboloid,K,2042,0.15,0.28797895,0.053083804,0.014028344
hyperbolic_paraboloid,K,2042,0.2,0.34606716,0.055274222,0.014034897
hyperbolic_paraboloid,K,2042,0.25,0.48063788,0.06405705,0.016952392
hyperbolic_paraboloid,K,2042,0.3,0.64592654,0.074738145,0.014475841
hyperbolic_paraboloid,T+K,2042,0.0,0.016061792,0.0023037728,0.0013035068
hyperbolic_paraboloid,T+K,2042,0.05,0.087149054,0.005827912,0.002154449
hyperbolic_paraboloid,T+K,2042,0.1,0.15143046,0.009284368,0.002742858
hyperbolic_paraboloid,T+K,2042,0.15,0.24184933,0.0132170245,0.0027776062
hyperbolic_paraboloid,T+K,2042,0.2,0.31044218,0.014400721,0.0030846547
hyperbolic_paraboloid,T+K,2042,0.25,0.43644544,0.018195817,0.0036123488
hyperbolic_paraboloid,T+K,2042,0.3,0.5956425,0.02323542,0.0044141454
hyperbolic_paraboloid,T+F,2042,0.0,0.015797494,0.0060740034,0.007907546
hyperbolic_paraboloid,T+F,2042,0.05,0.032128487,0.011147032,0.0091795195
hyperbolic_paraboloid,T+F,2042,0.1,0.04877267,0.013835542,0.011593726
hyperbolic_paraboloid,T+F,2042,0.15,0.081280835,0.018555095,0.011389932
hyperbolic_paraboloid,T+F,2042,0.2,0.10958189,0.019689493,0.012772182
hyperbolic_paraboloid,T+F,2042,0.25,0.1603537,0.02303141,0.014303359
hyperbolic_paraboloid,T+F,2042,0.3,0.23394084,0.026311845,0.014734837
hyperbolic_paraboloid,T+F+K,2042,0.0,0.005318408,0.0040791924,0.006754858
hyperbolic_paraboloid,T+F+K,2042,0.05,0.022007568,0.011742326,0.009198782
hyperbolic_paraboloid,T+F+K,2042,0.1,0.03539844,0.015113637,0.01256737
hyperbolic_paraboloid,T+F+K,2042,0.15,0.06676338,0.020135196,0.012532989
hyperbolic_paraboloid,T+F+K,2042,0.2,0.09041092,0.02118068,0.014118573
hyperbolic_paraboloid,T+F+K,2042,0.25,0.14376102,0.0242345,0.015368234
hyperbolic_paraboloid,T+F+K,2042,0.3,0.21820948,0.028644413,0.016054802
hyperbolic_paraboloid,baseline,3042,0.0,0.01774827,0.024513423,0.04964272
hyperbolic_paraboloid,baseline,3042,0.05,0.0763372,0.046125792,0.041157708
hyperbolic_paraboloid,baseline,3042,0.1,0.10444593,0.046200536,0.035185438
hyperbolic_paraboloid,baseline,3042,0.15,0.17008598,0.05452972,0.03328035
hyperbolic_paraboloid,baseline,3042,0.2,0.24220431,0.06013825,0.031807657
hyperbolic_paraboloid,baseline,3042,0.25,0.32609847,0.06636118,0.041082
hyperbolic_paraboloid,baseline,3042,0.3,0.5033266,0.086575165,0.039316427
hyperbolic_paraboloid,T,3042,0.0,0.022441104,0.0045831157,0.0022639374
hyperbolic_paraboloid,T,3042,0.05,0.08593349,0.011919219,0.004514487
hyperbolic_paraboloid,T,3042,0.1,0.108867325,0.013432418,0.004189235
hyperbolic_paraboloid,T,3042,0.15,0.16049014,0.016599646,0.005457269
hyperbolic_paraboloid,T,3042,0.2,0.22854488,0.020865759,0.005554487
hyperbolic_paraboloid,T,3042,0.25,0.28338954,0.024944859,0.0064932653
hyperbolic_paraboloid,T,3042,0.3,0.48270872,0.038191766,0.008691838
hyperbolic_paraboloid,F,3042,0.0,0.20344031,0.6021763,0.051467795
hyperbolic_paraboloid,F,3042,0.05,0.6310284,0.7523369,0.049698643
hyperbolic_paraboloid,F,3042,0.1,0.6715529,0.73141676,0.051580034
hyperbolic_paraboloid,F,3042,0.15,0.8098639,0.76077914,0.049459524
hyperbolic_paraboloid,F,3042,0.2,0.9533988,0.7468407,0.04452043
hyperbolic_paraboloid,F,3042,0.25,1.0829071,0.7369042,0.039725494
hyperbolic_paraboloid,F,3042,0.3,1.3166469,0.7652106,0.03692539
hyperbolic_paraboloid,K,3042,0.0,0.017677847,0.01663897,0.030581322
hyperbolic_paraboloid,K,3042,0.05,0.080522195,0.03415554,0.025622467
hyperbolic_paraboloid,K,3042,0.1,0.107960664,0.036518183,0.023016954
hyperbolic_paraboloid,K,3042,0.15,0.17822851,0.04474296,0.021967184
hyperbolic_paraboloid,K,3042,0.2,0.25036883,0.049970325,0.021709355
hyperbolic_paraboloid,K,3042,0.25,0.33514595,0.05414559,0.02725819
hyperbolic_paraboloid,K,3042,0.3,0.51724255,0.074011296,0.028811011
hyperbolic_paraboloid,T+K,3042,0.0,0.018062664,0.005122696,0.0020066795
hyperbolic_paraboloid,T+K,3042,0.05,0.089440584,0.011274309,0.0034023006
hyperbolic_paraboloid,T+K,3042,0.1,0.1156386,0.01355833,0.0033027832
hyperbolic_paraboloid,T+K,3042,0.15,0.1758597,0.01702753,0.0046035624
hyperbolic_paraboloid,T+K,3042,0.2,0.25145334,0.022830509,0.0051240707
hyperbolic_paraboloid,T+K,3042,0.25,0.31532863,0.027419237,0.0060737003
hyperbolic_paraboloid,T+K,3042,0.3,0.5377428,0.042855542,0.00878527
hyperbolic_paraboloid,T+F,3042,0.0,0.0011675713,0.0008191383,0.001903008
hyperbolic_paraboloid,T+F,3042,0.05,0.0051351218,0.0047808005,0.005192597
hyperbolic_paraboloid,T+F,3042,0.1,0.0083303405,0.006236324,0.0068975333
hyperbolic_paraboloid,T+F,3042,0.15,0.015630562,0.0089472765,0.00872691
hyperbolic_paraboloid,T+F,3042,0.2,0.023634233,0.010249915,0.009561347
hyperbolic_paraboloid,T+F,3042,0.25,0.040100988,0.01112597,0.009128062
hyperbolic_paraboloid,T+F,3042,0.3,0.07843654,0.015579029,0.010255732
hyperbolic_paraboloid,T+F+K,3042,0.0,0.00065506314,0.0008146293,0.0021644712
hyperbolic_paraboloid,T+F+K,3042,0.05,0.0056631444,0.005554348,0.0056653833
hyperbolic_paraboloid,T+F+K,3042,0.1,0.008738438,0.0068367603,0.0075647864
hyperbolic_paraboloid,T+F+K,3042,0.15,0.016721886,0.009644462,0.00938222
hyperbolic_paraboloid,T+F+K,3042,0.2,0.025228722,0.01086053,0.010050344
hyperbolic_paraboloid,T+F+K,3042,0.25,0.042805005,0.011796068,0.009491271
hyperbolic_paraboloid,T+F+K,3042,0.3,0.08278396,0.016145851,0.010807989
hyperbolic_paraboloid,baseline,4042,0.0,0.06637523,0.100948066,0.060110018
hyperbolic_paraboloid,baseline,4042,0.05,0.28382042,0.14101745,0.039697185
hyperbolic_paraboloid,baseline,4042,0.1,0.47650835,0.2068527,0.04300561
hyperbolic_paraboloid,baseline,4042,0.15,0.6154838,0.21026474,0.037802394
hyperbolic_paraboloid,baseline,4042,0.2,0.60726553,0.17015032,0.037133016
hyperbolic_paraboloid,baseline,4042,0.25,0.8067966,0.19652116,0.042934198
hyperbolic_paraboloid,baseline,4042,0.3,1.012991,0.20520297,0.03958105
hyperbolic_paraboloid,T,4042,0.0,0.08490474,0.024133386,0.008467153
hyperbolic_paraboloid,T,4042,0.05,0.4035041,0.088358775,0.019970749
hyperbolic_paraboloid,T,4042,0.1,0.6759459,0.14961009,0.027512157
hyperbolic_paraboloid,T,4042,0.15,0.8920778,0.18145606,0.03860285
hyperbolic_paraboloid,T,4042,0.2,0.8602018,0.15558615,0.040028177
hyperbolic_paraboloid,T,4042,0.25,1.140107,0.17780209,0.029622542
hyperbolic_paraboloid,T,4042,0.3,1.4280115,0.20497732,0.04829232
hyperbolic_paraboloid,F,4042,0.0,0.23315312,0.6422305,0.051699284
hyperbolic_paraboloid,F,4042,0.05,0.5978542,0.74688286,0.051710688
hyperbolic_paraboloid,F,4042,0.1,0.8391391,0.7857465,0.04985155
hyperbolic_paraboloid,F,4042,0.15,1.0026362,0.7950605,0.049218036
hyperbolic_paraboloid,F,4042,0.2,0.95879483,0.73182774,0.044808645
hyperbolic_paraboloid,F,4042,0.25,1.1828998,0.7833178,0.03776863
hyperbolic_paraboloid,F,4042,0.3,1.3770125,0.7943679,0.036355168
hyperbolic_paraboloid,K,4042,0.0,0.059457578,0.051211677,0.018099152
hyperbolic_paraboloid,K,4042,0.05,0.2743958,0.10094053,0.02035029
hyperbolic_paraboloid,K,4042,0.1,0.47989357,0.15482743,0.025740722
hyperbolic_paraboloid,K,4042,0.15,0.63167477,0.16689,0.024432663
hyperbolic_paraboloid,K,4042,0.2,0.62017816,0.14364971,0.024066066
hyperbolic_paraboloid,K,4042,0.25,0.8201137,0.1582721,0.02717126
hyperbolic_paraboloid,K,4042,0.3,1.0427052,0.17436413,0.0251752
hyperbolic_paraboloid,T+K,4042,0.0,0.08641234,0.024407186,0.0060343877
hyperbolic_paraboloid,T+K,4042,0.05,0.4075922,0.091416895,0.016521502
hyperbolic_paraboloid,T+K,4042,0.1,0.6822307,0.15396364,0.02504431
hyperbolic_paraboloid,T+K,4042,0.15,0.8988782,0.18639538,0.03689799
hyperbolic_paraboloid,T+K,4042,0.2,0.8631344,0.1581948,0.034983095
hyperbolic_paraboloid,T+K,4042,0.25,1.148426,0.18075979,0.026147058
hyperbolic_paraboloid,T+K,4042,0.3,1.435692,0.20813501,0.044117853
hyperbolic_paraboloid,T+F,4042,0.0,0.008386215,0.008680593,0.015680378
hyperbolic_paraboloid,T+F,4042,0.05,0.05184593,0.022376014,0.013657509
hyperbolic_paraboloid,T+F,4042,0.1,0.09602444,0.029074552,0.01948128
hyperbolic_paraboloid,T+F,4042,0.15,0.14326853,0.033260513,0.019022394
hyperbolic_paraboloid,T+F,4042,0.2,0.15669955,0.029782161,0.017820496
hyperbolic_paraboloid,T+F,4042,0.25,0.263556,0.040156353,0.01603926
hyperbolic_paraboloid,T+F,4042,0.3,0.3625428,0.042469487,0.018062793
hyperbolic_paraboloid,T+F+K,4042,0.0,0.007978538,0.0072982106,0.011611834
hyperbolic_paraboloid,T+F+K,4042,0.05,0.049426384,0.01938699,0.011279769
hyperbolic_paraboloid,T+F+K,4042,0.1,0.09308622,0.025376571,0.016197588
hyperbolic_paraboloid,T+F+K,4042,0.15,0.14100869,0.02928287,0.015798349
hyperbolic_paraboloid,T+F+K,4042,0.2,0.15606213,0.026578337,0.01494459
hyperbolic_paraboloid,T+F+K,4042,0.25,0.2601898,0.03571981,0.014332854
hyperbolic_paraboloid,T+F+K,4042,0.3,0.3654235,0.038512193,0.015632642
hyperbolic_paraboloid,baseline,5042,0.0,0.32362244,0.45408916,0.23598953
hyperbolic_paraboloid,baseline,5042,0.05,0.6782469,0.44970438,0.18039484
hyperbolic_paraboloid,baseline,5042,0.1,0.7937281,0.44399697,0.1814254
hyperbolic_paraboloid,baseline,5042,0.15,0.83639103,0.4511453,0.18153502
hyperbolic_paraboloid,baseline,5042,0.2,1.1495676,0.49666077,0.22845569
hyperbolic_paraboloid,baseline,5042,0.25,1.3148144,0.47793677,0.22362301
hyperbolic_paraboloid,baseline,5042,0.3,1.4512644,0.47735205,0.23147179
hyperbolic_paraboloid,T,5042,0.0,0.27519366,0.12462845,0.018605046
hyperbolic_paraboloid,T,5042,0.05,0.7418899,0.21932511,0.030571066
hyperbolic_paraboloid,T,5042,0.1,0.91621625,0.23598017,0.028004562
hyperbolic_paraboloid,T,5042,0.15,0.96807575,0.2234997,0.030940287
hyperbolic_paraboloid,T,5042,0.2,1.4669434,0.2961488,0.03974795
hyperbolic_paraboloid,T,5042,0.25,1.6149514,0.29065323,0.03558793
hyperbolic_paraboloid,T,5042,0.3,1.8229971,0.27951187,0.038503
hyperbolic_paraboloid,F,5042,0.0,0.44791627,0.68018275,0.053615868
hyperbolic_paraboloid,F,5042,0.05,0.76223856,0.6688925,0.054627806
hyperbolic_paraboloid,F,5042,0.1,0.89233714,0.68447894,0.049337383
hyperbolic_paraboloid,F,5042,0.15,0.91347516,0.6541962,0.042045858
hyperbolic_paraboloid,F,5042,0.2,1.217674,0.6574904,0.045085303
hyperbolic_paraboloid,F,5042,0.25,1.3555741,0.6645613,0.04441437
hyperbolic_paraboloid,F,5042,0.3,1.4422885,0.70399857,0.0443036
hyperbolic_paraboloid,K,5042,0.0,0.2800253,0.3513311,0.08416662
hyperbolic_paraboloid,K,5042,0.05,0.6448022,0.40474367,0.09126532
hyperbolic_paraboloid,K,5042,0.1,0.75568485,0.40014213,0.086542614
hyperbolic_paraboloid,K,5042,0.15,0.7970696,0.40016997,0.082274064
hyperbolic_paraboloid,K,5042,0.2,1.1160092,0.45910493,0.11110287
hyperbolic_paraboloid,K,5042,0.25,1.2804003,0.45345306,0.110431574
hyperbolic_paraboloid,K,5042,0.3,1.4635509,0.453659,0.11129701
hyperbolic_paraboloid,T+K,5042,0.0,0.2769832,0.13625087,0.017981783
hyperbolic_paraboloid,T+K,5042,0.05,0.7550778,0.23004052,0.02797284
hyperbolic_paraboloid,T+K,5042,0.1,0.9272789,0.24306823,0.02542017
hyperbolic_paraboloid,T+K,5042,0.15,0.9797373,0.22940572,0.027560953
hyperbolic_paraboloid,T+K,5042,0.2,1.4703213,0.3027492,0.03646403
hyperbolic_paraboloid,T+K,5042,0.25,1.6236994,0.29477558,0.032427926
hyperbolic_paraboloid,T+K,5042,0.3,1.8532145,0.28085846,0.03437084
hyperbolic_paraboloid,T+F,5042,0.0,0.06925893,0.052293718,0.019725038
hyperbolic_paraboloid,T+F,5042,0.05,0.23169272,0.09046332,0.024340708
hyperbolic_paraboloid,T+F,5042,0.1,0.30139938,0.1007602,0.026727004
hyperbolic_paraboloid,T+F,5042,0.15,0.3368756,0.10029031,0.027232097
hyperbolic_paraboloid,T+F,5042,0.2,0.5203288,0.13537724,0.029926535
hyperbolic_paraboloid,T+F,5042,0.25,0.6248791,0.1416412,0.036651947
hyperbolic_paraboloid,T+F,5042,0.3,0.7947186,0.14854825,0.03436463
hyperbolic_paraboloid,T+F+K,5042,0.0,0.06914925,0.048897624,0.016362164
hyperbolic_paraboloid,T+F+K,5042,0.05,0.2341862,0.08737636,0.024208464
hyperbolic_paraboloid,T+F+K,5042,0.1,0.30380648,0.09764978,0.027230786
hyperbolic_paraboloid,T+F+K,5042,0.15,0.340089,0.09710381,0.028140476
hyperbolic_paraboloid,T+F+K,5042,0.2,0.530944,0.13182373,0.03034445
hyperbolic_paraboloid,T+F+K,5042,0.25,0.6362386,0.13802359,0.038283598
hyperbolic_paraboloid,T+F+K,5042,0.3,0.81218046,0.14599346,0.037417214
hyperbolic_paraboloid,baseline,6042,0.0,0.20763575,0.20776984,0.07165348
hyperbolic_paraboloid,baseline,6042,0.05,0.65787446,0.3081657,0.05442877
hyperbolic_paraboloid,baseline,6042,0.1,0.6996188,0.27463233,0.052351054
hyperbolic_paraboloid,baseline,6042,0.15,0.80403626,0.2830144,0.04652573
hyperbolic_paraboloid,baseline,6042,0.2,0.99065566,0.33178407,0.03847301
hyperbolic_paraboloid,baseline,6042,0.25,1.3491498,0.354795,0.035912722
hyperbolic_paraboloid,baseline,6042,0.3,1.3796022,0.32544267,0.04573484
hyperbolic_paraboloid,T,6042,0.0,0.08520991,0.024468647,0.008427934
hyperbolic_paraboloid,T,6042,0.05,0.24611716,0.048954964,0.0108045135
hyperbolic_paraboloid,T,6042,0.1,0.3624938,0.06555731,0.0106209805
hyperbolic_paraboloid,T,6042,0.15,0.5133349,0.0822301,0.013204907
hyperbolic_paraboloid,T,6042,0.2,0.62169343,0.097083114,0.01318318
hyperbolic_paraboloid,T,6042,0.25,0.68884367,0.09487447,0.012533328
hyperbolic_paraboloid,T,6042,0.3,0.8171054,0.09465594,0.013515343
hyperbolic_paraboloid,F,6042,0.0,0.2350499,0.6587372,0.049931012
hyperbolic_paraboloid,F,6042,0.05,0.6595658,0.77294284,0.053626955
hyperbolic_paraboloid,F,6042,0.1,0.7029425,0.764824,0.051823616
hyperbolic_paraboloid,F,6042,0.15,0.81526816,0.78334063,0.04598319
hyperbolic_paraboloid,F,6042,0.2,0.9546215,0.8130823,0.039917134
hyperbolic_paraboloid,F,6042,0.25,1.1170901,0.8086876,0.04197883
hyperbolic_paraboloid,F,6042,0.3,1.2568377,0.78353393,0.037392907
hyperbolic_paraboloid,K,6042,0.0,0.15200634,0.15069845,0.018230049
hyperbolic_paraboloid,K,6042,0.05,0.51573277,0.25012368,0.029381258
hyperbolic_paraboloid,K,6042,0.1,0.57930434,0.22992171,0.027349304
hyperbolic_paraboloid,K,6042,0.15,0.6749413,0.23657578,0.025751535
hyperbolic_paraboloid,K,6042,0.2,0.838413,0.27574444,0.025897015
hyperbolic_paraboloid,K,6042,0.25,1.1464041,0.31097057,0.02850131
hyperbolic_paraboloid,K,6042,0.3,1.2102214,0.2751421,0.03067135
hyperbolic_paraboloid,T+K,6042,0.0,0.08948254,0.027352711,0.0056622517
hyperbolic_paraboloid,T+K,6042,0.05,0.250092,0.05419153,0.008253638
hyperbolic_paraboloid,T+K,6042,0.1,0.36383882,0.07176209,0.008093545
hyperbolic_paraboloid,T+K,6042,0.15,0.5131656,0.089302935,0.010765126
hyperbolic_paraboloid,T+K,6042,0.2,0.62536865,0.104113735,0.010745896
hyperbolic_paraboloid,T+K,6042,0.25,0.6959136,0.10120089,0.010199001
hyperbolic_paraboloid,T+K,6042,0.3,0.8067097,0.09898316,0.011511511
hyperbolic_paraboloid,T+F,6042,0.0,0.0360267,0.027308457,0.021664433
hyperbolic_paraboloid,T+F,6042,0.05,0.101255365,0.04490515,0.026408259
hyperbolic_paraboloid,T+F,6042,0.1,0.12972958,0.046303608,0.023483306
hyperbolic_paraboloid,T+F,6042,0.15,0.17610201,0.044500187,0.021155355
hyperbolic_paraboloid,T+F,6042,0.2,0.23326501,0.049361892,0.023134435
hyperbolic_paraboloid,T+F,6042,0.25,0.3377728,0.06282551,0.027584959
hyperbolic_paraboloid,T+F,6042,0.3,0.40520328,0.061753698,0.024238689
hyperbolic_paraboloid,T+F+K,6042,0.0,0.031914562,0.024958389,0.019212244
hyperbolic_paraboloid,T+F+K,6042,0.05,0.09024685,0.042561617,0.024793824
hyperbolic_paraboloid,T+F+K,6042,0.1,0.117984965,0.04443423,0.022454664
hyperbolic_paraboloid,T+F+K,6042,0.15,0.16326655,0.04330562,0.020111905
hyperbolic_paraboloid,T+F+K,6042,0.2,0.21740592,0.04826082,0.021688314
hyperbolic_paraboloid,T+F+K,6042,0.25,0.31389052,0.060554925,0.026676541
hyperbolic_paraboloid,T+F+K,6042,0.3,0.38269752,0.060284548,0.023408964
hyperbolic_paraboloid,baseline,7042,0.0,0.021214234,0.01426496,0.03933004
hyperbolic_paraboloid,baseline,7042,0.05,0.106848456,0.03875661,0.044646695
hyperbolic_paraboloid,baseline,7042,0.1,0.16306949,0.047159873,0.051522553
hyperbolic_paraboloid,baseline,7042,0.15,0.24110976,0.05597432,0.048843868
hyperbolic_paraboloid,baseline,7042,0.2,0.29466373,0.05757886,0.049351975
hyperbolic_paraboloid,baseline,7042,0.25,0.42517853,0.06998963,0.04683801
hyperbolic_paraboloid,baseline,7042,0.3,0.60444254,0.081300005,0.05951289
hyperbolic_paraboloid,T,7042,0.0,0.055232834,0.011996872,0.009154897
hyperbolic_paraboloid,T,7042,0.05,0.17289574,0.027178058,0.016060958
hyperbolic_paraboloid,T,7042,0.1,0.21566877,0.03315968,0.019663403
hyperbolic_paraboloid,T,7042,0.15,0.32125247,0.039100554,0.019236127
hyperbolic_paraboloid,T,7042,0.2,0.34906423,0.04026295,0.018935412
hyperbolic_paraboloid,T,7042,0.25,0.5396329,0.052760817,0.02026246
hyperbolic_paraboloid,T,7042,0.3,0.6729871,0.06873659,0.025682714
hyperbolic_paraboloid,F,7042,0.0,0.20734903,0.62615305,0.048972517
hyperbolic_paraboloid,F,7042,0.05,0.5338921,0.71619886,0.053590793
hyperbolic_paraboloid,F,7042,0.1,0.7541895,0.7500647,0.048101123
hyperbolic_paraboloid,F,7042,0.15,0.8193001,0.76157403,0.047412068
hyperbolic_paraboloid,F,7042,0.2,0.8917495,0.7429386,0.040848557
hyperbolic_paraboloid,F,7042,0.25,1.0736054,0.7793279,0.03656142
hyperbolic_paraboloid,F,7042,0.3,1.4507494,0.8102253,0.037954036
hyperbolic_paraboloid,K,7042,0.0,0.021246709,0.016350517,0.017719483
hyperbolic_paraboloid,K,7042,0.05,0.104987584,0.03621774,0.02042913
hyperbolic_paraboloid,K,7042,0.1,0.15751177,0.04297703,0.027972564
hyperbolic_paraboloid,K,7042,0.15,0.23587713,0.047731053,0.021952624
hyperbolic_paraboloid,K,7042,0.2,0.28929296,0.050562244,0.0259268
hyperbolic_paraboloid,K,7042,0.25,0.41799596,0.059045706,0.025696428
hyperbolic_paraboloid,K,7042,0.3,0.5889363,0.069306545,0.035222832
hyperbolic_paraboloid,T+K,7042,0.0,0.05260168,0.012203882,0.0051399423
hyperbolic_paraboloid,T+K,7042,0.05,0.1676102,0.028828287,0.009455039
hyperbolic_paraboloid,T+K,7042,0.1,0.21352576,0.03538329,0.012152516
hyperbolic_paraboloid,T+K,7042,0.15,0.31818554,0.04145646,0.012695804
hyperbolic_paraboloid,T+K,7042,0.2,0.3473534,0.042825963,0.012726113
hyperbolic_paraboloid,T+K,7042,0.25,0.538482,0.055934682,0.013804632
hyperbolic_paraboloid,T+K,7042,0.3,0.6816481,0.07273743,0.017533058
hyperbolic_paraboloid,T+F,7042,0.0,0.0016589641,0.002352786,0.0038909316
hyperbolic_paraboloid,T+F,7042,0.05,0.01251496,0.009196459,0.0075785206
hyperbolic_paraboloid,T+F,7042,0.1,0.023726976,0.012090333,0.008814206
hyperbolic_paraboloid,T+F,7042,0.15,0.04358167,0.014350043,0.010536323
hyperbolic_paraboloid,T+F,7042,0.2,0.060672935,0.014832784,0.009842168
hyperbolic_paraboloid,T+F,7042,0.25,0.108767234,0.02009735,0.009139481
hyperbolic_paraboloid,T+F,7042,0.3,0.17261837,0.0251901,0.012521577
hyperbolic_paraboloid,T+F+K,7042,0.0,0.0016092809,0.0021503759,0.0033630286
hyperbolic_paraboloid,T+F+K,7042,0.05,0.012192173,0.008555182,0.00686374
hyperbolic_paraboloid,T+F+K,7042,0.1,0.023208061,0.011238284,0.0081011
hyperbolic_paraboloid,T+F+K,7042,0.15,0.042764936,0.013427484,0.009570226
hyperbolic_paraboloid,T+F+K,7042,0.2,0.05991576,0.013939359,0.009088918
hyperbolic_paraboloid,T+F+K,7042,0.25,0.10717162,0.018959558,0.008460574
hyperbolic_paraboloid,T+F+K,7042,0.3,0.17074107,0.023811113,0.011705746
hyperbolic_paraboloid,baseline,8042,0.0,0.1837366,0.4028474,0.27959648
hyperbolic_paraboloid,baseline,8042,0.05,0.5785317,0.50803035,0.16951646
hyperbolic_paraboloid,baseline,8042,0.1,0.7463974,0.5444986,0.13068868
hyperbolic_paraboloid,baseline,8042,0.15,0.6243691,0.49988887,0.14697994
hyperbolic_paraboloid,baseline,8042,0.2,1.0227686,0.53410363,0.1608269
hyperbolic_paraboloid,baseline,8042,0.25,1.3957514,0.60629034,0.13812608
hyperbolic_paraboloid,baseline,8042,0.3,1.6167884,0.58945936,0.17430067
hyperbolic_paraboloid,T,8042,0.0,0.06818747,0.018595774,0.004953314
hyperbolic_paraboloid,T,8042,0.05,0.33075598,0.06445788,0.012850341
hyperbolic_paraboloid,T,8042,0.1,0.4959981,0.091854244,0.015798824
hyperbolic_paraboloid,T,8042,0.15,0.39295653,0.05957661,0.009041874
hyperbolic_paraboloid,T,8042,0.2,0.75903296,0.11814267,0.015063635
hyperbolic_paraboloid,T,8042,0.25,1.1521008,0.16500637,0.017957019
hyperbolic_paraboloid,T,8042,0.3,1.4004767,0.17808191,0.018691335
hyperbolic_paraboloid,F,8042,0.0,0.29418445,0.6891038,0.055571366
hyperbolic_paraboloid,F,8042,0.05,0.71706223,0.7282627,0.049129985
hyperbolic_paraboloid,F,8042,0.1,0.833165,0.75146765,0.05108958
hyperbolic_paraboloid,F,8042,0.15,0.658027,0.6806887,0.04798345
hyperbolic_paraboloid,F,8042,0.2,1.0554075,0.6976827,0.048074745
hyperbolic_paraboloid,F,8042,0.25,1.3642199,0.75057364,0.042261116
hyperbolic_paraboloid,F,8042,0.3,1.551465,0.7320728,0.041530672
hyperbolic_paraboloid,K,8042,0.0,0.2122135,0.47860858,0.11964862
hyperbolic_paraboloid,K,8042,0.05,0.6079234,0.58773005,0.07723873
hyperbolic_paraboloid,K,8042,0.1,0.75680226,0.62462807,0.07826241
hyperbolic_paraboloid,K,8042,0.15,0.6375087,0.5818831,0.06888834
hyperbolic_paraboloid,K,8042,0.2,1.0203776,0.6050663,0.0843535
hyperbolic_paraboloid,K,8042,0.25,1.374836,0.6844502,0.08532464
hyperbolic_paraboloid,K,8042,0.3,1.5856327,0.66377515,0.0902675
hyperbolic_paraboloid,T+K,8042,0.0,0.06469913,0.018428868,0.004522364
hyperbolic_paraboloid,T+K,8042,0.05,0.31793696,0.064988285,0.012288527
hyperbolic_paraboloid,T+K,8042,0.1,0.48075786,0.09268664,0.015245347
hyperbolic_paraboloid,T+K,8042,0.15,0.3876099,0.060202148,0.008777587
hyperbolic_paraboloid,T+K,8042,0.2,0.74197674,0.11880072,0.014775768
hyperbolic_paraboloid,T+K,8042,0.25,1.1310548,0.1661904,0.017716853
hyperbolic_paraboloid,T+K,8042,0.3,1.3775997,0.1792003,0.018709293
hyperbolic_paraboloid,T+F,8042,0.0,0.0069446187,0.0044622244,0.0056999708
hyperbolic_paraboloid,T+F,8042,0.05,0.055744175,0.015911447,0.00797174
hyperbolic_paraboloid,T+F,8042,0.1,0.096039504,0.021377353,0.0130782025
hyperbolic_paraboloid,T+F,8042,0.15,0.08715318,0.020575978,0.014661312
hyperbolic_paraboloid,T+F,8042,0.2,0.17938197,0.026253367,0.013015254
hyperbolic_paraboloid,T+F,8042,0.25,0.30248702,0.034583934,0.01546463
hyperbolic_paraboloid,T+F,8042,0.3,0.4092444,0.038180456,0.018387137
hyperbolic_paraboloid,T+F+K,8042,0.0,0.007295618,0.003826458,0.004584982
hyperbolic_paraboloid,T+F+K,8042,0.05,0.058107637,0.013989288,0.0061639915
hyperbolic_paraboloid,T+F+K,8042,0.1,0.1007281,0.019097198,0.010553337
hyperbolic_paraboloid,T+F+K,8042,0.15,0.0891329,0.01836771,0.012605833
hyperbolic_paraboloid,T+F+K,8042,0.2,0.18786946,0.02398267,0.0105319945
hyperbolic_paraboloid,T+F+K,8042,0.25,0.3221475,0.0323792,0.012701168
hyperbolic_paraboloid,T+F+K,8042,0.3,0.43547973,0.03639648,0.015045045
hyperbolic_paraboloid,baseline,9042,0.0,0.1097193,0.33475274,0.39555058
hyperbolic_paraboloid,baseline,9042,0.05,0.41264367,0.3979668,0.2648531
hyperbolic_paraboloid,baseline,9042,0.1,0.5449,0.40401357,0.1718208
hyperbolic_paraboloid,baseline,9042,0.15,0.6191021,0.4151402,0.20288575
hyperbolic_paraboloid,baseline,9042,0.2,0.80916685,0.43660647,0.21148829
hyperbolic_paraboloid,baseline,9042,0.25,1.0524137,0.44082946,0.21866226
hyperbolic_paraboloid,baseline,9042,0.3,1.118784,0.38955006,0.16359116
hyperbolic_paraboloid,T,9042,0.0,0.040409066,0.011229914,0.006313426
hyperbolic_paraboloid,T,9042,0.05,0.21484126,0.028080795,0.015831256
hyperbolic_paraboloid,T,9042,0.1,0.27895856,0.034241438,0.018859556
hyperbolic_paraboloid,T,9042,0.15,0.37426347,0.044219323,0.021226365
hyperbolic_paraboloid,T,9042,0.2,0.524062,0.053235587,0.023487272
hyperbolic_paraboloid,T,9042,0.25,0.6671086,0.054773778,0.025760386
hyperbolic_paraboloid,T,9042,0.3,0.73457843,0.0648561,0.02235155
hyperbolic_paraboloid,F,9042,0.0,0.25773907,0.6480081,0.04977671
hyperbolic_paraboloid,F,9042,0.05,0.72638667,0.75825465,0.0543583
hyperbolic_paraboloid,F,9042,0.1,0.8911274,0.75239867,0.050884966
hyperbolic_paraboloid,F,9042,0.15,0.9072749,0.73085,0.04741327
hyperbolic_paraboloid,F,9042,0.2,1.0828323,0.7428443,0.041608192
hyperbolic_paraboloid,F,9042,0.25,1.2888294,0.7508834,0.043940503
hyperbolic_paraboloid,F,9042,0.3,1.1945816,0.7164546,0.04110644
hyperbolic_paraboloid,K,9042,0.0,0.1344359,0.33428273,0.8467091
hyperbolic_paraboloid,K,9042,0.05,0.4527223,0.38053414,2.2378361
hyperbolic_paraboloid,K,9042,0.1,0.5471716,0.39691147,2.9417005
hyperbolic_paraboloid,K,9042,0.15,0.71292865,0.40660286,2.1276584
hyperbolic_paraboloid,K,9042,0.2,0.8888843,0.42086473,2.6563575
hyperbolic_paraboloid,K,9042,0.25,1.0204908,0.43085292,1.4097891
hyperbolic_paraboloid,K,9042,0.3,1.0796682,0.3838549,0.9815644
hyperbolic_paraboloid,T+K,9042,0.0,0.038063522,0.010454926,0.0027027093
hyperbolic_paraboloid,T+K,9042,0.05,0.20846443,0.02666859,0.008534822
hyperbolic_paraboloid,T+K,9042,0.1,0.27364197,0.032622676,0.011217621
hyperbolic_paraboloid,T+K,9042,0.15,0.3616059,0.042294078,0.012998607
hyperbolic_paraboloid,T+K,9042,0.2,0.50769407,0.052408606,0.015002745
hyperbolic_paraboloid,T+K,9042,0.25,0.6498559,0.055167343,0.016683618
hyperbolic_paraboloid,T+K,9042,0.3,0.7260036,0.063066654,0.014946428
hyperbolic_paraboloid,T+F,9042,0.0,0.023151817,0.013016129,0.013122683
hyperbolic_paraboloid,T+F,9042,0.05,0.060662724,0.023571014,0.01556808
hyperbolic_paraboloid,T+F,9042,0.1,0.0811604,0.028023854,0.014419076
hyperbolic_paraboloid,T+F,9042,0.15,0.11009689,0.029442854,0.013341793
hyperbolic_paraboloid,T+F,9042,0.2,0.15328018,0.034494206,0.013693751
hyperbolic_paraboloid,T+F,9042,0.25,0.21767537,0.03776108,0.017075837
hyperbolic_paraboloid,T+F,9042,0.3,0.23506764,0.03257199,0.013597813
hyperbolic_paraboloid,T+F+K,9042,0.0,0.008454865,0.008934719,0.010056951
hyperbolic_paraboloid,T+F+K,9042,0.05,0.05661138,0.024548842,0.014281885
hyperbolic_paraboloid,T+F+K,9042,0.1,0.08349312,0.0298221,0.012604801
hyperbolic_paraboloid,T+F+K,9042,0.15,0.11445419,0.031078508,0.012325051
hyperbolic_paraboloid,T+F+K,9042,0.2,0.16622154,0.036983985,0.012134946
hyperbolic_paraboloid,T+F+K,9042,0.25,0.24532424,0.04116276,0.015867021
hyperbolic_paraboloid,T+F+K,9042,0.3,0.25913736,0.036428705,0.012578436
quartic_dome,baseline,42,0.0,0.06716326,0.30700496,0.88286895
quartic_dome,baseline,42,0.05,0.14138573,0.25363618,4.371281
quartic_dome,baseline,42,0.1,0.17213324,0.33121055,5.7069235
quartic_dome,baseline,42,0.15,0.17527713,0.5017307,5.387976
quartic_dome,baseline,42,0.2,0.1661248,0.6446306,3.1000435
quartic_dome,baseline,42,0.25,0.17136589,0.7556224,1.9627148
quartic_dome,baseline,42,0.3,0.18438551,0.8306997,1.0998755
quartic_dome,T,42,0.0,0.0085198125,0.026182448,0.5042701
quartic_dome,T,42,0.05,0.0310757,0.24498753,3.9435065
quartic_dome,T,42,0.1,0.043540135,0.43113676,5.122373
quartic_dome,T,42,0.15,0.051028073,0.5885252,4.880382
quartic_dome,T,42,0.2,0.0662468,0.75365275,2.989017
quartic_dome,T,42,0.25,0.10091999,0.8709014,1.9951098
quartic_dome,T,42,0.3,0.13725822,0.91489846,1.1980358
quartic_dome,F,42,0.0,0.072985366,0.38975736,0.90254176
quartic_dome,F,42,0.05,0.12580536,0.2463864,4.056433
quartic_dome,F,42,0.1,0.14897218,0.28983188,5.397472
quartic_dome,F,42,0.15,0.13727795,0.41224435,5.1583204
quartic_dome,F,42,0.2,0.11293173,0.54443675,2.9807646
quartic_dome,F,42,0.25,0.094611354,0.6634573,1.8840492
quartic_dome,F,42,0.3,0.08217423,0.7568508,1.0529777
quartic_dome,K,42,0.0,0.08211742,0.406536,0.90319115
quartic_dome,K,42,0.05,0.16153024,0.25513676,3.9916368
quartic_dome,K,42,0.1,0.19939874,0.28794706,5.328649
quartic_dome,K,42,0.15,0.20336239,0.40530705,5.0971212
quartic_dome,K,42,0.2,0.18761219,0.5320594,2.945011
quartic_dome,K,42,0.25,0.18847409,0.6474407,1.864713
quartic_dome,K,42,0.3,0.18323867,0.7384407,1.0423179
quartic_dome,T+K,42,0.0,0.012702799,0.034415,0.49302107
quartic_dome,T+K,42,0.05,0.048588414,0.29849467,3.328228
quartic_dome,T+K,42,0.1,0.06720859,0.46928564,4.4634547
quartic_dome,T+K,42,0.15,0.08650709,0.62627167,4.197683
quartic_dome,T+K,42,0.2,0.101160206,0.7570836,2.751197
quartic_dome,T+K,42,0.25,0.13344413,0.8602508,1.875226
quartic_dome,T+K,42,0.3,0.1727348,0.8833374,1.2046164
quartic_dome,T+F,42,0.0,0.010411094,0.020680908,0.40516242
quartic_dome,T+F,42,0.05,0.0096867895,0.21662317,3.4487343
quartic_dome,T+F,42,0.1,0.011658875,0.37372196,4.5798526
quartic_dome,T+F,42,0.15,0.018201826,0.53286636,4.2212987
quartic_dome,T+F,42,0.2,0.030190619,0.66026497,2.649826
quartic_dome,T+F,42,0.25,0.05205821,0.7626034,1.7552207
quartic_dome,T+F,42,0.3,0.095148526,0.7955115,1.1193932
quartic_dome,T+F+K,42,0.0,0.011443202,0.021844573,0.39576203
quartic_dome,T+F+K,42,0.05,0.010115744,0.20668395,3.1829247
quartic_dome,T+F+K,42,0.1,0.011160192,0.35654807,4.2722616
quartic_dome,T+F+K,42,0.15,0.016342407,0.50065535,3.8741086
quartic_dome,T+F+K,42,0.2,0.027654322,0.6128303,2.4587586
quartic_dome,T+F+K,42,0.25,0.048908696,0.7196859,1.7021929
quartic_dome,T+F+K,42,0.3,0.09075095,0.7365304,1.1101532
quartic_dome,baseline,1042,0.0,0.06946564,0.20485377,0.9823577
quartic_dome,baseline,1042,0.05,0.12279035,0.40264344,5.111016
quartic_dome,baseline,1042,0.1,0.1461768,0.5314404,5.6467633
quartic_dome,baseline,1042,0.15,0.15188771,0.70211077,4.781291
quartic_dome,baseline,1042,0.2,0.18705143,0.8040333,3.4221618
quartic_dome,baseline,1042,0.25,0.20611572,0.8965579,2.3308628
quartic_dome,baseline,1042,0.3,0.2236763,0.9109722,1.5710087
quartic_dome,T,1042,0.0,0.042093627,0.048889365,0.7515513
quartic_dome,T,1042,0.05,0.12729749,0.3221925,4.81581
quartic_dome,T,1042,0.1,0.15534547,0.5026777,5.4877625
quartic_dome,T,1042,0.15,0.17758897,0.6725577,4.751515
quartic_dome,T,1042,0.2,0.21846418,0.83093965,3.407811
quartic_dome,T,1042,0.25,0.25585064,0.898407,2.5092251
quartic_dome,T,1042,0.3,0.30502236,0.95270264,1.6159443
quartic_dome,F,1042,0.0,0.067734666,0.375435,0.9591401
quartic_dome,F,1042,0.05,0.1330193,0.25493896,4.417712
quartic_dome,F,1042,0.1,0.13798016,0.30065992,5.014553
quartic_dome,F,1042,0.15,0.12879285,0.42933786,4.3539515
quartic_dome,F,1042,0.2,0.12439801,0.53360635,3.0827937
quartic_dome,F,1042,0.25,0.12582731,0.65749985,2.1562543
quartic_dome,F,1042,0.3,0.0957282,0.7380515,1.4250606
quartic_dome,K,1042,0.0,0.08606886,0.23243082,0.9880647
quartic_dome,K,1042,0.05,0.1540094,0.43811443,4.95703
quartic_dome,K,1042,0.1,0.17665084,0.5546887,5.518588
quartic_dome,K,1042,0.15,0.18455029,0.7132093,4.7055616
quartic_dome,K,1042,0.2,0.22354102,0.81053984,3.430862
quartic_dome,K,1042,0.25,0.24050856,0.9003517,2.339062
quartic_dome,K,1042,0.3,0.25242665,0.9169203,1.6106943
quartic_dome,T+K,1042,0.0,0.04193112,0.05444848,0.6209989
quartic_dome,T+K,1042,0.05,0.118861526,0.29239514,4.0206904
quartic_dome,T+K,1042,0.1,0.14464302,0.4698455,4.605258
quartic_dome,T+K,1042,0.15,0.1661241,0.6299382,4.134173
quartic_dome,T+K,1042,0.2,0.22844005,0.7942942,3.1809604
quartic_dome,T+K,1042,0.25,0.26098844,0.8719959,2.3330693
quartic_dome,T+K,1042,0.3,0.3004361,0.93981975,1.5916781
quartic_dome,T+F,1042,0.0,0.012156197,0.05297187,0.65709186
quartic_dome,T+F,1042,0.05,0.02470123,0.34530327,4.5489116
quartic_dome,T+F,1042,0.1,0.0312569,0.5124292,5.1288033
quartic_dome,T+F,1042,0.15,0.044408247,0.70066005,4.428571
quartic_dome,T+F,1042,0.2,0.0674626,0.8460162,3.1834052
quartic_dome,T+F,1042,0.25,0.09986693,0.91880476,2.265965
quartic_dome,T+F,1042,0.3,0.17518952,0.9606888,1.5017895
quartic_dome,T+F+K,1042,0.0,0.008723414,0.04854296,0.6013107
quartic_dome,T+F+K,1042,0.05,0.019952334,0.33119217,4.172637
quartic_dome,T+F+K,1042,0.1,0.024535183,0.48397788,4.761499
quartic_dome,T+F+K,1042,0.15,0.03454111,0.67699665,4.1505795
quartic_dome,T+F+K,1042,0.2,0.05475223,0.8201558,3.057749
quartic_dome,T+F+K,1042,0.25,0.08436495,0.89733714,2.1682978
quartic_dome,T+F+K,1042,0.3,0.15382731,0.9430401,1.4755219
quartic_dome,baseline,2042,0.0,0.010750446,0.08416462,0.9089374
quartic_dome,baseline,2042,0.05,0.032839075,0.49231336,5.2561617
quartic_dome,baseline,2042,0.1,0.047419544,0.66729677,5.9369893
quartic_dome,baseline,2042,0.15,0.0641016,0.8263777,4.4113092
quartic_dome,baseline,2042,0.2,0.08567096,0.9314569,3.3660002
quartic_dome,baseline,2042,0.25,0.1276744,0.97702044,2.0535283
quartic_dome,baseline,2042,0.3,0.17756866,0.97133714,1.3336055
quartic_dome,T,2042,0.0,0.019657781,0.043284602,0.5074097
quartic_dome,T,2042,0.05,0.048178285,0.26589867,3.4083447
quartic_dome,T,2042,0.1,0.067750014,0.45888644,4.4110165
quartic_dome,T,2042,0.15,0.09218208,0.6201505,3.634647
quartic_dome,T,2042,0.2,0.116647296,0.77299815,3.2943578
quartic_dome,T,2042,0.25,0.15839154,0.8765968,2.2708158
quartic_dome,T,2042,0.3,0.22352734,0.9169575,1.7620459
quartic_dome,F,2042,0.0,0.06585162,0.35201105,1.011918
quartic_dome,F,2042,0.05,0.1242023,0.22044167,4.677219
quartic_dome,F,2042,0.1,0.15114547,0.28398612,5.414954
quartic_dome,F,2042,0.15,0.124590605,0.41028434,4.1313753
quartic_dome,F,2042,0.2,0.117279254,0.5322877,3.2081492
quartic_dome,F,2042,0.25,0.0870236,0.6601784,1.9877074
quartic_dome,F,2042,0.3,0.075134836,0.7471947,1.305917
quartic_dome,K,2042,0.0,0.014679626,0.06796882,0.53142565
quartic_dome,K,2042,0.05,0.034405965,0.3163243,3.396316
quartic_dome,K,2042,0.1,0.050762862,0.4748142,4.4437137
quartic_dome,K,2042,0.15,0.06292197,0.60808414,3.3163722
quartic_dome,K,2042,0.2,0.08369191,0.7444413,2.7507048
quartic_dome,K,2042,0.25,0.1302531,0.852254,1.894166
quartic_dome,K,2042,0.3,0.17864399,0.8844106,1.3070192
quartic_dome,T+K,2042,0.0,0.028833764,0.03419733,0.34067762
quartic_dome,T+K,2042,0.05,0.056839425,0.23706485,2.6976976
quartic_dome,T+K,2042,0.1,0.07704172,0.42544267,3.747899
quartic_dome,T+K,2042,0.15,0.099920996,0.58800644,3.2407134
quartic_dome,T+K,2042,0.2,0.1225514,0.7454521,3.0516338
quartic_dome,T+K,2042,0.25,0.16025372,0.8629955,2.223246
quartic_dome,T+K,2042,0.3,0.21618304,0.9051179,1.8243917
quartic_dome,T+F,2042,0.0,0.0018823752,0.03011388,0.49244416
quartic_dome,T+F,2042,0.05,0.004309912,0.24341336,3.6438584
quartic_dome,T+F,2042,0.1,0.008378518,0.39142725,4.577094
quartic_dome,T+F,2042,0.15,0.01790241,0.51844674,3.4735785
quartic_dome,T+F,2042,0.2,0.03453188,0.6480131,2.9235647
quartic_dome,T+F,2042,0.25,0.06965815,0.7508161,1.9847685
quartic_dome,T+F,2042,0.3,0.11041658,0.7769544,1.3612498
quartic_dome,T+F+K,2042,0.0,0.0008124656,0.027341397,0.45661908
quartic_dome,T+F+K,2042,0.05,0.0038801818,0.22592053,3.3060832
quartic_dome,T+F+K,2042,0.1,0.008068641,0.36883318,4.26591
quartic_dome,T+F+K,2042,0.15,0.017424041,0.48364732,3.1931067
quartic_dome,T+F+K,2042,0.2,0.034164693,0.60657865,2.7170298
quartic_dome,T+F+K,2042,0.25,0.06955818,0.7098194,1.8697793
quartic_dome,T+F+K,2042,0.3,0.1087186,0.73004824,1.2906027
quartic_dome,baseline,3042,0.0,0.019105911,0.085810944,0.86143637
quartic_dome,baseline,3042,0.05,0.048558783,0.4766189,5.357233
quartic_dome,baseline,3042,0.1,0.059267767,0.66900766,6.2605343
quartic_dome,baseline,3042,0.15,0.07557764,0.8125972,4.2397637
quartic_dome,baseline,3042,0.2,0.10565359,0.9200721,3.1324613
quartic_dome,baseline,3042,0.25,0.15118359,0.9725692,2.1300607
quartic_dome,baseline,3042,0.3,0.23102,0.96112734,1.3578489
quartic_dome,T,3042,0.0,0.013292897,0.034932103,0.4129458
quartic_dome,T,3042,0.05,0.053806715,0.18377164,3.008513
quartic_dome,T,3042,0.1,0.05502684,0.27894256,3.4108481
quartic_dome,T,3042,0.15,0.07596923,0.43397057,2.7515674
quartic_dome,T,3042,0.2,0.086084634,0.56821734,2.1979458
quartic_dome,T,3042,0.25,0.11469662,0.67374015,1.8110224
quartic_dome,T,3042,0.3,0.16744313,0.7735352,1.3923167
quartic_dome,F,3042,0.0,0.06095853,0.3395151,0.98088145
quartic_dome,F,3042,0.05,0.09038445,0.2150976,4.608366
quartic_dome,F,3042,0.1,0.08935101,0.25177813,5.6895576
quartic_dome,F,3042,0.15,0.076913066,0.3967146,3.8738494
quartic_dome,F,3042,0.2,0.06851825,0.53585577,2.9728708
quartic_dome,F,3042,0.25,0.055321693,0.6559408,2.0597844
quartic_dome,F,3042,0.3,0.043298136,0.75773877,1.3214056
quartic_dome,K,3042,0.0,0.055994958,0.26405543,0.95573133
quartic_dome,K,3042,0.05,0.15328766,0.5185561,4.47083
quartic_dome,K,3042,0.1,0.17313306,0.61360556,5.5730376
quartic_dome,K,3042,0.15,0.1767979,0.7198144,3.8784733
quartic_dome,K,3042,0.2,0.21245687,0.80195266,2.922678
quartic_dome,K,3042,0.25,0.25041938,0.8796854,1.9961635
quartic_dome,K,3042,0.3,0.31372738,0.8847841,1.3262281
quartic_dome,T+K,3042,0.0,0.05806503,0.059205826,0.43970636
quartic_dome,T+K,3042,0.05,0.08488677,0.1846733,2.7803533
quartic_dome,T+K,3042,0.1,0.07569708,0.25149265,3.2041051
quartic_dome,T+K,3042,0.15,0.09840084,0.39503688,2.5707567
quartic_dome,T+K,3042,0.2,0.09667257,0.5072292,2.005371
quartic_dome,T+K,3042,0.25,0.13323887,0.6206065,1.6590028
quartic_dome,T+K,3042,0.3,0.17984831,0.7247404,1.3618512
quartic_dome,T+F,3042,0.0,0.004548643,0.03570149,0.5530409
quartic_dome,T+F,3042,0.05,0.007714561,0.17828591,3.7529886
quartic_dome,T+F,3042,0.1,0.007987846,0.33283907,5.118339
quartic_dome,T+F,3042,0.15,0.012408098,0.48346964,3.5830364
quartic_dome,T+F,3042,0.2,0.019449992,0.6320589,2.822729
quartic_dome,T+F,3042,0.25,0.03958457,0.74891114,2.0025399
quartic_dome,T+F,3042,0.3,0.08760027,0.8444084,1.3807771
quartic_dome,T+F+K,3042,0.0,0.003919686,0.03280455,0.46607003
quartic_dome,T+F+K,3042,0.05,0.006477721,0.17511217,3.3995814
quartic_dome,T+F+K,3042,0.1,0.0072643524,0.31333196,4.6321554
quartic_dome,T+F+K,3042,0.15,0.011005661,0.4492376,3.2580593
quartic_dome,T+F+K,3042,0.2,0.017624814,0.5792059,2.555636
quartic_dome,T+F+K,3042,0.25,0.03580962,0.69025385,1.8373375
quartic_dome,T+F+K,3042,0.3,0.08010425,0.7845363,1.3046185
quartic_dome,baseline,4042,0.0,0.021509476,0.09050126,0.8534765
quartic_dome,baseline,4042,0.05,0.05569428,0.38236278,4.9037323
quartic_dome,baseline,4042,0.1,0.072638534,0.53472424,5.088726
quartic_dome,baseline,4042,0.15,0.09047459,0.7149747,4.6329727
quartic_dome,baseline,4042,0.2,0.0981092,0.8461887,3.28457
quartic_dome,baseline,4042,0.25,0.13209563,0.9185091,2.0227919
quartic_dome,baseline,4042,0.3,0.19161026,0.9563257,1.5186629
quartic_dome,T,4042,0.0,0.01973328,0.035889417,0.67172503
quartic_dome,T,4042,0.05,0.07277045,0.28981102,4.522923
quartic_dome,T,4042,0.1,0.10809743,0.47612083,4.734983
quartic_dome,T,4042,0.15,0.13766403,0.6729748,4.460022
quartic_dome,T,4042,0.2,0.1448749,0.7788483,3.2305603
quartic_dome,T,4042,0.25,0.21341565,0.887376,2.0345964
quartic_dome,T,4042,0.3,0.27171758,0.9371988,1.5554185
quartic_dome,F,4042,0.0,0.06996232,0.35813397,1.0068954
quartic_dome,F,4042,0.05,0.13019869,0.21513699,4.573451
quartic_dome,F,4042,0.1,0.12791131,0.2845125,4.6973553
quartic_dome,F,4042,0.15,0.12503709,0.39447668,4.367554
quartic_dome,F,4042,0.2,0.11419377,0.5255677,3.1288347
quartic_dome,F,4042,0.25,0.108285055,0.646217,1.9306296
quartic_dome,F,4042,0.3,0.07381571,0.7564944,1.4264
quartic_dome,K,4042,0.0,0.036652587,0.158034,0.76023006
quartic_dome,K,4042,0.05,0.07994658,0.25254858,4.0106554
quartic_dome,K,4042,0.1,0.10378939,0.37599903,4.4033175
quartic_dome,K,4042,0.15,0.117085986,0.5527953,4.22673
quartic_dome,K,4042,0.2,0.10175531,0.7026922,3.0364587
quartic_dome,K,4042,0.25,0.13587892,0.8086194,1.8898656
quartic_dome,K,4042,0.3,0.17210667,0.8826106,1.5011885
quartic_dome,T+K,4042,0.0,0.018455284,0.034017153,0.58220106
quartic_dome,T+K,4042,0.05,0.07123974,0.27909875,3.6874704
quartic_dome,T+K,4042,0.1,0.10436328,0.46312457,4.1906943
quartic_dome,T+K,4042,0.15,0.133253,0.6542513,4.1490793
quartic_dome,T+K,4042,0.2,0.13501239,0.76469266,3.0838444
quartic_dome,T+K,4042,0.25,0.19879477,0.8756025,1.9878882
quartic_dome,T+K,4042,0.3,0.25606692,0.922687,1.7277883
quartic_dome,T+F,4042,0.0,0.01733859,0.040077314,0.62214273
quartic_dome,T+F,4042,0.05,0.027489847,0.28702283,4.353947
quartic_dome,T+F,4042,0.1,0.037024733,0.47745028,4.624359
quartic_dome,T+F,4042,0.15,0.054580737,0.64999086,4.350585
quartic_dome,T+F,4042,0.2,0.07508664,0.754366,3.1848605
quartic_dome,T+F,4042,0.25,0.12231484,0.86471266,2.0240512
quartic_dome,T+F,4042,0.3,0.19260249,0.91440934,1.5372626
quartic_dome,T+F+K,4042,0.0,0.014308396,0.03405883,0.5290232
quartic_dome,T+F+K,4042,0.05,0.021240063,0.24017565,3.6214192
quartic_dome,T+F+K,4042,0.1,0.028093154,0.4201992,4.090139
quartic_dome,T+F+K,4042,0.15,0.041492958,0.5667843,3.876432
quartic_dome,T+F+K,4042,0.2,0.057020407,0.66642463,2.8803003
quartic_dome,T+F+K,4042,0.25,0.09826408,0.78962004,1.8849392
quartic_dome,T+F+K,4042,0.3,0.15922815,0.83773714,1.4546834
quartic_dome,baseline,5042,0.0,0.2363422,0.3128612,0.9902263
quartic_dome,baseline,5042,0.05,0.41858727,0.4310827,4.447292
quartic_dome,baseline,5042,0.1,0.47258818,0.5415336,5.858276
quartic_dome,baseline,5042,0.15,0.4908102,0.67895323,5.3101873
quartic_dome,baseline,5042,0.2,0.5346981,0.7025823,3.4232578
quartic_dome,baseline,5042,0.25,0.55950207,0.7769886,2.185562
quartic_dome,baseline,5042,0.3,0.52918714,0.83166015,1.3975929
quartic_dome,T,5042,0.0,0.07690305,0.038781967,0.7291471
quartic_dome,T,5042,0.05,0.1717772,0.26097605,3.5661278
quartic_dome,T,5042,0.1,0.19001257,0.42512393,4.6703553
quartic_dome,T,5042,0.15,0.22185886,0.5845061,4.412687
quartic_dome,T,5042,0.2,0.2687523,0.713407,2.8378932
quartic_dome,T,5042,0.25,0.29677597,0.81423175,1.9226705
quartic_dome,T,5042,0.3,0.33305463,0.8663821,1.3750601
quartic_dome,F,5042,0.0,0.29880908,0.55646497,0.9981544
quartic_dome,F,5042,0.05,0.5444371,0.49472553,3.8048317
quartic_dome,F,5042,0.1,0.5695222,0.48007807,5.240653
quartic_dome,F,5042,0.15,0.62267834,0.5726147,4.8414307
quartic_dome,F,5042,0.2,0.6619173,0.59640557,3.0051768
quartic_dome,F,5042,0.25,0.643626,0.61323816,1.9286637
quartic_dome,F,5042,0.3,0.55059993,0.7013725,1.2568988
quartic_dome,K,5042,0.0,0.26516628,0.39799517,0.9865171
quartic_dome,K,5042,0.05,0.4739478,0.550937,4.0666623
quartic_dome,K,5042,0.1,0.56228775,0.6146407,5.5320573
quartic_dome,K,5042,0.15,0.5953477,0.70002836,5.2722383
quartic_dome,K,5042,0.2,0.6168082,0.7324559,3.232987
quartic_dome,K,5042,0.25,0.6500316,0.7446185,2.1613054
quartic_dome,K,5042,0.3,0.6199542,0.8182909,1.3995631
quartic_dome,T+K,5042,0.0,0.05073928,0.038650215,0.6912283
quartic_dome,T+K,5042,0.05,0.1307478,0.2743415,3.0842314
quartic_dome,T+K,5042,0.1,0.15832049,0.4332206,3.9849458
quartic_dome,T+K,5042,0.15,0.19302766,0.57925594,3.9537377
quartic_dome,T+K,5042,0.2,0.23247974,0.696527,2.6436677
quartic_dome,T+K,5042,0.25,0.26872793,0.78718776,1.9685184
quartic_dome,T+K,5042,0.3,0.32512197,0.84290475,1.4838189
quartic_dome,T+F,5042,0.0,0.14310129,0.25448546,0.92342085
quartic_dome,T+F,5042,0.05,0.2434137,0.35583305,3.9074645
quartic_dome,T+F,5042,0.1,0.28446904,0.46501204,5.3216434
quartic_dome,T+F,5042,0.15,0.27938813,0.62140286,4.976264
quartic_dome,T+F,5042,0.2,0.28922784,0.66249406,3.204843
quartic_dome,T+F,5042,0.25,0.29939336,0.7304845,2.0850961
quartic_dome,T+F,5042,0.3,0.28227937,0.79879194,1.3534646
quartic_dome,T+F+K,5042,0.0,0.16289166,0.26548493,0.9751783
quartic_dome,T+F+K,5042,0.05,0.2745816,0.3746861,3.867244
quartic_dome,T+F+K,5042,0.1,0.32569316,0.4813645,5.2766027
quartic_dome,T+F+K,5042,0.15,0.32294828,0.627522,4.976693
quartic_dome,T+F+K,5042,0.2,0.32206464,0.6682374,3.1965427
quartic_dome,T+F+K,5042,0.25,0.33247885,0.7164286,2.1365874
quartic_dome,T+F+K,5042,0.3,0.30104262,0.773082,1.3951411
quartic_dome,baseline,6042,0.0,0.13378151,0.27751237,1.1243542
quartic_dome,baseline,6042,0.05,0.20781209,0.54954445,5.1269746
quartic_dome,baseline,6042,0.1,0.27967831,0.6265588,5.819452
quartic_dome,baseline,6042,0.15,0.29081863,0.7597869,4.882323
quartic_dome,baseline,6042,0.2,0.34921077,0.8758352,3.5268085
quartic_dome,baseline,6042,0.25,0.37262374,0.9169094,2.332422
quartic_dome,baseline,6042,0.3,0.40440157,0.9305604,1.6472017
quartic_dome,T,6042,0.0,0.030242488,0.049138926,0.78587234
quartic_dome,T,6042,0.05,0.09427553,0.34394598,4.959418
quartic_dome,T,6042,0.1,0.11821733,0.48872972,5.338483
quartic_dome,T,6042,0.15,0.14029425,0.65771073,4.5442276
quartic_dome,T,6042,0.2,0.17810139,0.806507,3.5174983
quartic_dome,T,6042,0.25,0.21044084,0.8829517,2.2440548
quartic_dome,T,6042,0.3,0.25981525,0.925924,1.602832
quartic_dome,F,6042,0.0,0.097530276,0.36916503,1.1235445
quartic_dome,F,6042,0.05,0.18847392,0.2299559,4.7665453
quartic_dome,F,6042,0.1,0.196903,0.3128842,5.108238
quartic_dome,F,6042,0.15,0.19553526,0.42101514,4.3722
quartic_dome,F,6042,0.2,0.21434729,0.5318962,3.3238442
quartic_dome,F,6042,0.25,0.18308093,0.6626462,2.0498881
quartic_dome,F,6042,0.3,0.13564509,0.75600845,1.4078072
quartic_dome,K,6042,0.0,0.13073201,0.33611012,1.2359712
quartic_dome,K,6042,0.05,0.21394724,0.5050371,4.4778037
quartic_dome,K,6042,0.1,0.28492916,0.5500256,5.290563
quartic_dome,K,6042,0.15,0.29933208,0.6890295,4.4768286
quartic_dome,K,6042,0.2,0.36873645,0.7772287,3.2545779
quartic_dome,K,6042,0.25,0.39835164,0.8264959,2.1712909
quartic_dome,K,6042,0.3,0.43271288,0.8715641,1.7316946
quartic_dome,T+K,6042,0.0,0.030866146,0.0418666,0.5157961
quartic_dome,T+K,6042,0.05,0.09666211,0.3048278,3.7748876
quartic_dome,T+K,6042,0.1,0.12804496,0.43917874,4.2856493
quartic_dome,T+K,6042,0.15,0.15724486,0.6140592,3.8775122
quartic_dome,T+K,6042,0.2,0.19430059,0.7643174,3.1137187
quartic_dome,T+K,6042,0.25,0.21736653,0.8493621,2.0701563
quartic_dome,T+K,6042,0.3,0.27713594,0.9005574,1.5821049
quartic_dome,T+F,6042,0.0,0.016767092,0.074944995,0.7457874
quartic_dome,T+F,6042,0.05,0.031349957,0.3752331,4.546531
quartic_dome,T+F,6042,0.1,0.033976104,0.5083056,4.9490476
quartic_dome,T+F,6042,0.15,0.043992236,0.64236915,4.2349167
quartic_dome,T+F,6042,0.2,0.06398103,0.77929544,3.2901618
quartic_dome,T+F,6042,0.25,0.10652494,0.8342946,2.0808766
quartic_dome,T+F,6042,0.3,0.16685991,0.8796427,1.4582666
quartic_dome,T+F+K,6042,0.0,0.022561517,0.0553293,0.6788892
quartic_dome,T+F+K,6042,0.05,0.021640878,0.33080384,4.251178
quartic_dome,T+F+K,6042,0.1,0.02302396,0.46207374,4.6933737
quartic_dome,T+F+K,6042,0.15,0.030453485,0.601895,4.0224214
quartic_dome,T+F+K,6042,0.2,0.043051872,0.7472551,3.158082
quartic_dome,T+F+K,6042,0.25,0.074581556,0.8105328,1.9965749
quartic_dome,T+F+K,6042,0.3,0.1279079,0.85433614,1.3993225
quartic_dome,baseline,7042,0.0,0.061505456,0.16075662,1.0285877
quartic_dome,baseline,7042,0.05,0.15386736,0.44649774,5.3304105
quartic_dome,baseline,7042,0.1,0.14891674,0.59392166,5.5791607
quartic_dome,baseline,7042,0.15,0.16059528,0.76563376,4.828946
quartic_dome,baseline,7042,0.2,0.16296732,0.88127416,3.941728
quartic_dome,baseline,7042,0.25,0.20692533,0.9436643,2.5242634
quartic_dome,baseline,7042,0.3,0.22841889,0.9671169,1.3784457
quartic_dome,T,7042,0.0,0.02519857,0.025989274,0.46680823
quartic_dome,T,7042,0.05,0.1068927,0.22071764,3.641158
quartic_dome,T,7042,0.1,0.12605879,0.3860696,4.083195
quartic_dome,T,7042,0.15,0.14440577,0.56643105,3.8949292
quartic_dome,T,7042,0.2,0.18237127,0.70184207,3.1946356
quartic_dome,T,7042,0.25,0.2579998,0.8255164,2.3288326
quartic_dome,T,7042,0.3,0.32879508,0.8713722,1.3746707
quartic_dome,F,7042,0.0,0.09718819,0.38504225,1.0334773
quartic_dome,F,7042,0.05,0.22315654,0.2888698,4.4681964
quartic_dome,F,7042,0.1,0.23155184,0.3291409,4.885937
quartic_dome,F,7042,0.15,0.24038677,0.43360108,4.387192
quartic_dome,F,7042,0.2,0.21184163,0.5627933,3.635376
quartic_dome,F,7042,0.25,0.24225962,0.639071,2.351623
quartic_dome,F,7042,0.3,0.21064329,0.7130108,1.2753412
quartic_dome,K,7042,0.0,0.091907196,0.33291578,1.2658633
quartic_dome,K,7042,0.05,0.23100573,0.59298164,4.9875236
quartic_dome,K,7042,0.1,0.24443126,0.61468077,5.3730726
quartic_dome,K,7042,0.15,0.2916561,0.7237874,5.3616695
quartic_dome,K,7042,0.2,0.297284,0.7912372,3.8901267
quartic_dome,K,7042,0.25,0.37699515,0.83195513,2.5747747
quartic_dome,K,7042,0.3,0.39232475,0.852498,1.4122769
quartic_dome,T+K,7042,0.0,0.024387851,0.022248222,0.37062198
quartic_dome,T+K,7042,0.05,0.107065186,0.20257376,2.8244004
quartic_dome,T+K,7042,0.1,0.12664506,0.3582069,3.3229866
quartic_dome,T+K,7042,0.15,0.14494602,0.52144843,3.296426
quartic_dome,T+K,7042,0.2,0.18328355,0.6493846,2.9835505
quartic_dome,T+K,7042,0.25,0.2569685,0.7717332,2.428922
quartic_dome,T+K,7042,0.3,0.32314336,0.81767064,1.5552408
quartic_dome,T+F,7042,0.0,0.0023220645,0.03265269,0.44977698
quartic_dome,T+F,7042,0.05,0.009320697,0.24157162,3.308805
quartic_dome,T+F,7042,0.1,0.014201844,0.37411806,3.909955
quartic_dome,T+F,7042,0.15,0.022116428,0.53575927,3.7383697
quartic_dome,T+F,7042,0.2,0.039639864,0.674102,3.2825003
quartic_dome,T+F,7042,0.25,0.0746471,0.77238464,2.2258186
quartic_dome,T+F,7042,0.3,0.122751676,0.808413,1.2961792
quartic_dome,T+F+K,7042,0.0,0.004969041,0.030710967,0.39066857
quartic_dome,T+F+K,7042,0.05,0.012550179,0.21837738,2.7924154
quartic_dome,T+F+K,7042,0.1,0.017891731,0.33833942,3.3581407
quartic_dome,T+F+K,7042,0.15,0.024108732,0.48819637,3.3011537
quartic_dome,T+F+K,7042,0.2,0.041738134,0.6120623,2.8948567
quartic_dome,T+F+K,7042,0.25,0.07597426,0.71830815,2.0950737
quartic_dome,T+F+K,7042,0.3,0.12315013,0.7428352,1.2203739
quartic_dome,baseline,8042,0.0,0.03162231,0.10209311,0.81625354
quartic_dome,baseline,8042,0.05,0.09822834,0.42599106,5.258204
quartic_dome,baseline,8042,0.1,0.10917461,0.6071942,4.970979
quartic_dome,baseline,8042,0.15,0.09954258,0.7927083,4.4996076
quartic_dome,baseline,8042,0.2,0.14364906,0.88722837,2.9854696
quartic_dome,baseline,8042,0.25,0.16302449,0.94538784,2.023986
quartic_dome,baseline,8042,0.3,0.21668956,0.96152407,1.3692464
quartic_dome,T,8042,0.0,0.023617541,0.03211341,0.50154114
quartic_dome,T,8042,0.05,0.10077429,0.2690272,3.591284
quartic_dome,T,8042,0.1,0.120103315,0.42694366,3.7503467
quartic_dome,T,8042,0.15,0.11510373,0.56047785,3.6064923
quartic_dome,T,8042,0.2,0.17212597,0.69954497,2.6610756
quartic_dome,T,8042,0.25,0.20510128,0.839494,2.111187
quartic_dome,T,8042,0.3,0.27241582,0.89595664,1.6243032
quartic_dome,F,8042,0.0,0.07788313,0.34972516,0.9230002
quartic_dome,F,8042,0.05,0.18237184,0.2515156,4.627933
quartic_dome,F,8042,0.1,0.17941003,0.31425092,4.5417876
quartic_dome,F,8042,0.15,0.16523351,0.42791432,4.2398186
quartic_dome,F,8042,0.2,0.16532235,0.547849,2.806695
quartic_dome,F,8042,0.25,0.13649638,0.65828663,1.9471263
quartic_dome,F,8042,0.3,0.11339807,0.74955165,1.325781
quartic_dome,K,8042,0.0,0.07555414,0.24018104,0.7909115
quartic_dome,K,8042,0.05,0.18880835,0.4473753,4.296524
quartic_dome,K,8042,0.1,0.1969064,0.58587354,4.308294
quartic_dome,K,8042,0.15,0.18655603,0.7116024,4.090243
quartic_dome,K,8042,0.2,0.23243678,0.794705,2.9201806
quartic_dome,K,8042,0.25,0.23671027,0.813735,2.080594
quartic_dome,K,8042,0.3,0.2871499,0.8536777,1.4986817
quartic_dome,T+K,8042,0.0,0.14580955,0.041953683,0.56994975
quartic_dome,T+K,8042,0.05,0.25457203,0.28778645,3.5699623
quartic_dome,T+K,8042,0.1,0.29016498,0.43290502,3.7351635
quartic_dome,T+K,8042,0.15,0.26790822,0.5473558,3.5066414
quartic_dome,T+K,8042,0.2,0.3550311,0.6920391,2.6623943
quartic_dome,T+K,8042,0.25,0.40522996,0.82616585,2.1577559
quartic_dome,T+K,8042,0.3,0.4691119,0.88365805,1.6339521
quartic_dome,T+F,8042,0.0,0.016390758,0.03174892,0.5322087
quartic_dome,T+F,8042,0.05,0.022925168,0.25879708,4.335975
quartic_dome,T+F,8042,0.1,0.027955456,0.41687292,4.4289556
quartic_dome,T+F,8042,0.15,0.029701468,0.5370411,4.004925
quartic_dome,T+F,8042,0.2,0.0535145,0.7140322,2.7802892
quartic_dome,T+F,8042,0.25,0.093232065,0.8376892,1.9832598
quartic_dome,T+F,8042,0.3,0.15093447,0.90438294,1.4778023
quartic_dome,T+F+K,8042,0.0,0.014053978,0.025424642,0.41494152
quartic_dome,T+F+K,8042,0.05,0.02366101,0.22987555,3.6898131
quartic_dome,T+F+K,8042,0.1,0.028729301,0.36817756,3.7953105
quartic_dome,T+F+K,8042,0.15,0.028964775,0.47313952,3.3935027
quartic_dome,T+F+K,8042,0.2,0.053301103,0.639229,2.3909218
quartic_dome,T+F+K,8042,0.25,0.09944697,0.777195,1.7684783
quartic_dome,T+F+K,8042,0.3,0.15257874,0.8443981,1.3199193
quartic_dome,baseline,9042,0.0,0.048390742,0.21617022,0.9345702
quartic_dome,baseline,9042,0.05,0.13449194,0.422957,4.842157
quartic_dome,baseline,9042,0.1,0.14335975,0.52038014,4.8487244
quartic_dome,baseline,9042,0.15,0.16584793,0.660267,4.818002
quartic_dome,baseline,9042,0.2,0.17302732,0.7703173,3.5374749
quartic_dome,baseline,9042,0.25,0.17027721,0.84208626,1.9475654
quartic_dome,baseline,9042,0.3,0.1946682,0.90812486,1.318208
quartic_dome,T,9042,0.0,0.027710889,0.027947366,0.33598053
quartic_dome,T,9042,0.05,0.09415399,0.25268298,2.9590147
quartic_dome,T,9042,0.1,0.11780794,0.39303797,3.2274165
quartic_dome,T,9042,0.15,0.13613686,0.52922773,3.2856903
quartic_dome,T,9042,0.2,0.1593733,0.6751589,2.7343845
quartic_dome,T,9042,0.25,0.19236395,0.7915799,1.9212699
quartic_dome,T,9042,0.3,0.24528141,0.83894885,1.5548451
quartic_dome,F,9042,0.0,0.09707208,0.3988238,1.0423155
quartic_dome,F,9042,0.05,0.21718739,0.28166026,4.4349833
quartic_dome,F,9042,0.1,0.22942111,0.30469686,4.456203
quartic_dome,F,9042,0.15,0.22986731,0.4226376,4.4572825
quartic_dome,F,9042,0.2,0.21087962,0.56423986,3.298313
quartic_dome,F,9042,0.25,0.18629053,0.649263,1.8190782
quartic_dome,F,9042,0.3,0.15525828,0.76374596,1.2466991
quartic_dome,K,9042,0.0,0.10105951,0.35024104,1.0429436
quartic_dome,K,9042,0.05,0.2568307,0.33368856,4.769947
quartic_dome,K,9042,0.1,0.28388995,0.37487325,4.799792
quartic_dome,K,9042,0.15,0.29567656,0.5325452,4.6799765
quartic_dome,K,9042,0.2,0.30687872,0.66153526,3.461993
quartic_dome,K,9042,0.25,0.3021116,0.71993893,1.9441999
quartic_dome,K,9042,0.3,0.29282498,0.8347464,1.3044057
quartic_dome,T+K,9042,0.0,0.049846075,0.037937324,0.31124046
quartic_dome,T+K,9042,0.05,0.102077276,0.24173218,2.5139544
quartic_dome,T+K,9042,0.1,0.13004518,0.38061288,2.8469503
quartic_dome,T+K,9042,0.15,0.14099729,0.5023271,3.0464032
quartic_dome,T+K,9042,0.2,0.17030962,0.63979876,2.7339418
quartic_dome,T+K,9042,0.25,0.20998405,0.7601327,2.0328045
quartic_dome,T+K,9042,0.3,0.2571373,0.7996716,1.8206886
quartic_dome,T+F,9042,0.0,0.009770182,0.029827997,0.50196207
quartic_dome,T+F,9042,0.05,0.010250988,0.24458267,3.61832
quartic_dome,T+F,9042,0.1,0.012172688,0.40423363,3.977562
quartic_dome,T+F,9042,0.15,0.016797222,0.5091558,3.9012635
quartic_dome,T+F,9042,0.2,0.029190034,0.65134853,2.9637496
quartic_dome,T+F,9042,0.25,0.05796898,0.7855767,1.8090179
quartic_dome,T+F,9042,0.3,0.10360074,0.806947,1.2911373
quartic_dome,T+F+K,9042,0.0,0.0013837352,0.025158355,0.42950866
quartic_dome,T+F+K,9042,0.05,0.0049581067,0.2211483,3.1276925
quartic_dome,T+F+K,9042,0.1,0.008942054,0.36910903,3.5242941
quartic_dome,T+F+K,9042,0.15,0.014579282,0.44763827,3.3268456
quartic_dome,T+F+K,9042,0.2,0.028272541,0.5726429,2.5961645
quartic_dome,T+F+K,9042,0.25,0.058222108,0.7192995,1.6879126
quartic_dome,T+F+K,9042,0.3,0.10059243,0.7127855,1.1726977
sinusoidal,baseline,42,0.0,0.015771076,0.08407905,0.15564618
sinusoidal,baseline,42,0.05,0.06679997,0.25826994,0.32198396
sinusoidal,baseline,42,0.1,0.09832208,0.30662477,0.30187073
sinusoidal,baseline,42,0.15,0.12742874,0.35686022,0.29925528
sinusoidal,baseline,42,0.2,0.13958743,0.34242335,0.31573114
sinusoidal,baseline,42,0.25,0.17804736,0.35237372,0.32188895
sinusoidal,baseline,42,0.3,0.1885217,0.36447036,0.28930596
sinusoidal,T,42,0.0,0.0034351253,0.010148079,0.025232268
sinusoidal,T,42,0.05,0.022396816,0.053731628,0.06863562
sinusoidal,T,42,0.1,0.036616113,0.077215575,0.069628276
sinusoidal,T,42,0.15,0.042502478,0.08314229,0.07122029
sinusoidal,T,42,0.2,0.05443772,0.08475276,0.07399917
sinusoidal,T,42,0.25,0.08628896,0.1168094,0.0924062
sinusoidal,T,42,0.3,0.094188035,0.10014024,0.062412336
sinusoidal,F,42,0.0,0.008788271,0.07463355,0.15707316
sinusoidal,F,42,0.05,0.032662768,0.25011235,0.327006
sinusoidal,F,42,0.1,0.051808212,0.3008967,0.30336207
sinusoidal,F,42,0.15,0.073382296,0.35978886,0.30521616
sinusoidal,F,42,0.2,0.07917676,0.34493184,0.3239109
sinusoidal,F,42,0.25,0.09962284,0.34341842,0.3281492
sinusoidal,F,42,0.3,0.11542286,0.37230465,0.29696324
sinusoidal,K,42,0.0,0.014068336,0.07678859,0.15394656
sinusoidal,K,42,0.05,0.062101964,0.25259864,0.3218134
sinusoidal,K,42,0.1,0.09302053,0.3028146,0.30041483
sinusoidal,K,42,0.15,0.12635012,0.35852352,0.29992923
sinusoidal,K,42,0.2,0.13779658,0.34390008,0.3173999
sinusoidal,K,42,0.25,0.17033763,0.34813192,0.3230086
sinusoidal,K,42,0.3,0.1881925,0.36924058,0.2912176
sinusoidal,T+K,42,0.0,0.0037734474,0.008651085,0.017608711
sinusoidal,T+K,42,0.05,0.023299646,0.048514176,0.052627906
sinusoidal,T+K,42,0.1,0.037704926,0.07083125,0.054427758
sinusoidal,T+K,42,0.15,0.043619283,0.076139495,0.05690098
sinusoidal,T+K,42,0.2,0.055488475,0.07798056,0.059397623
sinusoidal,T+K,42,0.25,0.087771796,0.10881991,0.07503801
sinusoidal,T+K,42,0.3,0.09556035,0.09391381,0.05206768
sinusoidal,T+F,42,0.0,0.0020435783,0.02395289,0.073392145
sinusoidal,T+F,42,0.05,0.012429211,0.093167536,0.16042699
sinusoidal,T+F,42,0.1,0.022123542,0.12273849,0.15691169
sinusoidal,T+F,42,0.15,0.025438992,0.13503514,0.14908332
sinusoidal,T+F,42,0.2,0.02924183,0.1343031,0.15434425
sinusoidal,T+F,42,0.25,0.049613304,0.17121632,0.18202087
sinusoidal,T+F,42,0.3,0.04750988,0.14309607,0.1277393
sinusoidal,T+F+K,42,0.0,0.001833781,0.022819344,0.07185422
sinusoidal,T+F+K,42,0.05,0.010456946,0.091236435,0.15914464
sinusoidal,T+F+K,42,0.1,0.019019589,0.12117377,0.15621968
sinusoidal,T+F+K,42,0.15,0.022531336,0.1346266,0.14857168
sinusoidal,T+F+K,42,0.2,0.026537053,0.13377534,0.15375961
sinusoidal,T+F+K,42,0.25,0.04483368,0.16966076,0.1805153
sinusoidal,T+F+K,42,0.3,0.04440534,0.14342524,0.12777697
sinusoidal,baseline,1042,0.0,0.012842001,0.086094946,0.16220911
sinusoidal,baseline,1042,0.05,0.052207507,0.2791159,0.36267394
sinusoidal,baseline,1042,0.1,0.07557425,0.2961363,0.321833
sinusoidal,baseline,1042,0.15,0.09623963,0.32163504,0.31220773
sinusoidal,baseline,1042,0.2,0.1401386,0.36878633,0.2780498
sinusoidal,baseline,1042,0.25,0.19287859,0.42986462,0.3039702
sinusoidal,baseline,1042,0.3,0.23032218,0.4130447,0.24994648
sinusoidal,T,1042,0.0,0.010026887,0.01690601,0.04916883
sinusoidal,T,1042,0.05,0.03317351,0.07947625,0.15701604
sinusoidal,T,1042,0.1,0.0506262,0.10225367,0.12864076
sinusoidal,T,1042,0.15,0.06602528,0.12021457,0.1367693
sinusoidal,T,1042,0.2,0.09053131,0.16475318,0.12536725
sinusoidal,T,1042,0.25,0.13077909,0.20293285,0.1324429
sinusoidal,T,1042,0.3,0.16036265,0.20848314,0.11495651
sinusoidal,F,1042,0.0,0.007079826,0.085426845,0.16145392
sinusoidal,F,1042,0.05,0.03389084,0.2772462,0.36104733
sinusoidal,F,1042,0.1,0.049639784,0.2951818,0.32126412
sinusoidal,F,1042,0.15,0.06301649,0.3205331,0.31118613
sinusoidal,F,1042,0.2,0.09939559,0.36760902,0.27718294
sinusoidal,F,1042,0.25,0.14607988,0.42926025,0.3030449
sinusoidal,F,1042,0.3,0.16554138,0.41207775,0.24917252
sinusoidal,K,1042,0.0,0.015037325,0.08706215,0.161743
sinusoidal,K,1042,0.05,0.058026016,0.2806124,0.36130875
sinusoidal,K,1042,0.1,0.08377789,0.29879257,0.32175583
sinusoidal,K,1042,0.15,0.10571032,0.3234624,0.31147027
sinusoidal,K,1042,0.2,0.15119135,0.37031892,0.27756444
sinusoidal,K,1042,0.25,0.20659131,0.4317862,0.30338126
sinusoidal,K,1042,0.3,0.2465735,0.4144866,0.24944709
sinusoidal,T+K,1042,0.0,0.012606424,0.013122302,0.026328964
sinusoidal,T+K,1042,0.05,0.0379833,0.063357696,0.08872844
sinusoidal,T+K,1042,0.1,0.055151265,0.08305532,0.07761229
sinusoidal,T+K,1042,0.15,0.07110323,0.09983968,0.08362264
sinusoidal,T+K,1042,0.2,0.096152246,0.13175663,0.07984917
sinusoidal,T+K,1042,0.25,0.13731945,0.17030936,0.085934766
sinusoidal,T+K,1042,0.3,0.16601597,0.17194,0.08012011
sinusoidal,T+F,1042,0.0,0.0015637472,0.01776472,0.07371157
sinusoidal,T+F,1042,0.05,0.005002239,0.08303823,0.2057781
sinusoidal,T+F,1042,0.1,0.009945164,0.10627327,0.18200651
sinusoidal,T+F,1042,0.15,0.014234469,0.12571168,0.18222156
sinusoidal,T+F,1042,0.2,0.025178572,0.17027292,0.15708753
sinusoidal,T+F,1042,0.25,0.0473268,0.21204613,0.17254514
sinusoidal,T+F,1042,0.3,0.055113595,0.21614903,0.14543429
sinusoidal,T+F+K,1042,0.0,0.0014952988,0.019590097,0.0757674
sinusoidal,T+F+K,1042,0.05,0.007478649,0.09088037,0.21027718
sinusoidal,T+F+K,1042,0.1,0.0138235325,0.115415655,0.18778786
sinusoidal,T+F+K,1042,0.15,0.019601561,0.13734695,0.18662806
sinusoidal,T+F+K,1042,0.2,0.03213751,0.17808259,0.16090557
sinusoidal,T+F+K,1042,0.25,0.060107004,0.22709961,0.17747745
sinusoidal,T+F+K,1042,0.3,0.06521701,0.22803019,0.14998531
sinusoidal,baseline,2042,0.0,0.009784258,0.08700582,0.18006693
sinusoidal,baseline,2042,0.05,0.045749802,0.29220113,0.38135996
sinusoidal,baseline,2042,0.1,0.06523057,0.31207034,0.32248783
sinusoidal,baseline,2042,0.15,0.07824134,0.31281847,0.3229711
sinusoidal,baseline,2042,0.2,0.10764157,0.3453524,0.30461895
sinusoidal,baseline,2042,0.25,0.13680713,0.36421674,0.32136402
sinusoidal,baseline,2042,0.3,0.17739636,0.40900186,0.31983402
sinusoidal,T,2042,0.0,0.0086822165,0.00061343744,0.0043154703
sinusoidal,T,2042,0.05,0.023118204,0.0040306444,0.014949839
sinusoidal,T,2042,0.1,0.034377564,0.0075976467,0.016010832
sinusoidal,T,2042,0.15,0.047926158,0.008393675,0.015803616
sinusoidal,T,2042,0.2,0.061913453,0.014002283,0.015920712
sinusoidal,T,2042,0.25,0.08520065,0.020315628,0.017670136
sinusoidal,T,2042,0.3,0.10693685,0.025572512,0.022011487
sinusoidal,F,2042,0.0,0.008510983,0.087372206,0.18142915
sinusoidal,F,2042,0.05,0.03267049,0.29418737,0.3831305
sinusoidal,F,2042,0.1,0.043635778,0.3123832,0.324345
sinusoidal,F,2042,0.15,0.047157105,0.3138215,0.32434973
sinusoidal,F,2042,0.2,0.06958538,0.34606296,0.30616856
sinusoidal,F,2042,0.25,0.08820728,0.36559108,0.32266775
sinusoidal,F,2042,0.3,0.11893409,0.41022804,0.32094383
sinusoidal,K,2042,0.0,0.011002994,0.08771977,0.17943105
sinusoidal,K,2042,0.05,0.050909165,0.29498693,0.38042808
sinusoidal,K,2042,0.1,0.07181305,0.31423774,0.321904
sinusoidal,K,2042,0.15,0.08622744,0.3148992,0.322277
sinusoidal,K,2042,0.2,0.11707212,0.3473711,0.30392185
sinusoidal,K,2042,0.25,0.14770894,0.36641672,0.32058033
sinusoidal,K,2042,0.3,0.19107756,0.4109781,0.31906927
sinusoidal,T+K,2042,0.0,0.004892494,0.00034784345,0.0014486532
sinusoidal,T+K,2042,0.05,0.022033084,0.0024319468,0.0048613455
sinusoidal,T+K,2042,0.1,0.032949705,0.0051450115,0.0063818586
sinusoidal,T+K,2042,0.15,0.04624204,0.0059380536,0.00720719
sinusoidal,T+K,2042,0.2,0.061240666,0.009973302,0.008441738
sinusoidal,T+K,2042,0.25,0.085166186,0.015193759,0.011539938
sinusoidal,T+K,2042,0.3,0.10413581,0.019460045,0.015287845
sinusoidal,T+F,2042,0.0,0.013312065,0.007742288,0.043082543
sinusoidal,T+F,2042,0.05,0.009893682,0.034261964,0.110627376
sinusoidal,T+F,2042,0.1,0.010916858,0.04924434,0.09878304
sinusoidal,T+F,2042,0.15,0.011995072,0.04691108,0.10107287
sinusoidal,T+F,2042,0.2,0.014498769,0.06624906,0.088781334
sinusoidal,T+F,2042,0.25,0.019495264,0.07645041,0.09281672
sinusoidal,T+F,2042,0.3,0.027955867,0.0886138,0.09774574
sinusoidal,T+F+K,2042,0.0,0.0005336297,0.0063062124,0.04107266
sinusoidal,T+F+K,2042,0.05,0.0014538117,0.033165794,0.10893793
sinusoidal,T+F+K,2042,0.1,0.0026713482,0.04720024,0.09855986
sinusoidal,T+F+K,2042,0.15,0.0036463258,0.047003176,0.099408686
sinusoidal,T+F+K,2042,0.2,0.0076552457,0.06537575,0.08786759
sinusoidal,T+F+K,2042,0.25,0.0138172945,0.07570809,0.09142162
sinusoidal,T+F+K,2042,0.3,0.023373714,0.08931894,0.09632892
sinusoidal,baseline,3042,0.0,0.00988231,0.07244241,0.15343948
sinusoidal,baseline,3042,0.05,0.046674404,0.28807974,0.3728012
sinusoidal,baseline,3042,0.1,0.05989389,0.29633114,0.33619982
sinusoidal,baseline,3042,0.15,0.08101241,0.35268393,0.37050042
sinusoidal,baseline,3042,0.2,0.09883274,0.35069928,0.33283615
sinusoidal,baseline,3042,0.25,0.13581845,0.35729098,0.27645206
sinusoidal,baseline,3042,0.3,0.18923923,0.41721305,0.27280784
sinusoidal,T,3042,0.0,0.005207618,0.005158185,0.021727456
sinusoidal,T,3042,0.05,0.019428285,0.049962636,0.09000109
sinusoidal,T,3042,0.1,0.023479313,0.049000565,0.073366955
sinusoidal,T,3042,0.15,0.036518283,0.07368199,0.09287392
sinusoidal,T,3042,0.2,0.046696275,0.06739294,0.082732
sinusoidal,T,3042,0.25,0.0673056,0.07842932,0.06615074
sinusoidal,T,3042,0.3,0.098281614,0.10884216,0.071770586
sinusoidal,F,3042,0.0,0.005418195,0.073048525,0.15467134
sinusoidal,F,3042,0.05,0.03461884,0.29031387,0.37498993
sinusoidal,F,3042,0.1,0.045261282,0.29814348,0.3382129
sinusoidal,F,3042,0.15,0.06275405,0.35488033,0.37258095
sinusoidal,F,3042,0.2,0.07187747,0.35245448,0.33464774
sinusoidal,F,3042,0.25,0.09536622,0.35866904,0.27775332
sinusoidal,F,3042,0.3,0.14370832,0.41852984,0.27437928
sinusoidal,K,3042,0.0,0.009753256,0.073585615,0.15239544
sinusoidal,K,3042,0.05,0.052351642,0.29126623,0.3715805
sinusoidal,K,3042,0.1,0.06623388,0.29942006,0.33490422
sinusoidal,K,3042,0.15,0.088959575,0.35585898,0.3693151
sinusoidal,K,3042,0.2,0.10890841,0.35348052,0.33174887
sinusoidal,K,3042,0.25,0.14915693,0.3595613,0.2754114
sinusoidal,K,3042,0.3,0.20576832,0.41922382,0.2721193
sinusoidal,T+K,3042,0.0,0.0045969915,0.0025275068,0.006075407
sinusoidal,T+K,3042,0.05,0.020421952,0.027890189,0.030611398
sinusoidal,T+K,3042,0.1,0.02388023,0.02773787,0.025962384
sinusoidal,T+K,3042,0.15,0.037522025,0.043401707,0.03568329
sinusoidal,T+K,3042,0.2,0.04831435,0.040203612,0.03295244
sinusoidal,T+K,3042,0.25,0.06969827,0.047492757,0.028613802
sinusoidal,T+K,3042,0.3,0.10067795,0.06833522,0.036151223
sinusoidal,T+F,3042,0.0,0.0033212758,0.009684232,0.044568054
sinusoidal,T+F,3042,0.05,0.0073903087,0.0787132,0.15888838
sinusoidal,T+F,3042,0.1,0.0090151755,0.079024,0.13385735
sinusoidal,T+F,3042,0.15,0.014458635,0.11180409,0.1621047
sinusoidal,T+F,3042,0.2,0.015299653,0.10554845,0.14471652
sinusoidal,T+F,3042,0.25,0.023057062,0.12073805,0.115414724
sinusoidal,T+F,3042,0.3,0.041402716,0.16189134,0.12085785
sinusoidal,T+F+K,3042,0.0,0.0005454994,0.008805939,0.039656173
sinusoidal,T+F+K,3042,0.05,0.0050077597,0.072845526,0.1458054
sinusoidal,T+F+K,3042,0.1,0.006561881,0.07449281,0.12210676
sinusoidal,T+F+K,3042,0.15,0.012121453,0.10482479,0.14867118
sinusoidal,T+F+K,3042,0.2,0.012938178,0.100170545,0.13297063
sinusoidal,T+F+K,3042,0.25,0.020577876,0.11560214,0.10629039
sinusoidal,T+F+K,3042,0.3,0.038968403,0.15512547,0.11134718
sinusoidal,baseline,4042,0.0,0.01840152,0.09778623,0.18080571
sinusoidal,baseline,4042,0.05,0.07100279,0.2608657,0.31782588
sinusoidal,baseline,4042,0.1,0.10039128,0.31332907,0.33781204
sinusoidal,baseline,4042,0.15,0.13494389,0.34482962,0.31796765
sinusoidal,baseline,4042,0.2,0.14292228,0.31322473,0.2982561
sinusoidal,baseline,4042,0.25,0.2151512,0.44105145,0.3145958
sinusoidal,baseline,4042,0.3,0.27092707,0.42730513,0.27209058
sinusoidal,T,4042,0.0,0.011177019,0.016614517,0.049704857
sinusoidal,T,4042,0.05,0.03846394,0.06707518,0.107953295
sinusoidal,T,4042,0.1,0.06284783,0.09935294,0.121141806
sinusoidal,T,4042,0.15,0.080869175,0.122962415,0.120460145
sinusoidal,T,4042,0.2,0.079715796,0.098077126,0.09603589
sinusoidal,T,4042,0.25,0.12696141,0.18681963,0.13523392
sinusoidal,T,4042,0.3,0.15815923,0.18727526,0.11043608
sinusoidal,F,4042,0.0,0.009181534,0.09834094,0.18230094
sinusoidal,F,4042,0.05,0.041078597,0.2623239,0.3202149
sinusoidal,F,4042,0.1,0.057796914,0.31392014,0.33920535
sinusoidal,F,4042,0.15,0.08159006,0.34547082,0.31985748
sinusoidal,F,4042,0.2,0.085753724,0.3152,0.30021322
sinusoidal,F,4042,0.25,0.14060397,0.44124112,0.31555504
sinusoidal,F,4042,0.3,0.18658589,0.4277158,0.27327397
sinusoidal,K,4042,0.0,0.022033852,0.09807687,0.17915891
sinusoidal,K,4042,0.05,0.0815541,0.2613727,0.31542155
sinusoidal,K,4042,0.1,0.115841515,0.3140576,0.336001
sinusoidal,K,4042,0.15,0.15277752,0.34559625,0.31601143
sinusoidal,K,4042,0.2,0.1616109,0.31363195,0.29609346
sinusoidal,K,4042,0.25,0.23825084,0.44168687,0.31335548
sinusoidal,K,4042,0.3,0.295889,0.4278741,0.27072057
sinusoidal,T+K,4042,0.0,0.011443437,0.015278254,0.034370475
sinusoidal,T+K,4042,0.05,0.042791076,0.06198898,0.07965187
sinusoidal,T+K,4042,0.1,0.06926124,0.09372622,0.09054815
sinusoidal,T+K,4042,0.15,0.08941347,0.11573984,0.094846845
sinusoidal,T+K,4042,0.2,0.08671249,0.09089221,0.0713157
sinusoidal,T+K,4042,0.25,0.13763975,0.176289,0.111167945
sinusoidal,T+K,4042,0.3,0.17073596,0.1751131,0.09198664
sinusoidal,T+F,4042,0.0,0.0024546382,0.030781923,0.110848404
sinusoidal,T+F,4042,0.05,0.012238623,0.11873886,0.2180191
sinusoidal,T+F,4042,0.1,0.021146974,0.15553425,0.23739016
sinusoidal,T+F,4042,0.15,0.033578623,0.18952277,0.22165821
sinusoidal,T+F,4042,0.2,0.036949452,0.17091821,0.20241916
sinusoidal,T+F,4042,0.25,0.065572105,0.27332383,0.2335559
sinusoidal,T+F,4042,0.3,0.09725591,0.2828586,0.1939904
sinusoidal,T+F+K,4042,0.0,0.002093336,0.027603224,0.10185872
sinusoidal,T+F+K,4042,0.05,0.010976845,0.10886606,0.20317799
sinusoidal,T+F+K,4042,0.1,0.01826319,0.14408602,0.22194974
sinusoidal,T+F+K,4042,0.15,0.030022549,0.17702892,0.20796172
sinusoidal,T+F+K,4042,0.2,0.034320932,0.15899992,0.18736918
sinusoidal,T+F+K,4042,0.25,0.05979174,0.25783944,0.22047767
sinusoidal,T+F+K,4042,0.3,0.091379054,0.2679035,0.182161
sinusoidal,baseline,5042,0.0,0.10810808,0.101246275,0.16098645
sinusoidal,baseline,5042,0.05,0.23336346,0.2267562,0.3011661
sinusoidal,baseline,5042,0.1,0.29489717,0.31424797,0.34541965
sinusoidal,baseline,5042,0.15,0.33410582,0.32433745,0.28154826
sinusoidal,baseline,5042,0.2,0.37540007,0.31891322,0.30017397
sinusoidal,baseline,5042,0.25,0.41751707,0.35317892,0.32298347
sinusoidal,baseline,5042,0.3,0.46607226,0.3919782,0.2782785
sinusoidal,T,5042,0.0,0.09173827,0.054670647,0.08967999
sinusoidal,T,5042,0.05,0.19603258,0.12941597,0.15247849
sinusoidal,T,5042,0.1,0.23809542,0.17513524,0.1834173
sinusoidal,T,5042,0.15,0.27413562,0.18075016,0.14811431
sinusoidal,T,5042,0.2,0.320171,0.18265024,0.16843683
sinusoidal,T,5042,0.25,0.35047403,0.19726002,0.14873852
sinusoidal,T,5042,0.3,0.37243602,0.19969556,0.16039112
sinusoidal,F,5042,0.0,0.025226,0.08403801,0.16250055
sinusoidal,F,5042,0.05,0.060199138,0.2180193,0.31516495
sinusoidal,F,5042,0.1,0.09077405,0.3140515,0.36133805
sinusoidal,F,5042,0.15,0.11505648,0.33470193,0.2976702
sinusoidal,F,5042,0.2,0.12404062,0.3139109,0.3088055
sinusoidal,F,5042,0.25,0.15686053,0.36933523,0.33674702
sinusoidal,F,5042,0.3,0.20806032,0.3871473,0.28732994
sinusoidal,K,5042,0.0,0.11289382,0.09178612,0.16099365
sinusoidal,K,5042,0.05,0.23934813,0.22160685,0.3040353
sinusoidal,K,5042,0.1,0.30199417,0.31300643,0.34877282
sinusoidal,K,5042,0.15,0.34105283,0.32717252,0.2843664
sinusoidal,K,5042,0.2,0.38312888,0.31689894,0.30250543
sinusoidal,K,5042,0.25,0.42501613,0.35763136,0.32591698
sinusoidal,K,5042,0.3,0.4790534,0.39101285,0.28077766
sinusoidal,T+K,5042,0.0,0.06947737,0.05320831,0.08608227
sinusoidal,T+K,5042,0.05,0.1558877,0.12714227,0.14531739
sinusoidal,T+K,5042,0.1,0.19679582,0.17223485,0.17436813
sinusoidal,T+K,5042,0.15,0.23094839,0.17803192,0.14080703
sinusoidal,T+K,5042,0.2,0.2708969,0.18048456,0.16166155
sinusoidal,T+K,5042,0.25,0.3007527,0.19504142,0.1410904
sinusoidal,T+K,5042,0.3,0.3206375,0.19506189,0.15365821
sinusoidal,T+F,5042,0.0,0.02138253,0.048047133,0.085244566
sinusoidal,T+F,5042,0.05,0.0590175,0.11955043,0.1508035
sinusoidal,T+F,5042,0.1,0.08595356,0.1643072,0.18510571
sinusoidal,T+F,5042,0.15,0.10322624,0.17346698,0.15027809
sinusoidal,T+F,5042,0.2,0.11092184,0.17313041,0.1686536
sinusoidal,T+F,5042,0.25,0.13630968,0.18983,0.15001224
sinusoidal,T+F,5042,0.3,0.14215538,0.19331524,0.15731464
sinusoidal,T+F+K,5042,0.0,0.025075134,0.046552047,0.08130803
sinusoidal,T+F+K,5042,0.05,0.06483758,0.117045924,0.14239772
sinusoidal,T+F+K,5042,0.1,0.092581935,0.16118503,0.17497642
sinusoidal,T+F+K,5042,0.15,0.10966361,0.17033051,0.14200729
sinusoidal,T+F+K,5042,0.2,0.11861912,0.17010048,0.16011292
sinusoidal,T+F+K,5042,0.25,0.14355843,0.18657272,0.14025965
sinusoidal,T+F+K,5042,0.3,0.14997293,0.18835834,0.14936975
sinusoidal,baseline,6042,0.0,0.02866834,0.09197841,0.1705168
sinusoidal,baseline,6042,0.05,0.08583207,0.22103974,0.32075557
sinusoidal,baseline,6042,0.1,0.12396601,0.30364305,0.3055081
sinusoidal,baseline,6042,0.15,0.15930703,0.3801401,0.36348563
sinusoidal,baseline,6042,0.2,0.2053038,0.39776883,0.31591532
sinusoidal,baseline,6042,0.25,0.23066075,0.4047589,0.33959845
sinusoidal,baseline,6042,0.3,0.2841142,0.38221598,0.23626591
sinusoidal,T,6042,0.0,0.043516602,0.028922739,0.06387714
sinusoidal,T,6042,0.05,0.09672287,0.08417804,0.13663217
sinusoidal,T,6042,0.1,0.11918535,0.13705765,0.13285172
sinusoidal,T,6042,0.15,0.13539952,0.1693907,0.17676297
sinusoidal,T,6042,0.2,0.17057055,0.20404626,0.16042429
sinusoidal,T,6042,0.25,0.2094085,0.21088925,0.16061296
sinusoidal,T,6042,0.3,0.21018264,0.1960272,0.10771411
sinusoidal,F,6042,0.0,0.008492417,0.090595625,0.1694512
sinusoidal,F,6042,0.05,0.02615195,0.21826516,0.3192521
sinusoidal,F,6042,0.1,0.05415917,0.3012954,0.30500972
sinusoidal,F,6042,0.15,0.07576183,0.37654418,0.36229137
sinusoidal,F,6042,0.2,0.09768166,0.39462262,0.31460813
sinusoidal,F,6042,0.25,0.1120547,0.40255448,0.33954483
sinusoidal,F,6042,0.3,0.15807846,0.38076147,0.23598923
sinusoidal,K,6042,0.0,0.031321343,0.09269221,0.16991323
sinusoidal,K,6042,0.05,0.09205276,0.22270586,0.31997526
sinusoidal,K,6042,0.1,0.13201019,0.30555138,0.3048987
sinusoidal,K,6042,0.15,0.16972843,0.38187566,0.36291426
sinusoidal,K,6042,0.2,0.21718422,0.39912668,0.31540996
sinusoidal,K,6042,0.25,0.2427151,0.40673816,0.33914748
sinusoidal,K,6042,0.3,0.29743475,0.38361895,0.23584284
sinusoidal,T+K,6042,0.0,0.024865517,0.027796363,0.0559172
sinusoidal,T+K,6042,0.05,0.07011023,0.08107425,0.121782854
sinusoidal,T+K,6042,0.1,0.09159583,0.13230476,0.11999135
sinusoidal,T+K,6042,0.15,0.109051116,0.1634954,0.16056848
sinusoidal,T+K,6042,0.2,0.14162552,0.19797873,0.14747404
sinusoidal,T+K,6042,0.25,0.1736041,0.20509918,0.14791898
sinusoidal,T+K,6042,0.3,0.18548301,0.1879576,0.10344222
sinusoidal,T+F,6042,0.0,0.018974796,0.029436942,0.07978508
sinusoidal,T+F,6042,0.05,0.026847845,0.086277924,0.16547804
sinusoidal,T+F,6042,0.1,0.04130288,0.14459886,0.16019689
sinusoidal,T+F,6042,0.15,0.05348789,0.1803139,0.21139258
sinusoidal,T+F,6042,0.2,0.07061574,0.21395321,0.18959396
sinusoidal,T+F,6042,0.25,0.08402478,0.21816282,0.188778
sinusoidal,T+F,6042,0.3,0.096152745,0.21343952,0.124857426
sinusoidal,T+F+K,6042,0.0,0.0048580654,0.026278323,0.068506576
sinusoidal,T+F+K,6042,0.05,0.012561835,0.07779741,0.14423916
sinusoidal,T+F+K,6042,0.1,0.026216134,0.13195467,0.1409442
sinusoidal,T+F+K,6042,0.15,0.03739157,0.16366893,0.1874859
sinusoidal,T+F+K,6042,0.2,0.053848542,0.19721937,0.16878082
sinusoidal,T+F+K,6042,0.25,0.066229105,0.20232452,0.16755013
sinusoidal,T+F+K,6042,0.3,0.082927726,0.1955265,0.11062366
sinusoidal,baseline,7042,0.0,0.010706852,0.07898041,0.16626175
sinusoidal,baseline,7042,0.05,0.048285622,0.23084071,0.27044716
sinusoidal,baseline,7042,0.1,0.066679336,0.2981403,0.3551468
sinusoidal,baseline,7042,0.15,0.0951807,0.33524787,0.31101176
sinusoidal,baseline,7042,0.2,0.12896779,0.36819494,0.33316222
sinusoidal,baseline,7042,0.25,0.18767191,0.4067276,0.24049692
sinusoidal,baseline,7042,0.3,0.22578885,0.45489234,0.287283
sinusoidal,T,7042,0.0,0.0063851797,0.0042734887,0.016062422
sinusoidal,T,7042,0.05,0.021632573,0.025869297,0.036803942
sinusoidal,T,7042,0.1,0.03302056,0.03750828,0.056142196
sinusoidal,T,7042,0.15,0.048328537,0.06068739,0.05258594
sinusoidal,T,7042,0.2,0.06536398,0.07512145,0.059167948
sinusoidal,T,7042,0.25,0.09888365,0.104404226,0.045599286
sinusoidal,T,7042,0.3,0.11789327,0.11223867,0.05914359
sinusoidal,F,7042,0.0,0.007919615,0.079800524,0.16700314
sinusoidal,F,7042,0.05,0.034307774,0.2321559,0.27119625
sinusoidal,F,7042,0.1,0.04449501,0.29980788,0.35591075
sinusoidal,F,7042,0.15,0.0686216,0.33664006,0.31172335
sinusoidal,F,7042,0.2,0.09814707,0.36958745,0.33375087
sinusoidal,F,7042,0.25,0.14858577,0.40763432,0.24096432
sinusoidal,F,7042,0.3,0.16845554,0.45592093,0.2877769
sinusoidal,K,7042,0.0,0.013419698,0.08030489,0.16563919
sinusoidal,K,7042,0.05,0.061613485,0.23354101,0.2697268
sinusoidal,K,7042,0.1,0.08516973,0.3015963,0.35430586
sinusoidal,K,7042,0.15,0.11864076,0.3379591,0.31047454
sinusoidal,K,7042,0.2,0.15660498,0.3708308,0.3325007
sinusoidal,K,7042,0.25,0.22337997,0.4086304,0.2400488
sinusoidal,K,7042,0.3,0.26795807,0.45730093,0.28679112
sinusoidal,T+K,7042,0.0,0.094543256,0.012143633,0.01640057
sinusoidal,T+K,7042,0.05,0.12883984,0.059831083,0.04411671
sinusoidal,T+K,7042,0.1,0.14399639,0.08177908,0.06657739
sinusoidal,T+K,7042,0.15,0.15934531,0.110343,0.065499514
sinusoidal,T+K,7042,0.2,0.17986695,0.13094711,0.07695105
sinusoidal,T+K,7042,0.25,0.23150684,0.16985744,0.06635505
sinusoidal,T+K,7042,0.3,0.28448406,0.19145657,0.088557385
sinusoidal,T+F,7042,0.0,0.0006782251,0.016863473,0.08223679
sinusoidal,T+F,7042,0.05,0.005060035,0.08262247,0.15782534
sinusoidal,T+F,7042,0.1,0.008163681,0.10778683,0.22010121
sinusoidal,T+F,7042,0.15,0.016230894,0.15010957,0.19430356
sinusoidal,T+F,7042,0.2,0.029836146,0.17491364,0.2126671
sinusoidal,T+F,7042,0.25,0.05166823,0.22935344,0.14993738
sinusoidal,T+F,7042,0.3,0.061632972,0.24645956,0.18487605
sinusoidal,T+F+K,7042,0.0,0.0007926737,0.017482197,0.083566934
sinusoidal,T+F+K,7042,0.05,0.0054843104,0.08483266,0.15996729
sinusoidal,T+F+K,7042,0.1,0.00879315,0.11119627,0.22268139
sinusoidal,T+F+K,7042,0.15,0.017195642,0.15449637,0.19765778
sinusoidal,T+F+K,7042,0.2,0.03133014,0.17985183,0.21570337
sinusoidal,T+F+K,7042,0.25,0.053776115,0.23432535,0.15212137
sinusoidal,T+F+K,7042,0.3,0.064311504,0.25197244,0.18717094
sinusoidal,baseline,8042,0.0,0.028120732,0.085981615,0.17714128
sinusoidal,baseline,8042,0.05,0.1083653,0.30525127,0.38551742
sinusoidal,baseline,8042,0.1,0.13622598,0.35169542,0.402695
sinusoidal,baseline,8042,0.15,0.11105411,0.28829822,0.32385647
sinusoidal,baseline,8042,0.2,0.18885812,0.36611122,0.3474323
sinusoidal,baseline,8042,0.25,0.22118938,0.3658398,0.323081
sinusoidal,baseline,8042,0.3,0.28607482,0.37252894,0.2724278
sinusoidal,T,8042,0.0,0.021370105,0.03691019,0.095165655
sinusoidal,T,8042,0.05,0.08191145,0.16277196,0.24834366
sinusoidal,T,8042,0.1,0.10521826,0.19534288,0.26594946
sinusoidal,T,8042,0.15,0.08949649,0.1682428,0.2167599
sinusoidal,T,8042,0.2,0.15787993,0.22640331,0.21281274
sinusoidal,T,8042,0.25,0.19256178,0.24014513,0.23468116
sinusoidal,T,8042,0.3,0.24274188,0.2625,0.18895793
sinusoidal,F,8042,0.0,0.007604211,0.086154215,0.17770566
sinusoidal,F,8042,0.05,0.0478868,0.30552053,0.3862426
sinusoidal,F,8042,0.1,0.06144775,0.3515718,0.4030428
sinusoidal,F,8042,0.15,0.055634763,0.28767282,0.3241269
sinusoidal,F,8042,0.2,0.09972031,0.36681,0.3482031
sinusoidal,F,8042,0.25,0.10634456,0.36487994,0.3231347
sinusoidal,F,8042,0.3,0.1617677,0.37144995,0.2726057
sinusoidal,K,8042,0.0,0.02995483,0.086868435,0.176347
sinusoidal,K,8042,0.05,0.11422493,0.3071004,0.3845993
sinusoidal,K,8042,0.1,0.14346169,0.35364679,0.40197507
sinusoidal,K,8042,0.15,0.11723852,0.28975996,0.32324833
sinusoidal,K,8042,0.2,0.19776748,0.3678522,0.34648702
sinusoidal,K,8042,0.25,0.23172703,0.36732167,0.32286003
sinusoidal,K,8042,0.3,0.29779267,0.3738382,0.27207878
sinusoidal,T+K,8042,0.0,0.023706928,0.03593067,0.0854646
sinusoidal,T+K,8042,0.05,0.087189265,0.15461789,0.2222727
sinusoidal,T+K,8042,0.1,0.11252432,0.1853012,0.23867358
sinusoidal,T+K,8042,0.15,0.097332284,0.16007279,0.19714941
sinusoidal,T+K,8042,0.2,0.16516174,0.2162602,0.18906593
sinusoidal,T+K,8042,0.25,0.19996238,0.22947106,0.21763925
sinusoidal,T+K,8042,0.3,0.24951106,0.2501927,0.1770663
sinusoidal,T+F,8042,0.0,0.0067557995,0.03458295,0.09046983
sinusoidal,T+F,8042,0.05,0.030271882,0.14706989,0.24090004
sinusoidal,T+F,8042,0.1,0.03946128,0.17633127,0.25964734
sinusoidal,T+F,8042,0.15,0.034583755,0.15225266,0.21191274
sinusoidal,T+F,8042,0.2,0.0740338,0.20700192,0.20421313
sinusoidal,T+F,8042,0.25,0.079731815,0.21900342,0.23425972
sinusoidal,T+F,8042,0.3,0.11338151,0.24197637,0.18763077
sinusoidal,T+F+K,8042,0.0,0.01525534,0.033622216,0.085538626
sinusoidal,T+F+K,8042,0.05,0.03041756,0.14201622,0.22641736
sinusoidal,T+F+K,8042,0.1,0.037446044,0.16998306,0.24454594
sinusoidal,T+F+K,8042,0.15,0.035833493,0.14667952,0.20106444
sinusoidal,T+F+K,8042,0.2,0.06945101,0.20066673,0.19152771
sinusoidal,T+F+K,8042,0.25,0.07220642,0.21164982,0.2242928
sinusoidal,T+F+K,8042,0.3,0.10358176,0.23305015,0.18055989
sinusoidal,baseline,9042,0.0,0.02257026,0.093529895,0.1897078
sinusoidal,baseline,9042,0.05,0.05985769,0.255037,0.3353443
sinusoidal,baseline,9042,0.1,0.07712344,0.29167652,0.38290247
sinusoidal,baseline,9042,0.15,0.08594844,0.26929456,0.2971704
sinusoidal,baseline,9042,0.2,0.13776553,0.3617988,0.27919105
sinusoidal,baseline,9042,0.25,0.18179595,0.4484939,0.34316882
sinusoidal,baseline,9042,0.3,0.18957037,0.3880142,0.29764858
sinusoidal,T,9042,0.0,0.019109664,0.00822987,0.040800434
sinusoidal,T,9042,0.05,0.038292088,0.043651886,0.09123026
sinusoidal,T,9042,0.1,0.04865986,0.054775182,0.10918642
sinusoidal,T,9042,0.15,0.058980126,0.06002423,0.08328546
sinusoidal,T,9042,0.2,0.07953101,0.10225967,0.08434792
sinusoidal,T,9042,0.25,0.10166753,0.13448212,0.11045292
sinusoidal,T,9042,0.3,0.1287807,0.123255566,0.09186567
sinusoidal,F,9042,0.0,0.0070370855,0.094707996,0.19218548
sinusoidal,F,9042,0.05,0.030839285,0.25716937,0.33925653
sinusoidal,F,9042,0.1,0.04016386,0.29394296,0.38635612
sinusoidal,F,9042,0.15,0.048089743,0.27123156,0.30006012
sinusoidal,F,9042,0.2,0.093689464,0.36353123,0.28201294
sinusoidal,F,9042,0.25,0.12926188,0.45047957,0.3455519
sinusoidal,F,9042,0.3,0.13793291,0.38983104,0.3002301
sinusoidal,K,9042,0.0,0.011850067,0.09493139,0.18905026
sinusoidal,K,9042,0.05,0.054019276,0.25872117,0.33519927
sinusoidal,K,9042,0.1,0.071120426,0.29561165,0.3821341
sinusoidal,K,9042,0.15,0.085372165,0.2722588,0.2966766
sinusoidal,K,9042,0.2,0.14042927,0.36473843,0.27918702
sinusoidal,K,9042,0.25,0.18342602,0.4519515,0.34247887
sinusoidal,K,9042,0.3,0.19516084,0.39088207,0.29708886
sinusoidal,T+K,9042,0.0,0.0076457965,0.005268291,0.016572097
sinusoidal,T+K,9042,0.05,0.030885823,0.031672746,0.043272663
sinusoidal,T+K,9042,0.1,0.041576657,0.04098168,0.053881407
sinusoidal,T+K,9042,0.15,0.05324169,0.044917103,0.042190608
sinusoidal,T+K,9042,0.2,0.07580845,0.077070475,0.047162294
sinusoidal,T+K,9042,0.25,0.09965304,0.10392599,0.06514136
sinusoidal,T+K,9042,0.3,0.12584381,0.09651231,0.056499846
sinusoidal,T+F,9042,0.0,0.00094572845,0.020818302,0.1023851
sinusoidal,T+F,9042,0.05,0.0070351493,0.09114732,0.20877312
sinusoidal,T+F,9042,0.1,0.0114380205,0.10653357,0.24195406
sinusoidal,T+F,9042,0.15,0.017001184,0.11531077,0.18468657
sinusoidal,T+F,9042,0.2,0.037832793,0.18686923,0.18302208
sinusoidal,T+F,9042,0.25,0.056073874,0.23568887,0.22582023
sinusoidal,T+F,9042,0.3,0.06835172,0.21071191,0.18922457
sinusoidal,T+F+K,9042,0.0,0.0008161941,0.01792128,0.09082369
sinusoidal,T+F+K,9042,0.05,0.0062169353,0.08139681,0.19063286
sinusoidal,T+F+K,9042,0.1,0.010186048,0.095852874,0.21953782
sinusoidal,T+F+K,9042,0.15,0.015575448,0.10495549,0.16783631
sinusoidal,T+F+K,9042,0.2,0.03477434,0.1717369,0.16886495
sinusoidal,T+F+K,9042,0.25,0.05170964,0.2169579,0.20643324
sinusoidal,T+F+K,9042,0.3,0.06269492,0.19336241,0.17232387
