time,ensemble_survival,MTE,RPD,surface,config,seed,sim_mode,W2,MMD,drift_coeff_error,cov_coeff_error
0.1,1.0,0.4968032836914062,0.6320082596921858,paraboloid,baseline,42,learned_latent,,,,
0.2,0.9799999594688416,0.7461712117097816,0.6565282701636563,paraboloid,baseline,42,learned_latent,,,,
0.5,0.9149999618530272,0.7914350332458162,0.5332988468171075,paraboloid,baseline,42,learned_latent,,,,
1.0,0.8050000071525574,1.1135832034282802,0.581704802174633,paraboloid,baseline,42,learned_latent,1.772127655157863,0.2551487982273102,,
2.0,0.5249999761581421,,,paraboloid,baseline,42,learned_latent,2.8928107118258364,0.3299296498298645,,
3.0,0.3299999833106994,,,paraboloid,baseline,42,learned_latent,2.7427355648304936,0.2872874438762665,,
4.0,0.2249999940395355,,,paraboloid,baseline,42,learned_latent,1.9664715975764575,0.2160976976156234,,
5.0,0.1599999964237213,,,paraboloid,baseline,42,learned_latent,1.7698493438984908,0.2744555473327636,,
0.1,0.9899999499320984,0.9852347325797032,1.25336629037415,paraboloid,baseline,42,end_to_end,,,3.907400608062744,10.625564575195312
0.2,0.9199999570846558,1.337674679963485,1.1769701509467076,paraboloid,baseline,42,end_to_end,,,4.63296365737915,7.8175764083862305
0.5,0.7450000047683716,1.6225682201001468,1.0933478103852554,paraboloid,baseline,42,end_to_end,,,5.22287654876709,15.971440315246582
1.0,0.4949999749660492,1.9165233265269883,1.0011383245439307,paraboloid,baseline,42,end_to_end,1.8156424325537135,0.2591423690319061,5.986474514007568,10.559126853942873
2.0,0.1599999964237213,,,paraboloid,baseline,42,end_to_end,2.70744160983066,0.2737782001495361,,
3.0,0.0549999997019767,,,paraboloid,baseline,42,end_to_end,2.827306071242325,0.3319301605224609,,
4.0,0.0350000001490116,,,paraboloid,baseline,42,end_to_end,2.062211064646817,0.2951800525188446,,
5.0,0.0099999997764825,,,paraboloid,baseline,42,end_to_end,1.9249925014936944,0.2752386331558227,,
0.1,1.0,0.3413488006591796,0.434246850885609,paraboloid,T+F,42,learned_latent,,,,
0.2,0.9799999594688416,0.5597752940898039,0.492525441536427,paraboloid,T+F,42,learned_latent,,,,
0.5,0.9149999618530272,0.5941391825024548,0.4003534435137959,paraboloid,T+F,42,learned_latent,,,,
1.0,0.8050000071525574,0.8426454911320846,0.4401744990525129,paraboloid,T+F,42,learned_latent,1.5274047174067362,0.2051089406013488,,
2.0,0.5249999761581421,,,paraboloid,T+F,42,learned_latent,2.6434714065160105,0.2556398212909698,,
3.0,0.3299999833106994,,,paraboloid,T+F,42,learned_latent,2.534198207696231,0.2619673311710357,,
4.0,0.2249999940395355,,,paraboloid,T+F,42,learned_latent,1.7466551178771712,0.1403275728225708,,
5.0,0.1599999964237213,,,paraboloid,T+F,42,learned_latent,1.391674199707805,0.1791034042835235,,
0.1,0.9749999642372132,1.102981958633814,1.4031584150740866,paraboloid,T+F,42,end_to_end,,,0.1596201807260513,0.0820328518748283
0.2,0.8899999856948853,1.326954873760095,1.1675381925533053,paraboloid,T+F,42,end_to_end,,,0.1561787873506546,0.0780743807554245
0.5,0.6699999570846558,1.5556858119679922,1.0482799151937232,paraboloid,T+F,42,end_to_end,,,0.1590731889009475,0.084456980228424
1.0,0.4399999976158142,1.9807926524769175,1.0347108276335109,paraboloid,T+F,42,end_to_end,1.3162224509472116,0.1818187236785888,0.1370043605566024,0.078031837940216
2.0,0.1199999973177909,,,paraboloid,T+F,42,end_to_end,2.543987861760705,0.2986601293087005,,
3.0,0.0549999997019767,,,paraboloid,T+F,42,end_to_end,2.198765691298805,0.2167176902294159,,
4.0,0.0249999985098838,,,paraboloid,T+F,42,end_to_end,2.0026412315146462,0.2619363665580749,,
5.0,0.0049999998882412,,,paraboloid,T+F,42,end_to_end,2.0305941797640337,0.4099693298339844,,
0.1,1.0,0.3315311431884765,0.4217573186783958,paraboloid,T+F+K,42,learned_latent,,,,
0.2,0.9799999594688416,0.5489154737822863,0.4829702899453525,paraboloid,T+F+K,42,learned_latent,,,,
0.5,0.9149999618530272,0.5799021903282958,0.3907600199355084,paraboloid,T+F+K,42,learned_latent,,,,
1.0,0.8050000071525574,0.8232042774650621,0.4300189513436447,paraboloid,T+F+K,42,learned_latent,1.5075238414663277,0.2011250555515289,,
2.0,0.5249999761581421,,,paraboloid,T+F+K,42,learned_latent,2.64505137966416,0.2535207271575928,,
3.0,0.3299999833106994,,,paraboloid,T+F+K,42,learned_latent,2.537337799521662,0.2631747722625732,,
4.0,0.2249999940395355,,,paraboloid,T+F+K,42,learned_latent,1.7354462779681712,0.1351776421070099,,
5.0,0.1599999964237213,,,paraboloid,T+F+K,42,learned_latent,1.384587586828523,0.1778952777385711,,
0.1,0.9699999690055848,1.071303298792888,1.3628584103585768,paraboloid,T+F+K,42,end_to_end,,,0.0353378280997276,0.0475939363241195
0.2,0.8650000095367432,1.2188154452108924,1.0723903352683637,paraboloid,T+F+K,42,end_to_end,,,0.0534799955785274,0.0437106043100357
0.5,0.6649999618530273,1.6462978276991307,1.1093377171196848,paraboloid,T+F+K,42,end_to_end,,,0.0634731948375701,0.0496356040239334
1.0,0.3899999856948852,1.9313350579677484,1.0088755598767605,paraboloid,T+F+K,42,end_to_end,1.2922622143059688,0.1816996783018112,0.0456299632787704,0.0466609075665473
2.0,0.0850000008940696,,,paraboloid,T+F+K,42,end_to_end,2.327744400170725,0.2544847130775451,,
3.0,0.0249999985098838,,,paraboloid,T+F+K,42,end_to_end,2.1996789383533693,0.2214827835559845,,
4.0,0.0049999998882412,,,paraboloid,T+F+K,42,end_to_end,2.6411890411904846,0.5800276398658752,,
5.0,0.0,,,paraboloid,T+F+K,42,end_to_end,,,,
0.1,0.9950000047683716,0.5989494132037139,0.725201700294436,paraboloid,baseline,1042,learned_latent,,,,
0.2,0.9899999499320984,0.8944651285807291,0.7111414054834254,paraboloid,baseline,1042,learned_latent,,,,
0.5,0.9049999713897704,0.9784181710764848,0.6083510551958924,paraboloid,baseline,1042,learned_latent,,,,
1.0,0.7649999856948853,1.1442036348230695,0.5906377645478055,paraboloid,baseline,1042,learned_latent,1.912418599657278,0.2407328188419342,,
2.0,0.4949999749660492,,,paraboloid,baseline,1042,learned_latent,1.862794013888987,0.297040581703186,,
3.0,0.3799999952316284,,,paraboloid,baseline,1042,learned_latent,1.9132488928004985,0.2800653576850891,,
4.0,0.2199999988079071,,,paraboloid,baseline,1042,learned_latent,1.4991252028149689,0.2702816426753998,,
5.0,0.1349999904632568,,,paraboloid,baseline,1042,learned_latent,1.3524685699132584,0.1664491295814514,,
0.1,0.949999988079071,0.9826628032483552,1.1897978694394775,paraboloid,baseline,1042,end_to_end,,,2.3569138050079346,6.585362434387207
0.2,0.8650000095367432,1.2542481174358744,0.9971856258651074,paraboloid,baseline,1042,end_to_end,,,2.4397103786468506,5.185652256011963
0.5,0.6049999594688416,1.547412084153861,0.9621343941130543,paraboloid,baseline,1042,end_to_end,,,1.916844606399536,2.918142557144165
1.0,0.375,1.8079978434244792,0.93328824699339,paraboloid,baseline,1042,end_to_end,1.6817145887789664,0.2401309013366699,1.883392095565796,3.436490058898926
2.0,0.1400000005960464,,,paraboloid,baseline,1042,end_to_end,1.632113805866647,0.2508494555950165,,
3.0,0.0649999976158142,,,paraboloid,baseline,1042,end_to_end,2.0983114445450566,0.2673314213752746,,
4.0,0.0299999993294477,,,paraboloid,baseline,1042,end_to_end,1.6191849986712945,0.3136508762836456,,
5.0,0.0149999996647238,,,paraboloid,baseline,1042,end_to_end,2.17170518076026,0.4681341648101806,,
0.1,0.9950000047683716,0.4029376159361259,0.4878726612761176,paraboloid,T+F,1042,learned_latent,,,,
0.2,0.9899999499320984,0.6877079202671244,0.5467598024272299,paraboloid,T+F,1042,learned_latent,,,,
0.5,0.9049999713897704,0.7295653622453384,0.4536218470554447,paraboloid,T+F,1042,learned_latent,,,,
1.0,0.7649999856948853,0.9161386926189746,0.4729106716287372,paraboloid,T+F,1042,learned_latent,1.7287212683882809,0.1996795684099197,,
2.0,0.4949999749660492,,,paraboloid,T+F,1042,learned_latent,1.6390442947650778,0.2253199815750122,,
3.0,0.3799999952316284,,,paraboloid,T+F,1042,learned_latent,1.8509118520157708,0.2616989314556122,,
4.0,0.2199999988079071,,,paraboloid,T+F,1042,learned_latent,1.1459414109683257,0.2080290168523788,,
5.0,0.1349999904632568,,,paraboloid,T+F,1042,learned_latent,1.2446147397761869,0.1718767285346985,,
0.1,0.9449999928474426,0.9784308539496528,1.184673869383174,paraboloid,T+F,1042,end_to_end,,,0.0510525330901145,0.0491482987999916
0.2,0.824999988079071,1.3008273962772254,1.0342183203360502,paraboloid,T+F,1042,end_to_end,,,0.0849975645542144,0.0507459752261638
0.5,0.5450000166893005,1.6426852165012185,1.0213723685382063,paraboloid,T+F,1042,end_to_end,,,0.0334973186254501,0.0326319932937622
1.0,0.3299999833106994,1.701212218313506,0.8781655214733489,paraboloid,T+F,1042,end_to_end,1.3995771714223542,0.175161674618721,0.0924460664391517,0.2946797609329223
2.0,0.1299999952316284,,,paraboloid,T+F,1042,end_to_end,1.534596685007946,0.2635201513767242,,
3.0,0.0599999986588954,,,paraboloid,T+F,1042,end_to_end,1.63328856854603,0.1997258365154266,,
4.0,0.0199999995529651,,,paraboloid,T+F,1042,end_to_end,1.13794586155432,0.1400277912616729,,
5.0,0.0049999998882412,,,paraboloid,T+F,1042,end_to_end,1.7852151018417195,0.3381491303443908,,
0.1,0.9950000047683716,0.3522299761748194,0.4264763801175452,paraboloid,T+F+K,1042,learned_latent,,,,
0.2,0.9899999499320984,0.6376417911413944,0.5069548997027602,paraboloid,T+F+K,1042,learned_latent,,,,
0.5,0.9049999713897704,0.6715258182083046,0.4175346004140923,paraboloid,T+F+K,1042,learned_latent,,,,
1.0,0.7649999856948853,0.8631986730238971,0.445583040534829,paraboloid,T+F+K,1042,learned_latent,1.7013775621997005,0.197510227560997,,
2.0,0.4949999749660492,,,paraboloid,T+F+K,1042,learned_latent,1.6237108912312497,0.2251649051904678,,
3.0,0.3799999952316284,,,paraboloid,T+F+K,1042,learned_latent,1.7685711766915269,0.2530382871627807,,
4.0,0.2199999988079071,,,paraboloid,T+F+K,1042,learned_latent,1.1593872148618536,0.1974411010742187,,
5.0,0.1349999904632568,,,paraboloid,T+F+K,1042,learned_latent,1.216635362786794,0.1474379003047943,,
0.1,0.9649999737739564,1.0190530885686528,1.233858847222761,paraboloid,T+F+K,1042,end_to_end,,,0.0189452357590198,0.0148109346628189
0.2,0.8650000095367432,1.3817574385273663,1.0985614703959286,paraboloid,T+F+K,1042,end_to_end,,,0.0169467404484748,0.0184790380299091
0.5,0.5699999928474426,1.676801045735677,1.0425845672965666,paraboloid,T+F+K,1042,end_to_end,,,0.0083095049485564,0.0093210404738783
1.0,0.3499999940395355,1.82737295968192,0.943289679435892,paraboloid,T+F+K,1042,end_to_end,1.3878745726286392,0.1419143825769424,0.0218249838799238,0.047366838902235
2.0,0.1149999946355819,,,paraboloid,T+F+K,1042,end_to_end,1.5281121777544693,0.2545743882656097,,
3.0,0.044999998062849,,,paraboloid,T+F+K,1042,end_to_end,2.1376545029143483,0.3315046727657318,,
4.0,0.0149999996647238,,,paraboloid,T+F+K,1042,end_to_end,1.6781052107315777,0.3313462436199188,,
5.0,0.0099999997764825,,,paraboloid,T+F+K,1042,end_to_end,1.918133388686148,0.5322486162185669,,
0.1,1.0,0.3450572967529297,0.4486162399469774,paraboloid,baseline,2042,learned_latent,,,,
0.2,0.9899999499320984,0.5817921571057252,0.5134145961095951,paraboloid,baseline,2042,learned_latent,,,,
0.5,0.9099999666213988,1.1846553257533483,0.6345407264171675,paraboloid,baseline,2042,learned_latent,,,,
1.0,0.7749999761581421,0.9574029737903226,0.5239012530254029,paraboloid,baseline,2042,learned_latent,1.7691143538414331,0.2386898845434188,,
2.0,0.5049999952316284,,,paraboloid,baseline,2042,learned_latent,1.831832581407674,0.2463750392198562,,
3.0,0.3299999833106994,,,paraboloid,baseline,2042,learned_latent,2.604475185014885,0.3724024295806885,,
4.0,0.1700000017881393,,,paraboloid,baseline,2042,learned_latent,2.8971362175050563,0.351165622472763,,
5.0,0.1049999967217445,,,paraboloid,baseline,2042,learned_latent,1.5423543570254543,0.3334648013114929,,
0.1,0.9799999594688416,1.0125999450683594,1.316502459741786,paraboloid,baseline,2042,end_to_end,,,0.7753428220748901,0.7564375400543213
0.2,0.8949999809265137,1.408065881143069,1.2425770386096804,paraboloid,baseline,2042,end_to_end,,,0.8553006649017334,0.6974948644638062
0.5,0.6299999952316284,1.8557762267097595,0.994015364102028,paraboloid,baseline,2042,end_to_end,,,0.9726141691207886,0.6781696677207947
1.0,0.3700000047683716,1.8915493939373944,1.0350762685851804,paraboloid,baseline,2042,end_to_end,1.4659945456354735,0.1687172502279281,0.4895105361938476,0.3465043902397156
2.0,0.1049999967217445,,,paraboloid,baseline,2042,end_to_end,1.6441528106664032,0.1726362556219101,,
3.0,0.0199999995529651,,,paraboloid,baseline,2042,end_to_end,2.576624441860601,0.3329297602176666,,
4.0,0.0,,,paraboloid,baseline,2042,end_to_end,2.8847117253313765,0.3778408765792846,,
5.0,0.0,,,paraboloid,baseline,2042,end_to_end,,,,
0.1,1.0,0.1939400100708007,0.252145481089592,paraboloid,T+F,2042,learned_latent,,,,
0.2,0.9899999499320984,0.4064304852726483,0.3586630395310808,paraboloid,T+F,2042,learned_latent,,,,
0.5,0.9099999666213988,0.8539472307477679,0.4574024902779497,paraboloid,T+F,2042,learned_latent,,,,
1.0,0.7749999761581421,0.7012555522303427,0.3837346159998015,paraboloid,T+F,2042,learned_latent,1.4635247004906229,0.1475966870784759,,
2.0,0.5049999952316284,,,paraboloid,T+F,2042,learned_latent,1.5001830838450343,0.1406317800283432,,
3.0,0.3299999833106994,,,paraboloid,T+F,2042,learned_latent,2.153180320250495,0.2752252221107483,,
4.0,0.1700000017881393,,,paraboloid,T+F,2042,learned_latent,2.4510653834502296,0.2617317140102386,,
5.0,0.1049999967217445,,,paraboloid,T+F,2042,learned_latent,1.1024492867531364,0.2168653160333633,,
0.1,0.9699999690055848,0.505866571799996,0.6576877564721577,paraboloid,T+F,2042,end_to_end,,,0.0794638395309448,0.063257060945034
0.2,0.8899999856948853,0.7972238947836201,0.7035268161493454,paraboloid,T+F,2042,end_to_end,,,0.0941854119300842,0.0712898075580596
0.5,0.6150000095367432,0.9311971897032204,0.4987801332139804,paraboloid,T+F,2042,end_to_end,,,0.0534958317875862,0.0858391001820564
1.0,0.3999999761581421,1.2727837562561035,0.6964810252187372,paraboloid,T+F,2042,end_to_end,1.4496615775852022,0.1903667598962783,0.0491279326379299,0.0422452688217163
2.0,0.1550000011920929,,,paraboloid,T+F,2042,end_to_end,1.4443508680941437,0.156327798962593,,
3.0,0.0599999986588954,,,paraboloid,T+F,2042,end_to_end,2.1869106052852803,0.2522883415222168,,
4.0,0.0049999998882412,,,paraboloid,T+F,2042,end_to_end,2.6364495091322344,0.2629356980323791,,
5.0,0.0,,,paraboloid,T+F,2042,end_to_end,,,,
0.1,1.0,0.2033374595642089,0.2643633025832875,paraboloid,T+F+K,2042,learned_latent,,,,
0.2,0.9899999499320984,0.4230709268589212,0.3733477434958148,paraboloid,T+F+K,2042,learned_latent,,,,
0.5,0.9099999666213988,0.8933367886386074,0.4785008453302177,paraboloid,T+F+K,2042,learned_latent,,,,
1.0,0.7749999761581421,0.731707271452873,0.4003981258219,paraboloid,T+F+K,2042,learned_latent,1.49621253657526,0.1539646834135055,,
2.0,0.5049999952316284,,,paraboloid,T+F+K,2042,learned_latent,1.5471818612417094,0.1516748070716858,,
3.0,0.3299999833106994,,,paraboloid,T+F+K,2042,learned_latent,2.2361039971368872,0.2820013463497162,,
4.0,0.1700000017881393,,,paraboloid,T+F+K,2042,learned_latent,2.507493221775664,0.2640450596809387,,
5.0,0.1049999967217445,,,paraboloid,T+F+K,2042,learned_latent,1.1846185224456298,0.2315732687711715,,
0.1,0.9799999594688416,0.4683793126320352,0.6089497833526092,paraboloid,T+F+K,2042,end_to_end,,,0.0099713783711195,0.0130152618512511
0.2,0.9049999713897704,0.7529557370349188,0.664461459125402,paraboloid,T+F+K,2042,end_to_end,,,0.0133636752143502,0.0163902901113033
0.5,0.6549999713897705,0.9338434816316794,0.5001975750353207,paraboloid,T+F+K,2042,end_to_end,,,0.0154432468116283,0.0221379473805427
1.0,0.4099999964237213,1.392443959305926,0.7619603813846036,paraboloid,T+F+K,2042,end_to_end,1.4020115173046264,0.1772676110267639,0.0129582239314913,0.0180282108485698
2.0,0.1599999964237213,,,paraboloid,T+F+K,2042,end_to_end,1.5096647099939753,0.1616048663854599,,
3.0,0.0649999976158142,,,paraboloid,T+F+K,2042,end_to_end,2.2970277849533187,0.2628321051597595,,
4.0,0.0099999997764825,,,paraboloid,T+F+K,2042,end_to_end,2.2968579164041163,0.1944644153118133,,
5.0,0.0049999998882412,,,paraboloid,T+F+K,2042,end_to_end,1.8675136155963337,0.2991664111614227,,
0.1,0.9899999499320984,0.4008508547387941,0.5777770832277884,paraboloid,baseline,3042,learned_latent,,,,
0.2,0.9899999499320984,0.6081079425233783,0.5479283399198946,paraboloid,baseline,3042,learned_latent,,,,
0.5,0.9049999713897704,0.7226328981515452,0.4880584574765819,paraboloid,baseline,3042,learned_latent,,,,
1.0,0.7450000047683716,0.8441180542811452,0.4577330767666427,paraboloid,baseline,3042,learned_latent,1.8037030784033128,0.1580255776643753,,
2.0,0.5249999761581421,,,paraboloid,baseline,3042,learned_latent,2.5483002747550016,0.2948248386383056,,
3.0,0.3149999976158142,,,paraboloid,baseline,3042,learned_latent,1.913012475646572,0.2888295948505401,,
4.0,0.2049999982118606,,,paraboloid,baseline,3042,learned_latent,2.328213032098239,0.314642995595932,,
5.0,0.1049999967217445,,,paraboloid,baseline,3042,learned_latent,1.0094904207911048,0.2090359926223755,,
0.1,0.9350000023841858,1.234476344470672,1.779345442800023,paraboloid,baseline,3042,end_to_end,,,0.4838605523109436,0.5183351039886475
0.2,0.7749999761581421,1.6233849310105848,1.4627314463425318,paraboloid,baseline,3042,end_to_end,,,0.3794174194335937,0.350882887840271
0.5,0.4949999749660492,1.8789891715001577,1.269048999849505,paraboloid,baseline,3042,end_to_end,,,0.4956722259521484,0.4107587337493896
1.0,0.25,2.034523162841797,1.103244436435671,paraboloid,baseline,3042,end_to_end,1.6026626583785426,0.1623698472976684,0.4477139115333557,0.255024254322052
2.0,0.0999999940395355,,,paraboloid,baseline,3042,end_to_end,2.4575048342304187,0.250046968460083,,
3.0,0.0299999993294477,,,paraboloid,baseline,3042,end_to_end,2.1760523348015504,0.4212186634540558,,
4.0,0.0,,,paraboloid,baseline,3042,end_to_end,,,,
5.0,0.0,,,paraboloid,baseline,3042,end_to_end,,,,
0.1,0.9899999499320984,0.2208235769560843,0.3182899592037858,paraboloid,T+F,3042,learned_latent,,,,
0.2,0.9899999499320984,0.400778799345999,0.3611169117270648,paraboloid,T+F,3042,learned_latent,,,,
0.5,0.9049999713897704,0.5506730896333305,0.3719186593743263,paraboloid,T+F,3042,learned_latent,,,,
1.0,0.7450000047683716,0.6958478889209312,0.3773318122292713,paraboloid,T+F,3042,learned_latent,1.7015072431279086,0.1479963511228561,,
2.0,0.5249999761581421,,,paraboloid,T+F,3042,learned_latent,2.366020475568977,0.2493783831596374,,
3.0,0.3149999976158142,,,paraboloid,T+F,3042,learned_latent,1.69596564690076,0.2600797712802887,,
4.0,0.2049999982118606,,,paraboloid,T+F,3042,learned_latent,2.115513120564737,0.2902305126190185,,
5.0,0.1049999967217445,,,paraboloid,T+F,3042,learned_latent,0.8163258696752331,0.1641500294208526,,
0.1,0.959999978542328,1.2565031846364338,1.8110944170462964,paraboloid,T+F,3042,end_to_end,,,0.0585200488567352,0.1117421388626098
0.2,0.875,1.7132993861607142,1.543747783574993,paraboloid,T+F,3042,end_to_end,,,0.0737348273396492,0.1017109155654907
0.5,0.5249999761581421,1.9016848609561008,1.2843774234731309,paraboloid,T+F,3042,end_to_end,,,0.0567992776632308,0.0420425832271575
1.0,0.2849999964237213,2.0464402583607457,1.1097066235318298,paraboloid,T+F,3042,end_to_end,1.3795860033003216,0.1706726253032684,0.0409112870693206,0.0280792955309152
2.0,0.0700000002980232,,,paraboloid,T+F,3042,end_to_end,2.416980197147572,0.2784658968448639,,
3.0,0.0199999995529651,,,paraboloid,T+F,3042,end_to_end,2.0498169203881984,0.2931221127510071,,
4.0,0.0,,,paraboloid,T+F,3042,end_to_end,,,,
5.0,0.0,,,paraboloid,T+F,3042,end_to_end,,,,
0.1,0.9899999499320984,0.2381638035629734,0.3432837578523277,paraboloid,T+F+K,3042,learned_latent,,,,
0.2,0.9899999499320984,0.4287827616990214,0.3863495448342716,paraboloid,T+F+K,3042,learned_latent,,,,
0.5,0.9049999713897704,0.5786549267847894,0.3908172900793983,paraboloid,T+F+K,3042,learned_latent,,,,
1.0,0.7450000047683716,0.7254564938129194,0.39338743116461,paraboloid,T+F+K,3042,learned_latent,1.7366201404655055,0.156972736120224,,
2.0,0.5249999761581421,,,paraboloid,T+F+K,3042,learned_latent,2.4175618128810354,0.2619568407535553,,
3.0,0.3149999976158142,,,paraboloid,T+F+K,3042,learned_latent,1.7575765915157706,0.2646887600421905,,
4.0,0.2049999982118606,,,paraboloid,T+F+K,3042,learned_latent,2.1729070430038053,0.30174320936203,,
5.0,0.1049999967217445,,,paraboloid,T+F+K,3042,learned_latent,0.8581178565822896,0.1685316711664199,,
0.1,0.9799999594688416,1.2567021895428092,1.811381258082044,paraboloid,T+F+K,3042,end_to_end,,,0.0106043303385376,0.0290452782064676
0.2,0.9149999618530272,1.7584323570376537,1.5844143035774083,paraboloid,T+F+K,3042,end_to_end,,,0.02081785723567,0.0338553898036479
0.5,0.5649999976158142,1.907679194897677,1.2884259318992048,paraboloid,T+F+K,3042,end_to_end,,,0.0235068369656801,0.020611897110939
1.0,0.3100000023841858,1.979980960969002,1.073668277330624,paraboloid,T+F+K,3042,end_to_end,1.387117708903029,0.2001601755619049,0.0093888454139232,0.0266768895089626
2.0,0.089999996125698,,,paraboloid,T+F+K,3042,end_to_end,2.261541250287801,0.2289885431528091,,
3.0,0.0399999991059303,,,paraboloid,T+F+K,3042,end_to_end,2.1941238076637464,0.343387246131897,,
4.0,0.0,,,paraboloid,T+F+K,3042,end_to_end,,,,
5.0,0.0,,,paraboloid,T+F+K,3042,end_to_end,,,,
0.1,1.0,0.52500732421875,0.6486921770709994,paraboloid,baseline,4042,learned_latent,,,,
0.2,0.9899999499320984,0.6918820467862216,0.5948566755681854,paraboloid,baseline,4042,learned_latent,,,,
0.5,0.8999999761581421,1.023246086968316,0.5940432945233083,paraboloid,baseline,4042,learned_latent,,,,
1.0,0.7149999737739563,1.1096416553417283,0.5453676631655149,paraboloid,baseline,4042,learned_latent,1.843982423701499,0.2666514217853546,,
2.0,0.4650000035762787,,,paraboloid,baseline,4042,learned_latent,2.1227118700857006,0.2883756458759308,,
3.0,0.2949999868869781,,,paraboloid,baseline,4042,learned_latent,2.4336241283083133,0.3608050048351288,,
4.0,0.1799999922513961,,,paraboloid,baseline,4042,learned_latent,2.235328116714543,0.3193475008010864,,
5.0,0.1149999946355819,,,paraboloid,baseline,4042,learned_latent,2.3067578960479462,0.2949157953262329,,
0.1,0.9749999642372132,1.377610113681891,1.702157022531339,paraboloid,baseline,4042,end_to_end,,,0.6758067011833191,0.4462446272373199
0.2,0.8949999809265137,1.7774344502880586,1.5281777479990186,paraboloid,baseline,4042,end_to_end,,,0.8076270818710327,0.70770263671875
0.5,0.6599999666213989,2.301180752840909,1.335945490650646,paraboloid,baseline,4042,end_to_end,,,0.7795950174331665,0.7424083352088928
1.0,0.3849999904632568,2.2661497438108764,1.1137692823767158,paraboloid,baseline,4042,end_to_end,1.5993644309051955,0.1846190690994262,0.5983000993728638,0.9259416460990906
2.0,0.0850000008940696,,,paraboloid,baseline,4042,end_to_end,2.3286887028592043,0.3427831828594208,,
3.0,0.0499999970197677,,,paraboloid,baseline,4042,end_to_end,2.1455656738125626,0.2605553567409515,,
4.0,0.0149999996647238,,,paraboloid,baseline,4042,end_to_end,2.469385148082824,0.3121186792850494,,
5.0,0.0,,,paraboloid,baseline,4042,end_to_end,,,,
0.1,1.0,0.4820512008666992,0.5956161533845911,paraboloid,T+F,4042,learned_latent,,,,
0.2,0.9899999499320984,0.6108282455290207,0.5251693712336064,paraboloid,T+F,4042,learned_latent,,,,
0.5,0.8999999761581421,0.947023688422309,0.5497925465112706,paraboloid,T+F,4042,learned_latent,,,,
1.0,0.7149999737739563,1.0242860167176573,0.5034169983267169,paraboloid,T+F,4042,learned_latent,1.7614454201409395,0.2307050079107284,,
2.0,0.4650000035762787,,,paraboloid,T+F,4042,learned_latent,2.0259781321821757,0.2443561106920242,,
3.0,0.2949999868869781,,,paraboloid,T+F,4042,learned_latent,2.322604658816777,0.3212222754955292,,
4.0,0.1799999922513961,,,paraboloid,T+F,4042,learned_latent,2.104550726547947,0.2816648483276367,,
5.0,0.1149999946355819,,,paraboloid,T+F,4042,learned_latent,2.17071298574365,0.2754942774772644,,
0.1,0.949999988079071,1.3181826139751234,1.628729181843526,paraboloid,T+F,4042,end_to_end,,,0.0575682446360588,0.0505927987396717
0.2,0.8399999737739563,1.684152330671038,1.4479769510234617,paraboloid,T+F,4042,end_to_end,,,0.0706367045640945,0.0387685969471931
0.5,0.5649999976158142,2.13903011895914,1.2418092921477422,paraboloid,T+F,4042,end_to_end,,,0.0807153284549713,0.0356899015605449
1.0,0.3100000023841858,2.150352724136845,1.0568572606288398,paraboloid,T+F,4042,end_to_end,1.544495098013817,0.2169477641582489,0.0973606258630752,0.0472732298076152
2.0,0.0949999988079071,,,paraboloid,T+F,4042,end_to_end,2.1741198950338227,0.3161757886409759,,
3.0,0.0350000001490116,,,paraboloid,T+F,4042,end_to_end,2.0389916420955427,0.2409795373678207,,
4.0,0.0099999997764825,,,paraboloid,T+F,4042,end_to_end,2.349469793522704,0.2808861136436462,,
5.0,0.0,,,paraboloid,T+F,4042,end_to_end,,,,
0.1,1.0,0.4835070037841797,0.5974149244118944,paraboloid,T+F+K,4042,learned_latent,,,,
0.2,0.9899999499320984,0.5935599201857441,0.5103226518338974,paraboloid,T+F+K,4042,learned_latent,,,,
0.5,0.8999999761581421,0.937113783094618,0.5440393724857364,paraboloid,T+F+K,4042,learned_latent,,,,
1.0,0.7149999737739563,0.9955105014614292,0.4892743826127819,paraboloid,T+F+K,4042,learned_latent,1.694207604333837,0.2298708111047744,,
2.0,0.4650000035762787,,,paraboloid,T+F+K,4042,learned_latent,1.9701193201664569,0.22923544049263,,
3.0,0.2949999868869781,,,paraboloid,T+F+K,4042,learned_latent,2.240187143729797,0.311588853597641,,
4.0,0.1799999922513961,,,paraboloid,T+F+K,4042,learned_latent,2.0333102563002603,0.2694640159606933,,
5.0,0.1149999946355819,,,paraboloid,T+F+K,4042,learned_latent,2.065176531631432,0.2704793810844421,,
0.1,0.9649999737739564,1.3257583855347312,1.6380897060101318,paraboloid,T+F+K,4042,end_to_end,,,0.0215414501726627,0.0230545066297054
0.2,0.8499999642372131,1.6808888154871324,1.4451710915536549,paraboloid,T+F+K,4042,end_to_end,,,0.0219375006854534,0.0222160965204238
0.5,0.5550000071525574,2.126028387396185,1.2342611651130728,paraboloid,T+F+K,4042,end_to_end,,,0.0260726530104875,0.0227719750255346
1.0,0.2849999964237213,2.156442608749657,1.0598503225098974,paraboloid,T+F+K,4042,end_to_end,1.5468256296796408,0.2141033858060836,0.0116903642192482,0.018542718142271
2.0,0.0949999988079071,,,paraboloid,T+F+K,4042,end_to_end,1.8519221661697365,0.2329518646001815,,
3.0,0.0249999985098838,,,paraboloid,T+F+K,4042,end_to_end,2.002254915064256,0.2268832325935363,,
4.0,0.0149999996647238,,,paraboloid,T+F+K,4042,end_to_end,2.290899409921757,0.2795323729515075,,
5.0,0.0,,,paraboloid,T+F+K,4042,end_to_end,,,,
0.1,1.0,0.6347430038452149,0.8149085980024526,paraboloid,baseline,5042,learned_latent,,,,
0.2,0.9950000047683716,0.804384931248037,0.7242694012143387,paraboloid,baseline,5042,learned_latent,,,,
0.5,0.8999999761581421,0.9120968288845486,0.5986251013636177,paraboloid,baseline,5042,learned_latent,,,,
1.0,0.73499995470047,0.9837257229551976,0.5450546415750385,paraboloid,baseline,5042,learned_latent,1.4504866761931587,0.2457835376262664,,
2.0,0.4699999988079071,,,paraboloid,baseline,5042,learned_latent,2.2755796694120325,0.3155834674835205,,
3.0,0.25,,,paraboloid,baseline,5042,learned_latent,2.6821829018747314,0.324982076883316,,
4.0,0.1599999964237213,,,paraboloid,baseline,5042,learned_latent,1.68696089583825,0.2964176833629608,,
5.0,0.1099999994039535,,,paraboloid,baseline,5042,learned_latent,2.4901969966701123,0.4347267746925354,,
0.1,0.9350000023841858,0.984219474588486,1.2635805472527857,paraboloid,baseline,5042,end_to_end,,,2.2194340229034424,2.5676867961883545
0.2,0.8650000095367432,1.258384219483833,1.1330510427750544,paraboloid,baseline,5042,end_to_end,,,2.066377639770508,3.2855043411254883
0.5,0.6699999570846558,1.5773930336112407,1.0352706365513709,paraboloid,baseline,5042,end_to_end,,,2.0835564136505127,3.148934125900269
1.0,0.3799999952316284,1.681035694323088,0.9314144038966502,paraboloid,baseline,5042,end_to_end,1.3756005058309848,0.1794418692588806,2.1217777729034424,3.769542217254639
2.0,0.0949999988079071,,,paraboloid,baseline,5042,end_to_end,2.2998151643806803,0.2692495882511139,,
3.0,0.0249999985098838,,,paraboloid,baseline,5042,end_to_end,2.84354131058631,0.2831829190254211,,
4.0,0.0099999997764825,,,paraboloid,baseline,5042,end_to_end,2.450657146483682,0.4991696178913116,,
5.0,0.0,,,paraboloid,baseline,5042,end_to_end,,,,
0.1,1.0,0.3844581222534179,0.4935828004377464,paraboloid,T+F,5042,learned_latent,,,,
0.2,0.9950000047683716,0.5815377163527599,0.5236174339477909,paraboloid,T+F,5042,learned_latent,,,,
0.5,0.8999999761581421,0.7437501695421007,0.4881362444553613,paraboloid,T+F,5042,learned_latent,,,,
1.0,0.73499995470047,0.9124278373458758,0.5055504966909294,paraboloid,T+F,5042,learned_latent,1.4319746250079506,0.2419858425855636,,
2.0,0.4699999988079071,,,paraboloid,T+F,5042,learned_latent,2.33531949629049,0.3204646706581116,,
3.0,0.25,,,paraboloid,T+F,5042,learned_latent,2.7777552713459244,0.3301741778850555,,
4.0,0.1599999964237213,,,paraboloid,T+F,5042,learned_latent,1.6497095305262928,0.2829771935939789,,
5.0,0.1099999994039535,,,paraboloid,T+F,5042,learned_latent,2.6025442056671757,0.4458653628826141,,
0.1,0.9699999690055848,1.0178430301626933,1.3067478202543743,paraboloid,T+F,5042,end_to_end,,,0.2162639498710632,0.4012399911880493
0.2,0.9099999666213988,1.3098072429279706,1.1793524103811464,paraboloid,T+F,5042,end_to_end,,,0.3078870475292206,0.5954616069793701
0.5,0.7049999833106995,1.7173490050836655,1.1271261884576136,paraboloid,T+F,5042,end_to_end,,,0.2818781435489654,1.0649974346160889
1.0,0.429999977350235,1.716365370639535,0.950989579794028,paraboloid,T+F,5042,end_to_end,1.245496742618157,0.1792517602443695,0.4833970069885254,0.6125330924987793
2.0,0.1199999973177909,,,paraboloid,T+F,5042,end_to_end,2.202885897154077,0.3012309372425079,,
3.0,0.0399999991059303,,,paraboloid,T+F,5042,end_to_end,2.814994430905906,0.3470183908939361,,
4.0,0.0099999997764825,,,paraboloid,T+F,5042,end_to_end,1.7154543463024707,0.2756437361240387,,
5.0,0.0,,,paraboloid,T+F,5042,end_to_end,3.4371044806251145,0.4862368106842041,,
0.1,1.0,0.3985971069335937,0.5117349976468548,paraboloid,T+F+K,5042,learned_latent,,,,
0.2,0.9950000047683716,0.6011871261213293,0.5413097920396018,paraboloid,T+F+K,5042,learned_latent,,,,
0.5,0.8999999761581421,0.7584969414605035,0.4978148087863392,paraboloid,T+F+K,5042,learned_latent,,,,
1.0,0.73499995470047,0.9316245358006484,0.5161868451684885,paraboloid,T+F+K,5042,learned_latent,1.4498611309059717,0.2655060589313507,,
2.0,0.4699999988079071,,,paraboloid,T+F+K,5042,learned_latent,2.346123561865941,0.3401545584201813,,
3.0,0.25,,,paraboloid,T+F+K,5042,learned_latent,2.8007922696118923,0.3581562042236328,,
4.0,0.1599999964237213,,,paraboloid,T+F+K,5042,learned_latent,1.6577828618057713,0.2981417775154114,,
5.0,0.1099999994039535,,,paraboloid,T+F+K,5042,learned_latent,2.650972864221456,0.4687765836715698,,
0.1,0.959999978542328,0.9919867515563964,1.2735524898277688,paraboloid,T+F+K,5042,end_to_end,,,0.1400429606437683,0.1710691750049591
0.2,0.8999999761581421,1.2828545464409722,1.1550841619500594,paraboloid,T+F+K,5042,end_to_end,,,0.2157006859779358,0.2540490627288818
0.5,0.7099999785423279,1.7709911507619938,1.1623324668670254,paraboloid,T+F+K,5042,end_to_end,,,0.2277646511793136,0.3924914598464966
1.0,0.4199999868869781,1.7689121791294642,0.9801042823976672,paraboloid,T+F+K,5042,end_to_end,1.2448484736147682,0.1943850070238113,0.1956105828285217,0.2605041861534118
2.0,0.0949999988079071,,,paraboloid,T+F+K,5042,end_to_end,2.34354841619088,0.3430148959159851,,
3.0,0.0350000001490116,,,paraboloid,T+F+K,5042,end_to_end,3.065019046009136,0.4122876822948456,,
4.0,0.0049999998882412,,,paraboloid,T+F+K,5042,end_to_end,2.203587314022473,0.4288994371891022,,
5.0,0.0049999998882412,,,paraboloid,T+F+K,5042,end_to_end,3.1989951442142623,0.435779333114624,,
0.1,1.0,0.5117183685302734,0.735470617733548,paraboloid,baseline,6042,learned_latent,,,,
0.2,0.9950000047683716,0.7974151151264133,0.682590952069257,paraboloid,baseline,6042,learned_latent,,,,
0.5,0.8999999761581421,1.1567373487684462,0.6700324326239492,paraboloid,baseline,6042,learned_latent,,,,
1.0,0.7299999594688416,1.4080524183299443,0.6819360044979137,paraboloid,baseline,6042,learned_latent,2.2618070583439724,0.2888083457946777,,
2.0,0.5049999952316284,,,paraboloid,baseline,6042,learned_latent,2.0571257965687235,0.2318114936351776,,
3.0,0.3299999833106994,,,paraboloid,baseline,6042,learned_latent,2.6241337140831207,0.2372273206710815,,
4.0,0.2049999982118606,,,paraboloid,baseline,6042,learned_latent,1.2941832836284777,0.2278280854225158,,
5.0,0.1349999904632568,,,paraboloid,baseline,6042,learned_latent,0.81928547207973,0.1261311918497085,,
0.1,0.9549999833106996,1.0525853022230858,1.512835203994573,paraboloid,baseline,6042,end_to_end,,,1.5202646255493164,0.857982337474823
0.2,0.8299999833106995,1.3523497983633754,1.1576175556305903,paraboloid,baseline,6042,end_to_end,,,1.3147937059402466,0.8750956058502197
0.5,0.5649999976158142,1.7771729325826189,1.029415627047532,paraboloid,baseline,6042,end_to_end,,,0.8824416399002075,0.7648494243621826
1.0,0.2999999821186065,1.943229039510091,0.9411282064339384,paraboloid,baseline,6042,end_to_end,2.093556842339438,0.2796941697597503,1.359069585800171,0.9522941708564758
2.0,0.0799999982118606,,,paraboloid,baseline,6042,end_to_end,2.087330538926537,0.2522221803665161,,
3.0,0.0350000001490116,,,paraboloid,baseline,6042,end_to_end,2.6695177616732595,0.3349846005439758,,
4.0,0.0149999996647238,,,paraboloid,baseline,6042,end_to_end,1.562796361563281,0.343743234872818,,
5.0,0.0099999997764825,,,paraboloid,baseline,6042,end_to_end,1.254832046478067,0.1941413879394531,,
0.1,1.0,0.2849104881286621,0.4094894879474258,paraboloid,T+F,6042,learned_latent,,,,
0.2,0.9950000047683716,0.5721375738556062,0.4897523558865345,paraboloid,T+F,6042,learned_latent,,,,
0.5,0.8999999761581421,0.936183844672309,0.5422782790724907,paraboloid,T+F,6042,learned_latent,,,,
1.0,0.7299999594688416,1.0999222846880352,0.5327050316550165,paraboloid,T+F,6042,learned_latent,2.049911024260972,0.2312958985567093,,
2.0,0.5049999952316284,,,paraboloid,T+F,6042,learned_latent,1.8861240643002104,0.1877122372388839,,
3.0,0.3299999833106994,,,paraboloid,T+F,6042,learned_latent,2.394951325073931,0.1906020790338516,,
4.0,0.2049999982118606,,,paraboloid,T+F,6042,learned_latent,1.1055147113301451,0.1796752214431762,,
5.0,0.1349999904632568,,,paraboloid,T+F,6042,learned_latent,0.8166617545128272,0.0969604104757309,,
0.1,0.9549999833106996,0.9427702738976604,1.3550028264879803,paraboloid,T+F,6042,end_to_end,,,0.1444574296474456,0.1046790927648544
0.2,0.8999999761581421,1.3898779975043405,1.189741864155912,paraboloid,T+F,6042,end_to_end,,,0.1472418159246444,0.0940112173557281
0.5,0.5949999690055847,1.8933364483488708,1.0967025726397008,paraboloid,T+F,6042,end_to_end,,,0.1263418942689895,0.1763879060745239
1.0,0.3199999928474426,2.19520902633667,1.0631650164227044,paraboloid,T+F,6042,end_to_end,1.798690700763228,0.187397614121437,0.148483470082283,0.1982981264591217
2.0,0.0549999997019767,,,paraboloid,T+F,6042,end_to_end,1.8069435554394009,0.2556043863296509,,
3.0,0.0249999985098838,,,paraboloid,T+F,6042,end_to_end,2.8111625955380832,0.3439356684684753,,
4.0,0.0099999997764825,,,paraboloid,T+F,6042,end_to_end,1.9216256234694715,0.4445961117744446,,
5.0,0.0099999997764825,,,paraboloid,T+F,6042,end_to_end,1.4166297050715666,0.3994134664535522,,
0.1,1.0,0.2850156784057617,0.4096406733705722,paraboloid,T+F+K,6042,learned_latent,,,,
0.2,0.9950000047683716,0.5637504922684713,0.4825729760415245,paraboloid,T+F+K,6042,learned_latent,,,,
0.5,0.8999999761581421,0.918208482530382,0.5318661698446916,paraboloid,T+F+K,6042,learned_latent,,,,
1.0,0.7299999594688416,1.1009757682068708,0.5332152458574758,paraboloid,T+F+K,6042,learned_latent,2.039503240692279,0.2228775173425674,,
2.0,0.5049999952316284,,,paraboloid,T+F+K,6042,learned_latent,1.8689056241927369,0.1890187710523605,,
3.0,0.3299999833106994,,,paraboloid,T+F+K,6042,learned_latent,2.38747224161678,0.1770388185977935,,
4.0,0.2049999982118606,,,paraboloid,T+F+K,6042,learned_latent,1.0852602898506,0.1704304367303848,,
5.0,0.1349999904632568,,,paraboloid,T+F+K,6042,learned_latent,0.7447587741800062,0.103896677494049,,
0.1,0.959999978542328,0.9425392945607504,1.354670849904672,paraboloid,T+F+K,6042,end_to_end,,,0.0405740737915039,0.0561848878860473
0.2,0.8849999904632568,1.3774119231660489,1.17907084803178,paraboloid,T+F+K,6042,end_to_end,,,0.0378526598215103,0.0457063615322113
0.5,0.5849999785423279,1.8946741870325852,1.0974774488943828,paraboloid,T+F+K,6042,end_to_end,,,0.0362459458410739,0.0691821873188018
1.0,0.3149999976158142,2.189668443467882,1.0604816483215282,paraboloid,T+F+K,6042,end_to_end,1.9420372351480533,0.2115137279033661,0.0549586042761802,0.0976814478635788
2.0,0.0549999997019767,,,paraboloid,T+F+K,6042,end_to_end,1.534531553848432,0.1994821727275848,,
3.0,0.0199999995529651,,,paraboloid,T+F+K,6042,end_to_end,2.7613527204117854,0.302144706249237,,
4.0,0.0,,,paraboloid,T+F+K,6042,end_to_end,1.602224774072912,0.2967824339866638,,
5.0,0.0,,,paraboloid,T+F+K,6042,end_to_end,,,,
0.1,1.0,0.4761585235595703,0.6398590873874718,paraboloid,baseline,7042,learned_latent,,,,
0.2,1.0,0.7397963714599609,0.6322399409956689,paraboloid,baseline,7042,learned_latent,,,,
0.5,0.9300000071525574,1.05291994156376,0.6117841534781779,paraboloid,baseline,7042,learned_latent,,,,
1.0,0.7799999713897705,1.2772124852889624,0.6263643510803505,paraboloid,baseline,7042,learned_latent,2.0666365200487027,0.3233489394187927,,
2.0,0.5349999666213989,,,paraboloid,baseline,7042,learned_latent,1.970373456293804,0.3541150093078613,,
3.0,0.3299999833106994,,,paraboloid,baseline,7042,learned_latent,2.0506808356545383,0.3168919086456299,,
4.0,0.2249999940395355,,,paraboloid,baseline,7042,learned_latent,1.9543441213103272,0.4249236583709717,,
5.0,0.1400000005960464,,,paraboloid,baseline,7042,learned_latent,1.4024748433993257,0.2430780082941055,,
0.1,0.9199999570846558,0.9223604616911516,1.2394626874428976,paraboloid,baseline,7042,end_to_end,,,1.0905956029891968,1.5529098510742188
0.2,0.8199999928474426,1.3419586739889005,1.1468559533307845,paraboloid,baseline,7042,end_to_end,,,1.095781326293945,0.9953002333641052
0.5,0.5799999833106995,1.7009556211274246,0.9883160663002551,paraboloid,baseline,7042,end_to_end,,,1.0260663032531738,0.8106363415718079
1.0,0.3050000071525574,1.7121091748847337,0.8396442758408872,paraboloid,baseline,7042,end_to_end,1.9266045428991387,0.3161814212799072,0.7187599539756775,0.696334719657898
2.0,0.0700000002980232,,,paraboloid,baseline,7042,end_to_end,2.1437422929408103,0.3833303451538086,,
3.0,0.0249999985098838,,,paraboloid,baseline,7042,end_to_end,2.406676633982197,0.4251176118850708,,
4.0,0.0049999998882412,,,paraboloid,baseline,7042,end_to_end,2.4930138075446138,0.4763539731502533,,
5.0,0.0,,,paraboloid,baseline,7042,end_to_end,,,,
0.1,1.0,0.304116096496582,0.4086694626601569,paraboloid,T+F,7042,learned_latent,,,,
0.2,1.0,0.5758799743652344,0.4921547807739802,paraboloid,T+F,7042,learned_latent,,,,
0.5,0.9300000071525574,0.802041494718162,0.4660148008706036,paraboloid,T+F,7042,learned_latent,,,,
1.0,0.7799999713897705,1.0122490907326722,0.4964222885004116,paraboloid,T+F,7042,learned_latent,1.8198708334409996,0.2296394109725952,,
2.0,0.5349999666213989,,,paraboloid,T+F,7042,learned_latent,1.7161468081308584,0.2813654839992523,,
3.0,0.3299999833106994,,,paraboloid,T+F,7042,learned_latent,1.7769030299427069,0.230734720826149,,
4.0,0.2249999940395355,,,paraboloid,T+F,7042,learned_latent,1.6411785801427372,0.3284924626350403,,
5.0,0.1400000005960464,,,paraboloid,T+F,7042,learned_latent,1.2317706032076572,0.1962623447179794,,
0.1,0.9649999737739564,0.9882197404772508,1.3279640077700945,paraboloid,T+F,7042,end_to_end,,,0.1162353157997131,0.0588951781392097
0.2,0.9049999713897704,1.4191843949628795,1.2128540943808437,paraboloid,T+F,7042,end_to_end,,,0.0916746854782104,0.0435978136956691
0.5,0.7099999785423279,1.8011834587849362,1.0465520255557916,paraboloid,T+F,7042,end_to_end,,,0.0655561089515686,0.0529250130057334
1.0,0.4350000023841858,1.9250591760394216,0.9440781823538184,paraboloid,T+F,7042,end_to_end,1.4527156351128194,0.2111741602420807,0.0878723338246345,0.0573665723204612
2.0,0.1550000011920929,,,paraboloid,T+F,7042,end_to_end,1.6801990181681503,0.2836388647556305,,
3.0,0.0599999986588954,,,paraboloid,T+F,7042,end_to_end,1.995050268246128,0.3200894892215729,,
4.0,0.0350000001490116,,,paraboloid,T+F,7042,end_to_end,1.4485058031320155,0.1984456330537796,,
5.0,0.0149999996647238,,,paraboloid,T+F,7042,end_to_end,1.5396946553813902,0.2836544215679168,,
0.1,1.0,0.2432015609741211,0.3268128599122753,paraboloid,T+F+K,7042,learned_latent,,,,
0.2,1.0,0.5312482452392578,0.4540119040612235,paraboloid,T+F+K,7042,learned_latent,,,,
0.5,0.9300000071525574,0.7777990525768649,0.4519290747311305,paraboloid,T+F+K,7042,learned_latent,,,,
1.0,0.7799999713897705,0.9941433637570112,0.4875429657106864,paraboloid,T+F+K,7042,learned_latent,1.836621051069252,0.2348721623420715,,
2.0,0.5349999666213989,,,paraboloid,T+F+K,7042,learned_latent,1.7463984159514183,0.2880995869636535,,
3.0,0.3299999833106994,,,paraboloid,T+F+K,7042,learned_latent,1.7996040528159236,0.2373416125774383,,
4.0,0.2249999940395355,,,paraboloid,T+F+K,7042,learned_latent,1.6757367075563123,0.3411471843719482,,
5.0,0.1400000005960464,,,paraboloid,T+F+K,7042,learned_latent,1.2327170090413442,0.2023918479681015,,
0.1,0.9749999642372132,1.0046541654146637,1.350048493549283,paraboloid,T+F+K,7042,end_to_end,,,0.0203982777893543,0.0118019804358482
0.2,0.9099999666213988,1.4314451112851991,1.2233322676501857,paraboloid,T+F+K,7042,end_to_end,,,0.021835682913661,0.0074851308017969
0.5,0.7099999785423279,1.803284551056338,1.0477728353304931,paraboloid,T+F+K,7042,end_to_end,,,0.0295752976089715,0.0093431528657674
1.0,0.4199999868869781,1.8490142822265625,0.9067846144356428,paraboloid,T+F+K,7042,end_to_end,1.5092940053267514,0.2306647002696991,0.0517676547169685,0.0130691556259989
2.0,0.1499999910593032,,,paraboloid,T+F+K,7042,end_to_end,1.4516726918047835,0.2589877545833587,,
3.0,0.044999998062849,,,paraboloid,T+F+K,7042,end_to_end,1.807192259118122,0.2363258451223373,,
4.0,0.0199999995529651,,,paraboloid,T+F+K,7042,end_to_end,1.3565104655129523,0.1155654564499855,,
5.0,0.0049999998882412,,,paraboloid,T+F+K,7042,end_to_end,1.6520624137050564,0.270681619644165,,
0.1,0.9950000047683716,0.5554121774644708,0.7007911156105903,paraboloid,baseline,8042,learned_latent,,,,
0.2,0.9950000047683716,0.8307788024595635,0.6909882940424736,paraboloid,baseline,8042,learned_latent,,,,
0.5,0.9199999570846558,1.0541668767514436,0.6361364101135407,paraboloid,baseline,8042,learned_latent,,,,
1.0,0.7249999642372131,1.0417773016567888,0.54221160659878,paraboloid,baseline,8042,learned_latent,1.7895074133035629,0.2418471425771713,,
2.0,0.4449999928474426,,,paraboloid,baseline,8042,learned_latent,2.2882973668176745,0.2999366819858551,,
3.0,0.3199999928474426,,,paraboloid,baseline,8042,learned_latent,2.221103662241053,0.2539952099323272,,
4.0,0.2049999982118606,,,paraboloid,baseline,8042,learned_latent,1.9587695229220576,0.2325123846530914,,
5.0,0.1499999910593032,,,paraboloid,baseline,8042,learned_latent,2.370376115541246,0.32007497549057,,
0.1,0.9950000047683716,1.053896573320705,1.329753623205066,paraboloid,baseline,8042,end_to_end,,,0.4351115822792053,0.7823748588562012
0.2,0.9249999523162842,1.483081714527027,1.2335318388151784,paraboloid,baseline,8042,end_to_end,,,0.5085130333900452,0.799788773059845
0.5,0.7049999833106995,1.767764152364528,1.0667562855683674,paraboloid,baseline,8042,end_to_end,,,0.4026845395565033,0.4898404777050018
1.0,0.3700000047683716,1.903917673471812,0.990927964089066,paraboloid,baseline,8042,end_to_end,1.4621562386189864,0.1690860241651535,0.3408586382865906,0.5337598323822021
2.0,0.1149999946355819,,,paraboloid,baseline,8042,end_to_end,1.9729450205718813,0.2200017273426056,,
3.0,0.0350000001490116,,,paraboloid,baseline,8042,end_to_end,2.1806438003870743,0.2258262485265731,,
4.0,0.0099999997764825,,,paraboloid,baseline,8042,end_to_end,1.7940502577150017,0.219271719455719,,
5.0,0.0,,,paraboloid,baseline,8042,end_to_end,2.323818117548626,0.3876799345016479,,
0.1,0.9950000047683716,0.2978924698566073,0.3758657169452504,paraboloid,T+F,8042,learned_latent,,,,
0.2,0.9950000047683716,0.5977212340388466,0.4971460208164947,paraboloid,T+F,8042,learned_latent,,,,
0.5,0.9199999570846558,0.8280485401982847,0.4996854268318039,paraboloid,T+F,8042,learned_latent,,,,
1.0,0.7249999642372131,0.8256090887661638,0.429702998645228,paraboloid,T+F,8042,learned_latent,1.631921236260926,0.1951574087142944,,
2.0,0.4449999928474426,,,paraboloid,T+F,8042,learned_latent,2.115068904166332,0.23901928961277,,
3.0,0.3199999928474426,,,paraboloid,T+F,8042,learned_latent,2.073289435820421,0.1928392648696899,,
4.0,0.2049999982118606,,,paraboloid,T+F,8042,learned_latent,1.832352370275632,0.1694624423980713,,
5.0,0.1499999910593032,,,paraboloid,T+F,8042,learned_latent,2.223390992666296,0.2813366651535034,,
0.1,0.9649999737739564,1.0669740666997247,1.3462541457832904,paraboloid,T+F,8042,end_to_end,,,0.1270888149738311,0.0625869333744049
0.2,0.8899999856948853,1.4810256100772472,1.2318217035759065,paraboloid,T+F,8042,end_to_end,,,0.1249893754720687,0.0640800446271896
0.5,0.6549999713897705,1.6867255290955987,1.0178535738405017,paraboloid,T+F,8042,end_to_end,,,0.1050748452544212,0.0409929826855659
1.0,0.3949999809265136,1.8049397528926028,0.9394131372160768,paraboloid,T+F,8042,end_to_end,1.3285889149915295,0.1760309785604477,0.1313974261283874,0.0401438362896442
2.0,0.1099999994039535,,,paraboloid,T+F,8042,end_to_end,1.7549296689831473,0.1596769243478775,,
3.0,0.0350000001490116,,,paraboloid,T+F,8042,end_to_end,2.189883504044141,0.2736177146434784,,
4.0,0.0149999996647238,,,paraboloid,T+F,8042,end_to_end,1.9140420744697928,0.1972018629312515,,
5.0,0.0099999997764825,,,paraboloid,T+F,8042,end_to_end,2.6508428612731385,0.3228909075260162,,
0.1,0.9950000047683716,0.3385502800869582,0.4271656944136666,paraboloid,T+F+K,8042,learned_latent,,,,
0.2,0.9950000047683716,0.629583042470654,0.5236466207213344,paraboloid,T+F+K,8042,learned_latent,,,,
0.5,0.9199999570846558,0.8544561137323794,0.5156210622594282,paraboloid,T+F+K,8042,learned_latent,,,,
1.0,0.7249999642372131,0.8579145760371767,0.4465169665895431,paraboloid,T+F+K,8042,learned_latent,1.5843022354901524,0.1899721622467041,,
2.0,0.4449999928474426,,,paraboloid,T+F+K,8042,learned_latent,2.068658515097615,0.2286533117294311,,
3.0,0.3199999928474426,,,paraboloid,T+F+K,8042,learned_latent,2.050758901315349,0.1916144639253616,,
4.0,0.2049999982118606,,,paraboloid,T+F+K,8042,learned_latent,1.803795160552773,0.169811338186264,,
5.0,0.1499999910593032,,,paraboloid,T+F+K,8042,learned_latent,2.2013648822161334,0.2805722951889038,,
0.1,0.959999978542328,1.0741761525472004,1.355341375016932,paraboloid,T+F+K,8042,end_to_end,,,0.0417862646281719,0.0321555696427822
0.2,0.8799999952316284,1.4723628651012073,1.224616590307492,paraboloid,T+F+K,8042,end_to_end,,,0.0467776171863079,0.0424965843558311
0.5,0.6699999570846558,1.6736130216228429,1.0099408385655984,paraboloid,T+F+K,8042,end_to_end,,,0.0225978624075651,0.0342102646827697
1.0,0.4199999868869781,1.807901291620164,0.9409545229507452,paraboloid,T+F+K,8042,end_to_end,1.2285432228224349,0.1594157963991165,0.0246089193969964,0.0298487320542335
2.0,0.1099999994039535,,,paraboloid,T+F+K,8042,end_to_end,1.7162572883029266,0.1613475829362869,,
3.0,0.044999998062849,,,paraboloid,T+F+K,8042,end_to_end,2.0021845735402577,0.2105191648006439,,
4.0,0.0249999985098838,,,paraboloid,T+F+K,8042,end_to_end,1.6172238386340825,0.1667571663856506,,
5.0,0.0199999995529651,,,paraboloid,T+F+K,8042,end_to_end,2.279028745285594,0.257754921913147,,
0.1,1.0,0.566569938659668,0.659537309226896,paraboloid,baseline,9042,learned_latent,,,,
0.2,0.9749999642372132,0.6500592354016427,0.6003182682220445,paraboloid,baseline,9042,learned_latent,,,,
0.5,0.8799999952316284,0.9096858284690164,0.5521888546722492,paraboloid,baseline,9042,learned_latent,,,,
1.0,0.7400000095367432,1.1411790590028503,0.553514255045453,paraboloid,baseline,9042,learned_latent,2.125663837795187,0.2190527766942978,,
2.0,0.4549999833106994,,,paraboloid,baseline,9042,learned_latent,1.4822071876438692,0.2111250460147857,,
3.0,0.3449999988079071,,,paraboloid,baseline,9042,learned_latent,1.376807142179408,0.1966152191162109,,
4.0,0.2249999940395355,,,paraboloid,baseline,9042,learned_latent,2.1195778445709785,0.2381200939416885,,
5.0,0.1349999904632568,,,paraboloid,baseline,9042,learned_latent,1.4672523130480235,0.2092790752649307,,
0.1,0.9199999570846558,1.3776493072509766,1.6037051300535,paraboloid,baseline,9042,end_to_end,,,0.7908357381820679,2.4609358310699463
0.2,0.7849999666213989,1.599201372474622,1.476834334749697,paraboloid,baseline,9042,end_to_end,,,0.6886873841285706,2.1916399002075195
0.5,0.5600000023841858,2.1373353685651506,1.2973850227003707,paraboloid,baseline,9042,end_to_end,,,0.5920472741127014,1.6967079639434814
1.0,0.2999999821186065,2.142095947265625,1.0389961444987,paraboloid,baseline,9042,end_to_end,1.876093236147084,0.2176606357097625,0.7309442162513733,2.190460681915283
2.0,0.0649999976158142,,,paraboloid,baseline,9042,end_to_end,1.5234151405719658,0.2605134844779968,,
3.0,0.0350000001490116,,,paraboloid,baseline,9042,end_to_end,1.5685018353525686,0.3670657277107239,,
4.0,0.0,,,paraboloid,baseline,9042,end_to_end,2.76712221853273,0.3791561126708984,,
5.0,0.0,,,paraboloid,baseline,9042,end_to_end,,,,
0.1,1.0,0.4455846786499023,0.5186998108030894,paraboloid,T+F,9042,learned_latent,,,,
0.2,0.9749999642372132,0.4979410024789663,0.4598397561419622,paraboloid,T+F,9042,learned_latent,,,,
0.5,0.8799999952316284,0.768441460349343,0.4664520393673768,paraboloid,T+F,9042,learned_latent,,,,
1.0,0.7400000095367432,1.01316668536212,0.4914234963048721,paraboloid,T+F,9042,learned_latent,1.99231579803482,0.1902245581150055,,
2.0,0.4549999833106994,,,paraboloid,T+F,9042,learned_latent,1.315026482681733,0.1782651245594024,,
3.0,0.3449999988079071,,,paraboloid,T+F,9042,learned_latent,1.233254033418401,0.1711246371269226,,
4.0,0.2249999940395355,,,paraboloid,T+F,9042,learned_latent,2.054846861682259,0.2291714698076248,,
5.0,0.1349999904632568,,,paraboloid,T+F,9042,learned_latent,1.3227138557293932,0.1859806776046753,,
0.1,0.9749999642372132,1.1054242256360176,1.286811158839381,paraboloid,T+F,9042,end_to_end,,,0.0957316309213638,0.0547950789332389
0.2,0.8949999809265137,1.301608975373167,1.2020129911938096,paraboloid,T+F,9042,end_to_end,,,0.0939354076981544,0.0418012887239456
0.5,0.6599999666213989,1.5021124175100615,0.9117980180144084,paraboloid,T+F,9042,end_to_end,,,0.0627111867070198,0.0384070128202438
1.0,0.3999999761581421,1.8567070007324216,0.9005718990726036,paraboloid,T+F,9042,end_to_end,1.6907753503148066,0.139381855726242,0.0752151012420654,0.0711116567254066
2.0,0.1099999994039535,,,paraboloid,T+F,9042,end_to_end,1.6148065585227531,0.2846151888370514,,
3.0,0.0599999986588954,,,paraboloid,T+F,9042,end_to_end,1.2720577288352377,0.1745193898677826,,
4.0,0.0099999997764825,,,paraboloid,T+F,9042,end_to_end,2.1377837247375986,0.2592637836933136,,
5.0,0.0,,,paraboloid,T+F,9042,end_to_end,1.7446508281795243,0.3900436758995056,,
0.1,1.0,0.374251708984375,0.4356619514636687,paraboloid,T+F+K,9042,learned_latent,,,,
0.2,0.9749999642372132,0.4236860226362179,0.3912665885312912,paraboloid,T+F+K,9042,learned_latent,,,,
0.5,0.8799999952316284,0.7014881480823864,0.4258106754369025,paraboloid,T+F+K,9042,learned_latent,,,,
1.0,0.7400000095367432,0.9447262738202068,0.4582273531485757,paraboloid,T+F+K,9042,learned_latent,1.943602796622352,0.1927375495433807,,
2.0,0.4549999833106994,,,paraboloid,T+F+K,9042,learned_latent,1.2579723116676205,0.1761680543422699,,
3.0,0.3449999988079071,,,paraboloid,T+F+K,9042,learned_latent,1.184688709014849,0.1731819361448288,,
4.0,0.2249999940395355,,,paraboloid,T+F+K,9042,learned_latent,2.006196014265787,0.2270841151475906,,
5.0,0.1349999904632568,,,paraboloid,T+F+K,9042,learned_latent,1.2905049498966337,0.1719786524772644,,
0.1,0.9699999690055848,1.105218631705058,1.2865718293960655,paraboloid,T+F+K,9042,end_to_end,,,0.0390569493174552,0.0390771627426147
0.2,0.8650000095367432,1.2735552484589503,1.176105867902328,paraboloid,T+F+K,9042,end_to_end,,,0.0441817007958889,0.0382583141326904
0.5,0.6150000095367432,1.4742647496665395,0.8948941910770503,paraboloid,T+F+K,9042,end_to_end,,,0.0388118214905262,0.0119331590831279
1.0,0.3700000047683716,1.8922251108530408,0.9177995024963952,paraboloid,T+F+K,9042,end_to_end,1.6274301256403108,0.1279185116291046,0.0609779134392738,0.0499982871115207
2.0,0.1049999967217445,,,paraboloid,T+F+K,9042,end_to_end,1.4085505687356772,0.2268356680870056,,
3.0,0.0599999986588954,,,paraboloid,T+F+K,9042,end_to_end,1.1958846241865464,0.1617924869060516,,
4.0,0.0049999998882412,,,paraboloid,T+F+K,9042,end_to_end,2.156214629122136,0.2570741772651672,,
5.0,0.0,,,paraboloid,T+F+K,9042,end_to_end,1.7309030853332004,0.3599429428577423,,
0.1,1.0,0.4220260238647461,0.5637491543484875,hyperbolic_paraboloid,baseline,42,learned_latent,,,,
0.2,0.9799999594688416,0.5461428116778938,0.5254066565641593,hyperbolic_paraboloid,baseline,42,learned_latent,,,,
0.5,0.9149999618530272,0.6602752768928236,0.4648455348441731,hyperbolic_paraboloid,baseline,42,learned_latent,,,,
1.0,0.8050000071525574,0.8985825058836374,0.4824647438130631,hyperbolic_paraboloid,baseline,42,learned_latent,1.5486719910842264,0.2320867180824279,,
2.0,0.5249999761581421,,,hyperbolic_paraboloid,baseline,42,learned_latent,1.516826567844506,0.2602463364601135,,
3.0,0.3299999833106994,,,hyperbolic_paraboloid,baseline,42,learned_latent,1.505837858419906,0.2667417228221893,,
4.0,0.2249999940395355,,,hyperbolic_paraboloid,baseline,42,learned_latent,1.544630179937588,0.2051240503787994,,
5.0,0.1599999964237213,,,hyperbolic_paraboloid,baseline,42,learned_latent,1.121071631474235,0.249399185180664,,
0.1,0.98499995470047,0.889585620860763,1.1883227884580756,hyperbolic_paraboloid,baseline,42,end_to_end,,,0.3035337924957275,0.7807167172431946
0.2,0.8949999809265137,1.1753644037513094,1.1307377272297043,hyperbolic_paraboloid,baseline,42,end_to_end,,,0.4085239768028259,0.7751306295394897
0.5,0.6699999570846558,1.4431456380815648,1.0160001888135994,hyperbolic_paraboloid,baseline,42,end_to_end,,,0.3342688083648681,0.5827302932739258
1.0,0.4749999940395355,1.679320004111842,0.9016564313893854,hyperbolic_paraboloid,baseline,42,end_to_end,1.2699300986620203,0.191791370511055,0.2026079595088958,1.0392436981201172
2.0,0.1499999910593032,,,hyperbolic_paraboloid,baseline,42,end_to_end,1.4575654266329392,0.242841750383377,,
3.0,0.0499999970197677,,,hyperbolic_paraboloid,baseline,42,end_to_end,1.4674040857123551,0.2310346961021423,,
4.0,0.0249999985098838,,,hyperbolic_paraboloid,baseline,42,end_to_end,1.7738423971237751,0.2416368275880813,,
5.0,0.0049999998882412,,,hyperbolic_paraboloid,baseline,42,end_to_end,1.917483432739314,0.4561142921447754,,
0.1,1.0,0.6440163421630859,0.8602873940243152,hyperbolic_paraboloid,T+F,42,learned_latent,,,,
0.2,0.9799999594688416,0.7675988333565849,0.7384543529509884,hyperbolic_paraboloid,T+F,42,learned_latent,,,,
0.5,0.9149999618530272,0.8023569075787653,0.5648735291052084,hyperbolic_paraboloid,T+F,42,learned_latent,,,,
1.0,0.8050000071525574,1.0331214288747088,0.5547010566599753,hyperbolic_paraboloid,T+F,42,learned_latent,1.4869114490388786,0.2093915492296219,,
2.0,0.5249999761581421,,,hyperbolic_paraboloid,T+F,42,learned_latent,1.5066770622465375,0.2497946470975875,,
3.0,0.3299999833106994,,,hyperbolic_paraboloid,T+F,42,learned_latent,1.3721269754635226,0.2252509295940399,,
4.0,0.2249999940395355,,,hyperbolic_paraboloid,T+F,42,learned_latent,1.5051284020836215,0.1785217374563217,,
5.0,0.1599999964237213,,,hyperbolic_paraboloid,T+F,42,learned_latent,1.037263974277567,0.2128486186265945,,
0.1,0.9749999642372132,1.3076188307542067,1.7467382776472933,hyperbolic_paraboloid,T+F,42,end_to_end,,,0.9114224910736084,2.219052791595459
0.2,0.8949999809265137,1.518894131623167,1.4612241895471834,hyperbolic_paraboloid,T+F,42,end_to_end,,,0.9052233695983888,2.302389621734619
0.5,0.75,1.63318603515625,1.149792007334953,hyperbolic_paraboloid,T+F,42,end_to_end,,,0.8387789726257324,2.199964761734009
1.0,0.5699999928474426,2.0032782303659538,1.0755952980070094,hyperbolic_paraboloid,T+F,42,end_to_end,1.6241551736530588,0.2921891212463379,0.7000985145568848,2.922602653503418
2.0,0.2449999898672104,,,hyperbolic_paraboloid,T+F,42,end_to_end,1.6327144796989306,0.3049477636814117,,
3.0,0.0999999940395355,,,hyperbolic_paraboloid,T+F,42,end_to_end,1.642206773961163,0.3236183226108551,,
4.0,0.0749999955296516,,,hyperbolic_paraboloid,T+F,42,end_to_end,1.6976365249980787,0.2703255116939544,,
5.0,0.0599999986588954,,,hyperbolic_paraboloid,T+F,42,end_to_end,1.467926004505009,0.3391741514205932,,
0.1,1.0,0.6155699157714843,0.8222881998617263,hyperbolic_paraboloid,T+F+K,42,learned_latent,,,,
0.2,0.9799999594688416,0.7668792568907445,0.7377620976342921,hyperbolic_paraboloid,T+F+K,42,learned_latent,,,,
0.5,0.9149999618530272,0.7921463596364839,0.5576851218069411,hyperbolic_paraboloid,T+F+K,42,learned_latent,,,,
1.0,0.8050000071525574,1.0546702509341033,0.5662709980357372,hyperbolic_paraboloid,T+F+K,42,learned_latent,1.4869373230073994,0.220447227358818,,
2.0,0.5249999761581421,,,hyperbolic_paraboloid,T+F+K,42,learned_latent,1.5154023793627016,0.2536908984184265,,
3.0,0.3299999833106994,,,hyperbolic_paraboloid,T+F+K,42,learned_latent,1.3666538459709594,0.2281564325094223,,
4.0,0.2249999940395355,,,hyperbolic_paraboloid,T+F+K,42,learned_latent,1.4854035935968015,0.1787342876195907,,
5.0,0.1599999964237213,,,hyperbolic_paraboloid,T+F+K,42,learned_latent,1.058388132056429,0.214475005865097,,
0.1,0.959999978542328,1.245648701985677,1.6639575823522517,hyperbolic_paraboloid,T+F+K,42,end_to_end,,,0.6552242636680603,1.6907401084899902
0.2,0.875,1.4345750209263393,1.380106538470578,hyperbolic_paraboloid,T+F+K,42,end_to_end,,,0.6922934055328369,1.855674743652344
0.5,0.7199999690055847,1.652706782023112,1.1635349602145246,hyperbolic_paraboloid,T+F+K,42,end_to_end,,,0.6565245389938354,2.218991756439209
1.0,0.5,2.0083477783203123,1.078317227422542,hyperbolic_paraboloid,T+F+K,42,end_to_end,1.6342502910476888,0.2941575348377228,0.6262258887290955,3.4932141304016118
2.0,0.1899999976158142,,,hyperbolic_paraboloid,T+F+K,42,end_to_end,1.550929916230991,0.2665671408176422,,
3.0,0.0949999988079071,,,hyperbolic_paraboloid,T+F+K,42,end_to_end,1.7479585587746918,0.366208016872406,,
4.0,0.044999998062849,,,hyperbolic_paraboloid,T+F+K,42,end_to_end,1.912598532764832,0.383874773979187,,
5.0,0.0149999996647238,,,hyperbolic_paraboloid,T+F+K,42,end_to_end,1.7369899657044092,0.4381817579269409,,
0.1,0.9950000047683716,0.4054696547925173,0.4973847728304406,hyperbolic_paraboloid,baseline,1042,learned_latent,,,,
0.2,0.9899999499320984,0.5609761633054174,0.4843535683430638,hyperbolic_paraboloid,baseline,1042,learned_latent,,,,
0.5,0.9049999713897704,0.6373412411515884,0.4153276529116008,hyperbolic_paraboloid,baseline,1042,learned_latent,,,,
1.0,0.7649999856948853,0.7507540634255004,0.4222061704882463,hyperbolic_paraboloid,baseline,1042,learned_latent,1.2781019644796388,0.1827829182147979,,
2.0,0.4949999749660492,,,hyperbolic_paraboloid,baseline,1042,learned_latent,1.2811127447742992,0.188546746969223,,
3.0,0.3799999952316284,,,hyperbolic_paraboloid,baseline,1042,learned_latent,1.2429608812995308,0.2136686593294143,,
4.0,0.2199999988079071,,,hyperbolic_paraboloid,baseline,1042,learned_latent,1.1874981821282404,0.1688881516456604,,
5.0,0.1349999904632568,,,hyperbolic_paraboloid,baseline,1042,learned_latent,0.9616203615638428,0.1151722893118858,,
0.1,0.98499995470047,1.0478938533569957,1.2854388486090051,hyperbolic_paraboloid,baseline,1042,end_to_end,,,0.2275280803442001,0.9154097437858582
0.2,0.9300000071525574,1.406644759639617,1.2145140084171206,hyperbolic_paraboloid,baseline,1042,end_to_end,,,0.2345377802848816,1.3914027214050293
0.5,0.7099999785423279,1.8217885192011445,1.18718058855562,hyperbolic_paraboloid,baseline,1042,end_to_end,,,0.2701562643051147,1.081840991973877
1.0,0.4699999988079071,2.061029312458444,1.1590737042523558,hyperbolic_paraboloid,baseline,1042,end_to_end,1.1824094544448622,0.1356969475746154,0.2365284115076065,2.655790328979492
2.0,0.1749999970197677,,,hyperbolic_paraboloid,baseline,1042,end_to_end,1.122482779616161,0.1593323945999145,,
3.0,0.0949999988079071,,,hyperbolic_paraboloid,baseline,1042,end_to_end,1.2674527817832053,0.1661896705627441,,
4.0,0.0299999993294477,,,hyperbolic_paraboloid,baseline,1042,end_to_end,1.065788005355924,0.1157180219888687,,
5.0,0.0149999996647238,,,hyperbolic_paraboloid,baseline,1042,end_to_end,1.5437787255035471,0.3233697712421417,,
0.1,0.9950000047683716,0.2675441186032702,0.3281931682944373,hyperbolic_paraboloid,T+F,1042,learned_latent,,,,
0.2,0.9899999499320984,0.4388472046514954,0.3789059561423933,hyperbolic_paraboloid,T+F,1042,learned_latent,,,,
0.5,0.9049999713897704,0.5159043791544372,0.3361925152275939,hyperbolic_paraboloid,T+F,1042,learned_latent,,,,
1.0,0.7649999856948853,0.6044977724162581,0.3399551224485251,hyperbolic_paraboloid,T+F,1042,learned_latent,1.1748057958332403,0.1565122306346893,,
2.0,0.4949999749660492,,,hyperbolic_paraboloid,T+F,1042,learned_latent,1.1867930993818734,0.1669511348009109,,
3.0,0.3799999952316284,,,hyperbolic_paraboloid,T+F,1042,learned_latent,1.1719904010716304,0.187955304980278,,
4.0,0.2199999988079071,,,hyperbolic_paraboloid,T+F,1042,learned_latent,1.1153708111473963,0.152149960398674,,
5.0,0.1349999904632568,,,hyperbolic_paraboloid,T+F,1042,learned_latent,0.949113676557936,0.0953349620103836,,
0.1,0.9950000047683716,1.11554576164514,1.368426634840907,hyperbolic_paraboloid,T+F,1042,end_to_end,,,0.027998024597764,0.058694452047348
0.2,0.9350000023841858,1.4501927013703209,1.25211382522035,hyperbolic_paraboloid,T+F,1042,end_to_end,,,0.0269754324108362,0.050404205918312
0.5,0.7299999594688416,1.897544547303082,1.2365475074272636,hyperbolic_paraboloid,T+F,1042,end_to_end,,,0.0168058145791292,0.0306023713201284
1.0,0.4799999892711639,1.9491790135701497,1.0961717651724368,hyperbolic_paraboloid,T+F,1042,end_to_end,0.9233426959117536,0.116688497364521,0.019997714087367,0.0498085767030715
2.0,0.1700000017881393,,,hyperbolic_paraboloid,T+F,1042,end_to_end,1.168940064399209,0.1881381869316101,,
3.0,0.0949999988079071,,,hyperbolic_paraboloid,T+F,1042,end_to_end,1.1849924835030488,0.2083782702684402,,
4.0,0.0549999997019767,,,hyperbolic_paraboloid,T+F,1042,end_to_end,1.4048966952237818,0.1725972294807434,,
5.0,0.0199999995529651,,,hyperbolic_paraboloid,T+F,1042,end_to_end,1.5955286026972664,0.4505883157253265,,
0.1,0.9950000047683716,0.3066717943354468,0.3761906198309534,hyperbolic_paraboloid,T+F+K,1042,learned_latent,,,,
0.2,0.9899999499320984,0.4720739499487058,0.4075943277735567,hyperbolic_paraboloid,T+F+K,1042,learned_latent,,,,
0.5,0.9049999713897704,0.5528531153557709,0.360270404580591,hyperbolic_paraboloid,T+F+K,1042,learned_latent,,,,
1.0,0.7649999856948853,0.6373520396114175,0.3584315783379209,hyperbolic_paraboloid,T+F+K,1042,learned_latent,1.1760694530814284,0.1664792001247406,,
2.0,0.4949999749660492,,,hyperbolic_paraboloid,T+F+K,1042,learned_latent,1.1930195231812752,0.169067695736885,,
3.0,0.3799999952316284,,,hyperbolic_paraboloid,T+F+K,1042,learned_latent,1.1852370818732465,0.1963343024253845,,
4.0,0.2199999988079071,,,hyperbolic_paraboloid,T+F+K,1042,learned_latent,1.1221258305305462,0.1645323038101196,,
5.0,0.1349999904632568,,,hyperbolic_paraboloid,T+F+K,1042,learned_latent,0.9362703480155397,0.1205263659358024,,
0.1,0.9950000047683716,1.1461939979438207,1.4060224595071784,hyperbolic_paraboloid,T+F+K,1042,end_to_end,,,0.0162728875875473,0.0509538985788822
0.2,0.9300000071525574,1.500318629767305,1.2953931548491384,hyperbolic_paraboloid,T+F+K,1042,end_to_end,,,0.0215427763760089,0.050266359001398
0.5,0.7400000095367432,1.8779206147065035,1.2237594414117865,hyperbolic_paraboloid,T+F+K,1042,end_to_end,,,0.0157562233507633,0.0292442757636308
1.0,0.4699999988079071,1.944722277052859,1.0936654029034736,hyperbolic_paraboloid,T+F+K,1042,end_to_end,0.9113709987103208,0.1247255206108093,0.0145710092037916,0.027860214933753
2.0,0.1949999928474426,,,hyperbolic_paraboloid,T+F+K,1042,end_to_end,1.1565455798411814,0.172280266880989,,
3.0,0.1049999967217445,,,hyperbolic_paraboloid,T+F+K,1042,end_to_end,1.198787972371269,0.2056371420621872,,
4.0,0.044999998062849,,,hyperbolic_paraboloid,T+F+K,1042,end_to_end,1.5797046001257578,0.2285933345556259,,
5.0,0.0199999995529651,,,hyperbolic_paraboloid,T+F+K,1042,end_to_end,1.3106096293418688,0.1805360168218612,,
0.1,1.0,0.2816805076599121,0.373329108763608,hyperbolic_paraboloid,baseline,2042,learned_latent,,,,
0.2,0.9899999499320984,0.4785740014278527,0.4452086547918182,hyperbolic_paraboloid,baseline,2042,learned_latent,,,,
0.5,0.9099999666213988,0.8223442664513221,0.5013985991994138,hyperbolic_paraboloid,baseline,2042,learned_latent,,,,
1.0,0.7749999761581421,0.7455308483492944,0.4342060320548201,hyperbolic_paraboloid,baseline,2042,learned_latent,1.2921804220800537,0.2067036479711532,,
2.0,0.5049999952316284,,,hyperbolic_paraboloid,baseline,2042,learned_latent,1.435911321571944,0.2049597948789596,,
3.0,0.3299999833106994,,,hyperbolic_paraboloid,baseline,2042,learned_latent,1.4762153776337674,0.2508981823921203,,
4.0,0.1700000017881393,,,hyperbolic_paraboloid,baseline,2042,learned_latent,1.6658840096545184,0.2667001485824585,,
5.0,0.1049999967217445,,,hyperbolic_paraboloid,baseline,2042,learned_latent,1.310336844344944,0.3169513344764709,,
0.1,0.9649999737739564,0.826722614505748,1.0957081106967752,hyperbolic_paraboloid,baseline,2042,end_to_end,,,0.1611620634794235,0.3509291112422943
0.2,0.9199999570846558,1.2120149031929348,1.127515333110943,hyperbolic_paraboloid,baseline,2042,end_to_end,,,0.1430556029081344,0.3599435687065124
0.5,0.6850000023841858,1.7948273150590217,1.094339607253416,hyperbolic_paraboloid,baseline,2042,end_to_end,,,0.3072512149810791,0.6965553760528564
1.0,0.449999988079071,1.758922322591146,1.0244172780723442,hyperbolic_paraboloid,baseline,2042,end_to_end,1.210960493650473,0.2044482082128524,0.1266895532608032,0.3600805699825287
2.0,0.1649999916553497,,,hyperbolic_paraboloid,baseline,2042,end_to_end,1.3125196135913877,0.1335438042879104,,
3.0,0.0700000002980232,,,hyperbolic_paraboloid,baseline,2042,end_to_end,1.68357186101054,0.2321357578039169,,
4.0,0.0199999995529651,,,hyperbolic_paraboloid,baseline,2042,end_to_end,2.0356461715432785,0.3065593540668487,,
5.0,0.0049999998882412,,,hyperbolic_paraboloid,baseline,2042,end_to_end,1.919873761035847,0.3583069741725921,,
0.1,1.0,0.2212840270996093,0.2932818081983182,hyperbolic_paraboloid,T+F,2042,learned_latent,,,,
0.2,0.9899999499320984,0.3837184328021425,0.356966251357097,hyperbolic_paraboloid,T+F,2042,learned_latent,,,,
0.5,0.9099999666213988,0.6951941186255151,0.4238727884061165,hyperbolic_paraboloid,T+F,2042,learned_latent,,,,
1.0,0.7749999761581421,0.630559810515373,0.3672455323657413,hyperbolic_paraboloid,T+F,2042,learned_latent,1.1423377883620889,0.1610343903303146,,
2.0,0.5049999952316284,,,hyperbolic_paraboloid,T+F,2042,learned_latent,1.3008723779519595,0.1533883363008499,,
3.0,0.3299999833106994,,,hyperbolic_paraboloid,T+F,2042,learned_latent,1.370437832500829,0.2113256752490997,,
4.0,0.1700000017881393,,,hyperbolic_paraboloid,T+F,2042,learned_latent,1.556242189179631,0.2349779605865478,,
5.0,0.1049999967217445,,,hyperbolic_paraboloid,T+F,2042,learned_latent,1.0560563682136874,0.2386132180690765,,
0.1,0.98499995470047,0.8762603604854061,1.161363639048323,hyperbolic_paraboloid,T+F,2042,end_to_end,,,0.0336355343461036,0.0753606632351875
0.2,0.949999988079071,1.2708751477693256,1.1822719438553375,hyperbolic_paraboloid,T+F,2042,end_to_end,,,0.0299946498125791,0.060733001679182
0.5,0.7199999690055847,1.8756027221679688,1.1435898758166807,hyperbolic_paraboloid,T+F,2042,end_to_end,,,0.0374766066670417,0.1052246317267417
1.0,0.4699999988079071,1.7905351354720744,1.042828956238998,hyperbolic_paraboloid,T+F,2042,end_to_end,0.9398073054985048,0.1493206769227981,0.0324631854891777,0.0631503239274025
2.0,0.1949999928474426,,,hyperbolic_paraboloid,T+F,2042,end_to_end,1.1690617591631098,0.1174699515104293,,
3.0,0.0799999982118606,,,hyperbolic_paraboloid,T+F,2042,end_to_end,1.2746311600855953,0.1793082803487777,,
4.0,0.0249999985098838,,,hyperbolic_paraboloid,T+F,2042,end_to_end,1.3715974745372517,0.1679119616746902,,
5.0,0.0049999998882412,,,hyperbolic_paraboloid,T+F,2042,end_to_end,1.3344588180121453,0.2370704859495163,,
0.1,1.0,0.2264602279663086,0.3001421567272245,hyperbolic_paraboloid,T+F+K,2042,learned_latent,,,,
0.2,0.9899999499320984,0.394527165576665,0.3670214180903339,hyperbolic_paraboloid,T+F+K,2042,learned_latent,,,,
0.5,0.9099999666213988,0.7180964710948231,0.437836778811298,hyperbolic_paraboloid,T+F+K,2042,learned_latent,,,,
1.0,0.7749999761581421,0.6586800852129536,0.3836231147605712,hyperbolic_paraboloid,T+F+K,2042,learned_latent,1.167672913151251,0.1697776466608047,,
2.0,0.5049999952316284,,,hyperbolic_paraboloid,T+F+K,2042,learned_latent,1.311352649719531,0.1681503355503082,,
3.0,0.3299999833106994,,,hyperbolic_paraboloid,T+F+K,2042,learned_latent,1.3662683896386432,0.2229291349649429,,
4.0,0.1700000017881393,,,hyperbolic_paraboloid,T+F+K,2042,learned_latent,1.553818840237308,0.2455603182315826,,
5.0,0.1049999967217445,,,hyperbolic_paraboloid,T+F+K,2042,learned_latent,1.0943808562521542,0.2470727264881134,,
0.1,0.9799999594688416,0.8575053312340561,1.136506404824308,hyperbolic_paraboloid,T+F+K,2042,end_to_end,,,0.0236962288618087,0.0710061118006706
0.2,0.9399999976158142,1.242782755100981,1.1561381039216136,hyperbolic_paraboloid,T+F+K,2042,end_to_end,,,0.0272501874715089,0.0775759145617485
0.5,0.7149999737739563,1.882268518834681,1.147654136063378,hyperbolic_paraboloid,T+F+K,2042,end_to_end,,,0.0214255861937999,0.0584175325930118
1.0,0.4699999988079071,1.750537304168052,1.019533743626708,hyperbolic_paraboloid,T+F+K,2042,end_to_end,0.9195902241406156,0.1454107016324997,0.0176911875605583,0.0375206992030143
2.0,0.1899999976158142,,,hyperbolic_paraboloid,T+F+K,2042,end_to_end,1.0715763909004918,0.1031926721334457,,
3.0,0.089999996125698,,,hyperbolic_paraboloid,T+F+K,2042,end_to_end,1.3983102228801023,0.1892988979816436,,
4.0,0.0199999995529651,,,hyperbolic_paraboloid,T+F+K,2042,end_to_end,1.727592210885189,0.2550889849662781,,
5.0,0.0049999998882412,,,hyperbolic_paraboloid,T+F+K,2042,end_to_end,1.3815745585562855,0.2300620973110199,,
0.1,0.9899999499320984,0.2397725847032335,0.3448189166612386,hyperbolic_paraboloid,baseline,3042,learned_latent,,,,
0.2,0.9899999499320984,0.4652906475645123,0.4420553386098054,hyperbolic_paraboloid,baseline,3042,learned_latent,,,,
0.5,0.9049999713897704,0.5791513853968836,0.4102871460137426,hyperbolic_paraboloid,baseline,3042,learned_latent,,,,
1.0,0.7450000047683716,0.5931748767827181,0.3615849489773233,hyperbolic_paraboloid,baseline,3042,learned_latent,0.9952756791540844,0.1510234326124191,,
2.0,0.5249999761581421,,,hyperbolic_paraboloid,baseline,3042,learned_latent,1.5214807753663464,0.2496698200702667,,
3.0,0.3149999976158142,,,hyperbolic_paraboloid,baseline,3042,learned_latent,1.438818938981205,0.2055617719888687,,
4.0,0.2049999982118606,,,hyperbolic_paraboloid,baseline,3042,learned_latent,2.07866583065949,0.2711075842380523,,
5.0,0.1049999967217445,,,hyperbolic_paraboloid,baseline,3042,learned_latent,0.9416908091965708,0.1814863234758377,,
0.1,0.9649999737739564,0.8854361420468345,1.2733529633973149,hyperbolic_paraboloid,baseline,3042,end_to_end,,,0.2357091605663299,0.137478619813919
0.2,0.8899999856948853,1.1839100698406777,1.124788923969112,hyperbolic_paraboloid,baseline,3042,end_to_end,,,0.1678371429443359,0.1690733730792999
0.5,0.6599999666213989,1.437540343313506,1.0183940496551351,hyperbolic_paraboloid,baseline,3042,end_to_end,,,0.2293791025876999,0.1869263499975204
1.0,0.4199999868869781,1.6778851463681177,1.0227978944926892,hyperbolic_paraboloid,baseline,3042,end_to_end,0.923220187476303,0.1522380709648132,0.1528481245040893,0.1521571725606918
2.0,0.125,,,hyperbolic_paraboloid,baseline,3042,end_to_end,1.5562998223671245,0.2750053107738495,,
3.0,0.0549999997019767,,,hyperbolic_paraboloid,baseline,3042,end_to_end,1.460799303719842,0.1649635583162307,,
4.0,0.0149999996647238,,,hyperbolic_paraboloid,baseline,3042,end_to_end,2.7297452185442577,0.361277312040329,,
5.0,0.0099999997764825,,,hyperbolic_paraboloid,baseline,3042,end_to_end,1.4127925744727738,0.2573381066322326,,
0.1,0.9899999499320984,0.10039905586628,0.1443847040330753,hyperbolic_paraboloid,T+F,3042,learned_latent,,,,
0.2,0.9899999499320984,0.2427169722740096,0.2305963679402298,hyperbolic_paraboloid,T+F,3042,learned_latent,,,,
0.5,0.9049999713897704,0.3552325338289883,0.2516567276724158,hyperbolic_paraboloid,T+F,3042,learned_latent,,,,
1.0,0.7450000047683716,0.3491597783645527,0.2128392917273306,hyperbolic_paraboloid,T+F,3042,learned_latent,0.8126260052896184,0.0890300199389457,,
2.0,0.5249999761581421,,,hyperbolic_paraboloid,T+F,3042,learned_latent,1.2923526870873192,0.1758795529603958,,
3.0,0.3149999976158142,,,hyperbolic_paraboloid,T+F,3042,learned_latent,1.2555003589104556,0.1521738469600677,,
4.0,0.2049999982118606,,,hyperbolic_paraboloid,T+F,3042,learned_latent,1.8635286882542488,0.2081679403781891,,
5.0,0.1049999967217445,,,hyperbolic_paraboloid,T+F,3042,learned_latent,0.8064098692794891,0.1381417512893676,,
0.1,0.98499995470047,0.9016190737032044,1.2966257698737471,hyperbolic_paraboloid,T+F,3042,end_to_end,,,0.0112002529203891,0.0036374058108776
0.2,0.949999988079071,1.2745361328125,1.2108893757266943,hyperbolic_paraboloid,T+F,3042,end_to_end,,,0.0083499457687139,0.0044409753754734
0.5,0.7899999618530273,1.6430683377422863,1.163995867049262,hyperbolic_paraboloid,T+F,3042,end_to_end,,,0.0109504265710711,0.0040642437525093
1.0,0.5249999761581421,1.796832856677827,1.095305519894128,hyperbolic_paraboloid,T+F,3042,end_to_end,0.708858281139321,0.085708312690258,0.0197522602975368,0.0135158598423004
2.0,0.2349999994039535,,,hyperbolic_paraboloid,T+F,3042,end_to_end,1.2195149682221698,0.2163518518209457,,
3.0,0.089999996125698,,,hyperbolic_paraboloid,T+F,3042,end_to_end,1.4687690261655424,0.1782805025577545,,
4.0,0.0299999993294477,,,hyperbolic_paraboloid,T+F,3042,end_to_end,2.364671737606471,0.3577449023723602,,
5.0,0.0199999995529651,,,hyperbolic_paraboloid,T+F,3042,end_to_end,1.579347420882111,0.2072174400091171,,
0.1,0.9899999499320984,0.0914901482938516,0.1315727311314942,hyperbolic_paraboloid,T+F+K,3042,learned_latent,,,,
0.2,0.9899999499320984,0.2341464264224274,0.2224538110925408,hyperbolic_paraboloid,T+F+K,3042,learned_latent,,,,
0.5,0.9049999713897704,0.3478736455927896,0.2464434840742933,hyperbolic_paraboloid,T+F+K,3042,learned_latent,,,,
1.0,0.7450000047683716,0.3401415012026793,0.2073419697484804,hyperbolic_paraboloid,T+F+K,3042,learned_latent,0.8067118755219872,0.091194286942482,,
2.0,0.5249999761581421,,,hyperbolic_paraboloid,T+F+K,3042,learned_latent,1.302000681906056,0.1812911331653595,,
3.0,0.3149999976158142,,,hyperbolic_paraboloid,T+F+K,3042,learned_latent,1.2578307511823816,0.1552004814147949,,
4.0,0.2049999982118606,,,hyperbolic_paraboloid,T+F+K,3042,learned_latent,1.852027057754173,0.2070669531822204,,
5.0,0.1049999967217445,,,hyperbolic_paraboloid,T+F+K,3042,learned_latent,0.7952159538970012,0.1395472437143325,,
0.1,0.98499995470047,0.9011891941128648,1.296007556516206,hyperbolic_paraboloid,T+F+K,3042,end_to_end,,,0.0050864843651652,0.0031486100051552
0.2,0.959999978542328,1.2919061183929443,1.227391952981583,hyperbolic_paraboloid,T+F+K,3042,end_to_end,,,0.0058700069785118,0.0131448218598961
0.5,0.7799999713897705,1.5958173702924678,1.1305219514717502,hyperbolic_paraboloid,T+F+K,3042,end_to_end,,,0.0068600983358919,0.0092299813404679
1.0,0.5249999761581421,1.7963819231305804,1.0950306417931577,hyperbolic_paraboloid,T+F+K,3042,end_to_end,0.7050991751877459,0.0834268182516098,0.0117325307801365,0.0225497260689735
2.0,0.2349999994039535,,,hyperbolic_paraboloid,T+F+K,3042,end_to_end,1.2307890201736733,0.2183359861373901,,
3.0,0.0949999988079071,,,hyperbolic_paraboloid,T+F+K,3042,end_to_end,1.340571218099906,0.1617939621210098,,
4.0,0.0350000001490116,,,hyperbolic_paraboloid,T+F+K,3042,end_to_end,2.311351009722177,0.3336465358734131,,
5.0,0.0249999985098838,,,hyperbolic_paraboloid,T+F+K,3042,end_to_end,1.7243642036402642,0.2657685577869415,,
0.1,1.0,0.496341552734375,0.6203502010801942,hyperbolic_paraboloid,baseline,4042,learned_latent,,,,
0.2,0.9899999499320984,0.5929291465065696,0.5310789084493194,hyperbolic_paraboloid,baseline,4042,learned_latent,,,,
0.5,0.8999999761581421,0.7717342800564236,0.5031342272971733,hyperbolic_paraboloid,baseline,4042,learned_latent,,,,
1.0,0.7149999737739563,0.7919749013193838,0.4355089029319864,hyperbolic_paraboloid,baseline,4042,learned_latent,1.336035156694766,0.2188192009925842,,
2.0,0.4650000035762787,,,hyperbolic_paraboloid,baseline,4042,learned_latent,1.4262431116292245,0.2339988201856613,,
3.0,0.2949999868869781,,,hyperbolic_paraboloid,baseline,4042,learned_latent,1.7621280530411754,0.2812707722187042,,
4.0,0.1799999922513961,,,hyperbolic_paraboloid,baseline,4042,learned_latent,1.4396692900081245,0.2934068441390991,,
5.0,0.1149999946355819,,,hyperbolic_paraboloid,baseline,4042,learned_latent,1.660781297264705,0.3786080181598663,,
0.1,0.9899999499320984,1.3636240333017675,1.704319210423325,hyperbolic_paraboloid,baseline,4042,end_to_end,,,0.1407077759504318,0.2896623909473419
0.2,0.9049999713897704,1.7566435587340297,1.5734027399455215,hyperbolic_paraboloid,baseline,4042,end_to_end,,,0.16403628885746,0.4030100405216217
0.5,0.6449999809265137,1.9862959514292635,1.294970956367001,hyperbolic_paraboloid,baseline,4042,end_to_end,,,0.1381003260612487,0.4613270759582519
1.0,0.3649999797344208,2.1075932750963187,1.158970610728829,hyperbolic_paraboloid,baseline,4042,end_to_end,1.113140741542499,0.1837086379528045,0.1774013936519622,0.1526214331388473
2.0,0.1349999904632568,,,hyperbolic_paraboloid,baseline,4042,end_to_end,1.4190095746582017,0.24726203083992,,
3.0,0.0249999985098838,,,hyperbolic_paraboloid,baseline,4042,end_to_end,1.9258731384828145,0.2909992337226867,,
4.0,0.0099999997764825,,,hyperbolic_paraboloid,baseline,4042,end_to_end,1.7554310504747614,0.3175339698791504,,
5.0,0.0049999998882412,,,hyperbolic_paraboloid,baseline,4042,end_to_end,2.5491676787727227,0.3974717259407043,,
0.1,1.0,0.3366803359985351,0.4207983655324002,hyperbolic_paraboloid,T+F,4042,learned_latent,,,,
0.2,0.9899999499320984,0.4145808364405776,0.3713346516663914,hyperbolic_paraboloid,T+F,4042,learned_latent,,,,
0.5,0.8999999761581421,0.6282743665907118,0.4096051531391443,hyperbolic_paraboloid,T+F,4042,learned_latent,,,,
1.0,0.7149999737739563,0.6388902464113035,0.3513272830300528,hyperbolic_paraboloid,T+F,4042,learned_latent,1.193854382325107,0.1759998202323913,,
2.0,0.4650000035762787,,,hyperbolic_paraboloid,T+F,4042,learned_latent,1.297964080590139,0.1878471374511718,,
3.0,0.2949999868869781,,,hyperbolic_paraboloid,T+F,4042,learned_latent,1.6192780024784774,0.2318143248558044,,
4.0,0.1799999922513961,,,hyperbolic_paraboloid,T+F,4042,learned_latent,1.2984864347857237,0.242011472582817,,
5.0,0.1149999946355819,,,hyperbolic_paraboloid,T+F,4042,learned_latent,1.4209647616425982,0.257875382900238,,
0.1,0.9899999499320984,1.4175211588541667,1.771682284278172,hyperbolic_paraboloid,T+F,4042,end_to_end,,,0.0730911493301391,0.0397076942026615
0.2,0.9199999570846558,1.7740357440450918,1.588980693643645,hyperbolic_paraboloid,T+F,4042,end_to_end,,,0.084464393556118,0.0731967538595199
0.5,0.6800000071525574,2.0221391565659466,1.3183390297911604,hyperbolic_paraboloid,T+F,4042,end_to_end,,,0.0738723501563072,0.0480165407061576
1.0,0.4099999964237213,1.969841189500762,1.0832204075666196,hyperbolic_paraboloid,T+F,4042,end_to_end,1.028208718573385,0.1771791577339172,0.0548699498176574,0.0488311648368835
2.0,0.1700000017881393,,,hyperbolic_paraboloid,T+F,4042,end_to_end,1.3340797991113504,0.1906524151563644,,
3.0,0.0599999986588954,,,hyperbolic_paraboloid,T+F,4042,end_to_end,1.8039490640644036,0.2621852159500122,,
4.0,0.0299999993294477,,,hyperbolic_paraboloid,T+F,4042,end_to_end,1.4943800560532297,0.2136142551898956,,
5.0,0.0149999996647238,,,hyperbolic_paraboloid,T+F,4042,end_to_end,1.8509132293342825,0.387621521949768,,
0.1,1.0,0.3373966979980469,0.4216937072743823,hyperbolic_paraboloid,T+F+K,4042,learned_latent,,,,
0.2,0.9899999499320984,0.4155166317718197,0.3721728313476841,hyperbolic_paraboloid,T+F+K,4042,learned_latent,,,,
0.5,0.8999999761581421,0.6304954528808594,0.4110531962846063,hyperbolic_paraboloid,T+F+K,4042,learned_latent,,,,
1.0,0.7149999737739563,0.6489498965390079,0.3568591088286956,hyperbolic_paraboloid,T+F+K,4042,learned_latent,1.205093239231499,0.1795717030763626,,
2.0,0.4650000035762787,,,hyperbolic_paraboloid,T+F+K,4042,learned_latent,1.3027313486859768,0.1912604570388794,,
3.0,0.2949999868869781,,,hyperbolic_paraboloid,T+F+K,4042,learned_latent,1.6279652784113556,0.2360048145055771,,
4.0,0.1799999922513961,,,hyperbolic_paraboloid,T+F+K,4042,learned_latent,1.319308361908966,0.2503249943256378,,
5.0,0.1149999946355819,,,hyperbolic_paraboloid,T+F+K,4042,learned_latent,1.4393686802912098,0.2642064094543457,,
0.1,0.98499995470047,1.4007955638285217,1.7507778764562103,hyperbolic_paraboloid,T+F+K,4042,end_to_end,,,0.0253677032887935,0.0262098032981157
0.2,0.9199999570846558,1.7780383566151494,1.5925657815536862,hyperbolic_paraboloid,T+F+K,4042,end_to_end,,,0.0254988316446542,0.0527898967266082
0.5,0.6800000071525574,2.023355820599724,1.319132237161021,hyperbolic_paraboloid,T+F+K,4042,end_to_end,,,0.0286973379552364,0.0332923457026481
1.0,0.4149999916553497,1.9822119287697664,1.0900231068422233,hyperbolic_paraboloid,T+F+K,4042,end_to_end,0.9931945175017636,0.1673081219196319,0.0211433321237564,0.0347262434661388
2.0,0.1649999916553497,,,hyperbolic_paraboloid,T+F+K,4042,end_to_end,1.226784759135695,0.1723663955926895,,
3.0,0.0549999997019767,,,hyperbolic_paraboloid,T+F+K,4042,end_to_end,1.794494699858169,0.242770567536354,,
4.0,0.0299999993294477,,,hyperbolic_paraboloid,T+F+K,4042,end_to_end,1.5076998300408335,0.1834404468536377,,
5.0,0.0149999996647238,,,hyperbolic_paraboloid,T+F+K,4042,end_to_end,1.884423784320653,0.3651979863643646,,
0.1,1.0,0.5319021987915039,0.7067126344515341,hyperbolic_paraboloid,baseline,5042,learned_latent,,,,
0.2,0.9950000047683716,0.7021745844702025,0.6791908584846903,hyperbolic_paraboloid,baseline,5042,learned_latent,,,,
0.5,0.8999999761581421,0.7561979505750868,0.5293848742570738,hyperbolic_paraboloid,baseline,5042,learned_latent,,,,
1.0,0.73499995470047,0.956105342527636,0.5433783803285321,hyperbolic_paraboloid,baseline,5042,learned_latent,1.3081023513367749,0.336219847202301,,
2.0,0.4699999988079071,,,hyperbolic_paraboloid,baseline,5042,learned_latent,2.042159547034472,0.3646759986877441,,
3.0,0.25,,,hyperbolic_paraboloid,baseline,5042,learned_latent,1.8495065072164112,0.3874890804290771,,
4.0,0.1599999964237213,,,hyperbolic_paraboloid,baseline,5042,learned_latent,1.413653444959,0.3132861852645874,,
5.0,0.1099999994039535,,,hyperbolic_paraboloid,baseline,5042,learned_latent,2.6146218383267525,0.4760235846042633,,
0.1,1.0,0.9517457580566406,1.2645383935852692,hyperbolic_paraboloid,baseline,5042,end_to_end,,,0.6256815791130066,1.018897294998169
0.2,0.949999988079071,1.2621822959498354,1.2208682799266497,hyperbolic_paraboloid,baseline,5042,end_to_end,,,0.7093178629875183,1.3016197681427002
0.5,0.7599999904632568,1.5836478785464638,1.108650496095938,hyperbolic_paraboloid,baseline,5042,end_to_end,,,0.7449816465377808,1.5356227159500122
1.0,0.4650000035762787,1.6693136563865087,0.948712354717736,hyperbolic_paraboloid,baseline,5042,end_to_end,1.2258574438763687,0.2518385946750641,0.5474166870117188,1.9522767066955569
2.0,0.1400000005960464,,,hyperbolic_paraboloid,baseline,5042,end_to_end,2.010670616761559,0.2575821280479431,,
3.0,0.044999998062849,,,hyperbolic_paraboloid,baseline,5042,end_to_end,1.760005245869969,0.2931609451770782,,
4.0,0.0149999996647238,,,hyperbolic_paraboloid,baseline,5042,end_to_end,1.4290744918751523,0.2645423412322998,,
5.0,0.0099999997764825,,,hyperbolic_paraboloid,baseline,5042,end_to_end,2.7338411719790656,0.3690645694732666,,
0.1,1.0,0.3010723114013672,0.4000201669297394,hyperbolic_paraboloid,T+F,5042,learned_latent,,,,
0.2,0.9950000047683716,0.4454630942799937,0.4308821027117575,hyperbolic_paraboloid,T+F,5042,learned_latent,,,,
0.5,0.8999999761581421,0.5145362006293402,0.3602068501557371,hyperbolic_paraboloid,T+F,5042,learned_latent,,,,
1.0,0.73499995470047,0.6225551683075574,0.3538135433129213,hyperbolic_paraboloid,T+F,5042,learned_latent,1.0009635714632108,0.1880935132503509,,
2.0,0.4699999988079071,,,hyperbolic_paraboloid,T+F,5042,learned_latent,1.7714217594104955,0.2655688822269439,,
3.0,0.25,,,hyperbolic_paraboloid,T+F,5042,learned_latent,1.613500450958557,0.2451733499765396,,
4.0,0.1599999964237213,,,hyperbolic_paraboloid,T+F,5042,learned_latent,1.1834455600352745,0.2022521942853927,,
5.0,0.1099999994039535,,,hyperbolic_paraboloid,T+F,5042,learned_latent,2.4197163372456223,0.4122185707092285,,
0.1,1.0,0.9486100769042968,1.2603721662355651,hyperbolic_paraboloid,T+F,5042,end_to_end,,,0.0637963861227035,0.2266837656497955
0.2,0.9649999737739564,1.2607658267638844,1.219498174907612,hyperbolic_paraboloid,T+F,5042,end_to_end,,,0.0841279327869415,0.3327503800392151
0.5,0.7949999570846558,1.820559711576258,1.274503287475643,hyperbolic_paraboloid,T+F,5042,end_to_end,,,0.1306976377964019,1.3892303705215454
1.0,0.4799999892711639,2.037632624308268,1.1580371595603751,hyperbolic_paraboloid,T+F,5042,end_to_end,0.9046422506276784,0.1068454906344413,0.1726318746805191,3.432432174682617
2.0,0.1649999916553497,,,hyperbolic_paraboloid,T+F,5042,end_to_end,1.7887696582416313,0.2082306295633316,,
3.0,0.0700000002980232,,,hyperbolic_paraboloid,T+F,5042,end_to_end,1.5765441035186485,0.2501966059207916,,
4.0,0.0399999991059303,,,hyperbolic_paraboloid,T+F,5042,end_to_end,1.2536253409875613,0.2328617870807647,,
5.0,0.0049999998882412,,,hyperbolic_paraboloid,T+F,5042,end_to_end,2.138278872182963,0.2984393239021301,,
0.1,1.0,0.3649761581420898,0.4849261063756219,hyperbolic_paraboloid,T+F+K,5042,learned_latent,,,,
0.2,0.9950000047683716,0.5029036172071294,0.4864424703774806,hyperbolic_paraboloid,T+F+K,5042,learned_latent,,,,
0.5,0.8999999761581421,0.5659390767415364,0.3961920112982823,hyperbolic_paraboloid,T+F+K,5042,learned_latent,,,,
1.0,0.73499995470047,0.665448454772534,0.3781908618881839,hyperbolic_paraboloid,T+F+K,5042,learned_latent,1.0151048520725618,0.1904024630784988,,
2.0,0.4699999988079071,,,hyperbolic_paraboloid,T+F+K,5042,learned_latent,1.7823739702820365,0.2663340270519256,,
3.0,0.25,,,hyperbolic_paraboloid,T+F+K,5042,learned_latent,1.6215706308360984,0.2374267280101776,,
4.0,0.1599999964237213,,,hyperbolic_paraboloid,T+F+K,5042,learned_latent,1.2210672245619456,0.2144488841295242,,
5.0,0.1099999994039535,,,hyperbolic_paraboloid,T+F+K,5042,learned_latent,2.3989498169058066,0.4109947681427002,,
0.1,1.0,0.9493246459960938,1.2613215795046,hyperbolic_paraboloid,T+F+K,5042,end_to_end,,,0.0417150817811489,0.2903479337692261
0.2,0.9699999690055848,1.2813627105398275,1.2394208771575763,hyperbolic_paraboloid,T+F+K,5042,end_to_end,,,0.0512650646269321,0.3700436353683471
0.5,0.8050000071525574,1.8256995159646736,1.2781014653043428,hyperbolic_paraboloid,T+F+K,5042,end_to_end,,,0.0621508508920669,0.961197316646576
1.0,0.4899999797344208,2.090797268614477,1.1882519455561091,hyperbolic_paraboloid,T+F+K,5042,end_to_end,0.8783838993230013,0.1132480949163436,0.0835135728120803,2.278160572052002
2.0,0.1649999916553497,,,hyperbolic_paraboloid,T+F+K,5042,end_to_end,1.7185465242549474,0.1846778094768524,,
3.0,0.0749999955296516,,,hyperbolic_paraboloid,T+F+K,5042,end_to_end,1.666801508491513,0.2572948038578033,,
4.0,0.0399999991059303,,,hyperbolic_paraboloid,T+F+K,5042,end_to_end,1.4837481948794176,0.2344390749931335,,
5.0,0.0199999995529651,,,hyperbolic_paraboloid,T+F+K,5042,end_to_end,2.2170966566309347,0.3017757833003998,,
0.1,1.0,0.5176331329345704,0.7603697690024686,hyperbolic_paraboloid,baseline,6042,learned_latent,,,,
0.2,0.9950000047683716,0.7402507839490421,0.7003912477887072,hyperbolic_paraboloid,baseline,6042,learned_latent,,,,
0.5,0.8999999761581421,1.0265570746527777,0.6417094123362458,hyperbolic_paraboloid,baseline,6042,learned_latent,,,,
1.0,0.7299999594688416,1.034672253752408,0.5825748457506645,hyperbolic_paraboloid,baseline,6042,learned_latent,1.434344871445798,0.2404682338237762,,
2.0,0.5049999952316284,,,hyperbolic_paraboloid,baseline,6042,learned_latent,1.519184020172448,0.2253265976905822,,
3.0,0.3299999833106994,,,hyperbolic_paraboloid,baseline,6042,learned_latent,1.4776635244676577,0.2246770411729812,,
4.0,0.2049999982118606,,,hyperbolic_paraboloid,baseline,6042,learned_latent,1.0600817251916828,0.241815835237503,,
5.0,0.1349999904632568,,,hyperbolic_paraboloid,baseline,6042,learned_latent,0.9385493836818912,0.1829009354114532,,
0.1,0.98499995470047,0.938302441901967,1.3783059190178093,hyperbolic_paraboloid,baseline,6042,end_to_end,,,0.2319423556327819,1.4309380054473877
0.2,0.9449999928474426,1.3136345595909804,1.2429006064972048,hyperbolic_paraboloid,baseline,6042,end_to_end,,,0.155302956700325,1.164026379585266
0.5,0.6800000071525574,1.7881783878102022,1.1178052645364966,hyperbolic_paraboloid,baseline,6042,end_to_end,,,0.3125188052654266,0.7765902876853943
1.0,0.4050000011920929,1.8965770580150465,1.067872539367197,hyperbolic_paraboloid,baseline,6042,end_to_end,1.172479710940762,0.1340098530054092,0.1817095875740051,1.4574742317199707
2.0,0.1299999952316284,,,hyperbolic_paraboloid,baseline,6042,end_to_end,1.3534216505494556,0.1697484999895095,,
3.0,0.0399999991059303,,,hyperbolic_paraboloid,baseline,6042,end_to_end,1.517808850385615,0.2148260027170181,,
4.0,0.0149999996647238,,,hyperbolic_paraboloid,baseline,6042,end_to_end,1.506545970840123,0.3044138848781585,,
5.0,0.0099999997764825,,,hyperbolic_paraboloid,baseline,6042,end_to_end,1.3368205922039356,0.2364221811294555,,
0.1,1.0,0.254561595916748,0.3739346065171293,hyperbolic_paraboloid,T+F,6042,learned_latent,,,,
0.2,0.9950000047683716,0.4451330750431846,0.4211644440257452,hyperbolic_paraboloid,T+F,6042,learned_latent,,,,
0.5,0.8999999761581421,0.7306840684678819,0.4567567218204382,hyperbolic_paraboloid,T+F,6042,learned_latent,,,,
1.0,0.7299999594688416,0.7002191412938784,0.394260169586571,hyperbolic_paraboloid,T+F,6042,learned_latent,1.1211212137234614,0.1438678205013275,,
2.0,0.5049999952316284,,,hyperbolic_paraboloid,T+F,6042,learned_latent,1.2723993098458473,0.1356178671121597,,
3.0,0.3299999833106994,,,hyperbolic_paraboloid,T+F,6042,learned_latent,1.1492065478223383,0.1406601816415786,,
4.0,0.2049999982118606,,,hyperbolic_paraboloid,T+F,6042,learned_latent,0.7190382949152995,0.1430089026689529,,
5.0,0.1349999904632568,,,hyperbolic_paraboloid,T+F,6042,learned_latent,0.6808498989767134,0.1036134660243988,,
0.1,0.9899999499320984,0.5443861219618056,0.7996681886601138,hyperbolic_paraboloid,T+F,6042,end_to_end,,,0.0533387362957,0.1020708382129669
0.2,0.9649999737739564,0.801329143306752,0.7581807824315754,hyperbolic_paraboloid,T+F,6042,end_to_end,,,0.0405084788799285,0.3715203404426574
0.5,0.7949999570846558,1.2124347806726612,0.7579031208417119,hyperbolic_paraboloid,T+F,6042,end_to_end,,,0.0612337067723274,0.3457936346530914
1.0,0.5699999928474426,1.4648410730194628,0.8247824942329622,hyperbolic_paraboloid,T+F,6042,end_to_end,0.9134378335612922,0.1303738355636596,0.0360945761203765,0.1549380272626876
2.0,0.2549999952316284,,,hyperbolic_paraboloid,T+F,6042,end_to_end,1.1944153795729353,0.1135382577776908,,
3.0,0.1349999904632568,,,hyperbolic_paraboloid,T+F,6042,end_to_end,1.5460360022872706,0.1894660294055938,,
4.0,0.0599999986588954,,,hyperbolic_paraboloid,T+F,6042,end_to_end,1.220285722109286,0.1753052026033401,,
5.0,0.0299999993294477,,,hyperbolic_paraboloid,T+F,6042,end_to_end,1.125275747754731,0.1335268467664718,,
0.1,1.0,0.249493236541748,0.366489512681381,hyperbolic_paraboloid,T+F+K,6042,learned_latent,,,,
0.2,0.9950000047683716,0.4401785692377905,0.4164767184894015,hyperbolic_paraboloid,T+F+K,6042,learned_latent,,,,
0.5,0.8999999761581421,0.7272154914008246,0.4545884852885365,hyperbolic_paraboloid,T+F+K,6042,learned_latent,,,,
1.0,0.7299999594688416,0.6994524393996148,0.3938284761337239,hyperbolic_paraboloid,T+F+K,6042,learned_latent,1.1258775146033015,0.1478287130594253,,
2.0,0.5049999952316284,,,hyperbolic_paraboloid,T+F+K,6042,learned_latent,1.269919138578236,0.1372552365064621,,
3.0,0.3299999833106994,,,hyperbolic_paraboloid,T+F+K,6042,learned_latent,1.163628439363415,0.1446244269609451,,
4.0,0.2049999982118606,,,hyperbolic_paraboloid,T+F+K,6042,learned_latent,0.7182142520276418,0.1429426223039627,,
5.0,0.1349999904632568,,,hyperbolic_paraboloid,T+F+K,6042,learned_latent,0.6843585135498081,0.1025501042604446,,
0.1,0.9899999499320984,0.5403333336415918,0.7937149033644324,hyperbolic_paraboloid,T+F+K,6042,end_to_end,,,0.0290141701698303,0.0947736352682113
0.2,0.9649999737739564,0.7907548815475227,0.7481759022631529,hyperbolic_paraboloid,T+F+K,6042,end_to_end,,,0.0269971247762441,0.2135594189167022
0.5,0.7849999666213989,1.178602765320213,0.7367544451119054,hyperbolic_paraboloid,T+F+K,6042,end_to_end,,,0.0352911539375782,0.286645233631134
1.0,0.5799999833106995,1.5070535067854256,0.8485503124969385,hyperbolic_paraboloid,T+F+K,6042,end_to_end,0.8892512824623158,0.1323449313640594,0.0231423527002334,0.2445665448904037
2.0,0.2649999856948852,,,hyperbolic_paraboloid,T+F+K,6042,end_to_end,1.153062927489542,0.1121123954653739,,
3.0,0.1199999973177909,,,hyperbolic_paraboloid,T+F+K,6042,end_to_end,1.3262127810131576,0.1274825632572174,,
4.0,0.0499999970197677,,,hyperbolic_paraboloid,T+F+K,6042,end_to_end,0.9000982066325446,0.1642415076494217,,
5.0,0.0199999995529651,,,hyperbolic_paraboloid,T+F+K,6042,end_to_end,0.9464277525159148,0.1502530425786972,,
0.1,1.0,0.2948243331909179,0.415033960959193,hyperbolic_paraboloid,baseline,7042,learned_latent,,,,
0.2,1.0,0.5072047424316406,0.4575314774977584,hyperbolic_paraboloid,baseline,7042,learned_latent,,,,
0.5,0.9300000071525574,0.779803942608577,0.4690426315463218,hyperbolic_paraboloid,baseline,7042,learned_latent,,,,
1.0,0.7799999713897705,0.8745428232046274,0.4495462777285099,hyperbolic_paraboloid,baseline,7042,learned_latent,1.429817125827013,0.2478588819503784,,
2.0,0.5349999666213989,,,hyperbolic_paraboloid,baseline,7042,learned_latent,1.356772405112191,0.2609316408634186,,
3.0,0.3299999833106994,,,hyperbolic_paraboloid,baseline,7042,learned_latent,1.6306387678292438,0.2355333417654037,,
4.0,0.2249999940395355,,,hyperbolic_paraboloid,baseline,7042,learned_latent,1.435685739064996,0.2936880886554718,,
5.0,0.1400000005960464,,,hyperbolic_paraboloid,baseline,7042,learned_latent,1.0047396400367996,0.17616568505764,,
0.1,0.9649999737739564,0.8280087802076587,1.1656153345254496,hyperbolic_paraboloid,baseline,7042,end_to_end,,,0.1881091445684433,0.1987421661615371
0.2,0.875,1.116007080078125,1.0067105559741918,hyperbolic_paraboloid,baseline,7042,end_to_end,,,0.1362397819757461,0.0915277749300003
0.5,0.5699999928474426,1.4507689894291391,0.8726199848276543,hyperbolic_paraboloid,baseline,7042,end_to_end,,,0.0915593057870864,0.1704887449741363
1.0,0.2849999964237213,1.590407522101151,0.8175263265120948,hyperbolic_paraboloid,baseline,7042,end_to_end,1.4175114848422392,0.2344301789999008,0.1076691448688507,0.0458546392619609
2.0,0.089999996125698,,,hyperbolic_paraboloid,baseline,7042,end_to_end,1.5821141105191496,0.2704533636569977,,
3.0,0.0199999995529651,,,hyperbolic_paraboloid,baseline,7042,end_to_end,2.093740806684493,0.3092017769813537,,
4.0,0.0,,,hyperbolic_paraboloid,baseline,7042,end_to_end,,,,
5.0,0.0,,,hyperbolic_paraboloid,baseline,7042,end_to_end,,,,
0.1,1.0,0.1624978065490722,0.2287535345855221,hyperbolic_paraboloid,T+F,7042,learned_latent,,,,
0.2,1.0,0.3342692565917968,0.3015324859095431,hyperbolic_paraboloid,T+F,7042,learned_latent,,,,
0.5,0.9300000071525574,0.5527315857589886,0.3324613577304013,hyperbolic_paraboloid,T+F,7042,learned_latent,,,,
1.0,0.7799999713897705,0.6181580470158503,0.3177553365146983,hyperbolic_paraboloid,T+F,7042,learned_latent,1.175062785830164,0.1579067111015319,,
2.0,0.5349999666213989,,,hyperbolic_paraboloid,T+F,7042,learned_latent,1.0824385215740595,0.1674455851316452,,
3.0,0.3299999833106994,,,hyperbolic_paraboloid,T+F,7042,learned_latent,1.407267046869435,0.1548094153404235,,
4.0,0.2249999940395355,,,hyperbolic_paraboloid,T+F,7042,learned_latent,1.177966628432484,0.1984855830669403,,
5.0,0.1400000005960464,,,hyperbolic_paraboloid,T+F,7042,learned_latent,0.8568218147430435,0.1222893595695495,,
0.1,0.9899999499320984,0.8732171877466067,1.2292567044438436,hyperbolic_paraboloid,T+F,7042,end_to_end,,,0.0255696959793567,0.0190797895193099
0.2,0.949999988079071,1.2023546720805922,1.0846016678708577,hyperbolic_paraboloid,T+F,7042,end_to_end,,,0.0211055781692266,0.0158077962696552
0.5,0.7299999594688416,1.5540518564720676,0.934743379061095,hyperbolic_paraboloid,T+F,7042,end_to_end,,,0.0284158810973167,0.0416040308773517
1.0,0.4350000023841858,1.8946933088631464,0.97394009971453,hyperbolic_paraboloid,T+F,7042,end_to_end,1.0486069298089562,0.1576377302408218,0.0181308016180992,0.0204738322645425
2.0,0.1799999922513961,,,hyperbolic_paraboloid,T+F,7042,end_to_end,1.1038705757373488,0.1622622609138488,,
3.0,0.0549999997019767,,,hyperbolic_paraboloid,T+F,7042,end_to_end,1.3427499297237069,0.139476329088211,,
4.0,0.0099999997764825,,,hyperbolic_paraboloid,T+F,7042,end_to_end,1.823029105851374,0.2868854999542236,,
5.0,0.0,,,hyperbolic_paraboloid,T+F,7042,end_to_end,,,,
0.1,1.0,0.1585811424255371,0.2232399170107987,hyperbolic_paraboloid,T+F+K,7042,learned_latent,,,,
0.2,1.0,0.3299658584594727,0.2976505425028157,hyperbolic_paraboloid,T+F+K,7042,learned_latent,,,,
0.5,0.9300000071525574,0.5462417602539062,0.3285578062518111,hyperbolic_paraboloid,T+F+K,7042,learned_latent,,,,
1.0,0.7799999713897705,0.6125770960098658,0.3148865281678045,hyperbolic_paraboloid,T+F+K,7042,learned_latent,1.1688885762353698,0.1570129841566085,,
2.0,0.5349999666213989,,,hyperbolic_paraboloid,T+F+K,7042,learned_latent,1.077184613363023,0.1668057590723037,,
3.0,0.3299999833106994,,,hyperbolic_paraboloid,T+F+K,7042,learned_latent,1.401473125152637,0.1532553732395172,,
4.0,0.2249999940395355,,,hyperbolic_paraboloid,T+F+K,7042,learned_latent,1.1625551686931657,0.1954729557037353,,
5.0,0.1400000005960464,,,hyperbolic_paraboloid,T+F+K,7042,learned_latent,0.8496009749512485,0.1207605525851249,,
0.1,0.9950000047683716,0.892991492496663,1.2570936469946998,hyperbolic_paraboloid,T+F+K,7042,end_to_end,,,0.0087184887379407,0.0195528920739889
0.2,0.9549999833106996,1.2025994905002455,1.084822509917258,hyperbolic_paraboloid,T+F+K,7042,end_to_end,,,0.0098746754229068,0.0235660579055547
0.5,0.7299999594688416,1.5247181931587117,0.9170995356773786,hyperbolic_paraboloid,T+F+K,7042,end_to_end,,,0.0107513479888439,0.0318125635385513
1.0,0.449999988079071,1.8972318861219617,0.9752450191846194,hyperbolic_paraboloid,T+F+K,7042,end_to_end,1.0571556046823083,0.1573171466588974,0.0104987528175115,0.0310687515884637
2.0,0.1899999976158142,,,hyperbolic_paraboloid,T+F+K,7042,end_to_end,1.0731384300209446,0.1463329344987869,,
3.0,0.0499999970197677,,,hyperbolic_paraboloid,T+F+K,7042,end_to_end,1.4949567056984965,0.1808948665857315,,
4.0,0.0099999997764825,,,hyperbolic_paraboloid,T+F+K,7042,end_to_end,1.6044011582489053,0.2063353806734085,,
5.0,0.0,,,hyperbolic_paraboloid,T+F+K,7042,end_to_end,1.6952526315511185,0.3465775549411773,,
0.1,0.9950000047683716,0.5239081454636464,0.6915359590448907,hyperbolic_paraboloid,baseline,8042,learned_latent,,,,
0.2,0.9950000047683716,0.6682824369650989,0.6105294964208059,hyperbolic_paraboloid,baseline,8042,learned_latent,,,,
0.5,0.9199999570846558,0.8438717385996943,0.5468264633353657,hyperbolic_paraboloid,baseline,8042,learned_latent,,,,
1.0,0.7249999642372131,0.8893853549299569,0.4780670444050098,hyperbolic_paraboloid,baseline,8042,learned_latent,1.5507063332500532,0.1997141987085342,,
2.0,0.4449999928474426,,,hyperbolic_paraboloid,baseline,8042,learned_latent,1.625391066413305,0.2490535974502563,,
3.0,0.3199999928474426,,,hyperbolic_paraboloid,baseline,8042,learned_latent,1.6806302614604751,0.2206326276063919,,
4.0,0.2049999982118606,,,hyperbolic_paraboloid,baseline,8042,learned_latent,1.0364097260607292,0.2164763510227203,,
5.0,0.1499999910593032,,,hyperbolic_paraboloid,baseline,8042,learned_latent,2.0012399126885136,0.2848021388053894,,
0.1,0.9799999594688416,0.993695862439214,1.3116353070302174,hyperbolic_paraboloid,baseline,8042,end_to_end,,,1.011608600616455,3.8987936973571777
0.2,0.9549999833106996,1.2623109667713106,1.1532221052662464,hyperbolic_paraboloid,baseline,8042,end_to_end,,,1.148590326309204,3.8227615356445312
0.5,0.7949999570846558,1.6393478681456368,1.0622927109776,hyperbolic_paraboloid,baseline,8042,end_to_end,,,1.2090237140655518,5.072178840637207
1.0,0.5249999761581421,1.7197530110677084,0.9244105882230366,hyperbolic_paraboloid,baseline,8042,end_to_end,1.5442415905779163,0.2256551533937454,1.0817302465438845,3.4235615730285645
2.0,0.2399999946355819,,,hyperbolic_paraboloid,baseline,8042,end_to_end,1.5390184190458516,0.2432831674814224,,
3.0,0.1299999952316284,,,hyperbolic_paraboloid,baseline,8042,end_to_end,1.7584427012275785,0.2905080616474151,,
4.0,0.0549999997019767,,,hyperbolic_paraboloid,baseline,8042,end_to_end,1.1698904026696402,0.2405232489109039,,
5.0,0.0149999996647238,,,hyperbolic_paraboloid,baseline,8042,end_to_end,2.3333874766774936,0.364105761051178,,
0.1,0.9950000047683716,0.2178294886296718,0.2875254481765464,hyperbolic_paraboloid,T+F,8042,learned_latent,,,,
0.2,0.9950000047683716,0.3874907373782977,0.3540038038911592,hyperbolic_paraboloid,T+F,8042,learned_latent,,,,
0.5,0.9199999570846558,0.5919791511867357,0.3836007900310452,hyperbolic_paraboloid,T+F,8042,learned_latent,,,,
1.0,0.7249999642372131,0.6535641374259159,0.3513071963422693,hyperbolic_paraboloid,T+F,8042,learned_latent,1.3428775576980363,0.1439883410930633,,
2.0,0.4449999928474426,,,hyperbolic_paraboloid,T+F,8042,learned_latent,1.376433657333144,0.1776706427335739,,
3.0,0.3199999928474426,,,hyperbolic_paraboloid,T+F,8042,learned_latent,1.500840109302069,0.1400439739227295,,
4.0,0.2049999982118606,,,hyperbolic_paraboloid,T+F,8042,learned_latent,0.6932230147808257,0.1184633076190948,,
5.0,0.1499999910593032,,,hyperbolic_paraboloid,T+F,8042,learned_latent,1.819477052892844,0.2418626546859741,,
0.1,0.9899999499320984,1.0166965831409802,1.341995257695125,hyperbolic_paraboloid,T+F,8042,end_to_end,,,0.0322618335485458,0.0380033813416957
0.2,0.9449999928474426,1.3375163406291335,1.221928233827804,hyperbolic_paraboloid,T+F,8042,end_to_end,,,0.0301253087818622,0.0388386026024818
0.5,0.7400000095367432,1.6334716178275444,1.0584849176458222,hyperbolic_paraboloid,T+F,8042,end_to_end,,,0.017052873969078,0.0154544068500399
1.0,0.4599999785423279,1.9259512528129248,1.0352473401958735,hyperbolic_paraboloid,T+F,8042,end_to_end,1.1770571816197015,0.1337850540876388,0.0220950618386268,0.0090350657701492
2.0,0.1599999964237213,,,hyperbolic_paraboloid,T+F,8042,end_to_end,1.1581333535765144,0.1566907316446304,,
3.0,0.0799999982118606,,,hyperbolic_paraboloid,T+F,8042,end_to_end,1.3679988798011729,0.1495340913534164,,
4.0,0.0299999993294477,,,hyperbolic_paraboloid,T+F,8042,end_to_end,1.305411296959493,0.178394466638565,,
5.0,0.0099999997764825,,,hyperbolic_paraboloid,T+F,8042,end_to_end,1.9462240607340595,0.2129843980073928,,
0.1,0.9950000047683716,0.2734519536770768,0.3609446821473364,hyperbolic_paraboloid,T+F+K,8042,learned_latent,,,,
0.2,0.9950000047683716,0.4443059183245328,0.4059090192514327,hyperbolic_paraboloid,T+F+K,8042,learned_latent,,,,
0.5,0.9199999570846558,0.6508633157481318,0.4217575595740057,hyperbolic_paraboloid,T+F+K,8042,learned_latent,,,,
1.0,0.7249999642372131,0.7121207927835399,0.3827828744629944,hyperbolic_paraboloid,T+F+K,8042,learned_latent,1.345909118337231,0.1532265841960907,,
2.0,0.4449999928474426,,,hyperbolic_paraboloid,T+F+K,8042,learned_latent,1.3819120786044026,0.1824918091297149,,
3.0,0.3199999928474426,,,hyperbolic_paraboloid,T+F+K,8042,learned_latent,1.498941814744958,0.1438711434602737,,
4.0,0.2049999982118606,,,hyperbolic_paraboloid,T+F+K,8042,learned_latent,0.7213249904261153,0.1301271766424179,,
5.0,0.1499999910593032,,,hyperbolic_paraboloid,T+F+K,8042,learned_latent,1.836155898381164,0.2492679357528686,,
0.1,0.9899999499320984,1.0295144283410274,1.358914255710434,hyperbolic_paraboloid,T+F+K,8042,end_to_end,,,0.0124163664877414,0.0199171807616949
0.2,0.949999988079071,1.3850481535259047,1.265352349421237,hyperbolic_paraboloid,T+F+K,8042,end_to_end,,,0.0121830720454454,0.0221824273467063
0.5,0.7450000047683716,1.697271359846896,1.0998269672658774,hyperbolic_paraboloid,T+F+K,8042,end_to_end,,,0.0088499067351222,0.0161194615066051
1.0,0.4699999988079071,1.914148046615276,1.02890281937581,hyperbolic_paraboloid,T+F+K,8042,end_to_end,1.1865321538728328,0.1237833946943283,0.0073493365198373,0.0165269635617733
2.0,0.1850000023841858,,,hyperbolic_paraboloid,T+F+K,8042,end_to_end,1.1426286686333498,0.1712701767683029,,
3.0,0.0850000008940696,,,hyperbolic_paraboloid,T+F+K,8042,end_to_end,1.3394493903740303,0.1712186634540558,,
4.0,0.044999998062849,,,hyperbolic_paraboloid,T+F+K,8042,end_to_end,1.2934853424642714,0.1823467314243316,,
5.0,0.0049999998882412,,,hyperbolic_paraboloid,T+F+K,8042,end_to_end,1.9567758708273368,0.197866603732109,,
0.1,1.0,0.545011978149414,0.6753546705377592,hyperbolic_paraboloid,baseline,9042,learned_latent,,,,
0.2,0.9749999642372132,0.5897540361453325,0.5890268911891675,hyperbolic_paraboloid,baseline,9042,learned_latent,,,,
0.5,0.8799999952316284,0.8094344572587446,0.5484256064974644,hyperbolic_paraboloid,baseline,9042,learned_latent,,,,
1.0,0.7400000095367432,1.1138764458733637,0.5791278777123263,hyperbolic_paraboloid,baseline,9042,learned_latent,1.7601742284162667,0.2496454566717147,,
2.0,0.4549999833106994,,,hyperbolic_paraboloid,baseline,9042,learned_latent,1.4197567130893376,0.234698012471199,,
3.0,0.3449999988079071,,,hyperbolic_paraboloid,baseline,9042,learned_latent,1.3027720349037657,0.2139443755149841,,
4.0,0.2249999940395355,,,hyperbolic_paraboloid,baseline,9042,learned_latent,2.1493480081599072,0.2750354409217834,,
5.0,0.1349999904632568,,,hyperbolic_paraboloid,baseline,9042,learned_latent,1.2750327899071303,0.2374847084283828,,
0.1,0.9749999642372132,1.225558080428686,1.5186572163848755,hyperbolic_paraboloid,baseline,9042,end_to_end,,,0.3805158138275146,1.9465616941452024
0.2,0.9249999523162842,1.4495059451541386,1.4477187578313708,hyperbolic_paraboloid,baseline,9042,end_to_end,,,0.245148479938507,2.4313526153564453
0.5,0.7599999904632568,1.793944107858758,1.2154719589117953,hyperbolic_paraboloid,baseline,9042,end_to_end,,,0.3984305560588836,2.570526599884033
1.0,0.5450000166893005,1.8155181604787844,0.9439262165220436,hyperbolic_paraboloid,baseline,9042,end_to_end,1.6963504664711466,0.2864875495433807,0.4440549612045288,1.9751063585281368
2.0,0.2699999809265136,,,hyperbolic_paraboloid,baseline,9042,end_to_end,1.5656998375276852,0.3581051230430603,,
3.0,0.1550000011920929,,,hyperbolic_paraboloid,baseline,9042,end_to_end,1.4090939281820507,0.2942061722278595,,
4.0,0.0700000002980232,,,hyperbolic_paraboloid,baseline,9042,end_to_end,2.2511891545908767,0.3263642489910126,,
5.0,0.0299999993294477,,,hyperbolic_paraboloid,baseline,9042,end_to_end,1.61022263150496,0.4439578950405121,,
0.1,1.0,0.3422205352783203,0.424064508891921,hyperbolic_paraboloid,T+F,9042,learned_latent,,,,
0.2,0.9749999642372132,0.3638473901993189,0.3633987797984024,hyperbolic_paraboloid,T+F,9042,learned_latent,,,,
0.5,0.8799999952316284,0.5167953317815607,0.3501503929388087,hyperbolic_paraboloid,T+F,9042,learned_latent,,,,
1.0,0.7400000095367432,0.824969059712178,0.4289188289234762,hyperbolic_paraboloid,T+F,9042,learned_latent,1.511928764039466,0.1802320182323455,,
2.0,0.4549999833106994,,,hyperbolic_paraboloid,T+F,9042,learned_latent,1.1655251413190169,0.1783463507890701,,
3.0,0.3449999988079071,,,hyperbolic_paraboloid,T+F,9042,learned_latent,1.0679577450605706,0.1410528719425201,,
4.0,0.2249999940395355,,,hyperbolic_paraboloid,T+F,9042,learned_latent,1.9919252453171432,0.2553363144397735,,
5.0,0.1349999904632568,,,hyperbolic_paraboloid,T+F,9042,learned_latent,0.9903557947704896,0.1560667902231216,,
0.1,0.98499995470047,1.0819579768301872,1.3407143370664234,hyperbolic_paraboloid,T+F,9042,end_to_end,,,0.0530962571501731,0.1109898686408996
0.2,0.9249999523162842,1.1883120974978885,1.1868469525474732,hyperbolic_paraboloid,T+F,9042,end_to_end,,,0.0582683756947517,0.0856391787528991
0.5,0.7199999690055847,1.374113400777181,0.931019143624896,hyperbolic_paraboloid,T+F,9042,end_to_end,,,0.04565941542387,0.0797669142484664
1.0,0.4549999833106994,1.829535683432778,0.9512142226103356,hyperbolic_paraboloid,T+F,9042,end_to_end,1.0013660445111272,0.0927053093910217,0.0531182289123535,0.0792499780654907
2.0,0.1599999964237213,,,hyperbolic_paraboloid,T+F,9042,end_to_end,1.1627928465383168,0.1801503002643585,,
3.0,0.0799999982118606,,,hyperbolic_paraboloid,T+F,9042,end_to_end,0.9175161815137224,0.1195436716079711,,
4.0,0.0299999993294477,,,hyperbolic_paraboloid,T+F,9042,end_to_end,2.103900013049456,0.1839352995157241,,
5.0,0.0049999998882412,,,hyperbolic_paraboloid,T+F,9042,end_to_end,1.7234619319998796,0.3282189071178436,,
0.1,1.0,0.3101446342468261,0.384317474988406,hyperbolic_paraboloid,T+F+K,9042,learned_latent,,,,
0.2,0.9749999642372132,0.34064209766877,0.3402220985369349,hyperbolic_paraboloid,T+F+K,9042,learned_latent,,,,
0.5,0.8799999952316284,0.492234316739169,0.3335092808017809,hyperbolic_paraboloid,T+F+K,9042,learned_latent,,,,
1.0,0.7400000095367432,0.7893246831120672,0.410386565090017,hyperbolic_paraboloid,T+F+K,9042,learned_latent,1.5011439800729114,0.1823156774044037,,
2.0,0.4549999833106994,,,hyperbolic_paraboloid,T+F+K,9042,learned_latent,1.1595239010506684,0.1753908693790435,,
3.0,0.3449999988079071,,,hyperbolic_paraboloid,T+F+K,9042,learned_latent,1.0822398769395634,0.1373377293348312,,
4.0,0.2249999940395355,,,hyperbolic_paraboloid,T+F+K,9042,learned_latent,2.010748949240757,0.2530896365642547,,
5.0,0.1349999904632568,,,hyperbolic_paraboloid,T+F+K,9042,learned_latent,0.982834890530361,0.1545917242765426,,
0.1,0.9699999690055848,0.992104363195675,1.229371724306219,hyperbolic_paraboloid,T+F+K,9042,end_to_end,,,0.0181019213050603,0.1317065060138702
0.2,0.9149999618530272,1.231380691945227,1.2298624450077085,hyperbolic_paraboloid,T+F+K,9042,end_to_end,,,0.0281307008117437,0.0686481744050979
0.5,0.7099999785423279,1.4152899728694432,0.9589179887020668,hyperbolic_paraboloid,T+F+K,9042,end_to_end,,,0.0198450684547424,0.051485788077116
1.0,0.4350000023841858,1.854417822826868,0.9641509721337022,hyperbolic_paraboloid,T+F+K,9042,end_to_end,1.03328457477359,0.0978854745626449,0.026944700628519,0.036742977797985
2.0,0.1649999916553497,,,hyperbolic_paraboloid,T+F+K,9042,end_to_end,1.130546758391891,0.1515077054500579,,
3.0,0.0799999982118606,,,hyperbolic_paraboloid,T+F+K,9042,end_to_end,0.9919016223498096,0.1238170936703682,,
4.0,0.0299999993294477,,,hyperbolic_paraboloid,T+F+K,9042,end_to_end,2.239214490343645,0.2174979299306869,,
5.0,0.0049999998882412,,,hyperbolic_paraboloid,T+F+K,9042,end_to_end,1.6399739935003623,0.2965037226676941,,
0.1,1.0,0.1645548248291015,0.272441923635587,sinusoidal,baseline,42,learned_latent,,,,
0.2,0.9799999594688416,0.2175449838443678,0.2694042175052525,sinusoidal,baseline,42,learned_latent,,,,
0.5,0.9149999618530272,0.2523322183577741,0.2167720157288476,sinusoidal,baseline,42,learned_latent,,,,
1.0,0.8050000071525574,0.3061194804884632,0.207306184643229,sinusoidal,baseline,42,learned_latent,0.4984968991278914,0.1003943532705307,,
2.0,0.5249999761581421,,,sinusoidal,baseline,42,learned_latent,0.6113623193254153,0.1373720169067382,,
3.0,0.3299999833106994,,,sinusoidal,baseline,42,learned_latent,0.6773916871934681,0.1216403543949127,,
4.0,0.2249999940395355,,,sinusoidal,baseline,42,learned_latent,0.4673579511075872,0.0888832807540893,,
5.0,0.1599999964237213,,,sinusoidal,baseline,42,learned_latent,0.4202125476171148,0.1155541092157363,,
0.1,1.0,0.8260658264160157,1.3676594595882017,sinusoidal,baseline,42,end_to_end,,,0.1106354147195816,0.223930612206459
0.2,0.9799999594688416,1.0454423086983815,1.2946589810742906,sinusoidal,baseline,42,end_to_end,,,0.1158244609832763,0.2704961895942688
0.5,0.9049999713897704,1.3642321001758893,1.171976151922954,sinusoidal,baseline,42,end_to_end,,,0.1471091657876968,0.3025686740875244
1.0,0.7599999904632568,1.6179873817845394,1.0957120088647267,sinusoidal,baseline,42,end_to_end,0.5550374857133036,0.0960984155535698,0.1964284479618072,0.3629786670207977
2.0,0.4399999976158142,,,sinusoidal,baseline,42,end_to_end,0.6592456899729283,0.1373615860939026,,
3.0,0.2249999940395355,,,sinusoidal,baseline,42,end_to_end,0.6412969755177744,0.0905133038759231,,
4.0,0.1349999904632568,,,sinusoidal,baseline,42,end_to_end,0.6328643119247945,0.1239157393574714,,
5.0,0.0749999955296516,,,sinusoidal,baseline,42,end_to_end,0.6097584585351757,0.1064133942127227,,
0.1,1.0,0.0587479782104492,0.0972649219491361,sinusoidal,T+F,42,learned_latent,,,,
0.2,0.9799999594688416,0.0983197640399543,0.1217576182562516,sinusoidal,T+F,42,learned_latent,,,,
0.5,0.9149999618530272,0.1067244941419591,0.0916842243664335,sinusoidal,T+F,42,learned_latent,,,,
1.0,0.8050000071525574,0.135408081623338,0.0916992696002274,sinusoidal,T+F,42,learned_latent,0.31576126379065,0.0379322580993175,,
2.0,0.5249999761581421,,,sinusoidal,T+F,42,learned_latent,0.356400437090129,0.0530487857758998,,
3.0,0.3299999833106994,,,sinusoidal,T+F,42,learned_latent,0.4480394217361351,0.0552092604339122,,
4.0,0.2249999940395355,,,sinusoidal,T+F,42,learned_latent,0.2954366069963394,0.0377858392894268,,
5.0,0.1599999964237213,,,sinusoidal,T+F,42,learned_latent,0.1596418670731942,0.0341535173356533,,
0.1,1.0,0.8202392578125,1.3580128171382757,sinusoidal,T+F,42,end_to_end,,,0.0412021949887275,0.0205359384417533
0.2,0.9799999594688416,1.0537576480787627,1.3049565639441616,sinusoidal,T+F,42,end_to_end,,,0.0370124578475952,0.032885693013668
0.5,0.9149999618530272,1.435333085190403,1.2330571503868504,sinusoidal,T+F,42,end_to_end,,,0.0549679100513458,0.0303955785930156
1.0,0.7599999904632568,1.67946363750257,1.1373441454367628,sinusoidal,T+F,42,end_to_end,0.626579820719085,0.0913249105215072,0.0587150827050209,0.045915313065052
2.0,0.449999988079071,,,sinusoidal,T+F,42,end_to_end,0.880676213578981,0.155443012714386,,
3.0,0.2599999904632568,,,sinusoidal,T+F,42,end_to_end,0.673967782777765,0.0883674398064613,,
4.0,0.1700000017881393,,,sinusoidal,T+F,42,end_to_end,0.6877557754684058,0.1032821610569953,,
5.0,0.1049999967217445,,,sinusoidal,T+F,42,end_to_end,0.8950082936923137,0.1475429683923721,,
0.1,1.0,0.1474581241607666,0.2441361111336417,sinusoidal,T+F+K,42,learned_latent,,,,
0.2,0.9799999594688416,0.1820215886952925,0.2254126149219771,sinusoidal,T+F+K,42,learned_latent,,,,
0.5,0.9149999618530272,0.1830022009344049,0.1572124092497773,sinusoidal,T+F+K,42,learned_latent,,,,
1.0,0.8050000071525574,0.2163264114664208,0.1464977103943409,sinusoidal,T+F+K,42,learned_latent,0.3275783785362008,0.0617082007229328,,
2.0,0.5249999761581421,,,sinusoidal,T+F+K,42,learned_latent,0.3836435450492099,0.0702353194355964,,
3.0,0.3299999833106994,,,sinusoidal,T+F+K,42,learned_latent,0.4431274321944189,0.0669542029500007,,
4.0,0.2249999940395355,,,sinusoidal,T+F+K,42,learned_latent,0.3076074889334444,0.0512997470796108,,
5.0,0.1599999964237213,,,sinusoidal,T+F+K,42,learned_latent,0.2224235191517254,0.0610410161316394,,
0.1,1.0,0.8237657165527343,1.3638513284296268,sinusoidal,T+F+K,42,end_to_end,,,0.0066176974214613,0.0071103544905781
0.2,0.9799999594688416,1.0523178723393654,1.3031735687695505,sinusoidal,T+F+K,42,end_to_end,,,0.0075387088581919,0.0057410206645727
0.5,0.9049999713897704,1.3922657834890797,1.1960591567792274,sinusoidal,T+F+K,42,end_to_end,,,0.0083762286230921,0.0079761557281017
1.0,0.75,1.6197095743815104,1.0968782893507945,sinusoidal,T+F+K,42,end_to_end,0.6009983482220523,0.0844345465302467,0.0100551424548029,0.0076797008514404
2.0,0.4050000011920929,,,sinusoidal,T+F+K,42,end_to_end,0.9050864089560844,0.1534687429666519,,
3.0,0.1949999928474426,,,sinusoidal,T+F+K,42,end_to_end,0.6552039308737283,0.0673589259386062,,
4.0,0.1349999904632568,,,sinusoidal,T+F+K,42,end_to_end,0.7335013739959071,0.1168916150927543,,
5.0,0.0799999982118606,,,sinusoidal,T+F+K,42,end_to_end,0.793794166679189,0.1101461201906204,,
0.1,0.9950000047683716,0.174219256070391,0.2809367311068816,sinusoidal,baseline,1042,learned_latent,,,,
0.2,0.9899999499320984,0.2507154291326349,0.279317434625445,sinusoidal,baseline,1042,learned_latent,,,,
0.5,0.9049999713897704,0.2602199744124439,0.2087958941806933,sinusoidal,baseline,1042,learned_latent,,,,
1.0,0.7649999856948853,0.3239587771347145,0.2167016120626832,sinusoidal,baseline,1042,learned_latent,0.5392974554963651,0.094972901046276,,
2.0,0.4949999749660492,,,sinusoidal,baseline,1042,learned_latent,0.4550447137279778,0.0901874080300331,,
3.0,0.3799999952316284,,,sinusoidal,baseline,1042,learned_latent,0.4718818423600127,0.108243815600872,,
4.0,0.2199999988079071,,,sinusoidal,baseline,1042,learned_latent,0.3882844215995841,0.0844677165150642,,
5.0,0.1349999904632568,,,sinusoidal,baseline,1042,learned_latent,0.3312649235922472,0.0813329145312309,,
0.1,0.9950000047683716,0.7268794840903737,1.172127299674032,sinusoidal,baseline,1042,end_to_end,,,0.0766782462596893,0.1600935459136963
0.2,0.9899999499320984,1.0488534021859215,1.1685082270774678,sinusoidal,baseline,1042,end_to_end,,,0.1048604175448417,0.1586324572563171
0.5,0.8949999809265137,1.4736508843619065,1.182431344116679,sinusoidal,baseline,1042,end_to_end,,,0.1655421257019043,0.155706524848938
1.0,0.7450000047683716,1.6497676772559249,1.1035580463424275,sinusoidal,baseline,1042,end_to_end,0.6703530497588112,0.0936386734247207,0.161496490240097,0.2163557708263397
2.0,0.4599999785423279,,,sinusoidal,baseline,1042,end_to_end,0.5875444775359362,0.0924587324261665,,
3.0,0.3299999833106994,,,sinusoidal,baseline,1042,end_to_end,0.5638670143550808,0.1011820808053016,,
4.0,0.199999988079071,,,sinusoidal,baseline,1042,end_to_end,0.5423565126853291,0.0706963092088699,,
5.0,0.1199999973177909,,,sinusoidal,baseline,1042,end_to_end,0.9000586654470627,0.2213086038827896,,
0.1,0.9950000047683716,0.080340989271001,0.1295536177158778,sinusoidal,T+F,1042,learned_latent,,,,
0.2,0.9899999499320984,0.1349169894902393,0.1503085291646156,sinusoidal,T+F,1042,learned_latent,,,,
0.5,0.9049999713897704,0.1100912779075664,0.0883352896491035,sinusoidal,T+F,1042,learned_latent,,,,
1.0,0.7649999856948853,0.1708798252679164,0.1143044616110174,sinusoidal,T+F,1042,learned_latent,0.380966256377226,0.0441577434539794,,
2.0,0.4949999749660492,,,sinusoidal,T+F,1042,learned_latent,0.2906813716162517,0.0371751710772514,,
3.0,0.3799999952316284,,,sinusoidal,T+F,1042,learned_latent,0.2303421093043615,0.0369258150458335,,
4.0,0.2199999988079071,,,sinusoidal,T+F,1042,learned_latent,0.2342025165506577,0.037323985248804,,
5.0,0.1349999904632568,,,sinusoidal,T+F,1042,learned_latent,0.2005171176846881,0.0319311283528804,,
0.1,0.9950000047683716,0.8706016348834014,1.4038860164896392,sinusoidal,T+F,1042,end_to_end,,,0.0325496830046176,0.0210458524525165
0.2,0.98499995470047,1.247781046756028,1.3901298462559577,sinusoidal,T+F,1042,end_to_end,,,0.0409750007092952,0.0235283374786376
0.5,0.8849999904632568,1.7403219621733756,1.396403489296908,sinusoidal,T+F,1042,end_to_end,,,0.0431209541857242,0.0411035493016243
1.0,0.7400000095367432,1.793933765308277,1.1999932285036572,sinusoidal,T+F,1042,end_to_end,0.5572373644110262,0.07304497808218,0.0408770255744457,0.0313665568828582
2.0,0.4599999785423279,,,sinusoidal,T+F,1042,end_to_end,0.6527231432116605,0.0787193551659584,,
3.0,0.3449999988079071,,,sinusoidal,T+F,1042,end_to_end,0.6545613289907646,0.1040302664041519,,
4.0,0.199999988079071,,,sinusoidal,T+F,1042,end_to_end,0.7128048241076097,0.119468368589878,,
5.0,0.1199999973177909,,,sinusoidal,T+F,1042,end_to_end,0.8886623713636643,0.1689855307340622,,
0.1,0.9950000047683716,0.0671208108489836,0.1082354592395802,sinusoidal,T+F+K,1042,learned_latent,,,,
0.2,0.9899999499320984,0.1234306470312253,0.1375118069206733,sinusoidal,T+F+K,1042,learned_latent,,,,
0.5,0.9049999713897704,0.0955298618717088,0.0766514675727664,sinusoidal,T+F+K,1042,learned_latent,,,,
1.0,0.7649999856948853,0.1600899789847579,0.1070869473823577,sinusoidal,T+F+K,1042,learned_latent,0.3725806706166946,0.0434227287769317,,
2.0,0.4949999749660492,,,sinusoidal,T+F+K,1042,learned_latent,0.2864366233208945,0.0338220708072185,,
3.0,0.3799999952316284,,,sinusoidal,T+F+K,1042,learned_latent,0.2150946945982073,0.0342337042093277,,
4.0,0.2199999988079071,,,sinusoidal,T+F+K,1042,learned_latent,0.2204523017367418,0.0324606038630008,,
5.0,0.1349999904632568,,,sinusoidal,T+F+K,1042,learned_latent,0.1921508790929426,0.033442810177803,,
0.1,0.9950000047683716,0.8861157594613693,1.428903270857654,sinusoidal,T+F+K,1042,end_to_end,,,0.0266316980123519,0.0173742622137069
0.2,0.9899999499320984,1.2737281876380997,1.4190370772633127,sinusoidal,T+F+K,1042,end_to_end,,,0.034021932631731,0.0185822993516922
0.5,0.8849999904632568,1.78978940457274,1.436095288098781,sinusoidal,T+F+K,1042,end_to_end,,,0.0305395238101482,0.0226107351481914
1.0,0.7400000095367432,1.81470571981894,1.2138879470476822,sinusoidal,T+F+K,1042,end_to_end,0.5262979416037183,0.0663954764604568,0.0310448296368122,0.0219426602125167
2.0,0.4449999928474426,,,sinusoidal,T+F+K,1042,end_to_end,0.6516467170625453,0.0680859163403511,,
3.0,0.3299999833106994,,,sinusoidal,T+F+K,1042,end_to_end,0.7987872542255641,0.1214481219649314,,
4.0,0.1749999970197677,,,sinusoidal,T+F+K,1042,end_to_end,0.6100395423476456,0.1023167669773101,,
5.0,0.1199999973177909,,,sinusoidal,T+F+K,1042,end_to_end,0.8237626298469574,0.1555254310369491,,
0.1,1.0,0.1329712772369384,0.2213054759754864,sinusoidal,baseline,2042,learned_latent,,,,
0.2,0.9899999499320984,0.1867428789235124,0.2218695638154323,sinusoidal,baseline,2042,learned_latent,,,,
0.5,0.9099999666213988,0.3127764817122574,0.2454126593982251,sinusoidal,baseline,2042,learned_latent,,,,
1.0,0.7749999761581421,0.2669146630071825,0.1866800496472762,sinusoidal,baseline,2042,learned_latent,0.4469355303253045,0.0809619799256324,,
2.0,0.5049999952316284,,,sinusoidal,baseline,2042,learned_latent,0.4945550337010306,0.0851263403892517,,
3.0,0.3299999833106994,,,sinusoidal,baseline,2042,learned_latent,0.7377832684166967,0.1443438977003097,,
4.0,0.1700000017881393,,,sinusoidal,baseline,2042,learned_latent,0.7834428015081363,0.1477666050195694,,
5.0,0.1049999967217445,,,sinusoidal,baseline,2042,learned_latent,0.4043626032005988,0.0993247404694557,,
0.1,1.0,0.6763389587402344,1.1256379444868048,sinusoidal,baseline,2042,end_to_end,,,0.1104699224233627,0.1776455789804458
0.2,0.9899999499320984,0.8633257162691367,1.0257188986453063,sinusoidal,baseline,2042,end_to_end,,,0.1333262324333191,0.262244313955307
0.5,0.9049999713897704,1.4061698281303954,1.103317855606858,sinusoidal,baseline,2042,end_to_end,,,0.1580758690834045,0.2764669358730316
1.0,0.7400000095367432,1.5520772160710514,1.0855224231152616,sinusoidal,baseline,2042,end_to_end,0.4632728025542885,0.0634126737713813,0.1351469606161117,0.2146906554698944
2.0,0.4749999940395355,,,sinusoidal,baseline,2042,end_to_end,0.5509059415936375,0.0948849990963935,,
3.0,0.2750000059604645,,,sinusoidal,baseline,2042,end_to_end,0.800501867276697,0.1383116394281387,,
4.0,0.1299999952316284,,,sinusoidal,baseline,2042,end_to_end,0.9222171144244132,0.1243665888905525,,
5.0,0.0799999982118606,,,sinusoidal,baseline,2042,end_to_end,0.6634943201479612,0.1414667963981628,,
0.1,1.0,0.1278996086120605,0.2128646452762475,sinusoidal,T+F,2042,learned_latent,,,,
0.2,0.9899999499320984,0.1577135721842447,0.1873797901692642,sinusoidal,T+F,2042,learned_latent,,,,
0.5,0.9099999666213988,0.2251906342558808,0.1766904983449176,sinusoidal,T+F,2042,learned_latent,,,,
1.0,0.7749999761581421,0.1886497620613344,0.1319415971786049,sinusoidal,T+F,2042,learned_latent,0.2895977472109976,0.0555515177547931,,
2.0,0.5049999952316284,,,sinusoidal,T+F,2042,learned_latent,0.357310808811291,0.0629920661449432,,
3.0,0.3299999833106994,,,sinusoidal,T+F,2042,learned_latent,0.5807713137449432,0.1064341142773628,,
4.0,0.1700000017881393,,,sinusoidal,T+F,2042,learned_latent,0.607552427949004,0.1120086759328842,,
5.0,0.1049999967217445,,,sinusoidal,T+F,2042,learned_latent,0.1999865534496935,0.0491153672337532,,
0.1,1.0,0.6537283325195312,1.0880068447346358,sinusoidal,T+F,2042,end_to_end,,,0.0476928502321243,0.0360277667641639
0.2,0.9899999499320984,0.9520366938427242,1.1311165770647018,sinusoidal,T+F,2042,end_to_end,,,0.041564505547285,0.0359041318297386
0.5,0.8999999761581421,1.471119181315104,1.1542788274932212,sinusoidal,T+F,2042,end_to_end,,,0.0547717362642288,0.0441155880689621
1.0,0.73499995470047,1.5862659272693451,1.1094339993170612,sinusoidal,T+F,2042,end_to_end,0.4740524098599862,0.075435109436512,0.0355697311460971,0.0454701967537403
2.0,0.449999988079071,,,sinusoidal,T+F,2042,end_to_end,0.5466427748013025,0.0805523470044136,,
3.0,0.2599999904632568,,,sinusoidal,T+F,2042,end_to_end,0.7717781464051394,0.0980193465948104,,
4.0,0.0949999988079071,,,sinusoidal,T+F,2042,end_to_end,0.719402585075752,0.0854471251368522,,
5.0,0.0549999997019767,,,sinusoidal,T+F,2042,end_to_end,1.0205185642575596,0.130032330751419,,
0.1,1.0,0.1324983978271484,0.2205184578687406,sinusoidal,T+F+K,2042,learned_latent,,,,
0.2,0.9899999499320984,0.1632124197603476,0.1939129812619066,sinusoidal,T+F+K,2042,learned_latent,,,,
0.5,0.9099999666213988,0.234419917012309,0.1839320364976388,sinusoidal,T+F+K,2042,learned_latent,,,,
1.0,0.7749999761581421,0.1958792040424962,0.1369978671218155,sinusoidal,T+F+K,2042,learned_latent,0.2944669886297513,0.0593628324568271,,
2.0,0.5049999952316284,,,sinusoidal,T+F+K,2042,learned_latent,0.3600913100103894,0.0672136470675468,,
3.0,0.3299999833106994,,,sinusoidal,T+F+K,2042,learned_latent,0.5999564095774677,0.1116916015744209,,
4.0,0.1700000017881393,,,sinusoidal,T+F+K,2042,learned_latent,0.6168775561340162,0.1166374012827873,,
5.0,0.1049999967217445,,,sinusoidal,T+F+K,2042,learned_latent,0.2045744959435923,0.0521467477083206,,
0.1,1.0,0.6535694122314453,1.0877423520507432,sinusoidal,T+F+K,2042,end_to_end,,,0.0046820645220577,0.0055133025161921
0.2,0.9899999499320984,0.9483963166824496,1.1267914381500093,sinusoidal,T+F+K,2042,end_to_end,,,0.0047050355933606,0.0048778406344354
0.5,0.8999999761581421,1.4672782050238715,1.1512650964059072,sinusoidal,T+F+K,2042,end_to_end,,,0.0071121612563729,0.005812453571707
1.0,0.73499995470047,1.5573310073541136,1.0891969234462235,sinusoidal,T+F+K,2042,end_to_end,0.4613718076905223,0.0747381374239921,0.0061761243268847,0.0053797848522663
2.0,0.449999988079071,,,sinusoidal,T+F+K,2042,end_to_end,0.5284131948605637,0.0829654335975647,,
3.0,0.2399999946355819,,,sinusoidal,T+F+K,2042,end_to_end,0.6935962542850191,0.0811164379119873,,
4.0,0.089999996125698,,,sinusoidal,T+F+K,2042,end_to_end,0.6606232213814718,0.0788819789886474,,
5.0,0.044999998062849,,,sinusoidal,T+F+K,2042,end_to_end,0.9155847196541484,0.1140181198716163,,
0.1,0.9899999499320984,0.1442131851658676,0.2496729828575256,sinusoidal,baseline,3042,learned_latent,,,,
0.2,0.9899999499320984,0.2092508065580117,0.2561725871119863,sinusoidal,baseline,3042,learned_latent,,,,
0.5,0.9049999713897704,0.2458855223260531,0.2132463435069769,sinusoidal,baseline,3042,learned_latent,,,,
1.0,0.7450000047683716,0.2354951384883599,0.1577792938144701,sinusoidal,baseline,3042,learned_latent,0.4367796754833025,0.0589770190417766,,
2.0,0.5249999761581421,,,sinusoidal,baseline,3042,learned_latent,0.6715741133575922,0.1182422265410423,,
3.0,0.3149999976158142,,,sinusoidal,baseline,3042,learned_latent,0.5071015969152751,0.0988724306225776,,
4.0,0.2049999982118606,,,sinusoidal,baseline,3042,learned_latent,0.6817487985345071,0.1202476173639297,,
5.0,0.1049999967217445,,,sinusoidal,baseline,3042,learned_latent,0.2702592941351676,0.0662408918142318,,
0.1,0.9899999499320984,1.0004377268781566,1.7320349116870504,sinusoidal,baseline,3042,end_to_end,,,0.2186994403600692,0.1936869919300079
0.2,0.9899999499320984,1.42927597508286,1.7497725827521522,sinusoidal,baseline,3042,end_to_end,,,0.2203666418790817,0.2130826711654663
0.5,0.9049999713897704,1.834012026286257,1.5905627743090869,sinusoidal,baseline,3042,end_to_end,,,0.1510262042284011,0.2665426433086395
1.0,0.73499995470047,2.1774732109640733,1.4588844072584528,sinusoidal,baseline,3042,end_to_end,0.6628168823104792,0.1495496332645416,0.2065107524394989,0.2653497457504272
2.0,0.4749999940395355,,,sinusoidal,baseline,3042,end_to_end,0.7345310878523904,0.1322413086891174,,
3.0,0.2800000011920929,,,sinusoidal,baseline,3042,end_to_end,0.951909042368158,0.1748527586460113,,
4.0,0.1700000017881393,,,sinusoidal,baseline,3042,end_to_end,0.8435257427488693,0.1200670599937439,,
5.0,0.0949999988079071,,,sinusoidal,baseline,3042,end_to_end,0.6620806399196882,0.1048986762762069,,
0.1,0.9899999499320984,0.0823750736737492,0.1426140774408271,sinusoidal,T+F,3042,learned_latent,,,,
0.2,0.9899999499320984,0.1157999713011462,0.1417666135852349,sinusoidal,T+F,3042,learned_latent,,,,
0.5,0.9049999713897704,0.1454582635868978,0.1261499357479389,sinusoidal,T+F,3042,learned_latent,,,,
1.0,0.7450000047683716,0.1276079088249462,0.0854959718862157,sinusoidal,T+F,3042,learned_latent,0.2918545462833542,0.0373271778225898,,
2.0,0.5249999761581421,,,sinusoidal,T+F,3042,learned_latent,0.4864693448115822,0.0656261593103408,,
3.0,0.3149999976158142,,,sinusoidal,T+F,3042,learned_latent,0.3445398443046235,0.0585683137178421,,
4.0,0.2049999982118606,,,sinusoidal,T+F,3042,learned_latent,0.5410221341638288,0.0863008648157119,,
5.0,0.1049999967217445,,,sinusoidal,T+F,3042,learned_latent,0.1313977138532442,0.0361460074782371,,
0.1,0.9899999499320984,1.0277238325639204,1.779274721204431,sinusoidal,T+F,3042,end_to_end,,,0.0457585602998733,0.0276950411498546
0.2,0.9899999499320984,1.478021795099432,1.8094490209458496,sinusoidal,T+F,3042,end_to_end,,,0.0532785505056381,0.0231803189963102
0.5,0.8999999761581421,1.9255221896701389,1.6699257540841317,sinusoidal,T+F,3042,end_to_end,,,0.0397935286164283,0.0279001928865909
1.0,0.7199999690055847,2.2383516099717884,1.4996723015039537,sinusoidal,T+F,3042,end_to_end,0.6599888124841248,0.154714286327362,0.0545739755034446,0.0488274283707141
2.0,0.4399999976158142,,,sinusoidal,T+F,3042,end_to_end,0.6130717732810443,0.1255680620670318,,
3.0,0.25,,,sinusoidal,T+F,3042,end_to_end,0.8767394276858521,0.2128606587648391,,
4.0,0.1449999958276748,,,sinusoidal,T+F,3042,end_to_end,0.7717631184405235,0.1293374001979828,,
5.0,0.089999996125698,,,sinusoidal,T+F,3042,end_to_end,0.951412468400212,0.1538973152637481,,
0.1,0.9899999499320984,0.1452618512240323,0.2514885143740251,sinusoidal,T+F+K,3042,learned_latent,,,,
0.2,0.9899999499320984,0.1717995344990431,0.2103233528280504,sinusoidal,T+F+K,3042,learned_latent,,,,
0.5,0.9049999713897704,0.1956665502727361,0.1696935061388281,sinusoidal,T+F+K,3042,learned_latent,,,,
1.0,0.7450000047683716,0.177257397030824,0.1187606126667321,sinusoidal,T+F+K,3042,learned_latent,0.2962109809088665,0.0520185716450214,,
2.0,0.5249999761581421,,,sinusoidal,T+F+K,3042,learned_latent,0.4892349051616895,0.0658745542168617,,
3.0,0.3149999976158142,,,sinusoidal,T+F+K,3042,learned_latent,0.3438906105512932,0.0577205456793308,,
4.0,0.2049999982118606,,,sinusoidal,T+F+K,3042,learned_latent,0.518288185034564,0.0859159976243972,,
5.0,0.1049999967217445,,,sinusoidal,T+F+K,3042,learned_latent,0.1741504815751707,0.0499015338718891,,
0.1,0.9899999499320984,1.018217606977983,1.762816810681009,sinusoidal,T+F+K,3042,end_to_end,,,0.0058461688458919,0.0039846058934926
0.2,0.9899999499320984,1.4695977105034723,1.7991359445926698,sinusoidal,T+F+K,3042,end_to_end,,,0.0063414899632334,0.0037655681371688
0.5,0.8949999809265137,1.9016408227675452,1.6492144323204467,sinusoidal,T+F+K,3042,end_to_end,,,0.0042492449283599,0.0032606569584459
1.0,0.7149999737739563,2.202219289499563,1.4754640225365827,sinusoidal,T+F+K,3042,end_to_end,0.6088754578561489,0.1379720717668533,0.006269343663007,0.0072322874329984
2.0,0.4399999976158142,,,sinusoidal,T+F+K,3042,end_to_end,0.5593632011587236,0.1217197105288505,,
3.0,0.25,,,sinusoidal,T+F+K,3042,end_to_end,0.8683444793359273,0.2157161682844162,,
4.0,0.1400000005960464,,,sinusoidal,T+F+K,3042,end_to_end,0.7382238961784293,0.1316413879394531,,
5.0,0.089999996125698,,,sinusoidal,T+F+K,3042,end_to_end,0.875456933847372,0.1497432142496109,,
0.1,1.0,0.2203524017333984,0.3693922889896364,sinusoidal,baseline,4042,learned_latent,,,,
0.2,0.9899999499320984,0.2429968130708945,0.2835006481808488,sinusoidal,baseline,4042,learned_latent,,,,
0.5,0.8999999761581421,0.2951328913370768,0.2368072288389593,sinusoidal,baseline,4042,learned_latent,,,,
1.0,0.7149999737739563,0.3118451525281359,0.1996516726618591,sinusoidal,baseline,4042,learned_latent,0.5129458889189747,0.1045395210385322,,
2.0,0.4650000035762787,,,sinusoidal,baseline,4042,learned_latent,0.6468768766850164,0.1192601323127746,,
3.0,0.2949999868869781,,,sinusoidal,baseline,4042,learned_latent,0.6718801502726565,0.1442497223615646,,
4.0,0.1799999922513961,,,sinusoidal,baseline,4042,learned_latent,0.5662256696785762,0.1259869784116745,,
5.0,0.1149999946355819,,,sinusoidal,baseline,4042,learned_latent,0.5357079620498997,0.1468395739793777,,
0.1,1.0,0.7113230895996093,1.1924411180064496,sinusoidal,baseline,4042,end_to_end,,,0.1170549243688583,0.0984261780977249
0.2,0.9899999499320984,0.9003951718108822,1.0504772124431887,sinusoidal,baseline,4042,end_to_end,,,0.093134194612503,0.0935338288545608
0.5,0.8949999809265137,1.352674430975035,1.085352032670148,sinusoidal,baseline,4042,end_to_end,,,0.1039566546678543,0.1036473661661148
1.0,0.6800000071525574,1.6851698931525736,1.0788911905788312,sinusoidal,baseline,4042,end_to_end,0.5364525224888832,0.0662939548492431,0.1239859238266944,0.1440761536359787
2.0,0.4249999821186065,,,sinusoidal,baseline,4042,end_to_end,0.7804808133576479,0.1026517748832702,,
3.0,0.2549999952316284,,,sinusoidal,baseline,4042,end_to_end,0.6735186770124537,0.0947661995887756,,
4.0,0.1550000011920929,,,sinusoidal,baseline,4042,end_to_end,0.6134659849892268,0.0745816603302955,,
5.0,0.0949999988079071,,,sinusoidal,baseline,4042,end_to_end,1.0337750642796888,0.1953762620687484,,
0.1,1.0,0.1255732440948486,0.2105072951651875,sinusoidal,T+F,4042,learned_latent,,,,
0.2,0.9899999499320984,0.1375320126311947,0.1604564859671016,sinusoidal,T+F,4042,learned_latent,,,,
0.5,0.8999999761581421,0.1764157825046115,0.1415515986344601,sinusoidal,T+F,4042,learned_latent,,,,
1.0,0.7149999737739563,0.1910785194877144,0.1223336188367778,sinusoidal,T+F,4042,learned_latent,0.3867857182488976,0.0674826949834823,,
2.0,0.4650000035762787,,,sinusoidal,T+F,4042,learned_latent,0.5306300028427274,0.0694673359394073,,
3.0,0.2949999868869781,,,sinusoidal,T+F,4042,learned_latent,0.5346002825662314,0.0821887701749801,,
4.0,0.1799999922513961,,,sinusoidal,T+F,4042,learned_latent,0.4028229619299296,0.0776443928480148,,
5.0,0.1149999946355819,,,sinusoidal,T+F,4042,learned_latent,0.3866186037426124,0.0878723114728927,,
0.1,1.0,0.6350164794921875,1.0645229598611916,sinusoidal,T+F,4042,end_to_end,,,0.0471235588192939,0.033100739121437
0.2,0.98499995470047,0.9114567325805044,1.0633825654330025,sinusoidal,T+F,4042,end_to_end,,,0.0437673106789588,0.0278695151209831
0.5,0.8949999809265137,1.4023410221717878,1.1252032596001469,sinusoidal,T+F,4042,end_to_end,,,0.0608875975012779,0.0269551370292902
1.0,0.675000011920929,1.7172505696614584,1.0994301044378336,sinusoidal,T+F,4042,end_to_end,0.6532062295218664,0.1313971132040023,0.0784951746463775,0.0354340597987175
2.0,0.4149999916553497,,,sinusoidal,T+F,4042,end_to_end,0.6424940993970409,0.0842359438538551,,
3.0,0.2399999946355819,,,sinusoidal,T+F,4042,end_to_end,0.6043348614407461,0.0842656567692756,,
4.0,0.1349999904632568,,,sinusoidal,T+F,4042,end_to_end,0.6741257601437337,0.0786201059818267,,
5.0,0.089999996125698,,,sinusoidal,T+F,4042,end_to_end,1.0077533262403464,0.1709835231304168,,
0.1,1.0,0.1162866973876953,0.1949396012440887,sinusoidal,T+F+K,4042,learned_latent,,,,
0.2,0.9899999499320984,0.1280977268411655,0.149449649693013,sinusoidal,T+F+K,4042,learned_latent,,,,
0.5,0.8999999761581421,0.1646568298339843,0.1321165099753674,sinusoidal,T+F+K,4042,learned_latent,,,,
1.0,0.7149999737739563,0.1781681567638904,0.1140680566127499,sinusoidal,T+F+K,4042,learned_latent,0.3816614083112222,0.0623462684452533,,
2.0,0.4650000035762787,,,sinusoidal,T+F+K,4042,learned_latent,0.5350706237651948,0.0689229369163513,,
3.0,0.2949999868869781,,,sinusoidal,T+F+K,4042,learned_latent,0.5347527888909781,0.0772202536463737,,
4.0,0.1799999922513961,,,sinusoidal,T+F+K,4042,learned_latent,0.3986511521193921,0.0743735879659652,,
5.0,0.1149999946355819,,,sinusoidal,T+F+K,4042,learned_latent,0.385198349388229,0.0853151828050613,,
0.1,1.0,0.6319758605957031,1.0594257557223574,sinusoidal,T+F+K,4042,end_to_end,,,0.0432178825139999,0.0329982377588748
0.2,0.98499995470047,0.9081575810001586,1.0595334959754454,sinusoidal,T+F+K,4042,end_to_end,,,0.0390461087226867,0.0302860327064991
0.5,0.8799999952316284,1.358293359929865,1.0898605203172147,sinusoidal,T+F+K,4042,end_to_end,,,0.0367480441927909,0.0375295802950859
1.0,0.675000011920929,1.7084576642071758,1.0938006493468275,sinusoidal,T+F+K,4042,end_to_end,0.633836302625511,0.1250214576721191,0.049257043749094,0.0357405766844749
2.0,0.3999999761581421,,,sinusoidal,T+F+K,4042,end_to_end,0.6274552586858191,0.0827575474977493,,
3.0,0.2299999892711639,,,sinusoidal,T+F+K,4042,end_to_end,0.6091847653829553,0.0899451971054077,,
4.0,0.1299999952316284,,,sinusoidal,T+F+K,4042,end_to_end,0.6355178044489219,0.0623711235821247,,
5.0,0.0799999982118606,,,sinusoidal,T+F+K,4042,end_to_end,1.035093769767019,0.186067521572113,,
0.1,1.0,0.2414515495300292,0.4133109404315129,sinusoidal,baseline,5042,learned_latent,,,,
0.2,0.9950000047683716,0.3003777930484944,0.3783951840229098,sinusoidal,baseline,5042,learned_latent,,,,
0.5,0.8999999761581421,0.3620626237657335,0.3082427651649365,sinusoidal,baseline,5042,learned_latent,,,,
1.0,0.73499995470047,0.4550353069694675,0.2898541597813716,sinusoidal,baseline,5042,learned_latent,0.6126714171748493,0.2028757184743881,,
2.0,0.4699999988079071,,,sinusoidal,baseline,5042,learned_latent,0.8292084503048034,0.2289679944515228,,
3.0,0.25,,,sinusoidal,baseline,5042,learned_latent,0.8148328904756845,0.2343935668468475,,
4.0,0.1599999964237213,,,sinusoidal,baseline,5042,learned_latent,0.6470203331708293,0.1956479102373123,,
5.0,0.1099999994039535,,,sinusoidal,baseline,5042,learned_latent,0.9766393190860884,0.2421579658985138,,
0.1,1.0,0.7139530944824218,1.2221276917828143,sinusoidal,baseline,5042,end_to_end,,,0.1242680847644805,0.1787682622671127
0.2,0.9950000047683716,0.9192400601641018,1.1579950974300874,sinusoidal,baseline,5042,end_to_end,,,0.1179707571864128,0.2350924015045166
0.5,0.8999999761581421,1.2878980848524306,1.0964547038757635,sinusoidal,baseline,5042,end_to_end,,,0.1304155886173248,0.2835332453250885
1.0,0.7199999690055847,1.6226592593722873,1.033622070711924,sinusoidal,baseline,5042,end_to_end,0.684501515538647,0.1593499630689621,0.2668865621089935,0.4358878135681152
2.0,0.3949999809265136,,,sinusoidal,baseline,5042,end_to_end,0.8765861731971246,0.1876909583806991,,
3.0,0.1899999976158142,,,sinusoidal,baseline,5042,end_to_end,0.8921390382235822,0.1924868822097778,,
4.0,0.1049999967217445,,,sinusoidal,baseline,5042,end_to_end,0.7338659087383619,0.1382340490818023,,
5.0,0.0700000002980232,,,sinusoidal,baseline,5042,end_to_end,1.2022021396333298,0.180201917886734,,
0.1,1.0,0.0796123647689819,0.1362785263407565,sinusoidal,T+F,5042,learned_latent,,,,
0.2,0.9950000047683716,0.1164084007991618,0.1466432581289393,sinusoidal,T+F,5042,learned_latent,,,,
0.5,0.8999999761581421,0.1536104520161946,0.1307765767016708,sinusoidal,T+F,5042,learned_latent,,,,
1.0,0.73499995470047,0.2076767512730189,0.1322885704128557,sinusoidal,T+F,5042,learned_latent,0.3563309607554479,0.0844408944249153,,
2.0,0.4699999988079071,,,sinusoidal,T+F,5042,learned_latent,0.5297438471420925,0.1044904738664627,,
3.0,0.25,,,sinusoidal,T+F,5042,learned_latent,0.5165565227351958,0.1074546054005622,,
4.0,0.1599999964237213,,,sinusoidal,T+F,5042,learned_latent,0.3240663862708092,0.0763282105326652,,
5.0,0.1099999994039535,,,sinusoidal,T+F,5042,learned_latent,0.6106188401823502,0.1175140962004661,,
0.1,1.0,0.7009255981445313,1.1998275376800056,sinusoidal,T+F,5042,end_to_end,,,0.0077555924654006,0.0029319163877516
0.2,0.9899999499320984,0.9263194691051136,1.1669132475430526,sinusoidal,T+F,5042,end_to_end,,,0.0073752203024923,0.0036890711635351
0.5,0.8700000047683716,1.3064473470052085,1.1122466566552942,sinusoidal,T+F,5042,end_to_end,,,0.00836216006428,0.0047625019215047
1.0,0.6899999976158142,1.6578187804291211,1.0560184282651808,sinusoidal,T+F,5042,end_to_end,0.6212448916209357,0.122630551457405,0.0190433599054813,0.0302555356174707
2.0,0.3899999856948852,,,sinusoidal,T+F,5042,end_to_end,0.7732243796987854,0.1267397850751876,,
3.0,0.1749999970197677,,,sinusoidal,T+F,5042,end_to_end,0.7060980539381981,0.1443600058555603,,
4.0,0.1049999967217445,,,sinusoidal,T+F,5042,end_to_end,0.8154031122309844,0.1568128019571304,,
5.0,0.0399999991059303,,,sinusoidal,T+F,5042,end_to_end,1.1550886523480572,0.1453541219234466,,
0.1,1.0,0.084019546508789,0.143822633773812,sinusoidal,T+F+K,5042,learned_latent,,,,
0.2,0.9950000047683716,0.1214891270776489,0.1530436059562762,sinusoidal,T+F+K,5042,learned_latent,,,,
0.5,0.8999999761581421,0.1633609983656141,0.1390777245455273,sinusoidal,T+F+K,5042,learned_latent,,,,
1.0,0.73499995470047,0.2302067036531409,0.1466399851647064,sinusoidal,T+F+K,5042,learned_latent,0.3794061630277855,0.0977983549237251,,
2.0,0.4699999988079071,,,sinusoidal,T+F+K,5042,learned_latent,0.5436867520851131,0.1168304085731506,,
3.0,0.25,,,sinusoidal,T+F+K,5042,learned_latent,0.5154044605888566,0.110573336482048,,
4.0,0.1599999964237213,,,sinusoidal,T+F+K,5042,learned_latent,0.3502364036655322,0.0876543074846267,,
5.0,0.1099999994039535,,,sinusoidal,T+F+K,5042,learned_latent,0.5888036253355005,0.1287105083465576,,
0.1,1.0,0.6998133850097656,1.1979236780543994,sinusoidal,T+F+K,5042,end_to_end,,,0.0016304564196616,0.0006440812139771
0.2,0.9950000047683716,0.9216450446814148,1.1610247307121124,sinusoidal,T+F+K,5042,end_to_end,,,0.0021898010745644,0.0011111567728221
0.5,0.8799999952316284,1.3013999245383523,1.1079495230766956,sinusoidal,T+F+K,5042,end_to_end,,,0.0020234000403434,0.0009646227117627
1.0,0.699999988079071,1.6493654523577008,1.0506337201601847,sinusoidal,T+F+K,5042,end_to_end,0.6357290063246614,0.1189759150147438,0.0086879674345254,0.0084316991269588
2.0,0.3799999952316284,,,sinusoidal,T+F+K,5042,end_to_end,0.6288289504103775,0.092191457748413,,
3.0,0.1700000017881393,,,sinusoidal,T+F+K,5042,end_to_end,0.7283291387014289,0.134872168302536,,
4.0,0.1049999967217445,,,sinusoidal,T+F+K,5042,end_to_end,0.7377795890454075,0.1261699199676513,,
5.0,0.0549999997019767,,,sinusoidal,T+F+K,5042,end_to_end,1.064675475435587,0.1324273198843002,,
0.1,1.0,0.1921322441101074,0.3529382248072948,sinusoidal,baseline,6042,learned_latent,,,,
0.2,0.9950000047683716,0.2786217885999823,0.3452405216571669,sinusoidal,baseline,6042,learned_latent,,,,
0.5,0.8999999761581421,0.3682487487792968,0.3092273616153807,sinusoidal,baseline,6042,learned_latent,,,,
1.0,0.7299999594688416,0.4182494176577215,0.2902613125352719,sinusoidal,baseline,6042,learned_latent,0.6743668911101273,0.1305191367864608,,
2.0,0.5049999952316284,,,sinusoidal,baseline,6042,learned_latent,0.5927521369487517,0.12142014503479,,
3.0,0.3299999833106994,,,sinusoidal,baseline,6042,learned_latent,0.6749550736470981,0.1233352422714233,,
4.0,0.2049999982118606,,,sinusoidal,baseline,6042,learned_latent,0.4527810951690718,0.1190760657191276,,
5.0,0.1349999904632568,,,sinusoidal,baseline,6042,learned_latent,0.2919949971222984,0.070131704211235,,
0.1,1.0,0.3091542243957519,0.5679022990403554,sinusoidal,baseline,6042,end_to_end,,,0.0810831040143966,0.1167718544602394
0.2,0.9950000047683716,0.4365684470938678,0.5409523755162475,sinusoidal,baseline,6042,end_to_end,,,0.1165284514427185,0.1411400288343429
0.5,0.8949999809265137,0.6706173007048708,0.5631335319889462,sinusoidal,baseline,6042,end_to_end,,,0.1104224920272827,0.1649448573589325
1.0,0.7149999737739563,0.8588172539130791,0.5960114056936957,sinusoidal,baseline,6042,end_to_end,0.6348897637956803,0.0816788151860237,0.1105338037014007,0.1844717413187027
2.0,0.4449999928474426,,,sinusoidal,baseline,6042,end_to_end,0.5746869771161033,0.0820835456252098,,
3.0,0.2849999964237213,,,sinusoidal,baseline,6042,end_to_end,0.6685155086977387,0.1370653361082077,,
4.0,0.1649999916553497,,,sinusoidal,baseline,6042,end_to_end,0.5597779113837761,0.0898828878998756,,
5.0,0.089999996125698,,,sinusoidal,baseline,6042,end_to_end,0.6469838893228923,0.1612090021371841,,
0.1,1.0,0.1410235977172851,0.2590539576779884,sinusoidal,T+F,6042,learned_latent,,,,
0.2,0.9950000047683716,0.1798878386991108,0.2228991909940859,sinusoidal,T+F,6042,learned_latent,,,,
0.5,0.8999999761581421,0.2148899502224392,0.1804482773267232,sinusoidal,T+F,6042,learned_latent,,,,
1.0,0.7299999594688416,0.251760822452911,0.1747197334532676,sinusoidal,T+F,6042,learned_latent,0.442489906515295,0.0619569085538387,,
2.0,0.5049999952316284,,,sinusoidal,T+F,6042,learned_latent,0.3985457586399443,0.0722944885492324,,
3.0,0.3299999833106994,,,sinusoidal,T+F,6042,learned_latent,0.4546989371725246,0.071086436510086,,
4.0,0.2049999982118606,,,sinusoidal,T+F,6042,learned_latent,0.2523695335071733,0.0584766492247581,,
5.0,0.1349999904632568,,,sinusoidal,T+F,6042,learned_latent,0.1398959965411803,0.0624542087316513,,
0.1,1.0,0.3922802734375,0.7206010837754434,sinusoidal,T+F,6042,end_to_end,,,0.0191345363855361,0.0115426499396562
0.2,0.9950000047683716,0.5155839009500628,0.638860499088936,sinusoidal,T+F,6042,end_to_end,,,0.020987644791603,0.0108088292181491
0.5,0.8999999761581421,0.7060747358534071,0.5929079960081075,sinusoidal,T+F,6042,end_to_end,,,0.0265286825597286,0.0156166525557637
1.0,0.7299999594688416,0.9041319546634204,0.6274593981155312,sinusoidal,T+F,6042,end_to_end,0.7695293181561796,0.112143225967884,0.0252348966896533,0.0182356424629688
2.0,0.4849999845027923,,,sinusoidal,T+F,6042,end_to_end,0.706888875736423,0.1297914534807205,,
3.0,0.3199999928474426,,,sinusoidal,T+F,6042,end_to_end,0.735974617527088,0.1195695996284484,,
4.0,0.199999988079071,,,sinusoidal,T+F,6042,end_to_end,0.9886425494494931,0.1478440314531326,,
5.0,0.125,,,sinusoidal,T+F,6042,end_to_end,0.9991487434218584,0.1644707173109054,,
0.1,1.0,0.0398784375190734,0.0732548823923823,sinusoidal,T+F+K,6042,learned_latent,,,,
0.2,0.9950000047683716,0.0868813500332472,0.1076547629619197,sinusoidal,T+F+K,6042,learned_latent,,,,
0.5,0.8999999761581421,0.1384847958882649,0.1162890252806753,sinusoidal,T+F+K,6042,learned_latent,,,,
1.0,0.7299999594688416,0.1809096662965539,0.1255496719723558,sinusoidal,T+F+K,6042,learned_latent,0.4279621135716346,0.051684059202671,,
2.0,0.5049999952316284,,,sinusoidal,T+F+K,6042,learned_latent,0.3817686908588967,0.0504243485629558,,
3.0,0.3299999833106994,,,sinusoidal,T+F+K,6042,learned_latent,0.4488835807989949,0.0549506284296512,,
4.0,0.2049999982118606,,,sinusoidal,T+F+K,6042,learned_latent,0.2257049362681521,0.0299109630286693,,
5.0,0.1349999904632568,,,sinusoidal,T+F+K,6042,learned_latent,0.0724830563977996,0.0139095894992351,,
0.1,1.0,0.3588818359375,0.6592496677381012,sinusoidal,T+F+K,6042,end_to_end,,,0.0012831792701035,0.0007623775163665
0.2,0.9950000047683716,0.4854055050030426,0.6014664201409896,sinusoidal,T+F+K,6042,end_to_end,,,0.0017739811446517,0.0011551725910976
0.5,0.8999999761581421,0.6713208516438802,0.5637243206918355,sinusoidal,T+F+K,6042,end_to_end,,,0.0022377707064151,0.0025865139905363
1.0,0.7299999594688416,0.8698021875668879,0.6036348502840639,sinusoidal,T+F+K,6042,end_to_end,0.6708256837225677,0.0983120054006576,0.0037035918794572,0.0029874723404645
2.0,0.4899999797344208,,,sinusoidal,T+F+K,6042,end_to_end,0.6445210170945639,0.1119250953197479,,
3.0,0.324999988079071,,,sinusoidal,T+F+K,6042,end_to_end,0.823722499735072,0.0997457131743431,,
4.0,0.2049999982118606,,,sinusoidal,T+F+K,6042,end_to_end,1.04703999072342,0.16281159222126,,
5.0,0.1349999904632568,,,sinusoidal,T+F+K,6042,end_to_end,1.0356353796721356,0.1708356440067291,,
0.1,1.0,0.1453544425964355,0.2588783322433397,sinusoidal,baseline,7042,learned_latent,,,,
0.2,1.0,0.2122440528869628,0.2557010567010506,sinusoidal,baseline,7042,learned_latent,,,,
0.5,0.9300000071525574,0.3019855458249328,0.2386389637089626,sinusoidal,baseline,7042,learned_latent,,,,
1.0,0.7799999713897705,0.34314209375626,0.2156531397526595,sinusoidal,baseline,7042,learned_latent,0.5548367706313324,0.0998341143131256,,
2.0,0.5349999666213989,,,sinusoidal,baseline,7042,learned_latent,0.5619734574498602,0.1087459474802017,,
3.0,0.3299999833106994,,,sinusoidal,baseline,7042,learned_latent,0.5479830667660173,0.0968503132462501,,
4.0,0.2249999940395355,,,sinusoidal,baseline,7042,learned_latent,0.5347110579578864,0.1138423308730125,,
5.0,0.1400000005960464,,,sinusoidal,baseline,7042,learned_latent,0.2913788129757124,0.0617892891168594,,
0.1,1.0,0.6661824035644531,1.1864803477898946,sinusoidal,baseline,7042,end_to_end,,,0.1151895821094513,0.1691126525402069
0.2,0.9950000047683716,0.9161166857235395,1.103691723818201,sinusoidal,baseline,7042,end_to_end,,,0.1115264371037483,0.1984658986330032
0.5,0.9249999523162842,1.3676643990181587,1.0807736310417406,sinusoidal,baseline,7042,end_to_end,,,0.0864947959780693,0.1711936295032501
1.0,0.7450000047683716,1.6743796943818163,1.0522907122202925,sinusoidal,baseline,7042,end_to_end,0.5571193302881592,0.065274640917778,0.1384890228509903,0.2255121916532516
2.0,0.4799999892711639,,,sinusoidal,baseline,7042,end_to_end,0.6261464006815691,0.0680421292781829,,
3.0,0.2750000059604645,,,sinusoidal,baseline,7042,end_to_end,0.6330318786708244,0.1047861129045486,,
4.0,0.1700000017881393,,,sinusoidal,baseline,7042,end_to_end,0.6967734978928919,0.1217985302209854,,
5.0,0.1049999967217445,,,sinusoidal,baseline,7042,end_to_end,0.7162160551138307,0.154966801404953,,
0.1,1.0,0.0455073118209838,0.0810491704185643,sinusoidal,T+F,7042,learned_latent,,,,
0.2,1.0,0.0764055442810058,0.0920495917069447,sinusoidal,T+F,7042,learned_latent,,,,
0.5,0.9300000071525574,0.1349331435336861,0.1066286316946399,sinusoidal,T+F,7042,learned_latent,,,,
1.0,0.7799999713897705,0.1566647138351049,0.0984584463455263,sinusoidal,T+F,7042,learned_latent,0.368689053555545,0.0418557003140449,,
2.0,0.5349999666213989,,,sinusoidal,T+F,7042,learned_latent,0.3668040356684999,0.042865976691246,,
3.0,0.3299999833106994,,,sinusoidal,T+F,7042,learned_latent,0.3706030680888271,0.0484543778002262,,
4.0,0.2249999940395355,,,sinusoidal,T+F,7042,learned_latent,0.3732953866586693,0.0443570651113987,,
5.0,0.1400000005960464,,,sinusoidal,T+F,7042,learned_latent,0.0895977688277732,0.0158897843211889,,
0.1,1.0,0.6523207092285156,1.161792472774491,sinusoidal,T+F,7042,end_to_end,,,0.0557611435651779,0.0386119037866592
0.2,1.0,0.9272069549560548,1.1170527274518975,sinusoidal,T+F,7042,end_to_end,,,0.0807525068521499,0.036284826695919
0.5,0.9300000071525574,1.3506510744812668,1.067329139433252,sinusoidal,T+F,7042,end_to_end,,,0.0790430083870887,0.0332655906677246
1.0,0.7649999856948853,1.7490481707005718,1.099217311001626,sinusoidal,T+F,7042,end_to_end,0.5935761292044518,0.0584052577614784,0.0904696732759475,0.0408028997480869
2.0,0.4650000035762787,,,sinusoidal,T+F,7042,end_to_end,0.6854449505834344,0.0838622152805328,,
3.0,0.2449999898672104,,,sinusoidal,T+F,7042,end_to_end,0.6480653576195854,0.0950017645955085,,
4.0,0.1400000005960464,,,sinusoidal,T+F,7042,end_to_end,0.8012726947811548,0.117156982421875,,
5.0,0.0799999982118606,,,sinusoidal,T+F,7042,end_to_end,0.899074991097528,0.1750793009996414,,
0.1,1.0,0.174735050201416,0.3112056127943082,sinusoidal,T+F+K,7042,learned_latent,,,,
0.2,1.0,0.2016117858886718,0.2428918313323726,sinusoidal,T+F+K,7042,learned_latent,,,,
0.5,0.9300000071525574,0.2498024150889407,0.1974021283236502,sinusoidal,T+F+K,7042,learned_latent,,,,
1.0,0.7799999713897705,0.2743051235492413,0.1723914443025278,sinusoidal,T+F+K,7042,learned_latent,0.4183894002233604,0.0766694843769073,,
2.0,0.5349999666213989,,,sinusoidal,T+F+K,7042,learned_latent,0.4104171688674208,0.0795014277100563,,
3.0,0.3299999833106994,,,sinusoidal,T+F+K,7042,learned_latent,0.412106892056308,0.0757237449288368,,
4.0,0.2249999940395355,,,sinusoidal,T+F+K,7042,learned_latent,0.4124078911880361,0.0851788371801376,,
5.0,0.1400000005960464,,,sinusoidal,T+F+K,7042,learned_latent,0.1957560094968993,0.0564909987151622,,
0.1,1.0,0.667789306640625,1.189342265052314,sinusoidal,T+F+K,7042,end_to_end,,,0.0365974232554435,0.0230349227786064
0.2,1.0,0.944189910888672,1.1375129463311062,sinusoidal,T+F+K,7042,end_to_end,,,0.0476607680320739,0.0231409259140491
0.5,0.9249999523162842,1.3408079405088682,1.0595507694970188,sinusoidal,T+F+K,7042,end_to_end,,,0.0375669114291667,0.0250834189355373
1.0,0.7599999904632568,1.7650236832468134,1.1092573775001482,sinusoidal,T+F+K,7042,end_to_end,0.6218613613369691,0.0757434219121933,0.0549025051295757,0.0231306813657283
2.0,0.449999988079071,,,sinusoidal,T+F+K,7042,end_to_end,0.6971652004728732,0.0825224220752716,,
3.0,0.2199999988079071,,,sinusoidal,T+F+K,7042,end_to_end,0.6429367376236442,0.0881472751498222,,
4.0,0.1349999904632568,,,sinusoidal,T+F+K,7042,end_to_end,0.7627675479652475,0.0983926132321357,,
5.0,0.0700000002980232,,,sinusoidal,T+F+K,7042,end_to_end,0.9154833263541644,0.1768002957105636,,
0.1,0.9950000047683716,0.1927580138546737,0.320769791824588,sinusoidal,baseline,8042,learned_latent,,,,
0.2,0.9950000047683716,0.2520359365185301,0.300509761753733,sinusoidal,baseline,8042,learned_latent,,,,
0.5,0.9199999570846558,0.2867682913075323,0.2401824377672112,sinusoidal,baseline,8042,learned_latent,,,,
1.0,0.7249999642372131,0.286468847866716,0.184071462868705,sinusoidal,baseline,8042,learned_latent,0.5293168420686533,0.0918014198541641,,
2.0,0.4449999928474426,,,sinusoidal,baseline,8042,learned_latent,0.622648841992072,0.1154823899269104,,
3.0,0.3199999928474426,,,sinusoidal,baseline,8042,learned_latent,0.6589427866242971,0.1064492315053939,,
4.0,0.2049999982118606,,,sinusoidal,baseline,8042,learned_latent,0.5867182877011523,0.0819069072604179,,
5.0,0.1499999910593032,,,sinusoidal,baseline,8042,learned_latent,0.5934411069141589,0.1356117129325866,,
0.1,0.9950000047683716,0.8532073821254711,1.4198276319340333,sinusoidal,baseline,8042,end_to_end,,,0.1153360903263092,0.1049875915050506
0.2,0.9950000047683716,1.067002646288081,1.2722182219560565,sinusoidal,baseline,8042,end_to_end,,,0.0863420516252517,0.1048940196633338
0.5,0.9149999618530272,1.3911321254375857,1.1651410398981756,sinusoidal,baseline,8042,end_to_end,,,0.1359211355447769,0.0957049578428268
1.0,0.7149999737739563,1.622828770350743,1.0427537513009628,sinusoidal,baseline,8042,end_to_end,0.5413653795401404,0.0806861668825149,0.0943725854158401,0.1079384163022041
2.0,0.4199999868869781,,,sinusoidal,baseline,8042,end_to_end,0.7520615049368913,0.1399077028036117,,
3.0,0.2849999964237213,,,sinusoidal,baseline,8042,end_to_end,0.8990225392607846,0.1761971563100814,,
4.0,0.1700000017881393,,,sinusoidal,baseline,8042,end_to_end,0.8809722170038042,0.1713912338018417,,
5.0,0.1149999946355819,,,sinusoidal,baseline,8042,end_to_end,0.8146065047750966,0.196282684803009,,
0.1,0.9950000047683716,0.1153605475497605,0.1919721939561265,sinusoidal,T+F,8042,learned_latent,,,,
0.2,0.9950000047683716,0.1630625892524144,0.1944242576041816,sinusoidal,T+F,8042,learned_latent,,,,
0.5,0.9199999570846558,0.1883741254391877,0.1577725223871784,sinusoidal,T+F,8042,learned_latent,,,,
1.0,0.7249999642372131,0.1796561405576508,0.1154386204714957,sinusoidal,T+F,8042,learned_latent,0.4114096699922039,0.0496872663497924,,
2.0,0.4449999928474426,,,sinusoidal,T+F,8042,learned_latent,0.4860387051814493,0.0603713914752006,,
3.0,0.3199999928474426,,,sinusoidal,T+F,8042,learned_latent,0.5472373570974051,0.057964764535427,,
4.0,0.2049999982118606,,,sinusoidal,T+F,8042,learned_latent,0.5210708864705271,0.044425543397665,,
5.0,0.1499999910593032,,,sinusoidal,T+F,8042,learned_latent,0.4445918456609284,0.0783086493611335,,
0.1,0.9950000047683716,0.8325161574473933,1.3853952381784786,sinusoidal,T+F,8042,end_to_end,,,0.0113843763247132,0.0042161252349615
0.2,0.9950000047683716,1.0420947817701791,1.242519852209809,sinusoidal,T+F,8042,end_to_end,,,0.0064606955274939,0.0063586439937353
0.5,0.9199999570846558,1.4477213983950408,1.212537317458793,sinusoidal,T+F,8042,end_to_end,,,0.0073644733056426,0.002740470226854
1.0,0.7149999737739563,1.6645226111778846,1.069544260394076,sinusoidal,T+F,8042,end_to_end,0.6343365244199074,0.1209662035107612,0.0059835892170667,0.0026441849768161
2.0,0.4350000023841858,,,sinusoidal,T+F,8042,end_to_end,0.865980814627938,0.15700463950634,,
3.0,0.2999999821186065,,,sinusoidal,T+F,8042,end_to_end,1.1741095903421948,0.2493310570716858,,
4.0,0.1749999970197677,,,sinusoidal,T+F,8042,end_to_end,0.9207207371757398,0.2142049819231033,,
5.0,0.1149999946355819,,,sinusoidal,T+F,8042,end_to_end,0.9512354280528716,0.2280715107917785,,
0.1,0.9950000047683716,0.0914793158296364,0.1522312899377113,sinusoidal,T+F+K,8042,learned_latent,,,,
0.2,0.9950000047683716,0.1412252109853466,0.1683869177271351,sinusoidal,T+F+K,8042,learned_latent,,,,
0.5,0.9199999570846558,0.1651778532111126,0.1383445124581581,sinusoidal,T+F+K,8042,learned_latent,,,,
1.0,0.7249999642372131,0.1602427910114156,0.1029645114129791,sinusoidal,T+F+K,8042,learned_latent,0.3971307781358132,0.0506484434008598,,
2.0,0.4449999928474426,,,sinusoidal,T+F+K,8042,learned_latent,0.4700960899315439,0.057883471250534,,
3.0,0.3199999928474426,,,sinusoidal,T+F+K,8042,learned_latent,0.5320888476867975,0.053697619587183,,
4.0,0.2049999982118606,,,sinusoidal,T+F+K,8042,learned_latent,0.5083282124830801,0.0435269251465797,,
5.0,0.1499999910593032,,,sinusoidal,T+F+K,8042,learned_latent,0.4366916350586506,0.0806174352765083,,
0.1,0.9950000047683716,0.8408781272083071,1.3993104432888306,sinusoidal,T+F+K,8042,end_to_end,,,0.0082138357684016,0.0026123768184334
0.2,0.9950000047683716,1.0565505291349324,1.2597558593307017,sinusoidal,T+F+K,8042,end_to_end,,,0.0038562566041946,0.0022091113496571
0.5,0.9199999570846558,1.4621563787045686,1.2246273178701217,sinusoidal,T+F+K,8042,end_to_end,,,0.0055348286405205,0.0025565719697624
1.0,0.7149999737739563,1.6666414487611998,1.070905726174549,sinusoidal,T+F+K,8042,end_to_end,0.6051100823273763,0.11275015771389,0.0054273195564746,0.0025836396962404
2.0,0.4249999821186065,,,sinusoidal,T+F+K,8042,end_to_end,0.7598114505008394,0.1334906816482544,,
3.0,0.2899999916553497,,,sinusoidal,T+F+K,8042,end_to_end,1.1224620460824155,0.2257082313299179,,
4.0,0.1700000017881393,,,sinusoidal,T+F+K,8042,end_to_end,0.9278362267940772,0.2016681432723999,,
5.0,0.1149999946355819,,,sinusoidal,T+F+K,8042,end_to_end,0.9318255743075192,0.2217071056365966,,
0.1,1.0,0.2313759422302246,0.3802422263579613,sinusoidal,baseline,9042,learned_latent,,,,
0.2,0.9749999642372132,0.2556048662234575,0.3252675456055492,sinusoidal,baseline,9042,learned_latent,,,,
0.5,0.8799999952316284,0.2964905392039906,0.23871161262553,sinusoidal,baseline,9042,learned_latent,,,,
1.0,0.7400000095367432,0.3581168716018264,0.2260978413662852,sinusoidal,baseline,9042,learned_latent,0.565695434094016,0.1051523610949516,,
2.0,0.4549999833106994,,,sinusoidal,baseline,9042,learned_latent,0.4282506939330033,0.0954305678606033,,
3.0,0.3449999988079071,,,sinusoidal,baseline,9042,learned_latent,0.419124892017956,0.0939176976680755,,
4.0,0.2249999940395355,,,sinusoidal,baseline,9042,learned_latent,0.6069372407355742,0.1270127445459365,,
5.0,0.1349999904632568,,,sinusoidal,baseline,9042,learned_latent,0.4532486170257485,0.0883910432457923,,
0.1,1.0,0.8283978271484375,1.3613854191962402,sinusoidal,baseline,9042,end_to_end,,,0.1269708722829818,0.2329622954130172
0.2,0.9749999642372132,1.054533190604968,1.3419361991637555,sinusoidal,baseline,9042,end_to_end,,,0.1131609231233596,0.1873092353343963
0.5,0.8700000047683716,1.3243448542452407,1.066261664463083,sinusoidal,baseline,9042,end_to_end,,,0.145403653383255,0.1700091958045959
1.0,0.699999988079071,1.7148836408342634,1.082695399556834,sinusoidal,baseline,9042,end_to_end,0.6088614046953027,0.0937360078096389,0.149228423833847,0.2439338862895965
2.0,0.3849999904632568,,,sinusoidal,baseline,9042,end_to_end,0.5878644847314806,0.1031545475125312,,
3.0,0.3050000071525574,,,sinusoidal,baseline,9042,end_to_end,0.7245492464333692,0.1672600358724594,,
4.0,0.1949999928474426,,,sinusoidal,baseline,9042,end_to_end,0.8080955419628773,0.1870923340320587,,
5.0,0.1099999994039535,,,sinusoidal,baseline,9042,end_to_end,0.7429200187535411,0.1237988024950027,,
0.1,1.0,0.0786888122558593,0.1293168549557312,sinusoidal,T+F,9042,learned_latent,,,,
0.2,0.9749999642372132,0.1059846144456129,0.1348697148141824,sinusoidal,T+F,9042,learned_latent,,,,
0.5,0.8799999952316284,0.123462211002003,0.099402374071452,sinusoidal,T+F,9042,learned_latent,,,,
1.0,0.7400000095367432,0.1501015843571843,0.0947669515178621,sinusoidal,T+F,9042,learned_latent,0.3648751749625834,0.0407122336328029,,
2.0,0.4549999833106994,,,sinusoidal,T+F,9042,learned_latent,0.2372976994782621,0.0289427656680345,,
3.0,0.3449999988079071,,,sinusoidal,T+F,9042,learned_latent,0.2789127366230733,0.0434144921600818,,
4.0,0.2249999940395355,,,sinusoidal,T+F,9042,learned_latent,0.4400549838557117,0.0660137459635734,,
5.0,0.1349999904632568,,,sinusoidal,T+F,9042,learned_latent,0.3126713629492387,0.0448182635009288,,
0.1,1.0,0.7719910430908203,1.268686753358201,sinusoidal,T+F,9042,end_to_end,,,0.0872680470347404,0.0541940666735172
0.2,0.9749999642372132,1.009266388721955,1.284332360224992,sinusoidal,T+F,9042,end_to_end,,,0.0737604424357414,0.0544500276446342
0.5,0.8700000047683716,1.3004284562735722,1.0470060013874964,sinusoidal,T+F,9042,end_to_end,,,0.0898174941539764,0.0444274879992008
1.0,0.6949999928474426,1.7522034130508093,1.1062573163710303,sinusoidal,T+F,9042,end_to_end,0.6343705914206476,0.0935514271259307,0.1005709022283554,0.0465057641267776
2.0,0.3899999856948852,,,sinusoidal,T+F,9042,end_to_end,0.6679568014268339,0.1115207001566886,,
3.0,0.2849999964237213,,,sinusoidal,T+F,9042,end_to_end,0.646529650346376,0.1423048824071884,,
4.0,0.1550000011920929,,,sinusoidal,T+F,9042,end_to_end,0.7757363570394851,0.140131190419197,,
5.0,0.0749999955296516,,,sinusoidal,T+F,9042,end_to_end,0.8528537656932258,0.1535704731941223,,
0.1,1.0,0.1340971851348877,0.2203747361654813,sinusoidal,T+F+K,9042,learned_latent,,,,
0.2,0.9749999642372132,0.155487813705053,0.1978645410107379,sinusoidal,T+F+K,9042,learned_latent,,,,
0.5,0.8799999952316284,0.1728831963105635,0.1391923894028765,sinusoidal,T+F+K,9042,learned_latent,,,,
1.0,0.7400000095367432,0.2011417311591071,0.1269912557326155,sinusoidal,T+F+K,9042,learned_latent,0.3761897024146404,0.052432857453823,,
2.0,0.4549999833106994,,,sinusoidal,T+F+K,9042,learned_latent,0.2353395588387021,0.0427099578082561,,
3.0,0.3449999988079071,,,sinusoidal,T+F+K,9042,learned_latent,0.2598431720254479,0.0501017980277538,,
4.0,0.2249999940395355,,,sinusoidal,T+F+K,9042,learned_latent,0.4539126833074799,0.0752943307161331,,
5.0,0.1349999904632568,,,sinusoidal,T+F+K,9042,learned_latent,0.3222503821196415,0.0590467117726802,,
0.1,1.0,0.7831757354736328,1.2870676286202358,sinusoidal,T+F+K,9042,end_to_end,,,0.0443996116518974,0.0329022146761417
0.2,0.9749999642372132,1.0163043682391828,1.293288474235707,sinusoidal,T+F+K,9042,end_to_end,,,0.0412948057055473,0.0371768698096275
0.5,0.8700000047683716,1.296757665173761,1.0440505598229863,sinusoidal,T+F+K,9042,end_to_end,,,0.0429383628070354,0.0356422625482082
1.0,0.699999988079071,1.705472019740513,1.0767533527508957,sinusoidal,T+F+K,9042,end_to_end,0.5580903104230764,0.0885668694972992,0.0520086921751499,0.0360852926969528
2.0,0.3849999904632568,,,sinusoidal,T+F+K,9042,end_to_end,0.5547179436078312,0.0956183820962905,,
3.0,0.2899999916553497,,,sinusoidal,T+F+K,9042,end_to_end,0.716839548381352,0.1399255990982055,,
4.0,0.1649999916553497,,,sinusoidal,T+F+K,9042,end_to_end,0.740174950635349,0.1209154352545738,,
5.0,0.0799999982118606,,,sinusoidal,T+F+K,9042,end_to_end,0.8003009408209466,0.1450092643499374,,
0.1,1.0,0.4250484848022461,0.6207724985516493,quartic_dome,baseline,42,learned_latent,,,,
0.2,0.9799999594688416,0.8850700222716039,0.7026337708207864,quartic_dome,baseline,42,learned_latent,,,,
0.5,0.9149999618530272,0.8032098155204064,0.5590758259325244,quartic_dome,baseline,42,learned_latent,,,,
1.0,0.8050000071525574,1.2357281039220205,0.6105404310141895,quartic_dome,baseline,42,learned_latent,3.799105463424963,0.1730490326881408,,
2.0,0.5249999761581421,,,quartic_dome,baseline,42,learned_latent,6.494383268899332,0.2245892137289047,,
3.0,0.3299999833106994,,,quartic_dome,baseline,42,learned_latent,6.893850772536872,0.2424283176660537,,
4.0,0.2249999940395355,,,quartic_dome,baseline,42,learned_latent,4.600632902275585,0.1307882964611053,,
5.0,0.1599999964237213,,,quartic_dome,baseline,42,learned_latent,1.599372112577902,0.1786545664072036,,
0.1,0.9950000047683716,0.8493032790907663,1.24038583229999,quartic_dome,baseline,42,end_to_end,,,2.172433614730835,2.381300449371338
0.2,0.9399999976158142,1.3829670358211437,1.0979010912671738,quartic_dome,baseline,42,end_to_end,,,2.683216094970703,2.199136734008789
0.5,0.824999988079071,1.4521066376657197,1.0107417789324034,quartic_dome,baseline,42,end_to_end,,,2.665869235992432,2.2994182109832764
1.0,0.6499999761581421,2.1186117318960336,1.0467497792096407,quartic_dome,baseline,42,end_to_end,3.807844985049954,0.210183098912239,2.820850372314453,2.5110056400299072
2.0,0.3499999940395355,,,quartic_dome,baseline,42,end_to_end,6.499057061424344,0.2355308085680008,,
3.0,0.1799999922513961,,,quartic_dome,baseline,42,end_to_end,6.8876649604941695,0.27420175075531,,
4.0,0.1049999967217445,,,quartic_dome,baseline,42,end_to_end,4.611452294416149,0.1944500058889389,,
5.0,0.0649999976158142,,,quartic_dome,baseline,42,end_to_end,1.6260905301846869,0.1833647191524505,,
0.1,1.0,0.3452920150756836,0.5042902035709907,quartic_dome,T+F,42,learned_latent,,,,
0.2,0.9799999594688416,0.8040797175193319,0.6383377018137735,quartic_dome,T+F,42,learned_latent,,,,
0.5,0.9149999618530272,0.7647501627604166,0.5323059063966954,quartic_dome,T+F,42,learned_latent,,,,
1.0,0.8050000071525574,1.2532314513781055,0.6191883700439096,quartic_dome,T+F,42,learned_latent,3.780215932149831,0.1634345948696136,,
2.0,0.5249999761581421,,,quartic_dome,T+F,42,learned_latent,6.461240355829297,0.2138331830501556,,
3.0,0.3299999833106994,,,quartic_dome,T+F,42,learned_latent,6.881287037395508,0.2415709495544433,,
4.0,0.2249999940395355,,,quartic_dome,T+F,42,learned_latent,4.561018094195141,0.123436689376831,,
5.0,0.1599999964237213,,,quartic_dome,T+F,42,learned_latent,1.625987188380406,0.1675281524658203,,
0.1,0.9950000047683716,0.875499399463136,1.2786445996579812,quartic_dome,T+F,42,end_to_end,,,0.2198379933834076,0.0418144203722476
0.2,0.9649999737739564,1.1274100980610426,0.8950211718039317,quartic_dome,T+F,42,end_to_end,,,0.1333143413066864,0.03987492993474
0.5,0.8949999809265137,1.5349663249607193,1.0684164328221202,quartic_dome,T+F,42,end_to_end,,,0.281527042388916,0.0343920215964317
1.0,0.7649999856948853,2.0185720406326597,0.9973228251502376,quartic_dome,T+F,42,end_to_end,3.759445384559568,0.1921561956405639,0.2299697697162628,0.0373389758169651
2.0,0.4899999797344208,,,quartic_dome,T+F,42,end_to_end,6.444564009238163,0.2227303981781005,,
3.0,0.3050000071525574,,,quartic_dome,T+F,42,end_to_end,6.863646456754499,0.2531116604804992,,
4.0,0.199999988079071,,,quartic_dome,T+F,42,end_to_end,4.566956466397061,0.1752871870994568,,
5.0,0.1400000005960464,,,quartic_dome,T+F,42,end_to_end,1.6178131060040728,0.1909441947937011,,
0.1,1.0,0.3054243469238281,0.446064488493875,quartic_dome,T+F+K,42,learned_latent,,,,
0.2,0.9799999594688416,0.7611045058892698,0.6042208136132763,quartic_dome,T+F+K,42,learned_latent,,,,
0.5,0.9149999618530272,0.7285528130870048,0.5071106675261153,quartic_dome,T+F+K,42,learned_latent,,,,
1.0,0.8050000071525574,1.2363377920589091,0.6108416617272394,quartic_dome,T+F+K,42,learned_latent,3.785707173617196,0.1596563905477523,,
2.0,0.5249999761581421,,,quartic_dome,T+F+K,42,learned_latent,6.471002171066117,0.2075973600149154,,
3.0,0.3299999833106994,,,quartic_dome,T+F+K,42,learned_latent,6.885171504039683,0.234210655093193,,
4.0,0.2249999940395355,,,quartic_dome,T+F+K,42,learned_latent,4.566796773493717,0.108813889324665,,
5.0,0.1599999964237213,,,quartic_dome,T+F+K,42,learned_latent,1.634012030230006,0.1600363701581955,,
0.1,0.9899999499320984,0.8770929201684817,1.2809718961079648,quartic_dome,T+F+K,42,end_to_end,,,0.2292098999023437,0.0574390105903148
0.2,0.9549999833106996,1.3038122366860274,1.0350621818076446,quartic_dome,T+F+K,42,end_to_end,,,0.1895949691534042,0.0602668523788452
0.5,0.8549999594688416,1.5510717916209795,1.0796266756517348,quartic_dome,T+F+K,42,end_to_end,,,0.236345037817955,0.0568901188671588
1.0,0.7149999737739563,2.0919069943728146,1.0335556777679082,quartic_dome,T+F+K,42,end_to_end,3.777088433856429,0.1887518167495727,0.4831008315086365,0.0910245329141616
2.0,0.4399999976158142,,,quartic_dome,T+F+K,42,end_to_end,6.451433921889632,0.2245557606220245,,
3.0,0.2649999856948852,,,quartic_dome,T+F+K,42,end_to_end,6.871793459738041,0.2571484446525574,,
4.0,0.1749999970197677,,,quartic_dome,T+F+K,42,end_to_end,4.58015766917564,0.1693779975175857,,
5.0,0.1099999994039535,,,quartic_dome,T+F+K,42,end_to_end,1.6336427923950112,0.185056984424591,,
0.1,0.9950000047683716,0.463922471856352,0.6442035315371626,quartic_dome,baseline,1042,learned_latent,,,,
0.2,0.9899999499320984,0.9369318798334912,0.7104548365522901,quartic_dome,baseline,1042,learned_latent,,,,
0.5,0.9049999713897704,0.8732721318197514,0.5712629353081767,quartic_dome,baseline,1042,learned_latent,,,,
1.0,0.7649999856948853,1.1701339023565156,0.604846691990929,quartic_dome,baseline,1042,learned_latent,3.047204184641978,0.1539987474679947,,
2.0,0.4949999749660492,,,quartic_dome,baseline,1042,learned_latent,3.047300430945559,0.1699390560388565,,
3.0,0.3799999952316284,,,quartic_dome,baseline,1042,learned_latent,3.3366995508174946,0.2152608782052993,,
4.0,0.2199999988079071,,,quartic_dome,baseline,1042,learned_latent,1.856875969912768,0.1899674534797668,,
5.0,0.1349999904632568,,,quartic_dome,baseline,1042,learned_latent,2.13377606901766,0.1662090271711349,,
0.1,0.9899999499320984,0.9393019242720172,1.3043162457175566,quartic_dome,baseline,1042,end_to_end,,,1.6787941455841064,1.0612809658050537
0.2,0.9799999594688416,1.559946176957111,1.1828728747893529,quartic_dome,baseline,1042,end_to_end,,,1.9755035638809204,1.9484479427337649
0.5,0.8549999594688416,1.6946239806058114,1.108561505778498,quartic_dome,baseline,1042,end_to_end,,,1.6724859476089478,1.5510389804840088
1.0,0.6949999928474426,1.871565345379946,0.9674192891242468,quartic_dome,baseline,1042,end_to_end,3.051769881461592,0.1707113981246948,1.1968013048171997,1.9386838674545288
2.0,0.4149999916553497,,,quartic_dome,baseline,1042,end_to_end,3.0606459495076157,0.2129303812980651,,
3.0,0.2800000011920929,,,quartic_dome,baseline,1042,end_to_end,3.3348951661089576,0.2093889862298965,,
4.0,0.1449999958276748,,,quartic_dome,baseline,1042,end_to_end,1.899645003191224,0.2093776017427444,,
5.0,0.089999996125698,,,quartic_dome,baseline,1042,end_to_end,2.159378260237822,0.2331764101982116,,
0.1,0.9950000047683716,0.382168985491422,0.5306805016631742,quartic_dome,T+F,1042,learned_latent,,,,
0.2,0.9899999499320984,0.8702511257595487,0.659892287388945,quartic_dome,T+F,1042,learned_latent,,,,
0.5,0.9049999713897704,0.8502131509517438,0.5561785868950155,quartic_dome,T+F,1042,learned_latent,,,,
1.0,0.7649999856948853,1.139259587705525,0.5888876405981517,quartic_dome,T+F,1042,learned_latent,3.031644427206544,0.1454213559627533,,
2.0,0.4949999749660492,,,quartic_dome,T+F,1042,learned_latent,3.0392645354077223,0.1626200228929519,,
3.0,0.3799999952316284,,,quartic_dome,T+F,1042,learned_latent,3.3147194249489025,0.2016660720109939,,
4.0,0.2199999988079071,,,quartic_dome,T+F,1042,learned_latent,1.8904406039047987,0.1439788192510604,,
5.0,0.1349999904632568,,,quartic_dome,T+F,1042,learned_latent,2.0967458422262446,0.1064817085862159,,
0.1,0.9950000047683716,0.8909999521533448,1.2372440452816762,quartic_dome,T+F,1042,end_to_end,,,0.5073442459106445,0.2599162459373474
0.2,0.9699999690055848,1.5048499353153189,1.1410946066006118,quartic_dome,T+F,1042,end_to_end,,,0.8911111950874329,0.4163142442703247
0.5,0.8499999642372131,1.6998922909007352,1.1120078431726856,quartic_dome,T+F,1042,end_to_end,,,0.4313863515853882,0.2461250126361847
1.0,0.6949999928474426,2.0211223355300136,1.0447258696567945,quartic_dome,T+F,1042,end_to_end,3.0254843507516886,0.1859685033559799,0.4428984820842743,0.2452433407306671
2.0,0.3849999904632568,,,quartic_dome,T+F,1042,end_to_end,3.04553927229888,0.2486871629953384,,
3.0,0.2199999988079071,,,quartic_dome,T+F,1042,end_to_end,3.2989286187572984,0.2050574868917465,,
4.0,0.1099999994039535,,,quartic_dome,T+F,1042,end_to_end,1.89708672478444,0.226479098200798,,
5.0,0.0599999986588954,,,quartic_dome,T+F,1042,end_to_end,2.1281668587497267,0.2390943318605423,,
0.1,0.9950000047683716,0.3536803279090766,0.4911211034088415,quartic_dome,T+F+K,1042,learned_latent,,,,
0.2,0.9899999499320984,0.8434957639135495,0.6396042849884132,quartic_dome,T+F+K,1042,learned_latent,,,,
0.5,0.9049999713897704,0.8196248428597634,0.5361688258708973,quartic_dome,T+F+K,1042,learned_latent,,,,
1.0,0.7649999856948853,1.1242592007506127,0.5811338831777482,quartic_dome,T+F+K,1042,learned_latent,3.02412999461136,0.1455774307250976,,
2.0,0.4949999749660492,,,quartic_dome,T+F+K,1042,learned_latent,3.027291388147386,0.157709926366806,,
3.0,0.3799999952316284,,,quartic_dome,T+F+K,1042,learned_latent,3.3022103903483297,0.1938196718692779,,
4.0,0.2199999988079071,,,quartic_dome,T+F+K,1042,learned_latent,1.8778611092062345,0.1391537338495254,,
5.0,0.1349999904632568,,,quartic_dome,T+F+K,1042,learned_latent,2.0844522500035683,0.101506732404232,,
0.1,0.9950000047683716,0.8725158077987594,1.2115769310696411,quartic_dome,T+F+K,1042,end_to_end,,,0.522803008556366,0.1633866131305694
0.2,0.959999978542328,1.4292348225911458,1.0837573297850522,quartic_dome,T+F+K,1042,end_to_end,,,0.7891618013381958,0.2938442826271057
0.5,0.824999988079071,1.6078206380208333,1.0517779093796025,quartic_dome,T+F+K,1042,end_to_end,,,0.4875308573246002,0.182632029056549
1.0,0.6449999809265137,2.001641325248304,1.0346560608923414,quartic_dome,T+F+K,1042,end_to_end,3.0154691465862142,0.1940686106681823,0.4344159066677093,0.1625038981437683
2.0,0.3400000035762787,,,quartic_dome,T+F+K,1042,end_to_end,3.0362195164109647,0.248018279671669,,
3.0,0.2149999886751175,,,quartic_dome,T+F+K,1042,end_to_end,3.289344882471668,0.2077612280845642,,
4.0,0.089999996125698,,,quartic_dome,T+F+K,1042,end_to_end,1.896068895795559,0.2477588355541229,,
5.0,0.0499999970197677,,,quartic_dome,T+F+K,1042,end_to_end,2.1187679549853287,0.2192758023738861,,
0.1,1.0,0.1879974174499511,0.3302537337482724,quartic_dome,baseline,2042,learned_latent,,,,
0.2,0.9899999499320984,0.4905499159687697,0.496435072370175,quartic_dome,baseline,2042,learned_latent,,,,
0.5,0.9099999666213988,1.3863590785435267,0.684840792244575,quartic_dome,baseline,2042,learned_latent,,,,
1.0,0.7749999761581421,1.0638746692288306,0.5852740577409872,quartic_dome,baseline,2042,learned_latent,3.211842364562118,0.1651397943496704,,
2.0,0.5049999952316284,,,quartic_dome,baseline,2042,learned_latent,3.539310632416433,0.1729015558958053,,
3.0,0.3299999833106994,,,quartic_dome,baseline,2042,learned_latent,3.601121551688496,0.3087520897388458,,
4.0,0.1700000017881393,,,quartic_dome,baseline,2042,learned_latent,4.615348123196725,0.3002665638923645,,
5.0,0.1049999967217445,,,quartic_dome,baseline,2042,learned_latent,1.1966182975626405,0.2656815350055694,,
0.1,1.0,0.6724615478515625,1.18130844557609,quartic_dome,baseline,2042,end_to_end,,,0.8829417824745178,0.3179978132247925
0.2,0.98499995470047,1.063519473003252,1.0762785791223584,quartic_dome,baseline,2042,end_to_end,,,0.7517787218093872,0.2427901029586792
0.5,0.8899999856948853,2.172421230359024,1.0731438193134015,quartic_dome,baseline,2042,end_to_end,,,0.8221135139465332,0.1760522872209549
1.0,0.7450000047683716,1.8677925263475248,1.0275369294261991,quartic_dome,baseline,2042,end_to_end,3.2068786250444643,0.1805904805660247,0.886323869228363,0.3565779328346252
2.0,0.4899999797344208,,,quartic_dome,baseline,2042,end_to_end,3.5333355200947576,0.1923050284385681,,
3.0,0.3149999976158142,,,quartic_dome,baseline,2042,end_to_end,3.5558919008413183,0.2735612988471985,,
4.0,0.1599999964237213,,,quartic_dome,baseline,2042,end_to_end,4.583310236155554,0.277006983757019,,
5.0,0.1049999967217445,,,quartic_dome,baseline,2042,end_to_end,1.2104193394535117,0.2903802096843719,,
0.1,1.0,0.152654972076416,0.2681679098964014,quartic_dome,T+F,2042,learned_latent,,,,
0.2,0.9899999499320984,0.4450252032039141,0.4503641969294557,quartic_dome,T+F,2042,learned_latent,,,,
0.5,0.9099999666213988,1.3454645177820226,0.6646394866637546,quartic_dome,T+F,2042,learned_latent,,,,
1.0,0.7749999761581421,1.0423594813193044,0.5734378126502041,quartic_dome,T+F,2042,learned_latent,3.2176351006892845,0.1338420659303665,,
2.0,0.5049999952316284,,,quartic_dome,T+F,2042,learned_latent,3.54137967772278,0.1431692689657211,,
3.0,0.3299999833106994,,,quartic_dome,T+F,2042,learned_latent,3.611966551967676,0.2699936926364898,,
4.0,0.1700000017881393,,,quartic_dome,T+F,2042,learned_latent,4.601842961231087,0.2629130482673645,,
5.0,0.1049999967217445,,,quartic_dome,T+F,2042,learned_latent,1.3201746688629938,0.2394879013299942,,
0.1,0.9899999499320984,0.6758311107905224,1.1872277329619796,quartic_dome,T+F,2042,end_to_end,,,0.4285457730293274,0.1045025214552879
0.2,0.9449999928474426,1.0847712118158896,1.097785276304456,quartic_dome,T+F,2042,end_to_end,,,0.3448241949081421,0.0755163207650184
0.5,0.7999999523162842,2.0283580780029298,1.0019787619197222,quartic_dome,T+F,2042,end_to_end,,,0.3333746790885925,0.1132944971323013
1.0,0.625,1.9397542724609376,1.0671255617793438,quartic_dome,T+F,2042,end_to_end,3.201019566108392,0.1797684282064438,0.3193678557872772,0.0502381846308708
2.0,0.375,,,quartic_dome,T+F,2042,end_to_end,3.545580828916865,0.1952502280473709,,
3.0,0.2199999988079071,,,quartic_dome,T+F,2042,end_to_end,3.563785956289472,0.2790350019931793,,
4.0,0.089999996125698,,,quartic_dome,T+F,2042,end_to_end,4.594651054538802,0.300978273153305,,
5.0,0.0599999986588954,,,quartic_dome,T+F,2042,end_to_end,1.2603421434790407,0.3175951540470123,,
0.1,1.0,0.1437035369873046,0.2524429871784,quartic_dome,T+F+K,2042,learned_latent,,,,
0.2,0.9899999499320984,0.4356442075787168,0.4408706569440251,quartic_dome,T+F+K,2042,learned_latent,,,,
0.5,0.9099999666213988,1.3359105875203898,0.6599199870256811,quartic_dome,T+F+K,2042,learned_latent,,,,
1.0,0.7749999761581421,1.0170831495715726,0.5595324329333191,quartic_dome,T+F+K,2042,learned_latent,3.206948537604144,0.1322471648454666,,
2.0,0.5049999952316284,,,quartic_dome,T+F+K,2042,learned_latent,3.5305602740932223,0.1419601589441299,,
3.0,0.3299999833106994,,,quartic_dome,T+F+K,2042,learned_latent,3.5674689091963767,0.2648724317550659,,
4.0,0.1700000017881393,,,quartic_dome,T+F+K,2042,learned_latent,4.58278936902926,0.2666797935962677,,
5.0,0.1049999967217445,,,quartic_dome,T+F+K,2042,learned_latent,1.2831379364524549,0.2391476780176162,,
0.1,0.98499995470047,0.6941551557047113,1.2194174530781774,quartic_dome,T+F+K,2042,end_to_end,,,0.1829130798578262,0.053869605064392
0.2,0.9350000023841858,1.1151160581864137,1.1284941715944758,quartic_dome,T+F+K,2042,end_to_end,,,0.1889797449111938,0.0391705483198165
0.5,0.7999999523162842,2.14118881225586,1.0577154686872738,quartic_dome,T+F+K,2042,end_to_end,,,0.251156210899353,0.0472562983632087
1.0,0.6399999856948853,1.966010928153992,1.0815702514262184,quartic_dome,T+F+K,2042,end_to_end,3.200913447851091,0.1935159116983413,0.3322587311267853,0.0459737032651901
2.0,0.3499999940395355,,,quartic_dome,T+F+K,2042,end_to_end,3.5316291715939934,0.1966840326786041,,
3.0,0.1850000023841858,,,quartic_dome,T+F+K,2042,end_to_end,3.3775827131053164,0.2657962739467621,,
4.0,0.0799999982118606,,,quartic_dome,T+F+K,2042,end_to_end,4.576586821488506,0.3136328160762787,,
5.0,0.0549999997019767,,,quartic_dome,T+F+K,2042,end_to_end,1.2780836551600794,0.3559573590755462,,
0.1,0.9899999499320984,0.2619657227487275,0.4702750857566018,quartic_dome,baseline,3042,learned_latent,,,,
0.2,0.9899999499320984,0.5171783524330216,0.5624823507560451,quartic_dome,baseline,3042,learned_latent,,,,
0.5,0.9049999713897704,0.852418593938838,0.5860795414908276,quartic_dome,baseline,3042,learned_latent,,,,
1.0,0.7450000047683716,1.0774699985580956,0.5610748189785271,quartic_dome,baseline,3042,learned_latent,4.356517899364988,0.1450815796852111,,
2.0,0.5249999761581421,,,quartic_dome,baseline,3042,learned_latent,5.120087140819923,0.2386506795883178,,
3.0,0.3149999976158142,,,quartic_dome,baseline,3042,learned_latent,3.459863883565927,0.2381045818328857,,
4.0,0.2049999982118606,,,quartic_dome,baseline,3042,learned_latent,5.537671121835294,0.2988394796848297,,
5.0,0.1049999967217445,,,quartic_dome,baseline,3042,learned_latent,1.127247318856303,0.1752273291349411,,
0.1,0.9899999499320984,0.895757116452612,1.60804341246162,quartic_dome,baseline,3042,end_to_end,,,1.6625545024871826,0.5980170369148254
0.2,0.9899999499320984,1.3349661778922033,1.4519070846413002,quartic_dome,baseline,3042,end_to_end,,,1.3691624402999878,0.5971860885620117
0.5,0.9049999713897704,1.829832635531768,1.2580995765026204,quartic_dome,baseline,3042,end_to_end,,,0.6565434336662292,0.4394564926624298
1.0,0.7400000095367432,2.252592963141364,1.1730008173946371,quartic_dome,baseline,3042,end_to_end,4.366910738280315,0.1996425539255142,0.7696453928947449,0.4468691349029541
2.0,0.5099999904632568,,,quartic_dome,baseline,3042,end_to_end,5.1059242552620505,0.2640028297901153,,
3.0,0.3050000071525574,,,quartic_dome,baseline,3042,end_to_end,3.4502503040092027,0.2605155408382416,,
4.0,0.1899999976158142,,,quartic_dome,baseline,3042,end_to_end,5.5262603061706015,0.3191612660884857,,
5.0,0.1049999967217445,,,quartic_dome,baseline,3042,end_to_end,1.1544076499914662,0.1861587911844253,,
0.1,0.9899999499320984,0.1702178415625986,0.3055713136750199,quartic_dome,T+F,3042,learned_latent,,,,
0.2,0.9899999499320984,0.4128576721807923,0.4490233453961041,quartic_dome,T+F,3042,learned_latent,,,,
0.5,0.9049999713897704,0.7371016022908753,0.5067934606008689,quartic_dome,T+F,3042,learned_latent,,,,
1.0,0.7450000047683716,0.9745365629260172,0.5074739216529462,quartic_dome,T+F,3042,learned_latent,4.355667932633836,0.1111373603343963,,
2.0,0.5249999761581421,,,quartic_dome,T+F,3042,learned_latent,5.0895235836239,0.1945688873529434,,
3.0,0.3149999976158142,,,quartic_dome,T+F,3042,learned_latent,3.4242739306454517,0.212975725531578,,
4.0,0.2049999982118606,,,quartic_dome,T+F,3042,learned_latent,5.516009715460102,0.2560356557369232,,
5.0,0.1049999967217445,,,quartic_dome,T+F,3042,learned_latent,1.069620635854581,0.1559533178806305,,
0.1,0.9899999499320984,0.9146693065913036,1.641994158940957,quartic_dome,T+F,3042,end_to_end,,,1.073081374168396,0.286831259727478
0.2,0.9799999594688416,1.350201042330995,1.4684764988920465,quartic_dome,T+F,3042,end_to_end,,,1.010622262954712,0.2804633677005768
0.5,0.8199999928474426,1.689679773842416,1.1617376183032238,quartic_dome,T+F,3042,end_to_end,,,1.0627431869506836,0.3070456981658935
1.0,0.5899999737739563,2.136809268240201,1.112708358445181,quartic_dome,T+F,3042,end_to_end,4.360997892170698,0.1569518595933914,0.8041585087776184,0.2411951720714569
2.0,0.3299999833106994,,,quartic_dome,T+F,3042,end_to_end,5.081112639674933,0.2210248112678527,,
3.0,0.0999999940395355,,,quartic_dome,T+F,3042,end_to_end,3.4467035773803287,0.2566407024860382,,
4.0,0.044999998062849,,,quartic_dome,T+F,3042,end_to_end,5.5099917978464585,0.2681030929088592,,
5.0,0.0099999997764825,,,quartic_dome,T+F,3042,end_to_end,1.1863238088564405,0.1892541795969009,,
0.1,0.9899999499320984,0.1781590972283873,0.3198272806391637,quartic_dome,T+F+K,3042,learned_latent,,,,
0.2,0.9899999499320984,0.4424186090026239,0.4811737731080764,quartic_dome,T+F+K,3042,learned_latent,,,,
0.5,0.9049999713897704,0.7746954649192852,0.5326410828005654,quartic_dome,T+F+K,3042,learned_latent,,,,
1.0,0.7450000047683716,1.0153279144491925,0.5287153485162307,quartic_dome,T+F+K,3042,learned_latent,4.34371203446551,0.1006185188889503,,
2.0,0.5249999761581421,,,quartic_dome,T+F+K,3042,learned_latent,5.084487668613201,0.195340871810913,,
3.0,0.3149999976158142,,,quartic_dome,T+F+K,3042,learned_latent,3.406095297483449,0.2046577185392379,,
4.0,0.2049999982118606,,,quartic_dome,T+F+K,3042,learned_latent,5.496353005059885,0.2329314053058624,,
5.0,0.1049999967217445,,,quartic_dome,T+F+K,3042,learned_latent,1.038008900245385,0.1426011174917221,,
0.1,0.98499995470047,0.910617576637849,1.6347205827214029,quartic_dome,T+F+K,3042,end_to_end,,,0.4892984628677368,0.2034901082515716
0.2,0.949999988079071,1.2988297311883223,1.4126051428752788,quartic_dome,T+F+K,3042,end_to_end,,,0.246625930070877,0.093783751130104
0.5,0.7999999523162842,1.7638515472412108,1.212734346030923,quartic_dome,T+F+K,3042,end_to_end,,,0.3018777072429657,0.1132474765181541
1.0,0.574999988079071,2.3163096552309783,1.2061802391213976,quartic_dome,T+F+K,3042,end_to_end,4.219066921943184,0.1692135781049728,0.2870782315731048,0.1854379773139953
2.0,0.3299999833106994,,,quartic_dome,T+F+K,3042,end_to_end,5.0281221974703305,0.2767699658870697,,
3.0,0.1850000023841858,,,quartic_dome,T+F+K,3042,end_to_end,3.4502134550989303,0.3194979131221771,,
4.0,0.0949999988079071,,,quartic_dome,T+F+K,3042,end_to_end,5.494500867860026,0.2775641679763794,,
5.0,0.0499999970197677,,,quartic_dome,T+F+K,3042,end_to_end,1.1580545833032685,0.2051371186971664,,
0.1,1.0,0.4415234756469726,0.6006023547040313,quartic_dome,baseline,4042,learned_latent,,,,
0.2,0.9899999499320984,0.7177395290798612,0.6102028628865149,quartic_dome,baseline,4042,learned_latent,,,,
0.5,0.8999999761581421,1.2991078694661458,0.6611891197029327,quartic_dome,baseline,4042,learned_latent,,,,
1.0,0.7149999737739563,1.0540562342930506,0.5533773530359164,quartic_dome,baseline,4042,learned_latent,2.4643993470584213,0.1980626136064529,,
2.0,0.4650000035762787,,,quartic_dome,baseline,4042,learned_latent,4.277645180794935,0.2131835669279098,,
3.0,0.2949999868869781,,,quartic_dome,baseline,4042,learned_latent,4.503886056878561,0.2639748454093933,,
4.0,0.1799999922513961,,,quartic_dome,baseline,4042,learned_latent,2.8651135512055963,0.2574876844882965,,
5.0,0.1149999946355819,,,quartic_dome,baseline,4042,learned_latent,4.0947690179788125,0.2205083221197128,,
0.1,1.0,1.0822274780273438,1.4721490645003368,quartic_dome,baseline,4042,end_to_end,,,0.596609890460968,0.3402043879032135
0.2,0.9899999499320984,1.590907087229719,1.352546459937286,quartic_dome,baseline,4042,end_to_end,,,0.6822055578231812,0.4326333403587341
0.5,0.8999999761581421,2.3157057020399305,1.1785929795437544,quartic_dome,baseline,4042,end_to_end,,,0.9337379932403564,0.402599573135376
1.0,0.7099999785423279,2.2315536284110915,1.1715610608537022,quartic_dome,baseline,4042,end_to_end,2.4730727559173897,0.2013759166002273,0.9525665044784546,0.4322080910205841
2.0,0.4549999833106994,,,quartic_dome,baseline,4042,end_to_end,4.284388743106443,0.2598004937171936,,
3.0,0.2899999916553497,,,quartic_dome,baseline,4042,end_to_end,4.502514796987609,0.2880038022994995,,
4.0,0.1749999970197677,,,quartic_dome,baseline,4042,end_to_end,2.8704453930971465,0.2670630514621734,,
5.0,0.1149999946355819,,,quartic_dome,baseline,4042,end_to_end,4.105251624253478,0.2474028766155243,,
0.1,1.0,0.4705154418945312,0.6400399931450416,quartic_dome,T+F,4042,learned_latent,,,,
0.2,0.9899999499320984,0.7426131277373342,0.631349728143523,quartic_dome,T+F,4042,learned_latent,,,,
0.5,0.8999999761581421,1.3416600545247397,0.6828463218811396,quartic_dome,T+F,4042,learned_latent,,,,
1.0,0.7149999737739563,1.1095106218244646,0.5824907923268889,quartic_dome,T+F,4042,learned_latent,2.4676639811533567,0.1803910136222839,,
2.0,0.4650000035762787,,,quartic_dome,T+F,4042,learned_latent,4.2705114042920975,0.1936298459768295,,
3.0,0.2949999868869781,,,quartic_dome,T+F,4042,learned_latent,4.492033919996005,0.2387131154537201,,
4.0,0.1799999922513961,,,quartic_dome,T+F,4042,learned_latent,2.8806262533690887,0.249440997838974,,
5.0,0.1149999946355819,,,quartic_dome,T+F,4042,learned_latent,4.098863562013838,0.2012483030557632,,
0.1,1.0,1.0940518188476562,1.4882336609741629,quartic_dome,T+F,4042,end_to_end,,,0.1594228893518448,0.0547635704278945
0.2,0.9749999642372132,1.6071946364182692,1.366393696631912,quartic_dome,T+F,4042,end_to_end,,,0.1651316285133361,0.0655009150505065
0.5,0.8449999690055847,2.3890456701876848,1.215919817536493,quartic_dome,T+F,4042,end_to_end,,,0.2693298459053039,0.071190170943737
1.0,0.625,2.258687255859375,1.1858061594045062,quartic_dome,T+F,4042,end_to_end,2.4585931817741344,0.1850218772888183,0.3291978538036346,0.0563681200146675
2.0,0.375,,,quartic_dome,T+F,4042,end_to_end,4.265012188052616,0.2289239913225174,,
3.0,0.2049999982118606,,,quartic_dome,T+F,4042,end_to_end,4.485137359086335,0.253182053565979,,
4.0,0.1099999994039535,,,quartic_dome,T+F,4042,end_to_end,2.8680357953998814,0.2293777465820312,,
5.0,0.0649999976158142,,,quartic_dome,T+F,4042,end_to_end,4.097054982262101,0.2290747016668319,,
0.1,1.0,0.3921381378173828,0.5334237066268414,quartic_dome,T+F+K,4042,learned_latent,,,,
0.2,0.9899999499320984,0.6499000318122633,0.5525275450695634,quartic_dome,T+F+K,4042,learned_latent,,,,
0.5,0.8999999761581421,1.252301279703776,0.6373666114965931,quartic_dome,T+F+K,4042,learned_latent,,,,
1.0,0.7149999737739563,1.033079667524858,0.5423646986667223,quartic_dome,T+F+K,4042,learned_latent,2.456366223179812,0.1709395796060562,,
2.0,0.4650000035762787,,,quartic_dome,T+F+K,4042,learned_latent,4.262758835783195,0.1783433556556701,,
3.0,0.2949999868869781,,,quartic_dome,T+F+K,4042,learned_latent,4.484000774492459,0.2359757721424102,,
4.0,0.1799999922513961,,,quartic_dome,T+F+K,4042,learned_latent,2.858923634530482,0.2353021651506424,,
5.0,0.1149999946355819,,,quartic_dome,T+F+K,4042,learned_latent,4.096027318984093,0.2038104981184005,,
0.1,0.98499995470047,1.0750907471942417,1.4624410023481056,quartic_dome,T+F+K,4042,end_to_end,,,0.1270261257886886,0.0250355545431375
0.2,0.9449999928474426,1.587121711206184,1.349328234950257,quartic_dome,T+F+K,4042,end_to_end,,,0.191911980509758,0.030101116746664
0.5,0.7899999618530273,2.3572293052190467,1.199726678506086,quartic_dome,T+F+K,4042,end_to_end,,,0.221716433763504,0.0269804410636425
1.0,0.5149999856948853,2.159973292674833,1.133981531953406,quartic_dome,T+F+K,4042,end_to_end,2.4429760956779245,0.1909020543098449,0.0780754834413528,0.0247395671904087
2.0,0.2800000011920929,,,quartic_dome,T+F+K,4042,end_to_end,4.280863652446968,0.295000284910202,,
3.0,0.1149999946355819,,,quartic_dome,T+F+K,4042,end_to_end,4.502593293139111,0.3206563889980316,,
4.0,0.0599999986588954,,,quartic_dome,T+F+K,4042,end_to_end,2.841751760071844,0.2884190678596496,,
5.0,0.0299999993294477,,,quartic_dome,T+F+K,4042,end_to_end,4.091998161307111,0.2339468449354171,,
0.1,1.0,0.4157369995117188,0.6770112660192905,quartic_dome,baseline,5042,learned_latent,,,,
0.2,0.9950000047683716,0.7404841897475659,0.709359094705447,quartic_dome,baseline,5042,learned_latent,,,,
0.5,0.8999999761581421,0.7784637451171875,0.5774047611401152,quartic_dome,baseline,5042,learned_latent,,,,
1.0,0.73499995470047,0.9089286959901148,0.5559629942406866,quartic_dome,baseline,5042,learned_latent,1.671425715294274,0.2733520269393921,,
2.0,0.4699999988079071,,,quartic_dome,baseline,5042,learned_latent,3.978513903068575,0.3253754377365112,,
3.0,0.25,,,quartic_dome,baseline,5042,learned_latent,5.389095060406927,0.3330138921737671,,
4.0,0.1599999964237213,,,quartic_dome,baseline,5042,learned_latent,2.8436915578640183,0.2497815191745758,,
5.0,0.1099999994039535,,,quartic_dome,baseline,5042,learned_latent,4.60092269037611,0.4989009499549866,,
0.1,1.0,0.7676817321777344,1.2501393477413592,quartic_dome,baseline,5042,end_to_end,,,0.5908921360969543,0.8776004910469055
0.2,0.9950000047683716,1.19932372126747,1.1489120239921464,quartic_dome,baseline,5042,end_to_end,,,0.6687273979187012,0.8681387901306152
0.5,0.8999999761581421,1.4273513793945312,1.058699891230319,quartic_dome,baseline,5042,end_to_end,,,0.6589229702949524,1.116990327835083
1.0,0.7049999833106995,1.5323473341921543,0.9372884978685604,quartic_dome,baseline,5042,end_to_end,1.5744253382178426,0.1894477754831314,1.109312653541565,1.5913572311401367
2.0,0.375,,,quartic_dome,baseline,5042,end_to_end,3.871756840563466,0.2938487827777862,,
3.0,0.1550000011920929,,,quartic_dome,baseline,5042,end_to_end,5.294211473048267,0.3091582059860229,,
4.0,0.0749999955296516,,,quartic_dome,baseline,5042,end_to_end,2.8176524192918526,0.3127309083938598,,
5.0,0.0499999970197677,,,quartic_dome,baseline,5042,end_to_end,4.567696294212116,0.4263820052146911,,
0.1,1.0,0.3299495697021484,0.5373098284947694,quartic_dome,T+F,5042,learned_latent,,,,
0.2,0.9950000047683716,0.6670577466188363,0.6390190172988074,quartic_dome,T+F,5042,learned_latent,,,,
0.5,0.8999999761581421,0.7046429951985677,0.5226501849105847,quartic_dome,T+F,5042,learned_latent,,,,
1.0,0.73499995470047,0.8039161526426977,0.4917301360529912,quartic_dome,T+F,5042,learned_latent,1.6156052320520742,0.1530459970235824,,
2.0,0.4699999988079071,,,quartic_dome,T+F,5042,learned_latent,3.9317256690062177,0.2119132280349731,,
3.0,0.25,,,quartic_dome,T+F,5042,learned_latent,5.357398288457937,0.1862135231494903,,
4.0,0.1599999964237213,,,quartic_dome,T+F,5042,learned_latent,2.8247656188038994,0.1415704041719436,,
5.0,0.1099999994039535,,,quartic_dome,T+F,5042,learned_latent,4.616534382153439,0.4079698026180267,,
0.1,1.0,0.7477557373046875,1.2176906529378186,quartic_dome,T+F,5042,end_to_end,,,0.8610618710517883,0.837493896484375
0.2,0.9749999642372132,1.1352437337239585,1.087525538524985,quartic_dome,T+F,5042,end_to_end,,,0.7535898685455322,0.8978182673454285
0.5,0.824999988079071,1.4165843616832383,1.0507137424484712,quartic_dome,T+F,5042,end_to_end,,,0.8730791211128235,0.8285863399505615
1.0,0.5249999761581421,1.481137230282738,0.9059648936843602,quartic_dome,T+F,5042,end_to_end,1.614156801489497,0.1949694901704788,0.8652244806289673,0.9133957624435424
2.0,0.2249999940395355,,,quartic_dome,T+F,5042,end_to_end,3.936386511554279,0.2671137154102325,,
3.0,0.0749999955296516,,,quartic_dome,T+F,5042,end_to_end,5.379139095075918,0.2924733459949493,,
4.0,0.044999998062849,,,quartic_dome,T+F,5042,end_to_end,2.8625144834430523,0.3229184150695801,,
5.0,0.0149999996647238,,,quartic_dome,T+F,5042,end_to_end,4.607917353090715,0.4173076152801513,,
0.1,1.0,0.3534096908569336,0.5755137082134888,quartic_dome,T+F+K,5042,learned_latent,,,,
0.2,0.9950000047683716,0.6914697388308731,0.6624048895905443,quartic_dome,T+F+K,5042,learned_latent,,,,
0.5,0.8999999761581421,0.7261209275987414,0.5385808695508038,quartic_dome,T+F+K,5042,learned_latent,,,,
1.0,0.73499995470047,0.8425540015811012,0.5153636886975298,quartic_dome,T+F+K,5042,learned_latent,1.608733206150427,0.1566401422023773,,
2.0,0.4699999988079071,,,quartic_dome,T+F+K,5042,learned_latent,3.909763394346617,0.1980917900800705,,
3.0,0.25,,,quartic_dome,T+F+K,5042,learned_latent,5.357982641898031,0.1709399372339248,,
4.0,0.1599999964237213,,,quartic_dome,T+F+K,5042,learned_latent,2.8177305587086217,0.1415282934904098,,
5.0,0.1099999994039535,,,quartic_dome,T+F+K,5042,learned_latent,4.598724120123648,0.3888261914253235,,
0.1,1.0,0.7702711486816406,1.254356110135901,quartic_dome,T+F+K,5042,end_to_end,,,0.5913875699043274,0.9289467334747314
0.2,0.9749999642372132,1.1550003443008814,1.106451710869153,quartic_dome,T+F+K,5042,end_to_end,,,0.5034164190292358,0.9689154624938964
0.5,0.8349999785423279,1.4376016948037518,1.06630278983362,quartic_dome,T+F+K,5042,end_to_end,,,0.5559300184249878,0.9643539190292358
1.0,0.5799999833106995,1.451049146981075,0.8875609628181068,quartic_dome,T+F+K,5042,end_to_end,1.6280444473416071,0.2071662247180938,0.6192244291305542,0.9991291761398317
2.0,0.2599999904632568,,,quartic_dome,T+F+K,5042,end_to_end,3.889389539670464,0.2631412446498871,,
3.0,0.0949999988079071,,,quartic_dome,T+F+K,5042,end_to_end,5.309924564828018,0.2633706033229828,,
4.0,0.0549999997019767,,,quartic_dome,T+F+K,5042,end_to_end,2.863678422828416,0.2921191155910492,,
5.0,0.0199999995529651,,,quartic_dome,T+F+K,5042,end_to_end,4.608350946648002,0.46233931183815,,
0.1,1.0,0.3346100616455078,0.6430506021709252,quartic_dome,baseline,6042,learned_latent,,,,
0.2,0.9950000047683716,0.7187762236475346,0.705960447090234,quartic_dome,baseline,6042,learned_latent,,,,
0.5,0.8999999761581421,1.2976843939887153,0.7255833498473341,quartic_dome,baseline,6042,learned_latent,,,,
1.0,0.7299999594688416,1.518890485371629,0.7107771737605664,quartic_dome,baseline,6042,learned_latent,3.871014584153978,0.2186093628406524,,
2.0,0.5049999952316284,,,quartic_dome,baseline,6042,learned_latent,4.120197839373164,0.1941103786230087,,
3.0,0.3299999833106994,,,quartic_dome,baseline,6042,learned_latent,5.5765908046198485,0.2044662833213806,,
4.0,0.2049999982118606,,,quartic_dome,baseline,6042,learned_latent,0.9195890284256836,0.1596175730228424,,
5.0,0.1349999904632568,,,quartic_dome,baseline,6042,learned_latent,1.0123298807512269,0.1435389071702957,,
0.1,1.0,0.6977326202392579,1.340896264125164,quartic_dome,baseline,6042,end_to_end,,,0.716661810874939,0.7040604948997498
0.2,0.98499995470047,1.1852969251913468,1.164163086803898,quartic_dome,baseline,6042,end_to_end,,,0.8218112587928772,0.6026586294174194
0.5,0.8449999690055847,1.908666486570821,1.0672060398373266,quartic_dome,baseline,6042,end_to_end,,,0.816975474357605,0.7873293161392212
1.0,0.5699999928474426,2.319074664199561,1.0852298776209637,quartic_dome,baseline,6042,end_to_end,3.837663302368735,0.1668550670146942,1.2977192401885986,0.8659694194793701
2.0,0.2349999994039535,,,quartic_dome,baseline,6042,end_to_end,4.103244403488895,0.1818436384201049,,
3.0,0.1299999952316284,,,quartic_dome,baseline,6042,end_to_end,5.527675690261911,0.1636969745159149,,
4.0,0.0649999976158142,,,quartic_dome,baseline,6042,end_to_end,0.9982527764030992,0.2059508115053177,,
5.0,0.0299999993294477,,,quartic_dome,baseline,6042,end_to_end,1.072609991578836,0.2302350848913192,,
0.1,1.0,0.2234133148193359,0.4293536958245416,quartic_dome,T+F,6042,learned_latent,,,,
0.2,0.9950000047683716,0.6165991548317761,0.6056051949124516,quartic_dome,T+F,6042,learned_latent,,,,
0.5,0.8999999761581421,1.2230850219726563,0.6838720813026418,quartic_dome,T+F,6042,learned_latent,,,,
1.0,0.7299999594688416,1.4323790040734696,0.6702934214642967,quartic_dome,T+F,6042,learned_latent,3.8964901848750793,0.1920302212238311,,
2.0,0.5049999952316284,,,quartic_dome,T+F,6042,learned_latent,4.161425009453267,0.1546202600002288,,
3.0,0.3299999833106994,,,quartic_dome,T+F,6042,learned_latent,5.633019551692913,0.1669368594884872,,
4.0,0.2049999982118606,,,quartic_dome,T+F,6042,learned_latent,0.8768684822548414,0.1376957446336746,,
5.0,0.1349999904632568,,,quartic_dome,T+F,6042,learned_latent,1.029970507073277,0.0879441872239112,,
0.1,0.9950000047683716,0.6543438015271671,1.2575120231878605,quartic_dome,T+F,6042,end_to_end,,,0.3405805230140686,0.2276521027088165
0.2,0.959999978542328,1.1592130661010742,1.1385443027938176,quartic_dome,T+F,6042,end_to_end,,,0.2562110126018524,0.1913121342658996
0.5,0.7999999523162842,1.8713579177856443,1.0463454388756774,quartic_dome,T+F,6042,end_to_end,,,0.2772839665412903,0.1505650877952575
1.0,0.5649999976158142,2.306599574806416,1.0793920579317442,quartic_dome,T+F,6042,end_to_end,3.891340843333476,0.1883329302072525,0.9145575761795044,0.1791131347417831
2.0,0.2849999964237213,,,quartic_dome,T+F,6042,end_to_end,4.16134170095471,0.2166601866483688,,
3.0,0.1799999922513961,,,quartic_dome,T+F,6042,end_to_end,5.636734236604844,0.2088511437177658,,
4.0,0.0949999988079071,,,quartic_dome,T+F,6042,end_to_end,0.945092399450316,0.207814022898674,,
5.0,0.0499999970197677,,,quartic_dome,T+F,6042,end_to_end,1.1255256049069948,0.206508919596672,,
0.1,1.0,0.1651173782348632,0.3173210900492917,quartic_dome,T+F+K,6042,learned_latent,,,,
0.2,0.9950000047683716,0.554748650172248,0.5448574844489394,quartic_dome,T+F+K,6042,learned_latent,,,,
0.5,0.8999999761581421,1.1703780280219185,0.6544016511978222,quartic_dome,T+F+K,6042,learned_latent,,,,
1.0,0.7299999594688416,1.3884870973351884,0.6497538462132444,quartic_dome,T+F+K,6042,learned_latent,3.8789470047497607,0.171344980597496,,
2.0,0.5049999952316284,,,quartic_dome,T+F+K,6042,learned_latent,4.146173630814093,0.1335545182228088,,
3.0,0.3299999833106994,,,quartic_dome,T+F+K,6042,learned_latent,5.616028581852511,0.1467843651771545,,
4.0,0.2049999982118606,,,quartic_dome,T+F+K,6042,learned_latent,0.8575327122484586,0.1133496314287185,,
5.0,0.1349999904632568,,,quartic_dome,T+F+K,6042,learned_latent,1.0164224993054396,0.0736932680010795,,
0.1,0.98499995470047,0.6646717671815514,1.277360214544068,quartic_dome,T+F+K,6042,end_to_end,,,0.1439925730228424,0.0870239585638046
0.2,0.9399999976158142,1.1381415509163064,1.117848492621886,quartic_dome,T+F+K,6042,end_to_end,,,0.1252068430185318,0.082172691822052
0.5,0.7749999761581421,1.8939929592993952,1.0590015279228755,quartic_dome,T+F+K,6042,end_to_end,,,0.1097544804215431,0.0508646927773952
1.0,0.5550000071525574,2.3227912971565314,1.0869691062845852,quartic_dome,T+F+K,6042,end_to_end,3.8713754520747967,0.2049420624971389,0.3744659125804901,0.1099461987614631
2.0,0.2750000059604645,,,quartic_dome,T+F+K,6042,end_to_end,4.144527654115638,0.2111891210079193,,
3.0,0.1749999970197677,,,quartic_dome,T+F+K,6042,end_to_end,5.608028381472247,0.2058144658803939,,
4.0,0.0949999988079071,,,quartic_dome,T+F+K,6042,end_to_end,1.018031303686264,0.2976824045181274,,
5.0,0.0599999986588954,,,quartic_dome,T+F+K,6042,end_to_end,1.0255919480143825,0.0904204100370407,,
0.1,1.0,0.3281594085693359,0.5372963105068588,quartic_dome,baseline,7042,learned_latent,,,,
0.2,1.0,0.5751607894897461,0.5644749414232345,quartic_dome,baseline,7042,learned_latent,,,,
0.5,0.9300000071525574,1.150978006342406,0.6400333820167635,quartic_dome,baseline,7042,learned_latent,,,,
1.0,0.7799999713897705,1.2478344257061298,0.5941456409980991,quartic_dome,baseline,7042,learned_latent,3.315178815282347,0.1943319588899612,,
2.0,0.5349999666213989,,,quartic_dome,baseline,7042,learned_latent,2.12367222677129,0.2308153063058853,,
3.0,0.3299999833106994,,,quartic_dome,baseline,7042,learned_latent,3.669427456757676,0.1877404898405075,,
4.0,0.2249999940395355,,,quartic_dome,baseline,7042,learned_latent,2.378905302206574,0.2322528213262558,,
5.0,0.1400000005960464,,,quartic_dome,baseline,7042,learned_latent,1.0558843949246013,0.1435866504907608,,
0.1,1.0,0.7524217224121094,1.231942174566128,quartic_dome,baseline,7042,end_to_end,,,0.9628291726112366,0.9890468120574952
0.2,1.0,1.1034898376464843,1.0829882232049106,quartic_dome,baseline,7042,end_to_end,,,1.2667217254638672,0.9212558269500732
0.5,0.9300000071525574,1.8783382292716733,1.0445022952892848,quartic_dome,baseline,7042,end_to_end,,,1.423802137374878,1.372253656387329
1.0,0.7799999713897705,2.1112506573016825,1.005253861609345,quartic_dome,baseline,7042,end_to_end,3.3147053986967863,0.1845002174377441,1.3441596031188965,0.9225186109542848
2.0,0.5349999666213989,,,quartic_dome,baseline,7042,end_to_end,2.1232781622342523,0.2164691835641861,,
3.0,0.3299999833106994,,,quartic_dome,baseline,7042,end_to_end,3.6719533609131294,0.2110298722982406,,
4.0,0.2249999940395355,,,quartic_dome,baseline,7042,end_to_end,2.3905650369695124,0.2497409433126449,,
5.0,0.1400000005960464,,,quartic_dome,baseline,7042,end_to_end,1.104498129664139,0.2063044607639312,,
0.1,1.0,0.1975295257568359,0.3234156407948704,quartic_dome,T+F,7042,learned_latent,,,,
0.2,1.0,0.5011397552490234,0.4918291357100408,quartic_dome,T+F,7042,learned_latent,,,,
0.5,0.9300000071525574,1.081511958952873,0.601404851322813,quartic_dome,T+F,7042,learned_latent,,,,
1.0,0.7799999713897705,1.1933685693985376,0.568212191462058,quartic_dome,T+F,7042,learned_latent,3.3418938789014003,0.1696779131889343,,
2.0,0.5349999666213989,,,quartic_dome,T+F,7042,learned_latent,2.1729541394793794,0.2073246985673904,,
3.0,0.3299999833106994,,,quartic_dome,T+F,7042,learned_latent,3.6921667005242833,0.1640657633543014,,
4.0,0.2249999940395355,,,quartic_dome,T+F,7042,learned_latent,2.401644561318064,0.197521686553955,,
5.0,0.1400000005960464,,,quartic_dome,T+F,7042,learned_latent,1.1216792050831703,0.1278355419635772,,
0.1,0.9950000047683716,0.7169083638406878,1.1737960540044186,quartic_dome,T+F,7042,end_to_end,,,0.3521284759044647,0.0860029309988021
0.2,0.9749999642372132,1.0858892978766026,1.065714681897557,quartic_dome,T+F,7042,end_to_end,,,0.4369699656963348,0.0821265578269958
0.5,0.824999988079071,1.5434616551254734,0.8582848479289414,quartic_dome,T+F,7042,end_to_end,,,0.3005518019199371,0.0762801468372345
1.0,0.6200000047683716,1.9448063758111769,0.9260028469880076,quartic_dome,T+F,7042,end_to_end,3.3392008792937684,0.2129102200269699,0.2251691669225692,0.0687892138957977
2.0,0.3499999940395355,,,quartic_dome,T+F,7042,end_to_end,2.1362203085329607,0.2490928471088409,,
3.0,0.1599999964237213,,,quartic_dome,T+F,7042,end_to_end,3.689296804431412,0.1891795247793197,,
4.0,0.0850000008940696,,,quartic_dome,T+F,7042,end_to_end,2.4005189730394423,0.2580394446849823,,
5.0,0.0499999970197677,,,quartic_dome,T+F,7042,end_to_end,1.1654621513155894,0.1918926686048507,,
0.1,1.0,0.2002160835266113,0.3278143492882728,quartic_dome,T+F+K,7042,learned_latent,,,,
0.2,1.0,0.504831657409668,0.4954524464328023,quartic_dome,T+F+K,7042,learned_latent,,,,
0.5,0.9300000071525574,1.084896456810736,0.6032868956350934,quartic_dome,T+F+K,7042,learned_latent,,,,
1.0,0.7799999713897705,1.2061632596529448,0.5743042733007804,quartic_dome,T+F+K,7042,learned_latent,3.341522601937629,0.1715056151151657,,
2.0,0.5349999666213989,,,quartic_dome,T+F+K,7042,learned_latent,2.1695664270244337,0.205779418349266,,
3.0,0.3299999833106994,,,quartic_dome,T+F+K,7042,learned_latent,3.6835954564327578,0.1647118926048278,,
4.0,0.2249999940395355,,,quartic_dome,T+F+K,7042,learned_latent,2.39488115089558,0.1988402158021927,,
5.0,0.1400000005960464,,,quartic_dome,T+F+K,7042,learned_latent,1.1177848342392016,0.1273609399795532,,
0.1,0.98499995470047,0.7105774855250635,1.1634304893659324,quartic_dome,T+F+K,7042,end_to_end,,,0.1100502461194992,0.0314168035984039
0.2,0.9449999928474426,1.038677397228423,1.019379925878282,quartic_dome,T+F+K,7042,end_to_end,,,0.1471668928861618,0.0358795225620269
0.5,0.7849999666213989,1.7143916233330017,0.95333521816802,quartic_dome,T+F+K,7042,end_to_end,,,0.0825544372200965,0.0233943630009889
1.0,0.5949999690055847,1.9669925465303308,0.9365666015628707,quartic_dome,T+F+K,7042,end_to_end,3.305189648534604,0.230877012014389,0.0753915980458259,0.0319717638194561
2.0,0.3199999928474426,,,quartic_dome,T+F+K,7042,end_to_end,2.128025720206604,0.2533179819583893,,
3.0,0.1550000011920929,,,quartic_dome,T+F+K,7042,end_to_end,3.6938408578466966,0.2042565792798996,,
4.0,0.0749999955296516,,,quartic_dome,T+F+K,7042,end_to_end,2.268784431924412,0.2879855632781982,,
5.0,0.0399999991059303,,,quartic_dome,T+F+K,7042,end_to_end,1.159013595003323,0.1642073988914489,,
0.1,0.9950000047683716,0.43398756477701,0.5650690653261619,quartic_dome,baseline,8042,learned_latent,,,,
0.2,0.9950000047683716,0.6643438291310066,0.5903536162154259,quartic_dome,baseline,8042,learned_latent,,,,
0.5,0.9199999570846558,0.9432738760243292,0.5878541403451488,quartic_dome,baseline,8042,learned_latent,,,,
1.0,0.7249999642372131,1.1650742103313578,0.5660046688932971,quartic_dome,baseline,8042,learned_latent,3.246965489615015,0.1745924651622772,,
2.0,0.4449999928474426,,,quartic_dome,baseline,8042,learned_latent,4.528251927665809,0.2003048509359359,,
3.0,0.3199999928474426,,,quartic_dome,baseline,8042,learned_latent,4.955617244346507,0.1766444742679596,,
4.0,0.2049999982118606,,,quartic_dome,baseline,8042,learned_latent,3.3588415350335272,0.1758273541927337,,
5.0,0.1499999910593032,,,quartic_dome,baseline,8042,learned_latent,4.268873855270383,0.2642488181591034,,
0.1,0.9799999594688416,0.9849747638313138,1.2824763065596056,quartic_dome,baseline,8042,end_to_end,,,0.9292057752609252,0.3889105319976806
0.2,0.949999988079071,1.3584887052837171,1.2071892363342849,quartic_dome,baseline,8042,end_to_end,,,1.2050853967666626,0.3712342381477356
0.5,0.8149999976158142,1.8132653733703987,1.1300382469754608,quartic_dome,baseline,8042,end_to_end,,,1.0176916122436523,0.2941432595252991
1.0,0.5849999785423279,2.121112008380075,1.0304573642972583,quartic_dome,baseline,8042,end_to_end,3.251721271993941,0.1713547259569168,0.9777624607086182,0.3396463394165039
2.0,0.3199999928474426,,,quartic_dome,baseline,8042,end_to_end,4.516696187319599,0.2230328470468521,,
3.0,0.2149999886751175,,,quartic_dome,baseline,8042,end_to_end,4.971052953674802,0.2068590223789215,,
4.0,0.125,,,quartic_dome,baseline,8042,end_to_end,3.369465598265044,0.1819376796483993,,
5.0,0.0949999988079071,,,quartic_dome,baseline,8042,end_to_end,4.272666106110153,0.2451760321855545,,
0.1,0.9950000047683716,0.4287931355998743,0.558305711999356,quartic_dome,T+F,8042,learned_latent,,,,
0.2,0.9950000047683716,0.6969135226915829,0.619295913154746,quartic_dome,T+F,8042,learned_latent,,,,
0.5,0.9199999570846558,0.9983880416206692,0.6222016307834837,quartic_dome,T+F,8042,learned_latent,,,,
1.0,0.7249999642372131,1.2166362893992455,0.5910540410547234,quartic_dome,T+F,8042,learned_latent,3.243428481640372,0.1647267341613769,,
2.0,0.4449999928474426,,,quartic_dome,T+F,8042,learned_latent,4.521325917519631,0.1805663853883743,,
3.0,0.3199999928474426,,,quartic_dome,T+F,8042,learned_latent,4.94417866080899,0.1661860793828964,,
4.0,0.2049999982118606,,,quartic_dome,T+F,8042,learned_latent,3.3461033510828413,0.1554077416658401,,
5.0,0.1499999910593032,,,quartic_dome,T+F,8042,learned_latent,4.271685117898017,0.2449011653661728,,
0.1,0.9950000047683716,0.9628064332894944,1.253612258748596,quartic_dome,T+F,8042,end_to_end,,,0.7513275742530823,0.2203287482261657
0.2,0.98499995470047,1.3281959494963516,1.1802702869288324,quartic_dome,T+F,8042,end_to_end,,,1.2487863302230835,0.2017485499382019
0.5,0.8399999737739563,1.7268033708844863,1.0761545898152525,quartic_dome,T+F,8042,end_to_end,,,0.4836885333061218,0.1394699811935424
1.0,0.6349999904632568,2.0715399314099407,1.0063747549981874,quartic_dome,T+F,8042,end_to_end,3.2407308078804267,0.1645417213439941,0.7696059942245483,0.180160641670227
2.0,0.3299999833106994,,,quartic_dome,T+F,8042,end_to_end,4.515550014819935,0.2052628993988037,,
3.0,0.1949999928474426,,,quartic_dome,T+F,8042,end_to_end,4.964992583507921,0.2192845046520233,,
4.0,0.1049999967217445,,,quartic_dome,T+F,8042,end_to_end,3.3702561308038246,0.1919075697660446,,
5.0,0.0599999986588954,,,quartic_dome,T+F,8042,end_to_end,4.263768490223894,0.2282611727714538,,
0.1,0.9950000047683716,0.4115589467724364,0.5358661128892321,quartic_dome,T+F+K,8042,learned_latent,,,,
0.2,0.9950000047683716,0.6783807649085271,0.602827211112337,quartic_dome,T+F+K,8042,learned_latent,,,,
0.5,0.9199999570846558,0.9923395903214164,0.6184321983531827,quartic_dome,T+F+K,8042,learned_latent,,,,
1.0,0.7249999642372131,1.2071259597252155,0.5864338280670162,quartic_dome,T+F+K,8042,learned_latent,3.235854128886159,0.1454865038394928,,
2.0,0.4449999928474426,,,quartic_dome,T+F+K,8042,learned_latent,4.513623134291137,0.1597303003072738,,
3.0,0.3199999928474426,,,quartic_dome,T+F+K,8042,learned_latent,4.936277626211267,0.1475154906511306,,
4.0,0.2049999982118606,,,quartic_dome,T+F+K,8042,learned_latent,3.3480466928229653,0.1500581353902816,,
5.0,0.1499999910593032,,,quartic_dome,T+F+K,8042,learned_latent,4.268566000958405,0.2297766655683517,,
0.1,0.9950000047683716,0.9594430587998588,1.2492330114303536,quartic_dome,T+F+K,8042,end_to_end,,,0.3889657855033874,0.1268846988677978
0.2,0.9649999737739564,1.287267576227534,1.14390024463211,quartic_dome,T+F+K,8042,end_to_end,,,0.3560965061187744,0.1424315869808197
0.5,0.7849999666213989,1.5388796861004677,0.95903938183895,quartic_dome,T+F+K,8042,end_to_end,,,0.2951415777206421,0.0777638554573059
1.0,0.5849999785423279,2.0749456943609776,1.0080293086002987,quartic_dome,T+F+K,8042,end_to_end,3.2368512741743505,0.1907999217510223,0.4101540148258209,0.126527264714241
2.0,0.2699999809265136,,,quartic_dome,T+F+K,8042,end_to_end,4.506982053620307,0.2182297557592392,,
3.0,0.1499999910593032,,,quartic_dome,T+F+K,8042,end_to_end,4.955156081764231,0.2162099331617355,,
4.0,0.0749999955296516,,,quartic_dome,T+F+K,8042,end_to_end,3.379855253977156,0.2506307661533355,,
5.0,0.044999998062849,,,quartic_dome,T+F+K,8042,end_to_end,4.258458160773828,0.2313945740461349,,
0.1,1.0,0.5415671157836914,0.654806366327496,quartic_dome,baseline,9042,learned_latent,,,,
0.2,0.9749999642372132,0.4469654572315705,0.5171344050507397,quartic_dome,baseline,9042,learned_latent,,,,
0.5,0.8799999952316284,0.9432832544500176,0.5732987342636771,quartic_dome,baseline,9042,learned_latent,,,,
1.0,0.7400000095367432,1.653864267710093,0.6536014571867785,quartic_dome,baseline,9042,learned_latent,4.996885338424865,0.1662301868200302,,
2.0,0.4549999833106994,,,quartic_dome,baseline,9042,learned_latent,2.2055904869176364,0.1926722824573516,,
3.0,0.3449999988079071,,,quartic_dome,baseline,9042,learned_latent,1.8153986172920216,0.154712364077568,,
4.0,0.2249999940395355,,,quartic_dome,baseline,9042,learned_latent,4.940626024703812,0.2309810370206833,,
5.0,0.1349999904632568,,,quartic_dome,baseline,9042,learned_latent,1.3895233474094866,0.1854289472103119,,
0.1,1.0,1.1904286193847655,1.4393418948704004,quartic_dome,baseline,9042,end_to_end,,,1.082488179206848,1.2120832204818726
0.2,0.9749999642372132,1.2879891420022036,1.4901900983279748,quartic_dome,baseline,9042,end_to_end,,,1.010902762413025,1.37977933883667
0.5,0.8499999642372131,2.0035504509420954,1.217696733340437,quartic_dome,baseline,9042,end_to_end,,,1.0178139209747314,1.3989875316619873
1.0,0.675000011920929,2.979560456452546,1.1775120208684842,quartic_dome,baseline,9042,end_to_end,4.986629442280361,0.1305784881114959,0.9095967411994934,1.4914937019348145
2.0,0.3549999892711639,,,quartic_dome,baseline,9042,end_to_end,2.203529186511844,0.1952865570783615,,
3.0,0.2549999952316284,,,quartic_dome,baseline,9042,end_to_end,1.8281994108688129,0.2027608007192611,,
4.0,0.1550000011920929,,,quartic_dome,baseline,9042,end_to_end,4.9346115997149775,0.2190040647983551,,
5.0,0.0850000008940696,,,quartic_dome,baseline,9042,end_to_end,1.4317335945958436,0.2603878378868103,,
0.1,1.0,0.481728630065918,0.5824559221121108,quartic_dome,T+F,9042,learned_latent,,,,
0.2,0.9749999642372132,0.4020740606845953,0.4651955241604669,quartic_dome,T+F,9042,learned_latent,,,,
0.5,0.8799999952316284,0.9049197977239436,0.5499825976957051,quartic_dome,T+F,9042,learned_latent,,,,
1.0,0.7400000095367432,1.672255026327597,0.6608694215934429,quartic_dome,T+F,9042,learned_latent,4.996640964555163,0.139649286866188,,
2.0,0.4549999833106994,,,quartic_dome,T+F,9042,learned_latent,2.197213521018239,0.1582716852426529,,
3.0,0.3449999988079071,,,quartic_dome,T+F,9042,learned_latent,1.8131053725061756,0.1152990162372589,,
4.0,0.2249999940395355,,,quartic_dome,T+F,9042,learned_latent,4.953889987554367,0.1896889358758926,,
5.0,0.1349999904632568,,,quartic_dome,T+F,9042,learned_latent,1.4142785404913427,0.1410160958766937,,
0.1,0.9950000047683716,1.181898567544755,1.4290282475178286,quartic_dome,T+F,9042,end_to_end,,,0.5644750595092773,0.0576200149953365
0.2,0.9449999928474426,1.2660971343832672,1.464861272235896,quartic_dome,T+F,9042,end_to_end,,,0.3406028151512146,0.0755570828914642
0.5,0.7699999809265137,2.0847520704393263,1.2670485960585618,quartic_dome,T+F,9042,end_to_end,,,0.2221695482730865,0.052837710827589
1.0,0.5649999976158142,2.4779992567754423,0.9792967638019544,quartic_dome,T+F,9042,end_to_end,4.967522274315718,0.1730028837919235,0.6671186685562134,0.0779186338186264
2.0,0.2599999904632568,,,quartic_dome,T+F,9042,end_to_end,2.2233744924213306,0.2199927866458892,,
3.0,0.1799999922513961,,,quartic_dome,T+F,9042,end_to_end,1.8124820670019797,0.1590481996536255,,
4.0,0.0850000008940696,,,quartic_dome,T+F,9042,end_to_end,4.968168572485575,0.2605361342430115,,
5.0,0.044999998062849,,,quartic_dome,T+F,9042,end_to_end,1.526415967938658,0.3066309094429016,,
0.1,1.0,0.4800965881347656,0.5804826275462369,quartic_dome,T+F+K,9042,learned_latent,,,,
0.2,0.9749999642372132,0.3993364774263822,0.462028168682302,quartic_dome,T+F+K,9042,learned_latent,,,,
0.5,0.8799999952316284,0.9138639623468572,0.5554185876098398,quartic_dome,T+F+K,9042,learned_latent,,,,
1.0,0.7400000095367432,1.6684510514542863,0.6593661038370588,quartic_dome,T+F+K,9042,learned_latent,5.008964123210749,0.1682403534650802,,
2.0,0.4549999833106994,,,quartic_dome,T+F+K,9042,learned_latent,2.214096851161977,0.1818069219589233,,
3.0,0.3449999988079071,,,quartic_dome,T+F+K,9042,learned_latent,1.821727100206528,0.1433315426111221,,
4.0,0.2249999940395355,,,quartic_dome,T+F+K,9042,learned_latent,4.968541465037997,0.2108739018440246,,
5.0,0.1349999904632568,,,quartic_dome,T+F+K,9042,learned_latent,1.4193758194655373,0.1553394496440887,,
0.1,0.98499995470047,1.203620407181948,1.4552920262227012,quartic_dome,T+F+K,9042,end_to_end,,,0.1911971271038055,0.0648509934544563
0.2,0.9149999618530272,1.2401941851839993,1.4348918282744068,quartic_dome,T+F+K,9042,end_to_end,,,0.1703542470932006,0.058119922876358
0.5,0.7400000095367432,2.0524256938212626,1.2474016122803198,quartic_dome,T+F+K,9042,end_to_end,,,0.1716048568487167,0.0504481419920921
1.0,0.5199999809265137,2.0206375122070312,0.7985489790243704,quartic_dome,T+F+K,9042,end_to_end,4.990041449337836,0.189372569322586,0.2191429883241653,0.0514841601252555
2.0,0.2249999940395355,,,quartic_dome,T+F+K,9042,end_to_end,2.2246852643805224,0.2387268394231796,,
3.0,0.1499999910593032,,,quartic_dome,T+F+K,9042,end_to_end,1.8331528535853563,0.1727549880743026,,
4.0,0.0799999982118606,,,quartic_dome,T+F+K,9042,end_to_end,4.975044773519267,0.2514646053314209,,
5.0,0.044999998062849,,,quartic_dome,T+F+K,9042,end_to_end,1.52155045636902,0.2744815945625305,,
