surface,D,N,seed,ae_condition,drift_method,E_mu,E_Sigma,rcMTE@0.1,rcMTE@0.5,rcMTE@1.0,MTE@0.1,MTE@0.5,MTE@1.0,W2@1.0,sW2@0.1,sW2@0.2,sW2@0.5,sW2@1.0,MMD@1.0,survival@1.0,stopped@1.0
paraboloid,11,20,42,baseline,enc-pull,1.9106613397598267,3.16347599029541,0.4958387315273285,0.7057116031646729,0.8312171101570129,0.9662123512319042,1.2980087395001174,1.3915357317243304,0.8497288206226168,0.3760446774169399,0.40064224534862614,0.4931770848642631,0.7124176865389739,0.23890429735183716,0.2800000011920929,0.04200000315904617
paraboloid,11,20,42,baseline,dec-side,1.9106613397598267,3.16347599029541,0.5609278082847595,0.961972713470459,1.1612844467163086,1.037628377731765,1.7264678496167176,2.064610508510045,1.264599374112904,0.5796248226905166,0.7822399824352962,1.0110687128158427,1.4762998882265495,0.2673858106136322,0.2800000011920929,0.04200000315904617
paraboloid,11,20,42,T+F,enc-pull,0.8797991871833801,0.7425588369369507,0.1891855001449585,0.3872741758823395,0.5663997530937195,0.44709193308263157,0.7238435673534422,0.8698485783168248,0.6448789852463797,0.2710316157960639,0.30039556318963323,0.5664826114846102,0.7156108598587256,0.26586005091667175,0.2800000011920929,0.04200000315904617
paraboloid,11,20,42,T+F,dec-side,0.8797991871833801,0.7425588369369507,0.18925662338733673,0.4259757399559021,0.7851270437240601,0.4555119979620511,0.9584604134236959,1.4011156354631698,1.2441151173404932,0.2836222117787234,0.34051417546580137,0.7045507040450142,1.1039484061957938,0.42084959149360657,0.2800000011920929,0.04200000315904617
paraboloid,11,20,1042,baseline,enc-pull,4.32138729095459,4.855674743652344,0.5039501786231995,0.635352611541748,0.6536939740180969,0.8923939320451698,1.2856558760745818,1.2848631583604238,1.0190192724357041,0.34995559527817954,0.39574724243888015,0.486724460653404,0.5648880568909346,0.3570738434791565,0.2980000078678131,0.06200000271201134
paraboloid,11,20,1042,baseline,dec-side,4.32138729095459,4.855674743652344,0.5559919476509094,0.912945032119751,0.8516049385070801,0.9581464669752228,1.7379620066362687,1.9618255820050337,1.3379659290749097,0.5191463437965843,0.7494687091128122,1.0713044645319891,1.190297011135728,0.23606088757514954,0.2980000078678131,0.06200000271201134
paraboloid,11,20,1042,T+F,enc-pull,0.3883237838745117,0.5206108093261719,0.5538145303726196,0.8895233869552612,0.9777686595916748,0.9287680305192093,1.5610140548762779,1.6282856576394715,0.7026574949511025,0.48727258263262596,0.7012880518574547,0.8764957691639739,0.8892118742318244,0.19430987536907196,0.2980000078678131,0.06200000271201134
paraboloid,11,20,1042,T+F,dec-side,0.3883237838745117,0.5206108093261719,0.572573184967041,1.068724274635315,1.251105785369873,0.9604808238142052,1.8963383671076324,2.2844533216233223,1.6513748510632096,0.5780745403323134,0.9023248155493606,1.3873706492569433,1.609988733236726,0.36532068252563477,0.2980000078678131,0.06200000271201134
paraboloid,11,20,2042,baseline,enc-pull,1.8714717626571655,2.375119686126709,0.7256484031677246,1.161817193031311,0.9490317106246948,1.2564789621453536,1.7566313970656622,1.617064282410127,0.657382052184822,0.5581136489563052,0.639896964409052,0.7380216930326722,0.39463827991625816,0.14336024224758148,0.26600000262260437,0.04800000041723251
paraboloid,11,20,2042,baseline,dec-side,1.8714717626571655,2.375119686126709,0.8037003874778748,1.6508033275604248,1.9103634357452393,1.3914216694078947,2.530247279575893,2.7770619786771618,2.046719524874441,0.9337906158216559,1.3370966898891767,2.0578001373629573,2.705977348031002,0.38582390546798706,0.26600000262260437,0.04800000041723251
paraboloid,11,20,2042,T+F,enc-pull,0.18222998082637787,0.13639113306999207,0.7861353754997253,1.4324603080749512,1.3202756643295288,1.34008106432463,2.2178795224144343,2.064650686163651,1.2474186191356627,0.840920589692106,1.1731966318996017,1.6099766665483757,1.5414375659038446,0.31745848059654236,0.26600000262260437,0.04800000041723251
paraboloid,11,20,2042,T+F,dec-side,0.18222998082637787,0.13639113306999207,0.8219936490058899,1.6406053304672241,1.7426927089691162,1.4036000569661458,2.6185961526537698,2.732371853706532,2.144059652726561,0.9763194040033664,1.442548708008696,2.239616576735038,2.6943983932838753,0.4405529797077179,0.26600000262260437,0.04800000041723251
paraboloid,11,20,3042,baseline,enc-pull,1.7477253675460815,1.920710802078247,0.42594459652900696,0.6761944890022278,0.6753121018409729,0.8549561088206763,1.1659067637884795,1.2580348744111902,0.7255438876325365,0.3750053330244527,0.4457609115673466,0.6097992518081398,0.7583367679504194,0.21127517521381378,0.2720000147819519,0.05000000074505806
paraboloid,11,20,3042,baseline,dec-side,1.7477253675460815,1.920710802078247,0.4769507944583893,1.007226586341858,1.6152220964431763,0.894796637896688,1.5733308934453707,2.3781893113080192,1.7816297132065255,0.5644229871510515,0.7091839705709244,1.263140674888202,2.2105064958685325,0.35357698798179626,0.2720000147819519,0.05000000074505806
paraboloid,11,20,3042,T+F,enc-pull,0.1530991643667221,0.14784970879554749,0.4352605640888214,0.6820365786552429,0.8868323564529419,0.827651470040535,1.272049975039354,1.4965880898868336,1.1175988860795778,0.4988671098075896,0.5827252502016605,1.0212625194446998,1.569653789470413,0.3038537800312042,0.2720000147819519,0.05000000074505806
paraboloid,11,20,3042,T+F,dec-side,0.1530991643667221,0.14784970879554749,0.4549369812011719,0.8354126214981079,1.2681182622909546,0.8526333218931887,1.533521282139109,2.2321932175580192,2.0624651438441766,0.59223631330298,0.7465925363550454,1.481338756602916,2.6812381637418694,0.4283972978591919,0.2720000147819519,0.05000000074505806
paraboloid,11,20,4042,baseline,enc-pull,1.9254050254821777,4.306129455566406,0.5883362889289856,0.8201001286506653,0.79703688621521,1.0065319532944685,1.3260916507605351,1.2350846960189494,0.5341039692437247,0.3434452083742242,0.47370668848957725,0.5666495676854277,0.7445063335656559,0.1389514058828354,0.28200000524520874,0.06000000238418579
paraboloid,11,20,4042,baseline,dec-side,1.9254050254821777,4.306129455566406,0.6508468389511108,1.1823318004608154,1.485175609588623,1.0838979857604054,1.8673595081676135,2.5205409273188164,2.00176164768159,0.5767059402985142,0.8459339625445039,1.3562615096032218,1.8866515996025812,0.3854370415210724,0.28200000524520874,0.06000000238418579
paraboloid,11,20,4042,T+F,enc-pull,0.428625226020813,0.6807268857955933,0.48618650436401367,0.8668581247329712,1.3450677394866943,0.8256890882380356,1.5167795817057292,1.870244452293883,1.57540628794824,0.42511962060212616,0.5991541066002533,1.1101845108353228,2.1226276001244586,0.32555636763572693,0.28200000524520874,0.06000000238418579
paraboloid,11,20,4042,T+F,dec-side,0.428625226020813,0.6807268857955933,0.4955182373523712,0.9418944120407104,1.580054759979248,0.8277777218766947,1.6564069805723247,2.286844456449468,2.0799744419088113,0.4797997482002184,0.7253298862293984,1.3756646232571361,2.810384994980654,0.4317041337490082,0.28200000524520874,0.06000000238418579
paraboloid,11,20,5042,baseline,enc-pull,1.9575324058532715,2.394033432006836,0.7175261378288269,1.0519744157791138,0.9134442806243896,1.2127352871737638,1.6638548453355628,1.4843341916106467,0.5549171214878371,0.40649156634232725,0.47084361351609477,0.4281087516142674,0.8027818363848815,0.1243603527545929,0.2580000162124634,0.06599999964237213
paraboloid,11,20,5042,baseline,dec-side,1.9575324058532715,2.394033432006836,0.8208548426628113,1.5970537662506104,1.8965545892715454,1.352810300051511,2.4486232630880997,3.081228803294574,2.51618063326054,0.8081434410613141,1.2041770421200433,1.8754891304482595,2.5636364072695765,0.4738834500312805,0.2580000162124634,0.06599999964237213
paraboloid,11,20,5042,T+F,enc-pull,0.3291064500808716,0.4415217936038971,0.7674116492271423,1.1974223852157593,1.071893572807312,1.279679451407967,1.888946533203125,1.720783795497214,0.7244932880795909,0.6417356170592102,0.8086874759593257,0.8452816922761787,0.9344597098115351,0.2570393979549408,0.2580000162124634,0.06599999964237213
paraboloid,11,20,5042,T+F,dec-side,0.3291064500808716,0.4415217936038971,0.8258923888206482,1.5240176916122437,1.690575122833252,1.3729092440762363,2.397338641965521,2.7808946712996607,2.185714409767649,0.886184389150656,1.2807475656014577,1.790952098815413,2.220854948848333,0.47596651315689087,0.2580000162124634,0.06599999964237213
paraboloid,11,20,6042,baseline,enc-pull,2.872457504272461,9.499979019165039,0.47915834188461304,0.648779034614563,0.7073491811752319,0.8358778764497866,1.2615983617587352,1.2710371578440947,1.0047643359739251,0.45157950824093923,0.5016002407953374,0.6446537991044753,0.8605508816637758,0.3333425223827362,0.2720000147819519,0.06000000238418579
paraboloid,11,20,6042,baseline,dec-side,2.872457504272461,9.499979019165039,0.48636525869369507,0.8834957480430603,1.3832802772521973,0.8430745801211453,1.6824750524806225,2.1367012472713696,1.7196877616585027,0.43218929936689787,0.5952542772709101,0.9263553448021138,1.6649537638334053,0.3615266978740692,0.2720000147819519,0.06000000238418579
paraboloid,11,20,6042,T+F,enc-pull,0.36363741755485535,0.28856828808784485,0.38666069507598877,0.5329560041427612,0.5033663511276245,0.6753293344102768,1.0825238565760336,1.0579430075252758,0.7812013745602635,0.32053747914562264,0.3837621077940791,0.461176040289307,0.6757194329067371,0.229270800948143,0.2720000147819519,0.06000000238418579
paraboloid,11,20,6042,T+F,dec-side,0.36363741755485535,0.28856828808784485,0.3950174152851105,0.6012765765190125,0.5962759852409363,0.6791029606621696,1.2151950625922736,1.294882381663603,0.8473698268354883,0.32319271656097676,0.4164628920209154,0.5258844097198457,0.7998219570085611,0.32417574524879456,0.2720000147819519,0.06000000238418579
paraboloid,11,20,7042,baseline,enc-pull,1.5090962648391724,2.671581506729126,0.49989861249923706,0.7584771513938904,0.9253610372543335,0.8818797645064702,1.3249956627031823,1.4288530349731445,0.731906067806573,0.4538464632513366,0.47742397529361735,0.5045018269464377,0.7786918601310113,0.15253299474716187,0.2880000174045563,0.058000002056360245
paraboloid,11,20,7042,baseline,dec-side,1.5090962648391724,2.671581506729126,0.573740541934967,1.2465773820877075,1.4150785207748413,0.9622632669457255,1.8607478438716232,2.302674823337131,1.7242331261806823,0.7482900847270619,1.1337273780430346,1.4816901714991886,1.4911495826947856,0.384206622838974,0.2880000174045563,0.058000002056360245
paraboloid,11,20,7042,T+F,enc-pull,0.19077707827091217,0.3101459741592407,0.5286166071891785,0.9368729591369629,1.0534089803695679,0.9175173721649573,1.5666473724029877,1.701647440592448,0.7345955711339972,0.6578953363680633,0.9027119176008764,0.9295665964385605,0.9334129551409892,0.2721855938434601,0.2880000174045563,0.058000002056360245
paraboloid,11,20,7042,T+F,dec-side,0.19077707827091217,0.3101459741592407,0.5450701117515564,1.0242005586624146,1.2246369123458862,0.9422224943858412,1.749105488424336,2.107113520304362,1.4019041922125255,0.7218507070204399,1.0645923028725688,1.2802290063267185,1.369084272379436,0.4028647243976593,0.2880000174045563,0.058000002056360245
paraboloid,11,20,8042,baseline,enc-pull,3.4692678451538086,12.6826171875,0.5172566175460815,0.7329108715057373,0.7197895646095276,0.8950140816824776,1.2139032767521396,1.37697595666956,0.748993785539617,0.4746363515725765,0.443865776041863,0.49113093899062077,0.761524726853157,0.12720921635627747,0.27000001072883606,0.058000002056360245
paraboloid,11,20,8042,baseline,dec-side,3.4692678451538086,12.6826171875,0.5553770065307617,1.22959303855896,1.5829057693481445,0.9342290333339146,1.8687929018899119,2.6994373462818286,1.9508519757253806,0.5898588376724162,0.6789671416607218,1.2171817256366821,1.8181200010137106,0.36443352699279785,0.27000001072883606,0.058000002056360245
paraboloid,11,20,8042,T+F,enc-pull,0.2904908061027527,0.4359336197376251,0.4067133963108063,0.7140824794769287,0.841494083404541,0.7614684786115374,1.2038186734148082,1.29860918963397,0.7147951379400969,0.43317666644477165,0.5306180135351615,0.883376716860893,1.237782283504112,0.14564087986946106,0.27000001072883606,0.058000002056360245
paraboloid,11,20,8042,T+F,dec-side,0.2904908061027527,0.4359336197376251,0.42858508229255676,0.8577854633331299,1.1667943000793457,0.7717855317252023,1.393081601724585,1.5354801884403935,1.0007950061976885,0.5415757462433923,0.6819828960786404,1.3159832009840358,2.008849373369733,0.2536022961139679,0.27000001072883606,0.058000002056360245
paraboloid,11,20,9042,baseline,enc-pull,1.985765814781189,4.43735408782959,0.4873062074184418,0.6581647396087646,0.4520481526851654,0.9565539927209527,1.2028199462890625,1.190624696988586,0.798641573920638,0.5730981038083832,0.6599113262158754,0.7617768568427464,0.5220163325279524,0.22222456336021423,0.28200000524520874,0.04400000348687172
paraboloid,11,20,9042,baseline,dec-side,1.985765814781189,4.43735408782959,0.5232335925102234,0.9501310586929321,1.0293235778808594,0.9886041044663753,1.63719287109375,2.0874806938441934,1.7210442302303601,0.7366448945738002,1.116407334306125,1.667358155088569,1.7400488753128656,0.332358181476593,0.28200000524520874,0.04400000348687172
paraboloid,11,20,9042,T+F,enc-pull,0.2835192084312439,0.32300254702568054,0.1954777091741562,0.3388562798500061,0.46049249172210693,0.43892189059488573,0.7891504516601563,1.0272634519752881,0.7398447680289734,0.32547410153595896,0.2860276458523979,0.46344258908779223,0.7218564005215471,0.24305863678455353,0.28200000524520874,0.04400000348687172
paraboloid,11,20,9042,T+F,dec-side,0.2835192084312439,0.32300254702568054,0.19806328415870667,0.37791380286216736,0.5828093886375427,0.4435156263443867,0.89198388671875,1.5192400343874668,1.651874952162815,0.4519421538559069,0.49822704761474956,0.7444329718638044,1.0356157307108753,0.39137911796569824,0.28200000524520874,0.04400000348687172
hyperbolic_paraboloid,11,20,42,baseline,enc-pull,1.494085669517517,1.8199681043624878,0.40723198652267456,0.6330641508102417,0.8235964179039001,0.8304255088347369,1.189305699857554,1.1757646833147322,0.8451720984148497,0.3066730467149648,0.34615430832640104,0.5567713158543935,0.9537311951974263,0.21696177124977112,0.2800000011920929,0.04200000315904617
hyperbolic_paraboloid,11,20,42,baseline,dec-side,1.494085669517517,1.8199681043624878,0.46125081181526184,0.9291983842849731,1.6063650846481323,0.8936493667568555,1.8356460915472275,2.2775057111467634,1.6901550276359198,0.43746666212026847,0.626616705652961,1.1274764986091748,2.1215739226459345,0.34629470109939575,0.2800000011920929,0.04200000315904617
hyperbolic_paraboloid,11,20,42,T+F,enc-pull,0.13197475671768188,0.2031017243862152,0.5034146904945374,0.8581476807594299,0.8207197785377502,0.9032804833223135,1.7036818884369125,1.8998369489397322,1.2176458618170725,0.4289040831071296,0.5365304315510225,0.7224714296332714,0.6272160072752975,0.27970120310783386,0.2800000011920929,0.04200000315904617
hyperbolic_paraboloid,11,20,42,T+F,dec-side,0.13197475671768188,0.2031017243862152,0.5216734409332275,0.9427900314331055,1.0260595083236694,0.9366007849474527,1.8456838507401316,2.225701904296875,1.4767705948049583,0.472338353289659,0.6362561385364285,1.0025499292513822,1.2946056442048912,0.35364189743995667,0.2800000011920929,0.04200000315904617
hyperbolic_paraboloid,11,20,1042,baseline,enc-pull,1.5255017280578613,2.434732437133789,0.1555088460445404,0.25702181458473206,0.2828187644481659,0.37648163181636274,0.6283789992775616,0.6840285742842911,0.5046379897492015,0.21095644622249168,0.23479915087165323,0.2697643838944971,0.41561164288611896,0.07054777443408966,0.2980000078678131,0.06200000271201134
hyperbolic_paraboloid,11,20,1042,baseline,dec-side,1.5255017280578613,2.434732437133789,0.15010470151901245,0.35907432436943054,0.564339280128479,0.35478839152108854,0.7432266859316915,1.071786662876206,0.8382757924290438,0.22524609668670748,0.30992439856176107,0.5183768635868459,0.8779797555309353,0.26424679160118103,0.2980000078678131,0.06200000271201134
hyperbolic_paraboloid,11,20,1042,T+F,enc-pull,0.1331120878458023,0.141511470079422,0.5299924612045288,0.8201658129692078,0.9424551129341125,0.9247030755193834,1.518790092610072,1.6153325842530935,0.6480260391657744,0.45529682978132346,0.6203874285111066,0.6363304829479411,0.7824586686234061,0.1824885457754135,0.2980000078678131,0.06200000271201134
hyperbolic_paraboloid,11,20,1042,T+F,dec-side,0.1331120878458023,0.141511470079422,0.5460659861564636,0.9197216033935547,1.1199122667312622,0.956146716009535,1.7487870113557156,1.951261994022651,1.1439163580317315,0.5162803893618196,0.7582709562550879,0.9287541459904929,1.1827588584213855,0.27688172459602356,0.2980000078678131,0.06200000271201134
hyperbolic_paraboloid,11,20,2042,baseline,enc-pull,1.074222207069397,2.6294164657592773,0.7218959927558899,1.1676853895187378,0.9294899702072144,1.2355835228635554,1.7469925653366816,1.5962738954931273,0.5642513213428128,0.46242503436668586,0.5809485456332317,0.7083395517385681,0.4063590282464571,0.14000268280506134,0.26600000262260437,0.04800000041723251
hyperbolic_paraboloid,11,20,2042,baseline,dec-side,1.074222207069397,2.6294164657592773,0.7862901091575623,1.5608813762664795,1.6729629039764404,1.3121145148026316,2.267215304904514,2.3550993266858553,1.5483041930067347,0.6547278549826204,0.945580435440375,1.4575634439288678,1.9620769389450605,0.3520776927471161,0.26600000262260437,0.04800000041723251
hyperbolic_paraboloid,11,20,2042,T+F,enc-pull,0.08598167449235916,0.21860787272453308,0.5306459665298462,1.0091861486434937,0.8614742755889893,0.8656601487544545,1.5425054156591023,1.7623143016843867,0.9618110268145517,0.422561911569268,0.6791415968514507,0.9459590846523176,0.8889496086329586,0.26355159282684326,0.26600000262260437,0.04800000041723251
hyperbolic_paraboloid,11,20,2042,T+F,dec-side,0.08598167449235916,0.21860787272453308,0.5381975769996643,1.1046082973480225,1.032036542892456,0.8741302490234375,1.6739836193266369,2.093001516241776,1.3126984322304178,0.45759347816491275,0.7619765352528993,1.15016087267441,1.3279543168587886,0.32850387692451477,0.26600000262260437,0.04800000041723251
hyperbolic_paraboloid,11,20,3042,baseline,enc-pull,0.4575566053390503,0.6648420095443726,0.5190836787223816,0.7093200087547302,0.5685489773750305,0.9005041693372366,1.3001951530798157,1.2594157948213465,0.6869486724786594,0.30598519365026083,0.4727009344297827,0.4399883260767744,0.5276462122691306,0.19219589233398438,0.2720000147819519,0.05000000074505806
hyperbolic_paraboloid,11,20,3042,baseline,dec-side,0.4575566053390503,0.6648420095443726,0.5623918175697327,1.0121302604675293,1.2662734985351562,0.9516261876818874,1.7800730235541045,2.299539902630974,1.6476008751737903,0.4345262332806359,0.7082396074564651,0.9629723104587918,1.6215363547701633,0.29182517528533936,0.2720000147819519,0.05000000074505806
hyperbolic_paraboloid,11,20,3042,T+F,enc-pull,0.15401434898376465,0.1299235224723816,0.5409782528877258,0.9464636445045471,0.7973088026046753,0.9681614370409507,1.6191344759357509,1.8812994115492876,1.2170090528631814,0.4709710096840876,0.5592198565622687,0.9143199102582715,1.2490584928530852,0.2514728903770447,0.2720000147819519,0.05000000074505806
hyperbolic_paraboloid,11,20,3042,T+F,dec-side,0.15401434898376465,0.1299235224723816,0.5507084727287292,1.028667688369751,1.0993707180023193,0.9888006578263581,1.7753020329261893,2.2476916593663834,1.6686903184604842,0.5182335190861077,0.6324924746197027,1.1492544017224093,1.6752610394629726,0.2958480715751648,0.2720000147819519,0.05000000074505806
hyperbolic_paraboloid,11,20,4042,baseline,enc-pull,1.2871187925338745,2.2172608375549316,0.5206636786460876,0.6624557971954346,0.7453179955482483,0.9200597667900963,1.2143740798487808,1.051355023756095,0.46647843142772194,0.3097020864186863,0.4064117401693516,0.3386130273559366,0.6814594949937663,0.1493414342403412,0.28200000524520874,0.06000000238418579
hyperbolic_paraboloid,11,20,4042,baseline,dec-side,1.2871187925338745,2.2172608375549316,0.561890721321106,0.9498832821846008,1.3017194271087646,0.981693822235968,1.628738056529652,2.001734956781915,1.5280756793162527,0.4542936969571759,0.7446259279101659,1.0385667680421247,1.8146722995863094,0.32175418734550476,0.28200000524520874,0.06000000238418579
hyperbolic_paraboloid,11,20,4042,T+F,enc-pull,0.13775381445884705,0.15153905749320984,0.7531172633171082,1.2291691303253174,1.492537021636963,1.266357554272302,1.928454774798769,2.0695623303136084,1.2479787944787566,0.5034695839289829,0.7991206790708257,0.9765950796639215,1.8596856036801808,0.2524394989013672,0.28200000524520874,0.06000000238418579
hyperbolic_paraboloid,11,20,4042,T+F,dec-side,0.13775381445884705,0.15153905749320984,0.7780921459197998,1.3704047203063965,1.7356553077697754,1.30875951142218,2.1531820586233428,2.5273870373448584,1.899605963966625,0.5755167852865986,0.9733740002650175,1.3481877229948889,2.4238449583819,0.34317678213119507,0.28200000524520874,0.06000000238418579
hyperbolic_paraboloid,11,20,5042,baseline,enc-pull,1.2115427255630493,1.5179134607315063,0.739403247833252,1.0571999549865723,0.9387242794036865,1.2389789287860578,1.67623439662131,1.5182201769924903,0.5219443263450029,0.41136337411172935,0.48707498082687173,0.4262496465668828,0.6636208355762722,0.13890592753887177,0.2580000162124634,0.06599999964237213
hyperbolic_paraboloid,11,20,5042,baseline,dec-side,1.2115427255630493,1.5179134607315063,0.818613588809967,1.4189196825027466,1.541585087776184,1.3428230704842032,2.239060292824608,2.466388554536095,1.5488890614058046,0.6593505514193482,0.9784060563720788,1.3038395348938658,1.679888755564536,0.32376304268836975,0.2580000162124634,0.06599999964237213
hyperbolic_paraboloid,11,20,5042,T+F,enc-pull,0.1525602638721466,0.2383938431739807,0.7563254237174988,1.1931638717651367,1.1102808713912964,1.2844910338684752,1.9042011556590175,1.8381758105847263,0.7741986147706041,0.5347163724300461,0.738380953907335,0.7626767239159288,0.8065876591746263,0.21965114772319794,0.2580000162124634,0.06599999964237213
hyperbolic_paraboloid,11,20,5042,T+F,dec-side,0.1525602638721466,0.2383938431739807,0.8053959608078003,1.3619474172592163,1.3930925130844116,1.3492646269745878,2.1851477816535976,2.253811148710029,1.3161483254692583,0.6853115957622528,0.9831310805180107,1.225422983220466,1.450501774871841,0.3030429482460022,0.2580000162124634,0.06599999964237213
hyperbolic_paraboloid,11,20,6042,baseline,enc-pull,2.3002195358276367,4.618985176086426,0.3783565163612366,0.43359488248825073,0.4266517460346222,0.7344123739503029,0.9721874927911233,0.9496004441205192,0.7849552141658209,0.41504089033177016,0.434241888033404,0.5233852105105549,0.5882812452717341,0.2295534759759903,0.2720000147819519,0.06000000238418579
hyperbolic_paraboloid,11,20,6042,baseline,dec-side,2.3002195358276367,4.618985176086426,0.38459956645965576,0.5481145977973938,0.47145968675613403,0.7113129872057407,1.1774678868571604,1.1501357134650736,0.8495571716241339,0.4061131889518229,0.4649179401879365,0.5058074774947875,0.5180341216156926,0.24537795782089233,0.2720000147819519,0.06000000238418579
hyperbolic_paraboloid,11,20,6042,T+F,enc-pull,0.20556487143039703,0.1325579136610031,0.19557689130306244,0.4243517220020294,0.561604380607605,0.40811083285293914,0.7584175650529036,0.9286177579094382,0.7508733064602713,0.21148801268828465,0.29746651023131215,0.5402940746035918,0.7539772553681394,0.24974094331264496,0.2720000147819519,0.06000000238418579
hyperbolic_paraboloid,11,20,6042,T+F,dec-side,0.20556487143039703,0.1325579136610031,0.19919729232788086,0.47854185104370117,0.715018630027771,0.4120184272396407,0.8601892426257997,1.1723614860983456,1.0261646736456267,0.2265010723250661,0.33717986203943895,0.6601520642435166,1.0235903327336318,0.3026341497898102,0.2720000147819519,0.06000000238418579
hyperbolic_paraboloid,11,20,7042,baseline,enc-pull,0.916095495223999,1.1966356039047241,0.5211002230644226,0.7276716232299805,0.81730717420578,0.9319905688584114,1.3865985800495078,1.4147317674424913,0.556136156634942,0.4157617558006789,0.45546120788372935,0.3489098631666495,0.47568651840255727,0.08963851630687714,0.2880000174045563,0.058000002056360245
hyperbolic_paraboloid,11,20,7042,baseline,dec-side,0.916095495223999,1.1966356039047241,0.57329261302948,1.079080581665039,1.1937812566757202,1.0038003123279184,1.7684176378634386,1.963112301296658,1.045255574056081,0.6003727602778629,0.8628406757503781,1.110520005730242,0.9498190488541522,0.30145466327667236,0.2880000174045563,0.058000002056360245
hyperbolic_paraboloid,11,20,7042,T+F,enc-pull,0.09105678647756577,0.13813911378383636,0.535365641117096,0.8044889569282532,0.9278635382652283,0.9387434232602561,1.5536369351676969,1.5812952253553603,0.6749076822934166,0.4761816881235226,0.5992410272429979,0.5344691751832925,0.5570157079128395,0.14370118081569672,0.2880000174045563,0.058000002056360245
hyperbolic_paraboloid,11,20,7042,T+F,dec-side,0.09105678647756577,0.13813911378383636,0.5505362749099731,0.9309949278831482,1.2115603685379028,0.9675048290370319,1.7534854874942765,1.9416164822048612,1.1193260145097914,0.5509040458306848,0.781622826965685,0.824942904244644,1.2241020416804151,0.2691906988620758,0.2880000174045563,0.058000002056360245
hyperbolic_paraboloid,11,20,8042,baseline,enc-pull,2.471482038497925,2.9938106536865234,0.553429126739502,0.7712048292160034,0.7935945987701416,0.9398971285138812,1.3250003039094918,1.3857602719907407,0.538737925733213,0.35583500911894717,0.38261616628658884,0.4279894780373179,0.6258826764347689,0.11238214373588562,0.27000001072883606,0.058000002056360245
hyperbolic_paraboloid,11,20,8042,baseline,dec-side,2.471482038497925,2.9938106536865234,0.6003879904747009,1.2160279750823975,1.614316463470459,0.9730464390345982,1.781303057532093,2.2221587004484955,1.4694873032372004,0.46339830083190103,0.5720697947784474,1.1073762303271197,1.9969961015102264,0.31216204166412354,0.27000001072883606,0.058000002056360245
hyperbolic_paraboloid,11,20,8042,T+F,enc-pull,0.14356835186481476,0.13642099499702454,0.5388522744178772,0.9369786977767944,1.064242959022522,0.9361810003008161,1.5798643753241701,1.6637504295066552,0.8804528813983554,0.40760938220770127,0.45564894253928795,0.8575251755294975,1.5078058827091256,0.2242569625377655,0.27000001072883606,0.058000002056360245
hyperbolic_paraboloid,11,20,8042,T+F,dec-side,0.14356835186481476,0.13642099499702454,0.5522588491439819,0.9911094307899475,1.0847299098968506,0.9487889153616769,1.683799395422718,1.8392695674189814,1.1104140916038623,0.45308245686667153,0.5347282480200347,0.8981256066032789,1.5477904770075122,0.27709391713142395,0.27000001072883606,0.058000002056360245
hyperbolic_paraboloid,11,20,9042,baseline,enc-pull,1.1302664279937744,4.924596786499023,0.22838342189788818,0.357157826423645,0.4648321568965912,0.49246568721821654,0.735446533203125,0.7969856532752937,0.5473945484163929,0.3132423534375541,0.29835135130220636,0.399040631571858,0.6507228468329708,0.13676103949546814,0.28200000524520874,0.04400000348687172
hyperbolic_paraboloid,11,20,9042,baseline,dec-side,1.1302664279937744,4.924596786499023,0.24110232293605804,0.5081467032432556,0.9409807920455933,0.5121932512863092,0.9996234130859375,1.5743830254737368,1.3994118253308983,0.37202263245169304,0.43512612198574535,0.6555884908696238,1.412119278884437,0.3006046414375305,0.28200000524520874,0.04400000348687172
hyperbolic_paraboloid,11,20,9042,T+F,enc-pull,0.1881800889968872,0.1682390421628952,0.1931520700454712,0.3528904616832733,0.4799845218658447,0.4016777408280562,0.6834134521484375,0.762663983284159,0.5632052258079673,0.24494115927813473,0.2536563873451578,0.4627410154556357,0.7563001383920759,0.15272240340709686,0.28200000524520874,0.04400000348687172
hyperbolic_paraboloid,11,20,9042,T+F,dec-side,0.1881800889968872,0.1682390421628952,0.20002959668636322,0.36419442296028137,0.4952492117881775,0.4119485863504956,0.7548251342773438,0.9502424957058954,0.7611472780890097,0.33894964465805044,0.3420803629260603,0.5112357811368073,0.7818504107084736,0.26391229033470154,0.28200000524520874,0.04400000348687172
paraboloid,11,50,42,baseline,enc-pull,1.0895872116088867,1.3200185298919678,0.39868414402008057,0.6950615644454956,0.6564050912857056,0.8224813550511554,1.2098863644707472,1.177799333844866,0.696457067455083,0.3467861761973651,0.42886174569498703,0.6013824100368471,0.6578023891839088,0.19576120376586914,0.2800000011920929,0.04200000315904617
paraboloid,11,50,42,baseline,dec-side,1.0895872116088867,1.3200185298919678,0.4459954798221588,0.9948803186416626,1.5922486782073975,0.8688792885013572,1.761484475960409,2.3772147042410716,1.7601595915274721,0.4850942827131608,0.7353207369069399,1.267049311820148,2.377822238847816,0.34162524342536926,0.2800000011920929,0.04200000315904617
paraboloid,11,50,42,T+F,enc-pull,0.12048383057117462,0.21821700036525726,0.1614319235086441,0.31203582882881165,0.44475284218788147,0.38124764151456364,0.6632128263774671,0.8611236572265625,0.5543994109385054,0.24256441460757308,0.29600942024734567,0.3940928874944972,0.508422842490791,0.322684645652771,0.2800000011920929,0.04200000315904617
paraboloid,11,50,42,T+F,dec-side,0.12048383057117462,0.21821700036525726,0.17136670649051666,0.382480263710022,0.6107261180877686,0.3970020863420448,0.8771606101129288,1.2850164140973772,1.1035052088500286,0.28254136877793945,0.37613159753941616,0.6099085255784427,0.8734644826439908,0.4257029891014099,0.2800000011920929,0.04200000315904617
paraboloid,11,50,1042,baseline,enc-pull,2.03226900100708,1.9275667667388916,0.5178393125534058,0.7434346675872803,0.8836208581924438,0.8676367676868736,1.3307136620730715,1.3955385348940856,0.8049442127603945,0.3341367183706492,0.39404874492880737,0.5277497300985656,0.65687953913335,0.24060626327991486,0.2980000078678131,0.06200000271201134
paraboloid,11,50,1042,baseline,dec-side,2.03226900100708,1.9275667667388916,0.5548575520515442,0.9254634976387024,1.0431784391403198,0.9256949307923859,1.7846565104771723,2.000182286204908,1.3247174014046208,0.5095552016699201,0.7372165818990721,1.08262892019898,1.3401220458303358,0.24340049922466278,0.2980000078678131,0.06200000271201134
paraboloid,11,50,1042,T+F,enc-pull,0.15082910656929016,0.11128218472003937,0.5517891049385071,0.9276520013809204,1.045390009880066,0.9337613587921074,1.674967145388011,1.91876220703125,1.1129165125592602,0.5181953799858157,0.7533124654697542,0.9945491096704033,1.1933183678606767,0.3130463659763336,0.2980000078678131,0.06200000271201134
paraboloid,11,50,1042,T+F,dec-side,0.15082910656929016,0.11128218472003937,0.564338743686676,1.026999831199646,1.1833152770996094,0.9615571631620615,1.947542665616287,2.371370661178691,1.8076127193861649,0.5779486208516829,0.8954774909877588,1.3695979253788486,1.6241388973773896,0.4081498384475708,0.2980000078678131,0.06200000271201134
paraboloid,11,50,2042,baseline,enc-pull,0.8188339471817017,0.8123458623886108,0.7210752964019775,1.1717770099639893,0.9244229793548584,1.2614858526932566,1.7987640623062375,1.5944652127144032,0.7076914939605121,0.5499383614745397,0.7254813705071511,0.8679538148057493,0.4022984587229189,0.17240823805332184,0.26600000262260437,0.04800000041723251
paraboloid,11,50,2042,baseline,dec-side,0.8188339471817017,0.8123458623886108,0.8058391213417053,1.6065946817398071,1.7841298580169678,1.4060436048005756,2.5976116846478177,2.938765217487077,2.395012081069423,0.948080856877288,1.4790164685569331,2.26894173018577,2.9611547259562907,0.428396612405777,0.26600000262260437,0.04800000041723251
paraboloid,11,50,2042,T+F,enc-pull,0.09775839000940323,0.19292980432510376,0.5165068507194519,1.035817265510559,0.9634125232696533,0.8913772315309759,1.6442035493396578,1.8414047355938674,1.245931142133996,0.4368002110716725,0.6879941009668061,1.2174904468002068,1.4455858332980567,0.32668936252593994,0.26600000262260437,0.04800000041723251
paraboloid,11,50,2042,T+F,dec-side,0.09775839000940323,0.19292980432510376,0.5226360559463501,1.106158971786499,1.011401891708374,0.8991080836245888,1.8342665414961556,2.3116629464285716,1.8423365195038357,0.4792607026426979,0.7791561187738646,1.4695465175777107,1.6202040517375276,0.4363439977169037,0.26600000262260437,0.04800000041723251
paraboloid,11,50,3042,baseline,enc-pull,0.34877413511276245,0.5347798466682434,0.44226762652397156,0.7370220422744751,0.7205241322517395,0.8537668029379157,1.1709191621239505,1.2336342755485983,0.6319139919489936,0.40748542656398834,0.42115900162123204,0.7174936720477786,0.8321515894442768,0.14313596487045288,0.2720000147819519,0.05000000074505806
paraboloid,11,50,3042,baseline,dec-side,0.34877413511276245,0.5347798466682434,0.4870729148387909,1.0355432033538818,1.5231634378433228,0.913162332945018,1.6333509986080341,2.332757164450253,1.7526267669879216,0.5859048273398338,0.7350306989362286,1.4306148697860137,2.32858027979734,0.35882261395454407,0.2720000147819519,0.05000000074505806
paraboloid,11,50,3042,T+F,enc-pull,0.03826171159744263,0.029468396678566933,0.45033401250839233,0.7963557243347168,0.8425715565681458,0.8701031128741685,1.315953268933652,1.5651313557344324,1.0145807092991095,0.5215537098195229,0.6145760764596535,1.1410442267908285,1.54109359485943,0.21338841319084167,0.2720000147819519,0.05000000074505806
paraboloid,11,50,3042,T+F,dec-side,0.03826171159744263,0.029468396678566933,0.462898850440979,0.8810098171234131,1.1578518152236938,0.8958966917050651,1.5127782109958023,2.1368035709156707,1.8269140992931432,0.5985979250444586,0.7634279494640284,1.4427088728923751,2.30731897055241,0.33385318517684937,0.2720000147819519,0.05000000074505806
paraboloid,11,50,4042,baseline,enc-pull,0.6300285458564758,0.8043035864830017,0.5821015238761902,0.7930147051811218,0.825809121131897,0.9878979598105342,1.3722261371034565,1.310211181640625,0.4796531039045461,0.3383190755150165,0.5278692540537157,0.4637702700500159,0.7993342555093522,0.1957344114780426,0.28200000524520874,0.06000000238418579
paraboloid,11,50,4042,baseline,dec-side,0.6300285458564758,0.8043035864830017,0.6291331648826599,1.1166781187057495,1.4462941884994507,1.0408074964411604,1.8625156518184778,2.5238218916223403,1.9786034132490344,0.5118458853709228,0.8459128506122118,1.2751535643720617,1.9503850664695879,0.43304726481437683,0.28200000524520874,0.06000000238418579
paraboloid,11,50,4042,T+F,enc-pull,0.17978094518184662,0.1488630324602127,0.4619981646537781,0.8864126801490784,1.5033559799194336,0.7384247686754338,1.4936165087150806,1.9852442098847518,1.6616261079764838,0.4206269915441111,0.6254937739226878,1.1431998073988003,2.3679636703599503,0.3629639744758606,0.28200000524520874,0.06000000238418579
paraboloid,11,50,4042,T+F,dec-side,0.17978094518184662,0.1488630324602127,0.4705727696418762,0.9751691818237305,1.7791699171066284,0.7507008451184585,1.652129548968691,2.3914829551750887,2.1587029320500384,0.4584787965850197,0.718061707893687,1.3870467081817441,2.9565863721051993,0.4306730628013611,0.28200000524520874,0.06000000238418579
paraboloid,11,50,5042,baseline,enc-pull,1.6031606197357178,1.689907431602478,0.45984986424446106,0.7472435832023621,0.8198698163032532,0.8245993142599588,1.3082610971373385,1.286831168241279,0.46874088800923397,0.31253274846395407,0.3433461827702268,0.470759235983428,0.760108182890799,0.18255549669265747,0.2580000162124634,0.06599999964237213
paraboloid,11,50,5042,baseline,dec-side,1.6031606197357178,1.689907431602478,0.5275303721427917,1.1045212745666504,1.4857977628707886,0.922000021462912,1.8407352912030097,2.3763903240824855,1.920162239518982,0.627338695453671,0.8355557252251617,1.448096428907604,2.0065969541857154,0.46492207050323486,0.2580000162124634,0.06599999964237213
paraboloid,11,50,5042,T+F,enc-pull,0.11012095212936401,0.08910587430000305,0.5076924562454224,0.936194896697998,1.081906795501709,0.8957378680889423,1.5488628091847325,1.7196151378542879,1.1976636330716153,0.5941852474810793,0.7235103340887454,1.0258093425618802,1.3794359343645552,0.3749219477176666,0.2580000162124634,0.06599999964237213
paraboloid,11,50,5042,T+F,dec-side,0.11012095212936401,0.08910587430000305,0.5272672176361084,1.0561127662658691,1.298820972442627,0.9334215101304945,1.8008213395122232,2.2115343670512355,1.8075524125788678,0.7116792626482656,0.9409790180558361,1.5207659194688452,1.9251281551876676,0.48700934648513794,0.2580000162124634,0.06599999964237213
paraboloid,11,50,6042,baseline,enc-pull,0.8714209198951721,1.2630090713500977,0.3684424161911011,0.5866951942443848,0.5485628247261047,0.6833805302691355,1.1371407095841535,1.1251482122084673,0.6836949951464351,0.31979977708381274,0.3816548093672684,0.4667338872667401,0.5970202367479458,0.14127960801124573,0.2720000147819519,0.06000000238418579
paraboloid,11,50,6042,baseline,dec-side,0.8714209198951721,1.2630090713500977,0.3799285292625427,0.7731450200080872,0.9342697262763977,0.6865585932122453,1.4506876787801428,1.6501987681669348,1.1235328939743587,0.394853434449317,0.5870573993477648,0.8643277732455025,1.0827881040113887,0.3192625641822815,0.2720000147819519,0.06000000238418579
paraboloid,11,50,6042,T+F,enc-pull,0.05020946264266968,0.06726213544607162,0.527813196182251,0.9592596292495728,1.1651121377944946,0.9255268920360683,1.7189996674304873,1.8624184552360983,1.3332104966728462,0.5646865349389307,0.8660678151462503,1.1381992217306685,1.5067017847198065,0.37423914670944214,0.2720000147819519,0.06000000238418579
paraboloid,11,50,6042,T+F,dec-side,0.05020946264266968,0.06726213544607162,0.5382627248764038,1.0487762689590454,1.4376713037490845,0.9456641243417883,1.9284981554887426,2.4633685841279873,2.1842815941949856,0.617059548684121,0.9868364068914417,1.4500338329290647,2.4025797691294524,0.4588639736175537,0.2720000147819519,0.06000000238418579
paraboloid,11,50,7042,baseline,enc-pull,0.5262728929519653,0.8560503721237183,0.4931519627571106,0.8108157515525818,1.00196373462677,0.8445665804825165,1.3609578897664836,1.5029000176323786,0.619273240052924,0.38914665641154117,0.4210759655355669,0.5194135733789863,0.8103935803576309,0.22356723248958588,0.2880000174045563,0.058000002056360245
paraboloid,11,50,7042,baseline,dec-side,0.5262728929519653,0.8560503721237183,0.5612054467201233,1.1475908756256104,1.4368475675582886,0.9443327781912514,1.8584961384644,2.3790560828314886,1.747503617236627,0.7069644337501416,1.0675465836388578,1.3857501389250892,1.6280902486434343,0.4267881214618683,0.2880000174045563,0.058000002056360245
paraboloid,11,50,7042,T+F,enc-pull,0.08853978663682938,0.2186947613954544,0.5170468688011169,0.9149759411811829,0.9957761168479919,0.8986753892268379,1.5604129553714514,1.705198605855306,0.7593168389452857,0.622840439506543,0.8478506736064977,0.9008985509158198,0.8596150125873036,0.2952888607978821,0.2880000174045563,0.058000002056360245
paraboloid,11,50,7042,T+F,dec-side,0.08853978663682938,0.2186947613954544,0.5306709408760071,1.0188535451889038,1.1896106004714966,0.9269432034261427,1.7957759200434982,2.2335802714029946,1.6915106774176945,0.688811173457812,1.039435518868011,1.3816500801030671,1.473467477884152,0.43490609526634216,0.2880000174045563,0.058000002056360245
paraboloid,11,50,8042,baseline,enc-pull,0.9006210565567017,1.21474289894104,0.501343846321106,0.7821686267852783,0.854109525680542,0.9344805308750698,1.2770442725217195,1.386519142433449,0.7632927200066987,0.36139989933604216,0.2972339960850616,0.45518094960717626,0.6955260267067723,0.16741818189620972,0.27000001072883606,0.058000002056360245
paraboloid,11,50,8042,baseline,dec-side,0.9006210565567017,1.21474289894104,0.5741569399833679,1.1393229961395264,1.2996989488601685,1.0024644987923759,1.8534022920853863,2.4444993760850693,1.7313696454087506,0.6195693281269353,0.7897154617233814,1.4320292684133888,2.2745044607996245,0.32076677680015564,0.27000001072883606,0.058000002056360245
paraboloid,11,50,8042,T+F,enc-pull,0.10890799760818481,0.23268485069274902,0.2545754313468933,0.48757508397102356,0.6270257830619812,0.4721168109348842,0.8888447868378825,1.0212981047453704,0.646133664758807,0.4293273814190986,0.4752273774529409,0.8110453777063383,1.3650233551794055,0.29000455141067505,0.27000001072883606,0.058000002056360245
paraboloid,11,50,8042,T+F,dec-side,0.10890799760818481,0.23268485069274902,0.2654179632663727,0.5734942555427551,0.8791376352310181,0.49414120401654926,1.0510429287352503,1.4108133951822917,1.1817643844393415,0.4914258034351938,0.5853126553255044,1.0789556863758443,1.843081290053196,0.386210560798645,0.27000001072883606,0.058000002056360245
paraboloid,11,50,9042,baseline,enc-pull,1.0369842052459717,1.3790271282196045,0.49937525391578674,0.8744037747383118,0.8868394494056702,0.9090545250980865,1.3605733642578124,1.4351222261469414,0.6912561770315028,0.4405796717602279,0.5448945229441492,0.7229013766542669,0.7924165233568692,0.13474571704864502,0.28200000524520874,0.04400000348687172
paraboloid,11,50,9042,baseline,dec-side,1.0369842052459717,1.3790271282196045,0.5531969666481018,1.1866997480392456,1.6348166465759277,0.9762490562405355,1.84313037109375,2.478333818151596,1.9405800077118038,0.6307281725510657,0.8683947840506766,1.472217842993584,2.1135190991111914,0.3627704679965973,0.28200000524520874,0.04400000348687172
paraboloid,11,50,9042,T+F,enc-pull,0.07599394768476486,0.09168154746294022,0.38355740904808044,0.626079797744751,0.6041606068611145,0.7182278402051211,1.2916585693359375,1.6345650963749445,1.2981737656819137,0.5863489526520498,0.6606296396175092,0.9084120203395307,0.9229314008987842,0.27334854006767273,0.28200000524520874,0.04400000348687172
paraboloid,11,50,9042,T+F,dec-side,0.07599394768476486,0.09168154746294022,0.3985022008419037,0.7199785113334656,0.8958567976951599,0.7536332722802519,1.5353555908203125,2.294105475675975,2.2105257999749344,0.6614077883082593,0.8381391472155931,1.3588609632722704,1.9891201129446052,0.39286375045776367,0.28200000524520874,0.04400000348687172
hyperbolic_paraboloid,11,50,42,baseline,enc-pull,0.7774863839149475,1.685089349746704,0.406472384929657,0.5984654426574707,0.6037400960922241,0.7892161753767052,1.159455492980498,1.1890306745256696,0.4709070014027965,0.27297977799281675,0.28667958081963674,0.3544846037430792,0.51061717878127,0.11925163865089417,0.2800000011920929,0.04200000315904617
hyperbolic_paraboloid,11,50,42,baseline,dec-side,0.7774863839149475,1.685089349746704,0.4485875070095062,0.8628265857696533,1.1328707933425903,0.8345940468836999,1.6157299988251879,2.127604675292969,1.3623813889997816,0.3789464263669311,0.48144183962399334,0.7789662399489055,1.417365590290157,0.31634747982025146,0.2800000011920929,0.04200000315904617
hyperbolic_paraboloid,11,50,42,T+F,enc-pull,0.067500039935112,0.10590887069702148,0.39214450120925903,0.6364433765411377,0.7008233666419983,0.7867702152787445,1.3059095798578477,1.3588854108537947,0.7008928104136819,0.3864101602797793,0.47449034345543567,0.5389161560312281,0.8216420546822855,0.17806707322597504,0.2800000011920929,0.04200000315904617
hyperbolic_paraboloid,11,50,42,T+F,dec-side,0.067500039935112,0.10590887069702148,0.40328720211982727,0.7193830609321594,0.917083740234375,0.8097097146219029,1.5861295542322604,1.7920423235212053,1.2386342539554003,0.4327677254834105,0.5595050182656395,0.6913426981199386,1.2928578616378381,0.27152058482170105,0.2800000011920929,0.04200000315904617
hyperbolic_paraboloid,11,50,1042,baseline,enc-pull,1.1941145658493042,1.277499794960022,0.20820589363574982,0.3737068772315979,0.4898674786090851,0.4022771414775891,0.7110550323826673,0.840530907547714,0.5955949367575794,0.17671762778536676,0.24610702509712348,0.34647319243688696,0.6879143403232338,0.11338800936937332,0.2980000078678131,0.06200000271201134
hyperbolic_paraboloid,11,50,1042,baseline,dec-side,1.1941145658493042,1.277499794960022,0.21930068731307983,0.472889244556427,0.7981047630310059,0.4110934590974736,0.9180562185975255,1.3824583732041738,1.172835141295248,0.23563764027073925,0.35136935594470403,0.6751132492724019,1.0201406028704474,0.29218828678131104,0.2980000078678131,0.06200000271201134
hyperbolic_paraboloid,11,50,1042,T+F,enc-pull,0.0608978308737278,0.06402029097080231,0.5302813053131104,0.796120822429657,1.0000627040863037,0.9411587109809995,1.614952229212651,1.8123848934301594,0.8543783813647279,0.45625429795451855,0.6193028570930088,0.6137874814256813,0.9570445317846628,0.23438619077205658,0.2980000078678131,0.06200000271201134
hyperbolic_paraboloid,11,50,1042,T+F,dec-side,0.0608978308737278,0.06402029097080231,0.54562908411026,0.8955999612808228,1.1844170093536377,0.9690800520253341,1.8333599558550187,2.1749097580877725,1.4180797828455074,0.5128398967887734,0.7420546575181717,0.9012813648293585,1.3952370430465848,0.30883315205574036,0.2980000078678131,0.06200000271201134
hyperbolic_paraboloid,11,50,2042,baseline,enc-pull,0.9329238533973694,1.332619547843933,0.736829936504364,1.2440725564956665,1.0453869104385376,1.248529266892818,1.819259764656188,1.6107899371842693,0.4923231277412155,0.49720065805988567,0.6530023568159705,0.8907267992956507,0.6831868913691017,0.12273889034986496,0.26600000262260437,0.04800000041723251
hyperbolic_paraboloid,11,50,2042,baseline,dec-side,0.9329238533973694,1.332619547843933,0.8037344813346863,1.6435198783874512,1.759176254272461,1.3313976087068256,2.2943028041294644,2.3836054981203008,1.4713920732719121,0.6944083049941278,1.018899985116554,1.502174195217472,1.9523664540078294,0.32656142115592957,0.26600000262260437,0.04800000041723251
hyperbolic_paraboloid,11,50,2042,T+F,enc-pull,0.04268137365579605,0.0561445876955986,0.7890340685844421,1.4964373111724854,1.5163244009017944,1.3593767400373493,2.3293292333209323,2.263992194842575,1.5234873108803995,0.7618078808436687,1.1295681043280938,1.7359018431549686,2.121801022493325,0.29545333981513977,0.26600000262260437,0.04800000041723251
hyperbolic_paraboloid,11,50,2042,T+F,dec-side,0.04268137365579605,0.0561445876955986,0.8039088845252991,1.6129393577575684,1.7260663509368896,1.3901098150956004,2.5630587623232888,2.640006158584939,2.075678079470437,0.8127386636950056,1.249746193512538,2.003376355805163,2.7140266972817355,0.35505014657974243,0.26600000262260437,0.04800000041723251
hyperbolic_paraboloid,11,50,3042,baseline,enc-pull,0.6273078918457031,0.7916221618652344,0.48558270931243896,0.6069495677947998,0.569383442401886,0.891754150390625,1.168017600899312,1.1377990947050207,0.8504929142910846,0.38724349865083874,0.39242898744576693,0.47679250649811766,0.7625217841116488,0.2741853594779968,0.2720000147819519,0.05000000074505806
hyperbolic_paraboloid,11,50,3042,baseline,dec-side,0.6273078918457031,0.7916221618652344,0.5441040396690369,0.8861866593360901,0.9497969746589661,0.9630052520007621,1.5988823050883278,1.8130668191348804,1.0397545152145602,0.5426999994659923,0.6389881720282091,0.7836242213072051,1.2026487086415112,0.2527611255645752,0.2720000147819519,0.05000000074505806
hyperbolic_paraboloid,11,50,3042,T+F,enc-pull,0.04439203813672066,0.04761168360710144,0.5100905299186707,0.8700800538063049,0.8367617726325989,0.9197685427782012,1.4804249094493354,1.6842563853544348,0.8880434088770873,0.4936872321684819,0.5373364330024316,0.7925935854921647,1.1117823975948466,0.21377937495708466,0.2720000147819519,0.05000000074505806
hyperbolic_paraboloid,11,50,3042,T+F,dec-side,0.04439203813672066,0.04761168360710144,0.5236579775810242,0.9427545070648193,1.0831810235977173,0.9428355011865992,1.6480526141266325,2.061183256261489,1.4211704081000143,0.5454334431958969,0.6258102442958494,0.9549745858915824,1.5396453218623334,0.2900514006614685,0.2720000147819519,0.05000000074505806
hyperbolic_paraboloid,11,50,4042,baseline,enc-pull,0.6583878993988037,0.7304016947746277,0.6142644286155701,0.8119854927062988,0.8378928303718567,1.0810643525030503,1.4340274695194128,1.384459583471853,0.5643388872736042,0.33909838143017956,0.4815823543048276,0.42513278879873245,0.931940263270401,0.1653367429971695,0.28200000524520874,0.06000000238418579
hyperbolic_paraboloid,11,50,4042,baseline,dec-side,0.6583878993988037,0.7304016947746277,0.6763291358947754,1.147029995918274,1.378212809562683,1.1683726941685872,1.8825195774887546,2.2146467925808953,1.4511364747835007,0.5210398995201189,0.8335215756751049,1.1254827724703427,1.5796211326837346,0.33578363060951233,0.28200000524520874,0.06000000238418579
hyperbolic_paraboloid,11,50,4042,T+F,enc-pull,0.02255556359887123,0.028806721791625023,0.7740494012832642,1.2568609714508057,1.5232418775558472,1.3145742685313855,2.076738299745502,2.2466292144558953,1.4723237119679584,0.5875653732294132,0.927214145982204,1.121082043923828,1.9986401912210412,0.28550824522972107,0.28200000524520874,0.06000000238418579
hyperbolic_paraboloid,11,50,4042,T+F,dec-side,0.02255556359887123,0.028806721791625023,0.7882763743400574,1.349123239517212,1.7988277673721313,1.3429079531588937,2.2370596220999053,2.6720317001883864,2.059587445719926,0.6359039169363689,1.0448871723729733,1.3890913321955485,2.6480271868347347,0.3377833664417267,0.28200000524520874,0.06000000238418579
hyperbolic_paraboloid,11,50,5042,baseline,enc-pull,0.41288208961486816,0.5920876264572144,0.7345386743545532,1.0179303884506226,0.9365450739860535,1.2316659780649037,1.6508755279203182,1.4781469300735828,0.49398687896253485,0.41345897634916956,0.4618500099161793,0.413791403674613,0.7083923201386042,0.09358455240726471,0.2580000162124634,0.06599999964237213
hyperbolic_paraboloid,11,50,5042,baseline,dec-side,0.41288208961486816,0.5920876264572144,0.8120290637016296,1.3862624168395996,1.4372892379760742,1.3411979256095468,2.1731574139471865,2.318291006162185,1.4283952978664323,0.6575797967071805,0.9420811227512607,1.2390271884422002,1.5688723391752109,0.3090386390686035,0.2580000162124634,0.06599999964237213
hyperbolic_paraboloid,11,50,5042,T+F,enc-pull,0.07452985644340515,0.1616823375225067,0.7753357887268066,1.2261853218078613,1.1386637687683105,1.3270105382898352,1.9961831631255766,1.9869434445403342,1.0119001966780008,0.6130115819417542,0.8632892073182565,0.9738748725339919,1.0221412766021172,0.26331627368927,0.2580000162124634,0.06599999964237213
hyperbolic_paraboloid,11,50,5042,T+F,dec-side,0.07452985644340515,0.1616823375225067,0.7939385771751404,1.3601586818695068,1.3516007661819458,1.3534580775669642,2.1911688660343636,2.333152356997941,1.5171193974747434,0.670686993480316,0.9735943807815758,1.303426428698688,1.5124193652484044,0.32174935936927795,0.2580000162124634,0.06599999964237213
hyperbolic_paraboloid,11,50,6042,baseline,enc-pull,0.5244212746620178,0.5222896337509155,0.17983947694301605,0.30708059668540955,0.3177182078361511,0.39788919188377614,0.6212456170029528,0.6525625341078815,0.4673616493358405,0.20210153422258298,0.24033773368556913,0.3708100744406107,0.430490007931412,0.057841237634420395,0.2720000147819519,0.06000000238418579
hyperbolic_paraboloid,11,50,6042,baseline,dec-side,0.5244212746620178,0.5222896337509155,0.19668260216712952,0.4548245072364807,0.7418237328529358,0.4029103753850323,0.8758046307901698,1.2919004103716683,1.1790267660275182,0.2759381999000487,0.3562105376411661,0.6932915428752607,1.226498587982178,0.3224022686481476,0.2720000147819519,0.06000000238418579
hyperbolic_paraboloid,11,50,6042,T+F,enc-pull,0.04256098344922066,0.12318050116300583,0.36974480748176575,0.5807695984840393,0.5933580994606018,0.7025540389678552,1.2004126601331815,1.2810195474063648,0.6610093597700991,0.38819808678096174,0.4327245275410101,0.4847272509471543,0.5890958781613457,0.1896641105413437,0.2720000147819519,0.06000000238418579
hyperbolic_paraboloid,11,50,6042,T+F,dec-side,0.04256098344922066,0.12318050116300583,0.37312278151512146,0.6112858653068542,0.5920912623405457,0.7076291659855107,1.2678623950387549,1.3373006932875688,0.7355270796115888,0.40681283852298294,0.4718571046884315,0.5571306685006878,0.5348304220714527,0.240578755736351,0.2720000147819519,0.06000000238418579
hyperbolic_paraboloid,11,50,7042,baseline,enc-pull,0.313985675573349,0.6478312611579895,0.5639423727989197,0.7569068670272827,0.7722193002700806,0.9821915815580259,1.3912843138307005,1.3479298485649958,0.8115103692895991,0.34731154103176837,0.3718251882938214,0.4483444561696404,0.5238295994374205,0.21171905100345612,0.2880000174045563,0.058000002056360245
hyperbolic_paraboloid,11,50,7042,baseline,dec-side,0.313985675573349,0.6478312611579895,0.6255224943161011,1.071388840675354,1.237291693687439,1.0728978228464001,1.9042268969637133,2.2465326521131725,1.427898196238085,0.5346854016389183,0.8125782693025854,1.0499096632410883,1.5548672252438982,0.28405487537384033,0.2880000174045563,0.058000002056360245
hyperbolic_paraboloid,11,50,7042,T+F,enc-pull,0.03152956813573837,0.04754210263490677,0.5282617807388306,0.869024932384491,0.9793756604194641,0.9607923062362335,1.5319573818108974,1.689086702134874,0.8075677122875189,0.5449771467985287,0.7025410671907119,0.7134129887542541,0.8191349315572473,0.23366719484329224,0.2880000174045563,0.058000002056360245
hyperbolic_paraboloid,11,50,7042,T+F,dec-side,0.03152956813573837,0.04754210263490677,0.5460337400436401,0.9610134959220886,1.181444525718689,0.9905872092898197,1.688633062900641,2.0008926391601562,1.253375788911319,0.610810129542825,0.845589119324263,1.0487877021030452,1.2248165876514518,0.32874077558517456,0.2880000174045563,0.058000002056360245
hyperbolic_paraboloid,11,50,8042,baseline,enc-pull,0.4497711956501007,0.44405925273895264,0.5421770811080933,0.8416867256164551,0.9151879549026489,0.9552057811192104,1.4294063837201763,1.453599378797743,0.4864025889080055,0.29112063248172904,0.2943824852341378,0.45541140266895924,0.7878311254497402,0.07000835984945297,0.27000001072883606,0.058000002056360245
hyperbolic_paraboloid,11,50,8042,baseline,dec-side,0.4497711956501007,0.44405925273895264,0.5988826751708984,1.1782660484313965,1.3389710187911987,1.0020559855869837,1.7664545462833896,2.03780517578125,1.226603880893124,0.45195061889482707,0.5657157487281285,0.9859668924506029,1.5319407902849371,0.2753767669200897,0.27000001072883606,0.058000002056360245
hyperbolic_paraboloid,11,50,8042,T+F,enc-pull,0.02575712278485298,0.1252468228340149,0.6406383514404297,1.0108551979064941,1.110718846321106,1.175110135759626,1.6447831149912473,1.8329622621889468,0.8798694893882084,0.583795113795792,0.656199520493248,0.7402865356365319,0.9683356942652108,0.16933119297027588,0.27000001072883606,0.058000002056360245
hyperbolic_paraboloid,11,50,8042,T+F,dec-side,0.02575712278485298,0.1252468228340149,0.6561622619628906,1.1463205814361572,1.3740949630737305,1.2007488523210799,1.843690990907028,2.1504695185908567,1.467543522961211,0.6458827607587608,0.7897630927832415,1.107614102783592,1.6934249325723039,0.2571902871131897,0.27000001072883606,0.058000002056360245
hyperbolic_paraboloid,11,50,9042,baseline,enc-pull,0.34520915150642395,0.6607805490493774,0.2087506204843521,0.2746192216873169,0.29650238156318665,0.44217174378785795,0.6335635986328125,0.6719093052208001,0.48175749830670916,0.24017734714668051,0.21664816161259298,0.32011361426299967,0.41634958224184254,0.08062926679849625,0.28200000524520874,0.04400000348687172
hyperbolic_paraboloid,11,50,9042,baseline,dec-side,0.34520915150642395,0.6607805490493774,0.23258547484874725,0.40357324481010437,0.5892505049705505,0.4718208817133294,0.9297540283203125,1.4138532056876107,1.1395587431111198,0.35688994861891743,0.40803744100706557,0.5937444645295887,1.0441624762415884,0.3199259638786316,0.28200000524520874,0.04400000348687172
hyperbolic_paraboloid,11,50,9042,T+F,enc-pull,0.02492191642522812,0.11563017964363098,0.2127128541469574,0.4067230224609375,0.5198724865913391,0.4309185885122694,0.77296484375,0.9759111336782469,0.7689493760901354,0.31743797745063984,0.30964944662625987,0.5116475679712291,0.8282094130507277,0.21726347506046295,0.28200000524520874,0.04400000348687172
hyperbolic_paraboloid,11,50,9042,T+F,dec-side,0.02492191642522812,0.11563017964363098,0.21644224226474762,0.3919496536254883,0.5585170388221741,0.44946759597845537,0.86028955078125,1.2294441385472075,1.2061002817067392,0.3583243584908307,0.3693293454459129,0.5126655634094901,0.9732256333839362,0.328218549489975,0.28200000524520874,0.04400000348687172
paraboloid,11,100,42,baseline,enc-pull,0.8416332006454468,1.2214035987854004,0.4437801241874695,0.8294684290885925,0.746492862701416,0.8003058146793222,1.3244631200804746,1.3102020263671874,0.4179232110348403,0.36348106293489757,0.4634701975393098,0.5945614497783853,0.6424124389951477,0.11556442826986313,0.2800000011920929,0.04200000315904617
paraboloid,11,100,42,baseline,dec-side,0.8416332006454468,1.2214035987854004,0.4831077754497528,1.1572309732437134,1.6146610975265503,0.8636198659782155,1.8927210757606907,2.58184334891183,1.96755517365062,0.5102349752792429,0.7613736484087794,1.264269038942703,2.1071073079400997,0.43001294136047363,0.2800000011920929,0.04200000315904617
paraboloid,11,100,42,T+F,enc-pull,0.030934391543269157,0.029725100845098495,0.5297051072120667,0.9773316979408264,0.7832890748977661,0.9362719563439588,1.659229364610256,1.7298810686383927,0.9915180818730833,0.5165963289581698,0.7506538197272574,1.1695944618098593,1.1952989745480491,0.36425110697746277,0.2800000011920929,0.04200000315904617
paraboloid,11,100,42,T+F,dec-side,0.030934391543269157,0.029725100845098495,0.5350058674812317,1.0710458755493164,0.9760206341743469,0.9523341937160704,1.8643087516153665,2.1271227155412946,1.6540843233220073,0.5455534212077983,0.8381965118251025,1.5102645674940753,1.729659510361534,0.4349287152290344,0.2800000011920929,0.04200000315904617
paraboloid,11,100,1042,baseline,enc-pull,0.6691728830337524,1.418861985206604,0.48470792174339294,0.7255337834358215,0.6995543837547302,0.8017426556627575,1.283780349674721,1.3101092857002412,0.5951942663630841,0.3461127096334402,0.3939635833143759,0.3963052681227041,0.6735568934094012,0.10928668081760406,0.2980000078678131,0.06200000271201134
paraboloid,11,100,1042,baseline,dec-side,0.6691728830337524,1.418861985206604,0.5289597511291504,0.9622226357460022,1.052475094795227,0.8645735233026517,1.7174802872328068,2.0279479570836827,1.4341625313564927,0.5131494560440168,0.7936592989915726,1.0795529901433158,1.3080055674443556,0.25009748339653015,0.2980000078678131,0.06200000271201134
paraboloid,11,100,1042,T+F,enc-pull,0.06017052382230759,0.07764659076929092,0.49957093596458435,0.9511083364486694,0.9083609580993652,0.8321771770383839,1.531969261878485,1.7030640672517303,1.062529534126337,0.415917264123373,0.7496553845534879,0.9650772881831291,1.0736866744674733,0.23957125842571259,0.2980000078678131,0.06200000271201134
paraboloid,11,100,1042,T+F,dec-side,0.06017052382230759,0.07764659076929092,0.5087723731994629,1.0499229431152344,1.1213788986206055,0.8542555233418012,1.7242059530378717,2.0813864893561242,1.6045278046376203,0.46032404554323175,0.8525669941635037,1.2410888322705722,1.5920686617736348,0.33670541644096375,0.2980000078678131,0.06200000271201134
paraboloid,11,100,2042,baseline,enc-pull,0.8087829947471619,0.5864824056625366,0.7353349924087524,1.2102912664413452,1.0439012050628662,1.2580777887712444,1.8248680962456598,1.6813772101151316,0.6983552366767545,0.6228130485885913,0.7634616196599815,0.9707932064975122,0.5982033857597682,0.1832486391067505,0.26600000262260437,0.04800000041723251
paraboloid,11,100,2042,baseline,dec-side,0.8087829947471619,0.5864824056625366,0.8078241348266602,1.6274782419204712,1.9111526012420654,1.4050220690275494,2.645420135013641,2.9779936137952303,2.474941751350634,0.9948469890882583,1.5199463831340259,2.4110920730318357,3.2245078322136083,0.4182185232639313,0.26600000262260437,0.04800000041723251
paraboloid,11,100,2042,T+F,enc-pull,0.01862766221165657,0.030549155548214912,0.7989654541015625,1.5349191427230835,1.4156625270843506,1.406633879009046,2.4616212390718006,2.3698817661830356,1.6690033501653847,0.9803605087658681,1.415081405070709,2.005679226552383,2.180815441334302,0.3780466914176941,0.26600000262260437,0.04800000041723251
paraboloid,11,100,2042,T+F,dec-side,0.01862766221165657,0.030549155548214912,0.8121689558029175,1.651543378829956,1.6590656042099,1.4347190187688459,2.6543167356460815,2.7591538967046523,2.257552416096243,1.0425467425559958,1.5477758555847831,2.3445252240394066,2.9156822640879785,0.423490047454834,0.26600000262260437,0.04800000041723251
paraboloid,11,100,3042,baseline,enc-pull,0.5525503158569336,0.5657951831817627,0.4413265883922577,0.7409154772758484,0.7433222532272339,0.8541250292319151,1.189403590871327,1.3441848754882812,0.7587755288534346,0.43369079753474354,0.4509010467007206,0.718106947542118,1.1549038778493788,0.19859305024147034,0.2720000147819519,0.05000000074505806
paraboloid,11,100,3042,baseline,dec-side,0.5525503158569336,0.5657951831817627,0.4833737015724182,0.9618561863899231,1.3785967826843262,0.9230726288586129,1.6232406843954057,2.3670492733226105,1.9156587968040766,0.6145978993285052,0.7479360909798968,1.4432490549433672,2.3310999077964203,0.35263609886169434,0.2720000147819519,0.05000000074505806
paraboloid,11,100,3042,T+F,enc-pull,0.012057021260261536,0.010206206701695919,0.5148021578788757,0.9449113011360168,1.085996389389038,0.9525258134051067,1.5376194057179922,2.0737434835994946,1.5867143583688552,0.5929871660800236,0.771995462060226,1.354450652762621,1.673031573389278,0.3845275938510895,0.2720000147819519,0.05000000074505806
paraboloid,11,100,3042,T+F,dec-side,0.012057021260261536,0.010206206701695919,0.518628716468811,0.9848318099975586,1.194775104522705,0.963764199132137,1.63741723815007,2.3624761244829964,1.959097581276745,0.6176674790093432,0.8214521500299633,1.4909724346714706,1.9878121856607645,0.4220130145549774,0.2720000147819519,0.05000000074505806
paraboloid,11,100,4042,baseline,enc-pull,0.7523077726364136,0.6289575099945068,0.5716285705566406,0.8092857599258423,0.8502485156059265,0.978616114552264,1.342747081409801,1.3188576123393174,0.45137929269704863,0.35676715874518466,0.4942275960277275,0.521073274507045,0.9100272920903494,0.14593851566314697,0.28200000524520874,0.06000000238418579
paraboloid,11,100,4042,baseline,dec-side,0.7523077726364136,0.6289575099945068,0.6167265772819519,0.9957764744758606,1.281751036643982,1.0467404843411063,1.7989989771987454,2.335615442154255,1.755619918744501,0.5484308279180653,0.8551658626155232,1.129366530262425,1.9294430947322698,0.4084717035293579,0.28200000524520874,0.06000000238418579
paraboloid,11,100,4042,T+F,enc-pull,0.025133561342954636,0.04030817747116089,0.5699902772903442,0.9369943141937256,0.8959872126579285,1.0011464282385438,1.6585510716293796,1.784056859658965,1.2871416095456978,0.5175406950237245,0.8841076412751966,1.0763698121772518,1.073850187942506,0.4070459008216858,0.28200000524520874,0.06000000238418579
paraboloid,11,100,4042,T+F,dec-side,0.025133561342954636,0.04030817747116089,0.5743562579154968,0.978935718536377,1.02523934841156,1.0168082346885168,1.7586985501376065,2.1083438954454787,1.6538507321078297,0.542121136493179,0.949500654923418,1.2303848665426127,1.4462988709523499,0.45651137828826904,0.28200000524520874,0.06000000238418579
paraboloid,11,100,5042,baseline,enc-pull,1.0231175422668457,1.2481322288513184,0.5554379224777222,0.7868591547012329,0.5993750691413879,0.9694135393415179,1.3715276401421241,1.1947345585786096,0.6747194763872577,0.35931589177346435,0.48555575353265346,0.5385277598404637,0.6647244015714752,0.14682292938232422,0.2580000162124634,0.06599999964237213
paraboloid,11,100,5042,baseline,dec-side,1.0231175422668457,1.2481322288513184,0.635114848613739,1.199541687965393,1.4273319244384766,1.053525886954842,1.975787736392989,2.46019656159157,1.9514695265000082,0.5996712259304341,0.8925455466002002,1.3348496779264905,1.8850844710245196,0.39362677931785583,0.2580000162124634,0.06599999964237213
paraboloid,11,100,5042,T+F,enc-pull,0.027468377724289894,0.06932328641414642,0.538340151309967,0.9034097194671631,0.9897040724754333,0.9628136268028846,1.5440373156783325,1.9477484651314196,1.3203512402799285,0.6318065345497461,0.7940969784127488,1.0440802383987162,1.3204348368788728,0.40096351504325867,0.2580000162124634,0.06599999964237213
paraboloid,11,100,5042,T+F,dec-side,0.027468377724289894,0.06932328641414642,0.5598348379135132,1.040453314781189,1.2425706386566162,1.01150881589114,1.8455288031884225,2.505890129148498,2.1180713648045897,0.7567218476653091,1.022300593345586,1.5124299299002524,2.1492224082874882,0.46233776211738586,0.2580000162124634,0.06599999964237213
paraboloid,11,100,6042,baseline,enc-pull,0.522851824760437,0.7332849502563477,0.42076385021209717,0.6205950379371643,0.6237571835517883,0.7669601104333013,1.2878296619325171,1.247090507956112,0.7220599766595004,0.30078581325214504,0.36208892913636864,0.41429369328971005,0.6215784416884194,0.15844444930553436,0.2720000147819519,0.06000000238418579
paraboloid,11,100,6042,baseline,dec-side,0.522851824760437,0.7332849502563477,0.4418231248855591,0.843957781791687,1.0698132514953613,0.789766958631608,1.6529036394254428,1.852660571827608,1.3278784079131096,0.3900683700355643,0.59536949522587,0.8259318782853451,1.3373371659443751,0.29203158617019653,0.2720000147819519,0.06000000238418579
paraboloid,11,100,6042,T+F,enc-pull,0.051572516560554504,0.13655395805835724,0.5331775546073914,0.992355465888977,1.2261325120925903,0.9494064263835352,1.7958371620478593,1.9453041974235983,1.5093784240713548,0.5794812593353704,0.8943938174403594,1.186744660075752,1.7179845700786756,0.3725043535232544,0.2720000147819519,0.06000000238418579
paraboloid,11,100,6042,T+F,dec-side,0.051572516560554504,0.13655395805835724,0.5464322566986084,1.091779112815857,1.4804316759109497,0.9778215181459939,2.0174536517285926,2.494526133817785,2.2211144671405587,0.6386174495057902,1.022649828423328,1.5081832828708888,2.3901997846700276,0.45209187269210815,0.2720000147819519,0.06000000238418579
paraboloid,11,100,7042,baseline,enc-pull,0.2675459682941437,0.38187628984451294,0.5690801739692688,0.8368043303489685,0.902660608291626,0.9575046085576129,1.443866212726076,1.4629882176717122,0.6995535587045094,0.41738957118599374,0.49016700577301403,0.4665795329437575,0.48873801709469944,0.1463211178779602,0.2880000174045563,0.058000002056360245
paraboloid,11,100,7042,baseline,dec-side,0.2675459682941437,0.38187628984451294,0.6324620842933655,1.2099939584732056,1.372469425201416,1.043712464723293,1.9313421563787774,2.27610354953342,1.5457907789352592,0.7002279598850054,1.074484110376998,1.3419782080644613,1.5081149682717208,0.35411062836647034,0.2880000174045563,0.058000002056360245
paraboloid,11,100,7042,T+F,enc-pull,0.015293499454855919,0.031268514692783356,0.5867672562599182,0.9605050086975098,1.174501895904541,1.0252744699889869,1.6523618593320741,1.9585639105902777,1.324973526126366,0.6708777394274607,0.9758066564524444,1.1664615063661974,1.547438315328319,0.3483305871486664,0.2880000174045563,0.058000002056360245
paraboloid,11,100,7042,T+F,dec-side,0.015293499454855919,0.031268514692783356,0.5995782017707825,1.0666143894195557,1.3982186317443848,1.0516649153789235,1.855157202416724,2.464235093858507,2.0711560464158345,0.7461092123962175,1.1566386709461187,1.4921904351830255,2.1060221727319357,0.4235720932483673,0.2880000174045563,0.058000002056360245
paraboloid,11,100,8042,baseline,enc-pull,0.6600837707519531,1.022108554840088,0.5505295991897583,0.8771617412567139,0.8872247338294983,0.9708959034511021,1.3597716018866701,1.428272388599537,0.6703479456131707,0.39262049309368724,0.3787189131958133,0.5815064797536511,0.8230043015203201,0.15852680802345276,0.27000001072883606,0.058000002056360245
paraboloid,11,100,8042,baseline,dec-side,0.6600837707519531,1.022108554840088,0.6067899465560913,1.3203346729278564,1.6620062589645386,1.0472377368382044,2.004372244553942,2.6249263057002317,1.9688160945196804,0.6118816808704645,0.7950361413395501,1.589917751262376,2.3006269658827714,0.39261773228645325,0.27000001072883606,0.058000002056360245
paraboloid,11,100,8042,T+F,enc-pull,0.03868585824966431,0.1335815191268921,0.22929540276527405,0.4414297938346863,0.5839943885803223,0.4393336432320731,0.8163422390633104,0.9713320131655092,0.7394014687122413,0.37662297299188197,0.4417592229631445,0.7204005400864538,1.2735790015089559,0.28499338030815125,0.27000001072883606,0.058000002056360245
paraboloid,11,100,8042,T+F,dec-side,0.03868585824966431,0.1335815191268921,0.23747962713241577,0.4716310203075409,0.6772592663764954,0.45681735447474886,0.9365091284280991,1.210624525282118,1.0231482688398053,0.43863644888502384,0.5212978084073989,0.9841281166069533,1.7838357641059959,0.384182870388031,0.27000001072883606,0.058000002056360245
paraboloid,11,100,9042,baseline,enc-pull,0.4827767014503479,0.6309055089950562,0.19185654819011688,0.30900678038597107,0.3921874463558197,0.4240730722570209,0.5984345703125,0.6842347814681682,0.4536265403100978,0.23984392227372575,0.22341606418587395,0.3699049975355691,0.5705512082874146,0.10325907915830612,0.28200000524520874,0.04400000348687172
paraboloid,11,100,9042,baseline,dec-side,0.4827767014503479,0.6309055089950562,0.2217448353767395,0.4653063118457794,0.6153141260147095,0.45534451522491054,1.096288330078125,1.7709069218195923,1.7631653453604734,0.38265789263052913,0.4491810192391277,0.853693048057514,1.1224015817828252,0.41494742035865784,0.28200000524520874,0.04400000348687172
paraboloid,11,100,9042,T+F,enc-pull,0.0309595987200737,0.052949048578739166,0.2469162791967392,0.47913795709609985,0.6047250032424927,0.48035081367660726,0.9638377075195312,1.3245875581781914,1.2220186129229789,0.4222135189792375,0.4060360042503072,0.682557039308295,0.9768916404228497,0.3559221923351288,0.28200000524520874,0.04400000348687172
paraboloid,11,100,9042,T+F,dec-side,0.0309595987200737,0.052949048578739166,0.25463902950286865,0.5333033800125122,0.7535815834999084,0.49927456893584804,1.121927978515625,1.8393727836879432,1.8563683486924316,0.46643998662336505,0.5041477495220159,0.8911737387264816,1.3560820589415792,0.4378022253513336,0.28200000524520874,0.04400000348687172
hyperbolic_paraboloid,11,100,42,baseline,enc-pull,0.6574434041976929,0.5838490724563599,0.429813414812088,0.7426928877830505,0.6437334418296814,0.7748055574888641,1.2549881325628525,1.2330563136509487,0.4124524568019251,0.28866446927135064,0.40287572735542665,0.38873324680170385,0.4851822988769866,0.06047201156616211,0.2800000011920929,0.04200000315904617
hyperbolic_paraboloid,11,100,42,baseline,dec-side,0.6574434041976929,0.5838490724563599,0.4629540741443634,0.9927774667739868,1.0968132019042969,0.8118242633369293,1.6092857418203712,1.921938214983259,1.0028783339606688,0.3905479658279305,0.6135658404525405,0.8626230453889334,1.1853539691549195,0.2791641056537628,0.2800000011920929,0.04200000315904617
hyperbolic_paraboloid,11,100,42,T+F,enc-pull,0.018829362466931343,0.027661699801683426,0.39115411043167114,0.679889440536499,0.8154683709144592,0.7913995755541829,1.3788657511087288,1.5266351972307477,0.8480186842776035,0.393279094630035,0.5152577751130484,0.5265553351961633,0.9010097635565859,0.2169848382472992,0.2800000011920929,0.04200000315904617
hyperbolic_paraboloid,11,100,42,T+F,dec-side,0.018829362466931343,0.027661699801683426,0.3988039195537567,0.7276648283004761,0.9072811603546143,0.8052217955047676,1.5317726995711936,1.770848628452846,1.1817105211575363,0.4172004638978049,0.5665721899793089,0.6405706720717719,1.1047433613566073,0.2589985728263855,0.2800000011920929,0.04200000315904617
hyperbolic_paraboloid,11,100,1042,baseline,enc-pull,0.5322827100753784,0.4340980648994446,0.39022886753082275,0.5334627628326416,0.5126798748970032,0.7304467284068764,1.0449427494772305,1.1115897773896288,0.6457767764971734,0.2665835255128518,0.303951482032863,0.42949332837799586,0.6056913603729029,0.11184465140104294,0.2980000078678131,0.06200000271201134
hyperbolic_paraboloid,11,100,1042,baseline,dec-side,0.5322827100753784,0.4340980648994446,0.4247020483016968,0.677894651889801,0.7824834585189819,0.7719369051451141,1.3578825883262662,1.6189740072160759,0.8913188653761754,0.37652474501734157,0.49115288369484705,0.6436364331454545,0.9060652738709674,0.21815136075019836,0.2980000078678131,0.06200000271201134
hyperbolic_paraboloid,11,100,1042,T+F,enc-pull,0.017792154103517532,0.016589835286140442,0.6411142349243164,0.9501216411590576,1.134434700012207,1.0877487760344167,1.7924618632376859,2.036209004037332,0.9039587287516453,0.4558557491565173,0.628029491489475,0.6923293570198713,1.235219710810122,0.23588810861110687,0.2980000078678131,0.06200000271201134
hyperbolic_paraboloid,11,100,1042,T+F,dec-side,0.017792154103517532,0.016589835286140442,0.647396981716156,1.0040299892425537,1.2837393283843994,1.103124605786296,1.9481355461489311,2.3491999478948196,1.406686882524161,0.4858907845302114,0.6974329956804423,0.8783572001403518,1.6155322656111804,0.298572301864624,0.2980000078678131,0.06200000271201134
hyperbolic_paraboloid,11,100,2042,baseline,enc-pull,0.4991474747657776,0.5616125464439392,0.5951002836227417,1.0677099227905273,0.970684289932251,1.0567487080891926,1.59799073234437,1.6006354998825187,0.8353418207841425,0.39763239788725135,0.6075442296854817,0.840592817259002,1.0051370811245552,0.18217112123966217,0.26600000262260437,0.04800000041723251
hyperbolic_paraboloid,11,100,2042,baseline,dec-side,0.4991474747657776,0.5616125464439392,0.6281083226203918,1.2738192081451416,1.3062318563461304,1.1020450257418448,1.9264097667875744,2.0325753348214284,1.3042098973630507,0.4943745762776323,0.815352594991489,1.1225113046268618,1.3963605412351108,0.2961917817592621,0.26600000262260437,0.04800000041723251
hyperbolic_paraboloid,11,100,2042,T+F,enc-pull,0.01874537765979767,0.06575039029121399,0.5292932391166687,1.0477170944213867,0.8924519419670105,0.8817488017835116,1.5869486975291418,1.7900256393547345,1.0595192004303324,0.44735643578795015,0.7049036597195848,1.0294348272399583,1.049762759295496,0.2536051273345947,0.26600000262260437,0.04800000041723251
hyperbolic_paraboloid,11,100,2042,T+F,dec-side,0.01874537765979767,0.06575039029121399,0.5358698964118958,1.1262239217758179,1.0261541604995728,0.8896987647341009,1.6962925744435144,2.0131716620653197,1.293877465672868,0.4740434965517569,0.7753617806311622,1.1977724606083044,1.3035888348000209,0.30538100004196167,0.26600000262260437,0.04800000041723251
hyperbolic_paraboloid,11,100,3042,baseline,enc-pull,0.40575361251831055,0.3562623858451843,0.46236497163772583,0.6430559754371643,0.6701199412345886,0.869073499861419,1.1540834796962454,1.2019260630888098,0.5592266523820657,0.35767623105612184,0.3503488331316396,0.487364842352951,0.7109918929870513,0.10936900973320007,0.2720000147819519,0.05000000074505806
hyperbolic_paraboloid,11,100,3042,baseline,dec-side,0.40575361251831055,0.3562623858451843,0.5299137234687805,0.9088682532310486,1.1794583797454834,0.9513314325370704,1.58819580078125,1.8895272647633272,1.0902430060209007,0.525043685961566,0.6209808187666108,0.8838104076863834,1.4737995677762556,0.24802309274673462,0.2720000147819519,0.05000000074505806
hyperbolic_paraboloid,11,100,3042,T+F,enc-pull,0.01666310802102089,0.04956900328397751,0.4846506118774414,0.7842854261398315,0.823991060256958,0.931241528157913,1.4551076177340836,1.6382257798138786,0.9606861707579664,0.5378492299500812,0.6377271806855622,0.7799918906679397,1.1432049176795078,0.23276270925998688,0.2720000147819519,0.05000000074505806
hyperbolic_paraboloid,11,100,3042,T+F,dec-side,0.01666310802102089,0.04956900328397751,0.4944266080856323,0.8492240309715271,0.9893180727958679,0.9510511580169069,1.610238943526994,1.9625522389131433,1.358896068277899,0.5847725346414684,0.723364871839857,0.8922458011408277,1.4794192980446348,0.2802683413028717,0.2720000147819519,0.05000000074505806
hyperbolic_paraboloid,11,100,4042,baseline,enc-pull,0.39034926891326904,0.4863782525062561,0.5577695965766907,0.7649902701377869,0.711679995059967,0.9756845734900352,1.3593234437884707,1.2016241195354056,0.44263382126676226,0.3071545251856067,0.3577222391052594,0.42244688069476,0.7320944037891335,0.12640780210494995,0.28200000524520874,0.06000000238418579
hyperbolic_paraboloid,11,100,4042,baseline,dec-side,0.39034926891326904,0.4863782525062561,0.6094865202903748,1.030816674232483,1.2246452569961548,1.0606109552941974,1.728006651907256,2.068760648686835,1.2223953149455975,0.4520908638027922,0.6491386304748731,0.9105865493745907,1.4929826638321788,0.32038208842277527,0.28200000524520874,0.06000000238418579
hyperbolic_paraboloid,11,100,4042,T+F,enc-pull,0.014752103947103024,0.018471501767635345,0.7800624966621399,1.2847967147827148,1.5312994718551636,1.3219748805246747,2.1300920428651753,2.3063029837101063,1.5951152429127695,0.6230202611754675,0.9792942654460032,1.2130473644699802,2.0291389039142382,0.2934229075908661,0.28200000524520874,0.06000000238418579
hyperbolic_paraboloid,11,100,4042,T+F,dec-side,0.014752103947103024,0.018471501767635345,0.7899087071418762,1.3510339260101318,1.771083950996399,1.3441298478596122,2.255956013997396,2.666894574537345,2.121692823636327,0.6596600101748726,1.0684501193607658,1.446860033475722,2.666095605193149,0.328184574842453,0.28200000524520874,0.06000000238418579
hyperbolic_paraboloid,11,100,5042,baseline,enc-pull,0.4981499910354614,0.5403743982315063,0.7275723814964294,1.0213642120361328,0.9632987380027771,1.2292264498197116,1.6494509989045203,1.4928762746411701,0.44528605417482475,0.42561802064569676,0.467607839767311,0.37642049248205717,0.6727462641197299,0.09190718829631805,0.2580000162124634,0.06599999964237213
hyperbolic_paraboloid,11,100,5042,baseline,dec-side,0.4981499910354614,0.5403743982315063,0.8088880181312561,1.3744466304779053,1.4439491033554077,1.344010237809066,2.1455123169395756,2.2892550682836723,1.3706049091391705,0.6770668634221072,0.9577567510057414,1.2269654216691395,1.4669193834974548,0.3076838254928589,0.2580000162124634,0.06599999964237213
hyperbolic_paraboloid,11,100,5042,T+F,enc-pull,0.09330028295516968,0.2340470254421234,0.77211594581604,1.247637391090393,1.18643057346344,1.3288300566620879,2.0511997124365773,2.111946283384811,1.303417893108451,0.6491782734367684,0.8823429430861649,1.131499604411951,1.2695674458925772,0.31072762608528137,0.2580000162124634,0.06599999964237213
hyperbolic_paraboloid,11,100,5042,T+F,dec-side,0.09330028295516968,0.2340470254421234,0.7848300933837891,1.3265700340270996,1.3444063663482666,1.3467977335164836,2.1659009870127996,2.31681882873062,1.601653196637699,0.6961115918916911,0.9488711549936955,1.2799544984306555,1.6045614794072476,0.3215234875679016,0.2580000162124634,0.06599999964237213
hyperbolic_paraboloid,11,100,6042,baseline,enc-pull,0.4714927077293396,0.5795570611953735,0.37345659732818604,0.5118298530578613,0.46847033500671387,0.71009611558284,1.0472377266470843,1.039956485523897,0.6754617315071175,0.3190445462429823,0.37199028536202006,0.44847240009769423,0.5617304005340914,0.16167493164539337,0.2720000147819519,0.06000000238418579
hyperbolic_paraboloid,11,100,6042,baseline,dec-side,0.4714927077293396,0.5795570611953735,0.3899104595184326,0.6876990795135498,0.7922564744949341,0.7150350562276294,1.3175581083523007,1.4013782950008618,0.7746674764167275,0.364091015791799,0.5177813146355222,0.7131922070597101,0.9088497963320232,0.21885406970977783,0.2720000147819519,0.06000000238418579
hyperbolic_paraboloid,11,100,6042,T+F,enc-pull,0.02612643502652645,0.055699244141578674,0.3539086580276489,0.5561196804046631,0.49397051334381104,0.6637389061209389,1.1775250772791586,1.2099747377283432,0.6630301370666145,0.40744778299168827,0.48104827831555463,0.5431234163969569,0.5241853334754996,0.21639922261238098,0.2720000147819519,0.06000000238418579
hyperbolic_paraboloid,11,100,6042,T+F,dec-side,0.02612643502652645,0.055699244141578674,0.3604591190814972,0.632979691028595,0.6251912713050842,0.6733190057561261,1.2927997018408588,1.400442684397978,0.9294899406720448,0.4263827794909525,0.5395262991810995,0.7065498180686419,0.6648037800949954,0.25581812858581543,0.2720000147819519,0.06000000238418579
hyperbolic_paraboloid,11,100,7042,baseline,enc-pull,0.2882104516029358,0.3658999800682068,0.6091553568840027,0.8470627069473267,0.7430419921875,1.0605514459147853,1.39007568359375,1.3644614749484592,0.6774831288435725,0.4429356149473298,0.48016831871071697,0.49314221765074695,0.4689023526658119,0.15402467548847198,0.2880000174045563,0.058000002056360245
hyperbolic_paraboloid,11,100,7042,baseline,dec-side,0.2882104516029358,0.3658999800682068,0.6732172966003418,1.184997320175171,1.3362308740615845,1.1594379441853662,1.8202967381739354,2.1427298651801214,1.1349633778270296,0.6407590230068146,0.8402311555774485,1.2154849563138501,1.5417738191696677,0.23454152047634125,0.2880000174045563,0.058000002056360245
hyperbolic_paraboloid,11,100,7042,T+F,enc-pull,0.01911640539765358,0.035281743854284286,0.501027524471283,0.7860023379325867,0.8697826862335205,0.9081939831704295,1.5631026383284683,1.7123809390597873,0.83056521242756,0.421193029488574,0.5566840598531153,0.7612283043516593,1.0491016481753621,0.22695285081863403,0.2880000174045563,0.058000002056360245
hyperbolic_paraboloid,11,100,7042,T+F,dec-side,0.01911640539765358,0.035281743854284286,0.5124546885490417,0.839184045791626,0.9948821663856506,0.9275631001342236,1.7189536740928342,2.0522787306043835,1.3638070239412876,0.46928194923365546,0.655260268928427,0.9606672632414618,1.2345558110671677,0.2939615249633789,0.2880000174045563,0.058000002056360245
hyperbolic_paraboloid,11,100,8042,baseline,enc-pull,0.5241858959197998,0.5186721682548523,0.5192714333534241,0.8018525838851929,0.8053370714187622,0.9243338448660714,1.3568728118516598,1.3557791250723379,0.4561723812431209,0.27003625624483946,0.2611429870152625,0.387721378035419,0.6321853381572241,0.07652786374092102,0.27000001072883606,0.058000002056360245
hyperbolic_paraboloid,11,100,8042,baseline,dec-side,0.5241858959197998,0.5186721682548523,0.5815867185592651,1.127365231513977,1.3870134353637695,0.9885586329868862,1.6983661572468232,2.0364357277199074,1.2259584678640008,0.44018569486736225,0.5445652949263913,0.9560747332373072,1.5997750551157313,0.27837300300598145,0.27000001072883606,0.058000002056360245
hyperbolic_paraboloid,11,100,8042,T+F,enc-pull,0.028773324564099312,0.07542098313570023,0.5566626191139221,0.9418607354164124,0.9346559643745422,1.0905348914010184,1.5664178998638485,1.6871419270833334,0.6876516868406968,0.5232098661255371,0.6750906376598234,0.6488705500545587,0.8849746423526026,0.2152661383152008,0.27000001072883606,0.058000002056360245
hyperbolic_paraboloid,11,100,8042,T+F,dec-side,0.028773324564099312,0.07542098313570023,0.5660170316696167,1.0189367532730103,0.9988593459129333,1.108752931867327,1.6745223049306277,1.9008741590711806,1.0759020762105198,0.5730380846345992,0.784330373358285,0.9179573282538068,0.9795635943722543,0.2922331690788269,0.27000001072883606,0.058000002056360245
hyperbolic_paraboloid,11,100,9042,baseline,enc-pull,0.47575026750564575,0.5006213784217834,0.2170569896697998,0.3425070345401764,0.42490682005882263,0.4386905888628855,0.647393310546875,0.675873614372091,0.4608969401744047,0.23385211473568687,0.24265539081120566,0.39772057188842835,0.5852808515360067,0.05071430280804634,0.28200000524520874,0.04400000348687172
hyperbolic_paraboloid,11,100,9042,baseline,dec-side,0.47575026750564575,0.5006213784217834,0.24362438917160034,0.46760085225105286,0.7581853866577148,0.4671532046952437,0.988041015625,1.497496151755042,1.2070459763629482,0.32347398003302424,0.38946382948488656,0.5923666863378994,1.1161429316912714,0.34169623255729675,0.28200000524520874,0.04400000348687172
hyperbolic_paraboloid,11,100,9042,T+F,enc-pull,0.012955150566995144,0.03970621898770332,0.5031940937042236,1.0267904996871948,1.135850191116333,0.8746300247797357,1.486404296875,1.9978349834469193,1.1704121116733572,0.41965926516552615,0.56971694434337,0.9718133126486165,1.2360809245583773,0.2523842751979828,0.28200000524520874,0.04400000348687172
hyperbolic_paraboloid,11,100,9042,T+F,dec-side,0.012955150566995144,0.03970621898770332,0.5049131512641907,1.046820044517517,1.2108088731765747,0.8825803244166437,1.54780322265625,2.180623155959109,1.5008428223034855,0.43018260026886673,0.5804004421251554,1.0108219806625667,1.4567728559592164,0.3281961977481842,0.28200000524520874,0.04400000348687172
paraboloid,11,200,42,baseline,enc-pull,0.2159552276134491,0.1802324801683426,0.446105420589447,0.8525199890136719,0.7227380275726318,0.8185622591218332,1.3665991761630638,1.3148878914969309,0.3760677825731328,0.34054230252678824,0.4306637249031614,0.6648744365250057,0.5551822535922036,0.09449661523103714,0.2800000011920929,0.04200000315904617
paraboloid,11,200,42,baseline,dec-side,0.2159552276134491,0.1802324801683426,0.46667951345443726,1.0820677280426025,1.328576922416687,0.8429231027717845,1.8958355896455004,2.5499114990234375,2.0315967462975126,0.46209629459831997,0.7198585264760232,1.3592588865773088,2.2498594131649394,0.4141799509525299,0.2800000011920929,0.04200000315904617
paraboloid,11,200,42,T+F,enc-pull,0.010187256149947643,0.007947154343128204,0.5146613717079163,0.9080380797386169,0.948154091835022,0.9176392417177061,1.6645902475916354,2.0106144496372766,1.5294005690290202,0.524684817913039,0.835550501692137,1.168243823005459,1.167507544118072,0.3831561505794525,0.2800000011920929,0.04200000315904617
paraboloid,11,200,42,T+F,dec-side,0.010187256149947643,0.007947154343128204,0.5206003785133362,0.9655753374099731,1.1069995164871216,0.9322735418986637,1.8468830997782542,2.4928431919642855,2.1410341828396273,0.5562768045601598,0.9083008505150905,1.3361366336521776,1.7444326892287403,0.4469222128391266,0.2800000011920929,0.04200000315904617
paraboloid,11,200,1042,baseline,enc-pull,0.3232443630695343,0.5859716534614563,0.4602828919887543,0.7007951140403748,0.7492338418960571,0.7958548021210329,1.257813180689475,1.3469598757340604,0.6494440505601738,0.32360655292124935,0.35983110348390346,0.39178510797987465,0.7643007751557128,0.17263798415660858,0.2980000078678131,0.06200000271201134
paraboloid,11,200,1042,baseline,dec-side,0.3232443630695343,0.5859716534614563,0.5057999491691589,0.8855981230735779,0.9402180314064026,0.870855862419961,1.7598481018747096,2.092060473141254,1.6373652539213743,0.5670434014405615,0.8315677529984331,1.1162534429087028,1.5426035700072014,0.2811397612094879,0.2980000078678131,0.06200000271201134
paraboloid,11,200,1042,T+F,enc-pull,0.01104546245187521,0.009131394326686859,0.5392234921455383,0.9027886390686035,1.0058854818344116,0.947729301877436,1.719085126118146,1.9495120464555369,1.3364413821934524,0.5651601929069565,0.800943818778155,1.037563480689052,1.3435306484508862,0.3212970495223999,0.2980000078678131,0.06200000271201134
paraboloid,11,200,1042,T+F,dec-side,0.01104546245187521,0.009131394326686859,0.544812023639679,0.966533899307251,1.11490797996521,0.9708900366700306,1.9384688480192844,2.4165043158819213,2.1075594567220106,0.6081641936484762,0.8889092031273784,1.3299953617053408,1.7932274594441082,0.39776840806007385,0.2980000078678131,0.06200000271201134
paraboloid,11,200,2042,baseline,enc-pull,0.2216869294643402,0.22140052914619446,0.7396662831306458,1.2546520233154297,1.0552306175231934,1.2642029879385965,1.8477952745225694,1.6418463914914239,0.5085586727144437,0.6390197332460086,0.8090050619309063,1.0586713457253052,0.6856029991078835,0.12826146185398102,0.26600000262260437,0.04800000041723251
paraboloid,11,200,2042,baseline,dec-side,0.2216869294643402,0.22140052914619446,0.8248273730278015,1.6751329898834229,2.0019147396087646,1.4173171729372258,2.6626451280381946,2.9518974132107614,2.4963183477191357,1.0116155736332066,1.5479053951820048,2.46222807881819,3.282496851973805,0.44122758507728577,0.26600000262260437,0.04800000041723251
paraboloid,11,200,2042,T+F,enc-pull,0.008696643635630608,0.005973415449261665,0.7889911532402039,1.4927870035171509,1.3614486455917358,1.3919460898951481,2.452665056501116,2.2637528727825424,1.5354773609557828,0.9640062984711449,1.405207714551778,2.025998982363733,1.851576174646628,0.3585323095321655,0.26600000262260437,0.04800000041723251
paraboloid,11,200,2042,T+F,dec-side,0.008696643635630608,0.005973415449261665,0.8088223338127136,1.6637904644012451,1.782925009727478,1.4345968146073191,2.84832521468874,3.103472487370771,2.78206114700493,1.0590369572977951,1.6324059489164542,2.6636391180990975,3.575344358017256,0.446850448846817,0.26600000262260437,0.04800000041723251
paraboloid,11,200,3042,baseline,enc-pull,0.10802198946475983,0.07934420555830002,0.4444671869277954,0.7734129428863525,0.7864378094673157,0.8404391472725541,1.211408245029734,1.290018867043888,0.6102957544281178,0.3889824597245855,0.49917889648729186,0.7524400392822479,0.8806485497687706,0.12494372576475143,0.2720000147819519,0.05000000074505806
paraboloid,11,200,3042,baseline,dec-side,0.10802198946475983,0.07934420555830002,0.4751046597957611,0.9336341619491577,1.318192720413208,0.904970021046979,1.6109908374387827,2.1866010778090534,1.7164753432366224,0.5576215362257788,0.7172215719871105,1.4090323986095596,2.292711653844938,0.3427630066871643,0.2720000147819519,0.05000000074505806
paraboloid,11,200,3042,T+F,enc-pull,0.018238738179206848,0.24947328865528107,0.4590263366699219,0.7357913255691528,0.8115717172622681,0.9338761221807442,1.468322070676889,1.6990783915800207,1.2344256282032926,0.6180100022438341,0.6864767125981347,1.029916800736535,1.5473326636018059,0.29788997769355774,0.2720000147819519,0.05000000074505806
paraboloid,11,200,3042,T+F,dec-side,0.018238738179206848,0.24947328865528107,0.4687664210796356,0.7772440910339355,1.02727472782135,0.9623016560421286,1.628675090732859,2.111493278952206,1.8082652266747374,0.670423729251527,0.7957673977122403,1.1653022397529966,2.0232703068415403,0.3794250190258026,0.2720000147819519,0.05000000074505806
paraboloid,11,200,4042,baseline,enc-pull,0.29419055581092834,0.29972684383392334,0.5642980933189392,0.8353741765022278,0.7828775644302368,0.9835265980883948,1.454999981504498,1.3553367235981826,0.5899448319808919,0.3527389725839406,0.5461406624155184,0.6137728030729741,0.8236768366266727,0.1640138030052185,0.28200000524520874,0.06000000238418579
paraboloid,11,200,4042,baseline,dec-side,0.29419055581092834,0.29972684383392334,0.6020278334617615,1.0340747833251953,1.163345217704773,1.0656004800196583,1.9207009980172822,2.343288556903812,1.8448711529498651,0.5219057747591355,0.8621988514717226,1.2588711765204084,1.7563331652190108,0.3807385563850403,0.28200000524520874,0.06000000238418579
paraboloid,11,200,4042,T+F,enc-pull,0.0060346052050590515,0.007468752097338438,0.5868086218833923,0.9473910331726074,0.9802449941635132,1.041494837034809,1.7061365300958806,1.8776143391927083,1.3064666170514967,0.5577516738062221,0.9096289314065393,1.0647940674152878,1.3407545769588627,0.4136282801628113,0.28200000524520874,0.06000000238418579
paraboloid,11,200,4042,T+F,dec-side,0.0060346052050590515,0.007468752097338438,0.5905829071998596,0.9897533655166626,1.052711009979248,1.0589596299442448,1.8276349847966975,2.2260685913951685,1.800875696096516,0.5826190351322954,1.0096555120168904,1.2344408128983833,1.617805653985526,0.4659382700920105,0.28200000524520874,0.06000000238418579
paraboloid,11,200,5042,baseline,enc-pull,0.23141345381736755,0.11049212515354156,0.7404482960700989,1.114746332168579,0.9917116165161133,1.2509108323317308,1.756989088445572,1.5792184282642927,0.5626999066926706,0.6153444327376291,0.7071779409986739,0.7102929391121001,0.702915648559539,0.20394204556941986,0.2580000162124634,0.06599999964237213
paraboloid,11,200,5042,baseline,dec-side,0.23141345381736755,0.11049212515354156,0.8052822351455688,1.5736474990844727,1.7231568098068237,1.375202422089629,2.516465978868773,2.8095953889595444,2.367573392022642,0.9130650135222842,1.3127409048063359,1.9308471543076695,2.07989881987932,0.44200849533081055,0.2580000162124634,0.06599999964237213
paraboloid,11,200,5042,T+F,enc-pull,0.011880292557179928,0.010418763384222984,0.5350911021232605,0.9357707500457764,0.8367651700973511,0.9435681018200549,1.5916286341818495,1.4709347273952278,0.9130064474066514,0.7103865065631694,0.9384514051848193,1.2201003835775304,0.9617847749475041,0.30729809403419495,0.2580000162124634,0.06599999964237213
paraboloid,11,200,5042,T+F,dec-side,0.011880292557179928,0.010418763384222984,0.5439244508743286,1.0053173303604126,0.9291850924491882,0.965241954090831,1.763320078269142,1.842477842818859,1.5154223550873653,0.7730627422571561,1.06679904412477,1.590714407054338,1.2791347594193483,0.37156131863594055,0.2580000162124634,0.06599999964237213
paraboloid,11,200,6042,baseline,enc-pull,0.23344925045967102,0.18366053700447083,0.37573447823524475,0.5737202167510986,0.55167156457901,0.6616433433499105,1.085045401505598,1.0768125197466683,0.5271259265226316,0.30231226940991585,0.34117707029039274,0.43911558906631926,0.592348801143452,0.11680183559656143,0.2720000147819519,0.06000000238418579
paraboloid,11,200,6042,baseline,dec-side,0.23344925045967102,0.18366053700447083,0.39703842997550964,0.7673537135124207,0.8570457100868225,0.6929378425497316,1.4400514617679625,1.6474990844726562,1.3916132986481256,0.42602390180119754,0.618954862290413,0.9260939043596228,1.3262757160954592,0.32700464129447937,0.2720000147819519,0.06000000238418579
paraboloid,11,200,6042,T+F,enc-pull,0.011200452223420143,0.03198010474443436,0.37591251730918884,0.637958824634552,0.6277844905853271,0.6520467077582943,1.2104715662678396,1.2905682956471163,0.8858718450600888,0.41689915531496086,0.5356760445747069,0.7640871568460157,0.6333503666477834,0.2964023947715759,0.2720000147819519,0.06000000238418579
paraboloid,11,200,6042,T+F,dec-side,0.011200452223420143,0.03198010474443436,0.3797473907470703,0.689690113067627,0.7105010747909546,0.6586102052932269,1.319156676765502,1.4795446956858915,1.206746612282257,0.4500627973100951,0.6185701482504288,0.9254112793864295,0.7695633005351663,0.35231074690818787,0.2720000147819519,0.06000000238418579
paraboloid,11,200,7042,baseline,enc-pull,0.1619078516960144,0.1336364448070526,0.5105041861534119,0.777245044708252,0.9144334197044373,0.8742866011968268,1.3485078357514881,1.4472755855984158,0.562106654308086,0.4547300517874086,0.4898124395720414,0.44671689383452945,0.6735048997245386,0.130790114402771,0.2880000174045563,0.058000002056360245
paraboloid,11,200,7042,baseline,dec-side,0.1619078516960144,0.1336364448070526,0.5581598877906799,1.063847541809082,1.384833574295044,0.9400101044104487,1.763223613138164,2.3238016764322915,1.6804816596335688,0.7235504838879981,1.042354616745785,1.285227856790306,1.7139027660876902,0.41303786635398865,0.2880000174045563,0.058000002056360245
paraboloid,11,200,7042,T+F,enc-pull,0.00756208598613739,0.00706571526825428,0.5319796204566956,0.9295908212661743,1.1012184619903564,0.934286041931959,1.6872842530191163,1.9752025604248047,1.303352907494985,0.695948005838907,0.9751151128145024,1.144450392809606,1.2798549895677716,0.3775816261768341,0.2880000174045563,0.058000002056360245
paraboloid,11,200,7042,T+F,dec-side,0.00756208598613739,0.00706571526825428,0.5396692752838135,0.9989029765129089,1.2072432041168213,0.9529292572962555,1.8357984382154304,2.270106421576606,1.7595671895746416,0.7462173931831803,1.11876591776931,1.4431827933125847,1.6951407274762802,0.43929818272590637,0.2880000174045563,0.058000002056360245
paraboloid,11,200,8042,baseline,enc-pull,0.21868367493152618,0.19307991862297058,0.55972820520401,0.8749257326126099,0.9421414136886597,0.9834621974400112,1.3504651334770488,1.425578929759838,0.4747166144266314,0.41318267419342936,0.45403504516830906,0.5605273505241559,0.7243919156167825,0.08938348293304443,0.27000001072883606,0.058000002056360245
paraboloid,11,200,8042,baseline,dec-side,0.21868367493152618,0.19307991862297058,0.6067265868186951,1.2086881399154663,1.5494109392166138,1.0623764310564314,1.9275515227891598,2.402567093460648,1.7168569808337577,0.6182804942409833,0.8026847659666335,1.5214511091889915,2.1055410295972488,0.37976527214050293,0.27000001072883606,0.058000002056360245
paraboloid,11,200,8042,T+F,enc-pull,0.010949956253170967,0.02975941076874733,0.21916502714157104,0.4516846835613251,0.6668624877929688,0.44695895058768137,0.8839039149620721,1.149335507993345,0.8173732149158314,0.4200453872006333,0.43518518175345594,0.7860465502523755,1.4334371449514736,0.31316572427749634,0.27000001072883606,0.058000002056360245
paraboloid,11,200,8042,T+F,dec-side,0.010949956253170967,0.02975941076874733,0.22538180649280548,0.5026990175247192,0.8007583618164062,0.4652793066842215,1.0236499200718037,1.53260498046875,1.404582170519729,0.46668577600989386,0.5054780278737494,0.9332900703924946,1.796233777957979,0.4120210111141205,0.27000001072883606,0.058000002056360245
paraboloid,11,200,9042,baseline,enc-pull,0.29514768719673157,0.2327197641134262,0.18835730850696564,0.3274824619293213,0.4436946511268616,0.41767059863926553,0.594959228515625,0.6980943071081284,0.4315305621972404,0.2666613748747709,0.2363533091183991,0.3786705695258377,0.6877477806246858,0.11221655458211899,0.28200000524520874,0.04400000348687172
paraboloid,11,200,9042,baseline,dec-side,0.29514768719673157,0.2327197641134262,0.2096182107925415,0.44391876459121704,0.6221801042556763,0.46304717883139457,1.1550980224609375,1.8524775944703014,1.8225728650142627,0.4214043843242043,0.48137983226843445,0.8432878063593022,1.184768091887593,0.4526696503162384,0.28200000524520874,0.04400000348687172
paraboloid,11,200,9042,T+F,enc-pull,0.03570862114429474,0.2583862841129303,0.30740469694137573,0.5447190403938293,0.5910578370094299,0.5335189214361922,1.063085693359375,1.3550893364223182,1.0415523906006536,0.38911680946642374,0.38105482896486315,0.6432916088703928,0.6422077470240056,0.34402889013290405,0.28200000524520874,0.04400000348687172
paraboloid,11,200,9042,T+F,dec-side,0.03570862114429474,0.2583862841129303,0.312279611825943,0.5410188436508179,0.5858221054077148,0.5481385218414441,1.112036376953125,1.5724835767813607,1.4255435838541757,0.4117152060079324,0.4001837397084291,0.6350308918826476,0.6865836294324993,0.3986329734325409,0.28200000524520874,0.04400000348687172
hyperbolic_paraboloid,11,200,42,baseline,enc-pull,0.21898160874843597,0.16002488136291504,0.4406066834926605,0.7971483469009399,0.6894943714141846,0.7880348256542317,1.29613959520383,1.3425156729561942,0.38642602275514576,0.29709188889997695,0.42898822300648004,0.44038632580740394,0.49353679148877416,0.09313572943210602,0.2800000011920929,0.04200000315904617
hyperbolic_paraboloid,11,200,42,baseline,dec-side,0.21898160874843597,0.16002488136291504,0.4541034996509552,1.0277926921844482,1.295008659362793,0.8093945475622912,1.6870207822412477,2.105370657784598,1.2434688854943927,0.3728294661043308,0.6051532612286623,0.9237487836055226,1.478101422885989,0.3048816919326782,0.2800000011920929,0.04200000315904617
hyperbolic_paraboloid,11,200,42,T+F,enc-pull,0.008659553714096546,0.007801122032105923,0.3509422242641449,0.7721458077430725,1.0637130737304688,0.631982068442024,1.247278428615484,1.319229234967913,0.6128993316034749,0.26683309557040125,0.40305783917921356,0.623395459776954,1.214630442326329,0.21425868570804596,0.2800000011920929,0.04200000315904617
hyperbolic_paraboloid,11,200,42,T+F,dec-side,0.008659553714096546,0.007801122032105923,0.3519744575023651,0.7782925367355347,1.106673002243042,0.6337996654892817,1.278804922462406,1.3805371965680804,0.691299297813834,0.2741083497053606,0.4303736165171562,0.6523759246319938,1.313113566551788,0.2963816821575165,0.2800000011920929,0.04200000315904617
hyperbolic_paraboloid,11,200,1042,baseline,enc-pull,0.18332882225513458,0.2571259140968323,0.17074432969093323,0.30507710576057434,0.3968650996685028,0.3523444704595281,0.5867275535838755,0.6760221135696308,0.48191740409409795,0.16721788759741488,0.2253911195735902,0.3279345620562475,0.5386588220077388,0.056780412793159485,0.2980000078678131,0.06200000271201134
hyperbolic_paraboloid,11,200,1042,baseline,dec-side,0.18332882225513458,0.2571259140968323,0.18070770800113678,0.38879817724227905,0.6519851684570312,0.3665672251270184,0.8755235636544494,1.3208645814217177,1.2546549688862614,0.2221734779664729,0.34030470495713744,0.6093243323860001,1.1105164760871544,0.2930120825767517,0.2980000078678131,0.06200000271201134
hyperbolic_paraboloid,11,200,1042,T+F,enc-pull,0.030496329069137573,0.02607046440243721,0.20605313777923584,0.3552875518798828,0.41885867714881897,0.39229395129367345,0.7577731334587012,0.9666138719392303,0.788874298836312,0.21876079943776106,0.3204269277763619,0.42948836912510147,0.7155213704019387,0.2557067275047302,0.2980000078678131,0.06200000271201134
hyperbolic_paraboloid,11,200,1042,T+F,dec-side,0.030496329069137573,0.02607046440243721,0.2124151736497879,0.4088727831840515,0.5293338894844055,0.403356743283686,0.860175944615474,1.1761666112298133,1.0878132293922842,0.23722709834335542,0.3678991426361345,0.5434823167669869,0.8562525632176343,0.2810460329055786,0.2980000078678131,0.06200000271201134
hyperbolic_paraboloid,11,200,2042,baseline,enc-pull,0.25953954458236694,0.24542388319969177,0.5708503127098083,0.9358233213424683,0.7169320583343506,1.0257058394582648,1.456706334674169,1.4268916997694432,0.652664481509705,0.43929597268816767,0.6007344036218759,0.7560139906326582,0.6033149640789011,0.15361237525939941,0.26600000262260437,0.04800000041723251
hyperbolic_paraboloid,11,200,2042,baseline,dec-side,0.25953954458236694,0.24542388319969177,0.630199134349823,1.2826834917068481,1.2980334758758545,1.1102031239292078,1.9605335053943453,2.1896073190789473,1.596468018828067,0.6253597065792507,0.9233882487868582,1.389565095088133,1.6155524841995346,0.280473917722702,0.26600000262260437,0.04800000041723251
hyperbolic_paraboloid,11,200,2042,T+F,enc-pull,0.015928607434034348,0.027853872627019882,0.2690295875072479,0.5441513061523438,0.7361182570457458,0.4966569867050439,1.0486639113653273,1.2123656308740602,0.7801261775171423,0.2676405027263223,0.4030157627507227,0.607347376786924,0.9783442176441381,0.32053014636039734,0.26600000262260437,0.04800000041723251
hyperbolic_paraboloid,11,200,2042,T+F,dec-side,0.015928607434034348,0.027853872627019882,0.2732844054698944,0.5704855918884277,0.8022934198379517,0.5074136633622018,1.1646469358413938,1.4227914451656485,1.1406187331765856,0.28434513464435457,0.4372048349475765,0.7046546038696594,1.2150179869886297,0.3440931439399719,0.26600000262260437,0.04800000041723251
hyperbolic_paraboloid,11,200,3042,baseline,enc-pull,0.23047062754631042,0.19322499632835388,0.5070469975471497,0.8023697137832642,0.823370099067688,0.9254982688210227,1.2980310240788246,1.3696248671587776,0.6013729894878638,0.383489522350672,0.4002687010442515,0.5748865810964119,0.7515200977696368,0.11272900551557541,0.2720000147819519,0.05000000074505806
hyperbolic_paraboloid,11,200,3042,baseline,dec-side,0.23047062754631042,0.19322499632835388,0.5542384386062622,0.996607780456543,1.2263058423995972,1.0143117968100401,1.7553335161351447,2.0930826523724724,1.3032039237179442,0.5433676753748006,0.6745112647075564,1.0211731730796614,1.6204431111473316,0.2846415936946869,0.2720000147819519,0.05000000074505806
hyperbolic_paraboloid,11,200,3042,T+F,enc-pull,0.005010816268622875,0.013981519266963005,0.5427369475364685,0.8962647914886475,0.8694435954093933,1.0186172113185976,1.5978805769735307,1.8096452600815718,0.8568697622239524,0.5701167810930408,0.6578429840388463,0.8102159043001154,0.9959562606169678,0.22904449701309204,0.2720000147819519,0.05000000074505806
hyperbolic_paraboloid,11,200,3042,T+F,dec-side,0.005010816268622875,0.013981519266963005,0.5517943501472473,0.9621281623840332,1.0046550035476685,1.0359451057112665,1.7563229461214436,2.12255859375,1.3931545851718536,0.61280986329595,0.7374574458179626,0.9734128229590129,1.4601525695982993,0.29200097918510437,0.2720000147819519,0.05000000074505806
hyperbolic_paraboloid,11,200,4042,baseline,enc-pull,0.24238257110118866,0.2607576549053192,0.5746399164199829,0.8757672905921936,0.8228678703308105,1.0082871443278878,1.4442077405524976,1.3625222064079123,0.487715266760317,0.33809626304689167,0.426518607601343,0.6059597941281977,0.7462701292746994,0.17569951713085175,0.28200000524520874,0.06000000238418579
hyperbolic_paraboloid,11,200,4042,baseline,dec-side,0.24238257110118866,0.2607576549053192,0.6128185987472534,1.072762131690979,1.2515556812286377,1.094124949159436,1.8326145518909802,2.233852954621011,1.4656463334796337,0.47729352164921673,0.7012442953252892,1.0312090948903396,1.5548546309868754,0.34543749690055847,0.28200000524520874,0.06000000238418579
hyperbolic_paraboloid,11,200,4042,T+F,enc-pull,0.018185637891292572,0.09008212387561798,0.5929712057113647,0.9093329310417175,1.0671541690826416,1.0831729119356697,1.663395274769176,1.5698171845564606,0.7566926863981186,0.5048256699710978,0.61713686996476,0.6437597379704979,1.193585518295361,0.21296396851539612,0.28200000524520874,0.06000000238418579
hyperbolic_paraboloid,11,200,4042,T+F,dec-side,0.018185637891292572,0.09008212387561798,0.5998167395591736,0.9421319961547852,1.1892329454421997,1.1013654266158825,1.765634941332268,1.8307192105773493,1.1763887783366505,0.5360621004426684,0.699080221575434,0.8228900338921783,1.5987579203536966,0.28549298644065857,0.28200000524520874,0.06000000238418579
hyperbolic_paraboloid,11,200,5042,baseline,enc-pull,0.166107177734375,0.2457118034362793,0.7278861999511719,1.0796180963516235,1.0550639629364014,1.2290908310439561,1.6683285421111047,1.5456710933714874,0.47840233493533657,0.41241274107980175,0.4548439911620716,0.41317053465125175,0.7536042288733777,0.12807497382164001,0.2580000162124634,0.06599999964237213
hyperbolic_paraboloid,11,200,5042,baseline,dec-side,0.166107177734375,0.2457118034362793,0.802886426448822,1.3775901794433594,1.4107779264450073,1.3491271301940246,2.1830059206353782,2.3211319797722867,1.4763203078028295,0.6713695057975895,0.9586916998673298,1.2521063480320096,1.4534196415089224,0.32228392362594604,0.2580000162124634,0.06599999964237213
hyperbolic_paraboloid,11,200,5042,T+F,enc-pull,0.010766198858618736,0.010777109302580357,0.5014864802360535,1.0259166955947876,1.247968077659607,0.9002708351219093,1.5804046968692342,1.6795734730801841,1.0146519730710806,0.41783158427897693,0.7016837108409039,0.9472905164077862,1.4821923131823593,0.26049748063087463,0.2580000162124634,0.06599999964237213
hyperbolic_paraboloid,11,200,5042,T+F,dec-side,0.010766198858618736,0.010777109302580357,0.5043336749076843,1.0682713985443115,1.4092004299163818,0.9102725521548763,1.6528059055004614,1.8948432863220688,1.3442510355378587,0.4312054697184002,0.7365470599722228,1.0573945192705454,1.8032458753926517,0.31043553352355957,0.2580000162124634,0.06599999964237213
hyperbolic_paraboloid,11,200,6042,baseline,enc-pull,0.2810778021812439,0.20304468274116516,0.18196605145931244,0.3993457555770874,0.5168778300285339,0.3901760084513526,0.6079690888172059,0.7167350544649012,0.4456034999800527,0.19708487479464165,0.24880417884884076,0.49851267988909437,0.6556106041054166,0.10740023106336594,0.2720000147819519,0.06000000238418579
hyperbolic_paraboloid,11,200,6042,baseline,dec-side,0.2810778021812439,0.20304468274116516,0.19404882192611694,0.44852885603904724,0.7382112145423889,0.4113909011370285,0.872734970933809,1.3173758562873392,1.2722493927047287,0.2575857287225157,0.33610915974339167,0.6867602565099328,1.385115006477028,0.31429216265678406,0.2720000147819519,0.06000000238418579
hyperbolic_paraboloid,11,200,6042,T+F,enc-pull,0.009382635354995728,0.02259746566414833,0.36207491159439087,0.5645050406455994,0.5486473441123962,0.6717210677226735,1.1722454161155882,1.2751828361960018,0.5882120299428392,0.3987821575228779,0.4312712971107634,0.531529532673804,0.4829327039658619,0.21254625916481018,0.2720000147819519,0.06000000238418579
hyperbolic_paraboloid,11,200,6042,T+F,dec-side,0.009382635354995728,0.02259746566414833,0.36846375465393066,0.599208652973175,0.5920673608779907,0.6833301157678277,1.26204158752922,1.4102491490981157,0.8954470579164511,0.4432185260340399,0.5305102741225202,0.6459529970249053,0.5206229668799273,0.25730523467063904,0.2720000147819519,0.06000000238418579
hyperbolic_paraboloid,11,200,7042,baseline,enc-pull,0.1556367576122284,0.14153489470481873,0.5781203508377075,0.8046897053718567,0.8124326467514038,0.9822163182733342,1.4341929229624542,1.413678699069553,0.5751555119064428,0.35932720865887857,0.4028640118921904,0.36863882150225874,0.5678407988595552,0.07345590740442276,0.2880000174045563,0.058000002056360245
hyperbolic_paraboloid,11,200,7042,baseline,dec-side,0.1556367576122284,0.14153489470481873,0.6255354285240173,0.9955663681030273,1.1112195253372192,1.0689447209698513,1.8001905727735805,2.0907770792643228,1.2660563790792732,0.5192927231130224,0.7848177406075998,0.8987644801102798,1.1061819849707735,0.2530865967273712,0.2880000174045563,0.058000002056360245
hyperbolic_paraboloid,11,200,7042,T+F,enc-pull,0.008673978969454765,0.03957486152648926,0.6140108704566956,0.9052382707595825,0.9730233550071716,1.0706721906619976,1.7027659433665292,1.7767980363633897,0.8997883459146051,0.5364558299275283,0.7458077013401639,0.8324270648075276,0.965379409967391,0.17848867177963257,0.2880000174045563,0.058000002056360245
hyperbolic_paraboloid,11,200,7042,T+F,dec-side,0.008673978969454765,0.03957486152648926,0.6230236887931824,0.9673362374305725,1.0783835649490356,1.0887289173277463,1.842662322215545,2.0956654018825955,1.3695510159105995,0.5748909127191933,0.8435462953009174,1.0168712004793112,1.3122670572960975,0.2619543671607971,0.2880000174045563,0.058000002056360245
hyperbolic_paraboloid,11,200,8042,baseline,enc-pull,0.25276634097099304,0.15326298773288727,0.5411057472229004,0.8505841493606567,0.8168795704841614,0.9443388666425433,1.3952018769450207,1.3828857421875,0.4192321759522416,0.30958653195332736,0.31334811348906333,0.4359789645165267,0.7516202881036849,0.060482852160930634,0.27000001072883606,0.058000002056360245
hyperbolic_paraboloid,11,200,8042,baseline,dec-side,0.25276634097099304,0.15326298773288727,0.5896982550621033,1.114268183708191,1.3333501815795898,1.0225985390799386,1.7384475138177515,1.9999997739438657,1.1650637203588114,0.46225032494649354,0.5645428845206822,0.9718348692980217,1.5781717492105038,0.2748045325279236,0.27000001072883606,0.058000002056360245
hyperbolic_paraboloid,11,200,8042,T+F,enc-pull,0.006912405136972666,0.017371781170368195,0.6518305540084839,1.0915415287017822,1.1567139625549316,1.1785875047956194,1.771829059015171,1.9437212908709491,1.1351220961070903,0.5891706678310337,0.726010534627218,0.9816289473725925,1.1933257688501697,0.23865292966365814,0.27000001072883606,0.058000002056360245
hyperbolic_paraboloid,11,200,8042,T+F,dec-side,0.006912405136972666,0.017371781170368195,0.6602354049682617,1.1894627809524536,1.2769991159439087,1.1979191643851144,1.952360034483597,2.227897135416667,1.6356697264690796,0.6314694007139647,0.8139395687951884,1.3020846730179934,1.614719254172497,0.2948116958141327,0.27000001072883606,0.058000002056360245
hyperbolic_paraboloid,11,200,9042,baseline,enc-pull,0.18273869156837463,0.18959632515907288,0.1930442601442337,0.34636929631233215,0.4776689410209656,0.41032920534915335,0.610440673828125,0.6540646925040171,0.43066574883816017,0.2272194756321038,0.2349964221549351,0.3716866495668345,0.6379248264341225,0.06594418734312057,0.28200000524520874,0.04400000348687172
hyperbolic_paraboloid,11,200,9042,baseline,dec-side,0.18273869156837463,0.18959632515907288,0.21302936971187592,0.3935867249965668,0.6152697801589966,0.4494582524908797,0.91744482421875,1.3381884419326242,1.1608645809203617,0.3072459181443828,0.34488683688608,0.5321199600007824,1.0496798483433334,0.3320068418979645,0.28200000524520874,0.04400000348687172
hyperbolic_paraboloid,11,200,9042,T+F,enc-pull,0.034088775515556335,0.17057311534881592,0.6308484673500061,1.1559762954711914,1.2067546844482422,1.128131076627891,1.7601090087890625,2.1295512314383864,1.034306289307591,0.5772322252960702,0.6852310446653312,1.1163275066455256,1.2740231351865483,0.20127643644809723,0.28200000524520874,0.04400000348687172
hyperbolic_paraboloid,11,200,9042,T+F,dec-side,0.034088775515556335,0.17057311534881592,0.642512321472168,1.2469408512115479,1.5542575120925903,1.1576629504233205,1.948167236328125,2.6714897426307624,1.9583385471633208,0.6325161473767145,0.7986695346877215,1.5008322267687855,2.306515552629195,0.28179582953453064,0.28200000524520874,0.04400000348687172
paraboloid,201,20,42,baseline,enc-pull,5.5762553215026855,21.482192993164062,0.3212895095348358,0.5477716326713562,0.6441769599914551,0.7496995819703508,1.0427732539356203,1.0757040841238839,0.9182912975269649,0.44975155603200834,0.49248700351696867,0.7782123686566838,0.8974277579745897,0.24148482084274292,0.2800000011920929,0.04200000315904617
paraboloid,201,20,42,baseline,dec-side,5.5762553215026855,21.482192993164062,0.32690438628196716,0.6864644289016724,0.8850660920143127,0.752667195547397,1.3818806813175517,1.7709274291992188,1.4192609229518844,0.44214071248503206,0.4884831239741394,0.7776063772743689,1.1738457871481944,0.3362831175327301,0.2800000011920929,0.04200000315904617
paraboloid,201,20,42,T+F,enc-pull,1.97011399269104,7.46231746673584,0.6886618733406067,1.1413146257400513,1.2922487258911133,1.3212690799432767,1.9700418343221335,2.263716779436384,1.421209396621553,0.7582148555993892,0.9573590052260853,1.2522620900542334,1.9175353386939986,0.39888259768486023,0.2800000011920929,0.04200000315904617
paraboloid,201,20,42,T+F,dec-side,1.97011399269104,7.46231746673584,0.7195351123809814,1.3787039518356323,1.6653858423233032,1.3684828318572522,2.347784974521264,2.9563092912946427,2.2558875746135136,0.8483515545661814,1.190410131316486,1.8035082784536867,2.975335001430486,0.44216814637184143,0.2800000011920929,0.04200000315904617
paraboloid,201,20,1042,baseline,enc-pull,9.335455894470215,31.23298454284668,0.7348278164863586,0.9119955897331238,1.0250794887542725,1.1821861352049694,1.659164825779798,1.8026774361629614,1.001592695672125,0.49707868354224655,0.611558250143329,0.5772719783690888,0.6281328040715524,0.24837659299373627,0.2980000078678131,0.06200000271201134
paraboloid,201,20,1042,baseline,dec-side,9.335455894470215,31.23298454284668,0.7834539413452148,1.2163364887237549,1.4727321863174438,1.2335714837225082,2.0833256944847816,2.4098928566747064,1.4069091640193119,0.6236545526571947,0.8856555884758852,1.2133236362574769,1.4105039509960897,0.2953703999519348,0.2980000078678131,0.06200000271201134
paraboloid,201,20,1042,T+F,enc-pull,1.475466012954712,2.542098045349121,0.5001952052116394,0.7153939008712769,0.9773303866386414,0.9073573327011414,1.4078523430239311,1.6046197878434354,1.023981188865647,0.6123557737705746,0.8455366732550917,0.8993008139149998,1.268068410756758,0.22898517549037933,0.2980000078678131,0.06200000271201134
paraboloid,201,20,1042,T+F,dec-side,1.475466012954712,2.542098045349121,0.5256664752960205,0.8872633576393127,1.4622687101364136,0.9588574110001392,1.7318440830840498,2.3558476595270554,2.019478013490272,0.7704501599216818,1.2368965837844863,1.5604785636193081,2.6828007489837766,0.3362242877483368,0.2980000078678131,0.06200000271201134
paraboloid,201,20,2042,baseline,enc-pull,4.922497749328613,13.575977325439453,0.35245266556739807,0.5935122966766357,0.6812388896942139,0.726730279755174,1.1817515539744543,1.3280848452919407,1.0309689617528215,0.44226021844831803,0.46783884941740944,0.7327110057384241,0.9915094386539778,0.20752182602882385,0.26600000262260437,0.04800000041723251
paraboloid,201,20,2042,baseline,dec-side,4.922497749328613,13.575977325439453,0.3335948884487152,0.5599740147590637,0.7014874219894409,0.7149412590160704,1.1411883641803076,1.5013393316053807,1.2283553796624747,0.44733357269780677,0.465921886054984,0.7421929888545131,1.0920945946176963,0.34935081005096436,0.26600000262260437,0.04800000041723251
paraboloid,201,20,2042,T+F,enc-pull,0.9860384464263916,1.6160372495651245,0.24166817963123322,0.42069682478904724,0.43745896220207214,0.564327039216694,0.8652727641756572,0.9578288372297933,0.769710519162342,0.3460171567196562,0.4428044402887613,0.6246473005365354,0.6150551994228212,0.21757875382900238,0.26600000262260437,0.04800000041723251
paraboloid,201,20,2042,T+F,dec-side,0.9860384464263916,1.6160372495651245,0.2442684918642044,0.5307077169418335,0.8805446028709412,0.556834103768332,1.1262261526925224,1.525429173519737,1.593374450322125,0.393517923781898,0.5162401028374147,1.079922901508899,1.8391676697953703,0.41548559069633484,0.26600000262260437,0.04800000041723251
paraboloid,201,20,3042,baseline,enc-pull,6.6313018798828125,13.113975524902344,0.22355058789253235,0.33076977729797363,0.458469420671463,0.6393781776174473,0.8264056533130247,0.9089237661922679,0.6535669155024586,0.41209312949318644,0.4315371402430677,0.5415205226967471,0.8445811607158502,0.23457200825214386,0.2720000147819519,0.05000000074505806
paraboloid,201,20,3042,baseline,dec-side,6.6313018798828125,13.113975524902344,0.2748677730560303,0.6667128205299377,1.25911545753479,0.6874609564466116,1.2465327248644473,2.0759863011977253,2.0211287024870708,0.5118956853612424,0.5978306578544801,0.9939462049731947,1.8505775117304888,0.39909592270851135,0.2720000147819519,0.05000000074505806
paraboloid,201,20,3042,T+F,enc-pull,0.7000296115875244,0.9106422066688538,0.18860116600990295,0.2952181398868561,0.3957509398460388,0.5919913484357677,0.8041324900157416,0.8997023526360007,0.6028018327159513,0.4000202834882025,0.42077816806395407,0.5707338931562843,0.8619828982238827,0.26241129636764526,0.2720000147819519,0.05000000074505806
paraboloid,201,20,3042,T+F,dec-side,0.7000296115875244,0.9106422066688538,0.20826183259487152,0.5044680237770081,0.8827246427536011,0.5910464538438885,1.0923098663785564,1.7591093848733341,1.908620488864798,0.441975780058858,0.49309623665090774,1.067356780567428,1.9471223015875192,0.4589386582374573,0.2720000147819519,0.05000000074505806
paraboloid,201,20,4042,baseline,enc-pull,7.8972859382629395,32.76221466064453,0.5398789048194885,0.6753679513931274,0.6015965938568115,0.9767790357875203,1.2632611592610676,1.1108846461519282,0.6976936560858857,0.49242557986887964,0.569123756780736,0.5488358230162744,0.6578065396217823,0.17884595692157745,0.28200000524520874,0.06000000238418579
paraboloid,201,20,4042,baseline,dec-side,7.8972859382629395,32.76221466064453,0.5665170550346375,0.8977140188217163,0.8917141556739807,0.9933090375457565,1.5396185210256865,1.577637584496897,1.0597947236445262,0.5590221834489085,0.7618870065825311,0.7514602421288437,0.9291273465126283,0.26213836669921875,0.28200000524520874,0.06000000238418579
paraboloid,201,20,4042,T+F,enc-pull,1.331188678741455,2.248904228210449,0.5367510318756104,0.7476021647453308,0.8012362122535706,0.8899248830667028,1.3139298178932883,1.3415613918439717,0.47198166301286865,0.4173612313834956,0.585238333768339,0.4124409887247906,0.8602842179728192,0.18796862661838531,0.28200000524520874,0.06000000238418579
paraboloid,201,20,4042,T+F,dec-side,1.331188678741455,2.248904228210449,0.5600096583366394,0.8373383283615112,1.0297940969467163,0.920111335539249,1.5577098962032434,1.8683497652094414,1.2797936587745524,0.5196262394804373,0.846151152452942,0.6354722636616149,1.4836873894593177,0.4097673296928406,0.28200000524520874,0.06000000238418579
paraboloid,201,20,5042,baseline,enc-pull,7.49368953704834,30.15866470336914,0.5178347229957581,0.7469755411148071,0.6355785131454468,0.933610115470467,1.394197020583487,1.2758124299751696,0.8172436237830907,0.4687038985665444,0.5620306965392731,0.5824890401047595,0.6031404222842628,0.21129465103149414,0.2580000162124634,0.06599999964237213
paraboloid,201,20,5042,baseline,dec-side,7.49368953704834,30.15866470336914,0.5499144792556763,0.9649102687835693,1.152654767036438,0.9615756192050138,1.6901481600265222,1.8766550463299418,1.4083909734635052,0.531913836627827,0.7156216059031568,0.9498152734458565,1.3724450749689383,0.36376330256462097,0.2580000162124634,0.06599999964237213
paraboloid,201,20,5042,T+F,enc-pull,1.2218936681747437,2.6562864780426025,0.592101514339447,0.8422173857688904,0.7317571043968201,1.0375030852936127,1.4617510017873616,1.3475547613099563,0.6571232852660821,0.589442704446263,0.703255042463945,0.6273493163612861,0.6570995743515492,0.22567787766456604,0.2580000162124634,0.06599999964237213
paraboloid,201,20,5042,T+F,dec-side,1.2218936681747437,2.6562864780426025,0.6451531648635864,1.073195457458496,0.9225510954856873,1.1216350848858172,1.9601996727975093,2.0875083272771318,1.8993300967710554,0.8252719528262774,1.1946559893176567,1.55743554367364,1.4641558097944354,0.43008044362068176,0.2580000162124634,0.06599999964237213
paraboloid,201,20,6042,baseline,enc-pull,5.291629314422607,20.109756469726562,0.23731379210948944,0.34254154562950134,0.3441263437271118,0.5871254000894823,0.9109780619463582,0.8481427921968347,0.7506827996162432,0.4277646019991329,0.4387234448127257,0.507743397513976,0.46286758816208984,0.1548517644405365,0.2720000147819519,0.06000000238418579
paraboloid,201,20,6042,baseline,dec-side,5.291629314422607,20.109756469726562,0.21257886290550232,0.40534642338752747,0.7113031148910522,0.5702790919904667,1.1212924747016486,1.7085811390596277,1.6462419515219868,0.3879943041982608,0.40423373193877654,0.7327804403237121,1.3297637045002828,0.40902671217918396,0.2720000147819519,0.06000000238418579
paraboloid,201,20,6042,T+F,enc-pull,1.4104982614517212,1.8133740425109863,0.19151438772678375,0.3542752265930176,0.3921270966529846,0.44857398213794053,0.735854441725363,0.8944235969992245,0.7684438508479016,0.26972721835776314,0.3095556004339238,0.4758307776355611,0.6384445190168331,0.16254925727844238,0.2720000147819519,0.06000000238418579
paraboloid,201,20,6042,T+F,dec-side,1.4104982614517212,1.8133740425109863,0.1916622817516327,0.4744167625904083,0.7314234375953674,0.424408832835731,0.9384653286671075,1.4825363159179688,1.4992037449617788,0.28392262001978874,0.38023435256074556,0.7915945587991782,1.2028863067328115,0.425163596868515,0.2720000147819519,0.06000000238418579
paraboloid,201,20,7042,baseline,enc-pull,3.6763010025024414,9.669454574584961,0.4065145254135132,0.691279411315918,0.8317170739173889,0.8037171216788271,1.2330189240284455,1.289492713080512,0.9870450858394653,0.3929595228496628,0.4846563127002619,0.8749387458419189,0.8616887029183844,0.2324092984199524,0.2880000174045563,0.058000002056360245
paraboloid,201,20,7042,baseline,dec-side,3.6763010025024414,9.669454574584961,0.500657856464386,1.3355376720428467,2.0128183364868164,0.9266343305814634,2.2807818402300826,4.114375644259983,4.894594174002836,0.6085311490989457,1.1518619377303754,2.623442433140497,4.207912412025063,0.400296688079834,0.2880000174045563,0.058000002056360245
paraboloid,201,20,7042,T+F,enc-pull,0.7164103984832764,1.4223527908325195,0.4961557686328888,0.7344197034835815,0.7124436497688293,0.9645314489692318,1.3526768946385646,1.3310214148627386,0.9477616773344947,0.5318112907255692,0.5304533261532717,0.5192027601064451,0.6572789924131056,0.3126292824745178,0.2880000174045563,0.058000002056360245
paraboloid,201,20,7042,T+F,dec-side,0.7164103984832764,1.4223527908325195,0.503581702709198,0.8766254186630249,0.9614672064781189,1.0069525630463587,1.794250264709249,2.103253470526801,1.990617387554272,0.7369321199194238,1.1077241817294001,1.2418071331092557,1.4418752477833905,0.22715367376804352,0.2880000174045563,0.058000002056360245
paraboloid,201,20,8042,baseline,enc-pull,7.486405849456787,32.6455078125,0.44534027576446533,0.679477334022522,0.7361793518066406,0.9325335366385323,1.1945258809323134,1.3327136004412616,1.175240494944098,0.52631747945624,0.5781865063051977,0.7073201129106704,1.0147931180406602,0.341428279876709,0.27000001072883606,0.058000002056360245
paraboloid,201,20,8042,baseline,dec-side,7.486405849456787,32.6455078125,0.497081995010376,1.058859944343567,1.7546701431274414,0.9746076038905552,1.5424888262610217,2.10718994140625,1.9072642463682072,0.62606147868143,0.7622878614010793,1.310043379287006,2.462749975915406,0.3051474690437317,0.27000001072883606,0.058000002056360245
paraboloid,201,20,8042,T+F,enc-pull,1.1267309188842773,2.3868865966796875,0.47820499539375305,1.1663918495178223,2.2486581802368164,0.9685495921543666,2.4101833485963433,4.276618561921296,4.546040257370365,0.6054166018170276,0.9754807734075609,2.055257968251668,4.363243991036903,0.7478504776954651,0.27000001072883606,0.058000002056360245
paraboloid,201,20,8042,T+F,dec-side,1.1267309188842773,2.3868865966796875,0.46490779519081116,0.8822946548461914,1.1383814811706543,0.9470924649919782,1.6044120313715637,2.0930065013744215,1.8708469964085206,0.6909946527826804,0.8935261032174084,1.5156652391847805,2.25078497636382,0.26150983572006226,0.27000001072883606,0.058000002056360245
paraboloid,201,20,9042,baseline,enc-pull,4.637370586395264,14.665258407592773,0.5325459837913513,0.821447491645813,0.8233469724655151,1.0411834044603525,1.3766552734375,1.5459754889738475,0.8867172072910814,0.5365907550160948,0.5560766078955189,0.6414395816672843,0.7212041826842772,0.19811014831066132,0.28200000524520874,0.04400000348687172
paraboloid,201,20,9042,baseline,dec-side,4.637370586395264,14.665258407592773,0.5678883790969849,1.1670418977737427,1.7248209714889526,1.1008044675583357,1.882689453125,2.698347808621454,2.183875772264171,0.7022228472122731,0.8905276129792544,1.453920803484963,2.2092077925534883,0.3288585841655731,0.28200000524520874,0.04400000348687172
paraboloid,201,20,9042,T+F,enc-pull,1.0512595176696777,1.4338221549987793,0.7695412635803223,1.038965106010437,1.0174560546875,1.3534133171720126,1.670658203125,1.7491344695395612,0.6268247308255145,0.6474824299745608,0.7936805481157352,0.8136462730457796,0.6624221063202504,0.173651784658432,0.28200000524520874,0.04400000348687172
paraboloid,201,20,9042,T+F,dec-side,1.0512595176696777,1.4338221549987793,0.8621601462364197,1.5922789573669434,1.8793810606002808,1.4669653266537033,2.43504833984375,2.9383553579343973,2.260141238331374,0.9750050426054072,1.4657503474686808,2.193681436729557,2.6366482123499027,0.3717321455478668,0.28200000524520874,0.04400000348687172
hyperbolic_paraboloid,201,20,42,baseline,enc-pull,4.610175609588623,29.40025520324707,0.5278821587562561,0.8286294341087341,1.0013662576675415,1.0175709204047187,1.3990235292821898,1.463301522391183,0.9239932770668793,0.5320430428187052,0.6240609222062681,0.7073472128480138,1.167626953173617,0.18237616121768951,0.2800000011920929,0.04200000315904617
hyperbolic_paraboloid,201,20,42,baseline,dec-side,4.610175609588623,29.40025520324707,0.5609293580055237,1.0196983814239502,1.1870235204696655,1.0553338065710258,1.710355830371828,1.8762505667550222,1.1450742109746375,0.5826260901872764,0.7810145839836826,0.9982397348850295,1.6099406274382153,0.2722000479698181,0.2800000011920929,0.04200000315904617
hyperbolic_paraboloid,201,20,42,T+F,enc-pull,1.7294422388076782,4.978701591491699,0.5320398211479187,0.9380950927734375,0.8959484100341797,1.0462384808036957,1.6415444280868186,1.6993972778320312,0.9956825796833038,0.6383578292354173,0.7957196651834958,1.039038506249991,1.0772482912146815,0.2441091388463974,0.2800000011920929,0.04200000315904617
hyperbolic_paraboloid,201,20,42,T+F,dec-side,1.7294422388076782,4.978701591491699,0.5713711977005005,1.2158828973770142,1.4946582317352295,1.1259111094315493,2.094347043144972,2.553284345354353,2.0671447796037774,0.7839927849523329,1.1426997054477839,1.8044881933219588,2.5152729124258357,0.3793846368789673,0.2800000011920929,0.04200000315904617
hyperbolic_paraboloid,201,20,1042,baseline,enc-pull,3.3385565280914307,38.77717208862305,0.5090278387069702,0.6779313087463379,0.7474163174629211,0.9487809009169683,1.2667936303801697,1.3957302426331795,0.99004649933192,0.5062240496439895,0.5647824951357999,0.5848088918317683,0.7594006955240383,0.2389686554670334,0.2980000078678131,0.06200000271201134
hyperbolic_paraboloid,201,20,1042,baseline,dec-side,3.3385565280914307,38.77717208862305,0.5243449807167053,0.8022236824035645,0.9253368377685547,0.9682583883238794,1.4151863183230715,1.6199211786257341,1.1972038688892634,0.5388616876983784,0.6649382410122978,0.7730770297292736,1.0512016993170017,0.23792427778244019,0.2980000078678131,0.06200000271201134
hyperbolic_paraboloid,201,20,1042,T+F,enc-pull,0.8040658235549927,2.036442756652832,0.7768795490264893,1.0843981504440308,1.2480014562606812,1.2820350290141287,1.910804493276603,1.996702258218855,0.6875448075589201,0.48030919657898186,0.6959522134230505,0.710381891543771,0.857673468514097,0.16613908112049103,0.2980000078678131,0.06200000271201134
hyperbolic_paraboloid,201,20,1042,T+F,dec-side,0.8040658235549927,2.036442756652832,0.7971543073654175,1.2125825881958008,1.4225008487701416,1.318090358130916,2.1365957721015336,2.3526699398988047,1.2036575957947317,0.5540321862208248,0.853490909813025,1.0662227682938583,1.373321208925476,0.25238001346588135,0.2980000078678131,0.06200000271201134
hyperbolic_paraboloid,201,20,2042,baseline,enc-pull,3.676738739013672,11.165925979614258,0.40457406640052795,0.5869004726409912,0.4382178783416748,0.757036711040296,1.1049142262292286,1.0984025539312148,0.9598686163305832,0.38401063573363053,0.4498261667527301,0.5969485559853811,0.5751198469222837,0.32929012179374695,0.26600000262260437,0.04800000041723251
hyperbolic_paraboloid,201,20,2042,baseline,dec-side,3.676738739013672,11.165925979614258,0.44260871410369873,0.821300208568573,0.9521948099136353,0.7858279713413172,1.4644286140562996,1.6480321669040765,1.3855281574135785,0.4626801671108861,0.6009909104614749,1.009999179945981,1.277723514515005,0.2814309298992157,0.26600000262260437,0.04800000041723251
hyperbolic_paraboloid,201,20,2042,T+F,enc-pull,0.8403429985046387,1.962989330291748,0.27182698249816895,0.45449313521385193,0.4893046021461487,0.5047596379330284,0.8593323117210752,0.9296873852722627,0.6772461020216465,0.3498641982023865,0.41533042545547283,0.5883609753167658,0.5511118705920636,0.1790940761566162,0.26600000262260437,0.04800000041723251
hyperbolic_paraboloid,201,20,2042,T+F,dec-side,0.8403429985046387,1.962989330291748,0.28299573063850403,0.5616195797920227,0.7403168082237244,0.49950907523171945,0.9620123969184028,1.1688948322955828,1.0495599296561378,0.3730772904545461,0.498637686641478,0.8110627595652184,0.9980200548045864,0.2783982455730438,0.26600000262260437,0.04800000041723251
hyperbolic_paraboloid,201,20,3042,baseline,enc-pull,3.625141143798828,15.42429256439209,0.27143386006355286,0.27142858505249023,0.3776892125606537,0.6953941057632345,0.8210438970309585,0.8049456652473,0.6723305309936226,0.3982895650961271,0.4105599042180331,0.44697511477323787,0.6127863156386842,0.1579633206129074,0.2720000147819519,0.05000000074505806
hyperbolic_paraboloid,201,20,3042,baseline,dec-side,3.625141143798828,15.42429256439209,0.3228219449520111,0.6138116121292114,1.0751194953918457,0.7177207929860726,1.112359687463561,1.6535640043370865,1.4885149550364944,0.44989440334056147,0.4890390686231944,0.7824503319277988,1.6421561415098291,0.3204587399959564,0.2720000147819519,0.05000000074505806
hyperbolic_paraboloid,201,20,3042,T+F,enc-pull,0.6200531721115112,1.9532232284545898,0.6479895114898682,1.1912472248077393,1.1640409231185913,1.3147367828436807,1.9607571274486941,2.051706650677849,1.5294204279703592,0.7919061282484828,0.9610045333801572,1.5291513681762525,2.029807127025442,0.25697630643844604,0.2720000147819519,0.05000000074505806
hyperbolic_paraboloid,201,20,3042,T+F,dec-side,0.6200531721115112,1.9532232284545898,0.6759703755378723,1.272930383682251,1.3764137029647827,1.3484817809381928,2.1354212974434468,2.361312417423024,1.9234785478245653,0.8857905124199673,1.1300909223173392,1.6748973518807349,2.2825204723814667,0.33732619881629944,0.2720000147819519,0.05000000074505806
hyperbolic_paraboloid,201,20,4042,baseline,enc-pull,3.2140839099884033,11.776060104370117,0.5472703576087952,0.7193902730941772,0.654609203338623,0.9694641510473156,1.3126105106238164,1.1769369138893506,0.49879307998538186,0.38179247473391653,0.49645922557362704,0.4876514271314563,0.6280097194550219,0.17272081971168518,0.28200000524520874,0.06000000238418579
hyperbolic_paraboloid,201,20,4042,baseline,dec-side,3.2140839099884033,11.776060104370117,0.5817736387252808,1.035666823387146,1.1153931617736816,0.9921827336971258,1.6928116769501658,2.0086003296764185,1.4329770469209835,0.46138314367536437,0.7382787308504789,0.9556919005442667,1.2857984304645875,0.345174103975296,0.28200000524520874,0.06000000238418579
hyperbolic_paraboloid,201,20,4042,T+F,enc-pull,0.6116273403167725,0.8714695572853088,0.5527891516685486,0.7894293665885925,0.8408800363540649,0.9512536965326736,1.4249944975881865,1.4536456385402814,0.577990994050258,0.44866929358592683,0.6085651738440638,0.5696179922922473,0.9420149232326187,0.23903973400592804,0.28200000524520874,0.06000000238418579
hyperbolic_paraboloid,201,20,4042,T+F,dec-side,0.6116273403167725,0.8714695572853088,0.5820322036743164,0.8945173621177673,0.8703742623329163,0.9898950407148184,1.576041944099195,1.6527696974734043,0.9103454420147754,0.5618957797746279,0.886968644718211,0.782124467138993,0.9789661976693963,0.3100372552871704,0.28200000524520874,0.06000000238418579
hyperbolic_paraboloid,201,20,5042,baseline,enc-pull,3.9381632804870605,27.97043800354004,0.4518212080001831,0.6510604619979858,0.7034797668457031,0.932091077867445,1.2386266279044627,1.1173232913941376,0.9506013468119088,0.41877780436433154,0.5319430377349259,0.7067573119564715,0.9824902949433686,0.35372716188430786,0.2580000162124634,0.06599999964237213
hyperbolic_paraboloid,201,20,5042,baseline,dec-side,3.9381632804870605,27.97043800354004,0.486252099275589,0.9400646090507507,1.2090777158737183,0.9466047014508928,1.5521780767124078,1.819993484851926,1.7069963471222123,0.46223402641619143,0.6413621654221332,1.019918636366004,1.6664998998799483,0.28564390540122986,0.2580000162124634,0.06599999964237213
hyperbolic_paraboloid,201,20,5042,T+F,enc-pull,0.8713008761405945,2.404684066772461,0.5990445613861084,0.8387141227722168,0.7165668606758118,1.081252682864011,1.5777911084164553,1.4267864375151404,0.5659358122840638,0.46647215834363004,0.5747795254920346,0.5131979376823572,0.6252359493967059,0.1719682663679123,0.2580000162124634,0.06599999964237213
hyperbolic_paraboloid,201,20,5042,T+F,dec-side,0.8713008761405945,2.404684066772461,0.6274577975273132,0.9824327826499939,0.9642865657806396,1.126927503648695,1.8836703705171818,1.870235236116158,1.204269607066773,0.5563048643790802,0.7764682679981812,0.8646657715146121,1.3646181994679907,0.29407647252082825,0.2580000162124634,0.06599999964237213
hyperbolic_paraboloid,201,20,6042,baseline,enc-pull,3.2098183631896973,22.420169830322266,0.5090882182121277,0.7159817218780518,0.6530689597129822,0.956814131547701,1.3890939547320988,1.3274984920726103,0.8250743975217552,0.43759236182949424,0.45903209494400893,0.5037215118240272,0.6379857506481156,0.2418929785490036,0.2720000147819519,0.06000000238418579
hyperbolic_paraboloid,201,20,6042,baseline,dec-side,3.2098183631896973,22.420169830322266,0.5300793051719666,0.898556649684906,1.0100444555282593,0.9666922817146201,1.6602453997754676,1.855392007266774,1.1094670628871752,0.4655909058108922,0.5639247269006715,0.7429498593216549,1.03307732992317,0.2650112509727478,0.2720000147819519,0.06000000238418579
hyperbolic_paraboloid,201,20,6042,T+F,enc-pull,1.013898253440857,1.793700098991394,0.5573031902313232,0.8512728214263916,0.8315238952636719,1.0679750148420293,1.655541367418184,1.5996975618250229,1.0807930116654412,0.5847107586210071,0.6894780451879682,0.9746764315167205,0.896948197553426,0.23075616359710693,0.2720000147819519,0.06000000238418579
hyperbolic_paraboloid,201,20,6042,T+F,dec-side,1.013898253440857,1.793700098991394,0.5801600813865662,0.9886553287506104,1.2091020345687866,1.1019154687284898,1.9072969691959891,2.1327586454503678,1.7513630443823764,0.6606351431216437,0.8671471030540585,1.3332239659889191,2.0670824892605846,0.2971106171607971,0.2720000147819519,0.06000000238418579
hyperbolic_paraboloid,201,20,7042,baseline,enc-pull,3.4885966777801514,7.759734153747559,0.4876803755760193,0.7866532802581787,0.8137090802192688,0.867021804339035,1.3758905990656478,1.5039460923936632,0.8721151396177875,0.42135249122707985,0.524989640258182,0.6761620314530292,0.736221692383196,0.1760282665491104,0.2880000174045563,0.058000002056360245
hyperbolic_paraboloid,201,20,7042,baseline,dec-side,3.4885966777801514,7.759734153747559,0.5608293414115906,1.2517468929290771,1.6501612663269043,0.9508800758664303,1.9390989869505495,2.934838612874349,2.530905863212001,0.5662348827275928,0.8121466516539197,1.583873887978685,2.6571563567173206,0.3606070280075073,0.2880000174045563,0.058000002056360245
hyperbolic_paraboloid,201,20,7042,T+F,enc-pull,0.7348387837409973,1.2153475284576416,0.4166626036167145,0.8227822184562683,1.2559080123901367,0.8633486037737472,1.442557869376717,1.840417014227973,2.0230443252131978,0.4042884617239588,0.568534181854735,1.1963465610121453,2.226710822858907,0.21715426445007324,0.2880000174045563,0.058000002056360245
hyperbolic_paraboloid,201,20,7042,T+F,dec-side,0.7348387837409973,1.2153475284576416,0.4305260181427002,0.8315705060958862,0.9675770401954651,0.8852182800024091,1.5161870600103022,1.7210705015394423,1.2408216739599502,0.4684429466786548,0.6172456772191337,1.1204012266582697,1.256115330303412,0.1990726888179779,0.2880000174045563,0.058000002056360245
hyperbolic_paraboloid,201,20,8042,baseline,enc-pull,3.3016648292541504,20.20163345336914,0.5043583512306213,0.7113549709320068,0.6878464818000793,0.9656130245753697,1.2239502712898729,1.207735866970486,0.8926782192204092,0.459855159295731,0.5464945162108706,0.5474193445925573,0.7162402399512328,0.25094592571258545,0.27000001072883606,0.058000002056360245
hyperbolic_paraboloid,201,20,8042,baseline,dec-side,3.3016648292541504,20.20163345336914,0.5339507460594177,0.9280457496643066,0.9863429665565491,0.9790941647120884,1.4110515167109698,1.5218686704282407,1.1183595202033547,0.5174416810045952,0.6792126111945969,0.82908123859484,1.2617435544515005,0.19964076578617096,0.27000001072883606,0.058000002056360245
hyperbolic_paraboloid,201,20,8042,T+F,enc-pull,0.9248581528663635,2.0049309730529785,0.442568302154541,0.6774190068244934,0.6539219617843628,0.8471006665910993,1.1707024158778527,1.1735749421296295,0.9519386936599423,0.4089836257857981,0.4727753165448647,0.5918582744722122,0.9433136988383244,0.23367153108119965,0.27000001072883606,0.058000002056360245
hyperbolic_paraboloid,201,20,8042,T+F,dec-side,0.9248581528663635,2.0049309730529785,0.4696997106075287,0.8244977593421936,0.8692259788513184,0.8745160784040179,1.3987682548301348,1.567039320203993,1.1857243908170798,0.49322024897989875,0.5986079015833082,0.8820167319558964,1.2724128564852624,0.2525629699230194,0.27000001072883606,0.058000002056360245
hyperbolic_paraboloid,201,20,9042,baseline,enc-pull,3.2989630699157715,39.115478515625,0.4533626437187195,0.7460329532623291,0.8344582319259644,0.9080103399469989,1.1982823486328125,1.3172029535821144,0.9239213368034849,0.5325156998094882,0.5750693209660924,0.5949771146620583,0.8837078124193248,0.21282537281513214,0.28200000524520874,0.04400000348687172
hyperbolic_paraboloid,201,20,9042,baseline,dec-side,3.2989630699157715,39.115478515625,0.45691168308258057,0.8369825482368469,0.8924925923347473,0.9019861431373899,1.269822509765625,1.498178576746731,1.031641076607706,0.5370571751185417,0.6121692550577876,0.7532345370671693,0.9440589606898987,0.18536143004894257,0.28200000524520874,0.04400000348687172
hyperbolic_paraboloid,201,20,9042,T+F,enc-pull,0.8600675463676453,1.6292405128479004,0.798733651638031,1.040631890296936,1.1098326444625854,1.3590081168691492,1.6465546875,1.7711027970550755,0.6542335813178884,0.5711629692534378,0.742900090847132,0.7377612355840236,0.7617619144329559,0.15839478373527527,0.28200000524520874,0.04400000348687172
hyperbolic_paraboloid,201,20,9042,T+F,dec-side,0.8600675463676453,1.6292405128479004,0.8416932225227356,1.359304428100586,1.4158779382705688,1.4148386144428,2.09954736328125,2.4080858162954346,1.4727205298736636,0.7165187241074089,1.0084320681081111,1.3839382291556632,1.3554059514526184,0.2439672201871872,0.28200000524520874,0.04400000348687172
paraboloid,201,50,42,baseline,enc-pull,2.111178398132324,4.158583164215088,0.4566332697868347,0.6897717118263245,0.5560422539710999,0.840649373281772,1.2306271890052278,1.2222537449428013,0.8400890805651783,0.3441173703208616,0.3692647818255019,0.5678195466201899,0.6365571414554229,0.16490936279296875,0.2800000011920929,0.04200000315904617
paraboloid,201,50,42,baseline,dec-side,2.111178398132324,4.158583164215088,0.5111390948295593,1.0322262048721313,1.355795979499817,0.8673386605651447,1.6444479576627116,2.2826612200055805,1.6473608919025255,0.5167142938311076,0.7611802051902398,1.0760887091449813,1.8813803486565173,0.3455078899860382,0.2800000011920929,0.04200000315904617
paraboloid,201,50,42,T+F,enc-pull,0.4849094748497009,1.0663464069366455,0.7773388028144836,1.2435938119888306,1.2600761651992798,1.4376182641112194,2.047840548637218,2.1923531668526786,0.9938268559803644,0.8431006288598478,1.1429154854272154,1.2299842685943283,1.5569575255499541,0.2822069227695465,0.2800000011920929,0.04200000315904617
paraboloid,201,50,42,T+F,dec-side,0.4849094748497009,1.0663464069366455,0.8135517835617065,1.5079549551010132,1.8612362146377563,1.4922184933532852,2.5140006846951364,3.169102260044643,2.5222442913678704,0.9819760891447414,1.479596467324634,2.138913333951072,3.6331500113920048,0.4134831428527832,0.2800000011920929,0.04200000315904617
paraboloid,201,50,1042,baseline,enc-pull,2.7805442810058594,6.7117509841918945,0.7686702609062195,1.0312751531600952,1.1683789491653442,1.241863429148107,1.838775521317379,1.9536925450267408,1.0218883997301675,0.5228547101476406,0.7062993104723012,0.6903823842060604,0.8022077842362645,0.251238614320755,0.2980000078678131,0.06200000271201134
paraboloid,201,50,1042,baseline,dec-side,2.7805442810058594,6.7117509841918945,0.8094198703765869,1.4287971258163452,1.8240997791290283,1.2965487541759466,2.367396244772305,3.041213886849832,2.230487728933773,0.6728689591518148,1.0517245794452506,1.5852327588231265,2.091216725255585,0.3413943350315094,0.2980000078678131,0.06200000271201134
paraboloid,201,50,1042,T+F,enc-pull,0.5069178342819214,1.1588020324707031,0.5314575433731079,0.7299241423606873,1.030739665031433,0.9164392008282294,1.4470128623083178,1.7322399984270134,0.7623037239670273,0.5704106256311432,0.6339981147848158,0.6329819444475319,1.2277327739638617,0.2424900233745575,0.2980000078678131,0.06200000271201134
paraboloid,201,50,1042,T+F,dec-side,0.5069178342819214,1.1588020324707031,0.5477714538574219,0.8514385223388672,1.3228334188461304,0.9364051733887806,1.6536695062006272,2.204211343854866,1.4607854518333698,0.6371623895485663,0.7775801843041795,0.9917517073867935,1.9393522140095332,0.37293756008148193,0.2980000078678131,0.06200000271201134
paraboloid,201,50,2042,baseline,enc-pull,2.039555549621582,3.535043716430664,0.2961711585521698,0.4400477111339569,0.409145712852478,0.628170883446409,0.8955980936686198,0.9505843542572251,0.9102401684863182,0.30683269403506297,0.37069252280074655,0.5145480584655183,0.5873723137362424,0.17901186645030975,0.26600000262260437,0.04800000041723251
paraboloid,201,50,2042,baseline,dec-side,2.039555549621582,3.535043716430664,0.3196974992752075,0.8294165730476379,0.9292358160018921,0.6484649390505072,1.3633577861483135,1.9240464518841047,1.8122340308348135,0.3839762837550889,0.5673226832034407,1.1203666709101903,1.644873564575475,0.3516862392425537,0.26600000262260437,0.04800000041723251
paraboloid,201,50,2042,T+F,enc-pull,0.4238666296005249,0.6584279537200928,0.24048402905464172,0.4117176830768585,0.5458786487579346,0.49453347189384594,0.9184041098942832,1.0962281191259398,0.9163527069471726,0.32770716814134915,0.3741331562977699,0.6824445174937644,0.7281000794769856,0.3206625282764435,0.26600000262260437,0.04800000041723251
paraboloid,201,50,2042,T+F,dec-side,0.4238666296005249,0.6584279537200928,0.24076440930366516,0.43757110834121704,0.6778094172477722,0.49655050980417353,1.0817912268260168,1.488581607216283,1.3387421637426713,0.344364698451164,0.40841706529147126,0.7658117797217708,1.1356486300821655,0.4255264103412628,0.26600000262260437,0.04800000041723251
paraboloid,201,50,3042,baseline,enc-pull,1.3738614320755005,2.027299642562866,0.20078545808792114,0.3128945827484131,0.35333913564682007,0.49044407339159507,0.756825119701784,0.7710037792430204,0.5438327985157997,0.24259688380656627,0.27003491241575833,0.4212792456676334,0.5175756881944406,0.13799238204956055,0.2720000147819519,0.05000000074505806
paraboloid,201,50,3042,baseline,dec-side,1.3738614320755005,2.027299642562866,0.22309285402297974,0.5107570886611938,0.9627832770347595,0.5181856345707455,1.1791876038508629,2.063926472383387,2.347349191967014,0.3480292496481773,0.40070788795341544,1.0504950905593444,2.483225461251203,0.39942482113838196,0.2720000147819519,0.05000000074505806
paraboloid,201,50,3042,T+F,enc-pull,0.25420671701431274,0.4274302124977112,0.19607873260974884,0.31976014375686646,0.4091509282588959,0.7345127689336197,0.940496188491138,0.9946158914005055,0.7409877475069027,0.6175676144116848,0.6382397347516416,0.8011013572111787,0.9798384737199068,0.3682768940925598,0.2720000147819519,0.05000000074505806
paraboloid,201,50,3042,T+F,dec-side,0.25420671701431274,0.4274302124977112,0.2162318080663681,0.4558996558189392,0.7592833042144775,0.758191905899217,1.1914314156147972,1.679662592270795,1.768086073363067,0.6504055415345372,0.6783351428767069,1.1482383808923053,1.9994373358560418,0.46430283784866333,0.2720000147819519,0.05000000074505806
paraboloid,201,50,4042,baseline,enc-pull,4.1870551109313965,11.895097732543945,0.5614792704582214,0.8068618774414062,0.8535882830619812,0.9663579779436686,1.314949844822739,1.3337001935810062,0.6407621161373873,0.41908506283703373,0.474526546956831,0.6374721908223688,0.7721515793205006,0.2010156661272049,0.28200000524520874,0.06000000238418579
paraboloid,201,50,4042,baseline,dec-side,4.1870551109313965,11.895097732543945,0.6410308480262756,1.2800246477127075,1.53284752368927,1.0378837006211021,2.144363634514086,3.3855536711131426,3.7687533761107805,0.6867416730517907,1.1120684963668337,1.6813542377855966,2.5579397220777,0.4070844352245331,0.28200000524520874,0.06000000238418579
paraboloid,201,50,4042,T+F,enc-pull,0.36968809366226196,0.42070019245147705,0.5682159662246704,0.8879629969596863,1.302753210067749,0.9752233012896556,1.5894986932927913,2.014705793231937,1.740617986124558,0.5701133427995954,0.8181884413994043,1.0789027448122963,2.2972052425411493,0.3913378417491913,0.28200000524520874,0.06000000238418579
paraboloid,201,50,4042,T+F,dec-side,0.36968809366226196,0.42070019245147705,0.582104504108429,0.9577741622924805,1.3259917497634888,1.0098168627558974,1.8019017306241123,2.276783178884087,2.020707830721363,0.6456064051233098,1.0669015915730389,1.252045732916608,2.398107207312388,0.42881813645362854,0.28200000524520874,0.06000000238418579
paraboloid,201,50,5042,baseline,enc-pull,2.896437406539917,6.611769676208496,0.472305566072464,0.7791658043861389,0.8299513459205627,0.8358916230254121,1.360043458833026,1.3437332035035126,0.7367584431312977,0.33645526295525335,0.40145578306384805,0.6430429796372257,0.9143579475350193,0.19773009419441223,0.2580000162124634,0.06599999964237213
paraboloid,201,50,5042,baseline,dec-side,2.896437406539917,6.611769676208496,0.538185715675354,1.0961247682571411,1.4064723253250122,0.9509919889680631,1.9567175157835563,2.4532409194828,2.0864816228479315,0.6959013599181287,0.9084602982356828,1.511151244276809,1.9201875935109147,0.3925684094429016,0.2580000162124634,0.06599999964237213
paraboloid,201,50,5042,T+F,enc-pull,0.572704553604126,0.572099506855011,0.5359479784965515,0.8017755150794983,1.0101051330566406,1.108481203854739,1.6175703773639298,1.5834071432897288,0.960060032508761,0.63645008147638,0.8444315162113123,0.8138683257019989,1.2220797472682845,0.3055409789085388,0.2580000162124634,0.06599999964237213
paraboloid,201,50,5042,T+F,dec-side,0.572704553604126,0.572099506855011,0.5531098246574402,0.9807257652282715,1.3766648769378662,1.1337115277300824,1.9670993481175045,2.3966537593871124,2.063933326761411,0.7098059446918004,1.0149484859171387,1.319078310205822,2.1343395099035902,0.4380916953086853,0.2580000162124634,0.06599999964237213
paraboloid,201,50,6042,baseline,enc-pull,2.8832762241363525,5.298261642456055,0.3957875072956085,0.6200287342071533,0.5668510794639587,0.8048260390495939,1.29237606018547,1.2332880356732536,0.9683972988817978,0.4193719145750881,0.702420553442429,0.7814740037708359,0.7125847955628583,0.2810702323913574,0.2720000147819519,0.06000000238418579
paraboloid,201,50,6042,baseline,dec-side,2.8832762241363525,5.298261642456055,0.4407840967178345,0.8916494250297546,1.0263930559158325,0.8769700642724394,1.9521353413739542,2.4240691241096046,2.564803494877779,0.6003169642768623,1.0770764567936044,1.6990438874586544,2.1366009146808893,0.34872564673423767,0.2720000147819519,0.06000000238418579
paraboloid,201,50,6042,T+F,enc-pull,0.5141403079032898,0.7005288600921631,0.343986839056015,0.4838339686393738,0.4699268639087677,0.9538728823220677,1.2469251737819882,1.2319977704216452,0.9291585694203159,0.7833014175021947,0.7873639290200051,0.8061888313464325,0.8666691488144861,0.3108043372631073,0.2720000147819519,0.06000000238418579
paraboloid,201,50,6042,T+F,dec-side,0.5141403079032898,0.7005288600921631,0.35557103157043457,0.591343343257904,0.560043215751648,0.9666836776397302,1.4096142626184178,1.429549722110524,1.137491993022126,0.824388609525981,0.8852305208709114,1.0561449024613003,0.8916054621454857,0.34047457575798035,0.2720000147819519,0.06000000238418579
paraboloid,201,50,7042,baseline,enc-pull,1.5269683599472046,2.2644858360290527,0.4040420353412628,0.5557616949081421,0.521386444568634,0.7580310972776707,1.0729219206086882,0.9930560853746202,0.8630293847433335,0.45939249787001335,0.5210024402393237,0.4809704915974782,0.5958258313241103,0.1837264895439148,0.2880000174045563,0.058000002056360245
paraboloid,201,50,7042,baseline,dec-side,1.5269683599472046,2.2644858360290527,0.47247377038002014,0.9982816576957703,1.0178142786026,0.8534383227646614,1.98123045980712,2.7461861504448786,3.163698322494211,0.8389913546017101,1.4916341690251897,2.1275634568681534,2.4194633281097406,0.3728908896446228,0.2880000174045563,0.058000002056360245
paraboloid,201,50,7042,T+F,enc-pull,0.19270780682563782,0.27644553780555725,0.6229364275932312,0.9046874046325684,0.825080394744873,1.2659749438584114,1.722176464486035,1.6786422729492188,0.889356996489262,0.8375566320066157,1.0036859187371256,0.7660795953815236,0.8367138870605438,0.3250950276851654,0.2880000174045563,0.058000002056360245
paraboloid,201,50,7042,T+F,dec-side,0.19270780682563782,0.27644553780555725,0.6596282124519348,1.103371024131775,1.189728856086731,1.3199298875447412,2.086930606828068,2.3689100477430554,1.4094310605909637,0.9705337673200541,1.3232227547778337,1.4306378425794342,1.6167211335146316,0.3138592839241028,0.2880000174045563,0.058000002056360245
paraboloid,201,50,8042,baseline,enc-pull,2.6252315044403076,5.815987586975098,0.2106635719537735,0.43256863951683044,0.5195945501327515,0.5360349246433803,0.8425255613208311,0.9611843532986111,0.8162593251690337,0.2877699646839472,0.34861038885655493,0.5716671851704057,0.7554667402314927,0.1569613516330719,0.27000001072883606,0.058000002056360245
paraboloid,201,50,8042,baseline,dec-side,2.6252315044403076,5.815987586975098,0.23228009045124054,0.566124439239502,1.03534734249115,0.5565906933375767,1.200589888323392,1.9270234284577545,1.7413860343387346,0.3924433470784704,0.4957556216781962,0.8768959006511148,1.937301857398922,0.4114935100078583,0.27000001072883606,0.058000002056360245
paraboloid,201,50,8042,T+F,enc-pull,0.6454160809516907,0.7488237619400024,0.49438169598579407,0.9873192310333252,1.169777750968933,0.954272815159389,1.572427203546421,1.9564111780237268,1.1268523827141765,0.5127323458561314,0.7674069353236033,1.0604635271297616,1.4548171801933496,0.26532167196273804,0.27000001072883606,0.058000002056360245
paraboloid,201,50,8042,T+F,dec-side,0.6454160809516907,0.7488237619400024,0.512159526348114,1.1133384704589844,1.4962354898452759,0.9711290087018695,1.8386381157206302,2.4489305284288196,1.809621021438386,0.5981930906847477,0.9455949655887346,1.6203007240566423,2.6683245225363095,0.3789770305156708,0.27000001072883606,0.058000002056360245
paraboloid,201,50,9042,baseline,enc-pull,2.5880677700042725,4.320701599121094,0.5024468898773193,0.8142009973526001,0.8483083248138428,0.9547115107464895,1.348475830078125,1.404855931058843,0.6254065824557398,0.4015979611238241,0.4762801955938749,0.46862764369763626,0.8023227040219395,0.0775560662150383,0.28200000524520874,0.04400000348687172
paraboloid,201,50,9042,baseline,dec-side,2.5880677700042725,4.320701599121094,0.5880782008171082,1.418203592300415,2.1274170875549316,1.0645223609151293,2.4462900390625,4.257306903812057,4.262219544641473,0.727226972197768,1.0205419035804377,2.021767168961244,3.759486245108068,0.4353145956993103,0.28200000524520874,0.04400000348687172
paraboloid,201,50,9042,T+F,enc-pull,0.36870574951171875,0.6917344927787781,0.5001886487007141,0.9112697839736938,0.9182862639427185,1.142735955998761,1.59804443359375,1.8448953831449468,0.9723606624773165,0.794895452861639,0.8077304676600847,1.070235731582888,0.9992181989307798,0.2743797302246094,0.28200000524520874,0.04400000348687172
paraboloid,201,50,9042,T+F,dec-side,0.36870574951171875,0.6917344927787781,0.5209754705429077,1.0514416694641113,1.1580320596694946,1.1867682503183508,1.91416357421875,2.6155079510195036,2.272463464236908,0.8880487752981665,0.9954789958206807,1.6171483166547516,2.0160808598840565,0.4308236241340637,0.28200000524520874,0.04400000348687172
hyperbolic_paraboloid,201,50,42,baseline,enc-pull,2.823131799697876,4.841215133666992,0.5095133185386658,0.7479355335235596,0.7075700163841248,0.9203228854920658,1.3082959167939379,1.3106066022600447,0.6185124577090285,0.34986333511724393,0.5086553242060746,0.4987272539208615,0.5669348343994086,0.1292378157377243,0.2800000011920929,0.04200000315904617
hyperbolic_paraboloid,201,50,42,baseline,dec-side,2.823131799697876,4.841215133666992,0.5784075856208801,1.0697109699249268,1.385337471961975,0.9923931708049137,1.8809459944416707,2.4148156302315846,2.1008523901128773,0.5535992131356291,0.9149145836258641,1.136318421040778,1.9938369134686995,0.32939791679382324,0.2800000011920929,0.04200000315904617
hyperbolic_paraboloid,201,50,42,T+F,enc-pull,0.26529568433761597,1.0417442321777344,0.48880934715270996,0.8050793409347534,0.7489349246025085,1.4321588121172049,1.9160176900992716,1.8938463483537946,1.288046493760932,1.110048537461276,1.1681272571869792,1.2192411343199954,1.3567582487138594,0.41721782088279724,0.2800000011920929,0.04200000315904617
hyperbolic_paraboloid,201,50,42,T+F,dec-side,0.26529568433761597,1.0417442321777344,0.5044569373130798,0.9019352197647095,0.9341626167297363,1.4555210037061526,2.0797366952537595,2.154588099888393,1.4669999639273545,1.128520825827434,1.209062363873104,1.3080865029775535,1.6163486650878591,0.4064255654811859,0.2800000011920929,0.04200000315904617
hyperbolic_paraboloid,201,50,1042,baseline,enc-pull,2.671731472015381,5.208062171936035,0.7337427139282227,0.9521113634109497,1.0979008674621582,1.196637329917177,1.688424830099907,1.7890702830065017,0.6091019440930444,0.3584835784178235,0.4650021231550759,0.45475722177724465,0.5844316324480081,0.12520819902420044,0.2980000078678131,0.06200000271201134
hyperbolic_paraboloid,201,50,1042,baseline,dec-side,2.671731472015381,5.208062171936035,0.8029621243476868,1.3584052324295044,1.81131911277771,1.2982388434803034,2.2331933230715615,2.596177478764681,1.4766897150325957,0.5755611013430905,0.8256733532185822,1.2218161927536821,1.7389016195120168,0.29818475246429443,0.2980000078678131,0.06200000271201134
hyperbolic_paraboloid,201,50,1042,T+F,enc-pull,0.2794424891471863,0.7824065685272217,0.7747005820274353,1.1116303205490112,1.243315577507019,1.5020047805888084,2.1352162414323885,2.2741969575817955,1.0472023394939194,0.8749621897011792,1.0273424320757125,1.0734683709424875,1.1891322907255075,0.2997567653656006,0.2980000078678131,0.06200000271201134
hyperbolic_paraboloid,201,50,1042,T+F,dec-side,0.2794424891471863,0.7824065685272217,0.7866657376289368,1.2003995180130005,1.3351974487304688,1.5308024994780067,2.3241792700104553,2.5252071098993287,1.4262675412873105,0.9105991544811817,1.106409992499102,1.2989661519918472,1.3417682371492534,0.32319867610931396,0.2980000078678131,0.06200000271201134
hyperbolic_paraboloid,201,50,2042,baseline,enc-pull,2.2523322105407715,3.554328203201294,0.5081049203872681,0.8499528169631958,0.6856052279472351,0.8873944198876097,1.3376840258401537,1.4091232414532424,0.6176053008414479,0.3490121413993614,0.43152757361222926,0.5058873263583845,0.4808182414455997,0.15848807990550995,0.26600000262260437,0.04800000041723251
hyperbolic_paraboloid,201,50,2042,baseline,dec-side,2.2523322105407715,3.554328203201294,0.5290230512619019,1.0880088806152344,1.0089383125305176,0.89864322595429,1.705230955093626,1.9978639989867246,1.110567397169213,0.43103299256444627,0.6509849577383358,0.9918252239869497,1.0846233306186972,0.31396806240081787,0.26600000262260437,0.04800000041723251
hyperbolic_paraboloid,201,50,2042,T+F,enc-pull,0.2444084882736206,0.40466853976249695,0.510690450668335,1.0419156551361084,0.8382319211959839,0.93055778637267,1.7893760317847842,1.8309027879757989,1.2329036460584746,0.6587763049295797,0.8870474065437206,1.507827635629364,1.2052180097230523,0.21954065561294556,0.26600000262260437,0.04800000041723251
hyperbolic_paraboloid,201,50,2042,T+F,dec-side,0.2444084882736206,0.40466853976249695,0.5223910212516785,1.1669542789459229,1.0499337911605835,0.9465916951497396,1.992525130983383,2.0927055186795114,1.5622504179825945,0.6988639905492131,0.9850295536295938,1.8174965551592221,1.682579872572185,0.2541901469230652,0.26600000262260437,0.04800000041723251
hyperbolic_paraboloid,201,50,3042,baseline,enc-pull,3.0350699424743652,3.0892233848571777,0.2112922966480255,0.27779191732406616,0.3381021022796631,0.527451069021965,0.7572664289332148,0.7765820447136375,0.5914280482113735,0.2626480081606187,0.2922088901609618,0.3648511915684269,0.5217892330756376,0.11660264432430267,0.2720000147819519,0.05000000074505806
hyperbolic_paraboloid,201,50,3042,baseline,dec-side,3.0350699424743652,3.0892233848571777,0.2508396804332733,0.5645096898078918,1.0373181104660034,0.5501611206325353,1.209092325239039,1.8648392172420727,1.5709598380305896,0.3521409930587361,0.40261322153350276,0.7640884307002417,1.5133820428795453,0.3444826900959015,0.2720000147819519,0.05000000074505806
hyperbolic_paraboloid,201,50,3042,T+F,enc-pull,0.08237926661968231,0.1101563423871994,0.5583197474479675,1.0308655500411987,1.064433217048645,1.1384451923243486,1.6992352613762243,1.83489148757037,0.9324620279064081,0.5648024745515233,0.7696802967505193,0.8766337920997697,1.2670905136077226,0.18768301606178284,0.2720000147819519,0.05000000074505806
hyperbolic_paraboloid,201,50,3042,T+F,dec-side,0.08237926661968231,0.1101563423871994,0.569627046585083,1.0898398160934448,1.1526029109954834,1.1566798174196231,1.8172913736371852,1.9783401489257812,1.1332903405503842,0.6086615777612163,0.8699783626132344,1.0899478889593945,1.5743316110142103,0.23329345881938934,0.2720000147819519,0.05000000074505806
hyperbolic_paraboloid,201,50,4042,baseline,enc-pull,2.3696985244750977,4.809966087341309,0.5076810717582703,0.6139894723892212,0.7038317918777466,0.9116053384710547,1.144242488976681,1.050500639786957,0.5806028611320805,0.29556285248830316,0.3129571915058473,0.37668693776286777,0.7235630099546927,0.1870289295911789,0.28200000524520874,0.06000000238418579
hyperbolic_paraboloid,201,50,4042,baseline,dec-side,2.3696985244750977,4.809966087341309,0.5833388566970825,1.0093762874603271,1.4266681671142578,1.0173464297213937,1.7962470777107007,2.3873146003019725,2.0039853826402347,0.49575559411023884,0.7909294019086737,1.2789453465150922,2.4556723762383004,0.3354106545448303,0.28200000524520874,0.06000000238418579
hyperbolic_paraboloid,201,50,4042,T+F,enc-pull,0.23577484488487244,0.5053865909576416,0.5321938991546631,0.7910367250442505,0.7724086046218872,0.9704366092309518,1.432838555538293,1.41268239122756,0.47650041542805305,0.419848741926728,0.5987327494610108,0.6257813314840425,0.7333280513493732,0.20914174616336823,0.28200000524520874,0.06000000238418579
hyperbolic_paraboloid,201,50,4042,T+F,dec-side,0.23577484488487244,0.5053865909576416,0.5531452894210815,0.8657029271125793,0.9483990669250488,1.0111223001542164,1.5716980442856296,1.707384799389129,0.9120032925899947,0.4881487042698291,0.7478671100961691,0.7107972132222863,1.0747003943610853,0.3156988322734833,0.28200000524520874,0.06000000238418579
hyperbolic_paraboloid,201,50,5042,baseline,enc-pull,3.2536540031433105,8.332436561584473,0.4183395206928253,0.5553300976753235,0.5994118452072144,0.8486919696514423,1.1433837440181043,1.052173939786216,0.7517813897084564,0.30492871577933106,0.41230206824960747,0.47478603996394836,0.793523609987148,0.24638955295085907,0.2580000162124634,0.06599999964237213
hyperbolic_paraboloid,201,50,5042,baseline,dec-side,3.2536540031433105,8.332436561584473,0.4754828214645386,0.9467839598655701,1.550715446472168,0.9195449996780564,1.5962222616610933,2.1251230165939923,1.8168010710241773,0.4077397053766,0.5720739932226611,0.974350079190497,1.9978271199001232,0.35385316610336304,0.2580000162124634,0.06599999964237213
hyperbolic_paraboloid,201,50,5042,T+F,enc-pull,0.3292282819747925,0.6748876571655273,0.3514624834060669,0.6092886924743652,0.5778922438621521,1.0504435444926168,1.3713851872405443,1.316531868868096,1.0395460076067116,0.7794772670441902,0.8404453485314688,0.9247277276500301,1.0448968591021048,0.41093820333480835,0.2580000162124634,0.06599999964237213
hyperbolic_paraboloid,201,50,5042,T+F,dec-side,0.3292282819747925,0.6748876571655273,0.36659303307533264,0.6834954023361206,0.7721222639083862,1.0679900787688874,1.4901918080460101,1.5242754322613856,1.1616859712884982,0.8034258269493778,0.8854496108265394,1.0280172553945464,1.2117402578955665,0.37052586674690247,0.2580000162124634,0.06599999964237213
hyperbolic_paraboloid,201,50,6042,baseline,enc-pull,3.2419662475585938,5.883000373840332,0.4851441979408264,0.7660635113716125,0.7822093963623047,0.9335294210963312,1.411626860851378,1.4105040606330423,0.665707724802674,0.345697932870424,0.3824750327551052,0.573392928944064,0.5288141205118142,0.18973009288311005,0.2720000147819519,0.06000000238418579
hyperbolic_paraboloid,201,50,6042,baseline,dec-side,3.2419662475585938,5.883000373840332,0.5241436958312988,1.053994059562683,1.564406156539917,0.9425708921995457,1.7734900046521285,2.2238457623650048,1.371838482617742,0.4406320025120133,0.6013528299353448,1.0263474821538052,1.5309991683006727,0.3050958812236786,0.2720000147819519,0.06000000238418579
hyperbolic_paraboloid,201,50,6042,T+F,enc-pull,0.27832168340682983,0.7433348298072815,0.34872063994407654,0.6445584893226624,0.5866981148719788,0.782931021131608,1.2253384327325296,1.2891776140998392,0.9234609819594917,0.5187152541869698,0.5749147160940579,0.741738084183855,0.8087353421140252,0.24744734168052673,0.2720000147819519,0.06000000238418579
hyperbolic_paraboloid,201,50,6042,T+F,dec-side,0.27832168340682983,0.7433348298072815,0.3618389964103699,0.7202085852622986,0.7501228451728821,0.788577714155424,1.3113755353792447,1.5098977930405562,1.1718724995006735,0.5290570151615048,0.6149147228001257,0.8635545934272282,1.052816125718763,0.27153751254081726,0.2720000147819519,0.06000000238418579
hyperbolic_paraboloid,201,50,7042,baseline,enc-pull,2.5388870239257812,2.7881500720977783,0.48279428482055664,0.8167586922645569,0.7473576068878174,0.8339659569021889,1.3366453289548992,1.4592704772949219,0.7219037448183889,0.3325275713794247,0.46854823253441513,0.5631439273809206,0.6117108718526717,0.15675197541713715,0.2880000174045563,0.058000002056360245
hyperbolic_paraboloid,201,50,7042,baseline,dec-side,2.5388870239257812,2.7881500720977783,0.544962465763092,1.135895848274231,1.5037665367126465,0.8771002681244837,1.6997917650383472,2.4260932074652777,1.7037696374236648,0.4739262041164761,0.7782161287904904,1.2281094681165765,1.8709412580527414,0.3445523977279663,0.2880000174045563,0.058000002056360245
hyperbolic_paraboloid,201,50,7042,T+F,enc-pull,0.18447017669677734,0.4402405619621277,0.4839794337749481,0.8331819176673889,0.8292694091796875,0.8496977012062913,1.3712200681805173,1.5675328572591145,0.7464334558934949,0.3540454439514298,0.5363387206081197,0.6308902810161964,0.7092473276357882,0.14194966852664948,0.2880000174045563,0.058000002056360245
hyperbolic_paraboloid,201,50,7042,T+F,dec-side,0.18447017669677734,0.4402405619621277,0.5099994540214539,0.9885523915290833,1.1147452592849731,0.8886353076817181,1.583614475124485,1.999539057413737,1.1363932288024257,0.444910457563495,0.7355171258652548,1.044438349827366,1.291571619640752,0.2461383044719696,0.2880000174045563,0.058000002056360245
hyperbolic_paraboloid,201,50,8042,baseline,enc-pull,2.9708175659179688,4.014801025390625,0.4401502311229706,0.6089394092559814,0.669691801071167,0.876603399004255,1.0916669536922978,1.1706592701099536,0.8048147002926156,0.3215527356148098,0.35057287448642316,0.48188472663299026,0.7200780834776515,0.2789442241191864,0.27000001072883606,0.058000002056360245
hyperbolic_paraboloid,201,50,8042,baseline,dec-side,2.9708175659179688,4.014801025390625,0.5165899991989136,0.9579160809516907,0.995055615901947,0.9464138575962612,1.5396194141435426,2.0316668475115742,1.2908427454604805,0.5061546804413868,0.7074034139027779,0.9062156428008458,1.1453418660269772,0.2617378830909729,0.27000001072883606,0.058000002056360245
hyperbolic_paraboloid,201,50,8042,T+F,enc-pull,0.41460880637168884,0.6086686849594116,0.4315974712371826,0.7257192730903625,0.6930382251739502,0.8807854652404785,1.25486229860931,1.3873069480613427,0.8731005214790531,0.4467301681148706,0.4946485912777945,0.5182124607801063,0.9094393013448047,0.16572995483875275,0.27000001072883606,0.058000002056360245
hyperbolic_paraboloid,201,50,8042,T+F,dec-side,0.41460880637168884,0.6086686849594116,0.45603781938552856,0.874715268611908,0.9922662973403931,0.9147021429879325,1.472569889052775,1.8413110803674768,1.0747849638699645,0.5102239146462796,0.6064329240775476,0.7634150503300592,1.534743117957052,0.24309812486171722,0.27000001072883606,0.058000002056360245
hyperbolic_paraboloid,201,50,9042,baseline,enc-pull,2.540241241455078,4.117436408996582,0.4619835913181305,0.7487438917160034,0.8379460573196411,0.8876854984770788,1.23344140625,1.3790616515680407,0.7518144465435525,0.3362904566951202,0.3800052113414403,0.44156176852273693,0.9843365137412523,0.15498757362365723,0.28200000524520874,0.04400000348687172
hyperbolic_paraboloid,201,50,9042,baseline,dec-side,2.540241241455078,4.117436408996582,0.5179262757301331,1.1139122247695923,1.704543113708496,0.9501655343345609,1.822764892578125,2.667533279310727,2.2492904684767674,0.538414038711649,0.7163432942681166,1.3039278146590523,2.7079733728294153,0.3335300385951996,0.28200000524520874,0.04400000348687172
hyperbolic_paraboloid,201,50,9042,T+F,enc-pull,0.22566072642803192,0.5385609865188599,0.4918781816959381,0.8870477080345154,0.8901482820510864,1.0039825439453125,1.4816612548828125,1.6468427942154256,0.8237072841631602,0.5163709413664638,0.6467620403987382,0.8347151944157698,1.079775385120962,0.18820852041244507,0.28200000524520874,0.04400000348687172
hyperbolic_paraboloid,201,50,9042,T+F,dec-side,0.22566072642803192,0.5385609865188599,0.5172227025032043,1.0176310539245605,1.2404605150222778,1.0471706978550042,1.7743590087890626,2.29627373877992,1.7690942372850482,0.5967646889905776,0.8009906527230918,1.2616057148523057,2.112840086231659,0.28584936261177063,0.28200000524520874,0.04400000348687172
paraboloid,201,100,42,baseline,enc-pull,1.5999077558517456,4.019219398498535,0.5161358714103699,0.7805647253990173,0.8024110198020935,0.8675926565327464,1.3723828308564379,1.4756904602050782,0.5262036079226295,0.48155480408849083,0.6970416594403792,0.48254816461041966,0.6576975386843221,0.08081682026386261,0.2800000011920929,0.04200000315904617
paraboloid,201,100,42,baseline,dec-side,1.5999077558517456,4.019219398498535,0.5454282164573669,1.0301809310913086,1.5383089780807495,0.9355342329743179,1.936099862693844,2.7441576276506696,2.406709797477836,0.7857242004936332,1.2961885957205401,1.7708284071080163,3.417645879534091,0.37990209460258484,0.2800000011920929,0.04200000315904617
paraboloid,201,100,42,T+F,enc-pull,0.06424730271100998,0.1751774549484253,0.44559311866760254,0.9217702150344849,0.8671510219573975,1.0802752318520323,1.7596941496196545,1.8134872436523437,1.0171644905104678,0.6882389193255504,0.8169248827293727,1.1650362175190996,1.130399718329715,0.33512887358665466,0.2800000011920929,0.04200000315904617
paraboloid,201,100,42,T+F,dec-side,0.06424730271100998,0.1751774549484253,0.45453208684921265,1.007991909980774,1.0320731401443481,1.0948422438317789,1.9756623461730498,2.2285923549107145,1.5804146089258233,0.7231378686866199,0.9222199540725781,1.449837568334034,1.5973885227818903,0.41459909081459045,0.2800000011920929,0.04200000315904617
paraboloid,201,100,1042,baseline,enc-pull,1.9384346008300781,3.528346061706543,0.7503318190574646,1.0040864944458008,1.1341766119003296,1.2428079108087418,1.7738724605744656,1.9063282396969379,0.7912536020371972,0.4952045653050293,0.6922173986755477,0.6058491911047463,0.7057947916048711,0.15360888838768005,0.2980000078678131,0.06200000271201134
paraboloid,201,100,1042,baseline,dec-side,1.9384346008300781,3.528346061706543,0.7884015440940857,1.4288479089736938,1.682292103767395,1.3261664375695992,2.5808457158312037,3.475379483011745,2.9801166631839813,0.6949979958510762,1.1593507156320675,1.845153680678258,2.3780606485126583,0.36722856760025024,0.2980000078678131,0.06200000271201134
paraboloid,201,100,1042,T+F,enc-pull,0.16999582946300507,0.26535874605178833,0.5214067697525024,0.7496874928474426,1.062353491783142,0.8609733326663419,1.4738675369205971,1.7706354128434354,1.0161429215551672,0.5767693761422535,0.6547415700521634,0.6794901889627725,1.3761061333136742,0.296400785446167,0.2980000078678131,0.06200000271201134
paraboloid,201,100,1042,T+F,dec-side,0.16999582946300507,0.26535874605178833,0.5320668816566467,0.8081011772155762,1.1749845743179321,0.8826690877731765,1.6240173112947258,2.031171350671141,1.3959671601689803,0.6169691837833435,0.7405281713389916,0.9067180788463578,1.700403864859386,0.3795071542263031,0.2980000078678131,0.06200000271201134
paraboloid,201,100,2042,baseline,enc-pull,1.2102887630462646,2.1381773948669434,0.2048279047012329,0.4619460105895996,0.7613292932510376,0.46628302858586895,0.8675391787574405,1.2092488224345042,1.3968341195477123,0.28096828919386885,0.38339020188351364,0.6912334100710068,1.3092087415540348,0.25586146116256714,0.26600000262260437,0.04800000041723251
paraboloid,201,100,2042,baseline,dec-side,1.2102887630462646,2.1381773948669434,0.19950203597545624,0.5412402153015137,1.0758895874023438,0.4572941964132744,1.270830305795821,2.223103688175517,2.603837480528871,0.3117910418495799,0.4395889660873684,0.9942533071830355,2.4364996950347138,0.4158433675765991,0.26600000262260437,0.04800000041723251
paraboloid,201,100,2042,T+F,enc-pull,0.08969435095787048,0.2668211758136749,0.4169633090496063,0.7222344279289246,0.7416278719902039,0.8769168519137198,1.4313749283079118,1.5629553543893915,1.171303349128756,0.48667948438767705,0.6653031721084703,0.9530229741279106,0.9781707909867798,0.24171870946884155,0.26600000262260437,0.04800000041723251
paraboloid,201,100,2042,T+F,dec-side,0.08969435095787048,0.2668211758136749,0.4267815947532654,0.7966678142547607,0.7791182994842529,0.8947723120973822,1.5839720226469494,1.8497573737811326,1.4682313942972443,0.5261207035389169,0.7230068484581927,1.164889451530518,1.1328853507020327,0.3192123472690582,0.26600000262260437,0.04800000041723251
paraboloid,201,100,3042,baseline,enc-pull,1.1735942363739014,1.6870534420013428,0.20338739454746246,0.453226774930954,0.6623705625534058,0.5017072588800062,0.8952900331411788,1.1293056712431067,0.9245488733382362,0.2661473088974884,0.3369834505408826,0.6905475402839627,1.0478883672473904,0.25460225343704224,0.2720000147819519,0.05000000074505806
paraboloid,201,100,3042,baseline,dec-side,1.1735942363739014,1.6870534420013428,0.2116025984287262,0.44028112292289734,0.7863645553588867,0.5035544181874481,1.155373872216068,1.886687110452091,1.9840459561845531,0.3331029405338055,0.4182660875163312,0.8799703441526864,1.91621553737161,0.374664306640625,0.2720000147819519,0.05000000074505806
paraboloid,201,100,3042,T+F,enc-pull,0.08116081357002258,0.42759037017822266,0.5373684167861938,0.9257356524467468,0.8868297934532166,1.4627527207334396,1.9479199309847248,2.2028543808880974,1.5605331492752441,1.0761744013953187,1.127008711106788,1.5076712370738958,1.5392943046008967,0.4136771261692047,0.2720000147819519,0.05000000074505806
paraboloid,201,100,3042,T+F,dec-side,0.08116081357002258,0.42759037017822266,0.5444222688674927,0.9799988865852356,0.9706636667251587,1.4756747159090908,2.069365771848764,2.5789570527918197,2.096232735101019,1.0941139863987046,1.1685892458536482,1.6641382283064245,1.7867668102023926,0.44662216305732727,0.2720000147819519,0.05000000074505806
paraboloid,201,100,4042,baseline,enc-pull,1.4288182258605957,2.8857836723327637,0.5275626182556152,0.762183427810669,0.703079879283905,0.9100611225384694,1.3154645977598247,1.2809914663328346,0.4528877213589326,0.43064890386979326,0.6145261144274413,0.48818779623256797,0.691800939116126,0.11477621644735336,0.28200000524520874,0.06000000238418579
paraboloid,201,100,4042,baseline,dec-side,1.4288182258605957,2.8857836723327637,0.5687254071235657,1.10215163230896,1.2446887493133545,0.9575065563143981,2.008055253462358,3.1120044897634087,3.2192630666885553,0.6794662486727092,1.1580892891451187,1.549791032070734,2.549193259791866,0.3793819546699524,0.28200000524520874,0.06000000238418579
paraboloid,201,100,4042,T+F,enc-pull,0.10895833373069763,0.5615457892417908,0.3677293360233307,0.45229601860046387,0.447537899017334,1.1067449275945636,1.314619815710819,1.2354501494279144,0.9367224559886964,0.9108940359912351,1.0159049413447805,0.896394466572021,0.9942161186647462,0.4188142716884613,0.28200000524520874,0.06000000238418579
paraboloid,201,100,4042,T+F,dec-side,0.10895833373069763,0.5615457892417908,0.3814886808395386,0.49869224429130554,0.5886914730072021,1.1392948043061957,1.4444399746981533,1.5103443768007536,1.236819598025352,0.9406141105079018,1.1060614473316477,1.0182053277339578,1.1612821157344482,0.4544777274131775,0.28200000524520874,0.06000000238418579
paraboloid,201,100,5042,baseline,enc-pull,1.6525317430496216,3.268400192260742,0.561008095741272,0.8378504514694214,0.8815645575523376,0.9867918580442995,1.5315063026118543,1.4348475729772288,0.7288758659085365,0.432206187064833,0.5560298076773006,0.5325188085700745,0.9990587157362015,0.20571047067642212,0.2580000162124634,0.06599999964237213
paraboloid,201,100,5042,baseline,dec-side,1.6525317430496216,3.268400192260742,0.593223512172699,1.0938973426818848,1.3194878101348877,1.0611506535456732,2.119285442732357,2.6668526109798933,2.513062098068905,0.6648037785220569,0.9932108682979364,1.4784400827335844,2.0884107276115467,0.40392178297042847,0.2580000162124634,0.06599999964237213
paraboloid,201,100,5042,T+F,enc-pull,0.08759304881095886,0.14083832502365112,0.5307561159133911,0.8614016175270081,1.0773197412490845,1.0726193606198489,1.6966313999077491,1.7779100994731105,1.2361635466500345,0.6464444086288356,0.887411493938696,0.9770652399019625,1.402273831138253,0.369324654340744,0.2580000162124634,0.06599999964237213
paraboloid,201,100,5042,T+F,dec-side,0.08759304881095886,0.14083832502365112,0.5372713208198547,0.9213017225265503,1.2729164361953735,1.0872233296488667,1.8601698083631226,2.1652425130208335,1.765190952541956,0.6826362170047267,0.9738073350945287,1.1982937751129443,1.882631862805178,0.4247552752494812,0.2580000162124634,0.06599999964237213
paraboloid,201,100,6042,baseline,enc-pull,1.4120982885360718,2.42169189453125,0.3601479232311249,0.5416783690452576,0.5317168235778809,0.6505733271527395,1.0709669458584523,1.0403480529785156,0.6502156297645308,0.3101836221691052,0.3343029407696539,0.39252880826654696,0.4755137676648601,0.14214017987251282,0.2720000147819519,0.06000000238418579
paraboloid,201,100,6042,baseline,dec-side,1.4120982885360718,2.42169189453125,0.38650986552238464,0.7301986217498779,0.8468860983848572,0.6608983514592511,1.360897034171998,1.6825845381792854,1.6980890435261924,0.41316752932125145,0.5615769014454656,0.929536149264156,1.2847122090038223,0.3361315429210663,0.2720000147819519,0.06000000238418579
paraboloid,201,100,6042,T+F,enc-pull,0.14730148017406464,0.6848926544189453,0.37546008825302124,0.5497755408287048,0.48173996806144714,0.8361758597621833,1.210863008273868,1.1927362329819624,0.7858190892406625,0.5924940825246905,0.6217988684995566,0.6066331982164038,0.6683717549268268,0.25683802366256714,0.2720000147819519,0.06000000238418579
paraboloid,201,100,6042,T+F,dec-side,0.14730148017406464,0.6848926544189453,0.38251790404319763,0.6100789308547974,0.5671451091766357,0.8407802497762941,1.2988245205616389,1.3353273728314567,0.849195042726237,0.6083751898468827,0.6596895383894325,0.7301113416597388,0.6955309863908917,0.306131511926651,0.2720000147819519,0.06000000238418579
paraboloid,201,100,7042,baseline,enc-pull,1.3833985328674316,2.6510813236236572,0.6049900650978088,0.8923614025115967,0.8927303552627563,1.0372782299697136,1.5006000672504578,1.5430944230821397,0.7903988190284718,0.4288034827296647,0.5354412871860013,0.6434403554909952,0.7679748460512515,0.18270039558410645,0.2880000174045563,0.058000002056360245
paraboloid,201,100,7042,baseline,dec-side,1.3833985328674316,2.6510813236236572,0.6733735799789429,1.1995652914047241,1.4104098081588745,1.157962479780424,2.1630101465916898,2.842613855997721,2.2502639398251834,0.7810703658968027,1.2191045301945604,1.551928013446611,1.8607671429028663,0.3038316071033478,0.2880000174045563,0.058000002056360245
paraboloid,201,100,7042,T+F,enc-pull,0.12100110203027725,0.21199297904968262,0.592787504196167,0.9704023599624634,1.0101137161254883,1.0804479657815942,1.7101618169428228,1.9873305426703558,1.0182668452515278,0.6807784710794177,0.9233001430271474,0.9283192702139422,1.1320647539863826,0.2304532378911972,0.2880000174045563,0.058000002056360245
paraboloid,201,100,7042,T+F,dec-side,0.12100110203027725,0.21199297904968262,0.6129341721534729,1.1015510559082031,1.2129956483840942,1.1146103106931442,1.951933361235119,2.422702365451389,1.6349350937509008,0.7872513685725444,1.1604967190173532,1.3432146779952878,1.8077166285549398,0.34539538621902466,0.2880000174045563,0.058000002056360245
paraboloid,201,100,8042,baseline,enc-pull,2.2629573345184326,5.848855972290039,0.5427192449569702,0.7969529628753662,0.8581172227859497,1.0217909131731306,1.2986875668600881,1.4261820475260416,0.8864681281208466,0.48107309772066037,0.6297102294981378,0.6701326352495987,0.9698462812587625,0.21685102581977844,0.27000001072883606,0.058000002056360245
paraboloid,201,100,8042,baseline,dec-side,2.2629573345184326,5.848855972290039,0.5652320981025696,0.930838942527771,0.9950745701789856,1.0753678594316756,1.732080989853475,2.3320000542534722,1.9456119065793223,0.765821683720898,1.2318422639215703,1.1617655733628263,1.332962260853861,0.3200334310531616,0.27000001072883606,0.058000002056360245
paraboloid,201,100,8042,T+F,enc-pull,0.21899749338626862,0.36575645208358765,0.507626473903656,1.0247290134429932,1.2758479118347168,1.1304795401436942,1.7347257622050052,2.1777931495949074,1.5145960041036772,0.7739235114228407,1.0112519813753165,1.449315685897851,1.9400208943611807,0.30681300163269043,0.27000001072883606,0.058000002056360245
paraboloid,201,100,8042,T+F,dec-side,0.21899749338626862,0.36575645208358765,0.517458438873291,1.1200333833694458,1.6128062009811401,1.1422506059919084,1.9314262421793957,2.6209630895543983,2.0178205093608974,0.803678684743406,1.0879965533124767,1.7486027025960154,2.7774207274112586,0.39059799909591675,0.27000001072883606,0.058000002056360245
paraboloid,201,100,9042,baseline,enc-pull,1.3923451900482178,2.963082790374756,0.49292808771133423,0.9239554405212402,1.0661064386367798,0.9485991221692593,1.468875732421875,1.667264681335882,1.1434787687361163,0.5116939124732448,0.6567107190567263,0.9159890119685805,1.2454129955303734,0.19056329131126404,0.28200000524520874,0.04400000348687172
paraboloid,201,100,9042,baseline,dec-side,1.3923451900482178,2.963082790374756,0.534834623336792,1.2011206150054932,1.623358130455017,1.0448121730451543,2.226766357421875,3.534314311142509,3.5537979988939687,0.7293319025602799,1.0722487842732606,1.9659230490288602,3.2176580298134465,0.395984947681427,0.28200000524520874,0.04400000348687172
paraboloid,201,100,9042,T+F,enc-pull,0.1674330085515976,0.7460967302322388,0.6387727856636047,1.0103163719177246,0.9806184768676758,1.2222078970350359,1.804468505859375,1.8477302713597075,1.036926918688342,0.7652260780927863,0.8673386873049826,1.2355510401080478,1.1680967562923872,0.3276079595088959,0.28200000524520874,0.04400000348687172
paraboloid,201,100,9042,T+F,dec-side,0.1674330085515976,0.7460967302322388,0.6487170457839966,1.0847936868667603,1.2086368799209595,1.2374568720746146,1.9548966064453126,2.2183134471271053,1.6756828907486385,0.7960961524053273,0.9528725940783099,1.6177100115526624,1.9294375277716511,0.38612937927246094,0.28200000524520874,0.04400000348687172
hyperbolic_paraboloid,201,100,42,baseline,enc-pull,2.4232938289642334,4.183659076690674,0.5164960026741028,0.8344565629959106,0.9129831194877625,0.926995632112159,1.3806980678013392,1.4399539402553014,0.8584613491187203,0.4138949240734255,0.5667698142370278,0.6420701531444484,1.1951536327684147,0.19540494680404663,0.2800000011920929,0.04200000315904617
hyperbolic_paraboloid,201,100,42,baseline,dec-side,2.4232938289642334,4.183659076690674,0.5517011880874634,1.1843476295471191,1.76008939743042,0.9689824501496381,1.8589097790251998,2.6378080095563616,2.168158127259446,0.49493903482271734,0.7495855332989196,1.300670735884012,2.5682333895125486,0.34937554597854614,0.2800000011920929,0.04200000315904617
hyperbolic_paraboloid,201,100,42,T+F,enc-pull,0.06871097534894943,0.15038321912288666,0.565701425075531,0.9853494763374329,0.9587598443031311,1.0713961798788976,1.791538095115719,1.7657394409179688,0.8412818438236633,0.5506128401876688,0.7349494898912886,0.8286403498657394,1.2359325752162478,0.24765367805957794,0.2800000011920929,0.04200000315904617
hyperbolic_paraboloid,201,100,42,T+F,dec-side,0.06871097534894943,0.15038321912288666,0.5723344683647156,1.0214688777923584,1.0297648906707764,1.0850309444164115,1.9101883737664473,1.9516082763671876,1.1014438356528762,0.5720514517985721,0.7833445679986092,0.928290483999155,1.3716349337802394,0.277313232421875,0.2800000011920929,0.04200000315904617
hyperbolic_paraboloid,201,100,1042,baseline,enc-pull,3.967179298400879,8.104453086853027,0.7053247690200806,0.8483344912528992,0.9516275525093079,1.187267957657642,1.5541393180762082,1.5976011545066064,0.6391125758408944,0.3275764801129528,0.35841087127752297,0.29855407792194494,0.4160940583659411,0.1530900001525879,0.2980000078678131,0.06200000271201134
hyperbolic_paraboloid,201,100,1042,baseline,dec-side,3.967179298400879,8.104453086853027,0.8076651692390442,1.4013895988464355,1.7433600425720215,1.2940953855790647,2.275073650601185,2.7533729092386743,1.7917503090866476,0.5993741525466393,0.8643457481448525,1.3399510833424422,1.7432616950586344,0.30962711572647095,0.2980000078678131,0.06200000271201134
hyperbolic_paraboloid,201,100,1042,T+F,enc-pull,0.1339491456747055,0.24178293347358704,0.7736827731132507,1.1244709491729736,1.2448346614837646,1.3244312175929147,2.003097817800302,2.1321079330956376,0.8295142548988638,0.5841704844857386,0.813463699659,0.8849830214280237,0.9850105523162129,0.1876823902130127,0.2980000078678131,0.06200000271201134
hyperbolic_paraboloid,201,100,1042,T+F,dec-side,0.1339491456747055,0.24178293347358704,0.7929044961929321,1.2739357948303223,1.4891724586486816,1.364897798058185,2.2909214629559713,2.622503293440646,1.5719381033960755,0.6578970487453595,0.9756854171930693,1.3079881333950736,1.5815115235606119,0.27603161334991455,0.2980000078678131,0.06200000271201134
hyperbolic_paraboloid,201,100,2042,baseline,enc-pull,2.0249388217926025,2.728436231613159,0.49124830961227417,0.7349376082420349,0.6454834342002869,0.8589651542797423,1.2920110793340773,1.3571539857333763,0.5569016104802564,0.33760840693283783,0.3644050459972572,0.45282367475197427,0.3721865541663378,0.1393532007932663,0.26600000262260437,0.04800000041723251
hyperbolic_paraboloid,201,100,2042,baseline,dec-side,2.0249388217926025,2.728436231613159,0.5075374841690063,0.9667906761169434,1.0212682485580444,0.8860112240439967,1.6772498478965154,2.137252004523026,1.503781310476205,0.39494466708087517,0.5324464649743711,0.9346210679391493,1.3804881502006974,0.3256034255027771,0.26600000262260437,0.04800000041723251
hyperbolic_paraboloid,201,100,2042,T+F,enc-pull,0.07131487131118774,0.23073843121528625,0.21766266226768494,0.3880322277545929,0.5482128858566284,0.49333615888629045,0.8434575398763021,0.9962420929643444,0.8241251632832908,0.332741197663395,0.3927072799388733,0.6453906422350044,0.698813034784574,0.2359626442193985,0.26600000262260437,0.04800000041723251
hyperbolic_paraboloid,201,100,2042,T+F,dec-side,0.07131487131118774,0.23073843121528625,0.22341756522655487,0.418030321598053,0.5932316184043884,0.4979181122361568,0.9096590072389633,1.087793565334234,0.9149427973138794,0.34195876819620835,0.41155060815421646,0.7059641419914182,0.7872503862681874,0.2979952096939087,0.26600000262260437,0.04800000041723251
hyperbolic_paraboloid,201,100,3042,baseline,enc-pull,2.581568717956543,2.6827285289764404,0.4495694935321808,0.5570625066757202,0.5455808639526367,0.9010499670870288,1.157179647417211,1.1210421393899357,0.9258516909268091,0.3088845540143712,0.3715807086698614,0.5366411450782158,0.6280144855201448,0.40920379757881165,0.2720000147819519,0.05000000074505806
hyperbolic_paraboloid,201,100,3042,baseline,dec-side,2.581568717956543,2.6827285289764404,0.5319244861602783,0.8936100602149963,0.9186950325965881,0.991923871431541,1.7157501676189366,1.9773528155158548,1.452091365465169,0.45942745251355105,0.6727278810768641,0.8566370611294959,1.157860206928739,0.2850036323070526,0.2720000147819519,0.05000000074505806
hyperbolic_paraboloid,201,100,3042,T+F,enc-pull,0.050963230431079865,0.05465555191040039,0.48131629824638367,0.7236970663070679,0.7591514587402344,0.9635526737458425,1.4524636339785448,1.5124320983886719,0.792077281639018,0.5474517972937425,0.6261188067394076,0.711244434645888,1.120987639506217,0.19849547743797302,0.2720000147819519,0.05000000074505806
hyperbolic_paraboloid,201,100,3042,T+F,dec-side,0.050963230431079865,0.05465555191040039,0.48634427785873413,0.7372675538063049,0.7923443913459778,0.9766941112848184,1.5278427351766557,1.641053368063534,0.8667917162090427,0.5761260131075814,0.6677430045580504,0.7418375763081511,1.1172190500352732,0.2344721257686615,0.2720000147819519,0.05000000074505806
hyperbolic_paraboloid,201,100,4042,baseline,enc-pull,1.9433389902114868,3.8118977546691895,0.485645592212677,0.6336372494697571,0.7572590112686157,0.9211803113560874,1.2280532374526516,1.1211575988336657,0.7502077673862472,0.3377618821954641,0.3226743763775202,0.48805138057709185,0.9146995085412467,0.2460479587316513,0.28200000524520874,0.06000000238418579
hyperbolic_paraboloid,201,100,4042,baseline,dec-side,1.9433389902114868,3.8118977546691895,0.52049720287323,0.7984938621520996,0.9572435021400452,0.9750314575989696,1.5276140155214253,1.7608320087405807,1.221297962547815,0.45271195177315,0.5723141216969925,0.6299343437688862,1.2838388433051366,0.33017581701278687,0.28200000524520874,0.06000000238418579
hyperbolic_paraboloid,201,100,4042,T+F,enc-pull,0.0564580038189888,0.08333194255828857,0.5529935956001282,0.858451247215271,0.8688347935676575,0.975712376923468,1.5460447831587358,1.631825440318872,0.8616993917545444,0.5014495752548093,0.7559526010253564,0.7512835306111819,0.9190057143475433,0.2616501748561859,0.28200000524520874,0.06000000238418579
hyperbolic_paraboloid,201,100,4042,T+F,dec-side,0.0564580038189888,0.08333194255828857,0.5594974756240845,0.8886053562164307,0.9057536125183105,0.9868133611120526,1.5987318790320195,1.735319638083167,0.9935030756461357,0.528762463627391,0.8144696114810586,0.7985832010423642,1.003523989086108,0.29633623361587524,0.28200000524520874,0.06000000238418579
hyperbolic_paraboloid,201,100,5042,baseline,enc-pull,2.1281325817108154,3.2903494834899902,0.5369446873664856,0.7150734663009644,0.6702444553375244,0.9998374184409341,1.388036749019834,1.2795362842175388,0.8022496554004919,0.3417981984966153,0.4820782846010409,0.406717375488248,0.7629109428858619,0.19505231082439423,0.2580000162124634,0.06599999964237213
hyperbolic_paraboloid,201,100,5042,baseline,dec-side,2.1281325817108154,3.2903494834899902,0.5950112342834473,1.1449798345565796,1.5214920043945312,1.0583249270260988,1.9040128700847556,2.555319616036822,2.4195874935667323,0.502313225332832,0.777319607625132,1.340430917537724,2.376576418371623,0.32735806703567505,0.2580000162124634,0.06599999964237213
hyperbolic_paraboloid,201,100,5042,T+F,enc-pull,0.10952426493167877,0.27437371015548706,0.4385276734828949,0.8066848516464233,0.8001553416252136,0.9550190349201579,1.4919098013001615,1.4870137059411337,0.9118890512217281,0.5369345660071062,0.6994020488957584,0.9460108391281886,1.0627802446930492,0.2892032861709595,0.2580000162124634,0.06599999964237213
hyperbolic_paraboloid,201,100,5042,T+F,dec-side,0.10952426493167877,0.27437371015548706,0.4454684257507324,0.8305416107177734,0.883470892906189,0.9730064308250344,1.6012807473045434,1.6913956043332121,1.2041047889088108,0.56056384325535,0.7507826741258316,1.0189903728371241,1.283469811151771,0.3295039236545563,0.2580000162124634,0.06599999964237213
hyperbolic_paraboloid,201,100,6042,baseline,enc-pull,2.3027381896972656,3.8531835079193115,0.39435169100761414,0.5937499403953552,0.5641909837722778,0.7700528048208631,1.089087538831816,1.101755927590763,0.6226551055897683,0.3127490406175704,0.40643274341893093,0.5688479917857939,0.45306082523201463,0.16054581105709076,0.2720000147819519,0.06000000238418579
hyperbolic_paraboloid,201,100,6042,baseline,dec-side,2.3027381896972656,3.8531835079193115,0.46490710973739624,0.9739124774932861,1.1454166173934937,0.8355531398420292,1.665473998062254,2.1270500631893383,1.6531170396370305,0.45075791429118844,0.6677867647504799,1.1560488814691274,1.4827891769691992,0.31076061725616455,0.2720000147819519,0.06000000238418579
hyperbolic_paraboloid,201,100,6042,T+F,enc-pull,0.09211606532335281,0.28241488337516785,0.34600698947906494,0.5145891904830933,0.461895614862442,0.7626295719902946,1.1695109690268208,1.2168381634880514,0.6817913522090973,0.5262975072995625,0.5678623465482436,0.6058242224453884,0.6104072468088303,0.2126970738172531,0.2720000147819519,0.06000000238418579
hyperbolic_paraboloid,201,100,6042,T+F,dec-side,0.09211606532335281,0.28241488337516785,0.3522993326187134,0.5549662113189697,0.5072087645530701,0.771109492768275,1.2453913651113435,1.3136872684254366,0.8347071269424107,0.5466331868106646,0.6192311283493619,0.6677386023180824,0.6160625780942824,0.23380643129348755,0.2720000147819519,0.06000000238418579
hyperbolic_paraboloid,201,100,7042,baseline,enc-pull,1.8042253255844116,2.2895548343658447,0.46405306458473206,0.7618707418441772,0.7364621758460999,0.8296867740311812,1.2943600385616987,1.434634526570638,0.7169602352606018,0.29879601000581985,0.3888554018300888,0.43693238930848105,0.509805926447064,0.11486810445785522,0.2880000174045563,0.058000002056360245
hyperbolic_paraboloid,201,100,7042,baseline,dec-side,1.8042253255844116,2.2895548343658447,0.517940104007721,1.016600489616394,1.2596890926361084,0.8714114285775744,1.6361195770375458,2.269586351182726,1.4784756485262895,0.4471557960575611,0.7436616560891662,1.199600498221925,1.650826721546251,0.3076772391796112,0.2880000174045563,0.058000002056360245
hyperbolic_paraboloid,201,100,7042,T+F,enc-pull,0.08233129978179932,0.32076752185821533,0.5024009346961975,0.9182152152061462,0.97471684217453,0.9857357882193006,1.54514891236693,1.8465309143066406,0.9507781364176096,0.5633636224847205,0.7509852588851875,0.8962838335809072,1.0145720915601597,0.22757939994335175,0.2880000174045563,0.058000002056360245
hyperbolic_paraboloid,201,100,7042,T+F,dec-side,0.08233129978179932,0.32076752185821533,0.5156707167625427,1.012398362159729,1.2078912258148193,1.0052012977095952,1.6981712033897092,2.1794950697157116,1.3752738506535276,0.6015342575334196,0.8562266848779461,1.1869770668764972,1.5128591573617838,0.29076093435287476,0.2880000174045563,0.058000002056360245
hyperbolic_paraboloid,201,100,8042,baseline,enc-pull,1.8375623226165771,2.7322468757629395,0.37343791127204895,0.549224853515625,0.5735259056091309,0.7522467204502651,1.0497092092680238,1.0493521231192129,0.7296558343909977,0.28543018917711077,0.31874265592192785,0.4480710962080055,0.7158329145107616,0.192999929189682,0.27000001072883606,0.058000002056360245
hyperbolic_paraboloid,201,100,8042,baseline,dec-side,1.8375623226165771,2.7322468757629395,0.4173749089241028,0.8417994379997253,0.8279280066490173,0.7998245784214565,1.4626361008007003,1.7966695149739584,1.4788140227297124,0.38793604238023977,0.5068200782053752,1.0411553685698016,1.0868309223916248,0.2850644588470459,0.27000001072883606,0.058000002056360245
hyperbolic_paraboloid,201,100,8042,T+F,enc-pull,0.11081468313932419,0.17677834630012512,0.4611559510231018,0.819521427154541,0.8571397662162781,0.8764650481087821,1.3561458350217195,1.5505678530092593,0.844977877062059,0.43652463999898944,0.5179611078669982,0.6925668763209855,1.255624559013821,0.16324666142463684,0.27000001072883606,0.058000002056360245
hyperbolic_paraboloid,201,100,8042,T+F,dec-side,0.11081468313932419,0.17677834630012512,0.4766298830509186,0.9235877990722656,1.1179759502410889,0.8980140686035156,1.4848640410237293,1.8853212709780092,1.0981414587317346,0.4907724946378694,0.605621234601929,0.9163814150907341,1.8793355801446927,0.24667629599571228,0.27000001072883606,0.058000002056360245
hyperbolic_paraboloid,201,100,9042,baseline,enc-pull,2.0239486694335938,4.725525379180908,0.4531036913394928,0.7333768606185913,0.7414399981498718,0.8642166742669328,1.28243994140625,1.37195278735871,0.6639778748510421,0.36069601906693977,0.41515103753680804,0.4343973771513129,0.606688845787491,0.1701945662498474,0.28200000524520874,0.04400000348687172
hyperbolic_paraboloid,201,100,9042,baseline,dec-side,2.0239486694335938,4.725525379180908,0.5165029168128967,1.0743663311004639,1.7345026731491089,0.9842183789492703,1.836342529296875,2.790362851839539,2.372581488359884,0.5976987015137859,0.7800324039098132,1.3305504185662527,2.70467874992257,0.34772789478302,0.28200000524520874,0.04400000348687172
hyperbolic_paraboloid,201,100,9042,T+F,enc-pull,0.11129270493984222,0.3370803892612457,0.21946226060390472,0.40369129180908203,0.5902736186981201,0.7011630020477698,0.9473411865234375,1.070577526768894,0.824235244159731,0.5738354726319297,0.557676726122529,0.6457012166847257,0.9772693364808371,0.2694343626499176,0.28200000524520874,0.04400000348687172
hyperbolic_paraboloid,201,100,9042,T+F,dec-side,0.11129270493984222,0.3370803892612457,0.22064849734306335,0.3941532075405121,0.5315686464309692,0.7020425670472535,0.967042724609375,1.10162505021332,0.8601792164016483,0.5759999655609319,0.5617043199351459,0.6474790609674848,0.8952670824652804,0.28824126720428467,0.28200000524520874,0.04400000348687172
paraboloid,201,200,42,baseline,enc-pull,0.7575478553771973,0.8271815776824951,0.5046541094779968,0.7525967359542847,0.7431319952011108,0.8437326002227171,1.3413318834806744,1.4525139944893972,0.7236442163472313,0.47660982071350166,0.5968056926497348,0.5453364233841188,0.8100591596201049,0.19039086997509003,0.2800000011920929,0.04200000315904617
paraboloid,201,200,42,baseline,dec-side,0.7575478553771973,0.8271815776824951,0.5507999658584595,1.0582034587860107,1.702400803565979,0.9686131126896576,2.0844015250528667,3.0522840227399555,2.8822412370102075,0.8380810173867099,1.400382443358158,1.9555849441267705,4.156326457821729,0.41048890352249146,0.2800000011920929,0.04200000315904617
paraboloid,201,200,42,T+F,enc-pull,0.08726240694522858,0.400407999753952,0.5850325226783752,1.091986060142517,0.8812341690063477,1.144366903666133,1.9551614173372884,2.0854302542550225,1.3978599966416039,0.7118564701911201,0.968465499917907,1.5392876470909316,1.2325488787884942,0.34769052267074585,0.2800000011920929,0.04200000315904617
paraboloid,201,200,42,T+F,dec-side,0.08726240694522858,0.400407999753952,0.5877518057823181,1.1078734397888184,0.8718007802963257,1.1509615551920935,1.9888424980909305,2.037154061453683,1.3401288670927267,0.7226314084226179,0.9870962720291477,1.6084463945347076,1.1155796936857463,0.3462699055671692,0.2800000011920929,0.04200000315904617
paraboloid,201,200,1042,baseline,enc-pull,0.8512489795684814,0.803244411945343,0.7542549967765808,1.0200889110565186,1.1248137950897217,1.2265760935760022,1.7749613368378252,1.901553160392198,0.6371013933310408,0.5088120688035249,0.754889383276073,0.7702290240359569,0.7730582479858356,0.10387258231639862,0.2980000078678131,0.06200000271201134
paraboloid,201,200,1042,baseline,dec-side,0.8512489795684814,0.803244411945343,0.8082360029220581,1.4850382804870605,1.9137742519378662,1.351647052042734,2.6790412987918217,3.846109889497693,3.598560394294615,0.782047813755319,1.2347760930011515,2.016181929812264,2.9131939603247545,0.35566556453704834,0.2980000078678131,0.06200000271201134
paraboloid,201,200,1042,T+F,enc-pull,0.053939398378133774,0.06209696829319,0.774671196937561,1.161232352256775,1.2914488315582275,1.3212047823287862,2.139730120236989,2.2892544125550547,1.2897569161880147,0.7337281462875966,1.1040987278948449,1.2543963543370487,1.3680047176084902,0.27108338475227356,0.2980000078678131,0.06200000271201134
paraboloid,201,200,1042,T+F,dec-side,0.053939398378133774,0.06209696829319,0.7828336954116821,1.2740846872329712,1.4752637147903442,1.3456949688543987,2.409978590047049,2.848469778995386,2.196107450899078,0.7746661469923755,1.2016796707978477,1.6049404107432492,1.9267221658347824,0.37255939841270447,0.2980000078678131,0.06200000271201134
paraboloid,201,200,2042,baseline,enc-pull,0.5564075112342834,0.7785219550132751,0.21355317533016205,0.391674667596817,0.54193115234375,0.46853871931109514,0.7500098092215401,0.8035161298020441,0.5326111071560565,0.2449666310884558,0.30286325229467875,0.48017824191280156,0.6261074070257717,0.12151141464710236,0.26600000262260437,0.04800000041723251
paraboloid,201,200,2042,baseline,dec-side,0.5564075112342834,0.7785219550132751,0.2325095385313034,0.6349488496780396,1.0493707656860352,0.5071503823263603,1.6001506987072172,2.7745035501351034,3.7711271973912917,0.3807431282042139,0.5386413700450379,1.726467665449459,3.4495143842888885,0.4344633221626282,0.26600000262260437,0.04800000041723251
paraboloid,201,200,2042,T+F,enc-pull,0.08687740564346313,0.3659899830818176,0.5197221040725708,1.0810520648956299,0.9557273387908936,1.3774794193736293,2.1935177757626487,2.1769735006461466,1.7121190081607858,1.0993184096840554,1.2726127048902476,1.8649186247918828,1.9272337498256253,0.399747759103775,0.26600000262260437,0.04800000041723251
paraboloid,201,200,2042,T+F,dec-side,0.08687740564346313,0.3659899830818176,0.5276591181755066,1.1368509531021118,1.1889348030090332,1.395348532158032,2.390653337751116,2.699539069842575,2.4355244998603434,1.1220685032376558,1.3208362524958193,2.016317098019286,2.6092214091815658,0.43153953552246094,0.26600000262260437,0.04800000041723251
paraboloid,201,200,3042,baseline,enc-pull,0.5757113695144653,0.7329835891723633,0.20939810574054718,0.4247766137123108,0.5828362703323364,0.49351254482226997,0.7942447377674615,0.8850718666525448,0.6354841041246623,0.23884896745028988,0.30323504957728753,0.6078713077124546,1.044437431053756,0.11359965801239014,0.2720000147819519,0.05000000074505806
paraboloid,201,200,3042,baseline,dec-side,0.5757113695144653,0.7329835891723633,0.22632478177547455,0.5065940618515015,1.0456501245498657,0.5572798363121015,1.4836902903087104,2.455403271843405,3.215393032159986,0.3592839417422843,0.465645090431009,1.1816392979793289,2.9672983993528526,0.3956119418144226,0.2720000147819519,0.05000000074505806
paraboloid,201,200,3042,T+F,enc-pull,0.02392345853149891,0.04957146197557449,0.20250257849693298,0.4123827815055847,0.6431661248207092,0.4584253484552557,0.8640505093247143,1.179560380823472,1.207069211559322,0.32200923857744496,0.32683523724206415,0.9344396987189967,1.8076130657262401,0.34126806259155273,0.2720000147819519,0.05000000074505806
paraboloid,201,200,3042,T+F,dec-side,0.02392345853149891,0.04957146197557449,0.20592276751995087,0.40572047233581543,0.6518170833587646,0.46961863447980184,0.9767311437806087,1.3947058284983915,1.5609736513009118,0.3397618812797024,0.34387404495240853,0.9323921213699855,1.8849758746427174,0.42174696922302246,0.2720000147819519,0.05000000074505806
paraboloid,201,200,4042,baseline,enc-pull,0.5494992733001709,0.6335779428482056,0.5578857660293579,0.7603156566619873,0.7500413656234741,0.9631423122712175,1.3241228045839253,1.297612616356383,0.38924109625393344,0.42384363610741344,0.6147527552541391,0.4740676854423305,0.7897396757367359,0.1331455260515213,0.28200000524520874,0.06000000238418579
paraboloid,201,200,4042,baseline,dec-side,0.5494992733001709,0.6335779428482056,0.6085185408592224,1.02035391330719,1.3327070474624634,1.0728546605968683,2.099084102746212,3.1814800289505762,3.329893613293271,0.7086246963787558,1.3179006764484236,1.6556695003019761,2.8263184135741084,0.3848748207092285,0.28200000524520874,0.06000000238418579
paraboloid,201,200,4042,T+F,enc-pull,0.10233843326568604,0.6810126304626465,0.5751542448997498,0.8066482543945312,0.9031062126159668,1.6900708908114155,2.0012590812914297,2.058668853543329,1.427824821071839,1.372086461553365,1.4688185921758767,1.345762740605142,1.6402688405806163,0.4942227602005005,0.28200000524520874,0.06000000238418579
paraboloid,201,200,4042,T+F,dec-side,0.10233843326568604,0.6810126304626465,0.595188319683075,0.8871808648109436,1.1017231941223145,1.7058812470343003,2.180505001183712,2.450697012826906,1.9183629990049786,1.3964859088716306,1.5791078418043176,1.4879312190509124,2.1116765273851743,0.49400851130485535,0.28200000524520874,0.06000000238418579
paraboloid,201,200,5042,baseline,enc-pull,0.8352606892585754,0.8000442981719971,0.22685793042182922,0.3552229404449463,0.42531412839889526,0.4720939217032967,0.7022551927179428,0.7560971873675206,0.58299298406459,0.2801856101962053,0.34515838585034064,0.4510139587075646,0.6209259213588011,0.14894019067287445,0.2580000162124634,0.06599999964237213
paraboloid,201,200,5042,baseline,dec-side,0.8352606892585754,0.8000442981719971,0.2452998161315918,0.5410206913948059,0.9204500317573547,0.52152344420716,1.2690617747852284,2.430660750514777,2.8771013617497414,0.3564602850877457,0.4315189108776409,0.7811523659518521,1.3929670611822706,0.40633466839790344,0.2580000162124634,0.06599999964237213
paraboloid,201,200,5042,T+F,enc-pull,0.050019390881061554,0.12368032336235046,0.5980368256568909,0.9413410425186157,0.8838350772857666,1.1264696729052197,1.7626086020381688,1.6607502782067587,1.0703680500738937,0.7518822144913553,0.9928737295061082,1.0656486162905492,1.1291154521813611,0.3414151072502136,0.2580000162124634,0.06599999964237213
paraboloid,201,200,5042,T+F,dec-side,0.050019390881061554,0.12368032336235046,0.6161667108535767,1.0892151594161987,1.0942893028259277,1.1782633016397666,2.1417889471863467,2.4884395155795787,2.352515571308021,0.8557060966734666,1.2141362184776037,1.6277662047091743,1.8466448591927656,0.456260621547699,0.2580000162124634,0.06599999964237213
paraboloid,201,200,6042,baseline,enc-pull,0.759965181350708,1.2972835302352905,0.362030029296875,0.5903052091598511,0.5768817067146301,0.6446319445639455,1.0407479353777067,1.0264046612907858,0.4645952709929688,0.31688765649142,0.2860348113771953,0.3732587135549135,0.5067563229006264,0.11893783509731293,0.2720000147819519,0.06000000238418579
paraboloid,201,200,6042,baseline,dec-side,0.759965181350708,1.2972835302352905,0.3824620842933655,0.6658260822296143,0.6398302316665649,0.6868548960412652,1.4134881928211123,1.637852949254653,1.6990151691545765,0.5314052792035439,0.6953752305179548,1.0399109467840966,0.6306063306935322,0.35727009177207947,0.2720000147819519,0.06000000238418579
paraboloid,201,200,6042,T+F,enc-pull,0.05711051821708679,0.20397818088531494,0.5360987186431885,0.9827635884284973,1.0206751823425293,0.9730152684686467,1.7534806859774852,1.6431561638327206,0.9558747600209622,0.5352654857129476,0.5961456026487619,0.8825341948856876,0.7726517728927187,0.231683149933815,0.2720000147819519,0.06000000238418579
paraboloid,201,200,6042,T+F,dec-side,0.05711051821708679,0.20397818088531494,0.5419715046882629,1.0348153114318848,1.1158274412155151,0.987204396252065,1.9009606068528544,1.923483455882353,1.4489853964268482,0.5650588100983848,0.6689621963383652,1.1137928631401548,1.0412101463668355,0.3056451380252838,0.2720000147819519,0.06000000238418579
paraboloid,201,200,7042,baseline,enc-pull,0.5605356097221375,0.9126529693603516,0.5935111045837402,0.8963513374328613,0.8246073722839355,1.0035431983712486,1.4586057558164491,1.5891085730658636,0.607699581173015,0.381724377770438,0.4199743701515079,0.40282161119064214,0.631301485503648,0.09720353782176971,0.2880000174045563,0.058000002056360245
paraboloid,201,200,7042,baseline,dec-side,0.5605356097221375,0.9126529693603516,0.6621602177619934,1.2448893785476685,1.4303749799728394,1.1087737230477355,2.1560586223672162,2.9894415537516275,2.742236088053303,0.7487296351570675,1.2085673624706408,1.697322852589068,2.197770571395074,0.35004112124443054,0.2880000174045563,0.058000002056360245
paraboloid,201,200,7042,T+F,enc-pull,0.024427682161331177,0.03821423649787903,0.6232194304466248,1.0666075944900513,1.127624273300171,1.0874001927312775,1.8555533720023467,2.2169149186876087,1.3779846231221826,0.7418060649203121,1.0821719349432133,1.1970626577030112,1.3980542566996002,0.27754053473472595,0.2880000174045563,0.058000002056360245
paraboloid,201,200,7042,T+F,dec-side,0.024427682161331177,0.03821423649787903,0.6308751106262207,1.1297821998596191,1.2405543327331543,1.1020164993891106,1.9884739690647895,2.4990728166368275,1.78229509509281,0.7841698756742822,1.1857369540390161,1.4447676683764132,1.7785843284055618,0.3406084477901459,0.2880000174045563,0.058000002056360245
paraboloid,201,200,8042,baseline,enc-pull,1.201033592224121,2.2201037406921387,0.7618429660797119,1.1685281991958618,1.1937633752822876,1.279242924281529,1.7404761096748573,1.7933238841869212,0.5543739630652704,0.5084495137888245,0.5215455952735725,0.655825810863908,0.8591449465498837,0.08399856835603714,0.27000001072883606,0.058000002056360245
paraboloid,201,200,8042,baseline,dec-side,1.201033592224121,2.2201037406921387,0.8256700038909912,1.6771682500839233,2.1489431858062744,1.404836654663086,2.6374374959478732,3.5958428276909724,3.0120577092822978,0.8148218321350046,1.2560334050439685,2.11868973891582,2.6786910639982167,0.33051103353500366,0.27000001072883606,0.058000002056360245
paraboloid,201,200,8042,T+F,enc-pull,0.08196742832660675,0.06551870703697205,0.4994615614414215,1.0125106573104858,1.2705730199813843,0.9068895748683384,1.6159242495461619,2.0481142397280094,1.2650274574640477,0.5306431298544431,0.8351587923693403,1.2422299373537529,1.970295545267268,0.27443382143974304,0.27000001072883606,0.058000002056360245
paraboloid,201,200,8042,T+F,dec-side,0.08196742832660675,0.06551870703697205,0.5088545083999634,1.1117708683013916,1.5752966403961182,0.9259380613054548,1.8563949141759595,2.5677485713252315,1.9702068810676485,0.5823103577017166,0.9525575081856088,1.683853464448251,2.9201974194340283,0.38034069538116455,0.27000001072883606,0.058000002056360245
paraboloid,201,200,9042,baseline,enc-pull,0.698127031326294,0.6729835271835327,0.4680126905441284,0.8020700216293335,0.9524695873260498,0.9391863986784141,1.3091458740234374,1.406931775681516,0.6484950376719477,0.45531096498103646,0.5528917915151741,0.5337894161441017,0.993565036601095,0.09559843689203262,0.28200000524520874,0.04400000348687172
paraboloid,201,200,9042,baseline,dec-side,0.698127031326294,0.6729835271835327,0.5225757956504822,1.1291561126708984,1.5647287368774414,1.0719955377116603,2.2308037109375,3.9744379571143615,4.519438487953235,0.7577222464164753,1.1078504764063564,2.052225408099995,3.7576953261886366,0.4299139678478241,0.28200000524520874,0.04400000348687172
paraboloid,201,200,9042,T+F,enc-pull,0.08021265268325806,0.18220025300979614,0.5119187831878662,0.9816972017288208,1.081846833229065,1.159707359280355,1.777615478515625,2.3266577754460327,1.8818456868990012,0.8808957046204154,1.013421421795802,1.4800668187704742,1.6937121759457106,0.35680916905403137,0.28200000524520874,0.04400000348687172
paraboloid,201,200,9042,T+F,dec-side,0.08021265268325806,0.18220025300979614,0.5118251442909241,1.006859302520752,1.096689224243164,1.1578033043949614,1.827621337890625,2.4124766681211214,1.9109818298105836,0.8607974798777843,0.9798813559123919,1.5427478878192193,1.760205412223027,0.41093066334724426,0.28200000524520874,0.04400000348687172
hyperbolic_paraboloid,201,200,42,baseline,enc-pull,0.8150312304496765,0.8587490320205688,0.44071024656295776,0.8208739161491394,0.6909785866737366,0.8372573002940562,1.3689887254757989,1.3573403494698661,0.435091525261583,0.3022834652917004,0.4307281810522739,0.4941052800007206,0.5447704588572252,0.08863011002540588,0.2800000011920929,0.04200000315904617
hyperbolic_paraboloid,201,200,42,baseline,dec-side,0.8150312304496765,0.8587490320205688,0.46320441365242004,1.039224624633789,1.238013744354248,0.8608409312360802,1.7952522908834587,2.1349129813058036,1.3150909346904485,0.40108812210470923,0.6472351073565183,1.0378867678960633,1.4853808520542124,0.32192254066467285,0.2800000011920929,0.04200000315904617
hyperbolic_paraboloid,201,200,42,T+F,enc-pull,0.035665664821863174,0.09504087269306183,0.5126779675483704,0.9258350133895874,1.1139789819717407,0.977392523750696,1.643210963199013,1.8363961356026786,0.9136482534405459,0.5274799668395591,0.8018435143493119,0.8226093599724281,1.4368042930791745,0.2610839307308197,0.2800000011920929,0.04200000315904617
hyperbolic_paraboloid,201,200,42,T+F,dec-side,0.035665664821863174,0.09504087269306183,0.5182245373725891,0.9634609818458557,1.304721474647522,0.9944998352458588,1.7212141223419877,2.024285888671875,1.1726332984915444,0.5569740560089266,0.8633505025212038,0.9273998128751819,1.6560454177976212,0.2979581952095032,0.2800000011920929,0.04200000315904617
hyperbolic_paraboloid,201,200,1042,baseline,enc-pull,0.956007182598114,0.6133240461349487,0.7182923555374146,0.897218644618988,1.0522613525390625,1.2033883075671632,1.6092434000348512,1.7285744071806837,0.4622439910864102,0.359801729697249,0.43082477796257956,0.3777717510171729,0.5161821146747878,0.06803686916828156,0.2980000078678131,0.06200000271201134
hyperbolic_paraboloid,201,200,1042,baseline,dec-side,0.956007182598114,0.6133240461349487,0.785542368888855,1.3599191904067993,1.6116286516189575,1.3182275173127784,2.3197910918622213,2.8127691281721896,2.0964739643395385,0.5767182894489224,0.8842813231095258,1.3392935543739086,1.8155503494295258,0.3134307265281677,0.2980000078678131,0.06200000271201134
hyperbolic_paraboloid,201,200,1042,T+F,enc-pull,0.02900124527513981,0.03384827822446823,0.5288017392158508,0.7363775372505188,1.091159701347351,0.9440075167037862,1.5569421704373838,1.8666932790871436,0.8277847911895729,0.4854392686167108,0.5227085728317181,0.5906248904731566,1.2291883222001236,0.2052646428346634,0.2980000078678131,0.06200000271201134
hyperbolic_paraboloid,201,200,1042,T+F,dec-side,0.02900124527513981,0.03384827822446823,0.5322908759117126,0.752962052822113,1.140608310699463,0.9537092518965757,1.6218082470521609,1.9769657826263634,0.9986130714111411,0.5057692769689682,0.5558184482827447,0.6030369192795837,1.343727457897673,0.2574400007724762,0.2980000078678131,0.06200000271201134
hyperbolic_paraboloid,201,200,2042,baseline,enc-pull,0.728172242641449,1.287406086921692,0.5117354989051819,0.859599769115448,0.772186279296875,0.8788533127098753,1.3672545902312747,1.480447754824072,0.5435688299192133,0.34531620714028893,0.46424332794898165,0.5058544770603184,0.4943915372157132,0.1585565060377121,0.26600000262260437,0.04800000041723251
hyperbolic_paraboloid,201,200,2042,baseline,dec-side,0.728172242641449,1.287406086921692,0.5552929639816284,1.2851320505142212,1.2114546298980713,0.9384109764768366,2.11150880843874,2.722935267857143,2.537743440750608,0.5320482649528564,0.8790793152925614,2.0344911555874168,2.9514294311444056,0.3485873341560364,0.26600000262260437,0.04800000041723251
hyperbolic_paraboloid,201,200,2042,T+F,enc-pull,0.027206821367144585,0.07535625249147415,0.3164914846420288,0.6613118648529053,0.7662529945373535,0.6209419652035362,1.109285142686632,1.304141854881344,0.751698159125815,0.37926129490858446,0.5600790160736661,0.865652263685873,1.1092124772905378,0.2544371783733368,0.26600000262260437,0.04800000041723251
hyperbolic_paraboloid,201,200,2042,T+F,dec-side,0.027206821367144585,0.07535625249147415,0.31705808639526367,0.6786234974861145,0.784947395324707,0.62668636388946,1.1858124505905878,1.416807246387453,0.9290163880519166,0.3905372974251284,0.5916095089987475,0.9636047127473173,1.2711112670848093,0.2998567819595337,0.26600000262260437,0.04800000041723251
hyperbolic_paraboloid,201,200,3042,baseline,enc-pull,0.5074672698974609,0.37635332345962524,0.18292532861232758,0.3339175283908844,0.44984862208366394,0.43192292951427386,0.6494799941333372,0.7281712924732882,0.5486961423256502,0.19825442094037876,0.23205238095462602,0.4262840167024738,0.6640947509114731,0.06701915711164474,0.2720000147819519,0.05000000074505806
hyperbolic_paraboloid,201,200,3042,baseline,dec-side,0.5074672698974609,0.37635332345962524,0.2164015918970108,0.46698155999183655,0.8135156035423279,0.45766542016006095,1.0748937806086754,1.5117878633386947,1.354063124243854,0.2974312716887881,0.33813439665740697,0.6903883564329119,1.2699484684769597,0.33728837966918945,0.2720000147819519,0.05000000074505806
hyperbolic_paraboloid,201,200,3042,T+F,enc-pull,0.018689986318349838,0.024850964546203613,0.19675689935684204,0.38919320702552795,0.591664731502533,0.43097529443034577,0.7732476761092001,0.9660504285027,0.7922242164291069,0.28186924320087053,0.30025248948707933,0.6075164120010862,1.002536170668438,0.2699495553970337,0.2720000147819519,0.05000000074505806
hyperbolic_paraboloid,201,200,3042,T+F,dec-side,0.018689986318349838,0.024850964546203613,0.1979336142539978,0.38541942834854126,0.5795531868934631,0.4382053891200977,0.8268006168194671,1.0237893497242647,0.8408235561722407,0.29336611125042994,0.31148259183943505,0.603536612908856,1.002054785614593,0.302539587020874,0.2720000147819519,0.05000000074505806
hyperbolic_paraboloid,201,200,4042,baseline,enc-pull,0.7385931611061096,0.5916773676872253,0.5380679965019226,0.6828398108482361,0.8211365342140198,0.912373110425705,1.244052771366004,1.1352084545378989,0.560252276222932,0.3086333417061314,0.4433832378712306,0.3499093216414897,0.8520012824574222,0.19104281067848206,0.28200000524520874,0.06000000238418579
hyperbolic_paraboloid,201,200,4042,baseline,dec-side,0.7385931611061096,0.5916773676872253,0.576905369758606,0.9895328879356384,1.2320818901062012,0.9957873164443805,1.8262999563506155,2.521840196974734,2.321927065979362,0.5072626259815771,0.85881896360597,1.3788158942514035,2.533289706069918,0.343702495098114,0.28200000524520874,0.06000000238418579
hyperbolic_paraboloid,201,200,4042,T+F,enc-pull,0.035690512508153915,0.033630356192588806,0.5554865002632141,0.8458549380302429,0.8677039742469788,0.9793571422518981,1.5267807931611033,1.5961316697140957,0.7629287679327109,0.49694675467219,0.7382113685917938,0.7053247768030217,0.9278340047243774,0.26718467473983765,0.28200000524520874,0.06000000238418579
hyperbolic_paraboloid,201,200,4042,T+F,dec-side,0.035690512508153915,0.033630356192588806,0.561324417591095,0.8712469935417175,0.9226779937744141,0.9911002533554772,1.5877882061582622,1.7332455249542886,0.983344310064596,0.5205148759175091,0.7867274568511475,0.7492714842805881,1.0637425552702342,0.30096250772476196,0.28200000524520874,0.06000000238418579
hyperbolic_paraboloid,201,200,5042,baseline,enc-pull,0.6161971688270569,0.4921152591705322,0.4795167148113251,0.691506028175354,0.7190312147140503,0.8641816191620879,1.2622786518392528,1.228805896847747,0.5431114419023848,0.36570516632092176,0.5215056699843709,0.42156926831330727,0.41244248373660664,0.10401766002178192,0.2580000162124634,0.06599999964237213
hyperbolic_paraboloid,201,200,5042,baseline,dec-side,0.6161971688270569,0.4921152591705322,0.5153341293334961,0.8834531903266907,0.9452451467514038,0.9474585229223901,1.6861001327908787,2.0135441269985463,1.7920164191041137,0.567291766477823,0.9972866597309009,1.1060008353383517,1.5027408640849915,0.27738717198371887,0.2580000162124634,0.06599999964237213
hyperbolic_paraboloid,201,200,5042,T+F,enc-pull,0.04458703100681305,0.24763613939285278,0.47618740797042847,0.8095271587371826,0.808404803276062,1.485327685010302,1.9242673078586254,1.9317554799161216,1.4412547001168021,1.2914837863731237,1.3985383346467795,1.4771590166496966,1.5705347960576805,0.48636123538017273,0.2580000162124634,0.06599999964237213
hyperbolic_paraboloid,201,200,5042,T+F,dec-side,0.04458703100681305,0.24763613939285278,0.48064103722572327,0.8608629107475281,0.9079514741897583,1.4991267277644231,2.071226000345941,2.2728990658309107,1.90411876872978,1.2994786670529477,1.4325606288183867,1.5922106326598247,1.9552068557372784,0.4649674892425537,0.2580000162124634,0.06599999964237213
hyperbolic_paraboloid,201,200,6042,baseline,enc-pull,0.6598280668258667,0.4224919080734253,0.44973334670066833,0.7502142190933228,0.9099169969558716,0.8751974904064564,1.4042723648191437,1.5331490460564108,0.48617169545162736,0.2956710919715856,0.39337987233710786,0.512859445652129,0.6106603418155249,0.07510489225387573,0.2720000147819519,0.06000000238418579
hyperbolic_paraboloid,201,200,6042,baseline,dec-side,0.6598280668258667,0.4224919080734253,0.4774819314479828,0.8962135910987854,1.266376256942749,0.9211216056924559,1.7381009079339935,2.131601894603056,1.331127873478506,0.44421127415021044,0.6288231071596353,0.9197205304269652,1.4310817875080841,0.30606335401535034,0.2720000147819519,0.06000000238418579
hyperbolic_paraboloid,201,200,6042,T+F,enc-pull,0.03543649986386299,0.032797232270240784,0.3779478669166565,0.7406682968139648,0.7528395652770996,0.6481865702221572,1.2480117917999507,1.4423336702234604,0.982578460951791,0.3192872768723342,0.48626513716977465,0.7335987991079096,1.0439837922967181,0.22745837271213531,0.2720000147819519,0.06000000238418579
hyperbolic_paraboloid,201,200,6042,T+F,dec-side,0.03543649986386299,0.032797232270240784,0.3785587549209595,0.7436627149581909,0.7891709208488464,0.6516484331979625,1.2772061806025468,1.5396243824678308,1.1219803054309059,0.3256060736938497,0.5048948092710392,0.7672307452391002,1.1949349424178286,0.25845465064048767,0.2720000147819519,0.06000000238418579
hyperbolic_paraboloid,201,200,7042,baseline,enc-pull,0.6563923954963684,0.4455244541168213,0.4611424505710602,0.7560567259788513,0.823489248752594,0.8242442933473293,1.2579102009644,1.4896635479397244,0.48793810252086245,0.3212765556972499,0.48485304079191244,0.4919432610006632,0.6296835658914323,0.07284723967313766,0.2880000174045563,0.058000002056360245
hyperbolic_paraboloid,201,200,7042,baseline,dec-side,0.6563923954963684,0.4455244541168213,0.511765718460083,1.084905982017517,1.4650099277496338,0.8811498969662032,1.7051691188043727,2.4931848314073353,1.971229763884642,0.479394957885727,0.8243756176923117,1.3856004787442602,2.1287982733478006,0.3261905014514923,0.2880000174045563,0.058000002056360245
hyperbolic_paraboloid,201,200,7042,T+F,enc-pull,0.022413935512304306,0.069416344165802,0.49398523569107056,0.9297062754631042,0.9835668206214905,0.8929815754491327,1.5330120827252174,1.8362801869710286,0.9010781699248629,0.4674696532283827,0.7477303516433259,0.9716484350052035,1.0242126021974154,0.19962851703166962,0.2880000174045563,0.058000002056360245
hyperbolic_paraboloid,201,200,7042,T+F,dec-side,0.022413935512304306,0.069416344165802,0.49849942326545715,0.965068519115448,1.094550609588623,0.9041628396458563,1.6131578382554945,2.023085912068685,1.1639369689609016,0.4904837870611854,0.8058885074759052,1.1409445489169316,1.2677263854501344,0.26773959398269653,0.2880000174045563,0.058000002056360245
hyperbolic_paraboloid,201,200,8042,baseline,enc-pull,1.1684160232543945,1.8288390636444092,0.47041869163513184,0.8190736174583435,0.9098410606384277,0.8797092437744141,1.2711634972283454,1.5024965639467593,0.45890153959558855,0.3155526719802127,0.42198256604794976,0.48003262432028343,0.6137017798768837,0.06571511179208755,0.27000001072883606,0.058000002056360245
hyperbolic_paraboloid,201,200,8042,baseline,dec-side,1.1684160232543945,1.8288390636444092,0.5264464616775513,1.1414802074432373,1.647596836090088,0.9399723325456891,1.7545759905423366,2.4175035264756946,1.6336187707953898,0.4841686112824055,0.72105795504357,1.2675956796511927,2.1601426552962426,0.33307528495788574,0.27000001072883606,0.058000002056360245
hyperbolic_paraboloid,201,200,8042,T+F,enc-pull,0.059900976717472076,0.14873424172401428,0.5072093605995178,0.9881163239479065,1.2118616104125977,0.9146535737173898,1.530199232932443,1.888357996057581,0.9045789144079964,0.50188229828027,0.7340442169519611,0.9625027749700418,1.448957432264218,0.19114480912685394,0.27000001072883606,0.058000002056360245
hyperbolic_paraboloid,201,200,8042,T+F,dec-side,0.059900976717472076,0.14873424172401428,0.5195528268814087,1.0883265733718872,1.504125952720642,0.93475341796875,1.688899756467194,2.2161912706163194,1.3853511488870087,0.5519846436919712,0.8591723681828467,1.3113877896809574,2.0785841727550998,0.2731306254863739,0.27000001072883606,0.058000002056360245
hyperbolic_paraboloid,201,200,9042,baseline,enc-pull,0.6822615265846252,0.8299813270568848,0.4627656042575836,0.7761920094490051,0.8491925001144409,0.8758794977801487,1.28739111328125,1.3840798452390846,0.5096883653321329,0.3449840354483605,0.4064975106207126,0.4422895023268717,0.88306948971514,0.08585214614868164,0.28200000524520874,0.04400000348687172
hyperbolic_paraboloid,201,200,9042,baseline,dec-side,0.6822615265846252,0.8299813270568848,0.5196068286895752,1.062247633934021,1.588029384613037,0.9984073050746833,1.9477393798828124,3.032188686073249,2.9340308482907655,0.6268819957902969,0.9256965377819902,1.6087872580631937,3.281739205061801,0.3455203175544739,0.28200000524520874,0.04400000348687172
hyperbolic_paraboloid,201,200,9042,T+F,enc-pull,0.04316619783639908,0.07573416084051132,0.6463162302970886,1.149790644645691,1.1967394351959229,1.1959293046186674,1.80298193359375,2.155275168993794,1.093823422341602,0.6473965736754372,0.7276296518551052,1.1526556379083626,1.3490597921189202,0.18544019758701324,0.28200000524520874,0.04400000348687172
hyperbolic_paraboloid,201,200,9042,T+F,dec-side,0.04316619783639908,0.07573416084051132,0.6604677438735962,1.279710292816162,1.6101351976394653,1.2289057660207874,2.010705078125,2.6997654691655586,1.9003885756345162,0.703209574320776,0.8455923084873376,1.5116781493401363,2.4459541247944543,0.27092549204826355,0.28200000524520874,0.04400000348687172
