surface,ae_reg,ae_loss,drift_loss,diff_loss,MTE@0.1,MTE@0.5,MTE@1.0,W2@1.0,MMD@1.0,survival@1.0
paraboloid,T,0.0005284693960141065,0.01954078507639231,0.05215981522841113,1.0550534057617187,2.264254196830418,2.853909361596201,2.1112087388869685,0.2715223729610443,0.7649999856948853
paraboloid,T+K,0.00024472857324918363,0.004765457065317721,0.04820300464237493,0.47329933166503907,1.4184722900390625,2.2171698676215277,1.7641380398000288,0.25387337803840637,0.7649999856948853
paraboloid,T+F,0.00047880103340416794,0.06447037035924574,0.04687618731801945,1.0647803497314454,2.225435174029806,2.792444166794322,1.9676837528409852,0.2798629105091095,0.7649999856948853
paraboloid,T+F+K,0.00016261762530553998,0.010552097045417343,0.021826935555076317,0.8436703491210937,2.080287269923998,2.801489337597018,2.0594103366651204,0.2810668349266052,0.7649999856948853
