surface,ae_reg,ae_loss,drift_loss,diff_loss,MTE@0.1,MTE@0.5,MTE@1.0,W2@1.0,MMD@1.0,survival@1.0
hyperbolic_paraboloid,T,0.00016356081658390364,0.000564719833958421,0.04288231378923806,0.41954727172851564,1.297677579133407,1.9569287268944036,1.5093389160646402,0.1764405518770218,0.7649999856948853
hyperbolic_paraboloid,T+K,0.0006581885195734526,0.0005448549126167708,0.016246883006441216,0.7998149871826172,1.9823565275772759,2.6885812796798407,1.4812995402520144,0.20249636471271515,0.7649999856948853
hyperbolic_paraboloid,T+F,0.00017331089203787361,0.0003243753689319073,0.04292031653994133,1.051709442138672,2.50323021930197,2.9506780088337417,1.2834684730714239,0.16102179884910583,0.7649999856948853
hyperbolic_paraboloid,T+F+K,8.713768751014926e-05,0.0002717346067093165,0.018403342097169824,0.7967742156982421,1.968309319537619,2.7497935575597428,1.5104118551268066,0.182118758559227,0.7649999856948853
