N,D,K_pairs,surface,condition,seed,ae_loss,recon_per_dim,E_mu,E_Sigma,drift_loss,diff_loss,MTE@0.1,MTE@0.5,MTE@1.0,W2@1.0,sW2@0.1,sW2@0.2,sW2@0.5,sW2@1.0,MMD@1.0,survival@1.0,stopped@1.0
20,11,4,paraboloid,no_penalty,42,0.0,0.0003541905051943931,1.9106613397598267,3.16347599029541,0.5073002576828003,0.05233999714255333,1.0056005533129175,1.4193220783893328,1.3665047781808035,0.9681870563016763,0.49125582543594004,0.6275850440471202,0.7511039594018445,0.9263082563638698,0.3035374879837036,0.2800000011920929,0.04200000315904617
20,11,4,paraboloid,T+F,42,0.0,0.0005211983384056525,0.8797991871833801,0.7425588369369507,0.21794956922531128,0.014253593981266022,0.45306495037801015,0.8197630688660127,1.0716524396623883,0.7822002604447235,0.2714994446472505,0.3163012423529777,0.5954613304971536,0.8637439923527371,0.3094295263290405,0.2800000011920929,0.04200000315904617
20,11,4,paraboloid,no_penalty,1042,0.0,0.0005313356576318091,4.32138729095459,4.855674743652344,0.8300272226333618,0.08885269612073898,0.9118124233322313,1.303276884511501,1.3371790943529782,1.1121628515860265,0.39069960674763377,0.45849951676069145,0.514355065810868,0.7310707200661621,0.38997069001197815,0.2980000078678131,0.06200000271201134
20,11,4,paraboloid,T+F,1042,0.0,0.0008019782941449772,0.3883237838745117,0.5206108093261719,0.13225138187408447,0.013478914275765419,0.9359607993892678,1.5966676619859432,1.6908197594969065,0.8062256503885026,0.5055378108421843,0.7328084669899678,0.9326526627354266,1.0548859677275346,0.2224331498146057,0.2980000078678131,0.06200000271201134
20,11,4,paraboloid,no_penalty,2042,0.0,0.0007109634408896619,1.8714717626571655,2.375119686126709,0.5376028418540955,0.10202334821224213,1.27920425147341,1.8689293028816345,1.6610399977605146,0.6499303446447895,0.6088117775978437,0.7634738624355725,0.8946555907971417,0.5649186758679605,0.11217192560434341,0.26600000262260437,0.04800000041723251
20,11,4,paraboloid,T+F,2042,0.0,8.128193439915776e-05,0.18222998082637787,0.13639113306999207,0.13635993003845215,0.009324937127530575,1.3549020332202577,2.2744014679439486,2.1197275721040882,1.303604637530996,0.8643291868262223,1.2227454562547466,1.6967222603239127,1.533433159095886,0.32371777296066284,0.26600000262260437,0.04800000041723251
20,11,4,paraboloid,no_penalty,3042,0.0,0.0005429743535139344,1.7477253675460815,1.920710802078247,0.6373807787895203,0.14484840631484985,0.8533878030375208,1.2193760658378032,1.392442591050092,0.8250924582401744,0.3807831476929634,0.42804325429474765,0.6482926785324492,1.0883684855903955,0.22923283278942108,0.2720000147819519,0.05000000074505806
20,11,4,paraboloid,T+F,3042,0.0,0.000527653843164444,0.1530991643667221,0.14784970879554749,0.12989592552185059,0.04481013864278793,0.8318800831052522,1.291272746982859,1.5494880676269531,1.1823754656753591,0.5091844169204706,0.5922063532722437,1.0690482828739458,1.6348525638774771,0.29831966757774353,0.2720000147819519,0.05000000074505806
20,11,4,paraboloid,no_penalty,4042,0.0,0.0003494771028106863,1.9254050254821777,4.306129455566406,0.6252658367156982,0.09139178693294525,1.0220323674332294,1.3768385684851445,1.3444390263117798,0.47273578604014577,0.3614318977404552,0.4961314750204642,0.569536602453032,0.6706272945145565,0.1663638800382614,0.28200000524520874,0.06000000238418579
20,11,4,paraboloid,T+F,4042,0.0,0.001323549330911853,0.428625226020813,0.6807268857955933,0.291841596364975,0.04567516967654228,0.7978418974969496,1.4238882353811553,1.8665290994847075,1.6744263956669496,0.4353336193553741,0.6169354039337968,1.1240722260429228,2.3301046262834406,0.35050517320632935,0.28200000524520874,0.06000000238418579
20,11,4,paraboloid,no_penalty,5042,0.0,0.0003447341944345019,1.9575324058532715,2.394033432006836,0.3777045011520386,0.0666520968079567,1.2277998368818681,1.709620964923028,1.5406795767850654,0.5158085289214259,0.462550386078139,0.551169039237857,0.5348271896519503,0.774748707468166,0.14688868820667267,0.2580000162124634,0.06599999964237213
20,11,4,paraboloid,T+F,5042,0.0,0.002416445958343419,0.3291064500808716,0.4415217936038971,0.15172763168811798,0.011261296458542347,1.296288794213599,1.9308784738238007,1.8140471702398255,0.899664573104809,0.6831320811303406,0.8843497043412273,0.9673423000038363,1.1676235050194157,0.28506678342819214,0.2580000162124634,0.06599999964237213
20,11,4,paraboloid,no_penalty,6042,0.0,0.0007717196236957203,2.872457504272461,9.499979019165039,0.35657280683517456,0.10614891350269318,0.8325521998468475,1.2601472148745079,1.3055588217342602,1.0502519047920407,0.4509977379051713,0.5305169361524782,0.6742329395093396,0.8948061213955981,0.3398502469062805,0.2720000147819519,0.06000000238418579
20,11,4,paraboloid,T+F,6042,0.0,0.0004794955338266763,0.36363741755485535,0.28856828808784485,0.055699653923511505,0.016756098717451096,0.6767849691113711,1.0777232252706692,1.0669196633731617,0.7736389631020097,0.31939763059828397,0.38098294625419,0.44418479872639705,0.7210273764479278,0.25879067182540894,0.2720000147819519,0.06000000238418579
20,11,4,paraboloid,no_penalty,7042,0.0,0.0006276640025052158,1.5090962648391724,2.671581506729126,1.7604215145111084,0.2816658020019531,0.8806700853524229,1.307431399167239,1.420276747809516,0.6467095255428773,0.44204047482389736,0.4670673401930393,0.36860498997636737,0.562225367929486,0.0958145409822464,0.2880000174045563,0.058000002056360245
20,11,4,paraboloid,T+F,7042,0.0,0.0009225367314436219,0.19077707827091217,0.3101459741592407,0.270039826631546,0.0374412015080452,0.923031172563326,1.5522904727921818,1.6752344767252605,0.8056464065518054,0.6660233580045023,0.9213252362399876,0.9187993447111635,0.8647571398792846,0.3012707233428955,0.2880000174045563,0.058000002056360245
20,11,4,paraboloid,no_penalty,8042,0.0,0.005416002801873467,3.4692678451538086,12.6826171875,0.576956570148468,0.48417872190475464,0.8998236656188965,1.2659513228167143,1.3807131166811342,0.7830082736340787,0.4803339568820576,0.45036695219072553,0.5931102788892725,0.7320490278765871,0.12646673619747162,0.27000001072883606,0.058000002056360245
20,11,4,paraboloid,T+F,8042,0.0,0.0008834660561247306,0.2904908061027527,0.4359336197376251,1.9807169437408447,0.05304956063628197,0.7471490587506976,1.199659165505057,1.3315457944516782,0.8626571355491681,0.4441085180457938,0.5541382065628853,0.9731045993832246,1.6546822426628505,0.1868293136358261,0.27000001072883606,0.058000002056360245
20,11,4,paraboloid,no_penalty,9042,0.0,0.0002476090184328231,1.985765814781189,4.43735408782959,0.4002106785774231,0.09026234596967697,0.9597209644737748,1.223376220703125,1.211946095135195,0.8289919090161555,0.5872084629809652,0.7154685607701512,0.8201518083573335,0.5668366856477199,0.23404060304164886,0.28200000524520874,0.04400000348687172
20,11,4,paraboloid,T+F,9042,0.0,0.0005014232698489319,0.2835192084312439,0.32300254702568054,0.23513582348823547,0.0236570592969656,0.43502330359908453,0.753857177734375,1.0214519094913563,0.7968622248260417,0.34393194015872236,0.28011720889887165,0.4058692304184231,0.5830191838697897,0.30306240916252136,0.28200000524520874,0.04400000348687172
20,11,4,hyperbolic_paraboloid,no_penalty,42,0.0,0.0017556094310500405,1.494085669517517,1.8199681043624878,0.28160643577575684,0.09989707171916962,0.8470906213025473,1.2805233145118655,1.293729509626116,0.8264156869443718,0.3425847150241131,0.4381002292758095,0.5826913206143555,1.0241597219312482,0.198512002825737,0.2800000011920929,0.04200000315904617
20,11,4,hyperbolic_paraboloid,T+F,42,0.0,0.00052688406272368,0.13197475671768188,0.2031017243862152,0.13256025314331055,0.005743314046412706,0.9157328786191536,1.653797579887218,1.7172725132533482,0.8998487564949549,0.4375485035945626,0.5502424509300284,0.7278691121129045,0.5744513067611103,0.2799135744571686,0.2800000011920929,0.04200000315904617
20,11,4,hyperbolic_paraboloid,no_penalty,1042,0.0,0.00024057361720637843,1.5255017280578613,2.434732437133789,0.43486809730529785,0.049610886722803116,0.3702605997268235,0.661631077195632,0.7408374043919096,0.4830366335276163,0.20492427807551578,0.22197611768818845,0.278908151039933,0.3878045176645652,0.16065120697021484,0.2980000078678131,0.06200000271201134
20,11,4,hyperbolic_paraboloid,T+F,1042,0.0,0.00010694477664814754,0.1331120878458023,0.141511470079422,0.13137254118919373,0.0033424056600779295,0.9417390207405345,1.5916977212331551,1.7124847821741296,0.8838796946864637,0.49442498072406676,0.6887849984980053,0.7935558832653895,1.0226314538945414,0.22535699605941772,0.2980000078678131,0.06200000271201134
20,11,4,hyperbolic_paraboloid,no_penalty,2042,0.0,0.00022624352608214724,1.074222207069397,2.6294164657592773,0.2147124856710434,0.06337953358888626,1.2580056441457648,1.8904784671843997,1.7058772036903782,0.5620161786609558,0.5088285956946234,0.6799437135739929,0.8704316437301755,0.6710964504804889,0.16727392375469208,0.26600000262260437,0.04800000041723251
20,11,4,hyperbolic_paraboloid,T+F,2042,0.0,0.0002900267189199274,0.08598167449235916,0.21860787272453308,0.10773087292909622,0.006999427918344736,0.8789270635236773,1.6438195364815849,1.7737542632827186,0.944516850202207,0.44876817034436967,0.7455818319678962,1.1189802073892916,0.9893236819320628,0.28871503472328186,0.26600000262260437,0.04800000041723251
20,11,4,hyperbolic_paraboloid,no_penalty,3042,0.0,0.0003212974195114591,0.4575566053390503,0.6648420095443726,0.4515169858932495,0.156636044383049,0.9152165516517115,1.3870118553958721,1.3744160147274243,0.5966478550276193,0.3336372098659227,0.4930968268211768,0.5023476949872216,0.5444155073369111,0.15838348865509033,0.2720000147819519,0.05000000074505806
20,11,4,hyperbolic_paraboloid,T+F,3042,0.0,0.00015040173787962306,0.15401434898376465,0.1299235224723816,0.21612858772277832,0.04611322656273842,0.9800990204060421,1.7181089031162546,2.0933155732996322,1.4264512122566366,0.49221612381925184,0.5819956187132058,0.9798005988166454,1.3981584528406923,0.2678261697292328,0.2720000147819519,0.05000000074505806
20,11,4,hyperbolic_paraboloid,no_penalty,4042,0.0,0.0004622963765128092,1.2871187925338745,2.2172608375549316,0.37810152769088745,0.07143394649028778,0.9279010632032945,1.2432611638849431,1.1452500363613696,0.538083334753714,0.3262304808802277,0.4299625894941716,0.4203006064515072,0.93703911578751,0.1841742992401123,0.28200000524520874,0.06000000238418579
20,11,4,hyperbolic_paraboloid,T+F,4042,0.0,4.2432868874377824e-05,0.13775381445884705,0.15153905749320984,0.17705821990966797,0.008398983627557755,1.280066103324973,1.9836749452533144,2.20098573941711,1.377851369846819,0.5137814667821866,0.8201880357741633,1.0991159414160867,1.9128952411650186,0.2779032289981842,0.28200000524520874,0.06000000238418579
20,11,4,hyperbolic_paraboloid,no_penalty,5042,0.0,0.00034929727288809687,1.2115427255630493,1.5179134607315063,0.408805787563324,0.09160250425338745,1.2717971969436814,1.7921611039840868,1.6657337514004966,0.5278323796495463,0.4821075692290074,0.6247190753637385,0.6109830591495488,0.6834942422417847,0.20252138376235962,0.2580000162124634,0.06599999964237213
20,11,4,hyperbolic_paraboloid,T+F,5042,0.0,0.0005410741591318088,0.1525602638721466,0.2383938431739807,0.1598491668701172,0.006898895371705294,1.3054223364526099,1.968304060482011,1.9446311773255813,0.9287059662749859,0.5709322665347426,0.8041524425049094,0.8991114930598636,1.0945959659073676,0.2533690333366394,0.2580000162124634,0.06599999964237213
20,11,4,hyperbolic_paraboloid,no_penalty,6042,0.0,0.0003133669114586982,2.3002195358276367,4.618985176086426,0.40669384598731995,0.09489148110151291,0.721317778599945,1.0105016513133611,0.9714763865751379,0.8163981325887817,0.41665482082189953,0.45250594225377005,0.5220443248648643,0.5984495794207618,0.20317693054676056,0.2720000147819519,0.06000000238418579
20,11,4,hyperbolic_paraboloid,T+F,6042,0.0,4.93466293185272e-05,0.20556487143039703,0.1325579136610031,0.12079711258411407,0.007103636860847473,0.4131684828434747,0.8388215312807579,1.144423989688649,0.9769879013709761,0.22654859520589396,0.3390519643212945,0.6653791647858437,1.0034754520233753,0.2867763936519623,0.2720000147819519,0.06000000238418579
20,11,4,hyperbolic_paraboloid,no_penalty,7042,0.0,0.00038606212051077324,0.916095495223999,1.1966356039047241,0.6570857763290405,0.10148310661315918,0.9361993058662582,1.4256285503233745,1.488801850212945,0.5281836034524499,0.4327225717947859,0.5084310558825846,0.41249488862396827,0.4976450652719644,0.09502999484539032,0.2880000174045563,0.058000002056360245
20,11,4,hyperbolic_paraboloid,T+F,7042,0.0,0.00040101416578347033,0.09105678647756577,0.13813911378383636,0.27384787797927856,0.02035265788435936,0.9426740066595539,1.6285954849187272,1.7434883117675781,0.8543531853377506,0.491901219981101,0.6424788138509349,0.6241853785947964,0.831116548863009,0.20257464051246643,0.2880000174045563,0.058000002056360245
20,11,4,hyperbolic_paraboloid,no_penalty,8042,0.0,0.00046749476512724704,2.471482038497925,2.9938106536865234,0.4134073257446289,0.16566546261310577,0.9320319720676967,1.3976774730128372,1.4891922562210649,0.68150899126766,0.3832569342467933,0.4356639046242461,0.6210013358250455,0.989838574049735,0.14384089410305023,0.27000001072883606,0.058000002056360245
20,11,4,hyperbolic_paraboloid,T+F,8042,0.0,5.5515022144060246e-05,0.14356835186481476,0.13642099499702454,0.19317786395549774,0.006566742900758982,0.9379351479666573,1.6227575278381094,1.8587679262514467,1.1298492802773796,0.4352926235564821,0.5114195576298147,1.0286483017315258,1.761244833131033,0.25556498765945435,0.27000001072883606,0.058000002056360245
20,11,4,hyperbolic_paraboloid,no_penalty,9042,0.0,0.00018330663442611694,1.1302664279937744,4.924596786499023,0.34008246660232544,0.12131821364164352,0.4852535230997901,0.7395681762695312,0.8704095935145169,0.5583692880192339,0.3169476984469493,0.28547282287616565,0.3439167801282506,0.6407734810911944,0.20933404564857483,0.28200000524520874,0.04400000348687172
20,11,4,hyperbolic_paraboloid,T+F,9042,0.0,5.8334537739442155e-05,0.1881800889968872,0.1682390421628952,0.23712986707687378,0.008014571852982044,0.40308316268584804,0.6957635498046875,0.8078751800753546,0.44607238752495465,0.2776813693337107,0.26291608133143124,0.3809714183296375,0.5436375991100332,0.2422047257423401,0.28200000524520874,0.04400000348687172
20,201,99,paraboloid,no_penalty,42,0.0,0.00034982169890285133,5.5762553215026855,21.482192993164062,0.018877185881137848,0.0007107001729309559,0.7446189829395183,1.1297781808035714,1.2563751220703125,1.1906658468116122,0.44850731860991155,0.5083871492860753,0.7665567308688387,1.0573748735459745,0.36665916442871094,0.2800000011920929,0.04200000315904617
20,201,99,paraboloid,T+F,42,0.0,0.0017167777564395127,1.97011399269104,7.46231746673584,0.007511683739721775,0.00020597483671735972,1.3284044839226057,2.0324674907483553,2.387052045549665,1.5353905133322487,0.7731458793235693,1.0097216819641013,1.38660179942255,2.0236641921158505,0.4089386761188507,0.2800000011920929,0.04200000315904617
20,201,99,paraboloid,no_penalty,1042,0.0,0.0005133956744896239,9.335455894470215,31.23298454284668,0.010457055643200874,0.000957600015681237,1.1998630855025056,1.777888074683434,1.9862148617738045,1.1323705295267539,0.5298109430622948,0.6688405073984169,0.6743427332298326,0.906333153615194,0.2659154236316681,0.2980000078678131,0.06200000271201134
20,201,99,paraboloid,T+F,1042,0.0,0.0003017539445737108,1.475466012954712,2.542098045349121,0.024994155392050743,0.0001495538162998855,0.9350914222360454,1.516549830099907,1.7694857808567535,1.1864291803167974,0.6952303077789853,1.0661507217961799,1.1688833711485769,1.7697044738157863,0.20147830247879028,0.2980000078678131,0.06200000271201134
20,201,99,paraboloid,no_penalty,2042,0.0,0.00025051257651836716,4.922497749328613,13.575977325439453,0.025814879685640335,0.0013943701051175594,0.7243551956979852,1.1533028738839286,1.295820078455416,1.070446291814694,0.44979989743144516,0.48469973363074115,0.7112085138339045,1.0542373414749244,0.1834557205438614,0.26600000262260437,0.04800000041723251
20,201,99,paraboloid,T+F,2042,0.0,0.0002828056539469097,0.9860384464263916,1.6160372495651245,0.037997767329216,0.0001262704172404483,0.5583712259928385,0.9344104585193452,1.0814560051251174,0.9780171736531257,0.35970173462840993,0.4357845739990652,0.8173218629084037,1.0090497305755068,0.2402951568365097,0.26600000262260437,0.04800000041723251
20,201,99,paraboloid,no_penalty,3042,0.0,0.0006004538183188557,6.6313018798828125,13.113975524902344,0.019224392250180244,0.0011284934589639306,0.6383020100731014,0.7900433896192863,0.9219532012939453,0.7973209813862034,0.404743052318713,0.419536521957334,0.43938598293785186,0.7758612031639501,0.278687983751297,0.2720000147819519,0.05000000074505806
20,201,99,paraboloid,T+F,3042,0.0,0.0006111623784202841,0.7000296115875244,0.9106422066688538,0.024960612878203392,9.387729369336739e-05,0.5950173929895372,0.8508819466206565,0.997066946590648,0.7806930952483101,0.40472896707590333,0.42234951958000094,0.651061288782449,1.0855881536596417,0.2927277684211731,0.2720000147819519,0.05000000074505806
20,201,99,paraboloid,no_penalty,4042,0.0,0.0005231267258302489,7.8972859382629395,32.76221466064453,0.00824011117219925,0.0024114472325891256,0.976150479595987,1.2907973780776516,1.162998929936835,0.7119554609804188,0.500639827993066,0.595808253094357,0.5472601237059728,0.7238002993400265,0.16561374068260193,0.28200000524520874,0.06000000238418579
20,201,99,paraboloid,T+F,4042,0.0,0.00029282210700547516,1.331188678741455,2.248904228210449,0.013112461194396019,0.0004139098455198109,0.8973516435271489,1.342241229433002,1.3731318264142842,0.5706981810215996,0.44674546408798627,0.6421130447847273,0.3982062785339815,0.9948163087732033,0.25600749254226685,0.28200000524520874,0.06000000238418579
20,201,99,paraboloid,no_penalty,5042,0.0,0.0007860364753808548,7.49368953704834,30.15866470336914,0.008828512392938137,0.0013250693446025252,0.9371969705099588,1.4484037842697763,1.359214841857437,0.843054317874902,0.4672061622552698,0.5600530361806505,0.5693165298379506,0.8435152767716135,0.24162891507148743,0.2580000162124634,0.06599999964237213
20,201,99,paraboloid,T+F,5042,0.0,0.00043223979906063174,1.2218936681747437,2.6562864780426025,0.016828082501888275,0.0001280852302443236,1.0581534920157967,1.5533472040042666,1.4527713272922722,0.7905538444479605,0.6436737745740085,0.8068463638956117,0.7485040268981457,0.7556248950009213,0.2706100344657898,0.2580000162124634,0.06599999964237213
20,201,99,paraboloid,no_penalty,6042,0.0,0.00012228797324261262,5.291629314422607,20.109756469726562,0.035333309322595596,0.0006713948678225279,0.562081862126153,0.8555260605699434,0.8239389307358685,0.7192159024413884,0.40844930385723643,0.40547765866482344,0.47960683591665876,0.46588620533529035,0.14921526610851288,0.2720000147819519,0.06000000238418579
20,201,99,paraboloid,T+F,6042,0.0,0.0001873639018381413,1.4104982614517212,1.8133740425109863,0.013152943924069405,4.306433038436808e-05,0.4477080626634774,0.7538998821588951,0.9689678865320542,0.8960882732251969,0.27800705539782716,0.3261211018379815,0.5527473927074833,0.7178300083556652,0.24235086143016815,0.2720000147819519,0.06000000238418579
20,201,99,paraboloid,no_penalty,7042,0.0,0.0004447800528943835,3.6763010025024414,9.669454574584961,0.05788791924715042,0.0030228865798562765,0.8047408049327162,1.2750984163948031,1.3715019226074219,1.097923724753816,0.39038827120999803,0.4925693086507307,1.0031177925741241,0.6835251406360353,0.12004323303699493,0.2880000174045563,0.058000002056360245
20,201,99,paraboloid,T+F,7042,0.0,0.0005964323211072097,0.7164103984832764,1.4223527908325195,0.49034687876701355,0.00033541236189194024,0.9307370626978937,1.2457771720467032,1.2666053771972656,1.01608022896466,0.4924804173431174,0.47970207127524717,0.5998170989479861,0.6995507254876869,0.2781088650226593,0.2880000174045563,0.058000002056360245
20,201,99,paraboloid,no_penalty,8042,0.0,0.0009293696328775207,7.486405849456787,32.6455078125,0.008841283619403839,0.0034978119656443596,0.9362673078264508,1.2565869849747147,1.4413717764395255,1.111317713854526,0.5345245281329212,0.5945329745167814,0.7659887046823624,1.0463414150243755,0.2665122151374817,0.27000001072883606,0.058000002056360245
20,201,99,paraboloid,T+F,8042,0.0,0.0006241053342819214,1.1267309188842773,2.3868865966796875,0.2614953815937042,0.00036095958785153925,0.9364328384399414,1.8381737673431016,2.7024538393373843,2.54201689289246,0.646399454267367,0.8778966429647465,1.5093604217159242,2.5204418805565827,0.6027012467384338,0.27000001072883606,0.058000002056360245
20,201,99,paraboloid,no_penalty,9042,0.0,0.00014733002331126388,4.637370586395264,14.665258407592773,0.015518952161073685,0.0007705595344305038,1.0525936177123485,1.426951416015625,1.6310594707516068,0.8566047999166815,0.551904998708266,0.5696052113977206,0.6815980914380211,0.8021182484629393,0.16183705627918243,0.28200000524520874,0.04400000348687172
20,201,99,paraboloid,T+F,9042,0.0,0.00038295628419562954,1.0512595176696777,1.4338221549987793,0.033536396920681,0.00015857401012908667,1.376398699924284,1.7675111083984374,1.8192344286763076,0.5086706653137314,0.701339568347671,0.8530267038038968,0.917529841257372,0.8108789020882115,0.1392543464899063,0.28200000524520874,0.04400000348687172
20,201,99,hyperbolic_paraboloid,no_penalty,42,0.0,0.00046754902719858273,4.610175609588623,29.40025520324707,0.017055727541446686,0.0013884202344343066,1.0388831327646506,1.561660192962876,1.6973863874162947,1.0348009494030244,0.5592555468758958,0.7220714011072529,0.8332657392525052,1.373185068457817,0.2253287136554718,0.2800000011920929,0.04200000315904617
20,201,99,hyperbolic_paraboloid,T+F,42,0.0,0.001242075912394927,1.7294422388076782,4.978701591491699,0.0238863043487072,0.00023894730838946998,1.0776387577864004,1.7573729780383576,1.8195227486746652,1.1071746325272915,0.696908642127698,0.9390983133135075,1.2477439226002827,1.331451521054081,0.2998245656490326,0.2800000011920929,0.04200000315904617
20,201,99,hyperbolic_paraboloid,no_penalty,1042,0.0,0.0008219025324826217,3.3385565280914307,38.77717208862305,0.013849101029336452,0.0007692931685596704,0.9549729786896227,1.3264393859636385,1.5689009083997483,1.1972851055791562,0.5178611630514568,0.6114081137033756,0.7173275055006063,1.0804661552944894,0.27081215381622314,0.2980000078678131,0.06200000271201134
20,201,99,hyperbolic_paraboloid,T+F,1042,0.0,0.00024075144484861572,0.8040658235549927,2.036442756652832,0.011166485026478767,6.488122016889974e-05,1.3087370262910634,2.062433292431459,2.243950965420512,1.1122953529599424,0.5301891154729605,0.7886736097926994,0.9077180659952869,1.231948990373422,0.23367688059806824,0.2980000078678131,0.06200000271201134
20,201,99,hyperbolic_paraboloid,no_penalty,2042,0.0,0.0001731741598886044,3.676738739013672,11.165925979614258,0.01080232672393322,0.0006092318799346685,0.7525353013423451,1.160017830984933,1.1468309674944197,0.91335914447602,0.3760500334144667,0.45965049611938824,0.6548941796055286,0.6288456542082561,0.22080789506435394,0.26600000262260437,0.04800000041723251
20,201,99,hyperbolic_paraboloid,T+F,2042,0.0,0.0003561847171380152,0.8403429985046387,1.962989330291748,0.011531664058566093,7.421954796882346e-05,0.48914471007229987,0.8873696705651661,1.0327286110784775,0.8416236885755382,0.33545724939599936,0.3996603350338956,0.6223782190689118,0.7458300565580137,0.2445094883441925,0.26600000262260437,0.04800000041723251
20,201,99,hyperbolic_paraboloid,no_penalty,3042,0.0,0.0006203640307953108,3.625141143798828,15.42429256439209,0.012512648478150368,0.0023442679084837437,0.7006375805501663,0.8747725984943446,0.9403583302217371,0.6866560309906461,0.4147497236777786,0.42387088660910316,0.4901868302420801,0.7293859377370241,0.21335990726947784,0.2720000147819519,0.05000000074505806
20,201,99,hyperbolic_paraboloid,T+F,3042,0.0,0.0011457983978945224,0.6200531721115112,1.9532232284545898,0.028087817132472992,0.00022414681734517217,1.3108322921719096,1.9305139797836988,2.0541859795065487,1.6101759075636424,0.8120556110932684,0.9784871980680132,1.5333234954986719,2.2439398555073344,0.24225394427776337,0.2720000147819519,0.05000000074505806
20,201,99,hyperbolic_paraboloid,no_penalty,4042,0.0,0.00019947040955818707,3.2140839099884033,11.776060104370117,0.01294458843767643,0.0004749093495775014,0.9655349963140591,1.3427581787109375,1.2499489209330674,0.4928670145677164,0.3843548401454294,0.5132514386491505,0.4834757292213188,0.7605562308450652,0.1755756437778473,0.28200000524520874,0.06000000238418579
20,201,99,hyperbolic_paraboloid,T+F,4042,0.0,0.0001227810459943553,0.6116273403167725,0.8714695572853088,0.017047911882400513,3.0702005460625514e-05,0.9656807657436279,1.475028760505445,1.5624801960397274,0.7915749469145501,0.4746785776572878,0.6752327826463356,0.5808155079819094,1.1211344074670195,0.2962356507778168,0.28200000524520874,0.06000000238418579
20,201,99,hyperbolic_paraboloid,no_penalty,5042,0.0,0.0005225154816807799,3.9381632804870605,27.97043800354004,0.019036605954170227,0.001453437376767397,0.9351903223729395,1.2828459229416513,1.2109784266745398,1.0687577918266806,0.4277456993334221,0.5550607597972934,0.7446843068537123,1.0407006350367811,0.3054116368293762,0.2580000162124634,0.06599999964237213
20,201,99,hyperbolic_paraboloid,T+F,5042,0.0,0.00017381237069172647,0.8713008761405945,2.404684066772461,0.013396099209785461,8.37615443742834e-05,1.114007769574176,1.726763172783095,1.5928244184153948,0.6803843601829371,0.5254037961762432,0.7031017258406654,0.6819995208326023,0.7753773658945974,0.2422627955675125,0.2580000162124634,0.06599999964237213
20,201,99,hyperbolic_paraboloid,no_penalty,6042,0.0,0.00012262678005505557,3.2098183631896973,22.420169830322266,0.023950811475515366,0.001872355118393898,0.9556758393275055,1.452268585445374,1.4268038132611442,0.8703087963235333,0.44024306210150693,0.47672557506037794,0.5165007391925094,0.6595104000167126,0.20757438242435455,0.2720000147819519,0.06000000238418579
20,201,99,hyperbolic_paraboloid,T+F,6042,0.0,0.0007588290308245379,1.013898253440857,1.793700098991394,0.00997194740921259,6.18035628576763e-05,1.068618303878717,1.7260334885965183,1.705607245950138,1.217578572736772,0.6065721363872462,0.7497639273069017,1.0462577448447858,1.0412242324925802,0.25315698981285095,0.2720000147819519,0.06000000238418579
20,201,99,hyperbolic_paraboloid,no_penalty,7042,0.0,0.00017564037620131648,3.4885966777801514,7.759734153747559,0.022976726293563843,0.0011726904194802046,0.872868206007365,1.4366251627604167,1.7474073833889432,1.042068240722959,0.44227533513599393,0.5748101964029516,0.7928146086293818,1.063453068894518,0.1238584890961647,0.2880000174045563,0.058000002056360245
20,201,99,hyperbolic_paraboloid,T+F,7042,0.0,0.00045653336231981344,0.7348387837409973,1.2153475284576416,0.21578478813171387,0.00017441266390960664,0.8719710967614263,1.400523650340545,1.654201825459798,1.6066183902013857,0.44449244189336584,0.6067347613449002,1.2147117886745658,1.522691634828941,0.17611323297023773,0.2880000174045563,0.058000002056360245
20,201,99,hyperbolic_paraboloid,no_penalty,8042,0.0,0.0003205151181315901,3.3016648292541504,20.20163345336914,0.022243738174438477,0.000790681573562324,0.957425730569022,1.231319190060944,1.2884360984519676,0.9363488483748269,0.4779204721311529,0.574903887662461,0.6377327823917778,0.9745179065462931,0.22485285997390747,0.27000001072883606,0.058000002056360245
20,201,99,hyperbolic_paraboloid,T+F,8042,0.0,0.0002798572998141768,0.9248581528663635,2.0049309730529785,0.02057502418756485,0.00015457232075277716,0.8567594800676618,1.2220034777376168,1.2479778148509837,0.8927217970903181,0.4270308202845615,0.4895447538694618,0.6057097077119035,1.0613074215844511,0.21396248042583466,0.27000001072883606,0.058000002056360245
20,201,99,hyperbolic_paraboloid,no_penalty,9042,0.0,0.00043760851692797533,3.2989630699157715,39.115478515625,0.009849674999713898,0.001332747400738299,0.91281558133432,1.300340576171875,1.5638468857352614,1.143116871967125,0.5446612514677281,0.6207444057144131,0.7639506630447269,1.2309112897987493,0.28817158937454224,0.28200000524520874,0.04400000348687172
20,201,99,hyperbolic_paraboloid,T+F,9042,0.0,7.353627600183534e-05,0.8600675463676453,1.6292405128479004,0.02130935899913311,8.045419963309541e-05,1.3925630678689427,1.919606689453125,2.126878021456671,1.1662086945014694,0.6537002170853891,0.8593244606263641,1.1029309827296097,1.2775092252395854,0.22617149353027344,0.28200000524520874,0.04400000348687172
50,11,4,paraboloid,no_penalty,42,0.0,0.0016797313635999506,1.0895872116088867,1.3200185298919678,0.8205629587173462,0.07147056981921196,0.8258327832466245,1.2306385470512218,1.1832809448242188,0.7055266719383769,0.3652109302487673,0.46147769216648626,0.6054308438907277,0.5442255418054114,0.14942602813243866,0.2800000011920929,0.04200000315904617
50,11,4,paraboloid,T+F,42,0.0,0.0008449632335792888,0.12048383057117462,0.21821700036525726,0.1283162459731102,0.01327054901048541,0.38726850819747005,0.684451569291882,0.8647962842668806,0.5459597070881262,0.2509576052131702,0.31567264845652804,0.4358439275262018,0.553193637303419,0.31731951236724854,0.2800000011920929,0.04200000315904617
50,11,4,paraboloid,no_penalty,1042,0.0,0.0006289930844848806,2.03226900100708,1.9275667667388916,1.0576571822166443,0.07963252440094948,0.880096367578995,1.346763185408922,1.3840574738163276,0.797571606928213,0.36061717313845354,0.416103717867441,0.45770738652689996,0.6095673452370293,0.21887721121311188,0.2980000078678131,0.06200000271201134
50,11,4,paraboloid,T+F,1042,0.0,3.052320045588369e-05,0.15082910656929016,0.11128218472003937,0.1071978472173214,0.009911580476909876,0.9426842500478494,1.7147157803787174,1.9737679910339765,1.2918320638227065,0.5334723996870917,0.7802885051699981,1.0850275484123537,1.335239991827061,0.3240497410297394,0.2980000078678131,0.06200000271201134
50,11,4,paraboloid,no_penalty,2042,0.0,0.0008811077780344269,0.8188339471817017,0.8123458623886108,0.8815441429615021,0.045743679627776146,1.2827884607147753,1.893299284435454,1.6533461262408953,0.7160909461757804,0.605293858984913,0.8501230643098125,1.019383056643445,0.6041058942769199,0.1487768143415451,0.26600000262260437,0.04800000041723251
50,11,4,paraboloid,T+F,2042,0.0,0.0011242024431174452,0.09775839000940323,0.19292980432510376,0.11731130629777908,0.009826508583500981,0.8918574149148506,1.6260114397321428,1.6996134134163534,1.058296570643678,0.4316146993849213,0.6759538861647633,1.1587074055670634,1.2532098228526571,0.3216795325279236,0.26600000262260437,0.04800000041723251
50,11,4,paraboloid,no_penalty,3042,0.0,0.00026421843689273703,0.34877413511276245,0.5347798466682434,1.1689810752868652,0.06419156305491924,0.862616359262403,1.2105252849521921,1.320533976835363,0.7128959329731787,0.41093958100241307,0.42769080107542984,0.6949260795170155,1.134413499415288,0.15802745521068573,0.2720000147819519,0.05000000074505806
50,11,4,paraboloid,T+F,3042,0.0,2.8270810038189996e-05,0.03826171159744263,0.029468396678566933,0.14924390614032745,0.0313337966799736,0.8751460242430017,1.3711119694496268,1.711828119614545,1.2070201638709512,0.5273197620214906,0.634611265536666,1.1722089034185441,1.6614332720581442,0.23010018467903137,0.2720000147819519,0.05000000074505806
50,11,4,paraboloid,no_penalty,4042,0.0,0.0005841035057197918,0.6300285458564758,0.8043035864830017,1.223060131072998,0.06484789401292801,0.9975886479375677,1.409636873187441,1.4388901730801196,0.5845590958068276,0.34828284348808547,0.5280531183627002,0.4931863503149283,1.0328915102656038,0.24149839580059052,0.28200000524520874,0.06000000238418579
50,11,4,paraboloid,T+F,4042,0.0,8.863124954090877e-05,0.17978094518184662,0.1488630324602127,0.1906113289296627,0.035078270360827446,0.7338405782902319,1.4466057979699336,1.8806011659879212,1.5547365048797224,0.4147635657782508,0.6207032441484637,1.1009406139455027,2.2577643467433197,0.36739587783813477,0.28200000524520874,0.06000000238418579
50,11,4,paraboloid,no_penalty,5042,0.0,0.0005445252595977349,1.6031606197357178,1.689907431602478,0.48268038034439087,0.07813725993037224,0.8313795823317308,1.313960789754382,1.2479699896287548,0.4577912373604417,0.3654539382217631,0.390171550068863,0.4929664972283499,0.6777539122579332,0.2094871699810028,0.2580000162124634,0.06599999964237213
50,11,4,paraboloid,T+F,5042,0.0,0.00021881946701217782,0.11012095212936401,0.08910587430000305,0.12378926575183868,0.010519256815314293,0.8992388044084821,1.558626857630881,1.640388429626938,1.0898994884550064,0.6115835638532491,0.7522350922074336,1.109072166854751,1.2011997096559959,0.37762391567230225,0.2580000162124634,0.06599999964237213
50,11,4,paraboloid,no_penalty,6042,0.0,0.00032133526507426393,0.8714209198951721,1.2630090713500977,0.751574844121933,0.07785849086940289,0.674028640276535,1.1109801765501968,1.0724547891055836,0.7252726865882642,0.3148411562432433,0.37490408424219385,0.4609750134166947,0.6126306083156295,0.15582790970802307,0.2720000147819519,0.06000000238418579
50,11,4,paraboloid,T+F,6042,0.0,0.00029507050798697907,0.05020946264266968,0.06726213544607162,0.10292761027812958,0.00781528651714325,0.9203488522164097,1.6953880730576403,1.8377960429472082,1.3942139569906604,0.5574756047485794,0.8498628472642041,1.114238470217837,1.6822815598537582,0.37319719791412354,0.2720000147819519,0.06000000238418579
50,11,4,paraboloid,no_penalty,7042,0.0,0.0006586889821020039,0.5262728929519653,0.8560503721237183,1.6419782638549805,0.10454549267888069,0.8533866310959871,1.3566002478966346,1.5260915756225586,0.8513185742806467,0.404256587848796,0.45304890775039347,0.583652299974414,0.8869013452720014,0.2988225519657135,0.2880000174045563,0.058000002056360245
50,11,4,paraboloid,T+F,7042,0.0,0.0007973320951515979,0.08853978663682938,0.2186947613954544,0.2699064761400223,0.02954147942364216,0.8965831874225634,1.521717784168956,1.628290918138292,0.7432773092757646,0.6169812269268019,0.8297698690086313,0.8452439201797575,0.6787060997917588,0.29832524061203003,0.2880000174045563,0.058000002056360245
50,11,4,paraboloid,no_penalty,8042,0.0,0.0005868217823180286,0.9006210565567017,1.21474289894104,1.8041176497936249,0.051765214651823044,0.9473028864179339,1.3128612724082598,1.3632109465422453,0.7953949352688654,0.38699512604873587,0.3354765956281344,0.48001866557546624,0.7755131958856277,0.17613625526428223,0.27000001072883606,0.058000002056360245
50,11,4,paraboloid,T+F,8042,0.0,0.0009523929012092677,0.10890799760818481,0.23268485069274902,0.187285378575325,0.0201099943369627,0.47882257189069477,0.9094266772764847,1.069742160373264,0.6943486861858744,0.43832678321260404,0.4904375472173889,0.8770339205228573,1.5133614464708915,0.28001365065574646,0.27000001072883606,0.058000002056360245
50,11,4,paraboloid,no_penalty,9042,0.0,0.0007375480437820607,1.0369842052459717,1.3790271282196045,0.9360044300556183,0.12052103132009506,0.9136865422589138,1.3864691162109375,1.5074908750277038,0.7523449274328389,0.4457224505337337,0.5556186569665211,0.7429261113763799,0.830335607730198,0.15574795007705688,0.28200000524520874,0.04400000348687172
50,11,4,paraboloid,T+F,9042,0.0,0.0003997404551641508,0.07599394768476486,0.09168154746294022,0.15212638676166534,0.04255324974656105,0.7201359954699545,1.25128271484375,1.5070984752465648,1.2236895200260367,0.5875512105136677,0.667011848015276,0.8776748020650744,0.7475570099728173,0.2663685083389282,0.28200000524520874,0.04400000348687172
50,11,4,hyperbolic_paraboloid,no_penalty,42,0.0,0.0011237423697655852,0.7774863839149475,1.685089349746704,0.2682712823152542,0.07839825376868248,0.8010089423980373,1.233983090049342,1.3266026088169642,0.5339530864697557,0.3095524565445182,0.3534726823772175,0.4140289239602283,0.4278485269631996,0.1831129491329193,0.2800000011920929,0.04200000315904617
50,11,4,hyperbolic_paraboloid,T+F,42,0.0,0.0005121120590377938,0.067500039935112,0.10590887069702148,0.17963790893554688,0.024613969959318638,0.789752509917873,1.3997106337009515,1.470853533063616,0.8518253235805793,0.3930910137662506,0.5151364900404564,0.6281582505546367,1.0591161119803618,0.21968668699264526,0.2800000011920929,0.04200000315904617
50,11,4,hyperbolic_paraboloid,no_penalty,1042,0.0,0.00043207406997680664,1.1941145658493042,1.277499794960022,0.4922415614128113,0.035271815955638885,0.3971718361223726,0.716182779645388,0.8293154927708158,0.5311796252432707,0.18207191511119594,0.24674057570830504,0.35582210415924664,0.6062236069724406,0.16313600540161133,0.2980000078678131,0.06200000271201134
50,11,4,hyperbolic_paraboloid,T+F,1042,0.0,1.465123072689907e-05,0.0608978308737278,0.06402029097080231,0.129244863986969,0.0036560174776241183,0.9522777124077811,1.676170490931401,1.953177023253985,1.037536277500732,0.48714732967056074,0.6717963774984853,0.7500870031379521,1.255751700730838,0.25350263714790344,0.2980000078678131,0.06200000271201134
50,11,4,hyperbolic_paraboloid,no_penalty,2042,0.0,0.0007914185354655439,0.9329238533973694,1.332619547843933,0.4076748937368393,0.10494371503591537,1.2729802717242324,1.9324372306702629,1.729070448337641,0.5610133709368528,0.5469320523220599,0.7434693571668373,0.9857574075278005,0.8968961015405398,0.16944977641105652,0.26600000262260437,0.04800000041723251
50,11,4,hyperbolic_paraboloid,T+F,2042,0.0,8.252159882844849e-05,0.04268137365579605,0.0561445876955986,0.1251186728477478,0.005086077144369483,1.3699985972621984,2.3497125534784224,2.238845022101151,1.418110816276942,0.7693040944433307,1.142157077460457,1.7096205298710108,2.0491644344192275,0.29053595662117004,0.26600000262260437,0.04800000041723251
50,11,4,hyperbolic_paraboloid,no_penalty,3042,0.0,0.00042512648823586375,0.6273078918457031,0.7916221618652344,0.5170425176620483,0.09574978798627853,0.909372063275187,1.2465321555066464,1.2692788067985983,0.7511902491046487,0.4236316290932051,0.42482779962077555,0.49259044469151353,0.7615504747019719,0.15606831014156342,0.2720000147819519,0.05000000074505806
50,11,4,hyperbolic_paraboloid,T+F,3042,0.0,0.00021965568885207176,0.04439203813672066,0.04761168360710144,0.20126941800117493,0.031981028616428375,0.9305669611150568,1.5554026133978545,1.7973361295812271,0.9207498702916779,0.5048429327626217,0.5476360341748474,0.8121457399784082,1.1707164601994304,0.23101741075515747,0.2720000147819519,0.05000000074505806
50,11,4,hyperbolic_paraboloid,no_penalty,4042,0.0,0.00040315650403499603,0.6583878993988037,0.7304016947746277,0.5053673088550568,0.05559791624546051,1.1088228370517557,1.5356327403675427,1.533701037684231,0.6590213252938171,0.37146230584760254,0.5179203094600184,0.4987133900401804,1.1783935777019785,0.21204958856105804,0.28200000524520874,0.06000000238418579
50,11,4,hyperbolic_paraboloid,T+F,4042,0.0,8.154045049609108e-05,0.02255556359887123,0.028806721791625023,0.13993455097079277,0.0043771929340437055,1.3265110768878796,2.1154755101059424,2.361634599401596,1.5772451765222268,0.5963478093650785,0.9422814820623715,1.2236662771267746,2.1075045819532514,0.2969922125339508,0.28200000524520874,0.06000000238418579
50,11,4,hyperbolic_paraboloid,no_penalty,5042,0.0,0.00023687897588719022,0.41288208961486816,0.5920876264572144,0.7575588822364807,0.03596827946603298,1.2619282816792583,1.7357515567343174,1.569891523021136,0.512227264495626,0.47649717807578484,0.5818021590358661,0.5541385873516139,0.7415281844323871,0.16174642741680145,0.2580000162124634,0.06599999964237213
50,11,4,hyperbolic_paraboloid,T+F,5042,0.0,0.00064870042049072,0.07452985644340515,0.1616823375225067,0.1288370043039322,0.010639078915119171,1.3389170887706043,2.053450355670549,2.0692850748697915,1.1233921706391505,0.6381090399728118,0.9086418650803347,1.0765635070362671,1.140669016228297,0.27831023931503296,0.2580000162124634,0.06599999964237213
50,11,4,hyperbolic_paraboloid,no_penalty,6042,0.0,0.00025070318952202797,0.5244212746620178,0.5222896337509155,0.4746696650981903,0.08039326220750809,0.38770216887217784,0.623731117548905,0.6726227928610409,0.465530102822509,0.2104185485343268,0.2572803640907517,0.4170562684463279,0.4567743541215012,0.12887711822986603,0.2720000147819519,0.06000000238418579
50,11,4,hyperbolic_paraboloid,T+F,6042,0.0,0.0003832978281107816,0.04256098344922066,0.12318050116300583,0.17648117989301682,0.019195802975445986,0.7118086625825991,1.2533212496539738,1.306051815257353,0.6746646881685057,0.3997731290953577,0.4664557517823146,0.547035223205019,0.8232428994558445,0.23407141864299774,0.2720000147819519,0.06000000238418579
50,11,4,hyperbolic_paraboloid,no_penalty,7042,0.0,0.00029425928369164467,0.313985675573349,0.6478312611579895,1.1658814549446106,0.12346043065190315,0.9944877456463381,1.467515882554945,1.4190830654568143,0.7449518467199536,0.36771759657796876,0.4259424655619173,0.45336986974264143,0.5033073894569091,0.1328887790441513,0.2880000174045563,0.058000002056360245
50,11,4,hyperbolic_paraboloid,T+F,7042,0.0,3.1812055650251835e-05,0.03152956813573837,0.04754210263490677,0.24446697533130646,0.01383356237784028,0.966647782514799,1.5671927762992217,1.7351824442545574,0.7612733560383248,0.5622360351884016,0.7464168704257073,0.7822404633956463,0.7447608685049311,0.22690215706825256,0.2880000174045563,0.058000002056360245
50,11,4,hyperbolic_paraboloid,no_penalty,8042,0.0,0.00030395513485101134,0.4497711956501007,0.44405925273895264,0.5382925719022751,0.05826928839087486,0.9604306902204242,1.4698420481068464,1.5489145914713542,0.5820944770456854,0.33599562796282106,0.3826604520097901,0.6009212536985934,1.0812968655474422,0.12250994890928268,0.27000001072883606,0.058000002056360245
50,11,4,hyperbolic_paraboloid,T+F,8042,0.0,0.0007766168564558029,0.02575712278485298,0.1252468228340149,0.15152089670300484,0.03596164099872112,1.1862133571079798,1.69916784516014,1.8937339500144676,0.972236164689378,0.6096813745108757,0.7030078856632488,0.7533931082345345,1.0200411176454092,0.17781317234039307,0.27000001072883606,0.058000002056360245
50,11,4,hyperbolic_paraboloid,no_penalty,9042,0.0,0.0014526280151172118,0.34520915150642395,0.6607805490493774,0.678782045841217,0.052793318405747414,0.4426553869037376,0.629647216796875,0.7122861172290559,0.4800858176173067,0.26003318716949814,0.2252332974289497,0.27280493905780273,0.4546357384880738,0.12456627935171127,0.28200000524520874,0.04400000348687172
50,11,4,hyperbolic_paraboloid,T+F,9042,0.0,0.0007393813946030357,0.02492191642522812,0.11563017964363098,0.3360605239868164,0.007556302472949028,0.4411273905884327,0.8030146484375,1.0558744389960106,0.8651852253676467,0.3376049834663411,0.3420301819017997,0.5365447791872199,0.7773125138156357,0.23639218509197235,0.28200000524520874,0.04400000348687172
50,201,99,paraboloid,no_penalty,42,0.0,0.00011581671771718495,2.111178398132324,4.158583164215088,0.05291668698191643,0.0003152964054606855,0.8391465354868458,1.2784178310767151,1.2585115705217633,0.8129396894245504,0.3737557641523953,0.4242855511388801,0.6065496429717996,0.5992190234019693,0.16679111123085022,0.2800000011920929,0.04200000315904617
50,201,99,paraboloid,T+F,42,0.0,0.0010383907538741382,0.4849094748497009,1.0663464069366455,0.007552176248282194,5.269470057100989e-05,1.4473844328542596,2.109166195518092,2.263866969517299,1.1091195558851443,0.8651988148595835,1.1938375507553527,1.341146384569893,1.481017824632437,0.2995868921279907,0.2800000011920929,0.04200000315904617
50,201,99,paraboloid,no_penalty,1042,0.0,0.00015533176153453428,2.7805442810058594,6.7117509841918945,0.04799572005867958,0.0002929090551333502,1.248302706100362,1.8716383015799256,2.08068130800388,1.2248163114675088,0.542119439399729,0.7371383754834311,0.7740923080116561,1.0765846827030976,0.2840225398540497,0.2980000078678131,0.06200000271201134
50,201,99,paraboloid,T+F,1042,0.0,0.00046314161956606813,0.5069178342819214,1.1588020324707031,0.01879486721009016,4.917422847938724e-05,0.914227254141147,1.437565346189591,1.6803123934957005,0.7640621770064185,0.5876494420139892,0.6686256200576176,0.6010897396666991,1.2026336075541677,0.25351908802986145,0.2980000078678131,0.06200000271201134
50,201,99,paraboloid,no_penalty,2042,0.0,0.00011104387022666077,2.039555549621582,3.535043716430664,0.03989672660827637,0.0004862835048697889,0.6328199955455044,0.9213744269476997,0.940637803615484,0.8198541083680805,0.3107985085165196,0.3745762782340798,0.5126736353135156,0.5979090885076433,0.14492249488830566,0.26600000262260437,0.04800000041723251
50,201,99,paraboloid,T+F,2042,0.0,0.0001353322625605028,0.4238666296005249,0.6584279537200928,0.006313296500593424,8.035121572902426e-05,0.5035564355682909,1.0050897749643477,1.235452981819784,1.0053399822711675,0.338401687444592,0.4066746510383258,0.7541727591328694,0.9076404701805464,0.3267945945262909,0.26600000262260437,0.04800000041723251
50,201,99,paraboloid,no_penalty,3042,0.0,6.697499262752817e-05,1.3738614320755005,2.027299642562866,0.15103068202733994,0.00031819174182601273,0.4944772656899598,0.7786497998593459,0.8531586142147288,0.57284475430252,0.2527603588439205,0.28945039529470473,0.4465873109940599,0.7197716989429657,0.13661058247089386,0.2720000147819519,0.05000000074505806
50,201,99,paraboloid,T+F,3042,0.0,0.0015373772649622675,0.25420671701431274,0.4274302124977112,0.016976305283606052,7.902702600404155e-05,0.7391167955758038,0.9866966133687034,1.176908156451057,0.8792591413745827,0.6198588502091318,0.6361949766612125,0.8285821009326755,1.2170941504355044,0.38190150260925293,0.2720000147819519,0.05000000074505806
50,201,99,paraboloid,no_penalty,4042,0.0,0.00044865791329103913,4.1870551109313965,11.895097732543945,0.09789212048053741,0.0011555970122572035,0.9677909801425231,1.287467147364761,1.322753256939827,0.6236217005273764,0.438627888541396,0.48359739296813214,0.42296202245154235,0.9757713123932317,0.23960335552692413,0.28200000524520874,0.06000000238418579
50,201,99,paraboloid,T+F,4042,0.0,0.00019702079951466612,0.36968809366226196,0.42070019245147705,0.01789558120071888,7.467226896551438e-05,0.9812543293917774,1.5484815655332622,1.8807347074468086,1.6175170694886656,0.5822189332106483,0.8706320123153845,1.0137991123675945,2.2498710727840705,0.3838236927986145,0.28200000524520874,0.06000000238418579
50,201,99,paraboloid,no_penalty,5042,0.0,0.0002427179533154217,2.896437406539917,6.611769676208496,0.07253403216600418,0.0004608253511833027,0.8395166418054602,1.377486563256746,1.428863288820252,0.8645060255197177,0.37790036602420035,0.43560705448685594,0.7091782077597155,1.0215923168967194,0.2693836987018585,0.2580000162124634,0.06599999964237213
50,201,99,paraboloid,T+F,5042,0.0,0.000950219026252405,0.572704553604126,0.572099506855011,0.014738052152097225,5.406969285104424e-05,1.1210072276356455,1.7105492173085792,1.7756250662397044,1.2400114721481534,0.6581208617284502,0.8860012378000476,0.878593813328733,1.423103784770147,0.34648019075393677,0.2580000162124634,0.06599999964237213
50,201,99,paraboloid,no_penalty,6042,0.0,0.00016398101451978162,2.8832762241363525,5.298261642456055,0.0427860002964735,0.0007167497533373535,0.8183960767569521,1.3745957021638164,1.292393403894761,1.012592642191519,0.45312459040746866,0.7782714978659055,0.9387504503475079,0.7945525139958025,0.2257961630821228,0.2720000147819519,0.06000000238418579
50,201,99,paraboloid,T+F,6042,0.0,0.0022049805714716366,0.5141403079032898,0.7005288600921631,0.007556792348623276,0.00014947263844078407,0.9574683101166712,1.2493961364265502,1.2139704087201286,0.9334077018301604,0.7882417892863148,0.7973633829560868,0.8063517891747826,0.8906573217226758,0.3082495629787445,0.2720000147819519,0.06000000238418579
50,201,99,paraboloid,no_penalty,7042,0.0,0.00016331263071862027,1.5269683599472046,2.2644858360290527,0.11316782981157303,0.000737269438104704,0.767449063876652,1.1179754795172276,1.0269989437527127,0.9462372247638975,0.5129409119006315,0.593953123846819,0.5227499568589838,0.6166701160902076,0.1833110749721527,0.2880000174045563,0.058000002056360245
50,201,99,paraboloid,T+F,7042,0.0,0.0015343784989409186,0.19270780682563782,0.27644553780555725,0.027496768161654472,0.0001033281660056673,1.2746532288942043,1.7666129646720468,1.7517530653211806,0.8470518195628893,0.8623249747113647,1.0576646598422375,0.8286380330939392,0.8693208976764303,0.30634209513664246,0.2880000174045563,0.058000002056360245
50,201,99,paraboloid,no_penalty,8042,0.0,0.00014887111659963331,2.6252315044403076,5.815987586975098,0.22338213212788105,0.0003868121129926294,0.5304323945726667,0.8091271111579357,0.9423914026331018,0.7221841046063836,0.28600678788596773,0.3319802801429027,0.5235354942498035,0.712557193297576,0.12623178958892822,0.27000001072883606,0.058000002056360245
50,201,99,paraboloid,T+F,8042,0.0,0.00034374899383801135,0.6454160809516907,0.7488237619400024,0.013368295505642891,0.00014412285963771865,0.9588850566319057,1.5782498561495073,1.996156593605324,1.126521386740462,0.526710911857906,0.7983417594567821,1.1304956035077807,1.884687278745408,0.2667437195777893,0.27000001072883606,0.058000002056360245
50,201,99,paraboloid,no_penalty,9042,0.0,0.00010687748516970012,2.5880677700042725,4.320701599121094,0.06678182445466518,0.0004531985759967938,0.9764579067146201,1.413924560546875,1.449727159865359,0.6352248934174336,0.45360033819582957,0.5563998499566942,0.6121041714438398,0.8096620942931618,0.07863450795412064,0.28200000524520874,0.04400000348687172
50,201,99,paraboloid,T+F,9042,0.0,0.0016273183016041618,0.36870574951171875,0.6917344927787781,0.01758330501616001,6.505360579467379e-05,1.153193133518034,1.64982958984375,1.9360427315353501,1.1739410912513506,0.8170480688910184,0.8515492603624022,1.1998665078560904,1.1113470575365856,0.28931909799575806,0.28200000524520874,0.04400000348687172
50,201,99,hyperbolic_paraboloid,no_penalty,42,0.0,9.697010342161454e-05,2.823131799697876,4.841215133666992,0.08213596791028976,0.0004029455449199304,0.9367454205961163,1.395158122356673,1.3645769391741072,0.6964463371414262,0.4029247646236104,0.6120013716603504,0.599714398781953,0.728258418449237,0.1473618745803833,0.2800000011920929,0.04200000315904617
50,201,99,hyperbolic_paraboloid,T+F,42,0.0,0.005452550465787821,0.26529568433761597,1.0417442321777344,0.012557083275169134,5.8775205616257153e-05,1.4428070680070295,2.0063802389273966,2.0028111049107142,1.3317577712576443,1.1166873588539783,1.1781344961549982,1.2453846899073493,1.381513591554006,0.4113583266735077,0.2800000011920929,0.04200000315904617
50,201,99,hyperbolic_paraboloid,no_penalty,1042,0.0,0.00011743030589611376,2.671731472015381,5.208062171936035,0.0324034383520484,0.00026089182938449085,1.2194734501148385,1.7663644556662408,1.9190559131187082,0.7766690496979939,0.4000869052158094,0.517179968104372,0.5977435008241162,0.7928311955920943,0.18068847060203552,0.2980000078678131,0.06200000271201134
50,201,99,hyperbolic_paraboloid,T+F,1042,0.0,0.002727012136089268,0.2794424891471863,0.7824065685272217,0.010582494083791971,3.984863724326715e-05,1.518701226249304,2.213710175127788,2.421312780188234,1.2753053296305257,0.889989896388335,1.0554965022678062,1.1372845402245586,1.370037307464819,0.3034307360649109,0.2980000078678131,0.06200000271201134
50,201,99,hyperbolic_paraboloid,no_penalty,2042,0.0,0.00010349361494702487,2.2523322105407715,3.554328203201294,0.04044131934642792,0.0003685738338390365,0.8862368935032895,1.422789800734747,1.5031696979264568,0.6812217492614306,0.3703192029427031,0.5082265585943124,0.693965699509084,0.5972785296313226,0.18343915045261383,0.26600000262260437,0.04800000041723251
50,201,99,hyperbolic_paraboloid,T+F,2042,0.0,0.00027548608865903977,0.2444084882736206,0.40466853976249695,0.011201033368706703,3.956720502173994e-05,0.9387472721568325,1.8654053703187004,1.9740963125587405,1.4196775271350617,0.6742866398807406,0.9138872387367982,1.5912371062349078,1.384236378542953,0.24538259208202362,0.26600000262260437,0.04800000041723251
50,201,99,hyperbolic_paraboloid,no_penalty,3042,0.0,0.00014860328490757824,3.0350699424743652,3.0892233848571777,0.0392272649332881,0.0006640864885412157,0.5165392755140487,0.7494665686763934,0.7826763601864085,0.5010334433576316,0.2571574845323428,0.27415032423556496,0.36306457536665276,0.524627162606229,0.14398792386054993,0.2720000147819519,0.05000000074505806
50,201,99,hyperbolic_paraboloid,T+F,3042,0.0,9.066883975000524e-05,0.08237926661968231,0.1101563423871994,0.012388231698423624,8.939585677580908e-05,1.152245498285061,1.7687802670606927,1.8990711885340072,1.0421143986994073,0.5953795049228003,0.8336069619675232,1.006961347456074,1.4808122970032855,0.21663542091846466,0.2720000147819519,0.05000000074505806
50,201,99,hyperbolic_paraboloid,no_penalty,4042,0.0,0.00025687018288901787,2.3696985244750977,4.809966087341309,0.06308351829648018,0.0003212449519196525,0.9388851405741594,1.2337882302024148,1.1523664758560506,0.6317833502197308,0.34473714262422434,0.4015392431181166,0.45902285710953006,0.8458797255761229,0.18856193125247955,0.28200000524520874,0.06000000238418579
50,201,99,hyperbolic_paraboloid,T+F,4042,0.0,0.00015477087367233352,0.23577484488487244,0.5053865909576416,0.018456257414072752,2.8300564736127853e-05,0.9875516746669943,1.4728785428133877,1.501794476881095,0.6247308110795816,0.4514002822037481,0.6697037312753694,0.6160403967789527,0.9423976779746953,0.2520463168621063,0.28200000524520874,0.06000000238418579
50,201,99,hyperbolic_paraboloid,no_penalty,5042,0.0,0.00014410544168296738,3.2536540031433105,8.332436561584473,0.11490921676158905,0.0007211830816231668,0.8720376486306662,1.2276240837969903,1.2127832220506298,0.9480691313223419,0.3644857771335845,0.5076070753121578,0.6736050101297361,1.1433458903915836,0.2210552841424942,0.2580000162124634,0.06599999964237213
50,201,99,hyperbolic_paraboloid,T+F,5042,0.0,0.0024575685980308113,0.3292282819747925,0.6748876571655273,0.015790836419910192,0.00011951043052249588,1.0579734718406593,1.4160780114881226,1.3696513804354409,1.0433669822818776,0.7870729565939691,0.855795076625479,0.9516538209401807,1.0564004245464467,0.389679491519928,0.2580000162124634,0.06599999964237213
50,201,99,hyperbolic_paraboloid,no_penalty,6042,0.0,0.00021344519669736796,3.2419662475585938,5.883000373840332,0.06011391803622246,0.0006726894353050739,0.9242557071904254,1.4708722933070866,1.493349636302275,0.6744241684834429,0.36439446284767935,0.4127049323575214,0.6296580390463294,0.4813930563071576,0.17486673593521118,0.2720000147819519,0.06000000238418579
50,201,99,hyperbolic_paraboloid,T+F,6042,0.0,0.001094737085536938,0.27832168340682983,0.7433348298072815,0.01473900768905878,0.00014167329936753958,0.7835150227147577,1.2452161894069882,1.3849998922909008,0.98973238027276,0.5226577762699254,0.5923775760407872,0.8020162336774838,0.8856606128704915,0.2538207769393921,0.2720000147819519,0.06000000238418579
50,201,99,hyperbolic_paraboloid,no_penalty,7042,0.0,9.674167455132327e-05,2.5388870239257812,2.7881500720977783,0.061544790863990784,0.0010050186392618343,0.8370699441380438,1.376565898294414,1.5581268734402127,0.6939551437010306,0.3650311032388668,0.5599483331795742,0.6671008952843999,0.7165978795353268,0.10106419771909714,0.2880000174045563,0.058000002056360245
50,201,99,hyperbolic_paraboloid,T+F,7042,0.0,7.578621697218263e-05,0.18447017669677734,0.4402405619621277,0.025334087200462818,7.771275522827636e-05,0.8649238216719438,1.4213437929258241,1.623212390475803,0.7084593719189579,0.3891527297488216,0.6203868067500874,0.7015798219927563,0.7585063514824207,0.17644596099853516,0.2880000174045563,0.058000002056360245
50,201,99,hyperbolic_paraboloid,no_penalty,8042,0.0,6.722747371416186e-05,2.9708175659179688,4.014801025390625,0.04121662303805351,0.0005182710010558367,0.8895487785339355,1.1388126863978216,1.2139935528790509,0.7853634868846101,0.3619347062348532,0.42890059780665235,0.45614635238308465,0.8187744052640561,0.2114410102367401,0.27000001072883606,0.058000002056360245
50,201,99,hyperbolic_paraboloid,T+F,8042,0.0,0.00034416648582439517,0.41460880637168884,0.6086686849594116,0.012506021652370691,0.00013629072418552823,0.8909860338483538,1.316649377593361,1.5306260850694444,0.9360244557267948,0.46790206941413204,0.5226429562785864,0.6646747112519213,1.21016575255947,0.1738685816526413,0.27000001072883606,0.058000002056360245
50,201,99,hyperbolic_paraboloid,no_penalty,9042,0.0,9.132878141320167e-05,2.540241241455078,4.117436408996582,0.051920950412750244,0.0004340901068644598,0.8959476958287445,1.298165771484375,1.4538004990165114,0.7410620317564043,0.37202471642156587,0.4230438855685018,0.5243890782076304,1.0043106371129975,0.142718106508255,0.28200000524520874,0.04400000348687172
50,201,99,hyperbolic_paraboloid,T+F,9042,0.0,0.0004976753942408965,0.22566072642803192,0.5385609865188599,0.015720492228865623,3.797470526478719e-05,1.0180865720505232,1.52907861328125,1.7163720097102173,0.88668791247463,0.5375184044902896,0.6803095523532702,0.8322636618671534,1.1438842066496278,0.21680153906345367,0.28200000524520874,0.04400000348687172
100,11,4,paraboloid,no_penalty,42,0.0,0.001080589707602154,0.8416332006454468,1.2214035987854004,0.7183831036090851,0.058939728420227766,0.8026608337538279,1.3658903882019502,1.3708580017089844,0.46524687387964214,0.37461559660966837,0.48708875778731003,0.6465598057715192,0.7355245098432434,0.1640079915523529,0.2800000011920929,0.04200000315904617
100,11,4,paraboloid,T+F,42,0.0,0.0001950212965973399,0.030934391543269157,0.029725100845098495,0.08473187871277332,0.004046596644911915,0.9374671035460747,1.629460729154429,1.6974258422851562,1.01038233319933,0.5145595860851048,0.7551879638701561,1.14256905923464,1.1966446886031663,0.3487020432949066,0.2800000011920929,0.04200000315904617
100,11,4,paraboloid,no_penalty,1042,0.0,0.00031804894520477814,0.6691728830337524,1.418861985206604,0.7760301232337952,0.07381968852132559,0.8162127454456083,1.306037761021724,1.332696185015992,0.7200060406160526,0.3701206507479052,0.45762755201466937,0.41153287019459905,0.7436543009885774,0.1529369056224823,0.2980000078678131,0.06200000271201134
100,11,4,paraboloid,T+F,1042,0.0,0.00027203515426001764,0.06017052382230759,0.07764659076929092,0.16445325873792171,0.015003961045295,0.8333999871676643,1.5180058248867332,1.6504862740535864,0.9296011357260339,0.4095200295147255,0.7414695731777952,0.9530056830568463,0.959517904262216,0.2376585751771927,0.2980000078678131,0.06200000271201134
100,11,4,paraboloid,no_penalty,2042,0.0,0.00038256974552165377,0.8087829947471619,0.5864824056625366,1.240874506533146,0.04278271598741412,1.2852658723530017,1.978058830140129,1.8056608501233553,0.9266542587056393,0.7111089774530482,0.9501177655478784,1.2120618762882975,0.7032922051443864,0.2372431457042694,0.26600000262260437,0.04800000041723251
100,11,4,paraboloid,T+F,2042,0.0,0.0001978970513763753,0.01862766221165657,0.030549155548214912,0.1016501635313034,0.006667177425697446,1.4072530646073191,2.4819202725849454,2.3564581620065788,1.6153324029231584,0.9719407505216,1.3996292338799126,2.009391608655653,2.021384894338895,0.37518784403800964,0.26600000262260437,0.04800000041723251
100,11,4,paraboloid,no_penalty,3042,0.0,0.0008611261675303632,0.5525503158569336,0.5657951831817627,0.7118643186986446,0.07514019124209881,0.8621784218663386,1.2456302927501166,1.4785565768971163,0.8824465200060357,0.43038898126074915,0.4464863461287056,0.7748101327045992,1.3599172681299927,0.19773009419441223,0.2720000147819519,0.05000000074505806
100,11,4,paraboloid,T+F,3042,0.0,0.00010938248173757033,0.012057021260261536,0.010206206701695919,0.09902247600257397,0.007020747405476868,0.9557396324140798,1.5598267512534982,2.045966428868911,1.5230273303048367,0.5891475718165774,0.7669177492752767,1.3487653941764024,1.7355124295645992,0.37496042251586914,0.2720000147819519,0.05000000074505806
100,11,4,paraboloid,no_penalty,4042,0.0,0.0003812158141623844,0.7523077726364136,0.6289575099945068,0.9752642512321472,0.08376694237813354,0.9862400145954786,1.3448123353900332,1.325926976846465,0.46548450263541635,0.3476896238256242,0.5256719449040957,0.5053413592667435,0.8575412606302504,0.17957767844200134,0.28200000524520874,0.06000000238418579
100,11,4,paraboloid,T+F,4042,0.0,0.00038100224496288735,0.025133561342954636,0.04030817747116089,0.12295901961624622,0.0035007581464014947,0.9999789488289723,1.6242368293531013,1.7348406636123117,1.14756444816151,0.5062294493474461,0.8455727045693153,1.000395937798314,1.0357463339997692,0.3984191119670868,0.28200000524520874,0.06000000238418579
100,11,4,paraboloid,no_penalty,5042,0.0,0.0013678588650443337,1.0231175422668457,1.2481322288513184,0.9836395978927612,0.0687777902930975,0.9799863710508242,1.4659689590059963,1.4214224408763323,0.9747670788253918,0.38519948553306815,0.5409343259025199,0.6099027778201616,0.955530894604543,0.2602447271347046,0.2580000162124634,0.06599999964237213
100,11,4,paraboloid,T+F,5042,0.0,0.0004047430543736978,0.027468377724289894,0.06932328641414642,0.26674532517790794,0.0058111296384595335,0.9702619280133928,1.5278874358567804,1.794766211694525,1.1579667754595957,0.6544699030111483,0.8310482218975188,1.0402437962101752,1.1485044089890557,0.3776332139968872,0.2580000162124634,0.06599999964237213
100,11,4,paraboloid,no_penalty,6042,0.0,0.00033924182538281787,0.522851824760437,0.7332849502563477,0.8297521024942398,0.049232867546379566,0.7687037127658659,1.2972836231622171,1.2481652428122127,0.6952660624521216,0.30241575555459377,0.373788400058191,0.43878098729045917,0.5506724671779165,0.14647990465164185,0.2720000147819519,0.06000000238418579
100,11,4,paraboloid,T+F,6042,0.0,0.0011850875717672434,0.051572516560554504,0.13655395805835724,0.10814910382032394,0.008075911900959909,0.9516047675178965,1.7977476345272514,1.9711566251866959,1.6337466430414969,0.5875805260151442,0.9122553780626362,1.2079730108772528,1.928583491883066,0.3762424886226654,0.2720000147819519,0.06000000238418579
100,11,4,paraboloid,no_penalty,7042,0.0,0.0007336542687632821,0.2675459682941437,0.38187628984451294,1.3091014623641968,0.06127869710326195,0.9625390006582117,1.4420802077967605,1.4581292470296223,0.7509185926829275,0.445719246202516,0.5241617595123536,0.5504732051762923,0.5283898589789296,0.14412157237529755,0.2880000174045563,0.058000002056360245
100,11,4,paraboloid,T+F,7042,0.0,0.00012513807847757232,0.015293499454855919,0.031268514692783356,0.09847797080874443,0.006243262556381524,1.0247336232189566,1.640625,1.9220144483778212,1.3140553235717232,0.6796815030507622,0.9926352667426934,1.1858273073840424,1.5308945677530297,0.34570208191871643,0.2880000174045563,0.058000002056360245
100,11,4,paraboloid,no_penalty,8042,0.0,0.0004734143784100359,0.6600837707519531,1.022108554840088,0.7430293038487434,0.05894804839044809,0.98016357421875,1.371372460329681,1.46970373083044,0.5446572537702822,0.4144476462368428,0.4287162670363251,0.5161867769515697,0.7186948134526934,0.13519836962223053,0.27000001072883606,0.058000002056360245
100,11,4,paraboloid,T+F,8042,0.0,0.0013519821857864206,0.03868585824966431,0.1335815191268921,0.1335163228213787,0.008612956386059523,0.4464695794241769,0.8503209030974456,1.0125064425998265,0.6904121843943408,0.3916501300489599,0.4405951404148707,0.7260579272799655,1.3138642635610052,0.2941105365753174,0.27000001072883606,0.058000002056360245
100,11,4,paraboloid,no_penalty,9042,0.0,0.0004873297346586531,0.4827767014503479,0.6309055089950562,1.300027683377266,0.0942339152097702,0.42060475622504817,0.636554443359375,0.7187041154144503,0.46962796004835705,0.2715811777378246,0.23415400809436782,0.3069459186494072,0.428551292436647,0.14702577888965607,0.28200000524520874,0.04400000348687172
100,11,4,paraboloid,T+F,9042,0.0,0.0007150242613120513,0.0309595987200737,0.052949048578739166,0.1927271280437708,0.006487874430604279,0.48076542253536275,0.9668837890625,1.3464306770487036,1.170228613791337,0.4247294031340823,0.40419503119557554,0.6857069255404802,0.9052006287347816,0.3427635133266449,0.28200000524520874,0.04400000348687172
100,11,4,hyperbolic_paraboloid,no_penalty,42,0.0,0.0006771919063546441,0.6574434041976929,0.5838490724563599,0.5119436383247375,0.04398610116913915,0.7789703573044265,1.3118013080797697,1.2656406947544643,0.4462205973246866,0.31789110745737587,0.454714502163209,0.4443379869821107,0.4314762419754926,0.11339589953422546,0.2800000011920929,0.04200000315904617
100,11,4,hyperbolic_paraboloid,T+F,42,0.0,3.5577760586007074e-05,0.018829362466931343,0.027661699801683426,0.10749874636530876,0.01879560947418213,0.7939722277804844,1.4164660460966871,1.5460152762276786,0.8485857214115035,0.3984391332567764,0.5377055225428392,0.5823582312932806,0.9830675849781999,0.22190864384174347,0.2800000011920929,0.04200000315904617
100,11,4,hyperbolic_paraboloid,no_penalty,1042,0.0,0.00023230690170418131,0.5322827100753784,0.4340980648994446,0.672188401222229,0.10414816066622734,0.7276032241787305,1.0516596797673676,1.126888095932519,0.6951600139059302,0.2809949417338952,0.31414384444357046,0.4513291415887985,0.6953922542612369,0.11114540696144104,0.2980000078678131,0.06200000271201134
100,11,4,hyperbolic_paraboloid,T+F,1042,0.0,5.4489598948169835e-05,0.017792154103517532,0.016589835286140442,0.0983904991298914,0.0064463026355952024,1.0925228399263989,1.824096566239254,2.0942968586147233,0.9630100942579256,0.4605186040371238,0.6238287024570429,0.6986695736941878,1.2255330559578566,0.24261608719825745,0.2980000078678131,0.06200000271201134
100,11,4,hyperbolic_paraboloid,no_penalty,2042,0.0,0.0006211698055267334,0.4991474747657776,0.5616125464439392,0.39902354031801224,0.07627877499908209,1.0640412715443395,1.6184968494233631,1.5693538350270206,0.7719958655908604,0.4034215142894153,0.6347787006952615,0.8377624388605399,0.9339027452076015,0.17496760189533234,0.26600000262260437,0.04800000041723251
100,11,4,hyperbolic_paraboloid,T+F,2042,0.0,0.00034770422445779496,0.01874537765979767,0.06575039029121399,0.13244172185659409,0.004698737902799621,0.8928183840032209,1.6522044832744296,1.7768410130550987,1.0951918120296487,0.46568936815872347,0.7583348400140018,1.1699925330554743,1.0561302160401465,0.27061599493026733,0.26600000262260437,0.04800000041723251
100,11,4,hyperbolic_paraboloid,no_penalty,3042,0.0,0.0006967248733748089,0.40575361251831055,0.3562623858451843,0.7433985322713852,0.0909061748534441,0.8967929341047672,1.266480175416861,1.2892123951631433,0.6177946578088395,0.4211014912743483,0.4303292919646233,0.5595804016320819,0.8243509600577934,0.12034028023481369,0.2720000147819519,0.05000000074505806
100,11,4,hyperbolic_paraboloid,T+F,3042,0.0,0.00024820593270388514,0.01666310802102089,0.04956900328397751,0.1615919042378664,0.03682618495076895,0.9355387550235588,1.516591427931145,1.7842438641716452,1.1710137508519094,0.5478642680701247,0.6478766393325759,0.8379755937516444,1.2510989412933962,0.2498127818107605,0.2720000147819519,0.05000000074505806
100,11,4,hyperbolic_paraboloid,no_penalty,4042,0.0,0.0006272295828570019,0.39034926891326904,0.4863782525062561,0.7903539389371872,0.043427687138319016,0.995533643213632,1.4202073993104878,1.2671565062610815,0.43527641497077174,0.33955752640941217,0.3964790486769392,0.47354485917543127,0.8424648151540469,0.16308704018592834,0.28200000524520874,0.06000000238418579
100,11,4,hyperbolic_paraboloid,T+F,4042,0.0,2.9481857464733448e-05,0.014752103947103024,0.018471501767635345,0.14817562513053417,0.004087627807166427,1.3311235340970715,2.1542790730794272,2.3800940547429077,1.66769455789007,0.6318097356447868,0.9965606910296576,1.2989757838020939,2.120172561679095,0.2969057261943817,0.28200000524520874,0.06000000238418579
100,11,4,hyperbolic_paraboloid,no_penalty,5042,0.0,0.0004469023340127685,0.4981499910354614,0.5403743982315063,0.5842288881540298,0.046253859996795654,1.2623312478537088,1.7205941175622694,1.554336902707122,0.4960517253119006,0.4915190272289208,0.588593794334335,0.5145704997252823,0.6525590735401153,0.13804765045642853,0.2580000162124634,0.06599999964237213
100,11,4,hyperbolic_paraboloid,T+F,5042,0.0,0.0007158382372422652,0.09330028295516968,0.2340470254421234,0.10602842457592487,0.017119615571573377,1.3297143286401099,2.0170616910026524,2.0071084665697674,1.141378508880115,0.6599501684240924,0.8856909341130084,1.0774136539193206,1.1707156100760516,0.2730867564678192,0.2580000162124634,0.06599999964237213
100,11,4,hyperbolic_paraboloid,no_penalty,6042,0.0,0.0004940398714759133,0.4714927077293396,0.5795570611953735,0.41472572833299637,0.05555684398859739,0.7172304397112472,1.1151410200464444,1.122756509219899,0.6542005131390817,0.34171446760483065,0.4255204492310492,0.4788868122906273,0.6088279306215714,0.12082815170288086,0.2720000147819519,0.06000000238418579
100,11,4,hyperbolic_paraboloid,T+F,6042,0.0,0.0003584719855676998,0.02612643502652645,0.055699244141578674,0.1168371457606554,0.019225190160796046,0.6729756493925523,1.2251638577679012,1.2286400514490463,0.6873944183609618,0.41613234095737994,0.5052023190108343,0.5832341860868052,0.6248771467264195,0.25024139881134033,0.2720000147819519,0.06000000238418579
100,11,4,hyperbolic_paraboloid,no_penalty,7042,0.0,0.00031216838397085667,0.2882104516029358,0.3658999800682068,0.9130660891532898,0.06270403694361448,1.0809175600564427,1.4528982979910714,1.4353340996636286,0.6298575912932993,0.4857981467687598,0.5572786810906215,0.5761240214882448,0.49959885808643534,0.10983235388994217,0.2880000174045563,0.058000002056360245
100,11,4,hyperbolic_paraboloid,T+F,7042,0.0,0.0001542721028355035,0.01911640539765358,0.035281743854284286,0.1707405485212803,0.007491695054341108,0.9117604394316148,1.6188334370707418,1.7929793463812933,0.7914512392407104,0.4270704894280489,0.5595074235082695,0.7528998320529777,1.0448287189645076,0.2371491640806198,0.2880000174045563,0.058000002056360245
100,11,4,hyperbolic_paraboloid,no_penalty,8042,0.0,0.0003635708919980309,0.5241858959197998,0.5186721682548523,0.5995081663131714,0.062281778547912836,0.9344373430524554,1.3765433537020229,1.4238468876591435,0.4997605306645896,0.31317036245475044,0.3296453885969839,0.48363262190198747,0.8448670083276895,0.09461386501789093,0.27000001072883606,0.058000002056360245
100,11,4,hyperbolic_paraboloid,T+F,8042,0.0,0.0007124536416747353,0.028773324564099312,0.07542098313570023,0.12630567327141762,0.006693858653306961,1.100630555834089,1.6272595670707988,1.7788474754050927,0.8775312680820757,0.5483345598447114,0.7359904181804318,0.7755096653481821,0.913923053352526,0.2301923781633377,0.27000001072883606,0.058000002056360245
100,11,4,hyperbolic_paraboloid,no_penalty,9042,0.0,0.0007624002173542976,0.47575026750564575,0.5006213784217834,0.6406891047954559,0.09053159411996603,0.4451749020210972,0.6932500610351563,0.7765483991474125,0.5204769825511129,0.2576457272750126,0.2538024999558057,0.3545693755628949,0.5865329098550801,0.11673598736524582,0.28200000524520874,0.04400000348687172
100,11,4,hyperbolic_paraboloid,T+F,9042,0.0,0.0003097975753586401,0.012955150566995144,0.03970621898770332,0.13316668942570686,0.004226230317726731,0.8827718323022784,1.509629638671875,1.9741280197251774,1.154516952223901,0.4265605429420313,0.5858320351564767,1.0244877414992297,1.188121491567888,0.2617410719394684,0.28200000524520874,0.04400000348687172
100,201,99,paraboloid,no_penalty,42,0.0,7.674819442318447e-05,1.5999077558517456,4.019219398498535,0.12894795462489128,0.0002885277608584147,0.8598948183463252,1.294499791654429,1.4137103489467076,0.6321002086626301,0.5011167027954114,0.7089839077016409,0.4501855354672917,0.5615060744355537,0.1063629686832428,0.2800000011920929,0.04200000315904617
100,201,99,paraboloid,T+F,42,0.0,0.001628313936404328,0.06424730271100998,0.1751774549484253,0.009658889379352331,2.7737436539609917e-05,1.08373914688892,1.7826365994331532,1.8018998282296317,0.9991313763614579,0.6956970260700296,0.842720933573958,1.1949955427673038,1.1367757686496487,0.3448890447616577,0.2800000011920929,0.04200000315904617
100,201,99,paraboloid,no_penalty,1042,0.0,9.426973129979413e-05,1.9384346008300781,3.528346061706543,0.06797690549865365,0.00029891085796407424,1.255042129210746,1.836258898880402,1.9970371323143876,1.1149009974186694,0.5149072773688985,0.7535872640590127,0.7751181866143816,0.9991595674367061,0.21906830370426178,0.2980000078678131,0.06200000271201134
100,201,99,paraboloid,T+F,1042,0.0,0.00020273533923115895,0.16999582946300507,0.26535874605178833,0.0041924851248040795,3.6937354707333725e-05,0.8623532165663279,1.4501786356078648,1.730925489592072,0.9694342962022608,0.5802166830254651,0.6532080446059265,0.6576434440090491,1.3427086047856573,0.31627264618873596,0.2980000078678131,0.06200000271201134
100,201,99,paraboloid,no_penalty,2042,0.0,5.022912235254079e-05,1.2102887630462646,2.1381773948669434,0.06110288528725505,0.00025529921913403086,0.46837010299950316,0.9118220011393229,1.221488551089638,1.2721041986940735,0.29692632712161715,0.42804570328584884,0.783580554607991,1.2075529555360847,0.25961482524871826,0.26600000262260437,0.04800000041723251
100,201,99,paraboloid,T+F,2042,0.0,0.0003144033809206379,0.08969435095787048,0.2668211758136749,0.007938344962894917,8.98943417269038e-05,0.8822289851673862,1.4588751414465526,1.5819686086554277,1.123118168942586,0.4959718968170527,0.6712618951724301,0.9616176245270311,1.047345657022508,0.243754580616951,0.26600000262260437,0.04800000041723251
100,201,99,paraboloid,no_penalty,3042,0.0,8.00194209487877e-05,1.1735942363739014,1.6870534420013428,0.15094334492459893,0.0002985059982165694,0.48826737837357953,0.8174098000597598,0.9820110096650965,0.7365466680550565,0.25747410742533083,0.30193449994004945,0.5589837034477377,0.8910609145572137,0.18706876039505005,0.2720000147819519,0.05000000074505806
100,201,99,paraboloid,T+F,3042,0.0,0.004258194966102714,0.08116081357002258,0.42759037017822266,0.009360076859593391,3.330608114993083e-05,1.4673922046060837,2.0055182158057367,2.3488388061523438,1.8056350298876305,1.077592911929613,1.1338915343308453,1.5965757099384732,1.8419017049136917,0.42203986644744873,0.2720000147819519,0.05000000074505806
100,201,99,paraboloid,no_penalty,4042,0.0,8.00324779986149e-05,1.4288182258605957,2.8857836723327637,0.08317700028419495,0.00027727918859454803,0.916466967402725,1.3240957549124053,1.304624300476507,0.5210304957082142,0.4481450949328507,0.6632996650623029,0.48154750270919827,0.7581986272731875,0.15299107134342194,0.28200000524520874,0.06000000238418579
100,201,99,paraboloid,T+F,4042,0.0,0.0033664999909661895,0.10895833373069763,0.5615457892417908,0.010219990042969584,9.400312228535768e-05,1.1094128656283895,1.2923671838008997,1.2357177734375,0.9494163417304733,0.9085668520872205,1.00390705655083,0.8791861267601911,1.022316851539226,0.42553579807281494,0.28200000524520874,0.06000000238418579
100,201,99,paraboloid,no_penalty,5042,0.0,8.180872792035192e-05,1.6525317430496216,3.268400192260742,0.10911534540355206,0.00025138428645732347,0.9947973901098901,1.5365276266288053,1.379449533861737,0.7300612691220355,0.4695024705972969,0.5906193802842977,0.5530657889101139,0.7435426742173891,0.20471537113189697,0.2580000162124634,0.06599999964237213
100,201,99,paraboloid,T+F,5042,0.0,0.0005754718362395443,0.08759304881095886,0.14083832502365112,0.00768621702445671,2.0069006268386147e-05,1.0741143865899725,1.700632580971806,1.8081467502800994,1.3087602916536654,0.6469810143555615,0.885458235917984,0.9168913513213521,1.4482226766719035,0.3633371889591217,0.2580000162124634,0.06599999964237213
100,201,99,paraboloid,no_penalty,6042,0.0,0.00011224406238515579,1.4120982885360718,2.42169189453125,0.04427790176123381,0.0002634596821735613,0.6548752301590033,1.1374780850147639,1.1154697642606848,0.7111110087152301,0.33456444587619105,0.39717016468947924,0.5282171356572546,0.6499208145325541,0.11834500730037689,0.2720000147819519,0.06000000238418579
100,201,99,paraboloid,T+F,6042,0.0,0.0010493557844589005,0.14730148017406464,0.6848926544189453,0.006730742403306067,6.242891413421603e-05,0.8383434144410793,1.2168545460137796,1.1742941912482767,0.7776041246009399,0.5959245574482742,0.6300664382721048,0.6315316943622747,0.7020176001169214,0.2632904648780823,0.2720000147819519,0.06000000238418579
100,201,99,paraboloid,no_penalty,7042,0.0,0.00015274059045967178,1.3833985328674316,2.6510813236236572,0.1612310390919447,0.0003367243189131841,1.0501746627202644,1.5277967068738554,1.558129416571723,0.7849266698214178,0.4562938793855039,0.5481630425013244,0.6222532939216915,0.7655285808780894,0.17897889018058777,0.2880000174045563,0.058000002056360245
100,201,99,paraboloid,T+F,7042,0.0,0.00032140366473601233,0.12100110203027725,0.21199297904968262,0.012135195778682828,9.479359505348839e-05,1.084718410139042,1.7244297348972641,2.0178746117485895,1.0564916334879453,0.6964265038681408,0.9541175393141614,0.9163329126261663,1.3702328256922343,0.25021448731422424,0.2880000174045563,0.058000002056360245
100,201,99,paraboloid,no_penalty,8042,0.0,0.0003358648709989899,2.2629573345184326,5.848855972290039,0.16521883569657803,0.00038748970109736547,1.055239541190011,1.364212985849974,1.5584253381799769,0.9342148270123238,0.6206040657747495,0.8592931235208088,0.7374118973599867,1.0299254035149388,0.18930299580097198,0.27000001072883606,0.058000002056360245
100,201,99,paraboloid,T+F,8042,0.0,0.0016781776698667611,0.21899749338626862,0.36575645208358765,0.006866485578939319,6.320681768556824e-05,1.1319082805088587,1.766969799500778,2.2635088885271992,1.6079468424149241,0.774295118115876,1.0257218761358682,1.53022747218258,2.0924150881136665,0.32285913825035095,0.27000001072883606,0.058000002056360245
100,201,99,paraboloid,no_penalty,9042,0.0,7.777497061152956e-05,1.3923451900482178,2.963082790374756,0.07354720588773489,0.000418219729908742,0.9725526650046462,1.5166517333984375,1.7286799004737368,1.288413506879599,0.5508342643972037,0.7196828383305499,0.9543686381735299,1.3212307337403417,0.21858999133110046,0.28200000524520874,0.04400000348687172
100,201,99,paraboloid,T+F,9042,0.0,0.0012584773462210128,0.1674330085515976,0.7460967302322388,0.009327119681984186,6.0178162129886914e-05,1.226682957048458,1.8570706787109375,1.9985565834857049,1.2158035582698092,0.7708587449597052,0.877044219110325,1.2918675032486373,1.302956196072698,0.3518543243408203,0.28200000524520874,0.04400000348687172
100,201,99,hyperbolic_paraboloid,no_penalty,42,0.0,9.003165757181633e-05,2.4232938289642334,4.183659076690674,0.04230686463415623,0.00032101828037411906,0.9267678717462416,1.4030306249632871,1.4158194405691964,0.7275552252256988,0.41238697947447744,0.5715522340945814,0.6471295872041912,0.999600461208358,0.1611187607049942,0.2800000011920929,0.04200000315904617
100,201,99,hyperbolic_paraboloid,T+F,42,0.0,0.0002498891556737435,0.06871097534894943,0.15038321912288666,0.008173222304321826,1.4784159247938078e-05,1.0833937341227031,1.873274494830827,1.8481183733258928,0.9167892786382678,0.5642940472290405,0.7700800261621088,0.877351365591854,1.233655378341001,0.2590949833393097,0.2800000011920929,0.04200000315904617
100,201,99,hyperbolic_paraboloid,no_penalty,1042,0.0,0.0001802864618858888,3.967179298400879,8.104453086853027,0.07151823304593563,0.0006774048088118434,1.207293334145323,1.652974749143239,1.6932313650246436,0.5788881712679484,0.3720250970268437,0.4368641718226344,0.3927538382958464,0.45818488055835055,0.08249279856681824,0.2980000078678131,0.06200000271201134
100,201,99,hyperbolic_paraboloid,T+F,1042,0.0,0.000338717108935266,0.1339491456747055,0.24178293347358704,0.011119165690615773,5.1079871354886563e-05,1.342718111645671,2.0880317546177976,2.25392058711724,0.9633744241646047,0.614988001307959,0.8556701750221365,0.9717894957534888,1.1870010214931133,0.21488064527511597,0.2980000078678131,0.06200000271201134
100,201,99,hyperbolic_paraboloid,no_penalty,2042,0.0,9.668270005515559e-05,2.0249388217926025,2.728436231613159,0.05529824458062649,0.0003118256645393558,0.8673856634842722,1.3622550358847967,1.4259141047198074,0.5251449798447118,0.3457905431219601,0.40840955719648364,0.583953504016078,0.4336116603783623,0.15712150931358337,0.26600000262260437,0.04800000041723251
100,201,99,hyperbolic_paraboloid,T+F,2042,0.0,0.00025468280733521306,0.07131487131118774,0.23073843121528625,0.00810777023434639,2.1073157085993444e-05,0.5006284881056401,0.9172853136819507,1.096564271396264,0.917026464917027,0.3445024165042187,0.412838381539933,0.702608653932394,0.7991050700272175,0.27640536427497864,0.26600000262260437,0.04800000041723251
100,201,99,hyperbolic_paraboloid,no_penalty,3042,0.0,0.00020487221022743492,2.581568717956543,2.6827285289764404,0.07484808471053839,0.001054303844284732,0.9242833850124723,1.2112967647723298,1.1445557089412914,0.8754345331801171,0.337477138656935,0.43162853531012324,0.4883094943754171,0.6084625925494372,0.279240220785141,0.2720000147819519,0.05000000074505806
100,201,99,hyperbolic_paraboloid,T+F,3042,0.0,8.78491506110228e-06,0.050963230431079865,0.05465555191040039,0.007988590747117996,0.00012088908260921016,0.9754568298745843,1.5288328483923157,1.6848333022173714,0.9134481634944055,0.5769931957976011,0.663285287017367,0.7717429218450376,1.1951058781377537,0.22847649455070496,0.2720000147819519,0.05000000074505806
100,201,99,hyperbolic_paraboloid,no_penalty,4042,0.0,8.89424735040807e-05,1.9433389902114868,3.8118977546691895,0.09729980118572712,0.00037755943776573986,0.9332285982409165,1.2428427031545928,1.1321770417774824,0.7224268655422248,0.38378947051556284,0.3846186202679352,0.49429798082012655,0.8869692119607984,0.1720801740884781,0.28200000524520874,0.06000000238418579
100,201,99,hyperbolic_paraboloid,T+F,4042,0.0,1.1396647630194526e-05,0.0564580038189888,0.08333194255828857,0.009110058890655637,8.440188480562938e-06,0.9834957495170147,1.5639042709812974,1.6392618815104167,0.892711574075942,0.5187178687999803,0.8033836912564434,0.745167079909245,0.9885531929611683,0.2773383855819702,0.28200000524520874,0.06000000238418579
100,201,99,hyperbolic_paraboloid,no_penalty,5042,0.0,0.0002284671981536334,2.1281325817108154,3.2903494834899902,0.09686383418738842,0.0003389780977158807,1.0056399167239012,1.4412224688653137,1.3375140049660852,0.8846843925094071,0.37799419183074473,0.5390740089805534,0.5044632917337625,0.8263453756341812,0.17610952258110046,0.2580000162124634,0.06599999964237213
100,201,99,hyperbolic_paraboloid,T+F,5042,0.0,0.0004259462083750103,0.10952426493167877,0.27437371015548706,0.009894793387502432,8.34674465295393e-05,0.9705231048248626,1.5655305869464944,1.6087502176447432,1.0677688891598471,0.5500431903964841,0.7268710235265107,0.9646361142001738,1.1506322642361348,0.31027477979660034,0.2580000162124634,0.06599999964237213
100,201,99,hyperbolic_paraboloid,no_penalty,6042,0.0,0.00013264193574884044,2.3027381896972656,3.8531835079193115,0.05115933623164892,0.000401759931264678,0.7911557100943006,1.1941715751107282,1.246969559613396,0.730559641897201,0.35255659079676793,0.48716791667250153,0.6908696836911601,0.5598365243652532,0.11443400382995605,0.2720000147819519,0.06000000238418579
100,201,99,hyperbolic_paraboloid,T+F,6042,0.0,0.0007033723207255501,0.09211606532335281,0.28241488337516785,0.008290009573101997,4.4692769733956084e-05,0.7715101872246696,1.2420137660709891,1.2645124547621782,0.7178349939079017,0.5390591157562006,0.6112444204614661,0.6422824989270379,0.6693017549211822,0.2444358617067337,0.2720000147819519,0.06000000238418579
100,201,99,hyperbolic_paraboloid,no_penalty,7042,0.0,0.00010906387843302826,1.8042253255844116,2.2895548343658447,0.10426045209169388,0.0005716075029340573,0.8346737765005506,1.3326597108945741,1.4907970428466797,0.6088672408110738,0.32994799848702755,0.475886853598729,0.5306449126635043,0.5467470103857374,0.08860791474580765,0.2880000174045563,0.058000002056360245
100,201,99,hyperbolic_paraboloid,T+F,7042,0.0,0.00091433473190858,0.08233129978179932,0.32076752185821533,0.01049990695901215,5.094771222502459e-05,0.9966839357619769,1.609664078597184,1.9577628241644964,1.098794319997066,0.5836156148587885,0.8117375378914088,1.0092518482475978,1.2033020876617615,0.2516271471977234,0.2880000174045563,0.058000002056360245
100,201,99,hyperbolic_paraboloid,no_penalty,8042,0.0,0.00012047205175926436,1.8375623226165771,2.7322468757629395,0.08236373960971832,0.0003452157288847957,0.765193121773856,1.1098767039192168,1.1005454734519675,0.8448749598906709,0.30985259048662345,0.35332677953708497,0.5285220228260472,0.9019948259389428,0.18947985768318176,0.27000001072883606,0.058000002056360245
100,201,99,hyperbolic_paraboloid,T+F,8042,0.0,7.14476994095157e-05,0.11081468313932419,0.17677834630012512,0.009140473557636142,0.00011433984946052078,0.886467524937221,1.3574074392991442,1.6350561071325231,0.8691170980798968,0.4621962235638746,0.5369456677497376,0.7443591181969726,1.4671065244805632,0.19415490329265594,0.27000001072883606,0.058000002056360245
100,201,99,hyperbolic_paraboloid,no_penalty,9042,0.0,0.00019308915408096502,2.0239486694335938,4.725525379180908,0.08815126493573189,0.0006853403829154558,0.8962427214903979,1.33188818359375,1.4571996377714982,0.6914288091863565,0.42036634729294814,0.49016203490679644,0.5812405172270596,0.7636416832162686,0.15662796795368195,0.28200000524520874,0.04400000348687172
100,201,99,hyperbolic_paraboloid,T+F,9042,0.0,0.0011922609598482427,0.11129270493984222,0.3370803892612457,0.008603026275523007,4.259368415659992e-05,0.7098346995887252,1.0338870849609374,1.2703331480634974,0.970452346088226,0.5861033795202715,0.577478606454417,0.6704486448702013,1.0753132261981433,0.292093425989151,0.28200000524520874,0.04400000348687172
200,11,4,paraboloid,no_penalty,42,0.0,0.0002068148036910729,0.2159552276134491,0.1802324801683426,1.703591866152627,0.015496322219925267,0.8168180673849875,1.3789950492686796,1.3320521763392856,0.415964716272382,0.3580201387127583,0.4663848514455656,0.6931962403063322,0.4577859400585739,0.17248012125492096,0.2800000011920929,0.04200000315904617
200,11,4,paraboloid,T+F,42,0.0,9.292610973881727e-06,0.010187256149947643,0.007947154343128204,0.09221074517284121,0.0019863762593429002,0.9212725327115813,1.638013681971041,1.9519485473632812,1.4523964340209707,0.5301717213463215,0.831562094917736,1.1364243291951457,1.0384472050587823,0.3768661618232727,0.2800000011920929,0.04200000315904617
200,11,4,paraboloid,no_penalty,1042,0.0,0.0014887911013581536,0.3232443630695343,0.5859716534614563,1.8371927312442236,0.037691357146416395,0.824303913753654,1.3253879476213988,1.3887221573183202,0.8165221455579558,0.41651670484480774,0.50242235239213,0.5144498026860576,0.7501861971791957,0.1797700822353363,0.2980000078678131,0.06200000271201134
200,11,4,paraboloid,T+F,1042,0.0,1.6525266057049688e-05,0.01104546245187521,0.009131394326686859,0.08924699148961476,0.002898897443498884,0.9451489692806933,1.679354983191508,1.8865241748374582,1.2967321188075873,0.5573647009182215,0.7837343388381385,0.988644616426994,1.357637342171271,0.3171374499797821,0.2980000078678131,0.06200000271201134
200,11,4,paraboloid,no_penalty,2042,0.0,0.00010836653580719775,0.2216869294643402,0.22140052914619446,1.396151874746595,0.022157774306833744,1.2987954658374452,2.049959455217634,1.8253713048490368,0.8766965529247078,0.7327290122780611,1.0122459619470499,1.3877401905369717,1.1591808540833282,0.2297377586364746,0.26600000262260437,0.04800000041723251
200,11,4,paraboloid,T+F,2042,0.0,4.424754826521332e-05,0.008696643635630608,0.005973415449261665,0.10071094653436116,0.0025204114000579076,1.3935988576788652,2.510065230112227,2.371138264362077,1.7258047158540213,0.9598617671752203,1.4089817740170336,2.1172265548584615,2.2250345028745224,0.3689607083797455,0.26600000262260437,0.04800000041723251
200,11,4,paraboloid,no_penalty,3042,0.0,0.00010158093011176044,0.10802198946475983,0.07934420555830002,1.039401464164257,0.024032410766397203,0.8486590670904933,1.2915000346169543,1.51842700733858,0.8023820100709167,0.41094990938017684,0.49676842138620747,0.884159187991527,1.3621206280369558,0.15947484970092773,0.2720000147819519,0.05000000074505806
200,11,4,paraboloid,T+F,3042,0.0,0.0024574595418843355,0.018238738179206848,0.24947328865528107,0.11130010815603393,0.027235716581344604,0.9362500649598116,1.5061745714785448,1.7388259663301355,1.162142407960889,0.6157358232638217,0.693054106101674,1.026787250392802,1.6224984398527242,0.3003370463848114,0.2720000147819519,0.05000000074505806
200,11,4,paraboloid,no_penalty,4042,0.0,0.0005692718127234416,0.29419055581092834,0.29972684383392334,1.5513528798307692,0.03758453657584531,0.9881530894116052,1.4927768129290957,1.3908109191461657,0.616334032767496,0.36429846365616586,0.5984692808227475,0.6298019206481922,0.779595668177952,0.1906195878982544,0.28200000524520874,0.06000000238418579
200,11,4,paraboloid,T+F,4042,0.0,2.6461194713853978e-05,0.0060346052050590515,0.007468752097338438,0.08248644854341235,0.002323544168445681,1.039267186228986,1.6694429570978337,1.7987295380720856,1.1700640396357587,0.5451403086172926,0.8777636066275624,0.9913215645480693,1.1866291584068074,0.4010825455188751,0.28200000524520874,0.06000000238418579
200,11,4,paraboloid,no_penalty,5042,0.0,6.680400639941746e-05,0.23141345381736755,0.11049212515354156,1.6282888310296195,0.01667917107364961,1.274194067651099,1.8527024610456067,1.6886428714722626,0.8453326839345132,0.6718297027172483,0.842814395754523,0.8743893929022966,0.92123285900554,0.2466980367898941,0.2580000162124634,0.06599999964237213
200,11,4,paraboloid,T+F,5042,0.0,0.00013869553169404918,0.011880292557179928,0.010418763384222984,0.10362215765884944,0.0167327615033303,0.9495757050566621,1.5691308728883187,1.3832494454790456,0.7731482021728199,0.7225069823559008,0.9645735158734224,1.2721333260356908,1.0119077792218603,0.2999742329120636,0.2580000162124634,0.06599999964237213
200,11,4,paraboloid,no_penalty,6042,0.0,0.00020881028930571946,0.23344925045967102,0.18366053700447083,1.5690647533961706,0.030812985662903105,0.6657708121816492,1.108944870355561,1.0699258692124312,0.5642136171056414,0.3186194648434769,0.3922048575990715,0.44407825809970597,0.5753280270657039,0.13032719492912292,0.2720000147819519,0.06000000238418579
200,11,4,paraboloid,T+F,6042,0.0,0.00014062391975047913,0.011200452223420143,0.03198010474443436,0.09708836142505918,0.013483108287411076,0.652314106273231,1.1881236879844366,1.1949286741368912,0.6970681473244408,0.41410837359886454,0.5163590132374372,0.7022144036086163,0.6748429180380671,0.29559049010276794,0.2720000147819519,0.06000000238418579
200,11,4,paraboloid,no_penalty,7042,0.0,0.00019238269041207704,0.1619078516960144,0.1336364448070526,1.3204663481031145,0.03226368834397623,0.8798929626195966,1.3400662041409113,1.4383806652492948,0.6472192143323509,0.4850423733688724,0.541255907066886,0.4765017208653769,0.7295001271267522,0.17321325838565826,0.2880000174045563,0.058000002056360245
200,11,4,paraboloid,T+F,7042,0.0,4.1313448243520476e-05,0.00756208598613739,0.00706571526825428,0.10031525471380778,0.0018997284683531948,0.9272936850392346,1.6138985322945283,1.8048523796929254,1.073358511914486,0.6798398343784219,0.9299073938898788,1.0276125738721558,0.9788336564233882,0.3473329246044159,0.2880000174045563,0.058000002056360245
200,11,4,paraboloid,no_penalty,8042,0.0,0.000191038241609931,0.21868367493152618,0.19307991862297058,0.8852571632180896,0.012784663122147322,0.9958211353846959,1.416715376604642,1.5129894115306712,0.5268794603227278,0.453650303677999,0.5295515163442182,0.7241232529955172,0.9341754446830082,0.13622696697711945,0.27000001072883606,0.058000002056360245
200,11,4,paraboloid,T+F,8042,0.0,0.0002082556655461138,0.010949956253170967,0.02975941076874733,0.0848862672490733,0.002248918271756598,0.45735652106148855,0.9143586851254538,1.1862349898726852,0.7870408683155862,0.41355404215032343,0.42938959747711963,0.7582317446376359,1.4652991838701768,0.30337437987327576,0.27000001072883606,0.058000002056360245
200,11,4,paraboloid,no_penalty,9042,0.0,0.0003242973153564063,0.29514768719673157,0.2327197641134262,0.9386522769927979,0.02185903023928404,0.409572046758845,0.648305419921875,0.7183000280501994,0.4191662548025458,0.29351500747066256,0.21584769945512208,0.3168437916105467,0.4718452621083038,0.17477978765964508,0.28200000524520874,0.04400000348687172
200,11,4,paraboloid,T+F,9042,0.0,0.0020829317244616423,0.03570862114429474,0.2583862841129303,0.1463461465069226,0.00830391182431153,0.5361635989554653,1.0839776611328125,1.3987892096769725,0.9210632777568818,0.38879127338977315,0.3718820917196473,0.5967199833276093,0.7055505280989509,0.3127366006374359,0.28200000524520874,0.04400000348687172
200,11,4,hyperbolic_paraboloid,no_penalty,42,0.0,0.00023449417626993224,0.21898160874843597,0.16002488136291504,0.793127988065992,0.023661212995648384,0.7833296811925807,1.3337927796786888,1.3146030970982143,0.4109644549976519,0.3022435935499093,0.44702829138006,0.4705659789166653,0.410377231849066,0.13134810328483582,0.2800000011920929,0.04200000315904617
200,11,4,hyperbolic_paraboloid,T+F,42,0.0,1.4859823171388019e-05,0.008659553714096546,0.007801122032105923,0.11903928433145795,0.013656582949416978,0.6310876111410774,1.2818495671551926,1.3909024919782367,0.7148042743869851,0.2759784357555999,0.42183659313671934,0.6772620814976977,1.1965068758979385,0.24358603358268738,0.2800000011920929,0.04200000315904617
200,11,4,hyperbolic_paraboloid,no_penalty,1042,0.0,0.00025046301412988794,0.18332882225513458,0.2571259140968323,1.068912182535444,0.029069974752409116,0.346972663046788,0.6146531796366752,0.6755451484014524,0.4544732332931865,0.16663412520967497,0.22990308444038685,0.27896630928164745,0.5120940965345556,0.11982952803373337,0.2980000078678131,0.06200000271201134
200,11,4,hyperbolic_paraboloid,T+F,1042,0.0,9.801821910183538e-05,0.030496329069137573,0.02607046440243721,0.19636750646999904,0.008132724989471691,0.3933329762754037,0.780644016194964,0.972277135656984,0.7952893632461406,0.22762403260950523,0.3461967089540264,0.5078029721502562,0.7918069264027565,0.23174463212490082,0.2980000078678131,0.06200000271201134
200,11,4,hyperbolic_paraboloid,no_penalty,2042,0.0,0.00019221327436918563,0.25953954458236694,0.24542388319969177,0.6431529138769422,0.04265826701053551,1.0529079771878427,1.5414956713479662,1.4408339880462875,0.697576374726143,0.4852311081025914,0.6840672911827497,0.8450107459264302,0.5527995018395028,0.14246228337287903,0.26600000262260437,0.04800000041723251
200,11,4,hyperbolic_paraboloid,T+F,2042,0.0,0.00014460762031376362,0.015928607434034348,0.027853872627019882,0.12724132410117558,0.005037337175703475,0.49883839122036044,1.0488661508711556,1.0807045384457237,0.8088800447843552,0.26907450883322553,0.40336320094760253,0.6523628398197376,1.0016373650496033,0.2717735767364502,0.26600000262260437,0.04800000041723251
200,11,4,hyperbolic_paraboloid,no_penalty,3042,0.0,0.0005262464877556671,0.23047062754631042,0.19322499632835388,0.5844439480985913,0.040678699633904865,0.9612576977376663,1.4390602681174207,1.5030432308421415,0.6350609909478758,0.4421228517794937,0.48092670407706556,0.6393661440582995,0.942074482024323,0.16391420364379883,0.2720000147819519,0.05000000074505806
200,11,4,hyperbolic_paraboloid,T+F,3042,0.0,0.00014404615979980338,0.005010816268622875,0.013981519266963005,0.12936514296701976,0.010374660404132945,1.0261300841879157,1.6851922789616371,2.01148582907284,1.1352647770958952,0.5846220763556745,0.6819594826034272,0.9130003311154374,1.1481739162102316,0.25531622767448425,0.2720000147819519,0.05000000074505806
200,11,4,hyperbolic_paraboloid,no_penalty,4042,0.0,0.0007783489471132106,0.24238257110118866,0.2607576549053192,0.661779876266207,0.026226539530658295,1.033471229536673,1.5265582691539417,1.4567799669630983,0.6007484999512096,0.37647424121028517,0.47092726850317396,0.6740182064844207,0.8344067471068664,0.22682200372219086,0.28200000524520874,0.06000000238418579
200,11,4,hyperbolic_paraboloid,T+F,4042,0.0,0.0006569038483906876,0.018185637891292572,0.09008212387561798,0.14842102783066885,0.015223802200385503,1.0845784416943465,1.6714469447280422,1.5768249728155475,0.7036019549544629,0.5096926105383968,0.6374471062168815,0.6620881743961308,1.2181686155817102,0.22976110875606537,0.28200000524520874,0.06000000238418579
200,11,4,hyperbolic_paraboloid,no_penalty,5042,0.0,0.0003932681019333276,0.166107177734375,0.2457118034362793,0.49101548322609495,0.020828421094587872,1.2770354889251374,1.7884523736594788,1.6526505817738615,0.6354985416458833,0.5154535068218554,0.6425587300013882,0.5993825351052781,0.8164809188557036,0.18513362109661102,0.2580000162124634,0.06599999964237213
200,11,4,hyperbolic_paraboloid,T+F,5042,0.0,1.6057972309433602e-05,0.010766198858618736,0.010777109302580357,0.11864564354930605,0.0019913149465407643,0.9087830260559753,1.6170722989578528,1.7549414819525193,1.0841305690421779,0.4360584478167403,0.7498220133925486,1.048962939733813,1.5501155986823,0.2826760411262512,0.2580000162124634,0.06599999964237213
200,11,4,hyperbolic_paraboloid,no_penalty,6042,0.0,9.206857066601515e-05,0.2810778021812439,0.20304468274116516,0.3778210324900491,0.02939957912479128,0.3975397521703779,0.6574326763002891,0.7765954522525563,0.5673254597585439,0.21246932429264828,0.2761495728339115,0.48699515437814433,0.653929710802878,0.17552301287651062,0.2720000147819519,0.06000000238418579
200,11,4,hyperbolic_paraboloid,T+F,6042,0.0,6.05455821972679e-05,0.009382635354995728,0.02259746566414833,0.1455620356968471,0.015281072618173701,0.6812518283659141,1.184329055425689,1.2544486101935892,0.6559515369190758,0.42747198942728565,0.4824827346500762,0.5022889621815593,0.459710837021854,0.2544524073600769,0.2720000147819519,0.06000000238418579
200,11,4,hyperbolic_paraboloid,no_penalty,7042,0.0,0.0002114756286821582,0.1556367576122284,0.14153489470481873,0.8332421779632568,0.0497685181243079,1.000221420489744,1.4594500754779076,1.4188937081231012,0.5832470368091665,0.387741957422062,0.46891750872406096,0.4016926220408746,0.5017497670448525,0.0706009790301323,0.2880000174045563,0.058000002056360245
200,11,4,hyperbolic_paraboloid,T+F,7042,0.0,0.0003966237841682001,0.008673978969454765,0.03957486152648926,0.101072011249406,0.019657811283000877,1.0678138228765144,1.727905497009501,1.8090046776665583,0.8586797165385598,0.5317593353406517,0.7437556204117828,0.8267228503737046,0.9256281543670747,0.18617574870586395,0.2880000174045563,0.058000002056360245
200,11,4,hyperbolic_paraboloid,no_penalty,8042,0.0,0.00010849895294417034,0.25276634097099304,0.15326298773288727,0.7170827090740204,0.02416454375322376,0.967057500566755,1.4484564436916494,1.5244198269314235,0.5207313208813035,0.3589729932570132,0.37888816170924283,0.5601487784942918,0.9539148024506607,0.12210887670516968,0.27000001072883606,0.058000002056360245
200,11,4,hyperbolic_paraboloid,T+F,8042,0.0,0.00012738246005028486,0.006912405136972666,0.017371781170368195,0.09398846754005977,0.006142879403861505,1.192685535975865,1.8359634589357494,2.039827247902199,1.2044583761829626,0.5980564333569954,0.7469908977509978,1.0519674436058033,1.3864398307108914,0.24332383275032043,0.27000001072883606,0.058000002056360245
200,11,4,hyperbolic_paraboloid,no_penalty,9042,0.0,0.0006521151147105477,0.18273869156837463,0.18959632515907288,0.6240446141787938,0.02285559701600245,0.41193641965084665,0.6519923095703125,0.7520452729353668,0.46603743369177103,0.24201873841243718,0.23643484291638825,0.3285034647036599,0.5483333661686456,0.12258680164813995,0.28200000524520874,0.04400000348687172
200,11,4,hyperbolic_paraboloid,T+F,9042,0.0,0.0016760927709666166,0.034088775515556335,0.17057311534881592,0.15589589306286403,0.013177198823541403,1.1482344976080672,1.8619508056640626,2.2672108318788786,1.3253210082672033,0.6044841692753894,0.7492257929386771,1.2845928395587785,1.4954161595640703,0.23794206976890564,0.28200000524520874,0.04400000348687172
200,201,99,paraboloid,no_penalty,42,0.0,7.020772912015962e-05,0.7575478553771973,0.8271815776824951,0.15694652178457805,0.0001165194740419143,0.8472864367648594,1.2906459722303807,1.410005841936384,0.7464188639892195,0.5121150581869848,0.6700155974715133,0.4775875897583832,0.6692540490203562,0.1703755259513855,0.2800000011920929,0.04200000315904617
200,201,99,paraboloid,T+F,42,0.0,0.000971760100393153,0.08726240694522858,0.400407999753952,0.005790373510015863,2.3226904106975e-05,1.1483254889337418,1.9529136715078712,2.055708748953683,1.4223404528228423,0.7164490678125426,0.9906347755928917,1.6086475983839406,1.432588637970177,0.3478127419948578,0.2800000011920929,0.04200000315904617
200,201,99,paraboloid,no_penalty,1042,0.0,2.073654580620391e-05,0.8512489795684814,0.803244411945343,0.2067508144038064,9.92096632087071e-05,1.251073892504176,1.8005858921207016,1.9433847721791107,0.9557426056198008,0.5375470792166543,0.7863539318211696,0.8343388019860246,0.8623730692261024,0.16970565915107727,0.2980000078678131,0.06200000271201134
200,201,99,paraboloid,T+F,1042,0.0,1.8890868334924405e-05,0.053939398378133774,0.06209696829319,0.0065483119604843,8.753552525117162e-06,1.3344582470594377,2.2557763308840615,2.4996350179582634,1.6333376119490381,0.757410499942452,1.1569436516569862,1.4271033189661113,1.7260589065634924,0.31906405091285706,0.2980000078678131,0.06200000271201134
200,201,99,paraboloid,no_penalty,2042,0.0,3.9049470565508846e-05,0.5564075112342834,0.7785219550132751,0.07278366972293172,0.00011162648401555739,0.4623118618078399,0.738501473078652,0.7712781518921816,0.5401636337417479,0.2589595353320343,0.3010097860895657,0.3974255479399216,0.5850014054316839,0.19728797674179077,0.26600000262260437,0.04800000041723251
200,201,99,paraboloid,T+F,2042,0.0,0.003443782898917127,0.08687740564346313,0.3659899830818176,0.005372471841318267,2.164276637423817e-05,1.3843006334806744,2.2536524212549605,2.294835829197016,1.9129938458645583,1.1076539442584803,1.2911304028351596,1.9601161900654234,2.234176793121447,0.4110066592693329,0.26600000262260437,0.04800000041723251
200,201,99,paraboloid,no_penalty,3042,0.0,3.5411207959871386e-05,0.5757113695144653,0.7329835891723633,0.11188829384211983,0.0001447869071853347,0.49931656864952884,0.7937141532328591,0.948820899514591,0.824257212460068,0.2504439434997914,0.29036718112619003,0.5800660896254803,1.284262588667996,0.1661430299282074,0.2720000147819519,0.05000000074505806
200,201,99,paraboloid,T+F,3042,0.0,2.7304128349865253e-05,0.02392345853149891,0.04957146197557449,0.005911356536671519,8.507200358768127e-06,0.4640693749133869,0.9216708282926189,1.3554523692411535,1.4119286982181045,0.3233454878732287,0.32788904372079136,0.9368279012342351,1.8419843016451503,0.36728423833847046,0.2720000147819519,0.05000000074505806
200,201,99,paraboloid,no_penalty,4042,0.0,2.6094449211412403e-05,0.5494992733001709,0.6335779428482056,0.08282896184495517,0.0001033277424409919,0.9848089983561551,1.3766433253432766,1.42456357698914,0.6607828622259286,0.47215842111343476,0.732733632643569,0.5539482498081049,0.8050659351514976,0.183969646692276,0.28200000524520874,0.06000000238418579
200,201,99,paraboloid,T+F,4042,0.0,0.008891211813362084,0.10233843326568604,0.6810126304626465,0.008330106469137328,3.433365756271607e-05,1.6966918150928687,2.0405923092004024,2.072328391650044,1.4959095597686103,1.3800753337868776,1.5033575128008076,1.3733997935710878,1.678445537270665,0.48978686332702637,0.28200000524520874,0.06000000238418579
200,201,99,paraboloid,no_penalty,5042,0.0,9.796694291764823e-05,0.8352606892585754,0.8000442981719971,0.06088591633098466,0.00014651828366498063,0.48009838062328297,0.7280658567083718,0.7861410924630572,0.65849378440091,0.29173712118479966,0.3650465697935882,0.4596673858530197,0.680189571080254,0.17277982831001282,0.2580000162124634,0.06599999964237213
200,201,99,paraboloid,T+F,5042,0.0,0.00040218638098655054,0.050019390881061554,0.12368032336235046,0.007211458536663226,1.1318179011660895e-05,1.13693606198489,1.8427709600582334,1.8053587684335635,1.31774883983521,0.7566000559238727,1.0063077521912691,1.1144204316322393,1.309019930146325,0.3766823410987854,0.2580000162124634,0.06599999964237213
200,201,99,paraboloid,no_penalty,6042,0.0,3.8314249310920486e-05,0.759965181350708,1.2972835302352905,0.1340710393020085,0.00017128909322699265,0.6631625675419879,1.0131009319635826,0.9602413177490234,0.6715190785540756,0.4112435032445627,0.40687040211665687,0.40336501494947075,0.5239413175859797,0.14323753118515015,0.2720000147819519,0.06000000238418579
200,201,99,paraboloid,T+F,6042,0.0,0.00024001730318686264,0.05711051821708679,0.20397818088531494,0.006387070353542056,0.00010917424671268756,0.9759708354126514,1.7459494523176058,1.621836493997013,0.9647919322283095,0.5331206980398029,0.5871229736164431,0.8394347922336803,0.6757127422086917,0.23270893096923828,0.2720000147819519,0.06000000238418579
200,201,99,paraboloid,no_penalty,7042,0.0,0.00014782454169804776,0.5605356097221375,0.9126529693603516,0.12152693527085441,0.00024566884842767777,1.032468014351597,1.5190606309380723,1.6404607560899522,0.793271682609683,0.4336152090443189,0.50027009589115,0.4429454868895859,0.6355188198505554,0.10494866967201233,0.2880000174045563,0.058000002056360245
200,201,99,paraboloid,T+F,7042,0.0,1.037397783305218e-05,0.024427682161331177,0.03821423649787903,0.00492235878482461,5.925719415245112e-05,1.092330462081842,1.8749660170558609,2.249921586778429,1.3967054208423726,0.7538659161346385,1.0981430512487016,1.1924112625809,1.5175247003527605,0.29688966274261475,0.2880000174045563,0.058000002056360245
200,201,99,paraboloid,no_penalty,8042,0.0,0.0001325230508004848,1.201033592224121,2.2201037406921387,0.10767763640199389,0.0001754049948691058,1.3118416922433036,1.8364376843717582,1.8895845766420718,0.5116447846092606,0.5491594456733504,0.6400561302585965,0.8161674144946246,0.8704388883476689,0.1048981100320816,0.27000001072883606,0.058000002056360245
200,201,99,paraboloid,T+F,8042,0.0,5.867351333040799e-06,0.08196742832660675,0.06551870703697205,0.005371820314654282,9.460376207113899e-06,0.9153152193341937,1.6733345253338952,2.1646629050925927,1.3385417362646868,0.5455993360205403,0.8796389983246546,1.3988064114169787,2.2142925860758886,0.30164915323257446,0.27000001072883606,0.058000002056360245
200,201,99,paraboloid,no_penalty,9042,0.0,5.2947805851549654e-05,0.698127031326294,0.6729835271835327,0.07577218860387802,0.00011492730222276546,0.9632246378759981,1.4172833251953125,1.5551394198803192,1.0051635436711095,0.5057549841803364,0.670862654043419,0.7026698445675376,0.9316981046875903,0.14754337072372437,0.28200000524520874,0.04400000348687172
200,201,99,paraboloid,T+F,9042,0.0,0.0012753387885307199,0.08021265268325806,0.18220025300979614,0.011236387571053845,2.063716861552426e-05,1.16058349609375,1.8037034912109375,2.369725004155585,1.9667253789762629,0.883523246936866,1.039468747054093,1.5330714222156538,1.7306964050508906,0.3629409670829773,0.28200000524520874,0.04400000348687172
200,201,99,hyperbolic_paraboloid,no_penalty,42,0.0,3.996976553948958e-05,0.8150312304496765,0.8587490320205688,0.08797895163297653,0.0001208122422602693,0.8333789850927408,1.4196958613574953,1.3457841055733817,0.4681941760644383,0.32695087651788673,0.4887536281268034,0.5484184373193645,0.4782039713651934,0.09151333570480347,0.2800000011920929,0.04200000315904617
200,201,99,hyperbolic_paraboloid,T+F,42,0.0,0.0003542552762363681,0.035665664821863174,0.09504087269306183,0.009258742444217205,9.99908258693592e-06,0.9837110897480512,1.6829005650111608,1.9095576695033483,1.0017789017324485,0.5465158283388264,0.8530464299813744,0.9133154626180852,1.4880743618363648,0.28560423851013184,0.2800000011920929,0.04200000315904617
200,201,99,hyperbolic_paraboloid,no_penalty,1042,0.0,1.9734732306270458e-05,0.956007182598114,0.6133240461349487,0.06396413754139628,0.00014447779644147625,1.2277780375661191,1.6953689972264172,1.7610039422976091,0.4859320137166827,0.39229389591765207,0.5065692374444262,0.46534515446658953,0.5124167327407463,0.06158444285392761,0.2980000078678131,0.06200000271201134
200,201,99,hyperbolic_paraboloid,T+F,1042,0.0,3.1783453429775748e-06,0.02900124527513981,0.03384827822446823,0.008856787346303463,9.288122198215984e-06,0.9506292874138711,1.6074649853334109,1.916494894347735,0.9091003544833444,0.5119516045446951,0.5872768079997556,0.6005756939979193,1.3117572173916865,0.24489142000675201,0.2980000078678131,0.06200000271201134
200,201,99,hyperbolic_paraboloid,no_penalty,2042,0.0,3.75074366876735e-05,0.728172242641449,1.287406086921692,0.04120218168411936,0.00012971258859449466,0.9073478297183388,1.5047847202845983,1.5164345189144737,0.6779486016389674,0.4024812396518108,0.5680733345366956,0.7794110511547844,0.5512876234529299,0.2042737901210785,0.26600000262260437,0.04800000041723251
200,201,99,hyperbolic_paraboloid,T+F,2042,0.0,0.00011544908160593972,0.027206821367144585,0.07535625249147415,0.008077978555645262,1.920076777293746e-05,0.6333996956808525,1.1899020482623388,1.432191777050047,0.9083927015587709,0.3964325213825028,0.6128168599944785,0.9890869946222248,1.0201530801290783,0.28631606698036194,0.26600000262260437,0.04800000041723251
200,201,99,hyperbolic_paraboloid,no_penalty,3042,0.0,1.7598156692154372e-05,0.5074672698974609,0.37635332345962524,0.05530937761068344,0.0002199573937105015,0.42656685772069014,0.662300679221082,0.7186263028313132,0.5463896677478763,0.21776878106247208,0.2460366820182457,0.37707540050073246,0.6066348280080094,0.11226063221693039,0.2720000147819519,0.05000000074505806
200,201,99,hyperbolic_paraboloid,T+F,3042,0.0,9.307692253693419e-06,0.018689986318349838,0.024850964546203613,0.006504637987485954,8.526357370491106e-06,0.43745865578662,0.8357832040359725,1.0924006069407743,0.9482841591025366,0.2953449236972469,0.31174878211909474,0.6534243073948006,1.1490111017545745,0.29036277532577515,0.2720000147819519,0.05000000074505806
200,201,99,hyperbolic_paraboloid,no_penalty,4042,0.0,2.9457911422744913e-05,0.7385931611061096,0.5916773676872253,0.07039539462753705,7.771454095615939e-05,0.9313148614382796,1.3149624448834043,1.3052852982324912,0.8526623347558955,0.3722124844076958,0.5357813588631853,0.5639616637581041,1.1888216134758496,0.18756800889968872,0.28200000524520874,0.06000000238418579
200,201,99,hyperbolic_paraboloid,T+F,4042,0.0,1.2106486869540381e-05,0.035690512508153915,0.033630356192588806,0.007524711412510702,5.467460644987503e-06,0.9938066528055518,1.5968360900878906,1.6944080109291888,0.9739601930091342,0.5276393288955613,0.8240922101047846,0.7624618070540801,1.0514881540424181,0.29047420620918274,0.28200000524520874,0.06000000238418579
200,201,99,hyperbolic_paraboloid,no_penalty,5042,0.0,5.718911372458757e-05,0.6161971688270569,0.4921152591705322,0.08839386116181101,0.00015761241333426109,0.91278076171875,1.3286867036150831,1.288694278214329,0.8166565025338596,0.482714075066585,0.7868833414523909,0.5334950709762585,0.5411482588821316,0.14336024224758148,0.2580000162124634,0.06599999964237213
200,201,99,hyperbolic_paraboloid,T+F,5042,0.0,0.006737130791393679,0.04458703100681305,0.24763613939285278,0.010872145715568746,3.643741469464398e-05,1.496471899682349,2.0191085083458256,2.105831648952277,1.6521860658056977,1.302246218695827,1.4281939914648907,1.550685510242149,1.719855603957695,0.47974011301994324,0.2580000162124634,0.06599999964237213
200,201,99,hyperbolic_paraboloid,no_penalty,6042,0.0,1.99208879352209e-05,0.6598280668258667,0.4224919080734253,0.06367908471396991,0.00010991242119676567,0.8934103003682544,1.4498439999077264,1.5659838283763212,0.5815537267486742,0.3830908153540456,0.4735998518847207,0.5883399408035006,0.7330675701987585,0.134907528758049,0.2720000147819519,0.06000000238418579
200,201,99,hyperbolic_paraboloid,T+F,6042,0.0,6.370245252008462e-06,0.03543649986386299,0.032797232270240784,0.006943697708525828,5.559801554357234e-05,0.649359144303242,1.268448356568344,1.522259095135857,1.0693458546422745,0.3268885337033455,0.5095067186069552,0.8307635052640147,1.1461362597264366,0.2484579235315323,0.2720000147819519,0.06000000238418579
200,201,99,hyperbolic_paraboloid,no_penalty,7042,0.0,5.237105770490656e-05,0.6563923954963684,0.4455244541168213,0.06651210465601512,0.0001407818604742975,0.8383639835576129,1.3376661587110805,1.5311908721923828,0.6762869785596732,0.35944126612013483,0.5523288071358207,0.5515098500844877,0.6664057555402898,0.10123096406459808,0.2880000174045563,0.058000002056360245
200,201,99,hyperbolic_paraboloid,T+F,7042,0.0,0.0001294617795973868,0.022413935512304306,0.069416344165802,0.012217399930315358,1.0312595739898306e-05,0.9017980634378442,1.5754112830528846,1.922740512424045,1.074999420017387,0.48136347824654285,0.78450253638506,1.018452607800854,1.2058192526980467,0.22950543463230133,0.2880000174045563,0.058000002056360245
200,201,99,hyperbolic_paraboloid,no_penalty,8042,0.0,0.00020575451094712784,1.1684160232543945,1.8288390636444092,0.033727110496589115,0.00016626795799571222,0.8938347271510533,1.3439499471197485,1.5769768608940973,0.5247818220170142,0.36206061052229077,0.4991775543456273,0.6089704489993808,0.838715735047822,0.09678998589515686,0.27000001072883606,0.058000002056360245
200,201,99,hyperbolic_paraboloid,T+F,8042,0.0,7.151361480725939e-05,0.059900976717472076,0.14873424172401428,0.009720203134098224,9.142673271916074e-06,0.932018348148891,1.626163720095306,2.1037025734230324,1.1760264405161311,0.5404443574177913,0.8316368032164263,1.2480188726644874,1.8874188489558408,0.23983904719352722,0.27000001072883606,0.058000002056360245
200,201,99,hyperbolic_paraboloid,no_penalty,9042,0.0,3.3749524615149e-05,0.6822615265846252,0.8299813270568848,0.088356580053057,8.749907699114244e-05,0.9155536265100152,1.3370523681640625,1.4242960611979167,0.5330546929645172,0.44068631563959376,0.561361171606187,0.5673098202137477,0.7058436000132307,0.08464816957712173,0.28200000524520874,0.04400000348687172
200,201,99,hyperbolic_paraboloid,T+F,9042,0.0,0.00013974485965213964,0.04316619783639908,0.07573416084051132,0.010482939625424998,3.0081621194507795e-05,1.2201737055169328,1.8879794921875,2.2782023544852614,1.2733406295948362,0.6838231213398364,0.7881512496235629,1.2360691119345038,1.539926491500755,0.22984124720096588,0.28200000524520874,0.04400000348687172
