=== N×D sweep: NO smoothness (lambda_S=0) ===
Host: dgx04
GPU: NVIDIA A100-SXM4-80GB
Start: Fri Mar 13 08:48:59 AM EDT 2026

Device: cuda
Seeds (10): [42, 1042, 2042, 3042, 4042, 5042, 6042, 7042, 8042, 9042]
Surfaces: ['paraboloid', 'hyperbolic_paraboloid']
Conditions: ['baseline', 'K', 'K+S']
D configs: [(4, 11), (99, 201)]
N values: [20, 50, 100, 200]
K weight: 0.1 * sqrt(D/11)
Smooth: lambda=0.0, aug_sigma=0.1
Hidden dims: D-dependent (<=11:[64,64], <=51:[128,128], else:[256,256])
AE epochs: 500 (Phase 1: 250, Phase 2: 250)
SDE epochs: 300
Expected rows: 480


============================================================
  N=20 | D=11 (K=4) | paraboloid | seed=42
============================================================
    Phase1 Epoch 50/250: loss=0.761171
    Phase1 Epoch 100/250: loss=0.510732
    Phase1 Epoch 150/250: loss=0.413432
    Phase1 Epoch 200/250: loss=0.229527
    Phase1 Epoch 250/250: loss=0.108248
      Phase 2 AE: K_weight=0.0000
        Phase2 Epoch 50/250: loss=0.051671
        Phase2 Epoch 100/250: loss=0.046849
        Phase2 Epoch 150/250: loss=0.031301
        Phase2 Epoch 200/250: loss=0.027844
        Phase2 Epoch 250/250: loss=0.018493
        E_mu=0.8652  E_Sigma=1.1968
      → baseline
  Precomputing encoder-pullback target...
  Stage 2 epoch 60/300: loss=0.123174
  Stage 2 epoch 120/300: loss=0.118449
  Stage 2 epoch 180/300: loss=0.112907
  Stage 2 epoch 240/300: loss=0.100014
  Stage 2 epoch 300/300: loss=0.074473
  Stage 3 epoch 60/300: loss=0.050738
  Stage 3 epoch 120/300: loss=0.043503
  Stage 3 epoch 180/300: loss=0.031607
  Stage 3 epoch 240/300: loss=0.020428
  Stage 3 epoch 300/300: loss=0.016858
  rcMTE@0.1: 0.1970 (292/500 in region)
  rcMTE@0.5: 0.3953 (97/500 in region)
  rcMTE@1.0: 0.5724 (21/500 in region)
  MTE@0.1: 0.4735
  MTE@0.5: 0.7783
  MTE@1.0: 0.9278
  W2@1.0:  0.7079
  sW2@0.1: 0.2759 (292/500 in region)
  sW2@0.2: 0.2952 (214/500 in region)
  sW2@0.5: 0.5699 (97/500 in region)
  sW2@1.0: 0.7377 (21/500 in region)
  MMD@1.0: 0.2835
  Survival@1.0: 28.0%
  Stopped@1.0:  4.2%
      Phase 2 AE: K_weight=0.1000
        Phase2 Epoch 50/250: loss=0.066375
        Phase2 Epoch 100/250: loss=0.042177
        Phase2 Epoch 150/250: loss=0.038799
        Phase2 Epoch 200/250: loss=0.025644
        Phase2 Epoch 250/250: loss=0.020448
        E_mu=0.5032  E_Sigma=0.5741
      → K
  Precomputing encoder-pullback target...
  Stage 2 epoch 60/300: loss=0.113068
  Stage 2 epoch 120/300: loss=0.108078
  Stage 2 epoch 180/300: loss=0.102247
  Stage 2 epoch 240/300: loss=0.090398
  Stage 2 epoch 300/300: loss=0.067036
  Stage 3 epoch 60/300: loss=0.044266
  Stage 3 epoch 120/300: loss=0.037684
  Stage 3 epoch 180/300: loss=0.027133
  Stage 3 epoch 240/300: loss=0.015987
  Stage 3 epoch 300/300: loss=0.012596
  rcMTE@0.1: 0.1999 (292/500 in region)
  rcMTE@0.5: 0.3626 (97/500 in region)
  rcMTE@1.0: 0.5225 (21/500 in region)
  MTE@0.1: 0.4572
  MTE@0.5: 0.7450
  MTE@1.0: 0.8769
  W2@1.0:  0.6661
  sW2@0.1: 0.2754 (292/500 in region)
  sW2@0.2: 0.2798 (214/500 in region)
  sW2@0.5: 0.5543 (97/500 in region)
  sW2@1.0: 0.6689 (21/500 in region)
  MMD@1.0: 0.2844
  Survival@1.0: 28.0%
  Stopped@1.0:  4.2%
      → K+S
  Precomputing encoder-pullback target...
  Stage 2 epoch 60/300: loss=0.113068
  Stage 2 epoch 120/300: loss=0.108078
  Stage 2 epoch 180/300: loss=0.102247
  Stage 2 epoch 240/300: loss=0.090398
  Stage 2 epoch 300/300: loss=0.067036
  Stage 3 epoch 60/300: loss=0.044266
  Stage 3 epoch 120/300: loss=0.037684
  Stage 3 epoch 180/300: loss=0.027133
  Stage 3 epoch 240/300: loss=0.015987
  Stage 3 epoch 300/300: loss=0.012596
  rcMTE@0.1: 0.1999 (292/500 in region)
  rcMTE@0.5: 0.3626 (97/500 in region)
  rcMTE@1.0: 0.5225 (21/500 in region)
  MTE@0.1: 0.4572
  MTE@0.5: 0.7450
  MTE@1.0: 0.8769
  W2@1.0:  0.6661
  sW2@0.1: 0.2754 (292/500 in region)
  sW2@0.2: 0.2798 (214/500 in region)
  sW2@0.5: 0.5543 (97/500 in region)
  sW2@1.0: 0.6689 (21/500 in region)
  MMD@1.0: 0.2844
  Survival@1.0: 28.0%
  Stopped@1.0:  4.2%
      baseline: W2=0.7079  E_mu=0.8652  E_Sig=1.1968
             K: W2=0.6661  E_mu=0.5032  E_Sig=0.5741
           K+S: W2=0.6661  E_mu=0.5032  E_Sig=0.5741

============================================================
  N=20 | D=11 (K=4) | paraboloid | seed=1042
============================================================
    Phase1 Epoch 50/250: loss=0.680624
    Phase1 Epoch 100/250: loss=0.387297
    Phase1 Epoch 150/250: loss=0.137170
    Phase1 Epoch 200/250: loss=0.048833
    Phase1 Epoch 250/250: loss=0.059329
      Phase 2 AE: K_weight=0.0000
        Phase2 Epoch 50/250: loss=0.028473
        Phase2 Epoch 100/250: loss=0.019833
        Phase2 Epoch 150/250: loss=0.014780
        Phase2 Epoch 200/250: loss=0.014915
        Phase2 Epoch 250/250: loss=0.009689
        E_mu=0.3938  E_Sigma=0.4743
      → baseline
  Precomputing encoder-pullback target...
  Stage 2 epoch 60/300: loss=0.062934
  Stage 2 epoch 120/300: loss=0.059354
  Stage 2 epoch 180/300: loss=0.051552
  Stage 2 epoch 240/300: loss=0.042205
  Stage 2 epoch 300/300: loss=0.035559
  Stage 3 epoch 60/300: loss=0.032661
  Stage 3 epoch 120/300: loss=0.029145
  Stage 3 epoch 180/300: loss=0.025788
  Stage 3 epoch 240/300: loss=0.020227
  Stage 3 epoch 300/300: loss=0.012910
  rcMTE@0.1: 0.5512 (285/500 in region)
  rcMTE@0.5: 0.9063 (98/500 in region)
  rcMTE@1.0: 0.9992 (31/500 in region)
  MTE@0.1: 0.9299
  MTE@0.5: 1.5842
  MTE@1.0: 1.6739
  W2@1.0:  0.7595
  sW2@0.1: 0.4599 (285/500 in region)
  sW2@0.2: 0.6863 (204/500 in region)
  sW2@0.5: 0.8998 (98/500 in region)
  sW2@1.0: 0.9471 (31/500 in region)
  MMD@1.0: 0.2070
  Survival@1.0: 29.8%
  Stopped@1.0:  6.2%
      Phase 2 AE: K_weight=0.1000
        Phase2 Epoch 50/250: loss=0.044897
        Phase2 Epoch 100/250: loss=0.031117
        Phase2 Epoch 150/250: loss=0.021783
        Phase2 Epoch 200/250: loss=0.009475
        Phase2 Epoch 250/250: loss=0.006091
        E_mu=0.2116  E_Sigma=0.3074
      → K
  Precomputing encoder-pullback target...
  Stage 2 epoch 60/300: loss=0.069003
  Stage 2 epoch 120/300: loss=0.065712
  Stage 2 epoch 180/300: loss=0.057394
  Stage 2 epoch 240/300: loss=0.042880
  Stage 2 epoch 300/300: loss=0.031695
  Stage 3 epoch 60/300: loss=0.026681
  Stage 3 epoch 120/300: loss=0.023463
  Stage 3 epoch 180/300: loss=0.020819
  Stage 3 epoch 240/300: loss=0.017092
  Stage 3 epoch 300/300: loss=0.011411
  rcMTE@0.1: 0.5557 (285/500 in region)
  rcMTE@0.5: 0.9326 (98/500 in region)
  rcMTE@1.0: 1.0586 (31/500 in region)
  MTE@0.1: 0.9386
  MTE@0.5: 1.6486
  MTE@1.0: 1.7849
  W2@1.0:  0.9703
  sW2@0.1: 0.4948 (285/500 in region)
  sW2@0.2: 0.7486 (204/500 in region)
  sW2@0.5: 1.0290 (98/500 in region)
  sW2@1.0: 1.1753 (31/500 in region)
  MMD@1.0: 0.2572
  Survival@1.0: 29.8%
  Stopped@1.0:  6.2%
      → K+S
  Precomputing encoder-pullback target...
  Stage 2 epoch 60/300: loss=0.069003
  Stage 2 epoch 120/300: loss=0.065712
  Stage 2 epoch 180/300: loss=0.057394
  Stage 2 epoch 240/300: loss=0.042880
  Stage 2 epoch 300/300: loss=0.031695
  Stage 3 epoch 60/300: loss=0.026681
  Stage 3 epoch 120/300: loss=0.023463
  Stage 3 epoch 180/300: loss=0.020819
  Stage 3 epoch 240/300: loss=0.017092
  Stage 3 epoch 300/300: loss=0.011411
  rcMTE@0.1: 0.5557 (285/500 in region)
  rcMTE@0.5: 0.9326 (98/500 in region)
  rcMTE@1.0: 1.0586 (31/500 in region)
  MTE@0.1: 0.9386
  MTE@0.5: 1.6486
  MTE@1.0: 1.7849
  W2@1.0:  0.9703
  sW2@0.1: 0.4948 (285/500 in region)
  sW2@0.2: 0.7486 (204/500 in region)
  sW2@0.5: 1.0290 (98/500 in region)
  sW2@1.0: 1.1753 (31/500 in region)
  MMD@1.0: 0.2572
  Survival@1.0: 29.8%
  Stopped@1.0:  6.2%
      baseline: W2=0.7595  E_mu=0.3938  E_Sig=0.4743
             K: W2=0.9703  E_mu=0.2116  E_Sig=0.3074
           K+S: W2=0.9703  E_mu=0.2116  E_Sig=0.3074

============================================================
  N=20 | D=11 (K=4) | paraboloid | seed=2042
============================================================
    Phase1 Epoch 50/250: loss=0.840466
    Phase1 Epoch 100/250: loss=0.519204
    Phase1 Epoch 150/250: loss=0.119002
    Phase1 Epoch 200/250: loss=0.040962
    Phase1 Epoch 250/250: loss=0.026077
      Phase 2 AE: K_weight=0.0000
        Phase2 Epoch 50/250: loss=0.019886
        Phase2 Epoch 100/250: loss=0.011542
        Phase2 Epoch 150/250: loss=0.012241
        Phase2 Epoch 200/250: loss=0.006577
        Phase2 Epoch 250/250: loss=0.005052
        E_mu=0.1785  E_Sigma=0.1856
      → baseline
  Precomputing encoder-pullback target...
  Stage 2 epoch 60/300: loss=0.073861
  Stage 2 epoch 120/300: loss=0.067664
  Stage 2 epoch 180/300: loss=0.058640
  Stage 2 epoch 240/300: loss=0.043407
  Stage 2 epoch 300/300: loss=0.026440
  Stage 3 epoch 60/300: loss=0.028227
  Stage 3 epoch 120/300: loss=0.021926
  Stage 3 epoch 180/300: loss=0.016784
  Stage 3 epoch 240/300: loss=0.012690
  Stage 3 epoch 300/300: loss=0.010305
  rcMTE@0.1: 0.7943 (293/500 in region)
  rcMTE@0.5: 1.4398 (88/500 in region)
  rcMTE@1.0: 1.3260 (24/500 in region)
  MTE@0.1: 1.3496
  MTE@0.5: 2.2383
  MTE@1.0: 2.0941
  W2@1.0:  1.3013
  sW2@0.1: 0.8767 (293/500 in region)
  sW2@0.2: 1.2141 (212/500 in region)
  sW2@0.5: 1.6459 (88/500 in region)
  sW2@1.0: 1.6263 (24/500 in region)
  MMD@1.0: 0.3241
  Survival@1.0: 26.6%
  Stopped@1.0:  4.8%
      Phase 2 AE: K_weight=0.1000
        Phase2 Epoch 50/250: loss=0.016049
        Phase2 Epoch 100/250: loss=0.007462
        Phase2 Epoch 150/250: loss=0.005885
        Phase2 Epoch 200/250: loss=0.039105
        Phase2 Epoch 250/250: loss=0.004225
        E_mu=0.1018  E_Sigma=0.0885
      → K
  Precomputing encoder-pullback target...
  Stage 2 epoch 60/300: loss=0.081441
  Stage 2 epoch 120/300: loss=0.075602
  Stage 2 epoch 180/300: loss=0.062676
  Stage 2 epoch 240/300: loss=0.039989
  Stage 2 epoch 300/300: loss=0.021925
  Stage 3 epoch 60/300: loss=0.033601
  Stage 3 epoch 120/300: loss=0.026195
  Stage 3 epoch 180/300: loss=0.019337
  Stage 3 epoch 240/300: loss=0.013379
  Stage 3 epoch 300/300: loss=0.009816
  rcMTE@0.1: 0.7889 (293/500 in region)
  rcMTE@0.5: 1.4542 (88/500 in region)
  rcMTE@1.0: 1.3855 (24/500 in region)
  MTE@0.1: 1.3535
  MTE@0.5: 2.2882
  MTE@1.0: 2.2009
  W2@1.0:  1.4559
  sW2@0.1: 0.8715 (293/500 in region)
  sW2@0.2: 1.2281 (212/500 in region)
  sW2@0.5: 1.7727 (88/500 in region)
  sW2@1.0: 1.8367 (24/500 in region)
  MMD@1.0: 0.3612
  Survival@1.0: 26.6%
  Stopped@1.0:  4.8%
      → K+S
  Precomputing encoder-pullback target...
  Stage 2 epoch 60/300: loss=0.081441
  Stage 2 epoch 120/300: loss=0.075602
  Stage 2 epoch 180/300: loss=0.062676
  Stage 2 epoch 240/300: loss=0.039989
  Stage 2 epoch 300/300: loss=0.021925
  Stage 3 epoch 60/300: loss=0.033601
  Stage 3 epoch 120/300: loss=0.026195
  Stage 3 epoch 180/300: loss=0.019337
  Stage 3 epoch 240/300: loss=0.013379
  Stage 3 epoch 300/300: loss=0.009816
  rcMTE@0.1: 0.7889 (293/500 in region)
  rcMTE@0.5: 1.4542 (88/500 in region)
  rcMTE@1.0: 1.3855 (24/500 in region)
  MTE@0.1: 1.3535
  MTE@0.5: 2.2882
  MTE@1.0: 2.2009
  W2@1.0:  1.4559
  sW2@0.1: 0.8715 (293/500 in region)
  sW2@0.2: 1.2281 (212/500 in region)
  sW2@0.5: 1.7727 (88/500 in region)
  sW2@1.0: 1.8367 (24/500 in region)
  MMD@1.0: 0.3612
  Survival@1.0: 26.6%
  Stopped@1.0:  4.8%
      baseline: W2=1.3013  E_mu=0.1785  E_Sig=0.1856
             K: W2=1.4559  E_mu=0.1018  E_Sig=0.0885
           K+S: W2=1.4559  E_mu=0.1018  E_Sig=0.0885

============================================================
  N=20 | D=11 (K=4) | paraboloid | seed=3042
============================================================
    Phase1 Epoch 50/250: loss=0.875429
    Phase1 Epoch 100/250: loss=0.585509
    Phase1 Epoch 150/250: loss=0.193569
    Phase1 Epoch 200/250: loss=0.093308
    Phase1 Epoch 250/250: loss=0.026693
      Phase 2 AE: K_weight=0.0000
        Phase2 Epoch 50/250: loss=0.015868
        Phase2 Epoch 100/250: loss=0.013904
        Phase2 Epoch 150/250: loss=0.008280
        Phase2 Epoch 200/250: loss=0.005246
        Phase2 Epoch 250/250: loss=0.020200
        E_mu=0.1476  E_Sigma=0.1792
      → baseline
  Precomputing encoder-pullback target...
  Stage 2 epoch 60/300: loss=0.080438
  Stage 2 epoch 120/300: loss=0.069995
  Stage 2 epoch 180/300: loss=0.053755
  Stage 2 epoch 240/300: loss=0.041873
  Stage 2 epoch 300/300: loss=0.036183
  Stage 3 epoch 60/300: loss=0.087246
  Stage 3 epoch 120/300: loss=0.066054
  Stage 3 epoch 180/300: loss=0.060786
  Stage 3 epoch 240/300: loss=0.054495
  Stage 3 epoch 300/300: loss=0.046448
  rcMTE@0.1: 0.4445 (275/500 in region)
  rcMTE@0.5: 0.6823 (78/500 in region)
  rcMTE@1.0: 0.8775 (25/500 in region)
  MTE@0.1: 0.8419
  MTE@0.5: 1.2739
  MTE@1.0: 1.4724
  W2@1.0:  1.0604
  sW2@0.1: 0.5077 (275/500 in region)
  sW2@0.2: 0.5880 (204/500 in region)
  sW2@0.5: 0.9928 (78/500 in region)
  sW2@1.0: 1.5201 (25/500 in region)
  MMD@1.0: 0.2921
  Survival@1.0: 27.2%
  Stopped@1.0:  5.0%
      Phase 2 AE: K_weight=0.1000
        Phase2 Epoch 50/250: loss=0.036473
        Phase2 Epoch 100/250: loss=0.022796
        Phase2 Epoch 150/250: loss=0.015108
        Phase2 Epoch 200/250: loss=0.008434
        Phase2 Epoch 250/250: loss=0.010144
        E_mu=0.1059  E_Sigma=0.2126
      → K
  Precomputing encoder-pullback target...
  Stage 2 epoch 60/300: loss=0.133983
  Stage 2 epoch 120/300: loss=0.116727
  Stage 2 epoch 180/300: loss=0.088645
  Stage 2 epoch 240/300: loss=0.066882
  Stage 2 epoch 300/300: loss=0.045085
  Stage 3 epoch 60/300: loss=0.094324
  Stage 3 epoch 120/300: loss=0.067081
  Stage 3 epoch 180/300: loss=0.061067
  Stage 3 epoch 240/300: loss=0.053886
  Stage 3 epoch 300/300: loss=0.043105
  rcMTE@0.1: 0.4350 (275/500 in region)
  rcMTE@0.5: 0.7317 (78/500 in region)
  rcMTE@1.0: 0.9876 (25/500 in region)
  MTE@0.1: 0.8298
  MTE@0.5: 1.3442
  MTE@1.0: 1.7537
  W2@1.0:  1.5293
  sW2@0.1: 0.5349 (275/500 in region)
  sW2@0.2: 0.6354 (204/500 in region)
  sW2@0.5: 1.2493 (78/500 in region)
  sW2@1.0: 2.0810 (25/500 in region)
  MMD@1.0: 0.3491
  Survival@1.0: 27.2%
  Stopped@1.0:  5.0%
      → K+S
  Precomputing encoder-pullback target...
  Stage 2 epoch 60/300: loss=0.133983
  Stage 2 epoch 120/300: loss=0.116727
  Stage 2 epoch 180/300: loss=0.088645
  Stage 2 epoch 240/300: loss=0.066882
  Stage 2 epoch 300/300: loss=0.045085
  Stage 3 epoch 60/300: loss=0.094324
  Stage 3 epoch 120/300: loss=0.067081
  Stage 3 epoch 180/300: loss=0.061067
  Stage 3 epoch 240/300: loss=0.053886
  Stage 3 epoch 300/300: loss=0.043105
  rcMTE@0.1: 0.4350 (275/500 in region)
  rcMTE@0.5: 0.7317 (78/500 in region)
  rcMTE@1.0: 0.9876 (25/500 in region)
  MTE@0.1: 0.8298
  MTE@0.5: 1.3442
  MTE@1.0: 1.7537
  W2@1.0:  1.5293
  sW2@0.1: 0.5349 (275/500 in region)
  sW2@0.2: 0.6354 (204/500 in region)
  sW2@0.5: 1.2493 (78/500 in region)
  sW2@1.0: 2.0810 (25/500 in region)
  MMD@1.0: 0.3491
  Survival@1.0: 27.2%
  Stopped@1.0:  5.0%
      baseline: W2=1.0604  E_mu=0.1476  E_Sig=0.1792
             K: W2=1.5293  E_mu=0.1059  E_Sig=0.2126
           K+S: W2=1.5293  E_mu=0.1059  E_Sig=0.2126

============================================================
  N=20 | D=11 (K=4) | paraboloid | seed=4042
============================================================
    Phase1 Epoch 50/250: loss=0.874835
    Phase1 Epoch 100/250: loss=0.648043
    Phase1 Epoch 150/250: loss=0.431081
    Phase1 Epoch 200/250: loss=0.302611
    Phase1 Epoch 250/250: loss=0.129913
      Phase 2 AE: K_weight=0.0000
        Phase2 Epoch 50/250: loss=0.053690
        Phase2 Epoch 100/250: loss=0.030642
        Phase2 Epoch 150/250: loss=0.023322
        Phase2 Epoch 200/250: loss=0.011099
        Phase2 Epoch 250/250: loss=0.015091
        E_mu=0.3858  E_Sigma=0.4291
      → baseline
  Precomputing encoder-pullback target...
  Stage 2 epoch 60/300: loss=0.294503
  Stage 2 epoch 120/300: loss=0.230357
  Stage 2 epoch 180/300: loss=0.092696
  Stage 2 epoch 240/300: loss=0.031009
  Stage 2 epoch 300/300: loss=0.019868
  Stage 3 epoch 60/300: loss=0.128647
  Stage 3 epoch 120/300: loss=0.100531
  Stage 3 epoch 180/300: loss=0.062075
  Stage 3 epoch 240/300: loss=0.047579
  Stage 3 epoch 300/300: loss=0.046835
  rcMTE@0.1: 0.4850 (287/500 in region)
  rcMTE@0.5: 0.8488 (102/500 in region)
  rcMTE@1.0: 1.2767 (30/500 in region)
  MTE@0.1: 0.8185
  MTE@0.5: 1.4868
  MTE@1.0: 1.7911
  W2@1.0:  1.4725
  sW2@0.1: 0.3992 (287/500 in region)
  sW2@0.2: 0.5702 (207/500 in region)
  sW2@0.5: 1.0446 (102/500 in region)
  sW2@1.0: 1.9936 (30/500 in region)
  MMD@1.0: 0.2959
  Survival@1.0: 28.2%
  Stopped@1.0:  6.0%
      Phase 2 AE: K_weight=0.1000
        Phase2 Epoch 50/250: loss=0.085835
        Phase2 Epoch 100/250: loss=0.047815
        Phase2 Epoch 150/250: loss=0.031152
        Phase2 Epoch 200/250: loss=0.029772
        Phase2 Epoch 250/250: loss=0.017883
        E_mu=0.2600  E_Sigma=0.4111
      → K
  Precomputing encoder-pullback target...
  Stage 2 epoch 60/300: loss=0.402525
  Stage 2 epoch 120/300: loss=0.288286
  Stage 2 epoch 180/300: loss=0.102911
  Stage 2 epoch 240/300: loss=0.055267
  Stage 2 epoch 300/300: loss=0.038540
  Stage 3 epoch 60/300: loss=0.093639
  Stage 3 epoch 120/300: loss=0.035467
  Stage 3 epoch 180/300: loss=0.031474
  Stage 3 epoch 240/300: loss=0.029137
  Stage 3 epoch 300/300: loss=0.026000
  rcMTE@0.1: 0.5376 (287/500 in region)
  rcMTE@0.5: 0.9306 (102/500 in region)
  rcMTE@1.0: 1.3839 (30/500 in region)
  MTE@0.1: 0.9197
  MTE@0.5: 1.6640
  MTE@1.0: 2.0454
  W2@1.0:  1.7823
  sW2@0.1: 0.4244 (287/500 in region)
  sW2@0.2: 0.6558 (207/500 in region)
  sW2@0.5: 1.1537 (102/500 in region)
  sW2@1.0: 2.1786 (30/500 in region)
  MMD@1.0: 0.3318
  Survival@1.0: 28.2%
  Stopped@1.0:  6.0%
      → K+S
  Precomputing encoder-pullback target...
  Stage 2 epoch 60/300: loss=0.402525
  Stage 2 epoch 120/300: loss=0.288286
  Stage 2 epoch 180/300: loss=0.102911
  Stage 2 epoch 240/300: loss=0.055267
  Stage 2 epoch 300/300: loss=0.038540
  Stage 3 epoch 60/300: loss=0.093639
  Stage 3 epoch 120/300: loss=0.035467
  Stage 3 epoch 180/300: loss=0.031474
  Stage 3 epoch 240/300: loss=0.029137
  Stage 3 epoch 300/300: loss=0.026000
  rcMTE@0.1: 0.5376 (287/500 in region)
  rcMTE@0.5: 0.9306 (102/500 in region)
  rcMTE@1.0: 1.3839 (30/500 in region)
  MTE@0.1: 0.9197
  MTE@0.5: 1.6640
  MTE@1.0: 2.0454
  W2@1.0:  1.7823
  sW2@0.1: 0.4244 (287/500 in region)
  sW2@0.2: 0.6558 (207/500 in region)
  sW2@0.5: 1.1537 (102/500 in region)
  sW2@1.0: 2.1786 (30/500 in region)
  MMD@1.0: 0.3318
  Survival@1.0: 28.2%
  Stopped@1.0:  6.0%
      baseline: W2=1.4725  E_mu=0.3858  E_Sig=0.4291
             K: W2=1.7823  E_mu=0.2600  E_Sig=0.4111
           K+S: W2=1.7823  E_mu=0.2600  E_Sig=0.4111

============================================================
  N=20 | D=11 (K=4) | paraboloid | seed=5042
============================================================
    Phase1 Epoch 50/250: loss=0.868595
    Phase1 Epoch 100/250: loss=0.608758
    Phase1 Epoch 150/250: loss=0.117053
    Phase1 Epoch 200/250: loss=0.064220
    Phase1 Epoch 250/250: loss=0.044201
      Phase 2 AE: K_weight=0.0000
        Phase2 Epoch 50/250: loss=0.022484
        Phase2 Epoch 100/250: loss=0.033177
        Phase2 Epoch 150/250: loss=0.020384
        Phase2 Epoch 200/250: loss=0.012202
        Phase2 Epoch 250/250: loss=0.005601
        E_mu=0.2847  E_Sigma=0.2471
      → baseline
  Precomputing encoder-pullback target...
  Stage 2 epoch 60/300: loss=0.091077
  Stage 2 epoch 120/300: loss=0.069086
  Stage 2 epoch 180/300: loss=0.053550
  Stage 2 epoch 240/300: loss=0.035885
  Stage 2 epoch 300/300: loss=0.019940
  Stage 3 epoch 60/300: loss=0.060864
  Stage 3 epoch 120/300: loss=0.036640
  Stage 3 epoch 180/300: loss=0.018023
  Stage 3 epoch 240/300: loss=0.012032
  Stage 3 epoch 300/300: loss=0.010034
  rcMTE@0.1: 0.7650 (285/500 in region)
  rcMTE@0.5: 1.2033 (93/500 in region)
  rcMTE@1.0: 1.0680 (33/500 in region)
  MTE@0.1: 1.2778
  MTE@0.5: 1.8926
  MTE@1.0: 1.7276
  W2@1.0:  0.7403
  sW2@0.1: 0.6262 (285/500 in region)
  sW2@0.2: 0.8097 (216/500 in region)
  sW2@0.5: 0.8671 (93/500 in region)
  sW2@1.0: 0.9619 (33/500 in region)
  MMD@1.0: 0.2549
  Survival@1.0: 25.8%
  Stopped@1.0:  6.6%
      Phase 2 AE: K_weight=0.1000
        Phase2 Epoch 50/250: loss=0.044541
        Phase2 Epoch 100/250: loss=0.019579
        Phase2 Epoch 150/250: loss=0.011299
        Phase2 Epoch 200/250: loss=0.006911
        Phase2 Epoch 250/250: loss=0.010393
        E_mu=0.0953  E_Sigma=0.1423
      → K
  Precomputing encoder-pullback target...
  Stage 2 epoch 60/300: loss=0.051728
  Stage 2 epoch 120/300: loss=0.035849
  Stage 2 epoch 180/300: loss=0.023483
  Stage 2 epoch 240/300: loss=0.015762
  Stage 2 epoch 300/300: loss=0.009589
  Stage 3 epoch 60/300: loss=0.085433
  Stage 3 epoch 120/300: loss=0.048924
  Stage 3 epoch 180/300: loss=0.017279
  Stage 3 epoch 240/300: loss=0.009872
  Stage 3 epoch 300/300: loss=0.008196
  rcMTE@0.1: 0.7731 (285/500 in region)
  rcMTE@0.5: 1.2586 (93/500 in region)
  rcMTE@1.0: 1.1488 (33/500 in region)
  MTE@0.1: 1.3104
  MTE@0.5: 1.9957
  MTE@1.0: 1.8859
  W2@1.0:  1.0789
  sW2@0.1: 0.7217 (285/500 in region)
  sW2@0.2: 0.9612 (216/500 in region)
  sW2@0.5: 1.1066 (93/500 in region)
  sW2@1.0: 1.2441 (33/500 in region)
  MMD@1.0: 0.3272
  Survival@1.0: 25.8%
  Stopped@1.0:  6.6%
      → K+S
  Precomputing encoder-pullback target...
  Stage 2 epoch 60/300: loss=0.051728
  Stage 2 epoch 120/300: loss=0.035849
  Stage 2 epoch 180/300: loss=0.023483
  Stage 2 epoch 240/300: loss=0.015762
  Stage 2 epoch 300/300: loss=0.009589
  Stage 3 epoch 60/300: loss=0.085433
  Stage 3 epoch 120/300: loss=0.048924
  Stage 3 epoch 180/300: loss=0.017279
  Stage 3 epoch 240/300: loss=0.009872
  Stage 3 epoch 300/300: loss=0.008196
  rcMTE@0.1: 0.7731 (285/500 in region)
  rcMTE@0.5: 1.2586 (93/500 in region)
  rcMTE@1.0: 1.1488 (33/500 in region)
  MTE@0.1: 1.3104
  MTE@0.5: 1.9957
  MTE@1.0: 1.8859
  W2@1.0:  1.0789
  sW2@0.1: 0.7217 (285/500 in region)
  sW2@0.2: 0.9612 (216/500 in region)
  sW2@0.5: 1.1066 (93/500 in region)
  sW2@1.0: 1.2441 (33/500 in region)
  MMD@1.0: 0.3272
  Survival@1.0: 25.8%
  Stopped@1.0:  6.6%
      baseline: W2=0.7403  E_mu=0.2847  E_Sig=0.2471
             K: W2=1.0789  E_mu=0.0953  E_Sig=0.1423
           K+S: W2=1.0789  E_mu=0.0953  E_Sig=0.1423

============================================================
  N=20 | D=11 (K=4) | paraboloid | seed=6042
============================================================
    Phase1 Epoch 50/250: loss=0.858309
    Phase1 Epoch 100/250: loss=0.288010
    Phase1 Epoch 150/250: loss=0.064870
    Phase1 Epoch 200/250: loss=0.037496
    Phase1 Epoch 250/250: loss=0.019143
      Phase 2 AE: K_weight=0.0000
        Phase2 Epoch 50/250: loss=0.013227
        Phase2 Epoch 100/250: loss=0.010663
        Phase2 Epoch 150/250: loss=0.008761
        Phase2 Epoch 200/250: loss=0.007116
        Phase2 Epoch 250/250: loss=0.006358
        E_mu=0.3661  E_Sigma=0.3041
      → baseline
  Precomputing encoder-pullback target...
  Stage 2 epoch 60/300: loss=0.027496
  Stage 2 epoch 120/300: loss=0.024188
  Stage 2 epoch 180/300: loss=0.020308
  Stage 2 epoch 240/300: loss=0.016529
  Stage 2 epoch 300/300: loss=0.014356
  Stage 3 epoch 60/300: loss=0.054407
  Stage 3 epoch 120/300: loss=0.027923
  Stage 3 epoch 180/300: loss=0.021333
  Stage 3 epoch 240/300: loss=0.017574
  Stage 3 epoch 300/300: loss=0.016805
  rcMTE@0.1: 0.3875 (290/500 in region)
  rcMTE@0.5: 0.5341 (89/500 in region)
  rcMTE@1.0: 0.5021 (30/500 in region)
  MTE@0.1: 0.6756
  MTE@0.5: 1.0827
  MTE@1.0: 1.0579
  W2@1.0:  0.7845
  sW2@0.1: 0.3219 (290/500 in region)
  sW2@0.2: 0.3841 (208/500 in region)
  sW2@0.5: 0.4641 (89/500 in region)
  sW2@1.0: 0.6822 (30/500 in region)
  MMD@1.0: 0.2320
  Survival@1.0: 27.2%
  Stopped@1.0:  6.0%
      Phase 2 AE: K_weight=0.1000
        Phase2 Epoch 50/250: loss=0.015306
        Phase2 Epoch 100/250: loss=0.006622
        Phase2 Epoch 150/250: loss=0.004909
        Phase2 Epoch 200/250: loss=0.004847
        Phase2 Epoch 250/250: loss=0.008133
        E_mu=0.2690  E_Sigma=0.6505
      → K
  Precomputing encoder-pullback target...
  Stage 2 epoch 60/300: loss=0.028846
  Stage 2 epoch 120/300: loss=0.025041
  Stage 2 epoch 180/300: loss=0.020705
  Stage 2 epoch 240/300: loss=0.016801
  Stage 2 epoch 300/300: loss=0.014778
  Stage 3 epoch 60/300: loss=0.049104
  Stage 3 epoch 120/300: loss=0.036224
  Stage 3 epoch 180/300: loss=0.027546
  Stage 3 epoch 240/300: loss=0.014878
  Stage 3 epoch 300/300: loss=0.010130
  rcMTE@0.1: 0.2355 (290/500 in region)
  rcMTE@0.5: 0.4241 (89/500 in region)
  rcMTE@1.0: 0.5253 (30/500 in region)
  MTE@0.1: 0.4529
  MTE@0.5: 0.7620
  MTE@1.0: 0.9496
  W2@1.0:  0.8210
  sW2@0.1: 0.3419 (290/500 in region)
  sW2@0.2: 0.4058 (208/500 in region)
  sW2@0.5: 0.6928 (89/500 in region)
  sW2@1.0: 0.7861 (30/500 in region)
  MMD@1.0: 0.3405
  Survival@1.0: 27.2%
  Stopped@1.0:  6.0%
      → K+S
  Precomputing encoder-pullback target...
  Stage 2 epoch 60/300: loss=0.028846
  Stage 2 epoch 120/300: loss=0.025041
  Stage 2 epoch 180/300: loss=0.020705
  Stage 2 epoch 240/300: loss=0.016801
  Stage 2 epoch 300/300: loss=0.014778
  Stage 3 epoch 60/300: loss=0.049104
  Stage 3 epoch 120/300: loss=0.036224
  Stage 3 epoch 180/300: loss=0.027546
  Stage 3 epoch 240/300: loss=0.014878
  Stage 3 epoch 300/300: loss=0.010130
  rcMTE@0.1: 0.2355 (290/500 in region)
  rcMTE@0.5: 0.4241 (89/500 in region)
  rcMTE@1.0: 0.5253 (30/500 in region)
  MTE@0.1: 0.4529
  MTE@0.5: 0.7620
  MTE@1.0: 0.9496
  W2@1.0:  0.8210
  sW2@0.1: 0.3419 (290/500 in region)
  sW2@0.2: 0.4058 (208/500 in region)
  sW2@0.5: 0.6928 (89/500 in region)
  sW2@1.0: 0.7861 (30/500 in region)
  MMD@1.0: 0.3405
  Survival@1.0: 27.2%
  Stopped@1.0:  6.0%
      baseline: W2=0.7845  E_mu=0.3661  E_Sig=0.3041
             K: W2=0.8210  E_mu=0.2690  E_Sig=0.6505
           K+S: W2=0.8210  E_mu=0.2690  E_Sig=0.6505

============================================================
  N=20 | D=11 (K=4) | paraboloid | seed=7042
============================================================
    Phase1 Epoch 50/250: loss=0.868973
    Phase1 Epoch 100/250: loss=0.728220
    Phase1 Epoch 150/250: loss=0.407434
    Phase1 Epoch 200/250: loss=0.100401
    Phase1 Epoch 250/250: loss=0.117649
      Phase 2 AE: K_weight=0.0000
        Phase2 Epoch 50/250: loss=0.034479
        Phase2 Epoch 100/250: loss=0.020211
        Phase2 Epoch 150/250: loss=0.017676
        Phase2 Epoch 200/250: loss=0.013044
        Phase2 Epoch 250/250: loss=0.013267
        E_mu=0.1910  E_Sigma=0.3099
      → baseline
  Precomputing encoder-pullback target...
  Stage 2 epoch 60/300: loss=0.197387
  Stage 2 epoch 120/300: loss=0.189165
  Stage 2 epoch 180/300: loss=0.175441
  Stage 2 epoch 240/300: loss=0.157893
  Stage 2 epoch 300/300: loss=0.133326
  Stage 3 epoch 60/300: loss=0.066591
  Stage 3 epoch 120/300: loss=0.051766
  Stage 3 epoch 180/300: loss=0.045726
  Stage 3 epoch 240/300: loss=0.041328
  Stage 3 epoch 300/300: loss=0.037444
  rcMTE@0.1: 0.5286 (316/500 in region)
  rcMTE@0.5: 0.9369 (109/500 in region)
  rcMTE@1.0: 1.0534 (29/500 in region)
  MTE@0.1: 0.9175
  MTE@0.5: 1.5667
  MTE@1.0: 1.7017
  W2@1.0:  0.7346
  sW2@0.1: 0.6579 (316/500 in region)
  sW2@0.2: 0.9027 (232/500 in region)
  sW2@0.5: 0.9296 (109/500 in region)
  sW2@1.0: 0.9334 (29/500 in region)
  MMD@1.0: 0.2722
  Survival@1.0: 28.8%
  Stopped@1.0:  5.8%
      Phase 2 AE: K_weight=0.1000
        Phase2 Epoch 50/250: loss=0.045072
        Phase2 Epoch 100/250: loss=0.018407
        Phase2 Epoch 150/250: loss=0.050215
        Phase2 Epoch 200/250: loss=0.011514
        Phase2 Epoch 250/250: loss=0.009774
        E_mu=0.0667  E_Sigma=0.1175
      → K
  Precomputing encoder-pullback target...
  Stage 2 epoch 60/300: loss=0.136803
  Stage 2 epoch 120/300: loss=0.133017
  Stage 2 epoch 180/300: loss=0.129000
  Stage 2 epoch 240/300: loss=0.123536
  Stage 2 epoch 300/300: loss=0.112382
  Stage 3 epoch 60/300: loss=0.052823
  Stage 3 epoch 120/300: loss=0.029876
  Stage 3 epoch 180/300: loss=0.021114
  Stage 3 epoch 240/300: loss=0.016514
  Stage 3 epoch 300/300: loss=0.013238
  rcMTE@0.1: 0.5270 (316/500 in region)
  rcMTE@0.5: 0.8974 (109/500 in region)
  rcMTE@1.0: 1.0532 (29/500 in region)
  MTE@0.1: 0.9088
  MTE@0.5: 1.5100
  MTE@1.0: 1.6864
  W2@1.0:  0.7894
  sW2@0.1: 0.6705 (316/500 in region)
  sW2@0.2: 0.8874 (232/500 in region)
  sW2@0.5: 0.8898 (109/500 in region)
  sW2@1.0: 0.9863 (29/500 in region)
  MMD@1.0: 0.2880
  Survival@1.0: 28.8%
  Stopped@1.0:  5.8%
      → K+S
  Precomputing encoder-pullback target...
  Stage 2 epoch 60/300: loss=0.136803
  Stage 2 epoch 120/300: loss=0.133017
  Stage 2 epoch 180/300: loss=0.129000
  Stage 2 epoch 240/300: loss=0.123536
  Stage 2 epoch 300/300: loss=0.112382
  Stage 3 epoch 60/300: loss=0.052823
  Stage 3 epoch 120/300: loss=0.029876
  Stage 3 epoch 180/300: loss=0.021114
  Stage 3 epoch 240/300: loss=0.016514
  Stage 3 epoch 300/300: loss=0.013238
  rcMTE@0.1: 0.5270 (316/500 in region)
  rcMTE@0.5: 0.8974 (109/500 in region)
  rcMTE@1.0: 1.0532 (29/500 in region)
  MTE@0.1: 0.9088
  MTE@0.5: 1.5100
  MTE@1.0: 1.6864
  W2@1.0:  0.7894
  sW2@0.1: 0.6705 (316/500 in region)
  sW2@0.2: 0.8874 (232/500 in region)
  sW2@0.5: 0.8898 (109/500 in region)
  sW2@1.0: 0.9863 (29/500 in region)
  MMD@1.0: 0.2880
  Survival@1.0: 28.8%
  Stopped@1.0:  5.8%
      baseline: W2=0.7346  E_mu=0.1910  E_Sig=0.3099
             K: W2=0.7894  E_mu=0.0667  E_Sig=0.1175
           K+S: W2=0.7894  E_mu=0.0667  E_Sig=0.1175

============================================================
  N=20 | D=11 (K=4) | paraboloid | seed=8042
============================================================
    Phase1 Epoch 50/250: loss=0.851333
    Phase1 Epoch 100/250: loss=0.414559
    Phase1 Epoch 150/250: loss=0.156556
    Phase1 Epoch 200/250: loss=0.081780
    Phase1 Epoch 250/250: loss=0.052618
      Phase 2 AE: K_weight=0.0000
        Phase2 Epoch 50/250: loss=0.023315
        Phase2 Epoch 100/250: loss=0.024082
        Phase2 Epoch 150/250: loss=0.019983
        Phase2 Epoch 200/250: loss=0.013135
        Phase2 Epoch 250/250: loss=0.020607
        E_mu=0.2520  E_Sigma=0.5456
      → baseline
  Precomputing encoder-pullback target...
  Stage 2 epoch 60/300: loss=2.049274
  Stage 2 epoch 120/300: loss=2.000102
  Stage 2 epoch 180/300: loss=1.908877
  Stage 2 epoch 240/300: loss=1.521345
  Stage 2 epoch 300/300: loss=0.673912
  Stage 3 epoch 60/300: loss=0.071207
  Stage 3 epoch 120/300: loss=0.061690
  Stage 3 epoch 180/300: loss=0.058954
  Stage 3 epoch 240/300: loss=0.056444
  Stage 3 epoch 300/300: loss=0.053912
  rcMTE@0.1: 0.4113 (269/500 in region)
  rcMTE@0.5: 0.7720 (84/500 in region)
  rcMTE@1.0: 0.9291 (29/500 in region)
  MTE@0.1: 0.7679
  MTE@0.5: 1.2385
  MTE@1.0: 1.3541
  W2@1.0:  0.7611
  sW2@0.1: 0.4397 (269/500 in region)
  sW2@0.2: 0.5586 (192/500 in region)
  sW2@0.5: 1.0175 (84/500 in region)
  sW2@1.0: 1.4477 (29/500 in region)
  MMD@1.0: 0.1567
  Survival@1.0: 27.0%
  Stopped@1.0:  5.8%
      Phase 2 AE: K_weight=0.1000
        Phase2 Epoch 50/250: loss=0.043601
        Phase2 Epoch 100/250: loss=0.023264
        Phase2 Epoch 150/250: loss=0.017425
        Phase2 Epoch 200/250: loss=0.046154
        Phase2 Epoch 250/250: loss=0.015103
        E_mu=0.1643  E_Sigma=0.4008
      → K
  Precomputing encoder-pullback target...
  Stage 2 epoch 60/300: loss=1.412456
  Stage 2 epoch 120/300: loss=1.329471
  Stage 2 epoch 180/300: loss=1.202937
  Stage 2 epoch 240/300: loss=0.911197
  Stage 2 epoch 300/300: loss=0.398545
  Stage 3 epoch 60/300: loss=0.060791
  Stage 3 epoch 120/300: loss=0.046951
  Stage 3 epoch 180/300: loss=0.042387
  Stage 3 epoch 240/300: loss=0.039225
  Stage 3 epoch 300/300: loss=0.036328
  rcMTE@0.1: 0.4076 (269/500 in region)
  rcMTE@0.5: 0.7523 (84/500 in region)
  rcMTE@1.0: 0.9075 (29/500 in region)
  MTE@0.1: 0.7666
  MTE@0.5: 1.2415
  MTE@1.0: 1.3661
  W2@1.0:  0.7993
  sW2@0.1: 0.4523 (269/500 in region)
  sW2@0.2: 0.5679 (192/500 in region)
  sW2@0.5: 1.0032 (84/500 in region)
  sW2@1.0: 1.3904 (29/500 in region)
  MMD@1.0: 0.1629
  Survival@1.0: 27.0%
  Stopped@1.0:  5.8%
      → K+S
  Precomputing encoder-pullback target...
  Stage 2 epoch 60/300: loss=1.412456
  Stage 2 epoch 120/300: loss=1.329471
  Stage 2 epoch 180/300: loss=1.202937
  Stage 2 epoch 240/300: loss=0.911197
  Stage 2 epoch 300/300: loss=0.398545
  Stage 3 epoch 60/300: loss=0.060791
  Stage 3 epoch 120/300: loss=0.046951
  Stage 3 epoch 180/300: loss=0.042387
  Stage 3 epoch 240/300: loss=0.039225
  Stage 3 epoch 300/300: loss=0.036328
  rcMTE@0.1: 0.4076 (269/500 in region)
  rcMTE@0.5: 0.7523 (84/500 in region)
  rcMTE@1.0: 0.9075 (29/500 in region)
  MTE@0.1: 0.7666
  MTE@0.5: 1.2415
  MTE@1.0: 1.3661
  W2@1.0:  0.7993
  sW2@0.1: 0.4523 (269/500 in region)
  sW2@0.2: 0.5679 (192/500 in region)
  sW2@0.5: 1.0032 (84/500 in region)
  sW2@1.0: 1.3904 (29/500 in region)
  MMD@1.0: 0.1629
  Survival@1.0: 27.0%
  Stopped@1.0:  5.8%
      baseline: W2=0.7611  E_mu=0.2520  E_Sig=0.5456
             K: W2=0.7993  E_mu=0.1643  E_Sig=0.4008
           K+S: W2=0.7993  E_mu=0.1643  E_Sig=0.4008

============================================================
  N=20 | D=11 (K=4) | paraboloid | seed=9042
============================================================
    Phase1 Epoch 50/250: loss=0.690764
    Phase1 Epoch 100/250: loss=0.266149
    Phase1 Epoch 150/250: loss=0.087657
    Phase1 Epoch 200/250: loss=0.062243
    Phase1 Epoch 250/250: loss=0.043656
      Phase 2 AE: K_weight=0.0000
        Phase2 Epoch 50/250: loss=0.011661
        Phase2 Epoch 100/250: loss=0.007632
        Phase2 Epoch 150/250: loss=0.027478
        Phase2 Epoch 200/250: loss=0.007445
        Phase2 Epoch 250/250: loss=0.006083
        E_mu=0.2840  E_Sigma=0.2997
      → baseline
  Precomputing encoder-pullback target...
  Stage 2 epoch 60/300: loss=0.249621
  Stage 2 epoch 120/300: loss=0.168928
  Stage 2 epoch 180/300: loss=0.093607
  Stage 2 epoch 240/300: loss=0.054578
  Stage 2 epoch 300/300: loss=0.028224
  Stage 3 epoch 60/300: loss=0.050936
  Stage 3 epoch 120/300: loss=0.040865
  Stage 3 epoch 180/300: loss=0.031980
  Stage 3 epoch 240/300: loss=0.025493
  Stage 3 epoch 300/300: loss=0.022885
  rcMTE@0.1: 0.2001 (280/500 in region)
  rcMTE@0.5: 0.3557 (85/500 in region)
  rcMTE@1.0: 0.4765 (22/500 in region)
  MTE@0.1: 0.4360
  MTE@0.5: 0.8074
  MTE@1.0: 1.0907
  W2@1.0:  0.8329
  sW2@0.1: 0.3337 (280/500 in region)
  sW2@0.2: 0.2986 (205/500 in region)
  sW2@0.5: 0.4807 (85/500 in region)
  sW2@1.0: 0.7535 (22/500 in region)
  MMD@1.0: 0.2591
  Survival@1.0: 28.2%
  Stopped@1.0:  4.4%
      Phase 2 AE: K_weight=0.1000
        Phase2 Epoch 50/250: loss=0.022893
        Phase2 Epoch 100/250: loss=0.027239
        Phase2 Epoch 150/250: loss=0.011097
        Phase2 Epoch 200/250: loss=0.017139
        Phase2 Epoch 250/250: loss=0.011639
        E_mu=0.2195  E_Sigma=0.4695
      → K
  Precomputing encoder-pullback target...
  Stage 2 epoch 60/300: loss=0.324547
  Stage 2 epoch 120/300: loss=0.252228
  Stage 2 epoch 180/300: loss=0.153495
  Stage 2 epoch 240/300: loss=0.076016
  Stage 2 epoch 300/300: loss=0.032379
  Stage 3 epoch 60/300: loss=0.053109
  Stage 3 epoch 120/300: loss=0.032633
  Stage 3 epoch 180/300: loss=0.020048
  Stage 3 epoch 240/300: loss=0.012934
  Stage 3 epoch 300/300: loss=0.009987
  rcMTE@0.1: 0.2156 (280/500 in region)
  rcMTE@0.5: 0.3738 (85/500 in region)
  rcMTE@1.0: 0.5260 (22/500 in region)
  MTE@0.1: 0.4616
  MTE@0.5: 0.8772
  MTE@1.0: 1.3206
  W2@1.0:  1.2641
  sW2@0.1: 0.3660 (280/500 in region)
  sW2@0.2: 0.3460 (205/500 in region)
  sW2@0.5: 0.4821 (85/500 in region)
  sW2@1.0: 0.7260 (22/500 in region)
  MMD@1.0: 0.2967
  Survival@1.0: 28.2%
  Stopped@1.0:  4.4%
      → K+S
  Precomputing encoder-pullback target...
  Stage 2 epoch 60/300: loss=0.324547
  Stage 2 epoch 120/300: loss=0.252228
  Stage 2 epoch 180/300: loss=0.153495
  Stage 2 epoch 240/300: loss=0.076016
  Stage 2 epoch 300/300: loss=0.032379
  Stage 3 epoch 60/300: loss=0.053109
  Stage 3 epoch 120/300: loss=0.032633
  Stage 3 epoch 180/300: loss=0.020048
  Stage 3 epoch 240/300: loss=0.012934
  Stage 3 epoch 300/300: loss=0.009987
  rcMTE@0.1: 0.2156 (280/500 in region)
  rcMTE@0.5: 0.3738 (85/500 in region)
  rcMTE@1.0: 0.5260 (22/500 in region)
  MTE@0.1: 0.4616
  MTE@0.5: 0.8772
  MTE@1.0: 1.3206
  W2@1.0:  1.2641
  sW2@0.1: 0.3660 (280/500 in region)
  sW2@0.2: 0.3460 (205/500 in region)
  sW2@0.5: 0.4821 (85/500 in region)
  sW2@1.0: 0.7260 (22/500 in region)
  MMD@1.0: 0.2967
  Survival@1.0: 28.2%
  Stopped@1.0:  4.4%
      baseline: W2=0.8329  E_mu=0.2840  E_Sig=0.2997
             K: W2=1.2641  E_mu=0.2195  E_Sig=0.4695
           K+S: W2=1.2641  E_mu=0.2195  E_Sig=0.4695

============================================================
  N=20 | D=11 (K=4) | hyperbolic_paraboloid | seed=42
============================================================
    Phase1 Epoch 50/250: loss=0.684244
    Phase1 Epoch 100/250: loss=0.152217
    Phase1 Epoch 150/250: loss=0.051644
    Phase1 Epoch 200/250: loss=0.025266
    Phase1 Epoch 250/250: loss=0.016975
      Phase 2 AE: K_weight=0.0000
        Phase2 Epoch 50/250: loss=0.005523
        Phase2 Epoch 100/250: loss=0.004355
        Phase2 Epoch 150/250: loss=0.002413
        Phase2 Epoch 200/250: loss=0.002381
        Phase2 Epoch 250/250: loss=0.001772
        E_mu=0.1333  E_Sigma=0.1065
      → baseline
  Precomputing encoder-pullback target...
  Stage 2 epoch 60/300: loss=0.067608
  Stage 2 epoch 120/300: loss=0.055276
  Stage 2 epoch 180/300: loss=0.038402
  Stage 2 epoch 240/300: loss=0.029844
  Stage 2 epoch 300/300: loss=0.025542
  Stage 3 epoch 60/300: loss=0.043745
  Stage 3 epoch 120/300: loss=0.007819
  Stage 3 epoch 180/300: loss=0.006482
  Stage 3 epoch 240/300: loss=0.005569
  Stage 3 epoch 300/300: loss=0.004822
  rcMTE@0.1: 0.5000 (292/500 in region)
  rcMTE@0.5: 0.8452 (97/500 in region)
  rcMTE@1.0: 0.8116 (21/500 in region)
  MTE@0.1: 0.9015
  MTE@0.5: 1.6869
  MTE@1.0: 1.8594
  W2@1.0:  1.1679
  sW2@0.1: 0.4360 (292/500 in region)
  sW2@0.2: 0.5411 (214/500 in region)
  sW2@0.5: 0.7142 (97/500 in region)
  sW2@1.0: 0.5969 (21/500 in region)
  MMD@1.0: 0.2719
  Survival@1.0: 28.0%
  Stopped@1.0:  4.2%
      Phase 2 AE: K_weight=0.1000
        Phase2 Epoch 50/250: loss=0.016229
        Phase2 Epoch 100/250: loss=0.013275
        Phase2 Epoch 150/250: loss=0.006260
        Phase2 Epoch 200/250: loss=0.013567
        Phase2 Epoch 250/250: loss=0.003453
        E_mu=0.0851  E_Sigma=0.1416
      → K
  Precomputing encoder-pullback target...
  Stage 2 epoch 60/300: loss=0.070131
  Stage 2 epoch 120/300: loss=0.057153
  Stage 2 epoch 180/300: loss=0.041350
  Stage 2 epoch 240/300: loss=0.032382
  Stage 2 epoch 300/300: loss=0.027023
  Stage 3 epoch 60/300: loss=0.052244
  Stage 3 epoch 120/300: loss=0.010234
  Stage 3 epoch 180/300: loss=0.007273
  Stage 3 epoch 240/300: loss=0.006021
  Stage 3 epoch 300/300: loss=0.004967
  rcMTE@0.1: 0.5051 (292/500 in region)
  rcMTE@0.5: 0.8231 (97/500 in region)
  rcMTE@1.0: 0.7716 (21/500 in region)
  MTE@0.1: 0.9104
  MTE@0.5: 1.6543
  MTE@1.0: 1.7575
  W2@1.0:  1.0318
  sW2@0.1: 0.4541 (292/500 in region)
  sW2@0.2: 0.5506 (214/500 in region)
  sW2@0.5: 0.7049 (97/500 in region)
  sW2@1.0: 0.4604 (21/500 in region)
  MMD@1.0: 0.2476
  Survival@1.0: 28.0%
  Stopped@1.0:  4.2%
      → K+S
  Precomputing encoder-pullback target...
  Stage 2 epoch 60/300: loss=0.070131
  Stage 2 epoch 120/300: loss=0.057153
  Stage 2 epoch 180/300: loss=0.041350
  Stage 2 epoch 240/300: loss=0.032382
  Stage 2 epoch 300/300: loss=0.027023
  Stage 3 epoch 60/300: loss=0.052244
  Stage 3 epoch 120/300: loss=0.010234
  Stage 3 epoch 180/300: loss=0.007273
  Stage 3 epoch 240/300: loss=0.006021
  Stage 3 epoch 300/300: loss=0.004967
  rcMTE@0.1: 0.5051 (292/500 in region)
  rcMTE@0.5: 0.8231 (97/500 in region)
  rcMTE@1.0: 0.7716 (21/500 in region)
  MTE@0.1: 0.9104
  MTE@0.5: 1.6543
  MTE@1.0: 1.7575
  W2@1.0:  1.0318
  sW2@0.1: 0.4541 (292/500 in region)
  sW2@0.2: 0.5506 (214/500 in region)
  sW2@0.5: 0.7049 (97/500 in region)
  sW2@1.0: 0.4604 (21/500 in region)
  MMD@1.0: 0.2476
  Survival@1.0: 28.0%
  Stopped@1.0:  4.2%
      baseline: W2=1.1679  E_mu=0.1333  E_Sig=0.1065
             K: W2=1.0318  E_mu=0.0851  E_Sig=0.1416
           K+S: W2=1.0318  E_mu=0.0851  E_Sig=0.1416

============================================================
  N=20 | D=11 (K=4) | hyperbolic_paraboloid | seed=1042
============================================================
    Phase1 Epoch 50/250: loss=0.682236
    Phase1 Epoch 100/250: loss=0.443705
    Phase1 Epoch 150/250: loss=0.108473
    Phase1 Epoch 200/250: loss=0.019760
    Phase1 Epoch 250/250: loss=0.009697
      Phase 2 AE: K_weight=0.0000
        Phase2 Epoch 50/250: loss=0.003386
        Phase2 Epoch 100/250: loss=0.004394
        Phase2 Epoch 150/250: loss=0.001774
        Phase2 Epoch 200/250: loss=0.003326
        Phase2 Epoch 250/250: loss=0.003210
        E_mu=0.1397  E_Sigma=0.1130
      → baseline
  Precomputing encoder-pullback target...
  Stage 2 epoch 60/300: loss=0.060203
  Stage 2 epoch 120/300: loss=0.051465
  Stage 2 epoch 180/300: loss=0.038522
  Stage 2 epoch 240/300: loss=0.030906
  Stage 2 epoch 300/300: loss=0.024708
  Stage 3 epoch 60/300: loss=0.015268
  Stage 3 epoch 120/300: loss=0.010996
  Stage 3 epoch 180/300: loss=0.007299
  Stage 3 epoch 240/300: loss=0.004337
  Stage 3 epoch 300/300: loss=0.003377
  rcMTE@0.1: 0.5281 (285/500 in region)
  rcMTE@0.5: 0.8233 (98/500 in region)
  rcMTE@1.0: 0.9464 (31/500 in region)
  MTE@0.1: 0.9243
  MTE@0.5: 1.5221
  MTE@1.0: 1.6242
  W2@1.0:  0.6562
  sW2@0.1: 0.4445 (285/500 in region)
  sW2@0.2: 0.6129 (204/500 in region)
  sW2@0.5: 0.6506 (98/500 in region)
  sW2@1.0: 0.7939 (31/500 in region)
  MMD@1.0: 0.1866
  Survival@1.0: 29.8%
  Stopped@1.0:  6.2%
      Phase 2 AE: K_weight=0.1000
        Phase2 Epoch 50/250: loss=0.015047
        Phase2 Epoch 100/250: loss=0.011356
        Phase2 Epoch 150/250: loss=0.003896
        Phase2 Epoch 200/250: loss=0.003096
        Phase2 Epoch 250/250: loss=0.002589
        E_mu=0.1149  E_Sigma=0.0729
      → K
  Precomputing encoder-pullback target...
  Stage 2 epoch 60/300: loss=0.064210
  Stage 2 epoch 120/300: loss=0.053956
  Stage 2 epoch 180/300: loss=0.041294
  Stage 2 epoch 240/300: loss=0.035156
  Stage 2 epoch 300/300: loss=0.027258
  Stage 3 epoch 60/300: loss=0.016645
  Stage 3 epoch 120/300: loss=0.011725
  Stage 3 epoch 180/300: loss=0.007229
  Stage 3 epoch 240/300: loss=0.003746
  Stage 3 epoch 300/300: loss=0.002734
  rcMTE@0.1: 0.5298 (285/500 in region)
  rcMTE@0.5: 0.8214 (98/500 in region)
  rcMTE@1.0: 0.9448 (31/500 in region)
  MTE@0.1: 0.9255
  MTE@0.5: 1.5209
  MTE@1.0: 1.6164
  W2@1.0:  0.6585
  sW2@0.1: 0.4527 (285/500 in region)
  sW2@0.2: 0.6180 (204/500 in region)
  sW2@0.5: 0.6382 (98/500 in region)
  sW2@1.0: 0.7943 (31/500 in region)
  MMD@1.0: 0.1837
  Survival@1.0: 29.8%
  Stopped@1.0:  6.2%
      → K+S
  Precomputing encoder-pullback target...
  Stage 2 epoch 60/300: loss=0.064210
  Stage 2 epoch 120/300: loss=0.053956
  Stage 2 epoch 180/300: loss=0.041294
  Stage 2 epoch 240/300: loss=0.035156
  Stage 2 epoch 300/300: loss=0.027258
  Stage 3 epoch 60/300: loss=0.016645
  Stage 3 epoch 120/300: loss=0.011725
  Stage 3 epoch 180/300: loss=0.007229
  Stage 3 epoch 240/300: loss=0.003746
  Stage 3 epoch 300/300: loss=0.002734
  rcMTE@0.1: 0.5298 (285/500 in region)
  rcMTE@0.5: 0.8214 (98/500 in region)
  rcMTE@1.0: 0.9448 (31/500 in region)
  MTE@0.1: 0.9255
  MTE@0.5: 1.5209
  MTE@1.0: 1.6164
  W2@1.0:  0.6585
  sW2@0.1: 0.4527 (285/500 in region)
  sW2@0.2: 0.6180 (204/500 in region)
  sW2@0.5: 0.6382 (98/500 in region)
  sW2@1.0: 0.7943 (31/500 in region)
  MMD@1.0: 0.1837
  Survival@1.0: 29.8%
  Stopped@1.0:  6.2%
      baseline: W2=0.6562  E_mu=0.1397  E_Sig=0.1130
             K: W2=0.6585  E_mu=0.1149  E_Sig=0.0729
           K+S: W2=0.6585  E_mu=0.1149  E_Sig=0.0729

============================================================
  N=20 | D=11 (K=4) | hyperbolic_paraboloid | seed=2042
============================================================
    Phase1 Epoch 50/250: loss=0.908478
    Phase1 Epoch 100/250: loss=0.774704
    Phase1 Epoch 150/250: loss=0.439933
    Phase1 Epoch 200/250: loss=0.066134
    Phase1 Epoch 250/250: loss=0.022220
      Phase 2 AE: K_weight=0.0000
        Phase2 Epoch 50/250: loss=0.006601
        Phase2 Epoch 100/250: loss=0.004895
        Phase2 Epoch 150/250: loss=0.002814
        Phase2 Epoch 200/250: loss=0.002992
        Phase2 Epoch 250/250: loss=0.001481
        E_mu=0.0881  E_Sigma=0.1211
      → baseline
  Precomputing encoder-pullback target...
  Stage 2 epoch 60/300: loss=0.024838
  Stage 2 epoch 120/300: loss=0.023165
  Stage 2 epoch 180/300: loss=0.021359
  Stage 2 epoch 240/300: loss=0.019416
  Stage 2 epoch 300/300: loss=0.017523
  Stage 3 epoch 60/300: loss=0.018018
  Stage 3 epoch 120/300: loss=0.013787
  Stage 3 epoch 180/300: loss=0.010893
  Stage 3 epoch 240/300: loss=0.008057
  Stage 3 epoch 300/300: loss=0.005963
  rcMTE@0.1: 0.5256 (293/500 in region)
  rcMTE@0.5: 1.0077 (88/500 in region)
  rcMTE@1.0: 0.8626 (24/500 in region)
  MTE@0.1: 0.8612
  MTE@0.5: 1.5429
  MTE@1.0: 1.7801
  W2@1.0:  0.9825
  sW2@0.1: 0.4081 (293/500 in region)
  sW2@0.2: 0.6557 (212/500 in region)
  sW2@0.5: 0.9343 (88/500 in region)
  sW2@1.0: 0.8897 (24/500 in region)
  MMD@1.0: 0.2636
  Survival@1.0: 26.6%
  Stopped@1.0:  4.8%
      Phase 2 AE: K_weight=0.1000
        Phase2 Epoch 50/250: loss=0.013986
        Phase2 Epoch 100/250: loss=0.008048
        Phase2 Epoch 150/250: loss=0.004929
        Phase2 Epoch 200/250: loss=0.002226
        Phase2 Epoch 250/250: loss=0.002122
        E_mu=0.0528  E_Sigma=0.0483
      → K
  Precomputing encoder-pullback target...
  Stage 2 epoch 60/300: loss=0.027099
  Stage 2 epoch 120/300: loss=0.025595
  Stage 2 epoch 180/300: loss=0.023647
  Stage 2 epoch 240/300: loss=0.021107
  Stage 2 epoch 300/300: loss=0.018843
  Stage 3 epoch 60/300: loss=0.019214
  Stage 3 epoch 120/300: loss=0.014430
  Stage 3 epoch 180/300: loss=0.011322
  Stage 3 epoch 240/300: loss=0.008471
  Stage 3 epoch 300/300: loss=0.006356
  rcMTE@0.1: 0.5259 (293/500 in region)
  rcMTE@0.5: 1.0117 (88/500 in region)
  rcMTE@1.0: 0.8498 (24/500 in region)
  MTE@0.1: 0.8635
  MTE@0.5: 1.5588
  MTE@1.0: 1.7507
  W2@1.0:  0.9666
  sW2@0.1: 0.4141 (293/500 in region)
  sW2@0.2: 0.6729 (212/500 in region)
  sW2@0.5: 0.9724 (88/500 in region)
  sW2@1.0: 0.9831 (24/500 in region)
  MMD@1.0: 0.2557
  Survival@1.0: 26.6%
  Stopped@1.0:  4.8%
      → K+S
  Precomputing encoder-pullback target...
  Stage 2 epoch 60/300: loss=0.027099
  Stage 2 epoch 120/300: loss=0.025595
  Stage 2 epoch 180/300: loss=0.023647
  Stage 2 epoch 240/300: loss=0.021107
  Stage 2 epoch 300/300: loss=0.018843
  Stage 3 epoch 60/300: loss=0.019214
  Stage 3 epoch 120/300: loss=0.014430
  Stage 3 epoch 180/300: loss=0.011322
  Stage 3 epoch 240/300: loss=0.008471
  Stage 3 epoch 300/300: loss=0.006356
  rcMTE@0.1: 0.5259 (293/500 in region)
  rcMTE@0.5: 1.0117 (88/500 in region)
  rcMTE@1.0: 0.8498 (24/500 in region)
  MTE@0.1: 0.8635
  MTE@0.5: 1.5588
  MTE@1.0: 1.7507
  W2@1.0:  0.9666
  sW2@0.1: 0.4141 (293/500 in region)
  sW2@0.2: 0.6729 (212/500 in region)
  sW2@0.5: 0.9724 (88/500 in region)
  sW2@1.0: 0.9831 (24/500 in region)
  MMD@1.0: 0.2557
  Survival@1.0: 26.6%
  Stopped@1.0:  4.8%
      baseline: W2=0.9825  E_mu=0.0881  E_Sig=0.1211
             K: W2=0.9666  E_mu=0.0528  E_Sig=0.0483
           K+S: W2=0.9666  E_mu=0.0528  E_Sig=0.0483

============================================================
  N=20 | D=11 (K=4) | hyperbolic_paraboloid | seed=3042
============================================================
    Phase1 Epoch 50/250: loss=0.890809
    Phase1 Epoch 100/250: loss=0.685930
    Phase1 Epoch 150/250: loss=0.253865
    Phase1 Epoch 200/250: loss=0.041475
    Phase1 Epoch 250/250: loss=0.035121
      Phase 2 AE: K_weight=0.0000
        Phase2 Epoch 50/250: loss=0.016307
        Phase2 Epoch 100/250: loss=0.017819
        Phase2 Epoch 150/250: loss=0.011810
        Phase2 Epoch 200/250: loss=0.010047
        Phase2 Epoch 250/250: loss=0.003346
        E_mu=0.1540  E_Sigma=0.1299
      → baseline
  Precomputing encoder-pullback target...
  Stage 2 epoch 60/300: loss=0.162742
  Stage 2 epoch 120/300: loss=0.138191
  Stage 2 epoch 180/300: loss=0.106679
  Stage 2 epoch 240/300: loss=0.090986
  Stage 2 epoch 300/300: loss=0.074203
  Stage 3 epoch 60/300: loss=0.172486
  Stage 3 epoch 120/300: loss=0.131117
  Stage 3 epoch 180/300: loss=0.102564
  Stage 3 epoch 240/300: loss=0.071348
  Stage 3 epoch 300/300: loss=0.046113
  rcMTE@0.1: 0.5410 (275/500 in region)
  rcMTE@0.5: 0.9465 (78/500 in region)
  rcMTE@1.0: 0.7973 (25/500 in region)
  MTE@0.1: 0.9682
  MTE@0.5: 1.6191
  MTE@1.0: 1.8813
  W2@1.0:  1.2170
  sW2@0.1: 0.4710 (275/500 in region)
  sW2@0.2: 0.5592 (204/500 in region)
  sW2@0.5: 0.9143 (78/500 in region)
  sW2@1.0: 1.2490 (25/500 in region)
  MMD@1.0: 0.2515
  Survival@1.0: 27.2%
  Stopped@1.0:  5.0%
      Phase 2 AE: K_weight=0.1000
        Phase2 Epoch 50/250: loss=0.038190
        Phase2 Epoch 100/250: loss=0.021652
        Phase2 Epoch 150/250: loss=0.018283
        Phase2 Epoch 200/250: loss=0.011718
        Phase2 Epoch 250/250: loss=0.010878
        E_mu=0.0581  E_Sigma=0.1312
      → K
  Precomputing encoder-pullback target...
  Stage 2 epoch 60/300: loss=0.179387
  Stage 2 epoch 120/300: loss=0.155033
  Stage 2 epoch 180/300: loss=0.126750
  Stage 2 epoch 240/300: loss=0.110773
  Stage 2 epoch 300/300: loss=0.087317
  Stage 3 epoch 60/300: loss=0.203392
  Stage 3 epoch 120/300: loss=0.172492
  Stage 3 epoch 180/300: loss=0.022340
  Stage 3 epoch 240/300: loss=0.015841
  Stage 3 epoch 300/300: loss=0.012898
  rcMTE@0.1: 0.6443 (275/500 in region)
  rcMTE@0.5: 1.1022 (78/500 in region)
  rcMTE@1.0: 0.8683 (25/500 in region)
  MTE@0.1: 1.1275
  MTE@0.5: 1.7950
  MTE@1.0: 1.8589
  W2@1.0:  1.0764
  sW2@0.1: 0.5246 (275/500 in region)
  sW2@0.2: 0.8341 (204/500 in region)
  sW2@0.5: 0.8793 (78/500 in region)
  sW2@1.0: 0.8024 (25/500 in region)
  MMD@1.0: 0.2787
  Survival@1.0: 27.2%
  Stopped@1.0:  5.0%
      → K+S
  Precomputing encoder-pullback target...
  Stage 2 epoch 60/300: loss=0.179387
  Stage 2 epoch 120/300: loss=0.155033
  Stage 2 epoch 180/300: loss=0.126750
  Stage 2 epoch 240/300: loss=0.110773
  Stage 2 epoch 300/300: loss=0.087317
  Stage 3 epoch 60/300: loss=0.203392
  Stage 3 epoch 120/300: loss=0.172492
  Stage 3 epoch 180/300: loss=0.022340
  Stage 3 epoch 240/300: loss=0.015841
  Stage 3 epoch 300/300: loss=0.012898
  rcMTE@0.1: 0.6443 (275/500 in region)
  rcMTE@0.5: 1.1022 (78/500 in region)
  rcMTE@1.0: 0.8683 (25/500 in region)
  MTE@0.1: 1.1275
  MTE@0.5: 1.7950
  MTE@1.0: 1.8589
  W2@1.0:  1.0764
  sW2@0.1: 0.5246 (275/500 in region)
  sW2@0.2: 0.8341 (204/500 in region)
  sW2@0.5: 0.8793 (78/500 in region)
  sW2@1.0: 0.8024 (25/500 in region)
  MMD@1.0: 0.2787
  Survival@1.0: 27.2%
  Stopped@1.0:  5.0%
      baseline: W2=1.2170  E_mu=0.1540  E_Sig=0.1299
             K: W2=1.0764  E_mu=0.0581  E_Sig=0.1312
           K+S: W2=1.0764  E_mu=0.0581  E_Sig=0.1312

============================================================
  N=20 | D=11 (K=4) | hyperbolic_paraboloid | seed=4042
============================================================
    Phase1 Epoch 50/250: loss=0.881751
    Phase1 Epoch 100/250: loss=0.625252
    Phase1 Epoch 150/250: loss=0.112023
    Phase1 Epoch 200/250: loss=0.015442
    Phase1 Epoch 250/250: loss=0.014041
      Phase 2 AE: K_weight=0.0000
        Phase2 Epoch 50/250: loss=0.006830
        Phase2 Epoch 100/250: loss=0.009035
        Phase2 Epoch 150/250: loss=0.013219
        Phase2 Epoch 200/250: loss=0.005446
        Phase2 Epoch 250/250: loss=0.003952
        E_mu=0.1323  E_Sigma=0.1386
      → baseline
  Precomputing encoder-pullback target...
  Stage 2 epoch 60/300: loss=0.089488
  Stage 2 epoch 120/300: loss=0.076140
  Stage 2 epoch 180/300: loss=0.057710
  Stage 2 epoch 240/300: loss=0.039225
  Stage 2 epoch 300/300: loss=0.025980
  Stage 3 epoch 60/300: loss=0.047885
  Stage 3 epoch 120/300: loss=0.034836
  Stage 3 epoch 180/300: loss=0.017976
  Stage 3 epoch 240/300: loss=0.008834
  Stage 3 epoch 300/300: loss=0.008144
  rcMTE@0.1: 0.7530 (287/500 in region)
  rcMTE@0.5: 1.2291 (102/500 in region)
  rcMTE@1.0: 1.4948 (30/500 in region)
  MTE@0.1: 1.2668
  MTE@0.5: 1.9297
  MTE@1.0: 2.0736
  W2@1.0:  1.2594
  sW2@0.1: 0.5049 (287/500 in region)
  sW2@0.2: 0.7987 (207/500 in region)
  sW2@0.5: 0.9765 (102/500 in region)
  sW2@1.0: 1.8714 (30/500 in region)
  MMD@1.0: 0.2547
  Survival@1.0: 28.2%
  Stopped@1.0:  6.0%
      Phase 2 AE: K_weight=0.1000
        Phase2 Epoch 50/250: loss=0.015407
        Phase2 Epoch 100/250: loss=0.023556
        Phase2 Epoch 150/250: loss=0.027867
        Phase2 Epoch 200/250: loss=0.006197
        Phase2 Epoch 250/250: loss=0.015888
        E_mu=0.1219  E_Sigma=0.6032
      → K
  Precomputing encoder-pullback target...
  Stage 2 epoch 60/300: loss=0.082424
  Stage 2 epoch 120/300: loss=0.073163
  Stage 2 epoch 180/300: loss=0.058675
  Stage 2 epoch 240/300: loss=0.041480
  Stage 2 epoch 300/300: loss=0.028039
  Stage 3 epoch 60/300: loss=0.052967
  Stage 3 epoch 120/300: loss=0.037844
  Stage 3 epoch 180/300: loss=0.016980
  Stage 3 epoch 240/300: loss=0.009640
  Stage 3 epoch 300/300: loss=0.009178
  rcMTE@0.1: 0.7597 (287/500 in region)
  rcMTE@0.5: 1.2136 (102/500 in region)
  rcMTE@1.0: 1.4769 (30/500 in region)
  MTE@0.1: 1.2846
  MTE@0.5: 1.9223
  MTE@1.0: 2.0581
  W2@1.0:  1.2579
  sW2@0.1: 0.5083 (287/500 in region)
  sW2@0.2: 0.7969 (207/500 in region)
  sW2@0.5: 0.9491 (102/500 in region)
  sW2@1.0: 1.8688 (30/500 in region)
  MMD@1.0: 0.2486
  Survival@1.0: 28.2%
  Stopped@1.0:  6.0%
      → K+S
  Precomputing encoder-pullback target...
  Stage 2 epoch 60/300: loss=0.082424
  Stage 2 epoch 120/300: loss=0.073163
  Stage 2 epoch 180/300: loss=0.058675
  Stage 2 epoch 240/300: loss=0.041480
  Stage 2 epoch 300/300: loss=0.028039
  Stage 3 epoch 60/300: loss=0.052967
  Stage 3 epoch 120/300: loss=0.037844
  Stage 3 epoch 180/300: loss=0.016980
  Stage 3 epoch 240/300: loss=0.009640
  Stage 3 epoch 300/300: loss=0.009178
  rcMTE@0.1: 0.7597 (287/500 in region)
  rcMTE@0.5: 1.2136 (102/500 in region)
  rcMTE@1.0: 1.4769 (30/500 in region)
  MTE@0.1: 1.2846
  MTE@0.5: 1.9223
  MTE@1.0: 2.0581
  W2@1.0:  1.2579
  sW2@0.1: 0.5083 (287/500 in region)
  sW2@0.2: 0.7969 (207/500 in region)
  sW2@0.5: 0.9491 (102/500 in region)
  sW2@1.0: 1.8688 (30/500 in region)
  MMD@1.0: 0.2486
  Survival@1.0: 28.2%
  Stopped@1.0:  6.0%
      baseline: W2=1.2594  E_mu=0.1323  E_Sig=0.1386
             K: W2=1.2579  E_mu=0.1219  E_Sig=0.6032
           K+S: W2=1.2579  E_mu=0.1219  E_Sig=0.6032

============================================================
  N=20 | D=11 (K=4) | hyperbolic_paraboloid | seed=5042
============================================================
    Phase1 Epoch 50/250: loss=0.880075
    Phase1 Epoch 100/250: loss=0.164946
    Phase1 Epoch 150/250: loss=0.090537
    Phase1 Epoch 200/250: loss=0.027558
    Phase1 Epoch 250/250: loss=0.017753
      Phase 2 AE: K_weight=0.0000
        Phase2 Epoch 50/250: loss=0.012544
        Phase2 Epoch 100/250: loss=0.009968
        Phase2 Epoch 150/250: loss=0.006617
        Phase2 Epoch 200/250: loss=0.007879
        Phase2 Epoch 250/250: loss=0.006571
        E_mu=0.1526  E_Sigma=0.2379
      → baseline
  Precomputing encoder-pullback target...
  Stage 2 epoch 60/300: loss=0.099341
  Stage 2 epoch 120/300: loss=0.051985
  Stage 2 epoch 180/300: loss=0.031063
  Stage 2 epoch 240/300: loss=0.026923
  Stage 2 epoch 300/300: loss=0.023426
  Stage 3 epoch 60/300: loss=0.036364
  Stage 3 epoch 120/300: loss=0.022775
  Stage 3 epoch 180/300: loss=0.012406
  Stage 3 epoch 240/300: loss=0.008187
  Stage 3 epoch 300/300: loss=0.006895
  rcMTE@0.1: 0.7563 (285/500 in region)
  rcMTE@0.5: 1.1932 (93/500 in region)
  rcMTE@1.0: 1.1103 (33/500 in region)
  MTE@0.1: 1.2845
  MTE@0.5: 1.9042
  MTE@1.0: 1.8382
  W2@1.0:  0.7742
  sW2@0.1: 0.5347 (285/500 in region)
  sW2@0.2: 0.7384 (216/500 in region)
  sW2@0.5: 0.7627 (93/500 in region)
  sW2@1.0: 0.8066 (33/500 in region)
  MMD@1.0: 0.2196
  Survival@1.0: 25.8%
  Stopped@1.0:  6.6%
      Phase 2 AE: K_weight=0.1000
        Phase2 Epoch 50/250: loss=0.016729
        Phase2 Epoch 100/250: loss=0.011796
        Phase2 Epoch 150/250: loss=0.011534
        Phase2 Epoch 200/250: loss=0.007463
        Phase2 Epoch 250/250: loss=0.008381
        E_mu=0.0864  E_Sigma=0.1795
      → K
  Precomputing encoder-pullback target...
  Stage 2 epoch 60/300: loss=0.057913
  Stage 2 epoch 120/300: loss=0.032241
  Stage 2 epoch 180/300: loss=0.022200
  Stage 2 epoch 240/300: loss=0.019217
  Stage 2 epoch 300/300: loss=0.016740
  Stage 3 epoch 60/300: loss=0.044370
  Stage 3 epoch 120/300: loss=0.028398
  Stage 3 epoch 180/300: loss=0.013355
  Stage 3 epoch 240/300: loss=0.007214
  Stage 3 epoch 300/300: loss=0.005717
  rcMTE@0.1: 0.7694 (285/500 in region)
  rcMTE@0.5: 1.2119 (93/500 in region)
  rcMTE@1.0: 1.1218 (33/500 in region)
  MTE@0.1: 1.3067
  MTE@0.5: 1.9408
  MTE@1.0: 1.8639
  W2@1.0:  0.8275
  sW2@0.1: 0.5759 (285/500 in region)
  sW2@0.2: 0.7994 (216/500 in region)
  sW2@0.5: 0.8321 (93/500 in region)
  sW2@1.0: 0.8168 (33/500 in region)
  MMD@1.0: 0.2275
  Survival@1.0: 25.8%
  Stopped@1.0:  6.6%
      → K+S
  Precomputing encoder-pullback target...
  Stage 2 epoch 60/300: loss=0.057913
  Stage 2 epoch 120/300: loss=0.032241
  Stage 2 epoch 180/300: loss=0.022200
  Stage 2 epoch 240/300: loss=0.019217
  Stage 2 epoch 300/300: loss=0.016740
  Stage 3 epoch 60/300: loss=0.044370
  Stage 3 epoch 120/300: loss=0.028398
  Stage 3 epoch 180/300: loss=0.013355
  Stage 3 epoch 240/300: loss=0.007214
  Stage 3 epoch 300/300: loss=0.005717
  rcMTE@0.1: 0.7694 (285/500 in region)
  rcMTE@0.5: 1.2119 (93/500 in region)
  rcMTE@1.0: 1.1218 (33/500 in region)
  MTE@0.1: 1.3067
  MTE@0.5: 1.9408
  MTE@1.0: 1.8639
  W2@1.0:  0.8275
  sW2@0.1: 0.5759 (285/500 in region)
  sW2@0.2: 0.7994 (216/500 in region)
  sW2@0.5: 0.8321 (93/500 in region)
  sW2@1.0: 0.8168 (33/500 in region)
  MMD@1.0: 0.2275
  Survival@1.0: 25.8%
  Stopped@1.0:  6.6%
      baseline: W2=0.7742  E_mu=0.1526  E_Sig=0.2379
             K: W2=0.8275  E_mu=0.0864  E_Sig=0.1795
           K+S: W2=0.8275  E_mu=0.0864  E_Sig=0.1795

============================================================
  N=20 | D=11 (K=4) | hyperbolic_paraboloid | seed=6042
============================================================
    Phase1 Epoch 50/250: loss=0.864544
    Phase1 Epoch 100/250: loss=0.252141
    Phase1 Epoch 150/250: loss=0.013833
    Phase1 Epoch 200/250: loss=0.009426
    Phase1 Epoch 250/250: loss=0.005006
      Phase 2 AE: K_weight=0.0000
        Phase2 Epoch 50/250: loss=0.003965
        Phase2 Epoch 100/250: loss=0.017439
        Phase2 Epoch 150/250: loss=0.002920
        Phase2 Epoch 200/250: loss=0.002173
        Phase2 Epoch 250/250: loss=0.006426
        E_mu=0.1938  E_Sigma=0.1513
      → baseline
  Precomputing encoder-pullback target...
  Stage 2 epoch 60/300: loss=0.031135
  Stage 2 epoch 120/300: loss=0.028232
  Stage 2 epoch 180/300: loss=0.026852
  Stage 2 epoch 240/300: loss=0.026223
  Stage 2 epoch 300/300: loss=0.025849
  Stage 3 epoch 60/300: loss=0.033220
  Stage 3 epoch 120/300: loss=0.018467
  Stage 3 epoch 180/300: loss=0.013569
  Stage 3 epoch 240/300: loss=0.009509
  Stage 3 epoch 300/300: loss=0.007365
  rcMTE@0.1: 0.1930 (290/500 in region)
  rcMTE@0.5: 0.4226 (89/500 in region)
  rcMTE@1.0: 0.5624 (30/500 in region)
  MTE@0.1: 0.4083
  MTE@0.5: 0.7588
  MTE@1.0: 0.9298
  W2@1.0:  0.7564
  sW2@0.1: 0.2120 (290/500 in region)
  sW2@0.2: 0.2955 (208/500 in region)
  sW2@0.5: 0.5433 (89/500 in region)
  sW2@1.0: 0.7539 (30/500 in region)
  MMD@1.0: 0.2479
  Survival@1.0: 27.2%
  Stopped@1.0:  6.0%
      Phase 2 AE: K_weight=0.1000
        Phase2 Epoch 50/250: loss=0.026233
        Phase2 Epoch 100/250: loss=0.005586
        Phase2 Epoch 150/250: loss=0.004582
        Phase2 Epoch 200/250: loss=0.003915
        Phase2 Epoch 250/250: loss=0.003375
        E_mu=0.1532  E_Sigma=0.1759
      → K
  Precomputing encoder-pullback target...
  Stage 2 epoch 60/300: loss=0.028741
  Stage 2 epoch 120/300: loss=0.026518
  Stage 2 epoch 180/300: loss=0.025621
  Stage 2 epoch 240/300: loss=0.025172
  Stage 2 epoch 300/300: loss=0.024847
  Stage 3 epoch 60/300: loss=0.041015
  Stage 3 epoch 120/300: loss=0.020379
  Stage 3 epoch 180/300: loss=0.014959
  Stage 3 epoch 240/300: loss=0.010540
  Stage 3 epoch 300/300: loss=0.008296
  rcMTE@0.1: 0.1881 (290/500 in region)
  rcMTE@0.5: 0.4002 (89/500 in region)
  rcMTE@1.0: 0.5109 (30/500 in region)
  MTE@0.1: 0.4048
  MTE@0.5: 0.7325
  MTE@1.0: 0.8816
  W2@1.0:  0.7332
  sW2@0.1: 0.2092 (290/500 in region)
  sW2@0.2: 0.2937 (208/500 in region)
  sW2@0.5: 0.5294 (89/500 in region)
  sW2@1.0: 0.7066 (30/500 in region)
  MMD@1.0: 0.2368
  Survival@1.0: 27.2%
  Stopped@1.0:  6.0%
      → K+S
  Precomputing encoder-pullback target...
  Stage 2 epoch 60/300: loss=0.028741
  Stage 2 epoch 120/300: loss=0.026518
  Stage 2 epoch 180/300: loss=0.025621
  Stage 2 epoch 240/300: loss=0.025172
  Stage 2 epoch 300/300: loss=0.024847
  Stage 3 epoch 60/300: loss=0.041015
  Stage 3 epoch 120/300: loss=0.020379
  Stage 3 epoch 180/300: loss=0.014959
  Stage 3 epoch 240/300: loss=0.010540
  Stage 3 epoch 300/300: loss=0.008296
  rcMTE@0.1: 0.1881 (290/500 in region)
  rcMTE@0.5: 0.4002 (89/500 in region)
  rcMTE@1.0: 0.5109 (30/500 in region)
  MTE@0.1: 0.4048
  MTE@0.5: 0.7325
  MTE@1.0: 0.8816
  W2@1.0:  0.7332
  sW2@0.1: 0.2092 (290/500 in region)
  sW2@0.2: 0.2937 (208/500 in region)
  sW2@0.5: 0.5294 (89/500 in region)
  sW2@1.0: 0.7066 (30/500 in region)
  MMD@1.0: 0.2368
  Survival@1.0: 27.2%
  Stopped@1.0:  6.0%
      baseline: W2=0.7564  E_mu=0.1938  E_Sig=0.1513
             K: W2=0.7332  E_mu=0.1532  E_Sig=0.1759
           K+S: W2=0.7332  E_mu=0.1532  E_Sig=0.1759

============================================================
  N=20 | D=11 (K=4) | hyperbolic_paraboloid | seed=7042
============================================================
    Phase1 Epoch 50/250: loss=0.968090
    Phase1 Epoch 100/250: loss=0.820870
    Phase1 Epoch 150/250: loss=0.514603
    Phase1 Epoch 200/250: loss=0.224127
    Phase1 Epoch 250/250: loss=0.045343
      Phase 2 AE: K_weight=0.0000
        Phase2 Epoch 50/250: loss=0.024190
        Phase2 Epoch 100/250: loss=0.017159
        Phase2 Epoch 150/250: loss=0.011093
        Phase2 Epoch 200/250: loss=0.010847
        Phase2 Epoch 250/250: loss=0.007927
        E_mu=0.1055  E_Sigma=0.2168
      → baseline
  Precomputing encoder-pullback target...
  Stage 2 epoch 60/300: loss=0.249994
  Stage 2 epoch 120/300: loss=0.232159
  Stage 2 epoch 180/300: loss=0.186364
  Stage 2 epoch 240/300: loss=0.114893
  Stage 2 epoch 300/300: loss=0.059195
  Stage 3 epoch 60/300: loss=0.038455
  Stage 3 epoch 120/300: loss=0.024695
  Stage 3 epoch 180/300: loss=0.022931
  Stage 3 epoch 240/300: loss=0.021721
  Stage 3 epoch 300/300: loss=0.020812
  rcMTE@0.1: 0.5372 (316/500 in region)
  rcMTE@0.5: 0.8177 (109/500 in region)
  rcMTE@1.0: 0.9730 (29/500 in region)
  MTE@0.1: 0.9439
  MTE@0.5: 1.5761
  MTE@1.0: 1.6217
  W2@1.0:  0.7341
  sW2@0.1: 0.4803 (316/500 in region)
  sW2@0.2: 0.6062 (232/500 in region)
  sW2@0.5: 0.5768 (109/500 in region)
  sW2@1.0: 0.5973 (29/500 in region)
  MMD@1.0: 0.1506
  Survival@1.0: 28.8%
  Stopped@1.0:  5.8%
      Phase 2 AE: K_weight=0.1000
        Phase2 Epoch 50/250: loss=0.033532
        Phase2 Epoch 100/250: loss=0.020963
        Phase2 Epoch 150/250: loss=0.013358
        Phase2 Epoch 200/250: loss=0.010999
        Phase2 Epoch 250/250: loss=0.011590
        E_mu=0.0583  E_Sigma=0.2123
      → K
  Precomputing encoder-pullback target...
  Stage 2 epoch 60/300: loss=0.217529
  Stage 2 epoch 120/300: loss=0.201801
  Stage 2 epoch 180/300: loss=0.178397
  Stage 2 epoch 240/300: loss=0.127836
  Stage 2 epoch 300/300: loss=0.076150
  Stage 3 epoch 60/300: loss=0.033495
  Stage 3 epoch 120/300: loss=0.023263
  Stage 3 epoch 180/300: loss=0.021745
  Stage 3 epoch 240/300: loss=0.020553
  Stage 3 epoch 300/300: loss=0.019471
  rcMTE@0.1: 0.5296 (316/500 in region)
  rcMTE@0.5: 0.8492 (109/500 in region)
  rcMTE@1.0: 0.9875 (29/500 in region)
  MTE@0.1: 0.9498
  MTE@0.5: 1.5952
  MTE@1.0: 1.6532
  W2@1.0:  0.6478
  sW2@0.1: 0.4370 (316/500 in region)
  sW2@0.2: 0.5650 (232/500 in region)
  sW2@0.5: 0.6016 (109/500 in region)
  sW2@1.0: 0.6363 (29/500 in region)
  MMD@1.0: 0.1552
  Survival@1.0: 28.8%
  Stopped@1.0:  5.8%
      → K+S
  Precomputing encoder-pullback target...
  Stage 2 epoch 60/300: loss=0.217529
  Stage 2 epoch 120/300: loss=0.201801
  Stage 2 epoch 180/300: loss=0.178397
  Stage 2 epoch 240/300: loss=0.127836
  Stage 2 epoch 300/300: loss=0.076150
  Stage 3 epoch 60/300: loss=0.033495
  Stage 3 epoch 120/300: loss=0.023263
  Stage 3 epoch 180/300: loss=0.021745
  Stage 3 epoch 240/300: loss=0.020553
  Stage 3 epoch 300/300: loss=0.019471
  rcMTE@0.1: 0.5296 (316/500 in region)
  rcMTE@0.5: 0.8492 (109/500 in region)
  rcMTE@1.0: 0.9875 (29/500 in region)
  MTE@0.1: 0.9498
  MTE@0.5: 1.5952
  MTE@1.0: 1.6532
  W2@1.0:  0.6478
  sW2@0.1: 0.4370 (316/500 in region)
  sW2@0.2: 0.5650 (232/500 in region)
  sW2@0.5: 0.6016 (109/500 in region)
  sW2@1.0: 0.6363 (29/500 in region)
  MMD@1.0: 0.1552
  Survival@1.0: 28.8%
  Stopped@1.0:  5.8%
      baseline: W2=0.7341  E_mu=0.1055  E_Sig=0.2168
             K: W2=0.6478  E_mu=0.0583  E_Sig=0.2123
           K+S: W2=0.6478  E_mu=0.0583  E_Sig=0.2123

============================================================
  N=20 | D=11 (K=4) | hyperbolic_paraboloid | seed=8042
============================================================
    Phase1 Epoch 50/250: loss=0.913349
    Phase1 Epoch 100/250: loss=0.226764
    Phase1 Epoch 150/250: loss=0.059703
    Phase1 Epoch 200/250: loss=0.037947
    Phase1 Epoch 250/250: loss=0.022605
      Phase 2 AE: K_weight=0.0000
        Phase2 Epoch 50/250: loss=0.013668
        Phase2 Epoch 100/250: loss=0.010694
        Phase2 Epoch 150/250: loss=0.009123
        Phase2 Epoch 200/250: loss=0.005981
        Phase2 Epoch 250/250: loss=0.003593
        E_mu=0.1432  E_Sigma=0.1521
      → baseline
  Precomputing encoder-pullback target...
  Stage 2 epoch 60/300: loss=0.112109
  Stage 2 epoch 120/300: loss=0.061094
  Stage 2 epoch 180/300: loss=0.039570
  Stage 2 epoch 240/300: loss=0.032288
  Stage 2 epoch 300/300: loss=0.027517
  Stage 3 epoch 60/300: loss=0.015022
  Stage 3 epoch 120/300: loss=0.010228
  Stage 3 epoch 180/300: loss=0.008686
  Stage 3 epoch 240/300: loss=0.007532
  Stage 3 epoch 300/300: loss=0.006610
  rcMTE@0.1: 0.5424 (269/500 in region)
  rcMTE@0.5: 0.9385 (84/500 in region)
  rcMTE@1.0: 1.0651 (29/500 in region)
  MTE@0.1: 0.9381
  MTE@0.5: 1.5828
  MTE@1.0: 1.6662
  W2@1.0:  0.8806
  sW2@0.1: 0.4127 (269/500 in region)
  sW2@0.2: 0.4584 (192/500 in region)
  sW2@0.5: 0.8583 (84/500 in region)
  sW2@1.0: 1.5052 (29/500 in region)
  MMD@1.0: 0.2245
  Survival@1.0: 27.0%
  Stopped@1.0:  5.8%
      Phase 2 AE: K_weight=0.1000
        Phase2 Epoch 50/250: loss=0.014345
        Phase2 Epoch 100/250: loss=0.006780
        Phase2 Epoch 150/250: loss=0.004299
        Phase2 Epoch 200/250: loss=0.003392
        Phase2 Epoch 250/250: loss=0.002340
        E_mu=0.0596  E_Sigma=0.0842
      → K
  Precomputing encoder-pullback target...
  Stage 2 epoch 60/300: loss=0.176290
  Stage 2 epoch 120/300: loss=0.078927
  Stage 2 epoch 180/300: loss=0.045445
  Stage 2 epoch 240/300: loss=0.033461
  Stage 2 epoch 300/300: loss=0.025226
  Stage 3 epoch 60/300: loss=0.019943
  Stage 3 epoch 120/300: loss=0.012360
  Stage 3 epoch 180/300: loss=0.009495
  Stage 3 epoch 240/300: loss=0.007303
  Stage 3 epoch 300/300: loss=0.005654
  rcMTE@0.1: 0.5357 (269/500 in region)
  rcMTE@0.5: 0.9594 (84/500 in region)
  rcMTE@1.0: 1.1091 (29/500 in region)
  MTE@0.1: 0.9334
  MTE@0.5: 1.6087
  MTE@1.0: 1.7025
  W2@1.0:  0.9651
  sW2@0.1: 0.4096 (269/500 in region)
  sW2@0.2: 0.4702 (192/500 in region)
  sW2@0.5: 0.9844 (84/500 in region)
  sW2@1.0: 1.6099 (29/500 in region)
  MMD@1.0: 0.2468
  Survival@1.0: 27.0%
  Stopped@1.0:  5.8%
      → K+S
  Precomputing encoder-pullback target...
  Stage 2 epoch 60/300: loss=0.176290
  Stage 2 epoch 120/300: loss=0.078927
  Stage 2 epoch 180/300: loss=0.045445
  Stage 2 epoch 240/300: loss=0.033461
  Stage 2 epoch 300/300: loss=0.025226
  Stage 3 epoch 60/300: loss=0.019943
  Stage 3 epoch 120/300: loss=0.012360
  Stage 3 epoch 180/300: loss=0.009495
  Stage 3 epoch 240/300: loss=0.007303
  Stage 3 epoch 300/300: loss=0.005654
  rcMTE@0.1: 0.5357 (269/500 in region)
  rcMTE@0.5: 0.9594 (84/500 in region)
  rcMTE@1.0: 1.1091 (29/500 in region)
  MTE@0.1: 0.9334
  MTE@0.5: 1.6087
  MTE@1.0: 1.7025
  W2@1.0:  0.9651
  sW2@0.1: 0.4096 (269/500 in region)
  sW2@0.2: 0.4702 (192/500 in region)
  sW2@0.5: 0.9844 (84/500 in region)
  sW2@1.0: 1.6099 (29/500 in region)
  MMD@1.0: 0.2468
  Survival@1.0: 27.0%
  Stopped@1.0:  5.8%
      baseline: W2=0.8806  E_mu=0.1432  E_Sig=0.1521
             K: W2=0.9651  E_mu=0.0596  E_Sig=0.0842
           K+S: W2=0.9651  E_mu=0.0596  E_Sig=0.0842

============================================================
  N=20 | D=11 (K=4) | hyperbolic_paraboloid | seed=9042
============================================================
    Phase1 Epoch 50/250: loss=0.696621
    Phase1 Epoch 100/250: loss=0.119330
    Phase1 Epoch 150/250: loss=0.045961
    Phase1 Epoch 200/250: loss=0.016818
    Phase1 Epoch 250/250: loss=0.019947
      Phase 2 AE: K_weight=0.0000
        Phase2 Epoch 50/250: loss=0.007854
        Phase2 Epoch 100/250: loss=0.005321
        Phase2 Epoch 150/250: loss=0.004386
        Phase2 Epoch 200/250: loss=0.004763
        Phase2 Epoch 250/250: loss=0.005289
        E_mu=0.1750  E_Sigma=0.2745
      → baseline
  Precomputing encoder-pullback target...
  Stage 2 epoch 60/300: loss=0.205170
  Stage 2 epoch 120/300: loss=0.127529
  Stage 2 epoch 180/300: loss=0.072027
  Stage 2 epoch 240/300: loss=0.051188
  Stage 2 epoch 300/300: loss=0.034278
  Stage 3 epoch 60/300: loss=0.044028
  Stage 3 epoch 120/300: loss=0.023598
  Stage 3 epoch 180/300: loss=0.010057
  Stage 3 epoch 240/300: loss=0.008711
  Stage 3 epoch 300/300: loss=0.008383
  rcMTE@0.1: 0.1980 (280/500 in region)
  rcMTE@0.5: 0.3639 (85/500 in region)
  rcMTE@1.0: 0.5038 (22/500 in region)
  MTE@0.1: 0.4103
  MTE@0.5: 0.6967
  MTE@1.0: 0.7839
  W2@1.0:  0.5893
  sW2@0.1: 0.2576 (280/500 in region)
  sW2@0.2: 0.2680 (205/500 in region)
  sW2@0.5: 0.4848 (85/500 in region)
  sW2@1.0: 0.7893 (22/500 in region)
  MMD@1.0: 0.1538
  Survival@1.0: 28.2%
  Stopped@1.0:  4.4%
      Phase 2 AE: K_weight=0.1000
        Phase2 Epoch 50/250: loss=0.021609
        Phase2 Epoch 100/250: loss=0.015460
        Phase2 Epoch 150/250: loss=0.007595
        Phase2 Epoch 200/250: loss=0.005920
        Phase2 Epoch 250/250: loss=0.004721
        E_mu=0.1455  E_Sigma=0.1632
      → K
  Precomputing encoder-pullback target...
  Stage 2 epoch 60/300: loss=0.100608
  Stage 2 epoch 120/300: loss=0.074325
  Stage 2 epoch 180/300: loss=0.054138
  Stage 2 epoch 240/300: loss=0.041733
  Stage 2 epoch 300/300: loss=0.028596
  Stage 3 epoch 60/300: loss=0.060105
  Stage 3 epoch 120/300: loss=0.030965
  Stage 3 epoch 180/300: loss=0.010356
  Stage 3 epoch 240/300: loss=0.009057
  Stage 3 epoch 300/300: loss=0.008693
  rcMTE@0.1: 0.1946 (280/500 in region)
  rcMTE@0.5: 0.3524 (85/500 in region)
  rcMTE@1.0: 0.4948 (22/500 in region)
  MTE@0.1: 0.4056
  MTE@0.5: 0.7028
  MTE@1.0: 0.7977
  W2@1.0:  0.5829
  sW2@0.1: 0.2941 (280/500 in region)
  sW2@0.2: 0.2615 (205/500 in region)
  sW2@0.5: 0.4597 (85/500 in region)
  sW2@1.0: 0.7478 (22/500 in region)
  MMD@1.0: 0.1677
  Survival@1.0: 28.2%
  Stopped@1.0:  4.4%
      → K+S
  Precomputing encoder-pullback target...
  Stage 2 epoch 60/300: loss=0.100608
  Stage 2 epoch 120/300: loss=0.074325
  Stage 2 epoch 180/300: loss=0.054138
  Stage 2 epoch 240/300: loss=0.041733
  Stage 2 epoch 300/300: loss=0.028596
  Stage 3 epoch 60/300: loss=0.060105
  Stage 3 epoch 120/300: loss=0.030965
  Stage 3 epoch 180/300: loss=0.010356
  Stage 3 epoch 240/300: loss=0.009057
  Stage 3 epoch 300/300: loss=0.008693
  rcMTE@0.1: 0.1946 (280/500 in region)
  rcMTE@0.5: 0.3524 (85/500 in region)
  rcMTE@1.0: 0.4948 (22/500 in region)
  MTE@0.1: 0.4056
  MTE@0.5: 0.7028
  MTE@1.0: 0.7977
  W2@1.0:  0.5829
  sW2@0.1: 0.2941 (280/500 in region)
  sW2@0.2: 0.2615 (205/500 in region)
  sW2@0.5: 0.4597 (85/500 in region)
  sW2@1.0: 0.7478 (22/500 in region)
  MMD@1.0: 0.1677
  Survival@1.0: 28.2%
  Stopped@1.0:  4.4%
      baseline: W2=0.5893  E_mu=0.1750  E_Sig=0.2745
             K: W2=0.5829  E_mu=0.1455  E_Sig=0.1632
           K+S: W2=0.5829  E_mu=0.1455  E_Sig=0.1632

  N=20, D=11 completed in 509.7s (25.5s per fork)

============================================================
  N=20 | D=201 (K=99) | paraboloid | seed=42
============================================================
    Phase1 Epoch 50/250: loss=0.725476
    Phase1 Epoch 100/250: loss=0.692529
    Phase1 Epoch 150/250: loss=0.624130
    Phase1 Epoch 200/250: loss=0.517641
    Phase1 Epoch 250/250: loss=0.479616
      Phase 2 AE: K_weight=0.0000
        Phase2 Epoch 50/250: loss=0.307256
        Phase2 Epoch 100/250: loss=0.216690
        Phase2 Epoch 150/250: loss=0.208368
        Phase2 Epoch 200/250: loss=0.194010
        Phase2 Epoch 250/250: loss=0.126429
        E_mu=1.9865  E_Sigma=6.8208
      → baseline
  Precomputing encoder-pullback target...
  Stage 2 epoch 60/300: loss=0.009417
  Stage 2 epoch 120/300: loss=0.009115
  Stage 2 epoch 180/300: loss=0.008776
  Stage 2 epoch 240/300: loss=0.008297
  Stage 2 epoch 300/300: loss=0.007557
  Stage 3 epoch 60/300: loss=0.000359
  Stage 3 epoch 120/300: loss=0.000320
  Stage 3 epoch 180/300: loss=0.000272
  Stage 3 epoch 240/300: loss=0.000226
  Stage 3 epoch 300/300: loss=0.000206
  rcMTE@0.1: 0.6823 (292/500 in region)
  rcMTE@0.5: 1.1626 (97/500 in region)
  rcMTE@1.0: 1.3463 (21/500 in region)
  MTE@0.1: 1.2350
  MTE@0.5: 1.9159
  MTE@1.0: 2.2303
  W2@1.0:  1.3364
  sW2@0.1: 0.5740 (292/500 in region)
  sW2@0.2: 0.8135 (214/500 in region)
  sW2@0.5: 1.1477 (97/500 in region)
  sW2@1.0: 1.9246 (21/500 in region)
  MMD@1.0: 0.3400
  Survival@1.0: 28.0%
  Stopped@1.0:  4.2%
      Phase 2 AE: K_weight=0.4275
        Phase2 Epoch 50/250: loss=0.399041
        Phase2 Epoch 100/250: loss=0.263004
        Phase2 Epoch 150/250: loss=0.185554
        Phase2 Epoch 200/250: loss=0.155636
        Phase2 Epoch 250/250: loss=0.145181
        E_mu=1.9394  E_Sigma=5.8404
      → K
  Precomputing encoder-pullback target...
  Stage 2 epoch 60/300: loss=0.008034
  Stage 2 epoch 120/300: loss=0.007636
  Stage 2 epoch 180/300: loss=0.007119
  Stage 2 epoch 240/300: loss=0.006422
  Stage 2 epoch 300/300: loss=0.005728
  Stage 3 epoch 60/300: loss=0.000334
  Stage 3 epoch 120/300: loss=0.000296
  Stage 3 epoch 180/300: loss=0.000250
  Stage 3 epoch 240/300: loss=0.000204
  Stage 3 epoch 300/300: loss=0.000182
  rcMTE@0.1: 0.6887 (292/500 in region)
  rcMTE@0.5: 1.1505 (97/500 in region)
  rcMTE@1.0: 1.3097 (21/500 in region)
  MTE@0.1: 1.2444
  MTE@0.5: 1.8667
  MTE@1.0: 2.0951
  W2@1.0:  1.1813
  sW2@0.1: 0.6059 (292/500 in region)
  sW2@0.2: 0.8424 (214/500 in region)
  sW2@0.5: 1.1167 (97/500 in region)
  sW2@1.0: 1.7673 (21/500 in region)
  MMD@1.0: 0.3420
  Survival@1.0: 28.0%
  Stopped@1.0:  4.2%
      → K+S
  Precomputing encoder-pullback target...
  Stage 2 epoch 60/300: loss=0.008034
  Stage 2 epoch 120/300: loss=0.007636
  Stage 2 epoch 180/300: loss=0.007119
  Stage 2 epoch 240/300: loss=0.006422
  Stage 2 epoch 300/300: loss=0.005728
  Stage 3 epoch 60/300: loss=0.000334
  Stage 3 epoch 120/300: loss=0.000296
  Stage 3 epoch 180/300: loss=0.000250
  Stage 3 epoch 240/300: loss=0.000204
  Stage 3 epoch 300/300: loss=0.000182
  rcMTE@0.1: 0.6887 (292/500 in region)
  rcMTE@0.5: 1.1505 (97/500 in region)
  rcMTE@1.0: 1.3097 (21/500 in region)
  MTE@0.1: 1.2444
  MTE@0.5: 1.8667
  MTE@1.0: 2.0951
  W2@1.0:  1.1813
  sW2@0.1: 0.6059 (292/500 in region)
  sW2@0.2: 0.8424 (214/500 in region)
  sW2@0.5: 1.1167 (97/500 in region)
  sW2@1.0: 1.7673 (21/500 in region)
  MMD@1.0: 0.3420
  Survival@1.0: 28.0%
  Stopped@1.0:  4.2%
      baseline: W2=1.3364  E_mu=1.9865  E_Sig=6.8208
             K: W2=1.1813  E_mu=1.9394  E_Sig=5.8404
           K+S: W2=1.1813  E_mu=1.9394  E_Sig=5.8404

============================================================
  N=20 | D=201 (K=99) | paraboloid | seed=1042
============================================================
    Phase1 Epoch 50/250: loss=0.688328
    Phase1 Epoch 100/250: loss=0.677658
    Phase1 Epoch 150/250: loss=0.632955
    Phase1 Epoch 200/250: loss=0.445422
    Phase1 Epoch 250/250: loss=0.271688
      Phase 2 AE: K_weight=0.0000
        Phase2 Epoch 50/250: loss=0.206052
        Phase2 Epoch 100/250: loss=0.281004
        Phase2 Epoch 150/250: loss=0.161826
        Phase2 Epoch 200/250: loss=0.085904
        Phase2 Epoch 250/250: loss=0.110611
        E_mu=1.5579  E_Sigma=3.2787
      → baseline
  Precomputing encoder-pullback target...
  Stage 2 epoch 60/300: loss=0.016054
  Stage 2 epoch 120/300: loss=0.014943
  Stage 2 epoch 180/300: loss=0.013016
  Stage 2 epoch 240/300: loss=0.010298
  Stage 2 epoch 300/300: loss=0.006726
  Stage 3 epoch 60/300: loss=0.000317
  Stage 3 epoch 120/300: loss=0.000279
  Stage 3 epoch 180/300: loss=0.000231
  Stage 3 epoch 240/300: loss=0.000182
  Stage 3 epoch 300/300: loss=0.000163
  rcMTE@0.1: 0.5071 (285/500 in region)
  rcMTE@0.5: 0.6927 (98/500 in region)
  rcMTE@1.0: 0.8779 (31/500 in region)
  MTE@0.1: 0.9112
  MTE@0.5: 1.3998
  MTE@1.0: 1.5435
  W2@1.0:  0.9285
  sW2@0.1: 0.5792 (285/500 in region)
  sW2@0.2: 0.8370 (204/500 in region)
  sW2@0.5: 0.8491 (98/500 in region)
  sW2@1.0: 1.0479 (31/500 in region)
  MMD@1.0: 0.1851
  Survival@1.0: 29.8%
  Stopped@1.0:  6.2%
      Phase 2 AE: K_weight=0.4275
        Phase2 Epoch 50/250: loss=0.256529
        Phase2 Epoch 100/250: loss=0.176482
        Phase2 Epoch 150/250: loss=0.201597
        Phase2 Epoch 200/250: loss=0.124639
        Phase2 Epoch 250/250: loss=0.085703
        E_mu=1.3584  E_Sigma=2.5102
      → K
  Precomputing encoder-pullback target...
  Stage 2 epoch 60/300: loss=0.017639
  Stage 2 epoch 120/300: loss=0.015961
  Stage 2 epoch 180/300: loss=0.012517
  Stage 2 epoch 240/300: loss=0.008407
  Stage 2 epoch 300/300: loss=0.004592
  Stage 3 epoch 60/300: loss=0.000302
  Stage 3 epoch 120/300: loss=0.000263
  Stage 3 epoch 180/300: loss=0.000220
  Stage 3 epoch 240/300: loss=0.000169
  Stage 3 epoch 300/300: loss=0.000145
  rcMTE@0.1: 0.4953 (285/500 in region)
  rcMTE@0.5: 0.7003 (98/500 in region)
  rcMTE@1.0: 0.9298 (31/500 in region)
  MTE@0.1: 0.8752
  MTE@0.5: 1.3741
  MTE@1.0: 1.5402
  W2@1.0:  0.9193
  sW2@0.1: 0.5666 (285/500 in region)
  sW2@0.2: 0.8209 (204/500 in region)
  sW2@0.5: 0.8338 (98/500 in region)
  sW2@1.0: 1.0727 (31/500 in region)
  MMD@1.0: 0.1729
  Survival@1.0: 29.8%
  Stopped@1.0:  6.2%
      → K+S
  Precomputing encoder-pullback target...
  Stage 2 epoch 60/300: loss=0.017639
  Stage 2 epoch 120/300: loss=0.015961
  Stage 2 epoch 180/300: loss=0.012517
  Stage 2 epoch 240/300: loss=0.008407
  Stage 2 epoch 300/300: loss=0.004592
  Stage 3 epoch 60/300: loss=0.000302
  Stage 3 epoch 120/300: loss=0.000263
  Stage 3 epoch 180/300: loss=0.000220
  Stage 3 epoch 240/300: loss=0.000169
  Stage 3 epoch 300/300: loss=0.000145
  rcMTE@0.1: 0.4953 (285/500 in region)
  rcMTE@0.5: 0.7003 (98/500 in region)
  rcMTE@1.0: 0.9298 (31/500 in region)
  MTE@0.1: 0.8752
  MTE@0.5: 1.3741
  MTE@1.0: 1.5402
  W2@1.0:  0.9193
  sW2@0.1: 0.5666 (285/500 in region)
  sW2@0.2: 0.8209 (204/500 in region)
  sW2@0.5: 0.8338 (98/500 in region)
  sW2@1.0: 1.0727 (31/500 in region)
  MMD@1.0: 0.1729
  Survival@1.0: 29.8%
  Stopped@1.0:  6.2%
      baseline: W2=0.9285  E_mu=1.5579  E_Sig=3.2787
             K: W2=0.9193  E_mu=1.3584  E_Sig=2.5102
           K+S: W2=0.9193  E_mu=1.3584  E_Sig=2.5102

============================================================
  N=20 | D=201 (K=99) | paraboloid | seed=2042
============================================================
    Phase1 Epoch 50/250: loss=0.928143
    Phase1 Epoch 100/250: loss=0.862178
    Phase1 Epoch 150/250: loss=0.804693
    Phase1 Epoch 200/250: loss=0.689583
    Phase1 Epoch 250/250: loss=0.562841
      Phase 2 AE: K_weight=0.0000
        Phase2 Epoch 50/250: loss=0.293230
        Phase2 Epoch 100/250: loss=0.146833
        Phase2 Epoch 150/250: loss=0.158979
        Phase2 Epoch 200/250: loss=0.085848
        Phase2 Epoch 250/250: loss=0.108520
        E_mu=0.8384  E_Sigma=2.0063
      → baseline
  Precomputing encoder-pullback target...
  Stage 2 epoch 60/300: loss=0.016298
  Stage 2 epoch 120/300: loss=0.015466
  Stage 2 epoch 180/300: loss=0.014244
  Stage 2 epoch 240/300: loss=0.012261
  Stage 2 epoch 300/300: loss=0.009078
  Stage 3 epoch 60/300: loss=0.000263
  Stage 3 epoch 120/300: loss=0.000238
  Stage 3 epoch 180/300: loss=0.000191
  Stage 3 epoch 240/300: loss=0.000170
  Stage 3 epoch 300/300: loss=0.000156
  rcMTE@0.1: 0.3246 (293/500 in region)
  rcMTE@0.5: 0.5195 (88/500 in region)
  rcMTE@1.0: 0.5480 (24/500 in region)
  MTE@0.1: 0.5974
  MTE@0.5: 0.9351
  MTE@1.0: 0.9670
  W2@1.0:  0.7357
  sW2@0.1: 0.4178 (293/500 in region)
  sW2@0.2: 0.5191 (212/500 in region)
  sW2@0.5: 0.7588 (88/500 in region)
  sW2@1.0: 0.6535 (24/500 in region)
  MMD@1.0: 0.1809
  Survival@1.0: 26.6%
  Stopped@1.0:  4.8%
      Phase 2 AE: K_weight=0.4275
        Phase2 Epoch 50/250: loss=0.324313
        Phase2 Epoch 100/250: loss=0.178892
        Phase2 Epoch 150/250: loss=0.097552
        Phase2 Epoch 200/250: loss=0.129222
        Phase2 Epoch 250/250: loss=0.077059
        E_mu=0.8436  E_Sigma=1.8147
      → K
  Precomputing encoder-pullback target...
  Stage 2 epoch 60/300: loss=0.043397
  Stage 2 epoch 120/300: loss=0.040494
  Stage 2 epoch 180/300: loss=0.031288
  Stage 2 epoch 240/300: loss=0.015366
  Stage 2 epoch 300/300: loss=0.006368
  Stage 3 epoch 60/300: loss=0.000250
  Stage 3 epoch 120/300: loss=0.000194
  Stage 3 epoch 180/300: loss=0.000166
  Stage 3 epoch 240/300: loss=0.000151
  Stage 3 epoch 300/300: loss=0.000140
  rcMTE@0.1: 0.2469 (293/500 in region)
  rcMTE@0.5: 0.3736 (88/500 in region)
  rcMTE@1.0: 0.4052 (24/500 in region)
  MTE@0.1: 0.5593
  MTE@0.5: 0.8090
  MTE@1.0: 0.8514
  W2@1.0:  0.6442
  sW2@0.1: 0.3319 (293/500 in region)
  sW2@0.2: 0.3854 (212/500 in region)
  sW2@0.5: 0.4733 (88/500 in region)
  sW2@1.0: 0.4978 (24/500 in region)
  MMD@1.0: 0.1583
  Survival@1.0: 26.6%
  Stopped@1.0:  4.8%
      → K+S
  Precomputing encoder-pullback target...
  Stage 2 epoch 60/300: loss=0.043397
  Stage 2 epoch 120/300: loss=0.040494
  Stage 2 epoch 180/300: loss=0.031288
  Stage 2 epoch 240/300: loss=0.015366
  Stage 2 epoch 300/300: loss=0.006368
  Stage 3 epoch 60/300: loss=0.000250
  Stage 3 epoch 120/300: loss=0.000194
  Stage 3 epoch 180/300: loss=0.000166
  Stage 3 epoch 240/300: loss=0.000151
  Stage 3 epoch 300/300: loss=0.000140
  rcMTE@0.1: 0.2469 (293/500 in region)
  rcMTE@0.5: 0.3736 (88/500 in region)
  rcMTE@1.0: 0.4052 (24/500 in region)
  MTE@0.1: 0.5593
  MTE@0.5: 0.8090
  MTE@1.0: 0.8514
  W2@1.0:  0.6442
  sW2@0.1: 0.3319 (293/500 in region)
  sW2@0.2: 0.3854 (212/500 in region)
  sW2@0.5: 0.4733 (88/500 in region)
  sW2@1.0: 0.4978 (24/500 in region)
  MMD@1.0: 0.1583
  Survival@1.0: 26.6%
  Stopped@1.0:  4.8%
      baseline: W2=0.7357  E_mu=0.8384  E_Sig=2.0063
             K: W2=0.6442  E_mu=0.8436  E_Sig=1.8147
           K+S: W2=0.6442  E_mu=0.8436  E_Sig=1.8147

============================================================
  N=20 | D=201 (K=99) | paraboloid | seed=3042
============================================================
    Phase1 Epoch 50/250: loss=0.807089
    Phase1 Epoch 100/250: loss=0.770404
    Phase1 Epoch 150/250: loss=0.724763
    Phase1 Epoch 200/250: loss=0.555004
    Phase1 Epoch 250/250: loss=0.433112
      Phase 2 AE: K_weight=0.0000
        Phase2 Epoch 50/250: loss=0.312052
        Phase2 Epoch 100/250: loss=0.180825
        Phase2 Epoch 150/250: loss=0.110715
        Phase2 Epoch 200/250: loss=0.089999
        Phase2 Epoch 250/250: loss=0.050416
        E_mu=0.7570  E_Sigma=1.1851
      → baseline
  Precomputing encoder-pullback target...
  Stage 2 epoch 60/300: loss=0.024564
  Stage 2 epoch 120/300: loss=0.023794
  Stage 2 epoch 180/300: loss=0.022365
  Stage 2 epoch 240/300: loss=0.018977
  Stage 2 epoch 300/300: loss=0.012993
  Stage 3 epoch 60/300: loss=0.000275
  Stage 3 epoch 120/300: loss=0.000224
  Stage 3 epoch 180/300: loss=0.000167
  Stage 3 epoch 240/300: loss=0.000119
  Stage 3 epoch 300/300: loss=0.000105
  rcMTE@0.1: 0.2129 (275/500 in region)
  rcMTE@0.5: 0.3456 (78/500 in region)
  rcMTE@1.0: 0.4811 (25/500 in region)
  MTE@0.1: 0.5338
  MTE@0.5: 0.7994
  MTE@1.0: 0.9810
  W2@1.0:  0.6344
  sW2@0.1: 0.3485 (275/500 in region)
  sW2@0.2: 0.3582 (204/500 in region)
  sW2@0.5: 0.6209 (78/500 in region)
  sW2@1.0: 0.9640 (25/500 in region)
  MMD@1.0: 0.2542
  Survival@1.0: 27.2%
  Stopped@1.0:  5.0%
      Phase 2 AE: K_weight=0.4275
        Phase2 Epoch 50/250: loss=0.325778
        Phase2 Epoch 100/250: loss=0.227019
        Phase2 Epoch 150/250: loss=0.110969
        Phase2 Epoch 200/250: loss=0.071699
        Phase2 Epoch 250/250: loss=0.054106
        E_mu=0.7303  E_Sigma=1.8308
      → K
  Precomputing encoder-pullback target...
  Stage 2 epoch 60/300: loss=0.023118
  Stage 2 epoch 120/300: loss=0.022180
  Stage 2 epoch 180/300: loss=0.019285
  Stage 2 epoch 240/300: loss=0.013839
  Stage 2 epoch 300/300: loss=0.009153
  Stage 3 epoch 60/300: loss=0.000279
  Stage 3 epoch 120/300: loss=0.000232
  Stage 3 epoch 180/300: loss=0.000169
  Stage 3 epoch 240/300: loss=0.000114
  Stage 3 epoch 300/300: loss=0.000101
  rcMTE@0.1: 0.2773 (275/500 in region)
  rcMTE@0.5: 0.4415 (78/500 in region)
  rcMTE@1.0: 0.6525 (25/500 in region)
  MTE@0.1: 0.6439
  MTE@0.5: 0.9275
  MTE@1.0: 1.2375
  W2@1.0:  0.9467
  sW2@0.1: 0.4742 (275/500 in region)
  sW2@0.2: 0.4828 (204/500 in region)
  sW2@0.5: 0.7843 (78/500 in region)
  sW2@1.0: 1.1939 (25/500 in region)
  MMD@1.0: 0.3825
  Survival@1.0: 27.2%
  Stopped@1.0:  5.0%
      → K+S
  Precomputing encoder-pullback target...
  Stage 2 epoch 60/300: loss=0.023118
  Stage 2 epoch 120/300: loss=0.022180
  Stage 2 epoch 180/300: loss=0.019285
  Stage 2 epoch 240/300: loss=0.013839
  Stage 2 epoch 300/300: loss=0.009153
  Stage 3 epoch 60/300: loss=0.000279
  Stage 3 epoch 120/300: loss=0.000232
  Stage 3 epoch 180/300: loss=0.000169
  Stage 3 epoch 240/300: loss=0.000114
  Stage 3 epoch 300/300: loss=0.000101
  rcMTE@0.1: 0.2773 (275/500 in region)
  rcMTE@0.5: 0.4415 (78/500 in region)
  rcMTE@1.0: 0.6525 (25/500 in region)
  MTE@0.1: 0.6439
  MTE@0.5: 0.9275
  MTE@1.0: 1.2375
  W2@1.0:  0.9467
  sW2@0.1: 0.4742 (275/500 in region)
  sW2@0.2: 0.4828 (204/500 in region)
  sW2@0.5: 0.7843 (78/500 in region)
  sW2@1.0: 1.1939 (25/500 in region)
  MMD@1.0: 0.3825
  Survival@1.0: 27.2%
  Stopped@1.0:  5.0%
      baseline: W2=0.6344  E_mu=0.7570  E_Sig=1.1851
             K: W2=0.9467  E_mu=0.7303  E_Sig=1.8308
           K+S: W2=0.9467  E_mu=0.7303  E_Sig=1.8308

============================================================
  N=20 | D=201 (K=99) | paraboloid | seed=4042
============================================================
    Phase1 Epoch 50/250: loss=0.820676
    Phase1 Epoch 100/250: loss=0.745430
    Phase1 Epoch 150/250: loss=0.606428
    Phase1 Epoch 200/250: loss=0.428950
    Phase1 Epoch 250/250: loss=0.259851
      Phase 2 AE: K_weight=0.0000
        Phase2 Epoch 50/250: loss=0.169571
        Phase2 Epoch 100/250: loss=0.156538
        Phase2 Epoch 150/250: loss=0.082959
        Phase2 Epoch 200/250: loss=0.080602
        Phase2 Epoch 250/250: loss=0.058646
        E_mu=1.2875  E_Sigma=2.0539
      → baseline
  Precomputing encoder-pullback target...
  Stage 2 epoch 60/300: loss=0.005589
  Stage 2 epoch 120/300: loss=0.004917
  Stage 2 epoch 180/300: loss=0.003953
  Stage 2 epoch 240/300: loss=0.002907
  Stage 2 epoch 300/300: loss=0.002034
  Stage 3 epoch 60/300: loss=0.000374
  Stage 3 epoch 120/300: loss=0.000363
  Stage 3 epoch 180/300: loss=0.000358
  Stage 3 epoch 240/300: loss=0.000353
  Stage 3 epoch 300/300: loss=0.000349
  rcMTE@0.1: 0.5395 (287/500 in region)
  rcMTE@0.5: 0.7365 (102/500 in region)
  rcMTE@1.0: 0.7730 (30/500 in region)
  MTE@0.1: 0.8918
  MTE@0.5: 1.3231
  MTE@1.0: 1.3433
  W2@1.0:  0.4872
  sW2@0.1: 0.4731 (287/500 in region)
  sW2@0.2: 0.6881 (207/500 in region)
  sW2@0.5: 0.3828 (102/500 in region)
  sW2@1.0: 0.8461 (30/500 in region)
  MMD@1.0: 0.1779
  Survival@1.0: 28.2%
  Stopped@1.0:  6.0%
      Phase 2 AE: K_weight=0.4275
        Phase2 Epoch 50/250: loss=0.161909
        Phase2 Epoch 100/250: loss=0.219329
        Phase2 Epoch 150/250: loss=0.123682
        Phase2 Epoch 200/250: loss=0.072219
        Phase2 Epoch 250/250: loss=0.052191
        E_mu=1.0482  E_Sigma=2.1197
      → K
  Precomputing encoder-pullback target...
  Stage 2 epoch 60/300: loss=0.004362
  Stage 2 epoch 120/300: loss=0.003931
  Stage 2 epoch 180/300: loss=0.003433
  Stage 2 epoch 240/300: loss=0.002935
  Stage 2 epoch 300/300: loss=0.002487
  Stage 3 epoch 60/300: loss=0.000307
  Stage 3 epoch 120/300: loss=0.000292
  Stage 3 epoch 180/300: loss=0.000283
  Stage 3 epoch 240/300: loss=0.000275
  Stage 3 epoch 300/300: loss=0.000265
  rcMTE@0.1: 0.5327 (287/500 in region)
  rcMTE@0.5: 0.7454 (102/500 in region)
  rcMTE@1.0: 0.7970 (30/500 in region)
  MTE@0.1: 0.9019
  MTE@0.5: 1.3360
  MTE@1.0: 1.3903
  W2@1.0:  0.4957
  sW2@0.1: 0.4766 (287/500 in region)
  sW2@0.2: 0.6474 (207/500 in region)
  sW2@0.5: 0.4609 (102/500 in region)
  sW2@1.0: 0.9018 (30/500 in region)
  MMD@1.0: 0.1985
  Survival@1.0: 28.2%
  Stopped@1.0:  6.0%
      → K+S
  Precomputing encoder-pullback target...
  Stage 2 epoch 60/300: loss=0.004362
  Stage 2 epoch 120/300: loss=0.003931
  Stage 2 epoch 180/300: loss=0.003433
  Stage 2 epoch 240/300: loss=0.002935
  Stage 2 epoch 300/300: loss=0.002487
  Stage 3 epoch 60/300: loss=0.000307
  Stage 3 epoch 120/300: loss=0.000292
  Stage 3 epoch 180/300: loss=0.000283
  Stage 3 epoch 240/300: loss=0.000275
  Stage 3 epoch 300/300: loss=0.000265
  rcMTE@0.1: 0.5327 (287/500 in region)
  rcMTE@0.5: 0.7454 (102/500 in region)
  rcMTE@1.0: 0.7970 (30/500 in region)
  MTE@0.1: 0.9019
  MTE@0.5: 1.3360
  MTE@1.0: 1.3903
  W2@1.0:  0.4957
  sW2@0.1: 0.4766 (287/500 in region)
  sW2@0.2: 0.6474 (207/500 in region)
  sW2@0.5: 0.4609 (102/500 in region)
  sW2@1.0: 0.9018 (30/500 in region)
  MMD@1.0: 0.1985
  Survival@1.0: 28.2%
  Stopped@1.0:  6.0%
      baseline: W2=0.4872  E_mu=1.2875  E_Sig=2.0539
             K: W2=0.4957  E_mu=1.0482  E_Sig=2.1197
           K+S: W2=0.4957  E_mu=1.0482  E_Sig=2.1197

============================================================
  N=20 | D=201 (K=99) | paraboloid | seed=5042
============================================================
    Phase1 Epoch 50/250: loss=0.833598
    Phase1 Epoch 100/250: loss=0.693876
    Phase1 Epoch 150/250: loss=0.504687
    Phase1 Epoch 200/250: loss=0.277524
    Phase1 Epoch 250/250: loss=0.183317
      Phase 2 AE: K_weight=0.0000
        Phase2 Epoch 50/250: loss=0.137238
        Phase2 Epoch 100/250: loss=0.113516
        Phase2 Epoch 150/250: loss=0.286991
        Phase2 Epoch 200/250: loss=0.075937
        Phase2 Epoch 250/250: loss=0.053715
        E_mu=1.1380  E_Sigma=2.3864
      → baseline
  Precomputing encoder-pullback target...
  Stage 2 epoch 60/300: loss=0.010082
  Stage 2 epoch 120/300: loss=0.007884
  Stage 2 epoch 180/300: loss=0.006362
  Stage 2 epoch 240/300: loss=0.005618
  Stage 2 epoch 300/300: loss=0.005116
  Stage 3 epoch 60/300: loss=0.000156
  Stage 3 epoch 120/300: loss=0.000144
  Stage 3 epoch 180/300: loss=0.000139
  Stage 3 epoch 240/300: loss=0.000135
  Stage 3 epoch 300/300: loss=0.000133
  rcMTE@0.1: 0.5693 (285/500 in region)
  rcMTE@0.5: 0.8185 (93/500 in region)
  rcMTE@1.0: 0.6988 (33/500 in region)
  MTE@0.1: 1.0137
  MTE@0.5: 1.4631
  MTE@1.0: 1.3131
  W2@1.0:  0.5246
  sW2@0.1: 0.4386 (285/500 in region)
  sW2@0.2: 0.5667 (216/500 in region)
  sW2@0.5: 0.5189 (93/500 in region)
  sW2@1.0: 0.6049 (33/500 in region)
  MMD@1.0: 0.1690
  Survival@1.0: 25.8%
  Stopped@1.0:  6.6%
      Phase 2 AE: K_weight=0.4275
        Phase2 Epoch 50/250: loss=0.136773
        Phase2 Epoch 100/250: loss=0.121357
        Phase2 Epoch 150/250: loss=0.202037
        Phase2 Epoch 200/250: loss=0.072575
        Phase2 Epoch 250/250: loss=0.078703
        E_mu=1.0886  E_Sigma=2.0155
      → K
  Precomputing encoder-pullback target...
  Stage 2 epoch 60/300: loss=0.006683
  Stage 2 epoch 120/300: loss=0.005638
  Stage 2 epoch 180/300: loss=0.004960
  Stage 2 epoch 240/300: loss=0.004580
  Stage 2 epoch 300/300: loss=0.004194
  Stage 3 epoch 60/300: loss=0.000151
  Stage 3 epoch 120/300: loss=0.000143
  Stage 3 epoch 180/300: loss=0.000140
  Stage 3 epoch 240/300: loss=0.000138
  Stage 3 epoch 300/300: loss=0.000136
  rcMTE@0.1: 0.5839 (285/500 in region)
  rcMTE@0.5: 0.8441 (93/500 in region)
  rcMTE@1.0: 0.7713 (33/500 in region)
  MTE@0.1: 1.0759
  MTE@0.5: 1.5456
  MTE@1.0: 1.4034
  W2@1.0:  0.7423
  sW2@0.1: 0.4643 (285/500 in region)
  sW2@0.2: 0.5986 (216/500 in region)
  sW2@0.5: 0.5655 (93/500 in region)
  sW2@1.0: 0.8427 (33/500 in region)
  MMD@1.0: 0.2006
  Survival@1.0: 25.8%
  Stopped@1.0:  6.6%
      → K+S
  Precomputing encoder-pullback target...
  Stage 2 epoch 60/300: loss=0.006683
  Stage 2 epoch 120/300: loss=0.005638
  Stage 2 epoch 180/300: loss=0.004960
  Stage 2 epoch 240/300: loss=0.004580
  Stage 2 epoch 300/300: loss=0.004194
  Stage 3 epoch 60/300: loss=0.000151
  Stage 3 epoch 120/300: loss=0.000143
  Stage 3 epoch 180/300: loss=0.000140
  Stage 3 epoch 240/300: loss=0.000138
  Stage 3 epoch 300/300: loss=0.000136
  rcMTE@0.1: 0.5839 (285/500 in region)
  rcMTE@0.5: 0.8441 (93/500 in region)
  rcMTE@1.0: 0.7713 (33/500 in region)
  MTE@0.1: 1.0759
  MTE@0.5: 1.5456
  MTE@1.0: 1.4034
  W2@1.0:  0.7423
  sW2@0.1: 0.4643 (285/500 in region)
  sW2@0.2: 0.5986 (216/500 in region)
  sW2@0.5: 0.5655 (93/500 in region)
  sW2@1.0: 0.8427 (33/500 in region)
  MMD@1.0: 0.2006
  Survival@1.0: 25.8%
  Stopped@1.0:  6.6%
      baseline: W2=0.5246  E_mu=1.1380  E_Sig=2.3864
             K: W2=0.7423  E_mu=1.0886  E_Sig=2.0155
           K+S: W2=0.7423  E_mu=1.0886  E_Sig=2.0155

============================================================
  N=20 | D=201 (K=99) | paraboloid | seed=6042
============================================================
    Phase1 Epoch 50/250: loss=0.922522
    Phase1 Epoch 100/250: loss=0.761401
    Phase1 Epoch 150/250: loss=0.623874
    Phase1 Epoch 200/250: loss=0.346233
    Phase1 Epoch 250/250: loss=0.129847
      Phase 2 AE: K_weight=0.0000
        Phase2 Epoch 50/250: loss=0.107006
        Phase2 Epoch 100/250: loss=0.077234
        Phase2 Epoch 150/250: loss=0.088640
        Phase2 Epoch 200/250: loss=0.046625
        Phase2 Epoch 250/250: loss=0.034784
        E_mu=1.4572  E_Sigma=1.6103
      → baseline
  Precomputing encoder-pullback target...
  Stage 2 epoch 60/300: loss=0.007055
  Stage 2 epoch 120/300: loss=0.006019
  Stage 2 epoch 180/300: loss=0.005082
  Stage 2 epoch 240/300: loss=0.004309
  Stage 2 epoch 300/300: loss=0.003767
  Stage 3 epoch 60/300: loss=0.000095
  Stage 3 epoch 120/300: loss=0.000073
  Stage 3 epoch 180/300: loss=0.000057
  Stage 3 epoch 240/300: loss=0.000045
  Stage 3 epoch 300/300: loss=0.000040
  rcMTE@0.1: 0.2004 (290/500 in region)
  rcMTE@0.5: 0.3545 (89/500 in region)
  rcMTE@1.0: 0.3893 (30/500 in region)
  MTE@0.1: 0.4486
  MTE@0.5: 0.7116
  MTE@1.0: 0.8358
  W2@1.0:  0.6620
  sW2@0.1: 0.2648 (290/500 in region)
  sW2@0.2: 0.3063 (208/500 in region)
  sW2@0.5: 0.4637 (89/500 in region)
  sW2@1.0: 0.5861 (30/500 in region)
  MMD@1.0: 0.1542
  Survival@1.0: 27.2%
  Stopped@1.0:  6.0%
      Phase 2 AE: K_weight=0.4275
        Phase2 Epoch 50/250: loss=0.097939
        Phase2 Epoch 100/250: loss=0.068580
        Phase2 Epoch 150/250: loss=0.081025
        Phase2 Epoch 200/250: loss=0.034487
        Phase2 Epoch 250/250: loss=0.036199
        E_mu=1.1420  E_Sigma=1.9685
      → K
  Precomputing encoder-pullback target...
  Stage 2 epoch 60/300: loss=0.007262
  Stage 2 epoch 120/300: loss=0.006313
  Stage 2 epoch 180/300: loss=0.005322
  Stage 2 epoch 240/300: loss=0.004494
  Stage 2 epoch 300/300: loss=0.003866
  Stage 3 epoch 60/300: loss=0.000108
  Stage 3 epoch 120/300: loss=0.000087
  Stage 3 epoch 180/300: loss=0.000070
  Stage 3 epoch 240/300: loss=0.000056
  Stage 3 epoch 300/300: loss=0.000050
  rcMTE@0.1: 0.2380 (290/500 in region)
  rcMTE@0.5: 0.3655 (89/500 in region)
  rcMTE@1.0: 0.3912 (30/500 in region)
  MTE@0.1: 0.6265
  MTE@0.5: 0.8349
  MTE@1.0: 0.9797
  W2@1.0:  0.8883
  sW2@0.1: 0.5021 (290/500 in region)
  sW2@0.2: 0.5179 (208/500 in region)
  sW2@0.5: 0.6468 (89/500 in region)
  sW2@1.0: 0.7231 (30/500 in region)
  MMD@1.0: 0.2250
  Survival@1.0: 27.2%
  Stopped@1.0:  6.0%
      → K+S
  Precomputing encoder-pullback target...
  Stage 2 epoch 60/300: loss=0.007262
  Stage 2 epoch 120/300: loss=0.006313
  Stage 2 epoch 180/300: loss=0.005322
  Stage 2 epoch 240/300: loss=0.004494
  Stage 2 epoch 300/300: loss=0.003866
  Stage 3 epoch 60/300: loss=0.000108
  Stage 3 epoch 120/300: loss=0.000087
  Stage 3 epoch 180/300: loss=0.000070
  Stage 3 epoch 240/300: loss=0.000056
  Stage 3 epoch 300/300: loss=0.000050
  rcMTE@0.1: 0.2380 (290/500 in region)
  rcMTE@0.5: 0.3655 (89/500 in region)
  rcMTE@1.0: 0.3912 (30/500 in region)
  MTE@0.1: 0.6265
  MTE@0.5: 0.8349
  MTE@1.0: 0.9797
  W2@1.0:  0.8883
  sW2@0.1: 0.5021 (290/500 in region)
  sW2@0.2: 0.5179 (208/500 in region)
  sW2@0.5: 0.6468 (89/500 in region)
  sW2@1.0: 0.7231 (30/500 in region)
  MMD@1.0: 0.2250
  Survival@1.0: 27.2%
  Stopped@1.0:  6.0%
      baseline: W2=0.6620  E_mu=1.4572  E_Sig=1.6103
             K: W2=0.8883  E_mu=1.1420  E_Sig=1.9685
           K+S: W2=0.8883  E_mu=1.1420  E_Sig=1.9685

============================================================
  N=20 | D=201 (K=99) | paraboloid | seed=7042
============================================================
    Phase1 Epoch 50/250: loss=1.040448
    Phase1 Epoch 100/250: loss=0.771802
    Phase1 Epoch 150/250: loss=0.835846
    Phase1 Epoch 200/250: loss=0.554967
    Phase1 Epoch 250/250: loss=0.459994
      Phase 2 AE: K_weight=0.0000
        Phase2 Epoch 50/250: loss=0.408489
        Phase2 Epoch 100/250: loss=0.259443
        Phase2 Epoch 150/250: loss=0.170664
        Phase2 Epoch 200/250: loss=0.125893
        Phase2 Epoch 250/250: loss=0.132001
        E_mu=0.6717  E_Sigma=1.3781
      → baseline
  Precomputing encoder-pullback target...
  Stage 2 epoch 60/300: loss=0.690334
  Stage 2 epoch 120/300: loss=0.634235
  Stage 2 epoch 180/300: loss=0.473445
  Stage 2 epoch 240/300: loss=0.291275
  Stage 2 epoch 300/300: loss=0.191316
  Stage 3 epoch 60/300: loss=0.000607
  Stage 3 epoch 120/300: loss=0.000386
  Stage 3 epoch 180/300: loss=0.000354
  Stage 3 epoch 240/300: loss=0.000325
  Stage 3 epoch 300/300: loss=0.000302
  rcMTE@0.1: 0.5737 (316/500 in region)
  rcMTE@0.5: 0.8717 (109/500 in region)
  rcMTE@1.0: 1.0046 (29/500 in region)
  MTE@0.1: 1.0212
  MTE@0.5: 1.5538
  MTE@1.0: 1.5190
  W2@1.0:  0.8516
  sW2@0.1: 0.5896 (316/500 in region)
  sW2@0.2: 0.7551 (232/500 in region)
  sW2@0.5: 0.8254 (109/500 in region)
  sW2@1.0: 1.1456 (29/500 in region)
  MMD@1.0: 0.2664
  Survival@1.0: 28.8%
  Stopped@1.0:  5.8%
      Phase 2 AE: K_weight=0.4275
        Phase2 Epoch 50/250: loss=0.415215
        Phase2 Epoch 100/250: loss=0.282033
        Phase2 Epoch 150/250: loss=0.190301
        Phase2 Epoch 200/250: loss=0.137292
        Phase2 Epoch 250/250: loss=0.131635
        E_mu=0.5667  E_Sigma=1.4994
      → K
  Precomputing encoder-pullback target...
  Stage 2 epoch 60/300: loss=0.524038
  Stage 2 epoch 120/300: loss=0.503019
  Stage 2 epoch 180/300: loss=0.447782
  Stage 2 epoch 240/300: loss=0.338638
  Stage 2 epoch 300/300: loss=0.240550
  Stage 3 epoch 60/300: loss=0.000595
  Stage 3 epoch 120/300: loss=0.000404
  Stage 3 epoch 180/300: loss=0.000312
  Stage 3 epoch 240/300: loss=0.000251
  Stage 3 epoch 300/300: loss=0.000241
  rcMTE@0.1: 0.5524 (316/500 in region)
  rcMTE@0.5: 0.8400 (109/500 in region)
  rcMTE@1.0: 0.9146 (29/500 in region)
  MTE@0.1: 1.0238
  MTE@0.5: 1.5038
  MTE@1.0: 1.5219
  W2@1.0:  0.9763
  sW2@0.1: 0.5887 (316/500 in region)
  sW2@0.2: 0.7269 (232/500 in region)
  sW2@0.5: 0.7662 (109/500 in region)
  sW2@1.0: 0.9926 (29/500 in region)
  MMD@1.0: 0.3661
  Survival@1.0: 28.8%
  Stopped@1.0:  5.8%
      → K+S
  Precomputing encoder-pullback target...
  Stage 2 epoch 60/300: loss=0.524038
  Stage 2 epoch 120/300: loss=0.503019
  Stage 2 epoch 180/300: loss=0.447782
  Stage 2 epoch 240/300: loss=0.338638
  Stage 2 epoch 300/300: loss=0.240550
  Stage 3 epoch 60/300: loss=0.000595
  Stage 3 epoch 120/300: loss=0.000404
  Stage 3 epoch 180/300: loss=0.000312
  Stage 3 epoch 240/300: loss=0.000251
  Stage 3 epoch 300/300: loss=0.000241
  rcMTE@0.1: 0.5524 (316/500 in region)
  rcMTE@0.5: 0.8400 (109/500 in region)
  rcMTE@1.0: 0.9146 (29/500 in region)
  MTE@0.1: 1.0238
  MTE@0.5: 1.5038
  MTE@1.0: 1.5219
  W2@1.0:  0.9763
  sW2@0.1: 0.5887 (316/500 in region)
  sW2@0.2: 0.7269 (232/500 in region)
  sW2@0.5: 0.7662 (109/500 in region)
  sW2@1.0: 0.9926 (29/500 in region)
  MMD@1.0: 0.3661
  Survival@1.0: 28.8%
  Stopped@1.0:  5.8%
      baseline: W2=0.8516  E_mu=0.6717  E_Sig=1.3781
             K: W2=0.9763  E_mu=0.5667  E_Sig=1.4994
           K+S: W2=0.9763  E_mu=0.5667  E_Sig=1.4994

============================================================
  N=20 | D=201 (K=99) | paraboloid | seed=8042
============================================================
    Phase1 Epoch 50/250: loss=0.874910
    Phase1 Epoch 100/250: loss=0.741039
    Phase1 Epoch 150/250: loss=0.691437
    Phase1 Epoch 200/250: loss=0.622271
    Phase1 Epoch 250/250: loss=0.366253
      Phase 2 AE: K_weight=0.0000
        Phase2 Epoch 50/250: loss=0.210692
        Phase2 Epoch 100/250: loss=0.093198
        Phase2 Epoch 150/250: loss=0.068507
        Phase2 Epoch 200/250: loss=0.064757
        Phase2 Epoch 250/250: loss=0.048503
        E_mu=1.1370  E_Sigma=1.7478
      → baseline
  Precomputing encoder-pullback target...
  Stage 2 epoch 60/300: loss=0.321523
  Stage 2 epoch 120/300: loss=0.312154
  Stage 2 epoch 180/300: loss=0.261635
  Stage 2 epoch 240/300: loss=0.154014
  Stage 2 epoch 300/300: loss=0.059762
  Stage 3 epoch 60/300: loss=0.000696
  Stage 3 epoch 120/300: loss=0.000609
  Stage 3 epoch 180/300: loss=0.000489
  Stage 3 epoch 240/300: loss=0.000464
  Stage 3 epoch 300/300: loss=0.000451
  rcMTE@0.1: 0.3604 (269/500 in region)
  rcMTE@0.5: 1.2319 (84/500 in region)
  rcMTE@1.0: 1.9374 (29/500 in region)
  MTE@0.1: 0.7135
  MTE@0.5: 2.3116
  MTE@1.0: 3.8718
  W2@1.0:  4.2281
  sW2@0.1: 0.4634 (269/500 in region)
  sW2@0.2: 0.9374 (192/500 in region)
  sW2@0.5: 2.3394 (84/500 in region)
  sW2@1.0: 3.8424 (29/500 in region)
  MMD@1.0: 0.6624
  Survival@1.0: 27.0%
  Stopped@1.0:  5.8%
      Phase 2 AE: K_weight=0.4275
        Phase2 Epoch 50/250: loss=0.190806
        Phase2 Epoch 100/250: loss=0.113126
        Phase2 Epoch 150/250: loss=0.125953
        Phase2 Epoch 200/250: loss=0.102768
        Phase2 Epoch 250/250: loss=0.073988
        E_mu=1.1451  E_Sigma=2.4569
      → K
  Precomputing encoder-pullback target...
  Stage 2 epoch 60/300: loss=0.291918
  Stage 2 epoch 120/300: loss=0.284960
  Stage 2 epoch 180/300: loss=0.249843
  Stage 2 epoch 240/300: loss=0.147736
  Stage 2 epoch 300/300: loss=0.054040
  Stage 3 epoch 60/300: loss=0.000574
  Stage 3 epoch 120/300: loss=0.000523
  Stage 3 epoch 180/300: loss=0.000404
  Stage 3 epoch 240/300: loss=0.000353
  Stage 3 epoch 300/300: loss=0.000339
  rcMTE@0.1: 0.3392 (269/500 in region)
  rcMTE@0.5: 1.0851 (84/500 in region)
  rcMTE@1.0: 1.6643 (29/500 in region)
  MTE@0.1: 0.7136
  MTE@0.5: 1.9819
  MTE@1.0: 3.2456
  W2@1.0:  3.2307
  sW2@0.1: 0.4173 (269/500 in region)
  sW2@0.2: 0.6913 (192/500 in region)
  sW2@0.5: 1.7652 (84/500 in region)
  sW2@1.0: 2.9949 (29/500 in region)
  MMD@1.0: 0.6429
  Survival@1.0: 27.0%
  Stopped@1.0:  5.8%
      → K+S
  Precomputing encoder-pullback target...
  Stage 2 epoch 60/300: loss=0.291918
  Stage 2 epoch 120/300: loss=0.284960
  Stage 2 epoch 180/300: loss=0.249843
  Stage 2 epoch 240/300: loss=0.147736
  Stage 2 epoch 300/300: loss=0.054040
  Stage 3 epoch 60/300: loss=0.000574
  Stage 3 epoch 120/300: loss=0.000523
  Stage 3 epoch 180/300: loss=0.000404
  Stage 3 epoch 240/300: loss=0.000353
  Stage 3 epoch 300/300: loss=0.000339
  rcMTE@0.1: 0.3392 (269/500 in region)
  rcMTE@0.5: 1.0851 (84/500 in region)
  rcMTE@1.0: 1.6643 (29/500 in region)
  MTE@0.1: 0.7136
  MTE@0.5: 1.9819
  MTE@1.0: 3.2456
  W2@1.0:  3.2307
  sW2@0.1: 0.4173 (269/500 in region)
  sW2@0.2: 0.6913 (192/500 in region)
  sW2@0.5: 1.7652 (84/500 in region)
  sW2@1.0: 2.9949 (29/500 in region)
  MMD@1.0: 0.6429
  Survival@1.0: 27.0%
  Stopped@1.0:  5.8%
      baseline: W2=4.2281  E_mu=1.1370  E_Sig=1.7478
             K: W2=3.2307  E_mu=1.1451  E_Sig=2.4569
           K+S: W2=3.2307  E_mu=1.1451  E_Sig=2.4569

============================================================
  N=20 | D=201 (K=99) | paraboloid | seed=9042
============================================================
    Phase1 Epoch 50/250: loss=0.749243
    Phase1 Epoch 100/250: loss=0.631863
    Phase1 Epoch 150/250: loss=0.416737
    Phase1 Epoch 200/250: loss=0.246135
    Phase1 Epoch 250/250: loss=0.116622
      Phase 2 AE: K_weight=0.0000
        Phase2 Epoch 50/250: loss=0.170510
        Phase2 Epoch 100/250: loss=0.088258
        Phase2 Epoch 150/250: loss=0.056256
        Phase2 Epoch 200/250: loss=0.041719
        Phase2 Epoch 250/250: loss=0.055558
        E_mu=1.1299  E_Sigma=1.1609
      → baseline
  Precomputing encoder-pullback target...
  Stage 2 epoch 60/300: loss=0.024701
  Stage 2 epoch 120/300: loss=0.016938
  Stage 2 epoch 180/300: loss=0.010518
  Stage 2 epoch 240/300: loss=0.005834
  Stage 2 epoch 300/300: loss=0.002892
  Stage 3 epoch 60/300: loss=0.000350
  Stage 3 epoch 120/300: loss=0.000297
  Stage 3 epoch 180/300: loss=0.000245
  Stage 3 epoch 240/300: loss=0.000185
  Stage 3 epoch 300/300: loss=0.000155
  rcMTE@0.1: 0.7682 (280/500 in region)
  rcMTE@0.5: 1.0495 (85/500 in region)
  rcMTE@1.0: 1.0395 (22/500 in region)
  MTE@0.1: 1.3427
  MTE@0.5: 1.6801
  MTE@1.0: 1.7528
  W2@1.0:  0.5299
  sW2@0.1: 0.6882 (280/500 in region)
  sW2@0.2: 0.8297 (205/500 in region)
  sW2@0.5: 0.8603 (85/500 in region)
  sW2@1.0: 0.7300 (22/500 in region)
  MMD@1.0: 0.1587
  Survival@1.0: 28.2%
  Stopped@1.0:  4.4%
      Phase 2 AE: K_weight=0.4275
        Phase2 Epoch 50/250: loss=0.129795
        Phase2 Epoch 100/250: loss=0.086666
        Phase2 Epoch 150/250: loss=0.080173
        Phase2 Epoch 200/250: loss=0.050206
        Phase2 Epoch 250/250: loss=0.042160
        E_mu=0.8186  E_Sigma=1.0020
      → K
  Precomputing encoder-pullback target...
  Stage 2 epoch 60/300: loss=0.034314
  Stage 2 epoch 120/300: loss=0.023805
  Stage 2 epoch 180/300: loss=0.014557
  Stage 2 epoch 240/300: loss=0.008460
  Stage 2 epoch 300/300: loss=0.004717
  Stage 3 epoch 60/300: loss=0.000330
  Stage 3 epoch 120/300: loss=0.000263
  Stage 3 epoch 180/300: loss=0.000202
  Stage 3 epoch 240/300: loss=0.000137
  Stage 3 epoch 300/300: loss=0.000102
  rcMTE@0.1: 0.7682 (280/500 in region)
  rcMTE@0.5: 1.0342 (85/500 in region)
  rcMTE@1.0: 1.0174 (22/500 in region)
  MTE@0.1: 1.3380
  MTE@0.5: 1.6528
  MTE@1.0: 1.7289
  W2@1.0:  0.6059
  sW2@0.1: 0.5903 (280/500 in region)
  sW2@0.2: 0.7421 (205/500 in region)
  sW2@0.5: 0.7471 (85/500 in region)
  sW2@1.0: 0.6276 (22/500 in region)
  MMD@1.0: 0.1501
  Survival@1.0: 28.2%
  Stopped@1.0:  4.4%
      → K+S
  Precomputing encoder-pullback target...
  Stage 2 epoch 60/300: loss=0.034314
  Stage 2 epoch 120/300: loss=0.023805
  Stage 2 epoch 180/300: loss=0.014557
  Stage 2 epoch 240/300: loss=0.008460
  Stage 2 epoch 300/300: loss=0.004717
  Stage 3 epoch 60/300: loss=0.000330
  Stage 3 epoch 120/300: loss=0.000263
  Stage 3 epoch 180/300: loss=0.000202
  Stage 3 epoch 240/300: loss=0.000137
  Stage 3 epoch 300/300: loss=0.000102
  rcMTE@0.1: 0.7682 (280/500 in region)
  rcMTE@0.5: 1.0342 (85/500 in region)
  rcMTE@1.0: 1.0174 (22/500 in region)
  MTE@0.1: 1.3380
  MTE@0.5: 1.6528
  MTE@1.0: 1.7289
  W2@1.0:  0.6059
  sW2@0.1: 0.5903 (280/500 in region)
  sW2@0.2: 0.7421 (205/500 in region)
  sW2@0.5: 0.7471 (85/500 in region)
  sW2@1.0: 0.6276 (22/500 in region)
  MMD@1.0: 0.1501
  Survival@1.0: 28.2%
  Stopped@1.0:  4.4%
      baseline: W2=0.5299  E_mu=1.1299  E_Sig=1.1609
             K: W2=0.6059  E_mu=0.8186  E_Sig=1.0020
           K+S: W2=0.6059  E_mu=0.8186  E_Sig=1.0020

============================================================
  N=20 | D=201 (K=99) | hyperbolic_paraboloid | seed=42
============================================================
    Phase1 Epoch 50/250: loss=0.786107
    Phase1 Epoch 100/250: loss=0.755314
    Phase1 Epoch 150/250: loss=0.725890
    Phase1 Epoch 200/250: loss=0.564055
    Phase1 Epoch 250/250: loss=0.402374
      Phase 2 AE: K_weight=0.0000
        Phase2 Epoch 50/250: loss=0.325982
        Phase2 Epoch 100/250: loss=0.311538
        Phase2 Epoch 150/250: loss=0.232754
        Phase2 Epoch 200/250: loss=0.180258
        Phase2 Epoch 250/250: loss=0.194965
        E_mu=1.8318  E_Sigma=6.5707
      → baseline
  Precomputing encoder-pullback target...
  Stage 2 epoch 60/300: loss=0.018779
  Stage 2 epoch 120/300: loss=0.012883
  Stage 2 epoch 180/300: loss=0.005604
  Stage 2 epoch 240/300: loss=0.003499
  Stage 2 epoch 300/300: loss=0.002226
  Stage 3 epoch 60/300: loss=0.000408
  Stage 3 epoch 120/300: loss=0.000292
  Stage 3 epoch 180/300: loss=0.000281
  Stage 3 epoch 240/300: loss=0.000272
  Stage 3 epoch 300/300: loss=0.000261
  rcMTE@0.1: 0.6195 (292/500 in region)
  rcMTE@0.5: 1.2765 (97/500 in region)
  rcMTE@1.0: 2.4763 (21/500 in region)
  MTE@0.1: 1.1309
  MTE@0.5: 2.2231
  MTE@1.0: 3.4295
  W2@1.0:  3.7087
  sW2@0.1: 0.7087 (292/500 in region)
  sW2@0.2: 1.0045 (214/500 in region)
  sW2@0.5: 2.2084 (97/500 in region)
  sW2@1.0: 4.4862 (21/500 in region)
  MMD@1.0: 0.4209
  Survival@1.0: 28.0%
  Stopped@1.0:  4.2%
      Phase 2 AE: K_weight=0.4275
        Phase2 Epoch 50/250: loss=0.343293
        Phase2 Epoch 100/250: loss=0.313098
        Phase2 Epoch 150/250: loss=0.279394
        Phase2 Epoch 200/250: loss=0.190501
        Phase2 Epoch 250/250: loss=0.111268
        E_mu=1.6327  E_Sigma=4.9947
      → K
  Precomputing encoder-pullback target...
  Stage 2 epoch 60/300: loss=0.012771
  Stage 2 epoch 120/300: loss=0.011842
  Stage 2 epoch 180/300: loss=0.009432
  Stage 2 epoch 240/300: loss=0.005540
  Stage 2 epoch 300/300: loss=0.003273
  Stage 3 epoch 60/300: loss=0.000590
  Stage 3 epoch 120/300: loss=0.000238
  Stage 3 epoch 180/300: loss=0.000230
  Stage 3 epoch 240/300: loss=0.000223
  Stage 3 epoch 300/300: loss=0.000213
  rcMTE@0.1: 0.5645 (292/500 in region)
  rcMTE@0.5: 0.9271 (97/500 in region)
  rcMTE@1.0: 0.8712 (21/500 in region)
  MTE@0.1: 1.0270
  MTE@0.5: 1.6240
  MTE@1.0: 1.7379
  W2@1.0:  0.9278
  sW2@0.1: 0.5358 (292/500 in region)
  sW2@0.2: 0.7130 (214/500 in region)
  sW2@0.5: 0.9952 (97/500 in region)
  sW2@1.0: 0.9468 (21/500 in region)
  MMD@1.0: 0.2471
  Survival@1.0: 28.0%
  Stopped@1.0:  4.2%
      → K+S
  Precomputing encoder-pullback target...
  Stage 2 epoch 60/300: loss=0.012771
  Stage 2 epoch 120/300: loss=0.011842
  Stage 2 epoch 180/300: loss=0.009432
  Stage 2 epoch 240/300: loss=0.005540
  Stage 2 epoch 300/300: loss=0.003273
  Stage 3 epoch 60/300: loss=0.000590
  Stage 3 epoch 120/300: loss=0.000238
  Stage 3 epoch 180/300: loss=0.000230
  Stage 3 epoch 240/300: loss=0.000223
  Stage 3 epoch 300/300: loss=0.000213
  rcMTE@0.1: 0.5645 (292/500 in region)
  rcMTE@0.5: 0.9271 (97/500 in region)
  rcMTE@1.0: 0.8712 (21/500 in region)
  MTE@0.1: 1.0270
  MTE@0.5: 1.6240
  MTE@1.0: 1.7379
  W2@1.0:  0.9278
  sW2@0.1: 0.5358 (292/500 in region)
  sW2@0.2: 0.7130 (214/500 in region)
  sW2@0.5: 0.9952 (97/500 in region)
  sW2@1.0: 0.9468 (21/500 in region)
  MMD@1.0: 0.2471
  Survival@1.0: 28.0%
  Stopped@1.0:  4.2%
      baseline: W2=3.7087  E_mu=1.8318  E_Sig=6.5707
             K: W2=0.9278  E_mu=1.6327  E_Sig=4.9947
           K+S: W2=0.9278  E_mu=1.6327  E_Sig=4.9947

============================================================
  N=20 | D=201 (K=99) | hyperbolic_paraboloid | seed=1042
============================================================
    Phase1 Epoch 50/250: loss=0.809726
    Phase1 Epoch 100/250: loss=0.701370
    Phase1 Epoch 150/250: loss=0.539352
    Phase1 Epoch 200/250: loss=0.301255
    Phase1 Epoch 250/250: loss=0.236404
      Phase 2 AE: K_weight=0.0000
        Phase2 Epoch 50/250: loss=0.133170
        Phase2 Epoch 100/250: loss=0.107514
        Phase2 Epoch 150/250: loss=0.129979
        Phase2 Epoch 200/250: loss=0.120767
        Phase2 Epoch 250/250: loss=0.041452
        E_mu=0.7785  E_Sigma=1.3207
      → baseline
  Precomputing encoder-pullback target...
  Stage 2 epoch 60/300: loss=0.005607
  Stage 2 epoch 120/300: loss=0.005466
  Stage 2 epoch 180/300: loss=0.005258
  Stage 2 epoch 240/300: loss=0.004909
  Stage 2 epoch 300/300: loss=0.004474
  Stage 3 epoch 60/300: loss=0.000131
  Stage 3 epoch 120/300: loss=0.000098
  Stage 3 epoch 180/300: loss=0.000091
  Stage 3 epoch 240/300: loss=0.000082
  Stage 3 epoch 300/300: loss=0.000073
  rcMTE@0.1: 0.6177 (285/500 in region)
  rcMTE@0.5: 0.8785 (98/500 in region)
  rcMTE@1.0: 0.8891 (31/500 in region)
  MTE@0.1: 1.0383
  MTE@0.5: 1.5573
  MTE@1.0: 1.6012
  W2@1.0:  0.7063
  sW2@0.1: 0.4622 (285/500 in region)
  sW2@0.2: 0.6415 (204/500 in region)
  sW2@0.5: 0.5530 (98/500 in region)
  sW2@1.0: 0.6309 (31/500 in region)
  MMD@1.0: 0.1149
  Survival@1.0: 29.8%
  Stopped@1.0:  6.2%
      Phase 2 AE: K_weight=0.4275
        Phase2 Epoch 50/250: loss=0.174430
        Phase2 Epoch 100/250: loss=0.212408
        Phase2 Epoch 150/250: loss=0.073104
        Phase2 Epoch 200/250: loss=0.049791
        Phase2 Epoch 250/250: loss=0.073562
        E_mu=0.7401  E_Sigma=1.2954
      → K
  Precomputing encoder-pullback target...
  Stage 2 epoch 60/300: loss=0.004673
  Stage 2 epoch 120/300: loss=0.004530
  Stage 2 epoch 180/300: loss=0.004364
  Stage 2 epoch 240/300: loss=0.004128
  Stage 2 epoch 300/300: loss=0.003923
  Stage 3 epoch 60/300: loss=0.000164
  Stage 3 epoch 120/300: loss=0.000106
  Stage 3 epoch 180/300: loss=0.000096
  Stage 3 epoch 240/300: loss=0.000085
  Stage 3 epoch 300/300: loss=0.000074
  rcMTE@0.1: 0.6270 (285/500 in region)
  rcMTE@0.5: 0.9051 (98/500 in region)
  rcMTE@1.0: 0.9227 (31/500 in region)
  MTE@0.1: 1.0600
  MTE@0.5: 1.6043
  MTE@1.0: 1.6466
  W2@1.0:  0.7375
  sW2@0.1: 0.4812 (285/500 in region)
  sW2@0.2: 0.6532 (204/500 in region)
  sW2@0.5: 0.5991 (98/500 in region)
  sW2@1.0: 0.6705 (31/500 in region)
  MMD@1.0: 0.1251
  Survival@1.0: 29.8%
  Stopped@1.0:  6.2%
      → K+S
  Precomputing encoder-pullback target...
  Stage 2 epoch 60/300: loss=0.004673
  Stage 2 epoch 120/300: loss=0.004530
  Stage 2 epoch 180/300: loss=0.004364
  Stage 2 epoch 240/300: loss=0.004128
  Stage 2 epoch 300/300: loss=0.003923
  Stage 3 epoch 60/300: loss=0.000164
  Stage 3 epoch 120/300: loss=0.000106
  Stage 3 epoch 180/300: loss=0.000096
  Stage 3 epoch 240/300: loss=0.000085
  Stage 3 epoch 300/300: loss=0.000074
  rcMTE@0.1: 0.6270 (285/500 in region)
  rcMTE@0.5: 0.9051 (98/500 in region)
  rcMTE@1.0: 0.9227 (31/500 in region)
  MTE@0.1: 1.0600
  MTE@0.5: 1.6043
  MTE@1.0: 1.6466
  W2@1.0:  0.7375
  sW2@0.1: 0.4812 (285/500 in region)
  sW2@0.2: 0.6532 (204/500 in region)
  sW2@0.5: 0.5991 (98/500 in region)
  sW2@1.0: 0.6705 (31/500 in region)
  MMD@1.0: 0.1251
  Survival@1.0: 29.8%
  Stopped@1.0:  6.2%
      baseline: W2=0.7063  E_mu=0.7785  E_Sig=1.3207
             K: W2=0.7375  E_mu=0.7401  E_Sig=1.2954
           K+S: W2=0.7375  E_mu=0.7401  E_Sig=1.2954

============================================================
  N=20 | D=201 (K=99) | hyperbolic_paraboloid | seed=2042
============================================================
    Phase1 Epoch 50/250: loss=0.886832
    Phase1 Epoch 100/250: loss=0.675278
    Phase1 Epoch 150/250: loss=0.589438
    Phase1 Epoch 200/250: loss=0.412574
    Phase1 Epoch 250/250: loss=0.256735
      Phase 2 AE: K_weight=0.0000
        Phase2 Epoch 50/250: loss=0.168192
        Phase2 Epoch 100/250: loss=0.105662
        Phase2 Epoch 150/250: loss=0.120420
        Phase2 Epoch 200/250: loss=0.059456
        Phase2 Epoch 250/250: loss=0.208841
        E_mu=0.7813  E_Sigma=1.8509
      → baseline
  Precomputing encoder-pullback target...
  Stage 2 epoch 60/300: loss=0.005709
  Stage 2 epoch 120/300: loss=0.004524
  Stage 2 epoch 180/300: loss=0.003977
  Stage 2 epoch 240/300: loss=0.003731
  Stage 2 epoch 300/300: loss=0.003435
  Stage 3 epoch 60/300: loss=0.000119
  Stage 3 epoch 120/300: loss=0.000088
  Stage 3 epoch 180/300: loss=0.000077
  Stage 3 epoch 240/300: loss=0.000071
  Stage 3 epoch 300/300: loss=0.000069
  rcMTE@0.1: 0.2514 (293/500 in region)
  rcMTE@0.5: 0.3909 (88/500 in region)
  rcMTE@1.0: 0.4088 (24/500 in region)
  MTE@0.1: 0.5351
  MTE@0.5: 0.8333
  MTE@1.0: 0.9094
  W2@1.0:  0.6436
  sW2@0.1: 0.3392 (293/500 in region)
  sW2@0.2: 0.3349 (212/500 in region)
  sW2@0.5: 0.5318 (88/500 in region)
  sW2@1.0: 0.4994 (24/500 in region)
  MMD@1.0: 0.2135
  Survival@1.0: 26.6%
  Stopped@1.0:  4.8%
      Phase 2 AE: K_weight=0.4275
        Phase2 Epoch 50/250: loss=0.147305
        Phase2 Epoch 100/250: loss=0.140958
        Phase2 Epoch 150/250: loss=0.098937
        Phase2 Epoch 200/250: loss=0.057911
        Phase2 Epoch 250/250: loss=0.056887
        E_mu=0.6887  E_Sigma=1.9339
      → K
  Precomputing encoder-pullback target...
  Stage 2 epoch 60/300: loss=0.006438
  Stage 2 epoch 120/300: loss=0.005582
  Stage 2 epoch 180/300: loss=0.004852
  Stage 2 epoch 240/300: loss=0.004449
  Stage 2 epoch 300/300: loss=0.004046
  Stage 3 epoch 60/300: loss=0.000105
  Stage 3 epoch 120/300: loss=0.000083
  Stage 3 epoch 180/300: loss=0.000074
  Stage 3 epoch 240/300: loss=0.000068
  Stage 3 epoch 300/300: loss=0.000066
  rcMTE@0.1: 0.2161 (293/500 in region)
  rcMTE@0.5: 0.3775 (88/500 in region)
  rcMTE@1.0: 0.3808 (24/500 in region)
  MTE@0.1: 0.5181
  MTE@0.5: 0.8322
  MTE@1.0: 0.8822
  W2@1.0:  0.5978
  sW2@0.1: 0.3213 (293/500 in region)
  sW2@0.2: 0.3375 (212/500 in region)
  sW2@0.5: 0.5189 (88/500 in region)
  sW2@1.0: 0.4723 (24/500 in region)
  MMD@1.0: 0.2067
  Survival@1.0: 26.6%
  Stopped@1.0:  4.8%
      → K+S
  Precomputing encoder-pullback target...
  Stage 2 epoch 60/300: loss=0.006438
  Stage 2 epoch 120/300: loss=0.005582
  Stage 2 epoch 180/300: loss=0.004852
  Stage 2 epoch 240/300: loss=0.004449
  Stage 2 epoch 300/300: loss=0.004046
  Stage 3 epoch 60/300: loss=0.000105
  Stage 3 epoch 120/300: loss=0.000083
  Stage 3 epoch 180/300: loss=0.000074
  Stage 3 epoch 240/300: loss=0.000068
  Stage 3 epoch 300/300: loss=0.000066
  rcMTE@0.1: 0.2161 (293/500 in region)
  rcMTE@0.5: 0.3775 (88/500 in region)
  rcMTE@1.0: 0.3808 (24/500 in region)
  MTE@0.1: 0.5181
  MTE@0.5: 0.8322
  MTE@1.0: 0.8822
  W2@1.0:  0.5978
  sW2@0.1: 0.3213 (293/500 in region)
  sW2@0.2: 0.3375 (212/500 in region)
  sW2@0.5: 0.5189 (88/500 in region)
  sW2@1.0: 0.4723 (24/500 in region)
  MMD@1.0: 0.2067
  Survival@1.0: 26.6%
  Stopped@1.0:  4.8%
      baseline: W2=0.6436  E_mu=0.7813  E_Sig=1.8509
             K: W2=0.5978  E_mu=0.6887  E_Sig=1.9339
           K+S: W2=0.5978  E_mu=0.6887  E_Sig=1.9339

============================================================
  N=20 | D=201 (K=99) | hyperbolic_paraboloid | seed=3042
============================================================
    Phase1 Epoch 50/250: loss=0.959586
    Phase1 Epoch 100/250: loss=0.854256
    Phase1 Epoch 150/250: loss=0.809206
    Phase1 Epoch 200/250: loss=0.579702
    Phase1 Epoch 250/250: loss=0.448642
      Phase 2 AE: K_weight=0.0000
        Phase2 Epoch 50/250: loss=0.402907
        Phase2 Epoch 100/250: loss=0.221230
        Phase2 Epoch 150/250: loss=0.192466
        Phase2 Epoch 200/250: loss=0.049963
        Phase2 Epoch 250/250: loss=0.021887
        E_mu=0.4835  E_Sigma=0.9571
      → baseline
  Precomputing encoder-pullback target...
  Stage 2 epoch 60/300: loss=0.017772
  Stage 2 epoch 120/300: loss=0.013102
  Stage 2 epoch 180/300: loss=0.009959
  Stage 2 epoch 240/300: loss=0.007974
  Stage 2 epoch 300/300: loss=0.006874
  Stage 3 epoch 60/300: loss=0.000252
  Stage 3 epoch 120/300: loss=0.000211
  Stage 3 epoch 180/300: loss=0.000182
  Stage 3 epoch 240/300: loss=0.000160
  Stage 3 epoch 300/300: loss=0.000148
  rcMTE@0.1: 0.6259 (275/500 in region)
  rcMTE@0.5: 1.1652 (78/500 in region)
  rcMTE@1.0: 1.1204 (25/500 in region)
  MTE@0.1: 1.2235
  MTE@0.5: 1.9119
  MTE@1.0: 1.9907
  W2@1.0:  1.4441
  sW2@0.1: 0.7012 (275/500 in region)
  sW2@0.2: 0.8640 (204/500 in region)
  sW2@0.5: 1.4534 (78/500 in region)
  sW2@1.0: 1.8695 (25/500 in region)
  MMD@1.0: 0.2028
  Survival@1.0: 27.2%
  Stopped@1.0:  5.0%
      Phase 2 AE: K_weight=0.4275
        Phase2 Epoch 50/250: loss=0.401979
        Phase2 Epoch 100/250: loss=0.253425
        Phase2 Epoch 150/250: loss=0.120515
        Phase2 Epoch 200/250: loss=0.054988
        Phase2 Epoch 250/250: loss=0.030783
        E_mu=0.5931  E_Sigma=2.0371
      → K
  Precomputing encoder-pullback target...
  Stage 2 epoch 60/300: loss=0.011745
  Stage 2 epoch 120/300: loss=0.008402
  Stage 2 epoch 180/300: loss=0.005866
  Stage 2 epoch 240/300: loss=0.004932
  Stage 2 epoch 300/300: loss=0.004302
  Stage 3 epoch 60/300: loss=0.000317
  Stage 3 epoch 120/300: loss=0.000285
  Stage 3 epoch 180/300: loss=0.000269
  Stage 3 epoch 240/300: loss=0.000258
  Stage 3 epoch 300/300: loss=0.000251
  rcMTE@0.1: 0.6450 (275/500 in region)
  rcMTE@0.5: 1.2585 (78/500 in region)
  rcMTE@1.0: 1.2599 (25/500 in region)
  MTE@0.1: 1.3011
  MTE@0.5: 2.0654
  MTE@1.0: 2.0953
  W2@1.0:  1.5234
  sW2@0.1: 0.7586 (275/500 in region)
  sW2@0.2: 1.0334 (204/500 in region)
  sW2@0.5: 1.7713 (78/500 in region)
  sW2@1.0: 2.0381 (25/500 in region)
  MMD@1.0: 0.2536
  Survival@1.0: 27.2%
  Stopped@1.0:  5.0%
      → K+S
  Precomputing encoder-pullback target...
  Stage 2 epoch 60/300: loss=0.011745
  Stage 2 epoch 120/300: loss=0.008402
  Stage 2 epoch 180/300: loss=0.005866
  Stage 2 epoch 240/300: loss=0.004932
  Stage 2 epoch 300/300: loss=0.004302
  Stage 3 epoch 60/300: loss=0.000317
  Stage 3 epoch 120/300: loss=0.000285
  Stage 3 epoch 180/300: loss=0.000269
  Stage 3 epoch 240/300: loss=0.000258
  Stage 3 epoch 300/300: loss=0.000251
  rcMTE@0.1: 0.6450 (275/500 in region)
  rcMTE@0.5: 1.2585 (78/500 in region)
  rcMTE@1.0: 1.2599 (25/500 in region)
  MTE@0.1: 1.3011
  MTE@0.5: 2.0654
  MTE@1.0: 2.0953
  W2@1.0:  1.5234
  sW2@0.1: 0.7586 (275/500 in region)
  sW2@0.2: 1.0334 (204/500 in region)
  sW2@0.5: 1.7713 (78/500 in region)
  sW2@1.0: 2.0381 (25/500 in region)
  MMD@1.0: 0.2536
  Survival@1.0: 27.2%
  Stopped@1.0:  5.0%
      baseline: W2=1.4441  E_mu=0.4835  E_Sig=0.9571
             K: W2=1.5234  E_mu=0.5931  E_Sig=2.0371
           K+S: W2=1.5234  E_mu=0.5931  E_Sig=2.0371

============================================================
  N=20 | D=201 (K=99) | hyperbolic_paraboloid | seed=4042
============================================================
    Phase1 Epoch 50/250: loss=0.792420
    Phase1 Epoch 100/250: loss=0.830547
    Phase1 Epoch 150/250: loss=0.659385
    Phase1 Epoch 200/250: loss=0.409008
    Phase1 Epoch 250/250: loss=0.176570
      Phase 2 AE: K_weight=0.0000
        Phase2 Epoch 50/250: loss=0.116484
        Phase2 Epoch 100/250: loss=0.046259
        Phase2 Epoch 150/250: loss=0.083512
        Phase2 Epoch 200/250: loss=0.039210
        Phase2 Epoch 250/250: loss=0.029048
        E_mu=0.5719  E_Sigma=0.9224
      → baseline
  Precomputing encoder-pullback target...
  Stage 2 epoch 60/300: loss=0.013642
  Stage 2 epoch 120/300: loss=0.009839
  Stage 2 epoch 180/300: loss=0.006688
  Stage 2 epoch 240/300: loss=0.005125
  Stage 2 epoch 300/300: loss=0.004116
  Stage 3 epoch 60/300: loss=0.000077
  Stage 3 epoch 120/300: loss=0.000044
  Stage 3 epoch 180/300: loss=0.000040
  Stage 3 epoch 240/300: loss=0.000038
  Stage 3 epoch 300/300: loss=0.000036
  rcMTE@0.1: 0.5312 (287/500 in region)
  rcMTE@0.5: 0.7789 (102/500 in region)
  rcMTE@1.0: 0.7989 (30/500 in region)
  MTE@0.1: 0.9336
  MTE@0.5: 1.4032
  MTE@1.0: 1.4253
  W2@1.0:  0.5368
  sW2@0.1: 0.3639 (287/500 in region)
  sW2@0.2: 0.5020 (207/500 in region)
  sW2@0.5: 0.5522 (102/500 in region)
  sW2@1.0: 0.8364 (30/500 in region)
  MMD@1.0: 0.2251
  Survival@1.0: 28.2%
  Stopped@1.0:  6.0%
      Phase 2 AE: K_weight=0.4275
        Phase2 Epoch 50/250: loss=0.127954
        Phase2 Epoch 100/250: loss=0.065795
        Phase2 Epoch 150/250: loss=0.039049
        Phase2 Epoch 200/250: loss=0.031918
        Phase2 Epoch 250/250: loss=0.028961
        E_mu=0.5226  E_Sigma=0.7172
      → K
  Precomputing encoder-pullback target...
  Stage 2 epoch 60/300: loss=0.012546
  Stage 2 epoch 120/300: loss=0.009318
  Stage 2 epoch 180/300: loss=0.006478
  Stage 2 epoch 240/300: loss=0.004854
  Stage 2 epoch 300/300: loss=0.003856
  Stage 3 epoch 60/300: loss=0.000092
  Stage 3 epoch 120/300: loss=0.000041
  Stage 3 epoch 180/300: loss=0.000037
  Stage 3 epoch 240/300: loss=0.000035
  Stage 3 epoch 300/300: loss=0.000033
  rcMTE@0.1: 0.5275 (287/500 in region)
  rcMTE@0.5: 0.7772 (102/500 in region)
  rcMTE@1.0: 0.8109 (30/500 in region)
  MTE@0.1: 0.9434
  MTE@0.5: 1.4075
  MTE@1.0: 1.4336
  W2@1.0:  0.5335
  sW2@0.1: 0.3632 (287/500 in region)
  sW2@0.2: 0.4810 (207/500 in region)
  sW2@0.5: 0.5476 (102/500 in region)
  sW2@1.0: 0.8504 (30/500 in region)
  MMD@1.0: 0.2244
  Survival@1.0: 28.2%
  Stopped@1.0:  6.0%
      → K+S
  Precomputing encoder-pullback target...
  Stage 2 epoch 60/300: loss=0.012546
  Stage 2 epoch 120/300: loss=0.009318
  Stage 2 epoch 180/300: loss=0.006478
  Stage 2 epoch 240/300: loss=0.004854
  Stage 2 epoch 300/300: loss=0.003856
  Stage 3 epoch 60/300: loss=0.000092
  Stage 3 epoch 120/300: loss=0.000041
  Stage 3 epoch 180/300: loss=0.000037
  Stage 3 epoch 240/300: loss=0.000035
  Stage 3 epoch 300/300: loss=0.000033
  rcMTE@0.1: 0.5275 (287/500 in region)
  rcMTE@0.5: 0.7772 (102/500 in region)
  rcMTE@1.0: 0.8109 (30/500 in region)
  MTE@0.1: 0.9434
  MTE@0.5: 1.4075
  MTE@1.0: 1.4336
  W2@1.0:  0.5335
  sW2@0.1: 0.3632 (287/500 in region)
  sW2@0.2: 0.4810 (207/500 in region)
  sW2@0.5: 0.5476 (102/500 in region)
  sW2@1.0: 0.8504 (30/500 in region)
  MMD@1.0: 0.2244
  Survival@1.0: 28.2%
  Stopped@1.0:  6.0%
      baseline: W2=0.5368  E_mu=0.5719  E_Sig=0.9224
             K: W2=0.5335  E_mu=0.5226  E_Sig=0.7172
           K+S: W2=0.5335  E_mu=0.5226  E_Sig=0.7172

============================================================
  N=20 | D=201 (K=99) | hyperbolic_paraboloid | seed=5042
============================================================
    Phase1 Epoch 50/250: loss=0.847259
    Phase1 Epoch 100/250: loss=0.761481
    Phase1 Epoch 150/250: loss=0.566718
    Phase1 Epoch 200/250: loss=0.324644
    Phase1 Epoch 250/250: loss=0.167130
      Phase 2 AE: K_weight=0.0000
        Phase2 Epoch 50/250: loss=0.121861
        Phase2 Epoch 100/250: loss=0.096398
        Phase2 Epoch 150/250: loss=0.095209
        Phase2 Epoch 200/250: loss=0.060445
        Phase2 Epoch 250/250: loss=0.081085
        E_mu=0.8647  E_Sigma=2.2581
      → baseline
  Precomputing encoder-pullback target...
  Stage 2 epoch 60/300: loss=0.005661
  Stage 2 epoch 120/300: loss=0.005065
  Stage 2 epoch 180/300: loss=0.004581
  Stage 2 epoch 240/300: loss=0.004229
  Stage 2 epoch 300/300: loss=0.003820
  Stage 3 epoch 60/300: loss=0.000117
  Stage 3 epoch 120/300: loss=0.000106
  Stage 3 epoch 180/300: loss=0.000101
  Stage 3 epoch 240/300: loss=0.000098
  Stage 3 epoch 300/300: loss=0.000095
  rcMTE@0.1: 0.6002 (285/500 in region)
  rcMTE@0.5: 0.8364 (93/500 in region)
  rcMTE@1.0: 0.6952 (33/500 in region)
  MTE@0.1: 1.0833
  MTE@0.5: 1.5538
  MTE@1.0: 1.4049
  W2@1.0:  0.5827
  sW2@0.1: 0.5030 (285/500 in region)
  sW2@0.2: 0.6071 (216/500 in region)
  sW2@0.5: 0.5428 (93/500 in region)
  sW2@1.0: 0.5592 (33/500 in region)
  MMD@1.0: 0.1875
  Survival@1.0: 25.8%
  Stopped@1.0:  6.6%
      Phase 2 AE: K_weight=0.4275
        Phase2 Epoch 50/250: loss=0.138802
        Phase2 Epoch 100/250: loss=0.096209
        Phase2 Epoch 150/250: loss=0.066841
        Phase2 Epoch 200/250: loss=0.066739
        Phase2 Epoch 250/250: loss=0.052329
        E_mu=0.8934  E_Sigma=2.8371
      → K
  Precomputing encoder-pullback target...
  Stage 2 epoch 60/300: loss=0.003855
  Stage 2 epoch 120/300: loss=0.003570
  Stage 2 epoch 180/300: loss=0.003385
  Stage 2 epoch 240/300: loss=0.003240
  Stage 2 epoch 300/300: loss=0.003089
  Stage 3 epoch 60/300: loss=0.000113
  Stage 3 epoch 120/300: loss=0.000100
  Stage 3 epoch 180/300: loss=0.000097
  Stage 3 epoch 240/300: loss=0.000095
  Stage 3 epoch 300/300: loss=0.000092
  rcMTE@0.1: 0.5820 (285/500 in region)
  rcMTE@0.5: 0.8194 (93/500 in region)
  rcMTE@1.0: 0.7398 (33/500 in region)
  MTE@0.1: 1.0681
  MTE@0.5: 1.5738
  MTE@1.0: 1.4493
  W2@1.0:  0.6175
  sW2@0.1: 0.4186 (285/500 in region)
  sW2@0.2: 0.5155 (216/500 in region)
  sW2@0.5: 0.4168 (93/500 in region)
  sW2@1.0: 0.7168 (33/500 in region)
  MMD@1.0: 0.1651
  Survival@1.0: 25.8%
  Stopped@1.0:  6.6%
      → K+S
  Precomputing encoder-pullback target...
  Stage 2 epoch 60/300: loss=0.003855
  Stage 2 epoch 120/300: loss=0.003570
  Stage 2 epoch 180/300: loss=0.003385
  Stage 2 epoch 240/300: loss=0.003240
  Stage 2 epoch 300/300: loss=0.003089
  Stage 3 epoch 60/300: loss=0.000113
  Stage 3 epoch 120/300: loss=0.000100
  Stage 3 epoch 180/300: loss=0.000097
  Stage 3 epoch 240/300: loss=0.000095
  Stage 3 epoch 300/300: loss=0.000092
  rcMTE@0.1: 0.5820 (285/500 in region)
  rcMTE@0.5: 0.8194 (93/500 in region)
  rcMTE@1.0: 0.7398 (33/500 in region)
  MTE@0.1: 1.0681
  MTE@0.5: 1.5738
  MTE@1.0: 1.4493
  W2@1.0:  0.6175
  sW2@0.1: 0.4186 (285/500 in region)
  sW2@0.2: 0.5155 (216/500 in region)
  sW2@0.5: 0.4168 (93/500 in region)
  sW2@1.0: 0.7168 (33/500 in region)
  MMD@1.0: 0.1651
  Survival@1.0: 25.8%
  Stopped@1.0:  6.6%
      baseline: W2=0.5827  E_mu=0.8647  E_Sig=2.2581
             K: W2=0.6175  E_mu=0.8934  E_Sig=2.8371
           K+S: W2=0.6175  E_mu=0.8934  E_Sig=2.8371

============================================================
  N=20 | D=201 (K=99) | hyperbolic_paraboloid | seed=6042
============================================================
    Phase1 Epoch 50/250: loss=0.924521
    Phase1 Epoch 100/250: loss=0.812980
    Phase1 Epoch 150/250: loss=0.569434
    Phase1 Epoch 200/250: loss=0.346767
    Phase1 Epoch 250/250: loss=0.167529
      Phase 2 AE: K_weight=0.0000
        Phase2 Epoch 50/250: loss=0.056010
        Phase2 Epoch 100/250: loss=0.044033
        Phase2 Epoch 150/250: loss=0.025607
        Phase2 Epoch 200/250: loss=0.019055
        Phase2 Epoch 250/250: loss=0.018489
        E_mu=0.8681  E_Sigma=0.9287
      → baseline
  Precomputing encoder-pullback target...
  Stage 2 epoch 60/300: loss=0.003548
  Stage 2 epoch 120/300: loss=0.003119
  Stage 2 epoch 180/300: loss=0.002864
  Stage 2 epoch 240/300: loss=0.002635
  Stage 2 epoch 300/300: loss=0.002406
  Stage 3 epoch 60/300: loss=0.000066
  Stage 3 epoch 120/300: loss=0.000043
  Stage 3 epoch 180/300: loss=0.000039
  Stage 3 epoch 240/300: loss=0.000037
  Stage 3 epoch 300/300: loss=0.000036
  rcMTE@0.1: 0.5428 (290/500 in region)
  rcMTE@0.5: 0.8354 (89/500 in region)
  rcMTE@1.0: 0.7947 (30/500 in region)
  MTE@0.1: 0.9750
  MTE@0.5: 1.5859
  MTE@1.0: 1.4969
  W2@1.0:  0.9211
  sW2@0.1: 0.4269 (290/500 in region)
  sW2@0.2: 0.5708 (208/500 in region)
  sW2@0.5: 0.8621 (89/500 in region)
  sW2@1.0: 0.7596 (30/500 in region)
  MMD@1.0: 0.1631
  Survival@1.0: 27.2%
  Stopped@1.0:  6.0%
      Phase 2 AE: K_weight=0.4275
        Phase2 Epoch 50/250: loss=0.061310
        Phase2 Epoch 100/250: loss=0.122252
        Phase2 Epoch 150/250: loss=0.027800
        Phase2 Epoch 200/250: loss=0.023110
        Phase2 Epoch 250/250: loss=0.023478
        E_mu=0.8781  E_Sigma=1.0059
      → K
  Precomputing encoder-pullback target...
  Stage 2 epoch 60/300: loss=0.003436
  Stage 2 epoch 120/300: loss=0.002921
  Stage 2 epoch 180/300: loss=0.002761
  Stage 2 epoch 240/300: loss=0.002640
  Stage 2 epoch 300/300: loss=0.002510
  Stage 3 epoch 60/300: loss=0.000071
  Stage 3 epoch 120/300: loss=0.000040
  Stage 3 epoch 180/300: loss=0.000037
  Stage 3 epoch 240/300: loss=0.000035
  Stage 3 epoch 300/300: loss=0.000034
  rcMTE@0.1: 0.5676 (290/500 in region)
  rcMTE@0.5: 0.8948 (89/500 in region)
  rcMTE@1.0: 0.8794 (30/500 in region)
  MTE@0.1: 1.0459
  MTE@0.5: 1.7007
  MTE@1.0: 1.6626
  W2@1.0:  1.1311
  sW2@0.1: 0.5513 (290/500 in region)
  sW2@0.2: 0.7092 (208/500 in region)
  sW2@0.5: 1.0530 (89/500 in region)
  sW2@1.0: 0.9801 (30/500 in region)
  MMD@1.0: 0.2209
  Survival@1.0: 27.2%
  Stopped@1.0:  6.0%
      → K+S
  Precomputing encoder-pullback target...
  Stage 2 epoch 60/300: loss=0.003436
  Stage 2 epoch 120/300: loss=0.002921
  Stage 2 epoch 180/300: loss=0.002761
  Stage 2 epoch 240/300: loss=0.002640
  Stage 2 epoch 300/300: loss=0.002510
  Stage 3 epoch 60/300: loss=0.000071
  Stage 3 epoch 120/300: loss=0.000040
  Stage 3 epoch 180/300: loss=0.000037
  Stage 3 epoch 240/300: loss=0.000035
  Stage 3 epoch 300/300: loss=0.000034
  rcMTE@0.1: 0.5676 (290/500 in region)
  rcMTE@0.5: 0.8948 (89/500 in region)
  rcMTE@1.0: 0.8794 (30/500 in region)
  MTE@0.1: 1.0459
  MTE@0.5: 1.7007
  MTE@1.0: 1.6626
  W2@1.0:  1.1311
  sW2@0.1: 0.5513 (290/500 in region)
  sW2@0.2: 0.7092 (208/500 in region)
  sW2@0.5: 1.0530 (89/500 in region)
  sW2@1.0: 0.9801 (30/500 in region)
  MMD@1.0: 0.2209
  Survival@1.0: 27.2%
  Stopped@1.0:  6.0%
      baseline: W2=0.9211  E_mu=0.8681  E_Sig=0.9287
             K: W2=1.1311  E_mu=0.8781  E_Sig=1.0059
           K+S: W2=1.1311  E_mu=0.8781  E_Sig=1.0059

============================================================
  N=20 | D=201 (K=99) | hyperbolic_paraboloid | seed=7042
============================================================
    Phase1 Epoch 50/250: loss=0.953408
    Phase1 Epoch 100/250: loss=0.852922
    Phase1 Epoch 150/250: loss=0.747173
    Phase1 Epoch 200/250: loss=0.650080
    Phase1 Epoch 250/250: loss=0.566081
      Phase 2 AE: K_weight=0.0000
        Phase2 Epoch 50/250: loss=0.453336
        Phase2 Epoch 100/250: loss=0.316665
        Phase2 Epoch 150/250: loss=0.153055
        Phase2 Epoch 200/250: loss=0.055175
        Phase2 Epoch 250/250: loss=0.189838
        E_mu=0.8880  E_Sigma=4.8932
      → baseline
  Precomputing encoder-pullback target...
  Stage 2 epoch 60/300: loss=0.449866
  Stage 2 epoch 120/300: loss=0.431488
  Stage 2 epoch 180/300: loss=0.380159
  Stage 2 epoch 240/300: loss=0.327412
  Stage 2 epoch 300/300: loss=0.264997
  Stage 3 epoch 60/300: loss=0.000776
  Stage 3 epoch 120/300: loss=0.000567
  Stage 3 epoch 180/300: loss=0.000457
  Stage 3 epoch 240/300: loss=0.000418
  Stage 3 epoch 300/300: loss=0.000399
  rcMTE@0.1: 0.4490 (316/500 in region)
  rcMTE@0.5: 1.0110 (109/500 in region)
  rcMTE@1.0: 1.8481 (29/500 in region)
  MTE@0.1: 0.9272
  MTE@0.5: 1.7426
  MTE@1.0: 2.8566
  W2@1.0:  3.5517
  sW2@0.1: 0.4925 (316/500 in region)
  sW2@0.2: 0.6841 (232/500 in region)
  sW2@0.5: 1.9152 (109/500 in region)
  sW2@1.0: 3.7533 (29/500 in region)
  MMD@1.0: 0.3073
  Survival@1.0: 28.8%
  Stopped@1.0:  5.8%
      Phase 2 AE: K_weight=0.4275
        Phase2 Epoch 50/250: loss=0.491600
        Phase2 Epoch 100/250: loss=0.372293
        Phase2 Epoch 150/250: loss=0.227417
        Phase2 Epoch 200/250: loss=0.074660
        Phase2 Epoch 250/250: loss=0.041500
        E_mu=0.6027  E_Sigma=1.2223
      → K
  Precomputing encoder-pullback target...
  Stage 2 epoch 60/300: loss=0.313114
  Stage 2 epoch 120/300: loss=0.300045
  Stage 2 epoch 180/300: loss=0.260995
  Stage 2 epoch 240/300: loss=0.199935
  Stage 2 epoch 300/300: loss=0.131961
  Stage 3 epoch 60/300: loss=0.000471
  Stage 3 epoch 120/300: loss=0.000329
  Stage 3 epoch 180/300: loss=0.000188
  Stage 3 epoch 240/300: loss=0.000172
  Stage 3 epoch 300/300: loss=0.000164
  rcMTE@0.1: 0.4185 (316/500 in region)
  rcMTE@0.5: 0.7594 (109/500 in region)
  rcMTE@1.0: 1.0352 (29/500 in region)
  MTE@0.1: 0.8296
  MTE@0.5: 1.3652
  MTE@1.0: 1.6548
  W2@1.0:  1.7421
  sW2@0.1: 0.3230 (316/500 in region)
  sW2@0.2: 0.4915 (232/500 in region)
  sW2@0.5: 1.0543 (109/500 in region)
  sW2@1.0: 1.8343 (29/500 in region)
  MMD@1.0: 0.1717
  Survival@1.0: 28.8%
  Stopped@1.0:  5.8%
      → K+S
  Precomputing encoder-pullback target...
  Stage 2 epoch 60/300: loss=0.313114
  Stage 2 epoch 120/300: loss=0.300045
  Stage 2 epoch 180/300: loss=0.260995
  Stage 2 epoch 240/300: loss=0.199935
  Stage 2 epoch 300/300: loss=0.131961
  Stage 3 epoch 60/300: loss=0.000471
  Stage 3 epoch 120/300: loss=0.000329
  Stage 3 epoch 180/300: loss=0.000188
  Stage 3 epoch 240/300: loss=0.000172
  Stage 3 epoch 300/300: loss=0.000164
  rcMTE@0.1: 0.4185 (316/500 in region)
  rcMTE@0.5: 0.7594 (109/500 in region)
  rcMTE@1.0: 1.0352 (29/500 in region)
  MTE@0.1: 0.8296
  MTE@0.5: 1.3652
  MTE@1.0: 1.6548
  W2@1.0:  1.7421
  sW2@0.1: 0.3230 (316/500 in region)
  sW2@0.2: 0.4915 (232/500 in region)
  sW2@0.5: 1.0543 (109/500 in region)
  sW2@1.0: 1.8343 (29/500 in region)
  MMD@1.0: 0.1717
  Survival@1.0: 28.8%
  Stopped@1.0:  5.8%
      baseline: W2=3.5517  E_mu=0.8880  E_Sig=4.8932
             K: W2=1.7421  E_mu=0.6027  E_Sig=1.2223
           K+S: W2=1.7421  E_mu=0.6027  E_Sig=1.2223

============================================================
  N=20 | D=201 (K=99) | hyperbolic_paraboloid | seed=8042
============================================================
    Phase1 Epoch 50/250: loss=0.946275
    Phase1 Epoch 100/250: loss=0.804576
    Phase1 Epoch 150/250: loss=0.570796
    Phase1 Epoch 200/250: loss=0.317426
    Phase1 Epoch 250/250: loss=0.173298
      Phase 2 AE: K_weight=0.0000
        Phase2 Epoch 50/250: loss=0.158790
        Phase2 Epoch 100/250: loss=0.104539
        Phase2 Epoch 150/250: loss=0.080070
        Phase2 Epoch 200/250: loss=0.069828
        Phase2 Epoch 250/250: loss=0.044556
        E_mu=0.9503  E_Sigma=2.1491
      → baseline
  Precomputing encoder-pullback target...
  Stage 2 epoch 60/300: loss=0.015491
  Stage 2 epoch 120/300: loss=0.012506
  Stage 2 epoch 180/300: loss=0.009754
  Stage 2 epoch 240/300: loss=0.007473
  Stage 2 epoch 300/300: loss=0.005010
  Stage 3 epoch 60/300: loss=0.000269
  Stage 3 epoch 120/300: loss=0.000185
  Stage 3 epoch 180/300: loss=0.000171
  Stage 3 epoch 240/300: loss=0.000159
  Stage 3 epoch 300/300: loss=0.000148
  rcMTE@0.1: 0.3975 (269/500 in region)
  rcMTE@0.5: 0.6275 (84/500 in region)
  rcMTE@1.0: 0.6512 (29/500 in region)
  MTE@0.1: 0.8962
  MTE@0.5: 1.1640
  MTE@1.0: 1.1781
  W2@1.0:  0.9604
  sW2@0.1: 0.3901 (269/500 in region)
  sW2@0.2: 0.4402 (192/500 in region)
  sW2@0.5: 0.5632 (84/500 in region)
  sW2@1.0: 0.9776 (29/500 in region)
  MMD@1.0: 0.2721
  Survival@1.0: 27.0%
  Stopped@1.0:  5.8%
      Phase 2 AE: K_weight=0.4275
        Phase2 Epoch 50/250: loss=0.114087
        Phase2 Epoch 100/250: loss=0.112036
        Phase2 Epoch 150/250: loss=0.158241
        Phase2 Epoch 200/250: loss=0.068173
        Phase2 Epoch 250/250: loss=0.038551
        E_mu=0.8173  E_Sigma=2.4619
      → K
  Precomputing encoder-pullback target...
  Stage 2 epoch 60/300: loss=0.012258
  Stage 2 epoch 120/300: loss=0.010981
  Stage 2 epoch 180/300: loss=0.009630
  Stage 2 epoch 240/300: loss=0.008074
  Stage 2 epoch 300/300: loss=0.006081
  Stage 3 epoch 60/300: loss=0.000364
  Stage 3 epoch 120/300: loss=0.000210
  Stage 3 epoch 180/300: loss=0.000157
  Stage 3 epoch 240/300: loss=0.000143
  Stage 3 epoch 300/300: loss=0.000135
  rcMTE@0.1: 0.4196 (269/500 in region)
  rcMTE@0.5: 0.6792 (84/500 in region)
  rcMTE@1.0: 0.6971 (29/500 in region)
  MTE@0.1: 0.8233
  MTE@0.5: 1.2063
  MTE@1.0: 1.3042
  W2@1.0:  1.0099
  sW2@0.1: 0.4585 (269/500 in region)
  sW2@0.2: 0.5155 (192/500 in region)
  sW2@0.5: 0.6844 (84/500 in region)
  sW2@1.0: 0.8922 (29/500 in region)
  MMD@1.0: 0.2021
  Survival@1.0: 27.0%
  Stopped@1.0:  5.8%
      → K+S
  Precomputing encoder-pullback target...
  Stage 2 epoch 60/300: loss=0.012258
  Stage 2 epoch 120/300: loss=0.010981
  Stage 2 epoch 180/300: loss=0.009630
  Stage 2 epoch 240/300: loss=0.008074
  Stage 2 epoch 300/300: loss=0.006081
  Stage 3 epoch 60/300: loss=0.000364
  Stage 3 epoch 120/300: loss=0.000210
  Stage 3 epoch 180/300: loss=0.000157
  Stage 3 epoch 240/300: loss=0.000143
  Stage 3 epoch 300/300: loss=0.000135
  rcMTE@0.1: 0.4196 (269/500 in region)
  rcMTE@0.5: 0.6792 (84/500 in region)
  rcMTE@1.0: 0.6971 (29/500 in region)
  MTE@0.1: 0.8233
  MTE@0.5: 1.2063
  MTE@1.0: 1.3042
  W2@1.0:  1.0099
  sW2@0.1: 0.4585 (269/500 in region)
  sW2@0.2: 0.5155 (192/500 in region)
  sW2@0.5: 0.6844 (84/500 in region)
  sW2@1.0: 0.8922 (29/500 in region)
  MMD@1.0: 0.2021
  Survival@1.0: 27.0%
  Stopped@1.0:  5.8%
      baseline: W2=0.9604  E_mu=0.9503  E_Sig=2.1491
             K: W2=1.0099  E_mu=0.8173  E_Sig=2.4619
           K+S: W2=1.0099  E_mu=0.8173  E_Sig=2.4619

============================================================
  N=20 | D=201 (K=99) | hyperbolic_paraboloid | seed=9042
============================================================
    Phase1 Epoch 50/250: loss=0.831020
    Phase1 Epoch 100/250: loss=0.750058
    Phase1 Epoch 150/250: loss=0.504221
    Phase1 Epoch 200/250: loss=0.266855
    Phase1 Epoch 250/250: loss=0.228265
      Phase 2 AE: K_weight=0.0000
        Phase2 Epoch 50/250: loss=0.151418
        Phase2 Epoch 100/250: loss=0.103582
        Phase2 Epoch 150/250: loss=0.138013
        Phase2 Epoch 200/250: loss=0.039300
        Phase2 Epoch 250/250: loss=0.040922
        E_mu=0.8677  E_Sigma=1.8108
      → baseline
  Precomputing encoder-pullback target...
  Stage 2 epoch 60/300: loss=0.022618
  Stage 2 epoch 120/300: loss=0.014569
  Stage 2 epoch 180/300: loss=0.008006
  Stage 2 epoch 240/300: loss=0.003755
  Stage 2 epoch 300/300: loss=0.001772
  Stage 3 epoch 60/300: loss=0.000288
  Stage 3 epoch 120/300: loss=0.000140
  Stage 3 epoch 180/300: loss=0.000098
  Stage 3 epoch 240/300: loss=0.000091
  Stage 3 epoch 300/300: loss=0.000086
  rcMTE@0.1: 0.8079 (280/500 in region)
  rcMTE@0.5: 1.0611 (85/500 in region)
  rcMTE@1.0: 1.1459 (22/500 in region)
  MTE@0.1: 1.3684
  MTE@0.5: 1.6799
  MTE@1.0: 1.8079
  W2@1.0:  0.7122
  sW2@0.1: 0.6121 (280/500 in region)
  sW2@0.2: 0.7926 (205/500 in region)
  sW2@0.5: 0.8096 (85/500 in region)
  sW2@1.0: 0.8348 (22/500 in region)
  MMD@1.0: 0.1788
  Survival@1.0: 28.2%
  Stopped@1.0:  4.4%
      Phase 2 AE: K_weight=0.4275
        Phase2 Epoch 50/250: loss=0.125249
        Phase2 Epoch 100/250: loss=0.087073
        Phase2 Epoch 150/250: loss=0.053567
        Phase2 Epoch 200/250: loss=0.050281
        Phase2 Epoch 250/250: loss=0.037422
        E_mu=0.7828  E_Sigma=1.3229
      → K
  Precomputing encoder-pullback target...
  Stage 2 epoch 60/300: loss=0.023527
  Stage 2 epoch 120/300: loss=0.014257
  Stage 2 epoch 180/300: loss=0.008598
  Stage 2 epoch 240/300: loss=0.005016
  Stage 2 epoch 300/300: loss=0.002665
  Stage 3 epoch 60/300: loss=0.000237
  Stage 3 epoch 120/300: loss=0.000105
  Stage 3 epoch 180/300: loss=0.000069
  Stage 3 epoch 240/300: loss=0.000064
  Stage 3 epoch 300/300: loss=0.000061
  rcMTE@0.1: 0.7866 (280/500 in region)
  rcMTE@0.5: 1.0414 (85/500 in region)
  rcMTE@1.0: 1.1377 (22/500 in region)
  MTE@0.1: 1.3503
  MTE@0.5: 1.6329
  MTE@1.0: 1.7777
  W2@1.0:  0.6917
  sW2@0.1: 0.4880 (280/500 in region)
  sW2@0.2: 0.6361 (205/500 in region)
  sW2@0.5: 0.6483 (85/500 in region)
  sW2@1.0: 0.8476 (22/500 in region)
  MMD@1.0: 0.1733
  Survival@1.0: 28.2%
  Stopped@1.0:  4.4%
      → K+S
  Precomputing encoder-pullback target...
  Stage 2 epoch 60/300: loss=0.023527
  Stage 2 epoch 120/300: loss=0.014257
  Stage 2 epoch 180/300: loss=0.008598
  Stage 2 epoch 240/300: loss=0.005016
  Stage 2 epoch 300/300: loss=0.002665
  Stage 3 epoch 60/300: loss=0.000237
  Stage 3 epoch 120/300: loss=0.000105
  Stage 3 epoch 180/300: loss=0.000069
  Stage 3 epoch 240/300: loss=0.000064
  Stage 3 epoch 300/300: loss=0.000061
  rcMTE@0.1: 0.7866 (280/500 in region)
  rcMTE@0.5: 1.0414 (85/500 in region)
  rcMTE@1.0: 1.1377 (22/500 in region)
  MTE@0.1: 1.3503
  MTE@0.5: 1.6329
  MTE@1.0: 1.7777
  W2@1.0:  0.6917
  sW2@0.1: 0.4880 (280/500 in region)
  sW2@0.2: 0.6361 (205/500 in region)
  sW2@0.5: 0.6483 (85/500 in region)
  sW2@1.0: 0.8476 (22/500 in region)
  MMD@1.0: 0.1733
  Survival@1.0: 28.2%
  Stopped@1.0:  4.4%
      baseline: W2=0.7122  E_mu=0.8677  E_Sig=1.8108
             K: W2=0.6917  E_mu=0.7828  E_Sig=1.3229
           K+S: W2=0.6917  E_mu=0.7828  E_Sig=1.3229

  N=20, D=201 completed in 566.7s (28.3s per fork)

============================================================
  N=50 | D=11 (K=4) | paraboloid | seed=42
============================================================
    Phase1 Epoch 50/250: loss=0.788453
    Phase1 Epoch 100/250: loss=0.468872
    Phase1 Epoch 150/250: loss=0.089665
    Phase1 Epoch 200/250: loss=0.038427
    Phase1 Epoch 250/250: loss=0.017359
      Phase 2 AE: K_weight=0.0000
        Phase2 Epoch 50/250: loss=0.010878
        Phase2 Epoch 100/250: loss=0.010109
        Phase2 Epoch 150/250: loss=0.004675
        Phase2 Epoch 200/250: loss=0.005584
        Phase2 Epoch 250/250: loss=0.012428
        E_mu=0.1152  E_Sigma=0.1782
      → baseline
  Precomputing encoder-pullback target...
  Stage 2 epoch 60/300: loss=0.043626
  Stage 2 epoch 120/300: loss=0.043417
  Stage 2 epoch 180/300: loss=0.050198
  Stage 2 epoch 240/300: loss=0.046914
  Stage 2 epoch 300/300: loss=0.042480
  Stage 3 epoch 60/300: loss=0.082701
  Stage 3 epoch 120/300: loss=0.049062
  Stage 3 epoch 180/300: loss=0.028651
  Stage 3 epoch 240/300: loss=0.019225
  Stage 3 epoch 300/300: loss=0.014538
  rcMTE@0.1: 0.1666 (292/500 in region)
  rcMTE@0.5: 0.3258 (97/500 in region)
  rcMTE@1.0: 0.4823 (21/500 in region)
  MTE@0.1: 0.3897
  MTE@0.5: 0.6697
  MTE@1.0: 0.8702
  W2@1.0:  0.5549
  sW2@0.1: 0.2504 (292/500 in region)
  sW2@0.2: 0.3060 (214/500 in region)
  sW2@0.5: 0.4094 (97/500 in region)
  sW2@1.0: 0.5707 (21/500 in region)
  MMD@1.0: 0.3205
  Survival@1.0: 28.0%
  Stopped@1.0:  4.2%
      Phase 2 AE: K_weight=0.1000
        Phase2 Epoch 50/250: loss=0.027073
        Phase2 Epoch 100/250: loss=0.013101
        Phase2 Epoch 150/250: loss=0.010013
        Phase2 Epoch 200/250: loss=0.003645
        Phase2 Epoch 250/250: loss=0.007962
        E_mu=0.0419  E_Sigma=0.1349
      → K
  Precomputing encoder-pullback target...
  Stage 2 epoch 60/300: loss=0.036449
  Stage 2 epoch 120/300: loss=0.036729
  Stage 2 epoch 180/300: loss=0.041679
  Stage 2 epoch 240/300: loss=0.040269
  Stage 2 epoch 300/300: loss=0.028980
  Stage 3 epoch 60/300: loss=0.099355
  Stage 3 epoch 120/300: loss=0.056381
  Stage 3 epoch 180/300: loss=0.023556
  Stage 3 epoch 240/300: loss=0.013401
  Stage 3 epoch 300/300: loss=0.009181
  rcMTE@0.1: 0.1673 (292/500 in region)
  rcMTE@0.5: 0.3370 (97/500 in region)
  rcMTE@1.0: 0.5096 (21/500 in region)
  MTE@0.1: 0.3838
  MTE@0.5: 0.6965
  MTE@1.0: 0.9286
  W2@1.0:  0.6438
  sW2@0.1: 0.2635 (292/500 in region)
  sW2@0.2: 0.3454 (214/500 in region)
  sW2@0.5: 0.4818 (97/500 in region)
  sW2@1.0: 0.6444 (21/500 in region)
  MMD@1.0: 0.3463
  Survival@1.0: 28.0%
  Stopped@1.0:  4.2%
      → K+S
  Precomputing encoder-pullback target...
  Stage 2 epoch 60/300: loss=0.036449
  Stage 2 epoch 120/300: loss=0.036729
  Stage 2 epoch 180/300: loss=0.041679
  Stage 2 epoch 240/300: loss=0.040269
  Stage 2 epoch 300/300: loss=0.028980
  Stage 3 epoch 60/300: loss=0.099355
  Stage 3 epoch 120/300: loss=0.056381
  Stage 3 epoch 180/300: loss=0.023556
  Stage 3 epoch 240/300: loss=0.013401
  Stage 3 epoch 300/300: loss=0.009181
  rcMTE@0.1: 0.1673 (292/500 in region)
  rcMTE@0.5: 0.3370 (97/500 in region)
  rcMTE@1.0: 0.5096 (21/500 in region)
  MTE@0.1: 0.3838
  MTE@0.5: 0.6965
  MTE@1.0: 0.9286
  W2@1.0:  0.6438
  sW2@0.1: 0.2635 (292/500 in region)
  sW2@0.2: 0.3454 (214/500 in region)
  sW2@0.5: 0.4818 (97/500 in region)
  sW2@1.0: 0.6444 (21/500 in region)
  MMD@1.0: 0.3463
  Survival@1.0: 28.0%
  Stopped@1.0:  4.2%
      baseline: W2=0.5549  E_mu=0.1152  E_Sig=0.1782
             K: W2=0.6438  E_mu=0.0419  E_Sig=0.1349
           K+S: W2=0.6438  E_mu=0.0419  E_Sig=0.1349

============================================================
  N=50 | D=11 (K=4) | paraboloid | seed=1042
============================================================
    Phase1 Epoch 50/250: loss=0.572354
    Phase1 Epoch 100/250: loss=0.312612
    Phase1 Epoch 150/250: loss=0.074965
    Phase1 Epoch 200/250: loss=0.030504
    Phase1 Epoch 250/250: loss=0.015691
      Phase 2 AE: K_weight=0.0000
        Phase2 Epoch 50/250: loss=0.015770
        Phase2 Epoch 100/250: loss=0.008148
        Phase2 Epoch 150/250: loss=0.007257
        Phase2 Epoch 200/250: loss=0.007893
        Phase2 Epoch 250/250: loss=0.003502
        E_mu=0.1569  E_Sigma=0.1566
      → baseline
  Precomputing encoder-pullback target...
  Stage 2 epoch 60/300: loss=0.048091
  Stage 2 epoch 120/300: loss=0.043042
  Stage 2 epoch 180/300: loss=0.038011
  Stage 2 epoch 240/300: loss=0.037534
  Stage 2 epoch 300/300: loss=0.036665
  Stage 3 epoch 60/300: loss=0.034549
  Stage 3 epoch 120/300: loss=0.025524
  Stage 3 epoch 180/300: loss=0.015307
  Stage 3 epoch 240/300: loss=0.012130
  Stage 3 epoch 300/300: loss=0.009699
  rcMTE@0.1: 0.5504 (285/500 in region)
  rcMTE@0.5: 0.9335 (98/500 in region)
  rcMTE@1.0: 1.0491 (31/500 in region)
  MTE@0.1: 0.9335
  MTE@0.5: 1.6910
  MTE@1.0: 1.9408
  W2@1.0:  1.1439
  sW2@0.1: 0.5106 (285/500 in region)
  sW2@0.2: 0.7476 (204/500 in region)
  sW2@0.5: 1.0055 (98/500 in region)
  sW2@1.0: 1.1887 (31/500 in region)
  MMD@1.0: 0.3097
  Survival@1.0: 29.8%
  Stopped@1.0:  6.2%
      Phase 2 AE: K_weight=0.1000
        Phase2 Epoch 50/250: loss=0.015930
        Phase2 Epoch 100/250: loss=0.014268
        Phase2 Epoch 150/250: loss=0.008809
        Phase2 Epoch 200/250: loss=0.006670
        Phase2 Epoch 250/250: loss=0.009646
        E_mu=0.1055  E_Sigma=0.0768
      → K
  Precomputing encoder-pullback target...
  Stage 2 epoch 60/300: loss=0.072778
  Stage 2 epoch 120/300: loss=0.060902
  Stage 2 epoch 180/300: loss=0.053019
  Stage 2 epoch 240/300: loss=0.049259
  Stage 2 epoch 300/300: loss=0.037191
  Stage 3 epoch 60/300: loss=0.035595
  Stage 3 epoch 120/300: loss=0.024944
  Stage 3 epoch 180/300: loss=0.013131
  Stage 3 epoch 240/300: loss=0.010125
  Stage 3 epoch 300/300: loss=0.007898
  rcMTE@0.1: 0.5503 (285/500 in region)
  rcMTE@0.5: 0.9296 (98/500 in region)
  rcMTE@1.0: 1.0588 (31/500 in region)
  MTE@0.1: 0.9338
  MTE@0.5: 1.6642
  MTE@1.0: 1.9274
  W2@1.0:  1.1218
  sW2@0.1: 0.4871 (285/500 in region)
  sW2@0.2: 0.7156 (204/500 in region)
  sW2@0.5: 0.9699 (98/500 in region)
  sW2@1.0: 1.2221 (31/500 in region)
  MMD@1.0: 0.3091
  Survival@1.0: 29.8%
  Stopped@1.0:  6.2%
      → K+S
  Precomputing encoder-pullback target...
  Stage 2 epoch 60/300: loss=0.072778
  Stage 2 epoch 120/300: loss=0.060902
  Stage 2 epoch 180/300: loss=0.053019
  Stage 2 epoch 240/300: loss=0.049259
  Stage 2 epoch 300/300: loss=0.037191
  Stage 3 epoch 60/300: loss=0.035595
  Stage 3 epoch 120/300: loss=0.024944
  Stage 3 epoch 180/300: loss=0.013131
  Stage 3 epoch 240/300: loss=0.010125
  Stage 3 epoch 300/300: loss=0.007898
  rcMTE@0.1: 0.5503 (285/500 in region)
  rcMTE@0.5: 0.9296 (98/500 in region)
  rcMTE@1.0: 1.0588 (31/500 in region)
  MTE@0.1: 0.9338
  MTE@0.5: 1.6642
  MTE@1.0: 1.9274
  W2@1.0:  1.1218
  sW2@0.1: 0.4871 (285/500 in region)
  sW2@0.2: 0.7156 (204/500 in region)
  sW2@0.5: 0.9699 (98/500 in region)
  sW2@1.0: 1.2221 (31/500 in region)
  MMD@1.0: 0.3091
  Survival@1.0: 29.8%
  Stopped@1.0:  6.2%
      baseline: W2=1.1439  E_mu=0.1569  E_Sig=0.1566
             K: W2=1.1218  E_mu=0.1055  E_Sig=0.0768
           K+S: W2=1.1218  E_mu=0.1055  E_Sig=0.0768

============================================================
  N=50 | D=11 (K=4) | paraboloid | seed=2042
============================================================
    Phase1 Epoch 50/250: loss=0.745330
    Phase1 Epoch 100/250: loss=0.412362
    Phase1 Epoch 150/250: loss=0.062901
    Phase1 Epoch 200/250: loss=0.031087
    Phase1 Epoch 250/250: loss=0.041165
      Phase 2 AE: K_weight=0.0000
        Phase2 Epoch 50/250: loss=0.041618
        Phase2 Epoch 100/250: loss=0.012982
        Phase2 Epoch 150/250: loss=0.012964
        Phase2 Epoch 200/250: loss=0.005873
        Phase2 Epoch 250/250: loss=0.006672
        E_mu=0.1277  E_Sigma=0.2040
      → baseline
  Precomputing encoder-pullback target...
  Stage 2 epoch 60/300: loss=0.070598
  Stage 2 epoch 120/300: loss=0.063845
  Stage 2 epoch 180/300: loss=0.055270
  Stage 2 epoch 240/300: loss=0.045411
  Stage 2 epoch 300/300: loss=0.040273
  Stage 3 epoch 60/300: loss=0.080406
  Stage 3 epoch 120/300: loss=0.045312
  Stage 3 epoch 180/300: loss=0.027205
  Stage 3 epoch 240/300: loss=0.017007
  Stage 3 epoch 300/300: loss=0.012115
  rcMTE@0.1: 0.5122 (293/500 in region)
  rcMTE@0.5: 1.0104 (88/500 in region)
  rcMTE@1.0: 0.8730 (24/500 in region)
  MTE@0.1: 0.8785
  MTE@0.5: 1.6178
  MTE@1.0: 1.7809
  W2@1.0:  1.1817
  sW2@0.1: 0.4450 (293/500 in region)
  sW2@0.2: 0.6771 (212/500 in region)
  sW2@0.5: 1.1706 (88/500 in region)
  sW2@1.0: 1.2861 (24/500 in region)
  MMD@1.0: 0.3280
  Survival@1.0: 26.6%
  Stopped@1.0:  4.8%
      Phase 2 AE: K_weight=0.1000
        Phase2 Epoch 50/250: loss=0.023592
        Phase2 Epoch 100/250: loss=0.019548
        Phase2 Epoch 150/250: loss=0.011414
        Phase2 Epoch 200/250: loss=0.013147
        Phase2 Epoch 250/250: loss=0.004382
        E_mu=0.0469  E_Sigma=0.0499
      → K
  Precomputing encoder-pullback target...
  Stage 2 epoch 60/300: loss=0.064402
  Stage 2 epoch 120/300: loss=0.049017
  Stage 2 epoch 180/300: loss=0.039000
  Stage 2 epoch 240/300: loss=0.032038
  Stage 2 epoch 300/300: loss=0.026862
  Stage 3 epoch 60/300: loss=0.089880
  Stage 3 epoch 120/300: loss=0.045400
  Stage 3 epoch 180/300: loss=0.019925
  Stage 3 epoch 240/300: loss=0.008448
  Stage 3 epoch 300/300: loss=0.005557
  rcMTE@0.1: 0.5145 (293/500 in region)
  rcMTE@0.5: 1.0382 (88/500 in region)
  rcMTE@1.0: 0.8906 (24/500 in region)
  MTE@0.1: 0.8811
  MTE@0.5: 1.7282
  MTE@1.0: 1.9788
  W2@1.0:  1.5403
  sW2@0.1: 0.4711 (293/500 in region)
  sW2@0.2: 0.7467 (212/500 in region)
  sW2@0.5: 1.3392 (88/500 in region)
  sW2@1.0: 1.5772 (24/500 in region)
  MMD@1.0: 0.3952
  Survival@1.0: 26.6%
  Stopped@1.0:  4.8%
      → K+S
  Precomputing encoder-pullback target...
  Stage 2 epoch 60/300: loss=0.064402
  Stage 2 epoch 120/300: loss=0.049017
  Stage 2 epoch 180/300: loss=0.039000
  Stage 2 epoch 240/300: loss=0.032038
  Stage 2 epoch 300/300: loss=0.026862
  Stage 3 epoch 60/300: loss=0.089880
  Stage 3 epoch 120/300: loss=0.045400
  Stage 3 epoch 180/300: loss=0.019925
  Stage 3 epoch 240/300: loss=0.008448
  Stage 3 epoch 300/300: loss=0.005557
  rcMTE@0.1: 0.5145 (293/500 in region)
  rcMTE@0.5: 1.0382 (88/500 in region)
  rcMTE@1.0: 0.8906 (24/500 in region)
  MTE@0.1: 0.8811
  MTE@0.5: 1.7282
  MTE@1.0: 1.9788
  W2@1.0:  1.5403
  sW2@0.1: 0.4711 (293/500 in region)
  sW2@0.2: 0.7467 (212/500 in region)
  sW2@0.5: 1.3392 (88/500 in region)
  sW2@1.0: 1.5772 (24/500 in region)
  MMD@1.0: 0.3952
  Survival@1.0: 26.6%
  Stopped@1.0:  4.8%
      baseline: W2=1.1817  E_mu=0.1277  E_Sig=0.2040
             K: W2=1.5403  E_mu=0.0469  E_Sig=0.0499
           K+S: W2=1.5403  E_mu=0.0469  E_Sig=0.0499

============================================================
  N=50 | D=11 (K=4) | paraboloid | seed=3042
============================================================
    Phase1 Epoch 50/250: loss=0.821696
    Phase1 Epoch 100/250: loss=0.548769
    Phase1 Epoch 150/250: loss=0.068404
    Phase1 Epoch 200/250: loss=0.035259
    Phase1 Epoch 250/250: loss=0.016048
      Phase 2 AE: K_weight=0.0000
        Phase2 Epoch 50/250: loss=0.016378
        Phase2 Epoch 100/250: loss=0.008315
        Phase2 Epoch 150/250: loss=0.011505
        Phase2 Epoch 200/250: loss=0.007774
        Phase2 Epoch 250/250: loss=0.003104
        E_mu=0.0368  E_Sigma=0.0303
      → baseline
  Precomputing encoder-pullback target...
  Stage 2 epoch 60/300: loss=0.083890
  Stage 2 epoch 120/300: loss=0.068745
  Stage 2 epoch 180/300: loss=0.075551
  Stage 2 epoch 240/300: loss=0.062329
  Stage 2 epoch 300/300: loss=0.042892
  Stage 3 epoch 60/300: loss=0.070942
  Stage 3 epoch 120/300: loss=0.053993
  Stage 3 epoch 180/300: loss=0.041923
  Stage 3 epoch 240/300: loss=0.035027
  Stage 3 epoch 300/300: loss=0.031451
  rcMTE@0.1: 0.4508 (275/500 in region)
  rcMTE@0.5: 0.7914 (78/500 in region)
  rcMTE@1.0: 0.8313 (25/500 in region)
  MTE@0.1: 0.8714
  MTE@0.5: 1.3158
  MTE@1.0: 1.5625
  W2@1.0:  1.0070
  sW2@0.1: 0.5240 (275/500 in region)
  sW2@0.2: 0.6119 (204/500 in region)
  sW2@0.5: 1.1243 (78/500 in region)
  sW2@1.0: 1.5150 (25/500 in region)
  MMD@1.0: 0.2147
  Survival@1.0: 27.2%
  Stopped@1.0:  5.0%
      Phase 2 AE: K_weight=0.1000
        Phase2 Epoch 50/250: loss=0.018404
        Phase2 Epoch 100/250: loss=0.016601
        Phase2 Epoch 150/250: loss=0.006006
        Phase2 Epoch 200/250: loss=0.024019
        Phase2 Epoch 250/250: loss=0.004266
        E_mu=0.0305  E_Sigma=0.0301
      → K
  Precomputing encoder-pullback target...
  Stage 2 epoch 60/300: loss=0.096489
  Stage 2 epoch 120/300: loss=0.079330
  Stage 2 epoch 180/300: loss=0.088399
  Stage 2 epoch 240/300: loss=0.078910
  Stage 2 epoch 300/300: loss=0.056390
  Stage 3 epoch 60/300: loss=0.067831
  Stage 3 epoch 120/300: loss=0.053280
  Stage 3 epoch 180/300: loss=0.043494
  Stage 3 epoch 240/300: loss=0.035024
  Stage 3 epoch 300/300: loss=0.031131
  rcMTE@0.1: 0.4447 (275/500 in region)
  rcMTE@0.5: 0.7749 (78/500 in region)
  rcMTE@1.0: 0.8373 (25/500 in region)
  MTE@0.1: 0.8756
  MTE@0.5: 1.3234
  MTE@1.0: 1.5803
  W2@1.0:  1.0495
  sW2@0.1: 0.5262 (275/500 in region)
  sW2@0.2: 0.6206 (204/500 in region)
  sW2@0.5: 1.1319 (78/500 in region)
  sW2@1.0: 1.5501 (25/500 in region)
  MMD@1.0: 0.2199
  Survival@1.0: 27.2%
  Stopped@1.0:  5.0%
      → K+S
  Precomputing encoder-pullback target...
  Stage 2 epoch 60/300: loss=0.096489
  Stage 2 epoch 120/300: loss=0.079330
  Stage 2 epoch 180/300: loss=0.088399
  Stage 2 epoch 240/300: loss=0.078910
  Stage 2 epoch 300/300: loss=0.056390
  Stage 3 epoch 60/300: loss=0.067831
  Stage 3 epoch 120/300: loss=0.053280
  Stage 3 epoch 180/300: loss=0.043494
  Stage 3 epoch 240/300: loss=0.035024
  Stage 3 epoch 300/300: loss=0.031131
  rcMTE@0.1: 0.4447 (275/500 in region)
  rcMTE@0.5: 0.7749 (78/500 in region)
  rcMTE@1.0: 0.8373 (25/500 in region)
  MTE@0.1: 0.8756
  MTE@0.5: 1.3234
  MTE@1.0: 1.5803
  W2@1.0:  1.0495
  sW2@0.1: 0.5262 (275/500 in region)
  sW2@0.2: 0.6206 (204/500 in region)
  sW2@0.5: 1.1319 (78/500 in region)
  sW2@1.0: 1.5501 (25/500 in region)
  MMD@1.0: 0.2199
  Survival@1.0: 27.2%
  Stopped@1.0:  5.0%
      baseline: W2=1.0070  E_mu=0.0368  E_Sig=0.0303
             K: W2=1.0495  E_mu=0.0305  E_Sig=0.0301
           K+S: W2=1.0495  E_mu=0.0305  E_Sig=0.0301

============================================================
  N=50 | D=11 (K=4) | paraboloid | seed=4042
============================================================
    Phase1 Epoch 50/250: loss=0.707573
    Phase1 Epoch 100/250: loss=0.312504
    Phase1 Epoch 150/250: loss=0.066734
    Phase1 Epoch 200/250: loss=0.052106
    Phase1 Epoch 250/250: loss=0.032760
      Phase 2 AE: K_weight=0.0000
        Phase2 Epoch 50/250: loss=0.022127
        Phase2 Epoch 100/250: loss=0.032720
        Phase2 Epoch 150/250: loss=0.024193
        Phase2 Epoch 200/250: loss=0.015515
        Phase2 Epoch 250/250: loss=0.010395
        E_mu=0.1882  E_Sigma=0.4395
      → baseline
  Precomputing encoder-pullback target...
  Stage 2 epoch 60/300: loss=0.104565
  Stage 2 epoch 120/300: loss=0.102259
  Stage 2 epoch 180/300: loss=0.139794
  Stage 2 epoch 240/300: loss=0.127353
  Stage 2 epoch 300/300: loss=0.105250
  Stage 3 epoch 60/300: loss=0.064756
  Stage 3 epoch 120/300: loss=0.053502
  Stage 3 epoch 180/300: loss=0.044106
  Stage 3 epoch 240/300: loss=0.048153
  Stage 3 epoch 300/300: loss=0.046011
  rcMTE@0.1: 0.4407 (287/500 in region)
  rcMTE@0.5: 0.8495 (102/500 in region)
  rcMTE@1.0: 1.3897 (30/500 in region)
  MTE@0.1: 0.7474
  MTE@0.5: 1.4096
  MTE@1.0: 1.8731
  W2@1.0:  1.5582
  sW2@0.1: 0.4048 (287/500 in region)
  sW2@0.2: 0.6095 (207/500 in region)
  sW2@0.5: 1.0924 (102/500 in region)
  sW2@1.0: 2.2119 (30/500 in region)
  MMD@1.0: 0.2726
  Survival@1.0: 28.2%
  Stopped@1.0:  6.0%
      Phase 2 AE: K_weight=0.1000
        Phase2 Epoch 50/250: loss=0.029138
        Phase2 Epoch 100/250: loss=0.024535
        Phase2 Epoch 150/250: loss=0.011429
        Phase2 Epoch 200/250: loss=0.012456
        Phase2 Epoch 250/250: loss=0.011803
        E_mu=0.0833  E_Sigma=0.2073
      → K
  Precomputing encoder-pullback target...
  Stage 2 epoch 60/300: loss=0.126648
  Stage 2 epoch 120/300: loss=0.128473
  Stage 2 epoch 180/300: loss=0.179766
  Stage 2 epoch 240/300: loss=0.172403
  Stage 2 epoch 300/300: loss=0.150199
  Stage 3 epoch 60/300: loss=0.084550
  Stage 3 epoch 120/300: loss=0.062367
  Stage 3 epoch 180/300: loss=0.047130
  Stage 3 epoch 240/300: loss=0.030135
  Stage 3 epoch 300/300: loss=0.019174
  rcMTE@0.1: 0.5561 (287/500 in region)
  rcMTE@0.5: 0.9238 (102/500 in region)
  rcMTE@1.0: 1.4113 (30/500 in region)
  MTE@0.1: 0.9393
  MTE@0.5: 1.6416
  MTE@1.0: 2.1279
  W2@1.0:  1.8242
  sW2@0.1: 0.5156 (287/500 in region)
  sW2@0.2: 0.8167 (207/500 in region)
  sW2@0.5: 1.2210 (102/500 in region)
  sW2@1.0: 2.3494 (30/500 in region)
  MMD@1.0: 0.3615
  Survival@1.0: 28.2%
  Stopped@1.0:  6.0%
      → K+S
  Precomputing encoder-pullback target...
  Stage 2 epoch 60/300: loss=0.126648
  Stage 2 epoch 120/300: loss=0.128473
  Stage 2 epoch 180/300: loss=0.179766
  Stage 2 epoch 240/300: loss=0.172403
  Stage 2 epoch 300/300: loss=0.150199
  Stage 3 epoch 60/300: loss=0.084550
  Stage 3 epoch 120/300: loss=0.062367
  Stage 3 epoch 180/300: loss=0.047130
  Stage 3 epoch 240/300: loss=0.030135
  Stage 3 epoch 300/300: loss=0.019174
  rcMTE@0.1: 0.5561 (287/500 in region)
  rcMTE@0.5: 0.9238 (102/500 in region)
  rcMTE@1.0: 1.4113 (30/500 in region)
  MTE@0.1: 0.9393
  MTE@0.5: 1.6416
  MTE@1.0: 2.1279
  W2@1.0:  1.8242
  sW2@0.1: 0.5156 (287/500 in region)
  sW2@0.2: 0.8167 (207/500 in region)
  sW2@0.5: 1.2210 (102/500 in region)
  sW2@1.0: 2.3494 (30/500 in region)
  MMD@1.0: 0.3615
  Survival@1.0: 28.2%
  Stopped@1.0:  6.0%
      baseline: W2=1.5582  E_mu=0.1882  E_Sig=0.4395
             K: W2=1.8242  E_mu=0.0833  E_Sig=0.2073
           K+S: W2=1.8242  E_mu=0.0833  E_Sig=0.2073

============================================================
  N=50 | D=11 (K=4) | paraboloid | seed=5042
============================================================
    Phase1 Epoch 50/250: loss=0.825767
    Phase1 Epoch 100/250: loss=0.608248
    Phase1 Epoch 150/250: loss=0.144815
    Phase1 Epoch 200/250: loss=0.040144
    Phase1 Epoch 250/250: loss=0.020591
      Phase 2 AE: K_weight=0.0000
        Phase2 Epoch 50/250: loss=0.013879
        Phase2 Epoch 100/250: loss=0.009199
        Phase2 Epoch 150/250: loss=0.019906
        Phase2 Epoch 200/250: loss=0.004859
        Phase2 Epoch 250/250: loss=0.010941
        E_mu=0.1317  E_Sigma=0.2842
      → baseline
  Precomputing encoder-pullback target...
  Stage 2 epoch 60/300: loss=0.056531
  Stage 2 epoch 120/300: loss=0.041691
  Stage 2 epoch 180/300: loss=0.029540
  Stage 2 epoch 240/300: loss=0.029814
  Stage 2 epoch 300/300: loss=0.030362
  Stage 3 epoch 60/300: loss=0.030687
  Stage 3 epoch 120/300: loss=0.023942
  Stage 3 epoch 180/300: loss=0.019957
  Stage 3 epoch 240/300: loss=0.016325
  Stage 3 epoch 300/300: loss=0.014222
  rcMTE@0.1: 0.5149 (285/500 in region)
  rcMTE@0.5: 0.9465 (93/500 in region)
  rcMTE@1.0: 1.0929 (33/500 in region)
  MTE@0.1: 0.9054
  MTE@0.5: 1.5646
  MTE@1.0: 1.7336
  W2@1.0:  1.2112
  sW2@0.1: 0.6068 (285/500 in region)
  sW2@0.2: 0.7414 (216/500 in region)
  sW2@0.5: 1.0574 (93/500 in region)
  sW2@1.0: 1.3954 (33/500 in region)
  MMD@1.0: 0.3781
  Survival@1.0: 25.8%
  Stopped@1.0:  6.6%
      Phase 2 AE: K_weight=0.1000
        Phase2 Epoch 50/250: loss=0.022563
        Phase2 Epoch 100/250: loss=0.012401
        Phase2 Epoch 150/250: loss=0.010563
        Phase2 Epoch 200/250: loss=0.006999
        Phase2 Epoch 250/250: loss=0.007220
        E_mu=0.0461  E_Sigma=0.0922
      → K
  Precomputing encoder-pullback target...
  Stage 2 epoch 60/300: loss=0.048922
  Stage 2 epoch 120/300: loss=0.039349
  Stage 2 epoch 180/300: loss=0.031652
  Stage 2 epoch 240/300: loss=0.034029
  Stage 2 epoch 300/300: loss=0.032988
  Stage 3 epoch 60/300: loss=0.024050
  Stage 3 epoch 120/300: loss=0.017714
  Stage 3 epoch 180/300: loss=0.014072
  Stage 3 epoch 240/300: loss=0.010413
  Stage 3 epoch 300/300: loss=0.008685
  rcMTE@0.1: 0.5164 (285/500 in region)
  rcMTE@0.5: 0.9609 (93/500 in region)
  rcMTE@1.0: 1.1041 (33/500 in region)
  MTE@0.1: 0.9097
  MTE@0.5: 1.6036
  MTE@1.0: 1.7860
  W2@1.0:  1.3065
  sW2@0.1: 0.6433 (285/500 in region)
  sW2@0.2: 0.7991 (216/500 in region)
  sW2@0.5: 1.1613 (93/500 in region)
  sW2@1.0: 1.4436 (33/500 in region)
  MMD@1.0: 0.4025
  Survival@1.0: 25.8%
  Stopped@1.0:  6.6%
      → K+S
  Precomputing encoder-pullback target...
  Stage 2 epoch 60/300: loss=0.048922
  Stage 2 epoch 120/300: loss=0.039349
  Stage 2 epoch 180/300: loss=0.031652
  Stage 2 epoch 240/300: loss=0.034029
  Stage 2 epoch 300/300: loss=0.032988
  Stage 3 epoch 60/300: loss=0.024050
  Stage 3 epoch 120/300: loss=0.017714
  Stage 3 epoch 180/300: loss=0.014072
  Stage 3 epoch 240/300: loss=0.010413
  Stage 3 epoch 300/300: loss=0.008685
  rcMTE@0.1: 0.5164 (285/500 in region)
  rcMTE@0.5: 0.9609 (93/500 in region)
  rcMTE@1.0: 1.1041 (33/500 in region)
  MTE@0.1: 0.9097
  MTE@0.5: 1.6036
  MTE@1.0: 1.7860
  W2@1.0:  1.3065
  sW2@0.1: 0.6433 (285/500 in region)
  sW2@0.2: 0.7991 (216/500 in region)
  sW2@0.5: 1.1613 (93/500 in region)
  sW2@1.0: 1.4436 (33/500 in region)
  MMD@1.0: 0.4025
  Survival@1.0: 25.8%
  Stopped@1.0:  6.6%
      baseline: W2=1.2112  E_mu=0.1317  E_Sig=0.2842
             K: W2=1.3065  E_mu=0.0461  E_Sig=0.0922
           K+S: W2=1.3065  E_mu=0.0461  E_Sig=0.0922

============================================================
  N=50 | D=11 (K=4) | paraboloid | seed=6042
============================================================
    Phase1 Epoch 50/250: loss=0.773116
    Phase1 Epoch 100/250: loss=0.359394
    Phase1 Epoch 150/250: loss=0.054046
    Phase1 Epoch 200/250: loss=0.023255
    Phase1 Epoch 250/250: loss=0.011394
      Phase 2 AE: K_weight=0.0000
        Phase2 Epoch 50/250: loss=0.007581
        Phase2 Epoch 100/250: loss=0.008212
        Phase2 Epoch 150/250: loss=0.009554
        Phase2 Epoch 200/250: loss=0.003078
        Phase2 Epoch 250/250: loss=0.002121
        E_mu=0.0489  E_Sigma=0.0411
      → baseline
  Precomputing encoder-pullback target...
  Stage 2 epoch 60/300: loss=0.069471
  Stage 2 epoch 120/300: loss=0.046723
  Stage 2 epoch 180/300: loss=0.037343
  Stage 2 epoch 240/300: loss=0.038228
  Stage 2 epoch 300/300: loss=0.023696
  Stage 3 epoch 60/300: loss=0.093286
  Stage 3 epoch 120/300: loss=0.026390
  Stage 3 epoch 180/300: loss=0.014200
  Stage 3 epoch 240/300: loss=0.013116
  Stage 3 epoch 300/300: loss=0.007085
  rcMTE@0.1: 0.5267 (290/500 in region)
  rcMTE@0.5: 0.9675 (89/500 in region)
  rcMTE@1.0: 1.1806 (30/500 in region)
  MTE@0.1: 0.9272
  MTE@0.5: 1.7365
  MTE@1.0: 1.8966
  W2@1.0:  1.3817
  sW2@0.1: 0.5705 (290/500 in region)
  sW2@0.2: 0.8833 (208/500 in region)
  sW2@0.5: 1.1652 (89/500 in region)
  sW2@1.0: 1.5519 (30/500 in region)
  MMD@1.0: 0.3892
  Survival@1.0: 27.2%
  Stopped@1.0:  6.0%
      Phase 2 AE: K_weight=0.1000
        Phase2 Epoch 50/250: loss=0.014870
        Phase2 Epoch 100/250: loss=0.005399
        Phase2 Epoch 150/250: loss=0.013994
        Phase2 Epoch 200/250: loss=0.008561
        Phase2 Epoch 250/250: loss=0.004820
        E_mu=0.0456  E_Sigma=0.1635
      → K
  Precomputing encoder-pullback target...
  Stage 2 epoch 60/300: loss=0.059374
  Stage 2 epoch 120/300: loss=0.049218
  Stage 2 epoch 180/300: loss=0.039633
  Stage 2 epoch 240/300: loss=0.041167
  Stage 2 epoch 300/300: loss=0.028649
  Stage 3 epoch 60/300: loss=0.098309
  Stage 3 epoch 120/300: loss=0.028763
  Stage 3 epoch 180/300: loss=0.013863
  Stage 3 epoch 240/300: loss=0.013156
  Stage 3 epoch 300/300: loss=0.008038
  rcMTE@0.1: 0.5287 (290/500 in region)
  rcMTE@0.5: 0.9607 (89/500 in region)
  rcMTE@1.0: 1.1931 (30/500 in region)
  MTE@0.1: 0.9285
  MTE@0.5: 1.7314
  MTE@1.0: 1.9099
  W2@1.0:  1.4362
  sW2@0.1: 0.5688 (290/500 in region)
  sW2@0.2: 0.8813 (208/500 in region)
  sW2@0.5: 1.1634 (89/500 in region)
  sW2@1.0: 1.6831 (30/500 in region)
  MMD@1.0: 0.3889
  Survival@1.0: 27.2%
  Stopped@1.0:  6.0%
      → K+S
  Precomputing encoder-pullback target...
  Stage 2 epoch 60/300: loss=0.059374
  Stage 2 epoch 120/300: loss=0.049218
  Stage 2 epoch 180/300: loss=0.039633
  Stage 2 epoch 240/300: loss=0.041167
  Stage 2 epoch 300/300: loss=0.028649
  Stage 3 epoch 60/300: loss=0.098309
  Stage 3 epoch 120/300: loss=0.028763
  Stage 3 epoch 180/300: loss=0.013863
  Stage 3 epoch 240/300: loss=0.013156
  Stage 3 epoch 300/300: loss=0.008038
  rcMTE@0.1: 0.5287 (290/500 in region)
  rcMTE@0.5: 0.9607 (89/500 in region)
  rcMTE@1.0: 1.1931 (30/500 in region)
  MTE@0.1: 0.9285
  MTE@0.5: 1.7314
  MTE@1.0: 1.9099
  W2@1.0:  1.4362
  sW2@0.1: 0.5688 (290/500 in region)
  sW2@0.2: 0.8813 (208/500 in region)
  sW2@0.5: 1.1634 (89/500 in region)
  sW2@1.0: 1.6831 (30/500 in region)
  MMD@1.0: 0.3889
  Survival@1.0: 27.2%
  Stopped@1.0:  6.0%
      baseline: W2=1.3817  E_mu=0.0489  E_Sig=0.0411
             K: W2=1.4362  E_mu=0.0456  E_Sig=0.1635
           K+S: W2=1.4362  E_mu=0.0456  E_Sig=0.1635

============================================================
  N=50 | D=11 (K=4) | paraboloid | seed=7042
============================================================
    Phase1 Epoch 50/250: loss=0.792357
    Phase1 Epoch 100/250: loss=0.259551
    Phase1 Epoch 150/250: loss=0.058070
    Phase1 Epoch 200/250: loss=0.045266
    Phase1 Epoch 250/250: loss=0.023637
      Phase 2 AE: K_weight=0.0000
        Phase2 Epoch 50/250: loss=0.027884
        Phase2 Epoch 100/250: loss=0.015863
        Phase2 Epoch 150/250: loss=0.010168
        Phase2 Epoch 200/250: loss=0.012704
        Phase2 Epoch 250/250: loss=0.013703
        E_mu=0.0813  E_Sigma=0.1941
      → baseline
  Precomputing encoder-pullback target...
  Stage 2 epoch 60/300: loss=0.158869
  Stage 2 epoch 120/300: loss=0.163267
  Stage 2 epoch 180/300: loss=0.103116
  Stage 2 epoch 240/300: loss=0.097131
  Stage 2 epoch 300/300: loss=0.088878
  Stage 3 epoch 60/300: loss=0.045504
  Stage 3 epoch 120/300: loss=0.035588
  Stage 3 epoch 180/300: loss=0.030673
  Stage 3 epoch 240/300: loss=0.029168
  Stage 3 epoch 300/300: loss=0.030573
  rcMTE@0.1: 0.5095 (316/500 in region)
  rcMTE@0.5: 0.8902 (109/500 in region)
  rcMTE@1.0: 0.9699 (29/500 in region)
  MTE@0.1: 0.8909
  MTE@0.5: 1.5155
  MTE@1.0: 1.6488
  W2@1.0:  0.6902
  sW2@0.1: 0.6063 (316/500 in region)
  sW2@0.2: 0.8099 (232/500 in region)
  sW2@0.5: 0.8296 (109/500 in region)
  sW2@1.0: 0.7917 (29/500 in region)
  MMD@1.0: 0.2836
  Survival@1.0: 28.8%
  Stopped@1.0:  5.8%
      Phase 2 AE: K_weight=0.1000
        Phase2 Epoch 50/250: loss=0.038013
        Phase2 Epoch 100/250: loss=0.016362
        Phase2 Epoch 150/250: loss=0.011037
        Phase2 Epoch 200/250: loss=0.007879
        Phase2 Epoch 250/250: loss=0.006592
        E_mu=0.0368  E_Sigma=0.0561
      → K
  Precomputing encoder-pullback target...
  Stage 2 epoch 60/300: loss=0.219750
  Stage 2 epoch 120/300: loss=0.211905
  Stage 2 epoch 180/300: loss=0.127515
  Stage 2 epoch 240/300: loss=0.118769
  Stage 2 epoch 300/300: loss=0.104650
  Stage 3 epoch 60/300: loss=0.042040
  Stage 3 epoch 120/300: loss=0.027447
  Stage 3 epoch 180/300: loss=0.021765
  Stage 3 epoch 240/300: loss=0.017323
  Stage 3 epoch 300/300: loss=0.015929
  rcMTE@0.1: 0.5179 (316/500 in region)
  rcMTE@0.5: 0.9465 (109/500 in region)
  rcMTE@1.0: 1.0352 (29/500 in region)
  MTE@0.1: 0.8980
  MTE@0.5: 1.6169
  MTE@1.0: 1.8204
  W2@1.0:  1.0683
  sW2@0.1: 0.6655 (316/500 in region)
  sW2@0.2: 0.9161 (232/500 in region)
  sW2@0.5: 1.0859 (109/500 in region)
  sW2@1.0: 1.0711 (29/500 in region)
  MMD@1.0: 0.3464
  Survival@1.0: 28.8%
  Stopped@1.0:  5.8%
      → K+S
  Precomputing encoder-pullback target...
  Stage 2 epoch 60/300: loss=0.219750
  Stage 2 epoch 120/300: loss=0.211905
  Stage 2 epoch 180/300: loss=0.127515
  Stage 2 epoch 240/300: loss=0.118769
  Stage 2 epoch 300/300: loss=0.104650
  Stage 3 epoch 60/300: loss=0.042040
  Stage 3 epoch 120/300: loss=0.027447
  Stage 3 epoch 180/300: loss=0.021765
  Stage 3 epoch 240/300: loss=0.017323
  Stage 3 epoch 300/300: loss=0.015929
  rcMTE@0.1: 0.5179 (316/500 in region)
  rcMTE@0.5: 0.9465 (109/500 in region)
  rcMTE@1.0: 1.0352 (29/500 in region)
  MTE@0.1: 0.8980
  MTE@0.5: 1.6169
  MTE@1.0: 1.8204
  W2@1.0:  1.0683
  sW2@0.1: 0.6655 (316/500 in region)
  sW2@0.2: 0.9161 (232/500 in region)
  sW2@0.5: 1.0859 (109/500 in region)
  sW2@1.0: 1.0711 (29/500 in region)
  MMD@1.0: 0.3464
  Survival@1.0: 28.8%
  Stopped@1.0:  5.8%
      baseline: W2=0.6902  E_mu=0.0813  E_Sig=0.1941
             K: W2=1.0683  E_mu=0.0368  E_Sig=0.0561
           K+S: W2=1.0683  E_mu=0.0368  E_Sig=0.0561

============================================================
  N=50 | D=11 (K=4) | paraboloid | seed=8042
============================================================
    Phase1 Epoch 50/250: loss=0.600130
    Phase1 Epoch 100/250: loss=0.141434
    Phase1 Epoch 150/250: loss=0.075239
    Phase1 Epoch 200/250: loss=0.026600
    Phase1 Epoch 250/250: loss=0.024869
      Phase 2 AE: K_weight=0.0000
        Phase2 Epoch 50/250: loss=0.021678
        Phase2 Epoch 100/250: loss=0.014572
        Phase2 Epoch 150/250: loss=0.005698
        Phase2 Epoch 200/250: loss=0.005196
        Phase2 Epoch 250/250: loss=0.004045
        E_mu=0.1116  E_Sigma=0.1091
      → baseline
  Precomputing encoder-pullback target...
  Stage 2 epoch 60/300: loss=0.116127
  Stage 2 epoch 120/300: loss=0.161426
  Stage 2 epoch 180/300: loss=0.108956
  Stage 2 epoch 240/300: loss=0.146871
  Stage 2 epoch 300/300: loss=0.101490
  Stage 3 epoch 60/300: loss=0.105537
  Stage 3 epoch 120/300: loss=0.057817
  Stage 3 epoch 180/300: loss=0.048866
  Stage 3 epoch 240/300: loss=0.044199
  Stage 3 epoch 300/300: loss=0.047783
  rcMTE@0.1: 0.3931 (269/500 in region)
  rcMTE@0.5: 0.7026 (84/500 in region)
  rcMTE@1.0: 0.7757 (29/500 in region)
  MTE@0.1: 0.7229
  MTE@0.5: 1.1879
  MTE@1.0: 1.2417
  W2@1.0:  0.5154
  sW2@0.1: 0.4440 (269/500 in region)
  sW2@0.2: 0.5337 (192/500 in region)
  sW2@0.5: 0.9274 (84/500 in region)
  sW2@1.0: 1.4135 (29/500 in region)
  MMD@1.0: 0.1626
  Survival@1.0: 27.0%
  Stopped@1.0:  5.8%
      Phase 2 AE: K_weight=0.1000
        Phase2 Epoch 50/250: loss=0.021374
        Phase2 Epoch 100/250: loss=0.011595
        Phase2 Epoch 150/250: loss=0.014848
        Phase2 Epoch 200/250: loss=0.010233
        Phase2 Epoch 250/250: loss=0.008159
        E_mu=0.0641  E_Sigma=0.1462
      → K
  Precomputing encoder-pullback target...
  Stage 2 epoch 60/300: loss=0.164800
  Stage 2 epoch 120/300: loss=0.222796
  Stage 2 epoch 180/300: loss=0.149893
  Stage 2 epoch 240/300: loss=0.205016
  Stage 2 epoch 300/300: loss=0.139262
  Stage 3 epoch 60/300: loss=0.070830
  Stage 3 epoch 120/300: loss=0.054290
  Stage 3 epoch 180/300: loss=0.046055
  Stage 3 epoch 240/300: loss=0.040544
  Stage 3 epoch 300/300: loss=0.043111
  rcMTE@0.1: 0.3913 (269/500 in region)
  rcMTE@0.5: 0.7055 (84/500 in region)
  rcMTE@1.0: 0.8210 (29/500 in region)
  MTE@0.1: 0.7263
  MTE@0.5: 1.2085
  MTE@1.0: 1.3279
  W2@1.0:  0.6126
  sW2@0.1: 0.4435 (269/500 in region)
  sW2@0.2: 0.5438 (192/500 in region)
  sW2@0.5: 0.9677 (84/500 in region)
  sW2@1.0: 1.4430 (29/500 in region)
  MMD@1.0: 0.1799
  Survival@1.0: 27.0%
  Stopped@1.0:  5.8%
      → K+S
  Precomputing encoder-pullback target...
  Stage 2 epoch 60/300: loss=0.164800
  Stage 2 epoch 120/300: loss=0.222796
  Stage 2 epoch 180/300: loss=0.149893
  Stage 2 epoch 240/300: loss=0.205016
  Stage 2 epoch 300/300: loss=0.139262
  Stage 3 epoch 60/300: loss=0.070830
  Stage 3 epoch 120/300: loss=0.054290
  Stage 3 epoch 180/300: loss=0.046055
  Stage 3 epoch 240/300: loss=0.040544
  Stage 3 epoch 300/300: loss=0.043111
  rcMTE@0.1: 0.3913 (269/500 in region)
  rcMTE@0.5: 0.7055 (84/500 in region)
  rcMTE@1.0: 0.8210 (29/500 in region)
  MTE@0.1: 0.7263
  MTE@0.5: 1.2085
  MTE@1.0: 1.3279
  W2@1.0:  0.6126
  sW2@0.1: 0.4435 (269/500 in region)
  sW2@0.2: 0.5438 (192/500 in region)
  sW2@0.5: 0.9677 (84/500 in region)
  sW2@1.0: 1.4430 (29/500 in region)
  MMD@1.0: 0.1799
  Survival@1.0: 27.0%
  Stopped@1.0:  5.8%
      baseline: W2=0.5154  E_mu=0.1116  E_Sig=0.1091
             K: W2=0.6126  E_mu=0.0641  E_Sig=0.1462
           K+S: W2=0.6126  E_mu=0.0641  E_Sig=0.1462

============================================================
  N=50 | D=11 (K=4) | paraboloid | seed=9042
============================================================
    Phase1 Epoch 50/250: loss=0.779542
    Phase1 Epoch 100/250: loss=0.114457
    Phase1 Epoch 150/250: loss=0.037701
    Phase1 Epoch 200/250: loss=0.020369
    Phase1 Epoch 250/250: loss=0.018775
      Phase 2 AE: K_weight=0.0000
        Phase2 Epoch 50/250: loss=0.008860
        Phase2 Epoch 100/250: loss=0.039881
        Phase2 Epoch 150/250: loss=0.008625
        Phase2 Epoch 200/250: loss=0.004341
        Phase2 Epoch 250/250: loss=0.004433
        E_mu=0.0686  E_Sigma=0.0658
      → baseline
  Precomputing encoder-pullback target...
  Stage 2 epoch 60/300: loss=0.122250
  Stage 2 epoch 120/300: loss=0.117384
  Stage 2 epoch 180/300: loss=0.087869
  Stage 2 epoch 240/300: loss=0.077935
  Stage 2 epoch 300/300: loss=0.074229
  Stage 3 epoch 60/300: loss=0.183064
  Stage 3 epoch 120/300: loss=0.045711
  Stage 3 epoch 180/300: loss=0.029797
  Stage 3 epoch 240/300: loss=0.021354
  Stage 3 epoch 300/300: loss=0.015983
  rcMTE@0.1: 0.2228 (280/500 in region)
  rcMTE@0.5: 0.4394 (85/500 in region)
  rcMTE@1.0: 0.6679 (22/500 in region)
  MTE@0.1: 0.4541
  MTE@0.5: 0.9031
  MTE@1.0: 1.3009
  W2@1.0:  1.1156
  sW2@0.1: 0.4016 (280/500 in region)
  sW2@0.2: 0.4068 (205/500 in region)
  sW2@0.5: 0.6603 (85/500 in region)
  sW2@1.0: 1.2144 (22/500 in region)
  MMD@1.0: 0.3522
  Survival@1.0: 28.2%
  Stopped@1.0:  4.4%
      Phase 2 AE: K_weight=0.1000
        Phase2 Epoch 50/250: loss=0.016916
        Phase2 Epoch 100/250: loss=0.088808
        Phase2 Epoch 150/250: loss=0.020465
        Phase2 Epoch 200/250: loss=0.019909
        Phase2 Epoch 250/250: loss=0.004683
        E_mu=0.0418  E_Sigma=0.0476
      → K
  Precomputing encoder-pullback target...
  Stage 2 epoch 60/300: loss=0.115099
  Stage 2 epoch 120/300: loss=0.109261
  Stage 2 epoch 180/300: loss=0.088618
  Stage 2 epoch 240/300: loss=0.082120
  Stage 2 epoch 300/300: loss=0.082720
  Stage 3 epoch 60/300: loss=0.184409
  Stage 3 epoch 120/300: loss=0.047828
  Stage 3 epoch 180/300: loss=0.026735
  Stage 3 epoch 240/300: loss=0.018534
  Stage 3 epoch 300/300: loss=0.013277
  rcMTE@0.1: 0.2295 (280/500 in region)
  rcMTE@0.5: 0.4555 (85/500 in region)
  rcMTE@1.0: 0.6691 (22/500 in region)
  MTE@0.1: 0.4636
  MTE@0.5: 0.9447
  MTE@1.0: 1.4128
  W2@1.0:  1.3668
  sW2@0.1: 0.4241 (280/500 in region)
  sW2@0.2: 0.4524 (205/500 in region)
  sW2@0.5: 0.7484 (85/500 in region)
  sW2@1.0: 1.1912 (22/500 in region)
  MMD@1.0: 0.3790
  Survival@1.0: 28.2%
  Stopped@1.0:  4.4%
      → K+S
  Precomputing encoder-pullback target...
  Stage 2 epoch 60/300: loss=0.115099
  Stage 2 epoch 120/300: loss=0.109261
  Stage 2 epoch 180/300: loss=0.088618
  Stage 2 epoch 240/300: loss=0.082120
  Stage 2 epoch 300/300: loss=0.082720
  Stage 3 epoch 60/300: loss=0.184409
  Stage 3 epoch 120/300: loss=0.047828
  Stage 3 epoch 180/300: loss=0.026735
  Stage 3 epoch 240/300: loss=0.018534
  Stage 3 epoch 300/300: loss=0.013277
  rcMTE@0.1: 0.2295 (280/500 in region)
  rcMTE@0.5: 0.4555 (85/500 in region)
  rcMTE@1.0: 0.6691 (22/500 in region)
  MTE@0.1: 0.4636
  MTE@0.5: 0.9447
  MTE@1.0: 1.4128
  W2@1.0:  1.3668
  sW2@0.1: 0.4241 (280/500 in region)
  sW2@0.2: 0.4524 (205/500 in region)
  sW2@0.5: 0.7484 (85/500 in region)
  sW2@1.0: 1.1912 (22/500 in region)
  MMD@1.0: 0.3790
  Survival@1.0: 28.2%
  Stopped@1.0:  4.4%
      baseline: W2=1.1156  E_mu=0.0686  E_Sig=0.0658
             K: W2=1.3668  E_mu=0.0418  E_Sig=0.0476
           K+S: W2=1.3668  E_mu=0.0418  E_Sig=0.0476

============================================================
  N=50 | D=11 (K=4) | hyperbolic_paraboloid | seed=42
============================================================
    Phase1 Epoch 50/250: loss=0.197449
    Phase1 Epoch 100/250: loss=0.039952
    Phase1 Epoch 150/250: loss=0.026846
    Phase1 Epoch 200/250: loss=0.015397
    Phase1 Epoch 250/250: loss=0.018461
      Phase 2 AE: K_weight=0.0000
        Phase2 Epoch 50/250: loss=0.012262
        Phase2 Epoch 100/250: loss=0.004469
        Phase2 Epoch 150/250: loss=0.003650
        Phase2 Epoch 200/250: loss=0.003516
        Phase2 Epoch 250/250: loss=0.003840
        E_mu=0.0767  E_Sigma=0.1277
      → baseline
  Precomputing encoder-pullback target...
  Stage 2 epoch 60/300: loss=0.074778
  Stage 2 epoch 120/300: loss=0.066988
  Stage 2 epoch 180/300: loss=0.066097
  Stage 2 epoch 240/300: loss=0.044786
  Stage 2 epoch 300/300: loss=0.030928
  Stage 3 epoch 60/300: loss=0.056767
  Stage 3 epoch 120/300: loss=0.037056
  Stage 3 epoch 180/300: loss=0.028191
  Stage 3 epoch 240/300: loss=0.027138
  Stage 3 epoch 300/300: loss=0.024226
  rcMTE@0.1: 0.4010 (292/500 in region)
  rcMTE@0.5: 0.6592 (97/500 in region)
  rcMTE@1.0: 0.7645 (21/500 in region)
  MTE@0.1: 0.7932
  MTE@0.5: 1.3245
  MTE@1.0: 1.3940
  W2@1.0:  0.7387
  sW2@0.1: 0.3833 (292/500 in region)
  sW2@0.2: 0.4776 (214/500 in region)
  sW2@0.5: 0.5593 (97/500 in region)
  sW2@1.0: 0.9182 (21/500 in region)
  MMD@1.0: 0.1888
  Survival@1.0: 28.0%
  Stopped@1.0:  4.2%
      Phase 2 AE: K_weight=0.1000
        Phase2 Epoch 50/250: loss=0.012276
        Phase2 Epoch 100/250: loss=0.006911
        Phase2 Epoch 150/250: loss=0.004227
        Phase2 Epoch 200/250: loss=0.003290
        Phase2 Epoch 250/250: loss=0.002324
        E_mu=0.0305  E_Sigma=0.0311
      → K
  Precomputing encoder-pullback target...
  Stage 2 epoch 60/300: loss=0.072736
  Stage 2 epoch 120/300: loss=0.060832
  Stage 2 epoch 180/300: loss=0.057244
  Stage 2 epoch 240/300: loss=0.042588
  Stage 2 epoch 300/300: loss=0.030953
  Stage 3 epoch 60/300: loss=0.054707
  Stage 3 epoch 120/300: loss=0.036883
  Stage 3 epoch 180/300: loss=0.027781
  Stage 3 epoch 240/300: loss=0.026294
  Stage 3 epoch 300/300: loss=0.023332
  rcMTE@0.1: 0.3942 (292/500 in region)
  rcMTE@0.5: 0.6625 (97/500 in region)
  rcMTE@1.0: 0.7514 (21/500 in region)
  MTE@0.1: 0.7917
  MTE@0.5: 1.3468
  MTE@1.0: 1.4298
  W2@1.0:  0.7644
  sW2@0.1: 0.3811 (292/500 in region)
  sW2@0.2: 0.4883 (214/500 in region)
  sW2@0.5: 0.5737 (97/500 in region)
  sW2@1.0: 0.9039 (21/500 in region)
  MMD@1.0: 0.1976
  Survival@1.0: 28.0%
  Stopped@1.0:  4.2%
      → K+S
  Precomputing encoder-pullback target...
  Stage 2 epoch 60/300: loss=0.072736
  Stage 2 epoch 120/300: loss=0.060832
  Stage 2 epoch 180/300: loss=0.057244
  Stage 2 epoch 240/300: loss=0.042588
  Stage 2 epoch 300/300: loss=0.030953
  Stage 3 epoch 60/300: loss=0.054707
  Stage 3 epoch 120/300: loss=0.036883
  Stage 3 epoch 180/300: loss=0.027781
  Stage 3 epoch 240/300: loss=0.026294
  Stage 3 epoch 300/300: loss=0.023332
  rcMTE@0.1: 0.3942 (292/500 in region)
  rcMTE@0.5: 0.6625 (97/500 in region)
  rcMTE@1.0: 0.7514 (21/500 in region)
  MTE@0.1: 0.7917
  MTE@0.5: 1.3468
  MTE@1.0: 1.4298
  W2@1.0:  0.7644
  sW2@0.1: 0.3811 (292/500 in region)
  sW2@0.2: 0.4883 (214/500 in region)
  sW2@0.5: 0.5737 (97/500 in region)
  sW2@1.0: 0.9039 (21/500 in region)
  MMD@1.0: 0.1976
  Survival@1.0: 28.0%
  Stopped@1.0:  4.2%
      baseline: W2=0.7387  E_mu=0.0767  E_Sig=0.1277
             K: W2=0.7644  E_mu=0.0305  E_Sig=0.0311
           K+S: W2=0.7644  E_mu=0.0305  E_Sig=0.0311

============================================================
  N=50 | D=11 (K=4) | hyperbolic_paraboloid | seed=1042
============================================================
    Phase1 Epoch 50/250: loss=0.693594
    Phase1 Epoch 100/250: loss=0.364512
    Phase1 Epoch 150/250: loss=0.044817
    Phase1 Epoch 200/250: loss=0.008553
    Phase1 Epoch 250/250: loss=0.004632
      Phase 2 AE: K_weight=0.0000
        Phase2 Epoch 50/250: loss=0.004269
        Phase2 Epoch 100/250: loss=0.005179
        Phase2 Epoch 150/250: loss=0.002096
        Phase2 Epoch 200/250: loss=0.002192
        Phase2 Epoch 250/250: loss=0.001840
        E_mu=0.0474  E_Sigma=0.0467
      → baseline
  Precomputing encoder-pullback target...
  Stage 2 epoch 60/300: loss=0.040963
  Stage 2 epoch 120/300: loss=0.035246
  Stage 2 epoch 180/300: loss=0.030134
  Stage 2 epoch 240/300: loss=0.030675
  Stage 2 epoch 300/300: loss=0.021566
  Stage 3 epoch 60/300: loss=0.025176
  Stage 3 epoch 120/300: loss=0.021226
  Stage 3 epoch 180/300: loss=0.008137
  Stage 3 epoch 240/300: loss=0.004305
  Stage 3 epoch 300/300: loss=0.003388
  rcMTE@0.1: 0.5312 (285/500 in region)
  rcMTE@0.5: 0.8030 (98/500 in region)
  rcMTE@1.0: 1.0139 (31/500 in region)
  MTE@0.1: 0.9443
  MTE@0.5: 1.6271
  MTE@1.0: 1.8301
  W2@1.0:  0.8751
  sW2@0.1: 0.4634 (285/500 in region)
  sW2@0.2: 0.6302 (204/500 in region)
  sW2@0.5: 0.6310 (98/500 in region)
  sW2@1.0: 0.9855 (31/500 in region)
  MMD@1.0: 0.2373
  Survival@1.0: 29.8%
  Stopped@1.0:  6.2%
      Phase 2 AE: K_weight=0.1000
        Phase2 Epoch 50/250: loss=0.007129
        Phase2 Epoch 100/250: loss=0.009544
        Phase2 Epoch 150/250: loss=0.002179
        Phase2 Epoch 200/250: loss=0.001797
        Phase2 Epoch 250/250: loss=0.001492
        E_mu=0.0276  E_Sigma=0.0283
      → K
  Precomputing encoder-pullback target...
  Stage 2 epoch 60/300: loss=0.035165
  Stage 2 epoch 120/300: loss=0.030373
  Stage 2 epoch 180/300: loss=0.026693
  Stage 2 epoch 240/300: loss=0.029424
  Stage 2 epoch 300/300: loss=0.022825
  Stage 3 epoch 60/300: loss=0.029837
  Stage 3 epoch 120/300: loss=0.025709
  Stage 3 epoch 180/300: loss=0.008966
  Stage 3 epoch 240/300: loss=0.003955
  Stage 3 epoch 300/300: loss=0.002985
  rcMTE@0.1: 0.5375 (285/500 in region)
  rcMTE@0.5: 0.8252 (98/500 in region)
  rcMTE@1.0: 1.0501 (31/500 in region)
  MTE@0.1: 0.9535
  MTE@0.5: 1.6783
  MTE@1.0: 1.9075
  W2@1.0:  1.0052
  sW2@0.1: 0.4791 (285/500 in region)
  sW2@0.2: 0.6649 (204/500 in region)
  sW2@0.5: 0.6909 (98/500 in region)
  sW2@1.0: 1.1132 (31/500 in region)
  MMD@1.0: 0.2521
  Survival@1.0: 29.8%
  Stopped@1.0:  6.2%
      → K+S
  Precomputing encoder-pullback target...
  Stage 2 epoch 60/300: loss=0.035165
  Stage 2 epoch 120/300: loss=0.030373
  Stage 2 epoch 180/300: loss=0.026693
  Stage 2 epoch 240/300: loss=0.029424
  Stage 2 epoch 300/300: loss=0.022825
  Stage 3 epoch 60/300: loss=0.029837
  Stage 3 epoch 120/300: loss=0.025709
  Stage 3 epoch 180/300: loss=0.008966
  Stage 3 epoch 240/300: loss=0.003955
  Stage 3 epoch 300/300: loss=0.002985
  rcMTE@0.1: 0.5375 (285/500 in region)
  rcMTE@0.5: 0.8252 (98/500 in region)
  rcMTE@1.0: 1.0501 (31/500 in region)
  MTE@0.1: 0.9535
  MTE@0.5: 1.6783
  MTE@1.0: 1.9075
  W2@1.0:  1.0052
  sW2@0.1: 0.4791 (285/500 in region)
  sW2@0.2: 0.6649 (204/500 in region)
  sW2@0.5: 0.6909 (98/500 in region)
  sW2@1.0: 1.1132 (31/500 in region)
  MMD@1.0: 0.2521
  Survival@1.0: 29.8%
  Stopped@1.0:  6.2%
      baseline: W2=0.8751  E_mu=0.0474  E_Sig=0.0467
             K: W2=1.0052  E_mu=0.0276  E_Sig=0.0283
           K+S: W2=1.0052  E_mu=0.0276  E_Sig=0.0283

============================================================
  N=50 | D=11 (K=4) | hyperbolic_paraboloid | seed=2042
============================================================
    Phase1 Epoch 50/250: loss=0.816151
    Phase1 Epoch 100/250: loss=0.603088
    Phase1 Epoch 150/250: loss=0.132372
    Phase1 Epoch 200/250: loss=0.034036
    Phase1 Epoch 250/250: loss=0.010403
      Phase 2 AE: K_weight=0.0000
        Phase2 Epoch 50/250: loss=0.009169
        Phase2 Epoch 100/250: loss=0.005337
        Phase2 Epoch 150/250: loss=0.012032
        Phase2 Epoch 200/250: loss=0.001872
        Phase2 Epoch 250/250: loss=0.001531
        E_mu=0.0414  E_Sigma=0.0380
      → baseline
  Precomputing encoder-pullback target...
  Stage 2 epoch 60/300: loss=0.047765
  Stage 2 epoch 120/300: loss=0.046006
  Stage 2 epoch 180/300: loss=0.039903
  Stage 2 epoch 240/300: loss=0.038725
  Stage 2 epoch 300/300: loss=0.034241
  Stage 3 epoch 60/300: loss=0.105809
  Stage 3 epoch 120/300: loss=0.025493
  Stage 3 epoch 180/300: loss=0.012370
  Stage 3 epoch 240/300: loss=0.007451
  Stage 3 epoch 300/300: loss=0.005099
  rcMTE@0.1: 0.7888 (293/500 in region)
  rcMTE@0.5: 1.5028 (88/500 in region)
  rcMTE@1.0: 1.5138 (24/500 in region)
  MTE@0.1: 1.3618
  MTE@0.5: 2.3417
  MTE@1.0: 2.2773
  W2@1.0:  1.5491
  sW2@0.1: 0.7628 (293/500 in region)
  sW2@0.2: 1.1366 (212/500 in region)
  sW2@0.5: 1.7507 (88/500 in region)
  sW2@1.0: 2.1541 (24/500 in region)
  MMD@1.0: 0.2999
  Survival@1.0: 26.6%
  Stopped@1.0:  4.8%
      Phase 2 AE: K_weight=0.1000
        Phase2 Epoch 50/250: loss=0.016081
        Phase2 Epoch 100/250: loss=0.010419
        Phase2 Epoch 150/250: loss=0.003159
        Phase2 Epoch 200/250: loss=0.002265
        Phase2 Epoch 250/250: loss=0.001678
        E_mu=0.0283  E_Sigma=0.0247
      → K
  Precomputing encoder-pullback target...
  Stage 2 epoch 60/300: loss=0.045910
  Stage 2 epoch 120/300: loss=0.044265
  Stage 2 epoch 180/300: loss=0.038927
  Stage 2 epoch 240/300: loss=0.038108
  Stage 2 epoch 300/300: loss=0.034075
  Stage 3 epoch 60/300: loss=0.105116
  Stage 3 epoch 120/300: loss=0.025283
  Stage 3 epoch 180/300: loss=0.011898
  Stage 3 epoch 240/300: loss=0.006686
  Stage 3 epoch 300/300: loss=0.004974
  rcMTE@0.1: 0.7873 (293/500 in region)
  rcMTE@0.5: 1.4988 (88/500 in region)
  rcMTE@1.0: 1.5068 (24/500 in region)
  MTE@0.1: 1.3620
  MTE@0.5: 2.3416
  MTE@1.0: 2.2863
  W2@1.0:  1.5478
  sW2@0.1: 0.7657 (293/500 in region)
  sW2@0.2: 1.1450 (212/500 in region)
  sW2@0.5: 1.7442 (88/500 in region)
  sW2@1.0: 2.1367 (24/500 in region)
  MMD@1.0: 0.3009
  Survival@1.0: 26.6%
  Stopped@1.0:  4.8%
      → K+S
  Precomputing encoder-pullback target...
  Stage 2 epoch 60/300: loss=0.045910
  Stage 2 epoch 120/300: loss=0.044265
  Stage 2 epoch 180/300: loss=0.038927
  Stage 2 epoch 240/300: loss=0.038108
  Stage 2 epoch 300/300: loss=0.034075
  Stage 3 epoch 60/300: loss=0.105116
  Stage 3 epoch 120/300: loss=0.025283
  Stage 3 epoch 180/300: loss=0.011898
  Stage 3 epoch 240/300: loss=0.006686
  Stage 3 epoch 300/300: loss=0.004974
  rcMTE@0.1: 0.7873 (293/500 in region)
  rcMTE@0.5: 1.4988 (88/500 in region)
  rcMTE@1.0: 1.5068 (24/500 in region)
  MTE@0.1: 1.3620
  MTE@0.5: 2.3416
  MTE@1.0: 2.2863
  W2@1.0:  1.5478
  sW2@0.1: 0.7657 (293/500 in region)
  sW2@0.2: 1.1450 (212/500 in region)
  sW2@0.5: 1.7442 (88/500 in region)
  sW2@1.0: 2.1367 (24/500 in region)
  MMD@1.0: 0.3009
  Survival@1.0: 26.6%
  Stopped@1.0:  4.8%
      baseline: W2=1.5491  E_mu=0.0414  E_Sig=0.0380
             K: W2=1.5478  E_mu=0.0283  E_Sig=0.0247
           K+S: W2=1.5478  E_mu=0.0283  E_Sig=0.0247

============================================================
  N=50 | D=11 (K=4) | hyperbolic_paraboloid | seed=3042
============================================================
    Phase1 Epoch 50/250: loss=0.814108
    Phase1 Epoch 100/250: loss=0.104801
    Phase1 Epoch 150/250: loss=0.046756
    Phase1 Epoch 200/250: loss=0.016462
    Phase1 Epoch 250/250: loss=0.015131
      Phase 2 AE: K_weight=0.0000
        Phase2 Epoch 50/250: loss=0.011367
        Phase2 Epoch 100/250: loss=0.009092
        Phase2 Epoch 150/250: loss=0.004955
        Phase2 Epoch 200/250: loss=0.005025
        Phase2 Epoch 250/250: loss=0.003340
        E_mu=0.0362  E_Sigma=0.0573
      → baseline
  Precomputing encoder-pullback target...
  Stage 2 epoch 60/300: loss=0.075624
  Stage 2 epoch 120/300: loss=0.059799
  Stage 2 epoch 180/300: loss=0.059834
  Stage 2 epoch 240/300: loss=0.042847
  Stage 2 epoch 300/300: loss=0.038494
  Stage 3 epoch 60/300: loss=0.104852
  Stage 3 epoch 120/300: loss=0.083075
  Stage 3 epoch 180/300: loss=0.068216
  Stage 3 epoch 240/300: loss=0.050866
  Stage 3 epoch 300/300: loss=0.033332
  rcMTE@0.1: 0.4963 (275/500 in region)
  rcMTE@0.5: 0.8417 (78/500 in region)
  rcMTE@1.0: 0.8220 (25/500 in region)
  MTE@0.1: 0.9116
  MTE@0.5: 1.4618
  MTE@1.0: 1.6651
  W2@1.0:  0.8954
  sW2@0.1: 0.4820 (275/500 in region)
  sW2@0.2: 0.5291 (204/500 in region)
  sW2@0.5: 0.7542 (78/500 in region)
  sW2@1.0: 1.1305 (25/500 in region)
  MMD@1.0: 0.2131
  Survival@1.0: 27.2%
  Stopped@1.0:  5.0%
      Phase 2 AE: K_weight=0.1000
        Phase2 Epoch 50/250: loss=0.016251
        Phase2 Epoch 100/250: loss=0.010384
        Phase2 Epoch 150/250: loss=0.010593
        Phase2 Epoch 200/250: loss=0.010443
        Phase2 Epoch 250/250: loss=0.007764
        E_mu=0.0341  E_Sigma=0.0838
      → K
  Precomputing encoder-pullback target...
  Stage 2 epoch 60/300: loss=0.087255
  Stage 2 epoch 120/300: loss=0.072518
  Stage 2 epoch 180/300: loss=0.074754
  Stage 2 epoch 240/300: loss=0.056855
  Stage 2 epoch 300/300: loss=0.052715
  Stage 3 epoch 60/300: loss=0.106197
  Stage 3 epoch 120/300: loss=0.082341
  Stage 3 epoch 180/300: loss=0.067274
  Stage 3 epoch 240/300: loss=0.051379
  Stage 3 epoch 300/300: loss=0.032873
  rcMTE@0.1: 0.5044 (275/500 in region)
  rcMTE@0.5: 0.8608 (78/500 in region)
  rcMTE@1.0: 0.8524 (25/500 in region)
  MTE@0.1: 0.9149
  MTE@0.5: 1.4771
  MTE@1.0: 1.6752
  W2@1.0:  0.8437
  sW2@0.1: 0.4832 (275/500 in region)
  sW2@0.2: 0.5247 (204/500 in region)
  sW2@0.5: 0.7851 (78/500 in region)
  sW2@1.0: 1.1023 (25/500 in region)
  MMD@1.0: 0.2074
  Survival@1.0: 27.2%
  Stopped@1.0:  5.0%
      → K+S
  Precomputing encoder-pullback target...
  Stage 2 epoch 60/300: loss=0.087255
  Stage 2 epoch 120/300: loss=0.072518
  Stage 2 epoch 180/300: loss=0.074754
  Stage 2 epoch 240/300: loss=0.056855
  Stage 2 epoch 300/300: loss=0.052715
  Stage 3 epoch 60/300: loss=0.106197
  Stage 3 epoch 120/300: loss=0.082341
  Stage 3 epoch 180/300: loss=0.067274
  Stage 3 epoch 240/300: loss=0.051379
  Stage 3 epoch 300/300: loss=0.032873
  rcMTE@0.1: 0.5044 (275/500 in region)
  rcMTE@0.5: 0.8608 (78/500 in region)
  rcMTE@1.0: 0.8524 (25/500 in region)
  MTE@0.1: 0.9149
  MTE@0.5: 1.4771
  MTE@1.0: 1.6752
  W2@1.0:  0.8437
  sW2@0.1: 0.4832 (275/500 in region)
  sW2@0.2: 0.5247 (204/500 in region)
  sW2@0.5: 0.7851 (78/500 in region)
  sW2@1.0: 1.1023 (25/500 in region)
  MMD@1.0: 0.2074
  Survival@1.0: 27.2%
  Stopped@1.0:  5.0%
      baseline: W2=0.8954  E_mu=0.0362  E_Sig=0.0573
             K: W2=0.8437  E_mu=0.0341  E_Sig=0.0838
           K+S: W2=0.8437  E_mu=0.0341  E_Sig=0.0838

============================================================
  N=50 | D=11 (K=4) | hyperbolic_paraboloid | seed=4042
============================================================
    Phase1 Epoch 50/250: loss=0.789422
    Phase1 Epoch 100/250: loss=0.069440
    Phase1 Epoch 150/250: loss=0.021102
    Phase1 Epoch 200/250: loss=0.020921
    Phase1 Epoch 250/250: loss=0.013716
      Phase 2 AE: K_weight=0.0000
        Phase2 Epoch 50/250: loss=0.004166
        Phase2 Epoch 100/250: loss=0.005561
        Phase2 Epoch 150/250: loss=0.006979
        Phase2 Epoch 200/250: loss=0.001702
        Phase2 Epoch 250/250: loss=0.001272
        E_mu=0.0280  E_Sigma=0.0242
      → baseline
  Precomputing encoder-pullback target...
  Stage 2 epoch 60/300: loss=0.057082
  Stage 2 epoch 120/300: loss=0.061931
  Stage 2 epoch 180/300: loss=0.070763
  Stage 2 epoch 240/300: loss=0.074035
  Stage 2 epoch 300/300: loss=0.061093
  Stage 3 epoch 60/300: loss=0.030350
  Stage 3 epoch 120/300: loss=0.008363
  Stage 3 epoch 180/300: loss=0.005864
  Stage 3 epoch 240/300: loss=0.005051
  Stage 3 epoch 300/300: loss=0.004566
  rcMTE@0.1: 0.7720 (287/500 in region)
  rcMTE@0.5: 1.2513 (102/500 in region)
  rcMTE@1.0: 1.5072 (30/500 in region)
  MTE@0.1: 1.3117
  MTE@0.5: 2.0630
  MTE@1.0: 2.2195
  W2@1.0:  1.4410
  sW2@0.1: 0.5829 (287/500 in region)
  sW2@0.2: 0.9172 (207/500 in region)
  sW2@0.5: 1.1027 (102/500 in region)
  sW2@1.0: 1.9751 (30/500 in region)
  MMD@1.0: 0.2828
  Survival@1.0: 28.2%
  Stopped@1.0:  6.0%
      Phase 2 AE: K_weight=0.1000
        Phase2 Epoch 50/250: loss=0.006229
        Phase2 Epoch 100/250: loss=0.005958
        Phase2 Epoch 150/250: loss=0.004839
        Phase2 Epoch 200/250: loss=0.007348
        Phase2 Epoch 250/250: loss=0.001649
        E_mu=0.0157  E_Sigma=0.0323
      → K
  Precomputing encoder-pullback target...
  Stage 2 epoch 60/300: loss=0.043141
  Stage 2 epoch 120/300: loss=0.046282
  Stage 2 epoch 180/300: loss=0.054442
  Stage 2 epoch 240/300: loss=0.056810
  Stage 2 epoch 300/300: loss=0.047384
  Stage 3 epoch 60/300: loss=0.032990
  Stage 3 epoch 120/300: loss=0.008864
  Stage 3 epoch 180/300: loss=0.005330
  Stage 3 epoch 240/300: loss=0.004159
  Stage 3 epoch 300/300: loss=0.003497
  rcMTE@0.1: 0.7797 (287/500 in region)
  rcMTE@0.5: 1.2861 (102/500 in region)
  rcMTE@1.0: 1.5513 (30/500 in region)
  MTE@0.1: 1.3200
  MTE@0.5: 2.1057
  MTE@1.0: 2.3228
  W2@1.0:  1.5927
  sW2@0.1: 0.6030 (287/500 in region)
  sW2@0.2: 0.9527 (207/500 in region)
  sW2@0.5: 1.1990 (102/500 in region)
  sW2@1.0: 2.0782 (30/500 in region)
  MMD@1.0: 0.2897
  Survival@1.0: 28.2%
  Stopped@1.0:  6.0%
      → K+S
  Precomputing encoder-pullback target...
  Stage 2 epoch 60/300: loss=0.043141
  Stage 2 epoch 120/300: loss=0.046282
  Stage 2 epoch 180/300: loss=0.054442
  Stage 2 epoch 240/300: loss=0.056810
  Stage 2 epoch 300/300: loss=0.047384
  Stage 3 epoch 60/300: loss=0.032990
  Stage 3 epoch 120/300: loss=0.008864
  Stage 3 epoch 180/300: loss=0.005330
  Stage 3 epoch 240/300: loss=0.004159
  Stage 3 epoch 300/300: loss=0.003497
  rcMTE@0.1: 0.7797 (287/500 in region)
  rcMTE@0.5: 1.2861 (102/500 in region)
  rcMTE@1.0: 1.5513 (30/500 in region)
  MTE@0.1: 1.3200
  MTE@0.5: 2.1057
  MTE@1.0: 2.3228
  W2@1.0:  1.5927
  sW2@0.1: 0.6030 (287/500 in region)
  sW2@0.2: 0.9527 (207/500 in region)
  sW2@0.5: 1.1990 (102/500 in region)
  sW2@1.0: 2.0782 (30/500 in region)
  MMD@1.0: 0.2897
  Survival@1.0: 28.2%
  Stopped@1.0:  6.0%
      baseline: W2=1.4410  E_mu=0.0280  E_Sig=0.0242
             K: W2=1.5927  E_mu=0.0157  E_Sig=0.0323
           K+S: W2=1.5927  E_mu=0.0157  E_Sig=0.0323

============================================================
  N=50 | D=11 (K=4) | hyperbolic_paraboloid | seed=5042
============================================================
    Phase1 Epoch 50/250: loss=0.877577
    Phase1 Epoch 100/250: loss=0.652298
    Phase1 Epoch 150/250: loss=0.070618
    Phase1 Epoch 200/250: loss=0.029592
    Phase1 Epoch 250/250: loss=0.014209
      Phase 2 AE: K_weight=0.0000
        Phase2 Epoch 50/250: loss=0.020331
        Phase2 Epoch 100/250: loss=0.016001
        Phase2 Epoch 150/250: loss=0.005144
        Phase2 Epoch 200/250: loss=0.005071
        Phase2 Epoch 250/250: loss=0.005477
        E_mu=0.0654  E_Sigma=0.1152
      → baseline
  Precomputing encoder-pullback target...
  Stage 2 epoch 60/300: loss=0.051909
  Stage 2 epoch 120/300: loss=0.048481
  Stage 2 epoch 180/300: loss=0.032512
  Stage 2 epoch 240/300: loss=0.028604
  Stage 2 epoch 300/300: loss=0.029611
  Stage 3 epoch 60/300: loss=0.068258
  Stage 3 epoch 120/300: loss=0.023667
  Stage 3 epoch 180/300: loss=0.012835
  Stage 3 epoch 240/300: loss=0.010429
  Stage 3 epoch 300/300: loss=0.009680
  rcMTE@0.1: 0.7726 (285/500 in region)
  rcMTE@0.5: 1.2020 (93/500 in region)
  rcMTE@1.0: 1.1087 (33/500 in region)
  MTE@0.1: 1.3226
  MTE@0.5: 1.9655
  MTE@1.0: 1.9286
  W2@1.0:  0.9439
  sW2@0.1: 0.6139 (285/500 in region)
  sW2@0.2: 0.8544 (216/500 in region)
  sW2@0.5: 0.9111 (93/500 in region)
  sW2@1.0: 0.9654 (33/500 in region)
  MMD@1.0: 0.2501
  Survival@1.0: 25.8%
  Stopped@1.0:  6.6%
      Phase 2 AE: K_weight=0.1000
        Phase2 Epoch 50/250: loss=0.026989
        Phase2 Epoch 100/250: loss=0.017996
        Phase2 Epoch 150/250: loss=0.005454
        Phase2 Epoch 200/250: loss=0.003913
        Phase2 Epoch 250/250: loss=0.002519
        E_mu=0.0292  E_Sigma=0.0536
      → K
  Precomputing encoder-pullback target...
  Stage 2 epoch 60/300: loss=0.057537
  Stage 2 epoch 120/300: loss=0.056526
  Stage 2 epoch 180/300: loss=0.034766
  Stage 2 epoch 240/300: loss=0.030922
  Stage 2 epoch 300/300: loss=0.028906
  Stage 3 epoch 60/300: loss=0.080410
  Stage 3 epoch 120/300: loss=0.023592
  Stage 3 epoch 180/300: loss=0.010038
  Stage 3 epoch 240/300: loss=0.007596
  Stage 3 epoch 300/300: loss=0.007407
  rcMTE@0.1: 0.7799 (285/500 in region)
  rcMTE@0.5: 1.2299 (93/500 in region)
  rcMTE@1.0: 1.1628 (33/500 in region)
  MTE@0.1: 1.3386
  MTE@0.5: 2.0193
  MTE@1.0: 2.0074
  W2@1.0:  1.0778
  sW2@0.1: 0.6495 (285/500 in region)
  sW2@0.2: 0.9237 (216/500 in region)
  sW2@0.5: 1.0272 (93/500 in region)
  sW2@1.0: 1.0905 (33/500 in region)
  MMD@1.0: 0.2714
  Survival@1.0: 25.8%
  Stopped@1.0:  6.6%
      → K+S
  Precomputing encoder-pullback target...
  Stage 2 epoch 60/300: loss=0.057537
  Stage 2 epoch 120/300: loss=0.056526
  Stage 2 epoch 180/300: loss=0.034766
  Stage 2 epoch 240/300: loss=0.030922
  Stage 2 epoch 300/300: loss=0.028906
  Stage 3 epoch 60/300: loss=0.080410
  Stage 3 epoch 120/300: loss=0.023592
  Stage 3 epoch 180/300: loss=0.010038
  Stage 3 epoch 240/300: loss=0.007596
  Stage 3 epoch 300/300: loss=0.007407
  rcMTE@0.1: 0.7799 (285/500 in region)
  rcMTE@0.5: 1.2299 (93/500 in region)
  rcMTE@1.0: 1.1628 (33/500 in region)
  MTE@0.1: 1.3386
  MTE@0.5: 2.0193
  MTE@1.0: 2.0074
  W2@1.0:  1.0778
  sW2@0.1: 0.6495 (285/500 in region)
  sW2@0.2: 0.9237 (216/500 in region)
  sW2@0.5: 1.0272 (93/500 in region)
  sW2@1.0: 1.0905 (33/500 in region)
  MMD@1.0: 0.2714
  Survival@1.0: 25.8%
  Stopped@1.0:  6.6%
      baseline: W2=0.9439  E_mu=0.0654  E_Sig=0.1152
             K: W2=1.0778  E_mu=0.0292  E_Sig=0.0536
           K+S: W2=1.0778  E_mu=0.0292  E_Sig=0.0536

============================================================
  N=50 | D=11 (K=4) | hyperbolic_paraboloid | seed=6042
============================================================
    Phase1 Epoch 50/250: loss=0.822299
    Phase1 Epoch 100/250: loss=0.538850
    Phase1 Epoch 150/250: loss=0.078072
    Phase1 Epoch 200/250: loss=0.023857
    Phase1 Epoch 250/250: loss=0.028504
      Phase 2 AE: K_weight=0.0000
        Phase2 Epoch 50/250: loss=0.008929
        Phase2 Epoch 100/250: loss=0.011205
        Phase2 Epoch 150/250: loss=0.006713
        Phase2 Epoch 200/250: loss=0.004192
        Phase2 Epoch 250/250: loss=0.003454
        E_mu=0.0530  E_Sigma=0.1498
      → baseline
  Precomputing encoder-pullback target...
  Stage 2 epoch 60/300: loss=0.085048
  Stage 2 epoch 120/300: loss=0.103159
  Stage 2 epoch 180/300: loss=0.078867
  Stage 2 epoch 240/300: loss=0.094316
  Stage 2 epoch 300/300: loss=0.064790
  Stage 3 epoch 60/300: loss=0.047730
  Stage 3 epoch 120/300: loss=0.034114
  Stage 3 epoch 180/300: loss=0.029757
  Stage 3 epoch 240/300: loss=0.025815
  Stage 3 epoch 300/300: loss=0.020188
  rcMTE@0.1: 0.3768 (290/500 in region)
  rcMTE@0.5: 0.6010 (89/500 in region)
  rcMTE@1.0: 0.6328 (30/500 in region)
  MTE@0.1: 0.7074
  MTE@0.5: 1.2132
  MTE@1.0: 1.3125
  W2@1.0:  0.7457
  sW2@0.1: 0.4068 (290/500 in region)
  sW2@0.2: 0.4734 (208/500 in region)
  sW2@0.5: 0.5539 (89/500 in region)
  sW2@1.0: 0.6481 (30/500 in region)
  MMD@1.0: 0.2084
  Survival@1.0: 27.2%
  Stopped@1.0:  6.0%
      Phase 2 AE: K_weight=0.1000
        Phase2 Epoch 50/250: loss=0.020018
        Phase2 Epoch 100/250: loss=0.009379
        Phase2 Epoch 150/250: loss=0.007464
        Phase2 Epoch 200/250: loss=0.002980
        Phase2 Epoch 250/250: loss=0.006864
        E_mu=0.0479  E_Sigma=0.2995
      → K
  Precomputing encoder-pullback target...
  Stage 2 epoch 60/300: loss=0.070914
  Stage 2 epoch 120/300: loss=0.083682
  Stage 2 epoch 180/300: loss=0.066400
  Stage 2 epoch 240/300: loss=0.077049
  Stage 2 epoch 300/300: loss=0.054060
  Stage 3 epoch 60/300: loss=0.051401
  Stage 3 epoch 120/300: loss=0.035995
  Stage 3 epoch 180/300: loss=0.030645
  Stage 3 epoch 240/300: loss=0.027309
  Stage 3 epoch 300/300: loss=0.022370
  rcMTE@0.1: 0.3921 (290/500 in region)
  rcMTE@0.5: 0.6164 (89/500 in region)
  rcMTE@1.0: 0.6321 (30/500 in region)
  MTE@0.1: 0.7217
  MTE@0.5: 1.2188
  MTE@1.0: 1.2842
  W2@1.0:  0.7177
  sW2@0.1: 0.4358 (290/500 in region)
  sW2@0.2: 0.5077 (208/500 in region)
  sW2@0.5: 0.5815 (89/500 in region)
  sW2@1.0: 0.6503 (30/500 in region)
  MMD@1.0: 0.2128
  Survival@1.0: 27.2%
  Stopped@1.0:  6.0%
      → K+S
  Precomputing encoder-pullback target...
  Stage 2 epoch 60/300: loss=0.070914
  Stage 2 epoch 120/300: loss=0.083682
  Stage 2 epoch 180/300: loss=0.066400
  Stage 2 epoch 240/300: loss=0.077049
  Stage 2 epoch 300/300: loss=0.054060
  Stage 3 epoch 60/300: loss=0.051401
  Stage 3 epoch 120/300: loss=0.035995
  Stage 3 epoch 180/300: loss=0.030645
  Stage 3 epoch 240/300: loss=0.027309
  Stage 3 epoch 300/300: loss=0.022370
  rcMTE@0.1: 0.3921 (290/500 in region)
  rcMTE@0.5: 0.6164 (89/500 in region)
  rcMTE@1.0: 0.6321 (30/500 in region)
  MTE@0.1: 0.7217
  MTE@0.5: 1.2188
  MTE@1.0: 1.2842
  W2@1.0:  0.7177
  sW2@0.1: 0.4358 (290/500 in region)
  sW2@0.2: 0.5077 (208/500 in region)
  sW2@0.5: 0.5815 (89/500 in region)
  sW2@1.0: 0.6503 (30/500 in region)
  MMD@1.0: 0.2128
  Survival@1.0: 27.2%
  Stopped@1.0:  6.0%
      baseline: W2=0.7457  E_mu=0.0530  E_Sig=0.1498
             K: W2=0.7177  E_mu=0.0479  E_Sig=0.2995
           K+S: W2=0.7177  E_mu=0.0479  E_Sig=0.2995

============================================================
  N=50 | D=11 (K=4) | hyperbolic_paraboloid | seed=7042
============================================================
    Phase1 Epoch 50/250: loss=0.889581
    Phase1 Epoch 100/250: loss=0.505009
    Phase1 Epoch 150/250: loss=0.062865
    Phase1 Epoch 200/250: loss=0.018465
    Phase1 Epoch 250/250: loss=0.019084
      Phase 2 AE: K_weight=0.0000
        Phase2 Epoch 50/250: loss=0.013400
        Phase2 Epoch 100/250: loss=0.025883
        Phase2 Epoch 150/250: loss=0.007287
        Phase2 Epoch 200/250: loss=0.003969
        Phase2 Epoch 250/250: loss=0.002708
        E_mu=0.0287  E_Sigma=0.0508
      → baseline
  Precomputing encoder-pullback target...
  Stage 2 epoch 60/300: loss=0.070761
  Stage 2 epoch 120/300: loss=0.094633
  Stage 2 epoch 180/300: loss=0.081623
  Stage 2 epoch 240/300: loss=0.078060
  Stage 2 epoch 300/300: loss=0.085550
  Stage 3 epoch 60/300: loss=0.040557
  Stage 3 epoch 120/300: loss=0.024592
  Stage 3 epoch 180/300: loss=0.016450
  Stage 3 epoch 240/300: loss=0.012675
  Stage 3 epoch 300/300: loss=0.011455
  rcMTE@0.1: 0.5355 (316/500 in region)
  rcMTE@0.5: 0.8858 (109/500 in region)
  rcMTE@1.0: 0.9927 (29/500 in region)
  MTE@0.1: 0.9658
  MTE@0.5: 1.5452
  MTE@1.0: 1.7075
  W2@1.0:  0.8228
  sW2@0.1: 0.5582 (316/500 in region)
  sW2@0.2: 0.7201 (232/500 in region)
  sW2@0.5: 0.7403 (109/500 in region)
  sW2@1.0: 0.8314 (29/500 in region)
  MMD@1.0: 0.2413
  Survival@1.0: 28.8%
  Stopped@1.0:  5.8%
      Phase 2 AE: K_weight=0.1000
        Phase2 Epoch 50/250: loss=0.018561
        Phase2 Epoch 100/250: loss=0.009053
        Phase2 Epoch 150/250: loss=0.019482
        Phase2 Epoch 200/250: loss=0.008924
        Phase2 Epoch 250/250: loss=0.003376
        E_mu=0.0170  E_Sigma=0.0297
      → K
  Precomputing encoder-pullback target...
  Stage 2 epoch 60/300: loss=0.095776
  Stage 2 epoch 120/300: loss=0.126040
  Stage 2 epoch 180/300: loss=0.111543
  Stage 2 epoch 240/300: loss=0.100741
  Stage 2 epoch 300/300: loss=0.115986
  Stage 3 epoch 60/300: loss=0.040610
  Stage 3 epoch 120/300: loss=0.023892
  Stage 3 epoch 180/300: loss=0.014754
  Stage 3 epoch 240/300: loss=0.010783
  Stage 3 epoch 300/300: loss=0.010185
  rcMTE@0.1: 0.5299 (316/500 in region)
  rcMTE@0.5: 0.8834 (109/500 in region)
  rcMTE@1.0: 1.0022 (29/500 in region)
  MTE@0.1: 0.9550
  MTE@0.5: 1.5377
  MTE@1.0: 1.6988
  W2@1.0:  0.8234
  sW2@0.1: 0.5449 (316/500 in region)
  sW2@0.2: 0.6987 (232/500 in region)
  sW2@0.5: 0.7207 (109/500 in region)
  sW2@1.0: 0.8815 (29/500 in region)
  MMD@1.0: 0.2317
  Survival@1.0: 28.8%
  Stopped@1.0:  5.8%
      → K+S
  Precomputing encoder-pullback target...
  Stage 2 epoch 60/300: loss=0.095776
  Stage 2 epoch 120/300: loss=0.126040
  Stage 2 epoch 180/300: loss=0.111543
  Stage 2 epoch 240/300: loss=0.100741
  Stage 2 epoch 300/300: loss=0.115986
  Stage 3 epoch 60/300: loss=0.040610
  Stage 3 epoch 120/300: loss=0.023892
  Stage 3 epoch 180/300: loss=0.014754
  Stage 3 epoch 240/300: loss=0.010783
  Stage 3 epoch 300/300: loss=0.010185
  rcMTE@0.1: 0.5299 (316/500 in region)
  rcMTE@0.5: 0.8834 (109/500 in region)
  rcMTE@1.0: 1.0022 (29/500 in region)
  MTE@0.1: 0.9550
  MTE@0.5: 1.5377
  MTE@1.0: 1.6988
  W2@1.0:  0.8234
  sW2@0.1: 0.5449 (316/500 in region)
  sW2@0.2: 0.6987 (232/500 in region)
  sW2@0.5: 0.7207 (109/500 in region)
  sW2@1.0: 0.8815 (29/500 in region)
  MMD@1.0: 0.2317
  Survival@1.0: 28.8%
  Stopped@1.0:  5.8%
      baseline: W2=0.8228  E_mu=0.0287  E_Sig=0.0508
             K: W2=0.8234  E_mu=0.0170  E_Sig=0.0297
           K+S: W2=0.8234  E_mu=0.0170  E_Sig=0.0297

============================================================
  N=50 | D=11 (K=4) | hyperbolic_paraboloid | seed=8042
============================================================
    Phase1 Epoch 50/250: loss=0.623626
    Phase1 Epoch 100/250: loss=0.074024
    Phase1 Epoch 150/250: loss=0.028555
    Phase1 Epoch 200/250: loss=0.015817
    Phase1 Epoch 250/250: loss=0.015946
      Phase 2 AE: K_weight=0.0000
        Phase2 Epoch 50/250: loss=0.005564
        Phase2 Epoch 100/250: loss=0.013814
        Phase2 Epoch 150/250: loss=0.006981
        Phase2 Epoch 200/250: loss=0.018086
        Phase2 Epoch 250/250: loss=0.002439
        E_mu=0.0291  E_Sigma=0.1060
      → baseline
  Precomputing encoder-pullback target...
  Stage 2 epoch 60/300: loss=0.087859
  Stage 2 epoch 120/300: loss=0.068863
  Stage 2 epoch 180/300: loss=0.078277
  Stage 2 epoch 240/300: loss=0.055313
  Stage 2 epoch 300/300: loss=0.043357
  Stage 3 epoch 60/300: loss=0.031336
  Stage 3 epoch 120/300: loss=0.013181
  Stage 3 epoch 180/300: loss=0.011902
  Stage 3 epoch 240/300: loss=0.008387
  Stage 3 epoch 300/300: loss=0.006624
  rcMTE@0.1: 0.5448 (269/500 in region)
  rcMTE@0.5: 0.9093 (84/500 in region)
  rcMTE@1.0: 0.9530 (29/500 in region)
  MTE@0.1: 0.9521
  MTE@0.5: 1.5980
  MTE@1.0: 1.6626
  W2@1.0:  0.8509
  sW2@0.1: 0.4181 (269/500 in region)
  sW2@0.2: 0.4758 (192/500 in region)
  sW2@0.5: 0.7012 (84/500 in region)
  sW2@1.0: 1.2898 (29/500 in region)
  MMD@1.0: 0.1999
  Survival@1.0: 27.0%
  Stopped@1.0:  5.8%
      Phase 2 AE: K_weight=0.1000
        Phase2 Epoch 50/250: loss=0.012395
        Phase2 Epoch 100/250: loss=0.004936
        Phase2 Epoch 150/250: loss=0.002748
        Phase2 Epoch 200/250: loss=0.002173
        Phase2 Epoch 250/250: loss=0.001602
        E_mu=0.0194  E_Sigma=0.0280
      → K
  Precomputing encoder-pullback target...
  Stage 2 epoch 60/300: loss=0.054549
  Stage 2 epoch 120/300: loss=0.044878
  Stage 2 epoch 180/300: loss=0.050532
  Stage 2 epoch 240/300: loss=0.035614
  Stage 2 epoch 300/300: loss=0.029071
  Stage 3 epoch 60/300: loss=0.076819
  Stage 3 epoch 120/300: loss=0.058336
  Stage 3 epoch 180/300: loss=0.046709
  Stage 3 epoch 240/300: loss=0.039306
  Stage 3 epoch 300/300: loss=0.032832
  rcMTE@0.1: 0.6455 (269/500 in region)
  rcMTE@0.5: 1.0389 (84/500 in region)
  rcMTE@1.0: 1.1534 (29/500 in region)
  MTE@0.1: 1.1631
  MTE@0.5: 1.6820
  MTE@1.0: 1.8935
  W2@1.0:  1.0453
  sW2@0.1: 0.6129 (269/500 in region)
  sW2@0.2: 0.7011 (192/500 in region)
  sW2@0.5: 0.8334 (84/500 in region)
  sW2@1.0: 1.0879 (29/500 in region)
  MMD@1.0: 0.1894
  Survival@1.0: 27.0%
  Stopped@1.0:  5.8%
      → K+S
  Precomputing encoder-pullback target...
  Stage 2 epoch 60/300: loss=0.054549
  Stage 2 epoch 120/300: loss=0.044878
  Stage 2 epoch 180/300: loss=0.050532
  Stage 2 epoch 240/300: loss=0.035614
  Stage 2 epoch 300/300: loss=0.029071
  Stage 3 epoch 60/300: loss=0.076819
  Stage 3 epoch 120/300: loss=0.058336
  Stage 3 epoch 180/300: loss=0.046709
  Stage 3 epoch 240/300: loss=0.039306
  Stage 3 epoch 300/300: loss=0.032832
  rcMTE@0.1: 0.6455 (269/500 in region)
  rcMTE@0.5: 1.0389 (84/500 in region)
  rcMTE@1.0: 1.1534 (29/500 in region)
  MTE@0.1: 1.1631
  MTE@0.5: 1.6820
  MTE@1.0: 1.8935
  W2@1.0:  1.0453
  sW2@0.1: 0.6129 (269/500 in region)
  sW2@0.2: 0.7011 (192/500 in region)
  sW2@0.5: 0.8334 (84/500 in region)
  sW2@1.0: 1.0879 (29/500 in region)
  MMD@1.0: 0.1894
  Survival@1.0: 27.0%
  Stopped@1.0:  5.8%
      baseline: W2=0.8509  E_mu=0.0291  E_Sig=0.1060
             K: W2=1.0453  E_mu=0.0194  E_Sig=0.0280
           K+S: W2=1.0453  E_mu=0.0194  E_Sig=0.0280

============================================================
  N=50 | D=11 (K=4) | hyperbolic_paraboloid | seed=9042
============================================================
    Phase1 Epoch 50/250: loss=0.837749
    Phase1 Epoch 100/250: loss=0.138757
    Phase1 Epoch 150/250: loss=0.042233
    Phase1 Epoch 200/250: loss=0.020660
    Phase1 Epoch 250/250: loss=0.011527
      Phase 2 AE: K_weight=0.0000
        Phase2 Epoch 50/250: loss=0.009418
        Phase2 Epoch 100/250: loss=0.003768
        Phase2 Epoch 150/250: loss=0.002870
        Phase2 Epoch 200/250: loss=0.002050
        Phase2 Epoch 250/250: loss=0.001866
        E_mu=0.0207  E_Sigma=0.0339
      → baseline
  Precomputing encoder-pullback target...
  Stage 2 epoch 60/300: loss=0.157401
  Stage 2 epoch 120/300: loss=0.169685
  Stage 2 epoch 180/300: loss=0.128962
  Stage 2 epoch 240/300: loss=0.119258
  Stage 2 epoch 300/300: loss=0.131039
  Stage 3 epoch 60/300: loss=0.111058
  Stage 3 epoch 120/300: loss=0.019696
  Stage 3 epoch 180/300: loss=0.013949
  Stage 3 epoch 240/300: loss=0.009385
  Stage 3 epoch 300/300: loss=0.006349
  rcMTE@0.1: 0.2184 (280/500 in region)
  rcMTE@0.5: 0.4269 (85/500 in region)
  rcMTE@1.0: 0.5524 (22/500 in region)
  MTE@0.1: 0.4331
  MTE@0.5: 0.7948
  MTE@1.0: 1.0110
  W2@1.0:  0.8108
  sW2@0.1: 0.3324 (280/500 in region)
  sW2@0.2: 0.3311 (205/500 in region)
  sW2@0.5: 0.5427 (85/500 in region)
  sW2@1.0: 0.8722 (22/500 in region)
  MMD@1.0: 0.2294
  Survival@1.0: 28.2%
  Stopped@1.0:  4.4%
      Phase 2 AE: K_weight=0.1000
        Phase2 Epoch 50/250: loss=0.018242
        Phase2 Epoch 100/250: loss=0.007532
        Phase2 Epoch 150/250: loss=0.002768
        Phase2 Epoch 200/250: loss=0.002543
        Phase2 Epoch 250/250: loss=0.001826
        E_mu=0.0155  E_Sigma=0.0273
      → K
  Precomputing encoder-pullback target...
  Stage 2 epoch 60/300: loss=0.175290
  Stage 2 epoch 120/300: loss=0.202347
  Stage 2 epoch 180/300: loss=0.140158
  Stage 2 epoch 240/300: loss=0.132875
  Stage 2 epoch 300/300: loss=0.141106
  Stage 3 epoch 60/300: loss=0.102197
  Stage 3 epoch 120/300: loss=0.018844
  Stage 3 epoch 180/300: loss=0.013316
  Stage 3 epoch 240/300: loss=0.008558
  Stage 3 epoch 300/300: loss=0.005617
  rcMTE@0.1: 0.2100 (280/500 in region)
  rcMTE@0.5: 0.4018 (85/500 in region)
  rcMTE@1.0: 0.5102 (22/500 in region)
  MTE@0.1: 0.4296
  MTE@0.5: 0.7771
  MTE@1.0: 0.9866
  W2@1.0:  0.7998
  sW2@0.1: 0.3285 (280/500 in region)
  sW2@0.2: 0.3228 (205/500 in region)
  sW2@0.5: 0.5249 (85/500 in region)
  sW2@1.0: 0.8207 (22/500 in region)
  MMD@1.0: 0.2315
  Survival@1.0: 28.2%
  Stopped@1.0:  4.4%
      → K+S
  Precomputing encoder-pullback target...
  Stage 2 epoch 60/300: loss=0.175290
  Stage 2 epoch 120/300: loss=0.202347
  Stage 2 epoch 180/300: loss=0.140158
  Stage 2 epoch 240/300: loss=0.132875
  Stage 2 epoch 300/300: loss=0.141106
  Stage 3 epoch 60/300: loss=0.102197
  Stage 3 epoch 120/300: loss=0.018844
  Stage 3 epoch 180/300: loss=0.013316
  Stage 3 epoch 240/300: loss=0.008558
  Stage 3 epoch 300/300: loss=0.005617
  rcMTE@0.1: 0.2100 (280/500 in region)
  rcMTE@0.5: 0.4018 (85/500 in region)
  rcMTE@1.0: 0.5102 (22/500 in region)
  MTE@0.1: 0.4296
  MTE@0.5: 0.7771
  MTE@1.0: 0.9866
  W2@1.0:  0.7998
  sW2@0.1: 0.3285 (280/500 in region)
  sW2@0.2: 0.3228 (205/500 in region)
  sW2@0.5: 0.5249 (85/500 in region)
  sW2@1.0: 0.8207 (22/500 in region)
  MMD@1.0: 0.2315
  Survival@1.0: 28.2%
  Stopped@1.0:  4.4%
      baseline: W2=0.8108  E_mu=0.0207  E_Sig=0.0339
             K: W2=0.7998  E_mu=0.0155  E_Sig=0.0273
           K+S: W2=0.7998  E_mu=0.0155  E_Sig=0.0273

  N=50, D=11 completed in 1026.1s (51.3s per fork)

============================================================
  N=50 | D=201 (K=99) | paraboloid | seed=42
============================================================
    Phase1 Epoch 50/250: loss=0.836408
    Phase1 Epoch 100/250: loss=0.760728
    Phase1 Epoch 150/250: loss=0.625073
    Phase1 Epoch 200/250: loss=0.407506
    Phase1 Epoch 250/250: loss=0.241989
      Phase 2 AE: K_weight=0.0000
        Phase2 Epoch 50/250: loss=0.076799
        Phase2 Epoch 100/250: loss=0.057516
        Phase2 Epoch 150/250: loss=0.057727
        Phase2 Epoch 200/250: loss=0.042915
        Phase2 Epoch 250/250: loss=0.053837
        E_mu=0.6344  E_Sigma=1.1094
      → baseline
  Precomputing encoder-pullback target...
  Stage 2 epoch 60/300: loss=0.006259
  Stage 2 epoch 120/300: loss=0.005895
  Stage 2 epoch 180/300: loss=0.006070
  Stage 2 epoch 240/300: loss=0.005175
  Stage 2 epoch 300/300: loss=0.004081
  Stage 3 epoch 60/300: loss=0.000260
  Stage 3 epoch 120/300: loss=0.000117
  Stage 3 epoch 180/300: loss=0.000096
  Stage 3 epoch 240/300: loss=0.000074
  Stage 3 epoch 300/300: loss=0.000058
  rcMTE@0.1: 0.7932 (292/500 in region)
  rcMTE@0.5: 1.1968 (97/500 in region)
  rcMTE@1.0: 1.1731 (21/500 in region)
  MTE@0.1: 1.5608
  MTE@0.5: 2.0506
  MTE@1.0: 2.1013
  W2@1.0:  0.9693
  sW2@0.1: 0.9943 (292/500 in region)
  sW2@0.2: 1.2061 (214/500 in region)
  sW2@0.5: 1.1712 (97/500 in region)
  sW2@1.0: 1.5219 (21/500 in region)
  MMD@1.0: 0.3239
  Survival@1.0: 28.0%
  Stopped@1.0:  4.2%
      Phase 2 AE: K_weight=0.4275
        Phase2 Epoch 50/250: loss=0.112608
        Phase2 Epoch 100/250: loss=0.041184
        Phase2 Epoch 150/250: loss=0.064478
        Phase2 Epoch 200/250: loss=0.041019
        Phase2 Epoch 250/250: loss=0.044067
        E_mu=0.3613  E_Sigma=0.7327
      → K
  Precomputing encoder-pullback target...
  Stage 2 epoch 60/300: loss=0.004599
  Stage 2 epoch 120/300: loss=0.004118
  Stage 2 epoch 180/300: loss=0.004072
  Stage 2 epoch 240/300: loss=0.003846
  Stage 2 epoch 300/300: loss=0.003026
  Stage 3 epoch 60/300: loss=0.000274
  Stage 3 epoch 120/300: loss=0.000120
  Stage 3 epoch 180/300: loss=0.000085
  Stage 3 epoch 240/300: loss=0.000058
  Stage 3 epoch 300/300: loss=0.000040
  rcMTE@0.1: 0.7824 (292/500 in region)
  rcMTE@0.5: 1.2520 (97/500 in region)
  rcMTE@1.0: 1.2736 (21/500 in region)
  MTE@0.1: 1.6294
  MTE@0.5: 2.2158
  MTE@1.0: 2.2584
  W2@1.0:  1.1437
  sW2@0.1: 1.1291 (292/500 in region)
  sW2@0.2: 1.3943 (214/500 in region)
  sW2@0.5: 1.4938 (97/500 in region)
  sW2@1.0: 1.8019 (21/500 in region)
  MMD@1.0: 0.3531
  Survival@1.0: 28.0%
  Stopped@1.0:  4.2%
      → K+S
  Precomputing encoder-pullback target...
  Stage 2 epoch 60/300: loss=0.004599
  Stage 2 epoch 120/300: loss=0.004118
  Stage 2 epoch 180/300: loss=0.004072
  Stage 2 epoch 240/300: loss=0.003846
  Stage 2 epoch 300/300: loss=0.003026
  Stage 3 epoch 60/300: loss=0.000274
  Stage 3 epoch 120/300: loss=0.000120
  Stage 3 epoch 180/300: loss=0.000085
  Stage 3 epoch 240/300: loss=0.000058
  Stage 3 epoch 300/300: loss=0.000040
  rcMTE@0.1: 0.7824 (292/500 in region)
  rcMTE@0.5: 1.2520 (97/500 in region)
  rcMTE@1.0: 1.2736 (21/500 in region)
  MTE@0.1: 1.6294
  MTE@0.5: 2.2158
  MTE@1.0: 2.2584
  W2@1.0:  1.1437
  sW2@0.1: 1.1291 (292/500 in region)
  sW2@0.2: 1.3943 (214/500 in region)
  sW2@0.5: 1.4938 (97/500 in region)
  sW2@1.0: 1.8019 (21/500 in region)
  MMD@1.0: 0.3531
  Survival@1.0: 28.0%
  Stopped@1.0:  4.2%
      baseline: W2=0.9693  E_mu=0.6344  E_Sig=1.1094
             K: W2=1.1437  E_mu=0.3613  E_Sig=0.7327
           K+S: W2=1.1437  E_mu=0.3613  E_Sig=0.7327

============================================================
  N=50 | D=201 (K=99) | paraboloid | seed=1042
============================================================
    Phase1 Epoch 50/250: loss=0.763786
    Phase1 Epoch 100/250: loss=0.630083
    Phase1 Epoch 150/250: loss=0.420751
    Phase1 Epoch 200/250: loss=0.245851
    Phase1 Epoch 250/250: loss=0.112899
      Phase 2 AE: K_weight=0.0000
        Phase2 Epoch 50/250: loss=0.082649
        Phase2 Epoch 100/250: loss=0.064411
        Phase2 Epoch 150/250: loss=0.058208
        Phase2 Epoch 200/250: loss=0.039300
        Phase2 Epoch 250/250: loss=0.025333
        E_mu=0.4187  E_Sigma=0.5832
      → baseline
  Precomputing encoder-pullback target...
  Stage 2 epoch 60/300: loss=0.013103
  Stage 2 epoch 120/300: loss=0.010727
  Stage 2 epoch 180/300: loss=0.011232
  Stage 2 epoch 240/300: loss=0.011251
  Stage 2 epoch 300/300: loss=0.012425
  Stage 3 epoch 60/300: loss=0.000053
  Stage 3 epoch 120/300: loss=0.000046
  Stage 3 epoch 180/300: loss=0.000038
  Stage 3 epoch 240/300: loss=0.000036
  Stage 3 epoch 300/300: loss=0.000029
  rcMTE@0.1: 0.5342 (285/500 in region)
  rcMTE@0.5: 0.7231 (98/500 in region)
  rcMTE@1.0: 1.0493 (31/500 in region)
  MTE@0.1: 0.8820
  MTE@0.5: 1.4246
  MTE@1.0: 1.7984
  W2@1.0:  0.8864
  sW2@0.1: 0.5494 (285/500 in region)
  sW2@0.2: 0.6228 (204/500 in region)
  sW2@0.5: 0.5925 (98/500 in region)
  sW2@1.0: 1.3062 (31/500 in region)
  MMD@1.0: 0.2651
  Survival@1.0: 29.8%
  Stopped@1.0:  6.2%
      Phase 2 AE: K_weight=0.4275
        Phase2 Epoch 50/250: loss=0.057537
        Phase2 Epoch 100/250: loss=0.075080
        Phase2 Epoch 150/250: loss=0.057067
        Phase2 Epoch 200/250: loss=0.046356
        Phase2 Epoch 250/250: loss=0.029269
        E_mu=0.4135  E_Sigma=1.0656
      → K
  Precomputing encoder-pullback target...
  Stage 2 epoch 60/300: loss=0.018950
  Stage 2 epoch 120/300: loss=0.015066
  Stage 2 epoch 180/300: loss=0.015373
  Stage 2 epoch 240/300: loss=0.015407
  Stage 2 epoch 300/300: loss=0.017160
  Stage 3 epoch 60/300: loss=0.000087
  Stage 3 epoch 120/300: loss=0.000073
  Stage 3 epoch 180/300: loss=0.000061
  Stage 3 epoch 240/300: loss=0.000057
  Stage 3 epoch 300/300: loss=0.000046
  rcMTE@0.1: 0.5248 (285/500 in region)
  rcMTE@0.5: 0.7214 (98/500 in region)
  rcMTE@1.0: 1.0502 (31/500 in region)
  MTE@0.1: 0.9087
  MTE@0.5: 1.4471
  MTE@1.0: 1.7897
  W2@1.0:  0.8193
  sW2@0.1: 0.5621 (285/500 in region)
  sW2@0.2: 0.6025 (204/500 in region)
  sW2@0.5: 0.6565 (98/500 in region)
  sW2@1.0: 1.3113 (31/500 in region)
  MMD@1.0: 0.2624
  Survival@1.0: 29.8%
  Stopped@1.0:  6.2%
      → K+S
  Precomputing encoder-pullback target...
  Stage 2 epoch 60/300: loss=0.018950
  Stage 2 epoch 120/300: loss=0.015066
  Stage 2 epoch 180/300: loss=0.015373
  Stage 2 epoch 240/300: loss=0.015407
  Stage 2 epoch 300/300: loss=0.017160
  Stage 3 epoch 60/300: loss=0.000087
  Stage 3 epoch 120/300: loss=0.000073
  Stage 3 epoch 180/300: loss=0.000061
  Stage 3 epoch 240/300: loss=0.000057
  Stage 3 epoch 300/300: loss=0.000046
  rcMTE@0.1: 0.5248 (285/500 in region)
  rcMTE@0.5: 0.7214 (98/500 in region)
  rcMTE@1.0: 1.0502 (31/500 in region)
  MTE@0.1: 0.9087
  MTE@0.5: 1.4471
  MTE@1.0: 1.7897
  W2@1.0:  0.8193
  sW2@0.1: 0.5621 (285/500 in region)
  sW2@0.2: 0.6025 (204/500 in region)
  sW2@0.5: 0.6565 (98/500 in region)
  sW2@1.0: 1.3113 (31/500 in region)
  MMD@1.0: 0.2624
  Survival@1.0: 29.8%
  Stopped@1.0:  6.2%
      baseline: W2=0.8864  E_mu=0.4187  E_Sig=0.5832
             K: W2=0.8193  E_mu=0.4135  E_Sig=1.0656
           K+S: W2=0.8193  E_mu=0.4135  E_Sig=1.0656

============================================================
  N=50 | D=201 (K=99) | paraboloid | seed=2042
============================================================
    Phase1 Epoch 50/250: loss=0.842978
    Phase1 Epoch 100/250: loss=0.936158
    Phase1 Epoch 150/250: loss=0.651387
    Phase1 Epoch 200/250: loss=0.528585
    Phase1 Epoch 250/250: loss=0.335170
      Phase 2 AE: K_weight=0.0000
        Phase2 Epoch 50/250: loss=0.157197
        Phase2 Epoch 100/250: loss=0.104453
        Phase2 Epoch 150/250: loss=0.066628
        Phase2 Epoch 200/250: loss=0.067808
        Phase2 Epoch 250/250: loss=0.035324
        E_mu=0.4579  E_Sigma=0.8318
      → baseline
  Precomputing encoder-pullback target...
  Stage 2 epoch 60/300: loss=0.004404
  Stage 2 epoch 120/300: loss=0.004163
  Stage 2 epoch 180/300: loss=0.004020
  Stage 2 epoch 240/300: loss=0.003709
  Stage 2 epoch 300/300: loss=0.003294
  Stage 3 epoch 60/300: loss=0.000271
  Stage 3 epoch 120/300: loss=0.000155
  Stage 3 epoch 180/300: loss=0.000115
  Stage 3 epoch 240/300: loss=0.000087
  Stage 3 epoch 300/300: loss=0.000085
  rcMTE@0.1: 0.2050 (293/500 in region)
  rcMTE@0.5: 0.3755 (88/500 in region)
  rcMTE@1.0: 0.5142 (24/500 in region)
  MTE@0.1: 0.5472
  MTE@0.5: 0.9254
  MTE@1.0: 1.0947
  W2@1.0:  0.9639
  sW2@0.1: 0.3949 (293/500 in region)
  sW2@0.2: 0.4010 (212/500 in region)
  sW2@0.5: 0.6895 (88/500 in region)
  sW2@1.0: 0.8341 (24/500 in region)
  MMD@1.0: 0.3191
  Survival@1.0: 26.6%
  Stopped@1.0:  4.8%
      Phase 2 AE: K_weight=0.4275
        Phase2 Epoch 50/250: loss=0.137646
        Phase2 Epoch 100/250: loss=0.065581
        Phase2 Epoch 150/250: loss=0.063079
        Phase2 Epoch 200/250: loss=0.039041
        Phase2 Epoch 250/250: loss=0.071138
        E_mu=0.4015  E_Sigma=0.8620
      → K
  Precomputing encoder-pullback target...
  Stage 2 epoch 60/300: loss=0.003916
  Stage 2 epoch 120/300: loss=0.003880
  Stage 2 epoch 180/300: loss=0.003612
  Stage 2 epoch 240/300: loss=0.003011
  Stage 2 epoch 300/300: loss=0.002680
  Stage 3 epoch 60/300: loss=0.000243
  Stage 3 epoch 120/300: loss=0.000114
  Stage 3 epoch 180/300: loss=0.000094
  Stage 3 epoch 240/300: loss=0.000079
  Stage 3 epoch 300/300: loss=0.000078
  rcMTE@0.1: 0.2537 (293/500 in region)
  rcMTE@0.5: 0.4617 (88/500 in region)
  rcMTE@1.0: 0.5871 (24/500 in region)
  MTE@0.1: 1.7600
  MTE@0.5: 1.9249
  MTE@1.0: 1.9833
  W2@1.0:  1.8359
  sW2@0.1: 1.6900 (293/500 in region)
  sW2@0.2: 1.7042 (212/500 in region)
  sW2@0.5: 1.8018 (88/500 in region)
  sW2@1.0: 1.8375 (24/500 in region)
  MMD@1.0: 0.5706
  Survival@1.0: 26.6%
  Stopped@1.0:  4.8%
      → K+S
  Precomputing encoder-pullback target...
  Stage 2 epoch 60/300: loss=0.003916
  Stage 2 epoch 120/300: loss=0.003880
  Stage 2 epoch 180/300: loss=0.003612
  Stage 2 epoch 240/300: loss=0.003011
  Stage 2 epoch 300/300: loss=0.002680
  Stage 3 epoch 60/300: loss=0.000243
  Stage 3 epoch 120/300: loss=0.000114
  Stage 3 epoch 180/300: loss=0.000094
  Stage 3 epoch 240/300: loss=0.000079
  Stage 3 epoch 300/300: loss=0.000078
  rcMTE@0.1: 0.2537 (293/500 in region)
  rcMTE@0.5: 0.4617 (88/500 in region)
  rcMTE@1.0: 0.5871 (24/500 in region)
  MTE@0.1: 1.7600
  MTE@0.5: 1.9249
  MTE@1.0: 1.9833
  W2@1.0:  1.8359
  sW2@0.1: 1.6900 (293/500 in region)
  sW2@0.2: 1.7042 (212/500 in region)
  sW2@0.5: 1.8018 (88/500 in region)
  sW2@1.0: 1.8375 (24/500 in region)
  MMD@1.0: 0.5706
  Survival@1.0: 26.6%
  Stopped@1.0:  4.8%
      baseline: W2=0.9639  E_mu=0.4579  E_Sig=0.8318
             K: W2=1.8359  E_mu=0.4015  E_Sig=0.8620
           K+S: W2=1.8359  E_mu=0.4015  E_Sig=0.8620

============================================================
  N=50 | D=201 (K=99) | paraboloid | seed=3042
============================================================
    Phase1 Epoch 50/250: loss=0.840931
    Phase1 Epoch 100/250: loss=0.806722
    Phase1 Epoch 150/250: loss=0.720116
    Phase1 Epoch 200/250: loss=0.606824
    Phase1 Epoch 250/250: loss=0.251776
      Phase 2 AE: K_weight=0.0000
        Phase2 Epoch 50/250: loss=0.066565
        Phase2 Epoch 100/250: loss=0.042885
        Phase2 Epoch 150/250: loss=0.036711
        Phase2 Epoch 200/250: loss=0.016244
        Phase2 Epoch 250/250: loss=0.046359
        E_mu=0.2865  E_Sigma=0.4474
      → baseline
  Precomputing encoder-pullback target...
  Stage 2 epoch 60/300: loss=0.013481
  Stage 2 epoch 120/300: loss=0.010505
  Stage 2 epoch 180/300: loss=0.010039
  Stage 2 epoch 240/300: loss=0.007802
  Stage 2 epoch 300/300: loss=0.007984
  Stage 3 epoch 60/300: loss=0.000244
  Stage 3 epoch 120/300: loss=0.000184
  Stage 3 epoch 180/300: loss=0.000101
  Stage 3 epoch 240/300: loss=0.000080
  Stage 3 epoch 300/300: loss=0.000072
  rcMTE@0.1: 0.1956 (275/500 in region)
  rcMTE@0.5: 0.3306 (78/500 in region)
  rcMTE@1.0: 0.4293 (25/500 in region)
  MTE@0.1: 0.4931
  MTE@0.5: 0.7306
  MTE@1.0: 0.7837
  W2@1.0:  0.5236
  sW2@0.1: 0.3411 (275/500 in region)
  sW2@0.2: 0.3738 (204/500 in region)
  sW2@0.5: 0.5762 (78/500 in region)
  sW2@1.0: 0.7571 (25/500 in region)
  MMD@1.0: 0.2874
  Survival@1.0: 27.2%
  Stopped@1.0:  5.0%
      Phase 2 AE: K_weight=0.4275
        Phase2 Epoch 50/250: loss=0.087539
        Phase2 Epoch 100/250: loss=0.032387
        Phase2 Epoch 150/250: loss=0.030234
        Phase2 Epoch 200/250: loss=0.071024
        Phase2 Epoch 250/250: loss=0.030733
        E_mu=0.2157  E_Sigma=0.3797
      → K
  Precomputing encoder-pullback target...
  Stage 2 epoch 60/300: loss=0.010612
  Stage 2 epoch 120/300: loss=0.009327
  Stage 2 epoch 180/300: loss=0.009998
  Stage 2 epoch 240/300: loss=0.007462
  Stage 2 epoch 300/300: loss=0.007788
  Stage 3 epoch 60/300: loss=0.000191
  Stage 3 epoch 120/300: loss=0.000129
  Stage 3 epoch 180/300: loss=0.000062
  Stage 3 epoch 240/300: loss=0.000048
  Stage 3 epoch 300/300: loss=0.000041
  rcMTE@0.1: 0.1864 (275/500 in region)
  rcMTE@0.5: 0.3116 (78/500 in region)
  rcMTE@1.0: 0.4275 (25/500 in region)
  MTE@0.1: 0.5216
  MTE@0.5: 0.7564
  MTE@1.0: 0.8699
  W2@1.0:  0.5394
  sW2@0.1: 0.3770 (275/500 in region)
  sW2@0.2: 0.4051 (204/500 in region)
  sW2@0.5: 0.6556 (78/500 in region)
  sW2@1.0: 0.9793 (25/500 in region)
  MMD@1.0: 0.3167
  Survival@1.0: 27.2%
  Stopped@1.0:  5.0%
      → K+S
  Precomputing encoder-pullback target...
  Stage 2 epoch 60/300: loss=0.010612
  Stage 2 epoch 120/300: loss=0.009327
  Stage 2 epoch 180/300: loss=0.009998
  Stage 2 epoch 240/300: loss=0.007462
  Stage 2 epoch 300/300: loss=0.007788
  Stage 3 epoch 60/300: loss=0.000191
  Stage 3 epoch 120/300: loss=0.000129
  Stage 3 epoch 180/300: loss=0.000062
  Stage 3 epoch 240/300: loss=0.000048
  Stage 3 epoch 300/300: loss=0.000041
  rcMTE@0.1: 0.1864 (275/500 in region)
  rcMTE@0.5: 0.3116 (78/500 in region)
  rcMTE@1.0: 0.4275 (25/500 in region)
  MTE@0.1: 0.5216
  MTE@0.5: 0.7564
  MTE@1.0: 0.8699
  W2@1.0:  0.5394
  sW2@0.1: 0.3770 (275/500 in region)
  sW2@0.2: 0.4051 (204/500 in region)
  sW2@0.5: 0.6556 (78/500 in region)
  sW2@1.0: 0.9793 (25/500 in region)
  MMD@1.0: 0.3167
  Survival@1.0: 27.2%
  Stopped@1.0:  5.0%
      baseline: W2=0.5236  E_mu=0.2865  E_Sig=0.4474
             K: W2=0.5394  E_mu=0.2157  E_Sig=0.3797
           K+S: W2=0.5394  E_mu=0.2157  E_Sig=0.3797

============================================================
  N=50 | D=201 (K=99) | paraboloid | seed=4042
============================================================
    Phase1 Epoch 50/250: loss=0.799621
    Phase1 Epoch 100/250: loss=0.679854
    Phase1 Epoch 150/250: loss=0.457456
    Phase1 Epoch 200/250: loss=0.209720
    Phase1 Epoch 250/250: loss=0.117531
      Phase 2 AE: K_weight=0.0000
        Phase2 Epoch 50/250: loss=0.074868
        Phase2 Epoch 100/250: loss=0.044046
        Phase2 Epoch 150/250: loss=0.022907
        Phase2 Epoch 200/250: loss=0.028813
        Phase2 Epoch 250/250: loss=0.027553
        E_mu=0.4864  E_Sigma=0.9196
      → baseline
  Precomputing encoder-pullback target...
  Stage 2 epoch 60/300: loss=0.007822
  Stage 2 epoch 120/300: loss=0.006983
  Stage 2 epoch 180/300: loss=0.007886
  Stage 2 epoch 240/300: loss=0.006687
  Stage 2 epoch 300/300: loss=0.004403
  Stage 3 epoch 60/300: loss=0.000169
  Stage 3 epoch 120/300: loss=0.000138
  Stage 3 epoch 180/300: loss=0.000103
  Stage 3 epoch 240/300: loss=0.000086
  Stage 3 epoch 300/300: loss=0.000081
  rcMTE@0.1: 0.5837 (287/500 in region)
  rcMTE@0.5: 0.8977 (102/500 in region)
  rcMTE@1.0: 1.2835 (30/500 in region)
  MTE@0.1: 1.0524
  MTE@0.5: 1.6280
  MTE@1.0: 2.0201
  W2@1.0:  1.7351
  sW2@0.1: 0.6497 (287/500 in region)
  sW2@0.2: 0.8957 (207/500 in region)
  sW2@0.5: 1.0956 (102/500 in region)
  sW2@1.0: 2.2993 (30/500 in region)
  MMD@1.0: 0.3766
  Survival@1.0: 28.2%
  Stopped@1.0:  6.0%
      Phase 2 AE: K_weight=0.4275
        Phase2 Epoch 50/250: loss=0.076748
        Phase2 Epoch 100/250: loss=0.065949
        Phase2 Epoch 150/250: loss=0.052667
        Phase2 Epoch 200/250: loss=0.026062
        Phase2 Epoch 250/250: loss=0.039939
        E_mu=0.3419  E_Sigma=0.5786
      → K
  Precomputing encoder-pullback target...
  Stage 2 epoch 60/300: loss=0.006374
  Stage 2 epoch 120/300: loss=0.005488
  Stage 2 epoch 180/300: loss=0.006047
  Stage 2 epoch 240/300: loss=0.004833
  Stage 2 epoch 300/300: loss=0.003196
  Stage 3 epoch 60/300: loss=0.000139
  Stage 3 epoch 120/300: loss=0.000111
  Stage 3 epoch 180/300: loss=0.000079
  Stage 3 epoch 240/300: loss=0.000060
  Stage 3 epoch 300/300: loss=0.000055
  rcMTE@0.1: 0.5751 (287/500 in region)
  rcMTE@0.5: 0.8863 (102/500 in region)
  rcMTE@1.0: 1.2861 (30/500 in region)
  MTE@0.1: 1.0471
  MTE@0.5: 1.6166
  MTE@1.0: 2.0019
  W2@1.0:  1.6544
  sW2@0.1: 0.6395 (287/500 in region)
  sW2@0.2: 0.8797 (207/500 in region)
  sW2@0.5: 1.0495 (102/500 in region)
  sW2@1.0: 2.1207 (30/500 in region)
  MMD@1.0: 0.3917
  Survival@1.0: 28.2%
  Stopped@1.0:  6.0%
      → K+S
  Precomputing encoder-pullback target...
  Stage 2 epoch 60/300: loss=0.006374
  Stage 2 epoch 120/300: loss=0.005488
  Stage 2 epoch 180/300: loss=0.006047
  Stage 2 epoch 240/300: loss=0.004833
  Stage 2 epoch 300/300: loss=0.003196
  Stage 3 epoch 60/300: loss=0.000139
  Stage 3 epoch 120/300: loss=0.000111
  Stage 3 epoch 180/300: loss=0.000079
  Stage 3 epoch 240/300: loss=0.000060
  Stage 3 epoch 300/300: loss=0.000055
  rcMTE@0.1: 0.5751 (287/500 in region)
  rcMTE@0.5: 0.8863 (102/500 in region)
  rcMTE@1.0: 1.2861 (30/500 in region)
  MTE@0.1: 1.0471
  MTE@0.5: 1.6166
  MTE@1.0: 2.0019
  W2@1.0:  1.6544
  sW2@0.1: 0.6395 (287/500 in region)
  sW2@0.2: 0.8797 (207/500 in region)
  sW2@0.5: 1.0495 (102/500 in region)
  sW2@1.0: 2.1207 (30/500 in region)
  MMD@1.0: 0.3917
  Survival@1.0: 28.2%
  Stopped@1.0:  6.0%
      baseline: W2=1.7351  E_mu=0.4864  E_Sig=0.9196
             K: W2=1.6544  E_mu=0.3419  E_Sig=0.5786
           K+S: W2=1.6544  E_mu=0.3419  E_Sig=0.5786

============================================================
  N=50 | D=201 (K=99) | paraboloid | seed=5042
============================================================
    Phase1 Epoch 50/250: loss=0.840115
    Phase1 Epoch 100/250: loss=0.730718
    Phase1 Epoch 150/250: loss=0.656361
    Phase1 Epoch 200/250: loss=0.455263
    Phase1 Epoch 250/250: loss=0.266015
      Phase 2 AE: K_weight=0.0000
        Phase2 Epoch 50/250: loss=0.094491
        Phase2 Epoch 100/250: loss=0.066753
        Phase2 Epoch 150/250: loss=0.037688
        Phase2 Epoch 200/250: loss=0.033281
        Phase2 Epoch 250/250: loss=0.044253
        E_mu=0.5407  E_Sigma=0.8715
      → baseline
  Precomputing encoder-pullback target...
  Stage 2 epoch 60/300: loss=0.004818
  Stage 2 epoch 120/300: loss=0.004402
  Stage 2 epoch 180/300: loss=0.003102
  Stage 2 epoch 240/300: loss=0.002965
  Stage 2 epoch 300/300: loss=0.003273
  Stage 3 epoch 60/300: loss=0.000302
  Stage 3 epoch 120/300: loss=0.000164
  Stage 3 epoch 180/300: loss=0.000131
  Stage 3 epoch 240/300: loss=0.000122
  Stage 3 epoch 300/300: loss=0.000113
  rcMTE@0.1: 0.4080 (285/500 in region)
  rcMTE@0.5: 0.6817 (93/500 in region)
  rcMTE@1.0: 0.6635 (33/500 in region)
  MTE@0.1: 0.9594
  MTE@0.5: 1.4357
  MTE@1.0: 1.3743
  W2@1.0:  0.9356
  sW2@0.1: 0.4933 (285/500 in region)
  sW2@0.2: 0.6589 (216/500 in region)
  sW2@0.5: 0.8252 (93/500 in region)
  sW2@1.0: 0.7254 (33/500 in region)
  MMD@1.0: 0.2379
  Survival@1.0: 25.8%
  Stopped@1.0:  6.6%
      Phase 2 AE: K_weight=0.4275
        Phase2 Epoch 50/250: loss=0.076331
        Phase2 Epoch 100/250: loss=0.046883
        Phase2 Epoch 150/250: loss=0.039260
        Phase2 Epoch 200/250: loss=0.038795
        Phase2 Epoch 250/250: loss=0.034936
        E_mu=0.5124  E_Sigma=0.7030
      → K
  Precomputing encoder-pullback target...
  Stage 2 epoch 60/300: loss=0.006192
  Stage 2 epoch 120/300: loss=0.005567
  Stage 2 epoch 180/300: loss=0.004023
  Stage 2 epoch 240/300: loss=0.003755
  Stage 2 epoch 300/300: loss=0.004166
  Stage 3 epoch 60/300: loss=0.000414
  Stage 3 epoch 120/300: loss=0.000222
  Stage 3 epoch 180/300: loss=0.000169
  Stage 3 epoch 240/300: loss=0.000137
  Stage 3 epoch 300/300: loss=0.000138
  rcMTE@0.1: 0.4401 (285/500 in region)
  rcMTE@0.5: 0.6799 (93/500 in region)
  rcMTE@1.0: 0.7658 (33/500 in region)
  MTE@0.1: 1.2672
  MTE@0.5: 1.6177
  MTE@1.0: 1.6412
  W2@1.0:  1.2094
  sW2@0.1: 0.9395 (285/500 in region)
  sW2@0.2: 1.0051 (216/500 in region)
  sW2@0.5: 1.0983 (93/500 in region)
  sW2@1.0: 1.1656 (33/500 in region)
  MMD@1.0: 0.3995
  Survival@1.0: 25.8%
  Stopped@1.0:  6.6%
      → K+S
  Precomputing encoder-pullback target...
  Stage 2 epoch 60/300: loss=0.006192
  Stage 2 epoch 120/300: loss=0.005567
  Stage 2 epoch 180/300: loss=0.004023
  Stage 2 epoch 240/300: loss=0.003755
  Stage 2 epoch 300/300: loss=0.004166
  Stage 3 epoch 60/300: loss=0.000414
  Stage 3 epoch 120/300: loss=0.000222
  Stage 3 epoch 180/300: loss=0.000169
  Stage 3 epoch 240/300: loss=0.000137
  Stage 3 epoch 300/300: loss=0.000138
  rcMTE@0.1: 0.4401 (285/500 in region)
  rcMTE@0.5: 0.6799 (93/500 in region)
  rcMTE@1.0: 0.7658 (33/500 in region)
  MTE@0.1: 1.2672
  MTE@0.5: 1.6177
  MTE@1.0: 1.6412
  W2@1.0:  1.2094
  sW2@0.1: 0.9395 (285/500 in region)
  sW2@0.2: 1.0051 (216/500 in region)
  sW2@0.5: 1.0983 (93/500 in region)
  sW2@1.0: 1.1656 (33/500 in region)
  MMD@1.0: 0.3995
  Survival@1.0: 25.8%
  Stopped@1.0:  6.6%
      baseline: W2=0.9356  E_mu=0.5407  E_Sig=0.8715
             K: W2=1.2094  E_mu=0.5124  E_Sig=0.7030
           K+S: W2=1.2094  E_mu=0.5124  E_Sig=0.7030

============================================================
  N=50 | D=201 (K=99) | paraboloid | seed=6042
============================================================
    Phase1 Epoch 50/250: loss=0.868327
    Phase1 Epoch 100/250: loss=0.696980
    Phase1 Epoch 150/250: loss=0.518198
    Phase1 Epoch 200/250: loss=0.305892
    Phase1 Epoch 250/250: loss=0.150169
      Phase 2 AE: K_weight=0.0000
        Phase2 Epoch 50/250: loss=0.059019
        Phase2 Epoch 100/250: loss=0.060774
        Phase2 Epoch 150/250: loss=0.039417
        Phase2 Epoch 200/250: loss=0.068072
        Phase2 Epoch 250/250: loss=0.028051
        E_mu=0.5249  E_Sigma=0.5406
      → baseline
  Precomputing encoder-pullback target...
  Stage 2 epoch 60/300: loss=0.002615
  Stage 2 epoch 120/300: loss=0.003094
  Stage 2 epoch 180/300: loss=0.002478
  Stage 2 epoch 240/300: loss=0.002779
  Stage 2 epoch 300/300: loss=0.002421
  Stage 3 epoch 60/300: loss=0.000198
  Stage 3 epoch 120/300: loss=0.000173
  Stage 3 epoch 180/300: loss=0.000148
  Stage 3 epoch 240/300: loss=0.000152
  Stage 3 epoch 300/300: loss=0.000137
  rcMTE@0.1: 0.3462 (290/500 in region)
  rcMTE@0.5: 0.4946 (89/500 in region)
  rcMTE@1.0: 0.4795 (30/500 in region)
  MTE@0.1: 0.6901
  MTE@0.5: 1.0752
  MTE@1.0: 1.0666
  W2@1.0:  0.7292
  sW2@0.1: 0.4754 (290/500 in region)
  sW2@0.2: 0.4930 (208/500 in region)
  sW2@0.5: 0.5149 (89/500 in region)
  sW2@1.0: 0.6176 (30/500 in region)
  MMD@1.0: 0.1637
  Survival@1.0: 27.2%
  Stopped@1.0:  6.0%
      Phase 2 AE: K_weight=0.4275
        Phase2 Epoch 50/250: loss=0.082582
        Phase2 Epoch 100/250: loss=0.091309
        Phase2 Epoch 150/250: loss=0.041342
        Phase2 Epoch 200/250: loss=0.094530
        Phase2 Epoch 250/250: loss=0.027198
        E_mu=0.3677  E_Sigma=0.6831
      → K
  Precomputing encoder-pullback target...
  Stage 2 epoch 60/300: loss=0.003167
  Stage 2 epoch 120/300: loss=0.003863
  Stage 2 epoch 180/300: loss=0.003060
  Stage 2 epoch 240/300: loss=0.003463
  Stage 2 epoch 300/300: loss=0.003050
  Stage 3 epoch 60/300: loss=0.000187
  Stage 3 epoch 120/300: loss=0.000159
  Stage 3 epoch 180/300: loss=0.000135
  Stage 3 epoch 240/300: loss=0.000131
  Stage 3 epoch 300/300: loss=0.000118
  rcMTE@0.1: 0.3611 (290/500 in region)
  rcMTE@0.5: 0.5183 (89/500 in region)
  rcMTE@1.0: 0.4974 (30/500 in region)
  MTE@0.1: 0.7102
  MTE@0.5: 1.1199
  MTE@1.0: 1.1071
  W2@1.0:  0.7830
  sW2@0.1: 0.4883 (290/500 in region)
  sW2@0.2: 0.5228 (208/500 in region)
  sW2@0.5: 0.5392 (89/500 in region)
  sW2@1.0: 0.6260 (30/500 in region)
  MMD@1.0: 0.1682
  Survival@1.0: 27.2%
  Stopped@1.0:  6.0%
      → K+S
  Precomputing encoder-pullback target...
  Stage 2 epoch 60/300: loss=0.003167
  Stage 2 epoch 120/300: loss=0.003863
  Stage 2 epoch 180/300: loss=0.003060
  Stage 2 epoch 240/300: loss=0.003463
  Stage 2 epoch 300/300: loss=0.003050
  Stage 3 epoch 60/300: loss=0.000187
  Stage 3 epoch 120/300: loss=0.000159
  Stage 3 epoch 180/300: loss=0.000135
  Stage 3 epoch 240/300: loss=0.000131
  Stage 3 epoch 300/300: loss=0.000118
  rcMTE@0.1: 0.3611 (290/500 in region)
  rcMTE@0.5: 0.5183 (89/500 in region)
  rcMTE@1.0: 0.4974 (30/500 in region)
  MTE@0.1: 0.7102
  MTE@0.5: 1.1199
  MTE@1.0: 1.1071
  W2@1.0:  0.7830
  sW2@0.1: 0.4883 (290/500 in region)
  sW2@0.2: 0.5228 (208/500 in region)
  sW2@0.5: 0.5392 (89/500 in region)
  sW2@1.0: 0.6260 (30/500 in region)
  MMD@1.0: 0.1682
  Survival@1.0: 27.2%
  Stopped@1.0:  6.0%
      baseline: W2=0.7292  E_mu=0.5249  E_Sig=0.5406
             K: W2=0.7830  E_mu=0.3677  E_Sig=0.6831
           K+S: W2=0.7830  E_mu=0.3677  E_Sig=0.6831

============================================================
  N=50 | D=201 (K=99) | paraboloid | seed=7042
============================================================
    Phase1 Epoch 50/250: loss=0.842497
    Phase1 Epoch 100/250: loss=0.695307
    Phase1 Epoch 150/250: loss=0.352038
    Phase1 Epoch 200/250: loss=0.160836
    Phase1 Epoch 250/250: loss=0.136975
      Phase 2 AE: K_weight=0.0000
        Phase2 Epoch 50/250: loss=0.084267
        Phase2 Epoch 100/250: loss=0.107197
        Phase2 Epoch 150/250: loss=0.055014
        Phase2 Epoch 200/250: loss=0.033149
        Phase2 Epoch 250/250: loss=0.040242
        E_mu=0.2599  E_Sigma=0.6813
      → baseline
  Precomputing encoder-pullback target...
  Stage 2 epoch 60/300: loss=0.017379
  Stage 2 epoch 120/300: loss=0.024454
  Stage 2 epoch 180/300: loss=0.018320
  Stage 2 epoch 240/300: loss=0.019188
  Stage 2 epoch 300/300: loss=0.016183
  Stage 3 epoch 60/300: loss=0.000202
  Stage 3 epoch 120/300: loss=0.000153
  Stage 3 epoch 180/300: loss=0.000125
  Stage 3 epoch 240/300: loss=0.000115
  Stage 3 epoch 300/300: loss=0.000106
  rcMTE@0.1: 0.6414 (316/500 in region)
  rcMTE@0.5: 0.9794 (109/500 in region)
  rcMTE@1.0: 0.9211 (29/500 in region)
  MTE@0.1: 1.2981
  MTE@0.5: 1.7993
  MTE@1.0: 1.8055
  W2@1.0:  0.9086
  sW2@0.1: 0.8347 (316/500 in region)
  sW2@0.2: 1.0178 (232/500 in region)
  sW2@0.5: 0.8922 (109/500 in region)
  sW2@1.0: 0.9521 (29/500 in region)
  MMD@1.0: 0.3270
  Survival@1.0: 28.8%
  Stopped@1.0:  5.8%
      Phase 2 AE: K_weight=0.4275
        Phase2 Epoch 50/250: loss=0.081767
        Phase2 Epoch 100/250: loss=0.061041
        Phase2 Epoch 150/250: loss=0.035355
        Phase2 Epoch 200/250: loss=0.027291
        Phase2 Epoch 250/250: loss=0.030205
        E_mu=0.1510  E_Sigma=0.4660
      → K
  Precomputing encoder-pullback target...
  Stage 2 epoch 60/300: loss=0.014981
  Stage 2 epoch 120/300: loss=0.020540
  Stage 2 epoch 180/300: loss=0.016058
  Stage 2 epoch 240/300: loss=0.016560
  Stage 2 epoch 300/300: loss=0.014019
  Stage 3 epoch 60/300: loss=0.000185
  Stage 3 epoch 120/300: loss=0.000144
  Stage 3 epoch 180/300: loss=0.000119
  Stage 3 epoch 240/300: loss=0.000099
  Stage 3 epoch 300/300: loss=0.000085
  rcMTE@0.1: 0.6396 (316/500 in region)
  rcMTE@0.5: 0.9195 (109/500 in region)
  rcMTE@1.0: 0.8192 (29/500 in region)
  MTE@0.1: 1.5872
  MTE@0.5: 1.9985
  MTE@1.0: 1.9534
  W2@1.0:  1.2633
  sW2@0.1: 1.2249 (316/500 in region)
  sW2@0.2: 1.3739 (232/500 in region)
  sW2@0.5: 1.2077 (109/500 in region)
  sW2@1.0: 1.2194 (29/500 in region)
  MMD@1.0: 0.4947
  Survival@1.0: 28.8%
  Stopped@1.0:  5.8%
      → K+S
  Precomputing encoder-pullback target...
  Stage 2 epoch 60/300: loss=0.014981
  Stage 2 epoch 120/300: loss=0.020540
  Stage 2 epoch 180/300: loss=0.016058
  Stage 2 epoch 240/300: loss=0.016560
  Stage 2 epoch 300/300: loss=0.014019
  Stage 3 epoch 60/300: loss=0.000185
  Stage 3 epoch 120/300: loss=0.000144
  Stage 3 epoch 180/300: loss=0.000119
  Stage 3 epoch 240/300: loss=0.000099
  Stage 3 epoch 300/300: loss=0.000085
  rcMTE@0.1: 0.6396 (316/500 in region)
  rcMTE@0.5: 0.9195 (109/500 in region)
  rcMTE@1.0: 0.8192 (29/500 in region)
  MTE@0.1: 1.5872
  MTE@0.5: 1.9985
  MTE@1.0: 1.9534
  W2@1.0:  1.2633
  sW2@0.1: 1.2249 (316/500 in region)
  sW2@0.2: 1.3739 (232/500 in region)
  sW2@0.5: 1.2077 (109/500 in region)
  sW2@1.0: 1.2194 (29/500 in region)
  MMD@1.0: 0.4947
  Survival@1.0: 28.8%
  Stopped@1.0:  5.8%
      baseline: W2=0.9086  E_mu=0.2599  E_Sig=0.6813
             K: W2=1.2633  E_mu=0.1510  E_Sig=0.4660
           K+S: W2=1.2633  E_mu=0.1510  E_Sig=0.4660

============================================================
  N=50 | D=201 (K=99) | paraboloid | seed=8042
============================================================
    Phase1 Epoch 50/250: loss=0.808388
    Phase1 Epoch 100/250: loss=0.554610
    Phase1 Epoch 150/250: loss=0.275953
    Phase1 Epoch 200/250: loss=0.209811
    Phase1 Epoch 250/250: loss=0.098029
      Phase 2 AE: K_weight=0.0000
        Phase2 Epoch 50/250: loss=0.068897
        Phase2 Epoch 100/250: loss=0.054359
        Phase2 Epoch 150/250: loss=0.060968
        Phase2 Epoch 200/250: loss=0.041676
        Phase2 Epoch 250/250: loss=0.032309
        E_mu=0.7896  E_Sigma=0.8083
      → baseline
  Precomputing encoder-pullback target...
  Stage 2 epoch 60/300: loss=0.006456
  Stage 2 epoch 120/300: loss=0.007152
  Stage 2 epoch 180/300: loss=0.005492
  Stage 2 epoch 240/300: loss=0.005758
  Stage 2 epoch 300/300: loss=0.003764
  Stage 3 epoch 60/300: loss=0.000484
  Stage 3 epoch 120/300: loss=0.000334
  Stage 3 epoch 180/300: loss=0.000209
  Stage 3 epoch 240/300: loss=0.000155
  Stage 3 epoch 300/300: loss=0.000174
  rcMTE@0.1: 0.4917 (269/500 in region)
  rcMTE@0.5: 0.9740 (84/500 in region)
  rcMTE@1.0: 1.1258 (29/500 in region)
  MTE@0.1: 1.1023
  MTE@0.5: 1.6356
  MTE@1.0: 1.9677
  W2@1.0:  1.1384
  sW2@0.1: 0.6682 (269/500 in region)
  sW2@0.2: 0.8402 (192/500 in region)
  sW2@0.5: 1.0749 (84/500 in region)
  sW2@1.0: 1.4537 (29/500 in region)
  MMD@1.0: 0.2810
  Survival@1.0: 27.0%
  Stopped@1.0:  5.8%
      Phase 2 AE: K_weight=0.4275
        Phase2 Epoch 50/250: loss=0.054053
        Phase2 Epoch 100/250: loss=0.045425
        Phase2 Epoch 150/250: loss=0.087869
        Phase2 Epoch 200/250: loss=0.035343
        Phase2 Epoch 250/250: loss=0.042571
        E_mu=0.6151  E_Sigma=0.6577
      → K
  Precomputing encoder-pullback target...
  Stage 2 epoch 60/300: loss=0.007811
  Stage 2 epoch 120/300: loss=0.009322
  Stage 2 epoch 180/300: loss=0.006846
  Stage 2 epoch 240/300: loss=0.008079
  Stage 2 epoch 300/300: loss=0.005429
  Stage 3 epoch 60/300: loss=0.000425
  Stage 3 epoch 120/300: loss=0.000252
  Stage 3 epoch 180/300: loss=0.000152
  Stage 3 epoch 240/300: loss=0.000102
  Stage 3 epoch 300/300: loss=0.000107
  rcMTE@0.1: 0.4938 (269/500 in region)
  rcMTE@0.5: 0.9745 (84/500 in region)
  rcMTE@1.0: 1.1367 (29/500 in region)
  MTE@0.1: 1.2379
  MTE@0.5: 1.7715
  MTE@1.0: 2.0633
  W2@1.0:  1.2733
  sW2@0.1: 0.9309 (269/500 in region)
  sW2@0.2: 1.0954 (192/500 in region)
  sW2@0.5: 1.2724 (84/500 in region)
  sW2@1.0: 1.8240 (29/500 in region)
  MMD@1.0: 0.3572
  Survival@1.0: 27.0%
  Stopped@1.0:  5.8%
      → K+S
  Precomputing encoder-pullback target...
  Stage 2 epoch 60/300: loss=0.007811
  Stage 2 epoch 120/300: loss=0.009322
  Stage 2 epoch 180/300: loss=0.006846
  Stage 2 epoch 240/300: loss=0.008079
  Stage 2 epoch 300/300: loss=0.005429
  Stage 3 epoch 60/300: loss=0.000425
  Stage 3 epoch 120/300: loss=0.000252
  Stage 3 epoch 180/300: loss=0.000152
  Stage 3 epoch 240/300: loss=0.000102
  Stage 3 epoch 300/300: loss=0.000107
  rcMTE@0.1: 0.4938 (269/500 in region)
  rcMTE@0.5: 0.9745 (84/500 in region)
  rcMTE@1.0: 1.1367 (29/500 in region)
  MTE@0.1: 1.2379
  MTE@0.5: 1.7715
  MTE@1.0: 2.0633
  W2@1.0:  1.2733
  sW2@0.1: 0.9309 (269/500 in region)
  sW2@0.2: 1.0954 (192/500 in region)
  sW2@0.5: 1.2724 (84/500 in region)
  sW2@1.0: 1.8240 (29/500 in region)
  MMD@1.0: 0.3572
  Survival@1.0: 27.0%
  Stopped@1.0:  5.8%
      baseline: W2=1.1384  E_mu=0.7896  E_Sig=0.8083
             K: W2=1.2733  E_mu=0.6151  E_Sig=0.6577
           K+S: W2=1.2733  E_mu=0.6151  E_Sig=0.6577

============================================================
  N=50 | D=201 (K=99) | paraboloid | seed=9042
============================================================
    Phase1 Epoch 50/250: loss=0.822489
    Phase1 Epoch 100/250: loss=0.675178
    Phase1 Epoch 150/250: loss=0.287163
    Phase1 Epoch 200/250: loss=0.132875
    Phase1 Epoch 250/250: loss=0.169100
      Phase 2 AE: K_weight=0.0000
        Phase2 Epoch 50/250: loss=0.054791
        Phase2 Epoch 100/250: loss=0.030747
        Phase2 Epoch 150/250: loss=0.036973
        Phase2 Epoch 200/250: loss=0.039771
        Phase2 Epoch 250/250: loss=0.008102
        E_mu=0.2891  E_Sigma=0.1823
      → baseline
  Precomputing encoder-pullback target...
  Stage 2 epoch 60/300: loss=0.006417
  Stage 2 epoch 120/300: loss=0.005197
  Stage 2 epoch 180/300: loss=0.004158
  Stage 2 epoch 240/300: loss=0.003723
  Stage 2 epoch 300/300: loss=0.004129
  Stage 3 epoch 60/300: loss=0.000266
  Stage 3 epoch 120/300: loss=0.000086
  Stage 3 epoch 180/300: loss=0.000064
  Stage 3 epoch 240/300: loss=0.000047
  Stage 3 epoch 300/300: loss=0.000042
  rcMTE@0.1: 0.5088 (280/500 in region)
  rcMTE@0.5: 0.9559 (85/500 in region)
  rcMTE@1.0: 0.9565 (22/500 in region)
  MTE@0.1: 0.9604
  MTE@0.5: 1.5257
  MTE@1.0: 1.8337
  W2@1.0:  1.0087
  sW2@0.1: 0.6150 (280/500 in region)
  sW2@0.2: 0.6977 (205/500 in region)
  sW2@0.5: 1.0555 (85/500 in region)
  sW2@1.0: 0.9945 (22/500 in region)
  MMD@1.0: 0.2218
  Survival@1.0: 28.2%
  Stopped@1.0:  4.4%
      Phase 2 AE: K_weight=0.4275
        Phase2 Epoch 50/250: loss=0.037261
        Phase2 Epoch 100/250: loss=0.034436
        Phase2 Epoch 150/250: loss=0.017364
        Phase2 Epoch 200/250: loss=0.020640
        Phase2 Epoch 250/250: loss=0.020378
        E_mu=0.2014  E_Sigma=0.3624
      → K
  Precomputing encoder-pullback target...
  Stage 2 epoch 60/300: loss=0.011539
  Stage 2 epoch 120/300: loss=0.009188
  Stage 2 epoch 180/300: loss=0.007092
  Stage 2 epoch 240/300: loss=0.006523
  Stage 2 epoch 300/300: loss=0.007097
  Stage 3 epoch 60/300: loss=0.000244
  Stage 3 epoch 120/300: loss=0.000073
  Stage 3 epoch 180/300: loss=0.000054
  Stage 3 epoch 240/300: loss=0.000040
  Stage 3 epoch 300/300: loss=0.000034
  rcMTE@0.1: 0.5173 (280/500 in region)
  rcMTE@0.5: 0.9449 (85/500 in region)
  rcMTE@1.0: 0.9385 (22/500 in region)
  MTE@0.1: 1.0113
  MTE@0.5: 1.5327
  MTE@1.0: 1.8073
  W2@1.0:  0.9281
  sW2@0.1: 0.6841 (280/500 in region)
  sW2@0.2: 0.7666 (205/500 in region)
  sW2@0.5: 1.0638 (85/500 in region)
  sW2@1.0: 0.9485 (22/500 in region)
  MMD@1.0: 0.2286
  Survival@1.0: 28.2%
  Stopped@1.0:  4.4%
      → K+S
  Precomputing encoder-pullback target...
  Stage 2 epoch 60/300: loss=0.011539
  Stage 2 epoch 120/300: loss=0.009188
  Stage 2 epoch 180/300: loss=0.007092
  Stage 2 epoch 240/300: loss=0.006523
  Stage 2 epoch 300/300: loss=0.007097
  Stage 3 epoch 60/300: loss=0.000244
  Stage 3 epoch 120/300: loss=0.000073
  Stage 3 epoch 180/300: loss=0.000054
  Stage 3 epoch 240/300: loss=0.000040
  Stage 3 epoch 300/300: loss=0.000034
  rcMTE@0.1: 0.5173 (280/500 in region)
  rcMTE@0.5: 0.9449 (85/500 in region)
  rcMTE@1.0: 0.9385 (22/500 in region)
  MTE@0.1: 1.0113
  MTE@0.5: 1.5327
  MTE@1.0: 1.8073
  W2@1.0:  0.9281
  sW2@0.1: 0.6841 (280/500 in region)
  sW2@0.2: 0.7666 (205/500 in region)
  sW2@0.5: 1.0638 (85/500 in region)
  sW2@1.0: 0.9485 (22/500 in region)
  MMD@1.0: 0.2286
  Survival@1.0: 28.2%
  Stopped@1.0:  4.4%
      baseline: W2=1.0087  E_mu=0.2891  E_Sig=0.1823
             K: W2=0.9281  E_mu=0.2014  E_Sig=0.3624
           K+S: W2=0.9281  E_mu=0.2014  E_Sig=0.3624

============================================================
  N=50 | D=201 (K=99) | hyperbolic_paraboloid | seed=42
============================================================
    Phase1 Epoch 50/250: loss=0.882256
    Phase1 Epoch 100/250: loss=0.735548
    Phase1 Epoch 150/250: loss=0.661903
    Phase1 Epoch 200/250: loss=0.390538
    Phase1 Epoch 250/250: loss=0.227185
      Phase 2 AE: K_weight=0.0000
        Phase2 Epoch 50/250: loss=0.056408
        Phase2 Epoch 100/250: loss=0.039904
        Phase2 Epoch 150/250: loss=0.026185
        Phase2 Epoch 200/250: loss=0.039567
        Phase2 Epoch 250/250: loss=0.015813
        E_mu=0.2754  E_Sigma=1.0511
      → baseline
  Precomputing encoder-pullback target...
  Stage 2 epoch 60/300: loss=0.005335
  Stage 2 epoch 120/300: loss=0.004880
  Stage 2 epoch 180/300: loss=0.005518
  Stage 2 epoch 240/300: loss=0.004246
  Stage 2 epoch 300/300: loss=0.003177
  Stage 3 epoch 60/300: loss=0.000193
  Stage 3 epoch 120/300: loss=0.000146
  Stage 3 epoch 180/300: loss=0.000113
  Stage 3 epoch 240/300: loss=0.000108
  Stage 3 epoch 300/300: loss=0.000093
  rcMTE@0.1: 0.4130 (292/500 in region)
  rcMTE@0.5: 0.6406 (97/500 in region)
  rcMTE@1.0: 0.6389 (21/500 in region)
  MTE@0.1: 0.8366
  MTE@0.5: 1.3351
  MTE@1.0: 1.3109
  W2@1.0:  0.6813
  sW2@0.1: 0.5144 (292/500 in region)
  sW2@0.2: 0.6087 (214/500 in region)
  sW2@0.5: 0.5812 (97/500 in region)
  sW2@1.0: 0.8088 (21/500 in region)
  MMD@1.0: 0.2149
  Survival@1.0: 28.0%
  Stopped@1.0:  4.2%
      Phase 2 AE: K_weight=0.4275
        Phase2 Epoch 50/250: loss=0.190297
        Phase2 Epoch 100/250: loss=0.032943
        Phase2 Epoch 150/250: loss=0.036026
        Phase2 Epoch 200/250: loss=0.029081
        Phase2 Epoch 250/250: loss=0.051453
        E_mu=0.2095  E_Sigma=0.6023
      → K
  Precomputing encoder-pullback target...
  Stage 2 epoch 60/300: loss=0.004640
  Stage 2 epoch 120/300: loss=0.004467
  Stage 2 epoch 180/300: loss=0.005174
  Stage 2 epoch 240/300: loss=0.004008
  Stage 2 epoch 300/300: loss=0.002883
  Stage 3 epoch 60/300: loss=0.000176
  Stage 3 epoch 120/300: loss=0.000032
  Stage 3 epoch 180/300: loss=0.000028
  Stage 3 epoch 240/300: loss=0.000030
  Stage 3 epoch 300/300: loss=0.000026
  rcMTE@0.1: 0.5100 (292/500 in region)
  rcMTE@0.5: 0.8415 (97/500 in region)
  rcMTE@1.0: 0.7932 (21/500 in region)
  MTE@0.1: 1.0208
  MTE@0.5: 1.6451
  MTE@1.0: 1.5944
  W2@1.0:  0.8428
  sW2@0.1: 0.5938 (292/500 in region)
  sW2@0.2: 0.7026 (214/500 in region)
  sW2@0.5: 0.7492 (97/500 in region)
  sW2@1.0: 1.0205 (21/500 in region)
  MMD@1.0: 0.2624
  Survival@1.0: 28.0%
  Stopped@1.0:  4.2%
      → K+S
  Precomputing encoder-pullback target...
  Stage 2 epoch 60/300: loss=0.004640
  Stage 2 epoch 120/300: loss=0.004467
  Stage 2 epoch 180/300: loss=0.005174
  Stage 2 epoch 240/300: loss=0.004008
  Stage 2 epoch 300/300: loss=0.002883
  Stage 3 epoch 60/300: loss=0.000176
  Stage 3 epoch 120/300: loss=0.000032
  Stage 3 epoch 180/300: loss=0.000028
  Stage 3 epoch 240/300: loss=0.000030
  Stage 3 epoch 300/300: loss=0.000026
  rcMTE@0.1: 0.5100 (292/500 in region)
  rcMTE@0.5: 0.8415 (97/500 in region)
  rcMTE@1.0: 0.7932 (21/500 in region)
  MTE@0.1: 1.0208
  MTE@0.5: 1.6451
  MTE@1.0: 1.5944
  W2@1.0:  0.8428
  sW2@0.1: 0.5938 (292/500 in region)
  sW2@0.2: 0.7026 (214/500 in region)
  sW2@0.5: 0.7492 (97/500 in region)
  sW2@1.0: 1.0205 (21/500 in region)
  MMD@1.0: 0.2624
  Survival@1.0: 28.0%
  Stopped@1.0:  4.2%
      baseline: W2=0.6813  E_mu=0.2754  E_Sig=1.0511
             K: W2=0.8428  E_mu=0.2095  E_Sig=0.6023
           K+S: W2=0.8428  E_mu=0.2095  E_Sig=0.6023

============================================================
  N=50 | D=201 (K=99) | hyperbolic_paraboloid | seed=1042
============================================================
    Phase1 Epoch 50/250: loss=0.858135
    Phase1 Epoch 100/250: loss=0.600385
    Phase1 Epoch 150/250: loss=0.251391
    Phase1 Epoch 200/250: loss=0.140096
    Phase1 Epoch 250/250: loss=0.056367
      Phase 2 AE: K_weight=0.0000
        Phase2 Epoch 50/250: loss=0.051613
        Phase2 Epoch 100/250: loss=0.029260
        Phase2 Epoch 150/250: loss=0.024241
        Phase2 Epoch 200/250: loss=0.043254
        Phase2 Epoch 250/250: loss=0.020050
        E_mu=0.2320  E_Sigma=0.4916
      → baseline
  Precomputing encoder-pullback target...
  Stage 2 epoch 60/300: loss=0.004081
  Stage 2 epoch 120/300: loss=0.003092
  Stage 2 epoch 180/300: loss=0.002951
  Stage 2 epoch 240/300: loss=0.002845
  Stage 2 epoch 300/300: loss=0.003312
  Stage 3 epoch 60/300: loss=0.000074
  Stage 3 epoch 120/300: loss=0.000058
  Stage 3 epoch 180/300: loss=0.000037
  Stage 3 epoch 240/300: loss=0.000033
  Stage 3 epoch 300/300: loss=0.000026
  rcMTE@0.1: 0.7608 (285/500 in region)
  rcMTE@0.5: 1.1034 (98/500 in region)
  rcMTE@1.0: 1.2501 (31/500 in region)
  MTE@0.1: 1.3296
  MTE@0.5: 2.0196
  MTE@1.0: 2.1486
  W2@1.0:  0.8594
  sW2@0.1: 0.6011 (285/500 in region)
  sW2@0.2: 0.8234 (204/500 in region)
  sW2@0.5: 0.9129 (98/500 in region)
  sW2@1.0: 1.0710 (31/500 in region)
  MMD@1.0: 0.2180
  Survival@1.0: 29.8%
  Stopped@1.0:  6.2%
      Phase 2 AE: K_weight=0.4275
        Phase2 Epoch 50/250: loss=0.058189
        Phase2 Epoch 100/250: loss=0.042353
        Phase2 Epoch 150/250: loss=0.027386
        Phase2 Epoch 200/250: loss=0.023186
        Phase2 Epoch 250/250: loss=0.020527
        E_mu=0.2774  E_Sigma=0.6809
      → K
  Precomputing encoder-pullback target...
  Stage 2 epoch 60/300: loss=0.003751
  Stage 2 epoch 120/300: loss=0.003044
  Stage 2 epoch 180/300: loss=0.002886
  Stage 2 epoch 240/300: loss=0.002801
  Stage 2 epoch 300/300: loss=0.003464
  Stage 3 epoch 60/300: loss=0.000090
  Stage 3 epoch 120/300: loss=0.000061
  Stage 3 epoch 180/300: loss=0.000040
  Stage 3 epoch 240/300: loss=0.000035
  Stage 3 epoch 300/300: loss=0.000028
  rcMTE@0.1: 0.7751 (285/500 in region)
  rcMTE@0.5: 1.1332 (98/500 in region)
  rcMTE@1.0: 1.2923 (31/500 in region)
  MTE@0.1: 1.3354
  MTE@0.5: 2.0514
  MTE@1.0: 2.2085
  W2@1.0:  1.0419
  sW2@0.1: 0.6375 (285/500 in region)
  sW2@0.2: 0.8716 (204/500 in region)
  sW2@0.5: 0.9863 (98/500 in region)
  sW2@1.0: 1.1525 (31/500 in region)
  MMD@1.0: 0.2360
  Survival@1.0: 29.8%
  Stopped@1.0:  6.2%
      → K+S
  Precomputing encoder-pullback target...
  Stage 2 epoch 60/300: loss=0.003751
  Stage 2 epoch 120/300: loss=0.003044
  Stage 2 epoch 180/300: loss=0.002886
  Stage 2 epoch 240/300: loss=0.002801
  Stage 2 epoch 300/300: loss=0.003464
  Stage 3 epoch 60/300: loss=0.000090
  Stage 3 epoch 120/300: loss=0.000061
  Stage 3 epoch 180/300: loss=0.000040
  Stage 3 epoch 240/300: loss=0.000035
  Stage 3 epoch 300/300: loss=0.000028
  rcMTE@0.1: 0.7751 (285/500 in region)
  rcMTE@0.5: 1.1332 (98/500 in region)
  rcMTE@1.0: 1.2923 (31/500 in region)
  MTE@0.1: 1.3354
  MTE@0.5: 2.0514
  MTE@1.0: 2.2085
  W2@1.0:  1.0419
  sW2@0.1: 0.6375 (285/500 in region)
  sW2@0.2: 0.8716 (204/500 in region)
  sW2@0.5: 0.9863 (98/500 in region)
  sW2@1.0: 1.1525 (31/500 in region)
  MMD@1.0: 0.2360
  Survival@1.0: 29.8%
  Stopped@1.0:  6.2%
      baseline: W2=0.8594  E_mu=0.2320  E_Sig=0.4916
             K: W2=1.0419  E_mu=0.2774  E_Sig=0.6809
           K+S: W2=1.0419  E_mu=0.2774  E_Sig=0.6809

============================================================
  N=50 | D=201 (K=99) | hyperbolic_paraboloid | seed=2042
============================================================
    Phase1 Epoch 50/250: loss=0.881237
    Phase1 Epoch 100/250: loss=0.784468
    Phase1 Epoch 150/250: loss=0.585494
    Phase1 Epoch 200/250: loss=0.239292
    Phase1 Epoch 250/250: loss=0.104161
      Phase 2 AE: K_weight=0.0000
        Phase2 Epoch 50/250: loss=0.068363
        Phase2 Epoch 100/250: loss=0.034079
        Phase2 Epoch 150/250: loss=0.031223
        Phase2 Epoch 200/250: loss=0.027536
        Phase2 Epoch 250/250: loss=0.073774
        E_mu=0.3019  E_Sigma=0.9713
      → baseline
  Precomputing encoder-pullback target...
  Stage 2 epoch 60/300: loss=0.005597
  Stage 2 epoch 120/300: loss=0.006126
  Stage 2 epoch 180/300: loss=0.005458
  Stage 2 epoch 240/300: loss=0.005338
  Stage 2 epoch 300/300: loss=0.005215
  Stage 3 epoch 60/300: loss=0.000118
  Stage 3 epoch 120/300: loss=0.000099
  Stage 3 epoch 180/300: loss=0.000085
  Stage 3 epoch 240/300: loss=0.000090
  Stage 3 epoch 300/300: loss=0.000085
  rcMTE@0.1: 0.5116 (293/500 in region)
  rcMTE@0.5: 0.9845 (88/500 in region)
  rcMTE@1.0: 0.7407 (24/500 in region)
  MTE@0.1: 1.2735
  MTE@0.5: 1.8690
  MTE@1.0: 1.8843
  W2@1.0:  1.2210
  sW2@0.1: 1.0061 (293/500 in region)
  sW2@0.2: 1.1283 (212/500 in region)
  sW2@0.5: 1.5260 (88/500 in region)
  sW2@1.0: 1.1688 (24/500 in region)
  MMD@1.0: 0.3469
  Survival@1.0: 26.6%
  Stopped@1.0:  4.8%
      Phase 2 AE: K_weight=0.4275
        Phase2 Epoch 50/250: loss=0.069777
        Phase2 Epoch 100/250: loss=0.036200
        Phase2 Epoch 150/250: loss=0.031643
        Phase2 Epoch 200/250: loss=0.024751
        Phase2 Epoch 250/250: loss=0.039063
        E_mu=0.2248  E_Sigma=0.5788
      → K
  Precomputing encoder-pullback target...
  Stage 2 epoch 60/300: loss=0.003786
  Stage 2 epoch 120/300: loss=0.003985
  Stage 2 epoch 180/300: loss=0.003294
  Stage 2 epoch 240/300: loss=0.002808
  Stage 2 epoch 300/300: loss=0.002669
  Stage 3 epoch 60/300: loss=0.000086
  Stage 3 epoch 120/300: loss=0.000074
  Stage 3 epoch 180/300: loss=0.000064
  Stage 3 epoch 240/300: loss=0.000060
  Stage 3 epoch 300/300: loss=0.000057
  rcMTE@0.1: 0.4785 (293/500 in region)
  rcMTE@0.5: 0.9779 (88/500 in region)
  rcMTE@1.0: 0.7552 (24/500 in region)
  MTE@0.1: 1.2117
  MTE@0.5: 1.8439
  MTE@1.0: 1.8943
  W2@1.0:  1.2517
  sW2@0.1: 0.9553 (293/500 in region)
  sW2@0.2: 1.1132 (212/500 in region)
  sW2@0.5: 1.5625 (88/500 in region)
  sW2@1.0: 1.2739 (24/500 in region)
  MMD@1.0: 0.3293
  Survival@1.0: 26.6%
  Stopped@1.0:  4.8%
      → K+S
  Precomputing encoder-pullback target...
  Stage 2 epoch 60/300: loss=0.003786
  Stage 2 epoch 120/300: loss=0.003985
  Stage 2 epoch 180/300: loss=0.003294
  Stage 2 epoch 240/300: loss=0.002808
  Stage 2 epoch 300/300: loss=0.002669
  Stage 3 epoch 60/300: loss=0.000086
  Stage 3 epoch 120/300: loss=0.000074
  Stage 3 epoch 180/300: loss=0.000064
  Stage 3 epoch 240/300: loss=0.000060
  Stage 3 epoch 300/300: loss=0.000057
  rcMTE@0.1: 0.4785 (293/500 in region)
  rcMTE@0.5: 0.9779 (88/500 in region)
  rcMTE@1.0: 0.7552 (24/500 in region)
  MTE@0.1: 1.2117
  MTE@0.5: 1.8439
  MTE@1.0: 1.8943
  W2@1.0:  1.2517
  sW2@0.1: 0.9553 (293/500 in region)
  sW2@0.2: 1.1132 (212/500 in region)
  sW2@0.5: 1.5625 (88/500 in region)
  sW2@1.0: 1.2739 (24/500 in region)
  MMD@1.0: 0.3293
  Survival@1.0: 26.6%
  Stopped@1.0:  4.8%
      baseline: W2=1.2210  E_mu=0.3019  E_Sig=0.9713
             K: W2=1.2517  E_mu=0.2248  E_Sig=0.5788
           K+S: W2=1.2517  E_mu=0.2248  E_Sig=0.5788

============================================================
  N=50 | D=201 (K=99) | hyperbolic_paraboloid | seed=3042
============================================================
    Phase1 Epoch 50/250: loss=0.908122
    Phase1 Epoch 100/250: loss=0.761285
    Phase1 Epoch 150/250: loss=0.713694
    Phase1 Epoch 200/250: loss=0.548315
    Phase1 Epoch 250/250: loss=0.159596
      Phase 2 AE: K_weight=0.0000
        Phase2 Epoch 50/250: loss=0.036570
        Phase2 Epoch 100/250: loss=0.035438
        Phase2 Epoch 150/250: loss=0.023044
        Phase2 Epoch 200/250: loss=0.016099
        Phase2 Epoch 250/250: loss=0.036582
        E_mu=0.1114  E_Sigma=0.2960
      → baseline
  Precomputing encoder-pullback target...
  Stage 2 epoch 60/300: loss=0.006696
  Stage 2 epoch 120/300: loss=0.005305
  Stage 2 epoch 180/300: loss=0.006081
  Stage 2 epoch 240/300: loss=0.004765
  Stage 2 epoch 300/300: loss=0.005596
  Stage 3 epoch 60/300: loss=0.000322
  Stage 3 epoch 120/300: loss=0.000174
  Stage 3 epoch 180/300: loss=0.000134
  Stage 3 epoch 240/300: loss=0.000122
  Stage 3 epoch 300/300: loss=0.000111
  rcMTE@0.1: 0.5704 (275/500 in region)
  rcMTE@0.5: 1.0010 (78/500 in region)
  rcMTE@1.0: 0.9962 (25/500 in region)
  MTE@0.1: 3.0769
  MTE@0.5: 3.3318
  MTE@1.0: 3.3531
  W2@1.0:  2.9063
  sW2@0.1: 2.8547 (275/500 in region)
  sW2@0.2: 2.8779 (204/500 in region)
  sW2@0.5: 2.9287 (78/500 in region)
  sW2@1.0: 3.0576 (25/500 in region)
  MMD@1.0: 0.7895
  Survival@1.0: 27.2%
  Stopped@1.0:  5.0%
      Phase 2 AE: K_weight=0.4275
        Phase2 Epoch 50/250: loss=0.061798
        Phase2 Epoch 100/250: loss=0.073092
        Phase2 Epoch 150/250: loss=0.023807
        Phase2 Epoch 200/250: loss=0.014748
        Phase2 Epoch 250/250: loss=0.040545
        E_mu=0.1495  E_Sigma=0.5400
      → K
  Precomputing encoder-pullback target...
  Stage 2 epoch 60/300: loss=0.003204
  Stage 2 epoch 120/300: loss=0.003211
  Stage 2 epoch 180/300: loss=0.002736
  Stage 2 epoch 240/300: loss=0.002671
  Stage 2 epoch 300/300: loss=0.003117
  Stage 3 epoch 60/300: loss=0.000332
  Stage 3 epoch 120/300: loss=0.000190
  Stage 3 epoch 180/300: loss=0.000141
  Stage 3 epoch 240/300: loss=0.000125
  Stage 3 epoch 300/300: loss=0.000109
  rcMTE@0.1: 0.5764 (275/500 in region)
  rcMTE@0.5: 0.9880 (78/500 in region)
  rcMTE@1.0: 0.9713 (25/500 in region)
  MTE@0.1: 1.4027
  MTE@0.5: 1.8691
  MTE@1.0: 1.8451
  W2@1.0:  1.1224
  sW2@0.1: 0.9606 (275/500 in region)
  sW2@0.2: 1.0292 (204/500 in region)
  sW2@0.5: 1.2017 (78/500 in region)
  sW2@1.0: 1.5619 (25/500 in region)
  MMD@1.0: 0.3550
  Survival@1.0: 27.2%
  Stopped@1.0:  5.0%
      → K+S
  Precomputing encoder-pullback target...
  Stage 2 epoch 60/300: loss=0.003204
  Stage 2 epoch 120/300: loss=0.003211
  Stage 2 epoch 180/300: loss=0.002736
  Stage 2 epoch 240/300: loss=0.002671
  Stage 2 epoch 300/300: loss=0.003117
  Stage 3 epoch 60/300: loss=0.000332
  Stage 3 epoch 120/300: loss=0.000190
  Stage 3 epoch 180/300: loss=0.000141
  Stage 3 epoch 240/300: loss=0.000125
  Stage 3 epoch 300/300: loss=0.000109
  rcMTE@0.1: 0.5764 (275/500 in region)
  rcMTE@0.5: 0.9880 (78/500 in region)
  rcMTE@1.0: 0.9713 (25/500 in region)
  MTE@0.1: 1.4027
  MTE@0.5: 1.8691
  MTE@1.0: 1.8451
  W2@1.0:  1.1224
  sW2@0.1: 0.9606 (275/500 in region)
  sW2@0.2: 1.0292 (204/500 in region)
  sW2@0.5: 1.2017 (78/500 in region)
  sW2@1.0: 1.5619 (25/500 in region)
  MMD@1.0: 0.3550
  Survival@1.0: 27.2%
  Stopped@1.0:  5.0%
      baseline: W2=2.9063  E_mu=0.1114  E_Sig=0.2960
             K: W2=1.1224  E_mu=0.1495  E_Sig=0.5400
           K+S: W2=1.1224  E_mu=0.1495  E_Sig=0.5400

============================================================
  N=50 | D=201 (K=99) | hyperbolic_paraboloid | seed=4042
============================================================
    Phase1 Epoch 50/250: loss=0.816171
    Phase1 Epoch 100/250: loss=0.584969
    Phase1 Epoch 150/250: loss=0.377504
    Phase1 Epoch 200/250: loss=0.085639
    Phase1 Epoch 250/250: loss=0.052475
      Phase 2 AE: K_weight=0.0000
        Phase2 Epoch 50/250: loss=0.030234
        Phase2 Epoch 100/250: loss=0.036877
        Phase2 Epoch 150/250: loss=0.028940
        Phase2 Epoch 200/250: loss=0.017137
        Phase2 Epoch 250/250: loss=0.028272
        E_mu=0.2271  E_Sigma=0.2982
      → baseline
  Precomputing encoder-pullback target...
  Stage 2 epoch 60/300: loss=0.005986
  Stage 2 epoch 120/300: loss=0.006436
  Stage 2 epoch 180/300: loss=0.007343
  Stage 2 epoch 240/300: loss=0.006908
  Stage 2 epoch 300/300: loss=0.005990
  Stage 3 epoch 60/300: loss=0.000029
  Stage 3 epoch 120/300: loss=0.000027
  Stage 3 epoch 180/300: loss=0.000026
  Stage 3 epoch 240/300: loss=0.000024
  Stage 3 epoch 300/300: loss=0.000026
  rcMTE@0.1: 0.5506 (287/500 in region)
  rcMTE@0.5: 0.8329 (102/500 in region)
  rcMTE@1.0: 0.7875 (30/500 in region)
  MTE@0.1: 1.0995
  MTE@0.5: 1.5687
  MTE@1.0: 1.5347
  W2@1.0:  0.7318
  sW2@0.1: 0.6783 (287/500 in region)
  sW2@0.2: 0.8771 (207/500 in region)
  sW2@0.5: 0.8823 (102/500 in region)
  sW2@1.0: 0.8538 (30/500 in region)
  MMD@1.0: 0.2792
  Survival@1.0: 28.2%
  Stopped@1.0:  6.0%
      Phase 2 AE: K_weight=0.4275
        Phase2 Epoch 50/250: loss=0.035080
        Phase2 Epoch 100/250: loss=0.040946
        Phase2 Epoch 150/250: loss=0.068341
        Phase2 Epoch 200/250: loss=0.022666
        Phase2 Epoch 250/250: loss=0.022735
        E_mu=0.1546  E_Sigma=0.4625
      → K
  Precomputing encoder-pullback target...
  Stage 2 epoch 60/300: loss=0.003566
  Stage 2 epoch 120/300: loss=0.003874
  Stage 2 epoch 180/300: loss=0.004304
  Stage 2 epoch 240/300: loss=0.003762
  Stage 2 epoch 300/300: loss=0.003344
  Stage 3 epoch 60/300: loss=0.000031
  Stage 3 epoch 120/300: loss=0.000027
  Stage 3 epoch 180/300: loss=0.000027
  Stage 3 epoch 240/300: loss=0.000025
  Stage 3 epoch 300/300: loss=0.000027
  rcMTE@0.1: 0.5506 (287/500 in region)
  rcMTE@0.5: 0.8376 (102/500 in region)
  rcMTE@1.0: 0.7878 (30/500 in region)
  MTE@0.1: 1.0549
  MTE@0.5: 1.5229
  MTE@1.0: 1.5165
  W2@1.0:  0.6427
  sW2@0.1: 0.5252 (287/500 in region)
  sW2@0.2: 0.7080 (207/500 in region)
  sW2@0.5: 0.7304 (102/500 in region)
  sW2@1.0: 0.8226 (30/500 in region)
  MMD@1.0: 0.2534
  Survival@1.0: 28.2%
  Stopped@1.0:  6.0%
      → K+S
  Precomputing encoder-pullback target...
  Stage 2 epoch 60/300: loss=0.003566
  Stage 2 epoch 120/300: loss=0.003874
  Stage 2 epoch 180/300: loss=0.004304
  Stage 2 epoch 240/300: loss=0.003762
  Stage 2 epoch 300/300: loss=0.003344
  Stage 3 epoch 60/300: loss=0.000031
  Stage 3 epoch 120/300: loss=0.000027
  Stage 3 epoch 180/300: loss=0.000027
  Stage 3 epoch 240/300: loss=0.000025
  Stage 3 epoch 300/300: loss=0.000027
  rcMTE@0.1: 0.5506 (287/500 in region)
  rcMTE@0.5: 0.8376 (102/500 in region)
  rcMTE@1.0: 0.7878 (30/500 in region)
  MTE@0.1: 1.0549
  MTE@0.5: 1.5229
  MTE@1.0: 1.5165
  W2@1.0:  0.6427
  sW2@0.1: 0.5252 (287/500 in region)
  sW2@0.2: 0.7080 (207/500 in region)
  sW2@0.5: 0.7304 (102/500 in region)
  sW2@1.0: 0.8226 (30/500 in region)
  MMD@1.0: 0.2534
  Survival@1.0: 28.2%
  Stopped@1.0:  6.0%
      baseline: W2=0.7318  E_mu=0.2271  E_Sig=0.2982
             K: W2=0.6427  E_mu=0.1546  E_Sig=0.4625
           K+S: W2=0.6427  E_mu=0.1546  E_Sig=0.4625

============================================================
  N=50 | D=201 (K=99) | hyperbolic_paraboloid | seed=5042
============================================================
    Phase1 Epoch 50/250: loss=0.863751
    Phase1 Epoch 100/250: loss=0.750305
    Phase1 Epoch 150/250: loss=0.589861
    Phase1 Epoch 200/250: loss=0.223076
    Phase1 Epoch 250/250: loss=0.055273
      Phase 2 AE: K_weight=0.0000
        Phase2 Epoch 50/250: loss=0.083395
        Phase2 Epoch 100/250: loss=0.054011
        Phase2 Epoch 150/250: loss=0.041802
        Phase2 Epoch 200/250: loss=0.022833
        Phase2 Epoch 250/250: loss=0.027699
        E_mu=0.4790  E_Sigma=0.6341
      → baseline
  Precomputing encoder-pullback target...
  Stage 2 epoch 60/300: loss=0.004119
  Stage 2 epoch 120/300: loss=0.003614
  Stage 2 epoch 180/300: loss=0.003811
  Stage 2 epoch 240/300: loss=0.003259
  Stage 2 epoch 300/300: loss=0.003748
  Stage 3 epoch 60/300: loss=0.000065
  Stage 3 epoch 120/300: loss=0.000057
  Stage 3 epoch 180/300: loss=0.000058
  Stage 3 epoch 240/300: loss=0.000056
  Stage 3 epoch 300/300: loss=0.000051
  rcMTE@0.1: 0.5826 (285/500 in region)
  rcMTE@0.5: 0.8826 (93/500 in region)
  rcMTE@1.0: 0.8390 (33/500 in region)
  MTE@0.1: 1.2912
  MTE@0.5: 1.9055
  MTE@1.0: 1.8719
  W2@1.0:  1.2443
  sW2@0.1: 0.7996 (285/500 in region)
  sW2@0.2: 0.9001 (216/500 in region)
  sW2@0.5: 0.9310 (93/500 in region)
  sW2@1.0: 1.3183 (33/500 in region)
  MMD@1.0: 0.3272
  Survival@1.0: 25.8%
  Stopped@1.0:  6.6%
      Phase 2 AE: K_weight=0.4275
        Phase2 Epoch 50/250: loss=0.056322
        Phase2 Epoch 100/250: loss=0.060200
        Phase2 Epoch 150/250: loss=0.027844
        Phase2 Epoch 200/250: loss=0.063425
        Phase2 Epoch 250/250: loss=0.016945
        E_mu=0.2132  E_Sigma=0.5257
      → K
  Precomputing encoder-pullback target...
  Stage 2 epoch 60/300: loss=0.007893
  Stage 2 epoch 120/300: loss=0.006497
  Stage 2 epoch 180/300: loss=0.006683
  Stage 2 epoch 240/300: loss=0.006363
  Stage 2 epoch 300/300: loss=0.006706
  Stage 3 epoch 60/300: loss=0.000256
  Stage 3 epoch 120/300: loss=0.000180
  Stage 3 epoch 180/300: loss=0.000138
  Stage 3 epoch 240/300: loss=0.000124
  Stage 3 epoch 300/300: loss=0.000118
  rcMTE@0.1: 0.3477 (285/500 in region)
  rcMTE@0.5: 0.5848 (93/500 in region)
  rcMTE@1.0: 0.4972 (33/500 in region)
  MTE@0.1: 0.7195
  MTE@0.5: 1.0883
  MTE@1.0: 0.9997
  W2@1.0:  0.7043
  sW2@0.1: 0.3646 (285/500 in region)
  sW2@0.2: 0.4914 (216/500 in region)
  sW2@0.5: 0.5624 (93/500 in region)
  sW2@1.0: 0.6744 (33/500 in region)
  MMD@1.0: 0.1757
  Survival@1.0: 25.8%
  Stopped@1.0:  6.6%
      → K+S
  Precomputing encoder-pullback target...
  Stage 2 epoch 60/300: loss=0.007893
  Stage 2 epoch 120/300: loss=0.006497
  Stage 2 epoch 180/300: loss=0.006683
  Stage 2 epoch 240/300: loss=0.006363
  Stage 2 epoch 300/300: loss=0.006706
  Stage 3 epoch 60/300: loss=0.000256
  Stage 3 epoch 120/300: loss=0.000180
  Stage 3 epoch 180/300: loss=0.000138
  Stage 3 epoch 240/300: loss=0.000124
  Stage 3 epoch 300/300: loss=0.000118
  rcMTE@0.1: 0.3477 (285/500 in region)
  rcMTE@0.5: 0.5848 (93/500 in region)
  rcMTE@1.0: 0.4972 (33/500 in region)
  MTE@0.1: 0.7195
  MTE@0.5: 1.0883
  MTE@1.0: 0.9997
  W2@1.0:  0.7043
  sW2@0.1: 0.3646 (285/500 in region)
  sW2@0.2: 0.4914 (216/500 in region)
  sW2@0.5: 0.5624 (93/500 in region)
  sW2@1.0: 0.6744 (33/500 in region)
  MMD@1.0: 0.1757
  Survival@1.0: 25.8%
  Stopped@1.0:  6.6%
      baseline: W2=1.2443  E_mu=0.4790  E_Sig=0.6341
             K: W2=0.7043  E_mu=0.2132  E_Sig=0.5257
           K+S: W2=0.7043  E_mu=0.2132  E_Sig=0.5257

============================================================
  N=50 | D=201 (K=99) | hyperbolic_paraboloid | seed=6042
============================================================
    Phase1 Epoch 50/250: loss=0.893209
    Phase1 Epoch 100/250: loss=0.691149
    Phase1 Epoch 150/250: loss=0.572300
    Phase1 Epoch 200/250: loss=0.239132
    Phase1 Epoch 250/250: loss=0.094030
      Phase 2 AE: K_weight=0.0000
        Phase2 Epoch 50/250: loss=0.076038
        Phase2 Epoch 100/250: loss=0.033444
        Phase2 Epoch 150/250: loss=0.031332
        Phase2 Epoch 200/250: loss=0.031933
        Phase2 Epoch 250/250: loss=0.053516
        E_mu=0.2357  E_Sigma=0.7108
      → baseline
  Precomputing encoder-pullback target...
  Stage 2 epoch 60/300: loss=0.013438
  Stage 2 epoch 120/300: loss=0.017248
  Stage 2 epoch 180/300: loss=0.012977
  Stage 2 epoch 240/300: loss=0.014747
  Stage 2 epoch 300/300: loss=0.011604
  Stage 3 epoch 60/300: loss=0.000219
  Stage 3 epoch 120/300: loss=0.000189
  Stage 3 epoch 180/300: loss=0.000152
  Stage 3 epoch 240/300: loss=0.000137
  Stage 3 epoch 300/300: loss=0.000124
  rcMTE@0.1: 0.3159 (290/500 in region)
  rcMTE@0.5: 0.5731 (89/500 in region)
  rcMTE@1.0: 0.5723 (30/500 in region)
  MTE@0.1: 0.7003
  MTE@0.5: 1.1188
  MTE@1.0: 1.1408
  W2@1.0:  0.7441
  sW2@0.1: 0.4253 (290/500 in region)
  sW2@0.2: 0.4631 (208/500 in region)
  sW2@0.5: 0.5877 (89/500 in region)
  sW2@1.0: 0.8254 (30/500 in region)
  MMD@1.0: 0.2137
  Survival@1.0: 27.2%
  Stopped@1.0:  6.0%
      Phase 2 AE: K_weight=0.4275
        Phase2 Epoch 50/250: loss=0.057462
        Phase2 Epoch 100/250: loss=0.049239
        Phase2 Epoch 150/250: loss=0.025131
        Phase2 Epoch 200/250: loss=0.028399
        Phase2 Epoch 250/250: loss=0.018386
        E_mu=0.1744  E_Sigma=0.4387
      → K
  Precomputing encoder-pullback target...
  Stage 2 epoch 60/300: loss=0.008871
  Stage 2 epoch 120/300: loss=0.011368
  Stage 2 epoch 180/300: loss=0.008782
  Stage 2 epoch 240/300: loss=0.009641
  Stage 2 epoch 300/300: loss=0.008035
  Stage 3 epoch 60/300: loss=0.000180
  Stage 3 epoch 120/300: loss=0.000159
  Stage 3 epoch 180/300: loss=0.000136
  Stage 3 epoch 240/300: loss=0.000126
  Stage 3 epoch 300/300: loss=0.000116
  rcMTE@0.1: 0.3121 (290/500 in region)
  rcMTE@0.5: 0.6063 (89/500 in region)
  rcMTE@1.0: 0.5987 (30/500 in region)
  MTE@0.1: 0.7072
  MTE@0.5: 1.1677
  MTE@1.0: 1.1855
  W2@1.0:  0.7250
  sW2@0.1: 0.4581 (290/500 in region)
  sW2@0.2: 0.4964 (208/500 in region)
  sW2@0.5: 0.6242 (89/500 in region)
  sW2@1.0: 0.8028 (30/500 in region)
  MMD@1.0: 0.2167
  Survival@1.0: 27.2%
  Stopped@1.0:  6.0%
      → K+S
  Precomputing encoder-pullback target...
  Stage 2 epoch 60/300: loss=0.008871
  Stage 2 epoch 120/300: loss=0.011368
  Stage 2 epoch 180/300: loss=0.008782
  Stage 2 epoch 240/300: loss=0.009641
  Stage 2 epoch 300/300: loss=0.008035
  Stage 3 epoch 60/300: loss=0.000180
  Stage 3 epoch 120/300: loss=0.000159
  Stage 3 epoch 180/300: loss=0.000136
  Stage 3 epoch 240/300: loss=0.000126
  Stage 3 epoch 300/300: loss=0.000116
  rcMTE@0.1: 0.3121 (290/500 in region)
  rcMTE@0.5: 0.6063 (89/500 in region)
  rcMTE@1.0: 0.5987 (30/500 in region)
  MTE@0.1: 0.7072
  MTE@0.5: 1.1677
  MTE@1.0: 1.1855
  W2@1.0:  0.7250
  sW2@0.1: 0.4581 (290/500 in region)
  sW2@0.2: 0.4964 (208/500 in region)
  sW2@0.5: 0.6242 (89/500 in region)
  sW2@1.0: 0.8028 (30/500 in region)
  MMD@1.0: 0.2167
  Survival@1.0: 27.2%
  Stopped@1.0:  6.0%
      baseline: W2=0.7441  E_mu=0.2357  E_Sig=0.7108
             K: W2=0.7250  E_mu=0.1744  E_Sig=0.4387
           K+S: W2=0.7250  E_mu=0.1744  E_Sig=0.4387

============================================================
  N=50 | D=201 (K=99) | hyperbolic_paraboloid | seed=7042
============================================================
    Phase1 Epoch 50/250: loss=0.898203
    Phase1 Epoch 100/250: loss=0.791179
    Phase1 Epoch 150/250: loss=0.629248
    Phase1 Epoch 200/250: loss=0.273580
    Phase1 Epoch 250/250: loss=0.105325
      Phase 2 AE: K_weight=0.0000
        Phase2 Epoch 50/250: loss=0.077821
        Phase2 Epoch 100/250: loss=0.080877
        Phase2 Epoch 150/250: loss=0.032651
        Phase2 Epoch 200/250: loss=0.038062
        Phase2 Epoch 250/250: loss=0.018370
        E_mu=0.1551  E_Sigma=0.3214
      → baseline
  Precomputing encoder-pullback target...
  Stage 2 epoch 60/300: loss=0.011063
  Stage 2 epoch 120/300: loss=0.013404
  Stage 2 epoch 180/300: loss=0.010483
  Stage 2 epoch 240/300: loss=0.011007
  Stage 2 epoch 300/300: loss=0.009602
  Stage 3 epoch 60/300: loss=0.000227
  Stage 3 epoch 120/300: loss=0.000094
  Stage 3 epoch 180/300: loss=0.000075
  Stage 3 epoch 240/300: loss=0.000062
  Stage 3 epoch 300/300: loss=0.000068
  rcMTE@0.1: 0.4765 (316/500 in region)
  rcMTE@0.5: 0.8282 (109/500 in region)
  rcMTE@1.0: 0.8348 (29/500 in region)
  MTE@0.1: 0.8491
  MTE@0.5: 1.3653
  MTE@1.0: 1.5658
  W2@1.0:  0.7691
  sW2@0.1: 0.3517 (316/500 in region)
  sW2@0.2: 0.5227 (232/500 in region)
  sW2@0.5: 0.6061 (109/500 in region)
  sW2@1.0: 0.6850 (29/500 in region)
  MMD@1.0: 0.1630
  Survival@1.0: 28.8%
  Stopped@1.0:  5.8%
      Phase 2 AE: K_weight=0.4275
        Phase2 Epoch 50/250: loss=0.052792
        Phase2 Epoch 100/250: loss=0.050290
        Phase2 Epoch 150/250: loss=0.022584
        Phase2 Epoch 200/250: loss=0.021967
        Phase2 Epoch 250/250: loss=0.027431
        E_mu=0.1648  E_Sigma=0.3969
      → K
  Precomputing encoder-pullback target...
  Stage 2 epoch 60/300: loss=0.010129
  Stage 2 epoch 120/300: loss=0.011913
  Stage 2 epoch 180/300: loss=0.009556
  Stage 2 epoch 240/300: loss=0.009028
  Stage 2 epoch 300/300: loss=0.006994
  Stage 3 epoch 60/300: loss=0.000244
  Stage 3 epoch 120/300: loss=0.000108
  Stage 3 epoch 180/300: loss=0.000089
  Stage 3 epoch 240/300: loss=0.000074
  Stage 3 epoch 300/300: loss=0.000081
  rcMTE@0.1: 0.4998 (316/500 in region)
  rcMTE@0.5: 0.8986 (109/500 in region)
  rcMTE@1.0: 0.9296 (29/500 in region)
  MTE@0.1: 1.1139
  MTE@0.5: 1.5976
  MTE@1.0: 1.7855
  W2@1.0:  0.9576
  sW2@0.1: 0.7287 (316/500 in region)
  sW2@0.2: 0.8751 (232/500 in region)
  sW2@0.5: 0.9898 (109/500 in region)
  sW2@1.0: 1.0140 (29/500 in region)
  MMD@1.0: 0.3058
  Survival@1.0: 28.8%
  Stopped@1.0:  5.8%
      → K+S
  Precomputing encoder-pullback target...
  Stage 2 epoch 60/300: loss=0.010129
  Stage 2 epoch 120/300: loss=0.011913
  Stage 2 epoch 180/300: loss=0.009556
  Stage 2 epoch 240/300: loss=0.009028
  Stage 2 epoch 300/300: loss=0.006994
  Stage 3 epoch 60/300: loss=0.000244
  Stage 3 epoch 120/300: loss=0.000108
  Stage 3 epoch 180/300: loss=0.000089
  Stage 3 epoch 240/300: loss=0.000074
  Stage 3 epoch 300/300: loss=0.000081
  rcMTE@0.1: 0.4998 (316/500 in region)
  rcMTE@0.5: 0.8986 (109/500 in region)
  rcMTE@1.0: 0.9296 (29/500 in region)
  MTE@0.1: 1.1139
  MTE@0.5: 1.5976
  MTE@1.0: 1.7855
  W2@1.0:  0.9576
  sW2@0.1: 0.7287 (316/500 in region)
  sW2@0.2: 0.8751 (232/500 in region)
  sW2@0.5: 0.9898 (109/500 in region)
  sW2@1.0: 1.0140 (29/500 in region)
  MMD@1.0: 0.3058
  Survival@1.0: 28.8%
  Stopped@1.0:  5.8%
      baseline: W2=0.7691  E_mu=0.1551  E_Sig=0.3214
             K: W2=0.9576  E_mu=0.1648  E_Sig=0.3969
           K+S: W2=0.9576  E_mu=0.1648  E_Sig=0.3969

============================================================
  N=50 | D=201 (K=99) | hyperbolic_paraboloid | seed=8042
============================================================
    Phase1 Epoch 50/250: loss=0.900628
    Phase1 Epoch 100/250: loss=0.648470
    Phase1 Epoch 150/250: loss=0.316356
    Phase1 Epoch 200/250: loss=0.190896
    Phase1 Epoch 250/250: loss=0.092737
      Phase 2 AE: K_weight=0.0000
        Phase2 Epoch 50/250: loss=0.059144
        Phase2 Epoch 100/250: loss=0.034264
        Phase2 Epoch 150/250: loss=0.030725
        Phase2 Epoch 200/250: loss=0.027834
        Phase2 Epoch 250/250: loss=0.044350
        E_mu=0.5150  E_Sigma=1.7623
      → baseline
  Precomputing encoder-pullback target...
  Stage 2 epoch 60/300: loss=0.014923
  Stage 2 epoch 120/300: loss=0.008871
  Stage 2 epoch 180/300: loss=0.011072
  Stage 2 epoch 240/300: loss=0.006042
  Stage 2 epoch 300/300: loss=0.003986
  Stage 3 epoch 60/300: loss=0.000618
  Stage 3 epoch 120/300: loss=0.000385
  Stage 3 epoch 180/300: loss=0.000375
  Stage 3 epoch 240/300: loss=0.000262
  Stage 3 epoch 300/300: loss=0.000238
  rcMTE@0.1: 0.4977 (269/500 in region)
  rcMTE@0.5: 0.8893 (84/500 in region)
  rcMTE@1.0: 0.8292 (29/500 in region)
  MTE@0.1: 2.1834
  MTE@0.5: 2.4661
  MTE@1.0: 2.5659
  W2@1.0:  2.1365
  sW2@0.1: 1.9641 (269/500 in region)
  sW2@0.2: 1.9790 (192/500 in region)
  sW2@0.5: 2.0457 (84/500 in region)
  sW2@1.0: 2.1747 (29/500 in region)
  MMD@1.0: 0.6716
  Survival@1.0: 27.0%
  Stopped@1.0:  5.8%
      Phase 2 AE: K_weight=0.4275
        Phase2 Epoch 50/250: loss=0.070218
        Phase2 Epoch 100/250: loss=0.046669
        Phase2 Epoch 150/250: loss=0.027657
        Phase2 Epoch 200/250: loss=0.027690
        Phase2 Epoch 250/250: loss=0.031779
        E_mu=0.3155  E_Sigma=1.0658
      → K
  Precomputing encoder-pullback target...
  Stage 2 epoch 60/300: loss=0.006985
  Stage 2 epoch 120/300: loss=0.003967
  Stage 2 epoch 180/300: loss=0.004457
  Stage 2 epoch 240/300: loss=0.002811
  Stage 2 epoch 300/300: loss=0.002026
  Stage 3 epoch 60/300: loss=0.000309
  Stage 3 epoch 120/300: loss=0.000256
  Stage 3 epoch 180/300: loss=0.000227
  Stage 3 epoch 240/300: loss=0.000165
  Stage 3 epoch 300/300: loss=0.000143
  rcMTE@0.1: 0.4643 (269/500 in region)
  rcMTE@0.5: 0.8513 (84/500 in region)
  rcMTE@1.0: 0.8259 (29/500 in region)
  MTE@0.1: 1.1121
  MTE@0.5: 1.5816
  MTE@1.0: 1.7799
  W2@1.0:  1.2035
  sW2@0.1: 0.7944 (269/500 in region)
  sW2@0.2: 0.8348 (192/500 in region)
  sW2@0.5: 1.0067 (84/500 in region)
  sW2@1.0: 1.2057 (29/500 in region)
  MMD@1.0: 0.3025
  Survival@1.0: 27.0%
  Stopped@1.0:  5.8%
      → K+S
  Precomputing encoder-pullback target...
  Stage 2 epoch 60/300: loss=0.006985
  Stage 2 epoch 120/300: loss=0.003967
  Stage 2 epoch 180/300: loss=0.004457
  Stage 2 epoch 240/300: loss=0.002811
  Stage 2 epoch 300/300: loss=0.002026
  Stage 3 epoch 60/300: loss=0.000309
  Stage 3 epoch 120/300: loss=0.000256
  Stage 3 epoch 180/300: loss=0.000227
  Stage 3 epoch 240/300: loss=0.000165
  Stage 3 epoch 300/300: loss=0.000143
  rcMTE@0.1: 0.4643 (269/500 in region)
  rcMTE@0.5: 0.8513 (84/500 in region)
  rcMTE@1.0: 0.8259 (29/500 in region)
  MTE@0.1: 1.1121
  MTE@0.5: 1.5816
  MTE@1.0: 1.7799
  W2@1.0:  1.2035
  sW2@0.1: 0.7944 (269/500 in region)
  sW2@0.2: 0.8348 (192/500 in region)
  sW2@0.5: 1.0067 (84/500 in region)
  sW2@1.0: 1.2057 (29/500 in region)
  MMD@1.0: 0.3025
  Survival@1.0: 27.0%
  Stopped@1.0:  5.8%
      baseline: W2=2.1365  E_mu=0.5150  E_Sig=1.7623
             K: W2=1.2035  E_mu=0.3155  E_Sig=1.0658
           K+S: W2=1.2035  E_mu=0.3155  E_Sig=1.0658

============================================================
  N=50 | D=201 (K=99) | hyperbolic_paraboloid | seed=9042
============================================================
    Phase1 Epoch 50/250: loss=0.928215
    Phase1 Epoch 100/250: loss=0.782729
    Phase1 Epoch 150/250: loss=0.737393
    Phase1 Epoch 200/250: loss=0.137352
    Phase1 Epoch 250/250: loss=0.067582
      Phase 2 AE: K_weight=0.0000
        Phase2 Epoch 50/250: loss=0.049043
        Phase2 Epoch 100/250: loss=0.091113
        Phase2 Epoch 150/250: loss=0.020471
        Phase2 Epoch 200/250: loss=0.021179
        Phase2 Epoch 250/250: loss=0.042282
        E_mu=0.3813  E_Sigma=1.1087
      → baseline
  Precomputing encoder-pullback target...
  Stage 2 epoch 60/300: loss=0.004865
  Stage 2 epoch 120/300: loss=0.004526
  Stage 2 epoch 180/300: loss=0.003289
  Stage 2 epoch 240/300: loss=0.002676
  Stage 2 epoch 300/300: loss=0.002962
  Stage 3 epoch 60/300: loss=0.000082
  Stage 3 epoch 120/300: loss=0.000075
  Stage 3 epoch 180/300: loss=0.000070
  Stage 3 epoch 240/300: loss=0.000067
  Stage 3 epoch 300/300: loss=0.000069
  rcMTE@0.1: 0.5202 (280/500 in region)
  rcMTE@0.5: 0.9482 (85/500 in region)
  rcMTE@1.0: 0.9763 (22/500 in region)
  MTE@0.1: 1.2627
  MTE@0.5: 1.7121
  MTE@1.0: 1.9177
  W2@1.0:  1.1949
  sW2@0.1: 0.8620 (280/500 in region)
  sW2@0.2: 0.9788 (205/500 in region)
  sW2@0.5: 1.1925 (85/500 in region)
  sW2@1.0: 1.3762 (22/500 in region)
  MMD@1.0: 0.3288
  Survival@1.0: 28.2%
  Stopped@1.0:  4.4%
      Phase 2 AE: K_weight=0.4275
        Phase2 Epoch 50/250: loss=0.052083
        Phase2 Epoch 100/250: loss=0.039760
        Phase2 Epoch 150/250: loss=0.026924
        Phase2 Epoch 200/250: loss=0.025671
        Phase2 Epoch 250/250: loss=0.020748
        E_mu=0.1890  E_Sigma=0.5031
      → K
  Precomputing encoder-pullback target...
  Stage 2 epoch 60/300: loss=0.005848
  Stage 2 epoch 120/300: loss=0.006047
  Stage 2 epoch 180/300: loss=0.004406
  Stage 2 epoch 240/300: loss=0.003729
  Stage 2 epoch 300/300: loss=0.004517
  Stage 3 epoch 60/300: loss=0.000053
  Stage 3 epoch 120/300: loss=0.000048
  Stage 3 epoch 180/300: loss=0.000045
  Stage 3 epoch 240/300: loss=0.000043
  Stage 3 epoch 300/300: loss=0.000044
  rcMTE@0.1: 0.5014 (280/500 in region)
  rcMTE@0.5: 0.8982 (85/500 in region)
  rcMTE@1.0: 0.8989 (22/500 in region)
  MTE@0.1: 0.9940
  MTE@0.5: 1.5002
  MTE@1.0: 1.6615
  W2@1.0:  0.8593
  sW2@0.1: 0.5315 (280/500 in region)
  sW2@0.2: 0.6735 (205/500 in region)
  sW2@0.5: 0.8775 (85/500 in region)
  sW2@1.0: 1.1268 (22/500 in region)
  MMD@1.0: 0.1841
  Survival@1.0: 28.2%
  Stopped@1.0:  4.4%
      → K+S
  Precomputing encoder-pullback target...
  Stage 2 epoch 60/300: loss=0.005848
  Stage 2 epoch 120/300: loss=0.006047
  Stage 2 epoch 180/300: loss=0.004406
  Stage 2 epoch 240/300: loss=0.003729
  Stage 2 epoch 300/300: loss=0.004517
  Stage 3 epoch 60/300: loss=0.000053
  Stage 3 epoch 120/300: loss=0.000048
  Stage 3 epoch 180/300: loss=0.000045
  Stage 3 epoch 240/300: loss=0.000043
  Stage 3 epoch 300/300: loss=0.000044
  rcMTE@0.1: 0.5014 (280/500 in region)
  rcMTE@0.5: 0.8982 (85/500 in region)
  rcMTE@1.0: 0.8989 (22/500 in region)
  MTE@0.1: 0.9940
  MTE@0.5: 1.5002
  MTE@1.0: 1.6615
  W2@1.0:  0.8593
  sW2@0.1: 0.5315 (280/500 in region)
  sW2@0.2: 0.6735 (205/500 in region)
  sW2@0.5: 0.8775 (85/500 in region)
  sW2@1.0: 1.1268 (22/500 in region)
  MMD@1.0: 0.1841
  Survival@1.0: 28.2%
  Stopped@1.0:  4.4%
      baseline: W2=1.1949  E_mu=0.3813  E_Sig=1.1087
             K: W2=0.8593  E_mu=0.1890  E_Sig=0.5031
           K+S: W2=0.8593  E_mu=0.1890  E_Sig=0.5031

  N=50, D=201 completed in 1152.8s (57.6s per fork)

============================================================
  N=100 | D=11 (K=4) | paraboloid | seed=42
============================================================
    Phase1 Epoch 50/250: loss=0.713862
    Phase1 Epoch 100/250: loss=0.102215
    Phase1 Epoch 150/250: loss=0.018089
    Phase1 Epoch 200/250: loss=0.015605
    Phase1 Epoch 250/250: loss=0.013168
      Phase 2 AE: K_weight=0.0000
        Phase2 Epoch 50/250: loss=0.009178
        Phase2 Epoch 100/250: loss=0.004775
        Phase2 Epoch 150/250: loss=0.005103
        Phase2 Epoch 200/250: loss=0.015768
        Phase2 Epoch 250/250: loss=0.002769
        E_mu=0.0329  E_Sigma=0.0804
      → baseline
  Precomputing encoder-pullback target...
  Stage 2 epoch 60/300: loss=0.023630
  Stage 2 epoch 120/300: loss=0.024689
  Stage 2 epoch 180/300: loss=0.022053
  Stage 2 epoch 240/300: loss=0.016687
  Stage 2 epoch 300/300: loss=0.018373
  Stage 3 epoch 60/300: loss=0.035976
  Stage 3 epoch 120/300: loss=0.017175
  Stage 3 epoch 180/300: loss=0.009944
  Stage 3 epoch 240/300: loss=0.008243
  Stage 3 epoch 300/300: loss=0.005579
  rcMTE@0.1: 0.5219 (292/500 in region)
  rcMTE@0.5: 0.9669 (97/500 in region)
  rcMTE@1.0: 0.7596 (21/500 in region)
  MTE@0.1: 0.9269
  MTE@0.5: 1.6510
  MTE@1.0: 1.7199
  W2@1.0:  1.0327
  sW2@0.1: 0.5066 (292/500 in region)
  sW2@0.2: 0.7430 (214/500 in region)
  sW2@0.5: 1.1571 (97/500 in region)
  sW2@1.0: 1.2273 (21/500 in region)
  MMD@1.0: 0.3601
  Survival@1.0: 28.0%
  Stopped@1.0:  4.2%
      Phase 2 AE: K_weight=0.1000
        Phase2 Epoch 50/250: loss=0.008876
        Phase2 Epoch 100/250: loss=0.002952
        Phase2 Epoch 150/250: loss=0.002085
        Phase2 Epoch 200/250: loss=0.002045
        Phase2 Epoch 250/250: loss=0.002762
        E_mu=0.0208  E_Sigma=0.0895
      → K
  Precomputing encoder-pullback target...
  Stage 2 epoch 60/300: loss=0.030528
  Stage 2 epoch 120/300: loss=0.018036
  Stage 2 epoch 180/300: loss=0.018169
  Stage 2 epoch 240/300: loss=0.010376
  Stage 2 epoch 300/300: loss=0.014181
  Stage 3 epoch 60/300: loss=0.040925
  Stage 3 epoch 120/300: loss=0.022721
  Stage 3 epoch 180/300: loss=0.011277
  Stage 3 epoch 240/300: loss=0.005850
  Stage 3 epoch 300/300: loss=0.004556
  rcMTE@0.1: 0.5107 (292/500 in region)
  rcMTE@0.5: 0.9770 (97/500 in region)
  rcMTE@1.0: 0.8095 (21/500 in region)
  MTE@0.1: 0.9180
  MTE@0.5: 1.7022
  MTE@1.0: 1.8439
  W2@1.0:  1.3026
  sW2@0.1: 0.5132 (292/500 in region)
  sW2@0.2: 0.7586 (214/500 in region)
  sW2@0.5: 1.2477 (97/500 in region)
  sW2@1.0: 1.3888 (21/500 in region)
  MMD@1.0: 0.4112
  Survival@1.0: 28.0%
  Stopped@1.0:  4.2%
      → K+S
  Precomputing encoder-pullback target...
  Stage 2 epoch 60/300: loss=0.030528
  Stage 2 epoch 120/300: loss=0.018036
  Stage 2 epoch 180/300: loss=0.018169
  Stage 2 epoch 240/300: loss=0.010376
  Stage 2 epoch 300/300: loss=0.014181
  Stage 3 epoch 60/300: loss=0.040925
  Stage 3 epoch 120/300: loss=0.022721
  Stage 3 epoch 180/300: loss=0.011277
  Stage 3 epoch 240/300: loss=0.005850
  Stage 3 epoch 300/300: loss=0.004556
  rcMTE@0.1: 0.5107 (292/500 in region)
  rcMTE@0.5: 0.9770 (97/500 in region)
  rcMTE@1.0: 0.8095 (21/500 in region)
  MTE@0.1: 0.9180
  MTE@0.5: 1.7022
  MTE@1.0: 1.8439
  W2@1.0:  1.3026
  sW2@0.1: 0.5132 (292/500 in region)
  sW2@0.2: 0.7586 (214/500 in region)
  sW2@0.5: 1.2477 (97/500 in region)
  sW2@1.0: 1.3888 (21/500 in region)
  MMD@1.0: 0.4112
  Survival@1.0: 28.0%
  Stopped@1.0:  4.2%
      baseline: W2=1.0327  E_mu=0.0329  E_Sig=0.0804
             K: W2=1.3026  E_mu=0.0208  E_Sig=0.0895
           K+S: W2=1.3026  E_mu=0.0208  E_Sig=0.0895

============================================================
  N=100 | D=11 (K=4) | paraboloid | seed=1042
============================================================
    Phase1 Epoch 50/250: loss=0.705854
    Phase1 Epoch 100/250: loss=0.109873
    Phase1 Epoch 150/250: loss=0.016789
    Phase1 Epoch 200/250: loss=0.013304
    Phase1 Epoch 250/250: loss=0.018915
      Phase 2 AE: K_weight=0.0000
        Phase2 Epoch 50/250: loss=0.012767
        Phase2 Epoch 100/250: loss=0.008065
        Phase2 Epoch 150/250: loss=0.007584
        Phase2 Epoch 200/250: loss=0.003524
        Phase2 Epoch 250/250: loss=0.001580
        E_mu=0.0556  E_Sigma=0.0442
      → baseline
  Precomputing encoder-pullback target...
  Stage 2 epoch 60/300: loss=0.112333
  Stage 2 epoch 120/300: loss=0.105981
  Stage 2 epoch 180/300: loss=0.100009
  Stage 2 epoch 240/300: loss=0.090854
  Stage 2 epoch 300/300: loss=0.086729
  Stage 3 epoch 60/300: loss=0.029820
  Stage 3 epoch 120/300: loss=0.023276
  Stage 3 epoch 180/300: loss=0.016302
  Stage 3 epoch 240/300: loss=0.012851
  Stage 3 epoch 300/300: loss=0.013506
  rcMTE@0.1: 0.4913 (285/500 in region)
  rcMTE@0.5: 0.9474 (98/500 in region)
  rcMTE@1.0: 0.9064 (31/500 in region)
  MTE@0.1: 0.8179
  MTE@0.5: 1.5188
  MTE@1.0: 1.7016
  W2@1.0:  1.0811
  sW2@0.1: 0.4033 (285/500 in region)
  sW2@0.2: 0.7291 (204/500 in region)
  sW2@0.5: 0.9529 (98/500 in region)
  sW2@1.0: 1.1247 (31/500 in region)
  MMD@1.0: 0.2378
  Survival@1.0: 29.8%
  Stopped@1.0:  6.2%
      Phase 2 AE: K_weight=0.1000
        Phase2 Epoch 50/250: loss=0.013468
        Phase2 Epoch 100/250: loss=0.005062
        Phase2 Epoch 150/250: loss=0.005728
        Phase2 Epoch 200/250: loss=0.002472
        Phase2 Epoch 250/250: loss=0.002429
        E_mu=0.0322  E_Sigma=0.0463
      → K
  Precomputing encoder-pullback target...
  Stage 2 epoch 60/300: loss=0.118089
  Stage 2 epoch 120/300: loss=0.115858
  Stage 2 epoch 180/300: loss=0.113735
  Stage 2 epoch 240/300: loss=0.106412
  Stage 2 epoch 300/300: loss=0.104556
  Stage 3 epoch 60/300: loss=0.031878
  Stage 3 epoch 120/300: loss=0.024865
  Stage 3 epoch 180/300: loss=0.016418
  Stage 3 epoch 240/300: loss=0.012765
  Stage 3 epoch 300/300: loss=0.013060
  rcMTE@0.1: 0.4993 (285/500 in region)
  rcMTE@0.5: 0.9565 (98/500 in region)
  rcMTE@1.0: 0.9335 (31/500 in region)
  MTE@0.1: 0.8347
  MTE@0.5: 1.5689
  MTE@1.0: 1.7933
  W2@1.0:  1.2557
  sW2@0.1: 0.4237 (285/500 in region)
  sW2@0.2: 0.7720 (204/500 in region)
  sW2@0.5: 1.0344 (98/500 in region)
  sW2@1.0: 1.2472 (31/500 in region)
  MMD@1.0: 0.2709
  Survival@1.0: 29.8%
  Stopped@1.0:  6.2%
      → K+S
  Precomputing encoder-pullback target...
  Stage 2 epoch 60/300: loss=0.118089
  Stage 2 epoch 120/300: loss=0.115858
  Stage 2 epoch 180/300: loss=0.113735
  Stage 2 epoch 240/300: loss=0.106412
  Stage 2 epoch 300/300: loss=0.104556
  Stage 3 epoch 60/300: loss=0.031878
  Stage 3 epoch 120/300: loss=0.024865
  Stage 3 epoch 180/300: loss=0.016418
  Stage 3 epoch 240/300: loss=0.012765
  Stage 3 epoch 300/300: loss=0.013060
  rcMTE@0.1: 0.4993 (285/500 in region)
  rcMTE@0.5: 0.9565 (98/500 in region)
  rcMTE@1.0: 0.9335 (31/500 in region)
  MTE@0.1: 0.8347
  MTE@0.5: 1.5689
  MTE@1.0: 1.7933
  W2@1.0:  1.2557
  sW2@0.1: 0.4237 (285/500 in region)
  sW2@0.2: 0.7720 (204/500 in region)
  sW2@0.5: 1.0344 (98/500 in region)
  sW2@1.0: 1.2472 (31/500 in region)
  MMD@1.0: 0.2709
  Survival@1.0: 29.8%
  Stopped@1.0:  6.2%
      baseline: W2=1.0811  E_mu=0.0556  E_Sig=0.0442
             K: W2=1.2557  E_mu=0.0322  E_Sig=0.0463
           K+S: W2=1.2557  E_mu=0.0322  E_Sig=0.0463

============================================================
  N=100 | D=11 (K=4) | paraboloid | seed=2042
============================================================
    Phase1 Epoch 50/250: loss=0.859275
    Phase1 Epoch 100/250: loss=0.141276
    Phase1 Epoch 150/250: loss=0.021807
    Phase1 Epoch 200/250: loss=0.012119
    Phase1 Epoch 250/250: loss=0.007930
      Phase 2 AE: K_weight=0.0000
        Phase2 Epoch 50/250: loss=0.006736
        Phase2 Epoch 100/250: loss=0.009538
        Phase2 Epoch 150/250: loss=0.002775
        Phase2 Epoch 200/250: loss=0.002705
        Phase2 Epoch 250/250: loss=0.002837
        E_mu=0.0257  E_Sigma=0.0386
      → baseline
  Precomputing encoder-pullback target...
  Stage 2 epoch 60/300: loss=0.033020
  Stage 2 epoch 120/300: loss=0.032400
  Stage 2 epoch 180/300: loss=0.030530
  Stage 2 epoch 240/300: loss=0.030441
  Stage 2 epoch 300/300: loss=0.029708
  Stage 3 epoch 60/300: loss=0.041373
  Stage 3 epoch 120/300: loss=0.016748
  Stage 3 epoch 180/300: loss=0.014521
  Stage 3 epoch 240/300: loss=0.008479
  Stage 3 epoch 300/300: loss=0.006234
  rcMTE@0.1: 0.8051 (293/500 in region)
  rcMTE@0.5: 1.5488 (88/500 in region)
  rcMTE@1.0: 1.4272 (24/500 in region)
  MTE@0.1: 1.4046
  MTE@0.5: 2.4502
  MTE@1.0: 2.3400
  W2@1.0:  1.5860
  sW2@0.1: 0.9643 (293/500 in region)
  sW2@0.2: 1.3970 (212/500 in region)
  sW2@0.5: 1.9767 (88/500 in region)
  sW2@1.0: 2.0733 (24/500 in region)
  MMD@1.0: 0.3680
  Survival@1.0: 26.6%
  Stopped@1.0:  4.8%
      Phase 2 AE: K_weight=0.1000
        Phase2 Epoch 50/250: loss=0.019636
        Phase2 Epoch 100/250: loss=0.006180
        Phase2 Epoch 150/250: loss=0.004080
        Phase2 Epoch 200/250: loss=0.002958
        Phase2 Epoch 250/250: loss=0.005886
        E_mu=0.0179  E_Sigma=0.0584
      → K
  Precomputing encoder-pullback target...
  Stage 2 epoch 60/300: loss=0.055173
  Stage 2 epoch 120/300: loss=0.054095
  Stage 2 epoch 180/300: loss=0.052722
  Stage 2 epoch 240/300: loss=0.053064
  Stage 2 epoch 300/300: loss=0.050106
  Stage 3 epoch 60/300: loss=0.045445
  Stage 3 epoch 120/300: loss=0.016963
  Stage 3 epoch 180/300: loss=0.014460
  Stage 3 epoch 240/300: loss=0.007958
  Stage 3 epoch 300/300: loss=0.005471
  rcMTE@0.1: 0.7997 (293/500 in region)
  rcMTE@0.5: 1.5514 (88/500 in region)
  rcMTE@1.0: 1.4351 (24/500 in region)
  MTE@0.1: 1.4077
  MTE@0.5: 2.4766
  MTE@1.0: 2.3809
  W2@1.0:  1.6778
  sW2@0.1: 0.9723 (293/500 in region)
  sW2@0.2: 1.4255 (212/500 in region)
  sW2@0.5: 2.0475 (88/500 in region)
  sW2@1.0: 2.2327 (24/500 in region)
  MMD@1.0: 0.3774
  Survival@1.0: 26.6%
  Stopped@1.0:  4.8%
      → K+S
  Precomputing encoder-pullback target...
  Stage 2 epoch 60/300: loss=0.055173
  Stage 2 epoch 120/300: loss=0.054095
  Stage 2 epoch 180/300: loss=0.052722
  Stage 2 epoch 240/300: loss=0.053064
  Stage 2 epoch 300/300: loss=0.050106
  Stage 3 epoch 60/300: loss=0.045445
  Stage 3 epoch 120/300: loss=0.016963
  Stage 3 epoch 180/300: loss=0.014460
  Stage 3 epoch 240/300: loss=0.007958
  Stage 3 epoch 300/300: loss=0.005471
  rcMTE@0.1: 0.7997 (293/500 in region)
  rcMTE@0.5: 1.5514 (88/500 in region)
  rcMTE@1.0: 1.4351 (24/500 in region)
  MTE@0.1: 1.4077
  MTE@0.5: 2.4766
  MTE@1.0: 2.3809
  W2@1.0:  1.6778
  sW2@0.1: 0.9723 (293/500 in region)
  sW2@0.2: 1.4255 (212/500 in region)
  sW2@0.5: 2.0475 (88/500 in region)
  sW2@1.0: 2.2327 (24/500 in region)
  MMD@1.0: 0.3774
  Survival@1.0: 26.6%
  Stopped@1.0:  4.8%
      baseline: W2=1.5860  E_mu=0.0257  E_Sig=0.0386
             K: W2=1.6778  E_mu=0.0179  E_Sig=0.0584
           K+S: W2=1.6778  E_mu=0.0179  E_Sig=0.0584

============================================================
  N=100 | D=11 (K=4) | paraboloid | seed=3042
============================================================
    Phase1 Epoch 50/250: loss=0.821182
    Phase1 Epoch 100/250: loss=0.140781
    Phase1 Epoch 150/250: loss=0.039291
    Phase1 Epoch 200/250: loss=0.012665
    Phase1 Epoch 250/250: loss=0.006514
      Phase 2 AE: K_weight=0.0000
        Phase2 Epoch 50/250: loss=0.009290
        Phase2 Epoch 100/250: loss=0.003687
        Phase2 Epoch 150/250: loss=0.011548
        Phase2 Epoch 200/250: loss=0.002440
        Phase2 Epoch 250/250: loss=0.002205
        E_mu=0.0152  E_Sigma=0.0115
      → baseline
  Precomputing encoder-pullback target...
  Stage 2 epoch 60/300: loss=0.025431
  Stage 2 epoch 120/300: loss=0.019297
  Stage 2 epoch 180/300: loss=0.024517
  Stage 2 epoch 240/300: loss=0.022065
  Stage 2 epoch 300/300: loss=0.017504
  Stage 3 epoch 60/300: loss=0.081251
  Stage 3 epoch 120/300: loss=0.019935
  Stage 3 epoch 180/300: loss=0.018469
  Stage 3 epoch 240/300: loss=0.010544
  Stage 3 epoch 300/300: loss=0.007658
  rcMTE@0.1: 0.5186 (275/500 in region)
  rcMTE@0.5: 0.9611 (78/500 in region)
  rcMTE@1.0: 1.0974 (25/500 in region)
  MTE@0.1: 0.9533
  MTE@0.5: 1.5542
  MTE@1.0: 2.1027
  W2@1.0:  1.6135
  sW2@0.1: 0.5844 (275/500 in region)
  sW2@0.2: 0.7673 (204/500 in region)
  sW2@0.5: 1.3706 (78/500 in region)
  sW2@1.0: 1.6996 (25/500 in region)
  MMD@1.0: 0.3831
  Survival@1.0: 27.2%
  Stopped@1.0:  5.0%
      Phase 2 AE: K_weight=0.1000
        Phase2 Epoch 50/250: loss=0.010084
        Phase2 Epoch 100/250: loss=0.004224
        Phase2 Epoch 150/250: loss=0.001662
        Phase2 Epoch 200/250: loss=0.001206
        Phase2 Epoch 250/250: loss=0.001658
        E_mu=0.0099  E_Sigma=0.0214
      → K
  Precomputing encoder-pullback target...
  Stage 2 epoch 60/300: loss=0.032052
  Stage 2 epoch 120/300: loss=0.026939
  Stage 2 epoch 180/300: loss=0.015872
  Stage 2 epoch 240/300: loss=0.014172
  Stage 2 epoch 300/300: loss=0.008815
  Stage 3 epoch 60/300: loss=0.091711
  Stage 3 epoch 120/300: loss=0.019981
  Stage 3 epoch 180/300: loss=0.015765
  Stage 3 epoch 240/300: loss=0.009161
  Stage 3 epoch 300/300: loss=0.007209
  rcMTE@0.1: 0.5195 (275/500 in region)
  rcMTE@0.5: 0.9484 (78/500 in region)
  rcMTE@1.0: 1.1107 (25/500 in region)
  MTE@0.1: 0.9651
  MTE@0.5: 1.5715
  MTE@1.0: 2.1655
  W2@1.0:  1.7357
  sW2@0.1: 0.6033 (275/500 in region)
  sW2@0.2: 0.7826 (204/500 in region)
  sW2@0.5: 1.3730 (78/500 in region)
  sW2@1.0: 1.7686 (25/500 in region)
  MMD@1.0: 0.4066
  Survival@1.0: 27.2%
  Stopped@1.0:  5.0%
      → K+S
  Precomputing encoder-pullback target...
  Stage 2 epoch 60/300: loss=0.032052
  Stage 2 epoch 120/300: loss=0.026939
  Stage 2 epoch 180/300: loss=0.015872
  Stage 2 epoch 240/300: loss=0.014172
  Stage 2 epoch 300/300: loss=0.008815
  Stage 3 epoch 60/300: loss=0.091711
  Stage 3 epoch 120/300: loss=0.019981
  Stage 3 epoch 180/300: loss=0.015765
  Stage 3 epoch 240/300: loss=0.009161
  Stage 3 epoch 300/300: loss=0.007209
  rcMTE@0.1: 0.5195 (275/500 in region)
  rcMTE@0.5: 0.9484 (78/500 in region)
  rcMTE@1.0: 1.1107 (25/500 in region)
  MTE@0.1: 0.9651
  MTE@0.5: 1.5715
  MTE@1.0: 2.1655
  W2@1.0:  1.7357
  sW2@0.1: 0.6033 (275/500 in region)
  sW2@0.2: 0.7826 (204/500 in region)
  sW2@0.5: 1.3730 (78/500 in region)
  sW2@1.0: 1.7686 (25/500 in region)
  MMD@1.0: 0.4066
  Survival@1.0: 27.2%
  Stopped@1.0:  5.0%
      baseline: W2=1.6135  E_mu=0.0152  E_Sig=0.0115
             K: W2=1.7357  E_mu=0.0099  E_Sig=0.0214
           K+S: W2=1.7357  E_mu=0.0099  E_Sig=0.0214

============================================================
  N=100 | D=11 (K=4) | paraboloid | seed=4042
============================================================
    Phase1 Epoch 50/250: loss=0.736375
    Phase1 Epoch 100/250: loss=0.084541
    Phase1 Epoch 150/250: loss=0.042940
    Phase1 Epoch 200/250: loss=0.016762
    Phase1 Epoch 250/250: loss=0.009064
      Phase 2 AE: K_weight=0.0000
        Phase2 Epoch 50/250: loss=0.006174
        Phase2 Epoch 100/250: loss=0.011620
        Phase2 Epoch 150/250: loss=0.003984
        Phase2 Epoch 200/250: loss=0.005322
        Phase2 Epoch 250/250: loss=0.000980
        E_mu=0.0228  E_Sigma=0.0141
      → baseline
  Precomputing encoder-pullback target...
  Stage 2 epoch 60/300: loss=0.037324
  Stage 2 epoch 120/300: loss=0.026355
  Stage 2 epoch 180/300: loss=0.024731
  Stage 2 epoch 240/300: loss=0.024905
  Stage 2 epoch 300/300: loss=0.022353
  Stage 3 epoch 60/300: loss=0.033671
  Stage 3 epoch 120/300: loss=0.011357
  Stage 3 epoch 180/300: loss=0.008266
  Stage 3 epoch 240/300: loss=0.004759
  Stage 3 epoch 300/300: loss=0.002891
  rcMTE@0.1: 0.5704 (287/500 in region)
  rcMTE@0.5: 0.9267 (102/500 in region)
  rcMTE@1.0: 0.9087 (30/500 in region)
  MTE@0.1: 0.9992
  MTE@0.5: 1.6486
  MTE@1.0: 1.7883
  W2@1.0:  1.2803
  sW2@0.1: 0.5092 (287/500 in region)
  sW2@0.2: 0.8747 (207/500 in region)
  sW2@0.5: 1.0579 (102/500 in region)
  sW2@1.0: 1.1056 (30/500 in region)
  MMD@1.0: 0.4032
  Survival@1.0: 28.2%
  Stopped@1.0:  6.0%
      Phase 2 AE: K_weight=0.1000
        Phase2 Epoch 50/250: loss=0.023180
        Phase2 Epoch 100/250: loss=0.007111
        Phase2 Epoch 150/250: loss=0.002640
        Phase2 Epoch 200/250: loss=0.007915
        Phase2 Epoch 250/250: loss=0.001651
        E_mu=0.0120  E_Sigma=0.0194
      → K
  Precomputing encoder-pullback target...
  Stage 2 epoch 60/300: loss=0.026239
  Stage 2 epoch 120/300: loss=0.017703
  Stage 2 epoch 180/300: loss=0.016191
  Stage 2 epoch 240/300: loss=0.015435
  Stage 2 epoch 300/300: loss=0.014758
  Stage 3 epoch 60/300: loss=0.029849
  Stage 3 epoch 120/300: loss=0.010788
  Stage 3 epoch 180/300: loss=0.007669
  Stage 3 epoch 240/300: loss=0.004407
  Stage 3 epoch 300/300: loss=0.002570
  rcMTE@0.1: 0.5703 (287/500 in region)
  rcMTE@0.5: 0.9288 (102/500 in region)
  rcMTE@1.0: 0.9379 (30/500 in region)
  MTE@0.1: 1.0062
  MTE@0.5: 1.6654
  MTE@1.0: 1.8427
  W2@1.0:  1.3506
  sW2@0.1: 0.5217 (287/500 in region)
  sW2@0.2: 0.8911 (207/500 in region)
  sW2@0.5: 1.0808 (102/500 in region)
  sW2@1.0: 1.1854 (30/500 in region)
  MMD@1.0: 0.4187
  Survival@1.0: 28.2%
  Stopped@1.0:  6.0%
      → K+S
  Precomputing encoder-pullback target...
  Stage 2 epoch 60/300: loss=0.026239
  Stage 2 epoch 120/300: loss=0.017703
  Stage 2 epoch 180/300: loss=0.016191
  Stage 2 epoch 240/300: loss=0.015435
  Stage 2 epoch 300/300: loss=0.014758
  Stage 3 epoch 60/300: loss=0.029849
  Stage 3 epoch 120/300: loss=0.010788
  Stage 3 epoch 180/300: loss=0.007669
  Stage 3 epoch 240/300: loss=0.004407
  Stage 3 epoch 300/300: loss=0.002570
  rcMTE@0.1: 0.5703 (287/500 in region)
  rcMTE@0.5: 0.9288 (102/500 in region)
  rcMTE@1.0: 0.9379 (30/500 in region)
  MTE@0.1: 1.0062
  MTE@0.5: 1.6654
  MTE@1.0: 1.8427
  W2@1.0:  1.3506
  sW2@0.1: 0.5217 (287/500 in region)
  sW2@0.2: 0.8911 (207/500 in region)
  sW2@0.5: 1.0808 (102/500 in region)
  sW2@1.0: 1.1854 (30/500 in region)
  MMD@1.0: 0.4187
  Survival@1.0: 28.2%
  Stopped@1.0:  6.0%
      baseline: W2=1.2803  E_mu=0.0228  E_Sig=0.0141
             K: W2=1.3506  E_mu=0.0120  E_Sig=0.0194
           K+S: W2=1.3506  E_mu=0.0120  E_Sig=0.0194

============================================================
  N=100 | D=11 (K=4) | paraboloid | seed=5042
============================================================
    Phase1 Epoch 50/250: loss=0.753591
    Phase1 Epoch 100/250: loss=0.090358
    Phase1 Epoch 150/250: loss=0.031469
    Phase1 Epoch 200/250: loss=0.013996
    Phase1 Epoch 250/250: loss=0.020618
      Phase 2 AE: K_weight=0.0000
        Phase2 Epoch 50/250: loss=0.010479
        Phase2 Epoch 100/250: loss=0.018709
        Phase2 Epoch 150/250: loss=0.009288
        Phase2 Epoch 200/250: loss=0.004682
        Phase2 Epoch 250/250: loss=0.005563
        E_mu=0.0381  E_Sigma=0.0976
      → baseline
  Precomputing encoder-pullback target...
  Stage 2 epoch 60/300: loss=0.084800
  Stage 2 epoch 120/300: loss=0.081574
  Stage 2 epoch 180/300: loss=0.090705
  Stage 2 epoch 240/300: loss=0.076096
  Stage 2 epoch 300/300: loss=0.076038
  Stage 3 epoch 60/300: loss=0.039373
  Stage 3 epoch 120/300: loss=0.018282
  Stage 3 epoch 180/300: loss=0.014384
  Stage 3 epoch 240/300: loss=0.010725
  Stage 3 epoch 300/300: loss=0.006539
  rcMTE@0.1: 0.5485 (285/500 in region)
  rcMTE@0.5: 0.9302 (93/500 in region)
  rcMTE@1.0: 1.0132 (33/500 in region)
  MTE@0.1: 0.9832
  MTE@0.5: 1.6141
  MTE@1.0: 2.0287
  W2@1.0:  1.4444
  sW2@0.1: 0.6709 (285/500 in region)
  sW2@0.2: 0.8571 (216/500 in region)
  sW2@0.5: 1.1552 (93/500 in region)
  sW2@1.0: 1.3560 (33/500 in region)
  MMD@1.0: 0.4096
  Survival@1.0: 25.8%
  Stopped@1.0:  6.6%
      Phase 2 AE: K_weight=0.1000
        Phase2 Epoch 50/250: loss=0.020790
        Phase2 Epoch 100/250: loss=0.009224
        Phase2 Epoch 150/250: loss=0.016077
        Phase2 Epoch 200/250: loss=0.005521
        Phase2 Epoch 250/250: loss=0.005383
        E_mu=0.0113  E_Sigma=0.0893
      → K
  Precomputing encoder-pullback target...
  Stage 2 epoch 60/300: loss=0.086410
  Stage 2 epoch 120/300: loss=0.083054
  Stage 2 epoch 180/300: loss=0.080615
  Stage 2 epoch 240/300: loss=0.074774
  Stage 2 epoch 300/300: loss=0.075397
  Stage 3 epoch 60/300: loss=0.039412
  Stage 3 epoch 120/300: loss=0.015465
  Stage 3 epoch 180/300: loss=0.010596
  Stage 3 epoch 240/300: loss=0.007372
  Stage 3 epoch 300/300: loss=0.004092
  rcMTE@0.1: 0.5520 (285/500 in region)
  rcMTE@0.5: 0.9492 (93/500 in region)
  rcMTE@1.0: 1.0738 (33/500 in region)
  MTE@0.1: 0.9921
  MTE@0.5: 1.6742
  MTE@1.0: 2.1287
  W2@1.0:  1.6338
  sW2@0.1: 0.7200 (285/500 in region)
  sW2@0.2: 0.9361 (216/500 in region)
  sW2@0.5: 1.2978 (93/500 in region)
  sW2@1.0: 1.5582 (33/500 in region)
  MMD@1.0: 0.4390
  Survival@1.0: 25.8%
  Stopped@1.0:  6.6%
      → K+S
  Precomputing encoder-pullback target...
  Stage 2 epoch 60/300: loss=0.086410
  Stage 2 epoch 120/300: loss=0.083054
  Stage 2 epoch 180/300: loss=0.080615
  Stage 2 epoch 240/300: loss=0.074774
  Stage 2 epoch 300/300: loss=0.075397
  Stage 3 epoch 60/300: loss=0.039412
  Stage 3 epoch 120/300: loss=0.015465
  Stage 3 epoch 180/300: loss=0.010596
  Stage 3 epoch 240/300: loss=0.007372
  Stage 3 epoch 300/300: loss=0.004092
  rcMTE@0.1: 0.5520 (285/500 in region)
  rcMTE@0.5: 0.9492 (93/500 in region)
  rcMTE@1.0: 1.0738 (33/500 in region)
  MTE@0.1: 0.9921
  MTE@0.5: 1.6742
  MTE@1.0: 2.1287
  W2@1.0:  1.6338
  sW2@0.1: 0.7200 (285/500 in region)
  sW2@0.2: 0.9361 (216/500 in region)
  sW2@0.5: 1.2978 (93/500 in region)
  sW2@1.0: 1.5582 (33/500 in region)
  MMD@1.0: 0.4390
  Survival@1.0: 25.8%
  Stopped@1.0:  6.6%
      baseline: W2=1.4444  E_mu=0.0381  E_Sig=0.0976
             K: W2=1.6338  E_mu=0.0113  E_Sig=0.0893
           K+S: W2=1.6338  E_mu=0.0113  E_Sig=0.0893

============================================================
  N=100 | D=11 (K=4) | paraboloid | seed=6042
============================================================
    Phase1 Epoch 50/250: loss=0.727789
    Phase1 Epoch 100/250: loss=0.064110
    Phase1 Epoch 150/250: loss=0.018384
    Phase1 Epoch 200/250: loss=0.017209
    Phase1 Epoch 250/250: loss=0.009855
      Phase 2 AE: K_weight=0.0000
        Phase2 Epoch 50/250: loss=0.017182
        Phase2 Epoch 100/250: loss=0.007135
        Phase2 Epoch 150/250: loss=0.007789
        Phase2 Epoch 200/250: loss=0.002479
        Phase2 Epoch 250/250: loss=0.012209
        E_mu=0.0469  E_Sigma=0.1884
      → baseline
  Precomputing encoder-pullback target...
  Stage 2 epoch 60/300: loss=0.096643
  Stage 2 epoch 120/300: loss=0.063306
  Stage 2 epoch 180/300: loss=0.055851
  Stage 2 epoch 240/300: loss=0.058293
  Stage 2 epoch 300/300: loss=0.027358
  Stage 3 epoch 60/300: loss=0.055780
  Stage 3 epoch 120/300: loss=0.013419
  Stage 3 epoch 180/300: loss=0.010457
  Stage 3 epoch 240/300: loss=0.007078
  Stage 3 epoch 300/300: loss=0.005981
  rcMTE@0.1: 0.5499 (290/500 in region)
  rcMTE@0.5: 1.0280 (89/500 in region)
  rcMTE@1.0: 1.3014 (30/500 in region)
  MTE@0.1: 0.9644
  MTE@0.5: 1.8296
  MTE@1.0: 2.0245
  W2@1.0:  1.6514
  sW2@0.1: 0.5723 (290/500 in region)
  sW2@0.2: 0.9093 (208/500 in region)
  sW2@0.5: 1.2349 (89/500 in region)
  sW2@1.0: 1.9079 (30/500 in region)
  MMD@1.0: 0.3801
  Survival@1.0: 27.2%
  Stopped@1.0:  6.0%
      Phase 2 AE: K_weight=0.1000
        Phase2 Epoch 50/250: loss=0.011602
        Phase2 Epoch 100/250: loss=0.006818
        Phase2 Epoch 150/250: loss=0.006998
        Phase2 Epoch 200/250: loss=0.011616
        Phase2 Epoch 250/250: loss=0.011025
        E_mu=0.0288  E_Sigma=0.0529
      → K
  Precomputing encoder-pullback target...
  Stage 2 epoch 60/300: loss=0.071271
  Stage 2 epoch 120/300: loss=0.047455
  Stage 2 epoch 180/300: loss=0.045916
  Stage 2 epoch 240/300: loss=0.050850
  Stage 2 epoch 300/300: loss=0.030552
  Stage 3 epoch 60/300: loss=0.058396
  Stage 3 epoch 120/300: loss=0.012676
  Stage 3 epoch 180/300: loss=0.009241
  Stage 3 epoch 240/300: loss=0.006943
  Stage 3 epoch 300/300: loss=0.005499
  rcMTE@0.1: 0.5260 (290/500 in region)
  rcMTE@0.5: 0.9871 (89/500 in region)
  rcMTE@1.0: 1.2665 (30/500 in region)
  MTE@0.1: 0.9300
  MTE@0.5: 1.7803
  MTE@1.0: 1.9790
  W2@1.0:  1.5941
  sW2@0.1: 0.5887 (290/500 in region)
  sW2@0.2: 0.9184 (208/500 in region)
  sW2@0.5: 1.1900 (89/500 in region)
  sW2@1.0: 1.8611 (30/500 in region)
  MMD@1.0: 0.3861
  Survival@1.0: 27.2%
  Stopped@1.0:  6.0%
      → K+S
  Precomputing encoder-pullback target...
  Stage 2 epoch 60/300: loss=0.071271
  Stage 2 epoch 120/300: loss=0.047455
  Stage 2 epoch 180/300: loss=0.045916
  Stage 2 epoch 240/300: loss=0.050850
  Stage 2 epoch 300/300: loss=0.030552
  Stage 3 epoch 60/300: loss=0.058396
  Stage 3 epoch 120/300: loss=0.012676
  Stage 3 epoch 180/300: loss=0.009241
  Stage 3 epoch 240/300: loss=0.006943
  Stage 3 epoch 300/300: loss=0.005499
  rcMTE@0.1: 0.5260 (290/500 in region)
  rcMTE@0.5: 0.9871 (89/500 in region)
  rcMTE@1.0: 1.2665 (30/500 in region)
  MTE@0.1: 0.9300
  MTE@0.5: 1.7803
  MTE@1.0: 1.9790
  W2@1.0:  1.5941
  sW2@0.1: 0.5887 (290/500 in region)
  sW2@0.2: 0.9184 (208/500 in region)
  sW2@0.5: 1.1900 (89/500 in region)
  sW2@1.0: 1.8611 (30/500 in region)
  MMD@1.0: 0.3861
  Survival@1.0: 27.2%
  Stopped@1.0:  6.0%
      baseline: W2=1.6514  E_mu=0.0469  E_Sig=0.1884
             K: W2=1.5941  E_mu=0.0288  E_Sig=0.0529
           K+S: W2=1.5941  E_mu=0.0288  E_Sig=0.0529

============================================================
  N=100 | D=11 (K=4) | paraboloid | seed=7042
============================================================
    Phase1 Epoch 50/250: loss=0.793745
    Phase1 Epoch 100/250: loss=0.093857
    Phase1 Epoch 150/250: loss=0.028126
    Phase1 Epoch 200/250: loss=0.012364
    Phase1 Epoch 250/250: loss=0.016645
      Phase 2 AE: K_weight=0.0000
        Phase2 Epoch 50/250: loss=0.010674
        Phase2 Epoch 100/250: loss=0.018289
        Phase2 Epoch 150/250: loss=0.006390
        Phase2 Epoch 200/250: loss=0.003043
        Phase2 Epoch 250/250: loss=0.002509
        E_mu=0.0183  E_Sigma=0.0566
      → baseline
  Precomputing encoder-pullback target...
  Stage 2 epoch 60/300: loss=0.073010
  Stage 2 epoch 120/300: loss=0.039843
  Stage 2 epoch 180/300: loss=0.034538
  Stage 2 epoch 240/300: loss=0.039846
  Stage 2 epoch 300/300: loss=0.044295
  Stage 3 epoch 60/300: loss=0.068558
  Stage 3 epoch 120/300: loss=0.013127
  Stage 3 epoch 180/300: loss=0.009022
  Stage 3 epoch 240/300: loss=0.008709
  Stage 3 epoch 300/300: loss=0.006663
  rcMTE@0.1: 0.5847 (316/500 in region)
  rcMTE@0.5: 0.9480 (109/500 in region)
  rcMTE@1.0: 1.1616 (29/500 in region)
  MTE@0.1: 1.0223
  MTE@0.5: 1.6202
  MTE@1.0: 1.9235
  W2@1.0:  1.2744
  sW2@0.1: 0.6587 (316/500 in region)
  sW2@0.2: 0.9502 (232/500 in region)
  sW2@0.5: 1.1101 (109/500 in region)
  sW2@1.0: 1.5072 (29/500 in region)
  MMD@1.0: 0.3369
  Survival@1.0: 28.8%
  Stopped@1.0:  5.8%
      Phase 2 AE: K_weight=0.1000
        Phase2 Epoch 50/250: loss=0.007072
        Phase2 Epoch 100/250: loss=0.009996
        Phase2 Epoch 150/250: loss=0.008007
        Phase2 Epoch 200/250: loss=0.006051
        Phase2 Epoch 250/250: loss=0.008927
        E_mu=0.0172  E_Sigma=0.0468
      → K
  Precomputing encoder-pullback target...
  Stage 2 epoch 60/300: loss=0.126118
  Stage 2 epoch 120/300: loss=0.088414
  Stage 2 epoch 180/300: loss=0.080885
  Stage 2 epoch 240/300: loss=0.086111
  Stage 2 epoch 300/300: loss=0.101850
  Stage 3 epoch 60/300: loss=0.081717
  Stage 3 epoch 120/300: loss=0.012109
  Stage 3 epoch 180/300: loss=0.008417
  Stage 3 epoch 240/300: loss=0.007564
  Stage 3 epoch 300/300: loss=0.006278
  rcMTE@0.1: 0.5905 (316/500 in region)
  rcMTE@0.5: 0.9236 (109/500 in region)
  rcMTE@1.0: 1.0803 (29/500 in region)
  MTE@0.1: 1.0255
  MTE@0.5: 1.5917
  MTE@1.0: 1.8478
  W2@1.0:  1.1580
  sW2@0.1: 0.6822 (316/500 in region)
  sW2@0.2: 0.9589 (232/500 in region)
  sW2@0.5: 1.0581 (109/500 in region)
  sW2@1.0: 1.3694 (29/500 in region)
  MMD@1.0: 0.3338
  Survival@1.0: 28.8%
  Stopped@1.0:  5.8%
      → K+S
  Precomputing encoder-pullback target...
  Stage 2 epoch 60/300: loss=0.126118
  Stage 2 epoch 120/300: loss=0.088414
  Stage 2 epoch 180/300: loss=0.080885
  Stage 2 epoch 240/300: loss=0.086111
  Stage 2 epoch 300/300: loss=0.101850
  Stage 3 epoch 60/300: loss=0.081717
  Stage 3 epoch 120/300: loss=0.012109
  Stage 3 epoch 180/300: loss=0.008417
  Stage 3 epoch 240/300: loss=0.007564
  Stage 3 epoch 300/300: loss=0.006278
  rcMTE@0.1: 0.5905 (316/500 in region)
  rcMTE@0.5: 0.9236 (109/500 in region)
  rcMTE@1.0: 1.0803 (29/500 in region)
  MTE@0.1: 1.0255
  MTE@0.5: 1.5917
  MTE@1.0: 1.8478
  W2@1.0:  1.1580
  sW2@0.1: 0.6822 (316/500 in region)
  sW2@0.2: 0.9589 (232/500 in region)
  sW2@0.5: 1.0581 (109/500 in region)
  sW2@1.0: 1.3694 (29/500 in region)
  MMD@1.0: 0.3338
  Survival@1.0: 28.8%
  Stopped@1.0:  5.8%
      baseline: W2=1.2744  E_mu=0.0183  E_Sig=0.0566
             K: W2=1.1580  E_mu=0.0172  E_Sig=0.0468
           K+S: W2=1.1580  E_mu=0.0172  E_Sig=0.0468

============================================================
  N=100 | D=11 (K=4) | paraboloid | seed=8042
============================================================
    Phase1 Epoch 50/250: loss=0.373112
    Phase1 Epoch 100/250: loss=0.052807
    Phase1 Epoch 150/250: loss=0.019590
    Phase1 Epoch 200/250: loss=0.019394
    Phase1 Epoch 250/250: loss=0.010371
      Phase 2 AE: K_weight=0.0000
        Phase2 Epoch 50/250: loss=0.005883
        Phase2 Epoch 100/250: loss=0.005329
        Phase2 Epoch 150/250: loss=0.005879
        Phase2 Epoch 200/250: loss=0.001105
        Phase2 Epoch 250/250: loss=0.000712
        E_mu=0.0283  E_Sigma=0.0145
      → baseline
  Precomputing encoder-pullback target...
  Stage 2 epoch 60/300: loss=0.021947
  Stage 2 epoch 120/300: loss=0.026969
  Stage 2 epoch 180/300: loss=0.015571
  Stage 2 epoch 240/300: loss=0.015374
  Stage 2 epoch 300/300: loss=0.012631
  Stage 3 epoch 60/300: loss=0.025528
  Stage 3 epoch 120/300: loss=0.014236
  Stage 3 epoch 180/300: loss=0.012912
  Stage 3 epoch 240/300: loss=0.009725
  Stage 3 epoch 300/300: loss=0.008865
  rcMTE@0.1: 0.2130 (269/500 in region)
  rcMTE@0.5: 0.4219 (84/500 in region)
  rcMTE@1.0: 0.5491 (29/500 in region)
  MTE@0.1: 0.4200
  MTE@0.5: 0.8106
  MTE@1.0: 0.9462
  W2@1.0:  0.6815
  sW2@0.1: 0.3593 (269/500 in region)
  sW2@0.2: 0.4206 (192/500 in region)
  sW2@0.5: 0.7614 (84/500 in region)
  sW2@1.0: 1.2889 (29/500 in region)
  MMD@1.0: 0.3057
  Survival@1.0: 27.0%
  Stopped@1.0:  5.8%
      Phase 2 AE: K_weight=0.1000
        Phase2 Epoch 50/250: loss=0.026031
        Phase2 Epoch 100/250: loss=0.002752
        Phase2 Epoch 150/250: loss=0.001662
        Phase2 Epoch 200/250: loss=0.001560
        Phase2 Epoch 250/250: loss=0.001388
        E_mu=0.0167  E_Sigma=0.0294
      → K
  Precomputing encoder-pullback target...
  Stage 2 epoch 60/300: loss=0.022353
  Stage 2 epoch 120/300: loss=0.024278
  Stage 2 epoch 180/300: loss=0.019007
  Stage 2 epoch 240/300: loss=0.020176
  Stage 2 epoch 300/300: loss=0.017429
  Stage 3 epoch 60/300: loss=0.030805
  Stage 3 epoch 120/300: loss=0.013916
  Stage 3 epoch 180/300: loss=0.014746
  Stage 3 epoch 240/300: loss=0.008288
  Stage 3 epoch 300/300: loss=0.007034
  rcMTE@0.1: 0.2096 (269/500 in region)
  rcMTE@0.5: 0.4267 (84/500 in region)
  rcMTE@1.0: 0.5768 (29/500 in region)
  MTE@0.1: 0.4234
  MTE@0.5: 0.8427
  MTE@1.0: 1.0189
  W2@1.0:  0.7215
  sW2@0.1: 0.3689 (269/500 in region)
  sW2@0.2: 0.4453 (192/500 in region)
  sW2@0.5: 0.8565 (84/500 in region)
  sW2@1.0: 1.4506 (29/500 in region)
  MMD@1.0: 0.3403
  Survival@1.0: 27.0%
  Stopped@1.0:  5.8%
      → K+S
  Precomputing encoder-pullback target...
  Stage 2 epoch 60/300: loss=0.022353
  Stage 2 epoch 120/300: loss=0.024278
  Stage 2 epoch 180/300: loss=0.019007
  Stage 2 epoch 240/300: loss=0.020176
  Stage 2 epoch 300/300: loss=0.017429
  Stage 3 epoch 60/300: loss=0.030805
  Stage 3 epoch 120/300: loss=0.013916
  Stage 3 epoch 180/300: loss=0.014746
  Stage 3 epoch 240/300: loss=0.008288
  Stage 3 epoch 300/300: loss=0.007034
  rcMTE@0.1: 0.2096 (269/500 in region)
  rcMTE@0.5: 0.4267 (84/500 in region)
  rcMTE@1.0: 0.5768 (29/500 in region)
  MTE@0.1: 0.4234
  MTE@0.5: 0.8427
  MTE@1.0: 1.0189
  W2@1.0:  0.7215
  sW2@0.1: 0.3689 (269/500 in region)
  sW2@0.2: 0.4453 (192/500 in region)
  sW2@0.5: 0.8565 (84/500 in region)
  sW2@1.0: 1.4506 (29/500 in region)
  MMD@1.0: 0.3403
  Survival@1.0: 27.0%
  Stopped@1.0:  5.8%
      baseline: W2=0.6815  E_mu=0.0283  E_Sig=0.0145
             K: W2=0.7215  E_mu=0.0167  E_Sig=0.0294
           K+S: W2=0.7215  E_mu=0.0167  E_Sig=0.0294

============================================================
  N=100 | D=11 (K=4) | paraboloid | seed=9042
============================================================
    Phase1 Epoch 50/250: loss=0.392836
    Phase1 Epoch 100/250: loss=0.062114
    Phase1 Epoch 150/250: loss=0.022914
    Phase1 Epoch 200/250: loss=0.012247
    Phase1 Epoch 250/250: loss=0.013574
      Phase 2 AE: K_weight=0.0000
        Phase2 Epoch 50/250: loss=0.013088
        Phase2 Epoch 100/250: loss=0.007786
        Phase2 Epoch 150/250: loss=0.010256
        Phase2 Epoch 200/250: loss=0.003242
        Phase2 Epoch 250/250: loss=0.001709
        E_mu=0.0240  E_Sigma=0.0293
      → baseline
  Precomputing encoder-pullback target...
  Stage 2 epoch 60/300: loss=0.021467
  Stage 2 epoch 120/300: loss=0.029589
  Stage 2 epoch 180/300: loss=0.015851
  Stage 2 epoch 240/300: loss=0.014882
  Stage 2 epoch 300/300: loss=0.034713
  Stage 3 epoch 60/300: loss=0.090255
  Stage 3 epoch 120/300: loss=0.039716
  Stage 3 epoch 180/300: loss=0.018023
  Stage 3 epoch 240/300: loss=0.017699
  Stage 3 epoch 300/300: loss=0.007038
  rcMTE@0.1: 0.2481 (280/500 in region)
  rcMTE@0.5: 0.4902 (85/500 in region)
  rcMTE@1.0: 0.6390 (22/500 in region)
  MTE@0.1: 0.4851
  MTE@0.5: 1.0094
  MTE@1.0: 1.4423
  W2@1.0:  1.3378
  sW2@0.1: 0.4266 (280/500 in region)
  sW2@0.2: 0.4093 (205/500 in region)
  sW2@0.5: 0.7048 (85/500 in region)
  sW2@1.0: 1.0427 (22/500 in region)
  MMD@1.0: 0.3761
  Survival@1.0: 28.2%
  Stopped@1.0:  4.4%
      Phase 2 AE: K_weight=0.1000
        Phase2 Epoch 50/250: loss=0.035683
        Phase2 Epoch 100/250: loss=0.003286
        Phase2 Epoch 150/250: loss=0.002272
        Phase2 Epoch 200/250: loss=0.001312
        Phase2 Epoch 250/250: loss=0.000880
        E_mu=0.0095  E_Sigma=0.0137
      → K
  Precomputing encoder-pullback target...
  Stage 2 epoch 60/300: loss=0.053005
  Stage 2 epoch 120/300: loss=0.060797
  Stage 2 epoch 180/300: loss=0.027344
  Stage 2 epoch 240/300: loss=0.023625
  Stage 2 epoch 300/300: loss=0.041017
  Stage 3 epoch 60/300: loss=0.104529
  Stage 3 epoch 120/300: loss=0.039414
  Stage 3 epoch 180/300: loss=0.016358
  Stage 3 epoch 240/300: loss=0.016401
  Stage 3 epoch 300/300: loss=0.004958
  rcMTE@0.1: 0.2470 (280/500 in region)
  rcMTE@0.5: 0.5074 (85/500 in region)
  rcMTE@1.0: 0.6870 (22/500 in region)
  MTE@0.1: 0.4931
  MTE@0.5: 1.0748
  MTE@1.0: 1.6501
  W2@1.0:  1.5736
  sW2@0.1: 0.4393 (280/500 in region)
  sW2@0.2: 0.4584 (205/500 in region)
  sW2@0.5: 0.8123 (85/500 in region)
  sW2@1.0: 1.1424 (22/500 in region)
  MMD@1.0: 0.4216
  Survival@1.0: 28.2%
  Stopped@1.0:  4.4%
      → K+S
  Precomputing encoder-pullback target...
  Stage 2 epoch 60/300: loss=0.053005
  Stage 2 epoch 120/300: loss=0.060797
  Stage 2 epoch 180/300: loss=0.027344
  Stage 2 epoch 240/300: loss=0.023625
  Stage 2 epoch 300/300: loss=0.041017
  Stage 3 epoch 60/300: loss=0.104529
  Stage 3 epoch 120/300: loss=0.039414
  Stage 3 epoch 180/300: loss=0.016358
  Stage 3 epoch 240/300: loss=0.016401
  Stage 3 epoch 300/300: loss=0.004958
  rcMTE@0.1: 0.2470 (280/500 in region)
  rcMTE@0.5: 0.5074 (85/500 in region)
  rcMTE@1.0: 0.6870 (22/500 in region)
  MTE@0.1: 0.4931
  MTE@0.5: 1.0748
  MTE@1.0: 1.6501
  W2@1.0:  1.5736
  sW2@0.1: 0.4393 (280/500 in region)
  sW2@0.2: 0.4584 (205/500 in region)
  sW2@0.5: 0.8123 (85/500 in region)
  sW2@1.0: 1.1424 (22/500 in region)
  MMD@1.0: 0.4216
  Survival@1.0: 28.2%
  Stopped@1.0:  4.4%
      baseline: W2=1.3378  E_mu=0.0240  E_Sig=0.0293
             K: W2=1.5736  E_mu=0.0095  E_Sig=0.0137
           K+S: W2=1.5736  E_mu=0.0095  E_Sig=0.0137

============================================================
  N=100 | D=11 (K=4) | hyperbolic_paraboloid | seed=42
============================================================
    Phase1 Epoch 50/250: loss=0.751239
    Phase1 Epoch 100/250: loss=0.048192
    Phase1 Epoch 150/250: loss=0.015771
    Phase1 Epoch 200/250: loss=0.012295
    Phase1 Epoch 250/250: loss=0.008796
      Phase 2 AE: K_weight=0.0000
        Phase2 Epoch 50/250: loss=0.010909
        Phase2 Epoch 100/250: loss=0.002397
        Phase2 Epoch 150/250: loss=0.002079
        Phase2 Epoch 200/250: loss=0.001409
        Phase2 Epoch 250/250: loss=0.001147
        E_mu=0.0231  E_Sigma=0.0406
      → baseline
  Precomputing encoder-pullback target...
  Stage 2 epoch 60/300: loss=0.030326
  Stage 2 epoch 120/300: loss=0.037834
  Stage 2 epoch 180/300: loss=0.030054
  Stage 2 epoch 240/300: loss=0.027984
  Stage 2 epoch 300/300: loss=0.029434
  Stage 3 epoch 60/300: loss=0.048297
  Stage 3 epoch 120/300: loss=0.035671
  Stage 3 epoch 180/300: loss=0.022185
  Stage 3 epoch 240/300: loss=0.021329
  Stage 3 epoch 300/300: loss=0.019238
  rcMTE@0.1: 0.3933 (292/500 in region)
  rcMTE@0.5: 0.6792 (97/500 in region)
  rcMTE@1.0: 0.8283 (21/500 in region)
  MTE@0.1: 0.7947
  MTE@0.5: 1.3827
  MTE@1.0: 1.5286
  W2@1.0:  0.8559
  sW2@0.1: 0.3986 (292/500 in region)
  sW2@0.2: 0.5165 (214/500 in region)
  sW2@0.5: 0.5320 (97/500 in region)
  sW2@1.0: 0.9359 (21/500 in region)
  MMD@1.0: 0.2159
  Survival@1.0: 28.0%
  Stopped@1.0:  4.2%
      Phase 2 AE: K_weight=0.1000
        Phase2 Epoch 50/250: loss=0.008663
        Phase2 Epoch 100/250: loss=0.007630
        Phase2 Epoch 150/250: loss=0.003310
        Phase2 Epoch 200/250: loss=0.002238
        Phase2 Epoch 250/250: loss=0.009399
        E_mu=0.0347  E_Sigma=0.3414
      → K
  Precomputing encoder-pullback target...
  Stage 2 epoch 60/300: loss=0.042195
  Stage 2 epoch 120/300: loss=0.050187
  Stage 2 epoch 180/300: loss=0.039825
  Stage 2 epoch 240/300: loss=0.035900
  Stage 2 epoch 300/300: loss=0.035061
  Stage 3 epoch 60/300: loss=0.073268
  Stage 3 epoch 120/300: loss=0.040859
  Stage 3 epoch 180/300: loss=0.025120
  Stage 3 epoch 240/300: loss=0.021940
  Stage 3 epoch 300/300: loss=0.016612
  rcMTE@0.1: 0.4477 (292/500 in region)
  rcMTE@0.5: 0.7760 (97/500 in region)
  rcMTE@1.0: 1.0148 (21/500 in region)
  MTE@0.1: 0.7901
  MTE@0.5: 1.5033
  MTE@1.0: 1.6978
  W2@1.0:  0.9257
  sW2@0.1: 0.3974 (292/500 in region)
  sW2@0.2: 0.5138 (214/500 in region)
  sW2@0.5: 0.6737 (97/500 in region)
  sW2@1.0: 0.9635 (21/500 in region)
  MMD@1.0: 0.2536
  Survival@1.0: 28.0%
  Stopped@1.0:  4.2%
      → K+S
  Precomputing encoder-pullback target...
  Stage 2 epoch 60/300: loss=0.042195
  Stage 2 epoch 120/300: loss=0.050187
  Stage 2 epoch 180/300: loss=0.039825
  Stage 2 epoch 240/300: loss=0.035900
  Stage 2 epoch 300/300: loss=0.035061
  Stage 3 epoch 60/300: loss=0.073268
  Stage 3 epoch 120/300: loss=0.040859
  Stage 3 epoch 180/300: loss=0.025120
  Stage 3 epoch 240/300: loss=0.021940
  Stage 3 epoch 300/300: loss=0.016612
  rcMTE@0.1: 0.4477 (292/500 in region)
  rcMTE@0.5: 0.7760 (97/500 in region)
  rcMTE@1.0: 1.0148 (21/500 in region)
  MTE@0.1: 0.7901
  MTE@0.5: 1.5033
  MTE@1.0: 1.6978
  W2@1.0:  0.9257
  sW2@0.1: 0.3974 (292/500 in region)
  sW2@0.2: 0.5138 (214/500 in region)
  sW2@0.5: 0.6737 (97/500 in region)
  sW2@1.0: 0.9635 (21/500 in region)
  MMD@1.0: 0.2536
  Survival@1.0: 28.0%
  Stopped@1.0:  4.2%
      baseline: W2=0.8559  E_mu=0.0231  E_Sig=0.0406
             K: W2=0.9257  E_mu=0.0347  E_Sig=0.3414
           K+S: W2=0.9257  E_mu=0.0347  E_Sig=0.3414

============================================================
  N=100 | D=11 (K=4) | hyperbolic_paraboloid | seed=1042
============================================================
    Phase1 Epoch 50/250: loss=0.738968
    Phase1 Epoch 100/250: loss=0.057001
    Phase1 Epoch 150/250: loss=0.012967
    Phase1 Epoch 200/250: loss=0.011332
    Phase1 Epoch 250/250: loss=0.013309
      Phase 2 AE: K_weight=0.0000
        Phase2 Epoch 50/250: loss=0.007877
        Phase2 Epoch 100/250: loss=0.003574
        Phase2 Epoch 150/250: loss=0.006272
        Phase2 Epoch 200/250: loss=0.003102
        Phase2 Epoch 250/250: loss=0.001376
        E_mu=0.0195  E_Sigma=0.0307
      → baseline
  Precomputing encoder-pullback target...
  Stage 2 epoch 60/300: loss=0.036485
  Stage 2 epoch 120/300: loss=0.032093
  Stage 2 epoch 180/300: loss=0.030814
  Stage 2 epoch 240/300: loss=0.030012
  Stage 2 epoch 300/300: loss=0.025296
  Stage 3 epoch 60/300: loss=0.018205
  Stage 3 epoch 120/300: loss=0.012439
  Stage 3 epoch 180/300: loss=0.012093
  Stage 3 epoch 240/300: loss=0.006925
  Stage 3 epoch 300/300: loss=0.006680
  rcMTE@0.1: 0.6411 (285/500 in region)
  rcMTE@0.5: 0.9484 (98/500 in region)
  rcMTE@1.0: 1.1282 (31/500 in region)
  MTE@0.1: 1.0859
  MTE@0.5: 1.7855
  MTE@1.0: 2.0196
  W2@1.0:  0.8737
  sW2@0.1: 0.4496 (285/500 in region)
  sW2@0.2: 0.6240 (204/500 in region)
  sW2@0.5: 0.6813 (98/500 in region)
  sW2@1.0: 1.2097 (31/500 in region)
  MMD@1.0: 0.2328
  Survival@1.0: 29.8%
  Stopped@1.0:  6.2%
      Phase 2 AE: K_weight=0.1000
        Phase2 Epoch 50/250: loss=0.010611
        Phase2 Epoch 100/250: loss=0.001744
        Phase2 Epoch 150/250: loss=0.002139
        Phase2 Epoch 200/250: loss=0.001031
        Phase2 Epoch 250/250: loss=0.001003
        E_mu=0.0123  E_Sigma=0.0242
      → K
  Precomputing encoder-pullback target...
  Stage 2 epoch 60/300: loss=0.029900
  Stage 2 epoch 120/300: loss=0.024275
  Stage 2 epoch 180/300: loss=0.021066
  Stage 2 epoch 240/300: loss=0.019761
  Stage 2 epoch 300/300: loss=0.018965
  Stage 3 epoch 60/300: loss=0.018741
  Stage 3 epoch 120/300: loss=0.011978
  Stage 3 epoch 180/300: loss=0.011071
  Stage 3 epoch 240/300: loss=0.005839
  Stage 3 epoch 300/300: loss=0.005864
  rcMTE@0.1: 0.6426 (285/500 in region)
  rcMTE@0.5: 0.9631 (98/500 in region)
  rcMTE@1.0: 1.1539 (31/500 in region)
  MTE@0.1: 1.0939
  MTE@0.5: 1.8188
  MTE@1.0: 2.0693
  W2@1.0:  0.9420
  sW2@0.1: 0.4684 (285/500 in region)
  sW2@0.2: 0.6504 (204/500 in region)
  sW2@0.5: 0.7405 (98/500 in region)
  sW2@1.0: 1.2808 (31/500 in region)
  MMD@1.0: 0.2464
  Survival@1.0: 29.8%
  Stopped@1.0:  6.2%
      → K+S
  Precomputing encoder-pullback target...
  Stage 2 epoch 60/300: loss=0.029900
  Stage 2 epoch 120/300: loss=0.024275
  Stage 2 epoch 180/300: loss=0.021066
  Stage 2 epoch 240/300: loss=0.019761
  Stage 2 epoch 300/300: loss=0.018965
  Stage 3 epoch 60/300: loss=0.018741
  Stage 3 epoch 120/300: loss=0.011978
  Stage 3 epoch 180/300: loss=0.011071
  Stage 3 epoch 240/300: loss=0.005839
  Stage 3 epoch 300/300: loss=0.005864
  rcMTE@0.1: 0.6426 (285/500 in region)
  rcMTE@0.5: 0.9631 (98/500 in region)
  rcMTE@1.0: 1.1539 (31/500 in region)
  MTE@0.1: 1.0939
  MTE@0.5: 1.8188
  MTE@1.0: 2.0693
  W2@1.0:  0.9420
  sW2@0.1: 0.4684 (285/500 in region)
  sW2@0.2: 0.6504 (204/500 in region)
  sW2@0.5: 0.7405 (98/500 in region)
  sW2@1.0: 1.2808 (31/500 in region)
  MMD@1.0: 0.2464
  Survival@1.0: 29.8%
  Stopped@1.0:  6.2%
      baseline: W2=0.8737  E_mu=0.0195  E_Sig=0.0307
             K: W2=0.9420  E_mu=0.0123  E_Sig=0.0242
           K+S: W2=0.9420  E_mu=0.0123  E_Sig=0.0242

============================================================
  N=100 | D=11 (K=4) | hyperbolic_paraboloid | seed=2042
============================================================
    Phase1 Epoch 50/250: loss=0.792425
    Phase1 Epoch 100/250: loss=0.044808
    Phase1 Epoch 150/250: loss=0.016610
    Phase1 Epoch 200/250: loss=0.015054
    Phase1 Epoch 250/250: loss=0.015129
      Phase 2 AE: K_weight=0.0000
        Phase2 Epoch 50/250: loss=0.008983
        Phase2 Epoch 100/250: loss=0.009680
        Phase2 Epoch 150/250: loss=0.002575
        Phase2 Epoch 200/250: loss=0.004765
        Phase2 Epoch 250/250: loss=0.004376
        E_mu=0.0176  E_Sigma=0.0449
      → baseline
  Precomputing encoder-pullback target...
  Stage 2 epoch 60/300: loss=0.079805
  Stage 2 epoch 120/300: loss=0.073451
  Stage 2 epoch 180/300: loss=0.066614
  Stage 2 epoch 240/300: loss=0.061048
  Stage 2 epoch 300/300: loss=0.060352
  Stage 3 epoch 60/300: loss=0.026235
  Stage 3 epoch 120/300: loss=0.013823
  Stage 3 epoch 180/300: loss=0.007202
  Stage 3 epoch 240/300: loss=0.005174
  Stage 3 epoch 300/300: loss=0.004011
  rcMTE@0.1: 0.5176 (293/500 in region)
  rcMTE@0.5: 1.0197 (88/500 in region)
  rcMTE@1.0: 0.8661 (24/500 in region)
  MTE@0.1: 0.8691
  MTE@0.5: 1.5511
  MTE@1.0: 1.7367
  W2@1.0:  0.9529
  sW2@0.1: 0.4262 (293/500 in region)
  sW2@0.2: 0.6744 (212/500 in region)
  sW2@0.5: 0.9671 (88/500 in region)
  sW2@1.0: 0.9758 (24/500 in region)
  MMD@1.0: 0.2463
  Survival@1.0: 26.6%
  Stopped@1.0:  4.8%
      Phase 2 AE: K_weight=0.1000
        Phase2 Epoch 50/250: loss=0.026222
        Phase2 Epoch 100/250: loss=0.007815
        Phase2 Epoch 150/250: loss=0.003374
        Phase2 Epoch 200/250: loss=0.003250
        Phase2 Epoch 250/250: loss=0.001841
        E_mu=0.0114  E_Sigma=0.0278
      → K
  Precomputing encoder-pullback target...
  Stage 2 epoch 60/300: loss=0.067238
  Stage 2 epoch 120/300: loss=0.066244
  Stage 2 epoch 180/300: loss=0.064670
  Stage 2 epoch 240/300: loss=0.062417
  Stage 2 epoch 300/300: loss=0.064736
  Stage 3 epoch 60/300: loss=0.027086
  Stage 3 epoch 120/300: loss=0.013397
  Stage 3 epoch 180/300: loss=0.005887
  Stage 3 epoch 240/300: loss=0.003584
  Stage 3 epoch 300/300: loss=0.002467
  rcMTE@0.1: 0.5136 (293/500 in region)
  rcMTE@0.5: 1.0311 (88/500 in region)
  rcMTE@1.0: 0.8711 (24/500 in region)
  MTE@0.1: 0.8758
  MTE@0.5: 1.5951
  MTE@1.0: 1.8089
  W2@1.0:  1.0927
  sW2@0.1: 0.4291 (293/500 in region)
  sW2@0.2: 0.6872 (212/500 in region)
  sW2@0.5: 1.0398 (88/500 in region)
  sW2@1.0: 1.0527 (24/500 in region)
  MMD@1.0: 0.2699
  Survival@1.0: 26.6%
  Stopped@1.0:  4.8%
      → K+S
  Precomputing encoder-pullback target...
  Stage 2 epoch 60/300: loss=0.067238
  Stage 2 epoch 120/300: loss=0.066244
  Stage 2 epoch 180/300: loss=0.064670
  Stage 2 epoch 240/300: loss=0.062417
  Stage 2 epoch 300/300: loss=0.064736
  Stage 3 epoch 60/300: loss=0.027086
  Stage 3 epoch 120/300: loss=0.013397
  Stage 3 epoch 180/300: loss=0.005887
  Stage 3 epoch 240/300: loss=0.003584
  Stage 3 epoch 300/300: loss=0.002467
  rcMTE@0.1: 0.5136 (293/500 in region)
  rcMTE@0.5: 1.0311 (88/500 in region)
  rcMTE@1.0: 0.8711 (24/500 in region)
  MTE@0.1: 0.8758
  MTE@0.5: 1.5951
  MTE@1.0: 1.8089
  W2@1.0:  1.0927
  sW2@0.1: 0.4291 (293/500 in region)
  sW2@0.2: 0.6872 (212/500 in region)
  sW2@0.5: 1.0398 (88/500 in region)
  sW2@1.0: 1.0527 (24/500 in region)
  MMD@1.0: 0.2699
  Survival@1.0: 26.6%
  Stopped@1.0:  4.8%
      baseline: W2=0.9529  E_mu=0.0176  E_Sig=0.0449
             K: W2=1.0927  E_mu=0.0114  E_Sig=0.0278
           K+S: W2=1.0927  E_mu=0.0114  E_Sig=0.0278

============================================================
  N=100 | D=11 (K=4) | hyperbolic_paraboloid | seed=3042
============================================================
    Phase1 Epoch 50/250: loss=0.859925
    Phase1 Epoch 100/250: loss=0.076985
    Phase1 Epoch 150/250: loss=0.022690
    Phase1 Epoch 200/250: loss=0.007553
    Phase1 Epoch 250/250: loss=0.008907
      Phase 2 AE: K_weight=0.0000
        Phase2 Epoch 50/250: loss=0.005150
        Phase2 Epoch 100/250: loss=0.001951
        Phase2 Epoch 150/250: loss=0.001409
        Phase2 Epoch 200/250: loss=0.002950
        Phase2 Epoch 250/250: loss=0.001563
        E_mu=0.0120  E_Sigma=0.0181
      → baseline
  Precomputing encoder-pullback target...
  Stage 2 epoch 60/300: loss=0.111630
  Stage 2 epoch 120/300: loss=0.052429
  Stage 2 epoch 180/300: loss=0.047933
  Stage 2 epoch 240/300: loss=0.044302
  Stage 2 epoch 300/300: loss=0.036028
  Stage 3 epoch 60/300: loss=0.138876
  Stage 3 epoch 120/300: loss=0.074705
  Stage 3 epoch 180/300: loss=0.094383
  Stage 3 epoch 240/300: loss=0.047812
  Stage 3 epoch 300/300: loss=0.035000
  rcMTE@0.1: 0.4921 (275/500 in region)
  rcMTE@0.5: 0.8216 (78/500 in region)
  rcMTE@1.0: 0.8756 (25/500 in region)
  MTE@0.1: 0.9436
  MTE@0.5: 1.4910
  MTE@1.0: 1.6651
  W2@1.0:  1.0096
  sW2@0.1: 0.5404 (275/500 in region)
  sW2@0.2: 0.6484 (204/500 in region)
  sW2@0.5: 0.8192 (78/500 in region)
  sW2@1.0: 1.2774 (25/500 in region)
  MMD@1.0: 0.2432
  Survival@1.0: 27.2%
  Stopped@1.0:  5.0%
      Phase 2 AE: K_weight=0.1000
        Phase2 Epoch 50/250: loss=0.011753
        Phase2 Epoch 100/250: loss=0.009831
        Phase2 Epoch 150/250: loss=0.005709
        Phase2 Epoch 200/250: loss=0.001894
        Phase2 Epoch 250/250: loss=0.002236
        E_mu=0.0131  E_Sigma=0.0912
      → K
  Precomputing encoder-pullback target...
  Stage 2 epoch 60/300: loss=0.092097
  Stage 2 epoch 120/300: loss=0.045086
  Stage 2 epoch 180/300: loss=0.041510
  Stage 2 epoch 240/300: loss=0.038611
  Stage 2 epoch 300/300: loss=0.031938
  Stage 3 epoch 60/300: loss=0.142747
  Stage 3 epoch 120/300: loss=0.076388
  Stage 3 epoch 180/300: loss=0.096381
  Stage 3 epoch 240/300: loss=0.050849
  Stage 3 epoch 300/300: loss=0.038384
  rcMTE@0.1: 0.4886 (275/500 in region)
  rcMTE@0.5: 0.8118 (78/500 in region)
  rcMTE@1.0: 0.8459 (25/500 in region)
  MTE@0.1: 0.9449
  MTE@0.5: 1.4777
  MTE@1.0: 1.6513
  W2@1.0:  1.0029
  sW2@0.1: 0.5443 (275/500 in region)
  sW2@0.2: 0.6558 (204/500 in region)
  sW2@0.5: 0.8063 (78/500 in region)
  sW2@1.0: 1.2223 (25/500 in region)
  MMD@1.0: 0.2421
  Survival@1.0: 27.2%
  Stopped@1.0:  5.0%
      → K+S
  Precomputing encoder-pullback target...
  Stage 2 epoch 60/300: loss=0.092097
  Stage 2 epoch 120/300: loss=0.045086
  Stage 2 epoch 180/300: loss=0.041510
  Stage 2 epoch 240/300: loss=0.038611
  Stage 2 epoch 300/300: loss=0.031938
  Stage 3 epoch 60/300: loss=0.142747
  Stage 3 epoch 120/300: loss=0.076388
  Stage 3 epoch 180/300: loss=0.096381
  Stage 3 epoch 240/300: loss=0.050849
  Stage 3 epoch 300/300: loss=0.038384
  rcMTE@0.1: 0.4886 (275/500 in region)
  rcMTE@0.5: 0.8118 (78/500 in region)
  rcMTE@1.0: 0.8459 (25/500 in region)
  MTE@0.1: 0.9449
  MTE@0.5: 1.4777
  MTE@1.0: 1.6513
  W2@1.0:  1.0029
  sW2@0.1: 0.5443 (275/500 in region)
  sW2@0.2: 0.6558 (204/500 in region)
  sW2@0.5: 0.8063 (78/500 in region)
  sW2@1.0: 1.2223 (25/500 in region)
  MMD@1.0: 0.2421
  Survival@1.0: 27.2%
  Stopped@1.0:  5.0%
      baseline: W2=1.0096  E_mu=0.0120  E_Sig=0.0181
             K: W2=1.0029  E_mu=0.0131  E_Sig=0.0912
           K+S: W2=1.0029  E_mu=0.0131  E_Sig=0.0912

============================================================
  N=100 | D=11 (K=4) | hyperbolic_paraboloid | seed=4042
============================================================
    Phase1 Epoch 50/250: loss=0.776820
    Phase1 Epoch 100/250: loss=0.058602
    Phase1 Epoch 150/250: loss=0.016691
    Phase1 Epoch 200/250: loss=0.009922
    Phase1 Epoch 250/250: loss=0.010217
      Phase 2 AE: K_weight=0.0000
        Phase2 Epoch 50/250: loss=0.005536
        Phase2 Epoch 100/250: loss=0.002127
        Phase2 Epoch 150/250: loss=0.003616
        Phase2 Epoch 200/250: loss=0.004470
        Phase2 Epoch 250/250: loss=0.001483
        E_mu=0.0159  E_Sigma=0.0300
      → baseline
  Precomputing encoder-pullback target...
  Stage 2 epoch 60/300: loss=0.049052
  Stage 2 epoch 120/300: loss=0.045891
  Stage 2 epoch 180/300: loss=0.045388
  Stage 2 epoch 240/300: loss=0.044210
  Stage 2 epoch 300/300: loss=0.045843
  Stage 3 epoch 60/300: loss=0.020887
  Stage 3 epoch 120/300: loss=0.009110
  Stage 3 epoch 180/300: loss=0.006716
  Stage 3 epoch 240/300: loss=0.006701
  Stage 3 epoch 300/300: loss=0.004350
  rcMTE@0.1: 0.7807 (287/500 in region)
  rcMTE@0.5: 1.2799 (102/500 in region)
  rcMTE@1.0: 1.5420 (30/500 in region)
  MTE@0.1: 1.3219
  MTE@0.5: 2.1190
  MTE@1.0: 2.2902
  W2@1.0:  1.5885
  sW2@0.1: 0.6149 (287/500 in region)
  sW2@0.2: 0.9567 (207/500 in region)
  sW2@0.5: 1.1974 (102/500 in region)
  sW2@1.0: 2.0690 (30/500 in region)
  MMD@1.0: 0.2948
  Survival@1.0: 28.2%
  Stopped@1.0:  6.0%
      Phase 2 AE: K_weight=0.1000
        Phase2 Epoch 50/250: loss=0.007590
        Phase2 Epoch 100/250: loss=0.006961
        Phase2 Epoch 150/250: loss=0.006359
        Phase2 Epoch 200/250: loss=0.004989
        Phase2 Epoch 250/250: loss=0.001096
        E_mu=0.0074  E_Sigma=0.0174
      → K
  Precomputing encoder-pullback target...
  Stage 2 epoch 60/300: loss=0.031651
  Stage 2 epoch 120/300: loss=0.029450
  Stage 2 epoch 180/300: loss=0.028966
  Stage 2 epoch 240/300: loss=0.028712
  Stage 2 epoch 300/300: loss=0.029427
  Stage 3 epoch 60/300: loss=0.020615
  Stage 3 epoch 120/300: loss=0.008773
  Stage 3 epoch 180/300: loss=0.005771
  Stage 3 epoch 240/300: loss=0.004862
  Stage 3 epoch 300/300: loss=0.003003
  rcMTE@0.1: 0.7767 (287/500 in region)
  rcMTE@0.5: 1.2904 (102/500 in region)
  rcMTE@1.0: 1.5441 (30/500 in region)
  MTE@0.1: 1.3216
  MTE@0.5: 2.1553
  MTE@1.0: 2.3646
  W2@1.0:  1.6945
  sW2@0.1: 0.6388 (287/500 in region)
  sW2@0.2: 0.9994 (207/500 in region)
  sW2@0.5: 1.2776 (102/500 in region)
  sW2@1.0: 2.0592 (30/500 in region)
  MMD@1.0: 0.2963
  Survival@1.0: 28.2%
  Stopped@1.0:  6.0%
      → K+S
  Precomputing encoder-pullback target...
  Stage 2 epoch 60/300: loss=0.031651
  Stage 2 epoch 120/300: loss=0.029450
  Stage 2 epoch 180/300: loss=0.028966
  Stage 2 epoch 240/300: loss=0.028712
  Stage 2 epoch 300/300: loss=0.029427
  Stage 3 epoch 60/300: loss=0.020615
  Stage 3 epoch 120/300: loss=0.008773
  Stage 3 epoch 180/300: loss=0.005771
  Stage 3 epoch 240/300: loss=0.004862
  Stage 3 epoch 300/300: loss=0.003003
  rcMTE@0.1: 0.7767 (287/500 in region)
  rcMTE@0.5: 1.2904 (102/500 in region)
  rcMTE@1.0: 1.5441 (30/500 in region)
  MTE@0.1: 1.3216
  MTE@0.5: 2.1553
  MTE@1.0: 2.3646
  W2@1.0:  1.6945
  sW2@0.1: 0.6388 (287/500 in region)
  sW2@0.2: 0.9994 (207/500 in region)
  sW2@0.5: 1.2776 (102/500 in region)
  sW2@1.0: 2.0592 (30/500 in region)
  MMD@1.0: 0.2963
  Survival@1.0: 28.2%
  Stopped@1.0:  6.0%
      baseline: W2=1.5885  E_mu=0.0159  E_Sig=0.0300
             K: W2=1.6945  E_mu=0.0074  E_Sig=0.0174
           K+S: W2=1.6945  E_mu=0.0074  E_Sig=0.0174

============================================================
  N=100 | D=11 (K=4) | hyperbolic_paraboloid | seed=5042
============================================================
    Phase1 Epoch 50/250: loss=0.738755
    Phase1 Epoch 100/250: loss=0.658715
    Phase1 Epoch 150/250: loss=0.440135
    Phase1 Epoch 200/250: loss=0.249772
    Phase1 Epoch 250/250: loss=0.241494
      Phase 2 AE: K_weight=0.0000
        Phase2 Epoch 50/250: loss=0.210361
        Phase2 Epoch 100/250: loss=0.038889
        Phase2 Epoch 150/250: loss=0.017086
        Phase2 Epoch 200/250: loss=0.010951
        Phase2 Epoch 250/250: loss=0.008199
        E_mu=0.1018  E_Sigma=0.1585
      → baseline
  Precomputing encoder-pullback target...
  Stage 2 epoch 60/300: loss=0.033830
  Stage 2 epoch 120/300: loss=0.030243
  Stage 2 epoch 180/300: loss=0.032565
  Stage 2 epoch 240/300: loss=0.021140
  Stage 2 epoch 300/300: loss=0.022053
  Stage 3 epoch 60/300: loss=0.084666
  Stage 3 epoch 120/300: loss=0.023495
  Stage 3 epoch 180/300: loss=0.017435
  Stage 3 epoch 240/300: loss=0.017893
  Stage 3 epoch 300/300: loss=0.016063
  rcMTE@0.1: 0.7709 (285/500 in region)
  rcMTE@0.5: 1.2329 (93/500 in region)
  rcMTE@1.0: 1.1467 (33/500 in region)
  MTE@0.1: 1.3323
  MTE@0.5: 2.0375
  MTE@1.0: 2.0660
  W2@1.0:  1.2145
  sW2@0.1: 0.6599 (285/500 in region)
  sW2@0.2: 0.8863 (216/500 in region)
  sW2@0.5: 1.0998 (93/500 in region)
  sW2@1.0: 1.1562 (33/500 in region)
  MMD@1.0: 0.3036
  Survival@1.0: 25.8%
  Stopped@1.0:  6.6%
      Phase 2 AE: K_weight=0.1000
        Phase2 Epoch 50/250: loss=0.216002
        Phase2 Epoch 100/250: loss=0.080886
        Phase2 Epoch 150/250: loss=0.025325
        Phase2 Epoch 200/250: loss=0.027575
        Phase2 Epoch 250/250: loss=0.013648
        E_mu=0.0576  E_Sigma=0.1004
      → K
  Precomputing encoder-pullback target...
  Stage 2 epoch 60/300: loss=0.044660
  Stage 2 epoch 120/300: loss=0.043304
  Stage 2 epoch 180/300: loss=0.052129
  Stage 2 epoch 240/300: loss=0.033489
  Stage 2 epoch 300/300: loss=0.035951
  Stage 3 epoch 60/300: loss=0.087400
  Stage 3 epoch 120/300: loss=0.023311
  Stage 3 epoch 180/300: loss=0.017468
  Stage 3 epoch 240/300: loss=0.017529
  Stage 3 epoch 300/300: loss=0.014524
  rcMTE@0.1: 0.7783 (285/500 in region)
  rcMTE@0.5: 1.2231 (93/500 in region)
  rcMTE@1.0: 1.1195 (33/500 in region)
  MTE@0.1: 1.3401
  MTE@0.5: 2.0092
  MTE@1.0: 1.9889
  W2@1.0:  1.0897
  sW2@0.1: 0.6662 (285/500 in region)
  sW2@0.2: 0.8939 (216/500 in region)
  sW2@0.5: 1.0266 (93/500 in region)
  sW2@1.0: 1.0415 (33/500 in region)
  MMD@1.0: 0.2865
  Survival@1.0: 25.8%
  Stopped@1.0:  6.6%
      → K+S
  Precomputing encoder-pullback target...
  Stage 2 epoch 60/300: loss=0.044660
  Stage 2 epoch 120/300: loss=0.043304
  Stage 2 epoch 180/300: loss=0.052129
  Stage 2 epoch 240/300: loss=0.033489
  Stage 2 epoch 300/300: loss=0.035951
  Stage 3 epoch 60/300: loss=0.087400
  Stage 3 epoch 120/300: loss=0.023311
  Stage 3 epoch 180/300: loss=0.017468
  Stage 3 epoch 240/300: loss=0.017529
  Stage 3 epoch 300/300: loss=0.014524
  rcMTE@0.1: 0.7783 (285/500 in region)
  rcMTE@0.5: 1.2231 (93/500 in region)
  rcMTE@1.0: 1.1195 (33/500 in region)
  MTE@0.1: 1.3401
  MTE@0.5: 2.0092
  MTE@1.0: 1.9889
  W2@1.0:  1.0897
  sW2@0.1: 0.6662 (285/500 in region)
  sW2@0.2: 0.8939 (216/500 in region)
  sW2@0.5: 1.0266 (93/500 in region)
  sW2@1.0: 1.0415 (33/500 in region)
  MMD@1.0: 0.2865
  Survival@1.0: 25.8%
  Stopped@1.0:  6.6%
      baseline: W2=1.2145  E_mu=0.1018  E_Sig=0.1585
             K: W2=1.0897  E_mu=0.0576  E_Sig=0.1004
           K+S: W2=1.0897  E_mu=0.0576  E_Sig=0.1004

============================================================
  N=100 | D=11 (K=4) | hyperbolic_paraboloid | seed=6042
============================================================
    Phase1 Epoch 50/250: loss=0.747141
    Phase1 Epoch 100/250: loss=0.037410
    Phase1 Epoch 150/250: loss=0.022177
    Phase1 Epoch 200/250: loss=0.009963
    Phase1 Epoch 250/250: loss=0.017073
      Phase 2 AE: K_weight=0.0000
        Phase2 Epoch 50/250: loss=0.008980
        Phase2 Epoch 100/250: loss=0.006180
        Phase2 Epoch 150/250: loss=0.002966
        Phase2 Epoch 200/250: loss=0.003400
        Phase2 Epoch 250/250: loss=0.002420
        E_mu=0.0231  E_Sigma=0.0394
      → baseline
  Precomputing encoder-pullback target...
  Stage 2 epoch 60/300: loss=0.080110
  Stage 2 epoch 120/300: loss=0.037011
  Stage 2 epoch 180/300: loss=0.042321
  Stage 2 epoch 240/300: loss=0.080812
  Stage 2 epoch 300/300: loss=0.032270
  Stage 3 epoch 60/300: loss=0.053402
  Stage 3 epoch 120/300: loss=0.030855
  Stage 3 epoch 180/300: loss=0.034794
  Stage 3 epoch 240/300: loss=0.026117
  Stage 3 epoch 300/300: loss=0.019167
  rcMTE@0.1: 0.3562 (290/500 in region)
  rcMTE@0.5: 0.5605 (89/500 in region)
  rcMTE@1.0: 0.5022 (30/500 in region)
  MTE@0.1: 0.6636
  MTE@0.5: 1.1825
  MTE@1.0: 1.2159
  W2@1.0:  0.6509
  sW2@0.1: 0.3971 (290/500 in region)
  sW2@0.2: 0.4712 (208/500 in region)
  sW2@0.5: 0.5374 (89/500 in region)
  sW2@1.0: 0.5257 (30/500 in region)
  MMD@1.0: 0.2147
  Survival@1.0: 27.2%
  Stopped@1.0:  6.0%
      Phase 2 AE: K_weight=0.1000
        Phase2 Epoch 50/250: loss=0.007232
        Phase2 Epoch 100/250: loss=0.023570
        Phase2 Epoch 150/250: loss=0.006972
        Phase2 Epoch 200/250: loss=0.006931
        Phase2 Epoch 250/250: loss=0.001567
        E_mu=0.0155  E_Sigma=0.0215
      → K
  Precomputing encoder-pullback target...
  Stage 2 epoch 60/300: loss=0.073972
  Stage 2 epoch 120/300: loss=0.036502
  Stage 2 epoch 180/300: loss=0.042268
  Stage 2 epoch 240/300: loss=0.071725
  Stage 2 epoch 300/300: loss=0.033496
  Stage 3 epoch 60/300: loss=0.051315
  Stage 3 epoch 120/300: loss=0.029425
  Stage 3 epoch 180/300: loss=0.032736
  Stage 3 epoch 240/300: loss=0.023119
  Stage 3 epoch 300/300: loss=0.018440
  rcMTE@0.1: 0.3570 (290/500 in region)
  rcMTE@0.5: 0.5737 (89/500 in region)
  rcMTE@1.0: 0.5153 (30/500 in region)
  MTE@0.1: 0.6690
  MTE@0.5: 1.1935
  MTE@1.0: 1.2399
  W2@1.0:  0.6954
  sW2@0.1: 0.4017 (290/500 in region)
  sW2@0.2: 0.4767 (208/500 in region)
  sW2@0.5: 0.5505 (89/500 in region)
  sW2@1.0: 0.5306 (30/500 in region)
  MMD@1.0: 0.2101
  Survival@1.0: 27.2%
  Stopped@1.0:  6.0%
      → K+S
  Precomputing encoder-pullback target...
  Stage 2 epoch 60/300: loss=0.073972
  Stage 2 epoch 120/300: loss=0.036502
  Stage 2 epoch 180/300: loss=0.042268
  Stage 2 epoch 240/300: loss=0.071725
  Stage 2 epoch 300/300: loss=0.033496
  Stage 3 epoch 60/300: loss=0.051315
  Stage 3 epoch 120/300: loss=0.029425
  Stage 3 epoch 180/300: loss=0.032736
  Stage 3 epoch 240/300: loss=0.023119
  Stage 3 epoch 300/300: loss=0.018440
  rcMTE@0.1: 0.3570 (290/500 in region)
  rcMTE@0.5: 0.5737 (89/500 in region)
  rcMTE@1.0: 0.5153 (30/500 in region)
  MTE@0.1: 0.6690
  MTE@0.5: 1.1935
  MTE@1.0: 1.2399
  W2@1.0:  0.6954
  sW2@0.1: 0.4017 (290/500 in region)
  sW2@0.2: 0.4767 (208/500 in region)
  sW2@0.5: 0.5505 (89/500 in region)
  sW2@1.0: 0.5306 (30/500 in region)
  MMD@1.0: 0.2101
  Survival@1.0: 27.2%
  Stopped@1.0:  6.0%
      baseline: W2=0.6509  E_mu=0.0231  E_Sig=0.0394
             K: W2=0.6954  E_mu=0.0155  E_Sig=0.0215
           K+S: W2=0.6954  E_mu=0.0155  E_Sig=0.0215

============================================================
  N=100 | D=11 (K=4) | hyperbolic_paraboloid | seed=7042
============================================================
    Phase1 Epoch 50/250: loss=0.891278
    Phase1 Epoch 100/250: loss=0.116054
    Phase1 Epoch 150/250: loss=0.018714
    Phase1 Epoch 200/250: loss=0.012693
    Phase1 Epoch 250/250: loss=0.021176
      Phase 2 AE: K_weight=0.0000
        Phase2 Epoch 50/250: loss=0.012681
        Phase2 Epoch 100/250: loss=0.006835
        Phase2 Epoch 150/250: loss=0.003858
        Phase2 Epoch 200/250: loss=0.007195
        Phase2 Epoch 250/250: loss=0.005115
        E_mu=0.0232  E_Sigma=0.0855
      → baseline
  Precomputing encoder-pullback target...
  Stage 2 epoch 60/300: loss=0.056104
  Stage 2 epoch 120/300: loss=0.039042
  Stage 2 epoch 180/300: loss=0.032276
  Stage 2 epoch 240/300: loss=0.035635
  Stage 2 epoch 300/300: loss=0.038228
  Stage 3 epoch 60/300: loss=0.045465
  Stage 3 epoch 120/300: loss=0.019032
  Stage 3 epoch 180/300: loss=0.012320
  Stage 3 epoch 240/300: loss=0.010042
  Stage 3 epoch 300/300: loss=0.009201
  rcMTE@0.1: 0.5032 (316/500 in region)
  rcMTE@0.5: 0.7715 (109/500 in region)
  rcMTE@1.0: 0.8672 (29/500 in region)
  MTE@0.1: 0.9029
  MTE@0.5: 1.5496
  MTE@1.0: 1.6860
  W2@1.0:  0.7946
  sW2@0.1: 0.4370 (316/500 in region)
  sW2@0.2: 0.5539 (232/500 in region)
  sW2@0.5: 0.7500 (109/500 in region)
  sW2@1.0: 1.0344 (29/500 in region)
  MMD@1.0: 0.2252
  Survival@1.0: 28.8%
  Stopped@1.0:  5.8%
      Phase 2 AE: K_weight=0.1000
        Phase2 Epoch 50/250: loss=0.008822
        Phase2 Epoch 100/250: loss=0.008365
        Phase2 Epoch 150/250: loss=0.011869
        Phase2 Epoch 200/250: loss=0.003117
        Phase2 Epoch 250/250: loss=0.007119
        E_mu=0.0205  E_Sigma=0.0819
      → K
  Precomputing encoder-pullback target...
  Stage 2 epoch 60/300: loss=0.069370
  Stage 2 epoch 120/300: loss=0.048178
  Stage 2 epoch 180/300: loss=0.042180
  Stage 2 epoch 240/300: loss=0.046672
  Stage 2 epoch 300/300: loss=0.051190
  Stage 3 epoch 60/300: loss=0.046174
  Stage 3 epoch 120/300: loss=0.020746
  Stage 3 epoch 180/300: loss=0.011006
  Stage 3 epoch 240/300: loss=0.009621
  Stage 3 epoch 300/300: loss=0.009115
  rcMTE@0.1: 0.5112 (316/500 in region)
  rcMTE@0.5: 0.7919 (109/500 in region)
  rcMTE@1.0: 0.9063 (29/500 in region)
  MTE@0.1: 0.9282
  MTE@0.5: 1.6014
  MTE@1.0: 1.7690
  W2@1.0:  0.7811
  sW2@0.1: 0.4542 (316/500 in region)
  sW2@0.2: 0.5850 (232/500 in region)
  sW2@0.5: 0.7773 (109/500 in region)
  sW2@1.0: 1.1032 (29/500 in region)
  MMD@1.0: 0.2377
  Survival@1.0: 28.8%
  Stopped@1.0:  5.8%
      → K+S
  Precomputing encoder-pullback target...
  Stage 2 epoch 60/300: loss=0.069370
  Stage 2 epoch 120/300: loss=0.048178
  Stage 2 epoch 180/300: loss=0.042180
  Stage 2 epoch 240/300: loss=0.046672
  Stage 2 epoch 300/300: loss=0.051190
  Stage 3 epoch 60/300: loss=0.046174
  Stage 3 epoch 120/300: loss=0.020746
  Stage 3 epoch 180/300: loss=0.011006
  Stage 3 epoch 240/300: loss=0.009621
  Stage 3 epoch 300/300: loss=0.009115
  rcMTE@0.1: 0.5112 (316/500 in region)
  rcMTE@0.5: 0.7919 (109/500 in region)
  rcMTE@1.0: 0.9063 (29/500 in region)
  MTE@0.1: 0.9282
  MTE@0.5: 1.6014
  MTE@1.0: 1.7690
  W2@1.0:  0.7811
  sW2@0.1: 0.4542 (316/500 in region)
  sW2@0.2: 0.5850 (232/500 in region)
  sW2@0.5: 0.7773 (109/500 in region)
  sW2@1.0: 1.1032 (29/500 in region)
  MMD@1.0: 0.2377
  Survival@1.0: 28.8%
  Stopped@1.0:  5.8%
      baseline: W2=0.7946  E_mu=0.0232  E_Sig=0.0855
             K: W2=0.7811  E_mu=0.0205  E_Sig=0.0819
           K+S: W2=0.7811  E_mu=0.0205  E_Sig=0.0819

============================================================
  N=100 | D=11 (K=4) | hyperbolic_paraboloid | seed=8042
============================================================
    Phase1 Epoch 50/250: loss=0.552097
    Phase1 Epoch 100/250: loss=0.031209
    Phase1 Epoch 150/250: loss=0.011737
    Phase1 Epoch 200/250: loss=0.007634
    Phase1 Epoch 250/250: loss=0.008510
      Phase 2 AE: K_weight=0.0000
        Phase2 Epoch 50/250: loss=0.003378
        Phase2 Epoch 100/250: loss=0.003267
        Phase2 Epoch 150/250: loss=0.006807
        Phase2 Epoch 200/250: loss=0.001116
        Phase2 Epoch 250/250: loss=0.005967
        E_mu=0.0174  E_Sigma=0.0271
      → baseline
  Precomputing encoder-pullback target...
  Stage 2 epoch 60/300: loss=0.058844
  Stage 2 epoch 120/300: loss=0.171508
  Stage 2 epoch 180/300: loss=0.049712
  Stage 2 epoch 240/300: loss=0.049053
  Stage 2 epoch 300/300: loss=0.040115
  Stage 3 epoch 60/300: loss=0.020869
  Stage 3 epoch 120/300: loss=0.016038
  Stage 3 epoch 180/300: loss=0.011951
  Stage 3 epoch 240/300: loss=0.007752
  Stage 3 epoch 300/300: loss=0.005323
  rcMTE@0.1: 0.5577 (269/500 in region)
  rcMTE@0.5: 0.9322 (84/500 in region)
  rcMTE@1.0: 0.9144 (29/500 in region)
  MTE@0.1: 1.0912
  MTE@0.5: 1.5691
  MTE@1.0: 1.6809
  W2@1.0:  0.7078
  sW2@0.1: 0.5427 (269/500 in region)
  sW2@0.2: 0.6951 (192/500 in region)
  sW2@0.5: 0.6437 (84/500 in region)
  sW2@1.0: 0.8074 (29/500 in region)
  MMD@1.0: 0.2184
  Survival@1.0: 27.0%
  Stopped@1.0:  5.8%
      Phase 2 AE: K_weight=0.1000
        Phase2 Epoch 50/250: loss=0.009126
        Phase2 Epoch 100/250: loss=0.003574
        Phase2 Epoch 150/250: loss=0.010226
        Phase2 Epoch 200/250: loss=0.001918
        Phase2 Epoch 250/250: loss=0.011042
        E_mu=0.0170  E_Sigma=0.0794
      → K
  Precomputing encoder-pullback target...
  Stage 2 epoch 60/300: loss=0.043055
  Stage 2 epoch 120/300: loss=0.123434
  Stage 2 epoch 180/300: loss=0.038852
  Stage 2 epoch 240/300: loss=0.039785
  Stage 2 epoch 300/300: loss=0.033844
  Stage 3 epoch 60/300: loss=0.024443
  Stage 3 epoch 120/300: loss=0.018779
  Stage 3 epoch 180/300: loss=0.013587
  Stage 3 epoch 240/300: loss=0.010805
  Stage 3 epoch 300/300: loss=0.008200
  rcMTE@0.1: 0.5682 (269/500 in region)
  rcMTE@0.5: 0.9702 (84/500 in region)
  rcMTE@1.0: 0.9228 (29/500 in region)
  MTE@0.1: 1.0964
  MTE@0.5: 1.6145
  MTE@1.0: 1.7663
  W2@1.0:  0.8789
  sW2@0.1: 0.5776 (269/500 in region)
  sW2@0.2: 0.7320 (192/500 in region)
  sW2@0.5: 0.7477 (84/500 in region)
  sW2@1.0: 0.8244 (29/500 in region)
  MMD@1.0: 0.2310
  Survival@1.0: 27.0%
  Stopped@1.0:  5.8%
      → K+S
  Precomputing encoder-pullback target...
  Stage 2 epoch 60/300: loss=0.043055
  Stage 2 epoch 120/300: loss=0.123434
  Stage 2 epoch 180/300: loss=0.038852
  Stage 2 epoch 240/300: loss=0.039785
  Stage 2 epoch 300/300: loss=0.033844
  Stage 3 epoch 60/300: loss=0.024443
  Stage 3 epoch 120/300: loss=0.018779
  Stage 3 epoch 180/300: loss=0.013587
  Stage 3 epoch 240/300: loss=0.010805
  Stage 3 epoch 300/300: loss=0.008200
  rcMTE@0.1: 0.5682 (269/500 in region)
  rcMTE@0.5: 0.9702 (84/500 in region)
  rcMTE@1.0: 0.9228 (29/500 in region)
  MTE@0.1: 1.0964
  MTE@0.5: 1.6145
  MTE@1.0: 1.7663
  W2@1.0:  0.8789
  sW2@0.1: 0.5776 (269/500 in region)
  sW2@0.2: 0.7320 (192/500 in region)
  sW2@0.5: 0.7477 (84/500 in region)
  sW2@1.0: 0.8244 (29/500 in region)
  MMD@1.0: 0.2310
  Survival@1.0: 27.0%
  Stopped@1.0:  5.8%
      baseline: W2=0.7078  E_mu=0.0174  E_Sig=0.0271
             K: W2=0.8789  E_mu=0.0170  E_Sig=0.0794
           K+S: W2=0.8789  E_mu=0.0170  E_Sig=0.0794

============================================================
  N=100 | D=11 (K=4) | hyperbolic_paraboloid | seed=9042
============================================================
    Phase1 Epoch 50/250: loss=0.502908
    Phase1 Epoch 100/250: loss=0.028133
    Phase1 Epoch 150/250: loss=0.014542
    Phase1 Epoch 200/250: loss=0.014105
    Phase1 Epoch 250/250: loss=0.002838
      Phase 2 AE: K_weight=0.0000
        Phase2 Epoch 50/250: loss=0.007409
        Phase2 Epoch 100/250: loss=0.002093
        Phase2 Epoch 150/250: loss=0.001411
        Phase2 Epoch 200/250: loss=0.004517
        Phase2 Epoch 250/250: loss=0.003151
        E_mu=0.0148  E_Sigma=0.0304
      → baseline
  Precomputing encoder-pullback target...
  Stage 2 epoch 60/300: loss=0.060031
  Stage 2 epoch 120/300: loss=0.135051
  Stage 2 epoch 180/300: loss=0.051824
  Stage 2 epoch 240/300: loss=0.054127
  Stage 2 epoch 300/300: loss=0.058458
  Stage 3 epoch 60/300: loss=0.032451
  Stage 3 epoch 120/300: loss=0.012286
  Stage 3 epoch 180/300: loss=0.005629
  Stage 3 epoch 240/300: loss=0.004742
  Stage 3 epoch 300/300: loss=0.004015
  rcMTE@0.1: 0.4974 (280/500 in region)
  rcMTE@0.5: 1.0146 (85/500 in region)
  rcMTE@1.0: 1.1397 (22/500 in region)
  MTE@0.1: 0.8720
  MTE@0.5: 1.4774
  MTE@1.0: 1.9539
  W2@1.0:  1.0963
  sW2@0.1: 0.4116 (280/500 in region)
  sW2@0.2: 0.5567 (205/500 in region)
  sW2@0.5: 0.9640 (85/500 in region)
  sW2@1.0: 1.2444 (22/500 in region)
  MMD@1.0: 0.2517
  Survival@1.0: 28.2%
  Stopped@1.0:  4.4%
      Phase 2 AE: K_weight=0.1000
        Phase2 Epoch 50/250: loss=0.011451
        Phase2 Epoch 100/250: loss=0.003604
        Phase2 Epoch 150/250: loss=0.001759
        Phase2 Epoch 200/250: loss=0.001037
        Phase2 Epoch 250/250: loss=0.001268
        E_mu=0.0115  E_Sigma=0.0209
      → K
  Precomputing encoder-pullback target...
  Stage 2 epoch 60/300: loss=0.040014
  Stage 2 epoch 120/300: loss=0.039935
  Stage 2 epoch 180/300: loss=0.024858
  Stage 2 epoch 240/300: loss=0.027083
  Stage 2 epoch 300/300: loss=0.031627
  Stage 3 epoch 60/300: loss=0.042609
  Stage 3 epoch 120/300: loss=0.012800
  Stage 3 epoch 180/300: loss=0.005255
  Stage 3 epoch 240/300: loss=0.004901
  Stage 3 epoch 300/300: loss=0.003533
  rcMTE@0.1: 0.5044 (280/500 in region)
  rcMTE@0.5: 1.0108 (85/500 in region)
  rcMTE@1.0: 1.0885 (22/500 in region)
  MTE@0.1: 0.8749
  MTE@0.5: 1.4666
  MTE@1.0: 1.9520
  W2@1.0:  1.1402
  sW2@0.1: 0.4299 (280/500 in region)
  sW2@0.2: 0.5762 (205/500 in region)
  sW2@0.5: 0.9441 (85/500 in region)
  sW2@1.0: 1.1591 (22/500 in region)
  MMD@1.0: 0.2503
  Survival@1.0: 28.2%
  Stopped@1.0:  4.4%
      → K+S
  Precomputing encoder-pullback target...
  Stage 2 epoch 60/300: loss=0.040014
  Stage 2 epoch 120/300: loss=0.039935
  Stage 2 epoch 180/300: loss=0.024858
  Stage 2 epoch 240/300: loss=0.027083
  Stage 2 epoch 300/300: loss=0.031627
  Stage 3 epoch 60/300: loss=0.042609
  Stage 3 epoch 120/300: loss=0.012800
  Stage 3 epoch 180/300: loss=0.005255
  Stage 3 epoch 240/300: loss=0.004901
  Stage 3 epoch 300/300: loss=0.003533
  rcMTE@0.1: 0.5044 (280/500 in region)
  rcMTE@0.5: 1.0108 (85/500 in region)
  rcMTE@1.0: 1.0885 (22/500 in region)
  MTE@0.1: 0.8749
  MTE@0.5: 1.4666
  MTE@1.0: 1.9520
  W2@1.0:  1.1402
  sW2@0.1: 0.4299 (280/500 in region)
  sW2@0.2: 0.5762 (205/500 in region)
  sW2@0.5: 0.9441 (85/500 in region)
  sW2@1.0: 1.1591 (22/500 in region)
  MMD@1.0: 0.2503
  Survival@1.0: 28.2%
  Stopped@1.0:  4.4%
      baseline: W2=1.0963  E_mu=0.0148  E_Sig=0.0304
             K: W2=1.1402  E_mu=0.0115  E_Sig=0.0209
           K+S: W2=1.1402  E_mu=0.0115  E_Sig=0.0209

  N=100, D=11 completed in 2031.1s (101.6s per fork)

============================================================
  N=100 | D=201 (K=99) | paraboloid | seed=42
============================================================
    Phase1 Epoch 50/250: loss=0.866635
    Phase1 Epoch 100/250: loss=0.775461
    Phase1 Epoch 150/250: loss=0.657344
    Phase1 Epoch 200/250: loss=0.092240
    Phase1 Epoch 250/250: loss=0.062445
      Phase 2 AE: K_weight=0.0000
        Phase2 Epoch 50/250: loss=0.020332
        Phase2 Epoch 100/250: loss=0.021105
        Phase2 Epoch 150/250: loss=0.021742
        Phase2 Epoch 200/250: loss=0.011675
        Phase2 Epoch 250/250: loss=0.016743
        E_mu=0.1459  E_Sigma=0.6234
      → baseline
  Precomputing encoder-pullback target...
  Stage 2 epoch 60/300: loss=0.010584
  Stage 2 epoch 120/300: loss=0.014810
  Stage 2 epoch 180/300: loss=0.010790
  Stage 2 epoch 240/300: loss=0.007898
  Stage 2 epoch 300/300: loss=0.007737
  Stage 3 epoch 60/300: loss=0.000152
  Stage 3 epoch 120/300: loss=0.000076
  Stage 3 epoch 180/300: loss=0.000050
  Stage 3 epoch 240/300: loss=0.000058
  Stage 3 epoch 300/300: loss=0.000036
  rcMTE@0.1: 0.4746 (292/500 in region)
  rcMTE@0.5: 0.9224 (97/500 in region)
  rcMTE@1.0: 0.8575 (21/500 in region)
  MTE@0.1: 0.9416
  MTE@0.5: 1.6887
  MTE@1.0: 1.7241
  W2@1.0:  0.9079
  sW2@0.1: 0.5720 (292/500 in region)
  sW2@0.2: 0.7324 (214/500 in region)
  sW2@0.5: 1.0936 (97/500 in region)
  sW2@1.0: 1.0982 (21/500 in region)
  MMD@1.0: 0.2868
  Survival@1.0: 28.0%
  Stopped@1.0:  4.2%
      Phase 2 AE: K_weight=0.4275
        Phase2 Epoch 50/250: loss=0.030272
        Phase2 Epoch 100/250: loss=0.025675
        Phase2 Epoch 150/250: loss=0.026248
        Phase2 Epoch 200/250: loss=0.011716
        Phase2 Epoch 250/250: loss=0.009709
        E_mu=0.0689  E_Sigma=0.3098
      → K
  Precomputing encoder-pullback target...
  Stage 2 epoch 60/300: loss=0.002912
  Stage 2 epoch 120/300: loss=0.004208
  Stage 2 epoch 180/300: loss=0.003212
  Stage 2 epoch 240/300: loss=0.002198
  Stage 2 epoch 300/300: loss=0.002395
  Stage 3 epoch 60/300: loss=0.000145
  Stage 3 epoch 120/300: loss=0.000058
  Stage 3 epoch 180/300: loss=0.000032
  Stage 3 epoch 240/300: loss=0.000027
  Stage 3 epoch 300/300: loss=0.000018
  rcMTE@0.1: 0.4673 (292/500 in region)
  rcMTE@0.5: 0.9298 (97/500 in region)
  rcMTE@1.0: 0.8991 (21/500 in region)
  MTE@0.1: 0.9080
  MTE@0.5: 1.7088
  MTE@1.0: 1.8236
  W2@1.0:  1.0343
  sW2@0.1: 0.5413 (292/500 in region)
  sW2@0.2: 0.7376 (214/500 in region)
  sW2@0.5: 1.1657 (97/500 in region)
  sW2@1.0: 1.1904 (21/500 in region)
  MMD@1.0: 0.3498
  Survival@1.0: 28.0%
  Stopped@1.0:  4.2%
      → K+S
  Precomputing encoder-pullback target...
  Stage 2 epoch 60/300: loss=0.002912
  Stage 2 epoch 120/300: loss=0.004208
  Stage 2 epoch 180/300: loss=0.003212
  Stage 2 epoch 240/300: loss=0.002198
  Stage 2 epoch 300/300: loss=0.002395
  Stage 3 epoch 60/300: loss=0.000145
  Stage 3 epoch 120/300: loss=0.000058
  Stage 3 epoch 180/300: loss=0.000032
  Stage 3 epoch 240/300: loss=0.000027
  Stage 3 epoch 300/300: loss=0.000018
  rcMTE@0.1: 0.4673 (292/500 in region)
  rcMTE@0.5: 0.9298 (97/500 in region)
  rcMTE@1.0: 0.8991 (21/500 in region)
  MTE@0.1: 0.9080
  MTE@0.5: 1.7088
  MTE@1.0: 1.8236
  W2@1.0:  1.0343
  sW2@0.1: 0.5413 (292/500 in region)
  sW2@0.2: 0.7376 (214/500 in region)
  sW2@0.5: 1.1657 (97/500 in region)
  sW2@1.0: 1.1904 (21/500 in region)
  MMD@1.0: 0.3498
  Survival@1.0: 28.0%
  Stopped@1.0:  4.2%
      baseline: W2=0.9079  E_mu=0.1459  E_Sig=0.6234
             K: W2=1.0343  E_mu=0.0689  E_Sig=0.3098
           K+S: W2=1.0343  E_mu=0.0689  E_Sig=0.3098

============================================================
  N=100 | D=201 (K=99) | paraboloid | seed=1042
============================================================
    Phase1 Epoch 50/250: loss=0.842491
    Phase1 Epoch 100/250: loss=0.726231
    Phase1 Epoch 150/250: loss=0.577149
    Phase1 Epoch 200/250: loss=0.127389
    Phase1 Epoch 250/250: loss=0.051275
      Phase 2 AE: K_weight=0.0000
        Phase2 Epoch 50/250: loss=0.029316
        Phase2 Epoch 100/250: loss=0.029200
        Phase2 Epoch 150/250: loss=0.025655
        Phase2 Epoch 200/250: loss=0.025802
        Phase2 Epoch 250/250: loss=0.014967
        E_mu=0.2122  E_Sigma=0.3860
      → baseline
  Precomputing encoder-pullback target...
  Stage 2 epoch 60/300: loss=0.004184
  Stage 2 epoch 120/300: loss=0.003204
  Stage 2 epoch 180/300: loss=0.003182
  Stage 2 epoch 240/300: loss=0.002353
  Stage 2 epoch 300/300: loss=0.002301
  Stage 3 epoch 60/300: loss=0.000068
  Stage 3 epoch 120/300: loss=0.000065
  Stage 3 epoch 180/300: loss=0.000054
  Stage 3 epoch 240/300: loss=0.000048
  Stage 3 epoch 300/300: loss=0.000050
  rcMTE@0.1: 0.5301 (285/500 in region)
  rcMTE@0.5: 0.7554 (98/500 in region)
  rcMTE@1.0: 1.0170 (31/500 in region)
  MTE@0.1: 1.0874
  MTE@0.5: 1.6239
  MTE@1.0: 1.8282
  W2@1.0:  1.0399
  sW2@0.1: 0.8029 (285/500 in region)
  sW2@0.2: 0.8612 (204/500 in region)
  sW2@0.5: 0.8682 (98/500 in region)
  sW2@1.0: 1.3016 (31/500 in region)
  MMD@1.0: 0.3288
  Survival@1.0: 29.8%
  Stopped@1.0:  6.2%
      Phase 2 AE: K_weight=0.4275
        Phase2 Epoch 50/250: loss=0.042617
        Phase2 Epoch 100/250: loss=0.012976
        Phase2 Epoch 150/250: loss=0.007595
        Phase2 Epoch 200/250: loss=0.008394
        Phase2 Epoch 250/250: loss=0.007511
        E_mu=0.0924  E_Sigma=0.2977
      → K
  Precomputing encoder-pullback target...
  Stage 2 epoch 60/300: loss=0.002409
  Stage 2 epoch 120/300: loss=0.001317
  Stage 2 epoch 180/300: loss=0.001262
  Stage 2 epoch 240/300: loss=0.000796
  Stage 2 epoch 300/300: loss=0.000751
  Stage 3 epoch 60/300: loss=0.000054
  Stage 3 epoch 120/300: loss=0.000041
  Stage 3 epoch 180/300: loss=0.000037
  Stage 3 epoch 240/300: loss=0.000034
  Stage 3 epoch 300/300: loss=0.000030
  rcMTE@0.1: 0.5379 (285/500 in region)
  rcMTE@0.5: 0.7931 (98/500 in region)
  rcMTE@1.0: 1.0875 (31/500 in region)
  MTE@0.1: 0.8618
  MTE@0.5: 1.5219
  MTE@1.0: 1.7938
  W2@1.0:  1.0864
  sW2@0.1: 0.5699 (285/500 in region)
  sW2@0.2: 0.6747 (204/500 in region)
  sW2@0.5: 0.7394 (98/500 in region)
  sW2@1.0: 1.3964 (31/500 in region)
  MMD@1.0: 0.3237
  Survival@1.0: 29.8%
  Stopped@1.0:  6.2%
      → K+S
  Precomputing encoder-pullback target...
  Stage 2 epoch 60/300: loss=0.002409
  Stage 2 epoch 120/300: loss=0.001317
  Stage 2 epoch 180/300: loss=0.001262
  Stage 2 epoch 240/300: loss=0.000796
  Stage 2 epoch 300/300: loss=0.000751
  Stage 3 epoch 60/300: loss=0.000054
  Stage 3 epoch 120/300: loss=0.000041
  Stage 3 epoch 180/300: loss=0.000037
  Stage 3 epoch 240/300: loss=0.000034
  Stage 3 epoch 300/300: loss=0.000030
  rcMTE@0.1: 0.5379 (285/500 in region)
  rcMTE@0.5: 0.7931 (98/500 in region)
  rcMTE@1.0: 1.0875 (31/500 in region)
  MTE@0.1: 0.8618
  MTE@0.5: 1.5219
  MTE@1.0: 1.7938
  W2@1.0:  1.0864
  sW2@0.1: 0.5699 (285/500 in region)
  sW2@0.2: 0.6747 (204/500 in region)
  sW2@0.5: 0.7394 (98/500 in region)
  sW2@1.0: 1.3964 (31/500 in region)
  MMD@1.0: 0.3237
  Survival@1.0: 29.8%
  Stopped@1.0:  6.2%
      baseline: W2=1.0399  E_mu=0.2122  E_Sig=0.3860
             K: W2=1.0864  E_mu=0.0924  E_Sig=0.2977
           K+S: W2=1.0864  E_mu=0.0924  E_Sig=0.2977

============================================================
  N=100 | D=201 (K=99) | paraboloid | seed=2042
============================================================
    Phase1 Epoch 50/250: loss=0.881511
    Phase1 Epoch 100/250: loss=0.667676
    Phase1 Epoch 150/250: loss=0.235860
    Phase1 Epoch 200/250: loss=0.111151
    Phase1 Epoch 250/250: loss=0.123444
      Phase 2 AE: K_weight=0.0000
        Phase2 Epoch 50/250: loss=0.052270
        Phase2 Epoch 100/250: loss=0.032692
        Phase2 Epoch 150/250: loss=0.034174
        Phase2 Epoch 200/250: loss=0.043512
        Phase2 Epoch 250/250: loss=0.038396
        E_mu=0.1650  E_Sigma=0.7770
      → baseline
  Precomputing encoder-pullback target...
  Stage 2 epoch 60/300: loss=0.002092
  Stage 2 epoch 120/300: loss=0.001671
  Stage 2 epoch 180/300: loss=0.001287
  Stage 2 epoch 240/300: loss=0.001513
  Stage 2 epoch 300/300: loss=0.001191
  Stage 3 epoch 60/300: loss=0.000200
  Stage 3 epoch 120/300: loss=0.000175
  Stage 3 epoch 180/300: loss=0.000138
  Stage 3 epoch 240/300: loss=0.000130
  Stage 3 epoch 300/300: loss=0.000111
  rcMTE@0.1: 0.4280 (293/500 in region)
  rcMTE@0.5: 0.7402 (88/500 in region)
  rcMTE@1.0: 0.6619 (24/500 in region)
  MTE@0.1: 1.1450
  MTE@0.5: 1.6270
  MTE@1.0: 1.7387
  W2@1.0:  1.2827
  sW2@0.1: 0.8093 (293/500 in region)
  sW2@0.2: 0.9333 (212/500 in region)
  sW2@0.5: 1.2068 (88/500 in region)
  sW2@1.0: 0.9528 (24/500 in region)
  MMD@1.0: 0.3398
  Survival@1.0: 26.6%
  Stopped@1.0:  4.8%
      Phase 2 AE: K_weight=0.4275
        Phase2 Epoch 50/250: loss=0.050905
        Phase2 Epoch 100/250: loss=0.062928
        Phase2 Epoch 150/250: loss=0.045712
        Phase2 Epoch 200/250: loss=0.019788
        Phase2 Epoch 250/250: loss=0.040962
        E_mu=0.1586  E_Sigma=0.4870
      → K
  Precomputing encoder-pullback target...
  Stage 2 epoch 60/300: loss=0.002953
  Stage 2 epoch 120/300: loss=0.002587
  Stage 2 epoch 180/300: loss=0.002118
  Stage 2 epoch 240/300: loss=0.002088
  Stage 2 epoch 300/300: loss=0.002069
  Stage 3 epoch 60/300: loss=0.000175
  Stage 3 epoch 120/300: loss=0.000149
  Stage 3 epoch 180/300: loss=0.000113
  Stage 3 epoch 240/300: loss=0.000105
  Stage 3 epoch 300/300: loss=0.000087
  rcMTE@0.1: 0.4815 (293/500 in region)
  rcMTE@0.5: 0.7878 (88/500 in region)
  rcMTE@1.0: 0.7447 (24/500 in region)
  MTE@0.1: 1.6060
  MTE@0.5: 1.9473
  MTE@1.0: 2.0118
  W2@1.0:  1.5876
  sW2@0.1: 1.3177 (293/500 in region)
  sW2@0.2: 1.3676 (212/500 in region)
  sW2@0.5: 1.5098 (88/500 in region)
  sW2@1.0: 1.4238 (24/500 in region)
  MMD@1.0: 0.4894
  Survival@1.0: 26.6%
  Stopped@1.0:  4.8%
      → K+S
  Precomputing encoder-pullback target...
  Stage 2 epoch 60/300: loss=0.002953
  Stage 2 epoch 120/300: loss=0.002587
  Stage 2 epoch 180/300: loss=0.002118
  Stage 2 epoch 240/300: loss=0.002088
  Stage 2 epoch 300/300: loss=0.002069
  Stage 3 epoch 60/300: loss=0.000175
  Stage 3 epoch 120/300: loss=0.000149
  Stage 3 epoch 180/300: loss=0.000113
  Stage 3 epoch 240/300: loss=0.000105
  Stage 3 epoch 300/300: loss=0.000087
  rcMTE@0.1: 0.4815 (293/500 in region)
  rcMTE@0.5: 0.7878 (88/500 in region)
  rcMTE@1.0: 0.7447 (24/500 in region)
  MTE@0.1: 1.6060
  MTE@0.5: 1.9473
  MTE@1.0: 2.0118
  W2@1.0:  1.5876
  sW2@0.1: 1.3177 (293/500 in region)
  sW2@0.2: 1.3676 (212/500 in region)
  sW2@0.5: 1.5098 (88/500 in region)
  sW2@1.0: 1.4238 (24/500 in region)
  MMD@1.0: 0.4894
  Survival@1.0: 26.6%
  Stopped@1.0:  4.8%
      baseline: W2=1.2827  E_mu=0.1650  E_Sig=0.7770
             K: W2=1.5876  E_mu=0.1586  E_Sig=0.4870
           K+S: W2=1.5876  E_mu=0.1586  E_Sig=0.4870

============================================================
  N=100 | D=201 (K=99) | paraboloid | seed=3042
============================================================
    Phase1 Epoch 50/250: loss=0.872969
    Phase1 Epoch 100/250: loss=0.897235
    Phase1 Epoch 150/250: loss=0.665877
    Phase1 Epoch 200/250: loss=0.162590
    Phase1 Epoch 250/250: loss=0.099332
      Phase 2 AE: K_weight=0.0000
        Phase2 Epoch 50/250: loss=0.040919
        Phase2 Epoch 100/250: loss=0.030003
        Phase2 Epoch 150/250: loss=0.020960
        Phase2 Epoch 200/250: loss=0.011698
        Phase2 Epoch 250/250: loss=0.033271
        E_mu=0.1346  E_Sigma=0.2512
      → baseline
  Precomputing encoder-pullback target...
  Stage 2 epoch 60/300: loss=0.002345
  Stage 2 epoch 120/300: loss=0.001686
  Stage 2 epoch 180/300: loss=0.001432
  Stage 2 epoch 240/300: loss=0.001538
  Stage 2 epoch 300/300: loss=0.001443
  Stage 3 epoch 60/300: loss=0.000050
  Stage 3 epoch 120/300: loss=0.000040
  Stage 3 epoch 180/300: loss=0.000050
  Stage 3 epoch 240/300: loss=0.000039
  Stage 3 epoch 300/300: loss=0.000035
  rcMTE@0.1: 0.5516 (275/500 in region)
  rcMTE@0.5: 0.9625 (78/500 in region)
  rcMTE@1.0: 0.9382 (25/500 in region)
  MTE@0.1: 1.7725
  MTE@0.5: 2.2694
  MTE@1.0: 2.5768
  W2@1.0:  2.0365
  sW2@0.1: 1.4598 (275/500 in region)
  sW2@0.2: 1.5212 (204/500 in region)
  sW2@0.5: 1.9360 (78/500 in region)
  sW2@1.0: 2.0150 (25/500 in region)
  MMD@1.0: 0.5136
  Survival@1.0: 27.2%
  Stopped@1.0:  5.0%
      Phase 2 AE: K_weight=0.4275
        Phase2 Epoch 50/250: loss=0.050101
        Phase2 Epoch 100/250: loss=0.018743
        Phase2 Epoch 150/250: loss=0.048106
        Phase2 Epoch 200/250: loss=0.020532
        Phase2 Epoch 250/250: loss=0.016294
        E_mu=0.0576  E_Sigma=0.1683
      → K
  Precomputing encoder-pullback target...
  Stage 2 epoch 60/300: loss=0.001637
  Stage 2 epoch 120/300: loss=0.001277
  Stage 2 epoch 180/300: loss=0.001298
  Stage 2 epoch 240/300: loss=0.001334
  Stage 2 epoch 300/300: loss=0.001210
  Stage 3 epoch 60/300: loss=0.000034
  Stage 3 epoch 120/300: loss=0.000024
  Stage 3 epoch 180/300: loss=0.000025
  Stage 3 epoch 240/300: loss=0.000022
  Stage 3 epoch 300/300: loss=0.000020
  rcMTE@0.1: 0.5300 (275/500 in region)
  rcMTE@0.5: 0.9223 (78/500 in region)
  rcMTE@1.0: 0.8517 (25/500 in region)
  MTE@0.1: 1.1683
  MTE@0.5: 1.7489
  MTE@1.0: 2.0633
  W2@1.0:  1.4545
  sW2@0.1: 0.7373 (275/500 in region)
  sW2@0.2: 0.8053 (204/500 in region)
  sW2@0.5: 1.3208 (78/500 in region)
  sW2@1.0: 1.3016 (25/500 in region)
  MMD@1.0: 0.3555
  Survival@1.0: 27.2%
  Stopped@1.0:  5.0%
      → K+S
  Precomputing encoder-pullback target...
  Stage 2 epoch 60/300: loss=0.001637
  Stage 2 epoch 120/300: loss=0.001277
  Stage 2 epoch 180/300: loss=0.001298
  Stage 2 epoch 240/300: loss=0.001334
  Stage 2 epoch 300/300: loss=0.001210
  Stage 3 epoch 60/300: loss=0.000034
  Stage 3 epoch 120/300: loss=0.000024
  Stage 3 epoch 180/300: loss=0.000025
  Stage 3 epoch 240/300: loss=0.000022
  Stage 3 epoch 300/300: loss=0.000020
  rcMTE@0.1: 0.5300 (275/500 in region)
  rcMTE@0.5: 0.9223 (78/500 in region)
  rcMTE@1.0: 0.8517 (25/500 in region)
  MTE@0.1: 1.1683
  MTE@0.5: 1.7489
  MTE@1.0: 2.0633
  W2@1.0:  1.4545
  sW2@0.1: 0.7373 (275/500 in region)
  sW2@0.2: 0.8053 (204/500 in region)
  sW2@0.5: 1.3208 (78/500 in region)
  sW2@1.0: 1.3016 (25/500 in region)
  MMD@1.0: 0.3555
  Survival@1.0: 27.2%
  Stopped@1.0:  5.0%
      baseline: W2=2.0365  E_mu=0.1346  E_Sig=0.2512
             K: W2=1.4545  E_mu=0.0576  E_Sig=0.1683
           K+S: W2=1.4545  E_mu=0.0576  E_Sig=0.1683

============================================================
  N=100 | D=201 (K=99) | paraboloid | seed=4042
============================================================
    Phase1 Epoch 50/250: loss=0.828353
    Phase1 Epoch 100/250: loss=0.661380
    Phase1 Epoch 150/250: loss=0.215275
    Phase1 Epoch 200/250: loss=0.075338
    Phase1 Epoch 250/250: loss=0.055950
      Phase 2 AE: K_weight=0.0000
        Phase2 Epoch 50/250: loss=0.020164
        Phase2 Epoch 100/250: loss=0.036644
        Phase2 Epoch 150/250: loss=0.019597
        Phase2 Epoch 200/250: loss=0.039777
        Phase2 Epoch 250/250: loss=0.026903
        E_mu=0.1113  E_Sigma=0.5347
      → baseline
  Precomputing encoder-pullback target...
  Stage 2 epoch 60/300: loss=0.002651
  Stage 2 epoch 120/300: loss=0.002202
  Stage 2 epoch 180/300: loss=0.001899
  Stage 2 epoch 240/300: loss=0.001852
  Stage 2 epoch 300/300: loss=0.001839
  Stage 3 epoch 60/300: loss=0.000155
  Stage 3 epoch 120/300: loss=0.000128
  Stage 3 epoch 180/300: loss=0.000105
  Stage 3 epoch 240/300: loss=0.000097
  Stage 3 epoch 300/300: loss=0.000107
  rcMTE@0.1: 0.3868 (287/500 in region)
  rcMTE@0.5: 0.4783 (102/500 in region)
  rcMTE@1.0: 0.4993 (30/500 in region)
  MTE@0.1: 1.0976
  MTE@0.5: 1.3253
  MTE@1.0: 1.2622
  W2@1.0:  0.9634
  sW2@0.1: 0.9246 (287/500 in region)
  sW2@0.2: 1.0577 (207/500 in region)
  sW2@0.5: 0.9276 (102/500 in region)
  sW2@1.0: 0.9321 (30/500 in region)
  MMD@1.0: 0.4228
  Survival@1.0: 28.2%
  Stopped@1.0:  6.0%
      Phase 2 AE: K_weight=0.4275
        Phase2 Epoch 50/250: loss=0.046824
        Phase2 Epoch 100/250: loss=0.015801
        Phase2 Epoch 150/250: loss=0.022860
        Phase2 Epoch 200/250: loss=0.025122
        Phase2 Epoch 250/250: loss=0.002319
        E_mu=0.0388  E_Sigma=0.0407
      → K
  Precomputing encoder-pullback target...
  Stage 2 epoch 60/300: loss=0.001450
  Stage 2 epoch 120/300: loss=0.001085
  Stage 2 epoch 180/300: loss=0.000992
  Stage 2 epoch 240/300: loss=0.000939
  Stage 2 epoch 300/300: loss=0.001063
  Stage 3 epoch 60/300: loss=0.000147
  Stage 3 epoch 120/300: loss=0.000116
  Stage 3 epoch 180/300: loss=0.000097
  Stage 3 epoch 240/300: loss=0.000076
  Stage 3 epoch 300/300: loss=0.000079
  rcMTE@0.1: 0.4072 (287/500 in region)
  rcMTE@0.5: 0.5514 (102/500 in region)
  rcMTE@1.0: 0.5279 (30/500 in region)
  MTE@0.1: 0.7328
  MTE@0.5: 1.1816
  MTE@1.0: 1.1244
  W2@1.0:  0.8616
  sW2@0.1: 0.4958 (287/500 in region)
  sW2@0.2: 0.8664 (207/500 in region)
  sW2@0.5: 0.6021 (102/500 in region)
  sW2@1.0: 0.5907 (30/500 in region)
  MMD@1.0: 0.2885
  Survival@1.0: 28.2%
  Stopped@1.0:  6.0%
      → K+S
  Precomputing encoder-pullback target...
  Stage 2 epoch 60/300: loss=0.001450
  Stage 2 epoch 120/300: loss=0.001085
  Stage 2 epoch 180/300: loss=0.000992
  Stage 2 epoch 240/300: loss=0.000939
  Stage 2 epoch 300/300: loss=0.001063
  Stage 3 epoch 60/300: loss=0.000147
  Stage 3 epoch 120/300: loss=0.000116
  Stage 3 epoch 180/300: loss=0.000097
  Stage 3 epoch 240/300: loss=0.000076
  Stage 3 epoch 300/300: loss=0.000079
  rcMTE@0.1: 0.4072 (287/500 in region)
  rcMTE@0.5: 0.5514 (102/500 in region)
  rcMTE@1.0: 0.5279 (30/500 in region)
  MTE@0.1: 0.7328
  MTE@0.5: 1.1816
  MTE@1.0: 1.1244
  W2@1.0:  0.8616
  sW2@0.1: 0.4958 (287/500 in region)
  sW2@0.2: 0.8664 (207/500 in region)
  sW2@0.5: 0.6021 (102/500 in region)
  sW2@1.0: 0.5907 (30/500 in region)
  MMD@1.0: 0.2885
  Survival@1.0: 28.2%
  Stopped@1.0:  6.0%
      baseline: W2=0.9634  E_mu=0.1113  E_Sig=0.5347
             K: W2=0.8616  E_mu=0.0388  E_Sig=0.0407
           K+S: W2=0.8616  E_mu=0.0388  E_Sig=0.0407

============================================================
  N=100 | D=201 (K=99) | paraboloid | seed=5042
============================================================
    Phase1 Epoch 50/250: loss=0.816647
    Phase1 Epoch 100/250: loss=0.747995
    Phase1 Epoch 150/250: loss=0.616286
    Phase1 Epoch 200/250: loss=0.261443
    Phase1 Epoch 250/250: loss=0.050784
      Phase 2 AE: K_weight=0.0000
        Phase2 Epoch 50/250: loss=0.036606
        Phase2 Epoch 100/250: loss=0.034292
        Phase2 Epoch 150/250: loss=0.050052
        Phase2 Epoch 200/250: loss=0.012731
        Phase2 Epoch 250/250: loss=0.014478
        E_mu=0.1013  E_Sigma=0.2346
      → baseline
  Precomputing encoder-pullback target...
  Stage 2 epoch 60/300: loss=0.001855
  Stage 2 epoch 120/300: loss=0.001475
  Stage 2 epoch 180/300: loss=0.001921
  Stage 2 epoch 240/300: loss=0.001419
  Stage 2 epoch 300/300: loss=0.001276
  Stage 3 epoch 60/300: loss=0.000044
  Stage 3 epoch 120/300: loss=0.000034
  Stage 3 epoch 180/300: loss=0.000033
  Stage 3 epoch 240/300: loss=0.000028
  Stage 3 epoch 300/300: loss=0.000023
  rcMTE@0.1: 0.5334 (285/500 in region)
  rcMTE@0.5: 0.8592 (93/500 in region)
  rcMTE@1.0: 1.0893 (33/500 in region)
  MTE@0.1: 1.0311
  MTE@0.5: 1.6751
  MTE@1.0: 1.7296
  W2@1.0:  1.1651
  sW2@0.1: 0.6093 (285/500 in region)
  sW2@0.2: 0.8634 (216/500 in region)
  sW2@0.5: 0.9428 (93/500 in region)
  sW2@1.0: 1.4446 (33/500 in region)
  MMD@1.0: 0.3641
  Survival@1.0: 25.8%
  Stopped@1.0:  6.6%
      Phase 2 AE: K_weight=0.4275
        Phase2 Epoch 50/250: loss=0.041857
        Phase2 Epoch 100/250: loss=0.066247
        Phase2 Epoch 150/250: loss=0.048033
        Phase2 Epoch 200/250: loss=0.024026
        Phase2 Epoch 250/250: loss=0.024687
        E_mu=0.0844  E_Sigma=0.1955
      → K
  Precomputing encoder-pullback target...
  Stage 2 epoch 60/300: loss=0.003661
  Stage 2 epoch 120/300: loss=0.003107
  Stage 2 epoch 180/300: loss=0.003537
  Stage 2 epoch 240/300: loss=0.003241
  Stage 2 epoch 300/300: loss=0.002973
  Stage 3 epoch 60/300: loss=0.000037
  Stage 3 epoch 120/300: loss=0.000030
  Stage 3 epoch 180/300: loss=0.000028
  Stage 3 epoch 240/300: loss=0.000024
  Stage 3 epoch 300/300: loss=0.000019
  rcMTE@0.1: 0.5386 (285/500 in region)
  rcMTE@0.5: 0.9085 (93/500 in region)
  rcMTE@1.0: 1.1481 (33/500 in region)
  MTE@0.1: 1.0937
  MTE@0.5: 1.7725
  MTE@1.0: 1.9167
  W2@1.0:  1.4633
  sW2@0.1: 0.6870 (285/500 in region)
  sW2@0.2: 0.9305 (216/500 in region)
  sW2@0.5: 1.0897 (93/500 in region)
  sW2@1.0: 1.5947 (33/500 in region)
  MMD@1.0: 0.3851
  Survival@1.0: 25.8%
  Stopped@1.0:  6.6%
      → K+S
  Precomputing encoder-pullback target...
  Stage 2 epoch 60/300: loss=0.003661
  Stage 2 epoch 120/300: loss=0.003107
  Stage 2 epoch 180/300: loss=0.003537
  Stage 2 epoch 240/300: loss=0.003241
  Stage 2 epoch 300/300: loss=0.002973
  Stage 3 epoch 60/300: loss=0.000037
  Stage 3 epoch 120/300: loss=0.000030
  Stage 3 epoch 180/300: loss=0.000028
  Stage 3 epoch 240/300: loss=0.000024
  Stage 3 epoch 300/300: loss=0.000019
  rcMTE@0.1: 0.5386 (285/500 in region)
  rcMTE@0.5: 0.9085 (93/500 in region)
  rcMTE@1.0: 1.1481 (33/500 in region)
  MTE@0.1: 1.0937
  MTE@0.5: 1.7725
  MTE@1.0: 1.9167
  W2@1.0:  1.4633
  sW2@0.1: 0.6870 (285/500 in region)
  sW2@0.2: 0.9305 (216/500 in region)
  sW2@0.5: 1.0897 (93/500 in region)
  sW2@1.0: 1.5947 (33/500 in region)
  MMD@1.0: 0.3851
  Survival@1.0: 25.8%
  Stopped@1.0:  6.6%
      baseline: W2=1.1651  E_mu=0.1013  E_Sig=0.2346
             K: W2=1.4633  E_mu=0.0844  E_Sig=0.1955
           K+S: W2=1.4633  E_mu=0.0844  E_Sig=0.1955

============================================================
  N=100 | D=201 (K=99) | paraboloid | seed=6042
============================================================
    Phase1 Epoch 50/250: loss=0.845867
    Phase1 Epoch 100/250: loss=0.547320
    Phase1 Epoch 150/250: loss=0.122015
    Phase1 Epoch 200/250: loss=0.070993
    Phase1 Epoch 250/250: loss=0.033814
      Phase 2 AE: K_weight=0.0000
        Phase2 Epoch 50/250: loss=0.022087
        Phase2 Epoch 100/250: loss=0.027893
        Phase2 Epoch 150/250: loss=0.017186
        Phase2 Epoch 200/250: loss=0.015401
        Phase2 Epoch 250/250: loss=0.002463
        E_mu=0.1014  E_Sigma=0.0717
      → baseline
  Precomputing encoder-pullback target...
  Stage 2 epoch 60/300: loss=0.003093
  Stage 2 epoch 120/300: loss=0.002462
  Stage 2 epoch 180/300: loss=0.002402
  Stage 2 epoch 240/300: loss=0.002799
  Stage 2 epoch 300/300: loss=0.001899
  Stage 3 epoch 60/300: loss=0.000145
  Stage 3 epoch 120/300: loss=0.000091
  Stage 3 epoch 180/300: loss=0.000134
  Stage 3 epoch 240/300: loss=0.000090
  Stage 3 epoch 300/300: loss=0.000055
  rcMTE@0.1: 0.3516 (290/500 in region)
  rcMTE@0.5: 0.5653 (89/500 in region)
  rcMTE@1.0: 0.5167 (30/500 in region)
  MTE@0.1: 0.6209
  MTE@0.5: 1.0930
  MTE@1.0: 1.0837
  W2@1.0:  0.6326
  sW2@0.1: 0.3919 (290/500 in region)
  sW2@0.2: 0.4939 (208/500 in region)
  sW2@0.5: 0.5499 (89/500 in region)
  sW2@1.0: 0.5494 (30/500 in region)
  MMD@1.0: 0.1961
  Survival@1.0: 27.2%
  Stopped@1.0:  6.0%
      Phase 2 AE: K_weight=0.4275
        Phase2 Epoch 50/250: loss=0.036309
        Phase2 Epoch 100/250: loss=0.026405
        Phase2 Epoch 150/250: loss=0.021380
        Phase2 Epoch 200/250: loss=0.022778
        Phase2 Epoch 250/250: loss=0.002673
        E_mu=0.0603  E_Sigma=0.0593
      → K
  Precomputing encoder-pullback target...
  Stage 2 epoch 60/300: loss=0.003013
  Stage 2 epoch 120/300: loss=0.001907
  Stage 2 epoch 180/300: loss=0.001922
  Stage 2 epoch 240/300: loss=0.002710
  Stage 2 epoch 300/300: loss=0.001540
  Stage 3 epoch 60/300: loss=0.000140
  Stage 3 epoch 120/300: loss=0.000084
  Stage 3 epoch 180/300: loss=0.000117
  Stage 3 epoch 240/300: loss=0.000080
  Stage 3 epoch 300/300: loss=0.000047
  rcMTE@0.1: 0.3565 (290/500 in region)
  rcMTE@0.5: 0.5583 (89/500 in region)
  rcMTE@1.0: 0.4901 (30/500 in region)
  MTE@0.1: 0.6244
  MTE@0.5: 1.1010
  MTE@1.0: 1.0733
  W2@1.0:  0.6454
  sW2@0.1: 0.4067 (290/500 in region)
  sW2@0.2: 0.5133 (208/500 in region)
  sW2@0.5: 0.5562 (89/500 in region)
  sW2@1.0: 0.5150 (30/500 in region)
  MMD@1.0: 0.2109
  Survival@1.0: 27.2%
  Stopped@1.0:  6.0%
      → K+S
  Precomputing encoder-pullback target...
  Stage 2 epoch 60/300: loss=0.003013
  Stage 2 epoch 120/300: loss=0.001907
  Stage 2 epoch 180/300: loss=0.001922
  Stage 2 epoch 240/300: loss=0.002710
  Stage 2 epoch 300/300: loss=0.001540
  Stage 3 epoch 60/300: loss=0.000140
  Stage 3 epoch 120/300: loss=0.000084
  Stage 3 epoch 180/300: loss=0.000117
  Stage 3 epoch 240/300: loss=0.000080
  Stage 3 epoch 300/300: loss=0.000047
  rcMTE@0.1: 0.3565 (290/500 in region)
  rcMTE@0.5: 0.5583 (89/500 in region)
  rcMTE@1.0: 0.4901 (30/500 in region)
  MTE@0.1: 0.6244
  MTE@0.5: 1.1010
  MTE@1.0: 1.0733
  W2@1.0:  0.6454
  sW2@0.1: 0.4067 (290/500 in region)
  sW2@0.2: 0.5133 (208/500 in region)
  sW2@0.5: 0.5562 (89/500 in region)
  sW2@1.0: 0.5150 (30/500 in region)
  MMD@1.0: 0.2109
  Survival@1.0: 27.2%
  Stopped@1.0:  6.0%
      baseline: W2=0.6326  E_mu=0.1014  E_Sig=0.0717
             K: W2=0.6454  E_mu=0.0603  E_Sig=0.0593
           K+S: W2=0.6454  E_mu=0.0603  E_Sig=0.0593

============================================================
  N=100 | D=201 (K=99) | paraboloid | seed=7042
============================================================
    Phase1 Epoch 50/250: loss=0.851483
    Phase1 Epoch 100/250: loss=0.524473
    Phase1 Epoch 150/250: loss=0.151441
    Phase1 Epoch 200/250: loss=0.113848
    Phase1 Epoch 250/250: loss=0.041727
      Phase 2 AE: K_weight=0.0000
        Phase2 Epoch 50/250: loss=0.030706
        Phase2 Epoch 100/250: loss=0.040891
        Phase2 Epoch 150/250: loss=0.041396
        Phase2 Epoch 200/250: loss=0.028372
        Phase2 Epoch 250/250: loss=0.044849
        E_mu=0.1841  E_Sigma=0.9691
      → baseline
  Precomputing encoder-pullback target...
  Stage 2 epoch 60/300: loss=0.019235
  Stage 2 epoch 120/300: loss=0.012906
  Stage 2 epoch 180/300: loss=0.009554
  Stage 2 epoch 240/300: loss=0.010880
  Stage 2 epoch 300/300: loss=0.008647
  Stage 3 epoch 60/300: loss=0.000187
  Stage 3 epoch 120/300: loss=0.000144
  Stage 3 epoch 180/300: loss=0.000131
  Stage 3 epoch 240/300: loss=0.000117
  Stage 3 epoch 300/300: loss=0.000109
  rcMTE@0.1: 0.6143 (316/500 in region)
  rcMTE@0.5: 0.9650 (109/500 in region)
  rcMTE@1.0: 1.0022 (29/500 in region)
  MTE@0.1: 1.1943
  MTE@0.5: 1.7202
  MTE@1.0: 1.9165
  W2@1.0:  0.9142
  sW2@0.1: 0.8275 (316/500 in region)
  sW2@0.2: 0.9884 (232/500 in region)
  sW2@0.5: 0.9707 (109/500 in region)
  sW2@1.0: 1.1038 (29/500 in region)
  MMD@1.0: 0.2707
  Survival@1.0: 28.8%
  Stopped@1.0:  5.8%
      Phase 2 AE: K_weight=0.4275
        Phase2 Epoch 50/250: loss=0.044247
        Phase2 Epoch 100/250: loss=0.046634
        Phase2 Epoch 150/250: loss=0.023242
        Phase2 Epoch 200/250: loss=0.026942
        Phase2 Epoch 250/250: loss=0.025262
        E_mu=0.1112  E_Sigma=0.3572
      → K
  Precomputing encoder-pullback target...
  Stage 2 epoch 60/300: loss=0.013925
  Stage 2 epoch 120/300: loss=0.004657
  Stage 2 epoch 180/300: loss=0.004046
  Stage 2 epoch 240/300: loss=0.004850
  Stage 2 epoch 300/300: loss=0.004005
  Stage 3 epoch 60/300: loss=0.000158
  Stage 3 epoch 120/300: loss=0.000128
  Stage 3 epoch 180/300: loss=0.000119
  Stage 3 epoch 240/300: loss=0.000104
  Stage 3 epoch 300/300: loss=0.000097
  rcMTE@0.1: 0.6238 (316/500 in region)
  rcMTE@0.5: 1.0088 (109/500 in region)
  rcMTE@1.0: 1.0200 (29/500 in region)
  MTE@0.1: 1.2348
  MTE@0.5: 1.8274
  MTE@1.0: 2.0064
  W2@1.0:  1.0283
  sW2@0.1: 0.9039 (316/500 in region)
  sW2@0.2: 1.1626 (232/500 in region)
  sW2@0.5: 1.1196 (109/500 in region)
  sW2@1.0: 1.2273 (29/500 in region)
  MMD@1.0: 0.2672
  Survival@1.0: 28.8%
  Stopped@1.0:  5.8%
      → K+S
  Precomputing encoder-pullback target...
  Stage 2 epoch 60/300: loss=0.013925
  Stage 2 epoch 120/300: loss=0.004657
  Stage 2 epoch 180/300: loss=0.004046
  Stage 2 epoch 240/300: loss=0.004850
  Stage 2 epoch 300/300: loss=0.004005
  Stage 3 epoch 60/300: loss=0.000158
  Stage 3 epoch 120/300: loss=0.000128
  Stage 3 epoch 180/300: loss=0.000119
  Stage 3 epoch 240/300: loss=0.000104
  Stage 3 epoch 300/300: loss=0.000097
  rcMTE@0.1: 0.6238 (316/500 in region)
  rcMTE@0.5: 1.0088 (109/500 in region)
  rcMTE@1.0: 1.0200 (29/500 in region)
  MTE@0.1: 1.2348
  MTE@0.5: 1.8274
  MTE@1.0: 2.0064
  W2@1.0:  1.0283
  sW2@0.1: 0.9039 (316/500 in region)
  sW2@0.2: 1.1626 (232/500 in region)
  sW2@0.5: 1.1196 (109/500 in region)
  sW2@1.0: 1.2273 (29/500 in region)
  MMD@1.0: 0.2672
  Survival@1.0: 28.8%
  Stopped@1.0:  5.8%
      baseline: W2=0.9142  E_mu=0.1841  E_Sig=0.9691
             K: W2=1.0283  E_mu=0.1112  E_Sig=0.3572
           K+S: W2=1.0283  E_mu=0.1112  E_Sig=0.3572

============================================================
  N=100 | D=201 (K=99) | paraboloid | seed=8042
============================================================
    Phase1 Epoch 50/250: loss=0.858691
    Phase1 Epoch 100/250: loss=0.808630
    Phase1 Epoch 150/250: loss=0.728208
    Phase1 Epoch 200/250: loss=0.473765
    Phase1 Epoch 250/250: loss=0.117021
      Phase 2 AE: K_weight=0.0000
        Phase2 Epoch 50/250: loss=0.060272
        Phase2 Epoch 100/250: loss=0.040132
        Phase2 Epoch 150/250: loss=0.046716
        Phase2 Epoch 200/250: loss=0.044491
        Phase2 Epoch 250/250: loss=0.015300
        E_mu=0.2416  E_Sigma=0.4662
      → baseline
  Precomputing encoder-pullback target...
  Stage 2 epoch 60/300: loss=0.006474
  Stage 2 epoch 120/300: loss=0.006148
  Stage 2 epoch 180/300: loss=0.003323
  Stage 2 epoch 240/300: loss=0.002698
  Stage 2 epoch 300/300: loss=0.002010
  Stage 3 epoch 60/300: loss=0.000317
  Stage 3 epoch 120/300: loss=0.000097
  Stage 3 epoch 180/300: loss=0.000099
  Stage 3 epoch 240/300: loss=0.000063
  Stage 3 epoch 300/300: loss=0.000071
  rcMTE@0.1: 0.4922 (269/500 in region)
  rcMTE@0.5: 0.9873 (84/500 in region)
  rcMTE@1.0: 1.1991 (29/500 in region)
  MTE@0.1: 0.9703
  MTE@0.5: 1.5762
  MTE@1.0: 1.9693
  W2@1.0:  1.2206
  sW2@0.1: 0.5342 (269/500 in region)
  sW2@0.2: 0.7797 (192/500 in region)
  sW2@0.5: 1.1827 (84/500 in region)
  sW2@1.0: 1.5450 (29/500 in region)
  MMD@1.0: 0.2513
  Survival@1.0: 27.0%
  Stopped@1.0:  5.8%
      Phase 2 AE: K_weight=0.4275
        Phase2 Epoch 50/250: loss=0.055011
        Phase2 Epoch 100/250: loss=0.031050
        Phase2 Epoch 150/250: loss=0.019183
        Phase2 Epoch 200/250: loss=0.024503
        Phase2 Epoch 250/250: loss=0.021565
        E_mu=0.1923  E_Sigma=0.3087
      → K
  Precomputing encoder-pullback target...
  Stage 2 epoch 60/300: loss=0.007366
  Stage 2 epoch 120/300: loss=0.032269
  Stage 2 epoch 180/300: loss=0.007009
  Stage 2 epoch 240/300: loss=0.006139
  Stage 2 epoch 300/300: loss=0.005973
  Stage 3 epoch 60/300: loss=0.000302
  Stage 3 epoch 120/300: loss=0.000073
  Stage 3 epoch 180/300: loss=0.000071
  Stage 3 epoch 240/300: loss=0.000044
  Stage 3 epoch 300/300: loss=0.000051
  rcMTE@0.1: 0.4958 (269/500 in region)
  rcMTE@0.5: 0.9994 (84/500 in region)
  rcMTE@1.0: 1.2179 (29/500 in region)
  MTE@0.1: 1.0810
  MTE@0.5: 1.6937
  MTE@1.0: 2.1291
  W2@1.0:  1.4674
  sW2@0.1: 0.6971 (269/500 in region)
  sW2@0.2: 0.9325 (192/500 in region)
  sW2@0.5: 1.3385 (84/500 in region)
  sW2@1.0: 1.7933 (29/500 in region)
  MMD@1.0: 0.2865
  Survival@1.0: 27.0%
  Stopped@1.0:  5.8%
      → K+S
  Precomputing encoder-pullback target...
  Stage 2 epoch 60/300: loss=0.007366
  Stage 2 epoch 120/300: loss=0.032269
  Stage 2 epoch 180/300: loss=0.007009
  Stage 2 epoch 240/300: loss=0.006139
  Stage 2 epoch 300/300: loss=0.005973
  Stage 3 epoch 60/300: loss=0.000302
  Stage 3 epoch 120/300: loss=0.000073
  Stage 3 epoch 180/300: loss=0.000071
  Stage 3 epoch 240/300: loss=0.000044
  Stage 3 epoch 300/300: loss=0.000051
  rcMTE@0.1: 0.4958 (269/500 in region)
  rcMTE@0.5: 0.9994 (84/500 in region)
  rcMTE@1.0: 1.2179 (29/500 in region)
  MTE@0.1: 1.0810
  MTE@0.5: 1.6937
  MTE@1.0: 2.1291
  W2@1.0:  1.4674
  sW2@0.1: 0.6971 (269/500 in region)
  sW2@0.2: 0.9325 (192/500 in region)
  sW2@0.5: 1.3385 (84/500 in region)
  sW2@1.0: 1.7933 (29/500 in region)
  MMD@1.0: 0.2865
  Survival@1.0: 27.0%
  Stopped@1.0:  5.8%
      baseline: W2=1.2206  E_mu=0.2416  E_Sig=0.4662
             K: W2=1.4674  E_mu=0.1923  E_Sig=0.3087
           K+S: W2=1.4674  E_mu=0.1923  E_Sig=0.3087

============================================================
  N=100 | D=201 (K=99) | paraboloid | seed=9042
============================================================
    Phase1 Epoch 50/250: loss=0.863524
    Phase1 Epoch 100/250: loss=0.579507
    Phase1 Epoch 150/250: loss=0.182685
    Phase1 Epoch 200/250: loss=0.059713
    Phase1 Epoch 250/250: loss=0.053593
      Phase 2 AE: K_weight=0.0000
        Phase2 Epoch 50/250: loss=0.038385
        Phase2 Epoch 100/250: loss=0.021220
        Phase2 Epoch 150/250: loss=0.029689
        Phase2 Epoch 200/250: loss=0.020257
        Phase2 Epoch 250/250: loss=0.014314
        E_mu=0.1138  E_Sigma=0.2329
      → baseline
  Precomputing encoder-pullback target...
  Stage 2 epoch 60/300: loss=0.002260
  Stage 2 epoch 120/300: loss=0.003315
  Stage 2 epoch 180/300: loss=0.001973
  Stage 2 epoch 240/300: loss=0.002065
  Stage 2 epoch 300/300: loss=0.002649
  Stage 3 epoch 60/300: loss=0.000046
  Stage 3 epoch 120/300: loss=0.000065
  Stage 3 epoch 180/300: loss=0.000043
  Stage 3 epoch 240/300: loss=0.000051
  Stage 3 epoch 300/300: loss=0.000040
  rcMTE@0.1: 0.6244 (280/500 in region)
  rcMTE@0.5: 0.9914 (85/500 in region)
  rcMTE@1.0: 0.9913 (22/500 in region)
  MTE@0.1: 1.2100
  MTE@0.5: 1.7802
  MTE@1.0: 1.8470
  W2@1.0:  1.0258
  sW2@0.1: 0.8072 (280/500 in region)
  sW2@0.2: 0.9103 (205/500 in region)
  sW2@0.5: 1.3061 (85/500 in region)
  sW2@1.0: 1.2411 (22/500 in region)
  MMD@1.0: 0.3257
  Survival@1.0: 28.2%
  Stopped@1.0:  4.4%
      Phase 2 AE: K_weight=0.4275
        Phase2 Epoch 50/250: loss=0.031154
        Phase2 Epoch 100/250: loss=0.029513
        Phase2 Epoch 150/250: loss=0.036661
        Phase2 Epoch 200/250: loss=0.047916
        Phase2 Epoch 250/250: loss=0.014372
        E_mu=0.1469  E_Sigma=0.4677
      → K
  Precomputing encoder-pullback target...
  Stage 2 epoch 60/300: loss=0.009248
  Stage 2 epoch 120/300: loss=0.007491
  Stage 2 epoch 180/300: loss=0.005247
  Stage 2 epoch 240/300: loss=0.005376
  Stage 2 epoch 300/300: loss=0.007289
  Stage 3 epoch 60/300: loss=0.000053
  Stage 3 epoch 120/300: loss=0.000079
  Stage 3 epoch 180/300: loss=0.000055
  Stage 3 epoch 240/300: loss=0.000057
  Stage 3 epoch 300/300: loss=0.000047
  rcMTE@0.1: 0.6359 (280/500 in region)
  rcMTE@0.5: 0.9704 (85/500 in region)
  rcMTE@1.0: 0.9462 (22/500 in region)
  MTE@0.1: 1.1285
  MTE@0.5: 1.6504
  MTE@1.0: 1.6771
  W2@1.0:  0.7149
  sW2@0.1: 0.6941 (280/500 in region)
  sW2@0.2: 0.7621 (205/500 in region)
  sW2@0.5: 1.0192 (85/500 in region)
  sW2@1.0: 0.9922 (22/500 in region)
  MMD@1.0: 0.2656
  Survival@1.0: 28.2%
  Stopped@1.0:  4.4%
      → K+S
  Precomputing encoder-pullback target...
  Stage 2 epoch 60/300: loss=0.009248
  Stage 2 epoch 120/300: loss=0.007491
  Stage 2 epoch 180/300: loss=0.005247
  Stage 2 epoch 240/300: loss=0.005376
  Stage 2 epoch 300/300: loss=0.007289
  Stage 3 epoch 60/300: loss=0.000053
  Stage 3 epoch 120/300: loss=0.000079
  Stage 3 epoch 180/300: loss=0.000055
  Stage 3 epoch 240/300: loss=0.000057
  Stage 3 epoch 300/300: loss=0.000047
  rcMTE@0.1: 0.6359 (280/500 in region)
  rcMTE@0.5: 0.9704 (85/500 in region)
  rcMTE@1.0: 0.9462 (22/500 in region)
  MTE@0.1: 1.1285
  MTE@0.5: 1.6504
  MTE@1.0: 1.6771
  W2@1.0:  0.7149
  sW2@0.1: 0.6941 (280/500 in region)
  sW2@0.2: 0.7621 (205/500 in region)
  sW2@0.5: 1.0192 (85/500 in region)
  sW2@1.0: 0.9922 (22/500 in region)
  MMD@1.0: 0.2656
  Survival@1.0: 28.2%
  Stopped@1.0:  4.4%
      baseline: W2=1.0258  E_mu=0.1138  E_Sig=0.2329
             K: W2=0.7149  E_mu=0.1469  E_Sig=0.4677
           K+S: W2=0.7149  E_mu=0.1469  E_Sig=0.4677

============================================================
  N=100 | D=201 (K=99) | hyperbolic_paraboloid | seed=42
============================================================
    Phase1 Epoch 50/250: loss=0.907396
    Phase1 Epoch 100/250: loss=0.753936
    Phase1 Epoch 150/250: loss=0.213844
    Phase1 Epoch 200/250: loss=0.064458
    Phase1 Epoch 250/250: loss=0.041434
      Phase 2 AE: K_weight=0.0000
        Phase2 Epoch 50/250: loss=0.027234
        Phase2 Epoch 100/250: loss=0.031740
        Phase2 Epoch 150/250: loss=0.013114
        Phase2 Epoch 200/250: loss=0.013245
        Phase2 Epoch 250/250: loss=0.013284
        E_mu=0.0745  E_Sigma=0.1690
      → baseline
  Precomputing encoder-pullback target...
  Stage 2 epoch 60/300: loss=0.003832
  Stage 2 epoch 120/300: loss=0.004617
  Stage 2 epoch 180/300: loss=0.005665
  Stage 2 epoch 240/300: loss=0.003296
  Stage 2 epoch 300/300: loss=0.003126
  Stage 3 epoch 60/300: loss=0.000030
  Stage 3 epoch 120/300: loss=0.000021
  Stage 3 epoch 180/300: loss=0.000015
  Stage 3 epoch 240/300: loss=0.000018
  Stage 3 epoch 300/300: loss=0.000013
  rcMTE@0.1: 0.5544 (292/500 in region)
  rcMTE@0.5: 0.9191 (97/500 in region)
  rcMTE@1.0: 0.8415 (21/500 in region)
  MTE@0.1: 1.0434
  MTE@0.5: 1.6606
  MTE@1.0: 1.5756
  W2@1.0:  0.6271
  sW2@0.1: 0.5290 (292/500 in region)
  sW2@0.2: 0.6831 (214/500 in region)
  sW2@0.5: 0.7023 (97/500 in region)
  sW2@1.0: 1.0148 (21/500 in region)
  MMD@1.0: 0.2087
  Survival@1.0: 28.0%
  Stopped@1.0:  4.2%
      Phase 2 AE: K_weight=0.4275
        Phase2 Epoch 50/250: loss=0.022169
        Phase2 Epoch 100/250: loss=0.022037
        Phase2 Epoch 150/250: loss=0.018088
        Phase2 Epoch 200/250: loss=0.007748
        Phase2 Epoch 250/250: loss=0.009487
        E_mu=0.0739  E_Sigma=0.1771
      → K
  Precomputing encoder-pullback target...
  Stage 2 epoch 60/300: loss=0.001890
  Stage 2 epoch 120/300: loss=0.001670
  Stage 2 epoch 180/300: loss=0.002509
  Stage 2 epoch 240/300: loss=0.001561
  Stage 2 epoch 300/300: loss=0.001536
  Stage 3 epoch 60/300: loss=0.000029
  Stage 3 epoch 120/300: loss=0.000022
  Stage 3 epoch 180/300: loss=0.000015
  Stage 3 epoch 240/300: loss=0.000018
  Stage 3 epoch 300/300: loss=0.000012
  rcMTE@0.1: 0.5670 (292/500 in region)
  rcMTE@0.5: 0.9525 (97/500 in region)
  rcMTE@1.0: 0.8887 (21/500 in region)
  MTE@0.1: 1.0667
  MTE@0.5: 1.7464
  MTE@1.0: 1.6764
  W2@1.0:  0.7568
  sW2@0.1: 0.5875 (292/500 in region)
  sW2@0.2: 0.7707 (214/500 in region)
  sW2@0.5: 0.8319 (97/500 in region)
  sW2@1.0: 1.1279 (21/500 in region)
  MMD@1.0: 0.2442
  Survival@1.0: 28.0%
  Stopped@1.0:  4.2%
      → K+S
  Precomputing encoder-pullback target...
  Stage 2 epoch 60/300: loss=0.001890
  Stage 2 epoch 120/300: loss=0.001670
  Stage 2 epoch 180/300: loss=0.002509
  Stage 2 epoch 240/300: loss=0.001561
  Stage 2 epoch 300/300: loss=0.001536
  Stage 3 epoch 60/300: loss=0.000029
  Stage 3 epoch 120/300: loss=0.000022
  Stage 3 epoch 180/300: loss=0.000015
  Stage 3 epoch 240/300: loss=0.000018
  Stage 3 epoch 300/300: loss=0.000012
  rcMTE@0.1: 0.5670 (292/500 in region)
  rcMTE@0.5: 0.9525 (97/500 in region)
  rcMTE@1.0: 0.8887 (21/500 in region)
  MTE@0.1: 1.0667
  MTE@0.5: 1.7464
  MTE@1.0: 1.6764
  W2@1.0:  0.7568
  sW2@0.1: 0.5875 (292/500 in region)
  sW2@0.2: 0.7707 (214/500 in region)
  sW2@0.5: 0.8319 (97/500 in region)
  sW2@1.0: 1.1279 (21/500 in region)
  MMD@1.0: 0.2442
  Survival@1.0: 28.0%
  Stopped@1.0:  4.2%
      baseline: W2=0.6271  E_mu=0.0745  E_Sig=0.1690
             K: W2=0.7568  E_mu=0.0739  E_Sig=0.1771
           K+S: W2=0.7568  E_mu=0.0739  E_Sig=0.1771

============================================================
  N=100 | D=201 (K=99) | hyperbolic_paraboloid | seed=1042
============================================================
    Phase1 Epoch 50/250: loss=0.880491
    Phase1 Epoch 100/250: loss=0.711294
    Phase1 Epoch 150/250: loss=0.468853
    Phase1 Epoch 200/250: loss=0.048190
    Phase1 Epoch 250/250: loss=0.064772
      Phase 2 AE: K_weight=0.0000
        Phase2 Epoch 50/250: loss=0.029382
        Phase2 Epoch 100/250: loss=0.059309
        Phase2 Epoch 150/250: loss=0.024528
        Phase2 Epoch 200/250: loss=0.012887
        Phase2 Epoch 250/250: loss=0.016929
        E_mu=0.1497  E_Sigma=0.2372
      → baseline
  Precomputing encoder-pullback target...
  Stage 2 epoch 60/300: loss=0.002527
  Stage 2 epoch 120/300: loss=0.002253
  Stage 2 epoch 180/300: loss=0.002445
  Stage 2 epoch 240/300: loss=0.002393
  Stage 2 epoch 300/300: loss=0.002179
  Stage 3 epoch 60/300: loss=0.000139
  Stage 3 epoch 120/300: loss=0.000057
  Stage 3 epoch 180/300: loss=0.000065
  Stage 3 epoch 240/300: loss=0.000050
  Stage 3 epoch 300/300: loss=0.000045
  rcMTE@0.1: 0.7661 (285/500 in region)
  rcMTE@0.5: 1.1135 (98/500 in region)
  rcMTE@1.0: 1.2422 (31/500 in region)
  MTE@0.1: 1.3475
  MTE@0.5: 2.0281
  MTE@1.0: 2.1594
  W2@1.0:  0.9286
  sW2@0.1: 0.6377 (285/500 in region)
  sW2@0.2: 0.8630 (204/500 in region)
  sW2@0.5: 0.9320 (98/500 in region)
  sW2@1.0: 1.0340 (31/500 in region)
  MMD@1.0: 0.2192
  Survival@1.0: 29.8%
  Stopped@1.0:  6.2%
      Phase 2 AE: K_weight=0.4275
        Phase2 Epoch 50/250: loss=0.067323
        Phase2 Epoch 100/250: loss=0.016047
        Phase2 Epoch 150/250: loss=0.036733
        Phase2 Epoch 200/250: loss=0.028927
        Phase2 Epoch 250/250: loss=0.025168
        E_mu=0.0852  E_Sigma=0.2531
      → K
  Precomputing encoder-pullback target...
  Stage 2 epoch 60/300: loss=0.005929
  Stage 2 epoch 120/300: loss=0.005836
  Stage 2 epoch 180/300: loss=0.006041
  Stage 2 epoch 240/300: loss=0.006402
  Stage 2 epoch 300/300: loss=0.005078
  Stage 3 epoch 60/300: loss=0.000125
  Stage 3 epoch 120/300: loss=0.000054
  Stage 3 epoch 180/300: loss=0.000064
  Stage 3 epoch 240/300: loss=0.000047
  Stage 3 epoch 300/300: loss=0.000039
  rcMTE@0.1: 0.7728 (285/500 in region)
  rcMTE@0.5: 1.0882 (98/500 in region)
  rcMTE@1.0: 1.1833 (31/500 in region)
  MTE@0.1: 1.3530
  MTE@0.5: 1.9873
  MTE@1.0: 2.0892
  W2@1.0:  0.8228
  sW2@0.1: 0.6851 (285/500 in region)
  sW2@0.2: 0.8715 (204/500 in region)
  sW2@0.5: 0.8805 (98/500 in region)
  sW2@1.0: 0.9407 (31/500 in region)
  MMD@1.0: 0.2186
  Survival@1.0: 29.8%
  Stopped@1.0:  6.2%
      → K+S
  Precomputing encoder-pullback target...
  Stage 2 epoch 60/300: loss=0.005929
  Stage 2 epoch 120/300: loss=0.005836
  Stage 2 epoch 180/300: loss=0.006041
  Stage 2 epoch 240/300: loss=0.006402
  Stage 2 epoch 300/300: loss=0.005078
  Stage 3 epoch 60/300: loss=0.000125
  Stage 3 epoch 120/300: loss=0.000054
  Stage 3 epoch 180/300: loss=0.000064
  Stage 3 epoch 240/300: loss=0.000047
  Stage 3 epoch 300/300: loss=0.000039
  rcMTE@0.1: 0.7728 (285/500 in region)
  rcMTE@0.5: 1.0882 (98/500 in region)
  rcMTE@1.0: 1.1833 (31/500 in region)
  MTE@0.1: 1.3530
  MTE@0.5: 1.9873
  MTE@1.0: 2.0892
  W2@1.0:  0.8228
  sW2@0.1: 0.6851 (285/500 in region)
  sW2@0.2: 0.8715 (204/500 in region)
  sW2@0.5: 0.8805 (98/500 in region)
  sW2@1.0: 0.9407 (31/500 in region)
  MMD@1.0: 0.2186
  Survival@1.0: 29.8%
  Stopped@1.0:  6.2%
      baseline: W2=0.9286  E_mu=0.1497  E_Sig=0.2372
             K: W2=0.8228  E_mu=0.0852  E_Sig=0.2531
           K+S: W2=0.8228  E_mu=0.0852  E_Sig=0.2531

============================================================
  N=100 | D=201 (K=99) | hyperbolic_paraboloid | seed=2042
============================================================
    Phase1 Epoch 50/250: loss=0.917460
    Phase1 Epoch 100/250: loss=0.670192
    Phase1 Epoch 150/250: loss=0.145437
    Phase1 Epoch 200/250: loss=0.055377
    Phase1 Epoch 250/250: loss=0.046794
      Phase 2 AE: K_weight=0.0000
        Phase2 Epoch 50/250: loss=0.018448
        Phase2 Epoch 100/250: loss=0.031539
        Phase2 Epoch 150/250: loss=0.013555
        Phase2 Epoch 200/250: loss=0.015069
        Phase2 Epoch 250/250: loss=0.003213
        E_mu=0.0798  E_Sigma=0.1124
      → baseline
  Precomputing encoder-pullback target...
  Stage 2 epoch 60/300: loss=0.002367
  Stage 2 epoch 120/300: loss=0.002075
  Stage 2 epoch 180/300: loss=0.001697
  Stage 2 epoch 240/300: loss=0.001572
  Stage 2 epoch 300/300: loss=0.001720
  Stage 3 epoch 60/300: loss=0.000138
  Stage 3 epoch 120/300: loss=0.000092
  Stage 3 epoch 180/300: loss=0.000029
  Stage 3 epoch 240/300: loss=0.000019
  Stage 3 epoch 300/300: loss=0.000015
  rcMTE@0.1: 0.1885 (293/500 in region)
  rcMTE@0.5: 0.3336 (88/500 in region)
  rcMTE@1.0: 0.4803 (24/500 in region)
  MTE@0.1: 0.4007
  MTE@0.5: 0.7415
  MTE@1.0: 0.8769
  W2@1.0:  0.6655
  sW2@0.1: 0.2373 (293/500 in region)
  sW2@0.2: 0.2781 (212/500 in region)
  sW2@0.5: 0.5500 (88/500 in region)
  sW2@1.0: 0.5460 (24/500 in region)
  MMD@1.0: 0.2413
  Survival@1.0: 26.6%
  Stopped@1.0:  4.8%
      Phase 2 AE: K_weight=0.4275
        Phase2 Epoch 50/250: loss=0.047304
        Phase2 Epoch 100/250: loss=0.020081
        Phase2 Epoch 150/250: loss=0.014746
        Phase2 Epoch 200/250: loss=0.012018
        Phase2 Epoch 250/250: loss=0.030405
        E_mu=0.0887  E_Sigma=0.4228
      → K
  Precomputing encoder-pullback target...
  Stage 2 epoch 60/300: loss=0.002868
  Stage 2 epoch 120/300: loss=0.002718
  Stage 2 epoch 180/300: loss=0.002433
  Stage 2 epoch 240/300: loss=0.002422
  Stage 2 epoch 300/300: loss=0.002809
  Stage 3 epoch 60/300: loss=0.000152
  Stage 3 epoch 120/300: loss=0.000108
  Stage 3 epoch 180/300: loss=0.000072
  Stage 3 epoch 240/300: loss=0.000052
  Stage 3 epoch 300/300: loss=0.000039
  rcMTE@0.1: 0.3707 (293/500 in region)
  rcMTE@0.5: 0.7922 (88/500 in region)
  rcMTE@1.0: 0.7049 (24/500 in region)
  MTE@0.1: 0.8207
  MTE@0.5: 1.2694
  MTE@1.0: 1.4594
  W2@1.0:  0.9245
  sW2@0.1: 0.5561 (293/500 in region)
  sW2@0.2: 0.7322 (212/500 in region)
  sW2@0.5: 1.0235 (88/500 in region)
  sW2@1.0: 1.1284 (24/500 in region)
  MMD@1.0: 0.2658
  Survival@1.0: 26.6%
  Stopped@1.0:  4.8%
      → K+S
  Precomputing encoder-pullback target...
  Stage 2 epoch 60/300: loss=0.002868
  Stage 2 epoch 120/300: loss=0.002718
  Stage 2 epoch 180/300: loss=0.002433
  Stage 2 epoch 240/300: loss=0.002422
  Stage 2 epoch 300/300: loss=0.002809
  Stage 3 epoch 60/300: loss=0.000152
  Stage 3 epoch 120/300: loss=0.000108
  Stage 3 epoch 180/300: loss=0.000072
  Stage 3 epoch 240/300: loss=0.000052
  Stage 3 epoch 300/300: loss=0.000039
  rcMTE@0.1: 0.3707 (293/500 in region)
  rcMTE@0.5: 0.7922 (88/500 in region)
  rcMTE@1.0: 0.7049 (24/500 in region)
  MTE@0.1: 0.8207
  MTE@0.5: 1.2694
  MTE@1.0: 1.4594
  W2@1.0:  0.9245
  sW2@0.1: 0.5561 (293/500 in region)
  sW2@0.2: 0.7322 (212/500 in region)
  sW2@0.5: 1.0235 (88/500 in region)
  sW2@1.0: 1.1284 (24/500 in region)
  MMD@1.0: 0.2658
  Survival@1.0: 26.6%
  Stopped@1.0:  4.8%
      baseline: W2=0.6655  E_mu=0.0798  E_Sig=0.1124
             K: W2=0.9245  E_mu=0.0887  E_Sig=0.4228
           K+S: W2=0.9245  E_mu=0.0887  E_Sig=0.4228

============================================================
  N=100 | D=201 (K=99) | hyperbolic_paraboloid | seed=3042
============================================================
    Phase1 Epoch 50/250: loss=0.895884
    Phase1 Epoch 100/250: loss=0.805743
    Phase1 Epoch 150/250: loss=0.518140
    Phase1 Epoch 200/250: loss=0.042996
    Phase1 Epoch 250/250: loss=0.039107
      Phase 2 AE: K_weight=0.0000
        Phase2 Epoch 50/250: loss=0.020049
        Phase2 Epoch 100/250: loss=0.021769
        Phase2 Epoch 150/250: loss=0.014921
        Phase2 Epoch 200/250: loss=0.021509
        Phase2 Epoch 250/250: loss=0.013210
        E_mu=0.0816  E_Sigma=0.3274
      → baseline
  Precomputing encoder-pullback target...
  Stage 2 epoch 60/300: loss=0.002182
  Stage 2 epoch 120/300: loss=0.001906
  Stage 2 epoch 180/300: loss=0.001889
  Stage 2 epoch 240/300: loss=0.002523
  Stage 2 epoch 300/300: loss=0.001828
  Stage 3 epoch 60/300: loss=0.000317
  Stage 3 epoch 120/300: loss=0.000191
  Stage 3 epoch 180/300: loss=0.000357
  Stage 3 epoch 240/300: loss=0.000200
  Stage 3 epoch 300/300: loss=0.000116
  rcMTE@0.1: 0.5064 (275/500 in region)
  rcMTE@0.5: 0.7369 (78/500 in region)
  rcMTE@1.0: 0.7402 (25/500 in region)
  MTE@0.1: 1.1419
  MTE@0.5: 1.5976
  MTE@1.0: 1.6527
  W2@1.0:  0.9376
  sW2@0.1: 0.7620 (275/500 in region)
  sW2@0.2: 0.8313 (204/500 in region)
  sW2@0.5: 0.8748 (78/500 in region)
  sW2@1.0: 1.1283 (25/500 in region)
  MMD@1.0: 0.2614
  Survival@1.0: 27.2%
  Stopped@1.0:  5.0%
      Phase 2 AE: K_weight=0.4275
        Phase2 Epoch 50/250: loss=0.015848
        Phase2 Epoch 100/250: loss=0.027663
        Phase2 Epoch 150/250: loss=0.017212
        Phase2 Epoch 200/250: loss=0.012762
        Phase2 Epoch 250/250: loss=0.009430
        E_mu=0.0660  E_Sigma=0.1194
      → K
  Precomputing encoder-pullback target...
  Stage 2 epoch 60/300: loss=0.002605
  Stage 2 epoch 120/300: loss=0.002221
  Stage 2 epoch 180/300: loss=0.002110
  Stage 2 epoch 240/300: loss=0.001992
  Stage 2 epoch 300/300: loss=0.001971
  Stage 3 epoch 60/300: loss=0.000312
  Stage 3 epoch 120/300: loss=0.000185
  Stage 3 epoch 180/300: loss=0.000304
  Stage 3 epoch 240/300: loss=0.000225
  Stage 3 epoch 300/300: loss=0.000123
  rcMTE@0.1: 0.4934 (275/500 in region)
  rcMTE@0.5: 0.7177 (78/500 in region)
  rcMTE@1.0: 0.7651 (25/500 in region)
  MTE@0.1: 1.0255
  MTE@0.5: 1.4854
  MTE@1.0: 1.5463
  W2@1.0:  0.7725
  sW2@0.1: 0.6152 (275/500 in region)
  sW2@0.2: 0.6594 (204/500 in region)
  sW2@0.5: 0.7217 (78/500 in region)
  sW2@1.0: 1.0568 (25/500 in region)
  MMD@1.0: 0.2076
  Survival@1.0: 27.2%
  Stopped@1.0:  5.0%
      → K+S
  Precomputing encoder-pullback target...
  Stage 2 epoch 60/300: loss=0.002605
  Stage 2 epoch 120/300: loss=0.002221
  Stage 2 epoch 180/300: loss=0.002110
  Stage 2 epoch 240/300: loss=0.001992
  Stage 2 epoch 300/300: loss=0.001971
  Stage 3 epoch 60/300: loss=0.000312
  Stage 3 epoch 120/300: loss=0.000185
  Stage 3 epoch 180/300: loss=0.000304
  Stage 3 epoch 240/300: loss=0.000225
  Stage 3 epoch 300/300: loss=0.000123
  rcMTE@0.1: 0.4934 (275/500 in region)
  rcMTE@0.5: 0.7177 (78/500 in region)
  rcMTE@1.0: 0.7651 (25/500 in region)
  MTE@0.1: 1.0255
  MTE@0.5: 1.4854
  MTE@1.0: 1.5463
  W2@1.0:  0.7725
  sW2@0.1: 0.6152 (275/500 in region)
  sW2@0.2: 0.6594 (204/500 in region)
  sW2@0.5: 0.7217 (78/500 in region)
  sW2@1.0: 1.0568 (25/500 in region)
  MMD@1.0: 0.2076
  Survival@1.0: 27.2%
  Stopped@1.0:  5.0%
      baseline: W2=0.9376  E_mu=0.0816  E_Sig=0.3274
             K: W2=0.7725  E_mu=0.0660  E_Sig=0.1194
           K+S: W2=0.7725  E_mu=0.0660  E_Sig=0.1194

============================================================
  N=100 | D=201 (K=99) | hyperbolic_paraboloid | seed=4042
============================================================
    Phase1 Epoch 50/250: loss=0.923013
    Phase1 Epoch 100/250: loss=0.578195
    Phase1 Epoch 150/250: loss=0.074616
    Phase1 Epoch 200/250: loss=0.034456
    Phase1 Epoch 250/250: loss=0.032053
      Phase 2 AE: K_weight=0.0000
        Phase2 Epoch 50/250: loss=0.026615
        Phase2 Epoch 100/250: loss=0.022879
        Phase2 Epoch 150/250: loss=0.017257
        Phase2 Epoch 200/250: loss=0.018721
        Phase2 Epoch 250/250: loss=0.015816
        E_mu=0.0636  E_Sigma=0.3105
      → baseline
  Precomputing encoder-pullback target...
  Stage 2 epoch 60/300: loss=0.005006
  Stage 2 epoch 120/300: loss=0.004486
  Stage 2 epoch 180/300: loss=0.004039
  Stage 2 epoch 240/300: loss=0.004199
  Stage 2 epoch 300/300: loss=0.003510
  Stage 3 epoch 60/300: loss=0.000038
  Stage 3 epoch 120/300: loss=0.000033
  Stage 3 epoch 180/300: loss=0.000031
  Stage 3 epoch 240/300: loss=0.000023
  Stage 3 epoch 300/300: loss=0.000017
  rcMTE@0.1: 0.5973 (287/500 in region)
  rcMTE@0.5: 0.8506 (102/500 in region)
  rcMTE@1.0: 0.9050 (30/500 in region)
  MTE@0.1: 1.1765
  MTE@0.5: 1.6725
  MTE@1.0: 1.7082
  W2@1.0:  0.9557
  sW2@0.1: 0.7580 (287/500 in region)
  sW2@0.2: 0.9762 (207/500 in region)
  sW2@0.5: 0.9125 (102/500 in region)
  sW2@1.0: 1.0223 (30/500 in region)
  MMD@1.0: 0.3220
  Survival@1.0: 28.2%
  Stopped@1.0:  6.0%
      Phase 2 AE: K_weight=0.4275
        Phase2 Epoch 50/250: loss=0.036384
        Phase2 Epoch 100/250: loss=0.020438
        Phase2 Epoch 150/250: loss=0.019250
        Phase2 Epoch 200/250: loss=0.003404
        Phase2 Epoch 250/250: loss=0.002454
        E_mu=0.0510  E_Sigma=0.0606
      → K
  Precomputing encoder-pullback target...
  Stage 2 epoch 60/300: loss=0.001169
  Stage 2 epoch 120/300: loss=0.000967
  Stage 2 epoch 180/300: loss=0.000917
  Stage 2 epoch 240/300: loss=0.001421
  Stage 2 epoch 300/300: loss=0.000815
  Stage 3 epoch 60/300: loss=0.000024
  Stage 3 epoch 120/300: loss=0.000020
  Stage 3 epoch 180/300: loss=0.000021
  Stage 3 epoch 240/300: loss=0.000011
  Stage 3 epoch 300/300: loss=0.000008
  rcMTE@0.1: 0.5532 (287/500 in region)
  rcMTE@0.5: 0.8582 (102/500 in region)
  rcMTE@1.0: 0.8650 (30/500 in region)
  MTE@0.1: 0.9801
  MTE@0.5: 1.5469
  MTE@1.0: 1.6316
  W2@1.0:  0.8601
  sW2@0.1: 0.4938 (287/500 in region)
  sW2@0.2: 0.7529 (207/500 in region)
  sW2@0.5: 0.7369 (102/500 in region)
  sW2@1.0: 0.9079 (30/500 in region)
  MMD@1.0: 0.2529
  Survival@1.0: 28.2%
  Stopped@1.0:  6.0%
      → K+S
  Precomputing encoder-pullback target...
  Stage 2 epoch 60/300: loss=0.001169
  Stage 2 epoch 120/300: loss=0.000967
  Stage 2 epoch 180/300: loss=0.000917
  Stage 2 epoch 240/300: loss=0.001421
  Stage 2 epoch 300/300: loss=0.000815
  Stage 3 epoch 60/300: loss=0.000024
  Stage 3 epoch 120/300: loss=0.000020
  Stage 3 epoch 180/300: loss=0.000021
  Stage 3 epoch 240/300: loss=0.000011
  Stage 3 epoch 300/300: loss=0.000008
  rcMTE@0.1: 0.5532 (287/500 in region)
  rcMTE@0.5: 0.8582 (102/500 in region)
  rcMTE@1.0: 0.8650 (30/500 in region)
  MTE@0.1: 0.9801
  MTE@0.5: 1.5469
  MTE@1.0: 1.6316
  W2@1.0:  0.8601
  sW2@0.1: 0.4938 (287/500 in region)
  sW2@0.2: 0.7529 (207/500 in region)
  sW2@0.5: 0.7369 (102/500 in region)
  sW2@1.0: 0.9079 (30/500 in region)
  MMD@1.0: 0.2529
  Survival@1.0: 28.2%
  Stopped@1.0:  6.0%
      baseline: W2=0.9557  E_mu=0.0636  E_Sig=0.3105
             K: W2=0.8601  E_mu=0.0510  E_Sig=0.0606
           K+S: W2=0.8601  E_mu=0.0510  E_Sig=0.0606

============================================================
  N=100 | D=201 (K=99) | hyperbolic_paraboloid | seed=5042
============================================================
    Phase1 Epoch 50/250: loss=0.928395
    Phase1 Epoch 100/250: loss=0.750843
    Phase1 Epoch 150/250: loss=0.686708
    Phase1 Epoch 200/250: loss=0.569180
    Phase1 Epoch 250/250: loss=0.091489
      Phase 2 AE: K_weight=0.0000
        Phase2 Epoch 50/250: loss=0.033176
        Phase2 Epoch 100/250: loss=0.019493
        Phase2 Epoch 150/250: loss=0.017954
        Phase2 Epoch 200/250: loss=0.023363
        Phase2 Epoch 250/250: loss=0.012491
        E_mu=0.0876  E_Sigma=0.3631
      → baseline
  Precomputing encoder-pullback target...
  Stage 2 epoch 60/300: loss=0.002385
  Stage 2 epoch 120/300: loss=0.003065
  Stage 2 epoch 180/300: loss=0.002754
  Stage 2 epoch 240/300: loss=0.002464
  Stage 2 epoch 300/300: loss=0.003012
  Stage 3 epoch 60/300: loss=0.000252
  Stage 3 epoch 120/300: loss=0.000135
  Stage 3 epoch 180/300: loss=0.000139
  Stage 3 epoch 240/300: loss=0.000096
  Stage 3 epoch 300/300: loss=0.000092
  rcMTE@0.1: 0.4386 (285/500 in region)
  rcMTE@0.5: 0.7715 (93/500 in region)
  rcMTE@1.0: 0.7594 (33/500 in region)
  MTE@0.1: 1.0251
  MTE@0.5: 1.5180
  MTE@1.0: 1.4937
  W2@1.0:  0.9518
  sW2@0.1: 0.5874 (285/500 in region)
  sW2@0.2: 0.7208 (216/500 in region)
  sW2@0.5: 0.8524 (93/500 in region)
  sW2@1.0: 1.0419 (33/500 in region)
  MMD@1.0: 0.2786
  Survival@1.0: 25.8%
  Stopped@1.0:  6.6%
      Phase 2 AE: K_weight=0.4275
        Phase2 Epoch 50/250: loss=0.026788
        Phase2 Epoch 100/250: loss=0.025954
        Phase2 Epoch 150/250: loss=0.020973
        Phase2 Epoch 200/250: loss=0.018491
        Phase2 Epoch 250/250: loss=0.008652
        E_mu=0.0681  E_Sigma=0.2053
      → K
  Precomputing encoder-pullback target...
  Stage 2 epoch 60/300: loss=0.002211
  Stage 2 epoch 120/300: loss=0.002223
  Stage 2 epoch 180/300: loss=0.002145
  Stage 2 epoch 240/300: loss=0.002080
  Stage 2 epoch 300/300: loss=0.002452
  Stage 3 epoch 60/300: loss=0.000212
  Stage 3 epoch 120/300: loss=0.000129
  Stage 3 epoch 180/300: loss=0.000128
  Stage 3 epoch 240/300: loss=0.000086
  Stage 3 epoch 300/300: loss=0.000086
  rcMTE@0.1: 0.4101 (285/500 in region)
  rcMTE@0.5: 0.7533 (93/500 in region)
  rcMTE@1.0: 0.7258 (33/500 in region)
  MTE@0.1: 0.8799
  MTE@0.5: 1.3825
  MTE@1.0: 1.3789
  W2@1.0:  0.9152
  sW2@0.1: 0.4867 (285/500 in region)
  sW2@0.2: 0.6392 (216/500 in region)
  sW2@0.5: 0.8816 (93/500 in region)
  sW2@1.0: 1.0534 (33/500 in region)
  MMD@1.0: 0.2701
  Survival@1.0: 25.8%
  Stopped@1.0:  6.6%
      → K+S
  Precomputing encoder-pullback target...
  Stage 2 epoch 60/300: loss=0.002211
  Stage 2 epoch 120/300: loss=0.002223
  Stage 2 epoch 180/300: loss=0.002145
  Stage 2 epoch 240/300: loss=0.002080
  Stage 2 epoch 300/300: loss=0.002452
  Stage 3 epoch 60/300: loss=0.000212
  Stage 3 epoch 120/300: loss=0.000129
  Stage 3 epoch 180/300: loss=0.000128
  Stage 3 epoch 240/300: loss=0.000086
  Stage 3 epoch 300/300: loss=0.000086
  rcMTE@0.1: 0.4101 (285/500 in region)
  rcMTE@0.5: 0.7533 (93/500 in region)
  rcMTE@1.0: 0.7258 (33/500 in region)
  MTE@0.1: 0.8799
  MTE@0.5: 1.3825
  MTE@1.0: 1.3789
  W2@1.0:  0.9152
  sW2@0.1: 0.4867 (285/500 in region)
  sW2@0.2: 0.6392 (216/500 in region)
  sW2@0.5: 0.8816 (93/500 in region)
  sW2@1.0: 1.0534 (33/500 in region)
  MMD@1.0: 0.2701
  Survival@1.0: 25.8%
  Stopped@1.0:  6.6%
      baseline: W2=0.9518  E_mu=0.0876  E_Sig=0.3631
             K: W2=0.9152  E_mu=0.0681  E_Sig=0.2053
           K+S: W2=0.9152  E_mu=0.0681  E_Sig=0.2053

============================================================
  N=100 | D=201 (K=99) | hyperbolic_paraboloid | seed=6042
============================================================
    Phase1 Epoch 50/250: loss=0.875259
    Phase1 Epoch 100/250: loss=0.706170
    Phase1 Epoch 150/250: loss=0.206482
    Phase1 Epoch 200/250: loss=0.084876
    Phase1 Epoch 250/250: loss=0.019237
      Phase 2 AE: K_weight=0.0000
        Phase2 Epoch 50/250: loss=0.029602
        Phase2 Epoch 100/250: loss=0.010599
        Phase2 Epoch 150/250: loss=0.019180
        Phase2 Epoch 200/250: loss=0.043164
        Phase2 Epoch 250/250: loss=0.001826
        E_mu=0.0685  E_Sigma=0.0698
      → baseline
  Precomputing encoder-pullback target...
  Stage 2 epoch 60/300: loss=0.002669
  Stage 2 epoch 120/300: loss=0.001628
  Stage 2 epoch 180/300: loss=0.001661
  Stage 2 epoch 240/300: loss=0.002143
  Stage 2 epoch 300/300: loss=0.001222
  Stage 3 epoch 60/300: loss=0.000136
  Stage 3 epoch 120/300: loss=0.000086
  Stage 3 epoch 180/300: loss=0.000074
  Stage 3 epoch 240/300: loss=0.000049
  Stage 3 epoch 300/300: loss=0.000037
  rcMTE@0.1: 0.3454 (290/500 in region)
  rcMTE@0.5: 0.5016 (89/500 in region)
  rcMTE@1.0: 0.4468 (30/500 in region)
  MTE@0.1: 0.6163
  MTE@0.5: 1.0695
  MTE@1.0: 1.1142
  W2@1.0:  0.5589
  sW2@0.1: 0.3903 (290/500 in region)
  sW2@0.2: 0.4305 (208/500 in region)
  sW2@0.5: 0.4617 (89/500 in region)
  sW2@1.0: 0.4623 (30/500 in region)
  MMD@1.0: 0.1751
  Survival@1.0: 27.2%
  Stopped@1.0:  6.0%
      Phase 2 AE: K_weight=0.4275
        Phase2 Epoch 50/250: loss=0.035701
        Phase2 Epoch 100/250: loss=0.028688
        Phase2 Epoch 150/250: loss=0.013490
        Phase2 Epoch 200/250: loss=0.011795
        Phase2 Epoch 250/250: loss=0.006672
        E_mu=0.0482  E_Sigma=0.0940
      → K
  Precomputing encoder-pullback target...
  Stage 2 epoch 60/300: loss=0.003912
  Stage 2 epoch 120/300: loss=0.003228
  Stage 2 epoch 180/300: loss=0.002881
  Stage 2 epoch 240/300: loss=0.003330
  Stage 2 epoch 300/300: loss=0.002832
  Stage 3 epoch 60/300: loss=0.000146
  Stage 3 epoch 120/300: loss=0.000089
  Stage 3 epoch 180/300: loss=0.000077
  Stage 3 epoch 240/300: loss=0.000052
  Stage 3 epoch 300/300: loss=0.000042
  rcMTE@0.1: 0.3560 (290/500 in region)
  rcMTE@0.5: 0.5321 (89/500 in region)
  rcMTE@1.0: 0.4728 (30/500 in region)
  MTE@0.1: 0.6486
  MTE@0.5: 1.1047
  MTE@1.0: 1.1570
  W2@1.0:  0.6075
  sW2@0.1: 0.4201 (290/500 in region)
  sW2@0.2: 0.4702 (208/500 in region)
  sW2@0.5: 0.5051 (89/500 in region)
  sW2@1.0: 0.4676 (30/500 in region)
  MMD@1.0: 0.1629
  Survival@1.0: 27.2%
  Stopped@1.0:  6.0%
      → K+S
  Precomputing encoder-pullback target...
  Stage 2 epoch 60/300: loss=0.003912
  Stage 2 epoch 120/300: loss=0.003228
  Stage 2 epoch 180/300: loss=0.002881
  Stage 2 epoch 240/300: loss=0.003330
  Stage 2 epoch 300/300: loss=0.002832
  Stage 3 epoch 60/300: loss=0.000146
  Stage 3 epoch 120/300: loss=0.000089
  Stage 3 epoch 180/300: loss=0.000077
  Stage 3 epoch 240/300: loss=0.000052
  Stage 3 epoch 300/300: loss=0.000042
  rcMTE@0.1: 0.3560 (290/500 in region)
  rcMTE@0.5: 0.5321 (89/500 in region)
  rcMTE@1.0: 0.4728 (30/500 in region)
  MTE@0.1: 0.6486
  MTE@0.5: 1.1047
  MTE@1.0: 1.1570
  W2@1.0:  0.6075
  sW2@0.1: 0.4201 (290/500 in region)
  sW2@0.2: 0.4702 (208/500 in region)
  sW2@0.5: 0.5051 (89/500 in region)
  sW2@1.0: 0.4676 (30/500 in region)
  MMD@1.0: 0.1629
  Survival@1.0: 27.2%
  Stopped@1.0:  6.0%
      baseline: W2=0.5589  E_mu=0.0685  E_Sig=0.0698
             K: W2=0.6075  E_mu=0.0482  E_Sig=0.0940
           K+S: W2=0.6075  E_mu=0.0482  E_Sig=0.0940

============================================================
  N=100 | D=201 (K=99) | hyperbolic_paraboloid | seed=7042
============================================================
    Phase1 Epoch 50/250: loss=0.974119
    Phase1 Epoch 100/250: loss=0.499265
    Phase1 Epoch 150/250: loss=0.109518
    Phase1 Epoch 200/250: loss=0.119775
    Phase1 Epoch 250/250: loss=0.041171
      Phase 2 AE: K_weight=0.0000
        Phase2 Epoch 50/250: loss=0.041281
        Phase2 Epoch 100/250: loss=0.026884
        Phase2 Epoch 150/250: loss=0.022198
        Phase2 Epoch 200/250: loss=0.026087
        Phase2 Epoch 250/250: loss=0.021239
        E_mu=0.0906  E_Sigma=0.2148
      → baseline
  Precomputing encoder-pullback target...
  Stage 2 epoch 60/300: loss=0.002658
  Stage 2 epoch 120/300: loss=0.002741
  Stage 2 epoch 180/300: loss=0.002166
  Stage 2 epoch 240/300: loss=0.001907
  Stage 2 epoch 300/300: loss=0.002137
  Stage 3 epoch 60/300: loss=0.000148
  Stage 3 epoch 120/300: loss=0.000101
  Stage 3 epoch 180/300: loss=0.000077
  Stage 3 epoch 240/300: loss=0.000062
  Stage 3 epoch 300/300: loss=0.000060
  rcMTE@0.1: 0.6409 (316/500 in region)
  rcMTE@0.5: 1.0326 (109/500 in region)
  rcMTE@1.0: 0.9180 (29/500 in region)
  MTE@0.1: 1.2434
  MTE@0.5: 1.8233
  MTE@1.0: 1.8360
  W2@1.0:  0.8279
  sW2@0.1: 0.7666 (316/500 in region)
  sW2@0.2: 0.9739 (232/500 in region)
  sW2@0.5: 0.9766 (109/500 in region)
  sW2@1.0: 0.9132 (29/500 in region)
  MMD@1.0: 0.2379
  Survival@1.0: 28.8%
  Stopped@1.0:  5.8%
      Phase 2 AE: K_weight=0.4275
        Phase2 Epoch 50/250: loss=0.031013
        Phase2 Epoch 100/250: loss=0.018463
        Phase2 Epoch 150/250: loss=0.031990
        Phase2 Epoch 200/250: loss=0.023378
        Phase2 Epoch 250/250: loss=0.014679
        E_mu=0.0887  E_Sigma=0.2509
      → K
  Precomputing encoder-pullback target...
  Stage 2 epoch 60/300: loss=0.001600
  Stage 2 epoch 120/300: loss=0.001421
  Stage 2 epoch 180/300: loss=0.001222
  Stage 2 epoch 240/300: loss=0.001310
  Stage 2 epoch 300/300: loss=0.001290
  Stage 3 epoch 60/300: loss=0.000150
  Stage 3 epoch 120/300: loss=0.000096
  Stage 3 epoch 180/300: loss=0.000074
  Stage 3 epoch 240/300: loss=0.000061
  Stage 3 epoch 300/300: loss=0.000067
  rcMTE@0.1: 0.6640 (316/500 in region)
  rcMTE@0.5: 1.0659 (109/500 in region)
  rcMTE@1.0: 0.9856 (29/500 in region)
  MTE@0.1: 1.1687
  MTE@0.5: 1.7972
  MTE@1.0: 1.8413
  W2@1.0:  0.7046
  sW2@0.1: 0.6995 (316/500 in region)
  sW2@0.2: 0.9354 (232/500 in region)
  sW2@0.5: 0.8956 (109/500 in region)
  sW2@1.0: 0.8119 (29/500 in region)
  MMD@1.0: 0.1975
  Survival@1.0: 28.8%
  Stopped@1.0:  5.8%
      → K+S
  Precomputing encoder-pullback target...
  Stage 2 epoch 60/300: loss=0.001600
  Stage 2 epoch 120/300: loss=0.001421
  Stage 2 epoch 180/300: loss=0.001222
  Stage 2 epoch 240/300: loss=0.001310
  Stage 2 epoch 300/300: loss=0.001290
  Stage 3 epoch 60/300: loss=0.000150
  Stage 3 epoch 120/300: loss=0.000096
  Stage 3 epoch 180/300: loss=0.000074
  Stage 3 epoch 240/300: loss=0.000061
  Stage 3 epoch 300/300: loss=0.000067
  rcMTE@0.1: 0.6640 (316/500 in region)
  rcMTE@0.5: 1.0659 (109/500 in region)
  rcMTE@1.0: 0.9856 (29/500 in region)
  MTE@0.1: 1.1687
  MTE@0.5: 1.7972
  MTE@1.0: 1.8413
  W2@1.0:  0.7046
  sW2@0.1: 0.6995 (316/500 in region)
  sW2@0.2: 0.9354 (232/500 in region)
  sW2@0.5: 0.8956 (109/500 in region)
  sW2@1.0: 0.8119 (29/500 in region)
  MMD@1.0: 0.1975
  Survival@1.0: 28.8%
  Stopped@1.0:  5.8%
      baseline: W2=0.8279  E_mu=0.0906  E_Sig=0.2148
             K: W2=0.7046  E_mu=0.0887  E_Sig=0.2509
           K+S: W2=0.7046  E_mu=0.0887  E_Sig=0.2509

============================================================
  N=100 | D=201 (K=99) | hyperbolic_paraboloid | seed=8042
============================================================
    Phase1 Epoch 50/250: loss=0.923664
    Phase1 Epoch 100/250: loss=0.448375
    Phase1 Epoch 150/250: loss=0.118383
    Phase1 Epoch 200/250: loss=0.073613
    Phase1 Epoch 250/250: loss=0.032427
      Phase 2 AE: K_weight=0.0000
        Phase2 Epoch 50/250: loss=0.042918
        Phase2 Epoch 100/250: loss=0.023063
        Phase2 Epoch 150/250: loss=0.026263
        Phase2 Epoch 200/250: loss=0.024172
        Phase2 Epoch 250/250: loss=0.003662
        E_mu=0.1120  E_Sigma=0.1172
      → baseline
  Precomputing encoder-pullback target...
  Stage 2 epoch 60/300: loss=0.001636
  Stage 2 epoch 120/300: loss=0.001167
  Stage 2 epoch 180/300: loss=0.001343
  Stage 2 epoch 240/300: loss=0.001113
  Stage 2 epoch 300/300: loss=0.001055
  Stage 3 epoch 60/300: loss=0.000193
  Stage 3 epoch 120/300: loss=0.000140
  Stage 3 epoch 180/300: loss=0.000115
  Stage 3 epoch 240/300: loss=0.000131
  Stage 3 epoch 300/300: loss=0.000111
  rcMTE@0.1: 0.4717 (269/500 in region)
  rcMTE@0.5: 0.8707 (84/500 in region)
  rcMTE@1.0: 0.9566 (29/500 in region)
  MTE@0.1: 0.8849
  MTE@0.5: 1.4167
  MTE@1.0: 1.6546
  W2@1.0:  0.9305
  sW2@0.1: 0.4570 (269/500 in region)
  sW2@0.2: 0.5487 (192/500 in region)
  sW2@0.5: 0.8094 (84/500 in region)
  sW2@1.0: 1.5278 (29/500 in region)
  MMD@1.0: 0.1831
  Survival@1.0: 27.0%
  Stopped@1.0:  5.8%
      Phase 2 AE: K_weight=0.4275
        Phase2 Epoch 50/250: loss=0.047257
        Phase2 Epoch 100/250: loss=0.031510
        Phase2 Epoch 150/250: loss=0.014523
        Phase2 Epoch 200/250: loss=0.032581
        Phase2 Epoch 250/250: loss=0.018192
        E_mu=0.1248  E_Sigma=0.3777
      → K
  Precomputing encoder-pullback target...
  Stage 2 epoch 60/300: loss=0.004499
  Stage 2 epoch 120/300: loss=0.003344
  Stage 2 epoch 180/300: loss=0.003557
  Stage 2 epoch 240/300: loss=0.002436
  Stage 2 epoch 300/300: loss=0.002672
  Stage 3 epoch 60/300: loss=0.000199
  Stage 3 epoch 120/300: loss=0.000135
  Stage 3 epoch 180/300: loss=0.000119
  Stage 3 epoch 240/300: loss=0.000134
  Stage 3 epoch 300/300: loss=0.000111
  rcMTE@0.1: 0.4691 (269/500 in region)
  rcMTE@0.5: 0.8193 (84/500 in region)
  rcMTE@1.0: 0.8637 (29/500 in region)
  MTE@0.1: 0.9387
  MTE@0.5: 1.4018
  MTE@1.0: 1.5569
  W2@1.0:  0.8866
  sW2@0.1: 0.5235 (269/500 in region)
  sW2@0.2: 0.5915 (192/500 in region)
  sW2@0.5: 0.8044 (84/500 in region)
  sW2@1.0: 1.3441 (29/500 in region)
  MMD@1.0: 0.1954
  Survival@1.0: 27.0%
  Stopped@1.0:  5.8%
      → K+S
  Precomputing encoder-pullback target...
  Stage 2 epoch 60/300: loss=0.004499
  Stage 2 epoch 120/300: loss=0.003344
  Stage 2 epoch 180/300: loss=0.003557
  Stage 2 epoch 240/300: loss=0.002436
  Stage 2 epoch 300/300: loss=0.002672
  Stage 3 epoch 60/300: loss=0.000199
  Stage 3 epoch 120/300: loss=0.000135
  Stage 3 epoch 180/300: loss=0.000119
  Stage 3 epoch 240/300: loss=0.000134
  Stage 3 epoch 300/300: loss=0.000111
  rcMTE@0.1: 0.4691 (269/500 in region)
  rcMTE@0.5: 0.8193 (84/500 in region)
  rcMTE@1.0: 0.8637 (29/500 in region)
  MTE@0.1: 0.9387
  MTE@0.5: 1.4018
  MTE@1.0: 1.5569
  W2@1.0:  0.8866
  sW2@0.1: 0.5235 (269/500 in region)
  sW2@0.2: 0.5915 (192/500 in region)
  sW2@0.5: 0.8044 (84/500 in region)
  sW2@1.0: 1.3441 (29/500 in region)
  MMD@1.0: 0.1954
  Survival@1.0: 27.0%
  Stopped@1.0:  5.8%
      baseline: W2=0.9305  E_mu=0.1120  E_Sig=0.1172
             K: W2=0.8866  E_mu=0.1248  E_Sig=0.3777
           K+S: W2=0.8866  E_mu=0.1248  E_Sig=0.3777

============================================================
  N=100 | D=201 (K=99) | hyperbolic_paraboloid | seed=9042
============================================================
    Phase1 Epoch 50/250: loss=0.977029
    Phase1 Epoch 100/250: loss=0.542789
    Phase1 Epoch 150/250: loss=0.087754
    Phase1 Epoch 200/250: loss=0.060772
    Phase1 Epoch 250/250: loss=0.043311
      Phase 2 AE: K_weight=0.0000
        Phase2 Epoch 50/250: loss=0.027923
        Phase2 Epoch 100/250: loss=0.031633
        Phase2 Epoch 150/250: loss=0.019122
        Phase2 Epoch 200/250: loss=0.031950
        Phase2 Epoch 250/250: loss=0.029327
        E_mu=0.1537  E_Sigma=0.4955
      → baseline
  Precomputing encoder-pullback target...
  Stage 2 epoch 60/300: loss=0.004809
  Stage 2 epoch 120/300: loss=0.009650
  Stage 2 epoch 180/300: loss=0.004526
  Stage 2 epoch 240/300: loss=0.005164
  Stage 2 epoch 300/300: loss=0.004544
  Stage 3 epoch 60/300: loss=0.000089
  Stage 3 epoch 120/300: loss=0.000061
  Stage 3 epoch 180/300: loss=0.000032
  Stage 3 epoch 240/300: loss=0.000033
  Stage 3 epoch 300/300: loss=0.000036
  rcMTE@0.1: 0.2193 (280/500 in region)
  rcMTE@0.5: 0.3500 (85/500 in region)
  rcMTE@1.0: 0.4301 (22/500 in region)
  MTE@0.1: 0.5687
  MTE@0.5: 0.8158
  MTE@1.0: 0.8643
  W2@1.0:  0.6334
  sW2@0.1: 0.4684 (280/500 in region)
  sW2@0.2: 0.4527 (205/500 in region)
  sW2@0.5: 0.5762 (85/500 in region)
  sW2@1.0: 0.7894 (22/500 in region)
  MMD@1.0: 0.2083
  Survival@1.0: 28.2%
  Stopped@1.0:  4.4%
      Phase 2 AE: K_weight=0.4275
        Phase2 Epoch 50/250: loss=0.078850
        Phase2 Epoch 100/250: loss=0.020112
        Phase2 Epoch 150/250: loss=0.018622
        Phase2 Epoch 200/250: loss=0.021559
        Phase2 Epoch 250/250: loss=0.004398
        E_mu=0.0746  E_Sigma=0.1764
      → K
  Precomputing encoder-pullback target...
  Stage 2 epoch 60/300: loss=0.001841
  Stage 2 epoch 120/300: loss=0.002776
  Stage 2 epoch 180/300: loss=0.001465
  Stage 2 epoch 240/300: loss=0.001372
  Stage 2 epoch 300/300: loss=0.001555
  Stage 3 epoch 60/300: loss=0.000088
  Stage 3 epoch 120/300: loss=0.000054
  Stage 3 epoch 180/300: loss=0.000023
  Stage 3 epoch 240/300: loss=0.000023
  Stage 3 epoch 300/300: loss=0.000021
  rcMTE@0.1: 0.1998 (280/500 in region)
  rcMTE@0.5: 0.3421 (85/500 in region)
  rcMTE@1.0: 0.4799 (22/500 in region)
  MTE@0.1: 0.4895
  MTE@0.5: 0.7842
  MTE@1.0: 0.9046
  W2@1.0:  0.6307
  sW2@0.1: 0.3583 (280/500 in region)
  sW2@0.2: 0.3430 (205/500 in region)
  sW2@0.5: 0.4608 (85/500 in region)
  sW2@1.0: 0.7560 (22/500 in region)
  MMD@1.0: 0.2035
  Survival@1.0: 28.2%
  Stopped@1.0:  4.4%
      → K+S
  Precomputing encoder-pullback target...
  Stage 2 epoch 60/300: loss=0.001841
  Stage 2 epoch 120/300: loss=0.002776
  Stage 2 epoch 180/300: loss=0.001465
  Stage 2 epoch 240/300: loss=0.001372
  Stage 2 epoch 300/300: loss=0.001555
  Stage 3 epoch 60/300: loss=0.000088
  Stage 3 epoch 120/300: loss=0.000054
  Stage 3 epoch 180/300: loss=0.000023
  Stage 3 epoch 240/300: loss=0.000023
  Stage 3 epoch 300/300: loss=0.000021
  rcMTE@0.1: 0.1998 (280/500 in region)
  rcMTE@0.5: 0.3421 (85/500 in region)
  rcMTE@1.0: 0.4799 (22/500 in region)
  MTE@0.1: 0.4895
  MTE@0.5: 0.7842
  MTE@1.0: 0.9046
  W2@1.0:  0.6307
  sW2@0.1: 0.3583 (280/500 in region)
  sW2@0.2: 0.3430 (205/500 in region)
  sW2@0.5: 0.4608 (85/500 in region)
  sW2@1.0: 0.7560 (22/500 in region)
  MMD@1.0: 0.2035
  Survival@1.0: 28.2%
  Stopped@1.0:  4.4%
      baseline: W2=0.6334  E_mu=0.1537  E_Sig=0.4955
             K: W2=0.6307  E_mu=0.0746  E_Sig=0.1764
           K+S: W2=0.6307  E_mu=0.0746  E_Sig=0.1764

  N=100, D=201 completed in 2280.8s (114.0s per fork)

============================================================
  N=200 | D=11 (K=4) | paraboloid | seed=42
============================================================
    Phase1 Epoch 50/250: loss=0.088742
    Phase1 Epoch 100/250: loss=0.013905
    Phase1 Epoch 150/250: loss=0.003329
    Phase1 Epoch 200/250: loss=0.007051
    Phase1 Epoch 250/250: loss=0.004796
      Phase 2 AE: K_weight=0.0000
        Phase2 Epoch 50/250: loss=0.001268
        Phase2 Epoch 100/250: loss=0.007056
        Phase2 Epoch 150/250: loss=0.009178
        Phase2 Epoch 200/250: loss=0.008876
        Phase2 Epoch 250/250: loss=0.000511
        E_mu=0.0106  E_Sigma=0.0084
      → baseline
  Precomputing encoder-pullback target...
  Stage 2 epoch 60/300: loss=0.031358
  Stage 2 epoch 120/300: loss=0.023886
  Stage 2 epoch 180/300: loss=0.022868
  Stage 2 epoch 240/300: loss=0.021801
  Stage 2 epoch 300/300: loss=0.022224
  Stage 3 epoch 60/300: loss=0.020266
  Stage 3 epoch 120/300: loss=0.009225
  Stage 3 epoch 180/300: loss=0.003086
  Stage 3 epoch 240/300: loss=0.001827
  Stage 3 epoch 300/300: loss=0.001993
  rcMTE@0.1: 0.5150 (292/500 in region)
  rcMTE@0.5: 0.8967 (97/500 in region)
  rcMTE@1.0: 0.9068 (21/500 in region)
  MTE@0.1: 0.9145
  MTE@0.5: 1.6224
  MTE@1.0: 1.9006
  W2@1.0:  1.3627
  sW2@0.1: 0.5189 (292/500 in region)
  sW2@0.2: 0.8158 (214/500 in region)
  sW2@0.5: 1.1145 (97/500 in region)
  sW2@1.0: 1.0135 (21/500 in region)
  MMD@1.0: 0.3601
  Survival@1.0: 28.0%
  Stopped@1.0:  4.2%
      Phase 2 AE: K_weight=0.1000
        Phase2 Epoch 50/250: loss=0.008086
        Phase2 Epoch 100/250: loss=0.000940
        Phase2 Epoch 150/250: loss=0.000766
        Phase2 Epoch 200/250: loss=0.000640
        Phase2 Epoch 250/250: loss=0.000852
        E_mu=0.0080  E_Sigma=0.0092
      → K
  Precomputing encoder-pullback target...
  Stage 2 epoch 60/300: loss=0.022733
  Stage 2 epoch 120/300: loss=0.013739
  Stage 2 epoch 180/300: loss=0.012472
  Stage 2 epoch 240/300: loss=0.011830
  Stage 2 epoch 300/300: loss=0.011760
  Stage 3 epoch 60/300: loss=0.024726
  Stage 3 epoch 120/300: loss=0.010396
  Stage 3 epoch 180/300: loss=0.003043
  Stage 3 epoch 240/300: loss=0.001418
  Stage 3 epoch 300/300: loss=0.001413
  rcMTE@0.1: 0.5145 (292/500 in region)
  rcMTE@0.5: 0.9077 (97/500 in region)
  rcMTE@1.0: 0.9711 (21/500 in region)
  MTE@0.1: 0.9221
  MTE@0.5: 1.6904
  MTE@1.0: 2.0862
  W2@1.0:  1.6323
  sW2@0.1: 0.5326 (292/500 in region)
  sW2@0.2: 0.8496 (214/500 in region)
  sW2@0.5: 1.1880 (97/500 in region)
  sW2@1.0: 1.2493 (21/500 in region)
  MMD@1.0: 0.4043
  Survival@1.0: 28.0%
  Stopped@1.0:  4.2%
      → K+S
  Precomputing encoder-pullback target...
  Stage 2 epoch 60/300: loss=0.022733
  Stage 2 epoch 120/300: loss=0.013739
  Stage 2 epoch 180/300: loss=0.012472
  Stage 2 epoch 240/300: loss=0.011830
  Stage 2 epoch 300/300: loss=0.011760
  Stage 3 epoch 60/300: loss=0.024726
  Stage 3 epoch 120/300: loss=0.010396
  Stage 3 epoch 180/300: loss=0.003043
  Stage 3 epoch 240/300: loss=0.001418
  Stage 3 epoch 300/300: loss=0.001413
  rcMTE@0.1: 0.5145 (292/500 in region)
  rcMTE@0.5: 0.9077 (97/500 in region)
  rcMTE@1.0: 0.9711 (21/500 in region)
  MTE@0.1: 0.9221
  MTE@0.5: 1.6904
  MTE@1.0: 2.0862
  W2@1.0:  1.6323
  sW2@0.1: 0.5326 (292/500 in region)
  sW2@0.2: 0.8496 (214/500 in region)
  sW2@0.5: 1.1880 (97/500 in region)
  sW2@1.0: 1.2493 (21/500 in region)
  MMD@1.0: 0.4043
  Survival@1.0: 28.0%
  Stopped@1.0:  4.2%
      baseline: W2=1.3627  E_mu=0.0106  E_Sig=0.0084
             K: W2=1.6323  E_mu=0.0080  E_Sig=0.0092
           K+S: W2=1.6323  E_mu=0.0080  E_Sig=0.0092

============================================================
  N=200 | D=11 (K=4) | paraboloid | seed=1042
============================================================
    Phase1 Epoch 50/250: loss=0.085425
    Phase1 Epoch 100/250: loss=0.013726
    Phase1 Epoch 150/250: loss=0.004831
    Phase1 Epoch 200/250: loss=0.005631
    Phase1 Epoch 250/250: loss=0.003185
      Phase 2 AE: K_weight=0.0000
        Phase2 Epoch 50/250: loss=0.001574
        Phase2 Epoch 100/250: loss=0.001834
        Phase2 Epoch 150/250: loss=0.003017
        Phase2 Epoch 200/250: loss=0.001460
        Phase2 Epoch 250/250: loss=0.013594
        E_mu=0.0223  E_Sigma=0.1218
      → baseline
  Precomputing encoder-pullback target...
  Stage 2 epoch 60/300: loss=0.040564
  Stage 2 epoch 120/300: loss=0.036424
  Stage 2 epoch 180/300: loss=0.035965
  Stage 2 epoch 240/300: loss=0.034628
  Stage 2 epoch 300/300: loss=0.081192
  Stage 3 epoch 60/300: loss=0.025506
  Stage 3 epoch 120/300: loss=0.015155
  Stage 3 epoch 180/300: loss=0.006507
  Stage 3 epoch 240/300: loss=0.006255
  Stage 3 epoch 300/300: loss=0.005928
  rcMTE@0.1: 0.5409 (285/500 in region)
  rcMTE@0.5: 0.8869 (98/500 in region)
  rcMTE@1.0: 0.9809 (31/500 in region)
  MTE@0.1: 0.9495
  MTE@0.5: 1.6805
  MTE@1.0: 1.8768
  W2@1.0:  1.2360
  sW2@0.1: 0.5621 (285/500 in region)
  sW2@0.2: 0.7785 (204/500 in region)
  sW2@0.5: 0.9976 (98/500 in region)
  sW2@1.0: 1.3095 (31/500 in region)
  MMD@1.0: 0.3052
  Survival@1.0: 29.8%
  Stopped@1.0:  6.2%
      Phase 2 AE: K_weight=0.1000
        Phase2 Epoch 50/250: loss=0.008046
        Phase2 Epoch 100/250: loss=0.003090
        Phase2 Epoch 150/250: loss=0.006972
        Phase2 Epoch 200/250: loss=0.003312
        Phase2 Epoch 250/250: loss=0.001158
        E_mu=0.0061  E_Sigma=0.0122
      → K
  Precomputing encoder-pullback target...
  Stage 2 epoch 60/300: loss=0.024447
  Stage 2 epoch 120/300: loss=0.023237
  Stage 2 epoch 180/300: loss=0.023358
  Stage 2 epoch 240/300: loss=0.022557
  Stage 2 epoch 300/300: loss=0.049542
  Stage 3 epoch 60/300: loss=0.026533
  Stage 3 epoch 120/300: loss=0.012979
  Stage 3 epoch 180/300: loss=0.004349
  Stage 3 epoch 240/300: loss=0.003394
  Stage 3 epoch 300/300: loss=0.003835
  rcMTE@0.1: 0.5395 (285/500 in region)
  rcMTE@0.5: 0.9060 (98/500 in region)
  rcMTE@1.0: 1.0096 (31/500 in region)
  MTE@0.1: 0.9523
  MTE@0.5: 1.7451
  MTE@1.0: 1.9951
  W2@1.0:  1.4437
  sW2@0.1: 0.5714 (285/500 in region)
  sW2@0.2: 0.8082 (204/500 in region)
  sW2@0.5: 1.0731 (98/500 in region)
  sW2@1.0: 1.3731 (31/500 in region)
  MMD@1.0: 0.3331
  Survival@1.0: 29.8%
  Stopped@1.0:  6.2%
      → K+S
  Precomputing encoder-pullback target...
  Stage 2 epoch 60/300: loss=0.024447
  Stage 2 epoch 120/300: loss=0.023237
  Stage 2 epoch 180/300: loss=0.023358
  Stage 2 epoch 240/300: loss=0.022557
  Stage 2 epoch 300/300: loss=0.049542
  Stage 3 epoch 60/300: loss=0.026533
  Stage 3 epoch 120/300: loss=0.012979
  Stage 3 epoch 180/300: loss=0.004349
  Stage 3 epoch 240/300: loss=0.003394
  Stage 3 epoch 300/300: loss=0.003835
  rcMTE@0.1: 0.5395 (285/500 in region)
  rcMTE@0.5: 0.9060 (98/500 in region)
  rcMTE@1.0: 1.0096 (31/500 in region)
  MTE@0.1: 0.9523
  MTE@0.5: 1.7451
  MTE@1.0: 1.9951
  W2@1.0:  1.4437
  sW2@0.1: 0.5714 (285/500 in region)
  sW2@0.2: 0.8082 (204/500 in region)
  sW2@0.5: 1.0731 (98/500 in region)
  sW2@1.0: 1.3731 (31/500 in region)
  MMD@1.0: 0.3331
  Survival@1.0: 29.8%
  Stopped@1.0:  6.2%
      baseline: W2=1.2360  E_mu=0.0223  E_Sig=0.1218
             K: W2=1.4437  E_mu=0.0061  E_Sig=0.0122
           K+S: W2=1.4437  E_mu=0.0061  E_Sig=0.0122

============================================================
  N=200 | D=11 (K=4) | paraboloid | seed=2042
============================================================
    Phase1 Epoch 50/250: loss=0.046300
    Phase1 Epoch 100/250: loss=0.011847
    Phase1 Epoch 150/250: loss=0.002911
    Phase1 Epoch 200/250: loss=0.002221
    Phase1 Epoch 250/250: loss=0.007023
      Phase 2 AE: K_weight=0.0000
        Phase2 Epoch 50/250: loss=0.007502
        Phase2 Epoch 100/250: loss=0.001617
        Phase2 Epoch 150/250: loss=0.001160
        Phase2 Epoch 200/250: loss=0.000692
        Phase2 Epoch 250/250: loss=0.000385
        E_mu=0.0078  E_Sigma=0.0050
      → baseline
  Precomputing encoder-pullback target...
  Stage 2 epoch 60/300: loss=0.018014
  Stage 2 epoch 120/300: loss=0.016072
  Stage 2 epoch 180/300: loss=0.017331
  Stage 2 epoch 240/300: loss=0.014570
  Stage 2 epoch 300/300: loss=0.014182
  Stage 3 epoch 60/300: loss=0.020206
  Stage 3 epoch 120/300: loss=0.007774
  Stage 3 epoch 180/300: loss=0.004597
  Stage 3 epoch 240/300: loss=0.004169
  Stage 3 epoch 300/300: loss=0.002461
  rcMTE@0.1: 0.7973 (293/500 in region)
  rcMTE@0.5: 1.5371 (88/500 in region)
  rcMTE@1.0: 1.4574 (24/500 in region)
  MTE@0.1: 1.4109
  MTE@0.5: 2.5424
  MTE@1.0: 2.4386
  W2@1.0:  1.8341
  sW2@0.1: 1.0016 (293/500 in region)
  sW2@0.2: 1.4806 (212/500 in region)
  sW2@0.5: 2.2132 (88/500 in region)
  sW2@1.0: 2.3124 (24/500 in region)
  MMD@1.0: 0.3876
  Survival@1.0: 26.6%
  Stopped@1.0:  4.8%
      Phase 2 AE: K_weight=0.1000
        Phase2 Epoch 50/250: loss=0.002289
        Phase2 Epoch 100/250: loss=0.002217
        Phase2 Epoch 150/250: loss=0.001372
        Phase2 Epoch 200/250: loss=0.002732
        Phase2 Epoch 250/250: loss=0.001829
        E_mu=0.0055  E_Sigma=0.0096
      → K
  Precomputing encoder-pullback target...
  Stage 2 epoch 60/300: loss=0.020488
  Stage 2 epoch 120/300: loss=0.016494
  Stage 2 epoch 180/300: loss=0.016486
  Stage 2 epoch 240/300: loss=0.015564
  Stage 2 epoch 300/300: loss=0.015470
  Stage 3 epoch 60/300: loss=0.020497
  Stage 3 epoch 120/300: loss=0.007481
  Stage 3 epoch 180/300: loss=0.004087
  Stage 3 epoch 240/300: loss=0.002901
  Stage 3 epoch 300/300: loss=0.002192
  rcMTE@0.1: 0.7905 (293/500 in region)
  rcMTE@0.5: 1.5352 (88/500 in region)
  rcMTE@1.0: 1.4620 (24/500 in region)
  MTE@0.1: 1.4051
  MTE@0.5: 2.5568
  MTE@1.0: 2.4832
  W2@1.0:  1.9361
  sW2@0.1: 0.9849 (293/500 in region)
  sW2@0.2: 1.4752 (212/500 in region)
  sW2@0.5: 2.2503 (88/500 in region)
  sW2@1.0: 2.4230 (24/500 in region)
  MMD@1.0: 0.3964
  Survival@1.0: 26.6%
  Stopped@1.0:  4.8%
      → K+S
  Precomputing encoder-pullback target...
  Stage 2 epoch 60/300: loss=0.020488
  Stage 2 epoch 120/300: loss=0.016494
  Stage 2 epoch 180/300: loss=0.016486
  Stage 2 epoch 240/300: loss=0.015564
  Stage 2 epoch 300/300: loss=0.015470
  Stage 3 epoch 60/300: loss=0.020497
  Stage 3 epoch 120/300: loss=0.007481
  Stage 3 epoch 180/300: loss=0.004087
  Stage 3 epoch 240/300: loss=0.002901
  Stage 3 epoch 300/300: loss=0.002192
  rcMTE@0.1: 0.7905 (293/500 in region)
  rcMTE@0.5: 1.5352 (88/500 in region)
  rcMTE@1.0: 1.4620 (24/500 in region)
  MTE@0.1: 1.4051
  MTE@0.5: 2.5568
  MTE@1.0: 2.4832
  W2@1.0:  1.9361
  sW2@0.1: 0.9849 (293/500 in region)
  sW2@0.2: 1.4752 (212/500 in region)
  sW2@0.5: 2.2503 (88/500 in region)
  sW2@1.0: 2.4230 (24/500 in region)
  MMD@1.0: 0.3964
  Survival@1.0: 26.6%
  Stopped@1.0:  4.8%
      baseline: W2=1.8341  E_mu=0.0078  E_Sig=0.0050
             K: W2=1.9361  E_mu=0.0055  E_Sig=0.0096
           K+S: W2=1.9361  E_mu=0.0055  E_Sig=0.0096

============================================================
  N=200 | D=11 (K=4) | paraboloid | seed=3042
============================================================
    Phase1 Epoch 50/250: loss=0.105443
    Phase1 Epoch 100/250: loss=0.035496
    Phase1 Epoch 150/250: loss=0.011548
    Phase1 Epoch 200/250: loss=0.016128
    Phase1 Epoch 250/250: loss=0.002199
      Phase 2 AE: K_weight=0.0000
        Phase2 Epoch 50/250: loss=0.006373
        Phase2 Epoch 100/250: loss=0.001178
        Phase2 Epoch 150/250: loss=0.001345
        Phase2 Epoch 200/250: loss=0.000568
        Phase2 Epoch 250/250: loss=0.001603
        E_mu=0.0070  E_Sigma=0.0172
      → baseline
  Precomputing encoder-pullback target...
  Stage 2 epoch 60/300: loss=0.028958
  Stage 2 epoch 120/300: loss=0.026328
  Stage 2 epoch 180/300: loss=0.029624
  Stage 2 epoch 240/300: loss=0.026566
  Stage 2 epoch 300/300: loss=0.023405
  Stage 3 epoch 60/300: loss=0.053097
  Stage 3 epoch 120/300: loss=0.046763
  Stage 3 epoch 180/300: loss=0.036709
  Stage 3 epoch 240/300: loss=0.031108
  Stage 3 epoch 300/300: loss=0.025103
  rcMTE@0.1: 0.4742 (275/500 in region)
  rcMTE@0.5: 0.8066 (78/500 in region)
  rcMTE@1.0: 0.9215 (25/500 in region)
  MTE@0.1: 0.9287
  MTE@0.5: 1.5133
  MTE@1.0: 1.7968
  W2@1.0:  1.3049
  sW2@0.1: 0.6020 (275/500 in region)
  sW2@0.2: 0.6893 (204/500 in region)
  sW2@0.5: 1.1290 (78/500 in region)
  sW2@1.0: 1.7284 (25/500 in region)
  MMD@1.0: 0.3144
  Survival@1.0: 27.2%
  Stopped@1.0:  5.0%
      Phase 2 AE: K_weight=0.1000
        Phase2 Epoch 50/250: loss=0.008842
        Phase2 Epoch 100/250: loss=0.001326
        Phase2 Epoch 150/250: loss=0.000623
        Phase2 Epoch 200/250: loss=0.000587
        Phase2 Epoch 250/250: loss=0.000481
        E_mu=0.0037  E_Sigma=0.0041
      → K
  Precomputing encoder-pullback target...
  Stage 2 epoch 60/300: loss=0.013452
  Stage 2 epoch 120/300: loss=0.012466
  Stage 2 epoch 180/300: loss=0.013510
  Stage 2 epoch 240/300: loss=0.010840
  Stage 2 epoch 300/300: loss=0.009282
  Stage 3 epoch 60/300: loss=0.056635
  Stage 3 epoch 120/300: loss=0.047183
  Stage 3 epoch 180/300: loss=0.034342
  Stage 3 epoch 240/300: loss=0.028103
  Stage 3 epoch 300/300: loss=0.022842
  rcMTE@0.1: 0.4672 (275/500 in region)
  rcMTE@0.5: 0.7772 (78/500 in region)
  rcMTE@1.0: 0.9138 (25/500 in region)
  MTE@0.1: 0.9390
  MTE@0.5: 1.5760
  MTE@1.0: 1.9015
  W2@1.0:  1.5003
  sW2@0.1: 0.6158 (275/500 in region)
  sW2@0.2: 0.7367 (204/500 in region)
  sW2@0.5: 1.1101 (78/500 in region)
  sW2@1.0: 1.7274 (25/500 in region)
  MMD@1.0: 0.3442
  Survival@1.0: 27.2%
  Stopped@1.0:  5.0%
      → K+S
  Precomputing encoder-pullback target...
  Stage 2 epoch 60/300: loss=0.013452
  Stage 2 epoch 120/300: loss=0.012466
  Stage 2 epoch 180/300: loss=0.013510
  Stage 2 epoch 240/300: loss=0.010840
  Stage 2 epoch 300/300: loss=0.009282
  Stage 3 epoch 60/300: loss=0.056635
  Stage 3 epoch 120/300: loss=0.047183
  Stage 3 epoch 180/300: loss=0.034342
  Stage 3 epoch 240/300: loss=0.028103
  Stage 3 epoch 300/300: loss=0.022842
  rcMTE@0.1: 0.4672 (275/500 in region)
  rcMTE@0.5: 0.7772 (78/500 in region)
  rcMTE@1.0: 0.9138 (25/500 in region)
  MTE@0.1: 0.9390
  MTE@0.5: 1.5760
  MTE@1.0: 1.9015
  W2@1.0:  1.5003
  sW2@0.1: 0.6158 (275/500 in region)
  sW2@0.2: 0.7367 (204/500 in region)
  sW2@0.5: 1.1101 (78/500 in region)
  sW2@1.0: 1.7274 (25/500 in region)
  MMD@1.0: 0.3442
  Survival@1.0: 27.2%
  Stopped@1.0:  5.0%
      baseline: W2=1.3049  E_mu=0.0070  E_Sig=0.0172
             K: W2=1.5003  E_mu=0.0037  E_Sig=0.0041
           K+S: W2=1.5003  E_mu=0.0037  E_Sig=0.0041

============================================================
  N=200 | D=11 (K=4) | paraboloid | seed=4042
============================================================
    Phase1 Epoch 50/250: loss=0.074843
    Phase1 Epoch 100/250: loss=0.016357
    Phase1 Epoch 150/250: loss=0.011266
    Phase1 Epoch 200/250: loss=0.001858
    Phase1 Epoch 250/250: loss=0.001585
      Phase 2 AE: K_weight=0.0000
        Phase2 Epoch 50/250: loss=0.001232
        Phase2 Epoch 100/250: loss=0.001561
        Phase2 Epoch 150/250: loss=0.001201
        Phase2 Epoch 200/250: loss=0.003881
        Phase2 Epoch 250/250: loss=0.000378
        E_mu=0.0056  E_Sigma=0.0052
      → baseline
  Precomputing encoder-pullback target...
  Stage 2 epoch 60/300: loss=0.039233
  Stage 2 epoch 120/300: loss=0.015645
  Stage 2 epoch 180/300: loss=0.014157
  Stage 2 epoch 240/300: loss=0.013923
  Stage 2 epoch 300/300: loss=0.015179
  Stage 3 epoch 60/300: loss=0.013009
  Stage 3 epoch 120/300: loss=0.007541
  Stage 3 epoch 180/300: loss=0.002106
  Stage 3 epoch 240/300: loss=0.001950
  Stage 3 epoch 300/300: loss=0.001663
  rcMTE@0.1: 0.5837 (287/500 in region)
  rcMTE@0.5: 0.9356 (102/500 in region)
  rcMTE@1.0: 0.9588 (30/500 in region)
  MTE@0.1: 1.0381
  MTE@0.5: 1.6907
  MTE@1.0: 1.8398
  W2@1.0:  1.2783
  sW2@0.1: 0.5547 (287/500 in region)
  sW2@0.2: 0.9054 (207/500 in region)
  sW2@0.5: 1.0463 (102/500 in region)
  sW2@1.0: 1.2845 (30/500 in region)
  MMD@1.0: 0.4096
  Survival@1.0: 28.2%
  Stopped@1.0:  6.0%
      Phase 2 AE: K_weight=0.1000
        Phase2 Epoch 50/250: loss=0.001588
        Phase2 Epoch 100/250: loss=0.001692
        Phase2 Epoch 150/250: loss=0.001897
        Phase2 Epoch 200/250: loss=0.002616
        Phase2 Epoch 250/250: loss=0.035888
        E_mu=0.0296  E_Sigma=0.2101
      → K
  Precomputing encoder-pullback target...
  Stage 2 epoch 60/300: loss=0.048377
  Stage 2 epoch 120/300: loss=0.024857
  Stage 2 epoch 180/300: loss=0.023693
  Stage 2 epoch 240/300: loss=0.022903
  Stage 2 epoch 300/300: loss=0.023798
  Stage 3 epoch 60/300: loss=0.020272
  Stage 3 epoch 120/300: loss=0.011749
  Stage 3 epoch 180/300: loss=0.005958
  Stage 3 epoch 240/300: loss=0.006134
  Stage 3 epoch 300/300: loss=0.005017
  rcMTE@0.1: 0.5885 (287/500 in region)
  rcMTE@0.5: 0.9352 (102/500 in region)
  rcMTE@1.0: 0.9531 (30/500 in region)
  MTE@0.1: 1.0649
  MTE@0.5: 1.7074
  MTE@1.0: 1.8525
  W2@1.0:  1.3294
  sW2@0.1: 0.5633 (287/500 in region)
  sW2@0.2: 0.8928 (207/500 in region)
  sW2@0.5: 1.0496 (102/500 in region)
  sW2@1.0: 1.2402 (30/500 in region)
  MMD@1.0: 0.4077
  Survival@1.0: 28.2%
  Stopped@1.0:  6.0%
      → K+S
  Precomputing encoder-pullback target...
  Stage 2 epoch 60/300: loss=0.048377
  Stage 2 epoch 120/300: loss=0.024857
  Stage 2 epoch 180/300: loss=0.023693
  Stage 2 epoch 240/300: loss=0.022903
  Stage 2 epoch 300/300: loss=0.023798
  Stage 3 epoch 60/300: loss=0.020272
  Stage 3 epoch 120/300: loss=0.011749
  Stage 3 epoch 180/300: loss=0.005958
  Stage 3 epoch 240/300: loss=0.006134
  Stage 3 epoch 300/300: loss=0.005017
  rcMTE@0.1: 0.5885 (287/500 in region)
  rcMTE@0.5: 0.9352 (102/500 in region)
  rcMTE@1.0: 0.9531 (30/500 in region)
  MTE@0.1: 1.0649
  MTE@0.5: 1.7074
  MTE@1.0: 1.8525
  W2@1.0:  1.3294
  sW2@0.1: 0.5633 (287/500 in region)
  sW2@0.2: 0.8928 (207/500 in region)
  sW2@0.5: 1.0496 (102/500 in region)
  sW2@1.0: 1.2402 (30/500 in region)
  MMD@1.0: 0.4077
  Survival@1.0: 28.2%
  Stopped@1.0:  6.0%
      baseline: W2=1.2783  E_mu=0.0056  E_Sig=0.0052
             K: W2=1.3294  E_mu=0.0296  E_Sig=0.2101
           K+S: W2=1.3294  E_mu=0.0296  E_Sig=0.2101

============================================================
  N=200 | D=11 (K=4) | paraboloid | seed=5042
============================================================
    Phase1 Epoch 50/250: loss=0.445521
    Phase1 Epoch 100/250: loss=0.016925
    Phase1 Epoch 150/250: loss=0.010092
    Phase1 Epoch 200/250: loss=0.004379
    Phase1 Epoch 250/250: loss=0.006950
      Phase 2 AE: K_weight=0.0000
        Phase2 Epoch 50/250: loss=0.001886
        Phase2 Epoch 100/250: loss=0.001189
        Phase2 Epoch 150/250: loss=0.001297
        Phase2 Epoch 200/250: loss=0.003930
        Phase2 Epoch 250/250: loss=0.000780
        E_mu=0.0109  E_Sigma=0.0161
      → baseline
  Precomputing encoder-pullback target...
  Stage 2 epoch 60/300: loss=0.033158
  Stage 2 epoch 120/300: loss=0.030383
  Stage 2 epoch 180/300: loss=0.028708
  Stage 2 epoch 240/300: loss=0.027138
  Stage 2 epoch 300/300: loss=0.025136
  Stage 3 epoch 60/300: loss=0.042964
  Stage 3 epoch 120/300: loss=0.031660
  Stage 3 epoch 180/300: loss=0.024734
  Stage 3 epoch 240/300: loss=0.020804
  Stage 3 epoch 300/300: loss=0.016571
  rcMTE@0.1: 0.5357 (285/500 in region)
  rcMTE@0.5: 0.9395 (93/500 in region)
  rcMTE@1.0: 0.8352 (33/500 in region)
  MTE@0.1: 0.9424
  MTE@0.5: 1.5903
  MTE@1.0: 1.4647
  W2@1.0:  0.8919
  sW2@0.1: 0.7342 (285/500 in region)
  sW2@0.2: 0.9612 (216/500 in region)
  sW2@0.5: 1.2352 (93/500 in region)
  sW2@1.0: 0.9708 (33/500 in region)
  MMD@1.0: 0.3108
  Survival@1.0: 25.8%
  Stopped@1.0:  6.6%
      Phase 2 AE: K_weight=0.1000
        Phase2 Epoch 50/250: loss=0.008274
        Phase2 Epoch 100/250: loss=0.001136
        Phase2 Epoch 150/250: loss=0.000777
        Phase2 Epoch 200/250: loss=0.000559
        Phase2 Epoch 250/250: loss=0.000612
        E_mu=0.0063  E_Sigma=0.0095
      → K
  Precomputing encoder-pullback target...
  Stage 2 epoch 60/300: loss=0.023816
  Stage 2 epoch 120/300: loss=0.021868
  Stage 2 epoch 180/300: loss=0.020441
  Stage 2 epoch 240/300: loss=0.019088
  Stage 2 epoch 300/300: loss=0.018481
  Stage 3 epoch 60/300: loss=0.032185
  Stage 3 epoch 120/300: loss=0.009203
  Stage 3 epoch 180/300: loss=0.004978
  Stage 3 epoch 240/300: loss=0.003140
  Stage 3 epoch 300/300: loss=0.005321
  rcMTE@0.1: 0.5029 (285/500 in region)
  rcMTE@0.5: 1.0422 (93/500 in region)
  rcMTE@1.0: 1.3015 (33/500 in region)
  MTE@0.1: 0.9130
  MTE@0.5: 1.7089
  MTE@1.0: 1.9446
  W2@1.0:  1.4858
  sW2@0.1: 0.4902 (285/500 in region)
  sW2@0.2: 0.8292 (216/500 in region)
  sW2@0.5: 1.2595 (93/500 in region)
  sW2@1.0: 1.9212 (33/500 in region)
  MMD@1.0: 0.4215
  Survival@1.0: 25.8%
  Stopped@1.0:  6.6%
      → K+S
  Precomputing encoder-pullback target...
  Stage 2 epoch 60/300: loss=0.023816
  Stage 2 epoch 120/300: loss=0.021868
  Stage 2 epoch 180/300: loss=0.020441
  Stage 2 epoch 240/300: loss=0.019088
  Stage 2 epoch 300/300: loss=0.018481
  Stage 3 epoch 60/300: loss=0.032185
  Stage 3 epoch 120/300: loss=0.009203
  Stage 3 epoch 180/300: loss=0.004978
  Stage 3 epoch 240/300: loss=0.003140
  Stage 3 epoch 300/300: loss=0.005321
  rcMTE@0.1: 0.5029 (285/500 in region)
  rcMTE@0.5: 1.0422 (93/500 in region)
  rcMTE@1.0: 1.3015 (33/500 in region)
  MTE@0.1: 0.9130
  MTE@0.5: 1.7089
  MTE@1.0: 1.9446
  W2@1.0:  1.4858
  sW2@0.1: 0.4902 (285/500 in region)
  sW2@0.2: 0.8292 (216/500 in region)
  sW2@0.5: 1.2595 (93/500 in region)
  sW2@1.0: 1.9212 (33/500 in region)
  MMD@1.0: 0.4215
  Survival@1.0: 25.8%
  Stopped@1.0:  6.6%
      baseline: W2=0.8919  E_mu=0.0109  E_Sig=0.0161
             K: W2=1.4858  E_mu=0.0063  E_Sig=0.0095
           K+S: W2=1.4858  E_mu=0.0063  E_Sig=0.0095

============================================================
  N=200 | D=11 (K=4) | paraboloid | seed=6042
============================================================
    Phase1 Epoch 50/250: loss=0.112048
    Phase1 Epoch 100/250: loss=0.012416
    Phase1 Epoch 150/250: loss=0.004193
    Phase1 Epoch 200/250: loss=0.003013
    Phase1 Epoch 250/250: loss=0.007687
      Phase 2 AE: K_weight=0.0000
        Phase2 Epoch 50/250: loss=0.007284
        Phase2 Epoch 100/250: loss=0.000757
        Phase2 Epoch 150/250: loss=0.001343
        Phase2 Epoch 200/250: loss=0.000965
        Phase2 Epoch 250/250: loss=0.000362
        E_mu=0.0076  E_Sigma=0.0076
      → baseline
  Precomputing encoder-pullback target...
  Stage 2 epoch 60/300: loss=0.023029
  Stage 2 epoch 120/300: loss=0.016404
  Stage 2 epoch 180/300: loss=0.016571
  Stage 2 epoch 240/300: loss=0.014905
  Stage 2 epoch 300/300: loss=0.015431
  Stage 3 epoch 60/300: loss=0.039102
  Stage 3 epoch 120/300: loss=0.028976
  Stage 3 epoch 180/300: loss=0.022381
  Stage 3 epoch 240/300: loss=0.014100
  Stage 3 epoch 300/300: loss=0.013437
  rcMTE@0.1: 0.3768 (290/500 in region)
  rcMTE@0.5: 0.6424 (89/500 in region)
  rcMTE@1.0: 0.6288 (30/500 in region)
  MTE@0.1: 0.6531
  MTE@0.5: 1.2254
  MTE@1.0: 1.3086
  W2@1.0:  0.9221
  sW2@0.1: 0.4183 (290/500 in region)
  sW2@0.2: 0.5413 (208/500 in region)
  sW2@0.5: 0.7784 (89/500 in region)
  sW2@1.0: 0.6352 (30/500 in region)
  MMD@1.0: 0.3082
  Survival@1.0: 27.2%
  Stopped@1.0:  6.0%
      Phase 2 AE: K_weight=0.1000
        Phase2 Epoch 50/250: loss=0.002920
        Phase2 Epoch 100/250: loss=0.003792
        Phase2 Epoch 150/250: loss=0.001001
        Phase2 Epoch 200/250: loss=0.001272
        Phase2 Epoch 250/250: loss=0.002129
        E_mu=0.0069  E_Sigma=0.0293
      → K
  Precomputing encoder-pullback target...
  Stage 2 epoch 60/300: loss=0.031764
  Stage 2 epoch 120/300: loss=0.025132
  Stage 2 epoch 180/300: loss=0.026165
  Stage 2 epoch 240/300: loss=0.022858
  Stage 2 epoch 300/300: loss=0.022777
  Stage 3 epoch 60/300: loss=0.038745
  Stage 3 epoch 120/300: loss=0.028282
  Stage 3 epoch 180/300: loss=0.022208
  Stage 3 epoch 240/300: loss=0.014191
  Stage 3 epoch 300/300: loss=0.013374
  rcMTE@0.1: 0.3738 (290/500 in region)
  rcMTE@0.5: 0.6416 (89/500 in region)
  rcMTE@1.0: 0.6422 (30/500 in region)
  MTE@0.1: 0.6535
  MTE@0.5: 1.2186
  MTE@1.0: 1.2933
  W2@1.0:  0.8885
  sW2@0.1: 0.4224 (290/500 in region)
  sW2@0.2: 0.5387 (208/500 in region)
  sW2@0.5: 0.7701 (89/500 in region)
  sW2@1.0: 0.6730 (30/500 in region)
  MMD@1.0: 0.3049
  Survival@1.0: 27.2%
  Stopped@1.0:  6.0%
      → K+S
  Precomputing encoder-pullback target...
  Stage 2 epoch 60/300: loss=0.031764
  Stage 2 epoch 120/300: loss=0.025132
  Stage 2 epoch 180/300: loss=0.026165
  Stage 2 epoch 240/300: loss=0.022858
  Stage 2 epoch 300/300: loss=0.022777
  Stage 3 epoch 60/300: loss=0.038745
  Stage 3 epoch 120/300: loss=0.028282
  Stage 3 epoch 180/300: loss=0.022208
  Stage 3 epoch 240/300: loss=0.014191
  Stage 3 epoch 300/300: loss=0.013374
  rcMTE@0.1: 0.3738 (290/500 in region)
  rcMTE@0.5: 0.6416 (89/500 in region)
  rcMTE@1.0: 0.6422 (30/500 in region)
  MTE@0.1: 0.6535
  MTE@0.5: 1.2186
  MTE@1.0: 1.2933
  W2@1.0:  0.8885
  sW2@0.1: 0.4224 (290/500 in region)
  sW2@0.2: 0.5387 (208/500 in region)
  sW2@0.5: 0.7701 (89/500 in region)
  sW2@1.0: 0.6730 (30/500 in region)
  MMD@1.0: 0.3049
  Survival@1.0: 27.2%
  Stopped@1.0:  6.0%
      baseline: W2=0.9221  E_mu=0.0076  E_Sig=0.0076
             K: W2=0.8885  E_mu=0.0069  E_Sig=0.0293
           K+S: W2=0.8885  E_mu=0.0069  E_Sig=0.0293

============================================================
  N=200 | D=11 (K=4) | paraboloid | seed=7042
============================================================
    Phase1 Epoch 50/250: loss=0.058297
    Phase1 Epoch 100/250: loss=0.013801
    Phase1 Epoch 150/250: loss=0.011328
    Phase1 Epoch 200/250: loss=0.006857
    Phase1 Epoch 250/250: loss=0.001479
      Phase 2 AE: K_weight=0.0000
        Phase2 Epoch 50/250: loss=0.001171
        Phase2 Epoch 100/250: loss=0.003338
        Phase2 Epoch 150/250: loss=0.000845
        Phase2 Epoch 200/250: loss=0.001815
        Phase2 Epoch 250/250: loss=0.001724
        E_mu=0.0083  E_Sigma=0.0213
      → baseline
  Precomputing encoder-pullback target...
  Stage 2 epoch 60/300: loss=0.024216
  Stage 2 epoch 120/300: loss=0.027539
  Stage 2 epoch 180/300: loss=0.018776
  Stage 2 epoch 240/300: loss=0.017527
  Stage 2 epoch 300/300: loss=0.020649
  Stage 3 epoch 60/300: loss=0.021731
  Stage 3 epoch 120/300: loss=0.009180
  Stage 3 epoch 180/300: loss=0.003990
  Stage 3 epoch 240/300: loss=0.002254
  Stage 3 epoch 300/300: loss=0.002147
  rcMTE@0.1: 0.5337 (316/500 in region)
  rcMTE@0.5: 0.9229 (109/500 in region)
  rcMTE@1.0: 1.0811 (29/500 in region)
  MTE@0.1: 0.9384
  MTE@0.5: 1.6786
  MTE@1.0: 1.9427
  W2@1.0:  1.2578
  sW2@0.1: 0.6955 (316/500 in region)
  sW2@0.2: 0.9732 (232/500 in region)
  sW2@0.5: 1.1289 (109/500 in region)
  sW2@1.0: 1.2381 (29/500 in region)
  MMD@1.0: 0.3688
  Survival@1.0: 28.8%
  Stopped@1.0:  5.8%
      Phase 2 AE: K_weight=0.1000
        Phase2 Epoch 50/250: loss=0.007695
        Phase2 Epoch 100/250: loss=0.014214
        Phase2 Epoch 150/250: loss=0.000799
        Phase2 Epoch 200/250: loss=0.000583
        Phase2 Epoch 250/250: loss=0.000556
        E_mu=0.0055  E_Sigma=0.0043
      → K
  Precomputing encoder-pullback target...
  Stage 2 epoch 60/300: loss=0.016215
  Stage 2 epoch 120/300: loss=0.017949
  Stage 2 epoch 180/300: loss=0.011289
  Stage 2 epoch 240/300: loss=0.010366
  Stage 2 epoch 300/300: loss=0.012259
  Stage 3 epoch 60/300: loss=0.020576
  Stage 3 epoch 120/300: loss=0.008340
  Stage 3 epoch 180/300: loss=0.002761
  Stage 3 epoch 240/300: loss=0.001091
  Stage 3 epoch 300/300: loss=0.000837
  rcMTE@0.1: 0.5302 (316/500 in region)
  rcMTE@0.5: 0.9246 (109/500 in region)
  rcMTE@1.0: 1.0991 (29/500 in region)
  MTE@0.1: 0.9336
  MTE@0.5: 1.6896
  MTE@1.0: 2.0025
  W2@1.0:  1.3761
  sW2@0.1: 0.7089 (316/500 in region)
  sW2@0.2: 1.0007 (232/500 in region)
  sW2@0.5: 1.1794 (109/500 in region)
  sW2@1.0: 1.3268 (29/500 in region)
  MMD@1.0: 0.3869
  Survival@1.0: 28.8%
  Stopped@1.0:  5.8%
      → K+S
  Precomputing encoder-pullback target...
  Stage 2 epoch 60/300: loss=0.016215
  Stage 2 epoch 120/300: loss=0.017949
  Stage 2 epoch 180/300: loss=0.011289
  Stage 2 epoch 240/300: loss=0.010366
  Stage 2 epoch 300/300: loss=0.012259
  Stage 3 epoch 60/300: loss=0.020576
  Stage 3 epoch 120/300: loss=0.008340
  Stage 3 epoch 180/300: loss=0.002761
  Stage 3 epoch 240/300: loss=0.001091
  Stage 3 epoch 300/300: loss=0.000837
  rcMTE@0.1: 0.5302 (316/500 in region)
  rcMTE@0.5: 0.9246 (109/500 in region)
  rcMTE@1.0: 1.0991 (29/500 in region)
  MTE@0.1: 0.9336
  MTE@0.5: 1.6896
  MTE@1.0: 2.0025
  W2@1.0:  1.3761
  sW2@0.1: 0.7089 (316/500 in region)
  sW2@0.2: 1.0007 (232/500 in region)
  sW2@0.5: 1.1794 (109/500 in region)
  sW2@1.0: 1.3268 (29/500 in region)
  MMD@1.0: 0.3869
  Survival@1.0: 28.8%
  Stopped@1.0:  5.8%
      baseline: W2=1.2578  E_mu=0.0083  E_Sig=0.0213
             K: W2=1.3761  E_mu=0.0055  E_Sig=0.0043
           K+S: W2=1.3761  E_mu=0.0055  E_Sig=0.0043

============================================================
  N=200 | D=11 (K=4) | paraboloid | seed=8042
============================================================
    Phase1 Epoch 50/250: loss=0.083544
    Phase1 Epoch 100/250: loss=0.015167
    Phase1 Epoch 150/250: loss=0.005879
    Phase1 Epoch 200/250: loss=0.016157
    Phase1 Epoch 250/250: loss=0.006392
      Phase 2 AE: K_weight=0.0000
        Phase2 Epoch 50/250: loss=0.000996
        Phase2 Epoch 100/250: loss=0.001779
        Phase2 Epoch 150/250: loss=0.002036
        Phase2 Epoch 200/250: loss=0.000396
        Phase2 Epoch 250/250: loss=0.000363
        E_mu=0.0085  E_Sigma=0.0077
      → baseline
  Precomputing encoder-pullback target...
  Stage 2 epoch 60/300: loss=0.023414
  Stage 2 epoch 120/300: loss=0.014655
  Stage 2 epoch 180/300: loss=0.014037
  Stage 2 epoch 240/300: loss=0.013501
  Stage 2 epoch 300/300: loss=0.013544
  Stage 3 epoch 60/300: loss=0.023515
  Stage 3 epoch 120/300: loss=0.013578
  Stage 3 epoch 180/300: loss=0.004930
  Stage 3 epoch 240/300: loss=0.002535
  Stage 3 epoch 300/300: loss=0.002021
  rcMTE@0.1: 0.2150 (269/500 in region)
  rcMTE@0.5: 0.4638 (84/500 in region)
  rcMTE@1.0: 0.7013 (29/500 in region)
  MTE@0.1: 0.4394
  MTE@0.5: 0.9039
  MTE@1.0: 1.2082
  W2@1.0:  0.8933
  sW2@0.1: 0.3997 (269/500 in region)
  sW2@0.2: 0.4334 (192/500 in region)
  sW2@0.5: 0.7999 (84/500 in region)
  sW2@1.0: 1.5248 (29/500 in region)
  MMD@1.0: 0.3308
  Survival@1.0: 27.0%
  Stopped@1.0:  5.8%
      Phase 2 AE: K_weight=0.1000
        Phase2 Epoch 50/250: loss=0.002951
        Phase2 Epoch 100/250: loss=0.006554
        Phase2 Epoch 150/250: loss=0.001206
        Phase2 Epoch 200/250: loss=0.002057
        Phase2 Epoch 250/250: loss=0.000792
        E_mu=0.0062  E_Sigma=0.0106
      → K
  Precomputing encoder-pullback target...
  Stage 2 epoch 60/300: loss=0.032153
  Stage 2 epoch 120/300: loss=0.019482
  Stage 2 epoch 180/300: loss=0.018384
  Stage 2 epoch 240/300: loss=0.017872
  Stage 2 epoch 300/300: loss=0.017274
  Stage 3 epoch 60/300: loss=0.023891
  Stage 3 epoch 120/300: loss=0.012266
  Stage 3 epoch 180/300: loss=0.004098
  Stage 3 epoch 240/300: loss=0.002502
  Stage 3 epoch 300/300: loss=0.001488
  rcMTE@0.1: 0.2200 (269/500 in region)
  rcMTE@0.5: 0.4735 (84/500 in region)
  rcMTE@1.0: 0.7074 (29/500 in region)
  MTE@0.1: 0.4498
  MTE@0.5: 0.9175
  MTE@1.0: 1.2172
  W2@1.0:  0.8915
  sW2@0.1: 0.4194 (269/500 in region)
  sW2@0.2: 0.4547 (192/500 in region)
  sW2@0.5: 0.8119 (84/500 in region)
  sW2@1.0: 1.5352 (29/500 in region)
  MMD@1.0: 0.3306
  Survival@1.0: 27.0%
  Stopped@1.0:  5.8%
      → K+S
  Precomputing encoder-pullback target...
  Stage 2 epoch 60/300: loss=0.032153
  Stage 2 epoch 120/300: loss=0.019482
  Stage 2 epoch 180/300: loss=0.018384
  Stage 2 epoch 240/300: loss=0.017872
  Stage 2 epoch 300/300: loss=0.017274
  Stage 3 epoch 60/300: loss=0.023891
  Stage 3 epoch 120/300: loss=0.012266
  Stage 3 epoch 180/300: loss=0.004098
  Stage 3 epoch 240/300: loss=0.002502
  Stage 3 epoch 300/300: loss=0.001488
  rcMTE@0.1: 0.2200 (269/500 in region)
  rcMTE@0.5: 0.4735 (84/500 in region)
  rcMTE@1.0: 0.7074 (29/500 in region)
  MTE@0.1: 0.4498
  MTE@0.5: 0.9175
  MTE@1.0: 1.2172
  W2@1.0:  0.8915
  sW2@0.1: 0.4194 (269/500 in region)
  sW2@0.2: 0.4547 (192/500 in region)
  sW2@0.5: 0.8119 (84/500 in region)
  sW2@1.0: 1.5352 (29/500 in region)
  MMD@1.0: 0.3306
  Survival@1.0: 27.0%
  Stopped@1.0:  5.8%
      baseline: W2=0.8933  E_mu=0.0085  E_Sig=0.0077
             K: W2=0.8915  E_mu=0.0062  E_Sig=0.0106
           K+S: W2=0.8915  E_mu=0.0062  E_Sig=0.0106

============================================================
  N=200 | D=11 (K=4) | paraboloid | seed=9042
============================================================
    Phase1 Epoch 50/250: loss=0.045972
    Phase1 Epoch 100/250: loss=0.035881
    Phase1 Epoch 150/250: loss=0.011582
    Phase1 Epoch 200/250: loss=0.025915
    Phase1 Epoch 250/250: loss=0.007397
      Phase 2 AE: K_weight=0.0000
        Phase2 Epoch 50/250: loss=0.009979
        Phase2 Epoch 100/250: loss=0.003276
        Phase2 Epoch 150/250: loss=0.008114
        Phase2 Epoch 200/250: loss=0.005082
        Phase2 Epoch 250/250: loss=0.008847
        E_mu=0.0142  E_Sigma=0.0202
      → baseline
  Precomputing encoder-pullback target...
  Stage 2 epoch 60/300: loss=0.073184
  Stage 2 epoch 120/300: loss=0.067511
  Stage 2 epoch 180/300: loss=0.055958
  Stage 2 epoch 240/300: loss=0.043392
  Stage 2 epoch 300/300: loss=0.038671
  Stage 3 epoch 60/300: loss=0.021844
  Stage 3 epoch 120/300: loss=0.011613
  Stage 3 epoch 180/300: loss=0.009721
  Stage 3 epoch 240/300: loss=0.008110
  Stage 3 epoch 300/300: loss=0.008099
  rcMTE@0.1: 0.2755 (280/500 in region)
  rcMTE@0.5: 0.5240 (85/500 in region)
  rcMTE@1.0: 0.6382 (22/500 in region)
  MTE@0.1: 0.5036
  MTE@0.5: 0.9990
  MTE@1.0: 1.2912
  W2@1.0:  1.0205
  sW2@0.1: 0.3653 (280/500 in region)
  sW2@0.2: 0.3405 (205/500 in region)
  sW2@0.5: 0.6499 (85/500 in region)
  sW2@1.0: 0.8533 (22/500 in region)
  MMD@1.0: 0.3543
  Survival@1.0: 28.2%
  Stopped@1.0:  4.4%
      Phase 2 AE: K_weight=0.1000
        Phase2 Epoch 50/250: loss=0.008670
        Phase2 Epoch 100/250: loss=0.011481
        Phase2 Epoch 150/250: loss=0.007935
        Phase2 Epoch 200/250: loss=0.005708
        Phase2 Epoch 250/250: loss=0.008879
        E_mu=0.0155  E_Sigma=0.0740
      → K
  Precomputing encoder-pullback target...
  Stage 2 epoch 60/300: loss=0.054146
  Stage 2 epoch 120/300: loss=0.044636
  Stage 2 epoch 180/300: loss=0.042399
  Stage 2 epoch 240/300: loss=0.041701
  Stage 2 epoch 300/300: loss=0.041811
  Stage 3 epoch 60/300: loss=0.022984
  Stage 3 epoch 120/300: loss=0.012820
  Stage 3 epoch 180/300: loss=0.010391
  Stage 3 epoch 240/300: loss=0.008356
  Stage 3 epoch 300/300: loss=0.008004
  rcMTE@0.1: 0.2896 (280/500 in region)
  rcMTE@0.5: 0.5532 (85/500 in region)
  rcMTE@1.0: 0.7030 (22/500 in region)
  MTE@0.1: 0.5356
  MTE@0.5: 1.0722
  MTE@1.0: 1.4247
  W2@1.0:  1.1263
  sW2@0.1: 0.3990 (280/500 in region)
  sW2@0.2: 0.3543 (205/500 in region)
  sW2@0.5: 0.6938 (85/500 in region)
  sW2@1.0: 0.9522 (22/500 in region)
  MMD@1.0: 0.3806
  Survival@1.0: 28.2%
  Stopped@1.0:  4.4%
      → K+S
  Precomputing encoder-pullback target...
  Stage 2 epoch 60/300: loss=0.054146
  Stage 2 epoch 120/300: loss=0.044636
  Stage 2 epoch 180/300: loss=0.042399
  Stage 2 epoch 240/300: loss=0.041701
  Stage 2 epoch 300/300: loss=0.041811
  Stage 3 epoch 60/300: loss=0.022984
  Stage 3 epoch 120/300: loss=0.012820
  Stage 3 epoch 180/300: loss=0.010391
  Stage 3 epoch 240/300: loss=0.008356
  Stage 3 epoch 300/300: loss=0.008004
  rcMTE@0.1: 0.2896 (280/500 in region)
  rcMTE@0.5: 0.5532 (85/500 in region)
  rcMTE@1.0: 0.7030 (22/500 in region)
  MTE@0.1: 0.5356
  MTE@0.5: 1.0722
  MTE@1.0: 1.4247
  W2@1.0:  1.1263
  sW2@0.1: 0.3990 (280/500 in region)
  sW2@0.2: 0.3543 (205/500 in region)
  sW2@0.5: 0.6938 (85/500 in region)
  sW2@1.0: 0.9522 (22/500 in region)
  MMD@1.0: 0.3806
  Survival@1.0: 28.2%
  Stopped@1.0:  4.4%
      baseline: W2=1.0205  E_mu=0.0142  E_Sig=0.0202
             K: W2=1.1263  E_mu=0.0155  E_Sig=0.0740
           K+S: W2=1.1263  E_mu=0.0155  E_Sig=0.0740

============================================================
  N=200 | D=11 (K=4) | hyperbolic_paraboloid | seed=42
============================================================
    Phase1 Epoch 50/250: loss=0.101549
    Phase1 Epoch 100/250: loss=0.014594
    Phase1 Epoch 150/250: loss=0.008973
    Phase1 Epoch 200/250: loss=0.007889
    Phase1 Epoch 250/250: loss=0.002824
      Phase 2 AE: K_weight=0.0000
        Phase2 Epoch 50/250: loss=0.006973
        Phase2 Epoch 100/250: loss=0.001938
        Phase2 Epoch 150/250: loss=0.000711
        Phase2 Epoch 200/250: loss=0.008579
        Phase2 Epoch 250/250: loss=0.000791
        E_mu=0.0111  E_Sigma=0.0126
      → baseline
  Precomputing encoder-pullback target...
  Stage 2 epoch 60/300: loss=0.031442
  Stage 2 epoch 120/300: loss=0.025158
  Stage 2 epoch 180/300: loss=0.023510
  Stage 2 epoch 240/300: loss=0.022756
  Stage 2 epoch 300/300: loss=0.024553
  Stage 3 epoch 60/300: loss=0.032254
  Stage 3 epoch 120/300: loss=0.023692
  Stage 3 epoch 180/300: loss=0.018805
  Stage 3 epoch 240/300: loss=0.015014
  Stage 3 epoch 300/300: loss=0.013564
  rcMTE@0.1: 0.3569 (292/500 in region)
  rcMTE@0.5: 0.7843 (97/500 in region)
  rcMTE@1.0: 1.0771 (21/500 in region)
  MTE@0.1: 0.6385
  MTE@0.5: 1.2606
  MTE@1.0: 1.3406
  W2@1.0:  0.6334
  sW2@0.1: 0.2742 (292/500 in region)
  sW2@0.2: 0.4144 (214/500 in region)
  sW2@0.5: 0.6337 (97/500 in region)
  sW2@1.0: 1.2334 (21/500 in region)
  MMD@1.0: 0.2206
  Survival@1.0: 28.0%
  Stopped@1.0:  4.2%
      Phase 2 AE: K_weight=0.1000
        Phase2 Epoch 50/250: loss=0.003885
        Phase2 Epoch 100/250: loss=0.000761
        Phase2 Epoch 150/250: loss=0.000534
        Phase2 Epoch 200/250: loss=0.000546
        Phase2 Epoch 250/250: loss=0.000393
        E_mu=0.0040  E_Sigma=0.0075
      → K
  Precomputing encoder-pullback target...
  Stage 2 epoch 60/300: loss=0.014676
  Stage 2 epoch 120/300: loss=0.013438
  Stage 2 epoch 180/300: loss=0.012686
  Stage 2 epoch 240/300: loss=0.013499
  Stage 2 epoch 300/300: loss=0.012916
  Stage 3 epoch 60/300: loss=0.034475
  Stage 3 epoch 120/300: loss=0.024718
  Stage 3 epoch 180/300: loss=0.019334
  Stage 3 epoch 240/300: loss=0.015509
  Stage 3 epoch 300/300: loss=0.014344
  rcMTE@0.1: 0.3492 (292/500 in region)
  rcMTE@0.5: 0.7820 (97/500 in region)
  rcMTE@1.0: 1.1005 (21/500 in region)
  MTE@0.1: 0.6272
  MTE@0.5: 1.2542
  MTE@1.0: 1.3534
  W2@1.0:  0.6578
  sW2@0.1: 0.2692 (292/500 in region)
  sW2@0.2: 0.4253 (214/500 in region)
  sW2@0.5: 0.6413 (97/500 in region)
  sW2@1.0: 1.3323 (21/500 in region)
  MMD@1.0: 0.2459
  Survival@1.0: 28.0%
  Stopped@1.0:  4.2%
      → K+S
  Precomputing encoder-pullback target...
  Stage 2 epoch 60/300: loss=0.014676
  Stage 2 epoch 120/300: loss=0.013438
  Stage 2 epoch 180/300: loss=0.012686
  Stage 2 epoch 240/300: loss=0.013499
  Stage 2 epoch 300/300: loss=0.012916
  Stage 3 epoch 60/300: loss=0.034475
  Stage 3 epoch 120/300: loss=0.024718
  Stage 3 epoch 180/300: loss=0.019334
  Stage 3 epoch 240/300: loss=0.015509
  Stage 3 epoch 300/300: loss=0.014344
  rcMTE@0.1: 0.3492 (292/500 in region)
  rcMTE@0.5: 0.7820 (97/500 in region)
  rcMTE@1.0: 1.1005 (21/500 in region)
  MTE@0.1: 0.6272
  MTE@0.5: 1.2542
  MTE@1.0: 1.3534
  W2@1.0:  0.6578
  sW2@0.1: 0.2692 (292/500 in region)
  sW2@0.2: 0.4253 (214/500 in region)
  sW2@0.5: 0.6413 (97/500 in region)
  sW2@1.0: 1.3323 (21/500 in region)
  MMD@1.0: 0.2459
  Survival@1.0: 28.0%
  Stopped@1.0:  4.2%
      baseline: W2=0.6334  E_mu=0.0111  E_Sig=0.0126
             K: W2=0.6578  E_mu=0.0040  E_Sig=0.0075
           K+S: W2=0.6578  E_mu=0.0040  E_Sig=0.0075

============================================================
  N=200 | D=11 (K=4) | hyperbolic_paraboloid | seed=1042
============================================================
    Phase1 Epoch 50/250: loss=0.764305
    Phase1 Epoch 100/250: loss=0.262578
    Phase1 Epoch 150/250: loss=0.029709
    Phase1 Epoch 200/250: loss=0.013941
    Phase1 Epoch 250/250: loss=0.008316
      Phase 2 AE: K_weight=0.0000
        Phase2 Epoch 50/250: loss=0.006838
        Phase2 Epoch 100/250: loss=0.012911
        Phase2 Epoch 150/250: loss=0.002590
        Phase2 Epoch 200/250: loss=0.002165
        Phase2 Epoch 250/250: loss=0.005752
        E_mu=0.0254  E_Sigma=0.0595
      → baseline
  Precomputing encoder-pullback target...
  Stage 2 epoch 60/300: loss=0.065935
  Stage 2 epoch 120/300: loss=0.049801
  Stage 2 epoch 180/300: loss=0.044195
  Stage 2 epoch 240/300: loss=0.038962
  Stage 2 epoch 300/300: loss=0.058202
  Stage 3 epoch 60/300: loss=0.048265
  Stage 3 epoch 120/300: loss=0.019975
  Stage 3 epoch 180/300: loss=0.012603
  Stage 3 epoch 240/300: loss=0.012654
  Stage 3 epoch 300/300: loss=0.008667
  rcMTE@0.1: 0.2055 (285/500 in region)
  rcMTE@0.5: 0.3661 (98/500 in region)
  rcMTE@1.0: 0.4414 (31/500 in region)
  MTE@0.1: 0.3916
  MTE@0.5: 0.7462
  MTE@1.0: 0.9604
  W2@1.0:  0.7493
  sW2@0.1: 0.2231 (285/500 in region)
  sW2@0.2: 0.3204 (204/500 in region)
  sW2@0.5: 0.4269 (98/500 in region)
  sW2@1.0: 0.7399 (31/500 in region)
  MMD@1.0: 0.2516
  Survival@1.0: 29.8%
  Stopped@1.0:  6.2%
      Phase 2 AE: K_weight=0.1000
        Phase2 Epoch 50/250: loss=0.020486
        Phase2 Epoch 100/250: loss=0.002357
        Phase2 Epoch 150/250: loss=0.006313
        Phase2 Epoch 200/250: loss=0.002148
        Phase2 Epoch 250/250: loss=0.001176
        E_mu=0.0063  E_Sigma=0.0116
      → K
  Precomputing encoder-pullback target...
  Stage 2 epoch 60/300: loss=0.055790
  Stage 2 epoch 120/300: loss=0.042356
  Stage 2 epoch 180/300: loss=0.040611
  Stage 2 epoch 240/300: loss=0.037485
  Stage 2 epoch 300/300: loss=0.060145
  Stage 3 epoch 60/300: loss=0.043827
  Stage 3 epoch 120/300: loss=0.014848
  Stage 3 epoch 180/300: loss=0.009571
  Stage 3 epoch 240/300: loss=0.008685
  Stage 3 epoch 300/300: loss=0.005020
  rcMTE@0.1: 0.2096 (285/500 in region)
  rcMTE@0.5: 0.3973 (98/500 in region)
  rcMTE@1.0: 0.4959 (31/500 in region)
  MTE@0.1: 0.3940
  MTE@0.5: 0.7956
  MTE@1.0: 1.0565
  W2@1.0:  0.9276
  sW2@0.1: 0.2218 (285/500 in region)
  sW2@0.2: 0.3339 (204/500 in region)
  sW2@0.5: 0.4932 (98/500 in region)
  sW2@1.0: 0.7420 (31/500 in region)
  MMD@1.0: 0.2655
  Survival@1.0: 29.8%
  Stopped@1.0:  6.2%
      → K+S
  Precomputing encoder-pullback target...
  Stage 2 epoch 60/300: loss=0.055790
  Stage 2 epoch 120/300: loss=0.042356
  Stage 2 epoch 180/300: loss=0.040611
  Stage 2 epoch 240/300: loss=0.037485
  Stage 2 epoch 300/300: loss=0.060145
  Stage 3 epoch 60/300: loss=0.043827
  Stage 3 epoch 120/300: loss=0.014848
  Stage 3 epoch 180/300: loss=0.009571
  Stage 3 epoch 240/300: loss=0.008685
  Stage 3 epoch 300/300: loss=0.005020
  rcMTE@0.1: 0.2096 (285/500 in region)
  rcMTE@0.5: 0.3973 (98/500 in region)
  rcMTE@1.0: 0.4959 (31/500 in region)
  MTE@0.1: 0.3940
  MTE@0.5: 0.7956
  MTE@1.0: 1.0565
  W2@1.0:  0.9276
  sW2@0.1: 0.2218 (285/500 in region)
  sW2@0.2: 0.3339 (204/500 in region)
  sW2@0.5: 0.4932 (98/500 in region)
  sW2@1.0: 0.7420 (31/500 in region)
  MMD@1.0: 0.2655
  Survival@1.0: 29.8%
  Stopped@1.0:  6.2%
      baseline: W2=0.7493  E_mu=0.0254  E_Sig=0.0595
             K: W2=0.9276  E_mu=0.0063  E_Sig=0.0116
           K+S: W2=0.9276  E_mu=0.0063  E_Sig=0.0116

============================================================
  N=200 | D=11 (K=4) | hyperbolic_paraboloid | seed=2042
============================================================
    Phase1 Epoch 50/250: loss=0.744450
    Phase1 Epoch 100/250: loss=0.346684
    Phase1 Epoch 150/250: loss=0.190511
    Phase1 Epoch 200/250: loss=0.020355
    Phase1 Epoch 250/250: loss=0.010979
      Phase 2 AE: K_weight=0.0000
        Phase2 Epoch 50/250: loss=0.014287
        Phase2 Epoch 100/250: loss=0.005821
        Phase2 Epoch 150/250: loss=0.005383
        Phase2 Epoch 200/250: loss=0.004559
        Phase2 Epoch 250/250: loss=0.000915
        E_mu=0.0113  E_Sigma=0.0142
      → baseline
  Precomputing encoder-pullback target...
  Stage 2 epoch 60/300: loss=0.041098
  Stage 2 epoch 120/300: loss=0.026256
  Stage 2 epoch 180/300: loss=0.025160
  Stage 2 epoch 240/300: loss=0.018655
  Stage 2 epoch 300/300: loss=0.013406
  Stage 3 epoch 60/300: loss=0.053756
  Stage 3 epoch 120/300: loss=0.012267
  Stage 3 epoch 180/300: loss=0.011354
  Stage 3 epoch 240/300: loss=0.006894
  Stage 3 epoch 300/300: loss=0.004806
  rcMTE@0.1: 0.2602 (293/500 in region)
  rcMTE@0.5: 0.5362 (88/500 in region)
  rcMTE@1.0: 0.7206 (24/500 in region)
  MTE@0.1: 0.4896
  MTE@0.5: 1.0437
  MTE@1.0: 1.1911
  W2@1.0:  0.7672
  sW2@0.1: 0.2618 (293/500 in region)
  sW2@0.2: 0.4021 (212/500 in region)
  sW2@0.5: 0.6136 (88/500 in region)
  sW2@1.0: 0.9850 (24/500 in region)
  MMD@1.0: 0.3166
  Survival@1.0: 26.6%
  Stopped@1.0:  4.8%
      Phase 2 AE: K_weight=0.1000
        Phase2 Epoch 50/250: loss=0.011004
        Phase2 Epoch 100/250: loss=0.005637
        Phase2 Epoch 150/250: loss=0.003119
        Phase2 Epoch 200/250: loss=0.008369
        Phase2 Epoch 250/250: loss=0.004981
        E_mu=0.0216  E_Sigma=0.1795
      → K
  Precomputing encoder-pullback target...
  Stage 2 epoch 60/300: loss=0.049039
  Stage 2 epoch 120/300: loss=0.032479
  Stage 2 epoch 180/300: loss=0.029905
  Stage 2 epoch 240/300: loss=0.021414
  Stage 2 epoch 300/300: loss=0.014911
  Stage 3 epoch 60/300: loss=0.038403
  Stage 3 epoch 120/300: loss=0.012200
  Stage 3 epoch 180/300: loss=0.012188
  Stage 3 epoch 240/300: loss=0.007791
  Stage 3 epoch 300/300: loss=0.005881
  rcMTE@0.1: 0.2618 (293/500 in region)
  rcMTE@0.5: 0.5409 (88/500 in region)
  rcMTE@1.0: 0.7027 (24/500 in region)
  MTE@0.1: 0.4891
  MTE@0.5: 1.0361
  MTE@1.0: 1.1842
  W2@1.0:  0.7473
  sW2@0.1: 0.2633 (293/500 in region)
  sW2@0.2: 0.3867 (212/500 in region)
  sW2@0.5: 0.6125 (88/500 in region)
  sW2@1.0: 0.9389 (24/500 in region)
  MMD@1.0: 0.3243
  Survival@1.0: 26.6%
  Stopped@1.0:  4.8%
      → K+S
  Precomputing encoder-pullback target...
  Stage 2 epoch 60/300: loss=0.049039
  Stage 2 epoch 120/300: loss=0.032479
  Stage 2 epoch 180/300: loss=0.029905
  Stage 2 epoch 240/300: loss=0.021414
  Stage 2 epoch 300/300: loss=0.014911
  Stage 3 epoch 60/300: loss=0.038403
  Stage 3 epoch 120/300: loss=0.012200
  Stage 3 epoch 180/300: loss=0.012188
  Stage 3 epoch 240/300: loss=0.007791
  Stage 3 epoch 300/300: loss=0.005881
  rcMTE@0.1: 0.2618 (293/500 in region)
  rcMTE@0.5: 0.5409 (88/500 in region)
  rcMTE@1.0: 0.7027 (24/500 in region)
  MTE@0.1: 0.4891
  MTE@0.5: 1.0361
  MTE@1.0: 1.1842
  W2@1.0:  0.7473
  sW2@0.1: 0.2633 (293/500 in region)
  sW2@0.2: 0.3867 (212/500 in region)
  sW2@0.5: 0.6125 (88/500 in region)
  sW2@1.0: 0.9389 (24/500 in region)
  MMD@1.0: 0.3243
  Survival@1.0: 26.6%
  Stopped@1.0:  4.8%
      baseline: W2=0.7672  E_mu=0.0113  E_Sig=0.0142
             K: W2=0.7473  E_mu=0.0216  E_Sig=0.1795
           K+S: W2=0.7473  E_mu=0.0216  E_Sig=0.1795

============================================================
  N=200 | D=11 (K=4) | hyperbolic_paraboloid | seed=3042
============================================================
    Phase1 Epoch 50/250: loss=0.064773
    Phase1 Epoch 100/250: loss=0.008291
    Phase1 Epoch 150/250: loss=0.004940
    Phase1 Epoch 200/250: loss=0.001897
    Phase1 Epoch 250/250: loss=0.002145
      Phase 2 AE: K_weight=0.0000
        Phase2 Epoch 50/250: loss=0.000950
        Phase2 Epoch 100/250: loss=0.001062
        Phase2 Epoch 150/250: loss=0.005336
        Phase2 Epoch 200/250: loss=0.004587
        Phase2 Epoch 250/250: loss=0.004153
        E_mu=0.0085  E_Sigma=0.0331
      → baseline
  Precomputing encoder-pullback target...
  Stage 2 epoch 60/300: loss=0.051989
  Stage 2 epoch 120/300: loss=0.044454
  Stage 2 epoch 180/300: loss=0.047650
  Stage 2 epoch 240/300: loss=0.039589
  Stage 2 epoch 300/300: loss=0.037559
  Stage 3 epoch 60/300: loss=0.104686
  Stage 3 epoch 120/300: loss=0.040049
  Stage 3 epoch 180/300: loss=0.024164
  Stage 3 epoch 240/300: loss=0.014020
  Stage 3 epoch 300/300: loss=0.010775
  rcMTE@0.1: 0.5429 (275/500 in region)
  rcMTE@0.5: 0.8876 (78/500 in region)
  rcMTE@1.0: 0.9020 (25/500 in region)
  MTE@0.1: 1.0222
  MTE@0.5: 1.6081
  MTE@1.0: 1.8332
  W2@1.0:  0.9221
  sW2@0.1: 0.5658 (275/500 in region)
  sW2@0.2: 0.6549 (204/500 in region)
  sW2@0.5: 0.7954 (78/500 in region)
  sW2@1.0: 1.0644 (25/500 in region)
  MMD@1.0: 0.2388
  Survival@1.0: 27.2%
  Stopped@1.0:  5.0%
      Phase 2 AE: K_weight=0.1000
        Phase2 Epoch 50/250: loss=0.005491
        Phase2 Epoch 100/250: loss=0.000649
        Phase2 Epoch 150/250: loss=0.000568
        Phase2 Epoch 200/250: loss=0.000598
        Phase2 Epoch 250/250: loss=0.000859
        E_mu=0.0044  E_Sigma=0.0164
      → K
  Precomputing encoder-pullback target...
  Stage 2 epoch 60/300: loss=0.022547
  Stage 2 epoch 120/300: loss=0.019712
  Stage 2 epoch 180/300: loss=0.023389
  Stage 2 epoch 240/300: loss=0.018227
  Stage 2 epoch 300/300: loss=0.017522
  Stage 3 epoch 60/300: loss=0.041790
  Stage 3 epoch 120/300: loss=0.030027
  Stage 3 epoch 180/300: loss=0.024054
  Stage 3 epoch 240/300: loss=0.018069
  Stage 3 epoch 300/300: loss=0.014538
  rcMTE@0.1: 0.4344 (275/500 in region)
  rcMTE@0.5: 0.7048 (78/500 in region)
  rcMTE@1.0: 0.9725 (25/500 in region)
  MTE@0.1: 0.8512
  MTE@0.5: 1.2938
  MTE@1.0: 1.5656
  W2@1.0:  0.9213
  sW2@0.1: 0.4987 (275/500 in region)
  sW2@0.2: 0.5883 (204/500 in region)
  sW2@0.5: 0.7076 (78/500 in region)
  sW2@1.0: 1.3437 (25/500 in region)
  MMD@1.0: 0.2518
  Survival@1.0: 27.2%
  Stopped@1.0:  5.0%
      → K+S
  Precomputing encoder-pullback target...
  Stage 2 epoch 60/300: loss=0.022547
  Stage 2 epoch 120/300: loss=0.019712
  Stage 2 epoch 180/300: loss=0.023389
  Stage 2 epoch 240/300: loss=0.018227
  Stage 2 epoch 300/300: loss=0.017522
  Stage 3 epoch 60/300: loss=0.041790
  Stage 3 epoch 120/300: loss=0.030027
  Stage 3 epoch 180/300: loss=0.024054
  Stage 3 epoch 240/300: loss=0.018069
  Stage 3 epoch 300/300: loss=0.014538
  rcMTE@0.1: 0.4344 (275/500 in region)
  rcMTE@0.5: 0.7048 (78/500 in region)
  rcMTE@1.0: 0.9725 (25/500 in region)
  MTE@0.1: 0.8512
  MTE@0.5: 1.2938
  MTE@1.0: 1.5656
  W2@1.0:  0.9213
  sW2@0.1: 0.4987 (275/500 in region)
  sW2@0.2: 0.5883 (204/500 in region)
  sW2@0.5: 0.7076 (78/500 in region)
  sW2@1.0: 1.3437 (25/500 in region)
  MMD@1.0: 0.2518
  Survival@1.0: 27.2%
  Stopped@1.0:  5.0%
      baseline: W2=0.9221  E_mu=0.0085  E_Sig=0.0331
             K: W2=0.9213  E_mu=0.0044  E_Sig=0.0164
           K+S: W2=0.9213  E_mu=0.0044  E_Sig=0.0164

============================================================
  N=200 | D=11 (K=4) | hyperbolic_paraboloid | seed=4042
============================================================
    Phase1 Epoch 50/250: loss=0.758988
    Phase1 Epoch 100/250: loss=0.328093
    Phase1 Epoch 150/250: loss=0.163923
    Phase1 Epoch 200/250: loss=0.011033
    Phase1 Epoch 250/250: loss=0.003839
      Phase 2 AE: K_weight=0.0000
        Phase2 Epoch 50/250: loss=0.001069
        Phase2 Epoch 100/250: loss=0.001396
        Phase2 Epoch 150/250: loss=0.001853
        Phase2 Epoch 200/250: loss=0.000975
        Phase2 Epoch 250/250: loss=0.000535
        E_mu=0.0117  E_Sigma=0.0173
      → baseline
  Precomputing encoder-pullback target...
  Stage 2 epoch 60/300: loss=0.089112
  Stage 2 epoch 120/300: loss=0.036379
  Stage 2 epoch 180/300: loss=0.031737
  Stage 2 epoch 240/300: loss=0.028639
  Stage 2 epoch 300/300: loss=0.028182
  Stage 3 epoch 60/300: loss=0.042556
  Stage 3 epoch 120/300: loss=0.026021
  Stage 3 epoch 180/300: loss=0.018169
  Stage 3 epoch 240/300: loss=0.016398
  Stage 3 epoch 300/300: loss=0.014790
  rcMTE@0.1: 0.5867 (287/500 in region)
  rcMTE@0.5: 0.8938 (102/500 in region)
  rcMTE@1.0: 1.0059 (30/500 in region)
  MTE@0.1: 1.0812
  MTE@0.5: 1.6688
  MTE@1.0: 1.5474
  W2@1.0:  0.7460
  sW2@0.1: 0.5043 (287/500 in region)
  sW2@0.2: 0.6363 (207/500 in region)
  sW2@0.5: 0.6352 (102/500 in region)
  sW2@1.0: 1.1016 (30/500 in region)
  MMD@1.0: 0.2177
  Survival@1.0: 28.2%
  Stopped@1.0:  6.0%
      Phase 2 AE: K_weight=0.1000
        Phase2 Epoch 50/250: loss=0.002468
        Phase2 Epoch 100/250: loss=0.001164
        Phase2 Epoch 150/250: loss=0.001148
        Phase2 Epoch 200/250: loss=0.000801
        Phase2 Epoch 250/250: loss=0.001390
        E_mu=0.0080  E_Sigma=0.0255
      → K
  Precomputing encoder-pullback target...
  Stage 2 epoch 60/300: loss=0.085990
  Stage 2 epoch 120/300: loss=0.035702
  Stage 2 epoch 180/300: loss=0.033637
  Stage 2 epoch 240/300: loss=0.030072
  Stage 2 epoch 300/300: loss=0.033161
  Stage 3 epoch 60/300: loss=0.043809
  Stage 3 epoch 120/300: loss=0.025625
  Stage 3 epoch 180/300: loss=0.017406
  Stage 3 epoch 240/300: loss=0.017111
  Stage 3 epoch 300/300: loss=0.013858
  rcMTE@0.1: 0.5823 (287/500 in region)
  rcMTE@0.5: 0.8896 (102/500 in region)
  rcMTE@1.0: 0.9668 (30/500 in region)
  MTE@0.1: 1.0854
  MTE@0.5: 1.6789
  MTE@1.0: 1.5721
  W2@1.0:  0.7530
  sW2@0.1: 0.5182 (287/500 in region)
  sW2@0.2: 0.6625 (207/500 in region)
  sW2@0.5: 0.6136 (102/500 in region)
  sW2@1.0: 1.0739 (30/500 in region)
  MMD@1.0: 0.2364
  Survival@1.0: 28.2%
  Stopped@1.0:  6.0%
      → K+S
  Precomputing encoder-pullback target...
  Stage 2 epoch 60/300: loss=0.085990
  Stage 2 epoch 120/300: loss=0.035702
  Stage 2 epoch 180/300: loss=0.033637
  Stage 2 epoch 240/300: loss=0.030072
  Stage 2 epoch 300/300: loss=0.033161
  Stage 3 epoch 60/300: loss=0.043809
  Stage 3 epoch 120/300: loss=0.025625
  Stage 3 epoch 180/300: loss=0.017406
  Stage 3 epoch 240/300: loss=0.017111
  Stage 3 epoch 300/300: loss=0.013858
  rcMTE@0.1: 0.5823 (287/500 in region)
  rcMTE@0.5: 0.8896 (102/500 in region)
  rcMTE@1.0: 0.9668 (30/500 in region)
  MTE@0.1: 1.0854
  MTE@0.5: 1.6789
  MTE@1.0: 1.5721
  W2@1.0:  0.7530
  sW2@0.1: 0.5182 (287/500 in region)
  sW2@0.2: 0.6625 (207/500 in region)
  sW2@0.5: 0.6136 (102/500 in region)
  sW2@1.0: 1.0739 (30/500 in region)
  MMD@1.0: 0.2364
  Survival@1.0: 28.2%
  Stopped@1.0:  6.0%
      baseline: W2=0.7460  E_mu=0.0117  E_Sig=0.0173
             K: W2=0.7530  E_mu=0.0080  E_Sig=0.0255
           K+S: W2=0.7530  E_mu=0.0080  E_Sig=0.0255

============================================================
  N=200 | D=11 (K=4) | hyperbolic_paraboloid | seed=5042
============================================================
    Phase1 Epoch 50/250: loss=0.035868
    Phase1 Epoch 100/250: loss=0.014830
    Phase1 Epoch 150/250: loss=0.002552
    Phase1 Epoch 200/250: loss=0.013059
    Phase1 Epoch 250/250: loss=0.001079
      Phase 2 AE: K_weight=0.0000
        Phase2 Epoch 50/250: loss=0.001478
        Phase2 Epoch 100/250: loss=0.000996
        Phase2 Epoch 150/250: loss=0.004994
        Phase2 Epoch 200/250: loss=0.001056
        Phase2 Epoch 250/250: loss=0.001467
        E_mu=0.0130  E_Sigma=0.0225
      → baseline
  Precomputing encoder-pullback target...
  Stage 2 epoch 60/300: loss=0.036620
  Stage 2 epoch 120/300: loss=0.031945
  Stage 2 epoch 180/300: loss=0.028338
  Stage 2 epoch 240/300: loss=0.026362
  Stage 2 epoch 300/300: loss=0.023579
  Stage 3 epoch 60/300: loss=0.009492
  Stage 3 epoch 120/300: loss=0.005365
  Stage 3 epoch 180/300: loss=0.003112
  Stage 3 epoch 240/300: loss=0.002238
  Stage 3 epoch 300/300: loss=0.002115
  rcMTE@0.1: 0.4997 (285/500 in region)
  rcMTE@0.5: 1.0258 (93/500 in region)
  rcMTE@1.0: 1.2316 (33/500 in region)
  MTE@0.1: 0.9014
  MTE@0.5: 1.5727
  MTE@1.0: 1.6592
  W2@1.0:  0.9770
  sW2@0.1: 0.4172 (285/500 in region)
  sW2@0.2: 0.7086 (216/500 in region)
  sW2@0.5: 0.9534 (93/500 in region)
  sW2@1.0: 1.4320 (33/500 in region)
  MMD@1.0: 0.2541
  Survival@1.0: 25.8%
  Stopped@1.0:  6.6%
      Phase 2 AE: K_weight=0.1000
        Phase2 Epoch 50/250: loss=0.002448
        Phase2 Epoch 100/250: loss=0.002966
        Phase2 Epoch 150/250: loss=0.000714
        Phase2 Epoch 200/250: loss=0.000615
        Phase2 Epoch 250/250: loss=0.000433
        E_mu=0.0043  E_Sigma=0.0051
      → K
  Precomputing encoder-pullback target...
  Stage 2 epoch 60/300: loss=0.032829
  Stage 2 epoch 120/300: loss=0.027122
  Stage 2 epoch 180/300: loss=0.024068
  Stage 2 epoch 240/300: loss=0.021152
  Stage 2 epoch 300/300: loss=0.019535
  Stage 3 epoch 60/300: loss=0.009580
  Stage 3 epoch 120/300: loss=0.004403
  Stage 3 epoch 180/300: loss=0.002911
  Stage 3 epoch 240/300: loss=0.002222
  Stage 3 epoch 300/300: loss=0.002128
  rcMTE@0.1: 0.5058 (285/500 in region)
  rcMTE@0.5: 1.0356 (93/500 in region)
  rcMTE@1.0: 1.2656 (33/500 in region)
  MTE@0.1: 0.9091
  MTE@0.5: 1.6055
  MTE@1.0: 1.7334
  W2@1.0:  1.0948
  sW2@0.1: 0.4274 (285/500 in region)
  sW2@0.2: 0.7183 (216/500 in region)
  sW2@0.5: 0.9788 (93/500 in region)
  sW2@1.0: 1.5366 (33/500 in region)
  MMD@1.0: 0.2684
  Survival@1.0: 25.8%
  Stopped@1.0:  6.6%
      → K+S
  Precomputing encoder-pullback target...
  Stage 2 epoch 60/300: loss=0.032829
  Stage 2 epoch 120/300: loss=0.027122
  Stage 2 epoch 180/300: loss=0.024068
  Stage 2 epoch 240/300: loss=0.021152
  Stage 2 epoch 300/300: loss=0.019535
  Stage 3 epoch 60/300: loss=0.009580
  Stage 3 epoch 120/300: loss=0.004403
  Stage 3 epoch 180/300: loss=0.002911
  Stage 3 epoch 240/300: loss=0.002222
  Stage 3 epoch 300/300: loss=0.002128
  rcMTE@0.1: 0.5058 (285/500 in region)
  rcMTE@0.5: 1.0356 (93/500 in region)
  rcMTE@1.0: 1.2656 (33/500 in region)
  MTE@0.1: 0.9091
  MTE@0.5: 1.6055
  MTE@1.0: 1.7334
  W2@1.0:  1.0948
  sW2@0.1: 0.4274 (285/500 in region)
  sW2@0.2: 0.7183 (216/500 in region)
  sW2@0.5: 0.9788 (93/500 in region)
  sW2@1.0: 1.5366 (33/500 in region)
  MMD@1.0: 0.2684
  Survival@1.0: 25.8%
  Stopped@1.0:  6.6%
      baseline: W2=0.9770  E_mu=0.0130  E_Sig=0.0225
             K: W2=1.0948  E_mu=0.0043  E_Sig=0.0051
           K+S: W2=1.0948  E_mu=0.0043  E_Sig=0.0051

============================================================
  N=200 | D=11 (K=4) | hyperbolic_paraboloid | seed=6042
============================================================
    Phase1 Epoch 50/250: loss=0.056777
    Phase1 Epoch 100/250: loss=0.012401
    Phase1 Epoch 150/250: loss=0.005101
    Phase1 Epoch 200/250: loss=0.002299
    Phase1 Epoch 250/250: loss=0.002718
      Phase 2 AE: K_weight=0.0000
        Phase2 Epoch 50/250: loss=0.004647
        Phase2 Epoch 100/250: loss=0.000767
        Phase2 Epoch 150/250: loss=0.001427
        Phase2 Epoch 200/250: loss=0.000327
        Phase2 Epoch 250/250: loss=0.000323
        E_mu=0.0089  E_Sigma=0.0083
      → baseline
  Precomputing encoder-pullback target...
  Stage 2 epoch 60/300: loss=0.029392
  Stage 2 epoch 120/300: loss=0.023938
  Stage 2 epoch 180/300: loss=0.017419
  Stage 2 epoch 240/300: loss=0.015449
  Stage 2 epoch 300/300: loss=0.014811
  Stage 3 epoch 60/300: loss=0.038649
  Stage 3 epoch 120/300: loss=0.024994
  Stage 3 epoch 180/300: loss=0.022824
  Stage 3 epoch 240/300: loss=0.016074
  Stage 3 epoch 300/300: loss=0.015291
  rcMTE@0.1: 0.3570 (290/500 in region)
  rcMTE@0.5: 0.5512 (89/500 in region)
  rcMTE@1.0: 0.5386 (30/500 in region)
  MTE@0.1: 0.6669
  MTE@0.5: 1.1744
  MTE@1.0: 1.2856
  W2@1.0:  0.6070
  sW2@0.1: 0.3988 (290/500 in region)
  sW2@0.2: 0.4276 (208/500 in region)
  sW2@0.5: 0.5142 (89/500 in region)
  sW2@1.0: 0.4603 (30/500 in region)
  MMD@1.0: 0.2221
  Survival@1.0: 27.2%
  Stopped@1.0:  6.0%
      Phase 2 AE: K_weight=0.1000
        Phase2 Epoch 50/250: loss=0.009917
        Phase2 Epoch 100/250: loss=0.000907
        Phase2 Epoch 150/250: loss=0.000616
        Phase2 Epoch 200/250: loss=0.000492
        Phase2 Epoch 250/250: loss=0.000948
        E_mu=0.0062  E_Sigma=0.0162
      → K
  Precomputing encoder-pullback target...
  Stage 2 epoch 60/300: loss=0.023277
  Stage 2 epoch 120/300: loss=0.020980
  Stage 2 epoch 180/300: loss=0.015261
  Stage 2 epoch 240/300: loss=0.013633
  Stage 2 epoch 300/300: loss=0.013040
  Stage 3 epoch 60/300: loss=0.039937
  Stage 3 epoch 120/300: loss=0.025624
  Stage 3 epoch 180/300: loss=0.023199
  Stage 3 epoch 240/300: loss=0.016086
  Stage 3 epoch 300/300: loss=0.014652
  rcMTE@0.1: 0.3577 (290/500 in region)
  rcMTE@0.5: 0.5531 (89/500 in region)
  rcMTE@1.0: 0.5422 (30/500 in region)
  MTE@0.1: 0.6701
  MTE@0.5: 1.1859
  MTE@1.0: 1.3044
  W2@1.0:  0.6607
  sW2@0.1: 0.4180 (290/500 in region)
  sW2@0.2: 0.4526 (208/500 in region)
  sW2@0.5: 0.5269 (89/500 in region)
  sW2@1.0: 0.4642 (30/500 in region)
  MMD@1.0: 0.2263
  Survival@1.0: 27.2%
  Stopped@1.0:  6.0%
      → K+S
  Precomputing encoder-pullback target...
  Stage 2 epoch 60/300: loss=0.023277
  Stage 2 epoch 120/300: loss=0.020980
  Stage 2 epoch 180/300: loss=0.015261
  Stage 2 epoch 240/300: loss=0.013633
  Stage 2 epoch 300/300: loss=0.013040
  Stage 3 epoch 60/300: loss=0.039937
  Stage 3 epoch 120/300: loss=0.025624
  Stage 3 epoch 180/300: loss=0.023199
  Stage 3 epoch 240/300: loss=0.016086
  Stage 3 epoch 300/300: loss=0.014652
  rcMTE@0.1: 0.3577 (290/500 in region)
  rcMTE@0.5: 0.5531 (89/500 in region)
  rcMTE@1.0: 0.5422 (30/500 in region)
  MTE@0.1: 0.6701
  MTE@0.5: 1.1859
  MTE@1.0: 1.3044
  W2@1.0:  0.6607
  sW2@0.1: 0.4180 (290/500 in region)
  sW2@0.2: 0.4526 (208/500 in region)
  sW2@0.5: 0.5269 (89/500 in region)
  sW2@1.0: 0.4642 (30/500 in region)
  MMD@1.0: 0.2263
  Survival@1.0: 27.2%
  Stopped@1.0:  6.0%
      baseline: W2=0.6070  E_mu=0.0089  E_Sig=0.0083
             K: W2=0.6607  E_mu=0.0062  E_Sig=0.0162
           K+S: W2=0.6607  E_mu=0.0062  E_Sig=0.0162

============================================================
  N=200 | D=11 (K=4) | hyperbolic_paraboloid | seed=7042
============================================================
    Phase1 Epoch 50/250: loss=0.074414
    Phase1 Epoch 100/250: loss=0.008706
    Phase1 Epoch 150/250: loss=0.016601
    Phase1 Epoch 200/250: loss=0.007236
    Phase1 Epoch 250/250: loss=0.003031
      Phase 2 AE: K_weight=0.0000
        Phase2 Epoch 50/250: loss=0.008691
        Phase2 Epoch 100/250: loss=0.001535
        Phase2 Epoch 150/250: loss=0.001761
        Phase2 Epoch 200/250: loss=0.000474
        Phase2 Epoch 250/250: loss=0.000367
        E_mu=0.0056  E_Sigma=0.0042
      → baseline
  Precomputing encoder-pullback target...
  Stage 2 epoch 60/300: loss=0.024181
  Stage 2 epoch 120/300: loss=0.022221
  Stage 2 epoch 180/300: loss=0.016599
  Stage 2 epoch 240/300: loss=0.014241
  Stage 2 epoch 300/300: loss=0.015191
  Stage 3 epoch 60/300: loss=0.038569
  Stage 3 epoch 120/300: loss=0.029414
  Stage 3 epoch 180/300: loss=0.023706
  Stage 3 epoch 240/300: loss=0.020772
  Stage 3 epoch 300/300: loss=0.019071
  rcMTE@0.1: 0.6138 (316/500 in region)
  rcMTE@0.5: 0.9177 (109/500 in region)
  rcMTE@1.0: 0.9925 (29/500 in region)
  MTE@0.1: 1.0671
  MTE@0.5: 1.7210
  MTE@1.0: 1.8041
  W2@1.0:  0.9199
  sW2@0.1: 0.5267 (316/500 in region)
  sW2@0.2: 0.7507 (232/500 in region)
  sW2@0.5: 0.8620 (109/500 in region)
  sW2@1.0: 0.9810 (29/500 in region)
  MMD@1.0: 0.1894
  Survival@1.0: 28.8%
  Stopped@1.0:  5.8%
      Phase 2 AE: K_weight=0.1000
        Phase2 Epoch 50/250: loss=0.001841
        Phase2 Epoch 100/250: loss=0.000983
        Phase2 Epoch 150/250: loss=0.000876
        Phase2 Epoch 200/250: loss=0.000540
        Phase2 Epoch 250/250: loss=0.000431
        E_mu=0.0030  E_Sigma=0.0069
      → K
  Precomputing encoder-pullback target...
  Stage 2 epoch 60/300: loss=0.013360
  Stage 2 epoch 120/300: loss=0.012493
  Stage 2 epoch 180/300: loss=0.010199
  Stage 2 epoch 240/300: loss=0.009402
  Stage 2 epoch 300/300: loss=0.010582
  Stage 3 epoch 60/300: loss=0.041114
  Stage 3 epoch 120/300: loss=0.030415
  Stage 3 epoch 180/300: loss=0.023632
  Stage 3 epoch 240/300: loss=0.020445
  Stage 3 epoch 300/300: loss=0.017681
  rcMTE@0.1: 0.6159 (316/500 in region)
  rcMTE@0.5: 0.9283 (109/500 in region)
  rcMTE@1.0: 0.9961 (29/500 in region)
  MTE@0.1: 1.0694
  MTE@0.5: 1.7496
  MTE@1.0: 1.8570
  W2@1.0:  0.9351
  sW2@0.1: 0.5395 (316/500 in region)
  sW2@0.2: 0.7723 (232/500 in region)
  sW2@0.5: 0.8436 (109/500 in region)
  sW2@1.0: 0.9478 (29/500 in region)
  MMD@1.0: 0.2129
  Survival@1.0: 28.8%
  Stopped@1.0:  5.8%
      → K+S
  Precomputing encoder-pullback target...
  Stage 2 epoch 60/300: loss=0.013360
  Stage 2 epoch 120/300: loss=0.012493
  Stage 2 epoch 180/300: loss=0.010199
  Stage 2 epoch 240/300: loss=0.009402
  Stage 2 epoch 300/300: loss=0.010582
  Stage 3 epoch 60/300: loss=0.041114
  Stage 3 epoch 120/300: loss=0.030415
  Stage 3 epoch 180/300: loss=0.023632
  Stage 3 epoch 240/300: loss=0.020445
  Stage 3 epoch 300/300: loss=0.017681
  rcMTE@0.1: 0.6159 (316/500 in region)
  rcMTE@0.5: 0.9283 (109/500 in region)
  rcMTE@1.0: 0.9961 (29/500 in region)
  MTE@0.1: 1.0694
  MTE@0.5: 1.7496
  MTE@1.0: 1.8570
  W2@1.0:  0.9351
  sW2@0.1: 0.5395 (316/500 in region)
  sW2@0.2: 0.7723 (232/500 in region)
  sW2@0.5: 0.8436 (109/500 in region)
  sW2@1.0: 0.9478 (29/500 in region)
  MMD@1.0: 0.2129
  Survival@1.0: 28.8%
  Stopped@1.0:  5.8%
      baseline: W2=0.9199  E_mu=0.0056  E_Sig=0.0042
             K: W2=0.9351  E_mu=0.0030  E_Sig=0.0069
           K+S: W2=0.9351  E_mu=0.0030  E_Sig=0.0069

============================================================
  N=200 | D=11 (K=4) | hyperbolic_paraboloid | seed=8042
============================================================
    Phase1 Epoch 50/250: loss=0.022192
    Phase1 Epoch 100/250: loss=0.011013
    Phase1 Epoch 150/250: loss=0.006985
    Phase1 Epoch 200/250: loss=0.018452
    Phase1 Epoch 250/250: loss=0.001129
      Phase 2 AE: K_weight=0.0000
        Phase2 Epoch 50/250: loss=0.000821
        Phase2 Epoch 100/250: loss=0.002640
        Phase2 Epoch 150/250: loss=0.002925
        Phase2 Epoch 200/250: loss=0.002209
        Phase2 Epoch 250/250: loss=0.014515
        E_mu=0.0200  E_Sigma=0.0916
      → baseline
  Precomputing encoder-pullback target...
  Stage 2 epoch 60/300: loss=0.062910
  Stage 2 epoch 120/300: loss=0.028200
  Stage 2 epoch 180/300: loss=0.026665
  Stage 2 epoch 240/300: loss=0.021838
  Stage 2 epoch 300/300: loss=0.019568
  Stage 3 epoch 60/300: loss=0.019481
  Stage 3 epoch 120/300: loss=0.013648
  Stage 3 epoch 180/300: loss=0.010208
  Stage 3 epoch 240/300: loss=0.009377
  Stage 3 epoch 300/300: loss=0.007670
  rcMTE@0.1: 0.6549 (269/500 in region)
  rcMTE@0.5: 1.1117 (84/500 in region)
  rcMTE@1.0: 1.1490 (29/500 in region)
  MTE@0.1: 1.2014
  MTE@0.5: 1.7959
  MTE@1.0: 1.9486
  W2@1.0:  1.1632
  sW2@0.1: 0.5722 (269/500 in region)
  sW2@0.2: 0.7396 (192/500 in region)
  sW2@0.5: 0.9997 (84/500 in region)
  sW2@1.0: 1.1396 (29/500 in region)
  MMD@1.0: 0.2372
  Survival@1.0: 27.0%
  Stopped@1.0:  5.8%
      Phase 2 AE: K_weight=0.1000
        Phase2 Epoch 50/250: loss=0.002807
        Phase2 Epoch 100/250: loss=0.001907
        Phase2 Epoch 150/250: loss=0.000392
        Phase2 Epoch 200/250: loss=0.000282
        Phase2 Epoch 250/250: loss=0.000298
        E_mu=0.0022  E_Sigma=0.0055
      → K
  Precomputing encoder-pullback target...
  Stage 2 epoch 60/300: loss=0.028087
  Stage 2 epoch 120/300: loss=0.016258
  Stage 2 epoch 180/300: loss=0.016452
  Stage 2 epoch 240/300: loss=0.015390
  Stage 2 epoch 300/300: loss=0.015402
  Stage 3 epoch 60/300: loss=0.025291
  Stage 3 epoch 120/300: loss=0.012898
  Stage 3 epoch 180/300: loss=0.009300
  Stage 3 epoch 240/300: loss=0.002058
  Stage 3 epoch 300/300: loss=0.000969
  rcMTE@0.1: 0.5614 (269/500 in region)
  rcMTE@0.5: 0.9607 (84/500 in region)
  rcMTE@1.0: 0.9751 (29/500 in region)
  MTE@0.1: 1.1041
  MTE@0.5: 1.6311
  MTE@1.0: 1.8310
  W2@1.0:  0.8786
  sW2@0.1: 0.5476 (269/500 in region)
  sW2@0.2: 0.7160 (192/500 in region)
  sW2@0.5: 0.7603 (84/500 in region)
  sW2@1.0: 1.0519 (29/500 in region)
  MMD@1.0: 0.2484
  Survival@1.0: 27.0%
  Stopped@1.0:  5.8%
      → K+S
  Precomputing encoder-pullback target...
  Stage 2 epoch 60/300: loss=0.028087
  Stage 2 epoch 120/300: loss=0.016258
  Stage 2 epoch 180/300: loss=0.016452
  Stage 2 epoch 240/300: loss=0.015390
  Stage 2 epoch 300/300: loss=0.015402
  Stage 3 epoch 60/300: loss=0.025291
  Stage 3 epoch 120/300: loss=0.012898
  Stage 3 epoch 180/300: loss=0.009300
  Stage 3 epoch 240/300: loss=0.002058
  Stage 3 epoch 300/300: loss=0.000969
  rcMTE@0.1: 0.5614 (269/500 in region)
  rcMTE@0.5: 0.9607 (84/500 in region)
  rcMTE@1.0: 0.9751 (29/500 in region)
  MTE@0.1: 1.1041
  MTE@0.5: 1.6311
  MTE@1.0: 1.8310
  W2@1.0:  0.8786
  sW2@0.1: 0.5476 (269/500 in region)
  sW2@0.2: 0.7160 (192/500 in region)
  sW2@0.5: 0.7603 (84/500 in region)
  sW2@1.0: 1.0519 (29/500 in region)
  MMD@1.0: 0.2484
  Survival@1.0: 27.0%
  Stopped@1.0:  5.8%
      baseline: W2=1.1632  E_mu=0.0200  E_Sig=0.0916
             K: W2=0.8786  E_mu=0.0022  E_Sig=0.0055
           K+S: W2=0.8786  E_mu=0.0022  E_Sig=0.0055

============================================================
  N=200 | D=11 (K=4) | hyperbolic_paraboloid | seed=9042
============================================================
    Phase1 Epoch 50/250: loss=0.022313
    Phase1 Epoch 100/250: loss=0.009301
    Phase1 Epoch 150/250: loss=0.002052
    Phase1 Epoch 200/250: loss=0.002065
    Phase1 Epoch 250/250: loss=0.010265
      Phase 2 AE: K_weight=0.0000
        Phase2 Epoch 50/250: loss=0.003867
        Phase2 Epoch 100/250: loss=0.007960
        Phase2 Epoch 150/250: loss=0.001521
        Phase2 Epoch 200/250: loss=0.000828
        Phase2 Epoch 250/250: loss=0.001511
        E_mu=0.0080  E_Sigma=0.0157
      → baseline
  Precomputing encoder-pullback target...
  Stage 2 epoch 60/300: loss=0.028374
  Stage 2 epoch 120/300: loss=0.024627
  Stage 2 epoch 180/300: loss=0.023989
  Stage 2 epoch 240/300: loss=0.022568
  Stage 2 epoch 300/300: loss=0.023957
  Stage 3 epoch 60/300: loss=0.039432
  Stage 3 epoch 120/300: loss=0.032920
  Stage 3 epoch 180/300: loss=0.021362
  Stage 3 epoch 240/300: loss=0.018193
  Stage 3 epoch 300/300: loss=0.012618
  rcMTE@0.1: 0.6274 (280/500 in region)
  rcMTE@0.5: 1.1734 (85/500 in region)
  rcMTE@1.0: 1.2473 (22/500 in region)
  MTE@0.1: 1.1277
  MTE@0.5: 1.7989
  MTE@1.0: 2.2436
  W2@1.0:  1.2291
  sW2@0.1: 0.5995 (280/500 in region)
  sW2@0.2: 0.7260 (205/500 in region)
  sW2@0.5: 1.1862 (85/500 in region)
  sW2@1.0: 1.3577 (22/500 in region)
  MMD@1.0: 0.2100
  Survival@1.0: 28.2%
  Stopped@1.0:  4.4%
      Phase 2 AE: K_weight=0.1000
        Phase2 Epoch 50/250: loss=0.010570
        Phase2 Epoch 100/250: loss=0.000705
        Phase2 Epoch 150/250: loss=0.000461
        Phase2 Epoch 200/250: loss=0.000923
        Phase2 Epoch 250/250: loss=0.000562
        E_mu=0.0037  E_Sigma=0.0078
      → K
  Precomputing encoder-pullback target...
  Stage 2 epoch 60/300: loss=0.022345
  Stage 2 epoch 120/300: loss=0.020305
  Stage 2 epoch 180/300: loss=0.019191
  Stage 2 epoch 240/300: loss=0.019838
  Stage 2 epoch 300/300: loss=0.020440
  Stage 3 epoch 60/300: loss=0.015541
  Stage 3 epoch 120/300: loss=0.004495
  Stage 3 epoch 180/300: loss=0.002578
  Stage 3 epoch 240/300: loss=0.002436
  Stage 3 epoch 300/300: loss=0.001414
  rcMTE@0.1: 0.5021 (280/500 in region)
  rcMTE@0.5: 1.0119 (85/500 in region)
  rcMTE@1.0: 1.0463 (22/500 in region)
  MTE@0.1: 0.8739
  MTE@0.5: 1.4611
  MTE@1.0: 1.9749
  W2@1.0:  1.1799
  sW2@0.1: 0.4174 (280/500 in region)
  sW2@0.2: 0.5795 (205/500 in region)
  sW2@0.5: 0.9521 (85/500 in region)
  sW2@1.0: 1.0920 (22/500 in region)
  MMD@1.0: 0.2567
  Survival@1.0: 28.2%
  Stopped@1.0:  4.4%
      → K+S
  Precomputing encoder-pullback target...
  Stage 2 epoch 60/300: loss=0.022345
  Stage 2 epoch 120/300: loss=0.020305
  Stage 2 epoch 180/300: loss=0.019191
  Stage 2 epoch 240/300: loss=0.019838
  Stage 2 epoch 300/300: loss=0.020440
  Stage 3 epoch 60/300: loss=0.015541
  Stage 3 epoch 120/300: loss=0.004495
  Stage 3 epoch 180/300: loss=0.002578
  Stage 3 epoch 240/300: loss=0.002436
  Stage 3 epoch 300/300: loss=0.001414
  rcMTE@0.1: 0.5021 (280/500 in region)
  rcMTE@0.5: 1.0119 (85/500 in region)
  rcMTE@1.0: 1.0463 (22/500 in region)
  MTE@0.1: 0.8739
  MTE@0.5: 1.4611
  MTE@1.0: 1.9749
  W2@1.0:  1.1799
  sW2@0.1: 0.4174 (280/500 in region)
  sW2@0.2: 0.5795 (205/500 in region)
  sW2@0.5: 0.9521 (85/500 in region)
  sW2@1.0: 1.0920 (22/500 in region)
  MMD@1.0: 0.2567
  Survival@1.0: 28.2%
  Stopped@1.0:  4.4%
      baseline: W2=1.2291  E_mu=0.0080  E_Sig=0.0157
             K: W2=1.1799  E_mu=0.0037  E_Sig=0.0078
           K+S: W2=1.1799  E_mu=0.0037  E_Sig=0.0078

  N=200, D=11 completed in 3599.2s (180.0s per fork)

============================================================
  N=200 | D=201 (K=99) | paraboloid | seed=42
============================================================
    Phase1 Epoch 50/250: loss=0.687051
    Phase1 Epoch 100/250: loss=0.139497
    Phase1 Epoch 150/250: loss=0.027451
    Phase1 Epoch 200/250: loss=0.017496
    Phase1 Epoch 250/250: loss=0.025325
      Phase 2 AE: K_weight=0.0000
        Phase2 Epoch 50/250: loss=0.017405
        Phase2 Epoch 100/250: loss=0.008431
        Phase2 Epoch 150/250: loss=0.011331
        Phase2 Epoch 200/250: loss=0.031485
        Phase2 Epoch 250/250: loss=0.030151
        E_mu=0.0797  E_Sigma=0.3316
      → baseline
  Precomputing encoder-pullback target...
  Stage 2 epoch 60/300: loss=0.002353
  Stage 2 epoch 120/300: loss=0.002325
  Stage 2 epoch 180/300: loss=0.002198
  Stage 2 epoch 240/300: loss=0.001921
  Stage 2 epoch 300/300: loss=0.002057
  Stage 3 epoch 60/300: loss=0.000039
  Stage 3 epoch 120/300: loss=0.000035
  Stage 3 epoch 180/300: loss=0.000039
  Stage 3 epoch 240/300: loss=0.000028
  Stage 3 epoch 300/300: loss=0.000033
  rcMTE@0.1: 0.5881 (292/500 in region)
  rcMTE@0.5: 1.0640 (97/500 in region)
  rcMTE@1.0: 0.8502 (21/500 in region)
  MTE@0.1: 1.5962
  MTE@0.5: 2.1767
  MTE@1.0: 2.1462
  W2@1.0:  1.4572
  sW2@0.1: 1.3191 (292/500 in region)
  sW2@0.2: 1.4825 (214/500 in region)
  sW2@0.5: 1.8191 (97/500 in region)
  sW2@1.0: 1.5283 (21/500 in region)
  MMD@1.0: 0.4737
  Survival@1.0: 28.0%
  Stopped@1.0:  4.2%
      Phase 2 AE: K_weight=0.4275
        Phase2 Epoch 50/250: loss=0.013891
        Phase2 Epoch 100/250: loss=0.014280
        Phase2 Epoch 150/250: loss=0.019897
        Phase2 Epoch 200/250: loss=0.005304
        Phase2 Epoch 250/250: loss=0.005135
        E_mu=0.0391  E_Sigma=0.1326
      → K
  Precomputing encoder-pullback target...
  Stage 2 epoch 60/300: loss=0.004617
  Stage 2 epoch 120/300: loss=0.004686
  Stage 2 epoch 180/300: loss=0.004180
  Stage 2 epoch 240/300: loss=0.003723
  Stage 2 epoch 300/300: loss=0.003980
  Stage 3 epoch 60/300: loss=0.000020
  Stage 3 epoch 120/300: loss=0.000015
  Stage 3 epoch 180/300: loss=0.000013
  Stage 3 epoch 240/300: loss=0.000012
  Stage 3 epoch 300/300: loss=0.000010
  rcMTE@0.1: 0.5635 (292/500 in region)
  rcMTE@0.5: 1.0425 (97/500 in region)
  rcMTE@1.0: 0.8134 (21/500 in region)
  MTE@0.1: 1.0351
  MTE@0.5: 1.7739
  MTE@1.0: 1.7458
  W2@1.0:  0.9165
  sW2@0.1: 0.6062 (292/500 in region)
  sW2@0.2: 0.8655 (214/500 in region)
  sW2@0.5: 1.3568 (97/500 in region)
  sW2@1.0: 0.9798 (21/500 in region)
  MMD@1.0: 0.2705
  Survival@1.0: 28.0%
  Stopped@1.0:  4.2%
      → K+S
  Precomputing encoder-pullback target...
  Stage 2 epoch 60/300: loss=0.004617
  Stage 2 epoch 120/300: loss=0.004686
  Stage 2 epoch 180/300: loss=0.004180
  Stage 2 epoch 240/300: loss=0.003723
  Stage 2 epoch 300/300: loss=0.003980
  Stage 3 epoch 60/300: loss=0.000020
  Stage 3 epoch 120/300: loss=0.000015
  Stage 3 epoch 180/300: loss=0.000013
  Stage 3 epoch 240/300: loss=0.000012
  Stage 3 epoch 300/300: loss=0.000010
  rcMTE@0.1: 0.5635 (292/500 in region)
  rcMTE@0.5: 1.0425 (97/500 in region)
  rcMTE@1.0: 0.8134 (21/500 in region)
  MTE@0.1: 1.0351
  MTE@0.5: 1.7739
  MTE@1.0: 1.7458
  W2@1.0:  0.9165
  sW2@0.1: 0.6062 (292/500 in region)
  sW2@0.2: 0.8655 (214/500 in region)
  sW2@0.5: 1.3568 (97/500 in region)
  sW2@1.0: 0.9798 (21/500 in region)
  MMD@1.0: 0.2705
  Survival@1.0: 28.0%
  Stopped@1.0:  4.2%
      baseline: W2=1.4572  E_mu=0.0797  E_Sig=0.3316
             K: W2=0.9165  E_mu=0.0391  E_Sig=0.1326
           K+S: W2=0.9165  E_mu=0.0391  E_Sig=0.1326

============================================================
  N=200 | D=201 (K=99) | paraboloid | seed=1042
============================================================
    Phase1 Epoch 50/250: loss=0.643871
    Phase1 Epoch 100/250: loss=0.076070
    Phase1 Epoch 150/250: loss=0.037275
    Phase1 Epoch 200/250: loss=0.016510
    Phase1 Epoch 250/250: loss=0.038944
      Phase 2 AE: K_weight=0.0000
        Phase2 Epoch 50/250: loss=0.012465
        Phase2 Epoch 100/250: loss=0.005756
        Phase2 Epoch 150/250: loss=0.013053
        Phase2 Epoch 200/250: loss=0.014690
        Phase2 Epoch 250/250: loss=0.014469
        E_mu=0.0631  E_Sigma=0.1648
      → baseline
  Precomputing encoder-pullback target...
  Stage 2 epoch 60/300: loss=0.002551
  Stage 2 epoch 120/300: loss=0.001838
  Stage 2 epoch 180/300: loss=0.001443
  Stage 2 epoch 240/300: loss=0.001217
  Stage 2 epoch 300/300: loss=0.001734
  Stage 3 epoch 60/300: loss=0.000057
  Stage 3 epoch 120/300: loss=0.000023
  Stage 3 epoch 180/300: loss=0.000019
  Stage 3 epoch 240/300: loss=0.000019
  Stage 3 epoch 300/300: loss=0.000013
  rcMTE@0.1: 0.7699 (285/500 in region)
  rcMTE@0.5: 1.1311 (98/500 in region)
  rcMTE@1.0: 1.2420 (31/500 in region)
  MTE@0.1: 1.5792
  MTE@0.5: 2.2452
  MTE@1.0: 2.3544
  W2@1.0:  1.4245
  sW2@0.1: 1.0930 (285/500 in region)
  sW2@0.2: 1.3581 (204/500 in region)
  sW2@0.5: 1.4253 (98/500 in region)
  sW2@1.0: 1.4901 (31/500 in region)
  MMD@1.0: 0.3603
  Survival@1.0: 29.8%
  Stopped@1.0:  6.2%
      Phase 2 AE: K_weight=0.4275
        Phase2 Epoch 50/250: loss=0.024215
        Phase2 Epoch 100/250: loss=0.010090
        Phase2 Epoch 150/250: loss=0.006207
        Phase2 Epoch 200/250: loss=0.011798
        Phase2 Epoch 250/250: loss=0.001462
        E_mu=0.0399  E_Sigma=0.0349
      → K
  Precomputing encoder-pullback target...
  Stage 2 epoch 60/300: loss=0.001147
  Stage 2 epoch 120/300: loss=0.001035
  Stage 2 epoch 180/300: loss=0.000819
  Stage 2 epoch 240/300: loss=0.000646
  Stage 2 epoch 300/300: loss=0.000795
  Stage 3 epoch 60/300: loss=0.000049
  Stage 3 epoch 120/300: loss=0.000016
  Stage 3 epoch 180/300: loss=0.000010
  Stage 3 epoch 240/300: loss=0.000010
  Stage 3 epoch 300/300: loss=0.000006
  rcMTE@0.1: 0.7726 (285/500 in region)
  rcMTE@0.5: 1.1647 (98/500 in region)
  rcMTE@1.0: 1.3029 (31/500 in region)
  MTE@0.1: 1.3215
  MTE@0.5: 2.1508
  MTE@1.0: 2.3042
  W2@1.0:  1.3220
  sW2@0.1: 0.7406 (285/500 in region)
  sW2@0.2: 1.1199 (204/500 in region)
  sW2@0.5: 1.2831 (98/500 in region)
  sW2@1.0: 1.4081 (31/500 in region)
  MMD@1.0: 0.2821
  Survival@1.0: 29.8%
  Stopped@1.0:  6.2%
      → K+S
  Precomputing encoder-pullback target...
  Stage 2 epoch 60/300: loss=0.001147
  Stage 2 epoch 120/300: loss=0.001035
  Stage 2 epoch 180/300: loss=0.000819
  Stage 2 epoch 240/300: loss=0.000646
  Stage 2 epoch 300/300: loss=0.000795
  Stage 3 epoch 60/300: loss=0.000049
  Stage 3 epoch 120/300: loss=0.000016
  Stage 3 epoch 180/300: loss=0.000010
  Stage 3 epoch 240/300: loss=0.000010
  Stage 3 epoch 300/300: loss=0.000006
  rcMTE@0.1: 0.7726 (285/500 in region)
  rcMTE@0.5: 1.1647 (98/500 in region)
  rcMTE@1.0: 1.3029 (31/500 in region)
  MTE@0.1: 1.3215
  MTE@0.5: 2.1508
  MTE@1.0: 2.3042
  W2@1.0:  1.3220
  sW2@0.1: 0.7406 (285/500 in region)
  sW2@0.2: 1.1199 (204/500 in region)
  sW2@0.5: 1.2831 (98/500 in region)
  sW2@1.0: 1.4081 (31/500 in region)
  MMD@1.0: 0.2821
  Survival@1.0: 29.8%
  Stopped@1.0:  6.2%
      baseline: W2=1.4245  E_mu=0.0631  E_Sig=0.1648
             K: W2=1.3220  E_mu=0.0399  E_Sig=0.0349
           K+S: W2=1.3220  E_mu=0.0399  E_Sig=0.0349

============================================================
  N=200 | D=201 (K=99) | paraboloid | seed=2042
============================================================
    Phase1 Epoch 50/250: loss=0.795914
    Phase1 Epoch 100/250: loss=0.258555
    Phase1 Epoch 150/250: loss=0.036299
    Phase1 Epoch 200/250: loss=0.020485
    Phase1 Epoch 250/250: loss=0.015186
      Phase 2 AE: K_weight=0.0000
        Phase2 Epoch 50/250: loss=0.023519
        Phase2 Epoch 100/250: loss=0.017194
        Phase2 Epoch 150/250: loss=0.016854
        Phase2 Epoch 200/250: loss=0.001280
        Phase2 Epoch 250/250: loss=0.001276
        E_mu=0.0290  E_Sigma=0.0344
      → baseline
  Precomputing encoder-pullback target...
  Stage 2 epoch 60/300: loss=0.001163
  Stage 2 epoch 120/300: loss=0.001152
  Stage 2 epoch 180/300: loss=0.001184
  Stage 2 epoch 240/300: loss=0.001115
  Stage 2 epoch 300/300: loss=0.001148
  Stage 3 epoch 60/300: loss=0.000033
  Stage 3 epoch 120/300: loss=0.000015
  Stage 3 epoch 180/300: loss=0.000013
  Stage 3 epoch 240/300: loss=0.000036
  Stage 3 epoch 300/300: loss=0.000009
  rcMTE@0.1: 0.5118 (293/500 in region)
  rcMTE@0.5: 1.0875 (88/500 in region)
  rcMTE@1.0: 0.9482 (24/500 in region)
  MTE@0.1: 0.9806
  MTE@0.5: 1.9646
  MTE@1.0: 1.9922
  W2@1.0:  1.5658
  sW2@0.1: 0.6822 (293/500 in region)
  sW2@0.2: 0.9387 (212/500 in region)
  sW2@0.5: 1.6132 (88/500 in region)
  sW2@1.0: 1.6238 (24/500 in region)
  MMD@1.0: 0.2989
  Survival@1.0: 26.6%
  Stopped@1.0:  4.8%
      Phase 2 AE: K_weight=0.4275
        Phase2 Epoch 50/250: loss=0.028073
        Phase2 Epoch 100/250: loss=0.016212
        Phase2 Epoch 150/250: loss=0.014510
        Phase2 Epoch 200/250: loss=0.016105
        Phase2 Epoch 250/250: loss=0.008222
        E_mu=0.0409  E_Sigma=0.1522
      → K
  Precomputing encoder-pullback target...
  Stage 2 epoch 60/300: loss=0.001358
  Stage 2 epoch 120/300: loss=0.001312
  Stage 2 epoch 180/300: loss=0.001338
  Stage 2 epoch 240/300: loss=0.001182
  Stage 2 epoch 300/300: loss=0.001149
  Stage 3 epoch 60/300: loss=0.000027
  Stage 3 epoch 120/300: loss=0.000016
  Stage 3 epoch 180/300: loss=0.000013
  Stage 3 epoch 240/300: loss=0.000029
  Stage 3 epoch 300/300: loss=0.000010
  rcMTE@0.1: 0.5126 (293/500 in region)
  rcMTE@0.5: 1.0751 (88/500 in region)
  rcMTE@1.0: 0.9175 (24/500 in region)
  MTE@0.1: 1.0236
  MTE@0.5: 1.9118
  MTE@1.0: 1.8501
  W2@1.0:  1.3232
  sW2@0.1: 0.7093 (293/500 in region)
  sW2@0.2: 0.9425 (212/500 in region)
  sW2@0.5: 1.5787 (88/500 in region)
  sW2@1.0: 1.5636 (24/500 in region)
  MMD@1.0: 0.2775
  Survival@1.0: 26.6%
  Stopped@1.0:  4.8%
      → K+S
  Precomputing encoder-pullback target...
  Stage 2 epoch 60/300: loss=0.001358
  Stage 2 epoch 120/300: loss=0.001312
  Stage 2 epoch 180/300: loss=0.001338
  Stage 2 epoch 240/300: loss=0.001182
  Stage 2 epoch 300/300: loss=0.001149
  Stage 3 epoch 60/300: loss=0.000027
  Stage 3 epoch 120/300: loss=0.000016
  Stage 3 epoch 180/300: loss=0.000013
  Stage 3 epoch 240/300: loss=0.000029
  Stage 3 epoch 300/300: loss=0.000010
  rcMTE@0.1: 0.5126 (293/500 in region)
  rcMTE@0.5: 1.0751 (88/500 in region)
  rcMTE@1.0: 0.9175 (24/500 in region)
  MTE@0.1: 1.0236
  MTE@0.5: 1.9118
  MTE@1.0: 1.8501
  W2@1.0:  1.3232
  sW2@0.1: 0.7093 (293/500 in region)
  sW2@0.2: 0.9425 (212/500 in region)
  sW2@0.5: 1.5787 (88/500 in region)
  sW2@1.0: 1.5636 (24/500 in region)
  MMD@1.0: 0.2775
  Survival@1.0: 26.6%
  Stopped@1.0:  4.8%
      baseline: W2=1.5658  E_mu=0.0290  E_Sig=0.0344
             K: W2=1.3232  E_mu=0.0409  E_Sig=0.1522
           K+S: W2=1.3232  E_mu=0.0409  E_Sig=0.1522

============================================================
  N=200 | D=201 (K=99) | paraboloid | seed=3042
============================================================
    Phase1 Epoch 50/250: loss=0.839503
    Phase1 Epoch 100/250: loss=0.155473
    Phase1 Epoch 150/250: loss=0.028789
    Phase1 Epoch 200/250: loss=0.016149
    Phase1 Epoch 250/250: loss=0.028237
      Phase 2 AE: K_weight=0.0000
        Phase2 Epoch 50/250: loss=0.039936
        Phase2 Epoch 100/250: loss=0.015372
        Phase2 Epoch 150/250: loss=0.023403
        Phase2 Epoch 200/250: loss=0.000900
        Phase2 Epoch 250/250: loss=0.000991
        E_mu=0.0184  E_Sigma=0.0205
      → baseline
  Precomputing encoder-pullback target...
  Stage 2 epoch 60/300: loss=0.000772
  Stage 2 epoch 120/300: loss=0.000691
  Stage 2 epoch 180/300: loss=0.000751
  Stage 2 epoch 240/300: loss=0.000630
  Stage 2 epoch 300/300: loss=0.000624
  Stage 3 epoch 60/300: loss=0.000043
  Stage 3 epoch 120/300: loss=0.000016
  Stage 3 epoch 180/300: loss=0.000011
  Stage 3 epoch 240/300: loss=0.000010
  Stage 3 epoch 300/300: loss=0.000007
  rcMTE@0.1: 0.2035 (275/500 in region)
  rcMTE@0.5: 0.3970 (78/500 in region)
  rcMTE@1.0: 0.6287 (25/500 in region)
  MTE@0.1: 0.4451
  MTE@0.5: 0.8488
  MTE@1.0: 1.1655
  W2@1.0:  1.2414
  sW2@0.1: 0.3074 (275/500 in region)
  sW2@0.2: 0.3095 (204/500 in region)
  sW2@0.5: 0.8771 (78/500 in region)
  sW2@1.0: 1.7799 (25/500 in region)
  MMD@1.0: 0.3501
  Survival@1.0: 27.2%
  Stopped@1.0:  5.0%
      Phase 2 AE: K_weight=0.4275
        Phase2 Epoch 50/250: loss=0.019818
        Phase2 Epoch 100/250: loss=0.001897
        Phase2 Epoch 150/250: loss=0.001199
        Phase2 Epoch 200/250: loss=0.002578
        Phase2 Epoch 250/250: loss=0.001882
        E_mu=0.0133  E_Sigma=0.0240
      → K
  Precomputing encoder-pullback target...
  Stage 2 epoch 60/300: loss=0.001229
  Stage 2 epoch 120/300: loss=0.001011
  Stage 2 epoch 180/300: loss=0.001181
  Stage 2 epoch 240/300: loss=0.000852
  Stage 2 epoch 300/300: loss=0.000869
  Stage 3 epoch 60/300: loss=0.000041
  Stage 3 epoch 120/300: loss=0.000014
  Stage 3 epoch 180/300: loss=0.000008
  Stage 3 epoch 240/300: loss=0.000012
  Stage 3 epoch 300/300: loss=0.000007
  rcMTE@0.1: 0.2038 (275/500 in region)
  rcMTE@0.5: 0.4149 (78/500 in region)
  rcMTE@1.0: 0.6530 (25/500 in region)
  MTE@0.1: 0.4475
  MTE@0.5: 0.8602
  MTE@1.0: 1.1938
  W2@1.0:  1.2439
  sW2@0.1: 0.3108 (275/500 in region)
  sW2@0.2: 0.3198 (204/500 in region)
  sW2@0.5: 0.9238 (78/500 in region)
  sW2@1.0: 1.7958 (25/500 in region)
  MMD@1.0: 0.3521
  Survival@1.0: 27.2%
  Stopped@1.0:  5.0%
      → K+S
  Precomputing encoder-pullback target...
  Stage 2 epoch 60/300: loss=0.001229
  Stage 2 epoch 120/300: loss=0.001011
  Stage 2 epoch 180/300: loss=0.001181
  Stage 2 epoch 240/300: loss=0.000852
  Stage 2 epoch 300/300: loss=0.000869
  Stage 3 epoch 60/300: loss=0.000041
  Stage 3 epoch 120/300: loss=0.000014
  Stage 3 epoch 180/300: loss=0.000008
  Stage 3 epoch 240/300: loss=0.000012
  Stage 3 epoch 300/300: loss=0.000007
  rcMTE@0.1: 0.2038 (275/500 in region)
  rcMTE@0.5: 0.4149 (78/500 in region)
  rcMTE@1.0: 0.6530 (25/500 in region)
  MTE@0.1: 0.4475
  MTE@0.5: 0.8602
  MTE@1.0: 1.1938
  W2@1.0:  1.2439
  sW2@0.1: 0.3108 (275/500 in region)
  sW2@0.2: 0.3198 (204/500 in region)
  sW2@0.5: 0.9238 (78/500 in region)
  sW2@1.0: 1.7958 (25/500 in region)
  MMD@1.0: 0.3521
  Survival@1.0: 27.2%
  Stopped@1.0:  5.0%
      baseline: W2=1.2414  E_mu=0.0184  E_Sig=0.0205
             K: W2=1.2439  E_mu=0.0133  E_Sig=0.0240
           K+S: W2=1.2439  E_mu=0.0133  E_Sig=0.0240

============================================================
  N=200 | D=201 (K=99) | paraboloid | seed=4042
============================================================
    Phase1 Epoch 50/250: loss=0.562298
    Phase1 Epoch 100/250: loss=0.121887
    Phase1 Epoch 150/250: loss=0.040589
    Phase1 Epoch 200/250: loss=0.019129
    Phase1 Epoch 250/250: loss=0.014170
      Phase 2 AE: K_weight=0.0000
        Phase2 Epoch 50/250: loss=0.019195
        Phase2 Epoch 100/250: loss=0.013312
        Phase2 Epoch 150/250: loss=0.005777
        Phase2 Epoch 200/250: loss=0.011030
        Phase2 Epoch 250/250: loss=0.004252
        E_mu=0.0506  E_Sigma=0.2242
      → baseline
  Precomputing encoder-pullback target...
  Stage 2 epoch 60/300: loss=0.002227
  Stage 2 epoch 120/300: loss=0.000949
  Stage 2 epoch 180/300: loss=0.000841
  Stage 2 epoch 240/300: loss=0.000892
  Stage 2 epoch 300/300: loss=0.000984
  Stage 3 epoch 60/300: loss=0.000025
  Stage 3 epoch 120/300: loss=0.000031
  Stage 3 epoch 180/300: loss=0.000021
  Stage 3 epoch 240/300: loss=0.000023
  Stage 3 epoch 300/300: loss=0.000019
  rcMTE@0.1: 0.5545 (287/500 in region)
  rcMTE@0.5: 0.8466 (102/500 in region)
  rcMTE@1.0: 0.8896 (30/500 in region)
  MTE@0.1: 0.9456
  MTE@0.5: 1.5308
  MTE@1.0: 1.6791
  W2@1.0:  0.9901
  sW2@0.1: 0.6292 (287/500 in region)
  sW2@0.2: 1.0082 (207/500 in region)
  sW2@0.5: 0.7423 (102/500 in region)
  sW2@1.0: 1.1876 (30/500 in region)
  MMD@1.0: 0.3252
  Survival@1.0: 28.2%
  Stopped@1.0:  6.0%
      Phase 2 AE: K_weight=0.4275
        Phase2 Epoch 50/250: loss=0.017289
        Phase2 Epoch 100/250: loss=0.028032
        Phase2 Epoch 150/250: loss=0.011781
        Phase2 Epoch 200/250: loss=0.006060
        Phase2 Epoch 250/250: loss=0.004606
        E_mu=0.0323  E_Sigma=0.0744
      → K
  Precomputing encoder-pullback target...
  Stage 2 epoch 60/300: loss=0.002150
  Stage 2 epoch 120/300: loss=0.001220
  Stage 2 epoch 180/300: loss=0.001087
  Stage 2 epoch 240/300: loss=0.001000
  Stage 2 epoch 300/300: loss=0.001069
  Stage 3 epoch 60/300: loss=0.000013
  Stage 3 epoch 120/300: loss=0.000017
  Stage 3 epoch 180/300: loss=0.000010
  Stage 3 epoch 240/300: loss=0.000010
  Stage 3 epoch 300/300: loss=0.000007
  rcMTE@0.1: 0.5509 (287/500 in region)
  rcMTE@0.5: 0.8526 (102/500 in region)
  rcMTE@1.0: 0.8722 (30/500 in region)
  MTE@0.1: 0.9636
  MTE@0.5: 1.5526
  MTE@1.0: 1.7231
  W2@1.0:  1.0842
  sW2@0.1: 0.7041 (287/500 in region)
  sW2@0.2: 1.0815 (207/500 in region)
  sW2@0.5: 0.8214 (102/500 in region)
  sW2@1.0: 1.1572 (30/500 in region)
  MMD@1.0: 0.3641
  Survival@1.0: 28.2%
  Stopped@1.0:  6.0%
      → K+S
  Precomputing encoder-pullback target...
  Stage 2 epoch 60/300: loss=0.002150
  Stage 2 epoch 120/300: loss=0.001220
  Stage 2 epoch 180/300: loss=0.001087
  Stage 2 epoch 240/300: loss=0.001000
  Stage 2 epoch 300/300: loss=0.001069
  Stage 3 epoch 60/300: loss=0.000013
  Stage 3 epoch 120/300: loss=0.000017
  Stage 3 epoch 180/300: loss=0.000010
  Stage 3 epoch 240/300: loss=0.000010
  Stage 3 epoch 300/300: loss=0.000007
  rcMTE@0.1: 0.5509 (287/500 in region)
  rcMTE@0.5: 0.8526 (102/500 in region)
  rcMTE@1.0: 0.8722 (30/500 in region)
  MTE@0.1: 0.9636
  MTE@0.5: 1.5526
  MTE@1.0: 1.7231
  W2@1.0:  1.0842
  sW2@0.1: 0.7041 (287/500 in region)
  sW2@0.2: 1.0815 (207/500 in region)
  sW2@0.5: 0.8214 (102/500 in region)
  sW2@1.0: 1.1572 (30/500 in region)
  MMD@1.0: 0.3641
  Survival@1.0: 28.2%
  Stopped@1.0:  6.0%
      baseline: W2=0.9901  E_mu=0.0506  E_Sig=0.2242
             K: W2=1.0842  E_mu=0.0323  E_Sig=0.0744
           K+S: W2=1.0842  E_mu=0.0323  E_Sig=0.0744

============================================================
  N=200 | D=201 (K=99) | paraboloid | seed=5042
============================================================
    Phase1 Epoch 50/250: loss=0.643799
    Phase1 Epoch 100/250: loss=0.134742
    Phase1 Epoch 150/250: loss=0.042669
    Phase1 Epoch 200/250: loss=0.035629
    Phase1 Epoch 250/250: loss=0.052757
      Phase 2 AE: K_weight=0.0000
        Phase2 Epoch 50/250: loss=0.016471
        Phase2 Epoch 100/250: loss=0.032605
        Phase2 Epoch 150/250: loss=0.033238
        Phase2 Epoch 200/250: loss=0.008886
        Phase2 Epoch 250/250: loss=0.009387
        E_mu=0.0711  E_Sigma=0.2226
      → baseline
  Precomputing encoder-pullback target...
  Stage 2 epoch 60/300: loss=0.002715
  Stage 2 epoch 120/300: loss=0.002652
  Stage 2 epoch 180/300: loss=0.002388
  Stage 2 epoch 240/300: loss=0.002408
  Stage 2 epoch 300/300: loss=0.002142
  Stage 3 epoch 60/300: loss=0.000057
  Stage 3 epoch 120/300: loss=0.000029
  Stage 3 epoch 180/300: loss=0.000019
  Stage 3 epoch 240/300: loss=0.000013
  Stage 3 epoch 300/300: loss=0.000013
  rcMTE@0.1: 0.5871 (285/500 in region)
  rcMTE@0.5: 0.9268 (93/500 in region)
  rcMTE@1.0: 0.8842 (33/500 in region)
  MTE@0.1: 1.0745
  MTE@0.5: 1.7417
  MTE@1.0: 1.6584
  W2@1.0:  1.1407
  sW2@0.1: 0.6675 (285/500 in region)
  sW2@0.2: 0.9111 (216/500 in region)
  sW2@0.5: 1.0024 (93/500 in region)
  sW2@1.0: 1.2056 (33/500 in region)
  MMD@1.0: 0.3448
  Survival@1.0: 25.8%
  Stopped@1.0:  6.6%
      Phase 2 AE: K_weight=0.4275
        Phase2 Epoch 50/250: loss=0.028617
        Phase2 Epoch 100/250: loss=0.014810
        Phase2 Epoch 150/250: loss=0.015405
        Phase2 Epoch 200/250: loss=0.008696
        Phase2 Epoch 250/250: loss=0.007517
        E_mu=0.0476  E_Sigma=0.2084
      → K
  Precomputing encoder-pullback target...
  Stage 2 epoch 60/300: loss=0.002056
  Stage 2 epoch 120/300: loss=0.001840
  Stage 2 epoch 180/300: loss=0.001638
  Stage 2 epoch 240/300: loss=0.001620
  Stage 2 epoch 300/300: loss=0.001439
  Stage 3 epoch 60/300: loss=0.000033
  Stage 3 epoch 120/300: loss=0.000020
  Stage 3 epoch 180/300: loss=0.000017
  Stage 3 epoch 240/300: loss=0.000012
  Stage 3 epoch 300/300: loss=0.000013
  rcMTE@0.1: 0.5941 (285/500 in region)
  rcMTE@0.5: 0.9400 (93/500 in region)
  rcMTE@1.0: 0.9134 (33/500 in region)
  MTE@0.1: 1.0859
  MTE@0.5: 1.7871
  MTE@1.0: 1.7243
  W2@1.0:  1.2439
  sW2@0.1: 0.6581 (285/500 in region)
  sW2@0.2: 0.9418 (216/500 in region)
  sW2@0.5: 1.0731 (93/500 in region)
  sW2@1.0: 1.3229 (33/500 in region)
  MMD@1.0: 0.3586
  Survival@1.0: 25.8%
  Stopped@1.0:  6.6%
      → K+S
  Precomputing encoder-pullback target...
  Stage 2 epoch 60/300: loss=0.002056
  Stage 2 epoch 120/300: loss=0.001840
  Stage 2 epoch 180/300: loss=0.001638
  Stage 2 epoch 240/300: loss=0.001620
  Stage 2 epoch 300/300: loss=0.001439
  Stage 3 epoch 60/300: loss=0.000033
  Stage 3 epoch 120/300: loss=0.000020
  Stage 3 epoch 180/300: loss=0.000017
  Stage 3 epoch 240/300: loss=0.000012
  Stage 3 epoch 300/300: loss=0.000013
  rcMTE@0.1: 0.5941 (285/500 in region)
  rcMTE@0.5: 0.9400 (93/500 in region)
  rcMTE@1.0: 0.9134 (33/500 in region)
  MTE@0.1: 1.0859
  MTE@0.5: 1.7871
  MTE@1.0: 1.7243
  W2@1.0:  1.2439
  sW2@0.1: 0.6581 (285/500 in region)
  sW2@0.2: 0.9418 (216/500 in region)
  sW2@0.5: 1.0731 (93/500 in region)
  sW2@1.0: 1.3229 (33/500 in region)
  MMD@1.0: 0.3586
  Survival@1.0: 25.8%
  Stopped@1.0:  6.6%
      baseline: W2=1.1407  E_mu=0.0711  E_Sig=0.2226
             K: W2=1.2439  E_mu=0.0476  E_Sig=0.2084
           K+S: W2=1.2439  E_mu=0.0476  E_Sig=0.2084

============================================================
  N=200 | D=201 (K=99) | paraboloid | seed=6042
============================================================
    Phase1 Epoch 50/250: loss=0.683655
    Phase1 Epoch 100/250: loss=0.051791
    Phase1 Epoch 150/250: loss=0.023047
    Phase1 Epoch 200/250: loss=0.018397
    Phase1 Epoch 250/250: loss=0.014099
      Phase 2 AE: K_weight=0.0000
        Phase2 Epoch 50/250: loss=0.013878
        Phase2 Epoch 100/250: loss=0.010615
        Phase2 Epoch 150/250: loss=0.007415
        Phase2 Epoch 200/250: loss=0.001261
        Phase2 Epoch 250/250: loss=0.000963
        E_mu=0.0266  E_Sigma=0.0330
      → baseline
  Precomputing encoder-pullback target...
  Stage 2 epoch 60/300: loss=0.001019
  Stage 2 epoch 120/300: loss=0.000945
  Stage 2 epoch 180/300: loss=0.000804
  Stage 2 epoch 240/300: loss=0.000768
  Stage 2 epoch 300/300: loss=0.000788
  Stage 3 epoch 60/300: loss=0.000146
  Stage 3 epoch 120/300: loss=0.000101
  Stage 3 epoch 180/300: loss=0.000073
  Stage 3 epoch 240/300: loss=0.000064
  Stage 3 epoch 300/300: loss=0.000080
  rcMTE@0.1: 0.5412 (290/500 in region)
  rcMTE@0.5: 1.0105 (89/500 in region)
  rcMTE@1.0: 1.0452 (30/500 in region)
  MTE@0.1: 0.9498
  MTE@0.5: 1.7977
  MTE@1.0: 1.6968
  W2@1.0:  1.0223
  sW2@0.1: 0.5132 (290/500 in region)
  sW2@0.2: 0.5984 (208/500 in region)
  sW2@0.5: 0.9741 (89/500 in region)
  sW2@1.0: 0.7551 (30/500 in region)
  MMD@1.0: 0.2361
  Survival@1.0: 27.2%
  Stopped@1.0:  6.0%
      Phase 2 AE: K_weight=0.4275
        Phase2 Epoch 50/250: loss=0.021769
        Phase2 Epoch 100/250: loss=0.007624
        Phase2 Epoch 150/250: loss=0.007016
        Phase2 Epoch 200/250: loss=0.016520
        Phase2 Epoch 250/250: loss=0.001186
        E_mu=0.0255  E_Sigma=0.0302
      → K
  Precomputing encoder-pullback target...
  Stage 2 epoch 60/300: loss=0.000986
  Stage 2 epoch 120/300: loss=0.000918
  Stage 2 epoch 180/300: loss=0.000809
  Stage 2 epoch 240/300: loss=0.000754
  Stage 2 epoch 300/300: loss=0.000779
  Stage 3 epoch 60/300: loss=0.000142
  Stage 3 epoch 120/300: loss=0.000098
  Stage 3 epoch 180/300: loss=0.000070
  Stage 3 epoch 240/300: loss=0.000062
  Stage 3 epoch 300/300: loss=0.000078
  rcMTE@0.1: 0.5428 (290/500 in region)
  rcMTE@0.5: 1.0144 (89/500 in region)
  rcMTE@1.0: 1.0504 (30/500 in region)
  MTE@0.1: 0.9542
  MTE@0.5: 1.8027
  MTE@1.0: 1.7006
  W2@1.0:  1.0368
  sW2@0.1: 0.5264 (290/500 in region)
  sW2@0.2: 0.6091 (208/500 in region)
  sW2@0.5: 0.9912 (89/500 in region)
  sW2@1.0: 0.7434 (30/500 in region)
  MMD@1.0: 0.2416
  Survival@1.0: 27.2%
  Stopped@1.0:  6.0%
      → K+S
  Precomputing encoder-pullback target...
  Stage 2 epoch 60/300: loss=0.000986
  Stage 2 epoch 120/300: loss=0.000918
  Stage 2 epoch 180/300: loss=0.000809
  Stage 2 epoch 240/300: loss=0.000754
  Stage 2 epoch 300/300: loss=0.000779
  Stage 3 epoch 60/300: loss=0.000142
  Stage 3 epoch 120/300: loss=0.000098
  Stage 3 epoch 180/300: loss=0.000070
  Stage 3 epoch 240/300: loss=0.000062
  Stage 3 epoch 300/300: loss=0.000078
  rcMTE@0.1: 0.5428 (290/500 in region)
  rcMTE@0.5: 1.0144 (89/500 in region)
  rcMTE@1.0: 1.0504 (30/500 in region)
  MTE@0.1: 0.9542
  MTE@0.5: 1.8027
  MTE@1.0: 1.7006
  W2@1.0:  1.0368
  sW2@0.1: 0.5264 (290/500 in region)
  sW2@0.2: 0.6091 (208/500 in region)
  sW2@0.5: 0.9912 (89/500 in region)
  sW2@1.0: 0.7434 (30/500 in region)
  MMD@1.0: 0.2416
  Survival@1.0: 27.2%
  Stopped@1.0:  6.0%
      baseline: W2=1.0223  E_mu=0.0266  E_Sig=0.0330
             K: W2=1.0368  E_mu=0.0255  E_Sig=0.0302
           K+S: W2=1.0368  E_mu=0.0255  E_Sig=0.0302

============================================================
  N=200 | D=201 (K=99) | paraboloid | seed=7042
============================================================
    Phase1 Epoch 50/250: loss=0.306063
    Phase1 Epoch 100/250: loss=0.072832
    Phase1 Epoch 150/250: loss=0.030933
    Phase1 Epoch 200/250: loss=0.052134
    Phase1 Epoch 250/250: loss=0.014680
      Phase 2 AE: K_weight=0.0000
        Phase2 Epoch 50/250: loss=0.016365
        Phase2 Epoch 100/250: loss=0.001583
        Phase2 Epoch 150/250: loss=0.002051
        Phase2 Epoch 200/250: loss=0.007954
        Phase2 Epoch 250/250: loss=0.008932
        E_mu=0.0327  E_Sigma=0.1547
      → baseline
  Precomputing encoder-pullback target...
  Stage 2 epoch 60/300: loss=0.001416
  Stage 2 epoch 120/300: loss=0.001566
  Stage 2 epoch 180/300: loss=0.001444
  Stage 2 epoch 240/300: loss=0.001084
  Stage 2 epoch 300/300: loss=0.001090
  Stage 3 epoch 60/300: loss=0.000159
  Stage 3 epoch 120/300: loss=0.000126
  Stage 3 epoch 180/300: loss=0.000098
  Stage 3 epoch 240/300: loss=0.000078
  Stage 3 epoch 300/300: loss=0.000061
  rcMTE@0.1: 0.6250 (316/500 in region)
  rcMTE@0.5: 1.0632 (109/500 in region)
  rcMTE@1.0: 1.1231 (29/500 in region)
  MTE@0.1: 1.0886
  MTE@0.5: 1.8261
  MTE@1.0: 2.1629
  W2@1.0:  1.2647
  sW2@0.1: 0.7285 (316/500 in region)
  sW2@0.2: 1.0391 (232/500 in region)
  sW2@0.5: 1.1575 (109/500 in region)
  sW2@1.0: 1.3591 (29/500 in region)
  MMD@1.0: 0.2600
  Survival@1.0: 28.8%
  Stopped@1.0:  5.8%
      Phase 2 AE: K_weight=0.4275
        Phase2 Epoch 50/250: loss=0.021957
        Phase2 Epoch 100/250: loss=0.001943
        Phase2 Epoch 150/250: loss=0.009206
        Phase2 Epoch 200/250: loss=0.001608
        Phase2 Epoch 250/250: loss=0.003564
        E_mu=0.0193  E_Sigma=0.0494
      → K
  Precomputing encoder-pullback target...
  Stage 2 epoch 60/300: loss=0.001097
  Stage 2 epoch 120/300: loss=0.001254
  Stage 2 epoch 180/300: loss=0.001179
  Stage 2 epoch 240/300: loss=0.000951
  Stage 2 epoch 300/300: loss=0.000996
  Stage 3 epoch 60/300: loss=0.000136
  Stage 3 epoch 120/300: loss=0.000081
  Stage 3 epoch 180/300: loss=0.000057
  Stage 3 epoch 240/300: loss=0.000042
  Stage 3 epoch 300/300: loss=0.000038
  rcMTE@0.1: 0.6619 (316/500 in region)
  rcMTE@0.5: 1.1116 (109/500 in region)
  rcMTE@1.0: 1.0069 (29/500 in region)
  MTE@0.1: 1.1838
  MTE@0.5: 1.9482
  MTE@1.0: 2.0829
  W2@1.0:  1.0422
  sW2@0.1: 0.7995 (316/500 in region)
  sW2@0.2: 1.1806 (232/500 in region)
  sW2@0.5: 1.2380 (109/500 in region)
  sW2@1.0: 1.0062 (29/500 in region)
  MMD@1.0: 0.2363
  Survival@1.0: 28.8%
  Stopped@1.0:  5.8%
      → K+S
  Precomputing encoder-pullback target...
  Stage 2 epoch 60/300: loss=0.001097
  Stage 2 epoch 120/300: loss=0.001254
  Stage 2 epoch 180/300: loss=0.001179
  Stage 2 epoch 240/300: loss=0.000951
  Stage 2 epoch 300/300: loss=0.000996
  Stage 3 epoch 60/300: loss=0.000136
  Stage 3 epoch 120/300: loss=0.000081
  Stage 3 epoch 180/300: loss=0.000057
  Stage 3 epoch 240/300: loss=0.000042
  Stage 3 epoch 300/300: loss=0.000038
  rcMTE@0.1: 0.6619 (316/500 in region)
  rcMTE@0.5: 1.1116 (109/500 in region)
  rcMTE@1.0: 1.0069 (29/500 in region)
  MTE@0.1: 1.1838
  MTE@0.5: 1.9482
  MTE@1.0: 2.0829
  W2@1.0:  1.0422
  sW2@0.1: 0.7995 (316/500 in region)
  sW2@0.2: 1.1806 (232/500 in region)
  sW2@0.5: 1.2380 (109/500 in region)
  sW2@1.0: 1.0062 (29/500 in region)
  MMD@1.0: 0.2363
  Survival@1.0: 28.8%
  Stopped@1.0:  5.8%
      baseline: W2=1.2647  E_mu=0.0327  E_Sig=0.1547
             K: W2=1.0422  E_mu=0.0193  E_Sig=0.0494
           K+S: W2=1.0422  E_mu=0.0193  E_Sig=0.0494

============================================================
  N=200 | D=201 (K=99) | paraboloid | seed=8042
============================================================
    Phase1 Epoch 50/250: loss=0.581919
    Phase1 Epoch 100/250: loss=0.074637
    Phase1 Epoch 150/250: loss=0.029161
    Phase1 Epoch 200/250: loss=0.025068
    Phase1 Epoch 250/250: loss=0.023884
      Phase 2 AE: K_weight=0.0000
        Phase2 Epoch 50/250: loss=0.012734
        Phase2 Epoch 100/250: loss=0.002564
        Phase2 Epoch 150/250: loss=0.002316
        Phase2 Epoch 200/250: loss=0.002176
        Phase2 Epoch 250/250: loss=0.001809
        E_mu=0.0773  E_Sigma=0.0822
      → baseline
  Precomputing encoder-pullback target...
  Stage 2 epoch 60/300: loss=0.002003
  Stage 2 epoch 120/300: loss=0.001259
  Stage 2 epoch 180/300: loss=0.001309
  Stage 2 epoch 240/300: loss=0.001057
  Stage 2 epoch 300/300: loss=0.001078
  Stage 3 epoch 60/300: loss=0.000044
  Stage 3 epoch 120/300: loss=0.000022
  Stage 3 epoch 180/300: loss=0.000014
  Stage 3 epoch 240/300: loss=0.000010
  Stage 3 epoch 300/300: loss=0.000013
  rcMTE@0.1: 0.4983 (269/500 in region)
  rcMTE@0.5: 1.0071 (84/500 in region)
  rcMTE@1.0: 1.2832 (29/500 in region)
  MTE@0.1: 0.9078
  MTE@0.5: 1.6353
  MTE@1.0: 2.1069
  W2@1.0:  1.3601
  sW2@0.1: 0.5439 (269/500 in region)
  sW2@0.2: 0.8502 (192/500 in region)
  sW2@0.5: 1.2690 (84/500 in region)
  sW2@1.0: 2.0661 (29/500 in region)
  MMD@1.0: 0.2914
  Survival@1.0: 27.0%
  Stopped@1.0:  5.8%
      Phase 2 AE: K_weight=0.4275
        Phase2 Epoch 50/250: loss=0.035594
        Phase2 Epoch 100/250: loss=0.002774
        Phase2 Epoch 150/250: loss=0.002722
        Phase2 Epoch 200/250: loss=0.002935
        Phase2 Epoch 250/250: loss=0.002960
        E_mu=0.0578  E_Sigma=0.0990
      → K
  Precomputing encoder-pullback target...
  Stage 2 epoch 60/300: loss=0.003519
  Stage 2 epoch 120/300: loss=0.002860
  Stage 2 epoch 180/300: loss=0.002776
  Stage 2 epoch 240/300: loss=0.002061
  Stage 2 epoch 300/300: loss=0.001839
  Stage 3 epoch 60/300: loss=0.000040
  Stage 3 epoch 120/300: loss=0.000016
  Stage 3 epoch 180/300: loss=0.000010
  Stage 3 epoch 240/300: loss=0.000007
  Stage 3 epoch 300/300: loss=0.000009
  rcMTE@0.1: 0.4940 (269/500 in region)
  rcMTE@0.5: 0.9954 (84/500 in region)
  rcMTE@1.0: 1.2523 (29/500 in region)
  MTE@0.1: 0.9057
  MTE@0.5: 1.5999
  MTE@1.0: 2.0554
  W2@1.0:  1.2725
  sW2@0.1: 0.5212 (269/500 in region)
  sW2@0.2: 0.8222 (192/500 in region)
  sW2@0.5: 1.1878 (84/500 in region)
  sW2@1.0: 1.9524 (29/500 in region)
  MMD@1.0: 0.2709
  Survival@1.0: 27.0%
  Stopped@1.0:  5.8%
      → K+S
  Precomputing encoder-pullback target...
  Stage 2 epoch 60/300: loss=0.003519
  Stage 2 epoch 120/300: loss=0.002860
  Stage 2 epoch 180/300: loss=0.002776
  Stage 2 epoch 240/300: loss=0.002061
  Stage 2 epoch 300/300: loss=0.001839
  Stage 3 epoch 60/300: loss=0.000040
  Stage 3 epoch 120/300: loss=0.000016
  Stage 3 epoch 180/300: loss=0.000010
  Stage 3 epoch 240/300: loss=0.000007
  Stage 3 epoch 300/300: loss=0.000009
  rcMTE@0.1: 0.4940 (269/500 in region)
  rcMTE@0.5: 0.9954 (84/500 in region)
  rcMTE@1.0: 1.2523 (29/500 in region)
  MTE@0.1: 0.9057
  MTE@0.5: 1.5999
  MTE@1.0: 2.0554
  W2@1.0:  1.2725
  sW2@0.1: 0.5212 (269/500 in region)
  sW2@0.2: 0.8222 (192/500 in region)
  sW2@0.5: 1.1878 (84/500 in region)
  sW2@1.0: 1.9524 (29/500 in region)
  MMD@1.0: 0.2709
  Survival@1.0: 27.0%
  Stopped@1.0:  5.8%
      baseline: W2=1.3601  E_mu=0.0773  E_Sig=0.0822
             K: W2=1.2725  E_mu=0.0578  E_Sig=0.0990
           K+S: W2=1.2725  E_mu=0.0578  E_Sig=0.0990

============================================================
  N=200 | D=201 (K=99) | paraboloid | seed=9042
============================================================
    Phase1 Epoch 50/250: loss=0.593946
    Phase1 Epoch 100/250: loss=0.085200
    Phase1 Epoch 150/250: loss=0.050516
    Phase1 Epoch 200/250: loss=0.037629
    Phase1 Epoch 250/250: loss=0.010300
      Phase 2 AE: K_weight=0.0000
        Phase2 Epoch 50/250: loss=0.013617
        Phase2 Epoch 100/250: loss=0.015970
        Phase2 Epoch 150/250: loss=0.021916
        Phase2 Epoch 200/250: loss=0.011450
        Phase2 Epoch 250/250: loss=0.016555
        E_mu=0.0974  E_Sigma=0.3684
      → baseline
  Precomputing encoder-pullback target...
  Stage 2 epoch 60/300: loss=0.003851
  Stage 2 epoch 120/300: loss=0.003357
  Stage 2 epoch 180/300: loss=0.003310
  Stage 2 epoch 240/300: loss=0.003091
  Stage 2 epoch 300/300: loss=0.003155
  Stage 3 epoch 60/300: loss=0.000061
  Stage 3 epoch 120/300: loss=0.000040
  Stage 3 epoch 180/300: loss=0.000030
  Stage 3 epoch 240/300: loss=0.000027
  Stage 3 epoch 300/300: loss=0.000031
  rcMTE@0.1: 0.4914 (280/500 in region)
  rcMTE@0.5: 0.9180 (85/500 in region)
  rcMTE@1.0: 0.9105 (22/500 in region)
  MTE@0.1: 1.1591
  MTE@0.5: 1.6814
  MTE@1.0: 1.9858
  W2@1.0:  1.3301
  sW2@0.1: 0.8747 (280/500 in region)
  sW2@0.2: 0.9395 (205/500 in region)
  sW2@0.5: 1.2866 (85/500 in region)
  sW2@1.0: 1.1129 (22/500 in region)
  MMD@1.0: 0.3423
  Survival@1.0: 28.2%
  Stopped@1.0:  4.4%
      Phase 2 AE: K_weight=0.4275
        Phase2 Epoch 50/250: loss=0.040568
        Phase2 Epoch 100/250: loss=0.019258
        Phase2 Epoch 150/250: loss=0.014822
        Phase2 Epoch 200/250: loss=0.035395
        Phase2 Epoch 250/250: loss=0.008914
        E_mu=0.0504  E_Sigma=0.1957
      → K
  Precomputing encoder-pullback target...
  Stage 2 epoch 60/300: loss=0.001735
  Stage 2 epoch 120/300: loss=0.001581
  Stage 2 epoch 180/300: loss=0.001559
  Stage 2 epoch 240/300: loss=0.001510
  Stage 2 epoch 300/300: loss=0.001479
  Stage 3 epoch 60/300: loss=0.000042
  Stage 3 epoch 120/300: loss=0.000026
  Stage 3 epoch 180/300: loss=0.000015
  Stage 3 epoch 240/300: loss=0.000012
  Stage 3 epoch 300/300: loss=0.000013
  rcMTE@0.1: 0.5072 (280/500 in region)
  rcMTE@0.5: 0.9591 (85/500 in region)
  rcMTE@1.0: 1.0045 (22/500 in region)
  MTE@0.1: 1.0065
  MTE@0.5: 1.6243
  MTE@1.0: 2.0433
  W2@1.0:  1.3993
  sW2@0.1: 0.6912 (280/500 in region)
  sW2@0.2: 0.7978 (205/500 in region)
  sW2@0.5: 1.2221 (85/500 in region)
  sW2@1.0: 1.3086 (22/500 in region)
  MMD@1.0: 0.3031
  Survival@1.0: 28.2%
  Stopped@1.0:  4.4%
      → K+S
  Precomputing encoder-pullback target...
  Stage 2 epoch 60/300: loss=0.001735
  Stage 2 epoch 120/300: loss=0.001581
  Stage 2 epoch 180/300: loss=0.001559
  Stage 2 epoch 240/300: loss=0.001510
  Stage 2 epoch 300/300: loss=0.001479
  Stage 3 epoch 60/300: loss=0.000042
  Stage 3 epoch 120/300: loss=0.000026
  Stage 3 epoch 180/300: loss=0.000015
  Stage 3 epoch 240/300: loss=0.000012
  Stage 3 epoch 300/300: loss=0.000013
  rcMTE@0.1: 0.5072 (280/500 in region)
  rcMTE@0.5: 0.9591 (85/500 in region)
  rcMTE@1.0: 1.0045 (22/500 in region)
  MTE@0.1: 1.0065
  MTE@0.5: 1.6243
  MTE@1.0: 2.0433
  W2@1.0:  1.3993
  sW2@0.1: 0.6912 (280/500 in region)
  sW2@0.2: 0.7978 (205/500 in region)
  sW2@0.5: 1.2221 (85/500 in region)
  sW2@1.0: 1.3086 (22/500 in region)
  MMD@1.0: 0.3031
  Survival@1.0: 28.2%
  Stopped@1.0:  4.4%
      baseline: W2=1.3301  E_mu=0.0974  E_Sig=0.3684
             K: W2=1.3993  E_mu=0.0504  E_Sig=0.1957
           K+S: W2=1.3993  E_mu=0.0504  E_Sig=0.1957

============================================================
  N=200 | D=201 (K=99) | hyperbolic_paraboloid | seed=42
============================================================
    Phase1 Epoch 50/250: loss=0.729968
    Phase1 Epoch 100/250: loss=0.070535
    Phase1 Epoch 150/250: loss=0.039078
    Phase1 Epoch 200/250: loss=0.015208
    Phase1 Epoch 250/250: loss=0.016886
      Phase 2 AE: K_weight=0.0000
        Phase2 Epoch 50/250: loss=0.010027
        Phase2 Epoch 100/250: loss=0.015464
        Phase2 Epoch 150/250: loss=0.002831
        Phase2 Epoch 200/250: loss=0.014793
        Phase2 Epoch 250/250: loss=0.003195
        E_mu=0.0328  E_Sigma=0.0596
      → baseline
  Precomputing encoder-pullback target...
  Stage 2 epoch 60/300: loss=0.000838
  Stage 2 epoch 120/300: loss=0.000769
  Stage 2 epoch 180/300: loss=0.000888
  Stage 2 epoch 240/300: loss=0.000712
  Stage 2 epoch 300/300: loss=0.000852
  Stage 3 epoch 60/300: loss=0.000017
  Stage 3 epoch 120/300: loss=0.000014
  Stage 3 epoch 180/300: loss=0.000010
  Stage 3 epoch 240/300: loss=0.000009
  Stage 3 epoch 300/300: loss=0.000008
  rcMTE@0.1: 0.5337 (292/500 in region)
  rcMTE@0.5: 0.9502 (97/500 in region)
  rcMTE@1.0: 1.1866 (21/500 in region)
  MTE@0.1: 0.9496
  MTE@0.5: 1.6703
  MTE@1.0: 1.9099
  W2@1.0:  1.0607
  sW2@0.1: 0.5775 (292/500 in region)
  sW2@0.2: 0.8888 (214/500 in region)
  sW2@0.5: 0.8732 (97/500 in region)
  sW2@1.0: 1.6074 (21/500 in region)
  MMD@1.0: 0.2798
  Survival@1.0: 28.0%
  Stopped@1.0:  4.2%
      Phase 2 AE: K_weight=0.4275
        Phase2 Epoch 50/250: loss=0.010822
        Phase2 Epoch 100/250: loss=0.013279
        Phase2 Epoch 150/250: loss=0.012752
        Phase2 Epoch 200/250: loss=0.005579
        Phase2 Epoch 250/250: loss=0.004651
        E_mu=0.0296  E_Sigma=0.0912
      → K
  Precomputing encoder-pullback target...
  Stage 2 epoch 60/300: loss=0.002499
  Stage 2 epoch 120/300: loss=0.002330
  Stage 2 epoch 180/300: loss=0.002669
  Stage 2 epoch 240/300: loss=0.001654
  Stage 2 epoch 300/300: loss=0.001882
  Stage 3 epoch 60/300: loss=0.000016
  Stage 3 epoch 120/300: loss=0.000014
  Stage 3 epoch 180/300: loss=0.000010
  Stage 3 epoch 240/300: loss=0.000009
  Stage 3 epoch 300/300: loss=0.000009
  rcMTE@0.1: 0.5228 (292/500 in region)
  rcMTE@0.5: 0.9083 (97/500 in region)
  rcMTE@1.0: 1.0843 (21/500 in region)
  MTE@0.1: 0.9711
  MTE@0.5: 1.6328
  MTE@1.0: 1.7932
  W2@1.0:  0.8344
  sW2@0.1: 0.5704 (292/500 in region)
  sW2@0.2: 0.8154 (214/500 in region)
  sW2@0.5: 0.7963 (97/500 in region)
  sW2@1.0: 1.4481 (21/500 in region)
  MMD@1.0: 0.2509
  Survival@1.0: 28.0%
  Stopped@1.0:  4.2%
      → K+S
  Precomputing encoder-pullback target...
  Stage 2 epoch 60/300: loss=0.002499
  Stage 2 epoch 120/300: loss=0.002330
  Stage 2 epoch 180/300: loss=0.002669
  Stage 2 epoch 240/300: loss=0.001654
  Stage 2 epoch 300/300: loss=0.001882
  Stage 3 epoch 60/300: loss=0.000016
  Stage 3 epoch 120/300: loss=0.000014
  Stage 3 epoch 180/300: loss=0.000010
  Stage 3 epoch 240/300: loss=0.000009
  Stage 3 epoch 300/300: loss=0.000009
  rcMTE@0.1: 0.5228 (292/500 in region)
  rcMTE@0.5: 0.9083 (97/500 in region)
  rcMTE@1.0: 1.0843 (21/500 in region)
  MTE@0.1: 0.9711
  MTE@0.5: 1.6328
  MTE@1.0: 1.7932
  W2@1.0:  0.8344
  sW2@0.1: 0.5704 (292/500 in region)
  sW2@0.2: 0.8154 (214/500 in region)
  sW2@0.5: 0.7963 (97/500 in region)
  sW2@1.0: 1.4481 (21/500 in region)
  MMD@1.0: 0.2509
  Survival@1.0: 28.0%
  Stopped@1.0:  4.2%
      baseline: W2=1.0607  E_mu=0.0328  E_Sig=0.0596
             K: W2=0.8344  E_mu=0.0296  E_Sig=0.0912
           K+S: W2=0.8344  E_mu=0.0296  E_Sig=0.0912

============================================================
  N=200 | D=201 (K=99) | hyperbolic_paraboloid | seed=1042
============================================================
    Phase1 Epoch 50/250: loss=0.577671
    Phase1 Epoch 100/250: loss=0.050513
    Phase1 Epoch 150/250: loss=0.040774
    Phase1 Epoch 200/250: loss=0.023702
    Phase1 Epoch 250/250: loss=0.016052
      Phase 2 AE: K_weight=0.0000
        Phase2 Epoch 50/250: loss=0.021024
        Phase2 Epoch 100/250: loss=0.025585
        Phase2 Epoch 150/250: loss=0.011442
        Phase2 Epoch 200/250: loss=0.003441
        Phase2 Epoch 250/250: loss=0.011456
        E_mu=0.0721  E_Sigma=0.2993
      → baseline
  Precomputing encoder-pullback target...
  Stage 2 epoch 60/300: loss=0.002023
  Stage 2 epoch 120/300: loss=0.001729
  Stage 2 epoch 180/300: loss=0.001660
  Stage 2 epoch 240/300: loss=0.001454
  Stage 2 epoch 300/300: loss=0.001693
  Stage 3 epoch 60/300: loss=0.000025
  Stage 3 epoch 120/300: loss=0.000022
  Stage 3 epoch 180/300: loss=0.000018
  Stage 3 epoch 240/300: loss=0.000019
  Stage 3 epoch 300/300: loss=0.000018
  rcMTE@0.1: 0.5430 (285/500 in region)
  rcMTE@0.5: 0.7184 (98/500 in region)
  rcMTE@1.0: 1.0411 (31/500 in region)
  MTE@0.1: 1.0252
  MTE@0.5: 1.5507
  MTE@1.0: 1.8004
  W2@1.0:  0.7178
  sW2@0.1: 0.5731 (285/500 in region)
  sW2@0.2: 0.5781 (204/500 in region)
  sW2@0.5: 0.6222 (98/500 in region)
  sW2@1.0: 1.1681 (31/500 in region)
  MMD@1.0: 0.2004
  Survival@1.0: 29.8%
  Stopped@1.0:  6.2%
      Phase 2 AE: K_weight=0.4275
        Phase2 Epoch 50/250: loss=0.029752
        Phase2 Epoch 100/250: loss=0.003600
        Phase2 Epoch 150/250: loss=0.001324
        Phase2 Epoch 200/250: loss=0.001272
        Phase2 Epoch 250/250: loss=0.001825
        E_mu=0.0232  E_Sigma=0.0534
      → K
  Precomputing encoder-pullback target...
  Stage 2 epoch 60/300: loss=0.000838
  Stage 2 epoch 120/300: loss=0.000637
  Stage 2 epoch 180/300: loss=0.000559
  Stage 2 epoch 240/300: loss=0.000434
  Stage 2 epoch 300/300: loss=0.000565
  Stage 3 epoch 60/300: loss=0.000015
  Stage 3 epoch 120/300: loss=0.000013
  Stage 3 epoch 180/300: loss=0.000010
  Stage 3 epoch 240/300: loss=0.000020
  Stage 3 epoch 300/300: loss=0.000008
  rcMTE@0.1: 0.5266 (285/500 in region)
  rcMTE@0.5: 0.7437 (98/500 in region)
  rcMTE@1.0: 1.1191 (31/500 in region)
  MTE@0.1: 0.9440
  MTE@0.5: 1.5712
  MTE@1.0: 1.8937
  W2@1.0:  0.8645
  sW2@0.1: 0.4709 (285/500 in region)
  sW2@0.2: 0.5066 (204/500 in region)
  sW2@0.5: 0.6162 (98/500 in region)
  sW2@1.0: 1.2598 (31/500 in region)
  MMD@1.0: 0.2116
  Survival@1.0: 29.8%
  Stopped@1.0:  6.2%
      → K+S
  Precomputing encoder-pullback target...
  Stage 2 epoch 60/300: loss=0.000838
  Stage 2 epoch 120/300: loss=0.000637
  Stage 2 epoch 180/300: loss=0.000559
  Stage 2 epoch 240/300: loss=0.000434
  Stage 2 epoch 300/300: loss=0.000565
  Stage 3 epoch 60/300: loss=0.000015
  Stage 3 epoch 120/300: loss=0.000013
  Stage 3 epoch 180/300: loss=0.000010
  Stage 3 epoch 240/300: loss=0.000020
  Stage 3 epoch 300/300: loss=0.000008
  rcMTE@0.1: 0.5266 (285/500 in region)
  rcMTE@0.5: 0.7437 (98/500 in region)
  rcMTE@1.0: 1.1191 (31/500 in region)
  MTE@0.1: 0.9440
  MTE@0.5: 1.5712
  MTE@1.0: 1.8937
  W2@1.0:  0.8645
  sW2@0.1: 0.4709 (285/500 in region)
  sW2@0.2: 0.5066 (204/500 in region)
  sW2@0.5: 0.6162 (98/500 in region)
  sW2@1.0: 1.2598 (31/500 in region)
  MMD@1.0: 0.2116
  Survival@1.0: 29.8%
  Stopped@1.0:  6.2%
      baseline: W2=0.7178  E_mu=0.0721  E_Sig=0.2993
             K: W2=0.8645  E_mu=0.0232  E_Sig=0.0534
           K+S: W2=0.8645  E_mu=0.0232  E_Sig=0.0534

============================================================
  N=200 | D=201 (K=99) | hyperbolic_paraboloid | seed=2042
============================================================
    Phase1 Epoch 50/250: loss=0.661688
    Phase1 Epoch 100/250: loss=0.057078
    Phase1 Epoch 150/250: loss=0.021481
    Phase1 Epoch 200/250: loss=0.015146
    Phase1 Epoch 250/250: loss=0.014313
      Phase 2 AE: K_weight=0.0000
        Phase2 Epoch 50/250: loss=0.014411
        Phase2 Epoch 100/250: loss=0.010665
        Phase2 Epoch 150/250: loss=0.002269
        Phase2 Epoch 200/250: loss=0.005454
        Phase2 Epoch 250/250: loss=0.002180
        E_mu=0.0236  E_Sigma=0.0380
      → baseline
  Precomputing encoder-pullback target...
  Stage 2 epoch 60/300: loss=0.001007
  Stage 2 epoch 120/300: loss=0.000930
  Stage 2 epoch 180/300: loss=0.000957
  Stage 2 epoch 240/300: loss=0.000852
  Stage 2 epoch 300/300: loss=0.000826
  Stage 3 epoch 60/300: loss=0.000032
  Stage 3 epoch 120/300: loss=0.000010
  Stage 3 epoch 180/300: loss=0.000014
  Stage 3 epoch 240/300: loss=0.000007
  Stage 3 epoch 300/300: loss=0.000006
  rcMTE@0.1: 0.1880 (293/500 in region)
  rcMTE@0.5: 0.3513 (88/500 in region)
  rcMTE@1.0: 0.5056 (24/500 in region)
  MTE@0.1: 0.3982
  MTE@0.5: 0.7774
  MTE@1.0: 0.9349
  W2@1.0:  0.7219
  sW2@0.1: 0.2442 (293/500 in region)
  sW2@0.2: 0.2882 (212/500 in region)
  sW2@0.5: 0.5708 (88/500 in region)
  sW2@1.0: 0.6265 (24/500 in region)
  MMD@1.0: 0.2485
  Survival@1.0: 26.6%
  Stopped@1.0:  4.8%
      Phase 2 AE: K_weight=0.4275
        Phase2 Epoch 50/250: loss=0.012753
        Phase2 Epoch 100/250: loss=0.013645
        Phase2 Epoch 150/250: loss=0.006847
        Phase2 Epoch 200/250: loss=0.002892
        Phase2 Epoch 250/250: loss=0.009524
        E_mu=0.0460  E_Sigma=0.1782
      → K
  Precomputing encoder-pullback target...
  Stage 2 epoch 60/300: loss=0.001378
  Stage 2 epoch 120/300: loss=0.000995
  Stage 2 epoch 180/300: loss=0.000833
  Stage 2 epoch 240/300: loss=0.000685
  Stage 2 epoch 300/300: loss=0.000792
  Stage 3 epoch 60/300: loss=0.000080
  Stage 3 epoch 120/300: loss=0.000036
  Stage 3 epoch 180/300: loss=0.000027
  Stage 3 epoch 240/300: loss=0.000021
  Stage 3 epoch 300/300: loss=0.000018
  rcMTE@0.1: 0.4067 (293/500 in region)
  rcMTE@0.5: 0.8864 (88/500 in region)
  rcMTE@1.0: 0.8897 (24/500 in region)
  MTE@0.1: 0.9017
  MTE@0.5: 1.3850
  MTE@1.0: 1.6045
  W2@1.0:  0.9526
  sW2@0.1: 0.6122 (293/500 in region)
  sW2@0.2: 0.7798 (212/500 in region)
  sW2@0.5: 1.0613 (88/500 in region)
  sW2@1.0: 1.2454 (24/500 in region)
  MMD@1.0: 0.2470
  Survival@1.0: 26.6%
  Stopped@1.0:  4.8%
      → K+S
  Precomputing encoder-pullback target...
  Stage 2 epoch 60/300: loss=0.001378
  Stage 2 epoch 120/300: loss=0.000995
  Stage 2 epoch 180/300: loss=0.000833
  Stage 2 epoch 240/300: loss=0.000685
  Stage 2 epoch 300/300: loss=0.000792
  Stage 3 epoch 60/300: loss=0.000080
  Stage 3 epoch 120/300: loss=0.000036
  Stage 3 epoch 180/300: loss=0.000027
  Stage 3 epoch 240/300: loss=0.000021
  Stage 3 epoch 300/300: loss=0.000018
  rcMTE@0.1: 0.4067 (293/500 in region)
  rcMTE@0.5: 0.8864 (88/500 in region)
  rcMTE@1.0: 0.8897 (24/500 in region)
  MTE@0.1: 0.9017
  MTE@0.5: 1.3850
  MTE@1.0: 1.6045
  W2@1.0:  0.9526
  sW2@0.1: 0.6122 (293/500 in region)
  sW2@0.2: 0.7798 (212/500 in region)
  sW2@0.5: 1.0613 (88/500 in region)
  sW2@1.0: 1.2454 (24/500 in region)
  MMD@1.0: 0.2470
  Survival@1.0: 26.6%
  Stopped@1.0:  4.8%
      baseline: W2=0.7219  E_mu=0.0236  E_Sig=0.0380
             K: W2=0.9526  E_mu=0.0460  E_Sig=0.1782
           K+S: W2=0.9526  E_mu=0.0460  E_Sig=0.1782

============================================================
  N=200 | D=201 (K=99) | hyperbolic_paraboloid | seed=3042
============================================================
    Phase1 Epoch 50/250: loss=0.444480
    Phase1 Epoch 100/250: loss=0.046157
    Phase1 Epoch 150/250: loss=0.019309
    Phase1 Epoch 200/250: loss=0.042698
    Phase1 Epoch 250/250: loss=0.025370
      Phase 2 AE: K_weight=0.0000
        Phase2 Epoch 50/250: loss=0.013148
        Phase2 Epoch 100/250: loss=0.016532
        Phase2 Epoch 150/250: loss=0.023373
        Phase2 Epoch 200/250: loss=0.010960
        Phase2 Epoch 250/250: loss=0.013133
        E_mu=0.0530  E_Sigma=0.3049
      → baseline
  Precomputing encoder-pullback target...
  Stage 2 epoch 60/300: loss=0.001750
  Stage 2 epoch 120/300: loss=0.001428
  Stage 2 epoch 180/300: loss=0.001638
  Stage 2 epoch 240/300: loss=0.001128
  Stage 2 epoch 300/300: loss=0.001010
  Stage 3 epoch 60/300: loss=0.000059
  Stage 3 epoch 120/300: loss=0.000028
  Stage 3 epoch 180/300: loss=0.000025
  Stage 3 epoch 240/300: loss=0.000019
  Stage 3 epoch 300/300: loss=0.000020
  rcMTE@0.1: 0.2192 (275/500 in region)
  rcMTE@0.5: 0.4084 (78/500 in region)
  rcMTE@1.0: 0.6228 (25/500 in region)
  MTE@0.1: 0.4878
  MTE@0.5: 0.8104
  MTE@1.0: 1.0483
  W2@1.0:  0.8391
  sW2@0.1: 0.3220 (275/500 in region)
  sW2@0.2: 0.3352 (204/500 in region)
  sW2@0.5: 0.6572 (78/500 in region)
  sW2@1.0: 1.0415 (25/500 in region)
  MMD@1.0: 0.2572
  Survival@1.0: 27.2%
  Stopped@1.0:  5.0%
      Phase 2 AE: K_weight=0.4275
        Phase2 Epoch 50/250: loss=0.013395
        Phase2 Epoch 100/250: loss=0.002049
        Phase2 Epoch 150/250: loss=0.001537
        Phase2 Epoch 200/250: loss=0.001143
        Phase2 Epoch 250/250: loss=0.001288
        E_mu=0.0167  E_Sigma=0.0217
      → K
  Precomputing encoder-pullback target...
  Stage 2 epoch 60/300: loss=0.000611
  Stage 2 epoch 120/300: loss=0.000586
  Stage 2 epoch 180/300: loss=0.000667
  Stage 2 epoch 240/300: loss=0.000522
  Stage 2 epoch 300/300: loss=0.000482
  Stage 3 epoch 60/300: loss=0.000046
  Stage 3 epoch 120/300: loss=0.000018
  Stage 3 epoch 180/300: loss=0.000016
  Stage 3 epoch 240/300: loss=0.000007
  Stage 3 epoch 300/300: loss=0.000008
  rcMTE@0.1: 0.2015 (275/500 in region)
  rcMTE@0.5: 0.4030 (78/500 in region)
  rcMTE@1.0: 0.6166 (25/500 in region)
  MTE@0.1: 0.4353
  MTE@0.5: 0.7999
  MTE@1.0: 0.9937
  W2@1.0:  0.8294
  sW2@0.1: 0.2924 (275/500 in region)
  sW2@0.2: 0.3167 (204/500 in region)
  sW2@0.5: 0.6352 (78/500 in region)
  sW2@1.0: 1.0380 (25/500 in region)
  MMD@1.0: 0.2773
  Survival@1.0: 27.2%
  Stopped@1.0:  5.0%
      → K+S
  Precomputing encoder-pullback target...
  Stage 2 epoch 60/300: loss=0.000611
  Stage 2 epoch 120/300: loss=0.000586
  Stage 2 epoch 180/300: loss=0.000667
  Stage 2 epoch 240/300: loss=0.000522
  Stage 2 epoch 300/300: loss=0.000482
  Stage 3 epoch 60/300: loss=0.000046
  Stage 3 epoch 120/300: loss=0.000018
  Stage 3 epoch 180/300: loss=0.000016
  Stage 3 epoch 240/300: loss=0.000007
  Stage 3 epoch 300/300: loss=0.000008
  rcMTE@0.1: 0.2015 (275/500 in region)
  rcMTE@0.5: 0.4030 (78/500 in region)
  rcMTE@1.0: 0.6166 (25/500 in region)
  MTE@0.1: 0.4353
  MTE@0.5: 0.7999
  MTE@1.0: 0.9937
  W2@1.0:  0.8294
  sW2@0.1: 0.2924 (275/500 in region)
  sW2@0.2: 0.3167 (204/500 in region)
  sW2@0.5: 0.6352 (78/500 in region)
  sW2@1.0: 1.0380 (25/500 in region)
  MMD@1.0: 0.2773
  Survival@1.0: 27.2%
  Stopped@1.0:  5.0%
      baseline: W2=0.8391  E_mu=0.0530  E_Sig=0.3049
             K: W2=0.8294  E_mu=0.0167  E_Sig=0.0217
           K+S: W2=0.8294  E_mu=0.0167  E_Sig=0.0217

============================================================
  N=200 | D=201 (K=99) | hyperbolic_paraboloid | seed=4042
============================================================
    Phase1 Epoch 50/250: loss=0.673206
    Phase1 Epoch 100/250: loss=0.073049
    Phase1 Epoch 150/250: loss=0.024502
    Phase1 Epoch 200/250: loss=0.012305
    Phase1 Epoch 250/250: loss=0.011554
      Phase 2 AE: K_weight=0.0000
        Phase2 Epoch 50/250: loss=0.015361
        Phase2 Epoch 100/250: loss=0.001418
        Phase2 Epoch 150/250: loss=0.001415
        Phase2 Epoch 200/250: loss=0.001395
        Phase2 Epoch 250/250: loss=0.003503
        E_mu=0.0409  E_Sigma=0.1062
      → baseline
  Precomputing encoder-pullback target...
  Stage 2 epoch 60/300: loss=0.001310
  Stage 2 epoch 120/300: loss=0.000582
  Stage 2 epoch 180/300: loss=0.000602
  Stage 2 epoch 240/300: loss=0.000546
  Stage 2 epoch 300/300: loss=0.000451
  Stage 3 epoch 60/300: loss=0.000019
  Stage 3 epoch 120/300: loss=0.000019
  Stage 3 epoch 180/300: loss=0.000009
  Stage 3 epoch 240/300: loss=0.000009
  Stage 3 epoch 300/300: loss=0.000008
  rcMTE@0.1: 0.5607 (287/500 in region)
  rcMTE@0.5: 0.8648 (102/500 in region)
  rcMTE@1.0: 0.8833 (30/500 in region)
  MTE@0.1: 0.9980
  MTE@0.5: 1.5637
  MTE@1.0: 1.6610
  W2@1.0:  0.8736
  sW2@0.1: 0.5050 (287/500 in region)
  sW2@0.2: 0.7642 (207/500 in region)
  sW2@0.5: 0.7258 (102/500 in region)
  sW2@1.0: 0.9614 (30/500 in region)
  MMD@1.0: 0.2699
  Survival@1.0: 28.2%
  Stopped@1.0:  6.0%
      Phase 2 AE: K_weight=0.4275
        Phase2 Epoch 50/250: loss=0.019549
        Phase2 Epoch 100/250: loss=0.002154
        Phase2 Epoch 150/250: loss=0.001648
        Phase2 Epoch 200/250: loss=0.001682
        Phase2 Epoch 250/250: loss=0.002789
        E_mu=0.0529  E_Sigma=0.1418
      → K
  Precomputing encoder-pullback target...
  Stage 2 epoch 60/300: loss=0.000842
  Stage 2 epoch 120/300: loss=0.000462
  Stage 2 epoch 180/300: loss=0.000451
  Stage 2 epoch 240/300: loss=0.000326
  Stage 2 epoch 300/300: loss=0.000321
  Stage 3 epoch 60/300: loss=0.000020
  Stage 3 epoch 120/300: loss=0.000014
  Stage 3 epoch 180/300: loss=0.000010
  Stage 3 epoch 240/300: loss=0.000009
  Stage 3 epoch 300/300: loss=0.000008
  rcMTE@0.1: 0.5630 (287/500 in region)
  rcMTE@0.5: 0.8535 (102/500 in region)
  rcMTE@1.0: 0.9233 (30/500 in region)
  MTE@0.1: 0.9922
  MTE@0.5: 1.5480
  MTE@1.0: 1.6417
  W2@1.0:  0.8167
  sW2@0.1: 0.5200 (287/500 in region)
  sW2@0.2: 0.7545 (207/500 in region)
  sW2@0.5: 0.7103 (102/500 in region)
  sW2@1.0: 1.0645 (30/500 in region)
  MMD@1.0: 0.2736
  Survival@1.0: 28.2%
  Stopped@1.0:  6.0%
      → K+S
  Precomputing encoder-pullback target...
  Stage 2 epoch 60/300: loss=0.000842
  Stage 2 epoch 120/300: loss=0.000462
  Stage 2 epoch 180/300: loss=0.000451
  Stage 2 epoch 240/300: loss=0.000326
  Stage 2 epoch 300/300: loss=0.000321
  Stage 3 epoch 60/300: loss=0.000020
  Stage 3 epoch 120/300: loss=0.000014
  Stage 3 epoch 180/300: loss=0.000010
  Stage 3 epoch 240/300: loss=0.000009
  Stage 3 epoch 300/300: loss=0.000008
  rcMTE@0.1: 0.5630 (287/500 in region)
  rcMTE@0.5: 0.8535 (102/500 in region)
  rcMTE@1.0: 0.9233 (30/500 in region)
  MTE@0.1: 0.9922
  MTE@0.5: 1.5480
  MTE@1.0: 1.6417
  W2@1.0:  0.8167
  sW2@0.1: 0.5200 (287/500 in region)
  sW2@0.2: 0.7545 (207/500 in region)
  sW2@0.5: 0.7103 (102/500 in region)
  sW2@1.0: 1.0645 (30/500 in region)
  MMD@1.0: 0.2736
  Survival@1.0: 28.2%
  Stopped@1.0:  6.0%
      baseline: W2=0.8736  E_mu=0.0409  E_Sig=0.1062
             K: W2=0.8167  E_mu=0.0529  E_Sig=0.1418
           K+S: W2=0.8167  E_mu=0.0529  E_Sig=0.1418

============================================================
  N=200 | D=201 (K=99) | hyperbolic_paraboloid | seed=5042
============================================================
    Phase1 Epoch 50/250: loss=0.666033
    Phase1 Epoch 100/250: loss=0.056317
    Phase1 Epoch 150/250: loss=0.021820
    Phase1 Epoch 200/250: loss=0.037859
    Phase1 Epoch 250/250: loss=0.031902
      Phase 2 AE: K_weight=0.0000
        Phase2 Epoch 50/250: loss=0.010262
        Phase2 Epoch 100/250: loss=0.013899
        Phase2 Epoch 150/250: loss=0.011083
        Phase2 Epoch 200/250: loss=0.004412
        Phase2 Epoch 250/250: loss=0.015450
        E_mu=0.0507  E_Sigma=0.1718
      → baseline
  Precomputing encoder-pullback target...
  Stage 2 epoch 60/300: loss=0.001178
  Stage 2 epoch 120/300: loss=0.001086
  Stage 2 epoch 180/300: loss=0.001080
  Stage 2 epoch 240/300: loss=0.001079
  Stage 2 epoch 300/300: loss=0.000860
  Stage 3 epoch 60/300: loss=0.000117
  Stage 3 epoch 120/300: loss=0.000094
  Stage 3 epoch 180/300: loss=0.000064
  Stage 3 epoch 240/300: loss=0.000051
  Stage 3 epoch 300/300: loss=0.000033
  rcMTE@0.1: 0.4822 (285/500 in region)
  rcMTE@0.5: 0.8215 (93/500 in region)
  rcMTE@1.0: 0.8668 (33/500 in region)
  MTE@0.1: 0.9586
  MTE@0.5: 1.5596
  MTE@1.0: 1.6840
  W2@1.0:  1.1797
  sW2@0.1: 0.5760 (285/500 in region)
  sW2@0.2: 0.7549 (216/500 in region)
  sW2@0.5: 0.9030 (93/500 in region)
  sW2@1.0: 1.3553 (33/500 in region)
  MMD@1.0: 0.2828
  Survival@1.0: 25.8%
  Stopped@1.0:  6.6%
      Phase 2 AE: K_weight=0.4275
        Phase2 Epoch 50/250: loss=0.015778
        Phase2 Epoch 100/250: loss=0.008805
        Phase2 Epoch 150/250: loss=0.002323
        Phase2 Epoch 200/250: loss=0.001362
        Phase2 Epoch 250/250: loss=0.001196
        E_mu=0.0246  E_Sigma=0.0248
      → K
  Precomputing encoder-pullback target...
  Stage 2 epoch 60/300: loss=0.000606
  Stage 2 epoch 120/300: loss=0.000551
  Stage 2 epoch 180/300: loss=0.000505
  Stage 2 epoch 240/300: loss=0.000537
  Stage 2 epoch 300/300: loss=0.000388
  Stage 3 epoch 60/300: loss=0.000120
  Stage 3 epoch 120/300: loss=0.000091
  Stage 3 epoch 180/300: loss=0.000063
  Stage 3 epoch 240/300: loss=0.000044
  Stage 3 epoch 300/300: loss=0.000026
  rcMTE@0.1: 0.4717 (285/500 in region)
  rcMTE@0.5: 0.8305 (93/500 in region)
  rcMTE@1.0: 0.8862 (33/500 in region)
  MTE@0.1: 0.8374
  MTE@0.5: 1.4955
  MTE@1.0: 1.6065
  W2@1.0:  1.0828
  sW2@0.1: 0.4073 (285/500 in region)
  sW2@0.2: 0.6507 (216/500 in region)
  sW2@0.5: 0.8296 (93/500 in region)
  sW2@1.0: 1.3187 (33/500 in region)
  MMD@1.0: 0.2428
  Survival@1.0: 25.8%
  Stopped@1.0:  6.6%
      → K+S
  Precomputing encoder-pullback target...
  Stage 2 epoch 60/300: loss=0.000606
  Stage 2 epoch 120/300: loss=0.000551
  Stage 2 epoch 180/300: loss=0.000505
  Stage 2 epoch 240/300: loss=0.000537
  Stage 2 epoch 300/300: loss=0.000388
  Stage 3 epoch 60/300: loss=0.000120
  Stage 3 epoch 120/300: loss=0.000091
  Stage 3 epoch 180/300: loss=0.000063
  Stage 3 epoch 240/300: loss=0.000044
  Stage 3 epoch 300/300: loss=0.000026
  rcMTE@0.1: 0.4717 (285/500 in region)
  rcMTE@0.5: 0.8305 (93/500 in region)
  rcMTE@1.0: 0.8862 (33/500 in region)
  MTE@0.1: 0.8374
  MTE@0.5: 1.4955
  MTE@1.0: 1.6065
  W2@1.0:  1.0828
  sW2@0.1: 0.4073 (285/500 in region)
  sW2@0.2: 0.6507 (216/500 in region)
  sW2@0.5: 0.8296 (93/500 in region)
  sW2@1.0: 1.3187 (33/500 in region)
  MMD@1.0: 0.2428
  Survival@1.0: 25.8%
  Stopped@1.0:  6.6%
      baseline: W2=1.1797  E_mu=0.0507  E_Sig=0.1718
             K: W2=1.0828  E_mu=0.0246  E_Sig=0.0248
           K+S: W2=1.0828  E_mu=0.0246  E_Sig=0.0248

============================================================
  N=200 | D=201 (K=99) | hyperbolic_paraboloid | seed=6042
============================================================
    Phase1 Epoch 50/250: loss=0.619099
    Phase1 Epoch 100/250: loss=0.042947
    Phase1 Epoch 150/250: loss=0.025134
    Phase1 Epoch 200/250: loss=0.022637
    Phase1 Epoch 250/250: loss=0.014393
      Phase 2 AE: K_weight=0.0000
        Phase2 Epoch 50/250: loss=0.006561
        Phase2 Epoch 100/250: loss=0.016464
        Phase2 Epoch 150/250: loss=0.015533
        Phase2 Epoch 200/250: loss=0.006130
        Phase2 Epoch 250/250: loss=0.003699
        E_mu=0.0350  E_Sigma=0.0648
      → baseline
  Precomputing encoder-pullback target...
  Stage 2 epoch 60/300: loss=0.001200
  Stage 2 epoch 120/300: loss=0.001161
  Stage 2 epoch 180/300: loss=0.001117
  Stage 2 epoch 240/300: loss=0.001050
  Stage 2 epoch 300/300: loss=0.001071
  Stage 3 epoch 60/300: loss=0.000116
  Stage 3 epoch 120/300: loss=0.000086
  Stage 3 epoch 180/300: loss=0.000073
  Stage 3 epoch 240/300: loss=0.000057
  Stage 3 epoch 300/300: loss=0.000058
  rcMTE@0.1: 0.3809 (290/500 in region)
  rcMTE@0.5: 0.7434 (89/500 in region)
  rcMTE@1.0: 0.7418 (30/500 in region)
  MTE@0.1: 0.6545
  MTE@0.5: 1.2513
  MTE@1.0: 1.3940
  W2@1.0:  0.8868
  sW2@0.1: 0.3257 (290/500 in region)
  sW2@0.2: 0.4877 (208/500 in region)
  sW2@0.5: 0.7189 (89/500 in region)
  sW2@1.0: 0.9570 (30/500 in region)
  MMD@1.0: 0.2092
  Survival@1.0: 27.2%
  Stopped@1.0:  6.0%
      Phase 2 AE: K_weight=0.4275
        Phase2 Epoch 50/250: loss=0.011843
        Phase2 Epoch 100/250: loss=0.001824
        Phase2 Epoch 150/250: loss=0.001503
        Phase2 Epoch 200/250: loss=0.001937
        Phase2 Epoch 250/250: loss=0.001949
        E_mu=0.0271  E_Sigma=0.0366
      → K
  Precomputing encoder-pullback target...
  Stage 2 epoch 60/300: loss=0.000528
  Stage 2 epoch 120/300: loss=0.000509
  Stage 2 epoch 180/300: loss=0.000426
  Stage 2 epoch 240/300: loss=0.000411
  Stage 2 epoch 300/300: loss=0.000393
  Stage 3 epoch 60/300: loss=0.000118
  Stage 3 epoch 120/300: loss=0.000087
  Stage 3 epoch 180/300: loss=0.000074
  Stage 3 epoch 240/300: loss=0.000056
  Stage 3 epoch 300/300: loss=0.000055
  rcMTE@0.1: 0.3795 (290/500 in region)
  rcMTE@0.5: 0.7430 (89/500 in region)
  rcMTE@1.0: 0.7544 (30/500 in region)
  MTE@0.1: 0.6513
  MTE@0.5: 1.2478
  MTE@1.0: 1.4393
  W2@1.0:  0.9813
  sW2@0.1: 0.3179 (290/500 in region)
  sW2@0.2: 0.4836 (208/500 in region)
  sW2@0.5: 0.7366 (89/500 in region)
  sW2@1.0: 1.0545 (30/500 in region)
  MMD@1.0: 0.2287
  Survival@1.0: 27.2%
  Stopped@1.0:  6.0%
      → K+S
  Precomputing encoder-pullback target...
  Stage 2 epoch 60/300: loss=0.000528
  Stage 2 epoch 120/300: loss=0.000509
  Stage 2 epoch 180/300: loss=0.000426
  Stage 2 epoch 240/300: loss=0.000411
  Stage 2 epoch 300/300: loss=0.000393
  Stage 3 epoch 60/300: loss=0.000118
  Stage 3 epoch 120/300: loss=0.000087
  Stage 3 epoch 180/300: loss=0.000074
  Stage 3 epoch 240/300: loss=0.000056
  Stage 3 epoch 300/300: loss=0.000055
  rcMTE@0.1: 0.3795 (290/500 in region)
  rcMTE@0.5: 0.7430 (89/500 in region)
  rcMTE@1.0: 0.7544 (30/500 in region)
  MTE@0.1: 0.6513
  MTE@0.5: 1.2478
  MTE@1.0: 1.4393
  W2@1.0:  0.9813
  sW2@0.1: 0.3179 (290/500 in region)
  sW2@0.2: 0.4836 (208/500 in region)
  sW2@0.5: 0.7366 (89/500 in region)
  sW2@1.0: 1.0545 (30/500 in region)
  MMD@1.0: 0.2287
  Survival@1.0: 27.2%
  Stopped@1.0:  6.0%
      baseline: W2=0.8868  E_mu=0.0350  E_Sig=0.0648
             K: W2=0.9813  E_mu=0.0271  E_Sig=0.0366
           K+S: W2=0.9813  E_mu=0.0271  E_Sig=0.0366

============================================================
  N=200 | D=201 (K=99) | hyperbolic_paraboloid | seed=7042
============================================================
    Phase1 Epoch 50/250: loss=0.640416
    Phase1 Epoch 100/250: loss=0.067250
    Phase1 Epoch 150/250: loss=0.029010
    Phase1 Epoch 200/250: loss=0.019594
    Phase1 Epoch 250/250: loss=0.014213
      Phase 2 AE: K_weight=0.0000
        Phase2 Epoch 50/250: loss=0.012974
        Phase2 Epoch 100/250: loss=0.006711
        Phase2 Epoch 150/250: loss=0.027278
        Phase2 Epoch 200/250: loss=0.013657
        Phase2 Epoch 250/250: loss=0.000693
        E_mu=0.0186  E_Sigma=0.0153
      → baseline
  Precomputing encoder-pullback target...
  Stage 2 epoch 60/300: loss=0.000728
  Stage 2 epoch 120/300: loss=0.000642
  Stage 2 epoch 180/300: loss=0.000674
  Stage 2 epoch 240/300: loss=0.000527
  Stage 2 epoch 300/300: loss=0.000631
  Stage 3 epoch 60/300: loss=0.000039
  Stage 3 epoch 120/300: loss=0.000012
  Stage 3 epoch 180/300: loss=0.000013
  Stage 3 epoch 240/300: loss=0.000006
  Stage 3 epoch 300/300: loss=0.000006
  rcMTE@0.1: 0.4955 (316/500 in region)
  rcMTE@0.5: 0.9457 (109/500 in region)
  rcMTE@1.0: 1.0240 (29/500 in region)
  MTE@0.1: 0.8660
  MTE@0.5: 1.5353
  MTE@1.0: 1.9029
  W2@1.0:  0.9888
  sW2@0.1: 0.4203 (316/500 in region)
  sW2@0.2: 0.7193 (232/500 in region)
  sW2@0.5: 0.9817 (109/500 in region)
  sW2@1.0: 1.0722 (29/500 in region)
  MMD@1.0: 0.2252
  Survival@1.0: 28.8%
  Stopped@1.0:  5.8%
      Phase 2 AE: K_weight=0.4275
        Phase2 Epoch 50/250: loss=0.020900
        Phase2 Epoch 100/250: loss=0.014570
        Phase2 Epoch 150/250: loss=0.008957
        Phase2 Epoch 200/250: loss=0.006529
        Phase2 Epoch 250/250: loss=0.001398
        E_mu=0.0124  E_Sigma=0.0309
      → K
  Precomputing encoder-pullback target...
  Stage 2 epoch 60/300: loss=0.001425
  Stage 2 epoch 120/300: loss=0.001299
  Stage 2 epoch 180/300: loss=0.001467
  Stage 2 epoch 240/300: loss=0.001121
  Stage 2 epoch 300/300: loss=0.001405
  Stage 3 epoch 60/300: loss=0.000037
  Stage 3 epoch 120/300: loss=0.000012
  Stage 3 epoch 180/300: loss=0.000013
  Stage 3 epoch 240/300: loss=0.000007
  Stage 3 epoch 300/300: loss=0.000006
  rcMTE@0.1: 0.4993 (316/500 in region)
  rcMTE@0.5: 0.9626 (109/500 in region)
  rcMTE@1.0: 1.0407 (29/500 in region)
  MTE@0.1: 0.8723
  MTE@0.5: 1.5601
  MTE@1.0: 1.9355
  W2@1.0:  1.0322
  sW2@0.1: 0.4251 (316/500 in region)
  sW2@0.2: 0.7284 (232/500 in region)
  sW2@0.5: 1.0308 (109/500 in region)
  sW2@1.0: 1.1352 (29/500 in region)
  MMD@1.0: 0.2258
  Survival@1.0: 28.8%
  Stopped@1.0:  5.8%
      → K+S
  Precomputing encoder-pullback target...
  Stage 2 epoch 60/300: loss=0.001425
  Stage 2 epoch 120/300: loss=0.001299
  Stage 2 epoch 180/300: loss=0.001467
  Stage 2 epoch 240/300: loss=0.001121
  Stage 2 epoch 300/300: loss=0.001405
  Stage 3 epoch 60/300: loss=0.000037
  Stage 3 epoch 120/300: loss=0.000012
  Stage 3 epoch 180/300: loss=0.000013
  Stage 3 epoch 240/300: loss=0.000007
  Stage 3 epoch 300/300: loss=0.000006
  rcMTE@0.1: 0.4993 (316/500 in region)
  rcMTE@0.5: 0.9626 (109/500 in region)
  rcMTE@1.0: 1.0407 (29/500 in region)
  MTE@0.1: 0.8723
  MTE@0.5: 1.5601
  MTE@1.0: 1.9355
  W2@1.0:  1.0322
  sW2@0.1: 0.4251 (316/500 in region)
  sW2@0.2: 0.7284 (232/500 in region)
  sW2@0.5: 1.0308 (109/500 in region)
  sW2@1.0: 1.1352 (29/500 in region)
  MMD@1.0: 0.2258
  Survival@1.0: 28.8%
  Stopped@1.0:  5.8%
      baseline: W2=0.9888  E_mu=0.0186  E_Sig=0.0153
             K: W2=1.0322  E_mu=0.0124  E_Sig=0.0309
           K+S: W2=1.0322  E_mu=0.0124  E_Sig=0.0309

============================================================
  N=200 | D=201 (K=99) | hyperbolic_paraboloid | seed=8042
============================================================
    Phase1 Epoch 50/250: loss=0.264676
    Phase1 Epoch 100/250: loss=0.045110
    Phase1 Epoch 150/250: loss=0.029795
    Phase1 Epoch 200/250: loss=0.016668
    Phase1 Epoch 250/250: loss=0.021310
      Phase 2 AE: K_weight=0.0000
        Phase2 Epoch 50/250: loss=0.016951
        Phase2 Epoch 100/250: loss=0.011388
        Phase2 Epoch 150/250: loss=0.001321
        Phase2 Epoch 200/250: loss=0.001211
        Phase2 Epoch 250/250: loss=0.001209
        E_mu=0.0441  E_Sigma=0.0584
      → baseline
  Precomputing encoder-pullback target...
  Stage 2 epoch 60/300: loss=0.000870
  Stage 2 epoch 120/300: loss=0.000667
  Stage 2 epoch 180/300: loss=0.000566
  Stage 2 epoch 240/300: loss=0.000524
  Stage 2 epoch 300/300: loss=0.000587
  Stage 3 epoch 60/300: loss=0.000025
  Stage 3 epoch 120/300: loss=0.000011
  Stage 3 epoch 180/300: loss=0.000008
  Stage 3 epoch 240/300: loss=0.000007
  Stage 3 epoch 300/300: loss=0.000005
  rcMTE@0.1: 0.5081 (269/500 in region)
  rcMTE@0.5: 1.0400 (84/500 in region)
  rcMTE@1.0: 1.3498 (29/500 in region)
  MTE@0.1: 0.9117
  MTE@0.5: 1.6056
  MTE@1.0: 2.0648
  W2@1.0:  1.1788
  sW2@0.1: 0.5076 (269/500 in region)
  sW2@0.2: 0.7830 (192/500 in region)
  sW2@0.5: 1.1432 (84/500 in region)
  sW2@1.0: 1.7770 (29/500 in region)
  MMD@1.0: 0.2376
  Survival@1.0: 27.0%
  Stopped@1.0:  5.8%
      Phase 2 AE: K_weight=0.4275
        Phase2 Epoch 50/250: loss=0.021578
        Phase2 Epoch 100/250: loss=0.001943
        Phase2 Epoch 150/250: loss=0.001464
        Phase2 Epoch 200/250: loss=0.002274
        Phase2 Epoch 250/250: loss=0.001566
        E_mu=0.0289  E_Sigma=0.0408
      → K
  Precomputing encoder-pullback target...
  Stage 2 epoch 60/300: loss=0.000779
  Stage 2 epoch 120/300: loss=0.000589
  Stage 2 epoch 180/300: loss=0.000524
  Stage 2 epoch 240/300: loss=0.000462
  Stage 2 epoch 300/300: loss=0.000510
  Stage 3 epoch 60/300: loss=0.000026
  Stage 3 epoch 120/300: loss=0.000010
  Stage 3 epoch 180/300: loss=0.000007
  Stage 3 epoch 240/300: loss=0.000005
  Stage 3 epoch 300/300: loss=0.000004
  rcMTE@0.1: 0.5091 (269/500 in region)
  rcMTE@0.5: 1.0394 (84/500 in region)
  rcMTE@1.0: 1.3466 (29/500 in region)
  MTE@0.1: 0.9160
  MTE@0.5: 1.5999
  MTE@1.0: 2.0480
  W2@1.0:  1.1553
  sW2@0.1: 0.5035 (269/500 in region)
  sW2@0.2: 0.7776 (192/500 in region)
  sW2@0.5: 1.1268 (84/500 in region)
  sW2@1.0: 1.7365 (29/500 in region)
  MMD@1.0: 0.2334
  Survival@1.0: 27.0%
  Stopped@1.0:  5.8%
      → K+S
  Precomputing encoder-pullback target...
  Stage 2 epoch 60/300: loss=0.000779
  Stage 2 epoch 120/300: loss=0.000589
  Stage 2 epoch 180/300: loss=0.000524
  Stage 2 epoch 240/300: loss=0.000462
  Stage 2 epoch 300/300: loss=0.000510
  Stage 3 epoch 60/300: loss=0.000026
  Stage 3 epoch 120/300: loss=0.000010
  Stage 3 epoch 180/300: loss=0.000007
  Stage 3 epoch 240/300: loss=0.000005
  Stage 3 epoch 300/300: loss=0.000004
  rcMTE@0.1: 0.5091 (269/500 in region)
  rcMTE@0.5: 1.0394 (84/500 in region)
  rcMTE@1.0: 1.3466 (29/500 in region)
  MTE@0.1: 0.9160
  MTE@0.5: 1.5999
  MTE@1.0: 2.0480
  W2@1.0:  1.1553
  sW2@0.1: 0.5035 (269/500 in region)
  sW2@0.2: 0.7776 (192/500 in region)
  sW2@0.5: 1.1268 (84/500 in region)
  sW2@1.0: 1.7365 (29/500 in region)
  MMD@1.0: 0.2334
  Survival@1.0: 27.0%
  Stopped@1.0:  5.8%
      baseline: W2=1.1788  E_mu=0.0441  E_Sig=0.0584
             K: W2=1.1553  E_mu=0.0289  E_Sig=0.0408
           K+S: W2=1.1553  E_mu=0.0289  E_Sig=0.0408

============================================================
  N=200 | D=201 (K=99) | hyperbolic_paraboloid | seed=9042
============================================================
    Phase1 Epoch 50/250: loss=0.353901
    Phase1 Epoch 100/250: loss=0.047288
    Phase1 Epoch 150/250: loss=0.030903
    Phase1 Epoch 200/250: loss=0.023209
    Phase1 Epoch 250/250: loss=0.035206
      Phase 2 AE: K_weight=0.0000
        Phase2 Epoch 50/250: loss=0.029757
        Phase2 Epoch 100/250: loss=0.012740
        Phase2 Epoch 150/250: loss=0.017401
        Phase2 Epoch 200/250: loss=0.014421
        Phase2 Epoch 250/250: loss=0.011233
        E_mu=0.0660  E_Sigma=0.1360
      → baseline
  Precomputing encoder-pullback target...
  Stage 2 epoch 60/300: loss=0.004100
  Stage 2 epoch 120/300: loss=0.003163
  Stage 2 epoch 180/300: loss=0.002942
  Stage 2 epoch 240/300: loss=0.002545
  Stage 2 epoch 300/300: loss=0.002621
  Stage 3 epoch 60/300: loss=0.000125
  Stage 3 epoch 120/300: loss=0.000069
  Stage 3 epoch 180/300: loss=0.000052
  Stage 3 epoch 240/300: loss=0.000042
  Stage 3 epoch 300/300: loss=0.000033
  rcMTE@0.1: 0.6327 (280/500 in region)
  rcMTE@0.5: 1.0827 (85/500 in region)
  rcMTE@1.0: 1.1327 (22/500 in region)
  MTE@0.1: 1.2052
  MTE@0.5: 1.6791
  MTE@1.0: 1.9618
  W2@1.0:  0.7826
  sW2@0.1: 0.6089 (280/500 in region)
  sW2@0.2: 0.6449 (205/500 in region)
  sW2@0.5: 0.9275 (85/500 in region)
  sW2@1.0: 1.1542 (22/500 in region)
  MMD@1.0: 0.1752
  Survival@1.0: 28.2%
  Stopped@1.0:  4.4%
      Phase 2 AE: K_weight=0.4275
        Phase2 Epoch 50/250: loss=0.002193
        Phase2 Epoch 100/250: loss=0.002675
        Phase2 Epoch 150/250: loss=0.001758
        Phase2 Epoch 200/250: loss=0.002933
        Phase2 Epoch 250/250: loss=0.001029
        E_mu=0.0222  E_Sigma=0.0309
      → K
  Precomputing encoder-pullback target...
  Stage 2 epoch 60/300: loss=0.000491
  Stage 2 epoch 120/300: loss=0.000436
  Stage 2 epoch 180/300: loss=0.000361
  Stage 2 epoch 240/300: loss=0.000349
  Stage 2 epoch 300/300: loss=0.000371
  Stage 3 epoch 60/300: loss=0.000113
  Stage 3 epoch 120/300: loss=0.000066
  Stage 3 epoch 180/300: loss=0.000049
  Stage 3 epoch 240/300: loss=0.000037
  Stage 3 epoch 300/300: loss=0.000027
  rcMTE@0.1: 0.6496 (280/500 in region)
  rcMTE@0.5: 1.2051 (85/500 in region)
  rcMTE@1.0: 1.3602 (22/500 in region)
  MTE@0.1: 1.1890
  MTE@0.5: 1.8741
  MTE@1.0: 2.4064
  W2@1.0:  1.4578
  sW2@0.1: 0.6364 (280/500 in region)
  sW2@0.2: 0.7377 (205/500 in region)
  sW2@0.5: 1.2855 (85/500 in region)
  sW2@1.0: 1.7893 (22/500 in region)
  MMD@1.0: 0.2157
  Survival@1.0: 28.2%
  Stopped@1.0:  4.4%
      → K+S
  Precomputing encoder-pullback target...
  Stage 2 epoch 60/300: loss=0.000491
  Stage 2 epoch 120/300: loss=0.000436
  Stage 2 epoch 180/300: loss=0.000361
  Stage 2 epoch 240/300: loss=0.000349
  Stage 2 epoch 300/300: loss=0.000371
  Stage 3 epoch 60/300: loss=0.000113
  Stage 3 epoch 120/300: loss=0.000066
  Stage 3 epoch 180/300: loss=0.000049
  Stage 3 epoch 240/300: loss=0.000037
  Stage 3 epoch 300/300: loss=0.000027
  rcMTE@0.1: 0.6496 (280/500 in region)
  rcMTE@0.5: 1.2051 (85/500 in region)
  rcMTE@1.0: 1.3602 (22/500 in region)
  MTE@0.1: 1.1890
  MTE@0.5: 1.8741
  MTE@1.0: 2.4064
  W2@1.0:  1.4578
  sW2@0.1: 0.6364 (280/500 in region)
  sW2@0.2: 0.7377 (205/500 in region)
  sW2@0.5: 1.2855 (85/500 in region)
  sW2@1.0: 1.7893 (22/500 in region)
  MMD@1.0: 0.2157
  Survival@1.0: 28.2%
  Stopped@1.0:  4.4%
      baseline: W2=0.7826  E_mu=0.0660  E_Sig=0.1360
             K: W2=1.4578  E_mu=0.0222  E_Sig=0.0309
           K+S: W2=1.4578  E_mu=0.0222  E_Sig=0.0309

  N=200, D=201 completed in 4101.4s (205.1s per fork)

Saved 480 rows to highd_N_D_sweep_noS.csv


======================================================================================================================================================
N×D SWEEP: TRAINING SET SIZE × AMBIENT DIMENSION INTERACTION
======================================================================================================================================================

──────────────────────────────────────────────────────────────────────────────────────────────────────────────────────────────────────────────────────
  D = 11, N = 20
──────────────────────────────────────────────────────────────────────────────────────────────────────────────────────────────────────────────────────

                    surface   condition    n      mean    +-std      mean    +-std      mean    +-std      mean    +-std      mean    +-std      mean    +-std      mean    +-std      mean    +-std      mean    +-std  
  --------------------------------------------------------------------------------------------------------------------------------------------
                 paraboloid           K   10    0.8399   0.3084    1.4076   0.4924    1.5870   0.4223    1.1157   0.3565    0.9934   0.3561    1.3073   0.5279    0.2999   0.0553    0.1997   0.1222    0.3374   0.1859  
                 paraboloid         K+S   10    0.8399   0.3084    1.4076   0.4924    1.5870   0.4223    1.1157   0.3565    0.9934   0.3561    1.3073   0.5279    0.2999   0.0553    0.1997   0.1222    0.3374   0.1859  
                 paraboloid    baseline   10    0.8488   0.2819    1.3949   0.4353    1.4891   0.3566    0.9155   0.2567    0.8912   0.3280    1.1604   0.4281    0.2578   0.0462    0.3349   0.1951    0.4171   0.2837  
      hyperbolic_paraboloid           K   10    0.9112   0.2931    1.5031   0.4163    1.5941   0.3959    0.8748   0.2084    0.7551   0.1835    0.9426   0.4222    0.2248   0.0392    0.0936   0.0360    0.1812   0.1491  
      hyperbolic_paraboloid         K+S   10    0.9112   0.2931    1.5031   0.4163    1.5941   0.3959    0.8748   0.2084    0.7551   0.1835    0.9426   0.4222    0.2248   0.0392    0.0936   0.0360    0.1812   0.1491  
      hyperbolic_paraboloid    baseline   10    0.8907   0.2781    1.4819   0.4004    1.6058   0.3975    0.9018   0.2299    0.7416   0.1666    0.9853   0.3995    0.2225   0.0423    0.1417   0.0290    0.1642   0.0551  

  K vs baseline:
                      surface    delta%    p-val    delta%    p-val    delta%    p-val    delta%    p-val    delta%    p-val    delta%    p-val    delta%    p-val    delta%    p-val    delta%    p-val    win-rate  verdict
    ------------------------------------------------------------------------------------------------------------------------------------------
                   paraboloid      -1.0%  0.7407      +0.9%  0.7726      +6.6%  0.0476*    +21.9%  0.0066**    +11.5%  0.0199*    +12.7%  0.0384*    +16.3%  0.0026**    -40.4%  0.0013**    -19.1%  0.3470        1/10  MTE@1.0: worse; W2@1.0: worse; sW2@0.5: worse; sW2@1.0: worse; MMD@1.0: worse; E_mu: better
        hyperbolic_paraboloid      +2.3%  0.2243      +1.4%  0.2820      -0.7%  0.4020      -3.0%  0.2783      +1.8%  0.4281      -4.3%  0.4157      +1.1%  0.6507     -34.0%  0.0003**    +10.4%  0.7502        7/10  E_mu: better

  K+S vs baseline:
                      surface    delta%    p-val    delta%    p-val    delta%    p-val    delta%    p-val    delta%    p-val    delta%    p-val    delta%    p-val    delta%    p-val    delta%    p-val    win-rate  verdict
    ------------------------------------------------------------------------------------------------------------------------------------------
                   paraboloid      -1.0%  0.7407      +0.9%  0.7726      +6.6%  0.0476*    +21.9%  0.0066**    +11.5%  0.0199*    +12.7%  0.0384*    +16.3%  0.0026**    -40.4%  0.0013**    -19.1%  0.3470        1/10  MTE@1.0: worse; W2@1.0: worse; sW2@0.5: worse; sW2@1.0: worse; MMD@1.0: worse; E_mu: better
        hyperbolic_paraboloid      +2.3%  0.2243      +1.4%  0.2820      -0.7%  0.4020      -3.0%  0.2783      +1.8%  0.4281      -4.3%  0.4157      +1.1%  0.6507     -34.0%  0.0003**    +10.4%  0.7502        7/10  E_mu: better

  K+S vs K:
                      surface    delta%    p-val    delta%    p-val    delta%    p-val    delta%    p-val    delta%    p-val    delta%    p-val    delta%    p-val    delta%    p-val    delta%    p-val    win-rate  verdict
    ------------------------------------------------------------------------------------------------------------------------------------------
                   paraboloid      +0.0%  0.0000**     +0.0%  0.0000**     +0.0%  0.0000**     +0.0%  0.0000**     +0.0%  0.0000**     +0.0%  0.0000**     +0.0%  0.0000**     +0.0%  0.0000**     +0.0%  0.0000**       0/10  MTE@0.1: better; MTE@0.5: better; MTE@1.0: better; W2@1.0: better; sW2@0.5: better; sW2@1.0: better; MMD@1.0: better; E_mu: better; E_Sigma: better
        hyperbolic_paraboloid      +0.0%  0.0000**     +0.0%  0.0000**     +0.0%  0.0000**     +0.0%  0.0000**     +0.0%  0.0000**     +0.0%  0.0000**     +0.0%  0.0000**     +0.0%  0.0000**     +0.0%  0.0000**       0/10  MTE@0.1: better; MTE@0.5: better; MTE@1.0: better; W2@1.0: better; sW2@0.5: better; sW2@1.0: better; MMD@1.0: better; E_mu: better; E_Sigma: better

──────────────────────────────────────────────────────────────────────────────────────────────────────────────────────────────────────────────────────
  D = 11, N = 50
──────────────────────────────────────────────────────────────────────────────────────────────────────────────────────────────────────────────────────

                    surface   condition    n      mean    +-std      mean    +-std      mean    +-std      mean    +-std      mean    +-std      mean    +-std      mean    +-std      mean    +-std      mean    +-std  
  --------------------------------------------------------------------------------------------------------------------------------------------
                 paraboloid           K   10    0.7940   0.1947    1.4159   0.3430    1.6800   0.3471    1.1970   0.3607    1.0271   0.2383    1.4175   0.4231    0.3329   0.0720    0.0543   0.0222    0.1005   0.0562  
                 paraboloid         K+S   10    0.7940   0.1947    1.4159   0.3430    1.6800   0.3471    1.1970   0.3607    1.0271   0.2383    1.4175   0.4231    0.3329   0.0720    0.0543   0.0222    0.1005   0.0562  
                 paraboloid    baseline   10    0.7721   0.1880    1.3612   0.3321    1.5849   0.3288    1.0360   0.3294    0.9442   0.2348    1.3139   0.4209    0.3011   0.0673    0.1067   0.0454    0.1703   0.1176  
      hyperbolic_paraboloid           K   10    0.9950   0.2884    1.6185   0.4355    1.7492   0.4047    1.0218   0.2976    0.8681   0.3536    1.1865   0.4820    0.2384   0.0369    0.0265   0.0096    0.0638   0.0804  
      hyperbolic_paraboloid         K+S   10    0.9950   0.2884    1.6185   0.4355    1.7492   0.4047    1.0218   0.2976    0.8681   0.3536    1.1865   0.4820    0.2384   0.0369    0.0265   0.0096    0.0638   0.0804  
      hyperbolic_paraboloid    baseline   10    0.9704   0.2806    1.5935   0.4236    1.7008   0.3733    0.9674   0.2715    0.8247   0.3508    1.1770   0.4740    0.2351   0.0337    0.0427   0.0171    0.0750   0.0428  

  K vs baseline:
                      surface    delta%    p-val    delta%    p-val    delta%    p-val    delta%    p-val    delta%    p-val    delta%    p-val    delta%    p-val    delta%    p-val    delta%    p-val    win-rate  verdict
    ------------------------------------------------------------------------------------------------------------------------------------------
                   paraboloid      +2.8%  0.2778      +4.0%  0.0478*     +6.0%  0.0077**    +15.5%  0.0055**     +8.8%  0.0150*     +7.9%  0.0136*    +10.5%  0.0100*    -49.1%  0.0009**    -41.0%  0.0765+       1/10  MTE@0.5: worse; MTE@1.0: worse; W2@1.0: worse; sW2@0.5: worse; sW2@1.0: worse; MMD@1.0: worse; E_mu: better
        hyperbolic_paraboloid      +2.5%  0.2674      +1.6%  0.0361*     +2.8%  0.0837+     +5.6%  0.0832+     +5.3%  0.0354*     +0.8%  0.7699      +1.4%  0.3287     -37.9%  0.0061**    -14.8%  0.6197        4/10  MTE@0.5: worse; sW2@0.5: worse; E_mu: better

  K+S vs baseline:
                      surface    delta%    p-val    delta%    p-val    delta%    p-val    delta%    p-val    delta%    p-val    delta%    p-val    delta%    p-val    delta%    p-val    delta%    p-val    win-rate  verdict
    ------------------------------------------------------------------------------------------------------------------------------------------
                   paraboloid      +2.8%  0.2778      +4.0%  0.0478*     +6.0%  0.0077**    +15.5%  0.0055**     +8.8%  0.0150*     +7.9%  0.0136*    +10.5%  0.0100*    -49.1%  0.0009**    -41.0%  0.0765+       1/10  MTE@0.5: worse; MTE@1.0: worse; W2@1.0: worse; sW2@0.5: worse; sW2@1.0: worse; MMD@1.0: worse; E_mu: better
        hyperbolic_paraboloid      +2.5%  0.2674      +1.6%  0.0361*     +2.8%  0.0837+     +5.6%  0.0832+     +5.3%  0.0354*     +0.8%  0.7699      +1.4%  0.3287     -37.9%  0.0061**    -14.8%  0.6197        4/10  MTE@0.5: worse; sW2@0.5: worse; E_mu: better

  K+S vs K:
                      surface    delta%    p-val    delta%    p-val    delta%    p-val    delta%    p-val    delta%    p-val    delta%    p-val    delta%    p-val    delta%    p-val    delta%    p-val    win-rate  verdict
    ------------------------------------------------------------------------------------------------------------------------------------------
                   paraboloid      +0.0%  0.0000**     +0.0%  0.0000**     +0.0%  0.0000**     +0.0%  0.0000**     +0.0%  0.0000**     +0.0%  0.0000**     +0.0%  0.0000**     +0.0%  0.0000**     +0.0%  0.0000**       0/10  MTE@0.1: better; MTE@0.5: better; MTE@1.0: better; W2@1.0: better; sW2@0.5: better; sW2@1.0: better; MMD@1.0: better; E_mu: better; E_Sigma: better
        hyperbolic_paraboloid      +0.0%  0.0000**     +0.0%  0.0000**     +0.0%  0.0000**     +0.0%  0.0000**     +0.0%  0.0000**     +0.0%  0.0000**     +0.0%  0.0000**     +0.0%  0.0000**     +0.0%  0.0000**       0/10  MTE@0.1: better; MTE@0.5: better; MTE@1.0: better; W2@1.0: better; sW2@0.5: better; sW2@1.0: better; MMD@1.0: better; E_mu: better; E_Sigma: better

──────────────────────────────────────────────────────────────────────────────────────────────────────────────────────────────────────────────────────
  D = 11, N = 100
──────────────────────────────────────────────────────────────────────────────────────────────────────────────────────────────────────────────────────

                    surface   condition    n      mean    +-std      mean    +-std      mean    +-std      mean    +-std      mean    +-std      mean    +-std      mean    +-std      mean    +-std      mean    +-std  
  --------------------------------------------------------------------------------------------------------------------------------------------
                 paraboloid           K   10    0.8996   0.2638    1.5948   0.4089    1.8651   0.3475    1.4003   0.2939    1.1998   0.3302    1.5204   0.3258    0.3805   0.0490    0.0176   0.0074    0.0467   0.0257  
                 paraboloid         K+S   10    0.8996   0.2638    1.5948   0.4089    1.8651   0.3475    1.4003   0.2939    1.1998   0.3302    1.5204   0.3258    0.3805   0.0490    0.0176   0.0074    0.0467   0.0257  
                 paraboloid    baseline   10    0.8977   0.2652    1.5707   0.4187    1.8018   0.3707    1.2983   0.2879    1.1482   0.3373    1.4333   0.3370    0.3560   0.0488    0.0308   0.0121    0.0575   0.0514  
      hyperbolic_paraboloid           K   10    0.9935   0.2073    1.6435   0.2669    1.8308   0.2809    1.0243   0.2602    0.8584   0.2021    1.1237   0.3728    0.2524   0.0245    0.0201   0.0144    0.0806   0.0925  
      hyperbolic_paraboloid         K+S   10    0.9935   0.2073    1.6435   0.2669    1.8308   0.2809    1.0243   0.2602    0.8584   0.2021    1.1237   0.3728    0.2524   0.0245    0.0201   0.0144    0.0806   0.0925  
      hyperbolic_paraboloid    baseline   10    0.9877   0.2073    1.6145   0.2734    1.7843   0.2906    0.9745   0.2615    0.8192   0.2194    1.1236   0.3825    0.2447   0.0300    0.0268   0.0252    0.0505   0.0399  

  K vs baseline:
                      surface    delta%    p-val    delta%    p-val    delta%    p-val    delta%    p-val    delta%    p-val    delta%    p-val    delta%    p-val    delta%    p-val    delta%    p-val    win-rate  verdict
    ------------------------------------------------------------------------------------------------------------------------------------------
                   paraboloid      +0.2%  0.6883      +1.5%  0.0727+     +3.5%  0.0348*     +7.9%  0.0282*     +4.5%  0.0357*     +6.1%  0.0281*     +6.9%  0.0017**    -42.7%  0.0005**    -18.8%  0.4690        2/10  MTE@1.0: worse; W2@1.0: worse; sW2@0.5: worse; sW2@1.0: worse; MMD@1.0: worse; E_mu: better
        hyperbolic_paraboloid      +0.6%  0.0464*     +1.8%  0.0606+     +2.6%  0.0576+     +5.1%  0.0954+     +4.8%  0.0872+     +0.0%  0.9946      +3.2%  0.1526     -25.0%  0.1741     +59.6%  0.3755        3/10  MTE@0.1: worse

  K+S vs baseline:
                      surface    delta%    p-val    delta%    p-val    delta%    p-val    delta%    p-val    delta%    p-val    delta%    p-val    delta%    p-val    delta%    p-val    delta%    p-val    win-rate  verdict
    ------------------------------------------------------------------------------------------------------------------------------------------
                   paraboloid      +0.2%  0.6883      +1.5%  0.0727+     +3.5%  0.0348*     +7.9%  0.0282*     +4.5%  0.0357*     +6.1%  0.0281*     +6.9%  0.0017**    -42.7%  0.0005**    -18.8%  0.4690        2/10  MTE@1.0: worse; W2@1.0: worse; sW2@0.5: worse; sW2@1.0: worse; MMD@1.0: worse; E_mu: better
        hyperbolic_paraboloid      +0.6%  0.0464*     +1.8%  0.0606+     +2.6%  0.0576+     +5.1%  0.0954+     +4.8%  0.0872+     +0.0%  0.9946      +3.2%  0.1526     -25.0%  0.1741     +59.6%  0.3755        3/10  MTE@0.1: worse

  K+S vs K:
                      surface    delta%    p-val    delta%    p-val    delta%    p-val    delta%    p-val    delta%    p-val    delta%    p-val    delta%    p-val    delta%    p-val    delta%    p-val    win-rate  verdict
    ------------------------------------------------------------------------------------------------------------------------------------------
                   paraboloid      +0.0%  0.0000**     +0.0%  0.0000**     +0.0%  0.0000**     +0.0%  0.0000**     +0.0%  0.0000**     +0.0%  0.0000**     +0.0%  0.0000**     +0.0%  0.0000**     +0.0%  0.0000**       0/10  MTE@0.1: better; MTE@0.5: better; MTE@1.0: better; W2@1.0: better; sW2@0.5: better; sW2@1.0: better; MMD@1.0: better; E_mu: better; E_Sigma: better
        hyperbolic_paraboloid      +0.0%  0.0000**     +0.0%  0.0000**     +0.0%  0.0000**     +0.0%  0.0000**     +0.0%  0.0000**     +0.0%  0.0000**     +0.0%  0.0000**     +0.0%  0.0000**     +0.0%  0.0000**       0/10  MTE@0.1: better; MTE@0.5: better; MTE@1.0: better; W2@1.0: better; sW2@0.5: better; sW2@1.0: better; MMD@1.0: better; E_mu: better; E_Sigma: better

──────────────────────────────────────────────────────────────────────────────────────────────────────────────────────────────────────────────────────
  D = 11, N = 200
──────────────────────────────────────────────────────────────────────────────────────────────────────────────────────────────────────────────────────

                    surface   condition    n      mean    +-std      mean    +-std      mean    +-std      mean    +-std      mean    +-std      mean    +-std      mean    +-std      mean    +-std      mean    +-std  
  --------------------------------------------------------------------------------------------------------------------------------------------
                 paraboloid           K   10    0.8769   0.2606    1.5882   0.4319    1.8201   0.3735    1.3610   0.3076    1.1386   0.4133    1.4422   0.4700    0.3710   0.0376    0.0093   0.0074    0.0373   0.0609  
                 paraboloid         K+S   10    0.8769   0.2606    1.5882   0.4319    1.8201   0.3735    1.3610   0.3076    1.1386   0.4133    1.4422   0.4700    0.3710   0.0376    0.0093   0.0074    0.0373   0.0609  
                 paraboloid    baseline   10    0.8718   0.2663    1.5446   0.4327    1.7068   0.3636    1.2002   0.2737    1.1093   0.4084    1.2871   0.4575    0.3450   0.0348    0.0103   0.0046    0.0231   0.0334  
      hyperbolic_paraboloid           K   10    0.8073   0.2396    1.3692   0.2943    1.5433   0.2939    0.8756   0.1656    0.7130   0.1598    1.0523   0.2942    0.2537   0.0286    0.0064   0.0053    0.0282   0.0508  
      hyperbolic_paraboloid         K+S   10    0.8073   0.2396    1.3692   0.2943    1.5433   0.2939    0.8756   0.1656    0.7130   0.1598    1.0523   0.2942    0.2537   0.0286    0.0064   0.0053    0.0282   0.0508  
      hyperbolic_paraboloid    baseline   10    0.8588   0.2740    1.4390   0.3426    1.5814   0.3711    0.8714   0.1993    0.7620   0.2264    1.0495   0.2717    0.2358   0.0327    0.0124   0.0057    0.0279   0.0260  

  K vs baseline:
                      surface    delta%    p-val    delta%    p-val    delta%    p-val    delta%    p-val    delta%    p-val    delta%    p-val    delta%    p-val    delta%    p-val    delta%    p-val    win-rate  verdict
    ------------------------------------------------------------------------------------------------------------------------------------------
                   paraboloid      +0.6%  0.3792      +2.8%  0.0067**     +6.6%  0.0340*    +13.4%  0.0192*     +2.6%  0.0193*    +12.0%  0.1248      +7.5%  0.0371*     -9.3%  0.7676     +61.7%  0.5820        2/10  MTE@0.5: worse; MTE@1.0: worse; W2@1.0: worse; sW2@0.5: worse; MMD@1.0: worse
        hyperbolic_paraboloid      -6.0%  0.1124      -4.9%  0.1686      -2.4%  0.3921      +0.5%  0.9153      -6.4%  0.1788      +0.3%  0.9508      +7.6%  0.0012**    -48.4%  0.0481*     +1.0%  0.9890        4/10  MMD@1.0: worse; E_mu: better

  K+S vs baseline:
                      surface    delta%    p-val    delta%    p-val    delta%    p-val    delta%    p-val    delta%    p-val    delta%    p-val    delta%    p-val    delta%    p-val    delta%    p-val    win-rate  verdict
    ------------------------------------------------------------------------------------------------------------------------------------------
                   paraboloid      +0.6%  0.3792      +2.8%  0.0067**     +6.6%  0.0340*    +13.4%  0.0192*     +2.6%  0.0193*    +12.0%  0.1248      +7.5%  0.0371*     -9.3%  0.7676     +61.7%  0.5820        2/10  MTE@0.5: worse; MTE@1.0: worse; W2@1.0: worse; sW2@0.5: worse; MMD@1.0: worse
        hyperbolic_paraboloid      -6.0%  0.1124      -4.9%  0.1686      -2.4%  0.3921      +0.5%  0.9153      -6.4%  0.1788      +0.3%  0.9508      +7.6%  0.0012**    -48.4%  0.0481*     +1.0%  0.9890        4/10  MMD@1.0: worse; E_mu: better

  K+S vs K:
                      surface    delta%    p-val    delta%    p-val    delta%    p-val    delta%    p-val    delta%    p-val    delta%    p-val    delta%    p-val    delta%    p-val    delta%    p-val    win-rate  verdict
    ------------------------------------------------------------------------------------------------------------------------------------------
                   paraboloid      +0.0%  0.0000**     +0.0%  0.0000**     +0.0%  0.0000**     +0.0%  0.0000**     +0.0%  0.0000**     +0.0%  0.0000**     +0.0%  0.0000**     +0.0%  0.0000**     +0.0%  0.0000**       0/10  MTE@0.1: better; MTE@0.5: better; MTE@1.0: better; W2@1.0: better; sW2@0.5: better; sW2@1.0: better; MMD@1.0: better; E_mu: better; E_Sigma: better
        hyperbolic_paraboloid      +0.0%  0.0000**     +0.0%  0.0000**     +0.0%  0.0000**     +0.0%  0.0000**     +0.0%  0.0000**     +0.0%  0.0000**     +0.0%  0.0000**     +0.0%  0.0000**     +0.0%  0.0000**       0/10  MTE@0.1: better; MTE@0.5: better; MTE@1.0: better; W2@1.0: better; sW2@0.5: better; sW2@1.0: better; MMD@1.0: better; E_mu: better; E_Sigma: better

──────────────────────────────────────────────────────────────────────────────────────────────────────────────────────────────────────────────────────
  D = 201, N = 20
──────────────────────────────────────────────────────────────────────────────────────────────────────────────────────────────────────────────────────

                    surface   condition    n      mean    +-std      mean    +-std      mean    +-std      mean    +-std      mean    +-std      mean    +-std      mean    +-std      mean    +-std      mean    +-std  
  --------------------------------------------------------------------------------------------------------------------------------------------
                 paraboloid           K   10    0.9003   0.2547    1.3832   0.3932    1.5994   0.6433    1.0631   0.7480    0.8160   0.3653    1.1614   0.6966    0.2839   0.1457    1.0681   0.3652    2.3058   1.2493  
                 paraboloid         K+S   10    0.9003   0.2547    1.3832   0.3932    1.5994   0.6433    1.0631   0.7480    0.8160   0.3653    1.1614   0.6966    0.2839   0.1457    1.0681   0.3652    2.3058   1.2493  
                 paraboloid    baseline   10    0.8709   0.2814    1.4093   0.4753    1.6358   0.8423    1.0919   1.0726    0.8767   0.5328    1.2345   0.9462    0.2549   0.1471    1.1961   0.3794    2.3628   1.6025  
      hyperbolic_paraboloid           K   10    0.9967   0.2280    1.5012   0.3112    1.5644   0.3075    0.9512   0.3890    0.8289   0.3832    1.0249   0.4791    0.1990   0.0381    0.8151   0.2968    1.9828   1.1865  
      hyperbolic_paraboloid         K+S   10    0.9967   0.2280    1.5012   0.3112    1.5644   0.3075    0.9512   0.3890    0.8289   0.3832    1.0249   0.4791    0.1990   0.0381    0.8151   0.2968    1.9828   1.1865  
      hyperbolic_paraboloid    baseline   10    1.0111   0.2115    1.5655   0.3635    1.8101   0.7359    1.3767   1.1541    0.9992   0.5982    1.5207   1.3591    0.2286   0.0821    0.8886   0.3439    2.3662   1.7868  

  K vs baseline:
                      surface    delta%    p-val    delta%    p-val    delta%    p-val    delta%    p-val    delta%    p-val    delta%    p-val    delta%    p-val    delta%    p-val    delta%    p-val    win-rate  verdict
    ------------------------------------------------------------------------------------------------------------------------------------------
                   paraboloid      +3.4%  0.2073      -1.9%  0.5540      -2.2%  0.6399      -2.6%  0.8115      -6.9%  0.4179      -5.9%  0.4787     +11.4%  0.1191     -10.7%  0.0112*     -2.4%  0.7533        4/10  E_mu: better
        hyperbolic_paraboloid      -1.4%  0.4880      -4.1%  0.4124     -13.6%  0.2602     -30.9%  0.2172     -17.0%  0.2960     -32.6%  0.2383     -13.0%  0.2466      -8.3%  0.0726+    -16.2%  0.3923        5/10  n.s.

  K+S vs baseline:
                      surface    delta%    p-val    delta%    p-val    delta%    p-val    delta%    p-val    delta%    p-val    delta%    p-val    delta%    p-val    delta%    p-val    delta%    p-val    win-rate  verdict
    ------------------------------------------------------------------------------------------------------------------------------------------
                   paraboloid      +3.4%  0.2073      -1.9%  0.5540      -2.2%  0.6399      -2.6%  0.8115      -6.9%  0.4179      -5.9%  0.4787     +11.4%  0.1191     -10.7%  0.0112*     -2.4%  0.7533        4/10  E_mu: better
        hyperbolic_paraboloid      -1.4%  0.4880      -4.1%  0.4124     -13.6%  0.2602     -30.9%  0.2172     -17.0%  0.2960     -32.6%  0.2383     -13.0%  0.2466      -8.3%  0.0726+    -16.2%  0.3923        5/10  n.s.

  K+S vs K:
                      surface    delta%    p-val    delta%    p-val    delta%    p-val    delta%    p-val    delta%    p-val    delta%    p-val    delta%    p-val    delta%    p-val    delta%    p-val    win-rate  verdict
    ------------------------------------------------------------------------------------------------------------------------------------------
                   paraboloid      +0.0%  0.0000**     +0.0%  0.0000**     +0.0%  0.0000**     +0.0%  0.0000**     +0.0%  0.0000**     +0.0%  0.0000**     +0.0%  0.0000**     +0.0%  0.0000**     +0.0%  0.0000**       0/10  MTE@0.1: better; MTE@0.5: better; MTE@1.0: better; W2@1.0: better; sW2@0.5: better; sW2@1.0: better; MMD@1.0: better; E_mu: better; E_Sigma: better
        hyperbolic_paraboloid      +0.0%  0.0000**     +0.0%  0.0000**     +0.0%  0.0000**     +0.0%  0.0000**     +0.0%  0.0000**     +0.0%  0.0000**     +0.0%  0.0000**     +0.0%  0.0000**     +0.0%  0.0000**       0/10  MTE@0.1: better; MTE@0.5: better; MTE@1.0: better; W2@1.0: better; sW2@0.5: better; sW2@1.0: better; MMD@1.0: better; E_mu: better; E_Sigma: better

──────────────────────────────────────────────────────────────────────────────────────────────────────────────────────────────────────────────────────
  D = 201, N = 50
──────────────────────────────────────────────────────────────────────────────────────────────────────────────────────────────────────────────────────

                    surface   condition    n      mean    +-std      mean    +-std      mean    +-std      mean    +-std      mean    +-std      mean    +-std      mean    +-std      mean    +-std      mean    +-std  
  --------------------------------------------------------------------------------------------------------------------------------------------
                 paraboloid           K   10    1.1681   0.3857    1.6001   0.4054    1.7476   0.4148    1.1450   0.3771    1.0839   0.3740    1.3834   0.4609    0.3543   0.1141    0.3581   0.1352    0.6491   0.2057  
                 paraboloid         K+S   10    1.1681   0.3857    1.6001   0.4054    1.7476   0.4148    1.1450   0.3771    1.0839   0.3740    1.3834   0.4609    0.3543   0.1141    0.3581   0.1352    0.6491   0.2057  
                 paraboloid    baseline   10    0.9546   0.3116    1.4231   0.3849    1.5846   0.4420    0.9799   0.2972    0.8488   0.2320    1.1462   0.4855    0.2804   0.0583    0.4688   0.1584    0.6975   0.2541  
      hyperbolic_paraboloid           K   10    1.0672   0.2163    1.5868   0.2830    1.6471   0.3323    0.9351   0.2041    0.9290   0.2812    1.0655   0.2463    0.2621   0.0575    0.2073   0.0513    0.5795   0.1801  
      hyperbolic_paraboloid         K+S   10    1.0672   0.2163    1.5868   0.2830    1.6471   0.3323    0.9351   0.2041    0.9290   0.2812    1.0655   0.2463    0.2621   0.0575    0.2073   0.0513    0.5795   0.1801  
      hyperbolic_paraboloid    baseline   10    1.3903   0.6839    1.8692   0.6113    1.9294   0.6147    1.2489   0.6903    1.2194   0.7192    1.3340   0.7044    0.3553   0.1979    0.2914   0.1246    0.7645   0.4435  

  K vs baseline:
                      surface    delta%    p-val    delta%    p-val    delta%    p-val    delta%    p-val    delta%    p-val    delta%    p-val    delta%    p-val    delta%    p-val    delta%    p-val    win-rate  verdict
    ------------------------------------------------------------------------------------------------------------------------------------------
                   paraboloid     +22.4%  0.1001     +12.4%  0.0945+    +10.3%  0.0897+    +16.8%  0.1055     +27.7%  0.0541+    +20.7%  0.0517+    +26.4%  0.0270*    -23.6%  0.0017**     -6.9%  0.5747        3/10  MMD@1.0: worse; E_mu: better
        hyperbolic_paraboloid     -23.2%  0.1316     -15.1%  0.1559     -14.6%  0.1599     -25.1%  0.1500     -23.8%  0.1838     -20.1%  0.1823     -26.2%  0.1445     -28.9%  0.0323*    -24.2%  0.1252        6/10  E_mu: better

  K+S vs baseline:
                      surface    delta%    p-val    delta%    p-val    delta%    p-val    delta%    p-val    delta%    p-val    delta%    p-val    delta%    p-val    delta%    p-val    delta%    p-val    win-rate  verdict
    ------------------------------------------------------------------------------------------------------------------------------------------
                   paraboloid     +22.4%  0.1001     +12.4%  0.0945+    +10.3%  0.0897+    +16.8%  0.1055     +27.7%  0.0541+    +20.7%  0.0517+    +26.4%  0.0270*    -23.6%  0.0017**     -6.9%  0.5747        3/10  MMD@1.0: worse; E_mu: better
        hyperbolic_paraboloid     -23.2%  0.1316     -15.1%  0.1559     -14.6%  0.1599     -25.1%  0.1500     -23.8%  0.1838     -20.1%  0.1823     -26.2%  0.1445     -28.9%  0.0323*    -24.2%  0.1252        6/10  E_mu: better

  K+S vs K:
                      surface    delta%    p-val    delta%    p-val    delta%    p-val    delta%    p-val    delta%    p-val    delta%    p-val    delta%    p-val    delta%    p-val    delta%    p-val    win-rate  verdict
    ------------------------------------------------------------------------------------------------------------------------------------------
                   paraboloid      +0.0%  0.0000**     +0.0%  0.0000**     +0.0%  0.0000**     +0.0%  0.0000**     +0.0%  0.0000**     +0.0%  0.0000**     +0.0%  0.0000**     +0.0%  0.0000**     +0.0%  0.0000**       0/10  MTE@0.1: better; MTE@0.5: better; MTE@1.0: better; W2@1.0: better; sW2@0.5: better; sW2@1.0: better; MMD@1.0: better; E_mu: better; E_Sigma: better
        hyperbolic_paraboloid      +0.0%  0.0000**     +0.0%  0.0000**     +0.0%  0.0000**     +0.0%  0.0000**     +0.0%  0.0000**     +0.0%  0.0000**     +0.0%  0.0000**     +0.0%  0.0000**     +0.0%  0.0000**       0/10  MTE@0.1: better; MTE@0.5: better; MTE@1.0: better; W2@1.0: better; sW2@0.5: better; sW2@1.0: better; MMD@1.0: better; E_mu: better; E_Sigma: better

──────────────────────────────────────────────────────────────────────────────────────────────────────────────────────────────────────────────────────
  D = 201, N = 100
──────────────────────────────────────────────────────────────────────────────────────────────────────────────────────────────────────────────────────

                    surface   condition    n      mean    +-std      mean    +-std      mean    +-std      mean    +-std      mean    +-std      mean    +-std      mean    +-std      mean    +-std      mean    +-std  
  --------------------------------------------------------------------------------------------------------------------------------------------
                 paraboloid           K   10    1.0439   0.2652    1.6153   0.2598    1.7619   0.3556    1.1344   0.3225    1.0461   0.3049    1.2025   0.3862    0.3222   0.0740    0.1011   0.0476    0.2692   0.1451  
                 paraboloid         K+S   10    1.0439   0.2652    1.6153   0.2598    1.7619   0.3556    1.1344   0.3225    1.0461   0.3049    1.2025   0.3862    0.3222   0.0740    0.1011   0.0476    0.2692   0.1451  
                 paraboloid    baseline   10    1.1071   0.2741    1.6379   0.2879    1.7676   0.3814    1.1189   0.3526    1.0984   0.3445    1.2184   0.3778    0.3300   0.0855    0.1511   0.0463    0.4547   0.2634  
      hyperbolic_paraboloid           K   10    0.9371   0.2352    1.4506   0.3331    1.5242   0.3163    0.7881   0.1079    0.7742   0.1669    0.9595   0.2305    0.2219   0.0332    0.0769   0.0208    0.2137   0.1109  
      hyperbolic_paraboloid         K+S   10    0.9371   0.2352    1.4506   0.3331    1.5242   0.3163    0.7881   0.1079    0.7742   0.1669    0.9595   0.2305    0.2219   0.0332    0.0769   0.0208    0.2137   0.1109  
      hyperbolic_paraboloid    baseline   10    0.9448   0.3015    1.4344   0.4052    1.4936   0.3981    0.8017   0.1531    0.7648   0.1714    0.9480   0.2861    0.2336   0.0426    0.0962   0.0305    0.2417   0.1261  

  K vs baseline:
                      surface    delta%    p-val    delta%    p-val    delta%    p-val    delta%    p-val    delta%    p-val    delta%    p-val    delta%    p-val    delta%    p-val    delta%    p-val    win-rate  verdict
    ------------------------------------------------------------------------------------------------------------------------------------------
                   paraboloid      -5.7%  0.5059      -1.4%  0.7572      -0.3%  0.9389      +1.4%  0.8659      -4.8%  0.5732      -1.3%  0.8854      -2.4%  0.7931     -33.1%  0.0058**    -40.8%  0.0422*       3/10  E_mu: better; E_Sigma: better
        hyperbolic_paraboloid      -0.8%  0.8903      +1.1%  0.7965      +2.0%  0.6524      -1.7%  0.7479      +1.2%  0.8780      +1.2%  0.8706      -5.0%  0.2999     -20.0%  0.0740+    -11.6%  0.6815        7/10  n.s.

  K+S vs baseline:
                      surface    delta%    p-val    delta%    p-val    delta%    p-val    delta%    p-val    delta%    p-val    delta%    p-val    delta%    p-val    delta%    p-val    delta%    p-val    win-rate  verdict
    ------------------------------------------------------------------------------------------------------------------------------------------
                   paraboloid      -5.7%  0.5059      -1.4%  0.7572      -0.3%  0.9389      +1.4%  0.8659      -4.8%  0.5732      -1.3%  0.8854      -2.4%  0.7931     -33.1%  0.0058**    -40.8%  0.0422*       3/10  E_mu: better; E_Sigma: better
        hyperbolic_paraboloid      -0.8%  0.8903      +1.1%  0.7965      +2.0%  0.6524      -1.7%  0.7479      +1.2%  0.8780      +1.2%  0.8706      -5.0%  0.2999     -20.0%  0.0740+    -11.6%  0.6815        7/10  n.s.

  K+S vs K:
                      surface    delta%    p-val    delta%    p-val    delta%    p-val    delta%    p-val    delta%    p-val    delta%    p-val    delta%    p-val    delta%    p-val    delta%    p-val    win-rate  verdict
    ------------------------------------------------------------------------------------------------------------------------------------------
                   paraboloid      +0.0%  0.0000**     +0.0%  0.0000**     +0.0%  0.0000**     +0.0%  0.0000**     +0.0%  0.0000**     +0.0%  0.0000**     +0.0%  0.0000**     +0.0%  0.0000**     +0.0%  0.0000**       0/10  MTE@0.1: better; MTE@0.5: better; MTE@1.0: better; W2@1.0: better; sW2@0.5: better; sW2@1.0: better; MMD@1.0: better; E_mu: better; E_Sigma: better
        hyperbolic_paraboloid      +0.0%  0.0000**     +0.0%  0.0000**     +0.0%  0.0000**     +0.0%  0.0000**     +0.0%  0.0000**     +0.0%  0.0000**     +0.0%  0.0000**     +0.0%  0.0000**     +0.0%  0.0000**       0/10  MTE@0.1: better; MTE@0.5: better; MTE@1.0: better; W2@1.0: better; sW2@0.5: better; sW2@1.0: better; MMD@1.0: better; E_mu: better; E_Sigma: better

──────────────────────────────────────────────────────────────────────────────────────────────────────────────────────────────────────────────────────
  D = 201, N = 200
──────────────────────────────────────────────────────────────────────────────────────────────────────────────────────────────────────────────────────

                    surface   condition    n      mean    +-std      mean    +-std      mean    +-std      mean    +-std      mean    +-std      mean    +-std      mean    +-std      mean    +-std      mean    +-std  
  --------------------------------------------------------------------------------------------------------------------------------------------
                 paraboloid           K   10    0.9927   0.2153    1.7012   0.3280    1.8423   0.2890    1.1885   0.1493    1.1676   0.2111    1.3238   0.3559    0.2957   0.0448    0.0366   0.0133    0.1001   0.0654  
                 paraboloid         K+S   10    0.9927   0.2153    1.7012   0.3280    1.8423   0.2890    1.1885   0.1493    1.1676   0.2111    1.3238   0.3559    0.2957   0.0448    0.0366   0.0133    0.1001   0.0654  
                 paraboloid    baseline   10    1.0726   0.3161    1.7448   0.3687    1.8948   0.3290    1.2797   0.1773    1.2167   0.3194    1.4108   0.3528    0.3283   0.0620    0.0546   0.0256    0.1636   0.1176  
      hyperbolic_paraboloid           K   10    0.8710   0.1932    1.4714   0.2715    1.7363   0.3601    1.0007   0.1878    0.8828   0.2166    1.3090   0.2584    0.2407   0.0211    0.0284   0.0118    0.0650   0.0517  
      hyperbolic_paraboloid         K+S   10    0.8710   0.1932    1.4714   0.2715    1.7363   0.3601    1.0007   0.1878    0.8828   0.2166    1.3090   0.2584    0.2407   0.0211    0.0284   0.0118    0.0650   0.0517  
      hyperbolic_paraboloid    baseline   10    0.8455   0.2404    1.4004   0.3231    1.6362   0.3690    0.9230   0.1636    0.8123   0.1727    1.1720   0.3170    0.2386   0.0340    0.0437   0.0164    0.1254   0.0987  

  K vs baseline:
                      surface    delta%    p-val    delta%    p-val    delta%    p-val    delta%    p-val    delta%    p-val    delta%    p-val    delta%    p-val    delta%    p-val    delta%    p-val    win-rate  verdict
    ------------------------------------------------------------------------------------------------------------------------------------------
                   paraboloid      -7.5%  0.2333      -2.5%  0.3504      -2.8%  0.2644      -7.1%  0.1831      -4.0%  0.3690      -6.2%  0.2376      -9.9%  0.1636     -32.9%  0.0102*    -38.8%  0.0806+       5/10  E_mu: better
        hyperbolic_paraboloid      +3.0%  0.6530      +5.1%  0.2926      +6.1%  0.2444      +8.4%  0.3444      +8.7%  0.2770     +11.7%  0.1441      +0.9%  0.7832     -35.0%  0.0690+    -48.1%  0.1861        5/10  n.s.

  K+S vs baseline:
                      surface    delta%    p-val    delta%    p-val    delta%    p-val    delta%    p-val    delta%    p-val    delta%    p-val    delta%    p-val    delta%    p-val    delta%    p-val    win-rate  verdict
    ------------------------------------------------------------------------------------------------------------------------------------------
                   paraboloid      -7.5%  0.2333      -2.5%  0.3504      -2.8%  0.2644      -7.1%  0.1831      -4.0%  0.3690      -6.2%  0.2376      -9.9%  0.1636     -32.9%  0.0102*    -38.8%  0.0806+       5/10  E_mu: better
        hyperbolic_paraboloid      +3.0%  0.6530      +5.1%  0.2926      +6.1%  0.2444      +8.4%  0.3444      +8.7%  0.2770     +11.7%  0.1441      +0.9%  0.7832     -35.0%  0.0690+    -48.1%  0.1861        5/10  n.s.

  K+S vs K:
                      surface    delta%    p-val    delta%    p-val    delta%    p-val    delta%    p-val    delta%    p-val    delta%    p-val    delta%    p-val    delta%    p-val    delta%    p-val    win-rate  verdict
    ------------------------------------------------------------------------------------------------------------------------------------------
                   paraboloid      +0.0%  0.0000**     +0.0%  0.0000**     +0.0%  0.0000**     +0.0%  0.0000**     +0.0%  0.0000**     +0.0%  0.0000**     +0.0%  0.0000**     +0.0%  0.0000**     +0.0%  0.0000**       0/10  MTE@0.1: better; MTE@0.5: better; MTE@1.0: better; W2@1.0: better; sW2@0.5: better; sW2@1.0: better; MMD@1.0: better; E_mu: better; E_Sigma: better
        hyperbolic_paraboloid      +0.0%  0.0000**     +0.0%  0.0000**     +0.0%  0.0000**     +0.0%  0.0000**     +0.0%  0.0000**     +0.0%  0.0000**     +0.0%  0.0000**     +0.0%  0.0000**     +0.0%  0.0000**       0/10  MTE@0.1: better; MTE@0.5: better; MTE@1.0: better; W2@1.0: better; sW2@0.5: better; sW2@1.0: better; MMD@1.0: better; E_mu: better; E_Sigma: better

Total time: 15268.4s
Done.

End: Fri Mar 13 01:03:46 PM EDT 2026
