=== N×D Sweep: D=201 only, lambda_smooth=0.1 ===
Host: dgx11
GPU: NVIDIA A100-SXM4-80GB
Start: Mon Mar  9 08:25:06 PM EDT 2026

Device: cuda
Seeds (10): [42, 1042, 2042, 3042, 4042, 5042, 6042, 7042, 8042, 9042]
Surfaces: ['paraboloid', 'hyperbolic_paraboloid']
Conditions: ['baseline', 'K', 'K+S']
D configs: [(99, 201)]
N values: [20, 50, 100, 200]
K weight: 0.1 * sqrt(D/11)
Smooth: lambda=0.1, aug_sigma=0.1
Hidden dims: D-dependent (<=11:[64,64], <=51:[128,128], else:[256,256])
AE epochs: 500 (Phase 1: 250, Phase 2: 250)
SDE epochs: 300
Expected rows: 240


============================================================
  N=20 | D=201 (K=99) | paraboloid | seed=42
============================================================
    Phase1 Epoch 50/250: loss=0.725477
    Phase1 Epoch 100/250: loss=0.702167
    Phase1 Epoch 150/250: loss=0.621317
    Phase1 Epoch 200/250: loss=0.534895
    Phase1 Epoch 250/250: loss=0.436679
      Phase 2 AE: K_weight=0.0000
        Phase2 Epoch 50/250: loss=0.278614
        Phase2 Epoch 100/250: loss=0.218198
        Phase2 Epoch 150/250: loss=0.157585
        Phase2 Epoch 200/250: loss=0.155454
        Phase2 Epoch 250/250: loss=0.098176
        E_mu=2.0872  E_Sigma=5.7190
      → baseline
  Stage 2 epoch 60/300: loss=0.002484
  Stage 2 epoch 120/300: loss=0.002239
  Stage 2 epoch 180/300: loss=0.001898
  Stage 2 epoch 240/300: loss=0.001322
  Stage 2 epoch 300/300: loss=0.000748
  Stage 3 epoch 60/300: loss=0.000335
  Stage 3 epoch 120/300: loss=0.000301
  Stage 3 epoch 180/300: loss=0.000257
  Stage 3 epoch 240/300: loss=0.000204
  Stage 3 epoch 300/300: loss=0.000175
  MTE@0.1: 1.4568
  MTE@0.5: 2.7768
  MTE@1.0: 3.4751
  W2@1.0:  1.9175
  sW2@0.5: 1.2297 (96/200 in region)
  sW2@1.0: 1.6966 (48/200 in region)
  MMD@1.0: 0.1739
  Survival@1.0: 76.5%
  Stopped@1.0:  24.0%
      Phase 2 AE: K_weight=0.4275
        Phase2 Epoch 50/250: loss=0.327316
        Phase2 Epoch 100/250: loss=0.232948
        Phase2 Epoch 150/250: loss=0.181029
        Phase2 Epoch 200/250: loss=0.195959
        Phase2 Epoch 250/250: loss=0.117634
        E_mu=2.2491  E_Sigma=8.3744
      → K
  Stage 2 epoch 60/300: loss=0.002473
  Stage 2 epoch 120/300: loss=0.002205
  Stage 2 epoch 180/300: loss=0.001833
  Stage 2 epoch 240/300: loss=0.001255
  Stage 2 epoch 300/300: loss=0.000616
  Stage 3 epoch 60/300: loss=0.000378
  Stage 3 epoch 120/300: loss=0.000350
  Stage 3 epoch 180/300: loss=0.000309
  Stage 3 epoch 240/300: loss=0.000252
  Stage 3 epoch 300/300: loss=0.000214
  MTE@0.1: 1.5180
  MTE@0.5: 2.8767
  MTE@1.0: 3.6115
  W2@1.0:  2.2466
  sW2@0.5: 1.5025 (96/200 in region)
  sW2@1.0: 2.1123 (48/200 in region)
  MMD@1.0: 0.2131
  Survival@1.0: 76.5%
  Stopped@1.0:  24.0%
      → K+S (smooth=0.1)
  Stage 2 epoch 60/300: loss=0.008694
  Stage 2 epoch 120/300: loss=0.008250
  Stage 2 epoch 180/300: loss=0.008017
  Stage 2 epoch 240/300: loss=0.007997
  Stage 2 epoch 300/300: loss=0.008008
  Stage 3 epoch 60/300: loss=0.000378
  Stage 3 epoch 120/300: loss=0.000350
  Stage 3 epoch 180/300: loss=0.000309
  Stage 3 epoch 240/300: loss=0.000252
  Stage 3 epoch 300/300: loss=0.000214
  MTE@0.1: 1.5022
  MTE@0.5: 2.6905
  MTE@1.0: 3.2283
  W2@1.0:  1.7489
  sW2@0.5: 1.1577 (96/200 in region)
  sW2@1.0: 1.3454 (48/200 in region)
  MMD@1.0: 0.1761
  Survival@1.0: 76.5%
  Stopped@1.0:  24.0%
      baseline: W2=1.9175  E_mu=2.0872  E_Sig=5.7190
             K: W2=2.2466  E_mu=2.2491  E_Sig=8.3744
           K+S: W2=1.7489  E_mu=2.2491  E_Sig=8.3744

============================================================
  N=20 | D=201 (K=99) | paraboloid | seed=1042
============================================================
    Phase1 Epoch 50/250: loss=0.688328
    Phase1 Epoch 100/250: loss=0.677658
    Phase1 Epoch 150/250: loss=0.632955
    Phase1 Epoch 200/250: loss=0.445422
    Phase1 Epoch 250/250: loss=0.271688
      Phase 2 AE: K_weight=0.0000
        Phase2 Epoch 50/250: loss=0.206052
        Phase2 Epoch 100/250: loss=0.281004
        Phase2 Epoch 150/250: loss=0.161826
        Phase2 Epoch 200/250: loss=0.085904
        Phase2 Epoch 250/250: loss=0.110611
        E_mu=1.5579  E_Sigma=3.2787
      → baseline
  Stage 2 epoch 60/300: loss=0.000716
  Stage 2 epoch 120/300: loss=0.000670
  Stage 2 epoch 180/300: loss=0.000617
  Stage 2 epoch 240/300: loss=0.000540
  Stage 2 epoch 300/300: loss=0.000440
  Stage 3 epoch 60/300: loss=0.000317
  Stage 3 epoch 120/300: loss=0.000279
  Stage 3 epoch 180/300: loss=0.000231
  Stage 3 epoch 240/300: loss=0.000182
  Stage 3 epoch 300/300: loss=0.000163
  MTE@0.1: 1.1730
  MTE@0.5: 2.0026
  MTE@1.0: 2.7531
  W2@1.0:  1.7572
  sW2@0.5: 1.2577 (100/200 in region)
  sW2@1.0: 2.1182 (53/200 in region)
  MMD@1.0: 0.1850
  Survival@1.0: 72.0%
  Stopped@1.0:  26.5%
      Phase 2 AE: K_weight=0.4275
        Phase2 Epoch 50/250: loss=0.256529
        Phase2 Epoch 100/250: loss=0.176482
        Phase2 Epoch 150/250: loss=0.201597
        Phase2 Epoch 200/250: loss=0.124639
        Phase2 Epoch 250/250: loss=0.085703
        E_mu=1.3584  E_Sigma=2.5102
      → K
  Stage 2 epoch 60/300: loss=0.000521
  Stage 2 epoch 120/300: loss=0.000479
  Stage 2 epoch 180/300: loss=0.000437
  Stage 2 epoch 240/300: loss=0.000376
  Stage 2 epoch 300/300: loss=0.000289
  Stage 3 epoch 60/300: loss=0.000302
  Stage 3 epoch 120/300: loss=0.000263
  Stage 3 epoch 180/300: loss=0.000220
  Stage 3 epoch 240/300: loss=0.000169
  Stage 3 epoch 300/300: loss=0.000145
  MTE@0.1: 1.1305
  MTE@0.5: 1.9487
  MTE@1.0: 2.6612
  W2@1.0:  1.6679
  sW2@0.5: 1.2094 (100/200 in region)
  sW2@1.0: 1.9794 (53/200 in region)
  MMD@1.0: 0.1579
  Survival@1.0: 72.0%
  Stopped@1.0:  26.5%
      → K+S (smooth=0.1)
  Stage 2 epoch 60/300: loss=0.004256
  Stage 2 epoch 120/300: loss=0.004158
  Stage 2 epoch 180/300: loss=0.004140
  Stage 2 epoch 240/300: loss=0.004144
  Stage 2 epoch 300/300: loss=0.004159
  Stage 3 epoch 60/300: loss=0.000302
  Stage 3 epoch 120/300: loss=0.000263
  Stage 3 epoch 180/300: loss=0.000220
  Stage 3 epoch 240/300: loss=0.000169
  Stage 3 epoch 300/300: loss=0.000145
  MTE@0.1: 1.1332
  MTE@0.5: 1.9875
  MTE@1.0: 2.6355
  W2@1.0:  1.5993
  sW2@0.5: 1.2242 (100/200 in region)
  sW2@1.0: 1.9703 (53/200 in region)
  MMD@1.0: 0.1543
  Survival@1.0: 72.0%
  Stopped@1.0:  26.5%
      baseline: W2=1.7572  E_mu=1.5579  E_Sig=3.2787
             K: W2=1.6679  E_mu=1.3584  E_Sig=2.5102
           K+S: W2=1.5993  E_mu=1.3584  E_Sig=2.5102

============================================================
  N=20 | D=201 (K=99) | paraboloid | seed=2042
============================================================
    Phase1 Epoch 50/250: loss=0.928143
    Phase1 Epoch 100/250: loss=0.862178
    Phase1 Epoch 150/250: loss=0.804693
    Phase1 Epoch 200/250: loss=0.689583
    Phase1 Epoch 250/250: loss=0.562841
      Phase 2 AE: K_weight=0.0000
        Phase2 Epoch 50/250: loss=0.293230
        Phase2 Epoch 100/250: loss=0.146833
        Phase2 Epoch 150/250: loss=0.158979
        Phase2 Epoch 200/250: loss=0.085848
        Phase2 Epoch 250/250: loss=0.108520
        E_mu=0.8384  E_Sigma=2.0063
      → baseline
  Stage 2 epoch 60/300: loss=0.000810
  Stage 2 epoch 120/300: loss=0.000666
  Stage 2 epoch 180/300: loss=0.000560
  Stage 2 epoch 240/300: loss=0.000482
  Stage 2 epoch 300/300: loss=0.000408
  Stage 3 epoch 60/300: loss=0.000263
  Stage 3 epoch 120/300: loss=0.000238
  Stage 3 epoch 180/300: loss=0.000191
  Stage 3 epoch 240/300: loss=0.000170
  Stage 3 epoch 300/300: loss=0.000156
  MTE@0.1: 0.6619
  MTE@0.5: 1.6016
  MTE@1.0: 2.0892
  W2@1.0:  1.7225
  sW2@0.5: 1.0060 (95/200 in region)
  sW2@1.0: 1.9136 (47/200 in region)
  MMD@1.0: 0.2245
  Survival@1.0: 78.5%
  Stopped@1.0:  23.5%
      Phase 2 AE: K_weight=0.4275
        Phase2 Epoch 50/250: loss=0.324313
        Phase2 Epoch 100/250: loss=0.178892
        Phase2 Epoch 150/250: loss=0.097552
        Phase2 Epoch 200/250: loss=0.129222
        Phase2 Epoch 250/250: loss=0.077059
        E_mu=0.8436  E_Sigma=1.8147
      → K
  Stage 2 epoch 60/300: loss=0.000893
  Stage 2 epoch 120/300: loss=0.000698
  Stage 2 epoch 180/300: loss=0.000541
  Stage 2 epoch 240/300: loss=0.000436
  Stage 2 epoch 300/300: loss=0.000332
  Stage 3 epoch 60/300: loss=0.000250
  Stage 3 epoch 120/300: loss=0.000194
  Stage 3 epoch 180/300: loss=0.000166
  Stage 3 epoch 240/300: loss=0.000151
  Stage 3 epoch 300/300: loss=0.000140
  MTE@0.1: 0.6194
  MTE@0.5: 1.5460
  MTE@1.0: 2.0614
  W2@1.0:  1.6720
  sW2@0.5: 0.9607 (95/200 in region)
  sW2@1.0: 1.8950 (47/200 in region)
  MMD@1.0: 0.2293
  Survival@1.0: 78.5%
  Stopped@1.0:  23.5%
      → K+S (smooth=0.1)
  Stage 2 epoch 60/300: loss=0.007602
  Stage 2 epoch 120/300: loss=0.007493
  Stage 2 epoch 180/300: loss=0.007455
  Stage 2 epoch 240/300: loss=0.007471
  Stage 2 epoch 300/300: loss=0.007510
  Stage 3 epoch 60/300: loss=0.000250
  Stage 3 epoch 120/300: loss=0.000194
  Stage 3 epoch 180/300: loss=0.000166
  Stage 3 epoch 240/300: loss=0.000151
  Stage 3 epoch 300/300: loss=0.000140
  MTE@0.1: 0.6272
  MTE@0.5: 1.6767
  MTE@1.0: 2.3068
  W2@1.0:  1.5987
  sW2@0.5: 1.0441 (95/200 in region)
  sW2@1.0: 2.0639 (47/200 in region)
  MMD@1.0: 0.2174
  Survival@1.0: 78.5%
  Stopped@1.0:  23.5%
      baseline: W2=1.7225  E_mu=0.8384  E_Sig=2.0063
             K: W2=1.6720  E_mu=0.8436  E_Sig=1.8147
           K+S: W2=1.5987  E_mu=0.8436  E_Sig=1.8147

============================================================
  N=20 | D=201 (K=99) | paraboloid | seed=3042
============================================================
    Phase1 Epoch 50/250: loss=0.807089
    Phase1 Epoch 100/250: loss=0.770404
    Phase1 Epoch 150/250: loss=0.724763
    Phase1 Epoch 200/250: loss=0.555004
    Phase1 Epoch 250/250: loss=0.433112
      Phase 2 AE: K_weight=0.0000
        Phase2 Epoch 50/250: loss=0.312052
        Phase2 Epoch 100/250: loss=0.180825
        Phase2 Epoch 150/250: loss=0.110715
        Phase2 Epoch 200/250: loss=0.089999
        Phase2 Epoch 250/250: loss=0.050416
        E_mu=0.7570  E_Sigma=1.1851
      → baseline
  Stage 2 epoch 60/300: loss=0.001547
  Stage 2 epoch 120/300: loss=0.001257
  Stage 2 epoch 180/300: loss=0.000855
  Stage 2 epoch 240/300: loss=0.000382
  Stage 2 epoch 300/300: loss=0.000201
  Stage 3 epoch 60/300: loss=0.000275
  Stage 3 epoch 120/300: loss=0.000224
  Stage 3 epoch 180/300: loss=0.000167
  Stage 3 epoch 240/300: loss=0.000119
  Stage 3 epoch 300/300: loss=0.000105
  MTE@0.1: 0.7087
  MTE@0.5: 1.5498
  MTE@1.0: 2.4499
  W2@1.0:  2.0693
  sW2@0.5: 0.9332 (99/200 in region)
  sW2@1.0: 1.8855 (48/200 in region)
  MMD@1.0: 0.2947
  Survival@1.0: 74.5%
  Stopped@1.0:  24.0%
      Phase 2 AE: K_weight=0.4275
        Phase2 Epoch 50/250: loss=0.325778
        Phase2 Epoch 100/250: loss=0.227019
        Phase2 Epoch 150/250: loss=0.110969
        Phase2 Epoch 200/250: loss=0.071699
        Phase2 Epoch 250/250: loss=0.054106
        E_mu=0.7303  E_Sigma=1.8308
      → K
  Stage 2 epoch 60/300: loss=0.001270
  Stage 2 epoch 120/300: loss=0.001033
  Stage 2 epoch 180/300: loss=0.000665
  Stage 2 epoch 240/300: loss=0.000290
  Stage 2 epoch 300/300: loss=0.000147
  Stage 3 epoch 60/300: loss=0.000279
  Stage 3 epoch 120/300: loss=0.000232
  Stage 3 epoch 180/300: loss=0.000169
  Stage 3 epoch 240/300: loss=0.000114
  Stage 3 epoch 300/300: loss=0.000101
  MTE@0.1: 0.8113
  MTE@0.5: 1.5766
  MTE@1.0: 2.3418
  W2@1.0:  1.8928
  sW2@0.5: 0.9384 (99/200 in region)
  sW2@1.0: 1.8244 (48/200 in region)
  MMD@1.0: 0.2660
  Survival@1.0: 74.5%
  Stopped@1.0:  24.0%
      → K+S (smooth=0.1)
  Stage 2 epoch 60/300: loss=0.007367
  Stage 2 epoch 120/300: loss=0.007303
  Stage 2 epoch 180/300: loss=0.007321
  Stage 2 epoch 240/300: loss=0.007333
  Stage 2 epoch 300/300: loss=0.007321
  Stage 3 epoch 60/300: loss=0.000279
  Stage 3 epoch 120/300: loss=0.000232
  Stage 3 epoch 180/300: loss=0.000169
  Stage 3 epoch 240/300: loss=0.000114
  Stage 3 epoch 300/300: loss=0.000101
  MTE@0.1: 0.8095
  MTE@0.5: 1.5912
  MTE@1.0: 2.2275
  W2@1.0:  1.4516
  sW2@0.5: 0.7926 (99/200 in region)
  sW2@1.0: 1.5496 (48/200 in region)
  MMD@1.0: 0.2096
  Survival@1.0: 74.5%
  Stopped@1.0:  24.0%
      baseline: W2=2.0693  E_mu=0.7570  E_Sig=1.1851
             K: W2=1.8928  E_mu=0.7303  E_Sig=1.8308
           K+S: W2=1.4516  E_mu=0.7303  E_Sig=1.8308

============================================================
  N=20 | D=201 (K=99) | paraboloid | seed=4042
============================================================
    Phase1 Epoch 50/250: loss=0.820676
    Phase1 Epoch 100/250: loss=0.745430
    Phase1 Epoch 150/250: loss=0.606428
    Phase1 Epoch 200/250: loss=0.428950
    Phase1 Epoch 250/250: loss=0.259851
      Phase 2 AE: K_weight=0.0000
        Phase2 Epoch 50/250: loss=0.169571
        Phase2 Epoch 100/250: loss=0.156538
        Phase2 Epoch 150/250: loss=0.082959
        Phase2 Epoch 200/250: loss=0.080602
        Phase2 Epoch 250/250: loss=0.058646
        E_mu=1.2875  E_Sigma=2.0539
      → baseline
  Stage 2 epoch 60/300: loss=0.000990
  Stage 2 epoch 120/300: loss=0.000847
  Stage 2 epoch 180/300: loss=0.000705
  Stage 2 epoch 240/300: loss=0.000545
  Stage 2 epoch 300/300: loss=0.000377
  Stage 3 epoch 60/300: loss=0.000374
  Stage 3 epoch 120/300: loss=0.000363
  Stage 3 epoch 180/300: loss=0.000358
  Stage 3 epoch 240/300: loss=0.000353
  Stage 3 epoch 300/300: loss=0.000349
  MTE@0.1: 1.1072
  MTE@0.5: 2.1556
  MTE@1.0: 2.5051
  W2@1.0:  1.5188
  sW2@0.5: 0.9113 (107/200 in region)
  sW2@1.0: 1.4784 (60/200 in region)
  MMD@1.0: 0.2070
  Survival@1.0: 76.0%
  Stopped@1.0:  30.0%
      Phase 2 AE: K_weight=0.4275
        Phase2 Epoch 50/250: loss=0.161909
        Phase2 Epoch 100/250: loss=0.219329
        Phase2 Epoch 150/250: loss=0.123682
        Phase2 Epoch 200/250: loss=0.072219
        Phase2 Epoch 250/250: loss=0.052191
        E_mu=1.0482  E_Sigma=2.1197
      → K
  Stage 2 epoch 60/300: loss=0.000624
  Stage 2 epoch 120/300: loss=0.000555
  Stage 2 epoch 180/300: loss=0.000490
  Stage 2 epoch 240/300: loss=0.000425
  Stage 2 epoch 300/300: loss=0.000358
  Stage 3 epoch 60/300: loss=0.000307
  Stage 3 epoch 120/300: loss=0.000292
  Stage 3 epoch 180/300: loss=0.000283
  Stage 3 epoch 240/300: loss=0.000275
  Stage 3 epoch 300/300: loss=0.000265
  MTE@0.1: 1.1231
  MTE@0.5: 2.1723
  MTE@1.0: 2.5385
  W2@1.0:  1.4937
  sW2@0.5: 0.9421 (107/200 in region)
  sW2@1.0: 1.5460 (60/200 in region)
  MMD@1.0: 0.2111
  Survival@1.0: 76.0%
  Stopped@1.0:  30.0%
      → K+S (smooth=0.1)
  Stage 2 epoch 60/300: loss=0.007702
  Stage 2 epoch 120/300: loss=0.007655
  Stage 2 epoch 180/300: loss=0.007641
  Stage 2 epoch 240/300: loss=0.007647
  Stage 2 epoch 300/300: loss=0.007635
  Stage 3 epoch 60/300: loss=0.000307
  Stage 3 epoch 120/300: loss=0.000292
  Stage 3 epoch 180/300: loss=0.000283
  Stage 3 epoch 240/300: loss=0.000275
  Stage 3 epoch 300/300: loss=0.000265
  MTE@0.1: 1.1107
  MTE@0.5: 2.0767
  MTE@1.0: 2.2515
  W2@1.0:  1.3014
  sW2@0.5: 0.6525 (107/200 in region)
  sW2@1.0: 0.9978 (60/200 in region)
  MMD@1.0: 0.1784
  Survival@1.0: 76.0%
  Stopped@1.0:  30.0%
      baseline: W2=1.5188  E_mu=1.2875  E_Sig=2.0539
             K: W2=1.4937  E_mu=1.0482  E_Sig=2.1197
           K+S: W2=1.3014  E_mu=1.0482  E_Sig=2.1197

============================================================
  N=20 | D=201 (K=99) | paraboloid | seed=5042
============================================================
    Phase1 Epoch 50/250: loss=0.833598
    Phase1 Epoch 100/250: loss=0.693876
    Phase1 Epoch 150/250: loss=0.504687
    Phase1 Epoch 200/250: loss=0.277524
    Phase1 Epoch 250/250: loss=0.183317
      Phase 2 AE: K_weight=0.0000
        Phase2 Epoch 50/250: loss=0.137238
        Phase2 Epoch 100/250: loss=0.113516
        Phase2 Epoch 150/250: loss=0.286991
        Phase2 Epoch 200/250: loss=0.075937
        Phase2 Epoch 250/250: loss=0.053715
        E_mu=1.1380  E_Sigma=2.3864
      → baseline
  Stage 2 epoch 60/300: loss=0.000722
  Stage 2 epoch 120/300: loss=0.000422
  Stage 2 epoch 180/300: loss=0.000339
  Stage 2 epoch 240/300: loss=0.000244
  Stage 2 epoch 300/300: loss=0.000159
  Stage 3 epoch 60/300: loss=0.000156
  Stage 3 epoch 120/300: loss=0.000144
  Stage 3 epoch 180/300: loss=0.000139
  Stage 3 epoch 240/300: loss=0.000135
  Stage 3 epoch 300/300: loss=0.000133
  MTE@0.1: 1.2025
  MTE@0.5: 2.2930
  MTE@1.0: 2.8038
  W2@1.0:  1.5424
  sW2@0.5: 1.1268 (110/200 in region)
  sW2@1.0: 1.7833 (53/200 in region)
  MMD@1.0: 0.2171
  Survival@1.0: 76.5%
  Stopped@1.0:  26.5%
      Phase 2 AE: K_weight=0.4275
        Phase2 Epoch 50/250: loss=0.136773
        Phase2 Epoch 100/250: loss=0.121357
        Phase2 Epoch 150/250: loss=0.202037
        Phase2 Epoch 200/250: loss=0.072575
        Phase2 Epoch 250/250: loss=0.078703
        E_mu=1.0886  E_Sigma=2.0155
      → K
  Stage 2 epoch 60/300: loss=0.000770
  Stage 2 epoch 120/300: loss=0.000505
  Stage 2 epoch 180/300: loss=0.000426
  Stage 2 epoch 240/300: loss=0.000333
  Stage 2 epoch 300/300: loss=0.000225
  Stage 3 epoch 60/300: loss=0.000151
  Stage 3 epoch 120/300: loss=0.000143
  Stage 3 epoch 180/300: loss=0.000140
  Stage 3 epoch 240/300: loss=0.000138
  Stage 3 epoch 300/300: loss=0.000136
  MTE@0.1: 1.2353
  MTE@0.5: 2.2726
  MTE@1.0: 2.7258
  W2@1.0:  1.5377
  sW2@0.5: 1.0339 (110/200 in region)
  sW2@1.0: 1.6453 (53/200 in region)
  MMD@1.0: 0.2069
  Survival@1.0: 76.5%
  Stopped@1.0:  26.5%
      → K+S (smooth=0.1)
  Stage 2 epoch 60/300: loss=0.008156
  Stage 2 epoch 120/300: loss=0.008103
  Stage 2 epoch 180/300: loss=0.008112
  Stage 2 epoch 240/300: loss=0.008060
  Stage 2 epoch 300/300: loss=0.008057
  Stage 3 epoch 60/300: loss=0.000151
  Stage 3 epoch 120/300: loss=0.000143
  Stage 3 epoch 180/300: loss=0.000140
  Stage 3 epoch 240/300: loss=0.000138
  Stage 3 epoch 300/300: loss=0.000136
  MTE@0.1: 1.2398
  MTE@0.5: 2.3474
  MTE@1.0: 2.8542
  W2@1.0:  1.5603
  sW2@0.5: 0.9633 (110/200 in region)
  sW2@1.0: 1.5821 (53/200 in region)
  MMD@1.0: 0.2006
  Survival@1.0: 76.5%
  Stopped@1.0:  26.5%
      baseline: W2=1.5424  E_mu=1.1380  E_Sig=2.3864
             K: W2=1.5377  E_mu=1.0886  E_Sig=2.0155
           K+S: W2=1.5603  E_mu=1.0886  E_Sig=2.0155

============================================================
  N=20 | D=201 (K=99) | paraboloid | seed=6042
============================================================
    Phase1 Epoch 50/250: loss=0.922522
    Phase1 Epoch 100/250: loss=0.761401
    Phase1 Epoch 150/250: loss=0.623874
    Phase1 Epoch 200/250: loss=0.346233
    Phase1 Epoch 250/250: loss=0.129847
      Phase 2 AE: K_weight=0.0000
        Phase2 Epoch 50/250: loss=0.107006
        Phase2 Epoch 100/250: loss=0.077234
        Phase2 Epoch 150/250: loss=0.088640
        Phase2 Epoch 200/250: loss=0.046625
        Phase2 Epoch 250/250: loss=0.034784
        E_mu=1.4572  E_Sigma=1.6103
      → baseline
  Stage 2 epoch 60/300: loss=0.000388
  Stage 2 epoch 120/300: loss=0.000270
  Stage 2 epoch 180/300: loss=0.000223
  Stage 2 epoch 240/300: loss=0.000178
  Stage 2 epoch 300/300: loss=0.000123
  Stage 3 epoch 60/300: loss=0.000095
  Stage 3 epoch 120/300: loss=0.000073
  Stage 3 epoch 180/300: loss=0.000057
  Stage 3 epoch 240/300: loss=0.000045
  Stage 3 epoch 300/300: loss=0.000040
  MTE@0.1: 0.6018
  MTE@0.5: 1.3587
  MTE@1.0: 1.8429
  W2@1.0:  1.4282
  sW2@0.5: 0.8422 (103/200 in region)
  sW2@1.0: 1.6417 (61/200 in region)
  MMD@1.0: 0.2397
  Survival@1.0: 73.0%
  Stopped@1.0:  30.5%
      Phase 2 AE: K_weight=0.4275
        Phase2 Epoch 50/250: loss=0.097939
        Phase2 Epoch 100/250: loss=0.068580
        Phase2 Epoch 150/250: loss=0.081025
        Phase2 Epoch 200/250: loss=0.034487
        Phase2 Epoch 250/250: loss=0.036199
        E_mu=1.1420  E_Sigma=1.9685
      → K
  Stage 2 epoch 60/300: loss=0.000327
  Stage 2 epoch 120/300: loss=0.000236
  Stage 2 epoch 180/300: loss=0.000190
  Stage 2 epoch 240/300: loss=0.000158
  Stage 2 epoch 300/300: loss=0.000121
  Stage 3 epoch 60/300: loss=0.000108
  Stage 3 epoch 120/300: loss=0.000087
  Stage 3 epoch 180/300: loss=0.000070
  Stage 3 epoch 240/300: loss=0.000056
  Stage 3 epoch 300/300: loss=0.000050
  MTE@0.1: 0.7837
  MTE@0.5: 1.4452
  MTE@1.0: 1.9515
  W2@1.0:  1.5496
  sW2@0.5: 0.9634 (103/200 in region)
  sW2@1.0: 1.7781 (61/200 in region)
  MMD@1.0: 0.2788
  Survival@1.0: 73.0%
  Stopped@1.0:  30.5%
      → K+S (smooth=0.1)
  Stage 2 epoch 60/300: loss=0.005870
  Stage 2 epoch 120/300: loss=0.005797
  Stage 2 epoch 180/300: loss=0.005754
  Stage 2 epoch 240/300: loss=0.005610
  Stage 2 epoch 300/300: loss=0.005585
  Stage 3 epoch 60/300: loss=0.000108
  Stage 3 epoch 120/300: loss=0.000087
  Stage 3 epoch 180/300: loss=0.000070
  Stage 3 epoch 240/300: loss=0.000056
  Stage 3 epoch 300/300: loss=0.000050
  MTE@0.1: 0.7813
  MTE@0.5: 1.4188
  MTE@1.0: 1.9500
  W2@1.0:  1.3109
  sW2@0.5: 0.8413 (103/200 in region)
  sW2@1.0: 1.5516 (61/200 in region)
  MMD@1.0: 0.2306
  Survival@1.0: 73.0%
  Stopped@1.0:  30.5%
      baseline: W2=1.4282  E_mu=1.4572  E_Sig=1.6103
             K: W2=1.5496  E_mu=1.1420  E_Sig=1.9685
           K+S: W2=1.3109  E_mu=1.1420  E_Sig=1.9685

============================================================
  N=20 | D=201 (K=99) | paraboloid | seed=7042
============================================================
    Phase1 Epoch 50/250: loss=1.040448
    Phase1 Epoch 100/250: loss=0.771802
    Phase1 Epoch 150/250: loss=0.835846
    Phase1 Epoch 200/250: loss=0.554967
    Phase1 Epoch 250/250: loss=0.459994
      Phase 2 AE: K_weight=0.0000
        Phase2 Epoch 50/250: loss=0.408489
        Phase2 Epoch 100/250: loss=0.259443
        Phase2 Epoch 150/250: loss=0.170664
        Phase2 Epoch 200/250: loss=0.125893
        Phase2 Epoch 250/250: loss=0.132001
        E_mu=0.6717  E_Sigma=1.3781
      → baseline
  Stage 2 epoch 60/300: loss=0.005549
  Stage 2 epoch 120/300: loss=0.004736
  Stage 2 epoch 180/300: loss=0.003122
  Stage 2 epoch 240/300: loss=0.001394
  Stage 2 epoch 300/300: loss=0.000629
  Stage 3 epoch 60/300: loss=0.000607
  Stage 3 epoch 120/300: loss=0.000386
  Stage 3 epoch 180/300: loss=0.000354
  Stage 3 epoch 240/300: loss=0.000325
  Stage 3 epoch 300/300: loss=0.000302
  MTE@0.1: 1.2561
  MTE@0.5: 2.5459
  MTE@1.0: 3.2140
  W2@1.0:  2.1811
  sW2@0.5: 1.7976 (103/200 in region)
  sW2@1.0: 3.2191 (54/200 in region)
  MMD@1.0: 0.2060
  Survival@1.0: 76.5%
  Stopped@1.0:  27.0%
      Phase 2 AE: K_weight=0.4275
        Phase2 Epoch 50/250: loss=0.415215
        Phase2 Epoch 100/250: loss=0.282033
        Phase2 Epoch 150/250: loss=0.190301
        Phase2 Epoch 200/250: loss=0.137292
        Phase2 Epoch 250/250: loss=0.131635
        E_mu=0.5667  E_Sigma=1.4994
      → K
  Stage 2 epoch 60/300: loss=0.002754
  Stage 2 epoch 120/300: loss=0.002136
  Stage 2 epoch 180/300: loss=0.001386
  Stage 2 epoch 240/300: loss=0.000804
  Stage 2 epoch 300/300: loss=0.000464
  Stage 3 epoch 60/300: loss=0.000595
  Stage 3 epoch 120/300: loss=0.000404
  Stage 3 epoch 180/300: loss=0.000312
  Stage 3 epoch 240/300: loss=0.000251
  Stage 3 epoch 300/300: loss=0.000241
  MTE@0.1: 1.1895
  MTE@0.5: 2.3872
  MTE@1.0: 2.8643
  W2@1.0:  1.7031
  sW2@0.5: 1.4535 (103/200 in region)
  sW2@1.0: 2.3397 (54/200 in region)
  MMD@1.0: 0.1844
  Survival@1.0: 76.5%
  Stopped@1.0:  27.0%
      → K+S (smooth=0.1)
  Stage 2 epoch 60/300: loss=0.007507
  Stage 2 epoch 120/300: loss=0.007284
  Stage 2 epoch 180/300: loss=0.007245
  Stage 2 epoch 240/300: loss=0.007206
  Stage 2 epoch 300/300: loss=0.007182
  Stage 3 epoch 60/300: loss=0.000595
  Stage 3 epoch 120/300: loss=0.000404
  Stage 3 epoch 180/300: loss=0.000312
  Stage 3 epoch 240/300: loss=0.000251
  Stage 3 epoch 300/300: loss=0.000241
  MTE@0.1: 1.1926
  MTE@0.5: 2.3978
  MTE@1.0: 2.8682
  W2@1.0:  1.4896
  sW2@0.5: 1.3541 (103/200 in region)
  sW2@1.0: 1.8416 (54/200 in region)
  MMD@1.0: 0.1954
  Survival@1.0: 76.5%
  Stopped@1.0:  27.0%
      baseline: W2=2.1811  E_mu=0.6717  E_Sig=1.3781
             K: W2=1.7031  E_mu=0.5667  E_Sig=1.4994
           K+S: W2=1.4896  E_mu=0.5667  E_Sig=1.4994

============================================================
  N=20 | D=201 (K=99) | paraboloid | seed=8042
============================================================
    Phase1 Epoch 50/250: loss=0.874910
    Phase1 Epoch 100/250: loss=0.741039
    Phase1 Epoch 150/250: loss=0.691437
    Phase1 Epoch 200/250: loss=0.622271
    Phase1 Epoch 250/250: loss=0.366253
      Phase 2 AE: K_weight=0.0000
        Phase2 Epoch 50/250: loss=0.210692
        Phase2 Epoch 100/250: loss=0.093198
        Phase2 Epoch 150/250: loss=0.068507
        Phase2 Epoch 200/250: loss=0.064757
        Phase2 Epoch 250/250: loss=0.048503
        E_mu=1.1370  E_Sigma=1.7478
      → baseline
  Stage 2 epoch 60/300: loss=0.000829
  Stage 2 epoch 120/300: loss=0.000643
  Stage 2 epoch 180/300: loss=0.000407
  Stage 2 epoch 240/300: loss=0.000291
  Stage 2 epoch 300/300: loss=0.000233
  Stage 3 epoch 60/300: loss=0.000696
  Stage 3 epoch 120/300: loss=0.000609
  Stage 3 epoch 180/300: loss=0.000489
  Stage 3 epoch 240/300: loss=0.000464
  Stage 3 epoch 300/300: loss=0.000451
  MTE@0.1: 0.7837
  MTE@0.5: 1.6406
  MTE@1.0: 2.1629
  W2@1.0:  1.4283
  sW2@0.5: 0.9247 (101/200 in region)
  sW2@1.0: 0.8910 (60/200 in region)
  MMD@1.0: 0.1444
  Survival@1.0: 79.5%
  Stopped@1.0:  30.0%
      Phase 2 AE: K_weight=0.4275
        Phase2 Epoch 50/250: loss=0.190806
        Phase2 Epoch 100/250: loss=0.113126
        Phase2 Epoch 150/250: loss=0.125953
        Phase2 Epoch 200/250: loss=0.102768
        Phase2 Epoch 250/250: loss=0.073988
        E_mu=1.1451  E_Sigma=2.4569
      → K
  Stage 2 epoch 60/300: loss=0.001140
  Stage 2 epoch 120/300: loss=0.000853
  Stage 2 epoch 180/300: loss=0.000468
  Stage 2 epoch 240/300: loss=0.000331
  Stage 2 epoch 300/300: loss=0.000265
  Stage 3 epoch 60/300: loss=0.000574
  Stage 3 epoch 120/300: loss=0.000523
  Stage 3 epoch 180/300: loss=0.000404
  Stage 3 epoch 240/300: loss=0.000353
  Stage 3 epoch 300/300: loss=0.000339
  MTE@0.1: 0.8642
  MTE@0.5: 1.6851
  MTE@1.0: 2.1860
  W2@1.0:  1.3970
  sW2@0.5: 0.9975 (101/200 in region)
  sW2@1.0: 1.0060 (60/200 in region)
  MMD@1.0: 0.1549
  Survival@1.0: 79.5%
  Stopped@1.0:  30.0%
      → K+S (smooth=0.1)
  Stage 2 epoch 60/300: loss=0.006772
  Stage 2 epoch 120/300: loss=0.006734
  Stage 2 epoch 180/300: loss=0.006737
  Stage 2 epoch 240/300: loss=0.006752
  Stage 2 epoch 300/300: loss=0.006703
  Stage 3 epoch 60/300: loss=0.000574
  Stage 3 epoch 120/300: loss=0.000523
  Stage 3 epoch 180/300: loss=0.000404
  Stage 3 epoch 240/300: loss=0.000353
  Stage 3 epoch 300/300: loss=0.000339
  MTE@0.1: 0.8608
  MTE@0.5: 1.7024
  MTE@1.0: 2.2426
  W2@1.0:  1.2057
  sW2@0.5: 0.8570 (101/200 in region)
  sW2@1.0: 0.7843 (60/200 in region)
  MMD@1.0: 0.1270
  Survival@1.0: 79.5%
  Stopped@1.0:  30.0%
      baseline: W2=1.4283  E_mu=1.1370  E_Sig=1.7478
             K: W2=1.3970  E_mu=1.1451  E_Sig=2.4569
           K+S: W2=1.2057  E_mu=1.1451  E_Sig=2.4569

============================================================
  N=20 | D=201 (K=99) | paraboloid | seed=9042
============================================================
    Phase1 Epoch 50/250: loss=0.749243
    Phase1 Epoch 100/250: loss=0.631863
    Phase1 Epoch 150/250: loss=0.416737
    Phase1 Epoch 200/250: loss=0.246135
    Phase1 Epoch 250/250: loss=0.116622
      Phase 2 AE: K_weight=0.0000
        Phase2 Epoch 50/250: loss=0.170510
        Phase2 Epoch 100/250: loss=0.088258
        Phase2 Epoch 150/250: loss=0.056256
        Phase2 Epoch 200/250: loss=0.041719
        Phase2 Epoch 250/250: loss=0.055558
        E_mu=1.1299  E_Sigma=1.1609
      → baseline
  Stage 2 epoch 60/300: loss=0.001964
  Stage 2 epoch 120/300: loss=0.000833
  Stage 2 epoch 180/300: loss=0.000430
  Stage 2 epoch 240/300: loss=0.000216
  Stage 2 epoch 300/300: loss=0.000146
  Stage 3 epoch 60/300: loss=0.000350
  Stage 3 epoch 120/300: loss=0.000297
  Stage 3 epoch 180/300: loss=0.000245
  Stage 3 epoch 240/300: loss=0.000185
  Stage 3 epoch 300/300: loss=0.000155
  MTE@0.1: 1.6495
  MTE@0.5: 2.7626
  MTE@1.0: 3.4191
  W2@1.0:  2.1470
  sW2@0.5: 1.8805 (105/200 in region)
  sW2@1.0: 2.5161 (64/200 in region)
  MMD@1.0: 0.2582
  Survival@1.0: 76.0%
  Stopped@1.0:  32.0%
      Phase 2 AE: K_weight=0.4275
        Phase2 Epoch 50/250: loss=0.129795
        Phase2 Epoch 100/250: loss=0.086666
        Phase2 Epoch 150/250: loss=0.080173
        Phase2 Epoch 200/250: loss=0.050206
        Phase2 Epoch 250/250: loss=0.042160
        E_mu=0.8186  E_Sigma=1.0020
      → K
  Stage 2 epoch 60/300: loss=0.001527
  Stage 2 epoch 120/300: loss=0.000628
  Stage 2 epoch 180/300: loss=0.000311
  Stage 2 epoch 240/300: loss=0.000177
  Stage 2 epoch 300/300: loss=0.000103
  Stage 3 epoch 60/300: loss=0.000330
  Stage 3 epoch 120/300: loss=0.000263
  Stage 3 epoch 180/300: loss=0.000202
  Stage 3 epoch 240/300: loss=0.000137
  Stage 3 epoch 300/300: loss=0.000102
  MTE@0.1: 1.6284
  MTE@0.5: 2.6664
  MTE@1.0: 3.2135
  W2@1.0:  1.9337
  sW2@0.5: 1.6966 (105/200 in region)
  sW2@1.0: 2.1881 (64/200 in region)
  MMD@1.0: 0.2205
  Survival@1.0: 76.0%
  Stopped@1.0:  32.0%
      → K+S (smooth=0.1)
  Stage 2 epoch 60/300: loss=0.006051
  Stage 2 epoch 120/300: loss=0.006001
  Stage 2 epoch 180/300: loss=0.005953
  Stage 2 epoch 240/300: loss=0.005960
  Stage 2 epoch 300/300: loss=0.005924
  Stage 3 epoch 60/300: loss=0.000330
  Stage 3 epoch 120/300: loss=0.000263
  Stage 3 epoch 180/300: loss=0.000202
  Stage 3 epoch 240/300: loss=0.000137
  Stage 3 epoch 300/300: loss=0.000102
  MTE@0.1: 1.6405
  MTE@0.5: 2.6763
  MTE@1.0: 3.1862
  W2@1.0:  1.9085
  sW2@0.5: 1.6843 (105/200 in region)
  sW2@1.0: 1.9841 (64/200 in region)
  MMD@1.0: 0.2614
  Survival@1.0: 76.0%
  Stopped@1.0:  32.0%
      baseline: W2=2.1470  E_mu=1.1299  E_Sig=1.1609
             K: W2=1.9337  E_mu=0.8186  E_Sig=1.0020
           K+S: W2=1.9085  E_mu=0.8186  E_Sig=1.0020

============================================================
  N=20 | D=201 (K=99) | hyperbolic_paraboloid | seed=42
============================================================
    Phase1 Epoch 50/250: loss=0.786107
    Phase1 Epoch 100/250: loss=0.755314
    Phase1 Epoch 150/250: loss=0.725890
    Phase1 Epoch 200/250: loss=0.564055
    Phase1 Epoch 250/250: loss=0.402374
      Phase 2 AE: K_weight=0.0000
        Phase2 Epoch 50/250: loss=0.325982
        Phase2 Epoch 100/250: loss=0.311538
        Phase2 Epoch 150/250: loss=0.232754
        Phase2 Epoch 200/250: loss=0.180258
        Phase2 Epoch 250/250: loss=0.194965
        E_mu=1.8318  E_Sigma=6.5707
      → baseline
  Stage 2 epoch 60/300: loss=0.002172
  Stage 2 epoch 120/300: loss=0.002003
  Stage 2 epoch 180/300: loss=0.001804
  Stage 2 epoch 240/300: loss=0.001532
  Stage 2 epoch 300/300: loss=0.001138
  Stage 3 epoch 60/300: loss=0.000408
  Stage 3 epoch 120/300: loss=0.000292
  Stage 3 epoch 180/300: loss=0.000281
  Stage 3 epoch 240/300: loss=0.000272
  Stage 3 epoch 300/300: loss=0.000261
  MTE@0.1: 1.3014
  MTE@0.5: 2.5595
  MTE@1.0: 3.1174
  W2@1.0:  1.9079
  sW2@0.5: 1.4612 (96/200 in region)
  sW2@1.0: 1.3783 (48/200 in region)
  MMD@1.0: 0.2090
  Survival@1.0: 76.5%
  Stopped@1.0:  24.0%
      Phase 2 AE: K_weight=0.4275
        Phase2 Epoch 50/250: loss=0.343293
        Phase2 Epoch 100/250: loss=0.313098
        Phase2 Epoch 150/250: loss=0.279394
        Phase2 Epoch 200/250: loss=0.190501
        Phase2 Epoch 250/250: loss=0.111268
        E_mu=1.6327  E_Sigma=4.9947
      → K
  Stage 2 epoch 60/300: loss=0.001974
  Stage 2 epoch 120/300: loss=0.001672
  Stage 2 epoch 180/300: loss=0.001350
  Stage 2 epoch 240/300: loss=0.001023
  Stage 2 epoch 300/300: loss=0.000715
  Stage 3 epoch 60/300: loss=0.000590
  Stage 3 epoch 120/300: loss=0.000238
  Stage 3 epoch 180/300: loss=0.000230
  Stage 3 epoch 240/300: loss=0.000223
  Stage 3 epoch 300/300: loss=0.000213
  MTE@0.1: 1.2583
  MTE@0.5: 2.5614
  MTE@1.0: 3.1225
  W2@1.0:  1.9648
  sW2@0.5: 1.4125 (96/200 in region)
  sW2@1.0: 1.3635 (48/200 in region)
  MMD@1.0: 0.2073
  Survival@1.0: 76.5%
  Stopped@1.0:  24.0%
      → K+S (smooth=0.1)
  Stage 2 epoch 60/300: loss=0.010708
  Stage 2 epoch 120/300: loss=0.010347
  Stage 2 epoch 180/300: loss=0.010131
  Stage 2 epoch 240/300: loss=0.009797
  Stage 2 epoch 300/300: loss=0.009852
  Stage 3 epoch 60/300: loss=0.000590
  Stage 3 epoch 120/300: loss=0.000238
  Stage 3 epoch 180/300: loss=0.000230
  Stage 3 epoch 240/300: loss=0.000223
  Stage 3 epoch 300/300: loss=0.000213
  MTE@0.1: 1.2637
  MTE@0.5: 2.5625
  MTE@1.0: 3.1004
  W2@1.0:  1.8411
  sW2@0.5: 1.3980 (96/200 in region)
  sW2@1.0: 1.3719 (48/200 in region)
  MMD@1.0: 0.2144
  Survival@1.0: 76.5%
  Stopped@1.0:  24.0%
      baseline: W2=1.9079  E_mu=1.8318  E_Sig=6.5707
             K: W2=1.9648  E_mu=1.6327  E_Sig=4.9947
           K+S: W2=1.8411  E_mu=1.6327  E_Sig=4.9947

============================================================
  N=20 | D=201 (K=99) | hyperbolic_paraboloid | seed=1042
============================================================
    Phase1 Epoch 50/250: loss=0.809726
    Phase1 Epoch 100/250: loss=0.701370
    Phase1 Epoch 150/250: loss=0.539352
    Phase1 Epoch 200/250: loss=0.301255
    Phase1 Epoch 250/250: loss=0.236404
      Phase 2 AE: K_weight=0.0000
        Phase2 Epoch 50/250: loss=0.133170
        Phase2 Epoch 100/250: loss=0.107514
        Phase2 Epoch 150/250: loss=0.129979
        Phase2 Epoch 200/250: loss=0.120767
        Phase2 Epoch 250/250: loss=0.041452
        E_mu=0.7785  E_Sigma=1.3207
      → baseline
  Stage 2 epoch 60/300: loss=0.000801
  Stage 2 epoch 120/300: loss=0.000710
  Stage 2 epoch 180/300: loss=0.000617
  Stage 2 epoch 240/300: loss=0.000505
  Stage 2 epoch 300/300: loss=0.000374
  Stage 3 epoch 60/300: loss=0.000131
  Stage 3 epoch 120/300: loss=0.000098
  Stage 3 epoch 180/300: loss=0.000091
  Stage 3 epoch 240/300: loss=0.000082
  Stage 3 epoch 300/300: loss=0.000073
  MTE@0.1: 1.3107
  MTE@0.5: 2.1455
  MTE@1.0: 2.7058
  W2@1.0:  1.4463
  sW2@0.5: 1.0698 (100/200 in region)
  sW2@1.0: 1.4757 (53/200 in region)
  MMD@1.0: 0.1266
  Survival@1.0: 72.0%
  Stopped@1.0:  26.5%
      Phase 2 AE: K_weight=0.4275
        Phase2 Epoch 50/250: loss=0.174430
        Phase2 Epoch 100/250: loss=0.212408
        Phase2 Epoch 150/250: loss=0.073104
        Phase2 Epoch 200/250: loss=0.049791
        Phase2 Epoch 250/250: loss=0.073562
        E_mu=0.7401  E_Sigma=1.2954
      → K
  Stage 2 epoch 60/300: loss=0.000768
  Stage 2 epoch 120/300: loss=0.000691
  Stage 2 epoch 180/300: loss=0.000615
  Stage 2 epoch 240/300: loss=0.000518
  Stage 2 epoch 300/300: loss=0.000390
  Stage 3 epoch 60/300: loss=0.000164
  Stage 3 epoch 120/300: loss=0.000106
  Stage 3 epoch 180/300: loss=0.000096
  Stage 3 epoch 240/300: loss=0.000085
  Stage 3 epoch 300/300: loss=0.000074
  MTE@0.1: 1.3280
  MTE@0.5: 2.1511
  MTE@1.0: 2.6938
  W2@1.0:  1.3970
  sW2@0.5: 1.0632 (100/200 in region)
  sW2@1.0: 1.4454 (53/200 in region)
  MMD@1.0: 0.1268
  Survival@1.0: 72.0%
  Stopped@1.0:  26.5%
      → K+S (smooth=0.1)
  Stage 2 epoch 60/300: loss=0.011588
  Stage 2 epoch 120/300: loss=0.011325
  Stage 2 epoch 180/300: loss=0.011416
  Stage 2 epoch 240/300: loss=0.011101
  Stage 2 epoch 300/300: loss=0.011246
  Stage 3 epoch 60/300: loss=0.000164
  Stage 3 epoch 120/300: loss=0.000106
  Stage 3 epoch 180/300: loss=0.000096
  Stage 3 epoch 240/300: loss=0.000085
  Stage 3 epoch 300/300: loss=0.000074
  MTE@0.1: 1.3457
  MTE@0.5: 2.3237
  MTE@1.0: 2.8770
  W2@1.0:  1.6900
  sW2@0.5: 1.1950 (100/200 in region)
  sW2@1.0: 1.7623 (53/200 in region)
  MMD@1.0: 0.1837
  Survival@1.0: 72.0%
  Stopped@1.0:  26.5%
      baseline: W2=1.4463  E_mu=0.7785  E_Sig=1.3207
             K: W2=1.3970  E_mu=0.7401  E_Sig=1.2954
           K+S: W2=1.6900  E_mu=0.7401  E_Sig=1.2954

============================================================
  N=20 | D=201 (K=99) | hyperbolic_paraboloid | seed=2042
============================================================
    Phase1 Epoch 50/250: loss=0.886832
    Phase1 Epoch 100/250: loss=0.675278
    Phase1 Epoch 150/250: loss=0.589438
    Phase1 Epoch 200/250: loss=0.412574
    Phase1 Epoch 250/250: loss=0.256735
      Phase 2 AE: K_weight=0.0000
        Phase2 Epoch 50/250: loss=0.168192
        Phase2 Epoch 100/250: loss=0.105662
        Phase2 Epoch 150/250: loss=0.120420
        Phase2 Epoch 200/250: loss=0.059456
        Phase2 Epoch 250/250: loss=0.208841
        E_mu=0.7813  E_Sigma=1.8509
      → baseline
  Stage 2 epoch 60/300: loss=0.000551
  Stage 2 epoch 120/300: loss=0.000487
  Stage 2 epoch 180/300: loss=0.000436
  Stage 2 epoch 240/300: loss=0.000385
  Stage 2 epoch 300/300: loss=0.000335
  Stage 3 epoch 60/300: loss=0.000119
  Stage 3 epoch 120/300: loss=0.000088
  Stage 3 epoch 180/300: loss=0.000077
  Stage 3 epoch 240/300: loss=0.000071
  Stage 3 epoch 300/300: loss=0.000069
  MTE@0.1: 0.6281
  MTE@0.5: 1.4136
  MTE@1.0: 1.6938
  W2@1.0:  1.2941
  sW2@0.5: 0.6454 (95/200 in region)
  sW2@1.0: 0.8253 (47/200 in region)
  MMD@1.0: 0.1334
  Survival@1.0: 78.5%
  Stopped@1.0:  23.5%
      Phase 2 AE: K_weight=0.4275
        Phase2 Epoch 50/250: loss=0.147305
        Phase2 Epoch 100/250: loss=0.140958
        Phase2 Epoch 150/250: loss=0.098937
        Phase2 Epoch 200/250: loss=0.057911
        Phase2 Epoch 250/250: loss=0.056887
        E_mu=0.6887  E_Sigma=1.9339
      → K
  Stage 2 epoch 60/300: loss=0.000695
  Stage 2 epoch 120/300: loss=0.000612
  Stage 2 epoch 180/300: loss=0.000518
  Stage 2 epoch 240/300: loss=0.000400
  Stage 2 epoch 300/300: loss=0.000296
  Stage 3 epoch 60/300: loss=0.000105
  Stage 3 epoch 120/300: loss=0.000083
  Stage 3 epoch 180/300: loss=0.000074
  Stage 3 epoch 240/300: loss=0.000068
  Stage 3 epoch 300/300: loss=0.000066
  MTE@0.1: 0.5822
  MTE@0.5: 1.3642
  MTE@1.0: 1.6600
  W2@1.0:  1.2628
  sW2@0.5: 0.6496 (95/200 in region)
  sW2@1.0: 0.8886 (47/200 in region)
  MMD@1.0: 0.1439
  Survival@1.0: 78.5%
  Stopped@1.0:  23.5%
      → K+S (smooth=0.1)
  Stage 2 epoch 60/300: loss=0.013866
  Stage 2 epoch 120/300: loss=0.013679
  Stage 2 epoch 180/300: loss=0.013665
  Stage 2 epoch 240/300: loss=0.013616
  Stage 2 epoch 300/300: loss=0.013829
  Stage 3 epoch 60/300: loss=0.000105
  Stage 3 epoch 120/300: loss=0.000083
  Stage 3 epoch 180/300: loss=0.000074
  Stage 3 epoch 240/300: loss=0.000068
  Stage 3 epoch 300/300: loss=0.000066
  MTE@0.1: 0.6078
  MTE@0.5: 1.6303
  MTE@1.0: 2.4436
  W2@1.0:  1.7320
  sW2@0.5: 0.8898 (95/200 in region)
  sW2@1.0: 1.2921 (47/200 in region)
  MMD@1.0: 0.2203
  Survival@1.0: 78.5%
  Stopped@1.0:  23.5%
      baseline: W2=1.2941  E_mu=0.7813  E_Sig=1.8509
             K: W2=1.2628  E_mu=0.6887  E_Sig=1.9339
           K+S: W2=1.7320  E_mu=0.6887  E_Sig=1.9339

============================================================
  N=20 | D=201 (K=99) | hyperbolic_paraboloid | seed=3042
============================================================
    Phase1 Epoch 50/250: loss=0.959586
    Phase1 Epoch 100/250: loss=0.854256
    Phase1 Epoch 150/250: loss=0.809206
    Phase1 Epoch 200/250: loss=0.579702
    Phase1 Epoch 250/250: loss=0.448642
      Phase 2 AE: K_weight=0.0000
        Phase2 Epoch 50/250: loss=0.402907
        Phase2 Epoch 100/250: loss=0.221230
        Phase2 Epoch 150/250: loss=0.192466
        Phase2 Epoch 200/250: loss=0.049963
        Phase2 Epoch 250/250: loss=0.021887
        E_mu=0.4835  E_Sigma=0.9571
      → baseline
  Stage 2 epoch 60/300: loss=0.001390
  Stage 2 epoch 120/300: loss=0.001139
  Stage 2 epoch 180/300: loss=0.000895
  Stage 2 epoch 240/300: loss=0.000596
  Stage 2 epoch 300/300: loss=0.000350
  Stage 3 epoch 60/300: loss=0.000252
  Stage 3 epoch 120/300: loss=0.000211
  Stage 3 epoch 180/300: loss=0.000182
  Stage 3 epoch 240/300: loss=0.000160
  Stage 3 epoch 300/300: loss=0.000148
  MTE@0.1: 1.4447
  MTE@0.5: 2.6739
  MTE@1.0: 3.1200
  W2@1.0:  1.7810
  sW2@0.5: 1.3026 (99/200 in region)
  sW2@1.0: 1.6600 (48/200 in region)
  MMD@1.0: 0.1386
  Survival@1.0: 74.5%
  Stopped@1.0:  24.0%
      Phase 2 AE: K_weight=0.4275
        Phase2 Epoch 50/250: loss=0.401979
        Phase2 Epoch 100/250: loss=0.253425
        Phase2 Epoch 150/250: loss=0.120515
        Phase2 Epoch 200/250: loss=0.054988
        Phase2 Epoch 250/250: loss=0.030783
        E_mu=0.5931  E_Sigma=2.0371
      → K
  Stage 2 epoch 60/300: loss=0.000801
  Stage 2 epoch 120/300: loss=0.000615
  Stage 2 epoch 180/300: loss=0.000514
  Stage 2 epoch 240/300: loss=0.000443
  Stage 2 epoch 300/300: loss=0.000324
  Stage 3 epoch 60/300: loss=0.000317
  Stage 3 epoch 120/300: loss=0.000285
  Stage 3 epoch 180/300: loss=0.000269
  Stage 3 epoch 240/300: loss=0.000258
  Stage 3 epoch 300/300: loss=0.000251
  MTE@0.1: 1.5001
  MTE@0.5: 2.7501
  MTE@1.0: 3.1116
  W2@1.0:  1.8065
  sW2@0.5: 1.1865 (99/200 in region)
  sW2@1.0: 1.4094 (48/200 in region)
  MMD@1.0: 0.1748
  Survival@1.0: 74.5%
  Stopped@1.0:  24.0%
      → K+S (smooth=0.1)
  Stage 2 epoch 60/300: loss=0.012516
  Stage 2 epoch 120/300: loss=0.012357
  Stage 2 epoch 180/300: loss=0.012241
  Stage 2 epoch 240/300: loss=0.012328
  Stage 2 epoch 300/300: loss=0.012366
  Stage 3 epoch 60/300: loss=0.000317
  Stage 3 epoch 120/300: loss=0.000285
  Stage 3 epoch 180/300: loss=0.000269
  Stage 3 epoch 240/300: loss=0.000258
  Stage 3 epoch 300/300: loss=0.000251
  MTE@0.1: 1.5204
  MTE@0.5: 2.8093
  MTE@1.0: 3.3735
  W2@1.0:  2.2438
  sW2@0.5: 1.3780 (99/200 in region)
  sW2@1.0: 2.0398 (48/200 in region)
  MMD@1.0: 0.2106
  Survival@1.0: 74.5%
  Stopped@1.0:  24.0%
      baseline: W2=1.7810  E_mu=0.4835  E_Sig=0.9571
             K: W2=1.8065  E_mu=0.5931  E_Sig=2.0371
           K+S: W2=2.2438  E_mu=0.5931  E_Sig=2.0371

============================================================
  N=20 | D=201 (K=99) | hyperbolic_paraboloid | seed=4042
============================================================
    Phase1 Epoch 50/250: loss=0.792420
    Phase1 Epoch 100/250: loss=0.830547
    Phase1 Epoch 150/250: loss=0.659385
    Phase1 Epoch 200/250: loss=0.409008
    Phase1 Epoch 250/250: loss=0.176570
      Phase 2 AE: K_weight=0.0000
        Phase2 Epoch 50/250: loss=0.116484
        Phase2 Epoch 100/250: loss=0.046259
        Phase2 Epoch 150/250: loss=0.083512
        Phase2 Epoch 200/250: loss=0.039210
        Phase2 Epoch 250/250: loss=0.029048
        E_mu=0.5719  E_Sigma=0.9224
      → baseline
  Stage 2 epoch 60/300: loss=0.000773
  Stage 2 epoch 120/300: loss=0.000573
  Stage 2 epoch 180/300: loss=0.000408
  Stage 2 epoch 240/300: loss=0.000296
  Stage 2 epoch 300/300: loss=0.000223
  Stage 3 epoch 60/300: loss=0.000077
  Stage 3 epoch 120/300: loss=0.000044
  Stage 3 epoch 180/300: loss=0.000040
  Stage 3 epoch 240/300: loss=0.000038
  Stage 3 epoch 300/300: loss=0.000036
  MTE@0.1: 1.1643
  MTE@0.5: 2.1689
  MTE@1.0: 2.4129
  W2@1.0:  1.2726
  sW2@0.5: 0.7076 (107/200 in region)
  sW2@1.0: 1.0373 (60/200 in region)
  MMD@1.0: 0.1570
  Survival@1.0: 76.0%
  Stopped@1.0:  30.0%
      Phase 2 AE: K_weight=0.4275
        Phase2 Epoch 50/250: loss=0.127954
        Phase2 Epoch 100/250: loss=0.065795
        Phase2 Epoch 150/250: loss=0.039049
        Phase2 Epoch 200/250: loss=0.031918
        Phase2 Epoch 250/250: loss=0.028961
        E_mu=0.5226  E_Sigma=0.7172
      → K
  Stage 2 epoch 60/300: loss=0.000691
  Stage 2 epoch 120/300: loss=0.000528
  Stage 2 epoch 180/300: loss=0.000384
  Stage 2 epoch 240/300: loss=0.000272
  Stage 2 epoch 300/300: loss=0.000200
  Stage 3 epoch 60/300: loss=0.000092
  Stage 3 epoch 120/300: loss=0.000041
  Stage 3 epoch 180/300: loss=0.000037
  Stage 3 epoch 240/300: loss=0.000035
  Stage 3 epoch 300/300: loss=0.000033
  MTE@0.1: 1.1668
  MTE@0.5: 2.1532
  MTE@1.0: 2.3902
  W2@1.0:  1.2252
  sW2@0.5: 0.6560 (107/200 in region)
  sW2@1.0: 0.9948 (60/200 in region)
  MMD@1.0: 0.1450
  Survival@1.0: 76.0%
  Stopped@1.0:  30.0%
      → K+S (smooth=0.1)
  Stage 2 epoch 60/300: loss=0.010259
  Stage 2 epoch 120/300: loss=0.010164
  Stage 2 epoch 180/300: loss=0.010288
  Stage 2 epoch 240/300: loss=0.010215
  Stage 2 epoch 300/300: loss=0.010014
  Stage 3 epoch 60/300: loss=0.000092
  Stage 3 epoch 120/300: loss=0.000041
  Stage 3 epoch 180/300: loss=0.000037
  Stage 3 epoch 240/300: loss=0.000035
  Stage 3 epoch 300/300: loss=0.000033
  MTE@0.1: 1.1854
  MTE@0.5: 2.3124
  MTE@1.0: 2.5987
  W2@1.0:  1.4202
  sW2@0.5: 0.8210 (107/200 in region)
  sW2@1.0: 1.2081 (60/200 in region)
  MMD@1.0: 0.1999
  Survival@1.0: 76.0%
  Stopped@1.0:  30.0%
      baseline: W2=1.2726  E_mu=0.5719  E_Sig=0.9224
             K: W2=1.2252  E_mu=0.5226  E_Sig=0.7172
           K+S: W2=1.4202  E_mu=0.5226  E_Sig=0.7172

============================================================
  N=20 | D=201 (K=99) | hyperbolic_paraboloid | seed=5042
============================================================
    Phase1 Epoch 50/250: loss=0.847259
    Phase1 Epoch 100/250: loss=0.761481
    Phase1 Epoch 150/250: loss=0.566718
    Phase1 Epoch 200/250: loss=0.324644
    Phase1 Epoch 250/250: loss=0.167130
      Phase 2 AE: K_weight=0.0000
        Phase2 Epoch 50/250: loss=0.121861
        Phase2 Epoch 100/250: loss=0.096398
        Phase2 Epoch 150/250: loss=0.095209
        Phase2 Epoch 200/250: loss=0.060445
        Phase2 Epoch 250/250: loss=0.081085
        E_mu=0.8647  E_Sigma=2.2581
      → baseline
  Stage 2 epoch 60/300: loss=0.000530
  Stage 2 epoch 120/300: loss=0.000418
  Stage 2 epoch 180/300: loss=0.000355
  Stage 2 epoch 240/300: loss=0.000315
  Stage 2 epoch 300/300: loss=0.000283
  Stage 3 epoch 60/300: loss=0.000117
  Stage 3 epoch 120/300: loss=0.000106
  Stage 3 epoch 180/300: loss=0.000101
  Stage 3 epoch 240/300: loss=0.000098
  Stage 3 epoch 300/300: loss=0.000095
  MTE@0.1: 1.1981
  MTE@0.5: 2.2814
  MTE@1.0: 2.8247
  W2@1.0:  1.3025
  sW2@0.5: 0.8465 (110/200 in region)
  sW2@1.0: 1.4556 (53/200 in region)
  MMD@1.0: 0.1294
  Survival@1.0: 76.5%
  Stopped@1.0:  26.5%
      Phase 2 AE: K_weight=0.4275
        Phase2 Epoch 50/250: loss=0.138802
        Phase2 Epoch 100/250: loss=0.096209
        Phase2 Epoch 150/250: loss=0.066841
        Phase2 Epoch 200/250: loss=0.066739
        Phase2 Epoch 250/250: loss=0.052329
        E_mu=0.8934  E_Sigma=2.8371
      → K
  Stage 2 epoch 60/300: loss=0.000481
  Stage 2 epoch 120/300: loss=0.000397
  Stage 2 epoch 180/300: loss=0.000338
  Stage 2 epoch 240/300: loss=0.000288
  Stage 2 epoch 300/300: loss=0.000242
  Stage 3 epoch 60/300: loss=0.000113
  Stage 3 epoch 120/300: loss=0.000100
  Stage 3 epoch 180/300: loss=0.000097
  Stage 3 epoch 240/300: loss=0.000095
  Stage 3 epoch 300/300: loss=0.000092
  MTE@0.1: 1.1853
  MTE@0.5: 2.2971
  MTE@1.0: 2.8875
  W2@1.0:  1.4517
  sW2@0.5: 0.8946 (110/200 in region)
  sW2@1.0: 1.6121 (53/200 in region)
  MMD@1.0: 0.1457
  Survival@1.0: 76.5%
  Stopped@1.0:  26.5%
      → K+S (smooth=0.1)
  Stage 2 epoch 60/300: loss=0.012897
  Stage 2 epoch 120/300: loss=0.012823
  Stage 2 epoch 180/300: loss=0.012847
  Stage 2 epoch 240/300: loss=0.012838
  Stage 2 epoch 300/300: loss=0.012868
  Stage 3 epoch 60/300: loss=0.000113
  Stage 3 epoch 120/300: loss=0.000100
  Stage 3 epoch 180/300: loss=0.000097
  Stage 3 epoch 240/300: loss=0.000095
  Stage 3 epoch 300/300: loss=0.000092
  MTE@0.1: 1.2350
  MTE@0.5: 2.5617
  MTE@1.0: 3.2500
  W2@1.0:  1.5031
  sW2@0.5: 1.0142 (110/200 in region)
  sW2@1.0: 1.5686 (53/200 in region)
  MMD@1.0: 0.1720
  Survival@1.0: 76.5%
  Stopped@1.0:  26.5%
      baseline: W2=1.3025  E_mu=0.8647  E_Sig=2.2581
             K: W2=1.4517  E_mu=0.8934  E_Sig=2.8371
           K+S: W2=1.5031  E_mu=0.8934  E_Sig=2.8371

============================================================
  N=20 | D=201 (K=99) | hyperbolic_paraboloid | seed=6042
============================================================
    Phase1 Epoch 50/250: loss=0.924521
    Phase1 Epoch 100/250: loss=0.812980
    Phase1 Epoch 150/250: loss=0.569434
    Phase1 Epoch 200/250: loss=0.346767
    Phase1 Epoch 250/250: loss=0.167529
      Phase 2 AE: K_weight=0.0000
        Phase2 Epoch 50/250: loss=0.056010
        Phase2 Epoch 100/250: loss=0.044033
        Phase2 Epoch 150/250: loss=0.025607
        Phase2 Epoch 200/250: loss=0.019055
        Phase2 Epoch 250/250: loss=0.018489
        E_mu=0.8681  E_Sigma=0.9287
      → baseline
  Stage 2 epoch 60/300: loss=0.000537
  Stage 2 epoch 120/300: loss=0.000458
  Stage 2 epoch 180/300: loss=0.000404
  Stage 2 epoch 240/300: loss=0.000352
  Stage 2 epoch 300/300: loss=0.000302
  Stage 3 epoch 60/300: loss=0.000066
  Stage 3 epoch 120/300: loss=0.000043
  Stage 3 epoch 180/300: loss=0.000039
  Stage 3 epoch 240/300: loss=0.000037
  Stage 3 epoch 300/300: loss=0.000036
  MTE@0.1: 1.1959
  MTE@0.5: 2.3832
  MTE@1.0: 2.6939
  W2@1.0:  1.2235
  sW2@0.5: 1.1790 (103/200 in region)
  sW2@1.0: 1.6488 (61/200 in region)
  MMD@1.0: 0.1494
  Survival@1.0: 73.0%
  Stopped@1.0:  30.5%
      Phase 2 AE: K_weight=0.4275
        Phase2 Epoch 50/250: loss=0.061310
        Phase2 Epoch 100/250: loss=0.122252
        Phase2 Epoch 150/250: loss=0.027800
        Phase2 Epoch 200/250: loss=0.023110
        Phase2 Epoch 250/250: loss=0.023478
        E_mu=0.8781  E_Sigma=1.0059
      → K
  Stage 2 epoch 60/300: loss=0.000565
  Stage 2 epoch 120/300: loss=0.000459
  Stage 2 epoch 180/300: loss=0.000401
  Stage 2 epoch 240/300: loss=0.000345
  Stage 2 epoch 300/300: loss=0.000290
  Stage 3 epoch 60/300: loss=0.000071
  Stage 3 epoch 120/300: loss=0.000040
  Stage 3 epoch 180/300: loss=0.000037
  Stage 3 epoch 240/300: loss=0.000035
  Stage 3 epoch 300/300: loss=0.000034
  MTE@0.1: 1.2568
  MTE@0.5: 2.4295
  MTE@1.0: 2.7508
  W2@1.0:  1.2854
  sW2@0.5: 1.2883 (103/200 in region)
  sW2@1.0: 1.7235 (61/200 in region)
  MMD@1.0: 0.1604
  Survival@1.0: 73.0%
  Stopped@1.0:  30.5%
      → K+S (smooth=0.1)
  Stage 2 epoch 60/300: loss=0.013593
  Stage 2 epoch 120/300: loss=0.013614
  Stage 2 epoch 180/300: loss=0.013370
  Stage 2 epoch 240/300: loss=0.013171
  Stage 2 epoch 300/300: loss=0.013323
  Stage 3 epoch 60/300: loss=0.000071
  Stage 3 epoch 120/300: loss=0.000040
  Stage 3 epoch 180/300: loss=0.000037
  Stage 3 epoch 240/300: loss=0.000035
  Stage 3 epoch 300/300: loss=0.000034
  MTE@0.1: 1.2443
  MTE@0.5: 2.4394
  MTE@1.0: 2.8566
  W2@1.0:  1.5198
  sW2@0.5: 1.3199 (103/200 in region)
  sW2@1.0: 1.8443 (61/200 in region)
  MMD@1.0: 0.2165
  Survival@1.0: 73.0%
  Stopped@1.0:  30.5%
      baseline: W2=1.2235  E_mu=0.8681  E_Sig=0.9287
             K: W2=1.2854  E_mu=0.8781  E_Sig=1.0059
           K+S: W2=1.5198  E_mu=0.8781  E_Sig=1.0059

============================================================
  N=20 | D=201 (K=99) | hyperbolic_paraboloid | seed=7042
============================================================
    Phase1 Epoch 50/250: loss=0.953408
    Phase1 Epoch 100/250: loss=0.852922
    Phase1 Epoch 150/250: loss=0.747173
    Phase1 Epoch 200/250: loss=0.650080
    Phase1 Epoch 250/250: loss=0.566081
      Phase 2 AE: K_weight=0.0000
        Phase2 Epoch 50/250: loss=0.453336
        Phase2 Epoch 100/250: loss=0.316665
        Phase2 Epoch 150/250: loss=0.153055
        Phase2 Epoch 200/250: loss=0.055175
        Phase2 Epoch 250/250: loss=0.189838
        E_mu=0.8880  E_Sigma=4.8932
      → baseline
  Stage 2 epoch 60/300: loss=0.002484
  Stage 2 epoch 120/300: loss=0.001907
  Stage 2 epoch 180/300: loss=0.001553
  Stage 2 epoch 240/300: loss=0.001308
  Stage 2 epoch 300/300: loss=0.001039
  Stage 3 epoch 60/300: loss=0.000776
  Stage 3 epoch 120/300: loss=0.000567
  Stage 3 epoch 180/300: loss=0.000457
  Stage 3 epoch 240/300: loss=0.000418
  Stage 3 epoch 300/300: loss=0.000399
  MTE@0.1: 1.1455
  MTE@0.5: 2.3120
  MTE@1.0: 2.4811
  W2@1.0:  1.5284
  sW2@0.5: 1.3248 (103/200 in region)
  sW2@1.0: 1.3092 (54/200 in region)
  MMD@1.0: 0.1885
  Survival@1.0: 76.5%
  Stopped@1.0:  27.0%
      Phase 2 AE: K_weight=0.4275
        Phase2 Epoch 50/250: loss=0.491600
        Phase2 Epoch 100/250: loss=0.372293
        Phase2 Epoch 150/250: loss=0.227417
        Phase2 Epoch 200/250: loss=0.074660
        Phase2 Epoch 250/250: loss=0.041500
        E_mu=0.6027  E_Sigma=1.2223
      → K
  Stage 2 epoch 60/300: loss=0.001539
  Stage 2 epoch 120/300: loss=0.001132
  Stage 2 epoch 180/300: loss=0.000931
  Stage 2 epoch 240/300: loss=0.000834
  Stage 2 epoch 300/300: loss=0.000747
  Stage 3 epoch 60/300: loss=0.000471
  Stage 3 epoch 120/300: loss=0.000329
  Stage 3 epoch 180/300: loss=0.000188
  Stage 3 epoch 240/300: loss=0.000172
  Stage 3 epoch 300/300: loss=0.000164
  MTE@0.1: 1.0243
  MTE@0.5: 2.2390
  MTE@1.0: 2.4298
  W2@1.0:  1.1825
  sW2@0.5: 1.1489 (103/200 in region)
  sW2@1.0: 1.2115 (54/200 in region)
  MMD@1.0: 0.1111
  Survival@1.0: 76.5%
  Stopped@1.0:  27.0%
      → K+S (smooth=0.1)
  Stage 2 epoch 60/300: loss=0.019970
  Stage 2 epoch 120/300: loss=0.019739
  Stage 2 epoch 180/300: loss=0.019923
  Stage 2 epoch 240/300: loss=0.019708
  Stage 2 epoch 300/300: loss=0.019995
  Stage 3 epoch 60/300: loss=0.000471
  Stage 3 epoch 120/300: loss=0.000329
  Stage 3 epoch 180/300: loss=0.000188
  Stage 3 epoch 240/300: loss=0.000172
  Stage 3 epoch 300/300: loss=0.000164
  MTE@0.1: 1.0443
  MTE@0.5: 2.3904
  MTE@1.0: 2.8055
  W2@1.0:  1.6349
  sW2@0.5: 1.3293 (103/200 in region)
  sW2@1.0: 1.6141 (54/200 in region)
  MMD@1.0: 0.1836
  Survival@1.0: 76.5%
  Stopped@1.0:  27.0%
      baseline: W2=1.5284  E_mu=0.8880  E_Sig=4.8932
             K: W2=1.1825  E_mu=0.6027  E_Sig=1.2223
           K+S: W2=1.6349  E_mu=0.6027  E_Sig=1.2223

============================================================
  N=20 | D=201 (K=99) | hyperbolic_paraboloid | seed=8042
============================================================
    Phase1 Epoch 50/250: loss=0.946275
    Phase1 Epoch 100/250: loss=0.804576
    Phase1 Epoch 150/250: loss=0.570796
    Phase1 Epoch 200/250: loss=0.317426
    Phase1 Epoch 250/250: loss=0.173298
      Phase 2 AE: K_weight=0.0000
        Phase2 Epoch 50/250: loss=0.158790
        Phase2 Epoch 100/250: loss=0.104539
        Phase2 Epoch 150/250: loss=0.080070
        Phase2 Epoch 200/250: loss=0.069828
        Phase2 Epoch 250/250: loss=0.044556
        E_mu=0.9503  E_Sigma=2.1491
      → baseline
  Stage 2 epoch 60/300: loss=0.000950
  Stage 2 epoch 120/300: loss=0.000658
  Stage 2 epoch 180/300: loss=0.000448
  Stage 2 epoch 240/300: loss=0.000246
  Stage 2 epoch 300/300: loss=0.000120
  Stage 3 epoch 60/300: loss=0.000269
  Stage 3 epoch 120/300: loss=0.000185
  Stage 3 epoch 180/300: loss=0.000171
  Stage 3 epoch 240/300: loss=0.000159
  Stage 3 epoch 300/300: loss=0.000148
  MTE@0.1: 1.1180
  MTE@0.5: 1.8200
  MTE@1.0: 2.1915
  W2@1.0:  1.3602
  sW2@0.5: 0.9027 (101/200 in region)
  sW2@1.0: 0.9593 (60/200 in region)
  MMD@1.0: 0.2030
  Survival@1.0: 79.5%
  Stopped@1.0:  30.0%
      Phase 2 AE: K_weight=0.4275
        Phase2 Epoch 50/250: loss=0.114087
        Phase2 Epoch 100/250: loss=0.112036
        Phase2 Epoch 150/250: loss=0.158241
        Phase2 Epoch 200/250: loss=0.068173
        Phase2 Epoch 250/250: loss=0.038551
        E_mu=0.8173  E_Sigma=2.4619
      → K
  Stage 2 epoch 60/300: loss=0.000717
  Stage 2 epoch 120/300: loss=0.000526
  Stage 2 epoch 180/300: loss=0.000384
  Stage 2 epoch 240/300: loss=0.000249
  Stage 2 epoch 300/300: loss=0.000146
  Stage 3 epoch 60/300: loss=0.000364
  Stage 3 epoch 120/300: loss=0.000210
  Stage 3 epoch 180/300: loss=0.000157
  Stage 3 epoch 240/300: loss=0.000143
  Stage 3 epoch 300/300: loss=0.000135
  MTE@0.1: 0.9660
  MTE@0.5: 1.7104
  MTE@1.0: 2.0539
  W2@1.0:  1.2840
  sW2@0.5: 1.0028 (101/200 in region)
  sW2@1.0: 1.4646 (60/200 in region)
  MMD@1.0: 0.1705
  Survival@1.0: 79.5%
  Stopped@1.0:  30.0%
      → K+S (smooth=0.1)
  Stage 2 epoch 60/300: loss=0.013099
  Stage 2 epoch 120/300: loss=0.013159
  Stage 2 epoch 180/300: loss=0.013081
  Stage 2 epoch 240/300: loss=0.013124
  Stage 2 epoch 300/300: loss=0.013103
  Stage 3 epoch 60/300: loss=0.000364
  Stage 3 epoch 120/300: loss=0.000210
  Stage 3 epoch 180/300: loss=0.000157
  Stage 3 epoch 240/300: loss=0.000143
  Stage 3 epoch 300/300: loss=0.000135
  MTE@0.1: 0.9901
  MTE@0.5: 1.8864
  MTE@1.0: 2.4727
  W2@1.0:  1.4206
  sW2@0.5: 1.0198 (101/200 in region)
  sW2@1.0: 1.4184 (60/200 in region)
  MMD@1.0: 0.2082
  Survival@1.0: 79.5%
  Stopped@1.0:  30.0%
      baseline: W2=1.3602  E_mu=0.9503  E_Sig=2.1491
             K: W2=1.2840  E_mu=0.8173  E_Sig=2.4619
           K+S: W2=1.4206  E_mu=0.8173  E_Sig=2.4619

============================================================
  N=20 | D=201 (K=99) | hyperbolic_paraboloid | seed=9042
============================================================
    Phase1 Epoch 50/250: loss=0.831020
    Phase1 Epoch 100/250: loss=0.750058
    Phase1 Epoch 150/250: loss=0.504221
    Phase1 Epoch 200/250: loss=0.266855
    Phase1 Epoch 250/250: loss=0.228265
      Phase 2 AE: K_weight=0.0000
        Phase2 Epoch 50/250: loss=0.151418
        Phase2 Epoch 100/250: loss=0.103582
        Phase2 Epoch 150/250: loss=0.138013
        Phase2 Epoch 200/250: loss=0.039300
        Phase2 Epoch 250/250: loss=0.040922
        E_mu=0.8677  E_Sigma=1.8108
      → baseline
  Stage 2 epoch 60/300: loss=0.000811
  Stage 2 epoch 120/300: loss=0.000537
  Stage 2 epoch 180/300: loss=0.000343
  Stage 2 epoch 240/300: loss=0.000153
  Stage 2 epoch 300/300: loss=0.000064
  Stage 3 epoch 60/300: loss=0.000288
  Stage 3 epoch 120/300: loss=0.000140
  Stage 3 epoch 180/300: loss=0.000098
  Stage 3 epoch 240/300: loss=0.000091
  Stage 3 epoch 300/300: loss=0.000086
  MTE@0.1: 1.5487
  MTE@0.5: 2.4856
  MTE@1.0: 2.9125
  W2@1.0:  1.5785
  sW2@0.5: 1.3721 (105/200 in region)
  sW2@1.0: 1.5256 (64/200 in region)
  MMD@1.0: 0.1506
  Survival@1.0: 76.0%
  Stopped@1.0:  32.0%
      Phase 2 AE: K_weight=0.4275
        Phase2 Epoch 50/250: loss=0.125249
        Phase2 Epoch 100/250: loss=0.087073
        Phase2 Epoch 150/250: loss=0.053567
        Phase2 Epoch 200/250: loss=0.050281
        Phase2 Epoch 250/250: loss=0.037422
        E_mu=0.7828  E_Sigma=1.3229
      → K
  Stage 2 epoch 60/300: loss=0.000819
  Stage 2 epoch 120/300: loss=0.000568
  Stage 2 epoch 180/300: loss=0.000380
  Stage 2 epoch 240/300: loss=0.000168
  Stage 2 epoch 300/300: loss=0.000058
  Stage 3 epoch 60/300: loss=0.000237
  Stage 3 epoch 120/300: loss=0.000105
  Stage 3 epoch 180/300: loss=0.000069
  Stage 3 epoch 240/300: loss=0.000064
  Stage 3 epoch 300/300: loss=0.000061
  MTE@0.1: 1.5365
  MTE@0.5: 2.4421
  MTE@1.0: 2.8496
  W2@1.0:  1.3223
  sW2@0.5: 1.1636 (105/200 in region)
  sW2@1.0: 1.2839 (64/200 in region)
  MMD@1.0: 0.1134
  Survival@1.0: 76.0%
  Stopped@1.0:  32.0%
      → K+S (smooth=0.1)
  Stage 2 epoch 60/300: loss=0.008603
  Stage 2 epoch 120/300: loss=0.008576
  Stage 2 epoch 180/300: loss=0.008524
  Stage 2 epoch 240/300: loss=0.008532
  Stage 2 epoch 300/300: loss=0.008558
  Stage 3 epoch 60/300: loss=0.000237
  Stage 3 epoch 120/300: loss=0.000105
  Stage 3 epoch 180/300: loss=0.000069
  Stage 3 epoch 240/300: loss=0.000064
  Stage 3 epoch 300/300: loss=0.000061
  MTE@0.1: 1.5888
  MTE@0.5: 2.6609
  MTE@1.0: 3.4260
  W2@1.0:  1.7612
  sW2@0.5: 1.4718 (105/200 in region)
  sW2@1.0: 1.9286 (64/200 in region)
  MMD@1.0: 0.2186
  Survival@1.0: 76.0%
  Stopped@1.0:  32.0%
      baseline: W2=1.5785  E_mu=0.8677  E_Sig=1.8108
             K: W2=1.3223  E_mu=0.7828  E_Sig=1.3229
           K+S: W2=1.7612  E_mu=0.7828  E_Sig=1.3229

  N=20, D=201 completed in 625.8s (31.3s per fork)

============================================================
  N=50 | D=201 (K=99) | paraboloid | seed=42
============================================================
    Phase1 Epoch 50/250: loss=0.836408
    Phase1 Epoch 100/250: loss=0.760728
    Phase1 Epoch 150/250: loss=0.625073
    Phase1 Epoch 200/250: loss=0.407506
    Phase1 Epoch 250/250: loss=0.241989
      Phase 2 AE: K_weight=0.0000
        Phase2 Epoch 50/250: loss=0.076799
        Phase2 Epoch 100/250: loss=0.057516
        Phase2 Epoch 150/250: loss=0.057727
        Phase2 Epoch 200/250: loss=0.042915
        Phase2 Epoch 250/250: loss=0.053837
        E_mu=0.6344  E_Sigma=1.1094
      → baseline
  Stage 2 epoch 60/300: loss=0.001028
  Stage 2 epoch 120/300: loss=0.000701
  Stage 2 epoch 180/300: loss=0.000576
  Stage 2 epoch 240/300: loss=0.000364
  Stage 2 epoch 300/300: loss=0.000233
  Stage 3 epoch 60/300: loss=0.000260
  Stage 3 epoch 120/300: loss=0.000117
  Stage 3 epoch 180/300: loss=0.000096
  Stage 3 epoch 240/300: loss=0.000074
  Stage 3 epoch 300/300: loss=0.000058
  MTE@0.1: 1.8252
  MTE@0.5: 3.1974
  MTE@1.0: 3.8321
  W2@1.0:  2.1957
  sW2@0.5: 1.8687 (96/200 in region)
  sW2@1.0: 1.9634 (48/200 in region)
  MMD@1.0: 0.2253
  Survival@1.0: 76.5%
  Stopped@1.0:  24.0%
      Phase 2 AE: K_weight=0.4275
        Phase2 Epoch 50/250: loss=0.112608
        Phase2 Epoch 100/250: loss=0.041184
        Phase2 Epoch 150/250: loss=0.064478
        Phase2 Epoch 200/250: loss=0.041019
        Phase2 Epoch 250/250: loss=0.044067
        E_mu=0.3613  E_Sigma=0.7327
      → K
  Stage 2 epoch 60/300: loss=0.000983
  Stage 2 epoch 120/300: loss=0.000572
  Stage 2 epoch 180/300: loss=0.000470
  Stage 2 epoch 240/300: loss=0.000324
  Stage 2 epoch 300/300: loss=0.000212
  Stage 3 epoch 60/300: loss=0.000274
  Stage 3 epoch 120/300: loss=0.000120
  Stage 3 epoch 180/300: loss=0.000085
  Stage 3 epoch 240/300: loss=0.000058
  Stage 3 epoch 300/300: loss=0.000040
  MTE@0.1: 1.8717
  MTE@0.5: 3.2111
  MTE@1.0: 3.8784
  W2@1.0:  2.1696
  sW2@0.5: 1.9302 (96/200 in region)
  sW2@1.0: 2.0342 (48/200 in region)
  MMD@1.0: 0.2529
  Survival@1.0: 76.5%
  Stopped@1.0:  24.0%
      → K+S (smooth=0.1)
  Stage 2 epoch 60/300: loss=0.009946
  Stage 2 epoch 120/300: loss=0.009659
  Stage 2 epoch 180/300: loss=0.010749
  Stage 2 epoch 240/300: loss=0.010858
  Stage 2 epoch 300/300: loss=0.010880
  Stage 3 epoch 60/300: loss=0.000274
  Stage 3 epoch 120/300: loss=0.000120
  Stage 3 epoch 180/300: loss=0.000085
  Stage 3 epoch 240/300: loss=0.000058
  Stage 3 epoch 300/300: loss=0.000040
  MTE@0.1: 1.8488
  MTE@0.5: 3.0088
  MTE@1.0: 3.3732
  W2@1.0:  1.6785
  sW2@0.5: 1.5004 (96/200 in region)
  sW2@1.0: 1.4411 (48/200 in region)
  MMD@1.0: 0.2322
  Survival@1.0: 76.5%
  Stopped@1.0:  24.0%
      baseline: W2=2.1957  E_mu=0.6344  E_Sig=1.1094
             K: W2=2.1696  E_mu=0.3613  E_Sig=0.7327
           K+S: W2=1.6785  E_mu=0.3613  E_Sig=0.7327

============================================================
  N=50 | D=201 (K=99) | paraboloid | seed=1042
============================================================
    Phase1 Epoch 50/250: loss=0.763786
    Phase1 Epoch 100/250: loss=0.630083
    Phase1 Epoch 150/250: loss=0.420751
    Phase1 Epoch 200/250: loss=0.245851
    Phase1 Epoch 250/250: loss=0.112899
      Phase 2 AE: K_weight=0.0000
        Phase2 Epoch 50/250: loss=0.082649
        Phase2 Epoch 100/250: loss=0.064411
        Phase2 Epoch 150/250: loss=0.058208
        Phase2 Epoch 200/250: loss=0.039300
        Phase2 Epoch 250/250: loss=0.025333
        E_mu=0.4187  E_Sigma=0.5832
      → baseline
  Stage 2 epoch 60/300: loss=0.000510
  Stage 2 epoch 120/300: loss=0.000354
  Stage 2 epoch 180/300: loss=0.000243
  Stage 2 epoch 240/300: loss=0.000184
  Stage 2 epoch 300/300: loss=0.000148
  Stage 3 epoch 60/300: loss=0.000053
  Stage 3 epoch 120/300: loss=0.000046
  Stage 3 epoch 180/300: loss=0.000038
  Stage 3 epoch 240/300: loss=0.000036
  Stage 3 epoch 300/300: loss=0.000029
  MTE@0.1: 1.0548
  MTE@0.5: 1.8904
  MTE@1.0: 2.5963
  W2@1.0:  1.4596
  sW2@0.5: 0.9858 (100/200 in region)
  sW2@1.0: 1.8544 (53/200 in region)
  MMD@1.0: 0.2127
  Survival@1.0: 72.0%
  Stopped@1.0:  26.5%
      Phase 2 AE: K_weight=0.4275
        Phase2 Epoch 50/250: loss=0.057537
        Phase2 Epoch 100/250: loss=0.075080
        Phase2 Epoch 150/250: loss=0.057067
        Phase2 Epoch 200/250: loss=0.046356
        Phase2 Epoch 250/250: loss=0.029269
        E_mu=0.4135  E_Sigma=1.0656
      → K
  Stage 2 epoch 60/300: loss=0.000432
  Stage 2 epoch 120/300: loss=0.000288
  Stage 2 epoch 180/300: loss=0.000214
  Stage 2 epoch 240/300: loss=0.000179
  Stage 2 epoch 300/300: loss=0.000145
  Stage 3 epoch 60/300: loss=0.000087
  Stage 3 epoch 120/300: loss=0.000073
  Stage 3 epoch 180/300: loss=0.000061
  Stage 3 epoch 240/300: loss=0.000057
  Stage 3 epoch 300/300: loss=0.000046
  MTE@0.1: 1.1130
  MTE@0.5: 1.9530
  MTE@1.0: 2.6123
  W2@1.0:  1.4167
  sW2@0.5: 1.0848 (100/200 in region)
  sW2@1.0: 1.8287 (53/200 in region)
  MMD@1.0: 0.2386
  Survival@1.0: 72.0%
  Stopped@1.0:  26.5%
      → K+S (smooth=0.1)
  Stage 2 epoch 60/300: loss=0.006078
  Stage 2 epoch 120/300: loss=0.006142
  Stage 2 epoch 180/300: loss=0.006093
  Stage 2 epoch 240/300: loss=0.005984
  Stage 2 epoch 300/300: loss=0.005861
  Stage 3 epoch 60/300: loss=0.000087
  Stage 3 epoch 120/300: loss=0.000073
  Stage 3 epoch 180/300: loss=0.000061
  Stage 3 epoch 240/300: loss=0.000057
  Stage 3 epoch 300/300: loss=0.000046
  MTE@0.1: 1.1136
  MTE@0.5: 1.8932
  MTE@1.0: 2.4250
  W2@1.0:  1.3751
  sW2@0.5: 0.9568 (100/200 in region)
  sW2@1.0: 1.4384 (53/200 in region)
  MMD@1.0: 0.1863
  Survival@1.0: 72.0%
  Stopped@1.0:  26.5%
      baseline: W2=1.4596  E_mu=0.4187  E_Sig=0.5832
             K: W2=1.4167  E_mu=0.4135  E_Sig=1.0656
           K+S: W2=1.3751  E_mu=0.4135  E_Sig=1.0656

============================================================
  N=50 | D=201 (K=99) | paraboloid | seed=2042
============================================================
    Phase1 Epoch 50/250: loss=0.842978
    Phase1 Epoch 100/250: loss=0.936158
    Phase1 Epoch 150/250: loss=0.651387
    Phase1 Epoch 200/250: loss=0.528585
    Phase1 Epoch 250/250: loss=0.335170
      Phase 2 AE: K_weight=0.0000
        Phase2 Epoch 50/250: loss=0.157197
        Phase2 Epoch 100/250: loss=0.104453
        Phase2 Epoch 150/250: loss=0.066628
        Phase2 Epoch 200/250: loss=0.067808
        Phase2 Epoch 250/250: loss=0.035324
        E_mu=0.4579  E_Sigma=0.8318
      → baseline
  Stage 2 epoch 60/300: loss=0.000775
  Stage 2 epoch 120/300: loss=0.000692
  Stage 2 epoch 180/300: loss=0.000486
  Stage 2 epoch 240/300: loss=0.000287
  Stage 2 epoch 300/300: loss=0.000224
  Stage 3 epoch 60/300: loss=0.000271
  Stage 3 epoch 120/300: loss=0.000155
  Stage 3 epoch 180/300: loss=0.000115
  Stage 3 epoch 240/300: loss=0.000087
  Stage 3 epoch 300/300: loss=0.000085
  MTE@0.1: 0.6423
  MTE@0.5: 1.6062
  MTE@1.0: 2.2410
  W2@1.0:  1.7457
  sW2@0.5: 0.9909 (95/200 in region)
  sW2@1.0: 1.6993 (47/200 in region)
  MMD@1.0: 0.2357
  Survival@1.0: 78.5%
  Stopped@1.0:  23.5%
      Phase 2 AE: K_weight=0.4275
        Phase2 Epoch 50/250: loss=0.137646
        Phase2 Epoch 100/250: loss=0.065581
        Phase2 Epoch 150/250: loss=0.063079
        Phase2 Epoch 200/250: loss=0.039041
        Phase2 Epoch 250/250: loss=0.071138
        E_mu=0.4015  E_Sigma=0.8620
      → K
  Stage 2 epoch 60/300: loss=0.000776
  Stage 2 epoch 120/300: loss=0.000686
  Stage 2 epoch 180/300: loss=0.000440
  Stage 2 epoch 240/300: loss=0.000258
  Stage 2 epoch 300/300: loss=0.000170
  Stage 3 epoch 60/300: loss=0.000243
  Stage 3 epoch 120/300: loss=0.000114
  Stage 3 epoch 180/300: loss=0.000094
  Stage 3 epoch 240/300: loss=0.000079
  Stage 3 epoch 300/300: loss=0.000078
  MTE@0.1: 1.8001
  MTE@0.5: 2.4648
  MTE@1.0: 2.9227
  W2@1.0:  2.3257
  sW2@0.5: 1.9175 (95/200 in region)
  sW2@1.0: 2.4330 (47/200 in region)
  MMD@1.0: 0.4060
  Survival@1.0: 78.5%
  Stopped@1.0:  23.5%
      → K+S (smooth=0.1)
  Stage 2 epoch 60/300: loss=0.008416
  Stage 2 epoch 120/300: loss=0.008305
  Stage 2 epoch 180/300: loss=0.008446
  Stage 2 epoch 240/300: loss=0.008401
  Stage 2 epoch 300/300: loss=0.007936
  Stage 3 epoch 60/300: loss=0.000243
  Stage 3 epoch 120/300: loss=0.000114
  Stage 3 epoch 180/300: loss=0.000094
  Stage 3 epoch 240/300: loss=0.000079
  Stage 3 epoch 300/300: loss=0.000078
  MTE@0.1: 1.7984
  MTE@0.5: 2.4893
  MTE@1.0: 2.9267
  W2@1.0:  2.1090
  sW2@0.5: 1.8595 (95/200 in region)
  sW2@1.0: 2.1953 (47/200 in region)
  MMD@1.0: 0.4139
  Survival@1.0: 78.5%
  Stopped@1.0:  23.5%
      baseline: W2=1.7457  E_mu=0.4579  E_Sig=0.8318
             K: W2=2.3257  E_mu=0.4015  E_Sig=0.8620
           K+S: W2=2.1090  E_mu=0.4015  E_Sig=0.8620

============================================================
  N=50 | D=201 (K=99) | paraboloid | seed=3042
============================================================
    Phase1 Epoch 50/250: loss=0.840931
    Phase1 Epoch 100/250: loss=0.806722
    Phase1 Epoch 150/250: loss=0.720116
    Phase1 Epoch 200/250: loss=0.606824
    Phase1 Epoch 250/250: loss=0.251776
      Phase 2 AE: K_weight=0.0000
        Phase2 Epoch 50/250: loss=0.066565
        Phase2 Epoch 100/250: loss=0.042885
        Phase2 Epoch 150/250: loss=0.036711
        Phase2 Epoch 200/250: loss=0.016244
        Phase2 Epoch 250/250: loss=0.046359
        E_mu=0.2865  E_Sigma=0.4474
      → baseline
  Stage 2 epoch 60/300: loss=0.000848
  Stage 2 epoch 120/300: loss=0.000564
  Stage 2 epoch 180/300: loss=0.000456
  Stage 2 epoch 240/300: loss=0.000278
  Stage 2 epoch 300/300: loss=0.000194
  Stage 3 epoch 60/300: loss=0.000244
  Stage 3 epoch 120/300: loss=0.000184
  Stage 3 epoch 180/300: loss=0.000101
  Stage 3 epoch 240/300: loss=0.000080
  Stage 3 epoch 300/300: loss=0.000072
  MTE@0.1: 0.6916
  MTE@0.5: 1.4097
  MTE@1.0: 2.3486
  W2@1.0:  1.8290
  sW2@0.5: 0.8943 (99/200 in region)
  sW2@1.0: 1.7213 (48/200 in region)
  MMD@1.0: 0.2765
  Survival@1.0: 74.5%
  Stopped@1.0:  24.0%
      Phase 2 AE: K_weight=0.4275
        Phase2 Epoch 50/250: loss=0.087539
        Phase2 Epoch 100/250: loss=0.032387
        Phase2 Epoch 150/250: loss=0.030234
        Phase2 Epoch 200/250: loss=0.071024
        Phase2 Epoch 250/250: loss=0.030733
        E_mu=0.2157  E_Sigma=0.3797
      → K
  Stage 2 epoch 60/300: loss=0.000685
  Stage 2 epoch 120/300: loss=0.000455
  Stage 2 epoch 180/300: loss=0.000326
  Stage 2 epoch 240/300: loss=0.000186
  Stage 2 epoch 300/300: loss=0.000149
  Stage 3 epoch 60/300: loss=0.000191
  Stage 3 epoch 120/300: loss=0.000129
  Stage 3 epoch 180/300: loss=0.000062
  Stage 3 epoch 240/300: loss=0.000048
  Stage 3 epoch 300/300: loss=0.000041
  MTE@0.1: 0.7048
  MTE@0.5: 1.3776
  MTE@1.0: 2.2205
  W2@1.0:  1.5663
  sW2@0.5: 0.8541 (99/200 in region)
  sW2@1.0: 1.5875 (48/200 in region)
  MMD@1.0: 0.2610
  Survival@1.0: 74.5%
  Stopped@1.0:  24.0%
      → K+S (smooth=0.1)
  Stage 2 epoch 60/300: loss=0.008249
  Stage 2 epoch 120/300: loss=0.007815
  Stage 2 epoch 180/300: loss=0.008236
  Stage 2 epoch 240/300: loss=0.007733
  Stage 2 epoch 300/300: loss=0.007999
  Stage 3 epoch 60/300: loss=0.000191
  Stage 3 epoch 120/300: loss=0.000129
  Stage 3 epoch 180/300: loss=0.000062
  Stage 3 epoch 240/300: loss=0.000048
  Stage 3 epoch 300/300: loss=0.000041
  MTE@0.1: 0.7139
  MTE@0.5: 1.5443
  MTE@1.0: 2.2426
  W2@1.0:  1.3512
  sW2@0.5: 0.8071 (99/200 in region)
  sW2@1.0: 1.5851 (48/200 in region)
  MMD@1.0: 0.2173
  Survival@1.0: 74.5%
  Stopped@1.0:  24.0%
      baseline: W2=1.8290  E_mu=0.2865  E_Sig=0.4474
             K: W2=1.5663  E_mu=0.2157  E_Sig=0.3797
           K+S: W2=1.3512  E_mu=0.2157  E_Sig=0.3797

============================================================
  N=50 | D=201 (K=99) | paraboloid | seed=4042
============================================================
    Phase1 Epoch 50/250: loss=0.799621
    Phase1 Epoch 100/250: loss=0.679854
    Phase1 Epoch 150/250: loss=0.457456
    Phase1 Epoch 200/250: loss=0.209720
    Phase1 Epoch 250/250: loss=0.117531
      Phase 2 AE: K_weight=0.0000
        Phase2 Epoch 50/250: loss=0.074868
        Phase2 Epoch 100/250: loss=0.044046
        Phase2 Epoch 150/250: loss=0.022907
        Phase2 Epoch 200/250: loss=0.028813
        Phase2 Epoch 250/250: loss=0.027553
        E_mu=0.4864  E_Sigma=0.9196
      → baseline
  Stage 2 epoch 60/300: loss=0.000764
  Stage 2 epoch 120/300: loss=0.000637
  Stage 2 epoch 180/300: loss=0.000544
  Stage 2 epoch 240/300: loss=0.000400
  Stage 2 epoch 300/300: loss=0.000294
  Stage 3 epoch 60/300: loss=0.000169
  Stage 3 epoch 120/300: loss=0.000138
  Stage 3 epoch 180/300: loss=0.000103
  Stage 3 epoch 240/300: loss=0.000086
  Stage 3 epoch 300/300: loss=0.000081
  MTE@0.1: 1.2368
  MTE@0.5: 2.3533
  MTE@1.0: 2.7654
  W2@1.0:  1.6574
  sW2@0.5: 1.2030 (107/200 in region)
  sW2@1.0: 2.1685 (60/200 in region)
  MMD@1.0: 0.2393
  Survival@1.0: 76.0%
  Stopped@1.0:  30.0%
      Phase 2 AE: K_weight=0.4275
        Phase2 Epoch 50/250: loss=0.076748
        Phase2 Epoch 100/250: loss=0.065949
        Phase2 Epoch 150/250: loss=0.052667
        Phase2 Epoch 200/250: loss=0.026062
        Phase2 Epoch 250/250: loss=0.039939
        E_mu=0.3419  E_Sigma=0.5786
      → K
  Stage 2 epoch 60/300: loss=0.000586
  Stage 2 epoch 120/300: loss=0.000537
  Stage 2 epoch 180/300: loss=0.000506
  Stage 2 epoch 240/300: loss=0.000423
  Stage 2 epoch 300/300: loss=0.000349
  Stage 3 epoch 60/300: loss=0.000139
  Stage 3 epoch 120/300: loss=0.000111
  Stage 3 epoch 180/300: loss=0.000079
  Stage 3 epoch 240/300: loss=0.000060
  Stage 3 epoch 300/300: loss=0.000055
  MTE@0.1: 1.2330
  MTE@0.5: 2.3273
  MTE@1.0: 2.6732
  W2@1.0:  1.4770
  sW2@0.5: 1.1492 (107/200 in region)
  sW2@1.0: 1.9909 (60/200 in region)
  MMD@1.0: 0.2225
  Survival@1.0: 76.0%
  Stopped@1.0:  30.0%
      → K+S (smooth=0.1)
  Stage 2 epoch 60/300: loss=0.006570
  Stage 2 epoch 120/300: loss=0.006654
  Stage 2 epoch 180/300: loss=0.006894
  Stage 2 epoch 240/300: loss=0.007179
  Stage 2 epoch 300/300: loss=0.007019
  Stage 3 epoch 60/300: loss=0.000139
  Stage 3 epoch 120/300: loss=0.000111
  Stage 3 epoch 180/300: loss=0.000079
  Stage 3 epoch 240/300: loss=0.000060
  Stage 3 epoch 300/300: loss=0.000055
  MTE@0.1: 1.2235
  MTE@0.5: 2.2738
  MTE@1.0: 2.4030
  W2@1.0:  1.1983
  sW2@0.5: 0.9903 (107/200 in region)
  sW2@1.0: 1.6406 (60/200 in region)
  MMD@1.0: 0.1844
  Survival@1.0: 76.0%
  Stopped@1.0:  30.0%
      baseline: W2=1.6574  E_mu=0.4864  E_Sig=0.9196
             K: W2=1.4770  E_mu=0.3419  E_Sig=0.5786
           K+S: W2=1.1983  E_mu=0.3419  E_Sig=0.5786

============================================================
  N=50 | D=201 (K=99) | paraboloid | seed=5042
============================================================
    Phase1 Epoch 50/250: loss=0.840115
    Phase1 Epoch 100/250: loss=0.730718
    Phase1 Epoch 150/250: loss=0.656361
    Phase1 Epoch 200/250: loss=0.455263
    Phase1 Epoch 250/250: loss=0.266015
      Phase 2 AE: K_weight=0.0000
        Phase2 Epoch 50/250: loss=0.094491
        Phase2 Epoch 100/250: loss=0.066753
        Phase2 Epoch 150/250: loss=0.037688
        Phase2 Epoch 200/250: loss=0.033281
        Phase2 Epoch 250/250: loss=0.044253
        E_mu=0.5407  E_Sigma=0.8715
      → baseline
  Stage 2 epoch 60/300: loss=0.000822
  Stage 2 epoch 120/300: loss=0.000377
  Stage 2 epoch 180/300: loss=0.000243
  Stage 2 epoch 240/300: loss=0.000169
  Stage 2 epoch 300/300: loss=0.000112
  Stage 3 epoch 60/300: loss=0.000302
  Stage 3 epoch 120/300: loss=0.000164
  Stage 3 epoch 180/300: loss=0.000131
  Stage 3 epoch 240/300: loss=0.000122
  Stage 3 epoch 300/300: loss=0.000113
  MTE@0.1: 1.0881
  MTE@0.5: 2.1945
  MTE@1.0: 2.7423
  W2@1.0:  1.6411
  sW2@0.5: 1.1208 (110/200 in region)
  sW2@1.0: 2.0644 (53/200 in region)
  MMD@1.0: 0.1801
  Survival@1.0: 76.5%
  Stopped@1.0:  26.5%
      Phase 2 AE: K_weight=0.4275
        Phase2 Epoch 50/250: loss=0.076331
        Phase2 Epoch 100/250: loss=0.046883
        Phase2 Epoch 150/250: loss=0.039260
        Phase2 Epoch 200/250: loss=0.038795
        Phase2 Epoch 250/250: loss=0.034936
        E_mu=0.5124  E_Sigma=0.7030
      → K
  Stage 2 epoch 60/300: loss=0.000524
  Stage 2 epoch 120/300: loss=0.000332
  Stage 2 epoch 180/300: loss=0.000239
  Stage 2 epoch 240/300: loss=0.000156
  Stage 2 epoch 300/300: loss=0.000101
  Stage 3 epoch 60/300: loss=0.000414
  Stage 3 epoch 120/300: loss=0.000222
  Stage 3 epoch 180/300: loss=0.000169
  Stage 3 epoch 240/300: loss=0.000137
  Stage 3 epoch 300/300: loss=0.000138
  MTE@0.1: 1.3752
  MTE@0.5: 2.2874
  MTE@1.0: 2.9880
  W2@1.0:  1.7372
  sW2@0.5: 1.3429 (110/200 in region)
  sW2@1.0: 2.3908 (53/200 in region)
  MMD@1.0: 0.2659
  Survival@1.0: 76.5%
  Stopped@1.0:  26.5%
      → K+S (smooth=0.1)
  Stage 2 epoch 60/300: loss=0.007050
  Stage 2 epoch 120/300: loss=0.007085
  Stage 2 epoch 180/300: loss=0.006715
  Stage 2 epoch 240/300: loss=0.006775
  Stage 2 epoch 300/300: loss=0.007026
  Stage 3 epoch 60/300: loss=0.000414
  Stage 3 epoch 120/300: loss=0.000222
  Stage 3 epoch 180/300: loss=0.000169
  Stage 3 epoch 240/300: loss=0.000137
  Stage 3 epoch 300/300: loss=0.000138
  MTE@0.1: 1.3774
  MTE@0.5: 2.2265
  MTE@1.0: 2.7800
  W2@1.0:  1.4757
  sW2@0.5: 1.1880 (110/200 in region)
  sW2@1.0: 1.8432 (53/200 in region)
  MMD@1.0: 0.2549
  Survival@1.0: 76.5%
  Stopped@1.0:  26.5%
      baseline: W2=1.6411  E_mu=0.5407  E_Sig=0.8715
             K: W2=1.7372  E_mu=0.5124  E_Sig=0.7030
           K+S: W2=1.4757  E_mu=0.5124  E_Sig=0.7030

============================================================
  N=50 | D=201 (K=99) | paraboloid | seed=6042
============================================================
    Phase1 Epoch 50/250: loss=0.868327
    Phase1 Epoch 100/250: loss=0.696980
    Phase1 Epoch 150/250: loss=0.518198
    Phase1 Epoch 200/250: loss=0.305892
    Phase1 Epoch 250/250: loss=0.150169
      Phase 2 AE: K_weight=0.0000
        Phase2 Epoch 50/250: loss=0.059019
        Phase2 Epoch 100/250: loss=0.060774
        Phase2 Epoch 150/250: loss=0.039417
        Phase2 Epoch 200/250: loss=0.068072
        Phase2 Epoch 250/250: loss=0.028051
        E_mu=0.5249  E_Sigma=0.5406
      → baseline
  Stage 2 epoch 60/300: loss=0.000793
  Stage 2 epoch 120/300: loss=0.000679
  Stage 2 epoch 180/300: loss=0.000384
  Stage 2 epoch 240/300: loss=0.000385
  Stage 2 epoch 300/300: loss=0.000256
  Stage 3 epoch 60/300: loss=0.000198
  Stage 3 epoch 120/300: loss=0.000173
  Stage 3 epoch 180/300: loss=0.000148
  Stage 3 epoch 240/300: loss=0.000152
  Stage 3 epoch 300/300: loss=0.000137
  MTE@0.1: 0.9364
  MTE@0.5: 1.8292
  MTE@1.0: 2.0899
  W2@1.0:  1.2581
  sW2@0.5: 0.7028 (103/200 in region)
  sW2@1.0: 1.0550 (61/200 in region)
  MMD@1.0: 0.1286
  Survival@1.0: 73.0%
  Stopped@1.0:  30.5%
      Phase 2 AE: K_weight=0.4275
        Phase2 Epoch 50/250: loss=0.082582
        Phase2 Epoch 100/250: loss=0.091309
        Phase2 Epoch 150/250: loss=0.041342
        Phase2 Epoch 200/250: loss=0.094530
        Phase2 Epoch 250/250: loss=0.027198
        E_mu=0.3677  E_Sigma=0.6831
      → K
  Stage 2 epoch 60/300: loss=0.000544
  Stage 2 epoch 120/300: loss=0.000525
  Stage 2 epoch 180/300: loss=0.000299
  Stage 2 epoch 240/300: loss=0.000283
  Stage 2 epoch 300/300: loss=0.000193
  Stage 3 epoch 60/300: loss=0.000187
  Stage 3 epoch 120/300: loss=0.000159
  Stage 3 epoch 180/300: loss=0.000135
  Stage 3 epoch 240/300: loss=0.000131
  Stage 3 epoch 300/300: loss=0.000118
  MTE@0.1: 0.9571
  MTE@0.5: 1.8099
  MTE@1.0: 2.0639
  W2@1.0:  1.1739
  sW2@0.5: 0.6615 (103/200 in region)
  sW2@1.0: 1.0235 (61/200 in region)
  MMD@1.0: 0.1299
  Survival@1.0: 73.0%
  Stopped@1.0:  30.5%
      → K+S (smooth=0.1)
  Stage 2 epoch 60/300: loss=0.006651
  Stage 2 epoch 120/300: loss=0.007294
  Stage 2 epoch 180/300: loss=0.006754
  Stage 2 epoch 240/300: loss=0.006991
  Stage 2 epoch 300/300: loss=0.006670
  Stage 3 epoch 60/300: loss=0.000187
  Stage 3 epoch 120/300: loss=0.000159
  Stage 3 epoch 180/300: loss=0.000135
  Stage 3 epoch 240/300: loss=0.000131
  Stage 3 epoch 300/300: loss=0.000118
  MTE@0.1: 0.9604
  MTE@0.5: 1.8356
  MTE@1.0: 2.0486
  W2@1.0:  1.2541
  sW2@0.5: 0.6612 (103/200 in region)
  sW2@1.0: 0.6425 (61/200 in region)
  MMD@1.0: 0.1351
  Survival@1.0: 73.0%
  Stopped@1.0:  30.5%
      baseline: W2=1.2581  E_mu=0.5249  E_Sig=0.5406
             K: W2=1.1739  E_mu=0.3677  E_Sig=0.6831
           K+S: W2=1.2541  E_mu=0.3677  E_Sig=0.6831

============================================================
  N=50 | D=201 (K=99) | paraboloid | seed=7042
============================================================
    Phase1 Epoch 50/250: loss=0.842497
    Phase1 Epoch 100/250: loss=0.695307
    Phase1 Epoch 150/250: loss=0.352038
    Phase1 Epoch 200/250: loss=0.160836
    Phase1 Epoch 250/250: loss=0.136975
      Phase 2 AE: K_weight=0.0000
        Phase2 Epoch 50/250: loss=0.084267
        Phase2 Epoch 100/250: loss=0.107197
        Phase2 Epoch 150/250: loss=0.055014
        Phase2 Epoch 200/250: loss=0.033149
        Phase2 Epoch 250/250: loss=0.040242
        E_mu=0.2599  E_Sigma=0.6813
      → baseline
  Stage 2 epoch 60/300: loss=0.000786
  Stage 2 epoch 120/300: loss=0.000561
  Stage 2 epoch 180/300: loss=0.000400
  Stage 2 epoch 240/300: loss=0.000369
  Stage 2 epoch 300/300: loss=0.000318
  Stage 3 epoch 60/300: loss=0.000202
  Stage 3 epoch 120/300: loss=0.000153
  Stage 3 epoch 180/300: loss=0.000125
  Stage 3 epoch 240/300: loss=0.000115
  Stage 3 epoch 300/300: loss=0.000106
  MTE@0.1: 1.5358
  MTE@0.5: 2.5891
  MTE@1.0: 2.9360
  W2@1.0:  1.3714
  sW2@0.5: 1.1514 (103/200 in region)
  sW2@1.0: 1.2741 (54/200 in region)
  MMD@1.0: 0.1815
  Survival@1.0: 76.5%
  Stopped@1.0:  27.0%
      Phase 2 AE: K_weight=0.4275
        Phase2 Epoch 50/250: loss=0.081767
        Phase2 Epoch 100/250: loss=0.061041
        Phase2 Epoch 150/250: loss=0.035355
        Phase2 Epoch 200/250: loss=0.027291
        Phase2 Epoch 250/250: loss=0.030205
        E_mu=0.1510  E_Sigma=0.4660
      → K
  Stage 2 epoch 60/300: loss=0.000661
  Stage 2 epoch 120/300: loss=0.000452
  Stage 2 epoch 180/300: loss=0.000315
  Stage 2 epoch 240/300: loss=0.000299
  Stage 2 epoch 300/300: loss=0.000282
  Stage 3 epoch 60/300: loss=0.000185
  Stage 3 epoch 120/300: loss=0.000144
  Stage 3 epoch 180/300: loss=0.000119
  Stage 3 epoch 240/300: loss=0.000099
  Stage 3 epoch 300/300: loss=0.000085
  MTE@0.1: 1.8133
  MTE@0.5: 2.8097
  MTE@1.0: 3.1727
  W2@1.0:  1.6558
  sW2@0.5: 1.5444 (103/200 in region)
  sW2@1.0: 1.7307 (54/200 in region)
  MMD@1.0: 0.3024
  Survival@1.0: 76.5%
  Stopped@1.0:  27.0%
      → K+S (smooth=0.1)
  Stage 2 epoch 60/300: loss=0.007842
  Stage 2 epoch 120/300: loss=0.007909
  Stage 2 epoch 180/300: loss=0.008061
  Stage 2 epoch 240/300: loss=0.007444
  Stage 2 epoch 300/300: loss=0.007887
  Stage 3 epoch 60/300: loss=0.000185
  Stage 3 epoch 120/300: loss=0.000144
  Stage 3 epoch 180/300: loss=0.000119
  Stage 3 epoch 240/300: loss=0.000099
  Stage 3 epoch 300/300: loss=0.000085
  MTE@0.1: 1.8132
  MTE@0.5: 2.8301
  MTE@1.0: 3.1513
  W2@1.0:  1.6873
  sW2@0.5: 1.5764 (103/200 in region)
  sW2@1.0: 1.7670 (54/200 in region)
  MMD@1.0: 0.2945
  Survival@1.0: 76.5%
  Stopped@1.0:  27.0%
      baseline: W2=1.3714  E_mu=0.2599  E_Sig=0.6813
             K: W2=1.6558  E_mu=0.1510  E_Sig=0.4660
           K+S: W2=1.6873  E_mu=0.1510  E_Sig=0.4660

============================================================
  N=50 | D=201 (K=99) | paraboloid | seed=8042
============================================================
    Phase1 Epoch 50/250: loss=0.808388
    Phase1 Epoch 100/250: loss=0.554610
    Phase1 Epoch 150/250: loss=0.275953
    Phase1 Epoch 200/250: loss=0.209811
    Phase1 Epoch 250/250: loss=0.098029
      Phase 2 AE: K_weight=0.0000
        Phase2 Epoch 50/250: loss=0.068897
        Phase2 Epoch 100/250: loss=0.054359
        Phase2 Epoch 150/250: loss=0.060968
        Phase2 Epoch 200/250: loss=0.041676
        Phase2 Epoch 250/250: loss=0.032309
        E_mu=0.7896  E_Sigma=0.8083
      → baseline
  Stage 2 epoch 60/300: loss=0.001210
  Stage 2 epoch 120/300: loss=0.001077
  Stage 2 epoch 180/300: loss=0.000831
  Stage 2 epoch 240/300: loss=0.000739
  Stage 2 epoch 300/300: loss=0.000581
  Stage 3 epoch 60/300: loss=0.000484
  Stage 3 epoch 120/300: loss=0.000334
  Stage 3 epoch 180/300: loss=0.000209
  Stage 3 epoch 240/300: loss=0.000155
  Stage 3 epoch 300/300: loss=0.000174
  MTE@0.1: 1.2506
  MTE@0.5: 2.4197
  MTE@1.0: 3.0567
  W2@1.0:  1.5603
  sW2@0.5: 1.5467 (101/200 in region)
  sW2@1.0: 2.1254 (60/200 in region)
  MMD@1.0: 0.2420
  Survival@1.0: 79.5%
  Stopped@1.0:  30.0%
      Phase 2 AE: K_weight=0.4275
        Phase2 Epoch 50/250: loss=0.054053
        Phase2 Epoch 100/250: loss=0.045425
        Phase2 Epoch 150/250: loss=0.087869
        Phase2 Epoch 200/250: loss=0.035343
        Phase2 Epoch 250/250: loss=0.042571
        E_mu=0.6151  E_Sigma=0.6577
      → K
  Stage 2 epoch 60/300: loss=0.001099
  Stage 2 epoch 120/300: loss=0.001006
  Stage 2 epoch 180/300: loss=0.000780
  Stage 2 epoch 240/300: loss=0.000719
  Stage 2 epoch 300/300: loss=0.000589
  Stage 3 epoch 60/300: loss=0.000425
  Stage 3 epoch 120/300: loss=0.000252
  Stage 3 epoch 180/300: loss=0.000152
  Stage 3 epoch 240/300: loss=0.000102
  Stage 3 epoch 300/300: loss=0.000107
  MTE@0.1: 1.3976
  MTE@0.5: 2.5505
  MTE@1.0: 3.1404
  W2@1.0:  1.7080
  sW2@0.5: 1.7864 (101/200 in region)
  sW2@1.0: 2.2844 (60/200 in region)
  MMD@1.0: 0.2959
  Survival@1.0: 79.5%
  Stopped@1.0:  30.0%
      → K+S (smooth=0.1)
  Stage 2 epoch 60/300: loss=0.007656
  Stage 2 epoch 120/300: loss=0.008062
  Stage 2 epoch 180/300: loss=0.007234
  Stage 2 epoch 240/300: loss=0.007821
  Stage 2 epoch 300/300: loss=0.007448
  Stage 3 epoch 60/300: loss=0.000425
  Stage 3 epoch 120/300: loss=0.000252
  Stage 3 epoch 180/300: loss=0.000152
  Stage 3 epoch 240/300: loss=0.000102
  Stage 3 epoch 300/300: loss=0.000107
  MTE@0.1: 1.4027
  MTE@0.5: 2.5339
  MTE@1.0: 3.0694
  W2@1.0:  1.5243
  sW2@0.5: 1.6673 (101/200 in region)
  sW2@1.0: 2.0461 (60/200 in region)
  MMD@1.0: 0.2796
  Survival@1.0: 79.5%
  Stopped@1.0:  30.0%
      baseline: W2=1.5603  E_mu=0.7896  E_Sig=0.8083
             K: W2=1.7080  E_mu=0.6151  E_Sig=0.6577
           K+S: W2=1.5243  E_mu=0.6151  E_Sig=0.6577

============================================================
  N=50 | D=201 (K=99) | paraboloid | seed=9042
============================================================
    Phase1 Epoch 50/250: loss=0.822489
    Phase1 Epoch 100/250: loss=0.675178
    Phase1 Epoch 150/250: loss=0.287163
    Phase1 Epoch 200/250: loss=0.132875
    Phase1 Epoch 250/250: loss=0.169100
      Phase 2 AE: K_weight=0.0000
        Phase2 Epoch 50/250: loss=0.054791
        Phase2 Epoch 100/250: loss=0.030747
        Phase2 Epoch 150/250: loss=0.036973
        Phase2 Epoch 200/250: loss=0.039771
        Phase2 Epoch 250/250: loss=0.008102
        E_mu=0.2891  E_Sigma=0.1823
      → baseline
  Stage 2 epoch 60/300: loss=0.000722
  Stage 2 epoch 120/300: loss=0.000555
  Stage 2 epoch 180/300: loss=0.000372
  Stage 2 epoch 240/300: loss=0.000249
  Stage 2 epoch 300/300: loss=0.000244
  Stage 3 epoch 60/300: loss=0.000266
  Stage 3 epoch 120/300: loss=0.000086
  Stage 3 epoch 180/300: loss=0.000064
  Stage 3 epoch 240/300: loss=0.000047
  Stage 3 epoch 300/300: loss=0.000042
  MTE@0.1: 1.1154
  MTE@0.5: 2.1377
  MTE@1.0: 2.9168
  W2@1.0:  1.5620
  sW2@0.5: 1.4019 (105/200 in region)
  sW2@1.0: 2.2818 (64/200 in region)
  MMD@1.0: 0.2321
  Survival@1.0: 76.0%
  Stopped@1.0:  32.0%
      Phase 2 AE: K_weight=0.4275
        Phase2 Epoch 50/250: loss=0.037261
        Phase2 Epoch 100/250: loss=0.034436
        Phase2 Epoch 150/250: loss=0.017364
        Phase2 Epoch 200/250: loss=0.020640
        Phase2 Epoch 250/250: loss=0.020378
        E_mu=0.2014  E_Sigma=0.3624
      → K
  Stage 2 epoch 60/300: loss=0.000406
  Stage 2 epoch 120/300: loss=0.000324
  Stage 2 epoch 180/300: loss=0.000227
  Stage 2 epoch 240/300: loss=0.000179
  Stage 2 epoch 300/300: loss=0.000177
  Stage 3 epoch 60/300: loss=0.000244
  Stage 3 epoch 120/300: loss=0.000073
  Stage 3 epoch 180/300: loss=0.000054
  Stage 3 epoch 240/300: loss=0.000040
  Stage 3 epoch 300/300: loss=0.000034
  MTE@0.1: 1.1679
  MTE@0.5: 2.1254
  MTE@1.0: 2.7852
  W2@1.0:  1.4011
  sW2@0.5: 1.4416 (105/200 in region)
  sW2@1.0: 2.0568 (64/200 in region)
  MMD@1.0: 0.2207
  Survival@1.0: 76.0%
  Stopped@1.0:  32.0%
      → K+S (smooth=0.1)
  Stage 2 epoch 60/300: loss=0.007611
  Stage 2 epoch 120/300: loss=0.007939
  Stage 2 epoch 180/300: loss=0.007562
  Stage 2 epoch 240/300: loss=0.007096
  Stage 2 epoch 300/300: loss=0.007604
  Stage 3 epoch 60/300: loss=0.000244
  Stage 3 epoch 120/300: loss=0.000073
  Stage 3 epoch 180/300: loss=0.000054
  Stage 3 epoch 240/300: loss=0.000040
  Stage 3 epoch 300/300: loss=0.000034
  MTE@0.1: 1.1837
  MTE@0.5: 2.1136
  MTE@1.0: 2.8298
  W2@1.0:  1.4026
  sW2@0.5: 1.3747 (105/200 in region)
  sW2@1.0: 2.0261 (64/200 in region)
  MMD@1.0: 0.2249
  Survival@1.0: 76.0%
  Stopped@1.0:  32.0%
      baseline: W2=1.5620  E_mu=0.2891  E_Sig=0.1823
             K: W2=1.4011  E_mu=0.2014  E_Sig=0.3624
           K+S: W2=1.4026  E_mu=0.2014  E_Sig=0.3624

============================================================
  N=50 | D=201 (K=99) | hyperbolic_paraboloid | seed=42
============================================================
    Phase1 Epoch 50/250: loss=0.882256
    Phase1 Epoch 100/250: loss=0.735548
    Phase1 Epoch 150/250: loss=0.661903
    Phase1 Epoch 200/250: loss=0.390538
    Phase1 Epoch 250/250: loss=0.227185
      Phase 2 AE: K_weight=0.0000
        Phase2 Epoch 50/250: loss=0.056408
        Phase2 Epoch 100/250: loss=0.039904
        Phase2 Epoch 150/250: loss=0.026185
        Phase2 Epoch 200/250: loss=0.039567
        Phase2 Epoch 250/250: loss=0.015813
        E_mu=0.2754  E_Sigma=1.0511
      → baseline
  Stage 2 epoch 60/300: loss=0.000460
  Stage 2 epoch 120/300: loss=0.000390
  Stage 2 epoch 180/300: loss=0.000324
  Stage 2 epoch 240/300: loss=0.000290
  Stage 2 epoch 300/300: loss=0.000247
  Stage 3 epoch 60/300: loss=0.000193
  Stage 3 epoch 120/300: loss=0.000146
  Stage 3 epoch 180/300: loss=0.000113
  Stage 3 epoch 240/300: loss=0.000108
  Stage 3 epoch 300/300: loss=0.000093
  MTE@0.1: 0.9626
  MTE@0.5: 2.1217
  MTE@1.0: 2.6412
  W2@1.0:  1.2146
  sW2@0.5: 1.0403 (96/200 in region)
  sW2@1.0: 1.0111 (48/200 in region)
  MMD@1.0: 0.1447
  Survival@1.0: 76.5%
  Stopped@1.0:  24.0%
      Phase 2 AE: K_weight=0.4275
        Phase2 Epoch 50/250: loss=0.190297
        Phase2 Epoch 100/250: loss=0.032943
        Phase2 Epoch 150/250: loss=0.036026
        Phase2 Epoch 200/250: loss=0.029081
        Phase2 Epoch 250/250: loss=0.051453
        E_mu=0.2095  E_Sigma=0.6023
      → K
  Stage 2 epoch 60/300: loss=0.000401
  Stage 2 epoch 120/300: loss=0.000360
  Stage 2 epoch 180/300: loss=0.000349
  Stage 2 epoch 240/300: loss=0.000310
  Stage 2 epoch 300/300: loss=0.000267
  Stage 3 epoch 60/300: loss=0.000176
  Stage 3 epoch 120/300: loss=0.000032
  Stage 3 epoch 180/300: loss=0.000028
  Stage 3 epoch 240/300: loss=0.000030
  Stage 3 epoch 300/300: loss=0.000026
  MTE@0.1: 1.1698
  MTE@0.5: 2.5095
  MTE@1.0: 2.9628
  W2@1.0:  1.4814
  sW2@0.5: 1.2514 (96/200 in region)
  sW2@1.0: 1.4953 (48/200 in region)
  MMD@1.0: 0.1924
  Survival@1.0: 76.5%
  Stopped@1.0:  24.0%
      → K+S (smooth=0.1)
  Stage 2 epoch 60/300: loss=0.011963
  Stage 2 epoch 120/300: loss=0.011991
  Stage 2 epoch 180/300: loss=0.012145
  Stage 2 epoch 240/300: loss=0.012157
  Stage 2 epoch 300/300: loss=0.012663
  Stage 3 epoch 60/300: loss=0.000176
  Stage 3 epoch 120/300: loss=0.000032
  Stage 3 epoch 180/300: loss=0.000028
  Stage 3 epoch 240/300: loss=0.000030
  Stage 3 epoch 300/300: loss=0.000026
  MTE@0.1: 1.2091
  MTE@0.5: 2.8469
  MTE@1.0: 3.3311
  W2@1.0:  1.6906
  sW2@0.5: 1.3239 (96/200 in region)
  sW2@1.0: 1.6610 (48/200 in region)
  MMD@1.0: 0.2260
  Survival@1.0: 76.5%
  Stopped@1.0:  24.0%
      baseline: W2=1.2146  E_mu=0.2754  E_Sig=1.0511
             K: W2=1.4814  E_mu=0.2095  E_Sig=0.6023
           K+S: W2=1.6906  E_mu=0.2095  E_Sig=0.6023

============================================================
  N=50 | D=201 (K=99) | hyperbolic_paraboloid | seed=1042
============================================================
    Phase1 Epoch 50/250: loss=0.858135
    Phase1 Epoch 100/250: loss=0.600385
    Phase1 Epoch 150/250: loss=0.251391
    Phase1 Epoch 200/250: loss=0.140096
    Phase1 Epoch 250/250: loss=0.056367
      Phase 2 AE: K_weight=0.0000
        Phase2 Epoch 50/250: loss=0.051613
        Phase2 Epoch 100/250: loss=0.029260
        Phase2 Epoch 150/250: loss=0.024241
        Phase2 Epoch 200/250: loss=0.043254
        Phase2 Epoch 250/250: loss=0.020050
        E_mu=0.2320  E_Sigma=0.4916
      → baseline
  Stage 2 epoch 60/300: loss=0.001223
  Stage 2 epoch 120/300: loss=0.001027
  Stage 2 epoch 180/300: loss=0.000807
  Stage 2 epoch 240/300: loss=0.000428
  Stage 2 epoch 300/300: loss=0.000265
  Stage 3 epoch 60/300: loss=0.000074
  Stage 3 epoch 120/300: loss=0.000058
  Stage 3 epoch 180/300: loss=0.000037
  Stage 3 epoch 240/300: loss=0.000033
  Stage 3 epoch 300/300: loss=0.000026
  MTE@0.1: 1.6477
  MTE@0.5: 2.6542
  MTE@1.0: 3.1650
  W2@1.0:  1.3661
  sW2@0.5: 1.3228 (100/200 in region)
  sW2@1.0: 1.3294 (53/200 in region)
  MMD@1.0: 0.1796
  Survival@1.0: 72.0%
  Stopped@1.0:  26.5%
      Phase 2 AE: K_weight=0.4275
        Phase2 Epoch 50/250: loss=0.058189
        Phase2 Epoch 100/250: loss=0.042353
        Phase2 Epoch 150/250: loss=0.027386
        Phase2 Epoch 200/250: loss=0.023186
        Phase2 Epoch 250/250: loss=0.020527
        E_mu=0.2774  E_Sigma=0.6809
      → K
  Stage 2 epoch 60/300: loss=0.001247
  Stage 2 epoch 120/300: loss=0.000980
  Stage 2 epoch 180/300: loss=0.000689
  Stage 2 epoch 240/300: loss=0.000357
  Stage 2 epoch 300/300: loss=0.000243
  Stage 3 epoch 60/300: loss=0.000090
  Stage 3 epoch 120/300: loss=0.000061
  Stage 3 epoch 180/300: loss=0.000040
  Stage 3 epoch 240/300: loss=0.000035
  Stage 3 epoch 300/300: loss=0.000028
  MTE@0.1: 1.6431
  MTE@0.5: 2.6207
  MTE@1.0: 3.1613
  W2@1.0:  1.3407
  sW2@0.5: 1.2949 (100/200 in region)
  sW2@1.0: 1.5121 (53/200 in region)
  MMD@1.0: 0.1716
  Survival@1.0: 72.0%
  Stopped@1.0:  26.5%
      → K+S (smooth=0.1)
  Stage 2 epoch 60/300: loss=0.014246
  Stage 2 epoch 120/300: loss=0.014034
  Stage 2 epoch 180/300: loss=0.014539
  Stage 2 epoch 240/300: loss=0.013770
  Stage 2 epoch 300/300: loss=0.013390
  Stage 3 epoch 60/300: loss=0.000090
  Stage 3 epoch 120/300: loss=0.000061
  Stage 3 epoch 180/300: loss=0.000040
  Stage 3 epoch 240/300: loss=0.000035
  Stage 3 epoch 300/300: loss=0.000028
  MTE@0.1: 1.6668
  MTE@0.5: 2.8416
  MTE@1.0: 3.3831
  W2@1.0:  1.7663
  sW2@0.5: 1.4758 (100/200 in region)
  sW2@1.0: 1.9887 (53/200 in region)
  MMD@1.0: 0.2506
  Survival@1.0: 72.0%
  Stopped@1.0:  26.5%
      baseline: W2=1.3661  E_mu=0.2320  E_Sig=0.4916
             K: W2=1.3407  E_mu=0.2774  E_Sig=0.6809
           K+S: W2=1.7663  E_mu=0.2774  E_Sig=0.6809

============================================================
  N=50 | D=201 (K=99) | hyperbolic_paraboloid | seed=2042
============================================================
    Phase1 Epoch 50/250: loss=0.881237
    Phase1 Epoch 100/250: loss=0.784468
    Phase1 Epoch 150/250: loss=0.585494
    Phase1 Epoch 200/250: loss=0.239292
    Phase1 Epoch 250/250: loss=0.104161
      Phase 2 AE: K_weight=0.0000
        Phase2 Epoch 50/250: loss=0.068363
        Phase2 Epoch 100/250: loss=0.034079
        Phase2 Epoch 150/250: loss=0.031223
        Phase2 Epoch 200/250: loss=0.027536
        Phase2 Epoch 250/250: loss=0.073774
        E_mu=0.3019  E_Sigma=0.9713
      → baseline
  Stage 2 epoch 60/300: loss=0.001186
  Stage 2 epoch 120/300: loss=0.000999
  Stage 2 epoch 180/300: loss=0.000806
  Stage 2 epoch 240/300: loss=0.000642
  Stage 2 epoch 300/300: loss=0.000416
  Stage 3 epoch 60/300: loss=0.000118
  Stage 3 epoch 120/300: loss=0.000099
  Stage 3 epoch 180/300: loss=0.000085
  Stage 3 epoch 240/300: loss=0.000090
  Stage 3 epoch 300/300: loss=0.000085
  MTE@0.1: 1.4137
  MTE@0.5: 2.5055
  MTE@1.0: 2.9690
  W2@1.0:  1.5534
  sW2@0.5: 1.3905 (95/200 in region)
  sW2@1.0: 1.9631 (47/200 in region)
  MMD@1.0: 0.2362
  Survival@1.0: 78.5%
  Stopped@1.0:  23.5%
      Phase 2 AE: K_weight=0.4275
        Phase2 Epoch 50/250: loss=0.069777
        Phase2 Epoch 100/250: loss=0.036200
        Phase2 Epoch 150/250: loss=0.031643
        Phase2 Epoch 200/250: loss=0.024751
        Phase2 Epoch 250/250: loss=0.039063
        E_mu=0.2248  E_Sigma=0.5788
      → K
  Stage 2 epoch 60/300: loss=0.000793
  Stage 2 epoch 120/300: loss=0.000639
  Stage 2 epoch 180/300: loss=0.000548
  Stage 2 epoch 240/300: loss=0.000482
  Stage 2 epoch 300/300: loss=0.000388
  Stage 3 epoch 60/300: loss=0.000086
  Stage 3 epoch 120/300: loss=0.000074
  Stage 3 epoch 180/300: loss=0.000064
  Stage 3 epoch 240/300: loss=0.000060
  Stage 3 epoch 300/300: loss=0.000057
  MTE@0.1: 1.3424
  MTE@0.5: 2.4920
  MTE@1.0: 3.0143
  W2@1.0:  1.6488
  sW2@0.5: 1.4674 (95/200 in region)
  sW2@1.0: 2.1006 (47/200 in region)
  MMD@1.0: 0.2253
  Survival@1.0: 78.5%
  Stopped@1.0:  23.5%
      → K+S (smooth=0.1)
  Stage 2 epoch 60/300: loss=0.016339
  Stage 2 epoch 120/300: loss=0.016485
  Stage 2 epoch 180/300: loss=0.017335
  Stage 2 epoch 240/300: loss=0.016808
  Stage 2 epoch 300/300: loss=0.015533
  Stage 3 epoch 60/300: loss=0.000086
  Stage 3 epoch 120/300: loss=0.000074
  Stage 3 epoch 180/300: loss=0.000064
  Stage 3 epoch 240/300: loss=0.000060
  Stage 3 epoch 300/300: loss=0.000057
  MTE@0.1: 1.3617
  MTE@0.5: 2.6213
  MTE@1.0: 3.4171
  W2@1.0:  2.0644
  sW2@0.5: 1.5270 (95/200 in region)
  sW2@1.0: 2.5446 (47/200 in region)
  MMD@1.0: 0.2567
  Survival@1.0: 78.5%
  Stopped@1.0:  23.5%
      baseline: W2=1.5534  E_mu=0.3019  E_Sig=0.9713
             K: W2=1.6488  E_mu=0.2248  E_Sig=0.5788
           K+S: W2=2.0644  E_mu=0.2248  E_Sig=0.5788

============================================================
  N=50 | D=201 (K=99) | hyperbolic_paraboloid | seed=3042
============================================================
    Phase1 Epoch 50/250: loss=0.908122
    Phase1 Epoch 100/250: loss=0.761285
    Phase1 Epoch 150/250: loss=0.713694
    Phase1 Epoch 200/250: loss=0.548315
    Phase1 Epoch 250/250: loss=0.159596
      Phase 2 AE: K_weight=0.0000
        Phase2 Epoch 50/250: loss=0.036570
        Phase2 Epoch 100/250: loss=0.035438
        Phase2 Epoch 150/250: loss=0.023044
        Phase2 Epoch 200/250: loss=0.016099
        Phase2 Epoch 250/250: loss=0.036582
        E_mu=0.1114  E_Sigma=0.2960
      → baseline
  Stage 2 epoch 60/300: loss=0.000794
  Stage 2 epoch 120/300: loss=0.000497
  Stage 2 epoch 180/300: loss=0.000378
  Stage 2 epoch 240/300: loss=0.000199
  Stage 2 epoch 300/300: loss=0.000151
  Stage 3 epoch 60/300: loss=0.000322
  Stage 3 epoch 120/300: loss=0.000174
  Stage 3 epoch 180/300: loss=0.000134
  Stage 3 epoch 240/300: loss=0.000122
  Stage 3 epoch 300/300: loss=0.000111
  MTE@0.1: 3.1937
  MTE@0.5: 3.9659
  MTE@1.0: 4.1370
  W2@1.0:  3.0032
  sW2@0.5: 2.9383 (99/200 in region)
  sW2@1.0: 2.9079 (48/200 in region)
  MMD@1.0: 0.6495
  Survival@1.0: 74.5%
  Stopped@1.0:  24.0%
      Phase 2 AE: K_weight=0.4275
        Phase2 Epoch 50/250: loss=0.061798
        Phase2 Epoch 100/250: loss=0.073092
        Phase2 Epoch 150/250: loss=0.023807
        Phase2 Epoch 200/250: loss=0.014748
        Phase2 Epoch 250/250: loss=0.040545
        E_mu=0.1495  E_Sigma=0.5400
      → K
  Stage 2 epoch 60/300: loss=0.000591
  Stage 2 epoch 120/300: loss=0.000365
  Stage 2 epoch 180/300: loss=0.000312
  Stage 2 epoch 240/300: loss=0.000179
  Stage 2 epoch 300/300: loss=0.000115
  Stage 3 epoch 60/300: loss=0.000332
  Stage 3 epoch 120/300: loss=0.000190
  Stage 3 epoch 180/300: loss=0.000141
  Stage 3 epoch 240/300: loss=0.000125
  Stage 3 epoch 300/300: loss=0.000109
  MTE@0.1: 1.5726
  MTE@0.5: 2.6695
  MTE@1.0: 2.9066
  W2@1.0:  1.5138
  sW2@0.5: 1.1756 (99/200 in region)
  sW2@1.0: 1.0382 (48/200 in region)
  MMD@1.0: 0.2704
  Survival@1.0: 74.5%
  Stopped@1.0:  24.0%
      → K+S (smooth=0.1)
  Stage 2 epoch 60/300: loss=0.016844
  Stage 2 epoch 120/300: loss=0.015439
  Stage 2 epoch 180/300: loss=0.016672
  Stage 2 epoch 240/300: loss=0.015872
  Stage 2 epoch 300/300: loss=0.016531
  Stage 3 epoch 60/300: loss=0.000332
  Stage 3 epoch 120/300: loss=0.000190
  Stage 3 epoch 180/300: loss=0.000141
  Stage 3 epoch 240/300: loss=0.000125
  Stage 3 epoch 300/300: loss=0.000109
  MTE@0.1: 1.6027
  MTE@0.5: 2.7241
  MTE@1.0: 3.1145
  W2@1.0:  1.7961
  sW2@0.5: 1.3828 (99/200 in region)
  sW2@1.0: 1.4181 (48/200 in region)
  MMD@1.0: 0.2715
  Survival@1.0: 74.5%
  Stopped@1.0:  24.0%
      baseline: W2=3.0032  E_mu=0.1114  E_Sig=0.2960
             K: W2=1.5138  E_mu=0.1495  E_Sig=0.5400
           K+S: W2=1.7961  E_mu=0.1495  E_Sig=0.5400

============================================================
  N=50 | D=201 (K=99) | hyperbolic_paraboloid | seed=4042
============================================================
    Phase1 Epoch 50/250: loss=0.816171
    Phase1 Epoch 100/250: loss=0.584969
    Phase1 Epoch 150/250: loss=0.377504
    Phase1 Epoch 200/250: loss=0.085639
    Phase1 Epoch 250/250: loss=0.052475
      Phase 2 AE: K_weight=0.0000
        Phase2 Epoch 50/250: loss=0.030234
        Phase2 Epoch 100/250: loss=0.036877
        Phase2 Epoch 150/250: loss=0.028940
        Phase2 Epoch 200/250: loss=0.017137
        Phase2 Epoch 250/250: loss=0.028272
        E_mu=0.2271  E_Sigma=0.2982
      → baseline
  Stage 2 epoch 60/300: loss=0.000631
  Stage 2 epoch 120/300: loss=0.000569
  Stage 2 epoch 180/300: loss=0.000435
  Stage 2 epoch 240/300: loss=0.000310
  Stage 2 epoch 300/300: loss=0.000182
  Stage 3 epoch 60/300: loss=0.000029
  Stage 3 epoch 120/300: loss=0.000027
  Stage 3 epoch 180/300: loss=0.000026
  Stage 3 epoch 240/300: loss=0.000024
  Stage 3 epoch 300/300: loss=0.000026
  MTE@0.1: 1.3124
  MTE@0.5: 2.2971
  MTE@1.0: 2.5778
  W2@1.0:  1.3072
  sW2@0.5: 1.0054 (107/200 in region)
  sW2@1.0: 1.2586 (60/200 in region)
  MMD@1.0: 0.2112
  Survival@1.0: 76.0%
  Stopped@1.0:  30.0%
      Phase 2 AE: K_weight=0.4275
        Phase2 Epoch 50/250: loss=0.035080
        Phase2 Epoch 100/250: loss=0.040946
        Phase2 Epoch 150/250: loss=0.068341
        Phase2 Epoch 200/250: loss=0.022666
        Phase2 Epoch 250/250: loss=0.022735
        E_mu=0.1546  E_Sigma=0.4625
      → K
  Stage 2 epoch 60/300: loss=0.000530
  Stage 2 epoch 120/300: loss=0.000435
  Stage 2 epoch 180/300: loss=0.000321
  Stage 2 epoch 240/300: loss=0.000241
  Stage 2 epoch 300/300: loss=0.000152
  Stage 3 epoch 60/300: loss=0.000031
  Stage 3 epoch 120/300: loss=0.000027
  Stage 3 epoch 180/300: loss=0.000027
  Stage 3 epoch 240/300: loss=0.000025
  Stage 3 epoch 300/300: loss=0.000027
  MTE@0.1: 1.2905
  MTE@0.5: 2.2309
  MTE@1.0: 2.4951
  W2@1.0:  1.2096
  sW2@0.5: 0.8261 (107/200 in region)
  sW2@1.0: 1.0363 (60/200 in region)
  MMD@1.0: 0.1734
  Survival@1.0: 76.0%
  Stopped@1.0:  30.0%
      → K+S (smooth=0.1)
  Stage 2 epoch 60/300: loss=0.012837
  Stage 2 epoch 120/300: loss=0.012678
  Stage 2 epoch 180/300: loss=0.013277
  Stage 2 epoch 240/300: loss=0.013739
  Stage 2 epoch 300/300: loss=0.013605
  Stage 3 epoch 60/300: loss=0.000031
  Stage 3 epoch 120/300: loss=0.000027
  Stage 3 epoch 180/300: loss=0.000027
  Stage 3 epoch 240/300: loss=0.000025
  Stage 3 epoch 300/300: loss=0.000027
  MTE@0.1: 1.3103
  MTE@0.5: 2.3980
  MTE@1.0: 2.7157
  W2@1.0:  1.3993
  sW2@0.5: 0.9277 (107/200 in region)
  sW2@1.0: 1.2549 (60/200 in region)
  MMD@1.0: 0.2195
  Survival@1.0: 76.0%
  Stopped@1.0:  30.0%
      baseline: W2=1.3072  E_mu=0.2271  E_Sig=0.2982
             K: W2=1.2096  E_mu=0.1546  E_Sig=0.4625
           K+S: W2=1.3993  E_mu=0.1546  E_Sig=0.4625

============================================================
  N=50 | D=201 (K=99) | hyperbolic_paraboloid | seed=5042
============================================================
    Phase1 Epoch 50/250: loss=0.863751
    Phase1 Epoch 100/250: loss=0.750305
    Phase1 Epoch 150/250: loss=0.589861
    Phase1 Epoch 200/250: loss=0.223076
    Phase1 Epoch 250/250: loss=0.055273
      Phase 2 AE: K_weight=0.0000
        Phase2 Epoch 50/250: loss=0.083395
        Phase2 Epoch 100/250: loss=0.054011
        Phase2 Epoch 150/250: loss=0.041802
        Phase2 Epoch 200/250: loss=0.022833
        Phase2 Epoch 250/250: loss=0.027699
        E_mu=0.4790  E_Sigma=0.6341
      → baseline
  Stage 2 epoch 60/300: loss=0.001163
  Stage 2 epoch 120/300: loss=0.001108
  Stage 2 epoch 180/300: loss=0.000910
  Stage 2 epoch 240/300: loss=0.000681
  Stage 2 epoch 300/300: loss=0.000456
  Stage 3 epoch 60/300: loss=0.000065
  Stage 3 epoch 120/300: loss=0.000057
  Stage 3 epoch 180/300: loss=0.000058
  Stage 3 epoch 240/300: loss=0.000056
  Stage 3 epoch 300/300: loss=0.000051
  MTE@0.1: 1.3893
  MTE@0.5: 2.4312
  MTE@1.0: 3.0241
  W2@1.0:  1.3546
  sW2@0.5: 1.1227 (110/200 in region)
  sW2@1.0: 1.7497 (53/200 in region)
  MMD@1.0: 0.1960
  Survival@1.0: 76.5%
  Stopped@1.0:  26.5%
      Phase 2 AE: K_weight=0.4275
        Phase2 Epoch 50/250: loss=0.056322
        Phase2 Epoch 100/250: loss=0.060200
        Phase2 Epoch 150/250: loss=0.027844
        Phase2 Epoch 200/250: loss=0.063425
        Phase2 Epoch 250/250: loss=0.016945
        E_mu=0.2132  E_Sigma=0.5257
      → K
  Stage 2 epoch 60/300: loss=0.000882
  Stage 2 epoch 120/300: loss=0.000850
  Stage 2 epoch 180/300: loss=0.000664
  Stage 2 epoch 240/300: loss=0.000487
  Stage 2 epoch 300/300: loss=0.000358
  Stage 3 epoch 60/300: loss=0.000256
  Stage 3 epoch 120/300: loss=0.000180
  Stage 3 epoch 180/300: loss=0.000138
  Stage 3 epoch 240/300: loss=0.000124
  Stage 3 epoch 300/300: loss=0.000118
  MTE@0.1: 0.8048
  MTE@0.5: 1.5549
  MTE@1.0: 1.9597
  W2@1.0:  1.2547
  sW2@0.5: 0.5841 (110/200 in region)
  sW2@1.0: 0.6124 (53/200 in region)
  MMD@1.0: 0.1121
  Survival@1.0: 76.5%
  Stopped@1.0:  26.5%
      → K+S (smooth=0.1)
  Stage 2 epoch 60/300: loss=0.013432
  Stage 2 epoch 120/300: loss=0.014572
  Stage 2 epoch 180/300: loss=0.013515
  Stage 2 epoch 240/300: loss=0.013049
  Stage 2 epoch 300/300: loss=0.013152
  Stage 3 epoch 60/300: loss=0.000256
  Stage 3 epoch 120/300: loss=0.000180
  Stage 3 epoch 180/300: loss=0.000138
  Stage 3 epoch 240/300: loss=0.000124
  Stage 3 epoch 300/300: loss=0.000118
  MTE@0.1: 0.8273
  MTE@0.5: 1.7577
  MTE@1.0: 2.2545
  W2@1.0:  1.3684
  sW2@0.5: 0.6284 (110/200 in region)
  sW2@1.0: 0.8702 (53/200 in region)
  MMD@1.0: 0.1074
  Survival@1.0: 76.5%
  Stopped@1.0:  26.5%
      baseline: W2=1.3546  E_mu=0.4790  E_Sig=0.6341
             K: W2=1.2547  E_mu=0.2132  E_Sig=0.5257
           K+S: W2=1.3684  E_mu=0.2132  E_Sig=0.5257

============================================================
  N=50 | D=201 (K=99) | hyperbolic_paraboloid | seed=6042
============================================================
    Phase1 Epoch 50/250: loss=0.893209
    Phase1 Epoch 100/250: loss=0.691149
    Phase1 Epoch 150/250: loss=0.572300
    Phase1 Epoch 200/250: loss=0.239132
    Phase1 Epoch 250/250: loss=0.094030
      Phase 2 AE: K_weight=0.0000
        Phase2 Epoch 50/250: loss=0.076038
        Phase2 Epoch 100/250: loss=0.033444
        Phase2 Epoch 150/250: loss=0.031332
        Phase2 Epoch 200/250: loss=0.031933
        Phase2 Epoch 250/250: loss=0.053516
        E_mu=0.2357  E_Sigma=0.7108
      → baseline
  Stage 2 epoch 60/300: loss=0.000684
  Stage 2 epoch 120/300: loss=0.000660
  Stage 2 epoch 180/300: loss=0.000556
  Stage 2 epoch 240/300: loss=0.000500
  Stage 2 epoch 300/300: loss=0.000443
  Stage 3 epoch 60/300: loss=0.000219
  Stage 3 epoch 120/300: loss=0.000189
  Stage 3 epoch 180/300: loss=0.000152
  Stage 3 epoch 240/300: loss=0.000137
  Stage 3 epoch 300/300: loss=0.000124
  MTE@0.1: 0.8388
  MTE@0.5: 1.4645
  MTE@1.0: 1.8609
  W2@1.0:  1.2022
  sW2@0.5: 0.6975 (103/200 in region)
  sW2@1.0: 1.0604 (61/200 in region)
  MMD@1.0: 0.1740
  Survival@1.0: 73.0%
  Stopped@1.0:  30.5%
      Phase 2 AE: K_weight=0.4275
        Phase2 Epoch 50/250: loss=0.057462
        Phase2 Epoch 100/250: loss=0.049239
        Phase2 Epoch 150/250: loss=0.025131
        Phase2 Epoch 200/250: loss=0.028399
        Phase2 Epoch 250/250: loss=0.018386
        E_mu=0.1744  E_Sigma=0.4387
      → K
  Stage 2 epoch 60/300: loss=0.000824
  Stage 2 epoch 120/300: loss=0.000815
  Stage 2 epoch 180/300: loss=0.000644
  Stage 2 epoch 240/300: loss=0.000594
  Stage 2 epoch 300/300: loss=0.000476
  Stage 3 epoch 60/300: loss=0.000180
  Stage 3 epoch 120/300: loss=0.000159
  Stage 3 epoch 180/300: loss=0.000136
  Stage 3 epoch 240/300: loss=0.000126
  Stage 3 epoch 300/300: loss=0.000116
  MTE@0.1: 0.8267
  MTE@0.5: 1.4722
  MTE@1.0: 1.8620
  W2@1.0:  1.0537
  sW2@0.5: 0.7317 (103/200 in region)
  sW2@1.0: 1.0022 (61/200 in region)
  MMD@1.0: 0.1531
  Survival@1.0: 73.0%
  Stopped@1.0:  30.5%
      → K+S (smooth=0.1)
  Stage 2 epoch 60/300: loss=0.017938
  Stage 2 epoch 120/300: loss=0.020644
  Stage 2 epoch 180/300: loss=0.018683
  Stage 2 epoch 240/300: loss=0.019293
  Stage 2 epoch 300/300: loss=0.017584
  Stage 3 epoch 60/300: loss=0.000180
  Stage 3 epoch 120/300: loss=0.000159
  Stage 3 epoch 180/300: loss=0.000136
  Stage 3 epoch 240/300: loss=0.000126
  Stage 3 epoch 300/300: loss=0.000116
  MTE@0.1: 0.8197
  MTE@0.5: 1.5835
  MTE@1.0: 2.2935
  W2@1.0:  1.1178
  sW2@0.5: 0.8182 (103/200 in region)
  sW2@1.0: 1.2312 (61/200 in region)
  MMD@1.0: 0.1903
  Survival@1.0: 73.0%
  Stopped@1.0:  30.5%
      baseline: W2=1.2022  E_mu=0.2357  E_Sig=0.7108
             K: W2=1.0537  E_mu=0.1744  E_Sig=0.4387
           K+S: W2=1.1178  E_mu=0.1744  E_Sig=0.4387

============================================================
  N=50 | D=201 (K=99) | hyperbolic_paraboloid | seed=7042
============================================================
    Phase1 Epoch 50/250: loss=0.898203
    Phase1 Epoch 100/250: loss=0.791179
    Phase1 Epoch 150/250: loss=0.629248
    Phase1 Epoch 200/250: loss=0.273580
    Phase1 Epoch 250/250: loss=0.105325
      Phase 2 AE: K_weight=0.0000
        Phase2 Epoch 50/250: loss=0.077821
        Phase2 Epoch 100/250: loss=0.080877
        Phase2 Epoch 150/250: loss=0.032651
        Phase2 Epoch 200/250: loss=0.038062
        Phase2 Epoch 250/250: loss=0.018370
        E_mu=0.1551  E_Sigma=0.3214
      → baseline
  Stage 2 epoch 60/300: loss=0.001221
  Stage 2 epoch 120/300: loss=0.001210
  Stage 2 epoch 180/300: loss=0.000899
  Stage 2 epoch 240/300: loss=0.000805
  Stage 2 epoch 300/300: loss=0.000644
  Stage 3 epoch 60/300: loss=0.000227
  Stage 3 epoch 120/300: loss=0.000094
  Stage 3 epoch 180/300: loss=0.000075
  Stage 3 epoch 240/300: loss=0.000062
  Stage 3 epoch 300/300: loss=0.000068
  MTE@0.1: 0.9954
  MTE@0.5: 2.0340
  MTE@1.0: 2.6233
  W2@1.0:  1.1463
  sW2@0.5: 0.7295 (103/200 in region)
  sW2@1.0: 1.1150 (54/200 in region)
  MMD@1.0: 0.1464
  Survival@1.0: 76.5%
  Stopped@1.0:  27.0%
      Phase 2 AE: K_weight=0.4275
        Phase2 Epoch 50/250: loss=0.052792
        Phase2 Epoch 100/250: loss=0.050290
        Phase2 Epoch 150/250: loss=0.022584
        Phase2 Epoch 200/250: loss=0.021967
        Phase2 Epoch 250/250: loss=0.027431
        E_mu=0.1648  E_Sigma=0.3969
      → K
  Stage 2 epoch 60/300: loss=0.001357
  Stage 2 epoch 120/300: loss=0.001433
  Stage 2 epoch 180/300: loss=0.001042
  Stage 2 epoch 240/300: loss=0.001074
  Stage 2 epoch 300/300: loss=0.000925
  Stage 3 epoch 60/300: loss=0.000244
  Stage 3 epoch 120/300: loss=0.000108
  Stage 3 epoch 180/300: loss=0.000089
  Stage 3 epoch 240/300: loss=0.000074
  Stage 3 epoch 300/300: loss=0.000081
  MTE@0.1: 1.2357
  MTE@0.5: 2.1723
  MTE@1.0: 2.6935
  W2@1.0:  1.3033
  sW2@0.5: 0.9562 (103/200 in region)
  sW2@1.0: 1.2264 (54/200 in region)
  MMD@1.0: 0.2161
  Survival@1.0: 76.5%
  Stopped@1.0:  27.0%
      → K+S (smooth=0.1)
  Stage 2 epoch 60/300: loss=0.019945
  Stage 2 epoch 120/300: loss=0.021932
  Stage 2 epoch 180/300: loss=0.020078
  Stage 2 epoch 240/300: loss=0.020461
  Stage 2 epoch 300/300: loss=0.022194
  Stage 3 epoch 60/300: loss=0.000244
  Stage 3 epoch 120/300: loss=0.000108
  Stage 3 epoch 180/300: loss=0.000089
  Stage 3 epoch 240/300: loss=0.000074
  Stage 3 epoch 300/300: loss=0.000081
  MTE@0.1: 1.2682
  MTE@0.5: 2.3899
  MTE@1.0: 3.1633
  W2@1.0:  1.6534
  sW2@0.5: 1.2183 (103/200 in region)
  sW2@1.0: 1.7292 (54/200 in region)
  MMD@1.0: 0.2568
  Survival@1.0: 76.5%
  Stopped@1.0:  27.0%
      baseline: W2=1.1463  E_mu=0.1551  E_Sig=0.3214
             K: W2=1.3033  E_mu=0.1648  E_Sig=0.3969
           K+S: W2=1.6534  E_mu=0.1648  E_Sig=0.3969

============================================================
  N=50 | D=201 (K=99) | hyperbolic_paraboloid | seed=8042
============================================================
    Phase1 Epoch 50/250: loss=0.900628
    Phase1 Epoch 100/250: loss=0.648470
    Phase1 Epoch 150/250: loss=0.316356
    Phase1 Epoch 200/250: loss=0.190896
    Phase1 Epoch 250/250: loss=0.092737
      Phase 2 AE: K_weight=0.0000
        Phase2 Epoch 50/250: loss=0.059144
        Phase2 Epoch 100/250: loss=0.034264
        Phase2 Epoch 150/250: loss=0.030725
        Phase2 Epoch 200/250: loss=0.027834
        Phase2 Epoch 250/250: loss=0.044350
        E_mu=0.5150  E_Sigma=1.7623
      → baseline
  Stage 2 epoch 60/300: loss=0.000851
  Stage 2 epoch 120/300: loss=0.000548
  Stage 2 epoch 180/300: loss=0.000336
  Stage 2 epoch 240/300: loss=0.000208
  Stage 2 epoch 300/300: loss=0.000139
  Stage 3 epoch 60/300: loss=0.000618
  Stage 3 epoch 120/300: loss=0.000385
  Stage 3 epoch 180/300: loss=0.000375
  Stage 3 epoch 240/300: loss=0.000262
  Stage 3 epoch 300/300: loss=0.000238
  MTE@0.1: 2.3327
  MTE@0.5: 2.9547
  MTE@1.0: 3.2709
  W2@1.0:  2.3938
  sW2@0.5: 2.1810 (101/200 in region)
  sW2@1.0: 2.2758 (60/200 in region)
  MMD@1.0: 0.5292
  Survival@1.0: 79.5%
  Stopped@1.0:  30.0%
      Phase 2 AE: K_weight=0.4275
        Phase2 Epoch 50/250: loss=0.070218
        Phase2 Epoch 100/250: loss=0.046669
        Phase2 Epoch 150/250: loss=0.027657
        Phase2 Epoch 200/250: loss=0.027690
        Phase2 Epoch 250/250: loss=0.031779
        E_mu=0.3155  E_Sigma=1.0658
      → K
  Stage 2 epoch 60/300: loss=0.000691
  Stage 2 epoch 120/300: loss=0.000543
  Stage 2 epoch 180/300: loss=0.000420
  Stage 2 epoch 240/300: loss=0.000312
  Stage 2 epoch 300/300: loss=0.000229
  Stage 3 epoch 60/300: loss=0.000309
  Stage 3 epoch 120/300: loss=0.000256
  Stage 3 epoch 180/300: loss=0.000227
  Stage 3 epoch 240/300: loss=0.000165
  Stage 3 epoch 300/300: loss=0.000143
  MTE@0.1: 1.3066
  MTE@0.5: 2.2033
  MTE@1.0: 2.6655
  W2@1.0:  1.5677
  sW2@0.5: 1.2839 (101/200 in region)
  sW2@1.0: 1.4613 (60/200 in region)
  MMD@1.0: 0.2471
  Survival@1.0: 79.5%
  Stopped@1.0:  30.0%
      → K+S (smooth=0.1)
  Stage 2 epoch 60/300: loss=0.011192
  Stage 2 epoch 120/300: loss=0.011734
  Stage 2 epoch 180/300: loss=0.010706
  Stage 2 epoch 240/300: loss=0.011294
  Stage 2 epoch 300/300: loss=0.010857
  Stage 3 epoch 60/300: loss=0.000309
  Stage 3 epoch 120/300: loss=0.000256
  Stage 3 epoch 180/300: loss=0.000227
  Stage 3 epoch 240/300: loss=0.000165
  Stage 3 epoch 300/300: loss=0.000143
  MTE@0.1: 1.3302
  MTE@0.5: 2.2871
  MTE@1.0: 3.1242
  W2@1.0:  2.0102
  sW2@0.5: 1.5056 (101/200 in region)
  sW2@1.0: 2.0162 (60/200 in region)
  MMD@1.0: 0.2626
  Survival@1.0: 79.5%
  Stopped@1.0:  30.0%
      baseline: W2=2.3938  E_mu=0.5150  E_Sig=1.7623
             K: W2=1.5677  E_mu=0.3155  E_Sig=1.0658
           K+S: W2=2.0102  E_mu=0.3155  E_Sig=1.0658

============================================================
  N=50 | D=201 (K=99) | hyperbolic_paraboloid | seed=9042
============================================================
    Phase1 Epoch 50/250: loss=0.928215
    Phase1 Epoch 100/250: loss=0.782729
    Phase1 Epoch 150/250: loss=0.737393
    Phase1 Epoch 200/250: loss=0.137352
    Phase1 Epoch 250/250: loss=0.067582
      Phase 2 AE: K_weight=0.0000
        Phase2 Epoch 50/250: loss=0.049043
        Phase2 Epoch 100/250: loss=0.091113
        Phase2 Epoch 150/250: loss=0.020471
        Phase2 Epoch 200/250: loss=0.021179
        Phase2 Epoch 250/250: loss=0.042282
        E_mu=0.3813  E_Sigma=1.1087
      → baseline
  Stage 2 epoch 60/300: loss=0.000779
  Stage 2 epoch 120/300: loss=0.000730
  Stage 2 epoch 180/300: loss=0.000598
  Stage 2 epoch 240/300: loss=0.000517
  Stage 2 epoch 300/300: loss=0.000480
  Stage 3 epoch 60/300: loss=0.000082
  Stage 3 epoch 120/300: loss=0.000075
  Stage 3 epoch 180/300: loss=0.000070
  Stage 3 epoch 240/300: loss=0.000067
  Stage 3 epoch 300/300: loss=0.000069
  MTE@0.1: 1.3793
  MTE@0.5: 2.1310
  MTE@1.0: 2.7537
  W2@1.0:  1.4000
  sW2@0.5: 1.1391 (105/200 in region)
  sW2@1.0: 1.4807 (64/200 in region)
  MMD@1.0: 0.2471
  Survival@1.0: 76.0%
  Stopped@1.0:  32.0%
      Phase 2 AE: K_weight=0.4275
        Phase2 Epoch 50/250: loss=0.052083
        Phase2 Epoch 100/250: loss=0.039760
        Phase2 Epoch 150/250: loss=0.026924
        Phase2 Epoch 200/250: loss=0.025671
        Phase2 Epoch 250/250: loss=0.020748
        E_mu=0.1890  E_Sigma=0.5031
      → K
  Stage 2 epoch 60/300: loss=0.000962
  Stage 2 epoch 120/300: loss=0.000898
  Stage 2 epoch 180/300: loss=0.000648
  Stage 2 epoch 240/300: loss=0.000460
  Stage 2 epoch 300/300: loss=0.000349
  Stage 3 epoch 60/300: loss=0.000053
  Stage 3 epoch 120/300: loss=0.000048
  Stage 3 epoch 180/300: loss=0.000045
  Stage 3 epoch 240/300: loss=0.000043
  Stage 3 epoch 300/300: loss=0.000044
  MTE@0.1: 1.1333
  MTE@0.5: 2.0481
  MTE@1.0: 2.7661
  W2@1.0:  1.1134
  sW2@0.5: 1.0410 (105/200 in region)
  sW2@1.0: 1.5252 (64/200 in region)
  MMD@1.0: 0.1423
  Survival@1.0: 76.0%
  Stopped@1.0:  32.0%
      → K+S (smooth=0.1)
  Stage 2 epoch 60/300: loss=0.019940
  Stage 2 epoch 120/300: loss=0.021821
  Stage 2 epoch 180/300: loss=0.019862
  Stage 2 epoch 240/300: loss=0.018656
  Stage 2 epoch 300/300: loss=0.019397
  Stage 3 epoch 60/300: loss=0.000053
  Stage 3 epoch 120/300: loss=0.000048
  Stage 3 epoch 180/300: loss=0.000045
  Stage 3 epoch 240/300: loss=0.000043
  Stage 3 epoch 300/300: loss=0.000044
  MTE@0.1: 1.1730
  MTE@0.5: 2.3224
  MTE@1.0: 3.2137
  W2@1.0:  1.4423
  sW2@0.5: 1.2088 (105/200 in region)
  sW2@1.0: 1.6874 (64/200 in region)
  MMD@1.0: 0.2073
  Survival@1.0: 76.0%
  Stopped@1.0:  32.0%
      baseline: W2=1.4000  E_mu=0.3813  E_Sig=1.1087
             K: W2=1.1134  E_mu=0.1890  E_Sig=0.5031
           K+S: W2=1.4423  E_mu=0.1890  E_Sig=0.5031

  N=50, D=201 completed in 1245.8s (62.3s per fork)

============================================================
  N=100 | D=201 (K=99) | paraboloid | seed=42
============================================================
    Phase1 Epoch 50/250: loss=0.866635
    Phase1 Epoch 100/250: loss=0.775461
    Phase1 Epoch 150/250: loss=0.657344
    Phase1 Epoch 200/250: loss=0.092240
    Phase1 Epoch 250/250: loss=0.062445
      Phase 2 AE: K_weight=0.0000
        Phase2 Epoch 50/250: loss=0.020332
        Phase2 Epoch 100/250: loss=0.021105
        Phase2 Epoch 150/250: loss=0.021742
        Phase2 Epoch 200/250: loss=0.011675
        Phase2 Epoch 250/250: loss=0.016743
        E_mu=0.1459  E_Sigma=0.6234
      → baseline
  Stage 2 epoch 60/300: loss=0.000469
  Stage 2 epoch 120/300: loss=0.000458
  Stage 2 epoch 180/300: loss=0.000385
  Stage 2 epoch 240/300: loss=0.000252
  Stage 2 epoch 300/300: loss=0.000191
  Stage 3 epoch 60/300: loss=0.000152
  Stage 3 epoch 120/300: loss=0.000076
  Stage 3 epoch 180/300: loss=0.000050
  Stage 3 epoch 240/300: loss=0.000058
  Stage 3 epoch 300/300: loss=0.000036
  MTE@0.1: 1.0726
  MTE@0.5: 2.3168
  MTE@1.0: 3.1462
  W2@1.0:  1.7424
  sW2@0.5: 1.3194 (96/200 in region)
  sW2@1.0: 1.7108 (48/200 in region)
  MMD@1.0: 0.2119
  Survival@1.0: 76.5%
  Stopped@1.0:  24.0%
      Phase 2 AE: K_weight=0.4275
        Phase2 Epoch 50/250: loss=0.030272
        Phase2 Epoch 100/250: loss=0.025675
        Phase2 Epoch 150/250: loss=0.026248
        Phase2 Epoch 200/250: loss=0.011716
        Phase2 Epoch 250/250: loss=0.009709
        E_mu=0.0689  E_Sigma=0.3098
      → K
  Stage 2 epoch 60/300: loss=0.000277
  Stage 2 epoch 120/300: loss=0.000322
  Stage 2 epoch 180/300: loss=0.000193
  Stage 2 epoch 240/300: loss=0.000149
  Stage 2 epoch 300/300: loss=0.000112
  Stage 3 epoch 60/300: loss=0.000145
  Stage 3 epoch 120/300: loss=0.000058
  Stage 3 epoch 180/300: loss=0.000032
  Stage 3 epoch 240/300: loss=0.000027
  Stage 3 epoch 300/300: loss=0.000018
  MTE@0.1: 1.0372
  MTE@0.5: 2.2564
  MTE@1.0: 3.0250
  W2@1.0:  1.5376
  sW2@0.5: 1.2383 (96/200 in region)
  sW2@1.0: 1.5441 (48/200 in region)
  MMD@1.0: 0.1905
  Survival@1.0: 76.5%
  Stopped@1.0:  24.0%
      → K+S (smooth=0.1)
  Stage 2 epoch 60/300: loss=0.005893
  Stage 2 epoch 120/300: loss=0.006790
  Stage 2 epoch 180/300: loss=0.005945
  Stage 2 epoch 240/300: loss=0.005931
  Stage 2 epoch 300/300: loss=0.006215
  Stage 3 epoch 60/300: loss=0.000145
  Stage 3 epoch 120/300: loss=0.000058
  Stage 3 epoch 180/300: loss=0.000032
  Stage 3 epoch 240/300: loss=0.000027
  Stage 3 epoch 300/300: loss=0.000018
  MTE@0.1: 1.0487
  MTE@0.5: 2.2603
  MTE@1.0: 2.9965
  W2@1.0:  1.5758
  sW2@0.5: 1.3141 (96/200 in region)
  sW2@1.0: 1.8033 (48/200 in region)
  MMD@1.0: 0.1799
  Survival@1.0: 76.5%
  Stopped@1.0:  24.0%
      baseline: W2=1.7424  E_mu=0.1459  E_Sig=0.6234
             K: W2=1.5376  E_mu=0.0689  E_Sig=0.3098
           K+S: W2=1.5758  E_mu=0.0689  E_Sig=0.3098

============================================================
  N=100 | D=201 (K=99) | paraboloid | seed=1042
============================================================
    Phase1 Epoch 50/250: loss=0.842491
    Phase1 Epoch 100/250: loss=0.726231
    Phase1 Epoch 150/250: loss=0.577149
    Phase1 Epoch 200/250: loss=0.127389
    Phase1 Epoch 250/250: loss=0.051275
      Phase 2 AE: K_weight=0.0000
        Phase2 Epoch 50/250: loss=0.029316
        Phase2 Epoch 100/250: loss=0.029200
        Phase2 Epoch 150/250: loss=0.025655
        Phase2 Epoch 200/250: loss=0.025802
        Phase2 Epoch 250/250: loss=0.014967
        E_mu=0.2122  E_Sigma=0.3860
      → baseline
  Stage 2 epoch 60/300: loss=0.001072
  Stage 2 epoch 120/300: loss=0.000837
  Stage 2 epoch 180/300: loss=0.001140
  Stage 2 epoch 240/300: loss=0.000555
  Stage 2 epoch 300/300: loss=0.000529
  Stage 3 epoch 60/300: loss=0.000068
  Stage 3 epoch 120/300: loss=0.000065
  Stage 3 epoch 180/300: loss=0.000054
  Stage 3 epoch 240/300: loss=0.000048
  Stage 3 epoch 300/300: loss=0.000050
  MTE@0.1: 1.2403
  MTE@0.5: 2.0511
  MTE@1.0: 2.8503
  W2@1.0:  1.7697
  sW2@0.5: 1.4088 (100/200 in region)
  sW2@1.0: 2.4278 (53/200 in region)
  MMD@1.0: 0.2903
  Survival@1.0: 72.0%
  Stopped@1.0:  26.5%
      Phase 2 AE: K_weight=0.4275
        Phase2 Epoch 50/250: loss=0.042617
        Phase2 Epoch 100/250: loss=0.012976
        Phase2 Epoch 150/250: loss=0.007595
        Phase2 Epoch 200/250: loss=0.008394
        Phase2 Epoch 250/250: loss=0.007511
        E_mu=0.0924  E_Sigma=0.2977
      → K
  Stage 2 epoch 60/300: loss=0.000725
  Stage 2 epoch 120/300: loss=0.000501
  Stage 2 epoch 180/300: loss=0.000663
  Stage 2 epoch 240/300: loss=0.000303
  Stage 2 epoch 300/300: loss=0.000236
  Stage 3 epoch 60/300: loss=0.000054
  Stage 3 epoch 120/300: loss=0.000041
  Stage 3 epoch 180/300: loss=0.000037
  Stage 3 epoch 240/300: loss=0.000034
  Stage 3 epoch 300/300: loss=0.000030
  MTE@0.1: 1.0110
  MTE@0.5: 1.8485
  MTE@1.0: 2.5973
  W2@1.0:  1.4078
  sW2@0.5: 1.1041 (100/200 in region)
  sW2@1.0: 2.0933 (53/200 in region)
  MMD@1.0: 0.2218
  Survival@1.0: 72.0%
  Stopped@1.0:  26.5%
      → K+S (smooth=0.1)
  Stage 2 epoch 60/300: loss=0.005852
  Stage 2 epoch 120/300: loss=0.006090
  Stage 2 epoch 180/300: loss=0.005882
  Stage 2 epoch 240/300: loss=0.006170
  Stage 2 epoch 300/300: loss=0.005727
  Stage 3 epoch 60/300: loss=0.000054
  Stage 3 epoch 120/300: loss=0.000041
  Stage 3 epoch 180/300: loss=0.000037
  Stage 3 epoch 240/300: loss=0.000034
  Stage 3 epoch 300/300: loss=0.000030
  MTE@0.1: 1.0098
  MTE@0.5: 1.7965
  MTE@1.0: 2.3610
  W2@1.0:  1.3034
  sW2@0.5: 1.0480 (100/200 in region)
  sW2@1.0: 1.8347 (53/200 in region)
  MMD@1.0: 0.1936
  Survival@1.0: 72.0%
  Stopped@1.0:  26.5%
      baseline: W2=1.7697  E_mu=0.2122  E_Sig=0.3860
             K: W2=1.4078  E_mu=0.0924  E_Sig=0.2977
           K+S: W2=1.3034  E_mu=0.0924  E_Sig=0.2977

============================================================
  N=100 | D=201 (K=99) | paraboloid | seed=2042
============================================================
    Phase1 Epoch 50/250: loss=0.881511
    Phase1 Epoch 100/250: loss=0.667676
    Phase1 Epoch 150/250: loss=0.235860
    Phase1 Epoch 200/250: loss=0.111151
    Phase1 Epoch 250/250: loss=0.123444
      Phase 2 AE: K_weight=0.0000
        Phase2 Epoch 50/250: loss=0.052270
        Phase2 Epoch 100/250: loss=0.032692
        Phase2 Epoch 150/250: loss=0.034174
        Phase2 Epoch 200/250: loss=0.043512
        Phase2 Epoch 250/250: loss=0.038396
        E_mu=0.1650  E_Sigma=0.7770
      → baseline
  Stage 2 epoch 60/300: loss=0.000604
  Stage 2 epoch 120/300: loss=0.000446
  Stage 2 epoch 180/300: loss=0.000412
  Stage 2 epoch 240/300: loss=0.000307
  Stage 2 epoch 300/300: loss=0.000214
  Stage 3 epoch 60/300: loss=0.000200
  Stage 3 epoch 120/300: loss=0.000175
  Stage 3 epoch 180/300: loss=0.000138
  Stage 3 epoch 240/300: loss=0.000130
  Stage 3 epoch 300/300: loss=0.000111
  MTE@0.1: 1.2682
  MTE@0.5: 2.4194
  MTE@1.0: 2.9874
  W2@1.0:  1.4768
  sW2@0.5: 1.3021 (95/200 in region)
  sW2@1.0: 2.0414 (47/200 in region)
  MMD@1.0: 0.2146
  Survival@1.0: 78.5%
  Stopped@1.0:  23.5%
      Phase 2 AE: K_weight=0.4275
        Phase2 Epoch 50/250: loss=0.050905
        Phase2 Epoch 100/250: loss=0.062928
        Phase2 Epoch 150/250: loss=0.045712
        Phase2 Epoch 200/250: loss=0.019788
        Phase2 Epoch 250/250: loss=0.040962
        E_mu=0.1586  E_Sigma=0.4870
      → K
  Stage 2 epoch 60/300: loss=0.000545
  Stage 2 epoch 120/300: loss=0.000328
  Stage 2 epoch 180/300: loss=0.000263
  Stage 2 epoch 240/300: loss=0.000227
  Stage 2 epoch 300/300: loss=0.000169
  Stage 3 epoch 60/300: loss=0.000175
  Stage 3 epoch 120/300: loss=0.000149
  Stage 3 epoch 180/300: loss=0.000113
  Stage 3 epoch 240/300: loss=0.000105
  Stage 3 epoch 300/300: loss=0.000087
  MTE@0.1: 1.7239
  MTE@0.5: 2.6913
  MTE@1.0: 3.2186
  W2@1.0:  1.7824
  sW2@0.5: 1.6358 (95/200 in region)
  sW2@1.0: 2.2151 (47/200 in region)
  MMD@1.0: 0.3150
  Survival@1.0: 78.5%
  Stopped@1.0:  23.5%
      → K+S (smooth=0.1)
  Stage 2 epoch 60/300: loss=0.006848
  Stage 2 epoch 120/300: loss=0.006994
  Stage 2 epoch 180/300: loss=0.007063
  Stage 2 epoch 240/300: loss=0.008191
  Stage 2 epoch 300/300: loss=0.007388
  Stage 3 epoch 60/300: loss=0.000175
  Stage 3 epoch 120/300: loss=0.000149
  Stage 3 epoch 180/300: loss=0.000113
  Stage 3 epoch 240/300: loss=0.000105
  Stage 3 epoch 300/300: loss=0.000087
  MTE@0.1: 1.7299
  MTE@0.5: 2.6687
  MTE@1.0: 3.0370
  W2@1.0:  1.6668
  sW2@0.5: 1.5271 (95/200 in region)
  sW2@1.0: 1.6656 (47/200 in region)
  MMD@1.0: 0.3243
  Survival@1.0: 78.5%
  Stopped@1.0:  23.5%
      baseline: W2=1.4768  E_mu=0.1650  E_Sig=0.7770
             K: W2=1.7824  E_mu=0.1586  E_Sig=0.4870
           K+S: W2=1.6668  E_mu=0.1586  E_Sig=0.4870

============================================================
  N=100 | D=201 (K=99) | paraboloid | seed=3042
============================================================
    Phase1 Epoch 50/250: loss=0.872969
    Phase1 Epoch 100/250: loss=0.897235
    Phase1 Epoch 150/250: loss=0.665877
    Phase1 Epoch 200/250: loss=0.162590
    Phase1 Epoch 250/250: loss=0.099332
      Phase 2 AE: K_weight=0.0000
        Phase2 Epoch 50/250: loss=0.040919
        Phase2 Epoch 100/250: loss=0.030003
        Phase2 Epoch 150/250: loss=0.020960
        Phase2 Epoch 200/250: loss=0.011698
        Phase2 Epoch 250/250: loss=0.033271
        E_mu=0.1346  E_Sigma=0.2512
      → baseline
  Stage 2 epoch 60/300: loss=0.000505
  Stage 2 epoch 120/300: loss=0.000399
  Stage 2 epoch 180/300: loss=0.000342
  Stage 2 epoch 240/300: loss=0.000200
  Stage 2 epoch 300/300: loss=0.000288
  Stage 3 epoch 60/300: loss=0.000050
  Stage 3 epoch 120/300: loss=0.000040
  Stage 3 epoch 180/300: loss=0.000050
  Stage 3 epoch 240/300: loss=0.000039
  Stage 3 epoch 300/300: loss=0.000035
  MTE@0.1: 1.9370
  MTE@0.5: 2.8059
  MTE@1.0: 3.3596
  W2@1.0:  1.8934
  sW2@0.5: 1.7588 (99/200 in region)
  sW2@1.0: 2.2701 (48/200 in region)
  MMD@1.0: 0.3663
  Survival@1.0: 74.5%
  Stopped@1.0:  24.0%
      Phase 2 AE: K_weight=0.4275
        Phase2 Epoch 50/250: loss=0.050101
        Phase2 Epoch 100/250: loss=0.018743
        Phase2 Epoch 150/250: loss=0.048106
        Phase2 Epoch 200/250: loss=0.020532
        Phase2 Epoch 250/250: loss=0.016294
        E_mu=0.0576  E_Sigma=0.1683
      → K
  Stage 2 epoch 60/300: loss=0.000486
  Stage 2 epoch 120/300: loss=0.000334
  Stage 2 epoch 180/300: loss=0.000368
  Stage 2 epoch 240/300: loss=0.000173
  Stage 2 epoch 300/300: loss=0.000216
  Stage 3 epoch 60/300: loss=0.000034
  Stage 3 epoch 120/300: loss=0.000024
  Stage 3 epoch 180/300: loss=0.000025
  Stage 3 epoch 240/300: loss=0.000022
  Stage 3 epoch 300/300: loss=0.000020
  MTE@0.1: 1.3688
  MTE@0.5: 2.3845
  MTE@1.0: 2.9786
  W2@1.0:  1.3718
  sW2@0.5: 1.1787 (99/200 in region)
  sW2@1.0: 1.7968 (48/200 in region)
  MMD@1.0: 0.2114
  Survival@1.0: 74.5%
  Stopped@1.0:  24.0%
      → K+S (smooth=0.1)
  Stage 2 epoch 60/300: loss=0.010118
  Stage 2 epoch 120/300: loss=0.008370
  Stage 2 epoch 180/300: loss=0.008417
  Stage 2 epoch 240/300: loss=0.007958
  Stage 2 epoch 300/300: loss=0.007744
  Stage 3 epoch 60/300: loss=0.000034
  Stage 3 epoch 120/300: loss=0.000024
  Stage 3 epoch 180/300: loss=0.000025
  Stage 3 epoch 240/300: loss=0.000022
  Stage 3 epoch 300/300: loss=0.000020
  MTE@0.1: 1.3820
  MTE@0.5: 2.4815
  MTE@1.0: 3.0720
  W2@1.0:  1.5503
  sW2@0.5: 1.2188 (99/200 in region)
  sW2@1.0: 2.0384 (48/200 in region)
  MMD@1.0: 0.2186
  Survival@1.0: 74.5%
  Stopped@1.0:  24.0%
      baseline: W2=1.8934  E_mu=0.1346  E_Sig=0.2512
             K: W2=1.3718  E_mu=0.0576  E_Sig=0.1683
           K+S: W2=1.5503  E_mu=0.0576  E_Sig=0.1683

============================================================
  N=100 | D=201 (K=99) | paraboloid | seed=4042
============================================================
    Phase1 Epoch 50/250: loss=0.828353
    Phase1 Epoch 100/250: loss=0.661380
    Phase1 Epoch 150/250: loss=0.215275
    Phase1 Epoch 200/250: loss=0.075338
    Phase1 Epoch 250/250: loss=0.055950
      Phase 2 AE: K_weight=0.0000
        Phase2 Epoch 50/250: loss=0.020164
        Phase2 Epoch 100/250: loss=0.036644
        Phase2 Epoch 150/250: loss=0.019597
        Phase2 Epoch 200/250: loss=0.039777
        Phase2 Epoch 250/250: loss=0.026903
        E_mu=0.1113  E_Sigma=0.5347
      → baseline
  Stage 2 epoch 60/300: loss=0.000467
  Stage 2 epoch 120/300: loss=0.000413
  Stage 2 epoch 180/300: loss=0.000268
  Stage 2 epoch 240/300: loss=0.000183
  Stage 2 epoch 300/300: loss=0.000139
  Stage 3 epoch 60/300: loss=0.000155
  Stage 3 epoch 120/300: loss=0.000128
  Stage 3 epoch 180/300: loss=0.000105
  Stage 3 epoch 240/300: loss=0.000097
  Stage 3 epoch 300/300: loss=0.000107
  MTE@0.1: 1.2280
  MTE@0.5: 1.9267
  MTE@1.0: 2.1225
  W2@1.0:  1.3876
  sW2@0.5: 1.0223 (107/200 in region)
  sW2@1.0: 1.3466 (60/200 in region)
  MMD@1.0: 0.2944
  Survival@1.0: 76.0%
  Stopped@1.0:  30.0%
      Phase 2 AE: K_weight=0.4275
        Phase2 Epoch 50/250: loss=0.046824
        Phase2 Epoch 100/250: loss=0.015801
        Phase2 Epoch 150/250: loss=0.022860
        Phase2 Epoch 200/250: loss=0.025122
        Phase2 Epoch 250/250: loss=0.002319
        E_mu=0.0388  E_Sigma=0.0407
      → K
  Stage 2 epoch 60/300: loss=0.000306
  Stage 2 epoch 120/300: loss=0.000266
  Stage 2 epoch 180/300: loss=0.000205
  Stage 2 epoch 240/300: loss=0.000199
  Stage 2 epoch 300/300: loss=0.000174
  Stage 3 epoch 60/300: loss=0.000147
  Stage 3 epoch 120/300: loss=0.000116
  Stage 3 epoch 180/300: loss=0.000097
  Stage 3 epoch 240/300: loss=0.000076
  Stage 3 epoch 300/300: loss=0.000079
  MTE@0.1: 0.9054
  MTE@0.5: 1.8107
  MTE@1.0: 1.8683
  W2@1.0:  0.9478
  sW2@0.5: 0.6998 (107/200 in region)
  sW2@1.0: 1.0676 (60/200 in region)
  MMD@1.0: 0.1286
  Survival@1.0: 76.0%
  Stopped@1.0:  30.0%
      → K+S (smooth=0.1)
  Stage 2 epoch 60/300: loss=0.006937
  Stage 2 epoch 120/300: loss=0.006856
  Stage 2 epoch 180/300: loss=0.006019
  Stage 2 epoch 240/300: loss=0.006875
  Stage 2 epoch 300/300: loss=0.007290
  Stage 3 epoch 60/300: loss=0.000147
  Stage 3 epoch 120/300: loss=0.000116
  Stage 3 epoch 180/300: loss=0.000097
  Stage 3 epoch 240/300: loss=0.000076
  Stage 3 epoch 300/300: loss=0.000079
  MTE@0.1: 0.9103
  MTE@0.5: 1.8305
  MTE@1.0: 1.9964
  W2@1.0:  1.0252
  sW2@0.5: 0.6221 (107/200 in region)
  sW2@1.0: 0.9404 (60/200 in region)
  MMD@1.0: 0.1443
  Survival@1.0: 76.0%
  Stopped@1.0:  30.0%
      baseline: W2=1.3876  E_mu=0.1113  E_Sig=0.5347
             K: W2=0.9478  E_mu=0.0388  E_Sig=0.0407
           K+S: W2=1.0252  E_mu=0.0388  E_Sig=0.0407

============================================================
  N=100 | D=201 (K=99) | paraboloid | seed=5042
============================================================
    Phase1 Epoch 50/250: loss=0.816647
    Phase1 Epoch 100/250: loss=0.747995
    Phase1 Epoch 150/250: loss=0.616286
    Phase1 Epoch 200/250: loss=0.261443
    Phase1 Epoch 250/250: loss=0.050784
      Phase 2 AE: K_weight=0.0000
        Phase2 Epoch 50/250: loss=0.036606
        Phase2 Epoch 100/250: loss=0.034292
        Phase2 Epoch 150/250: loss=0.050052
        Phase2 Epoch 200/250: loss=0.012731
        Phase2 Epoch 250/250: loss=0.014478
        E_mu=0.1013  E_Sigma=0.2346
      → baseline
  Stage 2 epoch 60/300: loss=0.000701
  Stage 2 epoch 120/300: loss=0.000309
  Stage 2 epoch 180/300: loss=0.000199
  Stage 2 epoch 240/300: loss=0.000173
  Stage 2 epoch 300/300: loss=0.000142
  Stage 3 epoch 60/300: loss=0.000044
  Stage 3 epoch 120/300: loss=0.000034
  Stage 3 epoch 180/300: loss=0.000033
  Stage 3 epoch 240/300: loss=0.000028
  Stage 3 epoch 300/300: loss=0.000023
  MTE@0.1: 1.1551
  MTE@0.5: 2.1958
  MTE@1.0: 2.7724
  W2@1.0:  1.3229
  sW2@0.5: 1.0591 (110/200 in region)
  sW2@1.0: 1.6014 (53/200 in region)
  MMD@1.0: 0.1657
  Survival@1.0: 76.5%
  Stopped@1.0:  26.5%
      Phase 2 AE: K_weight=0.4275
        Phase2 Epoch 50/250: loss=0.041857
        Phase2 Epoch 100/250: loss=0.066247
        Phase2 Epoch 150/250: loss=0.048033
        Phase2 Epoch 200/250: loss=0.024026
        Phase2 Epoch 250/250: loss=0.024687
        E_mu=0.0844  E_Sigma=0.1955
      → K
  Stage 2 epoch 60/300: loss=0.000703
  Stage 2 epoch 120/300: loss=0.000259
  Stage 2 epoch 180/300: loss=0.000201
  Stage 2 epoch 240/300: loss=0.000161
  Stage 2 epoch 300/300: loss=0.000144
  Stage 3 epoch 60/300: loss=0.000037
  Stage 3 epoch 120/300: loss=0.000030
  Stage 3 epoch 180/300: loss=0.000028
  Stage 3 epoch 240/300: loss=0.000024
  Stage 3 epoch 300/300: loss=0.000019
  MTE@0.1: 1.2095
  MTE@0.5: 2.2282
  MTE@1.0: 2.8318
  W2@1.0:  1.3317
  sW2@0.5: 1.0799 (110/200 in region)
  sW2@1.0: 1.6903 (53/200 in region)
  MMD@1.0: 0.1788
  Survival@1.0: 76.5%
  Stopped@1.0:  26.5%
      → K+S (smooth=0.1)
  Stage 2 epoch 60/300: loss=0.006302
  Stage 2 epoch 120/300: loss=0.007344
  Stage 2 epoch 180/300: loss=0.007189
  Stage 2 epoch 240/300: loss=0.007453
  Stage 2 epoch 300/300: loss=0.006843
  Stage 3 epoch 60/300: loss=0.000037
  Stage 3 epoch 120/300: loss=0.000030
  Stage 3 epoch 180/300: loss=0.000028
  Stage 3 epoch 240/300: loss=0.000024
  Stage 3 epoch 300/300: loss=0.000019
  MTE@0.1: 1.2120
  MTE@0.5: 2.1981
  MTE@1.0: 2.7838
  W2@1.0:  1.3237
  sW2@0.5: 1.0172 (110/200 in region)
  sW2@1.0: 1.6940 (53/200 in region)
  MMD@1.0: 0.1649
  Survival@1.0: 76.5%
  Stopped@1.0:  26.5%
      baseline: W2=1.3229  E_mu=0.1013  E_Sig=0.2346
             K: W2=1.3317  E_mu=0.0844  E_Sig=0.1955
           K+S: W2=1.3237  E_mu=0.0844  E_Sig=0.1955

============================================================
  N=100 | D=201 (K=99) | paraboloid | seed=6042
============================================================
    Phase1 Epoch 50/250: loss=0.845867
    Phase1 Epoch 100/250: loss=0.547320
    Phase1 Epoch 150/250: loss=0.122015
    Phase1 Epoch 200/250: loss=0.070993
    Phase1 Epoch 250/250: loss=0.033814
      Phase 2 AE: K_weight=0.0000
        Phase2 Epoch 50/250: loss=0.022087
        Phase2 Epoch 100/250: loss=0.027893
        Phase2 Epoch 150/250: loss=0.017186
        Phase2 Epoch 200/250: loss=0.015401
        Phase2 Epoch 250/250: loss=0.002463
        E_mu=0.1014  E_Sigma=0.0717
      → baseline
  Stage 2 epoch 60/300: loss=0.000821
  Stage 2 epoch 120/300: loss=0.000706
  Stage 2 epoch 180/300: loss=0.000616
  Stage 2 epoch 240/300: loss=0.000591
  Stage 2 epoch 300/300: loss=0.000320
  Stage 3 epoch 60/300: loss=0.000145
  Stage 3 epoch 120/300: loss=0.000091
  Stage 3 epoch 180/300: loss=0.000134
  Stage 3 epoch 240/300: loss=0.000090
  Stage 3 epoch 300/300: loss=0.000055
  MTE@0.1: 0.8577
  MTE@0.5: 1.7134
  MTE@1.0: 2.0184
  W2@1.0:  1.1452
  sW2@0.5: 0.5755 (103/200 in region)
  sW2@1.0: 0.8971 (61/200 in region)
  MMD@1.0: 0.1103
  Survival@1.0: 73.0%
  Stopped@1.0:  30.5%
      Phase 2 AE: K_weight=0.4275
        Phase2 Epoch 50/250: loss=0.036309
        Phase2 Epoch 100/250: loss=0.026405
        Phase2 Epoch 150/250: loss=0.021380
        Phase2 Epoch 200/250: loss=0.022778
        Phase2 Epoch 250/250: loss=0.002673
        E_mu=0.0603  E_Sigma=0.0593
      → K
  Stage 2 epoch 60/300: loss=0.000646
  Stage 2 epoch 120/300: loss=0.000495
  Stage 2 epoch 180/300: loss=0.000445
  Stage 2 epoch 240/300: loss=0.000456
  Stage 2 epoch 300/300: loss=0.000254
  Stage 3 epoch 60/300: loss=0.000140
  Stage 3 epoch 120/300: loss=0.000084
  Stage 3 epoch 180/300: loss=0.000117
  Stage 3 epoch 240/300: loss=0.000080
  Stage 3 epoch 300/300: loss=0.000047
  MTE@0.1: 0.8569
  MTE@0.5: 1.7032
  MTE@1.0: 1.9774
  W2@1.0:  1.0693
  sW2@0.5: 0.5668 (103/200 in region)
  sW2@1.0: 0.8472 (61/200 in region)
  MMD@1.0: 0.1017
  Survival@1.0: 73.0%
  Stopped@1.0:  30.5%
      → K+S (smooth=0.1)
  Stage 2 epoch 60/300: loss=0.007248
  Stage 2 epoch 120/300: loss=0.007445
  Stage 2 epoch 180/300: loss=0.007152
  Stage 2 epoch 240/300: loss=0.006195
  Stage 2 epoch 300/300: loss=0.006538
  Stage 3 epoch 60/300: loss=0.000140
  Stage 3 epoch 120/300: loss=0.000084
  Stage 3 epoch 180/300: loss=0.000117
  Stage 3 epoch 240/300: loss=0.000080
  Stage 3 epoch 300/300: loss=0.000047
  MTE@0.1: 0.8680
  MTE@0.5: 1.7773
  MTE@1.0: 1.9653
  W2@1.0:  1.1412
  sW2@0.5: 0.6348 (103/200 in region)
  sW2@1.0: 0.6166 (61/200 in region)
  MMD@1.0: 0.0955
  Survival@1.0: 73.0%
  Stopped@1.0:  30.5%
      baseline: W2=1.1452  E_mu=0.1014  E_Sig=0.0717
             K: W2=1.0693  E_mu=0.0603  E_Sig=0.0593
           K+S: W2=1.1412  E_mu=0.0603  E_Sig=0.0593

============================================================
  N=100 | D=201 (K=99) | paraboloid | seed=7042
============================================================
    Phase1 Epoch 50/250: loss=0.851483
    Phase1 Epoch 100/250: loss=0.524473
    Phase1 Epoch 150/250: loss=0.151441
    Phase1 Epoch 200/250: loss=0.113848
    Phase1 Epoch 250/250: loss=0.041727
      Phase 2 AE: K_weight=0.0000
        Phase2 Epoch 50/250: loss=0.030706
        Phase2 Epoch 100/250: loss=0.040891
        Phase2 Epoch 150/250: loss=0.041396
        Phase2 Epoch 200/250: loss=0.028372
        Phase2 Epoch 250/250: loss=0.044849
        E_mu=0.1841  E_Sigma=0.9691
      → baseline
  Stage 2 epoch 60/300: loss=0.001426
  Stage 2 epoch 120/300: loss=0.000949
  Stage 2 epoch 180/300: loss=0.000824
  Stage 2 epoch 240/300: loss=0.000810
  Stage 2 epoch 300/300: loss=0.000515
  Stage 3 epoch 60/300: loss=0.000187
  Stage 3 epoch 120/300: loss=0.000144
  Stage 3 epoch 180/300: loss=0.000131
  Stage 3 epoch 240/300: loss=0.000117
  Stage 3 epoch 300/300: loss=0.000109
  MTE@0.1: 1.4374
  MTE@0.5: 2.5134
  MTE@1.0: 2.9886
  W2@1.0:  1.3323
  sW2@0.5: 1.1719 (103/200 in region)
  sW2@1.0: 1.5368 (54/200 in region)
  MMD@1.0: 0.1991
  Survival@1.0: 76.5%
  Stopped@1.0:  27.0%
      Phase 2 AE: K_weight=0.4275
        Phase2 Epoch 50/250: loss=0.044247
        Phase2 Epoch 100/250: loss=0.046634
        Phase2 Epoch 150/250: loss=0.023242
        Phase2 Epoch 200/250: loss=0.026942
        Phase2 Epoch 250/250: loss=0.025262
        E_mu=0.1112  E_Sigma=0.3572
      → K
  Stage 2 epoch 60/300: loss=0.000711
  Stage 2 epoch 120/300: loss=0.000532
  Stage 2 epoch 180/300: loss=0.000462
  Stage 2 epoch 240/300: loss=0.000365
  Stage 2 epoch 300/300: loss=0.000264
  Stage 3 epoch 60/300: loss=0.000158
  Stage 3 epoch 120/300: loss=0.000128
  Stage 3 epoch 180/300: loss=0.000119
  Stage 3 epoch 240/300: loss=0.000104
  Stage 3 epoch 300/300: loss=0.000097
  MTE@0.1: 1.4382
  MTE@0.5: 2.5102
  MTE@1.0: 3.0329
  W2@1.0:  1.3620
  sW2@0.5: 1.1622 (103/200 in region)
  sW2@1.0: 1.5644 (54/200 in region)
  MMD@1.0: 0.2127
  Survival@1.0: 76.5%
  Stopped@1.0:  27.0%
      → K+S (smooth=0.1)
  Stage 2 epoch 60/300: loss=0.007303
  Stage 2 epoch 120/300: loss=0.006551
  Stage 2 epoch 180/300: loss=0.006203
  Stage 2 epoch 240/300: loss=0.007034
  Stage 2 epoch 300/300: loss=0.007114
  Stage 3 epoch 60/300: loss=0.000158
  Stage 3 epoch 120/300: loss=0.000128
  Stage 3 epoch 180/300: loss=0.000119
  Stage 3 epoch 240/300: loss=0.000104
  Stage 3 epoch 300/300: loss=0.000097
  MTE@0.1: 1.4383
  MTE@0.5: 2.5540
  MTE@1.0: 2.9932
  W2@1.0:  1.3086
  sW2@0.5: 1.1375 (103/200 in region)
  sW2@1.0: 1.5439 (54/200 in region)
  MMD@1.0: 0.1989
  Survival@1.0: 76.5%
  Stopped@1.0:  27.0%
      baseline: W2=1.3323  E_mu=0.1841  E_Sig=0.9691
             K: W2=1.3620  E_mu=0.1112  E_Sig=0.3572
           K+S: W2=1.3086  E_mu=0.1112  E_Sig=0.3572

============================================================
  N=100 | D=201 (K=99) | paraboloid | seed=8042
============================================================
    Phase1 Epoch 50/250: loss=0.858691
    Phase1 Epoch 100/250: loss=0.808630
    Phase1 Epoch 150/250: loss=0.728208
    Phase1 Epoch 200/250: loss=0.473765
    Phase1 Epoch 250/250: loss=0.117021
      Phase 2 AE: K_weight=0.0000
        Phase2 Epoch 50/250: loss=0.060272
        Phase2 Epoch 100/250: loss=0.040132
        Phase2 Epoch 150/250: loss=0.046716
        Phase2 Epoch 200/250: loss=0.044491
        Phase2 Epoch 250/250: loss=0.015300
        E_mu=0.2416  E_Sigma=0.4662
      → baseline
  Stage 2 epoch 60/300: loss=0.001336
  Stage 2 epoch 120/300: loss=0.000950
  Stage 2 epoch 180/300: loss=0.000377
  Stage 2 epoch 240/300: loss=0.000275
  Stage 2 epoch 300/300: loss=0.000225
  Stage 3 epoch 60/300: loss=0.000317
  Stage 3 epoch 120/300: loss=0.000097
  Stage 3 epoch 180/300: loss=0.000099
  Stage 3 epoch 240/300: loss=0.000063
  Stage 3 epoch 300/300: loss=0.000071
  MTE@0.1: 1.1142
  MTE@0.5: 2.3496
  MTE@1.0: 3.0259
  W2@1.0:  1.5148
  sW2@0.5: 1.4089 (101/200 in region)
  sW2@1.0: 2.1299 (60/200 in region)
  MMD@1.0: 0.2234
  Survival@1.0: 79.5%
  Stopped@1.0:  30.0%
      Phase 2 AE: K_weight=0.4275
        Phase2 Epoch 50/250: loss=0.055011
        Phase2 Epoch 100/250: loss=0.031050
        Phase2 Epoch 150/250: loss=0.019183
        Phase2 Epoch 200/250: loss=0.024503
        Phase2 Epoch 250/250: loss=0.021565
        E_mu=0.1923  E_Sigma=0.3087
      → K
  Stage 2 epoch 60/300: loss=0.001135
  Stage 2 epoch 120/300: loss=0.000859
  Stage 2 epoch 180/300: loss=0.000388
  Stage 2 epoch 240/300: loss=0.000239
  Stage 2 epoch 300/300: loss=0.000190
  Stage 3 epoch 60/300: loss=0.000302
  Stage 3 epoch 120/300: loss=0.000073
  Stage 3 epoch 180/300: loss=0.000071
  Stage 3 epoch 240/300: loss=0.000044
  Stage 3 epoch 300/300: loss=0.000051
  MTE@0.1: 1.2119
  MTE@0.5: 2.4320
  MTE@1.0: 3.0607
  W2@1.0:  1.6174
  sW2@0.5: 1.5571 (101/200 in region)
  sW2@1.0: 2.1693 (60/200 in region)
  MMD@1.0: 0.2584
  Survival@1.0: 79.5%
  Stopped@1.0:  30.0%
      → K+S (smooth=0.1)
  Stage 2 epoch 60/300: loss=0.008693
  Stage 2 epoch 120/300: loss=0.007217
  Stage 2 epoch 180/300: loss=0.007507
  Stage 2 epoch 240/300: loss=0.006844
  Stage 2 epoch 300/300: loss=0.006832
  Stage 3 epoch 60/300: loss=0.000302
  Stage 3 epoch 120/300: loss=0.000073
  Stage 3 epoch 180/300: loss=0.000071
  Stage 3 epoch 240/300: loss=0.000044
  Stage 3 epoch 300/300: loss=0.000051
  MTE@0.1: 1.2102
  MTE@0.5: 2.3945
  MTE@1.0: 2.9365
  W2@1.0:  1.3527
  sW2@0.5: 1.4457 (101/200 in region)
  sW2@1.0: 2.0274 (60/200 in region)
  MMD@1.0: 0.2107
  Survival@1.0: 79.5%
  Stopped@1.0:  30.0%
      baseline: W2=1.5148  E_mu=0.2416  E_Sig=0.4662
             K: W2=1.6174  E_mu=0.1923  E_Sig=0.3087
           K+S: W2=1.3527  E_mu=0.1923  E_Sig=0.3087

============================================================
  N=100 | D=201 (K=99) | paraboloid | seed=9042
============================================================
    Phase1 Epoch 50/250: loss=0.863524
    Phase1 Epoch 100/250: loss=0.579507
    Phase1 Epoch 150/250: loss=0.182685
    Phase1 Epoch 200/250: loss=0.059713
    Phase1 Epoch 250/250: loss=0.053593
      Phase 2 AE: K_weight=0.0000
        Phase2 Epoch 50/250: loss=0.038385
        Phase2 Epoch 100/250: loss=0.021220
        Phase2 Epoch 150/250: loss=0.029689
        Phase2 Epoch 200/250: loss=0.020257
        Phase2 Epoch 250/250: loss=0.014314
        E_mu=0.1138  E_Sigma=0.2329
      → baseline
  Stage 2 epoch 60/300: loss=0.000870
  Stage 2 epoch 120/300: loss=0.000598
  Stage 2 epoch 180/300: loss=0.000353
  Stage 2 epoch 240/300: loss=0.000299
  Stage 2 epoch 300/300: loss=0.000312
  Stage 3 epoch 60/300: loss=0.000046
  Stage 3 epoch 120/300: loss=0.000065
  Stage 3 epoch 180/300: loss=0.000043
  Stage 3 epoch 240/300: loss=0.000051
  Stage 3 epoch 300/300: loss=0.000040
  MTE@0.1: 1.3806
  MTE@0.5: 2.4312
  MTE@1.0: 2.8749
  W2@1.0:  1.7218
  sW2@0.5: 1.6270 (105/200 in region)
  sW2@1.0: 1.8703 (64/200 in region)
  MMD@1.0: 0.2444
  Survival@1.0: 76.0%
  Stopped@1.0:  32.0%
      Phase 2 AE: K_weight=0.4275
        Phase2 Epoch 50/250: loss=0.031154
        Phase2 Epoch 100/250: loss=0.029513
        Phase2 Epoch 150/250: loss=0.036661
        Phase2 Epoch 200/250: loss=0.047916
        Phase2 Epoch 250/250: loss=0.014372
        E_mu=0.1469  E_Sigma=0.4677
      → K
  Stage 2 epoch 60/300: loss=0.000971
  Stage 2 epoch 120/300: loss=0.000531
  Stage 2 epoch 180/300: loss=0.000291
  Stage 2 epoch 240/300: loss=0.000220
  Stage 2 epoch 300/300: loss=0.000246
  Stage 3 epoch 60/300: loss=0.000053
  Stage 3 epoch 120/300: loss=0.000079
  Stage 3 epoch 180/300: loss=0.000055
  Stage 3 epoch 240/300: loss=0.000057
  Stage 3 epoch 300/300: loss=0.000047
  MTE@0.1: 1.3281
  MTE@0.5: 2.4504
  MTE@1.0: 2.9602
  W2@1.0:  1.8330
  sW2@0.5: 1.7027 (105/200 in region)
  sW2@1.0: 2.1204 (64/200 in region)
  MMD@1.0: 0.2469
  Survival@1.0: 76.0%
  Stopped@1.0:  32.0%
      → K+S (smooth=0.1)
  Stage 2 epoch 60/300: loss=0.008295
  Stage 2 epoch 120/300: loss=0.008835
  Stage 2 epoch 180/300: loss=0.006978
  Stage 2 epoch 240/300: loss=0.007847
  Stage 2 epoch 300/300: loss=0.009453
  Stage 3 epoch 60/300: loss=0.000053
  Stage 3 epoch 120/300: loss=0.000079
  Stage 3 epoch 180/300: loss=0.000055
  Stage 3 epoch 240/300: loss=0.000057
  Stage 3 epoch 300/300: loss=0.000047
  MTE@0.1: 1.3289
  MTE@0.5: 2.4431
  MTE@1.0: 2.9214
  W2@1.0:  1.5860
  sW2@0.5: 1.5479 (105/200 in region)
  sW2@1.0: 1.7088 (64/200 in region)
  MMD@1.0: 0.2270
  Survival@1.0: 76.0%
  Stopped@1.0:  32.0%
      baseline: W2=1.7218  E_mu=0.1138  E_Sig=0.2329
             K: W2=1.8330  E_mu=0.1469  E_Sig=0.4677
           K+S: W2=1.5860  E_mu=0.1469  E_Sig=0.4677

============================================================
  N=100 | D=201 (K=99) | hyperbolic_paraboloid | seed=42
============================================================
    Phase1 Epoch 50/250: loss=0.907396
    Phase1 Epoch 100/250: loss=0.753936
    Phase1 Epoch 150/250: loss=0.213844
    Phase1 Epoch 200/250: loss=0.064458
    Phase1 Epoch 250/250: loss=0.041434
      Phase 2 AE: K_weight=0.0000
        Phase2 Epoch 50/250: loss=0.027234
        Phase2 Epoch 100/250: loss=0.031740
        Phase2 Epoch 150/250: loss=0.013114
        Phase2 Epoch 200/250: loss=0.013245
        Phase2 Epoch 250/250: loss=0.013284
        E_mu=0.0745  E_Sigma=0.1690
      → baseline
  Stage 2 epoch 60/300: loss=0.000806
  Stage 2 epoch 120/300: loss=0.000778
  Stage 2 epoch 180/300: loss=0.000557
  Stage 2 epoch 240/300: loss=0.000439
  Stage 2 epoch 300/300: loss=0.000358
  Stage 3 epoch 60/300: loss=0.000030
  Stage 3 epoch 120/300: loss=0.000021
  Stage 3 epoch 180/300: loss=0.000015
  Stage 3 epoch 240/300: loss=0.000018
  Stage 3 epoch 300/300: loss=0.000013
  MTE@0.1: 1.2337
  MTE@0.5: 2.6379
  MTE@1.0: 2.9842
  W2@1.0:  1.3626
  sW2@0.5: 1.1915 (96/200 in region)
  sW2@1.0: 1.4484 (48/200 in region)
  MMD@1.0: 0.1664
  Survival@1.0: 76.5%
  Stopped@1.0:  24.0%
      Phase 2 AE: K_weight=0.4275
        Phase2 Epoch 50/250: loss=0.022169
        Phase2 Epoch 100/250: loss=0.022037
        Phase2 Epoch 150/250: loss=0.018088
        Phase2 Epoch 200/250: loss=0.007748
        Phase2 Epoch 250/250: loss=0.009487
        E_mu=0.0739  E_Sigma=0.1771
      → K
  Stage 2 epoch 60/300: loss=0.000772
  Stage 2 epoch 120/300: loss=0.000710
  Stage 2 epoch 180/300: loss=0.000487
  Stage 2 epoch 240/300: loss=0.000356
  Stage 2 epoch 300/300: loss=0.000293
  Stage 3 epoch 60/300: loss=0.000029
  Stage 3 epoch 120/300: loss=0.000022
  Stage 3 epoch 180/300: loss=0.000015
  Stage 3 epoch 240/300: loss=0.000018
  Stage 3 epoch 300/300: loss=0.000012
  MTE@0.1: 1.2413
  MTE@0.5: 2.6686
  MTE@1.0: 3.0318
  W2@1.0:  1.4547
  sW2@0.5: 1.3004 (96/200 in region)
  sW2@1.0: 1.5534 (48/200 in region)
  MMD@1.0: 0.1796
  Survival@1.0: 76.5%
  Stopped@1.0:  24.0%
      → K+S (smooth=0.1)
  Stage 2 epoch 60/300: loss=0.015485
  Stage 2 epoch 120/300: loss=0.019469
  Stage 2 epoch 180/300: loss=0.015274
  Stage 2 epoch 240/300: loss=0.014931
  Stage 2 epoch 300/300: loss=0.018781
  Stage 3 epoch 60/300: loss=0.000029
  Stage 3 epoch 120/300: loss=0.000022
  Stage 3 epoch 180/300: loss=0.000015
  Stage 3 epoch 240/300: loss=0.000018
  Stage 3 epoch 300/300: loss=0.000012
  MTE@0.1: 1.2904
  MTE@0.5: 2.9587
  MTE@1.0: 3.3212
  W2@1.0:  1.7247
  sW2@0.5: 1.4017 (96/200 in region)
  sW2@1.0: 1.8536 (48/200 in region)
  MMD@1.0: 0.2226
  Survival@1.0: 76.5%
  Stopped@1.0:  24.0%
      baseline: W2=1.3626  E_mu=0.0745  E_Sig=0.1690
             K: W2=1.4547  E_mu=0.0739  E_Sig=0.1771
           K+S: W2=1.7247  E_mu=0.0739  E_Sig=0.1771

============================================================
  N=100 | D=201 (K=99) | hyperbolic_paraboloid | seed=1042
============================================================
    Phase1 Epoch 50/250: loss=0.880491
    Phase1 Epoch 100/250: loss=0.711294
    Phase1 Epoch 150/250: loss=0.468853
    Phase1 Epoch 200/250: loss=0.048190
    Phase1 Epoch 250/250: loss=0.064772
      Phase 2 AE: K_weight=0.0000
        Phase2 Epoch 50/250: loss=0.029382
        Phase2 Epoch 100/250: loss=0.059309
        Phase2 Epoch 150/250: loss=0.024528
        Phase2 Epoch 200/250: loss=0.012887
        Phase2 Epoch 250/250: loss=0.016929
        E_mu=0.1497  E_Sigma=0.2372
      → baseline
  Stage 2 epoch 60/300: loss=0.001483
  Stage 2 epoch 120/300: loss=0.001122
  Stage 2 epoch 180/300: loss=0.000708
  Stage 2 epoch 240/300: loss=0.000556
  Stage 2 epoch 300/300: loss=0.000403
  Stage 3 epoch 60/300: loss=0.000139
  Stage 3 epoch 120/300: loss=0.000057
  Stage 3 epoch 180/300: loss=0.000065
  Stage 3 epoch 240/300: loss=0.000050
  Stage 3 epoch 300/300: loss=0.000045
  MTE@0.1: 1.6537
  MTE@0.5: 2.6687
  MTE@1.0: 3.2870
  W2@1.0:  1.5031
  sW2@0.5: 1.2856 (100/200 in region)
  sW2@1.0: 1.4905 (53/200 in region)
  MMD@1.0: 0.1827
  Survival@1.0: 72.0%
  Stopped@1.0:  26.5%
      Phase 2 AE: K_weight=0.4275
        Phase2 Epoch 50/250: loss=0.067323
        Phase2 Epoch 100/250: loss=0.016047
        Phase2 Epoch 150/250: loss=0.036733
        Phase2 Epoch 200/250: loss=0.028927
        Phase2 Epoch 250/250: loss=0.025168
        E_mu=0.0852  E_Sigma=0.2531
      → K
  Stage 2 epoch 60/300: loss=0.001076
  Stage 2 epoch 120/300: loss=0.000835
  Stage 2 epoch 180/300: loss=0.000664
  Stage 2 epoch 240/300: loss=0.000432
  Stage 2 epoch 300/300: loss=0.000273
  Stage 3 epoch 60/300: loss=0.000125
  Stage 3 epoch 120/300: loss=0.000054
  Stage 3 epoch 180/300: loss=0.000064
  Stage 3 epoch 240/300: loss=0.000047
  Stage 3 epoch 300/300: loss=0.000039
  MTE@0.1: 1.6619
  MTE@0.5: 2.6797
  MTE@1.0: 3.2851
  W2@1.0:  1.5338
  sW2@0.5: 1.3259 (100/200 in region)
  sW2@1.0: 1.5536 (53/200 in region)
  MMD@1.0: 0.1996
  Survival@1.0: 72.0%
  Stopped@1.0:  26.5%
      → K+S (smooth=0.1)
  Stage 2 epoch 60/300: loss=0.017003
  Stage 2 epoch 120/300: loss=0.016311
  Stage 2 epoch 180/300: loss=0.015053
  Stage 2 epoch 240/300: loss=0.016367
  Stage 2 epoch 300/300: loss=0.014669
  Stage 3 epoch 60/300: loss=0.000125
  Stage 3 epoch 120/300: loss=0.000054
  Stage 3 epoch 180/300: loss=0.000064
  Stage 3 epoch 240/300: loss=0.000047
  Stage 3 epoch 300/300: loss=0.000039
  MTE@0.1: 1.6861
  MTE@0.5: 2.8251
  MTE@1.0: 3.3141
  W2@1.0:  1.5673
  sW2@0.5: 1.4195 (100/200 in region)
  sW2@1.0: 1.8533 (53/200 in region)
  MMD@1.0: 0.2158
  Survival@1.0: 72.0%
  Stopped@1.0:  26.5%
      baseline: W2=1.5031  E_mu=0.1497  E_Sig=0.2372
             K: W2=1.5338  E_mu=0.0852  E_Sig=0.2531
           K+S: W2=1.5673  E_mu=0.0852  E_Sig=0.2531

============================================================
  N=100 | D=201 (K=99) | hyperbolic_paraboloid | seed=2042
============================================================
    Phase1 Epoch 50/250: loss=0.917460
    Phase1 Epoch 100/250: loss=0.670192
    Phase1 Epoch 150/250: loss=0.145437
    Phase1 Epoch 200/250: loss=0.055377
    Phase1 Epoch 250/250: loss=0.046794
      Phase 2 AE: K_weight=0.0000
        Phase2 Epoch 50/250: loss=0.018448
        Phase2 Epoch 100/250: loss=0.031539
        Phase2 Epoch 150/250: loss=0.013555
        Phase2 Epoch 200/250: loss=0.015069
        Phase2 Epoch 250/250: loss=0.003213
        E_mu=0.0798  E_Sigma=0.1124
      → baseline
  Stage 2 epoch 60/300: loss=0.000568
  Stage 2 epoch 120/300: loss=0.000496
  Stage 2 epoch 180/300: loss=0.000364
  Stage 2 epoch 240/300: loss=0.000315
  Stage 2 epoch 300/300: loss=0.000215
  Stage 3 epoch 60/300: loss=0.000138
  Stage 3 epoch 120/300: loss=0.000092
  Stage 3 epoch 180/300: loss=0.000029
  Stage 3 epoch 240/300: loss=0.000019
  Stage 3 epoch 300/300: loss=0.000015
  MTE@0.1: 0.4737
  MTE@0.5: 1.3817
  MTE@1.0: 1.7355
  W2@1.0:  1.1049
  sW2@0.5: 0.6509 (95/200 in region)
  sW2@1.0: 0.9863 (47/200 in region)
  MMD@1.0: 0.1571
  Survival@1.0: 78.5%
  Stopped@1.0:  23.5%
      Phase 2 AE: K_weight=0.4275
        Phase2 Epoch 50/250: loss=0.047304
        Phase2 Epoch 100/250: loss=0.020081
        Phase2 Epoch 150/250: loss=0.014746
        Phase2 Epoch 200/250: loss=0.012018
        Phase2 Epoch 250/250: loss=0.030405
        E_mu=0.0887  E_Sigma=0.4228
      → K
  Stage 2 epoch 60/300: loss=0.000596
  Stage 2 epoch 120/300: loss=0.000499
  Stage 2 epoch 180/300: loss=0.000430
  Stage 2 epoch 240/300: loss=0.000397
  Stage 2 epoch 300/300: loss=0.000336
  Stage 3 epoch 60/300: loss=0.000152
  Stage 3 epoch 120/300: loss=0.000108
  Stage 3 epoch 180/300: loss=0.000072
  Stage 3 epoch 240/300: loss=0.000052
  Stage 3 epoch 300/300: loss=0.000039
  MTE@0.1: 0.8431
  MTE@0.5: 1.8099
  MTE@1.0: 2.2435
  W2@1.0:  1.1906
  sW2@0.5: 0.7934 (95/200 in region)
  sW2@1.0: 1.2007 (47/200 in region)
  MMD@1.0: 0.1835
  Survival@1.0: 78.5%
  Stopped@1.0:  23.5%
      → K+S (smooth=0.1)
  Stage 2 epoch 60/300: loss=0.015899
  Stage 2 epoch 120/300: loss=0.016120
  Stage 2 epoch 180/300: loss=0.016673
  Stage 2 epoch 240/300: loss=0.021096
  Stage 2 epoch 300/300: loss=0.017609
  Stage 3 epoch 60/300: loss=0.000152
  Stage 3 epoch 120/300: loss=0.000108
  Stage 3 epoch 180/300: loss=0.000072
  Stage 3 epoch 240/300: loss=0.000052
  Stage 3 epoch 300/300: loss=0.000039
  MTE@0.1: 0.8760
  MTE@0.5: 2.0268
  MTE@1.0: 2.6247
  W2@1.0:  1.3965
  sW2@0.5: 0.9810 (95/200 in region)
  sW2@1.0: 1.6734 (47/200 in region)
  MMD@1.0: 0.1938
  Survival@1.0: 78.5%
  Stopped@1.0:  23.5%
      baseline: W2=1.1049  E_mu=0.0798  E_Sig=0.1124
             K: W2=1.1906  E_mu=0.0887  E_Sig=0.4228
           K+S: W2=1.3965  E_mu=0.0887  E_Sig=0.4228

============================================================
  N=100 | D=201 (K=99) | hyperbolic_paraboloid | seed=3042
============================================================
    Phase1 Epoch 50/250: loss=0.895884
    Phase1 Epoch 100/250: loss=0.805743
    Phase1 Epoch 150/250: loss=0.518140
    Phase1 Epoch 200/250: loss=0.042996
    Phase1 Epoch 250/250: loss=0.039107
      Phase 2 AE: K_weight=0.0000
        Phase2 Epoch 50/250: loss=0.020049
        Phase2 Epoch 100/250: loss=0.021769
        Phase2 Epoch 150/250: loss=0.014921
        Phase2 Epoch 200/250: loss=0.021509
        Phase2 Epoch 250/250: loss=0.013210
        E_mu=0.0816  E_Sigma=0.3274
      → baseline
  Stage 2 epoch 60/300: loss=0.000449
  Stage 2 epoch 120/300: loss=0.000382
  Stage 2 epoch 180/300: loss=0.000297
  Stage 2 epoch 240/300: loss=0.000221
  Stage 2 epoch 300/300: loss=0.000153
  Stage 3 epoch 60/300: loss=0.000317
  Stage 3 epoch 120/300: loss=0.000191
  Stage 3 epoch 180/300: loss=0.000357
  Stage 3 epoch 240/300: loss=0.000200
  Stage 3 epoch 300/300: loss=0.000116
  MTE@0.1: 1.3123
  MTE@0.5: 2.3414
  MTE@1.0: 2.7077
  W2@1.0:  1.2011
  sW2@0.5: 0.9835 (99/200 in region)
  sW2@1.0: 1.1591 (48/200 in region)
  MMD@1.0: 0.1669
  Survival@1.0: 74.5%
  Stopped@1.0:  24.0%
      Phase 2 AE: K_weight=0.4275
        Phase2 Epoch 50/250: loss=0.015848
        Phase2 Epoch 100/250: loss=0.027663
        Phase2 Epoch 150/250: loss=0.017212
        Phase2 Epoch 200/250: loss=0.012762
        Phase2 Epoch 250/250: loss=0.009430
        E_mu=0.0660  E_Sigma=0.1194
      → K
  Stage 2 epoch 60/300: loss=0.000436
  Stage 2 epoch 120/300: loss=0.000386
  Stage 2 epoch 180/300: loss=0.000237
  Stage 2 epoch 240/300: loss=0.000198
  Stage 2 epoch 300/300: loss=0.000121
  Stage 3 epoch 60/300: loss=0.000312
  Stage 3 epoch 120/300: loss=0.000185
  Stage 3 epoch 180/300: loss=0.000304
  Stage 3 epoch 240/300: loss=0.000225
  Stage 3 epoch 300/300: loss=0.000123
  MTE@0.1: 1.2128
  MTE@0.5: 2.2970
  MTE@1.0: 2.6835
  W2@1.0:  1.1070
  sW2@0.5: 0.9175 (99/200 in region)
  sW2@1.0: 1.0028 (48/200 in region)
  MMD@1.0: 0.1292
  Survival@1.0: 74.5%
  Stopped@1.0:  24.0%
      → K+S (smooth=0.1)
  Stage 2 epoch 60/300: loss=0.018974
  Stage 2 epoch 120/300: loss=0.017984
  Stage 2 epoch 180/300: loss=0.020199
  Stage 2 epoch 240/300: loss=0.020443
  Stage 2 epoch 300/300: loss=0.016575
  Stage 3 epoch 60/300: loss=0.000312
  Stage 3 epoch 120/300: loss=0.000185
  Stage 3 epoch 180/300: loss=0.000304
  Stage 3 epoch 240/300: loss=0.000225
  Stage 3 epoch 300/300: loss=0.000123
  MTE@0.1: 1.2502
  MTE@0.5: 2.5135
  MTE@1.0: 3.1673
  W2@1.0:  1.6053
  sW2@0.5: 0.9131 (99/200 in region)
  sW2@1.0: 1.3420 (48/200 in region)
  MMD@1.0: 0.1916
  Survival@1.0: 74.5%
  Stopped@1.0:  24.0%
      baseline: W2=1.2011  E_mu=0.0816  E_Sig=0.3274
             K: W2=1.1070  E_mu=0.0660  E_Sig=0.1194
           K+S: W2=1.6053  E_mu=0.0660  E_Sig=0.1194

============================================================
  N=100 | D=201 (K=99) | hyperbolic_paraboloid | seed=4042
============================================================
    Phase1 Epoch 50/250: loss=0.923013
    Phase1 Epoch 100/250: loss=0.578195
    Phase1 Epoch 150/250: loss=0.074616
    Phase1 Epoch 200/250: loss=0.034456
    Phase1 Epoch 250/250: loss=0.032053
      Phase 2 AE: K_weight=0.0000
        Phase2 Epoch 50/250: loss=0.026615
        Phase2 Epoch 100/250: loss=0.022879
        Phase2 Epoch 150/250: loss=0.017257
        Phase2 Epoch 200/250: loss=0.018721
        Phase2 Epoch 250/250: loss=0.015816
        E_mu=0.0636  E_Sigma=0.3105
      → baseline
  Stage 2 epoch 60/300: loss=0.000538
  Stage 2 epoch 120/300: loss=0.000532
  Stage 2 epoch 180/300: loss=0.000421
  Stage 2 epoch 240/300: loss=0.000479
  Stage 2 epoch 300/300: loss=0.000353
  Stage 3 epoch 60/300: loss=0.000038
  Stage 3 epoch 120/300: loss=0.000033
  Stage 3 epoch 180/300: loss=0.000031
  Stage 3 epoch 240/300: loss=0.000023
  Stage 3 epoch 300/300: loss=0.000017
  MTE@0.1: 1.3867
  MTE@0.5: 2.3341
  MTE@1.0: 2.5395
  W2@1.0:  1.3729
  sW2@0.5: 1.0669 (107/200 in region)
  sW2@1.0: 1.1515 (60/200 in region)
  MMD@1.0: 0.2135
  Survival@1.0: 76.0%
  Stopped@1.0:  30.0%
      Phase 2 AE: K_weight=0.4275
        Phase2 Epoch 50/250: loss=0.036384
        Phase2 Epoch 100/250: loss=0.020438
        Phase2 Epoch 150/250: loss=0.019250
        Phase2 Epoch 200/250: loss=0.003404
        Phase2 Epoch 250/250: loss=0.002454
        E_mu=0.0510  E_Sigma=0.0606
      → K
  Stage 2 epoch 60/300: loss=0.000430
  Stage 2 epoch 120/300: loss=0.000436
  Stage 2 epoch 180/300: loss=0.000348
  Stage 2 epoch 240/300: loss=0.000457
  Stage 2 epoch 300/300: loss=0.000326
  Stage 3 epoch 60/300: loss=0.000024
  Stage 3 epoch 120/300: loss=0.000020
  Stage 3 epoch 180/300: loss=0.000021
  Stage 3 epoch 240/300: loss=0.000011
  Stage 3 epoch 300/300: loss=0.000008
  MTE@0.1: 1.1890
  MTE@0.5: 2.2019
  MTE@1.0: 2.4623
  W2@1.0:  1.1344
  sW2@0.5: 0.8600 (107/200 in region)
  sW2@1.0: 1.1149 (60/200 in region)
  MMD@1.0: 0.1362
  Survival@1.0: 76.0%
  Stopped@1.0:  30.0%
      → K+S (smooth=0.1)
  Stage 2 epoch 60/300: loss=0.019557
  Stage 2 epoch 120/300: loss=0.018743
  Stage 2 epoch 180/300: loss=0.017569
  Stage 2 epoch 240/300: loss=0.018630
  Stage 2 epoch 300/300: loss=0.021628
  Stage 3 epoch 60/300: loss=0.000024
  Stage 3 epoch 120/300: loss=0.000020
  Stage 3 epoch 180/300: loss=0.000021
  Stage 3 epoch 240/300: loss=0.000011
  Stage 3 epoch 300/300: loss=0.000008
  MTE@0.1: 1.2056
  MTE@0.5: 2.4072
  MTE@1.0: 2.7138
  W2@1.0:  1.3502
  sW2@0.5: 1.0252 (107/200 in region)
  sW2@1.0: 1.3086 (60/200 in region)
  MMD@1.0: 0.1812
  Survival@1.0: 76.0%
  Stopped@1.0:  30.0%
      baseline: W2=1.3729  E_mu=0.0636  E_Sig=0.3105
             K: W2=1.1344  E_mu=0.0510  E_Sig=0.0606
           K+S: W2=1.3502  E_mu=0.0510  E_Sig=0.0606

============================================================
  N=100 | D=201 (K=99) | hyperbolic_paraboloid | seed=5042
============================================================
    Phase1 Epoch 50/250: loss=0.928395
    Phase1 Epoch 100/250: loss=0.750843
    Phase1 Epoch 150/250: loss=0.686708
    Phase1 Epoch 200/250: loss=0.569180
    Phase1 Epoch 250/250: loss=0.091489
      Phase 2 AE: K_weight=0.0000
        Phase2 Epoch 50/250: loss=0.033176
        Phase2 Epoch 100/250: loss=0.019493
        Phase2 Epoch 150/250: loss=0.017954
        Phase2 Epoch 200/250: loss=0.023363
        Phase2 Epoch 250/250: loss=0.012491
        E_mu=0.0876  E_Sigma=0.3631
      → baseline
  Stage 2 epoch 60/300: loss=0.000713
  Stage 2 epoch 120/300: loss=0.000678
  Stage 2 epoch 180/300: loss=0.000505
  Stage 2 epoch 240/300: loss=0.000349
  Stage 2 epoch 300/300: loss=0.000245
  Stage 3 epoch 60/300: loss=0.000252
  Stage 3 epoch 120/300: loss=0.000135
  Stage 3 epoch 180/300: loss=0.000139
  Stage 3 epoch 240/300: loss=0.000096
  Stage 3 epoch 300/300: loss=0.000092
  MTE@0.1: 1.1014
  MTE@0.5: 1.9993
  MTE@1.0: 2.6502
  W2@1.0:  1.3087
  sW2@0.5: 0.9196 (110/200 in region)
  sW2@1.0: 1.2453 (53/200 in region)
  MMD@1.0: 0.1709
  Survival@1.0: 76.5%
  Stopped@1.0:  26.5%
      Phase 2 AE: K_weight=0.4275
        Phase2 Epoch 50/250: loss=0.026788
        Phase2 Epoch 100/250: loss=0.025954
        Phase2 Epoch 150/250: loss=0.020973
        Phase2 Epoch 200/250: loss=0.018491
        Phase2 Epoch 250/250: loss=0.008652
        E_mu=0.0681  E_Sigma=0.2053
      → K
  Stage 2 epoch 60/300: loss=0.000519
  Stage 2 epoch 120/300: loss=0.000423
  Stage 2 epoch 180/300: loss=0.000346
  Stage 2 epoch 240/300: loss=0.000352
  Stage 2 epoch 300/300: loss=0.000201
  Stage 3 epoch 60/300: loss=0.000212
  Stage 3 epoch 120/300: loss=0.000129
  Stage 3 epoch 180/300: loss=0.000128
  Stage 3 epoch 240/300: loss=0.000086
  Stage 3 epoch 300/300: loss=0.000086
  MTE@0.1: 0.9345
  MTE@0.5: 1.7628
  MTE@1.0: 2.3212
  W2@1.0:  1.1383
  sW2@0.5: 0.6825 (110/200 in region)
  sW2@1.0: 0.9556 (53/200 in region)
  MMD@1.0: 0.1488
  Survival@1.0: 76.5%
  Stopped@1.0:  26.5%
      → K+S (smooth=0.1)
  Stage 2 epoch 60/300: loss=0.016889
  Stage 2 epoch 120/300: loss=0.018522
  Stage 2 epoch 180/300: loss=0.018764
  Stage 2 epoch 240/300: loss=0.018763
  Stage 2 epoch 300/300: loss=0.017654
  Stage 3 epoch 60/300: loss=0.000212
  Stage 3 epoch 120/300: loss=0.000129
  Stage 3 epoch 180/300: loss=0.000128
  Stage 3 epoch 240/300: loss=0.000086
  Stage 3 epoch 300/300: loss=0.000086
  MTE@0.1: 0.9711
  MTE@0.5: 2.0463
  MTE@1.0: 2.7150
  W2@1.0:  1.2633
  sW2@0.5: 0.7868 (110/200 in region)
  sW2@1.0: 1.2373 (53/200 in region)
  MMD@1.0: 0.1555
  Survival@1.0: 76.5%
  Stopped@1.0:  26.5%
      baseline: W2=1.3087  E_mu=0.0876  E_Sig=0.3631
             K: W2=1.1383  E_mu=0.0681  E_Sig=0.2053
           K+S: W2=1.2633  E_mu=0.0681  E_Sig=0.2053

============================================================
  N=100 | D=201 (K=99) | hyperbolic_paraboloid | seed=6042
============================================================
    Phase1 Epoch 50/250: loss=0.875259
    Phase1 Epoch 100/250: loss=0.706170
    Phase1 Epoch 150/250: loss=0.206482
    Phase1 Epoch 200/250: loss=0.084876
    Phase1 Epoch 250/250: loss=0.019237
      Phase 2 AE: K_weight=0.0000
        Phase2 Epoch 50/250: loss=0.029602
        Phase2 Epoch 100/250: loss=0.010599
        Phase2 Epoch 150/250: loss=0.019180
        Phase2 Epoch 200/250: loss=0.043164
        Phase2 Epoch 250/250: loss=0.001826
        E_mu=0.0685  E_Sigma=0.0698
      → baseline
  Stage 2 epoch 60/300: loss=0.000437
  Stage 2 epoch 120/300: loss=0.000433
  Stage 2 epoch 180/300: loss=0.000321
  Stage 2 epoch 240/300: loss=0.000301
  Stage 2 epoch 300/300: loss=0.000260
  Stage 3 epoch 60/300: loss=0.000136
  Stage 3 epoch 120/300: loss=0.000086
  Stage 3 epoch 180/300: loss=0.000074
  Stage 3 epoch 240/300: loss=0.000049
  Stage 3 epoch 300/300: loss=0.000037
  MTE@0.1: 0.8217
  MTE@0.5: 1.6109
  MTE@1.0: 2.0221
  W2@1.0:  1.0332
  sW2@0.5: 0.5999 (103/200 in region)
  sW2@1.0: 0.7283 (61/200 in region)
  MMD@1.0: 0.0829
  Survival@1.0: 73.0%
  Stopped@1.0:  30.5%
      Phase 2 AE: K_weight=0.4275
        Phase2 Epoch 50/250: loss=0.035701
        Phase2 Epoch 100/250: loss=0.028688
        Phase2 Epoch 150/250: loss=0.013490
        Phase2 Epoch 200/250: loss=0.011795
        Phase2 Epoch 250/250: loss=0.006672
        E_mu=0.0482  E_Sigma=0.0940
      → K
  Stage 2 epoch 60/300: loss=0.000415
  Stage 2 epoch 120/300: loss=0.000420
  Stage 2 epoch 180/300: loss=0.000310
  Stage 2 epoch 240/300: loss=0.000275
  Stage 2 epoch 300/300: loss=0.000243
  Stage 3 epoch 60/300: loss=0.000146
  Stage 3 epoch 120/300: loss=0.000089
  Stage 3 epoch 180/300: loss=0.000077
  Stage 3 epoch 240/300: loss=0.000052
  Stage 3 epoch 300/300: loss=0.000042
  MTE@0.1: 0.8501
  MTE@0.5: 1.6020
  MTE@1.0: 1.9978
  W2@1.0:  1.0018
  sW2@0.5: 0.6045 (103/200 in region)
  sW2@1.0: 0.7123 (61/200 in region)
  MMD@1.0: 0.0856
  Survival@1.0: 73.0%
  Stopped@1.0:  30.5%
      → K+S (smooth=0.1)
  Stage 2 epoch 60/300: loss=0.019010
  Stage 2 epoch 120/300: loss=0.018252
  Stage 2 epoch 180/300: loss=0.019409
  Stage 2 epoch 240/300: loss=0.017961
  Stage 2 epoch 300/300: loss=0.016672
  Stage 3 epoch 60/300: loss=0.000146
  Stage 3 epoch 120/300: loss=0.000089
  Stage 3 epoch 180/300: loss=0.000077
  Stage 3 epoch 240/300: loss=0.000052
  Stage 3 epoch 300/300: loss=0.000042
  MTE@0.1: 0.8890
  MTE@0.5: 1.8486
  MTE@1.0: 2.4538
  W2@1.0:  1.2063
  sW2@0.5: 0.8006 (103/200 in region)
  sW2@1.0: 0.8768 (61/200 in region)
  MMD@1.0: 0.1744
  Survival@1.0: 73.0%
  Stopped@1.0:  30.5%
      baseline: W2=1.0332  E_mu=0.0685  E_Sig=0.0698
             K: W2=1.0018  E_mu=0.0482  E_Sig=0.0940
           K+S: W2=1.2063  E_mu=0.0482  E_Sig=0.0940

============================================================
  N=100 | D=201 (K=99) | hyperbolic_paraboloid | seed=7042
============================================================
    Phase1 Epoch 50/250: loss=0.974119
    Phase1 Epoch 100/250: loss=0.499265
    Phase1 Epoch 150/250: loss=0.109518
    Phase1 Epoch 200/250: loss=0.119775
    Phase1 Epoch 250/250: loss=0.041171
      Phase 2 AE: K_weight=0.0000
        Phase2 Epoch 50/250: loss=0.041281
        Phase2 Epoch 100/250: loss=0.026884
        Phase2 Epoch 150/250: loss=0.022198
        Phase2 Epoch 200/250: loss=0.026087
        Phase2 Epoch 250/250: loss=0.021239
        E_mu=0.0906  E_Sigma=0.2148
      → baseline
  Stage 2 epoch 60/300: loss=0.001796
  Stage 2 epoch 120/300: loss=0.001072
  Stage 2 epoch 180/300: loss=0.000941
  Stage 2 epoch 240/300: loss=0.000738
  Stage 2 epoch 300/300: loss=0.000657
  Stage 3 epoch 60/300: loss=0.000148
  Stage 3 epoch 120/300: loss=0.000101
  Stage 3 epoch 180/300: loss=0.000077
  Stage 3 epoch 240/300: loss=0.000062
  Stage 3 epoch 300/300: loss=0.000060
  MTE@0.1: 1.4109
  MTE@0.5: 2.4836
  MTE@1.0: 2.7707
  W2@1.0:  1.3274
  sW2@0.5: 0.9816 (103/200 in region)
  sW2@1.0: 1.4077 (54/200 in region)
  MMD@1.0: 0.1679
  Survival@1.0: 76.5%
  Stopped@1.0:  27.0%
      Phase 2 AE: K_weight=0.4275
        Phase2 Epoch 50/250: loss=0.031013
        Phase2 Epoch 100/250: loss=0.018463
        Phase2 Epoch 150/250: loss=0.031990
        Phase2 Epoch 200/250: loss=0.023378
        Phase2 Epoch 250/250: loss=0.014679
        E_mu=0.0887  E_Sigma=0.2509
      → K
  Stage 2 epoch 60/300: loss=0.001598
  Stage 2 epoch 120/300: loss=0.000776
  Stage 2 epoch 180/300: loss=0.000748
  Stage 2 epoch 240/300: loss=0.000585
  Stage 2 epoch 300/300: loss=0.000519
  Stage 3 epoch 60/300: loss=0.000150
  Stage 3 epoch 120/300: loss=0.000096
  Stage 3 epoch 180/300: loss=0.000074
  Stage 3 epoch 240/300: loss=0.000061
  Stage 3 epoch 300/300: loss=0.000067
  MTE@0.1: 1.3332
  MTE@0.5: 2.4165
  MTE@1.0: 2.7337
  W2@1.0:  1.2063
  sW2@0.5: 0.8898 (103/200 in region)
  sW2@1.0: 1.3220 (54/200 in region)
  MMD@1.0: 0.1454
  Survival@1.0: 76.5%
  Stopped@1.0:  27.0%
      → K+S (smooth=0.1)
  Stage 2 epoch 60/300: loss=0.023444
  Stage 2 epoch 120/300: loss=0.015840
  Stage 2 epoch 180/300: loss=0.015320
  Stage 2 epoch 240/300: loss=0.016357
  Stage 2 epoch 300/300: loss=0.020136
  Stage 3 epoch 60/300: loss=0.000150
  Stage 3 epoch 120/300: loss=0.000096
  Stage 3 epoch 180/300: loss=0.000074
  Stage 3 epoch 240/300: loss=0.000061
  Stage 3 epoch 300/300: loss=0.000067
  MTE@0.1: 1.3438
  MTE@0.5: 2.5620
  MTE@1.0: 3.0239
  W2@1.0:  1.3771
  sW2@0.5: 1.0660 (103/200 in region)
  sW2@1.0: 1.6005 (54/200 in region)
  MMD@1.0: 0.1601
  Survival@1.0: 76.5%
  Stopped@1.0:  27.0%
      baseline: W2=1.3274  E_mu=0.0906  E_Sig=0.2148
             K: W2=1.2063  E_mu=0.0887  E_Sig=0.2509
           K+S: W2=1.3771  E_mu=0.0887  E_Sig=0.2509

============================================================
  N=100 | D=201 (K=99) | hyperbolic_paraboloid | seed=8042
============================================================
    Phase1 Epoch 50/250: loss=0.923664
    Phase1 Epoch 100/250: loss=0.448375
    Phase1 Epoch 150/250: loss=0.118383
    Phase1 Epoch 200/250: loss=0.073613
    Phase1 Epoch 250/250: loss=0.032427
      Phase 2 AE: K_weight=0.0000
        Phase2 Epoch 50/250: loss=0.042918
        Phase2 Epoch 100/250: loss=0.023063
        Phase2 Epoch 150/250: loss=0.026263
        Phase2 Epoch 200/250: loss=0.024172
        Phase2 Epoch 250/250: loss=0.003662
        E_mu=0.1120  E_Sigma=0.1172
      → baseline
  Stage 2 epoch 60/300: loss=0.000927
  Stage 2 epoch 120/300: loss=0.001336
  Stage 2 epoch 180/300: loss=0.000506
  Stage 2 epoch 240/300: loss=0.000392
  Stage 2 epoch 300/300: loss=0.000459
  Stage 3 epoch 60/300: loss=0.000193
  Stage 3 epoch 120/300: loss=0.000140
  Stage 3 epoch 180/300: loss=0.000115
  Stage 3 epoch 240/300: loss=0.000131
  Stage 3 epoch 300/300: loss=0.000111
  MTE@0.1: 1.1163
  MTE@0.5: 1.9998
  MTE@1.0: 2.4689
  W2@1.0:  1.4753
  sW2@0.5: 0.9805 (101/200 in region)
  sW2@1.0: 1.0959 (60/200 in region)
  MMD@1.0: 0.1397
  Survival@1.0: 79.5%
  Stopped@1.0:  30.0%
      Phase 2 AE: K_weight=0.4275
        Phase2 Epoch 50/250: loss=0.047257
        Phase2 Epoch 100/250: loss=0.031510
        Phase2 Epoch 150/250: loss=0.014523
        Phase2 Epoch 200/250: loss=0.032581
        Phase2 Epoch 250/250: loss=0.018192
        E_mu=0.1248  E_Sigma=0.3777
      → K
  Stage 2 epoch 60/300: loss=0.000839
  Stage 2 epoch 120/300: loss=0.000838
  Stage 2 epoch 180/300: loss=0.000406
  Stage 2 epoch 240/300: loss=0.000357
  Stage 2 epoch 300/300: loss=0.000359
  Stage 3 epoch 60/300: loss=0.000199
  Stage 3 epoch 120/300: loss=0.000135
  Stage 3 epoch 180/300: loss=0.000119
  Stage 3 epoch 240/300: loss=0.000134
  Stage 3 epoch 300/300: loss=0.000111
  MTE@0.1: 1.1597
  MTE@0.5: 1.9862
  MTE@1.0: 2.3954
  W2@1.0:  1.4516
  sW2@0.5: 1.0316 (101/200 in region)
  sW2@1.0: 1.1048 (60/200 in region)
  MMD@1.0: 0.1525
  Survival@1.0: 79.5%
  Stopped@1.0:  30.0%
      → K+S (smooth=0.1)
  Stage 2 epoch 60/300: loss=0.012980
  Stage 2 epoch 120/300: loss=0.012604
  Stage 2 epoch 180/300: loss=0.012916
  Stage 2 epoch 240/300: loss=0.012871
  Stage 2 epoch 300/300: loss=0.014382
  Stage 3 epoch 60/300: loss=0.000199
  Stage 3 epoch 120/300: loss=0.000135
  Stage 3 epoch 180/300: loss=0.000119
  Stage 3 epoch 240/300: loss=0.000134
  Stage 3 epoch 300/300: loss=0.000111
  MTE@0.1: 1.1766
  MTE@0.5: 2.0717
  MTE@1.0: 2.7453
  W2@1.0:  1.7392
  sW2@0.5: 1.3063 (101/200 in region)
  sW2@1.0: 1.5842 (60/200 in region)
  MMD@1.0: 0.1831
  Survival@1.0: 79.5%
  Stopped@1.0:  30.0%
      baseline: W2=1.4753  E_mu=0.1120  E_Sig=0.1172
             K: W2=1.4516  E_mu=0.1248  E_Sig=0.3777
           K+S: W2=1.7392  E_mu=0.1248  E_Sig=0.3777

============================================================
  N=100 | D=201 (K=99) | hyperbolic_paraboloid | seed=9042
============================================================
    Phase1 Epoch 50/250: loss=0.977029
    Phase1 Epoch 100/250: loss=0.542789
    Phase1 Epoch 150/250: loss=0.087754
    Phase1 Epoch 200/250: loss=0.060772
    Phase1 Epoch 250/250: loss=0.043311
      Phase 2 AE: K_weight=0.0000
        Phase2 Epoch 50/250: loss=0.027923
        Phase2 Epoch 100/250: loss=0.031633
        Phase2 Epoch 150/250: loss=0.019122
        Phase2 Epoch 200/250: loss=0.031950
        Phase2 Epoch 250/250: loss=0.029327
        E_mu=0.1537  E_Sigma=0.4955
      → baseline
  Stage 2 epoch 60/300: loss=0.001085
  Stage 2 epoch 120/300: loss=0.001140
  Stage 2 epoch 180/300: loss=0.000667
  Stage 2 epoch 240/300: loss=0.000584
  Stage 2 epoch 300/300: loss=0.000373
  Stage 3 epoch 60/300: loss=0.000089
  Stage 3 epoch 120/300: loss=0.000061
  Stage 3 epoch 180/300: loss=0.000032
  Stage 3 epoch 240/300: loss=0.000033
  Stage 3 epoch 300/300: loss=0.000036
  MTE@0.1: 0.6659
  MTE@0.5: 1.3031
  MTE@1.0: 1.7610
  W2@1.0:  1.2230
  sW2@0.5: 0.7931 (105/200 in region)
  sW2@1.0: 1.0988 (64/200 in region)
  MMD@1.0: 0.1649
  Survival@1.0: 76.0%
  Stopped@1.0:  32.0%
      Phase 2 AE: K_weight=0.4275
        Phase2 Epoch 50/250: loss=0.078850
        Phase2 Epoch 100/250: loss=0.020112
        Phase2 Epoch 150/250: loss=0.018622
        Phase2 Epoch 200/250: loss=0.021559
        Phase2 Epoch 250/250: loss=0.004398
        E_mu=0.0746  E_Sigma=0.1764
      → K
  Stage 2 epoch 60/300: loss=0.000976
  Stage 2 epoch 120/300: loss=0.001012
  Stage 2 epoch 180/300: loss=0.000569
  Stage 2 epoch 240/300: loss=0.000465
  Stage 2 epoch 300/300: loss=0.000254
  Stage 3 epoch 60/300: loss=0.000088
  Stage 3 epoch 120/300: loss=0.000054
  Stage 3 epoch 180/300: loss=0.000023
  Stage 3 epoch 240/300: loss=0.000023
  Stage 3 epoch 300/300: loss=0.000021
  MTE@0.1: 0.5576
  MTE@0.5: 1.1980
  MTE@1.0: 1.6573
  W2@1.0:  1.0732
  sW2@0.5: 0.6287 (105/200 in region)
  sW2@1.0: 0.8987 (64/200 in region)
  MMD@1.0: 0.1136
  Survival@1.0: 76.0%
  Stopped@1.0:  32.0%
      → K+S (smooth=0.1)
  Stage 2 epoch 60/300: loss=0.020599
  Stage 2 epoch 120/300: loss=0.018530
  Stage 2 epoch 180/300: loss=0.017066
  Stage 2 epoch 240/300: loss=0.017800
  Stage 2 epoch 300/300: loss=0.020047
  Stage 3 epoch 60/300: loss=0.000088
  Stage 3 epoch 120/300: loss=0.000054
  Stage 3 epoch 180/300: loss=0.000023
  Stage 3 epoch 240/300: loss=0.000023
  Stage 3 epoch 300/300: loss=0.000021
  MTE@0.1: 0.5885
  MTE@0.5: 1.5375
  MTE@1.0: 2.2866
  W2@1.0:  1.2708
  sW2@0.5: 0.8793 (105/200 in region)
  sW2@1.0: 1.3902 (64/200 in region)
  MMD@1.0: 0.1607
  Survival@1.0: 76.0%
  Stopped@1.0:  32.0%
      baseline: W2=1.2230  E_mu=0.1537  E_Sig=0.4955
             K: W2=1.0732  E_mu=0.0746  E_Sig=0.1764
           K+S: W2=1.2708  E_mu=0.0746  E_Sig=0.1764

  N=100, D=201 completed in 2447.6s (122.4s per fork)

============================================================
  N=200 | D=201 (K=99) | paraboloid | seed=42
============================================================
    Phase1 Epoch 50/250: loss=0.687051
    Phase1 Epoch 100/250: loss=0.139497
    Phase1 Epoch 150/250: loss=0.027451
    Phase1 Epoch 200/250: loss=0.017496
    Phase1 Epoch 250/250: loss=0.025325
      Phase 2 AE: K_weight=0.0000
        Phase2 Epoch 50/250: loss=0.017405
        Phase2 Epoch 100/250: loss=0.008431
        Phase2 Epoch 150/250: loss=0.011331
        Phase2 Epoch 200/250: loss=0.031485
        Phase2 Epoch 250/250: loss=0.030151
        E_mu=0.0797  E_Sigma=0.3316
      → baseline
  Stage 2 epoch 60/300: loss=0.000281
  Stage 2 epoch 120/300: loss=0.000185
  Stage 2 epoch 180/300: loss=0.000100
  Stage 2 epoch 240/300: loss=0.000075
  Stage 2 epoch 300/300: loss=0.000077
  Stage 3 epoch 60/300: loss=0.000039
  Stage 3 epoch 120/300: loss=0.000035
  Stage 3 epoch 180/300: loss=0.000039
  Stage 3 epoch 240/300: loss=0.000028
  Stage 3 epoch 300/300: loss=0.000033
  MTE@0.1: 1.7299
  MTE@0.5: 2.7413
  MTE@1.0: 3.1843
  W2@1.0:  2.1226
  sW2@0.5: 1.9200 (96/200 in region)
  sW2@1.0: 2.2416 (48/200 in region)
  MMD@1.0: 0.3221
  Survival@1.0: 76.5%
  Stopped@1.0:  24.0%
      Phase 2 AE: K_weight=0.4275
        Phase2 Epoch 50/250: loss=0.013891
        Phase2 Epoch 100/250: loss=0.014280
        Phase2 Epoch 150/250: loss=0.019897
        Phase2 Epoch 200/250: loss=0.005304
        Phase2 Epoch 250/250: loss=0.005135
        E_mu=0.0391  E_Sigma=0.1326
      → K
  Stage 2 epoch 60/300: loss=0.000214
  Stage 2 epoch 120/300: loss=0.000145
  Stage 2 epoch 180/300: loss=0.000091
  Stage 2 epoch 240/300: loss=0.000071
  Stage 2 epoch 300/300: loss=0.000077
  Stage 3 epoch 60/300: loss=0.000020
  Stage 3 epoch 120/300: loss=0.000015
  Stage 3 epoch 180/300: loss=0.000013
  Stage 3 epoch 240/300: loss=0.000012
  Stage 3 epoch 300/300: loss=0.000010
  MTE@0.1: 1.2048
  MTE@0.5: 2.4082
  MTE@1.0: 2.8218
  W2@1.0:  1.6197
  sW2@0.5: 1.4723 (96/200 in region)
  sW2@1.0: 1.7761 (48/200 in region)
  MMD@1.0: 0.1777
  Survival@1.0: 76.5%
  Stopped@1.0:  24.0%
      → K+S (smooth=0.1)
  Stage 2 epoch 60/300: loss=0.006556
  Stage 2 epoch 120/300: loss=0.006700
  Stage 2 epoch 180/300: loss=0.006466
  Stage 2 epoch 240/300: loss=0.006445
  Stage 2 epoch 300/300: loss=0.006645
  Stage 3 epoch 60/300: loss=0.000020
  Stage 3 epoch 120/300: loss=0.000015
  Stage 3 epoch 180/300: loss=0.000013
  Stage 3 epoch 240/300: loss=0.000012
  Stage 3 epoch 300/300: loss=0.000010
  MTE@0.1: 1.2124
  MTE@0.5: 2.3766
  MTE@1.0: 2.7312
  W2@1.0:  1.4241
  sW2@0.5: 1.4910 (96/200 in region)
  sW2@1.0: 1.7121 (48/200 in region)
  MMD@1.0: 0.1444
  Survival@1.0: 76.5%
  Stopped@1.0:  24.0%
      baseline: W2=2.1226  E_mu=0.0797  E_Sig=0.3316
             K: W2=1.6197  E_mu=0.0391  E_Sig=0.1326
           K+S: W2=1.4241  E_mu=0.0391  E_Sig=0.1326

============================================================
  N=200 | D=201 (K=99) | paraboloid | seed=1042
============================================================
    Phase1 Epoch 50/250: loss=0.643871
    Phase1 Epoch 100/250: loss=0.076070
    Phase1 Epoch 150/250: loss=0.037275
    Phase1 Epoch 200/250: loss=0.016510
    Phase1 Epoch 250/250: loss=0.038944
      Phase 2 AE: K_weight=0.0000
        Phase2 Epoch 50/250: loss=0.012465
        Phase2 Epoch 100/250: loss=0.005756
        Phase2 Epoch 150/250: loss=0.013053
        Phase2 Epoch 200/250: loss=0.014690
        Phase2 Epoch 250/250: loss=0.014469
        E_mu=0.0631  E_Sigma=0.1648
      → baseline
  Stage 2 epoch 60/300: loss=0.000549
  Stage 2 epoch 120/300: loss=0.000258
  Stage 2 epoch 180/300: loss=0.000189
  Stage 2 epoch 240/300: loss=0.000185
  Stage 2 epoch 300/300: loss=0.000174
  Stage 3 epoch 60/300: loss=0.000057
  Stage 3 epoch 120/300: loss=0.000023
  Stage 3 epoch 180/300: loss=0.000019
  Stage 3 epoch 240/300: loss=0.000019
  Stage 3 epoch 300/300: loss=0.000013
  MTE@0.1: 1.8378
  MTE@0.5: 2.9591
  MTE@1.0: 3.6363
  W2@1.0:  1.9257
  sW2@0.5: 1.9725 (100/200 in region)
  sW2@1.0: 2.3831 (53/200 in region)
  MMD@1.0: 0.2943
  Survival@1.0: 72.0%
  Stopped@1.0:  26.5%
      Phase 2 AE: K_weight=0.4275
        Phase2 Epoch 50/250: loss=0.024215
        Phase2 Epoch 100/250: loss=0.010090
        Phase2 Epoch 150/250: loss=0.006207
        Phase2 Epoch 200/250: loss=0.011798
        Phase2 Epoch 250/250: loss=0.001462
        E_mu=0.0399  E_Sigma=0.0349
      → K
  Stage 2 epoch 60/300: loss=0.000379
  Stage 2 epoch 120/300: loss=0.000155
  Stage 2 epoch 180/300: loss=0.000114
  Stage 2 epoch 240/300: loss=0.000099
  Stage 2 epoch 300/300: loss=0.000105
  Stage 3 epoch 60/300: loss=0.000049
  Stage 3 epoch 120/300: loss=0.000016
  Stage 3 epoch 180/300: loss=0.000010
  Stage 3 epoch 240/300: loss=0.000010
  Stage 3 epoch 300/300: loss=0.000006
  MTE@0.1: 1.5816
  MTE@0.5: 2.7353
  MTE@1.0: 3.3912
  W2@1.0:  1.5984
  sW2@0.5: 1.6543 (100/200 in region)
  sW2@1.0: 2.0070 (53/200 in region)
  MMD@1.0: 0.2115
  Survival@1.0: 72.0%
  Stopped@1.0:  26.5%
      → K+S (smooth=0.1)
  Stage 2 epoch 60/300: loss=0.008046
  Stage 2 epoch 120/300: loss=0.007913
  Stage 2 epoch 180/300: loss=0.007847
  Stage 2 epoch 240/300: loss=0.007773
  Stage 2 epoch 300/300: loss=0.008618
  Stage 3 epoch 60/300: loss=0.000049
  Stage 3 epoch 120/300: loss=0.000016
  Stage 3 epoch 180/300: loss=0.000010
  Stage 3 epoch 240/300: loss=0.000010
  Stage 3 epoch 300/300: loss=0.000006
  MTE@0.1: 1.5941
  MTE@0.5: 2.8043
  MTE@1.0: 3.3682
  W2@1.0:  1.4522
  sW2@0.5: 1.6260 (100/200 in region)
  sW2@1.0: 1.9894 (53/200 in region)
  MMD@1.0: 0.2120
  Survival@1.0: 72.0%
  Stopped@1.0:  26.5%
      baseline: W2=1.9257  E_mu=0.0631  E_Sig=0.1648
             K: W2=1.5984  E_mu=0.0399  E_Sig=0.0349
           K+S: W2=1.4522  E_mu=0.0399  E_Sig=0.0349

============================================================
  N=200 | D=201 (K=99) | paraboloid | seed=2042
============================================================
    Phase1 Epoch 50/250: loss=0.795914
    Phase1 Epoch 100/250: loss=0.258555
    Phase1 Epoch 150/250: loss=0.036299
    Phase1 Epoch 200/250: loss=0.020485
    Phase1 Epoch 250/250: loss=0.015186
      Phase 2 AE: K_weight=0.0000
        Phase2 Epoch 50/250: loss=0.023519
        Phase2 Epoch 100/250: loss=0.017194
        Phase2 Epoch 150/250: loss=0.016854
        Phase2 Epoch 200/250: loss=0.001280
        Phase2 Epoch 250/250: loss=0.001276
        E_mu=0.0290  E_Sigma=0.0344
      → baseline
  Stage 2 epoch 60/300: loss=0.000455
  Stage 2 epoch 120/300: loss=0.000307
  Stage 2 epoch 180/300: loss=0.000238
  Stage 2 epoch 240/300: loss=0.000187
  Stage 2 epoch 300/300: loss=0.000131
  Stage 3 epoch 60/300: loss=0.000033
  Stage 3 epoch 120/300: loss=0.000015
  Stage 3 epoch 180/300: loss=0.000013
  Stage 3 epoch 240/300: loss=0.000036
  Stage 3 epoch 300/300: loss=0.000009
  MTE@0.1: 1.0925
  MTE@0.5: 2.5126
  MTE@1.0: 3.2965
  W2@1.0:  1.8555
  sW2@0.5: 1.5051 (95/200 in region)
  sW2@1.0: 2.9229 (47/200 in region)
  MMD@1.0: 0.1891
  Survival@1.0: 78.5%
  Stopped@1.0:  23.5%
      Phase 2 AE: K_weight=0.4275
        Phase2 Epoch 50/250: loss=0.028073
        Phase2 Epoch 100/250: loss=0.016212
        Phase2 Epoch 150/250: loss=0.014510
        Phase2 Epoch 200/250: loss=0.016105
        Phase2 Epoch 250/250: loss=0.008222
        E_mu=0.0409  E_Sigma=0.1522
      → K
  Stage 2 epoch 60/300: loss=0.000228
  Stage 2 epoch 120/300: loss=0.000185
  Stage 2 epoch 180/300: loss=0.000165
  Stage 2 epoch 240/300: loss=0.000144
  Stage 2 epoch 300/300: loss=0.000127
  Stage 3 epoch 60/300: loss=0.000027
  Stage 3 epoch 120/300: loss=0.000016
  Stage 3 epoch 180/300: loss=0.000013
  Stage 3 epoch 240/300: loss=0.000029
  Stage 3 epoch 300/300: loss=0.000010
  MTE@0.1: 1.1453
  MTE@0.5: 2.4808
  MTE@1.0: 3.0338
  W2@1.0:  1.4367
  sW2@0.5: 1.3865 (95/200 in region)
  sW2@1.0: 2.3932 (47/200 in region)
  MMD@1.0: 0.1585
  Survival@1.0: 78.5%
  Stopped@1.0:  23.5%
      → K+S (smooth=0.1)
  Stage 2 epoch 60/300: loss=0.006713
  Stage 2 epoch 120/300: loss=0.006783
  Stage 2 epoch 180/300: loss=0.006870
  Stage 2 epoch 240/300: loss=0.006800
  Stage 2 epoch 300/300: loss=0.006883
  Stage 3 epoch 60/300: loss=0.000027
  Stage 3 epoch 120/300: loss=0.000016
  Stage 3 epoch 180/300: loss=0.000013
  Stage 3 epoch 240/300: loss=0.000029
  Stage 3 epoch 300/300: loss=0.000010
  MTE@0.1: 1.1514
  MTE@0.5: 2.4944
  MTE@1.0: 2.9631
  W2@1.0:  1.4343
  sW2@0.5: 1.3686 (95/200 in region)
  sW2@1.0: 2.2011 (47/200 in region)
  MMD@1.0: 0.1637
  Survival@1.0: 78.5%
  Stopped@1.0:  23.5%
      baseline: W2=1.8555  E_mu=0.0290  E_Sig=0.0344
             K: W2=1.4367  E_mu=0.0409  E_Sig=0.1522
           K+S: W2=1.4343  E_mu=0.0409  E_Sig=0.1522

============================================================
  N=200 | D=201 (K=99) | paraboloid | seed=3042
============================================================
    Phase1 Epoch 50/250: loss=0.839503
    Phase1 Epoch 100/250: loss=0.155473
    Phase1 Epoch 150/250: loss=0.028789
    Phase1 Epoch 200/250: loss=0.016149
    Phase1 Epoch 250/250: loss=0.028237
      Phase 2 AE: K_weight=0.0000
        Phase2 Epoch 50/250: loss=0.039936
        Phase2 Epoch 100/250: loss=0.015372
        Phase2 Epoch 150/250: loss=0.023403
        Phase2 Epoch 200/250: loss=0.000900
        Phase2 Epoch 250/250: loss=0.000991
        E_mu=0.0184  E_Sigma=0.0205
      → baseline
  Stage 2 epoch 60/300: loss=0.000678
  Stage 2 epoch 120/300: loss=0.000355
  Stage 2 epoch 180/300: loss=0.000254
  Stage 2 epoch 240/300: loss=0.000214
  Stage 2 epoch 300/300: loss=0.000201
  Stage 3 epoch 60/300: loss=0.000043
  Stage 3 epoch 120/300: loss=0.000016
  Stage 3 epoch 180/300: loss=0.000011
  Stage 3 epoch 240/300: loss=0.000010
  Stage 3 epoch 300/300: loss=0.000007
  MTE@0.1: 0.6253
  MTE@0.5: 1.3689
  MTE@1.0: 2.2024
  W2@1.0:  1.6301
  sW2@0.5: 0.8405 (99/200 in region)
  sW2@1.0: 1.4725 (48/200 in region)
  MMD@1.0: 0.2347
  Survival@1.0: 74.5%
  Stopped@1.0:  24.0%
      Phase 2 AE: K_weight=0.4275
        Phase2 Epoch 50/250: loss=0.019818
        Phase2 Epoch 100/250: loss=0.001897
        Phase2 Epoch 150/250: loss=0.001199
        Phase2 Epoch 200/250: loss=0.002578
        Phase2 Epoch 250/250: loss=0.001882
        E_mu=0.0133  E_Sigma=0.0240
      → K
  Stage 2 epoch 60/300: loss=0.000330
  Stage 2 epoch 120/300: loss=0.000208
  Stage 2 epoch 180/300: loss=0.000125
  Stage 2 epoch 240/300: loss=0.000113
  Stage 2 epoch 300/300: loss=0.000096
  Stage 3 epoch 60/300: loss=0.000041
  Stage 3 epoch 120/300: loss=0.000014
  Stage 3 epoch 180/300: loss=0.000008
  Stage 3 epoch 240/300: loss=0.000012
  Stage 3 epoch 300/300: loss=0.000007
  MTE@0.1: 0.6231
  MTE@0.5: 1.3453
  MTE@1.0: 2.0794
  W2@1.0:  1.4619
  sW2@0.5: 0.8234 (99/200 in region)
  sW2@1.0: 1.4209 (48/200 in region)
  MMD@1.0: 0.2149
  Survival@1.0: 74.5%
  Stopped@1.0:  24.0%
      → K+S (smooth=0.1)
  Stage 2 epoch 60/300: loss=0.007278
  Stage 2 epoch 120/300: loss=0.007346
  Stage 2 epoch 180/300: loss=0.007473
  Stage 2 epoch 240/300: loss=0.007374
  Stage 2 epoch 300/300: loss=0.007107
  Stage 3 epoch 60/300: loss=0.000041
  Stage 3 epoch 120/300: loss=0.000014
  Stage 3 epoch 180/300: loss=0.000008
  Stage 3 epoch 240/300: loss=0.000012
  Stage 3 epoch 300/300: loss=0.000007
  MTE@0.1: 0.6265
  MTE@0.5: 1.5037
  MTE@1.0: 2.2530
  W2@1.0:  1.3684
  sW2@0.5: 0.7969 (99/200 in region)
  sW2@1.0: 1.6376 (48/200 in region)
  MMD@1.0: 0.2139
  Survival@1.0: 74.5%
  Stopped@1.0:  24.0%
      baseline: W2=1.6301  E_mu=0.0184  E_Sig=0.0205
             K: W2=1.4619  E_mu=0.0133  E_Sig=0.0240
           K+S: W2=1.3684  E_mu=0.0133  E_Sig=0.0240

============================================================
  N=200 | D=201 (K=99) | paraboloid | seed=4042
============================================================
    Phase1 Epoch 50/250: loss=0.562298
    Phase1 Epoch 100/250: loss=0.121887
    Phase1 Epoch 150/250: loss=0.040589
    Phase1 Epoch 200/250: loss=0.019129
    Phase1 Epoch 250/250: loss=0.014170
      Phase 2 AE: K_weight=0.0000
        Phase2 Epoch 50/250: loss=0.019195
        Phase2 Epoch 100/250: loss=0.013312
        Phase2 Epoch 150/250: loss=0.005777
        Phase2 Epoch 200/250: loss=0.011030
        Phase2 Epoch 250/250: loss=0.004252
        E_mu=0.0506  E_Sigma=0.2242
      → baseline
  Stage 2 epoch 60/300: loss=0.000587
  Stage 2 epoch 120/300: loss=0.000339
  Stage 2 epoch 180/300: loss=0.000205
  Stage 2 epoch 240/300: loss=0.000153
  Stage 2 epoch 300/300: loss=0.000162
  Stage 3 epoch 60/300: loss=0.000025
  Stage 3 epoch 120/300: loss=0.000031
  Stage 3 epoch 180/300: loss=0.000021
  Stage 3 epoch 240/300: loss=0.000023
  Stage 3 epoch 300/300: loss=0.000019
  MTE@0.1: 1.1440
  MTE@0.5: 2.1314
  MTE@1.0: 2.4951
  W2@1.0:  1.1572
  sW2@0.5: 1.0156 (107/200 in region)
  sW2@1.0: 1.7613 (60/200 in region)
  MMD@1.0: 0.1718
  Survival@1.0: 76.0%
  Stopped@1.0:  30.0%
      Phase 2 AE: K_weight=0.4275
        Phase2 Epoch 50/250: loss=0.017289
        Phase2 Epoch 100/250: loss=0.028032
        Phase2 Epoch 150/250: loss=0.011781
        Phase2 Epoch 200/250: loss=0.006060
        Phase2 Epoch 250/250: loss=0.004606
        E_mu=0.0323  E_Sigma=0.0744
      → K
  Stage 2 epoch 60/300: loss=0.000385
  Stage 2 epoch 120/300: loss=0.000235
  Stage 2 epoch 180/300: loss=0.000133
  Stage 2 epoch 240/300: loss=0.000096
  Stage 2 epoch 300/300: loss=0.000116
  Stage 3 epoch 60/300: loss=0.000013
  Stage 3 epoch 120/300: loss=0.000017
  Stage 3 epoch 180/300: loss=0.000010
  Stage 3 epoch 240/300: loss=0.000010
  Stage 3 epoch 300/300: loss=0.000007
  MTE@0.1: 1.1593
  MTE@0.5: 2.1668
  MTE@1.0: 2.5302
  W2@1.0:  1.1942
  sW2@0.5: 1.1773 (107/200 in region)
  sW2@1.0: 1.8283 (60/200 in region)
  MMD@1.0: 0.1779
  Survival@1.0: 76.0%
  Stopped@1.0:  30.0%
      → K+S (smooth=0.1)
  Stage 2 epoch 60/300: loss=0.008857
  Stage 2 epoch 120/300: loss=0.007737
  Stage 2 epoch 180/300: loss=0.007751
  Stage 2 epoch 240/300: loss=0.007712
  Stage 2 epoch 300/300: loss=0.008118
  Stage 3 epoch 60/300: loss=0.000013
  Stage 3 epoch 120/300: loss=0.000017
  Stage 3 epoch 180/300: loss=0.000010
  Stage 3 epoch 240/300: loss=0.000010
  Stage 3 epoch 300/300: loss=0.000007
  MTE@0.1: 1.1597
  MTE@0.5: 2.1795
  MTE@1.0: 2.4541
  W2@1.0:  1.2105
  sW2@0.5: 1.1482 (107/200 in region)
  sW2@1.0: 1.6705 (60/200 in region)
  MMD@1.0: 0.1938
  Survival@1.0: 76.0%
  Stopped@1.0:  30.0%
      baseline: W2=1.1572  E_mu=0.0506  E_Sig=0.2242
             K: W2=1.1942  E_mu=0.0323  E_Sig=0.0744
           K+S: W2=1.2105  E_mu=0.0323  E_Sig=0.0744

============================================================
  N=200 | D=201 (K=99) | paraboloid | seed=5042
============================================================
    Phase1 Epoch 50/250: loss=0.643799
    Phase1 Epoch 100/250: loss=0.134742
    Phase1 Epoch 150/250: loss=0.042669
    Phase1 Epoch 200/250: loss=0.035629
    Phase1 Epoch 250/250: loss=0.052757
      Phase 2 AE: K_weight=0.0000
        Phase2 Epoch 50/250: loss=0.016471
        Phase2 Epoch 100/250: loss=0.032605
        Phase2 Epoch 150/250: loss=0.033238
        Phase2 Epoch 200/250: loss=0.008886
        Phase2 Epoch 250/250: loss=0.009387
        E_mu=0.0711  E_Sigma=0.2226
      → baseline
  Stage 2 epoch 60/300: loss=0.000497
  Stage 2 epoch 120/300: loss=0.000249
  Stage 2 epoch 180/300: loss=0.000138
  Stage 2 epoch 240/300: loss=0.000116
  Stage 2 epoch 300/300: loss=0.000083
  Stage 3 epoch 60/300: loss=0.000057
  Stage 3 epoch 120/300: loss=0.000029
  Stage 3 epoch 180/300: loss=0.000019
  Stage 3 epoch 240/300: loss=0.000013
  Stage 3 epoch 300/300: loss=0.000013
  MTE@0.1: 1.2091
  MTE@0.5: 2.3639
  MTE@1.0: 3.0329
  W2@1.0:  1.8116
  sW2@0.5: 1.3369 (110/200 in region)
  sW2@1.0: 2.3120 (53/200 in region)
  MMD@1.0: 0.2398
  Survival@1.0: 76.5%
  Stopped@1.0:  26.5%
      Phase 2 AE: K_weight=0.4275
        Phase2 Epoch 50/250: loss=0.028617
        Phase2 Epoch 100/250: loss=0.014810
        Phase2 Epoch 150/250: loss=0.015405
        Phase2 Epoch 200/250: loss=0.008696
        Phase2 Epoch 250/250: loss=0.007517
        E_mu=0.0476  E_Sigma=0.2084
      → K
  Stage 2 epoch 60/300: loss=0.000356
  Stage 2 epoch 120/300: loss=0.000163
  Stage 2 epoch 180/300: loss=0.000097
  Stage 2 epoch 240/300: loss=0.000081
  Stage 2 epoch 300/300: loss=0.000067
  Stage 3 epoch 60/300: loss=0.000033
  Stage 3 epoch 120/300: loss=0.000020
  Stage 3 epoch 180/300: loss=0.000017
  Stage 3 epoch 240/300: loss=0.000012
  Stage 3 epoch 300/300: loss=0.000013
  MTE@0.1: 1.2069
  MTE@0.5: 2.3245
  MTE@1.0: 2.9248
  W2@1.0:  1.5558
  sW2@0.5: 1.2551 (110/200 in region)
  sW2@1.0: 2.1578 (53/200 in region)
  MMD@1.0: 0.2241
  Survival@1.0: 76.5%
  Stopped@1.0:  26.5%
      → K+S (smooth=0.1)
  Stage 2 epoch 60/300: loss=0.008435
  Stage 2 epoch 120/300: loss=0.008257
  Stage 2 epoch 180/300: loss=0.008403
  Stage 2 epoch 240/300: loss=0.008180
  Stage 2 epoch 300/300: loss=0.008148
  Stage 3 epoch 60/300: loss=0.000033
  Stage 3 epoch 120/300: loss=0.000020
  Stage 3 epoch 180/300: loss=0.000017
  Stage 3 epoch 240/300: loss=0.000012
  Stage 3 epoch 300/300: loss=0.000013
  MTE@0.1: 1.2041
  MTE@0.5: 2.3054
  MTE@1.0: 2.8244
  W2@1.0:  1.2166
  sW2@0.5: 1.0018 (110/200 in region)
  sW2@1.0: 1.6545 (53/200 in region)
  MMD@1.0: 0.1745
  Survival@1.0: 76.5%
  Stopped@1.0:  26.5%
      baseline: W2=1.8116  E_mu=0.0711  E_Sig=0.2226
             K: W2=1.5558  E_mu=0.0476  E_Sig=0.2084
           K+S: W2=1.2166  E_mu=0.0476  E_Sig=0.2084

============================================================
  N=200 | D=201 (K=99) | paraboloid | seed=6042
============================================================
    Phase1 Epoch 50/250: loss=0.683655
    Phase1 Epoch 100/250: loss=0.051791
    Phase1 Epoch 150/250: loss=0.023047
    Phase1 Epoch 200/250: loss=0.018397
    Phase1 Epoch 250/250: loss=0.014099
      Phase 2 AE: K_weight=0.0000
        Phase2 Epoch 50/250: loss=0.013878
        Phase2 Epoch 100/250: loss=0.010615
        Phase2 Epoch 150/250: loss=0.007415
        Phase2 Epoch 200/250: loss=0.001261
        Phase2 Epoch 250/250: loss=0.000963
        E_mu=0.0266  E_Sigma=0.0330
      → baseline
  Stage 2 epoch 60/300: loss=0.000633
  Stage 2 epoch 120/300: loss=0.000289
  Stage 2 epoch 180/300: loss=0.000177
  Stage 2 epoch 240/300: loss=0.000121
  Stage 2 epoch 300/300: loss=0.000096
  Stage 3 epoch 60/300: loss=0.000146
  Stage 3 epoch 120/300: loss=0.000101
  Stage 3 epoch 180/300: loss=0.000073
  Stage 3 epoch 240/300: loss=0.000064
  Stage 3 epoch 300/300: loss=0.000080
  MTE@0.1: 1.1964
  MTE@0.5: 2.5457
  MTE@1.0: 2.9409
  W2@1.0:  1.6629
  sW2@0.5: 1.0836 (103/200 in region)
  sW2@1.0: 1.5927 (61/200 in region)
  MMD@1.0: 0.1491
  Survival@1.0: 73.0%
  Stopped@1.0:  30.5%
      Phase 2 AE: K_weight=0.4275
        Phase2 Epoch 50/250: loss=0.021769
        Phase2 Epoch 100/250: loss=0.007624
        Phase2 Epoch 150/250: loss=0.007016
        Phase2 Epoch 200/250: loss=0.016520
        Phase2 Epoch 250/250: loss=0.001186
        E_mu=0.0255  E_Sigma=0.0302
      → K
  Stage 2 epoch 60/300: loss=0.000527
  Stage 2 epoch 120/300: loss=0.000222
  Stage 2 epoch 180/300: loss=0.000143
  Stage 2 epoch 240/300: loss=0.000103
  Stage 2 epoch 300/300: loss=0.000083
  Stage 3 epoch 60/300: loss=0.000142
  Stage 3 epoch 120/300: loss=0.000098
  Stage 3 epoch 180/300: loss=0.000070
  Stage 3 epoch 240/300: loss=0.000062
  Stage 3 epoch 300/300: loss=0.000078
  MTE@0.1: 1.1980
  MTE@0.5: 2.5101
  MTE@1.0: 2.7999
  W2@1.0:  1.4114
  sW2@0.5: 1.0244 (103/200 in region)
  sW2@1.0: 1.4191 (61/200 in region)
  MMD@1.0: 0.1309
  Survival@1.0: 73.0%
  Stopped@1.0:  30.5%
      → K+S (smooth=0.1)
  Stage 2 epoch 60/300: loss=0.007995
  Stage 2 epoch 120/300: loss=0.007409
  Stage 2 epoch 180/300: loss=0.008017
  Stage 2 epoch 240/300: loss=0.007846
  Stage 2 epoch 300/300: loss=0.007798
  Stage 3 epoch 60/300: loss=0.000142
  Stage 3 epoch 120/300: loss=0.000098
  Stage 3 epoch 180/300: loss=0.000070
  Stage 3 epoch 240/300: loss=0.000062
  Stage 3 epoch 300/300: loss=0.000078
  MTE@0.1: 1.1954
  MTE@0.5: 2.4557
  MTE@1.0: 2.5249
  W2@1.0:  1.1420
  sW2@0.5: 0.8496 (103/200 in region)
  sW2@1.0: 1.2733 (61/200 in region)
  MMD@1.0: 0.1147
  Survival@1.0: 73.0%
  Stopped@1.0:  30.5%
      baseline: W2=1.6629  E_mu=0.0266  E_Sig=0.0330
             K: W2=1.4114  E_mu=0.0255  E_Sig=0.0302
           K+S: W2=1.1420  E_mu=0.0255  E_Sig=0.0302

============================================================
  N=200 | D=201 (K=99) | paraboloid | seed=7042
============================================================
    Phase1 Epoch 50/250: loss=0.306063
    Phase1 Epoch 100/250: loss=0.072832
    Phase1 Epoch 150/250: loss=0.030933
    Phase1 Epoch 200/250: loss=0.052134
    Phase1 Epoch 250/250: loss=0.014680
      Phase 2 AE: K_weight=0.0000
        Phase2 Epoch 50/250: loss=0.016365
        Phase2 Epoch 100/250: loss=0.001583
        Phase2 Epoch 150/250: loss=0.002051
        Phase2 Epoch 200/250: loss=0.007954
        Phase2 Epoch 250/250: loss=0.008932
        E_mu=0.0327  E_Sigma=0.1547
      → baseline
  Stage 2 epoch 60/300: loss=0.000189
  Stage 2 epoch 120/300: loss=0.000140
  Stage 2 epoch 180/300: loss=0.000117
  Stage 2 epoch 240/300: loss=0.000089
  Stage 2 epoch 300/300: loss=0.000081
  Stage 3 epoch 60/300: loss=0.000159
  Stage 3 epoch 120/300: loss=0.000126
  Stage 3 epoch 180/300: loss=0.000098
  Stage 3 epoch 240/300: loss=0.000078
  Stage 3 epoch 300/300: loss=0.000061
  MTE@0.1: 1.2885
  MTE@0.5: 2.4168
  MTE@1.0: 2.8804
  W2@1.0:  1.0730
  sW2@0.5: 1.0667 (103/200 in region)
  sW2@1.0: 1.4470 (54/200 in region)
  MMD@1.0: 0.1149
  Survival@1.0: 76.5%
  Stopped@1.0:  27.0%
      Phase 2 AE: K_weight=0.4275
        Phase2 Epoch 50/250: loss=0.021957
        Phase2 Epoch 100/250: loss=0.001943
        Phase2 Epoch 150/250: loss=0.009206
        Phase2 Epoch 200/250: loss=0.001608
        Phase2 Epoch 250/250: loss=0.003564
        E_mu=0.0193  E_Sigma=0.0494
      → K
  Stage 2 epoch 60/300: loss=0.000148
  Stage 2 epoch 120/300: loss=0.000109
  Stage 2 epoch 180/300: loss=0.000097
  Stage 2 epoch 240/300: loss=0.000079
  Stage 2 epoch 300/300: loss=0.000095
  Stage 3 epoch 60/300: loss=0.000136
  Stage 3 epoch 120/300: loss=0.000081
  Stage 3 epoch 180/300: loss=0.000057
  Stage 3 epoch 240/300: loss=0.000042
  Stage 3 epoch 300/300: loss=0.000038
  MTE@0.1: 1.4102
  MTE@0.5: 2.5016
  MTE@1.0: 2.9617
  W2@1.0:  1.0628
  sW2@0.5: 1.1651 (103/200 in region)
  sW2@1.0: 1.5299 (54/200 in region)
  MMD@1.0: 0.1020
  Survival@1.0: 76.5%
  Stopped@1.0:  27.0%
      → K+S (smooth=0.1)
  Stage 2 epoch 60/300: loss=0.007984
  Stage 2 epoch 120/300: loss=0.007711
  Stage 2 epoch 180/300: loss=0.007598
  Stage 2 epoch 240/300: loss=0.007323
  Stage 2 epoch 300/300: loss=0.007848
  Stage 3 epoch 60/300: loss=0.000136
  Stage 3 epoch 120/300: loss=0.000081
  Stage 3 epoch 180/300: loss=0.000057
  Stage 3 epoch 240/300: loss=0.000042
  Stage 3 epoch 300/300: loss=0.000038
  MTE@0.1: 1.4221
  MTE@0.5: 2.6106
  MTE@1.0: 3.1004
  W2@1.0:  1.1568
  sW2@0.5: 1.3154 (103/200 in region)
  sW2@1.0: 1.9249 (54/200 in region)
  MMD@1.0: 0.1297
  Survival@1.0: 76.5%
  Stopped@1.0:  27.0%
      baseline: W2=1.0730  E_mu=0.0327  E_Sig=0.1547
             K: W2=1.0628  E_mu=0.0193  E_Sig=0.0494
           K+S: W2=1.1568  E_mu=0.0193  E_Sig=0.0494

============================================================
  N=200 | D=201 (K=99) | paraboloid | seed=8042
============================================================
    Phase1 Epoch 50/250: loss=0.581919
    Phase1 Epoch 100/250: loss=0.074637
    Phase1 Epoch 150/250: loss=0.029161
    Phase1 Epoch 200/250: loss=0.025068
    Phase1 Epoch 250/250: loss=0.023884
      Phase 2 AE: K_weight=0.0000
        Phase2 Epoch 50/250: loss=0.012734
        Phase2 Epoch 100/250: loss=0.002564
        Phase2 Epoch 150/250: loss=0.002316
        Phase2 Epoch 200/250: loss=0.002176
        Phase2 Epoch 250/250: loss=0.001809
        E_mu=0.0773  E_Sigma=0.0822
      → baseline
  Stage 2 epoch 60/300: loss=0.000463
  Stage 2 epoch 120/300: loss=0.000273
  Stage 2 epoch 180/300: loss=0.000200
  Stage 2 epoch 240/300: loss=0.000136
  Stage 2 epoch 300/300: loss=0.000097
  Stage 3 epoch 60/300: loss=0.000044
  Stage 3 epoch 120/300: loss=0.000022
  Stage 3 epoch 180/300: loss=0.000014
  Stage 3 epoch 240/300: loss=0.000010
  Stage 3 epoch 300/300: loss=0.000013
  MTE@0.1: 1.0587
  MTE@0.5: 2.3212
  MTE@1.0: 3.0177
  W2@1.0:  1.5740
  sW2@0.5: 1.4858 (101/200 in region)
  sW2@1.0: 2.2187 (60/200 in region)
  MMD@1.0: 0.2294
  Survival@1.0: 79.5%
  Stopped@1.0:  30.0%
      Phase 2 AE: K_weight=0.4275
        Phase2 Epoch 50/250: loss=0.035594
        Phase2 Epoch 100/250: loss=0.002774
        Phase2 Epoch 150/250: loss=0.002722
        Phase2 Epoch 200/250: loss=0.002935
        Phase2 Epoch 250/250: loss=0.002960
        E_mu=0.0578  E_Sigma=0.0990
      → K
  Stage 2 epoch 60/300: loss=0.000348
  Stage 2 epoch 120/300: loss=0.000189
  Stage 2 epoch 180/300: loss=0.000146
  Stage 2 epoch 240/300: loss=0.000102
  Stage 2 epoch 300/300: loss=0.000080
  Stage 3 epoch 60/300: loss=0.000040
  Stage 3 epoch 120/300: loss=0.000016
  Stage 3 epoch 180/300: loss=0.000010
  Stage 3 epoch 240/300: loss=0.000007
  Stage 3 epoch 300/300: loss=0.000009
  MTE@0.1: 1.0498
  MTE@0.5: 2.2896
  MTE@1.0: 2.9584
  W2@1.0:  1.4458
  sW2@0.5: 1.4418 (101/200 in region)
  sW2@1.0: 2.1361 (60/200 in region)
  MMD@1.0: 0.2139
  Survival@1.0: 79.5%
  Stopped@1.0:  30.0%
      → K+S (smooth=0.1)
  Stage 2 epoch 60/300: loss=0.006310
  Stage 2 epoch 120/300: loss=0.005963
  Stage 2 epoch 180/300: loss=0.005835
  Stage 2 epoch 240/300: loss=0.005726
  Stage 2 epoch 300/300: loss=0.006107
  Stage 3 epoch 60/300: loss=0.000040
  Stage 3 epoch 120/300: loss=0.000016
  Stage 3 epoch 180/300: loss=0.000010
  Stage 3 epoch 240/300: loss=0.000007
  Stage 3 epoch 300/300: loss=0.000009
  MTE@0.1: 1.0601
  MTE@0.5: 2.2984
  MTE@1.0: 2.8628
  W2@1.0:  1.1766
  sW2@0.5: 1.3677 (101/200 in region)
  sW2@1.0: 1.7911 (60/200 in region)
  MMD@1.0: 0.1736
  Survival@1.0: 79.5%
  Stopped@1.0:  30.0%
      baseline: W2=1.5740  E_mu=0.0773  E_Sig=0.0822
             K: W2=1.4458  E_mu=0.0578  E_Sig=0.0990
           K+S: W2=1.1766  E_mu=0.0578  E_Sig=0.0990

============================================================
  N=200 | D=201 (K=99) | paraboloid | seed=9042
============================================================
    Phase1 Epoch 50/250: loss=0.593946
    Phase1 Epoch 100/250: loss=0.085200
    Phase1 Epoch 150/250: loss=0.050516
    Phase1 Epoch 200/250: loss=0.037629
    Phase1 Epoch 250/250: loss=0.010300
      Phase 2 AE: K_weight=0.0000
        Phase2 Epoch 50/250: loss=0.013617
        Phase2 Epoch 100/250: loss=0.015970
        Phase2 Epoch 150/250: loss=0.021916
        Phase2 Epoch 200/250: loss=0.011450
        Phase2 Epoch 250/250: loss=0.016555
        E_mu=0.0974  E_Sigma=0.3684
      → baseline
  Stage 2 epoch 60/300: loss=0.000388
  Stage 2 epoch 120/300: loss=0.000227
  Stage 2 epoch 180/300: loss=0.000175
  Stage 2 epoch 240/300: loss=0.000150
  Stage 2 epoch 300/300: loss=0.000136
  Stage 3 epoch 60/300: loss=0.000061
  Stage 3 epoch 120/300: loss=0.000040
  Stage 3 epoch 180/300: loss=0.000030
  Stage 3 epoch 240/300: loss=0.000027
  Stage 3 epoch 300/300: loss=0.000031
  MTE@0.1: 1.2994
  MTE@0.5: 2.1374
  MTE@1.0: 2.8141
  W2@1.0:  1.4316
  sW2@0.5: 1.4057 (105/200 in region)
  sW2@1.0: 2.2716 (64/200 in region)
  MMD@1.0: 0.2626
  Survival@1.0: 76.0%
  Stopped@1.0:  32.0%
      Phase 2 AE: K_weight=0.4275
        Phase2 Epoch 50/250: loss=0.040568
        Phase2 Epoch 100/250: loss=0.019258
        Phase2 Epoch 150/250: loss=0.014822
        Phase2 Epoch 200/250: loss=0.035395
        Phase2 Epoch 250/250: loss=0.008914
        E_mu=0.0504  E_Sigma=0.1957
      → K
  Stage 2 epoch 60/300: loss=0.000182
  Stage 2 epoch 120/300: loss=0.000141
  Stage 2 epoch 180/300: loss=0.000106
  Stage 2 epoch 240/300: loss=0.000100
  Stage 2 epoch 300/300: loss=0.000086
  Stage 3 epoch 60/300: loss=0.000042
  Stage 3 epoch 120/300: loss=0.000026
  Stage 3 epoch 180/300: loss=0.000015
  Stage 3 epoch 240/300: loss=0.000012
  Stage 3 epoch 300/300: loss=0.000013
  MTE@0.1: 1.1397
  MTE@0.5: 2.0283
  MTE@1.0: 2.6585
  W2@1.0:  1.1831
  sW2@0.5: 1.2331 (105/200 in region)
  sW2@1.0: 1.8899 (64/200 in region)
  MMD@1.0: 0.1700
  Survival@1.0: 76.0%
  Stopped@1.0:  32.0%
      → K+S (smooth=0.1)
  Stage 2 epoch 60/300: loss=0.007711
  Stage 2 epoch 120/300: loss=0.007304
  Stage 2 epoch 180/300: loss=0.007278
  Stage 2 epoch 240/300: loss=0.007385
  Stage 2 epoch 300/300: loss=0.007487
  Stage 3 epoch 60/300: loss=0.000042
  Stage 3 epoch 120/300: loss=0.000026
  Stage 3 epoch 180/300: loss=0.000015
  Stage 3 epoch 240/300: loss=0.000012
  Stage 3 epoch 300/300: loss=0.000013
  MTE@0.1: 1.1560
  MTE@0.5: 2.0563
  MTE@1.0: 2.6909
  W2@1.0:  1.2263
  sW2@0.5: 1.2393 (105/200 in region)
  sW2@1.0: 1.8775 (64/200 in region)
  MMD@1.0: 0.1810
  Survival@1.0: 76.0%
  Stopped@1.0:  32.0%
      baseline: W2=1.4316  E_mu=0.0974  E_Sig=0.3684
             K: W2=1.1831  E_mu=0.0504  E_Sig=0.1957
           K+S: W2=1.2263  E_mu=0.0504  E_Sig=0.1957

============================================================
  N=200 | D=201 (K=99) | hyperbolic_paraboloid | seed=42
============================================================
    Phase1 Epoch 50/250: loss=0.729968
    Phase1 Epoch 100/250: loss=0.070535
    Phase1 Epoch 150/250: loss=0.039078
    Phase1 Epoch 200/250: loss=0.015208
    Phase1 Epoch 250/250: loss=0.016886
      Phase 2 AE: K_weight=0.0000
        Phase2 Epoch 50/250: loss=0.010027
        Phase2 Epoch 100/250: loss=0.015464
        Phase2 Epoch 150/250: loss=0.002831
        Phase2 Epoch 200/250: loss=0.014793
        Phase2 Epoch 250/250: loss=0.003195
        E_mu=0.0328  E_Sigma=0.0596
      → baseline
  Stage 2 epoch 60/300: loss=0.000440
  Stage 2 epoch 120/300: loss=0.000222
  Stage 2 epoch 180/300: loss=0.000131
  Stage 2 epoch 240/300: loss=0.000112
  Stage 2 epoch 300/300: loss=0.000084
  Stage 3 epoch 60/300: loss=0.000017
  Stage 3 epoch 120/300: loss=0.000014
  Stage 3 epoch 180/300: loss=0.000010
  Stage 3 epoch 240/300: loss=0.000009
  Stage 3 epoch 300/300: loss=0.000008
  MTE@0.1: 1.1383
  MTE@0.5: 2.3515
  MTE@1.0: 2.7234
  W2@1.0:  1.2722
  sW2@0.5: 0.9218 (96/200 in region)
  sW2@1.0: 1.1594 (48/200 in region)
  MMD@1.0: 0.1388
  Survival@1.0: 76.5%
  Stopped@1.0:  24.0%
      Phase 2 AE: K_weight=0.4275
        Phase2 Epoch 50/250: loss=0.010822
        Phase2 Epoch 100/250: loss=0.013279
        Phase2 Epoch 150/250: loss=0.012752
        Phase2 Epoch 200/250: loss=0.005579
        Phase2 Epoch 250/250: loss=0.004651
        E_mu=0.0296  E_Sigma=0.0912
      → K
  Stage 2 epoch 60/300: loss=0.000373
  Stage 2 epoch 120/300: loss=0.000198
  Stage 2 epoch 180/300: loss=0.000109
  Stage 2 epoch 240/300: loss=0.000096
  Stage 2 epoch 300/300: loss=0.000072
  Stage 3 epoch 60/300: loss=0.000016
  Stage 3 epoch 120/300: loss=0.000014
  Stage 3 epoch 180/300: loss=0.000010
  Stage 3 epoch 240/300: loss=0.000009
  Stage 3 epoch 300/300: loss=0.000009
  MTE@0.1: 1.1691
  MTE@0.5: 2.3532
  MTE@1.0: 2.7017
  W2@1.0:  1.2437
  sW2@0.5: 0.9472 (96/200 in region)
  sW2@1.0: 1.1579 (48/200 in region)
  MMD@1.0: 0.1420
  Survival@1.0: 76.5%
  Stopped@1.0:  24.0%
      → K+S (smooth=0.1)
  Stage 2 epoch 60/300: loss=0.017595
  Stage 2 epoch 120/300: loss=0.018040
  Stage 2 epoch 180/300: loss=0.017557
  Stage 2 epoch 240/300: loss=0.017395
  Stage 2 epoch 300/300: loss=0.017460
  Stage 3 epoch 60/300: loss=0.000016
  Stage 3 epoch 120/300: loss=0.000014
  Stage 3 epoch 180/300: loss=0.000010
  Stage 3 epoch 240/300: loss=0.000009
  Stage 3 epoch 300/300: loss=0.000009
  MTE@0.1: 1.2139
  MTE@0.5: 2.5769
  MTE@1.0: 3.0407
  W2@1.0:  1.2809
  sW2@0.5: 1.1704 (96/200 in region)
  sW2@1.0: 1.4630 (48/200 in region)
  MMD@1.0: 0.1828
  Survival@1.0: 76.5%
  Stopped@1.0:  24.0%
      baseline: W2=1.2722  E_mu=0.0328  E_Sig=0.0596
             K: W2=1.2437  E_mu=0.0296  E_Sig=0.0912
           K+S: W2=1.2809  E_mu=0.0296  E_Sig=0.0912

============================================================
  N=200 | D=201 (K=99) | hyperbolic_paraboloid | seed=1042
============================================================
    Phase1 Epoch 50/250: loss=0.577671
    Phase1 Epoch 100/250: loss=0.050513
    Phase1 Epoch 150/250: loss=0.040774
    Phase1 Epoch 200/250: loss=0.023702
    Phase1 Epoch 250/250: loss=0.016052
      Phase 2 AE: K_weight=0.0000
        Phase2 Epoch 50/250: loss=0.021024
        Phase2 Epoch 100/250: loss=0.025585
        Phase2 Epoch 150/250: loss=0.011442
        Phase2 Epoch 200/250: loss=0.003441
        Phase2 Epoch 250/250: loss=0.011456
        E_mu=0.0721  E_Sigma=0.2993
      → baseline
  Stage 2 epoch 60/300: loss=0.000495
  Stage 2 epoch 120/300: loss=0.000269
  Stage 2 epoch 180/300: loss=0.000109
  Stage 2 epoch 240/300: loss=0.000080
  Stage 2 epoch 300/300: loss=0.000092
  Stage 3 epoch 60/300: loss=0.000025
  Stage 3 epoch 120/300: loss=0.000022
  Stage 3 epoch 180/300: loss=0.000018
  Stage 3 epoch 240/300: loss=0.000019
  Stage 3 epoch 300/300: loss=0.000018
  MTE@0.1: 1.2011
  MTE@0.5: 2.1161
  MTE@1.0: 2.6891
  W2@1.0:  1.2288
  sW2@0.5: 1.0333 (100/200 in region)
  sW2@1.0: 1.6045 (53/200 in region)
  MMD@1.0: 0.1837
  Survival@1.0: 72.0%
  Stopped@1.0:  26.5%
      Phase 2 AE: K_weight=0.4275
        Phase2 Epoch 50/250: loss=0.029752
        Phase2 Epoch 100/250: loss=0.003600
        Phase2 Epoch 150/250: loss=0.001324
        Phase2 Epoch 200/250: loss=0.001272
        Phase2 Epoch 250/250: loss=0.001825
        E_mu=0.0232  E_Sigma=0.0534
      → K
  Stage 2 epoch 60/300: loss=0.000319
  Stage 2 epoch 120/300: loss=0.000232
  Stage 2 epoch 180/300: loss=0.000084
  Stage 2 epoch 240/300: loss=0.000048
  Stage 2 epoch 300/300: loss=0.000070
  Stage 3 epoch 60/300: loss=0.000015
  Stage 3 epoch 120/300: loss=0.000013
  Stage 3 epoch 180/300: loss=0.000010
  Stage 3 epoch 240/300: loss=0.000020
  Stage 3 epoch 300/300: loss=0.000008
  MTE@0.1: 1.1202
  MTE@0.5: 2.0639
  MTE@1.0: 2.6669
  W2@1.0:  1.1651
  sW2@0.5: 0.9284 (100/200 in region)
  sW2@1.0: 1.5285 (53/200 in region)
  MMD@1.0: 0.1591
  Survival@1.0: 72.0%
  Stopped@1.0:  26.5%
      → K+S (smooth=0.1)
  Stage 2 epoch 60/300: loss=0.016158
  Stage 2 epoch 120/300: loss=0.015652
  Stage 2 epoch 180/300: loss=0.015678
  Stage 2 epoch 240/300: loss=0.015774
  Stage 2 epoch 300/300: loss=0.018505
  Stage 3 epoch 60/300: loss=0.000015
  Stage 3 epoch 120/300: loss=0.000013
  Stage 3 epoch 180/300: loss=0.000010
  Stage 3 epoch 240/300: loss=0.000020
  Stage 3 epoch 300/300: loss=0.000008
  MTE@0.1: 1.1229
  MTE@0.5: 2.1113
  MTE@1.0: 2.6776
  W2@1.0:  1.3236
  sW2@0.5: 0.9971 (100/200 in region)
  sW2@1.0: 1.4645 (53/200 in region)
  MMD@1.0: 0.1869
  Survival@1.0: 72.0%
  Stopped@1.0:  26.5%
      baseline: W2=1.2288  E_mu=0.0721  E_Sig=0.2993
             K: W2=1.1651  E_mu=0.0232  E_Sig=0.0534
           K+S: W2=1.3236  E_mu=0.0232  E_Sig=0.0534

============================================================
  N=200 | D=201 (K=99) | hyperbolic_paraboloid | seed=2042
============================================================
    Phase1 Epoch 50/250: loss=0.661688
    Phase1 Epoch 100/250: loss=0.057078
    Phase1 Epoch 150/250: loss=0.021481
    Phase1 Epoch 200/250: loss=0.015146
    Phase1 Epoch 250/250: loss=0.014313
      Phase 2 AE: K_weight=0.0000
        Phase2 Epoch 50/250: loss=0.014411
        Phase2 Epoch 100/250: loss=0.010665
        Phase2 Epoch 150/250: loss=0.002269
        Phase2 Epoch 200/250: loss=0.005454
        Phase2 Epoch 250/250: loss=0.002180
        E_mu=0.0236  E_Sigma=0.0380
      → baseline
  Stage 2 epoch 60/300: loss=0.000249
  Stage 2 epoch 120/300: loss=0.000127
  Stage 2 epoch 180/300: loss=0.000122
  Stage 2 epoch 240/300: loss=0.000094
  Stage 2 epoch 300/300: loss=0.000083
  Stage 3 epoch 60/300: loss=0.000032
  Stage 3 epoch 120/300: loss=0.000010
  Stage 3 epoch 180/300: loss=0.000014
  Stage 3 epoch 240/300: loss=0.000007
  Stage 3 epoch 300/300: loss=0.000006
  MTE@0.1: 0.4664
  MTE@0.5: 1.3716
  MTE@1.0: 1.7762
  W2@1.0:  1.1799
  sW2@0.5: 0.6322 (95/200 in region)
  sW2@1.0: 1.0710 (47/200 in region)
  MMD@1.0: 0.1660
  Survival@1.0: 78.5%
  Stopped@1.0:  23.5%
      Phase 2 AE: K_weight=0.4275
        Phase2 Epoch 50/250: loss=0.012753
        Phase2 Epoch 100/250: loss=0.013645
        Phase2 Epoch 150/250: loss=0.006847
        Phase2 Epoch 200/250: loss=0.002892
        Phase2 Epoch 250/250: loss=0.009524
        E_mu=0.0460  E_Sigma=0.1782
      → K
  Stage 2 epoch 60/300: loss=0.000267
  Stage 2 epoch 120/300: loss=0.000102
  Stage 2 epoch 180/300: loss=0.000101
  Stage 2 epoch 240/300: loss=0.000069
  Stage 2 epoch 300/300: loss=0.000060
  Stage 3 epoch 60/300: loss=0.000080
  Stage 3 epoch 120/300: loss=0.000036
  Stage 3 epoch 180/300: loss=0.000027
  Stage 3 epoch 240/300: loss=0.000021
  Stage 3 epoch 300/300: loss=0.000018
  MTE@0.1: 0.9233
  MTE@0.5: 1.9258
  MTE@1.0: 2.4384
  W2@1.0:  1.2056
  sW2@0.5: 0.8129 (95/200 in region)
  sW2@1.0: 1.3680 (47/200 in region)
  MMD@1.0: 0.1729
  Survival@1.0: 78.5%
  Stopped@1.0:  23.5%
      → K+S (smooth=0.1)
  Stage 2 epoch 60/300: loss=0.017557
  Stage 2 epoch 120/300: loss=0.017721
  Stage 2 epoch 180/300: loss=0.017845
  Stage 2 epoch 240/300: loss=0.017893
  Stage 2 epoch 300/300: loss=0.017784
  Stage 3 epoch 60/300: loss=0.000080
  Stage 3 epoch 120/300: loss=0.000036
  Stage 3 epoch 180/300: loss=0.000027
  Stage 3 epoch 240/300: loss=0.000021
  Stage 3 epoch 300/300: loss=0.000018
  MTE@0.1: 0.9449
  MTE@0.5: 2.1087
  MTE@1.0: 2.7664
  W2@1.0:  1.3729
  sW2@0.5: 0.9647 (95/200 in region)
  sW2@1.0: 1.5779 (47/200 in region)
  MMD@1.0: 0.1918
  Survival@1.0: 78.5%
  Stopped@1.0:  23.5%
      baseline: W2=1.1799  E_mu=0.0236  E_Sig=0.0380
             K: W2=1.2056  E_mu=0.0460  E_Sig=0.1782
           K+S: W2=1.3729  E_mu=0.0460  E_Sig=0.1782

============================================================
  N=200 | D=201 (K=99) | hyperbolic_paraboloid | seed=3042
============================================================
    Phase1 Epoch 50/250: loss=0.444480
    Phase1 Epoch 100/250: loss=0.046157
    Phase1 Epoch 150/250: loss=0.019309
    Phase1 Epoch 200/250: loss=0.042698
    Phase1 Epoch 250/250: loss=0.025370
      Phase 2 AE: K_weight=0.0000
        Phase2 Epoch 50/250: loss=0.013148
        Phase2 Epoch 100/250: loss=0.016532
        Phase2 Epoch 150/250: loss=0.023373
        Phase2 Epoch 200/250: loss=0.010960
        Phase2 Epoch 250/250: loss=0.013133
        E_mu=0.0530  E_Sigma=0.3049
      → baseline
  Stage 2 epoch 60/300: loss=0.000670
  Stage 2 epoch 120/300: loss=0.000363
  Stage 2 epoch 180/300: loss=0.000207
  Stage 2 epoch 240/300: loss=0.000145
  Stage 2 epoch 300/300: loss=0.000123
  Stage 3 epoch 60/300: loss=0.000059
  Stage 3 epoch 120/300: loss=0.000028
  Stage 3 epoch 180/300: loss=0.000025
  Stage 3 epoch 240/300: loss=0.000019
  Stage 3 epoch 300/300: loss=0.000020
  MTE@0.1: 0.6330
  MTE@0.5: 1.2949
  MTE@1.0: 1.8963
  W2@1.0:  1.2815
  sW2@0.5: 0.6715 (99/200 in region)
  sW2@1.0: 0.9265 (48/200 in region)
  MMD@1.0: 0.1790
  Survival@1.0: 74.5%
  Stopped@1.0:  24.0%
      Phase 2 AE: K_weight=0.4275
        Phase2 Epoch 50/250: loss=0.013395
        Phase2 Epoch 100/250: loss=0.002049
        Phase2 Epoch 150/250: loss=0.001537
        Phase2 Epoch 200/250: loss=0.001143
        Phase2 Epoch 250/250: loss=0.001288
        E_mu=0.0167  E_Sigma=0.0217
      → K
  Stage 2 epoch 60/300: loss=0.000381
  Stage 2 epoch 120/300: loss=0.000241
  Stage 2 epoch 180/300: loss=0.000156
  Stage 2 epoch 240/300: loss=0.000096
  Stage 2 epoch 300/300: loss=0.000098
  Stage 3 epoch 60/300: loss=0.000046
  Stage 3 epoch 120/300: loss=0.000018
  Stage 3 epoch 180/300: loss=0.000016
  Stage 3 epoch 240/300: loss=0.000007
  Stage 3 epoch 300/300: loss=0.000008
  MTE@0.1: 0.5730
  MTE@0.5: 1.2500
  MTE@1.0: 1.8781
  W2@1.0:  1.2361
  sW2@0.5: 0.6264 (99/200 in region)
  sW2@1.0: 0.8940 (48/200 in region)
  MMD@1.0: 0.1739
  Survival@1.0: 74.5%
  Stopped@1.0:  24.0%
      → K+S (smooth=0.1)
  Stage 2 epoch 60/300: loss=0.015989
  Stage 2 epoch 120/300: loss=0.016863
  Stage 2 epoch 180/300: loss=0.016580
  Stage 2 epoch 240/300: loss=0.016930
  Stage 2 epoch 300/300: loss=0.016058
  Stage 3 epoch 60/300: loss=0.000046
  Stage 3 epoch 120/300: loss=0.000018
  Stage 3 epoch 180/300: loss=0.000016
  Stage 3 epoch 240/300: loss=0.000007
  Stage 3 epoch 300/300: loss=0.000008
  MTE@0.1: 0.5940
  MTE@0.5: 1.5701
  MTE@1.0: 2.3918
  W2@1.0:  1.4137
  sW2@0.5: 0.7098 (99/200 in region)
  sW2@1.0: 1.3111 (48/200 in region)
  MMD@1.0: 0.1832
  Survival@1.0: 74.5%
  Stopped@1.0:  24.0%
      baseline: W2=1.2815  E_mu=0.0530  E_Sig=0.3049
             K: W2=1.2361  E_mu=0.0167  E_Sig=0.0217
           K+S: W2=1.4137  E_mu=0.0167  E_Sig=0.0217

============================================================
  N=200 | D=201 (K=99) | hyperbolic_paraboloid | seed=4042
============================================================
    Phase1 Epoch 50/250: loss=0.673206
    Phase1 Epoch 100/250: loss=0.073049
    Phase1 Epoch 150/250: loss=0.024502
    Phase1 Epoch 200/250: loss=0.012305
    Phase1 Epoch 250/250: loss=0.011554
      Phase 2 AE: K_weight=0.0000
        Phase2 Epoch 50/250: loss=0.015361
        Phase2 Epoch 100/250: loss=0.001418
        Phase2 Epoch 150/250: loss=0.001415
        Phase2 Epoch 200/250: loss=0.001395
        Phase2 Epoch 250/250: loss=0.003503
        E_mu=0.0409  E_Sigma=0.1062
      → baseline
  Stage 2 epoch 60/300: loss=0.000458
  Stage 2 epoch 120/300: loss=0.000254
  Stage 2 epoch 180/300: loss=0.000154
  Stage 2 epoch 240/300: loss=0.000113
  Stage 2 epoch 300/300: loss=0.000131
  Stage 3 epoch 60/300: loss=0.000019
  Stage 3 epoch 120/300: loss=0.000019
  Stage 3 epoch 180/300: loss=0.000009
  Stage 3 epoch 240/300: loss=0.000009
  Stage 3 epoch 300/300: loss=0.000008
  MTE@0.1: 1.2091
  MTE@0.5: 2.2409
  MTE@1.0: 2.5013
  W2@1.0:  1.1617
  sW2@0.5: 0.8366 (107/200 in region)
  sW2@1.0: 1.1618 (60/200 in region)
  MMD@1.0: 0.1565
  Survival@1.0: 76.0%
  Stopped@1.0:  30.0%
      Phase 2 AE: K_weight=0.4275
        Phase2 Epoch 50/250: loss=0.019549
        Phase2 Epoch 100/250: loss=0.002154
        Phase2 Epoch 150/250: loss=0.001648
        Phase2 Epoch 200/250: loss=0.001682
        Phase2 Epoch 250/250: loss=0.002789
        E_mu=0.0529  E_Sigma=0.1418
      → K
  Stage 2 epoch 60/300: loss=0.000407
  Stage 2 epoch 120/300: loss=0.000247
  Stage 2 epoch 180/300: loss=0.000159
  Stage 2 epoch 240/300: loss=0.000120
  Stage 2 epoch 300/300: loss=0.000118
  Stage 3 epoch 60/300: loss=0.000020
  Stage 3 epoch 120/300: loss=0.000014
  Stage 3 epoch 180/300: loss=0.000010
  Stage 3 epoch 240/300: loss=0.000009
  Stage 3 epoch 300/300: loss=0.000008
  MTE@0.1: 1.1966
  MTE@0.5: 2.2306
  MTE@1.0: 2.4973
  W2@1.0:  1.1299
  sW2@0.5: 0.8013 (107/200 in region)
  sW2@1.0: 1.1543 (60/200 in region)
  MMD@1.0: 0.1480
  Survival@1.0: 76.0%
  Stopped@1.0:  30.0%
      → K+S (smooth=0.1)
  Stage 2 epoch 60/300: loss=0.019932
  Stage 2 epoch 120/300: loss=0.017057
  Stage 2 epoch 180/300: loss=0.017238
  Stage 2 epoch 240/300: loss=0.016909
  Stage 2 epoch 300/300: loss=0.018788
  Stage 3 epoch 60/300: loss=0.000020
  Stage 3 epoch 120/300: loss=0.000014
  Stage 3 epoch 180/300: loss=0.000010
  Stage 3 epoch 240/300: loss=0.000009
  Stage 3 epoch 300/300: loss=0.000008
  MTE@0.1: 1.2151
  MTE@0.5: 2.4402
  MTE@1.0: 2.7557
  W2@1.0:  1.4316
  sW2@0.5: 1.0690 (107/200 in region)
  sW2@1.0: 1.4329 (60/200 in region)
  MMD@1.0: 0.1879
  Survival@1.0: 76.0%
  Stopped@1.0:  30.0%
      baseline: W2=1.1617  E_mu=0.0409  E_Sig=0.1062
             K: W2=1.1299  E_mu=0.0529  E_Sig=0.1418
           K+S: W2=1.4316  E_mu=0.0529  E_Sig=0.1418

============================================================
  N=200 | D=201 (K=99) | hyperbolic_paraboloid | seed=5042
============================================================
    Phase1 Epoch 50/250: loss=0.666033
    Phase1 Epoch 100/250: loss=0.056317
    Phase1 Epoch 150/250: loss=0.021820
    Phase1 Epoch 200/250: loss=0.037859
    Phase1 Epoch 250/250: loss=0.031902
      Phase 2 AE: K_weight=0.0000
        Phase2 Epoch 50/250: loss=0.010262
        Phase2 Epoch 100/250: loss=0.013899
        Phase2 Epoch 150/250: loss=0.011083
        Phase2 Epoch 200/250: loss=0.004412
        Phase2 Epoch 250/250: loss=0.015450
        E_mu=0.0507  E_Sigma=0.1718
      → baseline
  Stage 2 epoch 60/300: loss=0.000453
  Stage 2 epoch 120/300: loss=0.000200
  Stage 2 epoch 180/300: loss=0.000139
  Stage 2 epoch 240/300: loss=0.000129
  Stage 2 epoch 300/300: loss=0.000099
  Stage 3 epoch 60/300: loss=0.000117
  Stage 3 epoch 120/300: loss=0.000094
  Stage 3 epoch 180/300: loss=0.000064
  Stage 3 epoch 240/300: loss=0.000051
  Stage 3 epoch 300/300: loss=0.000033
  MTE@0.1: 0.9810
  MTE@0.5: 1.9369
  MTE@1.0: 2.4336
  W2@1.0:  1.1733
  sW2@0.5: 0.8020 (110/200 in region)
  sW2@1.0: 1.4118 (53/200 in region)
  MMD@1.0: 0.1428
  Survival@1.0: 76.5%
  Stopped@1.0:  26.5%
      Phase 2 AE: K_weight=0.4275
        Phase2 Epoch 50/250: loss=0.015778
        Phase2 Epoch 100/250: loss=0.008805
        Phase2 Epoch 150/250: loss=0.002323
        Phase2 Epoch 200/250: loss=0.001362
        Phase2 Epoch 250/250: loss=0.001196
        E_mu=0.0246  E_Sigma=0.0248
      → K
  Stage 2 epoch 60/300: loss=0.000356
  Stage 2 epoch 120/300: loss=0.000169
  Stage 2 epoch 180/300: loss=0.000097
  Stage 2 epoch 240/300: loss=0.000101
  Stage 2 epoch 300/300: loss=0.000068
  Stage 3 epoch 60/300: loss=0.000120
  Stage 3 epoch 120/300: loss=0.000091
  Stage 3 epoch 180/300: loss=0.000063
  Stage 3 epoch 240/300: loss=0.000044
  Stage 3 epoch 300/300: loss=0.000026
  MTE@0.1: 0.8633
  MTE@0.5: 1.8964
  MTE@1.0: 2.3965
  W2@1.0:  1.0842
  sW2@0.5: 0.7362 (110/200 in region)
  sW2@1.0: 1.3434 (53/200 in region)
  MMD@1.0: 0.0862
  Survival@1.0: 76.5%
  Stopped@1.0:  26.5%
      → K+S (smooth=0.1)
  Stage 2 epoch 60/300: loss=0.018270
  Stage 2 epoch 120/300: loss=0.016943
  Stage 2 epoch 180/300: loss=0.017736
  Stage 2 epoch 240/300: loss=0.017311
  Stage 2 epoch 300/300: loss=0.017500
  Stage 3 epoch 60/300: loss=0.000120
  Stage 3 epoch 120/300: loss=0.000091
  Stage 3 epoch 180/300: loss=0.000063
  Stage 3 epoch 240/300: loss=0.000044
  Stage 3 epoch 300/300: loss=0.000026
  MTE@0.1: 0.8833
  MTE@0.5: 2.0895
  MTE@1.0: 2.8152
  W2@1.0:  1.3216
  sW2@0.5: 0.8364 (110/200 in region)
  sW2@1.0: 1.4354 (53/200 in region)
  MMD@1.0: 0.1180
  Survival@1.0: 76.5%
  Stopped@1.0:  26.5%
      baseline: W2=1.1733  E_mu=0.0507  E_Sig=0.1718
             K: W2=1.0842  E_mu=0.0246  E_Sig=0.0248
           K+S: W2=1.3216  E_mu=0.0246  E_Sig=0.0248

============================================================
  N=200 | D=201 (K=99) | hyperbolic_paraboloid | seed=6042
============================================================
    Phase1 Epoch 50/250: loss=0.619099
    Phase1 Epoch 100/250: loss=0.042947
    Phase1 Epoch 150/250: loss=0.025134
    Phase1 Epoch 200/250: loss=0.022637
    Phase1 Epoch 250/250: loss=0.014393
      Phase 2 AE: K_weight=0.0000
        Phase2 Epoch 50/250: loss=0.006561
        Phase2 Epoch 100/250: loss=0.016464
        Phase2 Epoch 150/250: loss=0.015533
        Phase2 Epoch 200/250: loss=0.006130
        Phase2 Epoch 250/250: loss=0.003699
        E_mu=0.0350  E_Sigma=0.0648
      → baseline
  Stage 2 epoch 60/300: loss=0.000613
  Stage 2 epoch 120/300: loss=0.000290
  Stage 2 epoch 180/300: loss=0.000218
  Stage 2 epoch 240/300: loss=0.000156
  Stage 2 epoch 300/300: loss=0.000158
  Stage 3 epoch 60/300: loss=0.000116
  Stage 3 epoch 120/300: loss=0.000086
  Stage 3 epoch 180/300: loss=0.000073
  Stage 3 epoch 240/300: loss=0.000057
  Stage 3 epoch 300/300: loss=0.000058
  MTE@0.1: 0.7567
  MTE@0.5: 1.5527
  MTE@1.0: 2.0447
  W2@1.0:  1.0788
  sW2@0.5: 0.6552 (103/200 in region)
  sW2@1.0: 1.1765 (61/200 in region)
  MMD@1.0: 0.1352
  Survival@1.0: 73.0%
  Stopped@1.0:  30.5%
      Phase 2 AE: K_weight=0.4275
        Phase2 Epoch 50/250: loss=0.011843
        Phase2 Epoch 100/250: loss=0.001824
        Phase2 Epoch 150/250: loss=0.001503
        Phase2 Epoch 200/250: loss=0.001937
        Phase2 Epoch 250/250: loss=0.001949
        E_mu=0.0271  E_Sigma=0.0366
      → K
  Stage 2 epoch 60/300: loss=0.000385
  Stage 2 epoch 120/300: loss=0.000187
  Stage 2 epoch 180/300: loss=0.000127
  Stage 2 epoch 240/300: loss=0.000104
  Stage 2 epoch 300/300: loss=0.000091
  Stage 3 epoch 60/300: loss=0.000118
  Stage 3 epoch 120/300: loss=0.000087
  Stage 3 epoch 180/300: loss=0.000074
  Stage 3 epoch 240/300: loss=0.000056
  Stage 3 epoch 300/300: loss=0.000055
  MTE@0.1: 0.7524
  MTE@0.5: 1.5399
  MTE@1.0: 2.0150
  W2@1.0:  1.0609
  sW2@0.5: 0.6599 (103/200 in region)
  sW2@1.0: 1.1659 (61/200 in region)
  MMD@1.0: 0.1339
  Survival@1.0: 73.0%
  Stopped@1.0:  30.5%
      → K+S (smooth=0.1)
  Stage 2 epoch 60/300: loss=0.021920
  Stage 2 epoch 120/300: loss=0.019447
  Stage 2 epoch 180/300: loss=0.021148
  Stage 2 epoch 240/300: loss=0.020418
  Stage 2 epoch 300/300: loss=0.020221
  Stage 3 epoch 60/300: loss=0.000118
  Stage 3 epoch 120/300: loss=0.000087
  Stage 3 epoch 180/300: loss=0.000074
  Stage 3 epoch 240/300: loss=0.000056
  Stage 3 epoch 300/300: loss=0.000055
  MTE@0.1: 0.7485
  MTE@0.5: 1.7196
  MTE@1.0: 2.5414
  W2@1.0:  1.2195
  sW2@0.5: 0.7969 (103/200 in region)
  sW2@1.0: 1.3485 (61/200 in region)
  MMD@1.0: 0.2012
  Survival@1.0: 73.0%
  Stopped@1.0:  30.5%
      baseline: W2=1.0788  E_mu=0.0350  E_Sig=0.0648
             K: W2=1.0609  E_mu=0.0271  E_Sig=0.0366
           K+S: W2=1.2195  E_mu=0.0271  E_Sig=0.0366

============================================================
  N=200 | D=201 (K=99) | hyperbolic_paraboloid | seed=7042
============================================================
    Phase1 Epoch 50/250: loss=0.640416
    Phase1 Epoch 100/250: loss=0.067250
    Phase1 Epoch 150/250: loss=0.029010
    Phase1 Epoch 200/250: loss=0.019594
    Phase1 Epoch 250/250: loss=0.014213
      Phase 2 AE: K_weight=0.0000
        Phase2 Epoch 50/250: loss=0.012974
        Phase2 Epoch 100/250: loss=0.006711
        Phase2 Epoch 150/250: loss=0.027278
        Phase2 Epoch 200/250: loss=0.013657
        Phase2 Epoch 250/250: loss=0.000693
        E_mu=0.0186  E_Sigma=0.0153
      → baseline
  Stage 2 epoch 60/300: loss=0.000471
  Stage 2 epoch 120/300: loss=0.000295
  Stage 2 epoch 180/300: loss=0.000103
  Stage 2 epoch 240/300: loss=0.000075
  Stage 2 epoch 300/300: loss=0.000071
  Stage 3 epoch 60/300: loss=0.000039
  Stage 3 epoch 120/300: loss=0.000012
  Stage 3 epoch 180/300: loss=0.000013
  Stage 3 epoch 240/300: loss=0.000006
  Stage 3 epoch 300/300: loss=0.000006
  MTE@0.1: 0.9765
  MTE@0.5: 2.0148
  MTE@1.0: 2.6334
  W2@1.0:  0.9679
  sW2@0.5: 0.7111 (103/200 in region)
  sW2@1.0: 1.0725 (54/200 in region)
  MMD@1.0: 0.1253
  Survival@1.0: 76.5%
  Stopped@1.0:  27.0%
      Phase 2 AE: K_weight=0.4275
        Phase2 Epoch 50/250: loss=0.020900
        Phase2 Epoch 100/250: loss=0.014570
        Phase2 Epoch 150/250: loss=0.008957
        Phase2 Epoch 200/250: loss=0.006529
        Phase2 Epoch 250/250: loss=0.001398
        E_mu=0.0124  E_Sigma=0.0309
      → K
  Stage 2 epoch 60/300: loss=0.000365
  Stage 2 epoch 120/300: loss=0.000234
  Stage 2 epoch 180/300: loss=0.000080
  Stage 2 epoch 240/300: loss=0.000055
  Stage 2 epoch 300/300: loss=0.000052
  Stage 3 epoch 60/300: loss=0.000037
  Stage 3 epoch 120/300: loss=0.000012
  Stage 3 epoch 180/300: loss=0.000013
  Stage 3 epoch 240/300: loss=0.000007
  Stage 3 epoch 300/300: loss=0.000006
  MTE@0.1: 0.9848
  MTE@0.5: 2.0194
  MTE@1.0: 2.6433
  W2@1.0:  0.9622
  sW2@0.5: 0.7167 (103/200 in region)
  sW2@1.0: 1.0776 (54/200 in region)
  MMD@1.0: 0.1225
  Survival@1.0: 76.5%
  Stopped@1.0:  27.0%
      → K+S (smooth=0.1)
  Stage 2 epoch 60/300: loss=0.021150
  Stage 2 epoch 120/300: loss=0.020700
  Stage 2 epoch 180/300: loss=0.020166
  Stage 2 epoch 240/300: loss=0.019203
  Stage 2 epoch 300/300: loss=0.020407
  Stage 3 epoch 60/300: loss=0.000037
  Stage 3 epoch 120/300: loss=0.000012
  Stage 3 epoch 180/300: loss=0.000013
  Stage 3 epoch 240/300: loss=0.000007
  Stage 3 epoch 300/300: loss=0.000006
  MTE@0.1: 1.0252
  MTE@0.5: 2.2501
  MTE@1.0: 3.0811
  W2@1.0:  1.3735
  sW2@0.5: 1.0429 (103/200 in region)
  sW2@1.0: 1.6901 (54/200 in region)
  MMD@1.0: 0.1796
  Survival@1.0: 76.5%
  Stopped@1.0:  27.0%
      baseline: W2=0.9679  E_mu=0.0186  E_Sig=0.0153
             K: W2=0.9622  E_mu=0.0124  E_Sig=0.0309
           K+S: W2=1.3735  E_mu=0.0124  E_Sig=0.0309

============================================================
  N=200 | D=201 (K=99) | hyperbolic_paraboloid | seed=8042
============================================================
    Phase1 Epoch 50/250: loss=0.264676
    Phase1 Epoch 100/250: loss=0.045110
    Phase1 Epoch 150/250: loss=0.029795
    Phase1 Epoch 200/250: loss=0.016668
    Phase1 Epoch 250/250: loss=0.021310
      Phase 2 AE: K_weight=0.0000
        Phase2 Epoch 50/250: loss=0.016951
        Phase2 Epoch 100/250: loss=0.011388
        Phase2 Epoch 150/250: loss=0.001321
        Phase2 Epoch 200/250: loss=0.001211
        Phase2 Epoch 250/250: loss=0.001209
        E_mu=0.0441  E_Sigma=0.0584
      → baseline
  Stage 2 epoch 60/300: loss=0.000426
  Stage 2 epoch 120/300: loss=0.000224
  Stage 2 epoch 180/300: loss=0.000137
  Stage 2 epoch 240/300: loss=0.000090
  Stage 2 epoch 300/300: loss=0.000070
  Stage 3 epoch 60/300: loss=0.000025
  Stage 3 epoch 120/300: loss=0.000011
  Stage 3 epoch 180/300: loss=0.000008
  Stage 3 epoch 240/300: loss=0.000007
  Stage 3 epoch 300/300: loss=0.000005
  MTE@0.1: 1.0262
  MTE@0.5: 2.0262
  MTE@1.0: 2.7862
  W2@1.0:  1.2067
  sW2@0.5: 1.0233 (101/200 in region)
  sW2@1.0: 1.5980 (60/200 in region)
  MMD@1.0: 0.1589
  Survival@1.0: 79.5%
  Stopped@1.0:  30.0%
      Phase 2 AE: K_weight=0.4275
        Phase2 Epoch 50/250: loss=0.021578
        Phase2 Epoch 100/250: loss=0.001943
        Phase2 Epoch 150/250: loss=0.001464
        Phase2 Epoch 200/250: loss=0.002274
        Phase2 Epoch 250/250: loss=0.001566
        E_mu=0.0289  E_Sigma=0.0408
      → K
  Stage 2 epoch 60/300: loss=0.000324
  Stage 2 epoch 120/300: loss=0.000177
  Stage 2 epoch 180/300: loss=0.000100
  Stage 2 epoch 240/300: loss=0.000067
  Stage 2 epoch 300/300: loss=0.000048
  Stage 3 epoch 60/300: loss=0.000026
  Stage 3 epoch 120/300: loss=0.000010
  Stage 3 epoch 180/300: loss=0.000007
  Stage 3 epoch 240/300: loss=0.000005
  Stage 3 epoch 300/300: loss=0.000004
  MTE@0.1: 1.0273
  MTE@0.5: 2.0222
  MTE@1.0: 2.7674
  W2@1.0:  1.1802
  sW2@0.5: 1.0169 (101/200 in region)
  sW2@1.0: 1.5918 (60/200 in region)
  MMD@1.0: 0.1484
  Survival@1.0: 79.5%
  Stopped@1.0:  30.0%
      → K+S (smooth=0.1)
  Stage 2 epoch 60/300: loss=0.017074
  Stage 2 epoch 120/300: loss=0.016035
  Stage 2 epoch 180/300: loss=0.015531
  Stage 2 epoch 240/300: loss=0.015396
  Stage 2 epoch 300/300: loss=0.016009
  Stage 3 epoch 60/300: loss=0.000026
  Stage 3 epoch 120/300: loss=0.000010
  Stage 3 epoch 180/300: loss=0.000007
  Stage 3 epoch 240/300: loss=0.000005
  Stage 3 epoch 300/300: loss=0.000004
  MTE@0.1: 1.0745
  MTE@0.5: 2.2846
  MTE@1.0: 3.0665
  W2@1.0:  1.5082
  sW2@0.5: 1.4501 (101/200 in region)
  sW2@1.0: 1.8966 (60/200 in region)
  MMD@1.0: 0.1939
  Survival@1.0: 79.5%
  Stopped@1.0:  30.0%
      baseline: W2=1.2067  E_mu=0.0441  E_Sig=0.0584
             K: W2=1.1802  E_mu=0.0289  E_Sig=0.0408
           K+S: W2=1.5082  E_mu=0.0289  E_Sig=0.0408

============================================================
  N=200 | D=201 (K=99) | hyperbolic_paraboloid | seed=9042
============================================================
    Phase1 Epoch 50/250: loss=0.353901
    Phase1 Epoch 100/250: loss=0.047288
    Phase1 Epoch 150/250: loss=0.030903
    Phase1 Epoch 200/250: loss=0.023209
    Phase1 Epoch 250/250: loss=0.035206
      Phase 2 AE: K_weight=0.0000
        Phase2 Epoch 50/250: loss=0.029757
        Phase2 Epoch 100/250: loss=0.012740
        Phase2 Epoch 150/250: loss=0.017401
        Phase2 Epoch 200/250: loss=0.014421
        Phase2 Epoch 250/250: loss=0.011233
        E_mu=0.0660  E_Sigma=0.1360
      → baseline
  Stage 2 epoch 60/300: loss=0.000842
  Stage 2 epoch 120/300: loss=0.000391
  Stage 2 epoch 180/300: loss=0.000183
  Stage 2 epoch 240/300: loss=0.000152
  Stage 2 epoch 300/300: loss=0.000108
  Stage 3 epoch 60/300: loss=0.000125
  Stage 3 epoch 120/300: loss=0.000069
  Stage 3 epoch 180/300: loss=0.000052
  Stage 3 epoch 240/300: loss=0.000042
  Stage 3 epoch 300/300: loss=0.000033
  MTE@0.1: 1.3562
  MTE@0.5: 2.2414
  MTE@1.0: 3.0565
  W2@1.0:  1.2010
  sW2@0.5: 1.1171 (105/200 in region)
  sW2@1.0: 1.7221 (64/200 in region)
  MMD@1.0: 0.1474
  Survival@1.0: 76.0%
  Stopped@1.0:  32.0%
      Phase 2 AE: K_weight=0.4275
        Phase2 Epoch 50/250: loss=0.002193
        Phase2 Epoch 100/250: loss=0.002675
        Phase2 Epoch 150/250: loss=0.001758
        Phase2 Epoch 200/250: loss=0.002933
        Phase2 Epoch 250/250: loss=0.001029
        E_mu=0.0222  E_Sigma=0.0309
      → K
  Stage 2 epoch 60/300: loss=0.000382
  Stage 2 epoch 120/300: loss=0.000240
  Stage 2 epoch 180/300: loss=0.000089
  Stage 2 epoch 240/300: loss=0.000081
  Stage 2 epoch 300/300: loss=0.000062
  Stage 3 epoch 60/300: loss=0.000113
  Stage 3 epoch 120/300: loss=0.000066
  Stage 3 epoch 180/300: loss=0.000049
  Stage 3 epoch 240/300: loss=0.000037
  Stage 3 epoch 300/300: loss=0.000027
  MTE@0.1: 1.2905
  MTE@0.5: 2.2281
  MTE@1.0: 2.9726
  W2@1.0:  1.0990
  sW2@0.5: 1.1180 (105/200 in region)
  sW2@1.0: 1.6339 (64/200 in region)
  MMD@1.0: 0.1109
  Survival@1.0: 76.0%
  Stopped@1.0:  32.0%
      → K+S (smooth=0.1)
  Stage 2 epoch 60/300: loss=0.019184
  Stage 2 epoch 120/300: loss=0.018264
  Stage 2 epoch 180/300: loss=0.017615
  Stage 2 epoch 240/300: loss=0.018269
  Stage 2 epoch 300/300: loss=0.018710
  Stage 3 epoch 60/300: loss=0.000113
  Stage 3 epoch 120/300: loss=0.000066
  Stage 3 epoch 180/300: loss=0.000049
  Stage 3 epoch 240/300: loss=0.000037
  Stage 3 epoch 300/300: loss=0.000027
  MTE@0.1: 1.3457
  MTE@0.5: 2.3524
  MTE@1.0: 3.2065
  W2@1.0:  1.2817
  sW2@0.5: 1.1784 (105/200 in region)
  sW2@1.0: 1.8265 (64/200 in region)
  MMD@1.0: 0.1694
  Survival@1.0: 76.0%
  Stopped@1.0:  32.0%
      baseline: W2=1.2010  E_mu=0.0660  E_Sig=0.1360
             K: W2=1.0990  E_mu=0.0222  E_Sig=0.0309
           K+S: W2=1.2817  E_mu=0.0222  E_Sig=0.0309

  N=200, D=201 completed in 4283.4s (214.2s per fork)

Saved 240 rows to highd_N_D_sweep_lam01.csv


======================================================================================================================================================
N×D SWEEP: TRAINING SET SIZE × AMBIENT DIMENSION INTERACTION
======================================================================================================================================================

──────────────────────────────────────────────────────────────────────────────────────────────────────────────────────────────────────────────────────
  D = 201, N = 20
──────────────────────────────────────────────────────────────────────────────────────────────────────────────────────────────────────────────────────

                    surface   condition    n      mean    +-std      mean    +-std      mean    +-std      mean    +-std      mean    +-std      mean    +-std      mean    +-std      mean    +-std      mean    +-std  
  --------------------------------------------------------------------------------------------------------------------------------------------
                 paraboloid           K   10    1.0903   0.3084    2.0577   0.4721    2.6156   0.4939    1.7094   0.2397    1.1698   0.2665    1.8314   0.3593    0.2123   0.0384    1.0991   0.4427    2.5592   1.9824  
                 paraboloid         K+S   10    1.0898   0.3081    2.0565   0.4342    2.5751   0.4203    1.5175   0.2033    1.0571   0.2914    1.5671   0.4056    0.1951   0.0365    1.0991   0.4427    2.5592   1.9824  
                 paraboloid    baseline   10    1.0601   0.3387    2.0687   0.4947    2.6715   0.5371    1.7712   0.2781    1.1910   0.3500    1.9144   0.5902    0.2150   0.0408    1.2062   0.4009    2.2526   1.3019  
      hyperbolic_paraboloid           K   10    1.1804   0.2629    2.2098   0.3869    2.5950   0.4434    1.4182   0.2476    1.0466   0.2391    1.3397   0.2441    0.1499   0.0281    0.8151   0.2968    1.9828   1.1865  
      hyperbolic_paraboloid         K+S   10    1.2026   0.2649    2.3577   0.3379    2.9204   0.3395    1.6767   0.2339    1.1837   0.2191    1.6048   0.2687    0.2028   0.0163    0.8151   0.2968    1.9828   1.1865  
      hyperbolic_paraboloid    baseline   10    1.2055   0.2328    2.2243   0.3534    2.6154   0.4173    1.4695   0.2180    1.0812   0.2763    1.3275   0.2768    0.1586   0.0291    0.8886   0.3439    2.3662   1.7868  

  K vs baseline:
                      surface    delta%    p-val    delta%    p-val    delta%    p-val    delta%    p-val    delta%    p-val    delta%    p-val    delta%    p-val    delta%    p-val    delta%    p-val    win-rate  verdict
    ------------------------------------------------------------------------------------------------------------------------------------------
                   paraboloid      +2.9%  0.2507      -0.5%  0.6791      -2.1%  0.2567      -3.5%  0.3791      -1.8%  0.7008      -4.3%  0.4651      -1.3%  0.7568      -8.9%  0.0580+    +13.6%  0.3298        8/10  n.s.
        hyperbolic_paraboloid      -2.1%  0.2794      -0.7%  0.4312      -0.8%  0.2966      -3.5%  0.3055      -3.2%  0.3386      +0.9%  0.8621      -5.5%  0.4236      -8.3%  0.0726+    -16.2%  0.3923        6/10  n.s.

  K+S vs baseline:
                      surface    delta%    p-val    delta%    p-val    delta%    p-val    delta%    p-val    delta%    p-val    delta%    p-val    delta%    p-val    delta%    p-val    delta%    p-val    win-rate  verdict
    ------------------------------------------------------------------------------------------------------------------------------------------
                   paraboloid      +2.8%  0.2395      -0.6%  0.6471      -3.6%  0.1495     -14.3%  0.0059**    -11.2%  0.0155*    -18.1%  0.0265*     -9.3%  0.0353*     -8.9%  0.0580+    +13.6%  0.3298        9/10  W2@1.0: better; sW2@0.5: better; sW2@1.0: better; MMD@1.0: better
        hyperbolic_paraboloid      -0.2%  0.8921      +6.0%  0.0007**    +11.7%  0.0015**    +14.1%  0.0030**     +9.5%  0.0040**    +20.9%  0.0003**    +27.9%  0.0018**     -8.3%  0.0726+    -16.2%  0.3923        1/10  MTE@0.5: worse; MTE@1.0: worse; W2@1.0: worse; sW2@0.5: worse; sW2@1.0: worse; MMD@1.0: worse

  K+S vs K:
                      surface    delta%    p-val    delta%    p-val    delta%    p-val    delta%    p-val    delta%    p-val    delta%    p-val    delta%    p-val    delta%    p-val    delta%    p-val    win-rate  verdict
    ------------------------------------------------------------------------------------------------------------------------------------------
                   paraboloid      -0.1%  0.8415      -0.1%  0.9683      -1.5%  0.5060     -11.2%  0.0061**     -9.6%  0.0234*    -14.4%  0.0144*     -8.1%  0.0968+     +0.0%  0.0000**     +0.0%  0.0000**       9/10  W2@1.0: better; sW2@0.5: better; sW2@1.0: better; E_mu: better; E_Sigma: better
        hyperbolic_paraboloid      +1.9%  0.0048**     +6.7%  0.0009**    +12.5%  0.0017**    +18.2%  0.0026**    +13.1%  0.0022**    +19.8%  0.0100*    +35.3%  0.0002**     +0.0%  0.0000**     +0.0%  0.0000**       1/10  MTE@0.1: worse; MTE@0.5: worse; MTE@1.0: worse; W2@1.0: worse; sW2@0.5: worse; sW2@1.0: worse; MMD@1.0: worse; E_mu: better; E_Sigma: better

──────────────────────────────────────────────────────────────────────────────────────────────────────────────────────────────────────────────────────
  D = 201, N = 50
──────────────────────────────────────────────────────────────────────────────────────────────────────────────────────────────────────────────────────

                    surface   condition    n      mean    +-std      mean    +-std      mean    +-std      mean    +-std      mean    +-std      mean    +-std      mean    +-std      mean    +-std      mean    +-std  
  --------------------------------------------------------------------------------------------------------------------------------------------
                 paraboloid           K   10    1.3434   0.3695    2.2917   0.4921    2.8457   0.4875    1.6631   0.3340    1.3713   0.4149    1.9361   0.4013    0.2596   0.0669    0.3581   0.1352    0.6491   0.2057  
                 paraboloid         K+S   10    1.3436   0.3638    2.2749   0.4314    2.7250   0.4073    1.5056   0.2525    1.2582   0.3781    1.6625   0.4187    0.2423   0.0726    0.3581   0.1352    0.6491   0.2057  
                 paraboloid    baseline   10    1.1377   0.3389    2.1627   0.4918    2.7525   0.4698    1.6280   0.2485    1.1866   0.3233    1.8208   0.3764    0.2154   0.0397    0.4688   0.1584    0.6975   0.2541  
      hyperbolic_paraboloid           K   10    1.2325   0.2582    2.1973   0.3936    2.6487   0.4117    1.3487   0.1886    1.0612   0.2686    1.3010   0.3880    0.1904   0.0469    0.2073   0.0513    0.5795   0.1801  
      hyperbolic_paraboloid         K+S   10    1.2569   0.2631    2.3773   0.4052    3.0011   0.4083    1.6309   0.2833    1.2016   0.2953    1.6402   0.4527    0.2249   0.0465    0.2073   0.0513    0.5795   0.1801  
      hyperbolic_paraboloid    baseline   10    1.5466   0.6791    2.4560   0.6304    2.9023   0.5574    1.5941   0.5792    1.3567   0.6585    1.6152   0.5828    0.2714   0.1644    0.2914   0.1246    0.7645   0.4435  

  K vs baseline:
                      surface    delta%    p-val    delta%    p-val    delta%    p-val    delta%    p-val    delta%    p-val    delta%    p-val    delta%    p-val    delta%    p-val    delta%    p-val    win-rate  verdict
    ------------------------------------------------------------------------------------------------------------------------------------------
                   paraboloid     +18.1%  0.0968+     +6.0%  0.1639      +3.4%  0.2621      +2.2%  0.6705     +15.6%  0.0819+     +6.3%  0.2665     +20.5%  0.0556+    -23.6%  0.0017**     -6.9%  0.5747        6/10  E_mu: better
        hyperbolic_paraboloid     -20.3%  0.1304     -10.5%  0.1570      -8.7%  0.1615     -15.4%  0.1771     -21.8%  0.1669     -19.5%  0.2077     -29.9%  0.1076     -28.9%  0.0323*    -24.2%  0.1252        7/10  E_mu: better

  K+S vs baseline:
                      surface    delta%    p-val    delta%    p-val    delta%    p-val    delta%    p-val    delta%    p-val    delta%    p-val    delta%    p-val    delta%    p-val    delta%    p-val    win-rate  verdict
    ------------------------------------------------------------------------------------------------------------------------------------------
                   paraboloid     +18.1%  0.0963+     +5.2%  0.2608      -1.0%  0.7894      -7.5%  0.2393      +6.0%  0.5327      -8.7%  0.2160     +12.5%  0.2900     -23.6%  0.0017**     -6.9%  0.5747        8/10  E_mu: better
        hyperbolic_paraboloid     -18.7%  0.1585      -3.2%  0.6834      +3.4%  0.6014      +2.3%  0.8309     -11.4%  0.4366      +1.5%  0.9152     -17.1%  0.3779     -28.9%  0.0323*    -24.2%  0.1252        3/10  E_mu: better

  K+S vs K:
                      surface    delta%    p-val    delta%    p-val    delta%    p-val    delta%    p-val    delta%    p-val    delta%    p-val    delta%    p-val    delta%    p-val    delta%    p-val    win-rate  verdict
    ------------------------------------------------------------------------------------------------------------------------------------------
                   paraboloid      +0.0%  0.9509      -0.7%  0.5832      -4.2%  0.0545+     -9.5%  0.0191*     -8.2%  0.0210*    -14.1%  0.0035**     -6.7%  0.0306*     +0.0%  0.0000**     +0.0%  0.0000**       7/10  W2@1.0: better; sW2@0.5: better; sW2@1.0: better; MMD@1.0: better; E_mu: better; E_Sigma: better
        hyperbolic_paraboloid      +2.0%  0.0003**     +8.2%  0.0001**    +13.3%  0.0000**    +20.9%  0.0001**    +13.2%  0.0003**    +26.1%  0.0001**    +18.1%  0.0024**     +0.0%  0.0000**     +0.0%  0.0000**       0/10  MTE@0.1: worse; MTE@0.5: worse; MTE@1.0: worse; W2@1.0: worse; sW2@0.5: worse; sW2@1.0: worse; MMD@1.0: worse; E_mu: better; E_Sigma: better

──────────────────────────────────────────────────────────────────────────────────────────────────────────────────────────────────────────────────────
  D = 201, N = 100
──────────────────────────────────────────────────────────────────────────────────────────────────────────────────────────────────────────────────────

                    surface   condition    n      mean    +-std      mean    +-std      mean    +-std      mean    +-std      mean    +-std      mean    +-std      mean    +-std      mean    +-std      mean    +-std  
  --------------------------------------------------------------------------------------------------------------------------------------------
                 paraboloid           K   10    1.2091   0.2534    2.2316   0.3169    2.7551   0.4441    1.4261   0.2672    1.1925   0.3532    1.7109   0.4467    0.2066   0.0587    0.1011   0.0476    0.2692   0.1451  
                 paraboloid         K+S   10    1.2138   0.2528    2.2404   0.3141    2.7063   0.4107    1.3834   0.1974    1.1513   0.3149    1.5873   0.4359    0.1958   0.0567    0.1011   0.0476    0.2692   0.1451  
                 paraboloid    baseline   10    1.2691   0.2710    2.2723   0.2974    2.8146   0.4039    1.5307   0.2291    1.2654   0.3172    1.7832   0.4384    0.2320   0.0682    0.1511   0.0463    0.4547   0.2634  
      hyperbolic_paraboloid           K   10    1.0983   0.2940    2.0623   0.4546    2.4812   0.4535    1.2292   0.1742    0.9034   0.2409    1.1419   0.2597    0.1474   0.0324    0.0769   0.0208    0.2137   0.1109  
      hyperbolic_paraboloid         K+S   10    1.1277   0.2905    2.2797   0.4252    2.8366   0.3375    1.4501   0.1848    1.0579   0.2259    1.4720   0.2864    0.1839   0.0216    0.0769   0.0208    0.2137   0.1109  
      hyperbolic_paraboloid    baseline   10    1.1176   0.3469    2.0760   0.4772    2.4927   0.4852    1.2912   0.1436    0.9453   0.2062    1.1812   0.2193    0.1613   0.0317    0.0962   0.0305    0.2417   0.1261  

  K vs baseline:
                      surface    delta%    p-val    delta%    p-val    delta%    p-val    delta%    p-val    delta%    p-val    delta%    p-val    delta%    p-val    delta%    p-val    delta%    p-val    win-rate  verdict
    ------------------------------------------------------------------------------------------------------------------------------------------
                   paraboloid      -4.7%  0.5034      -1.8%  0.4988      -2.1%  0.3455      -6.8%  0.2501      -5.8%  0.4054      -4.1%  0.3544     -11.0%  0.3572     -33.1%  0.0058**    -40.8%  0.0422*       5/10  E_mu: better; E_Sigma: better
        hyperbolic_paraboloid      -1.7%  0.7114      -0.7%  0.8082      -0.5%  0.8654      -4.8%  0.1121      -4.4%  0.3433      -3.3%  0.4292      -8.6%  0.2289     -20.0%  0.0740+    -11.6%  0.6815        7/10  n.s.

  K+S vs baseline:
                      surface    delta%    p-val    delta%    p-val    delta%    p-val    delta%    p-val    delta%    p-val    delta%    p-val    delta%    p-val    delta%    p-val    delta%    p-val    win-rate  verdict
    ------------------------------------------------------------------------------------------------------------------------------------------
                   paraboloid      -4.4%  0.5346      -1.4%  0.5539      -3.8%  0.0741+     -9.6%  0.0444*     -9.0%  0.1664     -11.0%  0.0229*    -15.6%  0.1738     -33.1%  0.0058**    -40.8%  0.0422*       8/10  W2@1.0: better; sW2@1.0: better; E_mu: better; E_Sigma: better
        hyperbolic_paraboloid      +0.9%  0.8482      +9.8%  0.0058**    +13.8%  0.0019**    +12.3%  0.0130*    +11.9%  0.0527+    +24.6%  0.0013**    +14.0%  0.0900+    -20.0%  0.0740+    -11.6%  0.6815        2/10  MTE@0.5: worse; MTE@1.0: worse; W2@1.0: worse; sW2@1.0: worse

  K+S vs K:
                      surface    delta%    p-val    delta%    p-val    delta%    p-val    delta%    p-val    delta%    p-val    delta%    p-val    delta%    p-val    delta%    p-val    delta%    p-val    win-rate  verdict
    ------------------------------------------------------------------------------------------------------------------------------------------
                   paraboloid      +0.4%  0.0253*     +0.4%  0.5845      -1.8%  0.2001      -3.0%  0.3702      -3.5%  0.1355      -7.2%  0.1649      -5.2%  0.1037      +0.0%  0.0000**     +0.0%  0.0000**       6/10  MTE@0.1: worse; E_mu: better; E_Sigma: better
        hyperbolic_paraboloid      +2.7%  0.0000**    +10.5%  0.0000**    +14.3%  0.0001**    +18.0%  0.0003**    +17.1%  0.0002**    +28.9%  0.0000**    +24.7%  0.0017**     +0.0%  0.0000**     +0.0%  0.0000**       0/10  MTE@0.1: worse; MTE@0.5: worse; MTE@1.0: worse; W2@1.0: worse; sW2@0.5: worse; sW2@1.0: worse; MMD@1.0: worse; E_mu: better; E_Sigma: better

──────────────────────────────────────────────────────────────────────────────────────────────────────────────────────────────────────────────────────
  D = 201, N = 200
──────────────────────────────────────────────────────────────────────────────────────────────────────────────────────────────────────────────────────

                    surface   condition    n      mean    +-std      mean    +-std      mean    +-std      mean    +-std      mean    +-std      mean    +-std      mean    +-std      mean    +-std      mean    +-std  
  --------------------------------------------------------------------------------------------------------------------------------------------
                 paraboloid           K   10    1.1719   0.2336    2.2791   0.3630    2.8160   0.3288    1.3970   0.1795    1.2633   0.2263    1.8558   0.3124    0.1781   0.0379    0.0366   0.0133    0.1001   0.0654  
                 paraboloid         K+S   10    1.1782   0.2355    2.3085   0.3356    2.7773   0.3083    1.2808   0.1178    1.2204   0.2570    1.7732   0.2368    0.1701   0.0313    0.0366   0.0133    0.1001   0.0654  
                 paraboloid    baseline   10    1.2482   0.3236    2.3498   0.4062    2.9501   0.3804    1.6244   0.3148    1.3632   0.3577    2.0623   0.4521    0.2208   0.0615    0.0546   0.0256    0.1636   0.1176  
      hyperbolic_paraboloid           K   10    0.9901   0.2084    1.9530   0.3167    2.4977   0.3194    1.1367   0.0832    0.8364   0.1530    1.2915   0.2299    0.1398   0.0261    0.0284   0.0118    0.0650   0.0517  
      hyperbolic_paraboloid         K+S   10    1.0168   0.2179    2.1503   0.2939    2.8343   0.2477    1.3527   0.0805    1.0216   0.2047    1.5446   0.1887    0.1795   0.0221    0.0284   0.0118    0.0650   0.0517  
      hyperbolic_paraboloid    baseline   10    0.9745   0.2653    1.9147   0.3574    2.4541   0.3967    1.1752   0.0881    0.8404   0.1668    1.2904   0.2587    0.1534   0.0180    0.0437   0.0164    0.1254   0.0987  

  K vs baseline:
                      surface    delta%    p-val    delta%    p-val    delta%    p-val    delta%    p-val    delta%    p-val    delta%    p-val    delta%    p-val    delta%    p-val    delta%    p-val    win-rate  verdict
    ------------------------------------------------------------------------------------------------------------------------------------------
                   paraboloid      -6.1%  0.2370      -3.0%  0.1028      -4.5%  0.0117*    -14.0%  0.0021**     -7.3%  0.1144     -10.0%  0.0155*    -19.3%  0.0197*    -32.9%  0.0102*    -38.8%  0.0806+       9/10  MTE@1.0: better; W2@1.0: better; sW2@1.0: better; MMD@1.0: better; E_mu: better
        hyperbolic_paraboloid      +1.6%  0.7675      +2.0%  0.5237      +1.8%  0.5436      -3.3%  0.0111*     -0.5%  0.8706      +0.1%  0.9749      -8.9%  0.0595+    -35.0%  0.0690+    -48.1%  0.1861        9/10  W2@1.0: better

  K+S vs baseline:
                      surface    delta%    p-val    delta%    p-val    delta%    p-val    delta%    p-val    delta%    p-val    delta%    p-val    delta%    p-val    delta%    p-val    delta%    p-val    win-rate  verdict
    ------------------------------------------------------------------------------------------------------------------------------------------
                   paraboloid      -5.6%  0.2709      -1.8%  0.4217      -5.9%  0.0289*    -21.2%  0.0024**    -10.5%  0.0632+    -14.0%  0.0369*    -23.0%  0.0210*    -32.9%  0.0102*    -38.8%  0.0806+       8/10  MTE@1.0: better; W2@1.0: better; sW2@1.0: better; MMD@1.0: better; E_mu: better
        hyperbolic_paraboloid      +4.3%  0.4323     +12.3%  0.0040**    +15.5%  0.0015**    +15.1%  0.0010**    +21.6%  0.0051**    +19.7%  0.0060**    +17.0%  0.0130*    -35.0%  0.0690+    -48.1%  0.1861        0/10  MTE@0.5: worse; MTE@1.0: worse; W2@1.0: worse; sW2@0.5: worse; sW2@1.0: worse; MMD@1.0: worse

  K+S vs K:
                      surface    delta%    p-val    delta%    p-val    delta%    p-val    delta%    p-val    delta%    p-val    delta%    p-val    delta%    p-val    delta%    p-val    delta%    p-val    win-rate  verdict
    ------------------------------------------------------------------------------------------------------------------------------------------
                   paraboloid      +0.5%  0.0142*     +1.3%  0.1889      -1.4%  0.3680      -8.3%  0.0375*     -3.4%  0.2458      -4.5%  0.3357      -4.5%  0.3508      +0.0%  0.0000**     +0.0%  0.0000**       7/10  MTE@0.1: worse; W2@1.0: better; E_mu: better; E_Sigma: better
        hyperbolic_paraboloid      +2.7%  0.0019**    +10.1%  0.0000**    +13.5%  0.0001**    +19.0%  0.0001**    +22.1%  0.0011**    +19.6%  0.0017**    +28.4%  0.0001**     +0.0%  0.0000**     +0.0%  0.0000**       0/10  MTE@0.1: worse; MTE@0.5: worse; MTE@1.0: worse; W2@1.0: worse; sW2@0.5: worse; sW2@1.0: worse; MMD@1.0: worse; E_mu: better; E_Sigma: better

Total time: 8602.7s
Done.

End: Mon Mar  9 10:49:01 PM EDT 2026
