Device: cuda
Seeds (10): [42, 1042, 2042, 3042, 4042, 5042, 6042, 7042, 8042, 9042]
Surfaces: ['paraboloid', 'hyperbolic_paraboloid']
Conditions: ['baseline', 'K(Phat)']
D configs: [(4, 11), (99, 201)]
N values: [20, 50, 100, 200]
Hidden dims: D-dependent (<=11:[64,64], <=51:[128,128], else:[256,256])
AE epochs: 500 (Phase 1: 250, Phase 2: 250)
SDE epochs: 300
Expected rows: 320


============================================================
  N=20 | D=11 (K=4) | paraboloid | seed=42
============================================================
    Phase1 Epoch 50/250: loss=0.761171
    Phase1 Epoch 100/250: loss=0.510732
    Phase1 Epoch 150/250: loss=0.413432
    Phase1 Epoch 200/250: loss=0.229527
    Phase1 Epoch 250/250: loss=0.108248
      Condition: baseline
        Phase2 Epoch 50/250: loss=0.051671
        Phase2 Epoch 100/250: loss=0.046849
        Phase2 Epoch 150/250: loss=0.031301
        Phase2 Epoch 200/250: loss=0.027844
        Phase2 Epoch 250/250: loss=0.018493
        E_mu=0.8652  E_Sigma=1.1968
  Stage 2 epoch 60/300: loss=0.030279
  Stage 2 epoch 120/300: loss=0.027440
  Stage 2 epoch 180/300: loss=0.024518
  Stage 2 epoch 240/300: loss=0.019807
  Stage 2 epoch 300/300: loss=0.013708
  Stage 3 epoch 60/300: loss=0.050738
  Stage 3 epoch 120/300: loss=0.043503
  Stage 3 epoch 180/300: loss=0.031607
  Stage 3 epoch 240/300: loss=0.020428
  Stage 3 epoch 300/300: loss=0.016858
  MTE@0.1: 0.5919
  MTE@0.5: 1.4374
  MTE@1.0: 2.1291
  W2@1.0:  1.8635
  MMD@1.0: 0.2193
  Survival@1.0: 76.5%
      Condition: K(Phat)
        Phase2 Epoch 50/250: loss=0.066375
        Phase2 Epoch 100/250: loss=0.042177
        Phase2 Epoch 150/250: loss=0.038799
        Phase2 Epoch 200/250: loss=0.025644
        Phase2 Epoch 250/250: loss=0.020448
        E_mu=0.5032  E_Sigma=0.5741
  Stage 2 epoch 60/300: loss=0.028209
  Stage 2 epoch 120/300: loss=0.025920
  Stage 2 epoch 180/300: loss=0.023326
  Stage 2 epoch 240/300: loss=0.018693
  Stage 2 epoch 300/300: loss=0.012247
  Stage 3 epoch 60/300: loss=0.044266
  Stage 3 epoch 120/300: loss=0.037684
  Stage 3 epoch 180/300: loss=0.027133
  Stage 3 epoch 240/300: loss=0.015987
  Stage 3 epoch 300/300: loss=0.012596
  MTE@0.1: 0.5671
  MTE@0.5: 1.3791
  MTE@1.0: 2.0636
  W2@1.0:  1.8530
  MMD@1.0: 0.2198
  Survival@1.0: 76.5%
      baseline: W2=1.8635  E_mu=0.8652  E_Sig=1.1968
       K(Phat): W2=1.8530  E_mu=0.5032  E_Sig=0.5741

============================================================
  N=20 | D=11 (K=4) | paraboloid | seed=1042
============================================================
    Phase1 Epoch 50/250: loss=0.680624
    Phase1 Epoch 100/250: loss=0.387297
    Phase1 Epoch 150/250: loss=0.137170
    Phase1 Epoch 200/250: loss=0.048833
    Phase1 Epoch 250/250: loss=0.059329
      Condition: baseline
        Phase2 Epoch 50/250: loss=0.028473
        Phase2 Epoch 100/250: loss=0.019833
        Phase2 Epoch 150/250: loss=0.014780
        Phase2 Epoch 200/250: loss=0.014915
        Phase2 Epoch 250/250: loss=0.009689
        E_mu=0.3938  E_Sigma=0.4743
  Stage 2 epoch 60/300: loss=0.009256
  Stage 2 epoch 120/300: loss=0.008115
  Stage 2 epoch 180/300: loss=0.006987
  Stage 2 epoch 240/300: loss=0.005999
  Stage 2 epoch 300/300: loss=0.005286
  Stage 3 epoch 60/300: loss=0.032661
  Stage 3 epoch 120/300: loss=0.029145
  Stage 3 epoch 180/300: loss=0.025788
  Stage 3 epoch 240/300: loss=0.020227
  Stage 3 epoch 300/300: loss=0.012910
  MTE@0.1: 1.2026
  MTE@0.5: 2.1432
  MTE@1.0: 2.8092
  W2@1.0:  1.8017
  MMD@1.0: 0.2220
  Survival@1.0: 72.0%
      Condition: K(Phat)
        Phase2 Epoch 50/250: loss=0.044897
        Phase2 Epoch 100/250: loss=0.031117
        Phase2 Epoch 150/250: loss=0.021783
        Phase2 Epoch 200/250: loss=0.009475
        Phase2 Epoch 250/250: loss=0.006091
        E_mu=0.2116  E_Sigma=0.3074
  Stage 2 epoch 60/300: loss=0.007706
  Stage 2 epoch 120/300: loss=0.006407
  Stage 2 epoch 180/300: loss=0.005152
  Stage 2 epoch 240/300: loss=0.004245
  Stage 2 epoch 300/300: loss=0.003611
  Stage 3 epoch 60/300: loss=0.026681
  Stage 3 epoch 120/300: loss=0.023463
  Stage 3 epoch 180/300: loss=0.020819
  Stage 3 epoch 240/300: loss=0.017092
  Stage 3 epoch 300/300: loss=0.011411
  MTE@0.1: 1.1910
  MTE@0.5: 2.1070
  MTE@1.0: 2.7448
  W2@1.0:  1.7154
  MMD@1.0: 0.2149
  Survival@1.0: 72.0%
      baseline: W2=1.8017  E_mu=0.3938  E_Sig=0.4743
       K(Phat): W2=1.7154  E_mu=0.2116  E_Sig=0.3074

============================================================
  N=20 | D=11 (K=4) | paraboloid | seed=2042
============================================================
    Phase1 Epoch 50/250: loss=0.840466
    Phase1 Epoch 100/250: loss=0.519204
    Phase1 Epoch 150/250: loss=0.119002
    Phase1 Epoch 200/250: loss=0.040962
    Phase1 Epoch 250/250: loss=0.026077
      Condition: baseline
        Phase2 Epoch 50/250: loss=0.019886
        Phase2 Epoch 100/250: loss=0.011542
        Phase2 Epoch 150/250: loss=0.012241
        Phase2 Epoch 200/250: loss=0.006577
        Phase2 Epoch 250/250: loss=0.005052
        E_mu=0.1785  E_Sigma=0.1856
  Stage 2 epoch 60/300: loss=0.010533
  Stage 2 epoch 120/300: loss=0.009186
  Stage 2 epoch 180/300: loss=0.008040
  Stage 2 epoch 240/300: loss=0.006746
  Stage 2 epoch 300/300: loss=0.005523
  Stage 3 epoch 60/300: loss=0.028227
  Stage 3 epoch 120/300: loss=0.021926
  Stage 3 epoch 180/300: loss=0.016784
  Stage 3 epoch 240/300: loss=0.012690
  Stage 3 epoch 300/300: loss=0.010305
  MTE@0.1: 1.5205
  MTE@0.5: 2.9205
  MTE@1.0: 3.3147
  W2@1.0:  1.7488
  MMD@1.0: 0.2364
  Survival@1.0: 78.5%
      Condition: K(Phat)
        Phase2 Epoch 50/250: loss=0.016049
        Phase2 Epoch 100/250: loss=0.007462
        Phase2 Epoch 150/250: loss=0.005885
        Phase2 Epoch 200/250: loss=0.039105
        Phase2 Epoch 250/250: loss=0.004225
        E_mu=0.1018  E_Sigma=0.0885
  Stage 2 epoch 60/300: loss=0.014161
  Stage 2 epoch 120/300: loss=0.012243
  Stage 2 epoch 180/300: loss=0.010139
  Stage 2 epoch 240/300: loss=0.007378
  Stage 2 epoch 300/300: loss=0.005365
  Stage 3 epoch 60/300: loss=0.033601
  Stage 3 epoch 120/300: loss=0.026195
  Stage 3 epoch 180/300: loss=0.019337
  Stage 3 epoch 240/300: loss=0.013379
  Stage 3 epoch 300/300: loss=0.009816
  MTE@0.1: 1.5259
  MTE@0.5: 2.9014
  MTE@1.0: 3.2629
  W2@1.0:  1.6927
  MMD@1.0: 0.2355
  Survival@1.0: 78.5%
      baseline: W2=1.7488  E_mu=0.1785  E_Sig=0.1856
       K(Phat): W2=1.6927  E_mu=0.1018  E_Sig=0.0885

============================================================
  N=20 | D=11 (K=4) | paraboloid | seed=3042
============================================================
    Phase1 Epoch 50/250: loss=0.875429
    Phase1 Epoch 100/250: loss=0.585509
    Phase1 Epoch 150/250: loss=0.193569
    Phase1 Epoch 200/250: loss=0.093308
    Phase1 Epoch 250/250: loss=0.026693
      Condition: baseline
        Phase2 Epoch 50/250: loss=0.015868
        Phase2 Epoch 100/250: loss=0.013904
        Phase2 Epoch 150/250: loss=0.008280
        Phase2 Epoch 200/250: loss=0.005246
        Phase2 Epoch 250/250: loss=0.020200
        E_mu=0.1476  E_Sigma=0.1792
  Stage 2 epoch 60/300: loss=0.008635
  Stage 2 epoch 120/300: loss=0.006273
  Stage 2 epoch 180/300: loss=0.004518
  Stage 2 epoch 240/300: loss=0.003451
  Stage 2 epoch 300/300: loss=0.002909
  Stage 3 epoch 60/300: loss=0.087246
  Stage 3 epoch 120/300: loss=0.066054
  Stage 3 epoch 180/300: loss=0.060786
  Stage 3 epoch 240/300: loss=0.054495
  Stage 3 epoch 300/300: loss=0.046448
  MTE@0.1: 1.0867
  MTE@0.5: 2.0622
  MTE@1.0: 2.7626
  W2@1.0:  1.8710
  MMD@1.0: 0.2437
  Survival@1.0: 74.5%
      Condition: K(Phat)
        Phase2 Epoch 50/250: loss=0.036473
        Phase2 Epoch 100/250: loss=0.022796
        Phase2 Epoch 150/250: loss=0.015108
        Phase2 Epoch 200/250: loss=0.008434
        Phase2 Epoch 250/250: loss=0.010144
        E_mu=0.1059  E_Sigma=0.2126
  Stage 2 epoch 60/300: loss=0.012552
  Stage 2 epoch 120/300: loss=0.006288
  Stage 2 epoch 180/300: loss=0.003200
  Stage 2 epoch 240/300: loss=0.002213
  Stage 2 epoch 300/300: loss=0.001742
  Stage 3 epoch 60/300: loss=0.094324
  Stage 3 epoch 120/300: loss=0.067081
  Stage 3 epoch 180/300: loss=0.061067
  Stage 3 epoch 240/300: loss=0.053886
  Stage 3 epoch 300/300: loss=0.043105
  MTE@0.1: 1.0482
  MTE@0.5: 2.0053
  MTE@1.0: 2.7278
  W2@1.0:  1.8906
  MMD@1.0: 0.2524
  Survival@1.0: 74.5%
      baseline: W2=1.8710  E_mu=0.1476  E_Sig=0.1792
       K(Phat): W2=1.8906  E_mu=0.1059  E_Sig=0.2126

============================================================
  N=20 | D=11 (K=4) | paraboloid | seed=4042
============================================================
    Phase1 Epoch 50/250: loss=0.874835
    Phase1 Epoch 100/250: loss=0.648043
    Phase1 Epoch 150/250: loss=0.431081
    Phase1 Epoch 200/250: loss=0.302611
    Phase1 Epoch 250/250: loss=0.129913
      Condition: baseline
        Phase2 Epoch 50/250: loss=0.053690
        Phase2 Epoch 100/250: loss=0.030642
        Phase2 Epoch 150/250: loss=0.023322
        Phase2 Epoch 200/250: loss=0.011099
        Phase2 Epoch 250/250: loss=0.015091
        E_mu=0.3858  E_Sigma=0.4291
  Stage 2 epoch 60/300: loss=0.067317
  Stage 2 epoch 120/300: loss=0.056286
  Stage 2 epoch 180/300: loss=0.033025
  Stage 2 epoch 240/300: loss=0.013467
  Stage 2 epoch 300/300: loss=0.006149
  Stage 3 epoch 60/300: loss=0.128647
  Stage 3 epoch 120/300: loss=0.100531
  Stage 3 epoch 180/300: loss=0.062075
  Stage 3 epoch 240/300: loss=0.047579
  Stage 3 epoch 300/300: loss=0.046835
  MTE@0.1: 0.9757
  MTE@0.5: 2.1362
  MTE@1.0: 2.5664
  W2@1.0:  1.7771
  MMD@1.0: 0.2124
  Survival@1.0: 76.0%
      Condition: K(Phat)
        Phase2 Epoch 50/250: loss=0.085835
        Phase2 Epoch 100/250: loss=0.047815
        Phase2 Epoch 150/250: loss=0.031152
        Phase2 Epoch 200/250: loss=0.029772
        Phase2 Epoch 250/250: loss=0.017883
        E_mu=0.2600  E_Sigma=0.4111
  Stage 2 epoch 60/300: loss=0.097719
  Stage 2 epoch 120/300: loss=0.072353
  Stage 2 epoch 180/300: loss=0.027108
  Stage 2 epoch 240/300: loss=0.009966
  Stage 2 epoch 300/300: loss=0.005357
  Stage 3 epoch 60/300: loss=0.093639
  Stage 3 epoch 120/300: loss=0.035467
  Stage 3 epoch 180/300: loss=0.031474
  Stage 3 epoch 240/300: loss=0.029137
  Stage 3 epoch 300/300: loss=0.026000
  MTE@0.1: 1.0900
  MTE@0.5: 2.2713
  MTE@1.0: 2.6595
  W2@1.0:  1.4993
  MMD@1.0: 0.1682
  Survival@1.0: 76.0%
      baseline: W2=1.7771  E_mu=0.3858  E_Sig=0.4291
       K(Phat): W2=1.4993  E_mu=0.2600  E_Sig=0.4111

============================================================
  N=20 | D=11 (K=4) | paraboloid | seed=5042
============================================================
    Phase1 Epoch 50/250: loss=0.868595
    Phase1 Epoch 100/250: loss=0.608758
    Phase1 Epoch 150/250: loss=0.117053
    Phase1 Epoch 200/250: loss=0.064220
    Phase1 Epoch 250/250: loss=0.044201
      Condition: baseline
        Phase2 Epoch 50/250: loss=0.022484
        Phase2 Epoch 100/250: loss=0.033177
        Phase2 Epoch 150/250: loss=0.020384
        Phase2 Epoch 200/250: loss=0.012202
        Phase2 Epoch 250/250: loss=0.005601
        E_mu=0.2847  E_Sigma=0.2471
  Stage 2 epoch 60/300: loss=0.033838
  Stage 2 epoch 120/300: loss=0.024650
  Stage 2 epoch 180/300: loss=0.016666
  Stage 2 epoch 240/300: loss=0.010913
  Stage 2 epoch 300/300: loss=0.006441
  Stage 3 epoch 60/300: loss=0.060864
  Stage 3 epoch 120/300: loss=0.036640
  Stage 3 epoch 180/300: loss=0.018023
  Stage 3 epoch 240/300: loss=0.012032
  Stage 3 epoch 300/300: loss=0.010034
  MTE@0.1: 1.5059
  MTE@0.5: 2.7838
  MTE@1.0: 3.4576
  W2@1.0:  2.1279
  MMD@1.0: 0.2840
  Survival@1.0: 76.5%
      Condition: K(Phat)
        Phase2 Epoch 50/250: loss=0.044541
        Phase2 Epoch 100/250: loss=0.019579
        Phase2 Epoch 150/250: loss=0.011299
        Phase2 Epoch 200/250: loss=0.006911
        Phase2 Epoch 250/250: loss=0.010393
        E_mu=0.0953  E_Sigma=0.1423
  Stage 2 epoch 60/300: loss=0.033453
  Stage 2 epoch 120/300: loss=0.018809
  Stage 2 epoch 180/300: loss=0.009361
  Stage 2 epoch 240/300: loss=0.006004
  Stage 2 epoch 300/300: loss=0.003915
  Stage 3 epoch 60/300: loss=0.085433
  Stage 3 epoch 120/300: loss=0.048924
  Stage 3 epoch 180/300: loss=0.017279
  Stage 3 epoch 240/300: loss=0.009872
  Stage 3 epoch 300/300: loss=0.008196
  MTE@0.1: 1.4998
  MTE@0.5: 2.7269
  MTE@1.0: 3.3225
  W2@1.0:  1.9964
  MMD@1.0: 0.2758
  Survival@1.0: 76.5%
      baseline: W2=2.1279  E_mu=0.2847  E_Sig=0.2471
       K(Phat): W2=1.9964  E_mu=0.0953  E_Sig=0.1423

============================================================
  N=20 | D=11 (K=4) | paraboloid | seed=6042
============================================================
    Phase1 Epoch 50/250: loss=0.858309
    Phase1 Epoch 100/250: loss=0.288010
    Phase1 Epoch 150/250: loss=0.064870
    Phase1 Epoch 200/250: loss=0.037496
    Phase1 Epoch 250/250: loss=0.019143
      Condition: baseline
        Phase2 Epoch 50/250: loss=0.013227
        Phase2 Epoch 100/250: loss=0.010663
        Phase2 Epoch 150/250: loss=0.008761
        Phase2 Epoch 200/250: loss=0.007116
        Phase2 Epoch 250/250: loss=0.006358
        E_mu=0.3661  E_Sigma=0.3041
  Stage 2 epoch 60/300: loss=0.010027
  Stage 2 epoch 120/300: loss=0.008141
  Stage 2 epoch 180/300: loss=0.007326
  Stage 2 epoch 240/300: loss=0.006717
  Stage 2 epoch 300/300: loss=0.006066
  Stage 3 epoch 60/300: loss=0.054407
  Stage 3 epoch 120/300: loss=0.027923
  Stage 3 epoch 180/300: loss=0.021333
  Stage 3 epoch 240/300: loss=0.017574
  Stage 3 epoch 300/300: loss=0.016805
  MTE@0.1: 0.9066
  MTE@0.5: 1.7709
  MTE@1.0: 1.9942
  W2@1.0:  1.2566
  MMD@1.0: 0.1105
  Survival@1.0: 73.0%
      Condition: K(Phat)
        Phase2 Epoch 50/250: loss=0.015306
        Phase2 Epoch 100/250: loss=0.006622
        Phase2 Epoch 150/250: loss=0.004909
        Phase2 Epoch 200/250: loss=0.004847
        Phase2 Epoch 250/250: loss=0.008133
        E_mu=0.2690  E_Sigma=0.6505
  Stage 2 epoch 60/300: loss=0.007976
  Stage 2 epoch 120/300: loss=0.006259
  Stage 2 epoch 180/300: loss=0.005371
  Stage 2 epoch 240/300: loss=0.004619
  Stage 2 epoch 300/300: loss=0.003726
  Stage 3 epoch 60/300: loss=0.049104
  Stage 3 epoch 120/300: loss=0.036224
  Stage 3 epoch 180/300: loss=0.027546
  Stage 3 epoch 240/300: loss=0.014878
  Stage 3 epoch 300/300: loss=0.010130
  MTE@0.1: 0.6537
  MTE@0.5: 1.3044
  MTE@1.0: 1.7409
  W2@1.0:  1.7755
  MMD@1.0: 0.2548
  Survival@1.0: 73.0%
      baseline: W2=1.2566  E_mu=0.3661  E_Sig=0.3041
       K(Phat): W2=1.7755  E_mu=0.2690  E_Sig=0.6505

============================================================
  N=20 | D=11 (K=4) | paraboloid | seed=7042
============================================================
    Phase1 Epoch 50/250: loss=0.868973
    Phase1 Epoch 100/250: loss=0.728220
    Phase1 Epoch 150/250: loss=0.407434
    Phase1 Epoch 200/250: loss=0.100401
    Phase1 Epoch 250/250: loss=0.117649
      Condition: baseline
        Phase2 Epoch 50/250: loss=0.034479
        Phase2 Epoch 100/250: loss=0.020211
        Phase2 Epoch 150/250: loss=0.017676
        Phase2 Epoch 200/250: loss=0.013044
        Phase2 Epoch 250/250: loss=0.013267
        E_mu=0.1910  E_Sigma=0.3099
  Stage 2 epoch 60/300: loss=0.036054
  Stage 2 epoch 120/300: loss=0.031837
  Stage 2 epoch 180/300: loss=0.026533
  Stage 2 epoch 240/300: loss=0.020327
  Stage 2 epoch 300/300: loss=0.012585
  Stage 3 epoch 60/300: loss=0.066591
  Stage 3 epoch 120/300: loss=0.051766
  Stage 3 epoch 180/300: loss=0.045726
  Stage 3 epoch 240/300: loss=0.041328
  Stage 3 epoch 300/300: loss=0.037444
  MTE@0.1: 1.1054
  MTE@0.5: 2.1631
  MTE@1.0: 2.6701
  W2@1.0:  1.6965
  MMD@1.0: 0.2053
  Survival@1.0: 76.5%
      Condition: K(Phat)
        Phase2 Epoch 50/250: loss=0.045072
        Phase2 Epoch 100/250: loss=0.018407
        Phase2 Epoch 150/250: loss=0.050215
        Phase2 Epoch 200/250: loss=0.011514
        Phase2 Epoch 250/250: loss=0.009774
        E_mu=0.0667  E_Sigma=0.1175
  Stage 2 epoch 60/300: loss=0.044220
  Stage 2 epoch 120/300: loss=0.032503
  Stage 2 epoch 180/300: loss=0.018022
  Stage 2 epoch 240/300: loss=0.010967
  Stage 2 epoch 300/300: loss=0.007028
  Stage 3 epoch 60/300: loss=0.052823
  Stage 3 epoch 120/300: loss=0.029876
  Stage 3 epoch 180/300: loss=0.021114
  Stage 3 epoch 240/300: loss=0.016514
  Stage 3 epoch 300/300: loss=0.013238
  MTE@0.1: 1.0948
  MTE@0.5: 2.1519
  MTE@1.0: 2.6291
  W2@1.0:  1.6475
  MMD@1.0: 0.1962
  Survival@1.0: 76.5%
      baseline: W2=1.6965  E_mu=0.1910  E_Sig=0.3099
       K(Phat): W2=1.6475  E_mu=0.0667  E_Sig=0.1175

============================================================
  N=20 | D=11 (K=4) | paraboloid | seed=8042
============================================================
    Phase1 Epoch 50/250: loss=0.851333
    Phase1 Epoch 100/250: loss=0.414559
    Phase1 Epoch 150/250: loss=0.156556
    Phase1 Epoch 200/250: loss=0.081780
    Phase1 Epoch 250/250: loss=0.052618
      Condition: baseline
        Phase2 Epoch 50/250: loss=0.023315
        Phase2 Epoch 100/250: loss=0.024082
        Phase2 Epoch 150/250: loss=0.019983
        Phase2 Epoch 200/250: loss=0.013135
        Phase2 Epoch 250/250: loss=0.020607
        E_mu=0.2520  E_Sigma=0.5456
  Stage 2 epoch 60/300: loss=0.037103
  Stage 2 epoch 120/300: loss=0.027088
  Stage 2 epoch 180/300: loss=0.018043
  Stage 2 epoch 240/300: loss=0.013167
  Stage 2 epoch 300/300: loss=0.010351
  Stage 3 epoch 60/300: loss=0.071207
  Stage 3 epoch 120/300: loss=0.061690
  Stage 3 epoch 180/300: loss=0.058954
  Stage 3 epoch 240/300: loss=0.056444
  Stage 3 epoch 300/300: loss=0.053912
  MTE@0.1: 0.9301
  MTE@0.5: 1.8577
  MTE@1.0: 2.0897
  W2@1.0:  1.5052
  MMD@1.0: 0.1366
  Survival@1.0: 79.5%
      Condition: K(Phat)
        Phase2 Epoch 50/250: loss=0.043601
        Phase2 Epoch 100/250: loss=0.023264
        Phase2 Epoch 150/250: loss=0.017425
        Phase2 Epoch 200/250: loss=0.046154
        Phase2 Epoch 250/250: loss=0.015103
        E_mu=0.1643  E_Sigma=0.4008
  Stage 2 epoch 60/300: loss=0.074161
  Stage 2 epoch 120/300: loss=0.046193
  Stage 2 epoch 180/300: loss=0.022099
  Stage 2 epoch 240/300: loss=0.013245
  Stage 2 epoch 300/300: loss=0.009281
  Stage 3 epoch 60/300: loss=0.060791
  Stage 3 epoch 120/300: loss=0.046951
  Stage 3 epoch 180/300: loss=0.042387
  Stage 3 epoch 240/300: loss=0.039225
  Stage 3 epoch 300/300: loss=0.036328
  MTE@0.1: 0.9118
  MTE@0.5: 1.8446
  MTE@1.0: 2.0525
  W2@1.0:  1.4463
  MMD@1.0: 0.1356
  Survival@1.0: 79.5%
      baseline: W2=1.5052  E_mu=0.2520  E_Sig=0.5456
       K(Phat): W2=1.4463  E_mu=0.1643  E_Sig=0.4008

============================================================
  N=20 | D=11 (K=4) | paraboloid | seed=9042
============================================================
    Phase1 Epoch 50/250: loss=0.690764
    Phase1 Epoch 100/250: loss=0.266149
    Phase1 Epoch 150/250: loss=0.087657
    Phase1 Epoch 200/250: loss=0.062243
    Phase1 Epoch 250/250: loss=0.043656
      Condition: baseline
        Phase2 Epoch 50/250: loss=0.011661
        Phase2 Epoch 100/250: loss=0.007632
        Phase2 Epoch 150/250: loss=0.027478
        Phase2 Epoch 200/250: loss=0.007445
        Phase2 Epoch 250/250: loss=0.006083
        E_mu=0.2840  E_Sigma=0.2997
  Stage 2 epoch 60/300: loss=0.034321
  Stage 2 epoch 120/300: loss=0.023737
  Stage 2 epoch 180/300: loss=0.015301
  Stage 2 epoch 240/300: loss=0.007396
  Stage 2 epoch 300/300: loss=0.003972
  Stage 3 epoch 60/300: loss=0.050936
  Stage 3 epoch 120/300: loss=0.040865
  Stage 3 epoch 180/300: loss=0.031980
  Stage 3 epoch 240/300: loss=0.025493
  Stage 3 epoch 300/300: loss=0.022885
  MTE@0.1: 0.5641
  MTE@0.5: 1.2370
  MTE@1.0: 2.0498
  W2@1.0:  1.6885
  MMD@1.0: 0.2132
  Survival@1.0: 76.0%
      Condition: K(Phat)
        Phase2 Epoch 50/250: loss=0.022893
        Phase2 Epoch 100/250: loss=0.027239
        Phase2 Epoch 150/250: loss=0.011097
        Phase2 Epoch 200/250: loss=0.017139
        Phase2 Epoch 250/250: loss=0.011639
        E_mu=0.2195  E_Sigma=0.4695
  Stage 2 epoch 60/300: loss=0.080025
  Stage 2 epoch 120/300: loss=0.043447
  Stage 2 epoch 180/300: loss=0.020546
  Stage 2 epoch 240/300: loss=0.009756
  Stage 2 epoch 300/300: loss=0.004757
  Stage 3 epoch 60/300: loss=0.053109
  Stage 3 epoch 120/300: loss=0.032633
  Stage 3 epoch 180/300: loss=0.020048
  Stage 3 epoch 240/300: loss=0.012934
  Stage 3 epoch 300/300: loss=0.009987
  MTE@0.1: 0.5801
  MTE@0.5: 1.2326
  MTE@1.0: 2.0259
  W2@1.0:  1.7038
  MMD@1.0: 0.2023
  Survival@1.0: 76.0%
      baseline: W2=1.6885  E_mu=0.2840  E_Sig=0.2997
       K(Phat): W2=1.7038  E_mu=0.2195  E_Sig=0.4695

============================================================
  N=20 | D=11 (K=4) | hyperbolic_paraboloid | seed=42
============================================================
    Phase1 Epoch 50/250: loss=0.684244
    Phase1 Epoch 100/250: loss=0.152217
    Phase1 Epoch 150/250: loss=0.051644
    Phase1 Epoch 200/250: loss=0.025266
    Phase1 Epoch 250/250: loss=0.016975
      Condition: baseline
        Phase2 Epoch 50/250: loss=0.005523
        Phase2 Epoch 100/250: loss=0.004355
        Phase2 Epoch 150/250: loss=0.002413
        Phase2 Epoch 200/250: loss=0.002381
        Phase2 Epoch 250/250: loss=0.001772
        E_mu=0.1333  E_Sigma=0.1065
  Stage 2 epoch 60/300: loss=0.023223
  Stage 2 epoch 120/300: loss=0.019491
  Stage 2 epoch 180/300: loss=0.014844
  Stage 2 epoch 240/300: loss=0.008765
  Stage 2 epoch 300/300: loss=0.004743
  Stage 3 epoch 60/300: loss=0.043745
  Stage 3 epoch 120/300: loss=0.007819
  Stage 3 epoch 180/300: loss=0.006482
  Stage 3 epoch 240/300: loss=0.005569
  Stage 3 epoch 300/300: loss=0.004822
  MTE@0.1: 1.0380
  MTE@0.5: 2.5170
  MTE@1.0: 3.0474
  W2@1.0:  1.8889
  MMD@1.0: 0.2357
  Survival@1.0: 76.5%
      Condition: K(Phat)
        Phase2 Epoch 50/250: loss=0.016229
        Phase2 Epoch 100/250: loss=0.013275
        Phase2 Epoch 150/250: loss=0.006260
        Phase2 Epoch 200/250: loss=0.013567
        Phase2 Epoch 250/250: loss=0.003453
        E_mu=0.0851  E_Sigma=0.1416
  Stage 2 epoch 60/300: loss=0.012951
  Stage 2 epoch 120/300: loss=0.010494
  Stage 2 epoch 180/300: loss=0.007925
  Stage 2 epoch 240/300: loss=0.005676
  Stage 2 epoch 300/300: loss=0.004183
  Stage 3 epoch 60/300: loss=0.052244
  Stage 3 epoch 120/300: loss=0.010234
  Stage 3 epoch 180/300: loss=0.007273
  Stage 3 epoch 240/300: loss=0.006021
  Stage 3 epoch 300/300: loss=0.004967
  MTE@0.1: 1.0339
  MTE@0.5: 2.5086
  MTE@1.0: 3.0823
  W2@1.0:  1.8868
  MMD@1.0: 0.2276
  Survival@1.0: 76.5%
      baseline: W2=1.8889  E_mu=0.1333  E_Sig=0.1065
       K(Phat): W2=1.8868  E_mu=0.0851  E_Sig=0.1416

============================================================
  N=20 | D=11 (K=4) | hyperbolic_paraboloid | seed=1042
============================================================
    Phase1 Epoch 50/250: loss=0.682236
    Phase1 Epoch 100/250: loss=0.443705
    Phase1 Epoch 150/250: loss=0.108473
    Phase1 Epoch 200/250: loss=0.019760
    Phase1 Epoch 250/250: loss=0.009697
      Condition: baseline
        Phase2 Epoch 50/250: loss=0.003386
        Phase2 Epoch 100/250: loss=0.004394
        Phase2 Epoch 150/250: loss=0.001774
        Phase2 Epoch 200/250: loss=0.003326
        Phase2 Epoch 250/250: loss=0.003210
        E_mu=0.1397  E_Sigma=0.1130
  Stage 2 epoch 60/300: loss=0.014078
  Stage 2 epoch 120/300: loss=0.012342
  Stage 2 epoch 180/300: loss=0.010174
  Stage 2 epoch 240/300: loss=0.007506
  Stage 2 epoch 300/300: loss=0.005110
  Stage 3 epoch 60/300: loss=0.015268
  Stage 3 epoch 120/300: loss=0.010996
  Stage 3 epoch 180/300: loss=0.007299
  Stage 3 epoch 240/300: loss=0.004337
  Stage 3 epoch 300/300: loss=0.003377
  MTE@0.1: 1.1400
  MTE@0.5: 1.9274
  MTE@1.0: 2.5046
  W2@1.0:  1.2613
  MMD@1.0: 0.1714
  Survival@1.0: 72.0%
      Condition: K(Phat)
        Phase2 Epoch 50/250: loss=0.015047
        Phase2 Epoch 100/250: loss=0.011356
        Phase2 Epoch 150/250: loss=0.003896
        Phase2 Epoch 200/250: loss=0.003096
        Phase2 Epoch 250/250: loss=0.002589
        E_mu=0.1149  E_Sigma=0.0729
  Stage 2 epoch 60/300: loss=0.010165
  Stage 2 epoch 120/300: loss=0.009134
  Stage 2 epoch 180/300: loss=0.008102
  Stage 2 epoch 240/300: loss=0.006691
  Stage 2 epoch 300/300: loss=0.004982
  Stage 3 epoch 60/300: loss=0.016645
  Stage 3 epoch 120/300: loss=0.011725
  Stage 3 epoch 180/300: loss=0.007229
  Stage 3 epoch 240/300: loss=0.003746
  Stage 3 epoch 300/300: loss=0.002734
  MTE@0.1: 1.1401
  MTE@0.5: 1.9314
  MTE@1.0: 2.5271
  W2@1.0:  1.2833
  MMD@1.0: 0.1671
  Survival@1.0: 72.0%
      baseline: W2=1.2613  E_mu=0.1397  E_Sig=0.1130
       K(Phat): W2=1.2833  E_mu=0.1149  E_Sig=0.0729

============================================================
  N=20 | D=11 (K=4) | hyperbolic_paraboloid | seed=2042
============================================================
    Phase1 Epoch 50/250: loss=0.908478
    Phase1 Epoch 100/250: loss=0.774704
    Phase1 Epoch 150/250: loss=0.439933
    Phase1 Epoch 200/250: loss=0.066134
    Phase1 Epoch 250/250: loss=0.022220
      Condition: baseline
        Phase2 Epoch 50/250: loss=0.006601
        Phase2 Epoch 100/250: loss=0.004895
        Phase2 Epoch 150/250: loss=0.002814
        Phase2 Epoch 200/250: loss=0.002992
        Phase2 Epoch 250/250: loss=0.001481
        E_mu=0.0881  E_Sigma=0.1211
  Stage 2 epoch 60/300: loss=0.010211
  Stage 2 epoch 120/300: loss=0.009099
  Stage 2 epoch 180/300: loss=0.007883
  Stage 2 epoch 240/300: loss=0.006361
  Stage 2 epoch 300/300: loss=0.004635
  Stage 3 epoch 60/300: loss=0.018018
  Stage 3 epoch 120/300: loss=0.013787
  Stage 3 epoch 180/300: loss=0.010893
  Stage 3 epoch 240/300: loss=0.008057
  Stage 3 epoch 300/300: loss=0.005963
  MTE@0.1: 0.9447
  MTE@0.5: 2.2461
  MTE@1.0: 2.8784
  W2@1.0:  1.5231
  MMD@1.0: 0.1986
  Survival@1.0: 78.5%
      Condition: K(Phat)
        Phase2 Epoch 50/250: loss=0.013986
        Phase2 Epoch 100/250: loss=0.008048
        Phase2 Epoch 150/250: loss=0.004929
        Phase2 Epoch 200/250: loss=0.002226
        Phase2 Epoch 250/250: loss=0.002122
        E_mu=0.0528  E_Sigma=0.0483
  Stage 2 epoch 60/300: loss=0.006562
  Stage 2 epoch 120/300: loss=0.005867
  Stage 2 epoch 180/300: loss=0.005284
  Stage 2 epoch 240/300: loss=0.004609
  Stage 2 epoch 300/300: loss=0.003849
  Stage 3 epoch 60/300: loss=0.019214
  Stage 3 epoch 120/300: loss=0.014430
  Stage 3 epoch 180/300: loss=0.011322
  Stage 3 epoch 240/300: loss=0.008471
  Stage 3 epoch 300/300: loss=0.006356
  MTE@0.1: 0.9419
  MTE@0.5: 2.2734
  MTE@1.0: 2.8375
  W2@1.0:  1.5394
  MMD@1.0: 0.1824
  Survival@1.0: 78.5%
      baseline: W2=1.5231  E_mu=0.0881  E_Sig=0.1211
       K(Phat): W2=1.5394  E_mu=0.0528  E_Sig=0.0483

============================================================
  N=20 | D=11 (K=4) | hyperbolic_paraboloid | seed=3042
============================================================
    Phase1 Epoch 50/250: loss=0.890809
    Phase1 Epoch 100/250: loss=0.685930
    Phase1 Epoch 150/250: loss=0.253865
    Phase1 Epoch 200/250: loss=0.041475
    Phase1 Epoch 250/250: loss=0.035121
      Condition: baseline
        Phase2 Epoch 50/250: loss=0.016307
        Phase2 Epoch 100/250: loss=0.017819
        Phase2 Epoch 150/250: loss=0.011810
        Phase2 Epoch 200/250: loss=0.010047
        Phase2 Epoch 250/250: loss=0.003346
        E_mu=0.1540  E_Sigma=0.1299
  Stage 2 epoch 60/300: loss=0.012079
  Stage 2 epoch 120/300: loss=0.010312
  Stage 2 epoch 180/300: loss=0.008408
  Stage 2 epoch 240/300: loss=0.006795
  Stage 2 epoch 300/300: loss=0.005799
  Stage 3 epoch 60/300: loss=0.172486
  Stage 3 epoch 120/300: loss=0.131117
  Stage 3 epoch 180/300: loss=0.102564
  Stage 3 epoch 240/300: loss=0.071348
  Stage 3 epoch 300/300: loss=0.046113
  MTE@0.1: 1.1708
  MTE@0.5: 2.4277
  MTE@1.0: 3.0175
  W2@1.0:  1.5140
  MMD@1.0: 0.1628
  Survival@1.0: 74.5%
      Condition: K(Phat)
        Phase2 Epoch 50/250: loss=0.038190
        Phase2 Epoch 100/250: loss=0.021652
        Phase2 Epoch 150/250: loss=0.018283
        Phase2 Epoch 200/250: loss=0.011718
        Phase2 Epoch 250/250: loss=0.010878
        E_mu=0.0581  E_Sigma=0.1312
  Stage 2 epoch 60/300: loss=0.007215
  Stage 2 epoch 120/300: loss=0.006568
  Stage 2 epoch 180/300: loss=0.006007
  Stage 2 epoch 240/300: loss=0.005504
  Stage 2 epoch 300/300: loss=0.005082
  Stage 3 epoch 60/300: loss=0.203392
  Stage 3 epoch 120/300: loss=0.172492
  Stage 3 epoch 180/300: loss=0.022340
  Stage 3 epoch 240/300: loss=0.015841
  Stage 3 epoch 300/300: loss=0.012898
  MTE@0.1: 1.3168
  MTE@0.5: 2.4915
  MTE@1.0: 2.9307
  W2@1.0:  1.4267
  MMD@1.0: 0.1531
  Survival@1.0: 74.5%
      baseline: W2=1.5140  E_mu=0.1540  E_Sig=0.1299
       K(Phat): W2=1.4267  E_mu=0.0581  E_Sig=0.1312

============================================================
  N=20 | D=11 (K=4) | hyperbolic_paraboloid | seed=4042
============================================================
    Phase1 Epoch 50/250: loss=0.881751
    Phase1 Epoch 100/250: loss=0.625252
    Phase1 Epoch 150/250: loss=0.112023
    Phase1 Epoch 200/250: loss=0.015442
    Phase1 Epoch 250/250: loss=0.014041
      Condition: baseline
        Phase2 Epoch 50/250: loss=0.006830
        Phase2 Epoch 100/250: loss=0.009035
        Phase2 Epoch 150/250: loss=0.013219
        Phase2 Epoch 200/250: loss=0.005446
        Phase2 Epoch 250/250: loss=0.003952
        E_mu=0.1323  E_Sigma=0.1386
  Stage 2 epoch 60/300: loss=0.030648
  Stage 2 epoch 120/300: loss=0.026090
  Stage 2 epoch 180/300: loss=0.017571
  Stage 2 epoch 240/300: loss=0.008745
  Stage 2 epoch 300/300: loss=0.005650
  Stage 3 epoch 60/300: loss=0.047885
  Stage 3 epoch 120/300: loss=0.034836
  Stage 3 epoch 180/300: loss=0.017976
  Stage 3 epoch 240/300: loss=0.008834
  Stage 3 epoch 300/300: loss=0.008144
  MTE@0.1: 1.5162
  MTE@0.5: 2.7785
  MTE@1.0: 3.0145
  W2@1.0:  1.4824
  MMD@1.0: 0.1902
  Survival@1.0: 76.0%
      Condition: K(Phat)
        Phase2 Epoch 50/250: loss=0.015407
        Phase2 Epoch 100/250: loss=0.023556
        Phase2 Epoch 150/250: loss=0.027867
        Phase2 Epoch 200/250: loss=0.006197
        Phase2 Epoch 250/250: loss=0.015888
        E_mu=0.1219  E_Sigma=0.6032
  Stage 2 epoch 60/300: loss=0.015577
  Stage 2 epoch 120/300: loss=0.010419
  Stage 2 epoch 180/300: loss=0.006671
  Stage 2 epoch 240/300: loss=0.004289
  Stage 2 epoch 300/300: loss=0.002747
  Stage 3 epoch 60/300: loss=0.052967
  Stage 3 epoch 120/300: loss=0.037844
  Stage 3 epoch 180/300: loss=0.016980
  Stage 3 epoch 240/300: loss=0.009640
  Stage 3 epoch 300/300: loss=0.009178
  MTE@0.1: 1.5262
  MTE@0.5: 2.7398
  MTE@1.0: 2.9375
  W2@1.0:  1.2458
  MMD@1.0: 0.1386
  Survival@1.0: 76.0%
      baseline: W2=1.4824  E_mu=0.1323  E_Sig=0.1386
       K(Phat): W2=1.2458  E_mu=0.1219  E_Sig=0.6032

============================================================
  N=20 | D=11 (K=4) | hyperbolic_paraboloid | seed=5042
============================================================
    Phase1 Epoch 50/250: loss=0.880075
    Phase1 Epoch 100/250: loss=0.164946
    Phase1 Epoch 150/250: loss=0.090537
    Phase1 Epoch 200/250: loss=0.027558
    Phase1 Epoch 250/250: loss=0.017753
      Condition: baseline
        Phase2 Epoch 50/250: loss=0.012544
        Phase2 Epoch 100/250: loss=0.009968
        Phase2 Epoch 150/250: loss=0.006617
        Phase2 Epoch 200/250: loss=0.007879
        Phase2 Epoch 250/250: loss=0.006571
        E_mu=0.1526  E_Sigma=0.2379
  Stage 2 epoch 60/300: loss=0.004827
  Stage 2 epoch 120/300: loss=0.003468
  Stage 2 epoch 180/300: loss=0.003009
  Stage 2 epoch 240/300: loss=0.002698
  Stage 2 epoch 300/300: loss=0.002427
  Stage 3 epoch 60/300: loss=0.036364
  Stage 3 epoch 120/300: loss=0.022775
  Stage 3 epoch 180/300: loss=0.012406
  Stage 3 epoch 240/300: loss=0.008187
  Stage 3 epoch 300/300: loss=0.006895
  MTE@0.1: 1.4213
  MTE@0.5: 2.6205
  MTE@1.0: 3.1078
  W2@1.0:  1.3410
  MMD@1.0: 0.1423
  Survival@1.0: 76.5%
      Condition: K(Phat)
        Phase2 Epoch 50/250: loss=0.016729
        Phase2 Epoch 100/250: loss=0.011796
        Phase2 Epoch 150/250: loss=0.011534
        Phase2 Epoch 200/250: loss=0.007463
        Phase2 Epoch 250/250: loss=0.008381
        E_mu=0.0864  E_Sigma=0.1795
  Stage 2 epoch 60/300: loss=0.005349
  Stage 2 epoch 120/300: loss=0.004074
  Stage 2 epoch 180/300: loss=0.003493
  Stage 2 epoch 240/300: loss=0.003070
  Stage 2 epoch 300/300: loss=0.002674
  Stage 3 epoch 60/300: loss=0.044370
  Stage 3 epoch 120/300: loss=0.028398
  Stage 3 epoch 180/300: loss=0.013355
  Stage 3 epoch 240/300: loss=0.007214
  Stage 3 epoch 300/300: loss=0.005717
  MTE@0.1: 1.4346
  MTE@0.5: 2.6262
  MTE@1.0: 3.1067
  W2@1.0:  1.2944
  MMD@1.0: 0.1333
  Survival@1.0: 76.5%
      baseline: W2=1.3410  E_mu=0.1526  E_Sig=0.2379
       K(Phat): W2=1.2944  E_mu=0.0864  E_Sig=0.1795

============================================================
  N=20 | D=11 (K=4) | hyperbolic_paraboloid | seed=6042
============================================================
    Phase1 Epoch 50/250: loss=0.864544
    Phase1 Epoch 100/250: loss=0.252141
    Phase1 Epoch 150/250: loss=0.013833
    Phase1 Epoch 200/250: loss=0.009426
    Phase1 Epoch 250/250: loss=0.005006
      Condition: baseline
        Phase2 Epoch 50/250: loss=0.003965
        Phase2 Epoch 100/250: loss=0.017439
        Phase2 Epoch 150/250: loss=0.002920
        Phase2 Epoch 200/250: loss=0.002173
        Phase2 Epoch 250/250: loss=0.006426
        E_mu=0.1938  E_Sigma=0.1513
  Stage 2 epoch 60/300: loss=0.007694
  Stage 2 epoch 120/300: loss=0.005272
  Stage 2 epoch 180/300: loss=0.004556
  Stage 2 epoch 240/300: loss=0.004193
  Stage 2 epoch 300/300: loss=0.003932
  Stage 3 epoch 60/300: loss=0.033220
  Stage 3 epoch 120/300: loss=0.018467
  Stage 3 epoch 180/300: loss=0.013569
  Stage 3 epoch 240/300: loss=0.009509
  Stage 3 epoch 300/300: loss=0.007365
  MTE@0.1: 0.5638
  MTE@0.5: 1.1935
  MTE@1.0: 1.5614
  W2@1.0:  1.3873
  MMD@1.0: 0.1676
  Survival@1.0: 73.0%
      Condition: K(Phat)
        Phase2 Epoch 50/250: loss=0.026233
        Phase2 Epoch 100/250: loss=0.005586
        Phase2 Epoch 150/250: loss=0.004582
        Phase2 Epoch 200/250: loss=0.003915
        Phase2 Epoch 250/250: loss=0.003375
        E_mu=0.1532  E_Sigma=0.1759
  Stage 2 epoch 60/300: loss=0.009211
  Stage 2 epoch 120/300: loss=0.006201
  Stage 2 epoch 180/300: loss=0.005168
  Stage 2 epoch 240/300: loss=0.004671
  Stage 2 epoch 300/300: loss=0.004332
  Stage 3 epoch 60/300: loss=0.041015
  Stage 3 epoch 120/300: loss=0.020379
  Stage 3 epoch 180/300: loss=0.014959
  Stage 3 epoch 240/300: loss=0.010540
  Stage 3 epoch 300/300: loss=0.008296
  MTE@0.1: 0.5567
  MTE@0.5: 1.1691
  MTE@1.0: 1.5118
  W2@1.0:  1.3289
  MMD@1.0: 0.1551
  Survival@1.0: 73.0%
      baseline: W2=1.3873  E_mu=0.1938  E_Sig=0.1513
       K(Phat): W2=1.3289  E_mu=0.1532  E_Sig=0.1759

============================================================
  N=20 | D=11 (K=4) | hyperbolic_paraboloid | seed=7042
============================================================
    Phase1 Epoch 50/250: loss=0.968090
    Phase1 Epoch 100/250: loss=0.820870
    Phase1 Epoch 150/250: loss=0.514603
    Phase1 Epoch 200/250: loss=0.224127
    Phase1 Epoch 250/250: loss=0.045343
      Condition: baseline
        Phase2 Epoch 50/250: loss=0.024190
        Phase2 Epoch 100/250: loss=0.017159
        Phase2 Epoch 150/250: loss=0.011093
        Phase2 Epoch 200/250: loss=0.010847
        Phase2 Epoch 250/250: loss=0.007927
        E_mu=0.1055  E_Sigma=0.2168
  Stage 2 epoch 60/300: loss=0.017400
  Stage 2 epoch 120/300: loss=0.014545
  Stage 2 epoch 180/300: loss=0.011803
  Stage 2 epoch 240/300: loss=0.008754
  Stage 2 epoch 300/300: loss=0.006569
  Stage 3 epoch 60/300: loss=0.038455
  Stage 3 epoch 120/300: loss=0.024695
  Stage 3 epoch 180/300: loss=0.022931
  Stage 3 epoch 240/300: loss=0.021721
  Stage 3 epoch 300/300: loss=0.020812
  MTE@0.1: 1.0870
  MTE@0.5: 2.3548
  MTE@1.0: 2.6512
  W2@1.0:  1.4001
  MMD@1.0: 0.1576
  Survival@1.0: 76.5%
      Condition: K(Phat)
        Phase2 Epoch 50/250: loss=0.033532
        Phase2 Epoch 100/250: loss=0.020963
        Phase2 Epoch 150/250: loss=0.013358
        Phase2 Epoch 200/250: loss=0.010999
        Phase2 Epoch 250/250: loss=0.011590
        E_mu=0.0583  E_Sigma=0.2123
  Stage 2 epoch 60/300: loss=0.019604
  Stage 2 epoch 120/300: loss=0.013260
  Stage 2 epoch 180/300: loss=0.008710
  Stage 2 epoch 240/300: loss=0.005520
  Stage 2 epoch 300/300: loss=0.003723
  Stage 3 epoch 60/300: loss=0.033495
  Stage 3 epoch 120/300: loss=0.023263
  Stage 3 epoch 180/300: loss=0.021745
  Stage 3 epoch 240/300: loss=0.020553
  Stage 3 epoch 300/300: loss=0.019471
  MTE@0.1: 1.0977
  MTE@0.5: 2.3908
  MTE@1.0: 2.7109
  W2@1.0:  1.4686
  MMD@1.0: 0.1621
  Survival@1.0: 76.5%
      baseline: W2=1.4001  E_mu=0.1055  E_Sig=0.2168
       K(Phat): W2=1.4686  E_mu=0.0583  E_Sig=0.2123

============================================================
  N=20 | D=11 (K=4) | hyperbolic_paraboloid | seed=8042
============================================================
    Phase1 Epoch 50/250: loss=0.913349
    Phase1 Epoch 100/250: loss=0.226764
    Phase1 Epoch 150/250: loss=0.059703
    Phase1 Epoch 200/250: loss=0.037947
    Phase1 Epoch 250/250: loss=0.022605
      Condition: baseline
        Phase2 Epoch 50/250: loss=0.013668
        Phase2 Epoch 100/250: loss=0.010694
        Phase2 Epoch 150/250: loss=0.009123
        Phase2 Epoch 200/250: loss=0.005981
        Phase2 Epoch 250/250: loss=0.003593
        E_mu=0.1432  E_Sigma=0.1521
  Stage 2 epoch 60/300: loss=0.028385
  Stage 2 epoch 120/300: loss=0.016955
  Stage 2 epoch 180/300: loss=0.008254
  Stage 2 epoch 240/300: loss=0.004855
  Stage 2 epoch 300/300: loss=0.003149
  Stage 3 epoch 60/300: loss=0.015022
  Stage 3 epoch 120/300: loss=0.010228
  Stage 3 epoch 180/300: loss=0.008686
  Stage 3 epoch 240/300: loss=0.007532
  Stage 3 epoch 300/300: loss=0.006610
  MTE@0.1: 1.1418
  MTE@0.5: 2.1514
  MTE@1.0: 2.3700
  W2@1.0:  1.2882
  MMD@1.0: 0.1353
  Survival@1.0: 79.5%
      Condition: K(Phat)
        Phase2 Epoch 50/250: loss=0.014345
        Phase2 Epoch 100/250: loss=0.006780
        Phase2 Epoch 150/250: loss=0.004299
        Phase2 Epoch 200/250: loss=0.003392
        Phase2 Epoch 250/250: loss=0.002340
        E_mu=0.0596  E_Sigma=0.0842
  Stage 2 epoch 60/300: loss=0.028949
  Stage 2 epoch 120/300: loss=0.016853
  Stage 2 epoch 180/300: loss=0.007596
  Stage 2 epoch 240/300: loss=0.003990
  Stage 2 epoch 300/300: loss=0.002447
  Stage 3 epoch 60/300: loss=0.019943
  Stage 3 epoch 120/300: loss=0.012360
  Stage 3 epoch 180/300: loss=0.009495
  Stage 3 epoch 240/300: loss=0.007303
  Stage 3 epoch 300/300: loss=0.005654
  MTE@0.1: 1.1240
  MTE@0.5: 2.1299
  MTE@1.0: 2.3353
  W2@1.0:  1.2729
  MMD@1.0: 0.1298
  Survival@1.0: 79.5%
      baseline: W2=1.2882  E_mu=0.1432  E_Sig=0.1521
       K(Phat): W2=1.2729  E_mu=0.0596  E_Sig=0.0842

============================================================
  N=20 | D=11 (K=4) | hyperbolic_paraboloid | seed=9042
============================================================
    Phase1 Epoch 50/250: loss=0.696621
    Phase1 Epoch 100/250: loss=0.119330
    Phase1 Epoch 150/250: loss=0.045961
    Phase1 Epoch 200/250: loss=0.016818
    Phase1 Epoch 250/250: loss=0.019947
      Condition: baseline
        Phase2 Epoch 50/250: loss=0.007854
        Phase2 Epoch 100/250: loss=0.005321
        Phase2 Epoch 150/250: loss=0.004386
        Phase2 Epoch 200/250: loss=0.004763
        Phase2 Epoch 250/250: loss=0.005289
        E_mu=0.1750  E_Sigma=0.2745
  Stage 2 epoch 60/300: loss=0.007769
  Stage 2 epoch 120/300: loss=0.007135
  Stage 2 epoch 180/300: loss=0.006544
  Stage 2 epoch 240/300: loss=0.005759
  Stage 2 epoch 300/300: loss=0.004617
  Stage 3 epoch 60/300: loss=0.044028
  Stage 3 epoch 120/300: loss=0.023598
  Stage 3 epoch 180/300: loss=0.010057
  Stage 3 epoch 240/300: loss=0.008711
  Stage 3 epoch 300/300: loss=0.008383
  MTE@0.1: 0.4946
  MTE@0.5: 1.0915
  MTE@1.0: 1.5016
  W2@1.0:  1.3249
  MMD@1.0: 0.1130
  Survival@1.0: 76.0%
      Condition: K(Phat)
        Phase2 Epoch 50/250: loss=0.021609
        Phase2 Epoch 100/250: loss=0.015460
        Phase2 Epoch 150/250: loss=0.007595
        Phase2 Epoch 200/250: loss=0.005920
        Phase2 Epoch 250/250: loss=0.004721
        E_mu=0.1455  E_Sigma=0.1632
  Stage 2 epoch 60/300: loss=0.007787
  Stage 2 epoch 120/300: loss=0.007153
  Stage 2 epoch 180/300: loss=0.006621
  Stage 2 epoch 240/300: loss=0.005993
  Stage 2 epoch 300/300: loss=0.005173
  Stage 3 epoch 60/300: loss=0.060105
  Stage 3 epoch 120/300: loss=0.030965
  Stage 3 epoch 180/300: loss=0.010356
  Stage 3 epoch 240/300: loss=0.009057
  Stage 3 epoch 300/300: loss=0.008693
  MTE@0.1: 0.4849
  MTE@0.5: 1.0906
  MTE@1.0: 1.4893
  W2@1.0:  1.3495
  MMD@1.0: 0.1112
  Survival@1.0: 76.0%
      baseline: W2=1.3249  E_mu=0.1750  E_Sig=0.2745
       K(Phat): W2=1.3495  E_mu=0.1455  E_Sig=0.1632

  N=20, D=11 completed in 345.1s (17.3s per fork)

============================================================
  N=20 | D=201 (K=99) | paraboloid | seed=42
============================================================
    Phase1 Epoch 50/250: loss=0.725476
    Phase1 Epoch 100/250: loss=0.692529
    Phase1 Epoch 150/250: loss=0.624130
    Phase1 Epoch 200/250: loss=0.517641
    Phase1 Epoch 250/250: loss=0.479616
      Condition: baseline
        Phase2 Epoch 50/250: loss=0.307256
        Phase2 Epoch 100/250: loss=0.216690
        Phase2 Epoch 150/250: loss=0.208368
        Phase2 Epoch 200/250: loss=0.194010
        Phase2 Epoch 250/250: loss=0.126429
        E_mu=1.9865  E_Sigma=6.8208
  Stage 2 epoch 60/300: loss=0.002114
  Stage 2 epoch 120/300: loss=0.001830
  Stage 2 epoch 180/300: loss=0.001484
  Stage 2 epoch 240/300: loss=0.001017
  Stage 2 epoch 300/300: loss=0.000608
  Stage 3 epoch 60/300: loss=0.000359
  Stage 3 epoch 120/300: loss=0.000320
  Stage 3 epoch 180/300: loss=0.000272
  Stage 3 epoch 240/300: loss=0.000226
  Stage 3 epoch 300/300: loss=0.000206
  MTE@0.1: 1.4745
  MTE@0.5: 2.8176
  MTE@1.0: 3.6071
  W2@1.0:  1.9539
  MMD@1.0: 0.1964
  Survival@1.0: 76.5%
      Condition: K(Phat)
        Phase2 Epoch 50/250: loss=0.303294
        Phase2 Epoch 100/250: loss=0.355969
        Phase2 Epoch 150/250: loss=0.214504
        Phase2 Epoch 200/250: loss=0.134272
        Phase2 Epoch 250/250: loss=0.167637
        E_mu=2.3308  E_Sigma=6.9142
  Stage 2 epoch 60/300: loss=0.001968
  Stage 2 epoch 120/300: loss=0.001758
  Stage 2 epoch 180/300: loss=0.001497
  Stage 2 epoch 240/300: loss=0.001142
  Stage 2 epoch 300/300: loss=0.000771
  Stage 3 epoch 60/300: loss=0.000344
  Stage 3 epoch 120/300: loss=0.000315
  Stage 3 epoch 180/300: loss=0.000278
  Stage 3 epoch 240/300: loss=0.000227
  Stage 3 epoch 300/300: loss=0.000191
  MTE@0.1: 1.5295
  MTE@0.5: 2.8446
  MTE@1.0: 3.5432
  W2@1.0:  2.0158
  MMD@1.0: 0.1937
  Survival@1.0: 76.5%
      baseline: W2=1.9539  E_mu=1.9865  E_Sig=6.8208
       K(Phat): W2=2.0158  E_mu=2.3308  E_Sig=6.9142

============================================================
  N=20 | D=201 (K=99) | paraboloid | seed=1042
============================================================
    Phase1 Epoch 50/250: loss=0.688328
    Phase1 Epoch 100/250: loss=0.677658
    Phase1 Epoch 150/250: loss=0.632955
    Phase1 Epoch 200/250: loss=0.445422
    Phase1 Epoch 250/250: loss=0.271688
      Condition: baseline
        Phase2 Epoch 50/250: loss=0.206052
        Phase2 Epoch 100/250: loss=0.281004
        Phase2 Epoch 150/250: loss=0.161826
        Phase2 Epoch 200/250: loss=0.085904
        Phase2 Epoch 250/250: loss=0.110611
        E_mu=1.5579  E_Sigma=3.2787
  Stage 2 epoch 60/300: loss=0.000716
  Stage 2 epoch 120/300: loss=0.000670
  Stage 2 epoch 180/300: loss=0.000617
  Stage 2 epoch 240/300: loss=0.000540
  Stage 2 epoch 300/300: loss=0.000440
  Stage 3 epoch 60/300: loss=0.000317
  Stage 3 epoch 120/300: loss=0.000279
  Stage 3 epoch 180/300: loss=0.000231
  Stage 3 epoch 240/300: loss=0.000182
  Stage 3 epoch 300/300: loss=0.000163
  MTE@0.1: 1.1730
  MTE@0.5: 2.0026
  MTE@1.0: 2.7531
  W2@1.0:  1.8220
  MMD@1.0: 0.1850
  Survival@1.0: 72.0%
      Condition: K(Phat)
        Phase2 Epoch 50/250: loss=0.224129
        Phase2 Epoch 100/250: loss=0.153401
        Phase2 Epoch 150/250: loss=0.131339
        Phase2 Epoch 200/250: loss=0.092589
        Phase2 Epoch 250/250: loss=0.097640
        E_mu=1.4947  E_Sigma=3.1906
  Stage 2 epoch 60/300: loss=0.000477
  Stage 2 epoch 120/300: loss=0.000436
  Stage 2 epoch 180/300: loss=0.000399
  Stage 2 epoch 240/300: loss=0.000364
  Stage 2 epoch 300/300: loss=0.000330
  Stage 3 epoch 60/300: loss=0.000329
  Stage 3 epoch 120/300: loss=0.000238
  Stage 3 epoch 180/300: loss=0.000112
  Stage 3 epoch 240/300: loss=0.000105
  Stage 3 epoch 300/300: loss=0.000100
  MTE@0.1: 1.1794
  MTE@0.5: 2.0548
  MTE@1.0: 2.8140
  W2@1.0:  1.8429
  MMD@1.0: 0.2072
  Survival@1.0: 72.0%
      baseline: W2=1.8220  E_mu=1.5579  E_Sig=3.2787
       K(Phat): W2=1.8429  E_mu=1.4947  E_Sig=3.1906

============================================================
  N=20 | D=201 (K=99) | paraboloid | seed=2042
============================================================
    Phase1 Epoch 50/250: loss=0.928143
    Phase1 Epoch 100/250: loss=0.862178
    Phase1 Epoch 150/250: loss=0.804693
    Phase1 Epoch 200/250: loss=0.689583
    Phase1 Epoch 250/250: loss=0.562841
      Condition: baseline
        Phase2 Epoch 50/250: loss=0.293230
        Phase2 Epoch 100/250: loss=0.146833
        Phase2 Epoch 150/250: loss=0.158979
        Phase2 Epoch 200/250: loss=0.085848
        Phase2 Epoch 250/250: loss=0.108520
        E_mu=0.8384  E_Sigma=2.0063
  Stage 2 epoch 60/300: loss=0.000810
  Stage 2 epoch 120/300: loss=0.000666
  Stage 2 epoch 180/300: loss=0.000560
  Stage 2 epoch 240/300: loss=0.000482
  Stage 2 epoch 300/300: loss=0.000408
  Stage 3 epoch 60/300: loss=0.000263
  Stage 3 epoch 120/300: loss=0.000238
  Stage 3 epoch 180/300: loss=0.000191
  Stage 3 epoch 240/300: loss=0.000170
  Stage 3 epoch 300/300: loss=0.000156
  MTE@0.1: 0.6619
  MTE@0.5: 1.6016
  MTE@1.0: 2.0892
  W2@1.0:  1.9556
  MMD@1.0: 0.2245
  Survival@1.0: 78.5%
      Condition: K(Phat)
        Phase2 Epoch 50/250: loss=0.327834
        Phase2 Epoch 100/250: loss=0.226689
        Phase2 Epoch 150/250: loss=0.144888
        Phase2 Epoch 200/250: loss=0.086392
        Phase2 Epoch 250/250: loss=0.061304
        E_mu=0.9240  E_Sigma=1.6787
  Stage 2 epoch 60/300: loss=0.001141
  Stage 2 epoch 120/300: loss=0.000836
  Stage 2 epoch 180/300: loss=0.000607
  Stage 2 epoch 240/300: loss=0.000492
  Stage 2 epoch 300/300: loss=0.000397
  Stage 3 epoch 60/300: loss=0.000248
  Stage 3 epoch 120/300: loss=0.000204
  Stage 3 epoch 180/300: loss=0.000188
  Stage 3 epoch 240/300: loss=0.000174
  Stage 3 epoch 300/300: loss=0.000164
  MTE@0.1: 0.6363
  MTE@0.5: 1.6720
  MTE@1.0: 2.1934
  W2@1.0:  1.9203
  MMD@1.0: 0.2174
  Survival@1.0: 78.5%
      baseline: W2=1.9556  E_mu=0.8384  E_Sig=2.0063
       K(Phat): W2=1.9203  E_mu=0.9240  E_Sig=1.6787

============================================================
  N=20 | D=201 (K=99) | paraboloid | seed=3042
============================================================
    Phase1 Epoch 50/250: loss=0.807089
    Phase1 Epoch 100/250: loss=0.770404
    Phase1 Epoch 150/250: loss=0.724763
    Phase1 Epoch 200/250: loss=0.555004
    Phase1 Epoch 250/250: loss=0.433112
      Condition: baseline
        Phase2 Epoch 50/250: loss=0.312052
        Phase2 Epoch 100/250: loss=0.180825
        Phase2 Epoch 150/250: loss=0.110715
        Phase2 Epoch 200/250: loss=0.089999
        Phase2 Epoch 250/250: loss=0.050416
        E_mu=0.7570  E_Sigma=1.1851
  Stage 2 epoch 60/300: loss=0.001547
  Stage 2 epoch 120/300: loss=0.001257
  Stage 2 epoch 180/300: loss=0.000855
  Stage 2 epoch 240/300: loss=0.000382
  Stage 2 epoch 300/300: loss=0.000201
  Stage 3 epoch 60/300: loss=0.000275
  Stage 3 epoch 120/300: loss=0.000224
  Stage 3 epoch 180/300: loss=0.000167
  Stage 3 epoch 240/300: loss=0.000119
  Stage 3 epoch 300/300: loss=0.000105
  MTE@0.1: 0.7087
  MTE@0.5: 1.5498
  MTE@1.0: 2.4499
  W2@1.0:  2.4998
  MMD@1.0: 0.2947
  Survival@1.0: 74.5%
      Condition: K(Phat)
        Phase2 Epoch 50/250: loss=0.335224
        Phase2 Epoch 100/250: loss=0.249923
        Phase2 Epoch 150/250: loss=0.107188
        Phase2 Epoch 200/250: loss=0.068544
        Phase2 Epoch 250/250: loss=0.069154
        E_mu=0.7911  E_Sigma=1.2653
  Stage 2 epoch 60/300: loss=0.001782
  Stage 2 epoch 120/300: loss=0.001563
  Stage 2 epoch 180/300: loss=0.001281
  Stage 2 epoch 240/300: loss=0.000885
  Stage 2 epoch 300/300: loss=0.000421
  Stage 3 epoch 60/300: loss=0.000247
  Stage 3 epoch 120/300: loss=0.000211
  Stage 3 epoch 180/300: loss=0.000175
  Stage 3 epoch 240/300: loss=0.000137
  Stage 3 epoch 300/300: loss=0.000117
  MTE@0.1: 0.7220
  MTE@0.5: 1.4769
  MTE@1.0: 2.3873
  W2@1.0:  2.4839
  MMD@1.0: 0.2973
  Survival@1.0: 74.5%
      baseline: W2=2.4998  E_mu=0.7570  E_Sig=1.1851
       K(Phat): W2=2.4839  E_mu=0.7911  E_Sig=1.2653

============================================================
  N=20 | D=201 (K=99) | paraboloid | seed=4042
============================================================
    Phase1 Epoch 50/250: loss=0.820676
    Phase1 Epoch 100/250: loss=0.745430
    Phase1 Epoch 150/250: loss=0.606428
    Phase1 Epoch 200/250: loss=0.428950
    Phase1 Epoch 250/250: loss=0.259851
      Condition: baseline
        Phase2 Epoch 50/250: loss=0.169571
        Phase2 Epoch 100/250: loss=0.156538
        Phase2 Epoch 150/250: loss=0.082959
        Phase2 Epoch 200/250: loss=0.080602
        Phase2 Epoch 250/250: loss=0.058646
        E_mu=1.2875  E_Sigma=2.0539
  Stage 2 epoch 60/300: loss=0.000990
  Stage 2 epoch 120/300: loss=0.000847
  Stage 2 epoch 180/300: loss=0.000705
  Stage 2 epoch 240/300: loss=0.000545
  Stage 2 epoch 300/300: loss=0.000377
  Stage 3 epoch 60/300: loss=0.000374
  Stage 3 epoch 120/300: loss=0.000363
  Stage 3 epoch 180/300: loss=0.000358
  Stage 3 epoch 240/300: loss=0.000353
  Stage 3 epoch 300/300: loss=0.000349
  MTE@0.1: 1.1072
  MTE@0.5: 2.1556
  MTE@1.0: 2.5051
  W2@1.0:  1.9417
  MMD@1.0: 0.2070
  Survival@1.0: 76.0%
      Condition: K(Phat)
        Phase2 Epoch 50/250: loss=0.325968
        Phase2 Epoch 100/250: loss=0.113556
        Phase2 Epoch 150/250: loss=0.100205
        Phase2 Epoch 200/250: loss=0.121913
        Phase2 Epoch 250/250: loss=0.059094
        E_mu=1.1728  E_Sigma=1.7114
  Stage 2 epoch 60/300: loss=0.000506
  Stage 2 epoch 120/300: loss=0.000437
  Stage 2 epoch 180/300: loss=0.000377
  Stage 2 epoch 240/300: loss=0.000321
  Stage 2 epoch 300/300: loss=0.000268
  Stage 3 epoch 60/300: loss=0.000319
  Stage 3 epoch 120/300: loss=0.000309
  Stage 3 epoch 180/300: loss=0.000302
  Stage 3 epoch 240/300: loss=0.000295
  Stage 3 epoch 300/300: loss=0.000287
  MTE@0.1: 1.1040
  MTE@0.5: 2.1812
  MTE@1.0: 2.4523
  W2@1.0:  1.7221
  MMD@1.0: 0.1646
  Survival@1.0: 76.0%
      baseline: W2=1.9417  E_mu=1.2875  E_Sig=2.0539
       K(Phat): W2=1.7221  E_mu=1.1728  E_Sig=1.7114

============================================================
  N=20 | D=201 (K=99) | paraboloid | seed=5042
============================================================
    Phase1 Epoch 50/250: loss=0.833598
    Phase1 Epoch 100/250: loss=0.693876
    Phase1 Epoch 150/250: loss=0.504687
    Phase1 Epoch 200/250: loss=0.277524
    Phase1 Epoch 250/250: loss=0.183317
      Condition: baseline
        Phase2 Epoch 50/250: loss=0.137238
        Phase2 Epoch 100/250: loss=0.113516
        Phase2 Epoch 150/250: loss=0.286991
        Phase2 Epoch 200/250: loss=0.075937
        Phase2 Epoch 250/250: loss=0.053715
        E_mu=1.1380  E_Sigma=2.3864
  Stage 2 epoch 60/300: loss=0.000722
  Stage 2 epoch 120/300: loss=0.000422
  Stage 2 epoch 180/300: loss=0.000339
  Stage 2 epoch 240/300: loss=0.000244
  Stage 2 epoch 300/300: loss=0.000159
  Stage 3 epoch 60/300: loss=0.000156
  Stage 3 epoch 120/300: loss=0.000144
  Stage 3 epoch 180/300: loss=0.000139
  Stage 3 epoch 240/300: loss=0.000135
  Stage 3 epoch 300/300: loss=0.000133
  MTE@0.1: 1.2025
  MTE@0.5: 2.2930
  MTE@1.0: 2.8038
  W2@1.0:  1.9370
  MMD@1.0: 0.2171
  Survival@1.0: 76.5%
      Condition: K(Phat)
        Phase2 Epoch 50/250: loss=0.231810
        Phase2 Epoch 100/250: loss=0.092106
        Phase2 Epoch 150/250: loss=0.135012
        Phase2 Epoch 200/250: loss=0.094031
        Phase2 Epoch 250/250: loss=0.066865
        E_mu=1.1002  E_Sigma=2.3124
  Stage 2 epoch 60/300: loss=0.000911
  Stage 2 epoch 120/300: loss=0.000556
  Stage 2 epoch 180/300: loss=0.000409
  Stage 2 epoch 240/300: loss=0.000269
  Stage 2 epoch 300/300: loss=0.000194
  Stage 3 epoch 60/300: loss=0.000142
  Stage 3 epoch 120/300: loss=0.000130
  Stage 3 epoch 180/300: loss=0.000125
  Stage 3 epoch 240/300: loss=0.000121
  Stage 3 epoch 300/300: loss=0.000119
  MTE@0.1: 1.2109
  MTE@0.5: 2.2884
  MTE@1.0: 2.7636
  W2@1.0:  1.9348
  MMD@1.0: 0.2231
  Survival@1.0: 76.5%
      baseline: W2=1.9370  E_mu=1.1380  E_Sig=2.3864
       K(Phat): W2=1.9348  E_mu=1.1002  E_Sig=2.3124

============================================================
  N=20 | D=201 (K=99) | paraboloid | seed=6042
============================================================
    Phase1 Epoch 50/250: loss=0.922522
    Phase1 Epoch 100/250: loss=0.761401
    Phase1 Epoch 150/250: loss=0.623874
    Phase1 Epoch 200/250: loss=0.346233
    Phase1 Epoch 250/250: loss=0.129847
      Condition: baseline
        Phase2 Epoch 50/250: loss=0.107006
        Phase2 Epoch 100/250: loss=0.077234
        Phase2 Epoch 150/250: loss=0.088640
        Phase2 Epoch 200/250: loss=0.046625
        Phase2 Epoch 250/250: loss=0.034784
        E_mu=1.4572  E_Sigma=1.6103
  Stage 2 epoch 60/300: loss=0.000388
  Stage 2 epoch 120/300: loss=0.000270
  Stage 2 epoch 180/300: loss=0.000223
  Stage 2 epoch 240/300: loss=0.000178
  Stage 2 epoch 300/300: loss=0.000123
  Stage 3 epoch 60/300: loss=0.000095
  Stage 3 epoch 120/300: loss=0.000073
  Stage 3 epoch 180/300: loss=0.000057
  Stage 3 epoch 240/300: loss=0.000045
  Stage 3 epoch 300/300: loss=0.000040
  MTE@0.1: 0.6018
  MTE@0.5: 1.3587
  MTE@1.0: 1.8429
  W2@1.0:  2.1231
  MMD@1.0: 0.2397
  Survival@1.0: 73.0%
      Condition: K(Phat)
        Phase2 Epoch 50/250: loss=0.107260
        Phase2 Epoch 100/250: loss=0.075703
        Phase2 Epoch 150/250: loss=0.091614
        Phase2 Epoch 200/250: loss=0.078108
        Phase2 Epoch 250/250: loss=0.030796
        E_mu=1.2864  E_Sigma=1.8691
  Stage 2 epoch 60/300: loss=0.000536
  Stage 2 epoch 120/300: loss=0.000368
  Stage 2 epoch 180/300: loss=0.000276
  Stage 2 epoch 240/300: loss=0.000229
  Stage 2 epoch 300/300: loss=0.000189
  Stage 3 epoch 60/300: loss=0.000105
  Stage 3 epoch 120/300: loss=0.000084
  Stage 3 epoch 180/300: loss=0.000065
  Stage 3 epoch 240/300: loss=0.000049
  Stage 3 epoch 300/300: loss=0.000042
  MTE@0.1: 0.6069
  MTE@0.5: 1.3426
  MTE@1.0: 1.8756
  W2@1.0:  2.0858
  MMD@1.0: 0.2360
  Survival@1.0: 73.0%
      baseline: W2=2.1231  E_mu=1.4572  E_Sig=1.6103
       K(Phat): W2=2.0858  E_mu=1.2864  E_Sig=1.8691

============================================================
  N=20 | D=201 (K=99) | paraboloid | seed=7042
============================================================
    Phase1 Epoch 50/250: loss=1.040448
    Phase1 Epoch 100/250: loss=0.771802
    Phase1 Epoch 150/250: loss=0.835846
    Phase1 Epoch 200/250: loss=0.554967
    Phase1 Epoch 250/250: loss=0.459994
      Condition: baseline
        Phase2 Epoch 50/250: loss=0.408489
        Phase2 Epoch 100/250: loss=0.259443
        Phase2 Epoch 150/250: loss=0.170664
        Phase2 Epoch 200/250: loss=0.125893
        Phase2 Epoch 250/250: loss=0.132001
        E_mu=0.6717  E_Sigma=1.3781
  Stage 2 epoch 60/300: loss=0.005549
  Stage 2 epoch 120/300: loss=0.004736
  Stage 2 epoch 180/300: loss=0.003122
  Stage 2 epoch 240/300: loss=0.001394
  Stage 2 epoch 300/300: loss=0.000629
  Stage 3 epoch 60/300: loss=0.000607
  Stage 3 epoch 120/300: loss=0.000386
  Stage 3 epoch 180/300: loss=0.000354
  Stage 3 epoch 240/300: loss=0.000325
  Stage 3 epoch 300/300: loss=0.000302
  MTE@0.1: 1.2561
  MTE@0.5: 2.5459
  MTE@1.0: 3.2140
  W2@1.0:  2.4943
  MMD@1.0: 0.2060
  Survival@1.0: 76.5%
      Condition: K(Phat)
        Phase2 Epoch 50/250: loss=0.371092
        Phase2 Epoch 100/250: loss=0.411455
        Phase2 Epoch 150/250: loss=0.218852
        Phase2 Epoch 200/250: loss=0.156349
        Phase2 Epoch 250/250: loss=0.145538
        E_mu=0.5496  E_Sigma=2.1913
  Stage 2 epoch 60/300: loss=0.004058
  Stage 2 epoch 120/300: loss=0.003145
  Stage 2 epoch 180/300: loss=0.001952
  Stage 2 epoch 240/300: loss=0.001123
  Stage 2 epoch 300/300: loss=0.000557
  Stage 3 epoch 60/300: loss=0.000621
  Stage 3 epoch 120/300: loss=0.000390
  Stage 3 epoch 180/300: loss=0.000290
  Stage 3 epoch 240/300: loss=0.000270
  Stage 3 epoch 300/300: loss=0.000266
  MTE@0.1: 1.2224
  MTE@0.5: 2.4039
  MTE@1.0: 2.9614
  W2@1.0:  2.3099
  MMD@1.0: 0.2089
  Survival@1.0: 76.5%
      baseline: W2=2.4943  E_mu=0.6717  E_Sig=1.3781
       K(Phat): W2=2.3099  E_mu=0.5496  E_Sig=2.1913

============================================================
  N=20 | D=201 (K=99) | paraboloid | seed=8042
============================================================
    Phase1 Epoch 50/250: loss=0.874910
    Phase1 Epoch 100/250: loss=0.741039
    Phase1 Epoch 150/250: loss=0.691437
    Phase1 Epoch 200/250: loss=0.622271
    Phase1 Epoch 250/250: loss=0.366253
      Condition: baseline
        Phase2 Epoch 50/250: loss=0.210692
        Phase2 Epoch 100/250: loss=0.093198
        Phase2 Epoch 150/250: loss=0.068507
        Phase2 Epoch 200/250: loss=0.064757
        Phase2 Epoch 250/250: loss=0.048503
        E_mu=1.1370  E_Sigma=1.7478
  Stage 2 epoch 60/300: loss=0.000829
  Stage 2 epoch 120/300: loss=0.000643
  Stage 2 epoch 180/300: loss=0.000407
  Stage 2 epoch 240/300: loss=0.000291
  Stage 2 epoch 300/300: loss=0.000233
  Stage 3 epoch 60/300: loss=0.000696
  Stage 3 epoch 120/300: loss=0.000609
  Stage 3 epoch 180/300: loss=0.000489
  Stage 3 epoch 240/300: loss=0.000464
  Stage 3 epoch 300/300: loss=0.000451
  MTE@0.1: 0.7837
  MTE@0.5: 1.6406
  MTE@1.0: 2.1629
  W2@1.0:  1.9975
  MMD@1.0: 0.1444
  Survival@1.0: 79.5%
      Condition: K(Phat)
        Phase2 Epoch 50/250: loss=0.166025
        Phase2 Epoch 100/250: loss=0.177495
        Phase2 Epoch 150/250: loss=0.091733
        Phase2 Epoch 200/250: loss=0.064689
        Phase2 Epoch 250/250: loss=0.049152
        E_mu=0.9274  E_Sigma=1.6836
  Stage 2 epoch 60/300: loss=0.000580
  Stage 2 epoch 120/300: loss=0.000494
  Stage 2 epoch 180/300: loss=0.000405
  Stage 2 epoch 240/300: loss=0.000306
  Stage 2 epoch 300/300: loss=0.000261
  Stage 3 epoch 60/300: loss=0.000697
  Stage 3 epoch 120/300: loss=0.000509
  Stage 3 epoch 180/300: loss=0.000344
  Stage 3 epoch 240/300: loss=0.000302
  Stage 3 epoch 300/300: loss=0.000283
  MTE@0.1: 0.8326
  MTE@0.5: 1.7349
  MTE@1.0: 2.2596
  W2@1.0:  1.9074
  MMD@1.0: 0.1473
  Survival@1.0: 79.5%
      baseline: W2=1.9975  E_mu=1.1370  E_Sig=1.7478
       K(Phat): W2=1.9074  E_mu=0.9274  E_Sig=1.6836

============================================================
  N=20 | D=201 (K=99) | paraboloid | seed=9042
============================================================
    Phase1 Epoch 50/250: loss=0.749243
    Phase1 Epoch 100/250: loss=0.631863
    Phase1 Epoch 150/250: loss=0.416737
    Phase1 Epoch 200/250: loss=0.246135
    Phase1 Epoch 250/250: loss=0.116622
      Condition: baseline
        Phase2 Epoch 50/250: loss=0.170510
        Phase2 Epoch 100/250: loss=0.088258
        Phase2 Epoch 150/250: loss=0.056256
        Phase2 Epoch 200/250: loss=0.041719
        Phase2 Epoch 250/250: loss=0.055558
        E_mu=1.1299  E_Sigma=1.1609
  Stage 2 epoch 60/300: loss=0.001964
  Stage 2 epoch 120/300: loss=0.000833
  Stage 2 epoch 180/300: loss=0.000430
  Stage 2 epoch 240/300: loss=0.000216
  Stage 2 epoch 300/300: loss=0.000146
  Stage 3 epoch 60/300: loss=0.000350
  Stage 3 epoch 120/300: loss=0.000297
  Stage 3 epoch 180/300: loss=0.000245
  Stage 3 epoch 240/300: loss=0.000185
  Stage 3 epoch 300/300: loss=0.000155
  MTE@0.1: 1.6495
  MTE@0.5: 2.7626
  MTE@1.0: 3.4191
  W2@1.0:  2.1408
  MMD@1.0: 0.2582
  Survival@1.0: 76.0%
      Condition: K(Phat)
        Phase2 Epoch 50/250: loss=0.104404
        Phase2 Epoch 100/250: loss=0.076848
        Phase2 Epoch 150/250: loss=0.088388
        Phase2 Epoch 200/250: loss=0.044753
        Phase2 Epoch 250/250: loss=0.048396
        E_mu=0.8056  E_Sigma=1.5603
  Stage 2 epoch 60/300: loss=0.002353
  Stage 2 epoch 120/300: loss=0.000650
  Stage 2 epoch 180/300: loss=0.000262
  Stage 2 epoch 240/300: loss=0.000134
  Stage 2 epoch 300/300: loss=0.000075
  Stage 3 epoch 60/300: loss=0.000317
  Stage 3 epoch 120/300: loss=0.000266
  Stage 3 epoch 180/300: loss=0.000221
  Stage 3 epoch 240/300: loss=0.000167
  Stage 3 epoch 300/300: loss=0.000127
  MTE@0.1: 1.6874
  MTE@0.5: 2.7019
  MTE@1.0: 3.2225
  W2@1.0:  2.0656
  MMD@1.0: 0.2378
  Survival@1.0: 76.0%
      baseline: W2=2.1408  E_mu=1.1299  E_Sig=1.1609
       K(Phat): W2=2.0656  E_mu=0.8056  E_Sig=1.5603

============================================================
  N=20 | D=201 (K=99) | hyperbolic_paraboloid | seed=42
============================================================
    Phase1 Epoch 50/250: loss=0.786107
    Phase1 Epoch 100/250: loss=0.755314
    Phase1 Epoch 150/250: loss=0.725890
    Phase1 Epoch 200/250: loss=0.564055
    Phase1 Epoch 250/250: loss=0.402374
      Condition: baseline
        Phase2 Epoch 50/250: loss=0.325982
        Phase2 Epoch 100/250: loss=0.311538
        Phase2 Epoch 150/250: loss=0.232754
        Phase2 Epoch 200/250: loss=0.180258
        Phase2 Epoch 250/250: loss=0.194965
        E_mu=1.8318  E_Sigma=6.5707
  Stage 2 epoch 60/300: loss=0.002172
  Stage 2 epoch 120/300: loss=0.002003
  Stage 2 epoch 180/300: loss=0.001804
  Stage 2 epoch 240/300: loss=0.001532
  Stage 2 epoch 300/300: loss=0.001138
  Stage 3 epoch 60/300: loss=0.000408
  Stage 3 epoch 120/300: loss=0.000292
  Stage 3 epoch 180/300: loss=0.000281
  Stage 3 epoch 240/300: loss=0.000272
  Stage 3 epoch 300/300: loss=0.000261
  MTE@0.1: 1.3014
  MTE@0.5: 2.5595
  MTE@1.0: 3.1174
  W2@1.0:  2.0420
  MMD@1.0: 0.2090
  Survival@1.0: 76.5%
      Condition: K(Phat)
        Phase2 Epoch 50/250: loss=0.339493
        Phase2 Epoch 100/250: loss=0.519432
        Phase2 Epoch 150/250: loss=0.232314
        Phase2 Epoch 200/250: loss=0.166243
        Phase2 Epoch 250/250: loss=0.104928
        E_mu=1.6648  E_Sigma=4.4967
  Stage 2 epoch 60/300: loss=0.001890
  Stage 2 epoch 120/300: loss=0.001293
  Stage 2 epoch 180/300: loss=0.000953
  Stage 2 epoch 240/300: loss=0.000621
  Stage 2 epoch 300/300: loss=0.000342
  Stage 3 epoch 60/300: loss=0.000305
  Stage 3 epoch 120/300: loss=0.000233
  Stage 3 epoch 180/300: loss=0.000223
  Stage 3 epoch 240/300: loss=0.000212
  Stage 3 epoch 300/300: loss=0.000198
  MTE@0.1: 1.2467
  MTE@0.5: 2.5963
  MTE@1.0: 3.1668
  W2@1.0:  2.2434
  MMD@1.0: 0.2214
  Survival@1.0: 76.5%
      baseline: W2=2.0420  E_mu=1.8318  E_Sig=6.5707
       K(Phat): W2=2.2434  E_mu=1.6648  E_Sig=4.4967

============================================================
  N=20 | D=201 (K=99) | hyperbolic_paraboloid | seed=1042
============================================================
    Phase1 Epoch 50/250: loss=0.809726
    Phase1 Epoch 100/250: loss=0.701370
    Phase1 Epoch 150/250: loss=0.539352
    Phase1 Epoch 200/250: loss=0.301255
    Phase1 Epoch 250/250: loss=0.236404
      Condition: baseline
        Phase2 Epoch 50/250: loss=0.133170
        Phase2 Epoch 100/250: loss=0.107514
        Phase2 Epoch 150/250: loss=0.129979
        Phase2 Epoch 200/250: loss=0.120767
        Phase2 Epoch 250/250: loss=0.041452
        E_mu=0.7785  E_Sigma=1.3207
  Stage 2 epoch 60/300: loss=0.000801
  Stage 2 epoch 120/300: loss=0.000710
  Stage 2 epoch 180/300: loss=0.000617
  Stage 2 epoch 240/300: loss=0.000505
  Stage 2 epoch 300/300: loss=0.000374
  Stage 3 epoch 60/300: loss=0.000131
  Stage 3 epoch 120/300: loss=0.000098
  Stage 3 epoch 180/300: loss=0.000091
  Stage 3 epoch 240/300: loss=0.000082
  Stage 3 epoch 300/300: loss=0.000073
  MTE@0.1: 1.3107
  MTE@0.5: 2.1455
  MTE@1.0: 2.7058
  W2@1.0:  1.4294
  MMD@1.0: 0.1266
  Survival@1.0: 72.0%
      Condition: K(Phat)
        Phase2 Epoch 50/250: loss=0.178448
        Phase2 Epoch 100/250: loss=0.132828
        Phase2 Epoch 150/250: loss=0.115063
        Phase2 Epoch 200/250: loss=0.101120
        Phase2 Epoch 250/250: loss=0.058004
        E_mu=0.7613  E_Sigma=1.8930
  Stage 2 epoch 60/300: loss=0.000578
  Stage 2 epoch 120/300: loss=0.000515
  Stage 2 epoch 180/300: loss=0.000452
  Stage 2 epoch 240/300: loss=0.000380
  Stage 2 epoch 300/300: loss=0.000287
  Stage 3 epoch 60/300: loss=0.000110
  Stage 3 epoch 120/300: loss=0.000089
  Stage 3 epoch 180/300: loss=0.000081
  Stage 3 epoch 240/300: loss=0.000074
  Stage 3 epoch 300/300: loss=0.000065
  MTE@0.1: 1.1641
  MTE@0.5: 1.9681
  MTE@1.0: 2.5100
  W2@1.0:  1.3908
  MMD@1.0: 0.1576
  Survival@1.0: 72.0%
      baseline: W2=1.4294  E_mu=0.7785  E_Sig=1.3207
       K(Phat): W2=1.3908  E_mu=0.7613  E_Sig=1.8930

============================================================
  N=20 | D=201 (K=99) | hyperbolic_paraboloid | seed=2042
============================================================
    Phase1 Epoch 50/250: loss=0.886832
    Phase1 Epoch 100/250: loss=0.675278
    Phase1 Epoch 150/250: loss=0.589438
    Phase1 Epoch 200/250: loss=0.412574
    Phase1 Epoch 250/250: loss=0.256735
      Condition: baseline
        Phase2 Epoch 50/250: loss=0.168192
        Phase2 Epoch 100/250: loss=0.105662
        Phase2 Epoch 150/250: loss=0.120420
        Phase2 Epoch 200/250: loss=0.059456
        Phase2 Epoch 250/250: loss=0.208841
        E_mu=0.7813  E_Sigma=1.8509
  Stage 2 epoch 60/300: loss=0.000551
  Stage 2 epoch 120/300: loss=0.000487
  Stage 2 epoch 180/300: loss=0.000436
  Stage 2 epoch 240/300: loss=0.000385
  Stage 2 epoch 300/300: loss=0.000335
  Stage 3 epoch 60/300: loss=0.000119
  Stage 3 epoch 120/300: loss=0.000088
  Stage 3 epoch 180/300: loss=0.000077
  Stage 3 epoch 240/300: loss=0.000071
  Stage 3 epoch 300/300: loss=0.000069
  MTE@0.1: 0.6281
  MTE@0.5: 1.4136
  MTE@1.0: 1.6938
  W2@1.0:  1.4908
  MMD@1.0: 0.1334
  Survival@1.0: 78.5%
      Condition: K(Phat)
        Phase2 Epoch 50/250: loss=0.195182
        Phase2 Epoch 100/250: loss=0.093235
        Phase2 Epoch 150/250: loss=0.077102
        Phase2 Epoch 200/250: loss=0.105500
        Phase2 Epoch 250/250: loss=0.064242
        E_mu=0.7563  E_Sigma=1.9691
  Stage 2 epoch 60/300: loss=0.000573
  Stage 2 epoch 120/300: loss=0.000486
  Stage 2 epoch 180/300: loss=0.000421
  Stage 2 epoch 240/300: loss=0.000349
  Stage 2 epoch 300/300: loss=0.000303
  Stage 3 epoch 60/300: loss=0.000118
  Stage 3 epoch 120/300: loss=0.000101
  Stage 3 epoch 180/300: loss=0.000091
  Stage 3 epoch 240/300: loss=0.000085
  Stage 3 epoch 300/300: loss=0.000080
  MTE@0.1: 0.5581
  MTE@0.5: 1.4820
  MTE@1.0: 1.8015
  W2@1.0:  1.4961
  MMD@1.0: 0.1536
  Survival@1.0: 78.5%
      baseline: W2=1.4908  E_mu=0.7813  E_Sig=1.8509
       K(Phat): W2=1.4961  E_mu=0.7563  E_Sig=1.9691

============================================================
  N=20 | D=201 (K=99) | hyperbolic_paraboloid | seed=3042
============================================================
    Phase1 Epoch 50/250: loss=0.959586
    Phase1 Epoch 100/250: loss=0.854256
    Phase1 Epoch 150/250: loss=0.809206
    Phase1 Epoch 200/250: loss=0.579702
    Phase1 Epoch 250/250: loss=0.448642
      Condition: baseline
        Phase2 Epoch 50/250: loss=0.402907
        Phase2 Epoch 100/250: loss=0.221230
        Phase2 Epoch 150/250: loss=0.192466
        Phase2 Epoch 200/250: loss=0.049963
        Phase2 Epoch 250/250: loss=0.021887
        E_mu=0.4835  E_Sigma=0.9571
  Stage 2 epoch 60/300: loss=0.001390
  Stage 2 epoch 120/300: loss=0.001139
  Stage 2 epoch 180/300: loss=0.000895
  Stage 2 epoch 240/300: loss=0.000596
  Stage 2 epoch 300/300: loss=0.000350
  Stage 3 epoch 60/300: loss=0.000252
  Stage 3 epoch 120/300: loss=0.000211
  Stage 3 epoch 180/300: loss=0.000182
  Stage 3 epoch 240/300: loss=0.000160
  Stage 3 epoch 300/300: loss=0.000148
  MTE@0.1: 1.4447
  MTE@0.5: 2.6739
  MTE@1.0: 3.1200
  W2@1.0:  1.8594
  MMD@1.0: 0.1386
  Survival@1.0: 74.5%
      Condition: K(Phat)
        Phase2 Epoch 50/250: loss=0.420007
        Phase2 Epoch 100/250: loss=0.227881
        Phase2 Epoch 150/250: loss=0.134727
        Phase2 Epoch 200/250: loss=0.083599
        Phase2 Epoch 250/250: loss=0.068011
        E_mu=0.5612  E_Sigma=1.2838
  Stage 2 epoch 60/300: loss=0.001013
  Stage 2 epoch 120/300: loss=0.000795
  Stage 2 epoch 180/300: loss=0.000669
  Stage 2 epoch 240/300: loss=0.000542
  Stage 2 epoch 300/300: loss=0.000290
  Stage 3 epoch 60/300: loss=0.000269
  Stage 3 epoch 120/300: loss=0.000234
  Stage 3 epoch 180/300: loss=0.000211
  Stage 3 epoch 240/300: loss=0.000195
  Stage 3 epoch 300/300: loss=0.000185
  MTE@0.1: 1.7041
  MTE@0.5: 2.8588
  MTE@1.0: 3.2783
  W2@1.0:  1.9776
  MMD@1.0: 0.2683
  Survival@1.0: 74.5%
      baseline: W2=1.8594  E_mu=0.4835  E_Sig=0.9571
       K(Phat): W2=1.9776  E_mu=0.5612  E_Sig=1.2838

============================================================
  N=20 | D=201 (K=99) | hyperbolic_paraboloid | seed=4042
============================================================
    Phase1 Epoch 50/250: loss=0.792420
    Phase1 Epoch 100/250: loss=0.830547
    Phase1 Epoch 150/250: loss=0.659385
    Phase1 Epoch 200/250: loss=0.409008
    Phase1 Epoch 250/250: loss=0.176570
      Condition: baseline
        Phase2 Epoch 50/250: loss=0.116484
        Phase2 Epoch 100/250: loss=0.046259
        Phase2 Epoch 150/250: loss=0.083512
        Phase2 Epoch 200/250: loss=0.039210
        Phase2 Epoch 250/250: loss=0.029048
        E_mu=0.5719  E_Sigma=0.9224
  Stage 2 epoch 60/300: loss=0.000773
  Stage 2 epoch 120/300: loss=0.000573
  Stage 2 epoch 180/300: loss=0.000408
  Stage 2 epoch 240/300: loss=0.000296
  Stage 2 epoch 300/300: loss=0.000223
  Stage 3 epoch 60/300: loss=0.000077
  Stage 3 epoch 120/300: loss=0.000044
  Stage 3 epoch 180/300: loss=0.000040
  Stage 3 epoch 240/300: loss=0.000038
  Stage 3 epoch 300/300: loss=0.000036
  MTE@0.1: 1.1643
  MTE@0.5: 2.1689
  MTE@1.0: 2.4129
  W2@1.0:  1.7120
  MMD@1.0: 0.1570
  Survival@1.0: 76.0%
      Condition: K(Phat)
        Phase2 Epoch 50/250: loss=0.110217
        Phase2 Epoch 100/250: loss=0.108815
        Phase2 Epoch 150/250: loss=0.055486
        Phase2 Epoch 200/250: loss=0.038188
        Phase2 Epoch 250/250: loss=0.022491
        E_mu=0.5768  E_Sigma=0.6634
  Stage 2 epoch 60/300: loss=0.000687
  Stage 2 epoch 120/300: loss=0.000556
  Stage 2 epoch 180/300: loss=0.000437
  Stage 2 epoch 240/300: loss=0.000333
  Stage 2 epoch 300/300: loss=0.000254
  Stage 3 epoch 60/300: loss=0.000060
  Stage 3 epoch 120/300: loss=0.000035
  Stage 3 epoch 180/300: loss=0.000031
  Stage 3 epoch 240/300: loss=0.000028
  Stage 3 epoch 300/300: loss=0.000026
  MTE@0.1: 1.1919
  MTE@0.5: 2.2000
  MTE@1.0: 2.4381
  W2@1.0:  1.8403
  MMD@1.0: 0.1835
  Survival@1.0: 76.0%
      baseline: W2=1.7120  E_mu=0.5719  E_Sig=0.9224
       K(Phat): W2=1.8403  E_mu=0.5768  E_Sig=0.6634

============================================================
  N=20 | D=201 (K=99) | hyperbolic_paraboloid | seed=5042
============================================================
    Phase1 Epoch 50/250: loss=0.847259
    Phase1 Epoch 100/250: loss=0.761481
    Phase1 Epoch 150/250: loss=0.566718
    Phase1 Epoch 200/250: loss=0.324644
    Phase1 Epoch 250/250: loss=0.167130
      Condition: baseline
        Phase2 Epoch 50/250: loss=0.121861
        Phase2 Epoch 100/250: loss=0.096398
        Phase2 Epoch 150/250: loss=0.095209
        Phase2 Epoch 200/250: loss=0.060445
        Phase2 Epoch 250/250: loss=0.081085
        E_mu=0.8647  E_Sigma=2.2581
  Stage 2 epoch 60/300: loss=0.000530
  Stage 2 epoch 120/300: loss=0.000418
  Stage 2 epoch 180/300: loss=0.000355
  Stage 2 epoch 240/300: loss=0.000315
  Stage 2 epoch 300/300: loss=0.000283
  Stage 3 epoch 60/300: loss=0.000117
  Stage 3 epoch 120/300: loss=0.000106
  Stage 3 epoch 180/300: loss=0.000101
  Stage 3 epoch 240/300: loss=0.000098
  Stage 3 epoch 300/300: loss=0.000095
  MTE@0.1: 1.1981
  MTE@0.5: 2.2814
  MTE@1.0: 2.8247
  W2@1.0:  1.5840
  MMD@1.0: 0.1294
  Survival@1.0: 76.5%
      Condition: K(Phat)
        Phase2 Epoch 50/250: loss=0.119402
        Phase2 Epoch 100/250: loss=0.095419
        Phase2 Epoch 150/250: loss=0.079204
        Phase2 Epoch 200/250: loss=0.048629
        Phase2 Epoch 250/250: loss=0.048643
        E_mu=0.8527  E_Sigma=2.1022
  Stage 2 epoch 60/300: loss=0.000512
  Stage 2 epoch 120/300: loss=0.000382
  Stage 2 epoch 180/300: loss=0.000308
  Stage 2 epoch 240/300: loss=0.000260
  Stage 2 epoch 300/300: loss=0.000220
  Stage 3 epoch 60/300: loss=0.000096
  Stage 3 epoch 120/300: loss=0.000085
  Stage 3 epoch 180/300: loss=0.000082
  Stage 3 epoch 240/300: loss=0.000080
  Stage 3 epoch 300/300: loss=0.000078
  MTE@0.1: 1.1919
  MTE@0.5: 2.3002
  MTE@1.0: 2.8994
  W2@1.0:  1.6959
  MMD@1.0: 0.1607
  Survival@1.0: 76.5%
      baseline: W2=1.5840  E_mu=0.8647  E_Sig=2.2581
       K(Phat): W2=1.6959  E_mu=0.8527  E_Sig=2.1022

============================================================
  N=20 | D=201 (K=99) | hyperbolic_paraboloid | seed=6042
============================================================
    Phase1 Epoch 50/250: loss=0.924521
    Phase1 Epoch 100/250: loss=0.812980
    Phase1 Epoch 150/250: loss=0.569434
    Phase1 Epoch 200/250: loss=0.346767
    Phase1 Epoch 250/250: loss=0.167529
      Condition: baseline
        Phase2 Epoch 50/250: loss=0.056010
        Phase2 Epoch 100/250: loss=0.044033
        Phase2 Epoch 150/250: loss=0.025607
        Phase2 Epoch 200/250: loss=0.019055
        Phase2 Epoch 250/250: loss=0.018489
        E_mu=0.8681  E_Sigma=0.9287
  Stage 2 epoch 60/300: loss=0.000537
  Stage 2 epoch 120/300: loss=0.000458
  Stage 2 epoch 180/300: loss=0.000404
  Stage 2 epoch 240/300: loss=0.000352
  Stage 2 epoch 300/300: loss=0.000302
  Stage 3 epoch 60/300: loss=0.000066
  Stage 3 epoch 120/300: loss=0.000043
  Stage 3 epoch 180/300: loss=0.000039
  Stage 3 epoch 240/300: loss=0.000037
  Stage 3 epoch 300/300: loss=0.000036
  MTE@0.1: 1.1959
  MTE@0.5: 2.3832
  MTE@1.0: 2.6939
  W2@1.0:  1.4651
  MMD@1.0: 0.1494
  Survival@1.0: 73.0%
      Condition: K(Phat)
        Phase2 Epoch 50/250: loss=0.064134
        Phase2 Epoch 100/250: loss=0.043192
        Phase2 Epoch 150/250: loss=0.038739
        Phase2 Epoch 200/250: loss=0.019088
        Phase2 Epoch 250/250: loss=0.019733
        E_mu=0.8166  E_Sigma=0.9735
  Stage 2 epoch 60/300: loss=0.000492
  Stage 2 epoch 120/300: loss=0.000402
  Stage 2 epoch 180/300: loss=0.000345
  Stage 2 epoch 240/300: loss=0.000293
  Stage 2 epoch 300/300: loss=0.000245
  Stage 3 epoch 60/300: loss=0.000078
  Stage 3 epoch 120/300: loss=0.000042
  Stage 3 epoch 180/300: loss=0.000040
  Stage 3 epoch 240/300: loss=0.000038
  Stage 3 epoch 300/300: loss=0.000038
  MTE@0.1: 1.2546
  MTE@0.5: 2.4320
  MTE@1.0: 2.7614
  W2@1.0:  1.5117
  MMD@1.0: 0.1639
  Survival@1.0: 73.0%
      baseline: W2=1.4651  E_mu=0.8681  E_Sig=0.9287
       K(Phat): W2=1.5117  E_mu=0.8166  E_Sig=0.9735

============================================================
  N=20 | D=201 (K=99) | hyperbolic_paraboloid | seed=7042
============================================================
    Phase1 Epoch 50/250: loss=0.953408
    Phase1 Epoch 100/250: loss=0.852922
    Phase1 Epoch 150/250: loss=0.747173
    Phase1 Epoch 200/250: loss=0.650080
    Phase1 Epoch 250/250: loss=0.566081
      Condition: baseline
        Phase2 Epoch 50/250: loss=0.453336
        Phase2 Epoch 100/250: loss=0.316665
        Phase2 Epoch 150/250: loss=0.153055
        Phase2 Epoch 200/250: loss=0.055175
        Phase2 Epoch 250/250: loss=0.189838
        E_mu=0.8880  E_Sigma=4.8932
  Stage 2 epoch 60/300: loss=0.002484
  Stage 2 epoch 120/300: loss=0.001907
  Stage 2 epoch 180/300: loss=0.001553
  Stage 2 epoch 240/300: loss=0.001308
  Stage 2 epoch 300/300: loss=0.001039
  Stage 3 epoch 60/300: loss=0.000776
  Stage 3 epoch 120/300: loss=0.000567
  Stage 3 epoch 180/300: loss=0.000457
  Stage 3 epoch 240/300: loss=0.000418
  Stage 3 epoch 300/300: loss=0.000399
  MTE@0.1: 1.1455
  MTE@0.5: 2.3120
  MTE@1.0: 2.4811
  W2@1.0:  1.8217
  MMD@1.0: 0.1885
  Survival@1.0: 76.5%
      Condition: K(Phat)
        Phase2 Epoch 50/250: loss=0.486233
        Phase2 Epoch 100/250: loss=0.357601
        Phase2 Epoch 150/250: loss=0.351966
        Phase2 Epoch 200/250: loss=0.124437
        Phase2 Epoch 250/250: loss=0.058713
        E_mu=0.6198  E_Sigma=1.4583
  Stage 2 epoch 60/300: loss=0.001557
  Stage 2 epoch 120/300: loss=0.001132
  Stage 2 epoch 180/300: loss=0.000923
  Stage 2 epoch 240/300: loss=0.000823
  Stage 2 epoch 300/300: loss=0.000750
  Stage 3 epoch 60/300: loss=0.000511
  Stage 3 epoch 120/300: loss=0.000398
  Stage 3 epoch 180/300: loss=0.000250
  Stage 3 epoch 240/300: loss=0.000218
  Stage 3 epoch 300/300: loss=0.000196
  MTE@0.1: 1.0739
  MTE@0.5: 2.2092
  MTE@1.0: 2.4320
  W2@1.0:  1.4745
  MMD@1.0: 0.1451
  Survival@1.0: 76.5%
      baseline: W2=1.8217  E_mu=0.8880  E_Sig=4.8932
       K(Phat): W2=1.4745  E_mu=0.6198  E_Sig=1.4583

============================================================
  N=20 | D=201 (K=99) | hyperbolic_paraboloid | seed=8042
============================================================
    Phase1 Epoch 50/250: loss=0.946275
    Phase1 Epoch 100/250: loss=0.804576
    Phase1 Epoch 150/250: loss=0.570796
    Phase1 Epoch 200/250: loss=0.317426
    Phase1 Epoch 250/250: loss=0.173298
      Condition: baseline
        Phase2 Epoch 50/250: loss=0.158790
        Phase2 Epoch 100/250: loss=0.104539
        Phase2 Epoch 150/250: loss=0.080070
        Phase2 Epoch 200/250: loss=0.069828
        Phase2 Epoch 250/250: loss=0.044556
        E_mu=0.9503  E_Sigma=2.1491
  Stage 2 epoch 60/300: loss=0.000950
  Stage 2 epoch 120/300: loss=0.000658
  Stage 2 epoch 180/300: loss=0.000448
  Stage 2 epoch 240/300: loss=0.000246
  Stage 2 epoch 300/300: loss=0.000120
  Stage 3 epoch 60/300: loss=0.000269
  Stage 3 epoch 120/300: loss=0.000185
  Stage 3 epoch 180/300: loss=0.000171
  Stage 3 epoch 240/300: loss=0.000159
  Stage 3 epoch 300/300: loss=0.000148
  MTE@0.1: 1.1180
  MTE@0.5: 1.8200
  MTE@1.0: 2.1915
  W2@1.0:  1.3968
  MMD@1.0: 0.2030
  Survival@1.0: 79.5%
      Condition: K(Phat)
        Phase2 Epoch 50/250: loss=0.183428
        Phase2 Epoch 100/250: loss=0.114403
        Phase2 Epoch 150/250: loss=0.080745
        Phase2 Epoch 200/250: loss=0.069051
        Phase2 Epoch 250/250: loss=0.043816
        E_mu=0.8162  E_Sigma=1.8233
  Stage 2 epoch 60/300: loss=0.000728
  Stage 2 epoch 120/300: loss=0.000504
  Stage 2 epoch 180/300: loss=0.000301
  Stage 2 epoch 240/300: loss=0.000134
  Stage 2 epoch 300/300: loss=0.000076
  Stage 3 epoch 60/300: loss=0.000230
  Stage 3 epoch 120/300: loss=0.000172
  Stage 3 epoch 180/300: loss=0.000158
  Stage 3 epoch 240/300: loss=0.000145
  Stage 3 epoch 300/300: loss=0.000135
  MTE@0.1: 1.0581
  MTE@0.5: 1.8650
  MTE@1.0: 2.2686
  W2@1.0:  1.4187
  MMD@1.0: 0.1914
  Survival@1.0: 79.5%
      baseline: W2=1.3968  E_mu=0.9503  E_Sig=2.1491
       K(Phat): W2=1.4187  E_mu=0.8162  E_Sig=1.8233

============================================================
  N=20 | D=201 (K=99) | hyperbolic_paraboloid | seed=9042
============================================================
    Phase1 Epoch 50/250: loss=0.831020
    Phase1 Epoch 100/250: loss=0.750058
    Phase1 Epoch 150/250: loss=0.504221
    Phase1 Epoch 200/250: loss=0.266855
    Phase1 Epoch 250/250: loss=0.228265
      Condition: baseline
        Phase2 Epoch 50/250: loss=0.151418
        Phase2 Epoch 100/250: loss=0.103582
        Phase2 Epoch 150/250: loss=0.138013
        Phase2 Epoch 200/250: loss=0.039300
        Phase2 Epoch 250/250: loss=0.040922
        E_mu=0.8677  E_Sigma=1.8108
  Stage 2 epoch 60/300: loss=0.000811
  Stage 2 epoch 120/300: loss=0.000537
  Stage 2 epoch 180/300: loss=0.000343
  Stage 2 epoch 240/300: loss=0.000153
  Stage 2 epoch 300/300: loss=0.000064
  Stage 3 epoch 60/300: loss=0.000288
  Stage 3 epoch 120/300: loss=0.000140
  Stage 3 epoch 180/300: loss=0.000098
  Stage 3 epoch 240/300: loss=0.000091
  Stage 3 epoch 300/300: loss=0.000086
  MTE@0.1: 1.5487
  MTE@0.5: 2.4856
  MTE@1.0: 2.9125
  W2@1.0:  1.5694
  MMD@1.0: 0.1506
  Survival@1.0: 76.0%
      Condition: K(Phat)
        Phase2 Epoch 50/250: loss=0.195984
        Phase2 Epoch 100/250: loss=0.102993
        Phase2 Epoch 150/250: loss=0.045854
        Phase2 Epoch 200/250: loss=0.121176
        Phase2 Epoch 250/250: loss=0.041006
        E_mu=0.8444  E_Sigma=2.1098
  Stage 2 epoch 60/300: loss=0.001031
  Stage 2 epoch 120/300: loss=0.000663
  Stage 2 epoch 180/300: loss=0.000378
  Stage 2 epoch 240/300: loss=0.000159
  Stage 2 epoch 300/300: loss=0.000067
  Stage 3 epoch 60/300: loss=0.000303
  Stage 3 epoch 120/300: loss=0.000148
  Stage 3 epoch 180/300: loss=0.000092
  Stage 3 epoch 240/300: loss=0.000081
  Stage 3 epoch 300/300: loss=0.000075
  MTE@0.1: 1.5726
  MTE@0.5: 2.4974
  MTE@1.0: 2.9175
  W2@1.0:  1.6122
  MMD@1.0: 0.1640
  Survival@1.0: 76.0%
      baseline: W2=1.5694  E_mu=0.8677  E_Sig=1.8108
       K(Phat): W2=1.6122  E_mu=0.8444  E_Sig=2.1098

  N=20, D=201 completed in 400.9s (20.0s per fork)

============================================================
  N=50 | D=11 (K=4) | paraboloid | seed=42
============================================================
    Phase1 Epoch 50/250: loss=0.788453
    Phase1 Epoch 100/250: loss=0.468872
    Phase1 Epoch 150/250: loss=0.089665
    Phase1 Epoch 200/250: loss=0.038427
    Phase1 Epoch 250/250: loss=0.017359
      Condition: baseline
        Phase2 Epoch 50/250: loss=0.010878
        Phase2 Epoch 100/250: loss=0.010109
        Phase2 Epoch 150/250: loss=0.004675
        Phase2 Epoch 200/250: loss=0.005584
        Phase2 Epoch 250/250: loss=0.012428
        E_mu=0.1152  E_Sigma=0.1782
  Stage 2 epoch 60/300: loss=0.018799
  Stage 2 epoch 120/300: loss=0.017742
  Stage 2 epoch 180/300: loss=0.019588
  Stage 2 epoch 240/300: loss=0.018824
  Stage 2 epoch 300/300: loss=0.016896
  Stage 3 epoch 60/300: loss=0.082701
  Stage 3 epoch 120/300: loss=0.049062
  Stage 3 epoch 180/300: loss=0.028651
  Stage 3 epoch 240/300: loss=0.019225
  Stage 3 epoch 300/300: loss=0.014538
  MTE@0.1: 0.5073
  MTE@0.5: 1.2860
  MTE@1.0: 1.9224
  W2@1.0:  1.7401
  MMD@1.0: 0.2120
  Survival@1.0: 76.5%
      Condition: K(Phat)
        Phase2 Epoch 50/250: loss=0.027073
        Phase2 Epoch 100/250: loss=0.013101
        Phase2 Epoch 150/250: loss=0.010013
        Phase2 Epoch 200/250: loss=0.003645
        Phase2 Epoch 250/250: loss=0.007962
        E_mu=0.0419  E_Sigma=0.1349
  Stage 2 epoch 60/300: loss=0.019795
  Stage 2 epoch 120/300: loss=0.017051
  Stage 2 epoch 180/300: loss=0.017245
  Stage 2 epoch 240/300: loss=0.015139
  Stage 2 epoch 300/300: loss=0.012570
  Stage 3 epoch 60/300: loss=0.099355
  Stage 3 epoch 120/300: loss=0.056381
  Stage 3 epoch 180/300: loss=0.023556
  Stage 3 epoch 240/300: loss=0.013401
  Stage 3 epoch 300/300: loss=0.009181
  MTE@0.1: 0.4980
  MTE@0.5: 1.3087
  MTE@1.0: 1.9974
  W2@1.0:  1.8395
  MMD@1.0: 0.2247
  Survival@1.0: 76.5%
      baseline: W2=1.7401  E_mu=0.1152  E_Sig=0.1782
       K(Phat): W2=1.8395  E_mu=0.0419  E_Sig=0.1349

============================================================
  N=50 | D=11 (K=4) | paraboloid | seed=1042
============================================================
    Phase1 Epoch 50/250: loss=0.572354
    Phase1 Epoch 100/250: loss=0.312612
    Phase1 Epoch 150/250: loss=0.074965
    Phase1 Epoch 200/250: loss=0.030504
    Phase1 Epoch 250/250: loss=0.015691
      Condition: baseline
        Phase2 Epoch 50/250: loss=0.015770
        Phase2 Epoch 100/250: loss=0.008148
        Phase2 Epoch 150/250: loss=0.007257
        Phase2 Epoch 200/250: loss=0.007893
        Phase2 Epoch 250/250: loss=0.003502
        E_mu=0.1569  E_Sigma=0.1566
  Stage 2 epoch 60/300: loss=0.006962
  Stage 2 epoch 120/300: loss=0.005622
  Stage 2 epoch 180/300: loss=0.004983
  Stage 2 epoch 240/300: loss=0.004040
  Stage 2 epoch 300/300: loss=0.003278
  Stage 3 epoch 60/300: loss=0.034549
  Stage 3 epoch 120/300: loss=0.025524
  Stage 3 epoch 180/300: loss=0.015307
  Stage 3 epoch 240/300: loss=0.012130
  Stage 3 epoch 300/300: loss=0.009699
  MTE@0.1: 1.1779
  MTE@0.5: 2.1841
  MTE@1.0: 2.7645
  W2@1.0:  1.7280
  MMD@1.0: 0.2437
  Survival@1.0: 72.0%
      Condition: K(Phat)
        Phase2 Epoch 50/250: loss=0.015930
        Phase2 Epoch 100/250: loss=0.014268
        Phase2 Epoch 150/250: loss=0.008809
        Phase2 Epoch 200/250: loss=0.006670
        Phase2 Epoch 250/250: loss=0.009646
        E_mu=0.1055  E_Sigma=0.0768
  Stage 2 epoch 60/300: loss=0.004778
  Stage 2 epoch 120/300: loss=0.003841
  Stage 2 epoch 180/300: loss=0.003428
  Stage 2 epoch 240/300: loss=0.002641
  Stage 2 epoch 300/300: loss=0.002193
  Stage 3 epoch 60/300: loss=0.035595
  Stage 3 epoch 120/300: loss=0.024944
  Stage 3 epoch 180/300: loss=0.013131
  Stage 3 epoch 240/300: loss=0.010125
  Stage 3 epoch 300/300: loss=0.007898
  MTE@0.1: 1.1859
  MTE@0.5: 2.1530
  MTE@1.0: 2.7177
  W2@1.0:  1.6644
  MMD@1.0: 0.2368
  Survival@1.0: 72.0%
      baseline: W2=1.7280  E_mu=0.1569  E_Sig=0.1566
       K(Phat): W2=1.6644  E_mu=0.1055  E_Sig=0.0768

============================================================
  N=50 | D=11 (K=4) | paraboloid | seed=2042
============================================================
    Phase1 Epoch 50/250: loss=0.745330
    Phase1 Epoch 100/250: loss=0.412362
    Phase1 Epoch 150/250: loss=0.062901
    Phase1 Epoch 200/250: loss=0.031087
    Phase1 Epoch 250/250: loss=0.041165
      Condition: baseline
        Phase2 Epoch 50/250: loss=0.041618
        Phase2 Epoch 100/250: loss=0.012982
        Phase2 Epoch 150/250: loss=0.012964
        Phase2 Epoch 200/250: loss=0.005873
        Phase2 Epoch 250/250: loss=0.006672
        E_mu=0.1277  E_Sigma=0.2040
  Stage 2 epoch 60/300: loss=0.016231
  Stage 2 epoch 120/300: loss=0.014264
  Stage 2 epoch 180/300: loss=0.011845
  Stage 2 epoch 240/300: loss=0.012522
  Stage 2 epoch 300/300: loss=0.011059
  Stage 3 epoch 60/300: loss=0.080406
  Stage 3 epoch 120/300: loss=0.045312
  Stage 3 epoch 180/300: loss=0.027205
  Stage 3 epoch 240/300: loss=0.017007
  Stage 3 epoch 300/300: loss=0.012115
  MTE@0.1: 0.9612
  MTE@0.5: 2.3752
  MTE@1.0: 2.9627
  W2@1.0:  1.7848
  MMD@1.0: 0.2214
  Survival@1.0: 78.5%
      Condition: K(Phat)
        Phase2 Epoch 50/250: loss=0.023592
        Phase2 Epoch 100/250: loss=0.019548
        Phase2 Epoch 150/250: loss=0.011414
        Phase2 Epoch 200/250: loss=0.013147
        Phase2 Epoch 250/250: loss=0.004382
        E_mu=0.0469  E_Sigma=0.0499
  Stage 2 epoch 60/300: loss=0.022522
  Stage 2 epoch 120/300: loss=0.014574
  Stage 2 epoch 180/300: loss=0.010209
  Stage 2 epoch 240/300: loss=0.007906
  Stage 2 epoch 300/300: loss=0.005606
  Stage 3 epoch 60/300: loss=0.089880
  Stage 3 epoch 120/300: loss=0.045400
  Stage 3 epoch 180/300: loss=0.019925
  Stage 3 epoch 240/300: loss=0.008448
  Stage 3 epoch 300/300: loss=0.005557
  MTE@0.1: 0.9462
  MTE@0.5: 2.3678
  MTE@1.0: 2.9453
  W2@1.0:  1.8796
  MMD@1.0: 0.2436
  Survival@1.0: 78.5%
      baseline: W2=1.7848  E_mu=0.1277  E_Sig=0.2040
       K(Phat): W2=1.8796  E_mu=0.0469  E_Sig=0.0499

============================================================
  N=50 | D=11 (K=4) | paraboloid | seed=3042
============================================================
    Phase1 Epoch 50/250: loss=0.821696
    Phase1 Epoch 100/250: loss=0.548769
    Phase1 Epoch 150/250: loss=0.068404
    Phase1 Epoch 200/250: loss=0.035259
    Phase1 Epoch 250/250: loss=0.016048
      Condition: baseline
        Phase2 Epoch 50/250: loss=0.016378
        Phase2 Epoch 100/250: loss=0.008315
        Phase2 Epoch 150/250: loss=0.011505
        Phase2 Epoch 200/250: loss=0.007774
        Phase2 Epoch 250/250: loss=0.003104
        E_mu=0.0368  E_Sigma=0.0303
  Stage 2 epoch 60/300: loss=0.017862
  Stage 2 epoch 120/300: loss=0.011689
  Stage 2 epoch 180/300: loss=0.011002
  Stage 2 epoch 240/300: loss=0.007144
  Stage 2 epoch 300/300: loss=0.005664
  Stage 3 epoch 60/300: loss=0.070942
  Stage 3 epoch 120/300: loss=0.053993
  Stage 3 epoch 180/300: loss=0.041923
  Stage 3 epoch 240/300: loss=0.035027
  Stage 3 epoch 300/300: loss=0.031451
  MTE@0.1: 1.1213
  MTE@0.5: 2.1134
  MTE@1.0: 2.7291
  W2@1.0:  1.7912
  MMD@1.0: 0.1677
  Survival@1.0: 74.5%
      Condition: K(Phat)
        Phase2 Epoch 50/250: loss=0.018404
        Phase2 Epoch 100/250: loss=0.016601
        Phase2 Epoch 150/250: loss=0.006006
        Phase2 Epoch 200/250: loss=0.024019
        Phase2 Epoch 250/250: loss=0.004266
        E_mu=0.0305  E_Sigma=0.0301
  Stage 2 epoch 60/300: loss=0.019151
  Stage 2 epoch 120/300: loss=0.011361
  Stage 2 epoch 180/300: loss=0.008772
  Stage 2 epoch 240/300: loss=0.004866
  Stage 2 epoch 300/300: loss=0.004023
  Stage 3 epoch 60/300: loss=0.067831
  Stage 3 epoch 120/300: loss=0.053280
  Stage 3 epoch 180/300: loss=0.043494
  Stage 3 epoch 240/300: loss=0.035024
  Stage 3 epoch 300/300: loss=0.031131
  MTE@0.1: 1.1204
  MTE@0.5: 2.0965
  MTE@1.0: 2.6734
  W2@1.0:  1.7146
  MMD@1.0: 0.1606
  Survival@1.0: 74.5%
      baseline: W2=1.7912  E_mu=0.0368  E_Sig=0.0303
       K(Phat): W2=1.7146  E_mu=0.0305  E_Sig=0.0301

============================================================
  N=50 | D=11 (K=4) | paraboloid | seed=4042
============================================================
    Phase1 Epoch 50/250: loss=0.707573
    Phase1 Epoch 100/250: loss=0.312504
    Phase1 Epoch 150/250: loss=0.066734
    Phase1 Epoch 200/250: loss=0.052106
    Phase1 Epoch 250/250: loss=0.032760
      Condition: baseline
        Phase2 Epoch 50/250: loss=0.022127
        Phase2 Epoch 100/250: loss=0.032720
        Phase2 Epoch 150/250: loss=0.024193
        Phase2 Epoch 200/250: loss=0.015515
        Phase2 Epoch 250/250: loss=0.010395
        E_mu=0.1882  E_Sigma=0.4395
  Stage 2 epoch 60/300: loss=0.043978
  Stage 2 epoch 120/300: loss=0.038963
  Stage 2 epoch 180/300: loss=0.043681
  Stage 2 epoch 240/300: loss=0.040078
  Stage 2 epoch 300/300: loss=0.032501
  Stage 3 epoch 60/300: loss=0.064756
  Stage 3 epoch 120/300: loss=0.053502
  Stage 3 epoch 180/300: loss=0.044106
  Stage 3 epoch 240/300: loss=0.048153
  Stage 3 epoch 300/300: loss=0.046011
  MTE@0.1: 0.8691
  MTE@0.5: 1.9522
  MTE@1.0: 2.3838
  W2@1.0:  1.5565
  MMD@1.0: 0.1643
  Survival@1.0: 76.0%
      Condition: K(Phat)
        Phase2 Epoch 50/250: loss=0.029138
        Phase2 Epoch 100/250: loss=0.024535
        Phase2 Epoch 150/250: loss=0.011429
        Phase2 Epoch 200/250: loss=0.012456
        Phase2 Epoch 250/250: loss=0.011803
        E_mu=0.0833  E_Sigma=0.2073
  Stage 2 epoch 60/300: loss=0.028958
  Stage 2 epoch 120/300: loss=0.025632
  Stage 2 epoch 180/300: loss=0.029610
  Stage 2 epoch 240/300: loss=0.026084
  Stage 2 epoch 300/300: loss=0.019766
  Stage 3 epoch 60/300: loss=0.084550
  Stage 3 epoch 120/300: loss=0.062367
  Stage 3 epoch 180/300: loss=0.047130
  Stage 3 epoch 240/300: loss=0.030135
  Stage 3 epoch 300/300: loss=0.019174
  MTE@0.1: 1.0923
  MTE@0.5: 2.2581
  MTE@1.0: 2.5753
  W2@1.0:  1.5379
  MMD@1.0: 0.1837
  Survival@1.0: 76.0%
      baseline: W2=1.5565  E_mu=0.1882  E_Sig=0.4395
       K(Phat): W2=1.5379  E_mu=0.0833  E_Sig=0.2073

============================================================
  N=50 | D=11 (K=4) | paraboloid | seed=5042
============================================================
    Phase1 Epoch 50/250: loss=0.825767
    Phase1 Epoch 100/250: loss=0.608248
    Phase1 Epoch 150/250: loss=0.144815
    Phase1 Epoch 200/250: loss=0.040144
    Phase1 Epoch 250/250: loss=0.020591
      Condition: baseline
        Phase2 Epoch 50/250: loss=0.013879
        Phase2 Epoch 100/250: loss=0.009199
        Phase2 Epoch 150/250: loss=0.019906
        Phase2 Epoch 200/250: loss=0.004859
        Phase2 Epoch 250/250: loss=0.010941
        E_mu=0.1317  E_Sigma=0.2842
  Stage 2 epoch 60/300: loss=0.014848
  Stage 2 epoch 120/300: loss=0.011848
  Stage 2 epoch 180/300: loss=0.009814
  Stage 2 epoch 240/300: loss=0.008710
  Stage 2 epoch 300/300: loss=0.006738
  Stage 3 epoch 60/300: loss=0.030687
  Stage 3 epoch 120/300: loss=0.023942
  Stage 3 epoch 180/300: loss=0.019957
  Stage 3 epoch 240/300: loss=0.016325
  Stage 3 epoch 300/300: loss=0.014222
  MTE@0.1: 1.0839
  MTE@0.5: 2.1599
  MTE@1.0: 2.7733
  W2@1.0:  1.9073
  MMD@1.0: 0.2668
  Survival@1.0: 76.5%
      Condition: K(Phat)
        Phase2 Epoch 50/250: loss=0.022563
        Phase2 Epoch 100/250: loss=0.012401
        Phase2 Epoch 150/250: loss=0.010563
        Phase2 Epoch 200/250: loss=0.006999
        Phase2 Epoch 250/250: loss=0.007220
        E_mu=0.0461  E_Sigma=0.0922
  Stage 2 epoch 60/300: loss=0.008516
  Stage 2 epoch 120/300: loss=0.006713
  Stage 2 epoch 180/300: loss=0.005715
  Stage 2 epoch 240/300: loss=0.005311
  Stage 2 epoch 300/300: loss=0.004084
  Stage 3 epoch 60/300: loss=0.024050
  Stage 3 epoch 120/300: loss=0.017714
  Stage 3 epoch 180/300: loss=0.014072
  Stage 3 epoch 240/300: loss=0.010413
  Stage 3 epoch 300/300: loss=0.008685
  MTE@0.1: 1.0708
  MTE@0.5: 2.1436
  MTE@1.0: 2.7529
  W2@1.0:  1.8873
  MMD@1.0: 0.2693
  Survival@1.0: 76.5%
      baseline: W2=1.9073  E_mu=0.1317  E_Sig=0.2842
       K(Phat): W2=1.8873  E_mu=0.0461  E_Sig=0.0922

============================================================
  N=50 | D=11 (K=4) | paraboloid | seed=6042
============================================================
    Phase1 Epoch 50/250: loss=0.773116
    Phase1 Epoch 100/250: loss=0.359394
    Phase1 Epoch 150/250: loss=0.054046
    Phase1 Epoch 200/250: loss=0.023255
    Phase1 Epoch 250/250: loss=0.011394
      Condition: baseline
        Phase2 Epoch 50/250: loss=0.007581
        Phase2 Epoch 100/250: loss=0.008212
        Phase2 Epoch 150/250: loss=0.009554
        Phase2 Epoch 200/250: loss=0.003078
        Phase2 Epoch 250/250: loss=0.002121
        E_mu=0.0489  E_Sigma=0.0411
  Stage 2 epoch 60/300: loss=0.029727
  Stage 2 epoch 120/300: loss=0.018912
  Stage 2 epoch 180/300: loss=0.008320
  Stage 2 epoch 240/300: loss=0.005368
  Stage 2 epoch 300/300: loss=0.003649
  Stage 3 epoch 60/300: loss=0.093286
  Stage 3 epoch 120/300: loss=0.026390
  Stage 3 epoch 180/300: loss=0.014200
  Stage 3 epoch 240/300: loss=0.013116
  Stage 3 epoch 300/300: loss=0.007085
  MTE@0.1: 1.1571
  MTE@0.5: 2.3861
  MTE@1.0: 2.8039
  W2@1.0:  1.8913
  MMD@1.0: 0.2664
  Survival@1.0: 73.0%
      Condition: K(Phat)
        Phase2 Epoch 50/250: loss=0.014870
        Phase2 Epoch 100/250: loss=0.005399
        Phase2 Epoch 150/250: loss=0.013994
        Phase2 Epoch 200/250: loss=0.008561
        Phase2 Epoch 250/250: loss=0.004820
        E_mu=0.0456  E_Sigma=0.1635
  Stage 2 epoch 60/300: loss=0.023666
  Stage 2 epoch 120/300: loss=0.014819
  Stage 2 epoch 180/300: loss=0.006552
  Stage 2 epoch 240/300: loss=0.004859
  Stage 2 epoch 300/300: loss=0.003131
  Stage 3 epoch 60/300: loss=0.098309
  Stage 3 epoch 120/300: loss=0.028763
  Stage 3 epoch 180/300: loss=0.013863
  Stage 3 epoch 240/300: loss=0.013156
  Stage 3 epoch 300/300: loss=0.008038
  MTE@0.1: 1.1554
  MTE@0.5: 2.3535
  MTE@1.0: 2.7604
  W2@1.0:  1.8859
  MMD@1.0: 0.2654
  Survival@1.0: 73.0%
      baseline: W2=1.8913  E_mu=0.0489  E_Sig=0.0411
       K(Phat): W2=1.8859  E_mu=0.0456  E_Sig=0.1635

============================================================
  N=50 | D=11 (K=4) | paraboloid | seed=7042
============================================================
    Phase1 Epoch 50/250: loss=0.792357
    Phase1 Epoch 100/250: loss=0.259551
    Phase1 Epoch 150/250: loss=0.058070
    Phase1 Epoch 200/250: loss=0.045266
    Phase1 Epoch 250/250: loss=0.023637
      Condition: baseline
        Phase2 Epoch 50/250: loss=0.027884
        Phase2 Epoch 100/250: loss=0.015863
        Phase2 Epoch 150/250: loss=0.010168
        Phase2 Epoch 200/250: loss=0.012704
        Phase2 Epoch 250/250: loss=0.013703
        E_mu=0.0813  E_Sigma=0.1941
  Stage 2 epoch 60/300: loss=0.115051
  Stage 2 epoch 120/300: loss=0.068903
  Stage 2 epoch 180/300: loss=0.022020
  Stage 2 epoch 240/300: loss=0.010907
  Stage 2 epoch 300/300: loss=0.007970
  Stage 3 epoch 60/300: loss=0.045504
  Stage 3 epoch 120/300: loss=0.035588
  Stage 3 epoch 180/300: loss=0.030673
  Stage 3 epoch 240/300: loss=0.029168
  Stage 3 epoch 300/300: loss=0.030573
  MTE@0.1: 1.0783
  MTE@0.5: 2.1669
  MTE@1.0: 2.7333
  W2@1.0:  1.9452
  MMD@1.0: 0.2286
  Survival@1.0: 76.5%
      Condition: K(Phat)
        Phase2 Epoch 50/250: loss=0.038013
        Phase2 Epoch 100/250: loss=0.016362
        Phase2 Epoch 150/250: loss=0.011037
        Phase2 Epoch 200/250: loss=0.007879
        Phase2 Epoch 250/250: loss=0.006592
        E_mu=0.0368  E_Sigma=0.0561
  Stage 2 epoch 60/300: loss=0.130181
  Stage 2 epoch 120/300: loss=0.061236
  Stage 2 epoch 180/300: loss=0.018078
  Stage 2 epoch 240/300: loss=0.009320
  Stage 2 epoch 300/300: loss=0.007240
  Stage 3 epoch 60/300: loss=0.042040
  Stage 3 epoch 120/300: loss=0.027447
  Stage 3 epoch 180/300: loss=0.021765
  Stage 3 epoch 240/300: loss=0.017323
  Stage 3 epoch 300/300: loss=0.015929
  MTE@0.1: 1.0768
  MTE@0.5: 2.1558
  MTE@1.0: 2.7373
  W2@1.0:  1.9243
  MMD@1.0: 0.2423
  Survival@1.0: 76.5%
      baseline: W2=1.9452  E_mu=0.0813  E_Sig=0.1941
       K(Phat): W2=1.9243  E_mu=0.0368  E_Sig=0.0561

============================================================
  N=50 | D=11 (K=4) | paraboloid | seed=8042
============================================================
    Phase1 Epoch 50/250: loss=0.600130
    Phase1 Epoch 100/250: loss=0.141434
    Phase1 Epoch 150/250: loss=0.075239
    Phase1 Epoch 200/250: loss=0.026600
    Phase1 Epoch 250/250: loss=0.024869
      Condition: baseline
        Phase2 Epoch 50/250: loss=0.021678
        Phase2 Epoch 100/250: loss=0.014572
        Phase2 Epoch 150/250: loss=0.005698
        Phase2 Epoch 200/250: loss=0.005196
        Phase2 Epoch 250/250: loss=0.004045
        E_mu=0.1116  E_Sigma=0.1091
  Stage 2 epoch 60/300: loss=0.024672
  Stage 2 epoch 120/300: loss=0.025280
  Stage 2 epoch 180/300: loss=0.020542
  Stage 2 epoch 240/300: loss=0.020117
  Stage 2 epoch 300/300: loss=0.015969
  Stage 3 epoch 60/300: loss=0.105537
  Stage 3 epoch 120/300: loss=0.057817
  Stage 3 epoch 180/300: loss=0.048866
  Stage 3 epoch 240/300: loss=0.044199
  Stage 3 epoch 300/300: loss=0.047783
  MTE@0.1: 0.8898
  MTE@0.5: 1.8954
  MTE@1.0: 2.1714
  W2@1.0:  1.4981
  MMD@1.0: 0.1444
  Survival@1.0: 79.5%
      Condition: K(Phat)
        Phase2 Epoch 50/250: loss=0.021374
        Phase2 Epoch 100/250: loss=0.011595
        Phase2 Epoch 150/250: loss=0.014848
        Phase2 Epoch 200/250: loss=0.010233
        Phase2 Epoch 250/250: loss=0.008159
        E_mu=0.0641  E_Sigma=0.1462
  Stage 2 epoch 60/300: loss=0.036677
  Stage 2 epoch 120/300: loss=0.033362
  Stage 2 epoch 180/300: loss=0.019549
  Stage 2 epoch 240/300: loss=0.013990
  Stage 2 epoch 300/300: loss=0.009313
  Stage 3 epoch 60/300: loss=0.070830
  Stage 3 epoch 120/300: loss=0.054290
  Stage 3 epoch 180/300: loss=0.046055
  Stage 3 epoch 240/300: loss=0.040544
  Stage 3 epoch 300/300: loss=0.043111
  MTE@0.1: 0.8773
  MTE@0.5: 1.8614
  MTE@1.0: 2.1384
  W2@1.0:  1.5049
  MMD@1.0: 0.1353
  Survival@1.0: 79.5%
      baseline: W2=1.4981  E_mu=0.1116  E_Sig=0.1091
       K(Phat): W2=1.5049  E_mu=0.0641  E_Sig=0.1462

============================================================
  N=50 | D=11 (K=4) | paraboloid | seed=9042
============================================================
    Phase1 Epoch 50/250: loss=0.779542
    Phase1 Epoch 100/250: loss=0.114457
    Phase1 Epoch 150/250: loss=0.037701
    Phase1 Epoch 200/250: loss=0.020369
    Phase1 Epoch 250/250: loss=0.018775
      Condition: baseline
        Phase2 Epoch 50/250: loss=0.008860
        Phase2 Epoch 100/250: loss=0.039881
        Phase2 Epoch 150/250: loss=0.008625
        Phase2 Epoch 200/250: loss=0.004341
        Phase2 Epoch 250/250: loss=0.004433
        E_mu=0.0686  E_Sigma=0.0658
  Stage 2 epoch 60/300: loss=0.062844
  Stage 2 epoch 120/300: loss=0.032871
  Stage 2 epoch 180/300: loss=0.016801
  Stage 2 epoch 240/300: loss=0.009171
  Stage 2 epoch 300/300: loss=0.006793
  Stage 3 epoch 60/300: loss=0.183064
  Stage 3 epoch 120/300: loss=0.045711
  Stage 3 epoch 180/300: loss=0.029797
  Stage 3 epoch 240/300: loss=0.021354
  Stage 3 epoch 300/300: loss=0.015983
  MTE@0.1: 0.5797
  MTE@0.5: 1.4633
  MTE@1.0: 2.3405
  W2@1.0:  2.0848
  MMD@1.0: 0.3213
  Survival@1.0: 76.0%
      Condition: K(Phat)
        Phase2 Epoch 50/250: loss=0.016916
        Phase2 Epoch 100/250: loss=0.088808
        Phase2 Epoch 150/250: loss=0.020465
        Phase2 Epoch 200/250: loss=0.019909
        Phase2 Epoch 250/250: loss=0.004683
        E_mu=0.0418  E_Sigma=0.0476
  Stage 2 epoch 60/300: loss=0.078896
  Stage 2 epoch 120/300: loss=0.035572
  Stage 2 epoch 180/300: loss=0.015807
  Stage 2 epoch 240/300: loss=0.008149
  Stage 2 epoch 300/300: loss=0.005900
  Stage 3 epoch 60/300: loss=0.184409
  Stage 3 epoch 120/300: loss=0.047828
  Stage 3 epoch 180/300: loss=0.026735
  Stage 3 epoch 240/300: loss=0.018534
  Stage 3 epoch 300/300: loss=0.013277
  MTE@0.1: 0.5839
  MTE@0.5: 1.4630
  MTE@1.0: 2.3222
  W2@1.0:  2.0463
  MMD@1.0: 0.3241
  Survival@1.0: 76.0%
      baseline: W2=2.0848  E_mu=0.0686  E_Sig=0.0658
       K(Phat): W2=2.0463  E_mu=0.0418  E_Sig=0.0476

============================================================
  N=50 | D=11 (K=4) | hyperbolic_paraboloid | seed=42
============================================================
    Phase1 Epoch 50/250: loss=0.197449
    Phase1 Epoch 100/250: loss=0.039952
    Phase1 Epoch 150/250: loss=0.026846
    Phase1 Epoch 200/250: loss=0.015397
    Phase1 Epoch 250/250: loss=0.018461
      Condition: baseline
        Phase2 Epoch 50/250: loss=0.012262
        Phase2 Epoch 100/250: loss=0.004469
        Phase2 Epoch 150/250: loss=0.003650
        Phase2 Epoch 200/250: loss=0.003516
        Phase2 Epoch 250/250: loss=0.003840
        E_mu=0.0767  E_Sigma=0.1277
  Stage 2 epoch 60/300: loss=0.018155
  Stage 2 epoch 120/300: loss=0.013109
  Stage 2 epoch 180/300: loss=0.010104
  Stage 2 epoch 240/300: loss=0.006178
  Stage 2 epoch 300/300: loss=0.004357
  Stage 3 epoch 60/300: loss=0.056767
  Stage 3 epoch 120/300: loss=0.037056
  Stage 3 epoch 180/300: loss=0.028191
  Stage 3 epoch 240/300: loss=0.027138
  Stage 3 epoch 300/300: loss=0.024226
  MTE@0.1: 0.9212
  MTE@0.5: 2.2020
  MTE@1.0: 2.7920
  W2@1.0:  1.6333
  MMD@1.0: 0.1809
  Survival@1.0: 76.5%
      Condition: K(Phat)
        Phase2 Epoch 50/250: loss=0.012276
        Phase2 Epoch 100/250: loss=0.006911
        Phase2 Epoch 150/250: loss=0.004227
        Phase2 Epoch 200/250: loss=0.003290
        Phase2 Epoch 250/250: loss=0.002324
        E_mu=0.0305  E_Sigma=0.0311
  Stage 2 epoch 60/300: loss=0.013362
  Stage 2 epoch 120/300: loss=0.008983
  Stage 2 epoch 180/300: loss=0.006640
  Stage 2 epoch 240/300: loss=0.004340
  Stage 2 epoch 300/300: loss=0.003134
  Stage 3 epoch 60/300: loss=0.054707
  Stage 3 epoch 120/300: loss=0.036883
  Stage 3 epoch 180/300: loss=0.027781
  Stage 3 epoch 240/300: loss=0.026294
  Stage 3 epoch 300/300: loss=0.023332
  MTE@0.1: 0.9137
  MTE@0.5: 2.1804
  MTE@1.0: 2.7384
  W2@1.0:  1.5658
  MMD@1.0: 0.1663
  Survival@1.0: 76.5%
      baseline: W2=1.6333  E_mu=0.0767  E_Sig=0.1277
       K(Phat): W2=1.5658  E_mu=0.0305  E_Sig=0.0311

============================================================
  N=50 | D=11 (K=4) | hyperbolic_paraboloid | seed=1042
============================================================
    Phase1 Epoch 50/250: loss=0.693594
    Phase1 Epoch 100/250: loss=0.364512
    Phase1 Epoch 150/250: loss=0.044817
    Phase1 Epoch 200/250: loss=0.008553
    Phase1 Epoch 250/250: loss=0.004632
      Condition: baseline
        Phase2 Epoch 50/250: loss=0.004269
        Phase2 Epoch 100/250: loss=0.005179
        Phase2 Epoch 150/250: loss=0.002096
        Phase2 Epoch 200/250: loss=0.002192
        Phase2 Epoch 250/250: loss=0.001840
        E_mu=0.0474  E_Sigma=0.0467
  Stage 2 epoch 60/300: loss=0.021353
  Stage 2 epoch 120/300: loss=0.012670
  Stage 2 epoch 180/300: loss=0.007986
  Stage 2 epoch 240/300: loss=0.006305
  Stage 2 epoch 300/300: loss=0.004921
  Stage 3 epoch 60/300: loss=0.025176
  Stage 3 epoch 120/300: loss=0.021226
  Stage 3 epoch 180/300: loss=0.008137
  Stage 3 epoch 240/300: loss=0.004305
  Stage 3 epoch 300/300: loss=0.003388
  MTE@0.1: 1.1257
  MTE@0.5: 2.0798
  MTE@1.0: 2.8183
  W2@1.0:  1.5954
  MMD@1.0: 0.2142
  Survival@1.0: 72.0%
      Condition: K(Phat)
        Phase2 Epoch 50/250: loss=0.007129
        Phase2 Epoch 100/250: loss=0.009544
        Phase2 Epoch 150/250: loss=0.002179
        Phase2 Epoch 200/250: loss=0.001797
        Phase2 Epoch 250/250: loss=0.001492
        E_mu=0.0276  E_Sigma=0.0283
  Stage 2 epoch 60/300: loss=0.024260
  Stage 2 epoch 120/300: loss=0.012763
  Stage 2 epoch 180/300: loss=0.006072
  Stage 2 epoch 240/300: loss=0.003993
  Stage 2 epoch 300/300: loss=0.003170
  Stage 3 epoch 60/300: loss=0.029837
  Stage 3 epoch 120/300: loss=0.025709
  Stage 3 epoch 180/300: loss=0.008966
  Stage 3 epoch 240/300: loss=0.003955
  Stage 3 epoch 300/300: loss=0.002985
  MTE@0.1: 1.1287
  MTE@0.5: 2.0948
  MTE@1.0: 2.8686
  W2@1.0:  1.6373
  MMD@1.0: 0.2174
  Survival@1.0: 72.0%
      baseline: W2=1.5954  E_mu=0.0474  E_Sig=0.0467
       K(Phat): W2=1.6373  E_mu=0.0276  E_Sig=0.0283

============================================================
  N=50 | D=11 (K=4) | hyperbolic_paraboloid | seed=2042
============================================================
    Phase1 Epoch 50/250: loss=0.816151
    Phase1 Epoch 100/250: loss=0.603088
    Phase1 Epoch 150/250: loss=0.132372
    Phase1 Epoch 200/250: loss=0.034036
    Phase1 Epoch 250/250: loss=0.010403
      Condition: baseline
        Phase2 Epoch 50/250: loss=0.009169
        Phase2 Epoch 100/250: loss=0.005337
        Phase2 Epoch 150/250: loss=0.012032
        Phase2 Epoch 200/250: loss=0.001872
        Phase2 Epoch 250/250: loss=0.001531
        E_mu=0.0414  E_Sigma=0.0380
  Stage 2 epoch 60/300: loss=0.010083
  Stage 2 epoch 120/300: loss=0.009436
  Stage 2 epoch 180/300: loss=0.008257
  Stage 2 epoch 240/300: loss=0.006933
  Stage 2 epoch 300/300: loss=0.005343
  Stage 3 epoch 60/300: loss=0.105809
  Stage 3 epoch 120/300: loss=0.025493
  Stage 3 epoch 180/300: loss=0.012370
  Stage 3 epoch 240/300: loss=0.007451
  Stage 3 epoch 300/300: loss=0.005099
  MTE@0.1: 1.5442
  MTE@0.5: 3.0027
  MTE@1.0: 3.4170
  W2@1.0:  1.8029
  MMD@1.0: 0.2138
  Survival@1.0: 78.5%
      Condition: K(Phat)
        Phase2 Epoch 50/250: loss=0.016081
        Phase2 Epoch 100/250: loss=0.010419
        Phase2 Epoch 150/250: loss=0.003159
        Phase2 Epoch 200/250: loss=0.002265
        Phase2 Epoch 250/250: loss=0.001678
        E_mu=0.0283  E_Sigma=0.0247
  Stage 2 epoch 60/300: loss=0.007532
  Stage 2 epoch 120/300: loss=0.007553
  Stage 2 epoch 180/300: loss=0.006675
  Stage 2 epoch 240/300: loss=0.005716
  Stage 2 epoch 300/300: loss=0.004526
  Stage 3 epoch 60/300: loss=0.105116
  Stage 3 epoch 120/300: loss=0.025283
  Stage 3 epoch 180/300: loss=0.011898
  Stage 3 epoch 240/300: loss=0.006686
  Stage 3 epoch 300/300: loss=0.004974
  MTE@0.1: 1.5451
  MTE@0.5: 3.0117
  MTE@1.0: 3.4346
  W2@1.0:  1.8511
  MMD@1.0: 0.2162
  Survival@1.0: 78.5%
      baseline: W2=1.8029  E_mu=0.0414  E_Sig=0.0380
       K(Phat): W2=1.8511  E_mu=0.0283  E_Sig=0.0247

============================================================
  N=50 | D=11 (K=4) | hyperbolic_paraboloid | seed=3042
============================================================
    Phase1 Epoch 50/250: loss=0.814108
    Phase1 Epoch 100/250: loss=0.104801
    Phase1 Epoch 150/250: loss=0.046756
    Phase1 Epoch 200/250: loss=0.016462
    Phase1 Epoch 250/250: loss=0.015131
      Condition: baseline
        Phase2 Epoch 50/250: loss=0.011367
        Phase2 Epoch 100/250: loss=0.009092
        Phase2 Epoch 150/250: loss=0.004955
        Phase2 Epoch 200/250: loss=0.005025
        Phase2 Epoch 250/250: loss=0.003340
        E_mu=0.0362  E_Sigma=0.0573
  Stage 2 epoch 60/300: loss=0.013710
  Stage 2 epoch 120/300: loss=0.009153
  Stage 2 epoch 180/300: loss=0.008999
  Stage 2 epoch 240/300: loss=0.004369
  Stage 2 epoch 300/300: loss=0.003657
  Stage 3 epoch 60/300: loss=0.104852
  Stage 3 epoch 120/300: loss=0.083075
  Stage 3 epoch 180/300: loss=0.068216
  Stage 3 epoch 240/300: loss=0.050866
  Stage 3 epoch 300/300: loss=0.033332
  MTE@0.1: 1.1069
  MTE@0.5: 2.2894
  MTE@1.0: 2.8749
  W2@1.0:  1.3471
  MMD@1.0: 0.1531
  Survival@1.0: 74.5%
      Condition: K(Phat)
        Phase2 Epoch 50/250: loss=0.016251
        Phase2 Epoch 100/250: loss=0.010384
        Phase2 Epoch 150/250: loss=0.010593
        Phase2 Epoch 200/250: loss=0.010443
        Phase2 Epoch 250/250: loss=0.007764
        E_mu=0.0341  E_Sigma=0.0838
  Stage 2 epoch 60/300: loss=0.008180
  Stage 2 epoch 120/300: loss=0.006085
  Stage 2 epoch 180/300: loss=0.004864
  Stage 2 epoch 240/300: loss=0.003209
  Stage 2 epoch 300/300: loss=0.002646
  Stage 3 epoch 60/300: loss=0.106197
  Stage 3 epoch 120/300: loss=0.082341
  Stage 3 epoch 180/300: loss=0.067274
  Stage 3 epoch 240/300: loss=0.051379
  Stage 3 epoch 300/300: loss=0.032873
  MTE@0.1: 1.1152
  MTE@0.5: 2.2997
  MTE@1.0: 2.8307
  W2@1.0:  1.2909
  MMD@1.0: 0.1371
  Survival@1.0: 74.5%
      baseline: W2=1.3471  E_mu=0.0362  E_Sig=0.0573
       K(Phat): W2=1.2909  E_mu=0.0341  E_Sig=0.0838

============================================================
  N=50 | D=11 (K=4) | hyperbolic_paraboloid | seed=4042
============================================================
    Phase1 Epoch 50/250: loss=0.789422
    Phase1 Epoch 100/250: loss=0.069440
    Phase1 Epoch 150/250: loss=0.021102
    Phase1 Epoch 200/250: loss=0.020921
    Phase1 Epoch 250/250: loss=0.013716
      Condition: baseline
        Phase2 Epoch 50/250: loss=0.004166
        Phase2 Epoch 100/250: loss=0.005561
        Phase2 Epoch 150/250: loss=0.006979
        Phase2 Epoch 200/250: loss=0.001702
        Phase2 Epoch 250/250: loss=0.001272
        E_mu=0.0280  E_Sigma=0.0242
  Stage 2 epoch 60/300: loss=0.014984
  Stage 2 epoch 120/300: loss=0.014229
  Stage 2 epoch 180/300: loss=0.014566
  Stage 2 epoch 240/300: loss=0.009275
  Stage 2 epoch 300/300: loss=0.004345
  Stage 3 epoch 60/300: loss=0.030350
  Stage 3 epoch 120/300: loss=0.008363
  Stage 3 epoch 180/300: loss=0.005864
  Stage 3 epoch 240/300: loss=0.005051
  Stage 3 epoch 300/300: loss=0.004566
  MTE@0.1: 1.5462
  MTE@0.5: 2.8495
  MTE@1.0: 3.0986
  W2@1.0:  1.4506
  MMD@1.0: 0.1855
  Survival@1.0: 76.0%
      Condition: K(Phat)
        Phase2 Epoch 50/250: loss=0.006229
        Phase2 Epoch 100/250: loss=0.005958
        Phase2 Epoch 150/250: loss=0.004839
        Phase2 Epoch 200/250: loss=0.007348
        Phase2 Epoch 250/250: loss=0.001649
        E_mu=0.0157  E_Sigma=0.0323
  Stage 2 epoch 60/300: loss=0.009845
  Stage 2 epoch 120/300: loss=0.008291
  Stage 2 epoch 180/300: loss=0.007874
  Stage 2 epoch 240/300: loss=0.005137
  Stage 2 epoch 300/300: loss=0.002672
  Stage 3 epoch 60/300: loss=0.032990
  Stage 3 epoch 120/300: loss=0.008864
  Stage 3 epoch 180/300: loss=0.005330
  Stage 3 epoch 240/300: loss=0.004159
  Stage 3 epoch 300/300: loss=0.003497
  MTE@0.1: 1.5448
  MTE@0.5: 2.8368
  MTE@1.0: 3.0484
  W2@1.0:  1.4348
  MMD@1.0: 0.1824
  Survival@1.0: 76.0%
      baseline: W2=1.4506  E_mu=0.0280  E_Sig=0.0242
       K(Phat): W2=1.4348  E_mu=0.0157  E_Sig=0.0323

============================================================
  N=50 | D=11 (K=4) | hyperbolic_paraboloid | seed=5042
============================================================
    Phase1 Epoch 50/250: loss=0.877577
    Phase1 Epoch 100/250: loss=0.652298
    Phase1 Epoch 150/250: loss=0.070618
    Phase1 Epoch 200/250: loss=0.029592
    Phase1 Epoch 250/250: loss=0.014209
      Condition: baseline
        Phase2 Epoch 50/250: loss=0.020331
        Phase2 Epoch 100/250: loss=0.016001
        Phase2 Epoch 150/250: loss=0.005144
        Phase2 Epoch 200/250: loss=0.005071
        Phase2 Epoch 250/250: loss=0.005477
        E_mu=0.0654  E_Sigma=0.1152
  Stage 2 epoch 60/300: loss=0.022473
  Stage 2 epoch 120/300: loss=0.014209
  Stage 2 epoch 180/300: loss=0.009917
  Stage 2 epoch 240/300: loss=0.008192
  Stage 2 epoch 300/300: loss=0.007540
  Stage 3 epoch 60/300: loss=0.068258
  Stage 3 epoch 120/300: loss=0.023667
  Stage 3 epoch 180/300: loss=0.012835
  Stage 3 epoch 240/300: loss=0.010429
  Stage 3 epoch 300/300: loss=0.009680
  MTE@0.1: 1.4168
  MTE@0.5: 2.6406
  MTE@1.0: 3.1509
  W2@1.0:  1.4244
  MMD@1.0: 0.1549
  Survival@1.0: 76.5%
      Condition: K(Phat)
        Phase2 Epoch 50/250: loss=0.026989
        Phase2 Epoch 100/250: loss=0.017996
        Phase2 Epoch 150/250: loss=0.005454
        Phase2 Epoch 200/250: loss=0.003913
        Phase2 Epoch 250/250: loss=0.002519
        E_mu=0.0292  E_Sigma=0.0536
  Stage 2 epoch 60/300: loss=0.019326
  Stage 2 epoch 120/300: loss=0.012875
  Stage 2 epoch 180/300: loss=0.009255
  Stage 2 epoch 240/300: loss=0.007652
  Stage 2 epoch 300/300: loss=0.006811
  Stage 3 epoch 60/300: loss=0.080410
  Stage 3 epoch 120/300: loss=0.023592
  Stage 3 epoch 180/300: loss=0.010038
  Stage 3 epoch 240/300: loss=0.007596
  Stage 3 epoch 300/300: loss=0.007407
  MTE@0.1: 1.4208
  MTE@0.5: 2.6461
  MTE@1.0: 3.1611
  W2@1.0:  1.4070
  MMD@1.0: 0.1512
  Survival@1.0: 76.5%
      baseline: W2=1.4244  E_mu=0.0654  E_Sig=0.1152
       K(Phat): W2=1.4070  E_mu=0.0292  E_Sig=0.0536

============================================================
  N=50 | D=11 (K=4) | hyperbolic_paraboloid | seed=6042
============================================================
    Phase1 Epoch 50/250: loss=0.822299
    Phase1 Epoch 100/250: loss=0.538850
    Phase1 Epoch 150/250: loss=0.078072
    Phase1 Epoch 200/250: loss=0.023857
    Phase1 Epoch 250/250: loss=0.028504
      Condition: baseline
        Phase2 Epoch 50/250: loss=0.008929
        Phase2 Epoch 100/250: loss=0.011205
        Phase2 Epoch 150/250: loss=0.006713
        Phase2 Epoch 200/250: loss=0.004192
        Phase2 Epoch 250/250: loss=0.003454
        E_mu=0.0530  E_Sigma=0.1498
  Stage 2 epoch 60/300: loss=0.009192
  Stage 2 epoch 120/300: loss=0.009750
  Stage 2 epoch 180/300: loss=0.007405
  Stage 2 epoch 240/300: loss=0.007730
  Stage 2 epoch 300/300: loss=0.005340
  Stage 3 epoch 60/300: loss=0.047730
  Stage 3 epoch 120/300: loss=0.034114
  Stage 3 epoch 180/300: loss=0.029757
  Stage 3 epoch 240/300: loss=0.025815
  Stage 3 epoch 300/300: loss=0.020188
  MTE@0.1: 0.9109
  MTE@0.5: 1.8106
  MTE@1.0: 2.2270
  W2@1.0:  1.2070
  MMD@1.0: 0.1193
  Survival@1.0: 73.0%
      Condition: K(Phat)
        Phase2 Epoch 50/250: loss=0.020018
        Phase2 Epoch 100/250: loss=0.009379
        Phase2 Epoch 150/250: loss=0.007464
        Phase2 Epoch 200/250: loss=0.002980
        Phase2 Epoch 250/250: loss=0.006864
        E_mu=0.0479  E_Sigma=0.2995
  Stage 2 epoch 60/300: loss=0.006317
  Stage 2 epoch 120/300: loss=0.007053
  Stage 2 epoch 180/300: loss=0.005914
  Stage 2 epoch 240/300: loss=0.006431
  Stage 2 epoch 300/300: loss=0.004625
  Stage 3 epoch 60/300: loss=0.051401
  Stage 3 epoch 120/300: loss=0.035995
  Stage 3 epoch 180/300: loss=0.030645
  Stage 3 epoch 240/300: loss=0.027309
  Stage 3 epoch 300/300: loss=0.022370
  MTE@0.1: 0.9220
  MTE@0.5: 1.8257
  MTE@1.0: 2.2124
  W2@1.0:  1.1949
  MMD@1.0: 0.1190
  Survival@1.0: 73.0%
      baseline: W2=1.2070  E_mu=0.0530  E_Sig=0.1498
       K(Phat): W2=1.1949  E_mu=0.0479  E_Sig=0.2995

============================================================
  N=50 | D=11 (K=4) | hyperbolic_paraboloid | seed=7042
============================================================
    Phase1 Epoch 50/250: loss=0.889581
    Phase1 Epoch 100/250: loss=0.505009
    Phase1 Epoch 150/250: loss=0.062865
    Phase1 Epoch 200/250: loss=0.018465
    Phase1 Epoch 250/250: loss=0.019084
      Condition: baseline
        Phase2 Epoch 50/250: loss=0.013400
        Phase2 Epoch 100/250: loss=0.025883
        Phase2 Epoch 150/250: loss=0.007287
        Phase2 Epoch 200/250: loss=0.003969
        Phase2 Epoch 250/250: loss=0.002708
        E_mu=0.0287  E_Sigma=0.0508
  Stage 2 epoch 60/300: loss=0.018202
  Stage 2 epoch 120/300: loss=0.017897
  Stage 2 epoch 180/300: loss=0.012108
  Stage 2 epoch 240/300: loss=0.006913
  Stage 2 epoch 300/300: loss=0.006486
  Stage 3 epoch 60/300: loss=0.040557
  Stage 3 epoch 120/300: loss=0.024592
  Stage 3 epoch 180/300: loss=0.016450
  Stage 3 epoch 240/300: loss=0.012675
  Stage 3 epoch 300/300: loss=0.011455
  MTE@0.1: 1.1426
  MTE@0.5: 2.3077
  MTE@1.0: 2.6236
  W2@1.0:  1.5911
  MMD@1.0: 0.2077
  Survival@1.0: 76.5%
      Condition: K(Phat)
        Phase2 Epoch 50/250: loss=0.018561
        Phase2 Epoch 100/250: loss=0.009053
        Phase2 Epoch 150/250: loss=0.019482
        Phase2 Epoch 200/250: loss=0.008924
        Phase2 Epoch 250/250: loss=0.003376
        E_mu=0.0170  E_Sigma=0.0297
  Stage 2 epoch 60/300: loss=0.014513
  Stage 2 epoch 120/300: loss=0.013457
  Stage 2 epoch 180/300: loss=0.009464
  Stage 2 epoch 240/300: loss=0.006012
  Stage 2 epoch 300/300: loss=0.005861
  Stage 3 epoch 60/300: loss=0.040610
  Stage 3 epoch 120/300: loss=0.023892
  Stage 3 epoch 180/300: loss=0.014754
  Stage 3 epoch 240/300: loss=0.010783
  Stage 3 epoch 300/300: loss=0.010185
  MTE@0.1: 1.1311
  MTE@0.5: 2.3022
  MTE@1.0: 2.6197
  W2@1.0:  1.6010
  MMD@1.0: 0.2065
  Survival@1.0: 76.5%
      baseline: W2=1.5911  E_mu=0.0287  E_Sig=0.0508
       K(Phat): W2=1.6010  E_mu=0.0170  E_Sig=0.0297

============================================================
  N=50 | D=11 (K=4) | hyperbolic_paraboloid | seed=8042
============================================================
    Phase1 Epoch 50/250: loss=0.623626
    Phase1 Epoch 100/250: loss=0.074024
    Phase1 Epoch 150/250: loss=0.028555
    Phase1 Epoch 200/250: loss=0.015817
    Phase1 Epoch 250/250: loss=0.015946
      Condition: baseline
        Phase2 Epoch 50/250: loss=0.005564
        Phase2 Epoch 100/250: loss=0.013814
        Phase2 Epoch 150/250: loss=0.006981
        Phase2 Epoch 200/250: loss=0.018086
        Phase2 Epoch 250/250: loss=0.002439
        E_mu=0.0291  E_Sigma=0.1060
  Stage 2 epoch 60/300: loss=0.013161
  Stage 2 epoch 120/300: loss=0.011104
  Stage 2 epoch 180/300: loss=0.008092
  Stage 2 epoch 240/300: loss=0.006654
  Stage 2 epoch 300/300: loss=0.004420
  Stage 3 epoch 60/300: loss=0.031336
  Stage 3 epoch 120/300: loss=0.013181
  Stage 3 epoch 180/300: loss=0.011902
  Stage 3 epoch 240/300: loss=0.008387
  Stage 3 epoch 300/300: loss=0.006624
  MTE@0.1: 1.1329
  MTE@0.5: 2.2415
  MTE@1.0: 2.3987
  W2@1.0:  1.2914
  MMD@1.0: 0.1417
  Survival@1.0: 79.5%
      Condition: K(Phat)
        Phase2 Epoch 50/250: loss=0.012395
        Phase2 Epoch 100/250: loss=0.004936
        Phase2 Epoch 150/250: loss=0.002748
        Phase2 Epoch 200/250: loss=0.002173
        Phase2 Epoch 250/250: loss=0.001602
        E_mu=0.0194  E_Sigma=0.0280
  Stage 2 epoch 60/300: loss=0.009072
  Stage 2 epoch 120/300: loss=0.006234
  Stage 2 epoch 180/300: loss=0.004917
  Stage 2 epoch 240/300: loss=0.003673
  Stage 2 epoch 300/300: loss=0.002812
  Stage 3 epoch 60/300: loss=0.076819
  Stage 3 epoch 120/300: loss=0.058336
  Stage 3 epoch 180/300: loss=0.046709
  Stage 3 epoch 240/300: loss=0.039306
  Stage 3 epoch 300/300: loss=0.032832
  MTE@0.1: 1.3579
  MTE@0.5: 2.4039
  MTE@1.0: 2.8683
  W2@1.0:  1.4705
  MMD@1.0: 0.1657
  Survival@1.0: 79.5%
      baseline: W2=1.2914  E_mu=0.0291  E_Sig=0.1060
       K(Phat): W2=1.4705  E_mu=0.0194  E_Sig=0.0280

============================================================
  N=50 | D=11 (K=4) | hyperbolic_paraboloid | seed=9042
============================================================
    Phase1 Epoch 50/250: loss=0.837749
    Phase1 Epoch 100/250: loss=0.138757
    Phase1 Epoch 150/250: loss=0.042233
    Phase1 Epoch 200/250: loss=0.020660
    Phase1 Epoch 250/250: loss=0.011527
      Condition: baseline
        Phase2 Epoch 50/250: loss=0.009418
        Phase2 Epoch 100/250: loss=0.003768
        Phase2 Epoch 150/250: loss=0.002870
        Phase2 Epoch 200/250: loss=0.002050
        Phase2 Epoch 250/250: loss=0.001866
        E_mu=0.0207  E_Sigma=0.0339
  Stage 2 epoch 60/300: loss=0.023141
  Stage 2 epoch 120/300: loss=0.016656
  Stage 2 epoch 180/300: loss=0.011311
  Stage 2 epoch 240/300: loss=0.006535
  Stage 2 epoch 300/300: loss=0.004380
  Stage 3 epoch 60/300: loss=0.111058
  Stage 3 epoch 120/300: loss=0.019696
  Stage 3 epoch 180/300: loss=0.013949
  Stage 3 epoch 240/300: loss=0.009385
  Stage 3 epoch 300/300: loss=0.006349
  MTE@0.1: 0.4925
  MTE@0.5: 1.2557
  MTE@1.0: 1.7652
  W2@1.0:  1.6128
  MMD@1.0: 0.1781
  Survival@1.0: 76.0%
      Condition: K(Phat)
        Phase2 Epoch 50/250: loss=0.018242
        Phase2 Epoch 100/250: loss=0.007532
        Phase2 Epoch 150/250: loss=0.002768
        Phase2 Epoch 200/250: loss=0.002543
        Phase2 Epoch 250/250: loss=0.001826
        E_mu=0.0155  E_Sigma=0.0273
  Stage 2 epoch 60/300: loss=0.020424
  Stage 2 epoch 120/300: loss=0.013562
  Stage 2 epoch 180/300: loss=0.008709
  Stage 2 epoch 240/300: loss=0.005378
  Stage 2 epoch 300/300: loss=0.003885
  Stage 3 epoch 60/300: loss=0.102197
  Stage 3 epoch 120/300: loss=0.018844
  Stage 3 epoch 180/300: loss=0.013316
  Stage 3 epoch 240/300: loss=0.008558
  Stage 3 epoch 300/300: loss=0.005617
  MTE@0.1: 0.4879
  MTE@0.5: 1.2363
  MTE@1.0: 1.7268
  W2@1.0:  1.5508
  MMD@1.0: 0.1649
  Survival@1.0: 76.0%
      baseline: W2=1.6128  E_mu=0.0207  E_Sig=0.0339
       K(Phat): W2=1.5508  E_mu=0.0155  E_Sig=0.0273

  N=50, D=11 completed in 664.3s (33.2s per fork)

============================================================
  N=50 | D=201 (K=99) | paraboloid | seed=42
============================================================
    Phase1 Epoch 50/250: loss=0.836408
    Phase1 Epoch 100/250: loss=0.760728
    Phase1 Epoch 150/250: loss=0.625073
    Phase1 Epoch 200/250: loss=0.407506
    Phase1 Epoch 250/250: loss=0.241989
      Condition: baseline
        Phase2 Epoch 50/250: loss=0.076799
        Phase2 Epoch 100/250: loss=0.057516
        Phase2 Epoch 150/250: loss=0.057727
        Phase2 Epoch 200/250: loss=0.042915
        Phase2 Epoch 250/250: loss=0.053837
        E_mu=0.6344  E_Sigma=1.1094
  Stage 2 epoch 60/300: loss=0.001028
  Stage 2 epoch 120/300: loss=0.000701
  Stage 2 epoch 180/300: loss=0.000576
  Stage 2 epoch 240/300: loss=0.000364
  Stage 2 epoch 300/300: loss=0.000233
  Stage 3 epoch 60/300: loss=0.000260
  Stage 3 epoch 120/300: loss=0.000117
  Stage 3 epoch 180/300: loss=0.000096
  Stage 3 epoch 240/300: loss=0.000074
  Stage 3 epoch 300/300: loss=0.000058
  MTE@0.1: 1.8252
  MTE@0.5: 3.1974
  MTE@1.0: 3.8321
  W2@1.0:  2.2898
  MMD@1.0: 0.2253
  Survival@1.0: 76.5%
      Condition: K(Phat)
        Phase2 Epoch 50/250: loss=0.084582
        Phase2 Epoch 100/250: loss=0.118487
        Phase2 Epoch 150/250: loss=0.029238
        Phase2 Epoch 200/250: loss=0.045151
        Phase2 Epoch 250/250: loss=0.029568
        E_mu=0.3731  E_Sigma=0.5327
  Stage 2 epoch 60/300: loss=0.001128
  Stage 2 epoch 120/300: loss=0.000616
  Stage 2 epoch 180/300: loss=0.000478
  Stage 2 epoch 240/300: loss=0.000311
  Stage 2 epoch 300/300: loss=0.000209
  Stage 3 epoch 60/300: loss=0.000266
  Stage 3 epoch 120/300: loss=0.000108
  Stage 3 epoch 180/300: loss=0.000079
  Stage 3 epoch 240/300: loss=0.000054
  Stage 3 epoch 300/300: loss=0.000038
  MTE@0.1: 1.6451
  MTE@0.5: 3.0946
  MTE@1.0: 3.8183
  W2@1.0:  2.3191
  MMD@1.0: 0.2074
  Survival@1.0: 76.5%
      baseline: W2=2.2898  E_mu=0.6344  E_Sig=1.1094
       K(Phat): W2=2.3191  E_mu=0.3731  E_Sig=0.5327

============================================================
  N=50 | D=201 (K=99) | paraboloid | seed=1042
============================================================
    Phase1 Epoch 50/250: loss=0.763786
    Phase1 Epoch 100/250: loss=0.630083
    Phase1 Epoch 150/250: loss=0.420751
    Phase1 Epoch 200/250: loss=0.245851
    Phase1 Epoch 250/250: loss=0.112899
      Condition: baseline
        Phase2 Epoch 50/250: loss=0.082649
        Phase2 Epoch 100/250: loss=0.064411
        Phase2 Epoch 150/250: loss=0.058208
        Phase2 Epoch 200/250: loss=0.039300
        Phase2 Epoch 250/250: loss=0.025333
        E_mu=0.4187  E_Sigma=0.5832
  Stage 2 epoch 60/300: loss=0.000510
  Stage 2 epoch 120/300: loss=0.000354
  Stage 2 epoch 180/300: loss=0.000243
  Stage 2 epoch 240/300: loss=0.000184
  Stage 2 epoch 300/300: loss=0.000148
  Stage 3 epoch 60/300: loss=0.000053
  Stage 3 epoch 120/300: loss=0.000046
  Stage 3 epoch 180/300: loss=0.000038
  Stage 3 epoch 240/300: loss=0.000036
  Stage 3 epoch 300/300: loss=0.000029
  MTE@0.1: 1.0548
  MTE@0.5: 1.8904
  MTE@1.0: 2.5963
  W2@1.0:  1.6321
  MMD@1.0: 0.2127
  Survival@1.0: 72.0%
      Condition: K(Phat)
        Phase2 Epoch 50/250: loss=0.089038
        Phase2 Epoch 100/250: loss=0.046632
        Phase2 Epoch 150/250: loss=0.047033
        Phase2 Epoch 200/250: loss=0.035153
        Phase2 Epoch 250/250: loss=0.036822
        E_mu=0.5070  E_Sigma=0.5908
  Stage 2 epoch 60/300: loss=0.000631
  Stage 2 epoch 120/300: loss=0.000433
  Stage 2 epoch 180/300: loss=0.000279
  Stage 2 epoch 240/300: loss=0.000197
  Stage 2 epoch 300/300: loss=0.000154
  Stage 3 epoch 60/300: loss=0.000058
  Stage 3 epoch 120/300: loss=0.000049
  Stage 3 epoch 180/300: loss=0.000040
  Stage 3 epoch 240/300: loss=0.000037
  Stage 3 epoch 300/300: loss=0.000030
  MTE@0.1: 1.0962
  MTE@0.5: 1.9506
  MTE@1.0: 2.6801
  W2@1.0:  1.7574
  MMD@1.0: 0.2436
  Survival@1.0: 72.0%
      baseline: W2=1.6321  E_mu=0.4187  E_Sig=0.5832
       K(Phat): W2=1.7574  E_mu=0.5070  E_Sig=0.5908

============================================================
  N=50 | D=201 (K=99) | paraboloid | seed=2042
============================================================
    Phase1 Epoch 50/250: loss=0.842978
    Phase1 Epoch 100/250: loss=0.936158
    Phase1 Epoch 150/250: loss=0.651387
    Phase1 Epoch 200/250: loss=0.528585
    Phase1 Epoch 250/250: loss=0.335170
      Condition: baseline
        Phase2 Epoch 50/250: loss=0.157197
        Phase2 Epoch 100/250: loss=0.104453
        Phase2 Epoch 150/250: loss=0.066628
        Phase2 Epoch 200/250: loss=0.067808
        Phase2 Epoch 250/250: loss=0.035324
        E_mu=0.4579  E_Sigma=0.8318
  Stage 2 epoch 60/300: loss=0.000775
  Stage 2 epoch 120/300: loss=0.000692
  Stage 2 epoch 180/300: loss=0.000486
  Stage 2 epoch 240/300: loss=0.000287
  Stage 2 epoch 300/300: loss=0.000224
  Stage 3 epoch 60/300: loss=0.000271
  Stage 3 epoch 120/300: loss=0.000155
  Stage 3 epoch 180/300: loss=0.000115
  Stage 3 epoch 240/300: loss=0.000087
  Stage 3 epoch 300/300: loss=0.000085
  MTE@0.1: 0.6423
  MTE@0.5: 1.6062
  MTE@1.0: 2.2410
  W2@1.0:  2.1550
  MMD@1.0: 0.2357
  Survival@1.0: 78.5%
      Condition: K(Phat)
        Phase2 Epoch 50/250: loss=0.145987
        Phase2 Epoch 100/250: loss=0.079414
        Phase2 Epoch 150/250: loss=0.062629
        Phase2 Epoch 200/250: loss=0.071524
        Phase2 Epoch 250/250: loss=0.030417
        E_mu=0.3932  E_Sigma=0.7943
  Stage 2 epoch 60/300: loss=0.000684
  Stage 2 epoch 120/300: loss=0.000590
  Stage 2 epoch 180/300: loss=0.000384
  Stage 2 epoch 240/300: loss=0.000212
  Stage 2 epoch 300/300: loss=0.000160
  Stage 3 epoch 60/300: loss=0.000246
  Stage 3 epoch 120/300: loss=0.000130
  Stage 3 epoch 180/300: loss=0.000097
  Stage 3 epoch 240/300: loss=0.000077
  Stage 3 epoch 300/300: loss=0.000074
  MTE@0.1: 0.5437
  MTE@0.5: 1.5463
  MTE@1.0: 2.1439
  W2@1.0:  2.0576
  MMD@1.0: 0.2173
  Survival@1.0: 78.5%
      baseline: W2=2.1550  E_mu=0.4579  E_Sig=0.8318
       K(Phat): W2=2.0576  E_mu=0.3932  E_Sig=0.7943

============================================================
  N=50 | D=201 (K=99) | paraboloid | seed=3042
============================================================
    Phase1 Epoch 50/250: loss=0.840931
    Phase1 Epoch 100/250: loss=0.806722
    Phase1 Epoch 150/250: loss=0.720116
    Phase1 Epoch 200/250: loss=0.606824
    Phase1 Epoch 250/250: loss=0.251776
      Condition: baseline
        Phase2 Epoch 50/250: loss=0.066565
        Phase2 Epoch 100/250: loss=0.042885
        Phase2 Epoch 150/250: loss=0.036711
        Phase2 Epoch 200/250: loss=0.016244
        Phase2 Epoch 250/250: loss=0.046359
        E_mu=0.2865  E_Sigma=0.4474
  Stage 2 epoch 60/300: loss=0.000848
  Stage 2 epoch 120/300: loss=0.000564
  Stage 2 epoch 180/300: loss=0.000456
  Stage 2 epoch 240/300: loss=0.000278
  Stage 2 epoch 300/300: loss=0.000194
  Stage 3 epoch 60/300: loss=0.000244
  Stage 3 epoch 120/300: loss=0.000184
  Stage 3 epoch 180/300: loss=0.000101
  Stage 3 epoch 240/300: loss=0.000080
  Stage 3 epoch 300/300: loss=0.000072
  MTE@0.1: 0.6916
  MTE@0.5: 1.4097
  MTE@1.0: 2.3486
  W2@1.0:  2.4124
  MMD@1.0: 0.2765
  Survival@1.0: 74.5%
      Condition: K(Phat)
        Phase2 Epoch 50/250: loss=0.064321
        Phase2 Epoch 100/250: loss=0.041087
        Phase2 Epoch 150/250: loss=0.078870
        Phase2 Epoch 200/250: loss=0.026711
        Phase2 Epoch 250/250: loss=0.045003
        E_mu=0.2140  E_Sigma=0.3392
  Stage 2 epoch 60/300: loss=0.000831
  Stage 2 epoch 120/300: loss=0.000584
  Stage 2 epoch 180/300: loss=0.000475
  Stage 2 epoch 240/300: loss=0.000313
  Stage 2 epoch 300/300: loss=0.000231
  Stage 3 epoch 60/300: loss=0.000186
  Stage 3 epoch 120/300: loss=0.000140
  Stage 3 epoch 180/300: loss=0.000080
  Stage 3 epoch 240/300: loss=0.000063
  Stage 3 epoch 300/300: loss=0.000056
  MTE@0.1: 2.2375
  MTE@0.5: 2.6346
  MTE@1.0: 3.2728
  W2@1.0:  3.1538
  MMD@1.0: 0.5083
  Survival@1.0: 74.5%
      baseline: W2=2.4124  E_mu=0.2865  E_Sig=0.4474
       K(Phat): W2=3.1538  E_mu=0.2140  E_Sig=0.3392

============================================================
  N=50 | D=201 (K=99) | paraboloid | seed=4042
============================================================
    Phase1 Epoch 50/250: loss=0.799621
    Phase1 Epoch 100/250: loss=0.679854
    Phase1 Epoch 150/250: loss=0.457456
    Phase1 Epoch 200/250: loss=0.209720
    Phase1 Epoch 250/250: loss=0.117531
      Condition: baseline
        Phase2 Epoch 50/250: loss=0.074868
        Phase2 Epoch 100/250: loss=0.044046
        Phase2 Epoch 150/250: loss=0.022907
        Phase2 Epoch 200/250: loss=0.028813
        Phase2 Epoch 250/250: loss=0.027553
        E_mu=0.4864  E_Sigma=0.9196
  Stage 2 epoch 60/300: loss=0.000764
  Stage 2 epoch 120/300: loss=0.000637
  Stage 2 epoch 180/300: loss=0.000544
  Stage 2 epoch 240/300: loss=0.000400
  Stage 2 epoch 300/300: loss=0.000294
  Stage 3 epoch 60/300: loss=0.000169
  Stage 3 epoch 120/300: loss=0.000138
  Stage 3 epoch 180/300: loss=0.000103
  Stage 3 epoch 240/300: loss=0.000086
  Stage 3 epoch 300/300: loss=0.000081
  MTE@0.1: 1.2368
  MTE@0.5: 2.3533
  MTE@1.0: 2.7654
  W2@1.0:  2.0155
  MMD@1.0: 0.2393
  Survival@1.0: 76.0%
      Condition: K(Phat)
        Phase2 Epoch 50/250: loss=0.097633
        Phase2 Epoch 100/250: loss=0.039511
        Phase2 Epoch 150/250: loss=0.137820
        Phase2 Epoch 200/250: loss=0.030779
        Phase2 Epoch 250/250: loss=0.031711
        E_mu=0.3292  E_Sigma=0.4406
  Stage 2 epoch 60/300: loss=0.000650
  Stage 2 epoch 120/300: loss=0.000594
  Stage 2 epoch 180/300: loss=0.000601
  Stage 2 epoch 240/300: loss=0.000496
  Stage 2 epoch 300/300: loss=0.000408
  Stage 3 epoch 60/300: loss=0.000126
  Stage 3 epoch 120/300: loss=0.000109
  Stage 3 epoch 180/300: loss=0.000089
  Stage 3 epoch 240/300: loss=0.000076
  Stage 3 epoch 300/300: loss=0.000068
  MTE@0.1: 1.2128
  MTE@0.5: 2.3355
  MTE@1.0: 2.7418
  W2@1.0:  2.0806
  MMD@1.0: 0.2485
  Survival@1.0: 76.0%
      baseline: W2=2.0155  E_mu=0.4864  E_Sig=0.9196
       K(Phat): W2=2.0806  E_mu=0.3292  E_Sig=0.4406

============================================================
  N=50 | D=201 (K=99) | paraboloid | seed=5042
============================================================
    Phase1 Epoch 50/250: loss=0.840115
    Phase1 Epoch 100/250: loss=0.730718
    Phase1 Epoch 150/250: loss=0.656361
    Phase1 Epoch 200/250: loss=0.455263
    Phase1 Epoch 250/250: loss=0.266015
      Condition: baseline
        Phase2 Epoch 50/250: loss=0.094491
        Phase2 Epoch 100/250: loss=0.066753
        Phase2 Epoch 150/250: loss=0.037688
        Phase2 Epoch 200/250: loss=0.033281
        Phase2 Epoch 250/250: loss=0.044253
        E_mu=0.5407  E_Sigma=0.8715
  Stage 2 epoch 60/300: loss=0.000822
  Stage 2 epoch 120/300: loss=0.000377
  Stage 2 epoch 180/300: loss=0.000243
  Stage 2 epoch 240/300: loss=0.000169
  Stage 2 epoch 300/300: loss=0.000112
  Stage 3 epoch 60/300: loss=0.000302
  Stage 3 epoch 120/300: loss=0.000164
  Stage 3 epoch 180/300: loss=0.000131
  Stage 3 epoch 240/300: loss=0.000122
  Stage 3 epoch 300/300: loss=0.000113
  MTE@0.1: 1.0881
  MTE@0.5: 2.1945
  MTE@1.0: 2.7423
  W2@1.0:  1.8505
  MMD@1.0: 0.1801
  Survival@1.0: 76.5%
      Condition: K(Phat)
        Phase2 Epoch 50/250: loss=0.149169
        Phase2 Epoch 100/250: loss=0.061300
        Phase2 Epoch 150/250: loss=0.043843
        Phase2 Epoch 200/250: loss=0.103366
        Phase2 Epoch 250/250: loss=0.032174
        E_mu=0.4315  E_Sigma=0.4118
  Stage 2 epoch 60/300: loss=0.000634
  Stage 2 epoch 120/300: loss=0.000324
  Stage 2 epoch 180/300: loss=0.000208
  Stage 2 epoch 240/300: loss=0.000133
  Stage 2 epoch 300/300: loss=0.000087
  Stage 3 epoch 60/300: loss=0.000295
  Stage 3 epoch 120/300: loss=0.000209
  Stage 3 epoch 180/300: loss=0.000140
  Stage 3 epoch 240/300: loss=0.000111
  Stage 3 epoch 300/300: loss=0.000097
  MTE@0.1: 1.0598
  MTE@0.5: 2.1717
  MTE@1.0: 2.7905
  W2@1.0:  1.8078
  MMD@1.0: 0.1670
  Survival@1.0: 76.5%
      baseline: W2=1.8505  E_mu=0.5407  E_Sig=0.8715
       K(Phat): W2=1.8078  E_mu=0.4315  E_Sig=0.4118

============================================================
  N=50 | D=201 (K=99) | paraboloid | seed=6042
============================================================
    Phase1 Epoch 50/250: loss=0.868327
    Phase1 Epoch 100/250: loss=0.696980
    Phase1 Epoch 150/250: loss=0.518198
    Phase1 Epoch 200/250: loss=0.305892
    Phase1 Epoch 250/250: loss=0.150169
      Condition: baseline
        Phase2 Epoch 50/250: loss=0.059019
        Phase2 Epoch 100/250: loss=0.060774
        Phase2 Epoch 150/250: loss=0.039417
        Phase2 Epoch 200/250: loss=0.068072
        Phase2 Epoch 250/250: loss=0.028051
        E_mu=0.5249  E_Sigma=0.5406
  Stage 2 epoch 60/300: loss=0.000793
  Stage 2 epoch 120/300: loss=0.000679
  Stage 2 epoch 180/300: loss=0.000384
  Stage 2 epoch 240/300: loss=0.000385
  Stage 2 epoch 300/300: loss=0.000256
  Stage 3 epoch 60/300: loss=0.000198
  Stage 3 epoch 120/300: loss=0.000173
  Stage 3 epoch 180/300: loss=0.000148
  Stage 3 epoch 240/300: loss=0.000152
  Stage 3 epoch 300/300: loss=0.000137
  MTE@0.1: 0.9364
  MTE@0.5: 1.8292
  MTE@1.0: 2.0899
  W2@1.0:  1.4622
  MMD@1.0: 0.1286
  Survival@1.0: 73.0%
      Condition: K(Phat)
        Phase2 Epoch 50/250: loss=0.069705
        Phase2 Epoch 100/250: loss=0.081607
        Phase2 Epoch 150/250: loss=0.073743
        Phase2 Epoch 200/250: loss=0.058259
        Phase2 Epoch 250/250: loss=0.028815
        E_mu=0.3248  E_Sigma=0.4879
  Stage 2 epoch 60/300: loss=0.000652
  Stage 2 epoch 120/300: loss=0.000637
  Stage 2 epoch 180/300: loss=0.000383
  Stage 2 epoch 240/300: loss=0.000370
  Stage 2 epoch 300/300: loss=0.000254
  Stage 3 epoch 60/300: loss=0.000178
  Stage 3 epoch 120/300: loss=0.000156
  Stage 3 epoch 180/300: loss=0.000137
  Stage 3 epoch 240/300: loss=0.000136
  Stage 3 epoch 300/300: loss=0.000123
  MTE@0.1: 1.1771
  MTE@0.5: 1.9616
  MTE@1.0: 2.1696
  W2@1.0:  1.4243
  MMD@1.0: 0.1987
  Survival@1.0: 73.0%
      baseline: W2=1.4622  E_mu=0.5249  E_Sig=0.5406
       K(Phat): W2=1.4243  E_mu=0.3248  E_Sig=0.4879

============================================================
  N=50 | D=201 (K=99) | paraboloid | seed=7042
============================================================
    Phase1 Epoch 50/250: loss=0.842497
    Phase1 Epoch 100/250: loss=0.695307
    Phase1 Epoch 150/250: loss=0.352038
    Phase1 Epoch 200/250: loss=0.160836
    Phase1 Epoch 250/250: loss=0.136975
      Condition: baseline
        Phase2 Epoch 50/250: loss=0.084267
        Phase2 Epoch 100/250: loss=0.107197
        Phase2 Epoch 150/250: loss=0.055014
        Phase2 Epoch 200/250: loss=0.033149
        Phase2 Epoch 250/250: loss=0.040242
        E_mu=0.2599  E_Sigma=0.6813
  Stage 2 epoch 60/300: loss=0.000786
  Stage 2 epoch 120/300: loss=0.000561
  Stage 2 epoch 180/300: loss=0.000400
  Stage 2 epoch 240/300: loss=0.000369
  Stage 2 epoch 300/300: loss=0.000318
  Stage 3 epoch 60/300: loss=0.000202
  Stage 3 epoch 120/300: loss=0.000153
  Stage 3 epoch 180/300: loss=0.000125
  Stage 3 epoch 240/300: loss=0.000115
  Stage 3 epoch 300/300: loss=0.000106
  MTE@0.1: 1.5358
  MTE@0.5: 2.5891
  MTE@1.0: 2.9360
  W2@1.0:  1.3995
  MMD@1.0: 0.1815
  Survival@1.0: 76.5%
      Condition: K(Phat)
        Phase2 Epoch 50/250: loss=0.045858
        Phase2 Epoch 100/250: loss=0.043944
        Phase2 Epoch 150/250: loss=0.034462
        Phase2 Epoch 200/250: loss=0.060310
        Phase2 Epoch 250/250: loss=0.059818
        E_mu=0.2044  E_Sigma=0.5078
  Stage 2 epoch 60/300: loss=0.000611
  Stage 2 epoch 120/300: loss=0.000452
  Stage 2 epoch 180/300: loss=0.000318
  Stage 2 epoch 240/300: loss=0.000304
  Stage 2 epoch 300/300: loss=0.000280
  Stage 3 epoch 60/300: loss=0.000204
  Stage 3 epoch 120/300: loss=0.000150
  Stage 3 epoch 180/300: loss=0.000121
  Stage 3 epoch 240/300: loss=0.000110
  Stage 3 epoch 300/300: loss=0.000099
  MTE@0.1: 2.3967
  MTE@0.5: 3.2448
  MTE@1.0: 3.5054
  W2@1.0:  2.2262
  MMD@1.0: 0.4504
  Survival@1.0: 76.5%
      baseline: W2=1.3995  E_mu=0.2599  E_Sig=0.6813
       K(Phat): W2=2.2262  E_mu=0.2044  E_Sig=0.5078

============================================================
  N=50 | D=201 (K=99) | paraboloid | seed=8042
============================================================
    Phase1 Epoch 50/250: loss=0.808388
    Phase1 Epoch 100/250: loss=0.554610
    Phase1 Epoch 150/250: loss=0.275953
    Phase1 Epoch 200/250: loss=0.209811
    Phase1 Epoch 250/250: loss=0.098029
      Condition: baseline
        Phase2 Epoch 50/250: loss=0.068897
        Phase2 Epoch 100/250: loss=0.054359
        Phase2 Epoch 150/250: loss=0.060968
        Phase2 Epoch 200/250: loss=0.041676
        Phase2 Epoch 250/250: loss=0.032309
        E_mu=0.7896  E_Sigma=0.8083
  Stage 2 epoch 60/300: loss=0.001210
  Stage 2 epoch 120/300: loss=0.001077
  Stage 2 epoch 180/300: loss=0.000831
  Stage 2 epoch 240/300: loss=0.000739
  Stage 2 epoch 300/300: loss=0.000581
  Stage 3 epoch 60/300: loss=0.000484
  Stage 3 epoch 120/300: loss=0.000334
  Stage 3 epoch 180/300: loss=0.000209
  Stage 3 epoch 240/300: loss=0.000155
  Stage 3 epoch 300/300: loss=0.000174
  MTE@0.1: 1.2506
  MTE@0.5: 2.4197
  MTE@1.0: 3.0567
  W2@1.0:  1.9041
  MMD@1.0: 0.2420
  Survival@1.0: 79.5%
      Condition: K(Phat)
        Phase2 Epoch 50/250: loss=0.061116
        Phase2 Epoch 100/250: loss=0.046402
        Phase2 Epoch 150/250: loss=0.048840
        Phase2 Epoch 200/250: loss=0.022773
        Phase2 Epoch 250/250: loss=0.045077
        E_mu=0.8107  E_Sigma=0.6782
  Stage 2 epoch 60/300: loss=0.001367
  Stage 2 epoch 120/300: loss=0.001207
  Stage 2 epoch 180/300: loss=0.000874
  Stage 2 epoch 240/300: loss=0.000783
  Stage 2 epoch 300/300: loss=0.000604
  Stage 3 epoch 60/300: loss=0.000451
  Stage 3 epoch 120/300: loss=0.000289
  Stage 3 epoch 180/300: loss=0.000185
  Stage 3 epoch 240/300: loss=0.000142
  Stage 3 epoch 300/300: loss=0.000153
  MTE@0.1: 1.3297
  MTE@0.5: 2.5237
  MTE@1.0: 3.1662
  W2@1.0:  2.0805
  MMD@1.0: 0.2718
  Survival@1.0: 79.5%
      baseline: W2=1.9041  E_mu=0.7896  E_Sig=0.8083
       K(Phat): W2=2.0805  E_mu=0.8107  E_Sig=0.6782

============================================================
  N=50 | D=201 (K=99) | paraboloid | seed=9042
============================================================
    Phase1 Epoch 50/250: loss=0.822489
    Phase1 Epoch 100/250: loss=0.675178
    Phase1 Epoch 150/250: loss=0.287163
    Phase1 Epoch 200/250: loss=0.132875
    Phase1 Epoch 250/250: loss=0.169100
      Condition: baseline
        Phase2 Epoch 50/250: loss=0.054791
        Phase2 Epoch 100/250: loss=0.030747
        Phase2 Epoch 150/250: loss=0.036973
        Phase2 Epoch 200/250: loss=0.039771
        Phase2 Epoch 250/250: loss=0.008102
        E_mu=0.2891  E_Sigma=0.1823
  Stage 2 epoch 60/300: loss=0.000722
  Stage 2 epoch 120/300: loss=0.000555
  Stage 2 epoch 180/300: loss=0.000372
  Stage 2 epoch 240/300: loss=0.000249
  Stage 2 epoch 300/300: loss=0.000244
  Stage 3 epoch 60/300: loss=0.000266
  Stage 3 epoch 120/300: loss=0.000086
  Stage 3 epoch 180/300: loss=0.000064
  Stage 3 epoch 240/300: loss=0.000047
  Stage 3 epoch 300/300: loss=0.000042
  MTE@0.1: 1.1154
  MTE@0.5: 2.1377
  MTE@1.0: 2.9168
  W2@1.0:  1.9323
  MMD@1.0: 0.2321
  Survival@1.0: 76.0%
      Condition: K(Phat)
        Phase2 Epoch 50/250: loss=0.055715
        Phase2 Epoch 100/250: loss=0.035539
        Phase2 Epoch 150/250: loss=0.022526
        Phase2 Epoch 200/250: loss=0.026132
        Phase2 Epoch 250/250: loss=0.025563
        E_mu=0.3180  E_Sigma=0.8615
  Stage 2 epoch 60/300: loss=0.000662
  Stage 2 epoch 120/300: loss=0.000495
  Stage 2 epoch 180/300: loss=0.000319
  Stage 2 epoch 240/300: loss=0.000224
  Stage 2 epoch 300/300: loss=0.000228
  Stage 3 epoch 60/300: loss=0.000283
  Stage 3 epoch 120/300: loss=0.000098
  Stage 3 epoch 180/300: loss=0.000073
  Stage 3 epoch 240/300: loss=0.000057
  Stage 3 epoch 300/300: loss=0.000052
  MTE@0.1: 1.7427
  MTE@0.5: 2.4983
  MTE@1.0: 3.1148
  W2@1.0:  2.0436
  MMD@1.0: 0.3443
  Survival@1.0: 76.0%
      baseline: W2=1.9323  E_mu=0.2891  E_Sig=0.1823
       K(Phat): W2=2.0436  E_mu=0.3180  E_Sig=0.8615

============================================================
  N=50 | D=201 (K=99) | hyperbolic_paraboloid | seed=42
============================================================
    Phase1 Epoch 50/250: loss=0.882256
    Phase1 Epoch 100/250: loss=0.735548
    Phase1 Epoch 150/250: loss=0.661903
    Phase1 Epoch 200/250: loss=0.390538
    Phase1 Epoch 250/250: loss=0.227185
      Condition: baseline
        Phase2 Epoch 50/250: loss=0.056408
        Phase2 Epoch 100/250: loss=0.039904
        Phase2 Epoch 150/250: loss=0.026185
        Phase2 Epoch 200/250: loss=0.039567
        Phase2 Epoch 250/250: loss=0.015813
        E_mu=0.2754  E_Sigma=1.0511
  Stage 2 epoch 60/300: loss=0.000460
  Stage 2 epoch 120/300: loss=0.000390
  Stage 2 epoch 180/300: loss=0.000324
  Stage 2 epoch 240/300: loss=0.000290
  Stage 2 epoch 300/300: loss=0.000247
  Stage 3 epoch 60/300: loss=0.000193
  Stage 3 epoch 120/300: loss=0.000146
  Stage 3 epoch 180/300: loss=0.000113
  Stage 3 epoch 240/300: loss=0.000108
  Stage 3 epoch 300/300: loss=0.000093
  MTE@0.1: 0.9626
  MTE@0.5: 2.1217
  MTE@1.0: 2.6412
  W2@1.0:  1.3228
  MMD@1.0: 0.1447
  Survival@1.0: 76.5%
      Condition: K(Phat)
        Phase2 Epoch 50/250: loss=0.078374
        Phase2 Epoch 100/250: loss=0.029843
        Phase2 Epoch 150/250: loss=0.019956
        Phase2 Epoch 200/250: loss=0.027338
        Phase2 Epoch 250/250: loss=0.016139
        E_mu=0.2091  E_Sigma=0.5362
  Stage 2 epoch 60/300: loss=0.000336
  Stage 2 epoch 120/300: loss=0.000303
  Stage 2 epoch 180/300: loss=0.000277
  Stage 2 epoch 240/300: loss=0.000250
  Stage 2 epoch 300/300: loss=0.000211
  Stage 3 epoch 60/300: loss=0.000174
  Stage 3 epoch 120/300: loss=0.000125
  Stage 3 epoch 180/300: loss=0.000092
  Stage 3 epoch 240/300: loss=0.000087
  Stage 3 epoch 300/300: loss=0.000072
  MTE@0.1: 0.9414
  MTE@0.5: 2.1672
  MTE@1.0: 2.7376
  W2@1.0:  1.2856
  MMD@1.0: 0.1242
  Survival@1.0: 76.5%
      baseline: W2=1.3228  E_mu=0.2754  E_Sig=1.0511
       K(Phat): W2=1.2856  E_mu=0.2091  E_Sig=0.5362

============================================================
  N=50 | D=201 (K=99) | hyperbolic_paraboloid | seed=1042
============================================================
    Phase1 Epoch 50/250: loss=0.858135
    Phase1 Epoch 100/250: loss=0.600385
    Phase1 Epoch 150/250: loss=0.251391
    Phase1 Epoch 200/250: loss=0.140096
    Phase1 Epoch 250/250: loss=0.056367
      Condition: baseline
        Phase2 Epoch 50/250: loss=0.051613
        Phase2 Epoch 100/250: loss=0.029260
        Phase2 Epoch 150/250: loss=0.024241
        Phase2 Epoch 200/250: loss=0.043254
        Phase2 Epoch 250/250: loss=0.020050
        E_mu=0.2320  E_Sigma=0.4916
  Stage 2 epoch 60/300: loss=0.001223
  Stage 2 epoch 120/300: loss=0.001027
  Stage 2 epoch 180/300: loss=0.000807
  Stage 2 epoch 240/300: loss=0.000428
  Stage 2 epoch 300/300: loss=0.000265
  Stage 3 epoch 60/300: loss=0.000074
  Stage 3 epoch 120/300: loss=0.000058
  Stage 3 epoch 180/300: loss=0.000037
  Stage 3 epoch 240/300: loss=0.000033
  Stage 3 epoch 300/300: loss=0.000026
  MTE@0.1: 1.6477
  MTE@0.5: 2.6542
  MTE@1.0: 3.1650
  W2@1.0:  1.4293
  MMD@1.0: 0.1796
  Survival@1.0: 72.0%
      Condition: K(Phat)
        Phase2 Epoch 50/250: loss=0.032810
        Phase2 Epoch 100/250: loss=0.022312
        Phase2 Epoch 150/250: loss=0.027416
        Phase2 Epoch 200/250: loss=0.016072
        Phase2 Epoch 250/250: loss=0.020796
        E_mu=0.2244  E_Sigma=0.3493
  Stage 2 epoch 60/300: loss=0.001248
  Stage 2 epoch 120/300: loss=0.001026
  Stage 2 epoch 180/300: loss=0.000787
  Stage 2 epoch 240/300: loss=0.000448
  Stage 2 epoch 300/300: loss=0.000291
  Stage 3 epoch 60/300: loss=0.000085
  Stage 3 epoch 120/300: loss=0.000058
  Stage 3 epoch 180/300: loss=0.000034
  Stage 3 epoch 240/300: loss=0.000029
  Stage 3 epoch 300/300: loss=0.000023
  MTE@0.1: 1.6190
  MTE@0.5: 2.6233
  MTE@1.0: 3.1305
  W2@1.0:  1.4033
  MMD@1.0: 0.1594
  Survival@1.0: 72.0%
      baseline: W2=1.4293  E_mu=0.2320  E_Sig=0.4916
       K(Phat): W2=1.4033  E_mu=0.2244  E_Sig=0.3493

============================================================
  N=50 | D=201 (K=99) | hyperbolic_paraboloid | seed=2042
============================================================
    Phase1 Epoch 50/250: loss=0.881237
    Phase1 Epoch 100/250: loss=0.784468
    Phase1 Epoch 150/250: loss=0.585494
    Phase1 Epoch 200/250: loss=0.239292
    Phase1 Epoch 250/250: loss=0.104161
      Condition: baseline
        Phase2 Epoch 50/250: loss=0.068363
        Phase2 Epoch 100/250: loss=0.034079
        Phase2 Epoch 150/250: loss=0.031223
        Phase2 Epoch 200/250: loss=0.027536
        Phase2 Epoch 250/250: loss=0.073774
        E_mu=0.3019  E_Sigma=0.9713
  Stage 2 epoch 60/300: loss=0.001186
  Stage 2 epoch 120/300: loss=0.000999
  Stage 2 epoch 180/300: loss=0.000806
  Stage 2 epoch 240/300: loss=0.000642
  Stage 2 epoch 300/300: loss=0.000416
  Stage 3 epoch 60/300: loss=0.000118
  Stage 3 epoch 120/300: loss=0.000099
  Stage 3 epoch 180/300: loss=0.000085
  Stage 3 epoch 240/300: loss=0.000090
  Stage 3 epoch 300/300: loss=0.000085
  MTE@0.1: 1.4137
  MTE@0.5: 2.5055
  MTE@1.0: 2.9690
  W2@1.0:  1.5741
  MMD@1.0: 0.2362
  Survival@1.0: 78.5%
      Condition: K(Phat)
        Phase2 Epoch 50/250: loss=0.047933
        Phase2 Epoch 100/250: loss=0.032843
        Phase2 Epoch 150/250: loss=0.035397
        Phase2 Epoch 200/250: loss=0.037064
        Phase2 Epoch 250/250: loss=0.023595
        E_mu=0.2663  E_Sigma=0.5927
  Stage 2 epoch 60/300: loss=0.000895
  Stage 2 epoch 120/300: loss=0.000807
  Stage 2 epoch 180/300: loss=0.000668
  Stage 2 epoch 240/300: loss=0.000577
  Stage 2 epoch 300/300: loss=0.000405
  Stage 3 epoch 60/300: loss=0.000091
  Stage 3 epoch 120/300: loss=0.000076
  Stage 3 epoch 180/300: loss=0.000064
  Stage 3 epoch 240/300: loss=0.000060
  Stage 3 epoch 300/300: loss=0.000058
  MTE@0.1: 1.0625
  MTE@0.5: 2.3198
  MTE@1.0: 2.8214
  W2@1.0:  1.4107
  MMD@1.0: 0.1351
  Survival@1.0: 78.5%
      baseline: W2=1.5741  E_mu=0.3019  E_Sig=0.9713
       K(Phat): W2=1.4107  E_mu=0.2663  E_Sig=0.5927

============================================================
  N=50 | D=201 (K=99) | hyperbolic_paraboloid | seed=3042
============================================================
    Phase1 Epoch 50/250: loss=0.908122
    Phase1 Epoch 100/250: loss=0.761285
    Phase1 Epoch 150/250: loss=0.713694
    Phase1 Epoch 200/250: loss=0.548315
    Phase1 Epoch 250/250: loss=0.159596
      Condition: baseline
        Phase2 Epoch 50/250: loss=0.036570
        Phase2 Epoch 100/250: loss=0.035438
        Phase2 Epoch 150/250: loss=0.023044
        Phase2 Epoch 200/250: loss=0.016099
        Phase2 Epoch 250/250: loss=0.036582
        E_mu=0.1114  E_Sigma=0.2960
  Stage 2 epoch 60/300: loss=0.000794
  Stage 2 epoch 120/300: loss=0.000497
  Stage 2 epoch 180/300: loss=0.000378
  Stage 2 epoch 240/300: loss=0.000199
  Stage 2 epoch 300/300: loss=0.000151
  Stage 3 epoch 60/300: loss=0.000322
  Stage 3 epoch 120/300: loss=0.000174
  Stage 3 epoch 180/300: loss=0.000134
  Stage 3 epoch 240/300: loss=0.000122
  Stage 3 epoch 300/300: loss=0.000111
  MTE@0.1: 3.1937
  MTE@0.5: 3.9659
  MTE@1.0: 4.1370
  W2@1.0:  3.0593
  MMD@1.0: 0.6495
  Survival@1.0: 74.5%
      Condition: K(Phat)
        Phase2 Epoch 50/250: loss=0.063839
        Phase2 Epoch 100/250: loss=0.034927
        Phase2 Epoch 150/250: loss=0.023736
        Phase2 Epoch 200/250: loss=0.015810
        Phase2 Epoch 250/250: loss=0.008971
        E_mu=0.0955  E_Sigma=0.2581
  Stage 2 epoch 60/300: loss=0.000673
  Stage 2 epoch 120/300: loss=0.000417
  Stage 2 epoch 180/300: loss=0.000283
  Stage 2 epoch 240/300: loss=0.000138
  Stage 2 epoch 300/300: loss=0.000091
  Stage 3 epoch 60/300: loss=0.000325
  Stage 3 epoch 120/300: loss=0.000170
  Stage 3 epoch 180/300: loss=0.000125
  Stage 3 epoch 240/300: loss=0.000113
  Stage 3 epoch 300/300: loss=0.000100
  MTE@0.1: 1.3187
  MTE@0.5: 2.5339
  MTE@1.0: 2.8423
  W2@1.0:  1.4428
  MMD@1.0: 0.1416
  Survival@1.0: 74.5%
      baseline: W2=3.0593  E_mu=0.1114  E_Sig=0.2960
       K(Phat): W2=1.4428  E_mu=0.0955  E_Sig=0.2581

============================================================
  N=50 | D=201 (K=99) | hyperbolic_paraboloid | seed=4042
============================================================
    Phase1 Epoch 50/250: loss=0.816171
    Phase1 Epoch 100/250: loss=0.584969
    Phase1 Epoch 150/250: loss=0.377504
    Phase1 Epoch 200/250: loss=0.085639
    Phase1 Epoch 250/250: loss=0.052475
      Condition: baseline
        Phase2 Epoch 50/250: loss=0.030234
        Phase2 Epoch 100/250: loss=0.036877
        Phase2 Epoch 150/250: loss=0.028940
        Phase2 Epoch 200/250: loss=0.017137
        Phase2 Epoch 250/250: loss=0.028272
        E_mu=0.2271  E_Sigma=0.2982
  Stage 2 epoch 60/300: loss=0.000631
  Stage 2 epoch 120/300: loss=0.000569
  Stage 2 epoch 180/300: loss=0.000435
  Stage 2 epoch 240/300: loss=0.000310
  Stage 2 epoch 300/300: loss=0.000182
  Stage 3 epoch 60/300: loss=0.000029
  Stage 3 epoch 120/300: loss=0.000027
  Stage 3 epoch 180/300: loss=0.000026
  Stage 3 epoch 240/300: loss=0.000024
  Stage 3 epoch 300/300: loss=0.000026
  MTE@0.1: 1.3124
  MTE@0.5: 2.2971
  MTE@1.0: 2.5778
  W2@1.0:  1.7505
  MMD@1.0: 0.2112
  Survival@1.0: 76.0%
      Condition: K(Phat)
        Phase2 Epoch 50/250: loss=0.042124
        Phase2 Epoch 100/250: loss=0.024489
        Phase2 Epoch 150/250: loss=0.032747
        Phase2 Epoch 200/250: loss=0.015558
        Phase2 Epoch 250/250: loss=0.010927
        E_mu=0.1590  E_Sigma=0.5106
  Stage 2 epoch 60/300: loss=0.000507
  Stage 2 epoch 120/300: loss=0.000497
  Stage 2 epoch 180/300: loss=0.000395
  Stage 2 epoch 240/300: loss=0.000316
  Stage 2 epoch 300/300: loss=0.000214
  Stage 3 epoch 60/300: loss=0.000037
  Stage 3 epoch 120/300: loss=0.000033
  Stage 3 epoch 180/300: loss=0.000032
  Stage 3 epoch 240/300: loss=0.000029
  Stage 3 epoch 300/300: loss=0.000031
  MTE@0.1: 1.2250
  MTE@0.5: 2.2149
  MTE@1.0: 2.4534
  W2@1.0:  1.5945
  MMD@1.0: 0.1611
  Survival@1.0: 76.0%
      baseline: W2=1.7505  E_mu=0.2271  E_Sig=0.2982
       K(Phat): W2=1.5945  E_mu=0.1590  E_Sig=0.5106

============================================================
  N=50 | D=201 (K=99) | hyperbolic_paraboloid | seed=5042
============================================================
    Phase1 Epoch 50/250: loss=0.863751
    Phase1 Epoch 100/250: loss=0.750305
    Phase1 Epoch 150/250: loss=0.589861
    Phase1 Epoch 200/250: loss=0.223076
    Phase1 Epoch 250/250: loss=0.055273
      Condition: baseline
        Phase2 Epoch 50/250: loss=0.083395
        Phase2 Epoch 100/250: loss=0.054011
        Phase2 Epoch 150/250: loss=0.041802
        Phase2 Epoch 200/250: loss=0.022833
        Phase2 Epoch 250/250: loss=0.027699
        E_mu=0.4790  E_Sigma=0.6341
  Stage 2 epoch 60/300: loss=0.001163
  Stage 2 epoch 120/300: loss=0.001108
  Stage 2 epoch 180/300: loss=0.000910
  Stage 2 epoch 240/300: loss=0.000681
  Stage 2 epoch 300/300: loss=0.000456
  Stage 3 epoch 60/300: loss=0.000065
  Stage 3 epoch 120/300: loss=0.000057
  Stage 3 epoch 180/300: loss=0.000058
  Stage 3 epoch 240/300: loss=0.000056
  Stage 3 epoch 300/300: loss=0.000051
  MTE@0.1: 1.3893
  MTE@0.5: 2.4312
  MTE@1.0: 3.0241
  W2@1.0:  1.5398
  MMD@1.0: 0.1960
  Survival@1.0: 76.5%
      Condition: K(Phat)
        Phase2 Epoch 50/250: loss=0.076976
        Phase2 Epoch 100/250: loss=0.032698
        Phase2 Epoch 150/250: loss=0.034680
        Phase2 Epoch 200/250: loss=0.022233
        Phase2 Epoch 250/250: loss=0.029604
        E_mu=0.2894  E_Sigma=0.7539
  Stage 2 epoch 60/300: loss=0.000995
  Stage 2 epoch 120/300: loss=0.000867
  Stage 2 epoch 180/300: loss=0.000705
  Stage 2 epoch 240/300: loss=0.000475
  Stage 2 epoch 300/300: loss=0.000342
  Stage 3 epoch 60/300: loss=0.000052
  Stage 3 epoch 120/300: loss=0.000044
  Stage 3 epoch 180/300: loss=0.000042
  Stage 3 epoch 240/300: loss=0.000041
  Stage 3 epoch 300/300: loss=0.000039
  MTE@0.1: 1.3806
  MTE@0.5: 2.4417
  MTE@1.0: 3.1217
  W2@1.0:  1.7285
  MMD@1.0: 0.2291
  Survival@1.0: 76.5%
      baseline: W2=1.5398  E_mu=0.4790  E_Sig=0.6341
       K(Phat): W2=1.7285  E_mu=0.2894  E_Sig=0.7539

============================================================
  N=50 | D=201 (K=99) | hyperbolic_paraboloid | seed=6042
============================================================
    Phase1 Epoch 50/250: loss=0.893209
    Phase1 Epoch 100/250: loss=0.691149
    Phase1 Epoch 150/250: loss=0.572300
    Phase1 Epoch 200/250: loss=0.239132
    Phase1 Epoch 250/250: loss=0.094030
      Condition: baseline
        Phase2 Epoch 50/250: loss=0.076038
        Phase2 Epoch 100/250: loss=0.033444
        Phase2 Epoch 150/250: loss=0.031332
        Phase2 Epoch 200/250: loss=0.031933
        Phase2 Epoch 250/250: loss=0.053516
        E_mu=0.2357  E_Sigma=0.7108
  Stage 2 epoch 60/300: loss=0.000684
  Stage 2 epoch 120/300: loss=0.000660
  Stage 2 epoch 180/300: loss=0.000556
  Stage 2 epoch 240/300: loss=0.000500
  Stage 2 epoch 300/300: loss=0.000443
  Stage 3 epoch 60/300: loss=0.000219
  Stage 3 epoch 120/300: loss=0.000189
  Stage 3 epoch 180/300: loss=0.000152
  Stage 3 epoch 240/300: loss=0.000137
  Stage 3 epoch 300/300: loss=0.000124
  MTE@0.1: 0.8388
  MTE@0.5: 1.4645
  MTE@1.0: 1.8609
  W2@1.0:  1.5752
  MMD@1.0: 0.1740
  Survival@1.0: 73.0%
      Condition: K(Phat)
        Phase2 Epoch 50/250: loss=0.077048
        Phase2 Epoch 100/250: loss=0.053466
        Phase2 Epoch 150/250: loss=0.054692
        Phase2 Epoch 200/250: loss=0.023469
        Phase2 Epoch 250/250: loss=0.016798
        E_mu=0.2363  E_Sigma=0.3737
  Stage 2 epoch 60/300: loss=0.000841
  Stage 2 epoch 120/300: loss=0.000801
  Stage 2 epoch 180/300: loss=0.000639
  Stage 2 epoch 240/300: loss=0.000571
  Stage 2 epoch 300/300: loss=0.000469
  Stage 3 epoch 60/300: loss=0.000356
  Stage 3 epoch 120/300: loss=0.000183
  Stage 3 epoch 180/300: loss=0.000115
  Stage 3 epoch 240/300: loss=0.000108
  Stage 3 epoch 300/300: loss=0.000094
  MTE@0.1: 1.0571
  MTE@0.5: 2.2432
  MTE@1.0: 2.5187
  W2@1.0:  1.4340
  MMD@1.0: 0.1365
  Survival@1.0: 73.0%
      baseline: W2=1.5752  E_mu=0.2357  E_Sig=0.7108
       K(Phat): W2=1.4340  E_mu=0.2363  E_Sig=0.3737

============================================================
  N=50 | D=201 (K=99) | hyperbolic_paraboloid | seed=7042
============================================================
    Phase1 Epoch 50/250: loss=0.898203
    Phase1 Epoch 100/250: loss=0.791179
    Phase1 Epoch 150/250: loss=0.629248
    Phase1 Epoch 200/250: loss=0.273580
    Phase1 Epoch 250/250: loss=0.105325
      Condition: baseline
        Phase2 Epoch 50/250: loss=0.077821
        Phase2 Epoch 100/250: loss=0.080877
        Phase2 Epoch 150/250: loss=0.032651
        Phase2 Epoch 200/250: loss=0.038062
        Phase2 Epoch 250/250: loss=0.018370
        E_mu=0.1551  E_Sigma=0.3214
  Stage 2 epoch 60/300: loss=0.001221
  Stage 2 epoch 120/300: loss=0.001210
  Stage 2 epoch 180/300: loss=0.000899
  Stage 2 epoch 240/300: loss=0.000805
  Stage 2 epoch 300/300: loss=0.000644
  Stage 3 epoch 60/300: loss=0.000227
  Stage 3 epoch 120/300: loss=0.000094
  Stage 3 epoch 180/300: loss=0.000075
  Stage 3 epoch 240/300: loss=0.000062
  Stage 3 epoch 300/300: loss=0.000068
  MTE@0.1: 0.9954
  MTE@0.5: 2.0340
  MTE@1.0: 2.6233
  W2@1.0:  1.3394
  MMD@1.0: 0.1464
  Survival@1.0: 76.5%
      Condition: K(Phat)
        Phase2 Epoch 50/250: loss=0.052389
        Phase2 Epoch 100/250: loss=0.045324
        Phase2 Epoch 150/250: loss=0.030085
        Phase2 Epoch 200/250: loss=0.026746
        Phase2 Epoch 250/250: loss=0.037066
        E_mu=0.1544  E_Sigma=0.5960
  Stage 2 epoch 60/300: loss=0.001334
  Stage 2 epoch 120/300: loss=0.001284
  Stage 2 epoch 180/300: loss=0.000956
  Stage 2 epoch 240/300: loss=0.000848
  Stage 2 epoch 300/300: loss=0.000665
  Stage 3 epoch 60/300: loss=0.000247
  Stage 3 epoch 120/300: loss=0.000105
  Stage 3 epoch 180/300: loss=0.000086
  Stage 3 epoch 240/300: loss=0.000072
  Stage 3 epoch 300/300: loss=0.000073
  MTE@0.1: 1.2110
  MTE@0.5: 2.1474
  MTE@1.0: 2.6597
  W2@1.0:  1.4251
  MMD@1.0: 0.1876
  Survival@1.0: 76.5%
      baseline: W2=1.3394  E_mu=0.1551  E_Sig=0.3214
       K(Phat): W2=1.4251  E_mu=0.1544  E_Sig=0.5960

============================================================
  N=50 | D=201 (K=99) | hyperbolic_paraboloid | seed=8042
============================================================
    Phase1 Epoch 50/250: loss=0.900628
    Phase1 Epoch 100/250: loss=0.648470
    Phase1 Epoch 150/250: loss=0.316356
    Phase1 Epoch 200/250: loss=0.190896
    Phase1 Epoch 250/250: loss=0.092737
      Condition: baseline
        Phase2 Epoch 50/250: loss=0.059144
        Phase2 Epoch 100/250: loss=0.034264
        Phase2 Epoch 150/250: loss=0.030725
        Phase2 Epoch 200/250: loss=0.027834
        Phase2 Epoch 250/250: loss=0.044350
        E_mu=0.5150  E_Sigma=1.7623
  Stage 2 epoch 60/300: loss=0.000851
  Stage 2 epoch 120/300: loss=0.000548
  Stage 2 epoch 180/300: loss=0.000336
  Stage 2 epoch 240/300: loss=0.000208
  Stage 2 epoch 300/300: loss=0.000139
  Stage 3 epoch 60/300: loss=0.000618
  Stage 3 epoch 120/300: loss=0.000385
  Stage 3 epoch 180/300: loss=0.000375
  Stage 3 epoch 240/300: loss=0.000262
  Stage 3 epoch 300/300: loss=0.000238
  MTE@0.1: 2.3327
  MTE@0.5: 2.9547
  MTE@1.0: 3.2709
  W2@1.0:  2.4325
  MMD@1.0: 0.5292
  Survival@1.0: 79.5%
      Condition: K(Phat)
        Phase2 Epoch 50/250: loss=0.043504
        Phase2 Epoch 100/250: loss=0.043219
        Phase2 Epoch 150/250: loss=0.025260
        Phase2 Epoch 200/250: loss=0.099054
        Phase2 Epoch 250/250: loss=0.071261
        E_mu=0.3068  E_Sigma=0.5406
  Stage 2 epoch 60/300: loss=0.000702
  Stage 2 epoch 120/300: loss=0.000532
  Stage 2 epoch 180/300: loss=0.000353
  Stage 2 epoch 240/300: loss=0.000238
  Stage 2 epoch 300/300: loss=0.000177
  Stage 3 epoch 60/300: loss=0.000308
  Stage 3 epoch 120/300: loss=0.000239
  Stage 3 epoch 180/300: loss=0.000193
  Stage 3 epoch 240/300: loss=0.000145
  Stage 3 epoch 300/300: loss=0.000125
  MTE@0.1: 1.7376
  MTE@0.5: 2.4637
  MTE@1.0: 2.8682
  W2@1.0:  1.9452
  MMD@1.0: 0.3844
  Survival@1.0: 79.5%
      baseline: W2=2.4325  E_mu=0.5150  E_Sig=1.7623
       K(Phat): W2=1.9452  E_mu=0.3068  E_Sig=0.5406

============================================================
  N=50 | D=201 (K=99) | hyperbolic_paraboloid | seed=9042
============================================================
    Phase1 Epoch 50/250: loss=0.928215
    Phase1 Epoch 100/250: loss=0.782729
    Phase1 Epoch 150/250: loss=0.737393
    Phase1 Epoch 200/250: loss=0.137352
    Phase1 Epoch 250/250: loss=0.067582
      Condition: baseline
        Phase2 Epoch 50/250: loss=0.049043
        Phase2 Epoch 100/250: loss=0.091113
        Phase2 Epoch 150/250: loss=0.020471
        Phase2 Epoch 200/250: loss=0.021179
        Phase2 Epoch 250/250: loss=0.042282
        E_mu=0.3813  E_Sigma=1.1087
  Stage 2 epoch 60/300: loss=0.000779
  Stage 2 epoch 120/300: loss=0.000730
  Stage 2 epoch 180/300: loss=0.000598
  Stage 2 epoch 240/300: loss=0.000517
  Stage 2 epoch 300/300: loss=0.000480
  Stage 3 epoch 60/300: loss=0.000082
  Stage 3 epoch 120/300: loss=0.000075
  Stage 3 epoch 180/300: loss=0.000070
  Stage 3 epoch 240/300: loss=0.000067
  Stage 3 epoch 300/300: loss=0.000069
  MTE@0.1: 1.3793
  MTE@0.5: 2.1310
  MTE@1.0: 2.7537
  W2@1.0:  1.7433
  MMD@1.0: 0.2471
  Survival@1.0: 76.0%
      Condition: K(Phat)
        Phase2 Epoch 50/250: loss=0.047709
        Phase2 Epoch 100/250: loss=0.065533
        Phase2 Epoch 150/250: loss=0.020688
        Phase2 Epoch 200/250: loss=0.043258
        Phase2 Epoch 250/250: loss=0.022498
        E_mu=0.1906  E_Sigma=0.4651
  Stage 2 epoch 60/300: loss=0.000957
  Stage 2 epoch 120/300: loss=0.000812
  Stage 2 epoch 180/300: loss=0.000561
  Stage 2 epoch 240/300: loss=0.000402
  Stage 2 epoch 300/300: loss=0.000299
  Stage 3 epoch 60/300: loss=0.000043
  Stage 3 epoch 120/300: loss=0.000040
  Stage 3 epoch 180/300: loss=0.000037
  Stage 3 epoch 240/300: loss=0.000035
  Stage 3 epoch 300/300: loss=0.000035
  MTE@0.1: 1.1247
  MTE@0.5: 2.0375
  MTE@1.0: 2.7521
  W2@1.0:  1.4158
  MMD@1.0: 0.1342
  Survival@1.0: 76.0%
      baseline: W2=1.7433  E_mu=0.3813  E_Sig=1.1087
       K(Phat): W2=1.4158  E_mu=0.1906  E_Sig=0.4651

  N=50, D=201 completed in 788.1s (39.4s per fork)

============================================================
  N=100 | D=11 (K=4) | paraboloid | seed=42
============================================================
    Phase1 Epoch 50/250: loss=0.713862
    Phase1 Epoch 100/250: loss=0.102215
    Phase1 Epoch 150/250: loss=0.018089
    Phase1 Epoch 200/250: loss=0.015605
    Phase1 Epoch 250/250: loss=0.013168
      Condition: baseline
        Phase2 Epoch 50/250: loss=0.009178
        Phase2 Epoch 100/250: loss=0.004775
        Phase2 Epoch 150/250: loss=0.005103
        Phase2 Epoch 200/250: loss=0.015768
        Phase2 Epoch 250/250: loss=0.002769
        E_mu=0.0329  E_Sigma=0.0804
  Stage 2 epoch 60/300: loss=0.030463
  Stage 2 epoch 120/300: loss=0.019760
  Stage 2 epoch 180/300: loss=0.012263
  Stage 2 epoch 240/300: loss=0.008955
  Stage 2 epoch 300/300: loss=0.007069
  Stage 3 epoch 60/300: loss=0.035976
  Stage 3 epoch 120/300: loss=0.017175
  Stage 3 epoch 180/300: loss=0.009944
  Stage 3 epoch 240/300: loss=0.008243
  Stage 3 epoch 300/300: loss=0.005579
  MTE@0.1: 1.0948
  MTE@0.5: 2.2519
  MTE@1.0: 2.6920
  W2@1.0:  1.9189
  MMD@1.0: 0.2262
  Survival@1.0: 76.5%
      Condition: K(Phat)
        Phase2 Epoch 50/250: loss=0.008876
        Phase2 Epoch 100/250: loss=0.002952
        Phase2 Epoch 150/250: loss=0.002085
        Phase2 Epoch 200/250: loss=0.002045
        Phase2 Epoch 250/250: loss=0.002762
        E_mu=0.0208  E_Sigma=0.0895
  Stage 2 epoch 60/300: loss=0.043066
  Stage 2 epoch 120/300: loss=0.017982
  Stage 2 epoch 180/300: loss=0.007712
  Stage 2 epoch 240/300: loss=0.004068
  Stage 2 epoch 300/300: loss=0.003232
  Stage 3 epoch 60/300: loss=0.040925
  Stage 3 epoch 120/300: loss=0.022721
  Stage 3 epoch 180/300: loss=0.011277
  Stage 3 epoch 240/300: loss=0.005850
  Stage 3 epoch 300/300: loss=0.004556
  MTE@0.1: 1.0679
  MTE@0.5: 2.1984
  MTE@1.0: 2.5853
  W2@1.0:  1.8242
  MMD@1.0: 0.2254
  Survival@1.0: 76.5%
      baseline: W2=1.9189  E_mu=0.0329  E_Sig=0.0804
       K(Phat): W2=1.8242  E_mu=0.0208  E_Sig=0.0895

============================================================
  N=100 | D=11 (K=4) | paraboloid | seed=1042
============================================================
    Phase1 Epoch 50/250: loss=0.705854
    Phase1 Epoch 100/250: loss=0.109873
    Phase1 Epoch 150/250: loss=0.016789
    Phase1 Epoch 200/250: loss=0.013304
    Phase1 Epoch 250/250: loss=0.018915
      Condition: baseline
        Phase2 Epoch 50/250: loss=0.012767
        Phase2 Epoch 100/250: loss=0.008065
        Phase2 Epoch 150/250: loss=0.007584
        Phase2 Epoch 200/250: loss=0.003524
        Phase2 Epoch 250/250: loss=0.001580
        E_mu=0.0556  E_Sigma=0.0442
  Stage 2 epoch 60/300: loss=0.025460
  Stage 2 epoch 120/300: loss=0.018684
  Stage 2 epoch 180/300: loss=0.020027
  Stage 2 epoch 240/300: loss=0.013344
  Stage 2 epoch 300/300: loss=0.009768
  Stage 3 epoch 60/300: loss=0.029820
  Stage 3 epoch 120/300: loss=0.023276
  Stage 3 epoch 180/300: loss=0.016302
  Stage 3 epoch 240/300: loss=0.012851
  Stage 3 epoch 300/300: loss=0.013506
  MTE@0.1: 1.0527
  MTE@0.5: 2.0681
  MTE@1.0: 2.6889
  W2@1.0:  1.8574
  MMD@1.0: 0.1949
  Survival@1.0: 72.0%
      Condition: K(Phat)
        Phase2 Epoch 50/250: loss=0.013468
        Phase2 Epoch 100/250: loss=0.005062
        Phase2 Epoch 150/250: loss=0.005728
        Phase2 Epoch 200/250: loss=0.002472
        Phase2 Epoch 250/250: loss=0.002429
        E_mu=0.0322  E_Sigma=0.0463
  Stage 2 epoch 60/300: loss=0.016132
  Stage 2 epoch 120/300: loss=0.012441
  Stage 2 epoch 180/300: loss=0.015551
  Stage 2 epoch 240/300: loss=0.009370
  Stage 2 epoch 300/300: loss=0.006721
  Stage 3 epoch 60/300: loss=0.031878
  Stage 3 epoch 120/300: loss=0.024865
  Stage 3 epoch 180/300: loss=0.016418
  Stage 3 epoch 240/300: loss=0.012765
  Stage 3 epoch 300/300: loss=0.013060
  MTE@0.1: 1.0587
  MTE@0.5: 2.0518
  MTE@1.0: 2.6318
  W2@1.0:  1.7785
  MMD@1.0: 0.1890
  Survival@1.0: 72.0%
      baseline: W2=1.8574  E_mu=0.0556  E_Sig=0.0442
       K(Phat): W2=1.7785  E_mu=0.0322  E_Sig=0.0463

============================================================
  N=100 | D=11 (K=4) | paraboloid | seed=2042
============================================================
    Phase1 Epoch 50/250: loss=0.859275
    Phase1 Epoch 100/250: loss=0.141276
    Phase1 Epoch 150/250: loss=0.021807
    Phase1 Epoch 200/250: loss=0.012119
    Phase1 Epoch 250/250: loss=0.007930
      Condition: baseline
        Phase2 Epoch 50/250: loss=0.006736
        Phase2 Epoch 100/250: loss=0.009538
        Phase2 Epoch 150/250: loss=0.002775
        Phase2 Epoch 200/250: loss=0.002705
        Phase2 Epoch 250/250: loss=0.002837
        E_mu=0.0257  E_Sigma=0.0386
  Stage 2 epoch 60/300: loss=0.028048
  Stage 2 epoch 120/300: loss=0.024268
  Stage 2 epoch 180/300: loss=0.016294
  Stage 2 epoch 240/300: loss=0.011888
  Stage 2 epoch 300/300: loss=0.008041
  Stage 3 epoch 60/300: loss=0.041373
  Stage 3 epoch 120/300: loss=0.016748
  Stage 3 epoch 180/300: loss=0.014521
  Stage 3 epoch 240/300: loss=0.008479
  Stage 3 epoch 300/300: loss=0.006234
  MTE@0.1: 1.5551
  MTE@0.5: 3.0204
  MTE@1.0: 3.4384
  W2@1.0:  1.9320
  MMD@1.0: 0.2288
  Survival@1.0: 78.5%
      Condition: K(Phat)
        Phase2 Epoch 50/250: loss=0.019636
        Phase2 Epoch 100/250: loss=0.006180
        Phase2 Epoch 150/250: loss=0.004080
        Phase2 Epoch 200/250: loss=0.002958
        Phase2 Epoch 250/250: loss=0.005886
        E_mu=0.0179  E_Sigma=0.0584
  Stage 2 epoch 60/300: loss=0.025519
  Stage 2 epoch 120/300: loss=0.020690
  Stage 2 epoch 180/300: loss=0.012385
  Stage 2 epoch 240/300: loss=0.006715
  Stage 2 epoch 300/300: loss=0.004408
  Stage 3 epoch 60/300: loss=0.045445
  Stage 3 epoch 120/300: loss=0.016963
  Stage 3 epoch 180/300: loss=0.014460
  Stage 3 epoch 240/300: loss=0.007958
  Stage 3 epoch 300/300: loss=0.005471
  MTE@0.1: 1.5537
  MTE@0.5: 3.0072
  MTE@1.0: 3.3892
  W2@1.0:  1.8686
  MMD@1.0: 0.2219
  Survival@1.0: 78.5%
      baseline: W2=1.9320  E_mu=0.0257  E_Sig=0.0386
       K(Phat): W2=1.8686  E_mu=0.0179  E_Sig=0.0584

============================================================
  N=100 | D=11 (K=4) | paraboloid | seed=3042
============================================================
    Phase1 Epoch 50/250: loss=0.821182
    Phase1 Epoch 100/250: loss=0.140781
    Phase1 Epoch 150/250: loss=0.039291
    Phase1 Epoch 200/250: loss=0.012665
    Phase1 Epoch 250/250: loss=0.006514
      Condition: baseline
        Phase2 Epoch 50/250: loss=0.009290
        Phase2 Epoch 100/250: loss=0.003687
        Phase2 Epoch 150/250: loss=0.011548
        Phase2 Epoch 200/250: loss=0.002440
        Phase2 Epoch 250/250: loss=0.002205
        E_mu=0.0152  E_Sigma=0.0115
  Stage 2 epoch 60/300: loss=0.037548
  Stage 2 epoch 120/300: loss=0.028455
  Stage 2 epoch 180/300: loss=0.020248
  Stage 2 epoch 240/300: loss=0.013071
  Stage 2 epoch 300/300: loss=0.011493
  Stage 3 epoch 60/300: loss=0.081251
  Stage 3 epoch 120/300: loss=0.019935
  Stage 3 epoch 180/300: loss=0.018469
  Stage 3 epoch 240/300: loss=0.010544
  Stage 3 epoch 300/300: loss=0.007658
  MTE@0.1: 1.0856
  MTE@0.5: 2.0674
  MTE@1.0: 2.7652
  W2@1.0:  1.8651
  MMD@1.0: 0.2398
  Survival@1.0: 74.5%
      Condition: K(Phat)
        Phase2 Epoch 50/250: loss=0.010084
        Phase2 Epoch 100/250: loss=0.004224
        Phase2 Epoch 150/250: loss=0.001662
        Phase2 Epoch 200/250: loss=0.001206
        Phase2 Epoch 250/250: loss=0.001658
        E_mu=0.0099  E_Sigma=0.0214
  Stage 2 epoch 60/300: loss=0.033362
  Stage 2 epoch 120/300: loss=0.024929
  Stage 2 epoch 180/300: loss=0.017902
  Stage 2 epoch 240/300: loss=0.010737
  Stage 2 epoch 300/300: loss=0.009359
  Stage 3 epoch 60/300: loss=0.091711
  Stage 3 epoch 120/300: loss=0.019981
  Stage 3 epoch 180/300: loss=0.015765
  Stage 3 epoch 240/300: loss=0.009161
  Stage 3 epoch 300/300: loss=0.007209
  MTE@0.1: 1.0860
  MTE@0.5: 2.0493
  MTE@1.0: 2.7277
  W2@1.0:  1.8534
  MMD@1.0: 0.2422
  Survival@1.0: 74.5%
      baseline: W2=1.8651  E_mu=0.0152  E_Sig=0.0115
       K(Phat): W2=1.8534  E_mu=0.0099  E_Sig=0.0214

============================================================
  N=100 | D=11 (K=4) | paraboloid | seed=4042
============================================================
    Phase1 Epoch 50/250: loss=0.736375
    Phase1 Epoch 100/250: loss=0.084541
    Phase1 Epoch 150/250: loss=0.042940
    Phase1 Epoch 200/250: loss=0.016762
    Phase1 Epoch 250/250: loss=0.009064
      Condition: baseline
        Phase2 Epoch 50/250: loss=0.006174
        Phase2 Epoch 100/250: loss=0.011620
        Phase2 Epoch 150/250: loss=0.003984
        Phase2 Epoch 200/250: loss=0.005322
        Phase2 Epoch 250/250: loss=0.000980
        E_mu=0.0228  E_Sigma=0.0141
  Stage 2 epoch 60/300: loss=0.026370
  Stage 2 epoch 120/300: loss=0.011160
  Stage 2 epoch 180/300: loss=0.006786
  Stage 2 epoch 240/300: loss=0.008486
  Stage 2 epoch 300/300: loss=0.004943
  Stage 3 epoch 60/300: loss=0.033671
  Stage 3 epoch 120/300: loss=0.011357
  Stage 3 epoch 180/300: loss=0.008266
  Stage 3 epoch 240/300: loss=0.004759
  Stage 3 epoch 300/300: loss=0.002891
  MTE@0.1: 1.2055
  MTE@0.5: 2.3576
  MTE@1.0: 2.6553
  W2@1.0:  1.7739
  MMD@1.0: 0.2290
  Survival@1.0: 76.0%
      Condition: K(Phat)
        Phase2 Epoch 50/250: loss=0.023180
        Phase2 Epoch 100/250: loss=0.007111
        Phase2 Epoch 150/250: loss=0.002640
        Phase2 Epoch 200/250: loss=0.007915
        Phase2 Epoch 250/250: loss=0.001651
        E_mu=0.0120  E_Sigma=0.0194
  Stage 2 epoch 60/300: loss=0.016409
  Stage 2 epoch 120/300: loss=0.007711
  Stage 2 epoch 180/300: loss=0.004729
  Stage 2 epoch 240/300: loss=0.005403
  Stage 2 epoch 300/300: loss=0.003296
  Stage 3 epoch 60/300: loss=0.029849
  Stage 3 epoch 120/300: loss=0.010788
  Stage 3 epoch 180/300: loss=0.007669
  Stage 3 epoch 240/300: loss=0.004407
  Stage 3 epoch 300/300: loss=0.002570
  MTE@0.1: 1.2102
  MTE@0.5: 2.3482
  MTE@1.0: 2.6230
  W2@1.0:  1.7436
  MMD@1.0: 0.2268
  Survival@1.0: 76.0%
      baseline: W2=1.7739  E_mu=0.0228  E_Sig=0.0141
       K(Phat): W2=1.7436  E_mu=0.0120  E_Sig=0.0194

============================================================
  N=100 | D=11 (K=4) | paraboloid | seed=5042
============================================================
    Phase1 Epoch 50/250: loss=0.753591
    Phase1 Epoch 100/250: loss=0.090358
    Phase1 Epoch 150/250: loss=0.031469
    Phase1 Epoch 200/250: loss=0.013996
    Phase1 Epoch 250/250: loss=0.020618
      Condition: baseline
        Phase2 Epoch 50/250: loss=0.010479
        Phase2 Epoch 100/250: loss=0.018709
        Phase2 Epoch 150/250: loss=0.009288
        Phase2 Epoch 200/250: loss=0.004682
        Phase2 Epoch 250/250: loss=0.005563
        E_mu=0.0381  E_Sigma=0.0976
  Stage 2 epoch 60/300: loss=0.033550
  Stage 2 epoch 120/300: loss=0.023804
  Stage 2 epoch 180/300: loss=0.020766
  Stage 2 epoch 240/300: loss=0.014721
  Stage 2 epoch 300/300: loss=0.012408
  Stage 3 epoch 60/300: loss=0.039373
  Stage 3 epoch 120/300: loss=0.018282
  Stage 3 epoch 180/300: loss=0.014384
  Stage 3 epoch 240/300: loss=0.010725
  Stage 3 epoch 300/300: loss=0.006539
  MTE@0.1: 1.1263
  MTE@0.5: 2.2229
  MTE@1.0: 2.8187
  W2@1.0:  1.9469
  MMD@1.0: 0.2592
  Survival@1.0: 76.5%
      Condition: K(Phat)
        Phase2 Epoch 50/250: loss=0.020790
        Phase2 Epoch 100/250: loss=0.009224
        Phase2 Epoch 150/250: loss=0.016077
        Phase2 Epoch 200/250: loss=0.005521
        Phase2 Epoch 250/250: loss=0.005383
        E_mu=0.0113  E_Sigma=0.0893
  Stage 2 epoch 60/300: loss=0.027913
  Stage 2 epoch 120/300: loss=0.012614
  Stage 2 epoch 180/300: loss=0.011066
  Stage 2 epoch 240/300: loss=0.005652
  Stage 2 epoch 300/300: loss=0.004280
  Stage 3 epoch 60/300: loss=0.039412
  Stage 3 epoch 120/300: loss=0.015465
  Stage 3 epoch 180/300: loss=0.010596
  Stage 3 epoch 240/300: loss=0.007372
  Stage 3 epoch 300/300: loss=0.004092
  MTE@0.1: 1.1121
  MTE@0.5: 2.1812
  MTE@1.0: 2.7682
  W2@1.0:  2.0053
  MMD@1.0: 0.2673
  Survival@1.0: 76.5%
      baseline: W2=1.9469  E_mu=0.0381  E_Sig=0.0976
       K(Phat): W2=2.0053  E_mu=0.0113  E_Sig=0.0893

============================================================
  N=100 | D=11 (K=4) | paraboloid | seed=6042
============================================================
    Phase1 Epoch 50/250: loss=0.727789
    Phase1 Epoch 100/250: loss=0.064110
    Phase1 Epoch 150/250: loss=0.018384
    Phase1 Epoch 200/250: loss=0.017209
    Phase1 Epoch 250/250: loss=0.009855
      Condition: baseline
        Phase2 Epoch 50/250: loss=0.017182
        Phase2 Epoch 100/250: loss=0.007135
        Phase2 Epoch 150/250: loss=0.007789
        Phase2 Epoch 200/250: loss=0.002479
        Phase2 Epoch 250/250: loss=0.012209
        E_mu=0.0469  E_Sigma=0.1884
  Stage 2 epoch 60/300: loss=0.022665
  Stage 2 epoch 120/300: loss=0.012716
  Stage 2 epoch 180/300: loss=0.008470
  Stage 2 epoch 240/300: loss=0.008699
  Stage 2 epoch 300/300: loss=0.003717
  Stage 3 epoch 60/300: loss=0.055780
  Stage 3 epoch 120/300: loss=0.013419
  Stage 3 epoch 180/300: loss=0.010457
  Stage 3 epoch 240/300: loss=0.007078
  Stage 3 epoch 300/300: loss=0.005981
  MTE@0.1: 1.1969
  MTE@0.5: 2.5021
  MTE@1.0: 2.9297
  W2@1.0:  2.0084
  MMD@1.0: 0.2691
  Survival@1.0: 73.0%
      Condition: K(Phat)
        Phase2 Epoch 50/250: loss=0.011602
        Phase2 Epoch 100/250: loss=0.006818
        Phase2 Epoch 150/250: loss=0.006998
        Phase2 Epoch 200/250: loss=0.011616
        Phase2 Epoch 250/250: loss=0.011025
        E_mu=0.0288  E_Sigma=0.0529
  Stage 2 epoch 60/300: loss=0.024629
  Stage 2 epoch 120/300: loss=0.014379
  Stage 2 epoch 180/300: loss=0.009400
  Stage 2 epoch 240/300: loss=0.007997
  Stage 2 epoch 300/300: loss=0.003094
  Stage 3 epoch 60/300: loss=0.058396
  Stage 3 epoch 120/300: loss=0.012676
  Stage 3 epoch 180/300: loss=0.009241
  Stage 3 epoch 240/300: loss=0.006943
  Stage 3 epoch 300/300: loss=0.005499
  MTE@0.1: 1.1631
  MTE@0.5: 2.4509
  MTE@1.0: 2.8767
  W2@1.0:  2.0231
  MMD@1.0: 0.2785
  Survival@1.0: 73.0%
      baseline: W2=2.0084  E_mu=0.0469  E_Sig=0.1884
       K(Phat): W2=2.0231  E_mu=0.0288  E_Sig=0.0529

============================================================
  N=100 | D=11 (K=4) | paraboloid | seed=7042
============================================================
    Phase1 Epoch 50/250: loss=0.793745
    Phase1 Epoch 100/250: loss=0.093857
    Phase1 Epoch 150/250: loss=0.028126
    Phase1 Epoch 200/250: loss=0.012364
    Phase1 Epoch 250/250: loss=0.016645
      Condition: baseline
        Phase2 Epoch 50/250: loss=0.010674
        Phase2 Epoch 100/250: loss=0.018289
        Phase2 Epoch 150/250: loss=0.006390
        Phase2 Epoch 200/250: loss=0.003043
        Phase2 Epoch 250/250: loss=0.002509
        E_mu=0.0183  E_Sigma=0.0566
  Stage 2 epoch 60/300: loss=0.044504
  Stage 2 epoch 120/300: loss=0.020564
  Stage 2 epoch 180/300: loss=0.015827
  Stage 2 epoch 240/300: loss=0.011098
  Stage 2 epoch 300/300: loss=0.007384
  Stage 3 epoch 60/300: loss=0.068558
  Stage 3 epoch 120/300: loss=0.013127
  Stage 3 epoch 180/300: loss=0.009022
  Stage 3 epoch 240/300: loss=0.008709
  Stage 3 epoch 300/300: loss=0.006663
  MTE@0.1: 1.2040
  MTE@0.5: 2.1826
  MTE@1.0: 2.8581
  W2@1.0:  1.8519
  MMD@1.0: 0.2398
  Survival@1.0: 76.5%
      Condition: K(Phat)
        Phase2 Epoch 50/250: loss=0.007072
        Phase2 Epoch 100/250: loss=0.009996
        Phase2 Epoch 150/250: loss=0.008007
        Phase2 Epoch 200/250: loss=0.006051
        Phase2 Epoch 250/250: loss=0.008927
        E_mu=0.0172  E_Sigma=0.0468
  Stage 2 epoch 60/300: loss=0.038391
  Stage 2 epoch 120/300: loss=0.019080
  Stage 2 epoch 180/300: loss=0.013989
  Stage 2 epoch 240/300: loss=0.009875
  Stage 2 epoch 300/300: loss=0.006820
  Stage 3 epoch 60/300: loss=0.081717
  Stage 3 epoch 120/300: loss=0.012109
  Stage 3 epoch 180/300: loss=0.008417
  Stage 3 epoch 240/300: loss=0.007564
  Stage 3 epoch 300/300: loss=0.006278
  MTE@0.1: 1.2096
  MTE@0.5: 2.1856
  MTE@1.0: 2.8120
  W2@1.0:  1.8568
  MMD@1.0: 0.2479
  Survival@1.0: 76.5%
      baseline: W2=1.8519  E_mu=0.0183  E_Sig=0.0566
       K(Phat): W2=1.8568  E_mu=0.0172  E_Sig=0.0468

============================================================
  N=100 | D=11 (K=4) | paraboloid | seed=8042
============================================================
    Phase1 Epoch 50/250: loss=0.373112
    Phase1 Epoch 100/250: loss=0.052807
    Phase1 Epoch 150/250: loss=0.019590
    Phase1 Epoch 200/250: loss=0.019394
    Phase1 Epoch 250/250: loss=0.010371
      Condition: baseline
        Phase2 Epoch 50/250: loss=0.005883
        Phase2 Epoch 100/250: loss=0.005329
        Phase2 Epoch 150/250: loss=0.005879
        Phase2 Epoch 200/250: loss=0.001105
        Phase2 Epoch 250/250: loss=0.000712
        E_mu=0.0283  E_Sigma=0.0145
  Stage 2 epoch 60/300: loss=0.029507
  Stage 2 epoch 120/300: loss=0.037258
  Stage 2 epoch 180/300: loss=0.016334
  Stage 2 epoch 240/300: loss=0.011360
  Stage 2 epoch 300/300: loss=0.008545
  Stage 3 epoch 60/300: loss=0.025528
  Stage 3 epoch 120/300: loss=0.014236
  Stage 3 epoch 180/300: loss=0.012912
  Stage 3 epoch 240/300: loss=0.009725
  Stage 3 epoch 300/300: loss=0.008865
  MTE@0.1: 0.5845
  MTE@0.5: 1.3333
  MTE@1.0: 1.7196
  W2@1.0:  1.7859
  MMD@1.0: 0.2154
  Survival@1.0: 79.5%
      Condition: K(Phat)
        Phase2 Epoch 50/250: loss=0.026031
        Phase2 Epoch 100/250: loss=0.002752
        Phase2 Epoch 150/250: loss=0.001662
        Phase2 Epoch 200/250: loss=0.001560
        Phase2 Epoch 250/250: loss=0.001388
        E_mu=0.0167  E_Sigma=0.0294
  Stage 2 epoch 60/300: loss=0.021848
  Stage 2 epoch 120/300: loss=0.025332
  Stage 2 epoch 180/300: loss=0.011039
  Stage 2 epoch 240/300: loss=0.005897
  Stage 2 epoch 300/300: loss=0.003482
  Stage 3 epoch 60/300: loss=0.030805
  Stage 3 epoch 120/300: loss=0.013916
  Stage 3 epoch 180/300: loss=0.014746
  Stage 3 epoch 240/300: loss=0.008288
  Stage 3 epoch 300/300: loss=0.007034
  MTE@0.1: 0.5763
  MTE@0.5: 1.3295
  MTE@1.0: 1.7036
  W2@1.0:  1.7488
  MMD@1.0: 0.2155
  Survival@1.0: 79.5%
      baseline: W2=1.7859  E_mu=0.0283  E_Sig=0.0145
       K(Phat): W2=1.7488  E_mu=0.0167  E_Sig=0.0294

============================================================
  N=100 | D=11 (K=4) | paraboloid | seed=9042
============================================================
    Phase1 Epoch 50/250: loss=0.392836
    Phase1 Epoch 100/250: loss=0.062114
    Phase1 Epoch 150/250: loss=0.022914
    Phase1 Epoch 200/250: loss=0.012247
    Phase1 Epoch 250/250: loss=0.013574
      Condition: baseline
        Phase2 Epoch 50/250: loss=0.013088
        Phase2 Epoch 100/250: loss=0.007786
        Phase2 Epoch 150/250: loss=0.010256
        Phase2 Epoch 200/250: loss=0.003242
        Phase2 Epoch 250/250: loss=0.001709
        E_mu=0.0240  E_Sigma=0.0293
  Stage 2 epoch 60/300: loss=0.031532
  Stage 2 epoch 120/300: loss=0.019341
  Stage 2 epoch 180/300: loss=0.013624
  Stage 2 epoch 240/300: loss=0.009455
  Stage 2 epoch 300/300: loss=0.012610
  Stage 3 epoch 60/300: loss=0.090255
  Stage 3 epoch 120/300: loss=0.039716
  Stage 3 epoch 180/300: loss=0.018023
  Stage 3 epoch 240/300: loss=0.017699
  Stage 3 epoch 300/300: loss=0.007038
  MTE@0.1: 0.5909
  MTE@0.5: 1.4335
  MTE@1.0: 2.1462
  W2@1.0:  1.8962
  MMD@1.0: 0.2578
  Survival@1.0: 76.0%
      Condition: K(Phat)
        Phase2 Epoch 50/250: loss=0.035683
        Phase2 Epoch 100/250: loss=0.003286
        Phase2 Epoch 150/250: loss=0.002272
        Phase2 Epoch 200/250: loss=0.001312
        Phase2 Epoch 250/250: loss=0.000880
        E_mu=0.0095  E_Sigma=0.0137
  Stage 2 epoch 60/300: loss=0.042122
  Stage 2 epoch 120/300: loss=0.024062
  Stage 2 epoch 180/300: loss=0.013075
  Stage 2 epoch 240/300: loss=0.008911
  Stage 2 epoch 300/300: loss=0.009272
  Stage 3 epoch 60/300: loss=0.104529
  Stage 3 epoch 120/300: loss=0.039414
  Stage 3 epoch 180/300: loss=0.016358
  Stage 3 epoch 240/300: loss=0.016401
  Stage 3 epoch 300/300: loss=0.004958
  MTE@0.1: 0.5885
  MTE@0.5: 1.4341
  MTE@1.0: 2.1457
  W2@1.0:  1.8050
  MMD@1.0: 0.2689
  Survival@1.0: 76.0%
      baseline: W2=1.8962  E_mu=0.0240  E_Sig=0.0293
       K(Phat): W2=1.8050  E_mu=0.0095  E_Sig=0.0137

============================================================
  N=100 | D=11 (K=4) | hyperbolic_paraboloid | seed=42
============================================================
    Phase1 Epoch 50/250: loss=0.751239
    Phase1 Epoch 100/250: loss=0.048192
    Phase1 Epoch 150/250: loss=0.015771
    Phase1 Epoch 200/250: loss=0.012295
    Phase1 Epoch 250/250: loss=0.008796
      Condition: baseline
        Phase2 Epoch 50/250: loss=0.010909
        Phase2 Epoch 100/250: loss=0.002397
        Phase2 Epoch 150/250: loss=0.002079
        Phase2 Epoch 200/250: loss=0.001409
        Phase2 Epoch 250/250: loss=0.001147
        E_mu=0.0231  E_Sigma=0.0406
  Stage 2 epoch 60/300: loss=0.013635
  Stage 2 epoch 120/300: loss=0.014569
  Stage 2 epoch 180/300: loss=0.011918
  Stage 2 epoch 240/300: loss=0.007081
  Stage 2 epoch 300/300: loss=0.007293
  Stage 3 epoch 60/300: loss=0.048297
  Stage 3 epoch 120/300: loss=0.035671
  Stage 3 epoch 180/300: loss=0.022185
  Stage 3 epoch 240/300: loss=0.021329
  Stage 3 epoch 300/300: loss=0.019238
  MTE@0.1: 0.9156
  MTE@0.5: 2.1601
  MTE@1.0: 2.6973
  W2@1.0:  1.7222
  MMD@1.0: 0.1627
  Survival@1.0: 76.5%
      Condition: K(Phat)
        Phase2 Epoch 50/250: loss=0.008663
        Phase2 Epoch 100/250: loss=0.007630
        Phase2 Epoch 150/250: loss=0.003310
        Phase2 Epoch 200/250: loss=0.002238
        Phase2 Epoch 250/250: loss=0.009399
        E_mu=0.0347  E_Sigma=0.3414
  Stage 2 epoch 60/300: loss=0.008787
  Stage 2 epoch 120/300: loss=0.007430
  Stage 2 epoch 180/300: loss=0.005827
  Stage 2 epoch 240/300: loss=0.003089
  Stage 2 epoch 300/300: loss=0.002763
  Stage 3 epoch 60/300: loss=0.073268
  Stage 3 epoch 120/300: loss=0.040859
  Stage 3 epoch 180/300: loss=0.025120
  Stage 3 epoch 240/300: loss=0.021940
  Stage 3 epoch 300/300: loss=0.016612
  MTE@0.1: 0.8563
  MTE@0.5: 2.2962
  MTE@1.0: 3.0644
  W2@1.0:  1.8443
  MMD@1.0: 0.1831
  Survival@1.0: 76.5%
      baseline: W2=1.7222  E_mu=0.0231  E_Sig=0.0406
       K(Phat): W2=1.8443  E_mu=0.0347  E_Sig=0.3414

============================================================
  N=100 | D=11 (K=4) | hyperbolic_paraboloid | seed=1042
============================================================
    Phase1 Epoch 50/250: loss=0.738968
    Phase1 Epoch 100/250: loss=0.057001
    Phase1 Epoch 150/250: loss=0.012967
    Phase1 Epoch 200/250: loss=0.011332
    Phase1 Epoch 250/250: loss=0.013309
      Condition: baseline
        Phase2 Epoch 50/250: loss=0.007877
        Phase2 Epoch 100/250: loss=0.003574
        Phase2 Epoch 150/250: loss=0.006272
        Phase2 Epoch 200/250: loss=0.003102
        Phase2 Epoch 250/250: loss=0.001376
        E_mu=0.0195  E_Sigma=0.0307
  Stage 2 epoch 60/300: loss=0.015408
  Stage 2 epoch 120/300: loss=0.009674
  Stage 2 epoch 180/300: loss=0.008151
  Stage 2 epoch 240/300: loss=0.005009
  Stage 2 epoch 300/300: loss=0.004005
  Stage 3 epoch 60/300: loss=0.018205
  Stage 3 epoch 120/300: loss=0.012439
  Stage 3 epoch 180/300: loss=0.012093
  Stage 3 epoch 240/300: loss=0.006925
  Stage 3 epoch 300/300: loss=0.006680
  MTE@0.1: 1.3450
  MTE@0.5: 2.3421
  MTE@1.0: 3.1837
  W2@1.0:  1.6177
  MMD@1.0: 0.1994
  Survival@1.0: 72.0%
      Condition: K(Phat)
        Phase2 Epoch 50/250: loss=0.010611
        Phase2 Epoch 100/250: loss=0.001744
        Phase2 Epoch 150/250: loss=0.002139
        Phase2 Epoch 200/250: loss=0.001031
        Phase2 Epoch 250/250: loss=0.001003
        E_mu=0.0123  E_Sigma=0.0242
  Stage 2 epoch 60/300: loss=0.010196
  Stage 2 epoch 120/300: loss=0.004354
  Stage 2 epoch 180/300: loss=0.003809
  Stage 2 epoch 240/300: loss=0.002658
  Stage 2 epoch 300/300: loss=0.001692
  Stage 3 epoch 60/300: loss=0.018741
  Stage 3 epoch 120/300: loss=0.011978
  Stage 3 epoch 180/300: loss=0.011071
  Stage 3 epoch 240/300: loss=0.005839
  Stage 3 epoch 300/300: loss=0.005864
  MTE@0.1: 1.3577
  MTE@0.5: 2.3531
  MTE@1.0: 3.1846
  W2@1.0:  1.5853
  MMD@1.0: 0.1998
  Survival@1.0: 72.0%
      baseline: W2=1.6177  E_mu=0.0195  E_Sig=0.0307
       K(Phat): W2=1.5853  E_mu=0.0123  E_Sig=0.0242

============================================================
  N=100 | D=11 (K=4) | hyperbolic_paraboloid | seed=2042
============================================================
    Phase1 Epoch 50/250: loss=0.792425
    Phase1 Epoch 100/250: loss=0.044808
    Phase1 Epoch 150/250: loss=0.016610
    Phase1 Epoch 200/250: loss=0.015054
    Phase1 Epoch 250/250: loss=0.015129
      Condition: baseline
        Phase2 Epoch 50/250: loss=0.008983
        Phase2 Epoch 100/250: loss=0.009680
        Phase2 Epoch 150/250: loss=0.002575
        Phase2 Epoch 200/250: loss=0.004765
        Phase2 Epoch 250/250: loss=0.004376
        E_mu=0.0176  E_Sigma=0.0449
  Stage 2 epoch 60/300: loss=0.016207
  Stage 2 epoch 120/300: loss=0.009390
  Stage 2 epoch 180/300: loss=0.006450
  Stage 2 epoch 240/300: loss=0.005661
  Stage 2 epoch 300/300: loss=0.004381
  Stage 3 epoch 60/300: loss=0.026235
  Stage 3 epoch 120/300: loss=0.013823
  Stage 3 epoch 180/300: loss=0.007202
  Stage 3 epoch 240/300: loss=0.005174
  Stage 3 epoch 300/300: loss=0.004011
  MTE@0.1: 0.9409
  MTE@0.5: 2.2287
  MTE@1.0: 2.8149
  W2@1.0:  1.5006
  MMD@1.0: 0.1753
  Survival@1.0: 78.5%
      Condition: K(Phat)
        Phase2 Epoch 50/250: loss=0.026222
        Phase2 Epoch 100/250: loss=0.007815
        Phase2 Epoch 150/250: loss=0.003374
        Phase2 Epoch 200/250: loss=0.003250
        Phase2 Epoch 250/250: loss=0.001841
        E_mu=0.0114  E_Sigma=0.0278
  Stage 2 epoch 60/300: loss=0.012058
  Stage 2 epoch 120/300: loss=0.008027
  Stage 2 epoch 180/300: loss=0.005879
  Stage 2 epoch 240/300: loss=0.005169
  Stage 2 epoch 300/300: loss=0.004339
  Stage 3 epoch 60/300: loss=0.027086
  Stage 3 epoch 120/300: loss=0.013397
  Stage 3 epoch 180/300: loss=0.005887
  Stage 3 epoch 240/300: loss=0.003584
  Stage 3 epoch 300/300: loss=0.002467
  MTE@0.1: 0.9385
  MTE@0.5: 2.2273
  MTE@1.0: 2.8153
  W2@1.0:  1.4352
  MMD@1.0: 0.1665
  Survival@1.0: 78.5%
      baseline: W2=1.5006  E_mu=0.0176  E_Sig=0.0449
       K(Phat): W2=1.4352  E_mu=0.0114  E_Sig=0.0278

============================================================
  N=100 | D=11 (K=4) | hyperbolic_paraboloid | seed=3042
============================================================
    Phase1 Epoch 50/250: loss=0.859925
    Phase1 Epoch 100/250: loss=0.076985
    Phase1 Epoch 150/250: loss=0.022690
    Phase1 Epoch 200/250: loss=0.007553
    Phase1 Epoch 250/250: loss=0.008907
      Condition: baseline
        Phase2 Epoch 50/250: loss=0.005150
        Phase2 Epoch 100/250: loss=0.001951
        Phase2 Epoch 150/250: loss=0.001409
        Phase2 Epoch 200/250: loss=0.002950
        Phase2 Epoch 250/250: loss=0.001563
        E_mu=0.0120  E_Sigma=0.0181
  Stage 2 epoch 60/300: loss=0.019284
  Stage 2 epoch 120/300: loss=0.009921
  Stage 2 epoch 180/300: loss=0.006452
  Stage 2 epoch 240/300: loss=0.005726
  Stage 2 epoch 300/300: loss=0.004421
  Stage 3 epoch 60/300: loss=0.138876
  Stage 3 epoch 120/300: loss=0.074705
  Stage 3 epoch 180/300: loss=0.094383
  Stage 3 epoch 240/300: loss=0.047812
  Stage 3 epoch 300/300: loss=0.035000
  MTE@0.1: 1.1421
  MTE@0.5: 2.2956
  MTE@1.0: 2.9501
  W2@1.0:  1.6458
  MMD@1.0: 0.1663
  Survival@1.0: 74.5%
      Condition: K(Phat)
        Phase2 Epoch 50/250: loss=0.011753
        Phase2 Epoch 100/250: loss=0.009831
        Phase2 Epoch 150/250: loss=0.005709
        Phase2 Epoch 200/250: loss=0.001894
        Phase2 Epoch 250/250: loss=0.002236
        E_mu=0.0131  E_Sigma=0.0912
  Stage 2 epoch 60/300: loss=0.019145
  Stage 2 epoch 120/300: loss=0.008589
  Stage 2 epoch 180/300: loss=0.005336
  Stage 2 epoch 240/300: loss=0.004572
  Stage 2 epoch 300/300: loss=0.004083
  Stage 3 epoch 60/300: loss=0.142747
  Stage 3 epoch 120/300: loss=0.076388
  Stage 3 epoch 180/300: loss=0.096381
  Stage 3 epoch 240/300: loss=0.050849
  Stage 3 epoch 300/300: loss=0.038384
  MTE@0.1: 1.1446
  MTE@0.5: 2.2839
  MTE@1.0: 2.9680
  W2@1.0:  1.7387
  MMD@1.0: 0.1687
  Survival@1.0: 74.5%
      baseline: W2=1.6458  E_mu=0.0120  E_Sig=0.0181
       K(Phat): W2=1.7387  E_mu=0.0131  E_Sig=0.0912

============================================================
  N=100 | D=11 (K=4) | hyperbolic_paraboloid | seed=4042
============================================================
    Phase1 Epoch 50/250: loss=0.776820
    Phase1 Epoch 100/250: loss=0.058602
    Phase1 Epoch 150/250: loss=0.016691
    Phase1 Epoch 200/250: loss=0.009922
    Phase1 Epoch 250/250: loss=0.010217
      Condition: baseline
        Phase2 Epoch 50/250: loss=0.005536
        Phase2 Epoch 100/250: loss=0.002127
        Phase2 Epoch 150/250: loss=0.003616
        Phase2 Epoch 200/250: loss=0.004470
        Phase2 Epoch 250/250: loss=0.001483
        E_mu=0.0159  E_Sigma=0.0300
  Stage 2 epoch 60/300: loss=0.013813
  Stage 2 epoch 120/300: loss=0.010816
  Stage 2 epoch 180/300: loss=0.008489
  Stage 2 epoch 240/300: loss=0.006831
  Stage 2 epoch 300/300: loss=0.005972
  Stage 3 epoch 60/300: loss=0.020887
  Stage 3 epoch 120/300: loss=0.009110
  Stage 3 epoch 180/300: loss=0.006716
  Stage 3 epoch 240/300: loss=0.006701
  Stage 3 epoch 300/300: loss=0.004350
  MTE@0.1: 1.5502
  MTE@0.5: 2.8766
  MTE@1.0: 3.0925
  W2@1.0:  1.4279
  MMD@1.0: 0.1743
  Survival@1.0: 76.0%
      Condition: K(Phat)
        Phase2 Epoch 50/250: loss=0.007590
        Phase2 Epoch 100/250: loss=0.006961
        Phase2 Epoch 150/250: loss=0.006359
        Phase2 Epoch 200/250: loss=0.004989
        Phase2 Epoch 250/250: loss=0.001096
        E_mu=0.0074  E_Sigma=0.0174
  Stage 2 epoch 60/300: loss=0.003832
  Stage 2 epoch 120/300: loss=0.003650
  Stage 2 epoch 180/300: loss=0.002899
  Stage 2 epoch 240/300: loss=0.003001
  Stage 2 epoch 300/300: loss=0.002568
  Stage 3 epoch 60/300: loss=0.020615
  Stage 3 epoch 120/300: loss=0.008773
  Stage 3 epoch 180/300: loss=0.005771
  Stage 3 epoch 240/300: loss=0.004862
  Stage 3 epoch 300/300: loss=0.003003
  MTE@0.1: 1.5376
  MTE@0.5: 2.8531
  MTE@1.0: 3.0297
  W2@1.0:  1.3641
  MMD@1.0: 0.1668
  Survival@1.0: 76.0%
      baseline: W2=1.4279  E_mu=0.0159  E_Sig=0.0300
       K(Phat): W2=1.3641  E_mu=0.0074  E_Sig=0.0174

============================================================
  N=100 | D=11 (K=4) | hyperbolic_paraboloid | seed=5042
============================================================
    Phase1 Epoch 50/250: loss=0.738755
    Phase1 Epoch 100/250: loss=0.658715
    Phase1 Epoch 150/250: loss=0.440135
    Phase1 Epoch 200/250: loss=0.249772
    Phase1 Epoch 250/250: loss=0.241494
      Condition: baseline
        Phase2 Epoch 50/250: loss=0.210361
        Phase2 Epoch 100/250: loss=0.038889
        Phase2 Epoch 150/250: loss=0.017086
        Phase2 Epoch 200/250: loss=0.010951
        Phase2 Epoch 250/250: loss=0.008199
        E_mu=0.1018  E_Sigma=0.1585
  Stage 2 epoch 60/300: loss=0.050864
  Stage 2 epoch 120/300: loss=0.048787
  Stage 2 epoch 180/300: loss=0.045434
  Stage 2 epoch 240/300: loss=0.037106
  Stage 2 epoch 300/300: loss=0.027796
  Stage 3 epoch 60/300: loss=0.084666
  Stage 3 epoch 120/300: loss=0.023495
  Stage 3 epoch 180/300: loss=0.017435
  Stage 3 epoch 240/300: loss=0.017893
  Stage 3 epoch 300/300: loss=0.016063
  MTE@0.1: 1.4139
  MTE@0.5: 2.6110
  MTE@1.0: 3.1870
  W2@1.0:  1.6360
  MMD@1.0: 0.1586
  Survival@1.0: 76.5%
      Condition: K(Phat)
        Phase2 Epoch 50/250: loss=0.216002
        Phase2 Epoch 100/250: loss=0.080886
        Phase2 Epoch 150/250: loss=0.025325
        Phase2 Epoch 200/250: loss=0.027575
        Phase2 Epoch 250/250: loss=0.013648
        E_mu=0.0576  E_Sigma=0.1004
  Stage 2 epoch 60/300: loss=0.033672
  Stage 2 epoch 120/300: loss=0.038236
  Stage 2 epoch 180/300: loss=0.029295
  Stage 2 epoch 240/300: loss=0.024438
  Stage 2 epoch 300/300: loss=0.018516
  Stage 3 epoch 60/300: loss=0.087400
  Stage 3 epoch 120/300: loss=0.023311
  Stage 3 epoch 180/300: loss=0.017468
  Stage 3 epoch 240/300: loss=0.017529
  Stage 3 epoch 300/300: loss=0.014524
  MTE@0.1: 1.4264
  MTE@0.5: 2.6185
  MTE@1.0: 3.1476
  W2@1.0:  1.5767
  MMD@1.0: 0.1531
  Survival@1.0: 76.5%
      baseline: W2=1.6360  E_mu=0.1018  E_Sig=0.1585
       K(Phat): W2=1.5767  E_mu=0.0576  E_Sig=0.1004

============================================================
  N=100 | D=11 (K=4) | hyperbolic_paraboloid | seed=6042
============================================================
    Phase1 Epoch 50/250: loss=0.747141
    Phase1 Epoch 100/250: loss=0.037410
    Phase1 Epoch 150/250: loss=0.022177
    Phase1 Epoch 200/250: loss=0.009963
    Phase1 Epoch 250/250: loss=0.017073
      Condition: baseline
        Phase2 Epoch 50/250: loss=0.008980
        Phase2 Epoch 100/250: loss=0.006180
        Phase2 Epoch 150/250: loss=0.002966
        Phase2 Epoch 200/250: loss=0.003400
        Phase2 Epoch 250/250: loss=0.002420
        E_mu=0.0231  E_Sigma=0.0394
  Stage 2 epoch 60/300: loss=0.013183
  Stage 2 epoch 120/300: loss=0.009437
  Stage 2 epoch 180/300: loss=0.008555
  Stage 2 epoch 240/300: loss=0.008002
  Stage 2 epoch 300/300: loss=0.005225
  Stage 3 epoch 60/300: loss=0.053402
  Stage 3 epoch 120/300: loss=0.030855
  Stage 3 epoch 180/300: loss=0.034794
  Stage 3 epoch 240/300: loss=0.026117
  Stage 3 epoch 300/300: loss=0.019167
  MTE@0.1: 0.8659
  MTE@0.5: 1.8069
  MTE@1.0: 2.3315
  W2@1.0:  1.3210
  MMD@1.0: 0.1437
  Survival@1.0: 73.0%
      Condition: K(Phat)
        Phase2 Epoch 50/250: loss=0.007232
        Phase2 Epoch 100/250: loss=0.023570
        Phase2 Epoch 150/250: loss=0.006972
        Phase2 Epoch 200/250: loss=0.006931
        Phase2 Epoch 250/250: loss=0.001567
        E_mu=0.0155  E_Sigma=0.0215
  Stage 2 epoch 60/300: loss=0.006662
  Stage 2 epoch 120/300: loss=0.005221
  Stage 2 epoch 180/300: loss=0.004758
  Stage 2 epoch 240/300: loss=0.005989
  Stage 2 epoch 300/300: loss=0.003087
  Stage 3 epoch 60/300: loss=0.051315
  Stage 3 epoch 120/300: loss=0.029425
  Stage 3 epoch 180/300: loss=0.032736
  Stage 3 epoch 240/300: loss=0.023119
  Stage 3 epoch 300/300: loss=0.018440
  MTE@0.1: 0.8671
  MTE@0.5: 1.7865
  MTE@1.0: 2.2504
  W2@1.0:  1.2200
  MMD@1.0: 0.1187
  Survival@1.0: 73.0%
      baseline: W2=1.3210  E_mu=0.0231  E_Sig=0.0394
       K(Phat): W2=1.2200  E_mu=0.0155  E_Sig=0.0215

============================================================
  N=100 | D=11 (K=4) | hyperbolic_paraboloid | seed=7042
============================================================
    Phase1 Epoch 50/250: loss=0.891278
    Phase1 Epoch 100/250: loss=0.116054
    Phase1 Epoch 150/250: loss=0.018714
    Phase1 Epoch 200/250: loss=0.012693
    Phase1 Epoch 250/250: loss=0.021176
      Condition: baseline
        Phase2 Epoch 50/250: loss=0.012681
        Phase2 Epoch 100/250: loss=0.006835
        Phase2 Epoch 150/250: loss=0.003858
        Phase2 Epoch 200/250: loss=0.007195
        Phase2 Epoch 250/250: loss=0.005115
        E_mu=0.0232  E_Sigma=0.0855
  Stage 2 epoch 60/300: loss=0.024473
  Stage 2 epoch 120/300: loss=0.008534
  Stage 2 epoch 180/300: loss=0.005473
  Stage 2 epoch 240/300: loss=0.006847
  Stage 2 epoch 300/300: loss=0.006077
  Stage 3 epoch 60/300: loss=0.045465
  Stage 3 epoch 120/300: loss=0.019032
  Stage 3 epoch 180/300: loss=0.012320
  Stage 3 epoch 240/300: loss=0.010042
  Stage 3 epoch 300/300: loss=0.009201
  MTE@0.1: 1.0136
  MTE@0.5: 2.3338
  MTE@1.0: 2.7842
  W2@1.0:  1.6829
  MMD@1.0: 0.1844
  Survival@1.0: 76.5%
      Condition: K(Phat)
        Phase2 Epoch 50/250: loss=0.008822
        Phase2 Epoch 100/250: loss=0.008365
        Phase2 Epoch 150/250: loss=0.011869
        Phase2 Epoch 200/250: loss=0.003117
        Phase2 Epoch 250/250: loss=0.007119
        E_mu=0.0205  E_Sigma=0.0819
  Stage 2 epoch 60/300: loss=0.008941
  Stage 2 epoch 120/300: loss=0.005094
  Stage 2 epoch 180/300: loss=0.003223
  Stage 2 epoch 240/300: loss=0.003367
  Stage 2 epoch 300/300: loss=0.003387
  Stage 3 epoch 60/300: loss=0.046174
  Stage 3 epoch 120/300: loss=0.020746
  Stage 3 epoch 180/300: loss=0.011006
  Stage 3 epoch 240/300: loss=0.009621
  Stage 3 epoch 300/300: loss=0.009115
  MTE@0.1: 1.0415
  MTE@0.5: 2.3354
  MTE@1.0: 2.7766
  W2@1.0:  1.5230
  MMD@1.0: 0.1578
  Survival@1.0: 76.5%
      baseline: W2=1.6829  E_mu=0.0232  E_Sig=0.0855
       K(Phat): W2=1.5230  E_mu=0.0205  E_Sig=0.0819

============================================================
  N=100 | D=11 (K=4) | hyperbolic_paraboloid | seed=8042
============================================================
    Phase1 Epoch 50/250: loss=0.552097
    Phase1 Epoch 100/250: loss=0.031209
    Phase1 Epoch 150/250: loss=0.011737
    Phase1 Epoch 200/250: loss=0.007634
    Phase1 Epoch 250/250: loss=0.008510
      Condition: baseline
        Phase2 Epoch 50/250: loss=0.003378
        Phase2 Epoch 100/250: loss=0.003267
        Phase2 Epoch 150/250: loss=0.006807
        Phase2 Epoch 200/250: loss=0.001116
        Phase2 Epoch 250/250: loss=0.005967
        E_mu=0.0174  E_Sigma=0.0271
  Stage 2 epoch 60/300: loss=0.012834
  Stage 2 epoch 120/300: loss=0.010566
  Stage 2 epoch 180/300: loss=0.004910
  Stage 2 epoch 240/300: loss=0.003657
  Stage 2 epoch 300/300: loss=0.003625
  Stage 3 epoch 60/300: loss=0.020869
  Stage 3 epoch 120/300: loss=0.016038
  Stage 3 epoch 180/300: loss=0.011951
  Stage 3 epoch 240/300: loss=0.007752
  Stage 3 epoch 300/300: loss=0.005323
  MTE@0.1: 1.2781
  MTE@0.5: 2.1037
  MTE@1.0: 2.5617
  W2@1.0:  1.5050
  MMD@1.0: 0.1849
  Survival@1.0: 79.5%
      Condition: K(Phat)
        Phase2 Epoch 50/250: loss=0.009126
        Phase2 Epoch 100/250: loss=0.003574
        Phase2 Epoch 150/250: loss=0.010226
        Phase2 Epoch 200/250: loss=0.001918
        Phase2 Epoch 250/250: loss=0.011042
        E_mu=0.0170  E_Sigma=0.0794
  Stage 2 epoch 60/300: loss=0.017205
  Stage 2 epoch 120/300: loss=0.009468
  Stage 2 epoch 180/300: loss=0.003860
  Stage 2 epoch 240/300: loss=0.003228
  Stage 2 epoch 300/300: loss=0.002343
  Stage 3 epoch 60/300: loss=0.024443
  Stage 3 epoch 120/300: loss=0.018779
  Stage 3 epoch 180/300: loss=0.013587
  Stage 3 epoch 240/300: loss=0.010805
  Stage 3 epoch 300/300: loss=0.008200
  MTE@0.1: 1.2834
  MTE@0.5: 2.1221
  MTE@1.0: 2.6229
  W2@1.0:  1.5451
  MMD@1.0: 0.1938
  Survival@1.0: 79.5%
      baseline: W2=1.5050  E_mu=0.0174  E_Sig=0.0271
       K(Phat): W2=1.5451  E_mu=0.0170  E_Sig=0.0794

============================================================
  N=100 | D=11 (K=4) | hyperbolic_paraboloid | seed=9042
============================================================
    Phase1 Epoch 50/250: loss=0.502908
    Phase1 Epoch 100/250: loss=0.028133
    Phase1 Epoch 150/250: loss=0.014542
    Phase1 Epoch 200/250: loss=0.014105
    Phase1 Epoch 250/250: loss=0.002838
      Condition: baseline
        Phase2 Epoch 50/250: loss=0.007409
        Phase2 Epoch 100/250: loss=0.002093
        Phase2 Epoch 150/250: loss=0.001411
        Phase2 Epoch 200/250: loss=0.004517
        Phase2 Epoch 250/250: loss=0.003151
        E_mu=0.0148  E_Sigma=0.0304
  Stage 2 epoch 60/300: loss=0.023720
  Stage 2 epoch 120/300: loss=0.011669
  Stage 2 epoch 180/300: loss=0.007808
  Stage 2 epoch 240/300: loss=0.005799
  Stage 2 epoch 300/300: loss=0.005721
  Stage 3 epoch 60/300: loss=0.032451
  Stage 3 epoch 120/300: loss=0.012286
  Stage 3 epoch 180/300: loss=0.005629
  Stage 3 epoch 240/300: loss=0.004742
  Stage 3 epoch 300/300: loss=0.004015
  MTE@0.1: 0.9376
  MTE@0.5: 1.9176
  MTE@1.0: 2.7111
  W2@1.0:  1.5126
  MMD@1.0: 0.1934
  Survival@1.0: 76.0%
      Condition: K(Phat)
        Phase2 Epoch 50/250: loss=0.011451
        Phase2 Epoch 100/250: loss=0.003604
        Phase2 Epoch 150/250: loss=0.001759
        Phase2 Epoch 200/250: loss=0.001037
        Phase2 Epoch 250/250: loss=0.001268
        E_mu=0.0115  E_Sigma=0.0209
  Stage 2 epoch 60/300: loss=0.026495
  Stage 2 epoch 120/300: loss=0.011529
  Stage 2 epoch 180/300: loss=0.007069
  Stage 2 epoch 240/300: loss=0.006119
  Stage 2 epoch 300/300: loss=0.005069
  Stage 3 epoch 60/300: loss=0.042609
  Stage 3 epoch 120/300: loss=0.012800
  Stage 3 epoch 180/300: loss=0.005255
  Stage 3 epoch 240/300: loss=0.004901
  Stage 3 epoch 300/300: loss=0.003533
  MTE@0.1: 0.9377
  MTE@0.5: 1.9304
  MTE@1.0: 2.7160
  W2@1.0:  1.5079
  MMD@1.0: 0.1836
  Survival@1.0: 76.0%
      baseline: W2=1.5126  E_mu=0.0148  E_Sig=0.0304
       K(Phat): W2=1.5079  E_mu=0.0115  E_Sig=0.0209

  N=100, D=11 completed in 1298.3s (64.9s per fork)

============================================================
  N=100 | D=201 (K=99) | paraboloid | seed=42
============================================================
    Phase1 Epoch 50/250: loss=0.866635
    Phase1 Epoch 100/250: loss=0.775461
    Phase1 Epoch 150/250: loss=0.657344
    Phase1 Epoch 200/250: loss=0.092240
    Phase1 Epoch 250/250: loss=0.062445
      Condition: baseline
        Phase2 Epoch 50/250: loss=0.020332
        Phase2 Epoch 100/250: loss=0.021105
        Phase2 Epoch 150/250: loss=0.021742
        Phase2 Epoch 200/250: loss=0.011675
        Phase2 Epoch 250/250: loss=0.016743
        E_mu=0.1459  E_Sigma=0.6234
  Stage 2 epoch 60/300: loss=0.000469
  Stage 2 epoch 120/300: loss=0.000458
  Stage 2 epoch 180/300: loss=0.000385
  Stage 2 epoch 240/300: loss=0.000252
  Stage 2 epoch 300/300: loss=0.000191
  Stage 3 epoch 60/300: loss=0.000152
  Stage 3 epoch 120/300: loss=0.000076
  Stage 3 epoch 180/300: loss=0.000050
  Stage 3 epoch 240/300: loss=0.000058
  Stage 3 epoch 300/300: loss=0.000036
  MTE@0.1: 1.0726
  MTE@0.5: 2.3168
  MTE@1.0: 3.1462
  W2@1.0:  2.0445
  MMD@1.0: 0.2119
  Survival@1.0: 76.5%
      Condition: K(Phat)
        Phase2 Epoch 50/250: loss=0.026899
        Phase2 Epoch 100/250: loss=0.026592
        Phase2 Epoch 150/250: loss=0.029064
        Phase2 Epoch 200/250: loss=0.022712
        Phase2 Epoch 250/250: loss=0.020922
        E_mu=0.0555  E_Sigma=0.2376
  Stage 2 epoch 60/300: loss=0.000352
  Stage 2 epoch 120/300: loss=0.000343
  Stage 2 epoch 180/300: loss=0.000246
  Stage 2 epoch 240/300: loss=0.000177
  Stage 2 epoch 300/300: loss=0.000142
  Stage 3 epoch 60/300: loss=0.000151
  Stage 3 epoch 120/300: loss=0.000068
  Stage 3 epoch 180/300: loss=0.000036
  Stage 3 epoch 240/300: loss=0.000044
  Stage 3 epoch 300/300: loss=0.000023
  MTE@0.1: 1.4828
  MTE@0.5: 2.5315
  MTE@1.0: 3.2576
  W2@1.0:  2.0585
  MMD@1.0: 0.2951
  Survival@1.0: 76.5%
      baseline: W2=2.0445  E_mu=0.1459  E_Sig=0.6234
       K(Phat): W2=2.0585  E_mu=0.0555  E_Sig=0.2376

============================================================
  N=100 | D=201 (K=99) | paraboloid | seed=1042
============================================================
    Phase1 Epoch 50/250: loss=0.842491
    Phase1 Epoch 100/250: loss=0.726231
    Phase1 Epoch 150/250: loss=0.577149
    Phase1 Epoch 200/250: loss=0.127389
    Phase1 Epoch 250/250: loss=0.051275
      Condition: baseline
        Phase2 Epoch 50/250: loss=0.029316
        Phase2 Epoch 100/250: loss=0.029200
        Phase2 Epoch 150/250: loss=0.025655
        Phase2 Epoch 200/250: loss=0.025802
        Phase2 Epoch 250/250: loss=0.014967
        E_mu=0.2122  E_Sigma=0.3860
  Stage 2 epoch 60/300: loss=0.001072
  Stage 2 epoch 120/300: loss=0.000837
  Stage 2 epoch 180/300: loss=0.001140
  Stage 2 epoch 240/300: loss=0.000555
  Stage 2 epoch 300/300: loss=0.000529
  Stage 3 epoch 60/300: loss=0.000068
  Stage 3 epoch 120/300: loss=0.000065
  Stage 3 epoch 180/300: loss=0.000054
  Stage 3 epoch 240/300: loss=0.000048
  Stage 3 epoch 300/300: loss=0.000050
  MTE@0.1: 1.2403
  MTE@0.5: 2.0511
  MTE@1.0: 2.8503
  W2@1.0:  2.0791
  MMD@1.0: 0.2903
  Survival@1.0: 72.0%
      Condition: K(Phat)
        Phase2 Epoch 50/250: loss=0.036242
        Phase2 Epoch 100/250: loss=0.032697
        Phase2 Epoch 150/250: loss=0.022001
        Phase2 Epoch 200/250: loss=0.017175
        Phase2 Epoch 250/250: loss=0.018503
        E_mu=0.1525  E_Sigma=0.5725
  Stage 2 epoch 60/300: loss=0.000802
  Stage 2 epoch 120/300: loss=0.000618
  Stage 2 epoch 180/300: loss=0.000858
  Stage 2 epoch 240/300: loss=0.000399
  Stage 2 epoch 300/300: loss=0.000294
  Stage 3 epoch 60/300: loss=0.000056
  Stage 3 epoch 120/300: loss=0.000051
  Stage 3 epoch 180/300: loss=0.000045
  Stage 3 epoch 240/300: loss=0.000040
  Stage 3 epoch 300/300: loss=0.000042
  MTE@0.1: 1.0633
  MTE@0.5: 1.8429
  MTE@1.0: 2.6171
  W2@1.0:  1.7273
  MMD@1.0: 0.2321
  Survival@1.0: 72.0%
      baseline: W2=2.0791  E_mu=0.2122  E_Sig=0.3860
       K(Phat): W2=1.7273  E_mu=0.1525  E_Sig=0.5725

============================================================
  N=100 | D=201 (K=99) | paraboloid | seed=2042
============================================================
    Phase1 Epoch 50/250: loss=0.881511
    Phase1 Epoch 100/250: loss=0.667676
    Phase1 Epoch 150/250: loss=0.235860
    Phase1 Epoch 200/250: loss=0.111151
    Phase1 Epoch 250/250: loss=0.123444
      Condition: baseline
        Phase2 Epoch 50/250: loss=0.052270
        Phase2 Epoch 100/250: loss=0.032692
        Phase2 Epoch 150/250: loss=0.034174
        Phase2 Epoch 200/250: loss=0.043512
        Phase2 Epoch 250/250: loss=0.038396
        E_mu=0.1650  E_Sigma=0.7770
  Stage 2 epoch 60/300: loss=0.000604
  Stage 2 epoch 120/300: loss=0.000446
  Stage 2 epoch 180/300: loss=0.000412
  Stage 2 epoch 240/300: loss=0.000307
  Stage 2 epoch 300/300: loss=0.000214
  Stage 3 epoch 60/300: loss=0.000200
  Stage 3 epoch 120/300: loss=0.000175
  Stage 3 epoch 180/300: loss=0.000138
  Stage 3 epoch 240/300: loss=0.000130
  Stage 3 epoch 300/300: loss=0.000111
  MTE@0.1: 1.2682
  MTE@0.5: 2.4194
  MTE@1.0: 2.9874
  W2@1.0:  1.6243
  MMD@1.0: 0.2146
  Survival@1.0: 78.5%
      Condition: K(Phat)
        Phase2 Epoch 50/250: loss=0.094386
        Phase2 Epoch 100/250: loss=0.029645
        Phase2 Epoch 150/250: loss=0.029141
        Phase2 Epoch 200/250: loss=0.028168
        Phase2 Epoch 250/250: loss=0.016683
        E_mu=0.0882  E_Sigma=0.2694
  Stage 2 epoch 60/300: loss=0.000736
  Stage 2 epoch 120/300: loss=0.000469
  Stage 2 epoch 180/300: loss=0.000424
  Stage 2 epoch 240/300: loss=0.000367
  Stage 2 epoch 300/300: loss=0.000283
  Stage 3 epoch 60/300: loss=0.000152
  Stage 3 epoch 120/300: loss=0.000142
  Stage 3 epoch 180/300: loss=0.000107
  Stage 3 epoch 240/300: loss=0.000099
  Stage 3 epoch 300/300: loss=0.000086
  MTE@0.1: 0.9987
  MTE@0.5: 2.2688
  MTE@1.0: 2.8765
  W2@1.0:  1.4915
  MMD@1.0: 0.1596
  Survival@1.0: 78.5%
      baseline: W2=1.6243  E_mu=0.1650  E_Sig=0.7770
       K(Phat): W2=1.4915  E_mu=0.0882  E_Sig=0.2694

============================================================
  N=100 | D=201 (K=99) | paraboloid | seed=3042
============================================================
    Phase1 Epoch 50/250: loss=0.872969
    Phase1 Epoch 100/250: loss=0.897235
    Phase1 Epoch 150/250: loss=0.665877
    Phase1 Epoch 200/250: loss=0.162590
    Phase1 Epoch 250/250: loss=0.099332
      Condition: baseline
        Phase2 Epoch 50/250: loss=0.040919
        Phase2 Epoch 100/250: loss=0.030003
        Phase2 Epoch 150/250: loss=0.020960
        Phase2 Epoch 200/250: loss=0.011698
        Phase2 Epoch 250/250: loss=0.033271
        E_mu=0.1346  E_Sigma=0.2512
  Stage 2 epoch 60/300: loss=0.000505
  Stage 2 epoch 120/300: loss=0.000399
  Stage 2 epoch 180/300: loss=0.000342
  Stage 2 epoch 240/300: loss=0.000200
  Stage 2 epoch 300/300: loss=0.000288
  Stage 3 epoch 60/300: loss=0.000050
  Stage 3 epoch 120/300: loss=0.000040
  Stage 3 epoch 180/300: loss=0.000050
  Stage 3 epoch 240/300: loss=0.000039
  Stage 3 epoch 300/300: loss=0.000035
  MTE@0.1: 1.9370
  MTE@0.5: 2.8059
  MTE@1.0: 3.3596
  W2@1.0:  2.0874
  MMD@1.0: 0.3663
  Survival@1.0: 74.5%
      Condition: K(Phat)
        Phase2 Epoch 50/250: loss=0.040278
        Phase2 Epoch 100/250: loss=0.036663
        Phase2 Epoch 150/250: loss=0.019125
        Phase2 Epoch 200/250: loss=0.059697
        Phase2 Epoch 250/250: loss=0.022395
        E_mu=0.0825  E_Sigma=0.2183
  Stage 2 epoch 60/300: loss=0.000534
  Stage 2 epoch 120/300: loss=0.000373
  Stage 2 epoch 180/300: loss=0.000402
  Stage 2 epoch 240/300: loss=0.000210
  Stage 2 epoch 300/300: loss=0.000292
  Stage 3 epoch 60/300: loss=0.000040
  Stage 3 epoch 120/300: loss=0.000030
  Stage 3 epoch 180/300: loss=0.000032
  Stage 3 epoch 240/300: loss=0.000032
  Stage 3 epoch 300/300: loss=0.000026
  MTE@0.1: 1.8006
  MTE@0.5: 2.7420
  MTE@1.0: 3.3462
  W2@1.0:  2.0976
  MMD@1.0: 0.3371
  Survival@1.0: 74.5%
      baseline: W2=2.0874  E_mu=0.1346  E_Sig=0.2512
       K(Phat): W2=2.0976  E_mu=0.0825  E_Sig=0.2183

============================================================
  N=100 | D=201 (K=99) | paraboloid | seed=4042
============================================================
    Phase1 Epoch 50/250: loss=0.828353
    Phase1 Epoch 100/250: loss=0.661380
    Phase1 Epoch 150/250: loss=0.215275
    Phase1 Epoch 200/250: loss=0.075338
    Phase1 Epoch 250/250: loss=0.055950
      Condition: baseline
        Phase2 Epoch 50/250: loss=0.020164
        Phase2 Epoch 100/250: loss=0.036644
        Phase2 Epoch 150/250: loss=0.019597
        Phase2 Epoch 200/250: loss=0.039777
        Phase2 Epoch 250/250: loss=0.026903
        E_mu=0.1113  E_Sigma=0.5347
  Stage 2 epoch 60/300: loss=0.000467
  Stage 2 epoch 120/300: loss=0.000413
  Stage 2 epoch 180/300: loss=0.000268
  Stage 2 epoch 240/300: loss=0.000183
  Stage 2 epoch 300/300: loss=0.000139
  Stage 3 epoch 60/300: loss=0.000155
  Stage 3 epoch 120/300: loss=0.000128
  Stage 3 epoch 180/300: loss=0.000105
  Stage 3 epoch 240/300: loss=0.000097
  Stage 3 epoch 300/300: loss=0.000107
  MTE@0.1: 1.2280
  MTE@0.5: 1.9267
  MTE@1.0: 2.1225
  W2@1.0:  1.7492
  MMD@1.0: 0.2944
  Survival@1.0: 76.0%
      Condition: K(Phat)
        Phase2 Epoch 50/250: loss=0.058549
        Phase2 Epoch 100/250: loss=0.028609
        Phase2 Epoch 150/250: loss=0.024915
        Phase2 Epoch 200/250: loss=0.016192
        Phase2 Epoch 250/250: loss=0.011218
        E_mu=0.0508  E_Sigma=0.1271
  Stage 2 epoch 60/300: loss=0.000447
  Stage 2 epoch 120/300: loss=0.000373
  Stage 2 epoch 180/300: loss=0.000267
  Stage 2 epoch 240/300: loss=0.000275
  Stage 2 epoch 300/300: loss=0.000241
  Stage 3 epoch 60/300: loss=0.000143
  Stage 3 epoch 120/300: loss=0.000119
  Stage 3 epoch 180/300: loss=0.000101
  Stage 3 epoch 240/300: loss=0.000078
  Stage 3 epoch 300/300: loss=0.000082
  MTE@0.1: 1.0492
  MTE@0.5: 1.7754
  MTE@1.0: 1.9143
  W2@1.0:  1.3637
  MMD@1.0: 0.2114
  Survival@1.0: 76.0%
      baseline: W2=1.7492  E_mu=0.1113  E_Sig=0.5347
       K(Phat): W2=1.3637  E_mu=0.0508  E_Sig=0.1271

============================================================
  N=100 | D=201 (K=99) | paraboloid | seed=5042
============================================================
    Phase1 Epoch 50/250: loss=0.816647
    Phase1 Epoch 100/250: loss=0.747995
    Phase1 Epoch 150/250: loss=0.616286
    Phase1 Epoch 200/250: loss=0.261443
    Phase1 Epoch 250/250: loss=0.050784
      Condition: baseline
        Phase2 Epoch 50/250: loss=0.036606
        Phase2 Epoch 100/250: loss=0.034292
        Phase2 Epoch 150/250: loss=0.050052
        Phase2 Epoch 200/250: loss=0.012731
        Phase2 Epoch 250/250: loss=0.014478
        E_mu=0.1013  E_Sigma=0.2346
  Stage 2 epoch 60/300: loss=0.000701
  Stage 2 epoch 120/300: loss=0.000309
  Stage 2 epoch 180/300: loss=0.000199
  Stage 2 epoch 240/300: loss=0.000173
  Stage 2 epoch 300/300: loss=0.000142
  Stage 3 epoch 60/300: loss=0.000044
  Stage 3 epoch 120/300: loss=0.000034
  Stage 3 epoch 180/300: loss=0.000033
  Stage 3 epoch 240/300: loss=0.000028
  Stage 3 epoch 300/300: loss=0.000023
  MTE@0.1: 1.1551
  MTE@0.5: 2.1958
  MTE@1.0: 2.7724
  W2@1.0:  1.5755
  MMD@1.0: 0.1657
  Survival@1.0: 76.5%
      Condition: K(Phat)
        Phase2 Epoch 50/250: loss=0.033281
        Phase2 Epoch 100/250: loss=0.044892
        Phase2 Epoch 150/250: loss=0.047576
        Phase2 Epoch 200/250: loss=0.031404
        Phase2 Epoch 250/250: loss=0.009054
        E_mu=0.0954  E_Sigma=0.3055
  Stage 2 epoch 60/300: loss=0.000686
  Stage 2 epoch 120/300: loss=0.000337
  Stage 2 epoch 180/300: loss=0.000263
  Stage 2 epoch 240/300: loss=0.000204
  Stage 2 epoch 300/300: loss=0.000166
  Stage 3 epoch 60/300: loss=0.000040
  Stage 3 epoch 120/300: loss=0.000035
  Stage 3 epoch 180/300: loss=0.000030
  Stage 3 epoch 240/300: loss=0.000027
  Stage 3 epoch 300/300: loss=0.000022
  MTE@0.1: 1.1547
  MTE@0.5: 2.1800
  MTE@1.0: 2.7807
  W2@1.0:  1.5398
  MMD@1.0: 0.1606
  Survival@1.0: 76.5%
      baseline: W2=1.5755  E_mu=0.1013  E_Sig=0.2346
       K(Phat): W2=1.5398  E_mu=0.0954  E_Sig=0.3055

============================================================
  N=100 | D=201 (K=99) | paraboloid | seed=6042
============================================================
    Phase1 Epoch 50/250: loss=0.845867
    Phase1 Epoch 100/250: loss=0.547320
    Phase1 Epoch 150/250: loss=0.122015
    Phase1 Epoch 200/250: loss=0.070993
    Phase1 Epoch 250/250: loss=0.033814
      Condition: baseline
        Phase2 Epoch 50/250: loss=0.022087
        Phase2 Epoch 100/250: loss=0.027893
        Phase2 Epoch 150/250: loss=0.017186
        Phase2 Epoch 200/250: loss=0.015401
        Phase2 Epoch 250/250: loss=0.002463
        E_mu=0.1014  E_Sigma=0.0717
  Stage 2 epoch 60/300: loss=0.000821
  Stage 2 epoch 120/300: loss=0.000706
  Stage 2 epoch 180/300: loss=0.000616
  Stage 2 epoch 240/300: loss=0.000591
  Stage 2 epoch 300/300: loss=0.000320
  Stage 3 epoch 60/300: loss=0.000145
  Stage 3 epoch 120/300: loss=0.000091
  Stage 3 epoch 180/300: loss=0.000134
  Stage 3 epoch 240/300: loss=0.000090
  Stage 3 epoch 300/300: loss=0.000055
  MTE@0.1: 0.8577
  MTE@0.5: 1.7134
  MTE@1.0: 2.0184
  W2@1.0:  1.2770
  MMD@1.0: 0.1103
  Survival@1.0: 73.0%
      Condition: K(Phat)
        Phase2 Epoch 50/250: loss=0.067189
        Phase2 Epoch 100/250: loss=0.025744
        Phase2 Epoch 150/250: loss=0.015093
        Phase2 Epoch 200/250: loss=0.019401
        Phase2 Epoch 250/250: loss=0.014971
        E_mu=0.1411  E_Sigma=0.4288
  Stage 2 epoch 60/300: loss=0.000712
  Stage 2 epoch 120/300: loss=0.000566
  Stage 2 epoch 180/300: loss=0.000491
  Stage 2 epoch 240/300: loss=0.000470
  Stage 2 epoch 300/300: loss=0.000286
  Stage 3 epoch 60/300: loss=0.000156
  Stage 3 epoch 120/300: loss=0.000107
  Stage 3 epoch 180/300: loss=0.000122
  Stage 3 epoch 240/300: loss=0.000121
  Stage 3 epoch 300/300: loss=0.000066
  MTE@0.1: 1.3334
  MTE@0.5: 2.0061
  MTE@1.0: 2.2535
  W2@1.0:  1.4726
  MMD@1.0: 0.2622
  Survival@1.0: 73.0%
      baseline: W2=1.2770  E_mu=0.1014  E_Sig=0.0717
       K(Phat): W2=1.4726  E_mu=0.1411  E_Sig=0.4288

============================================================
  N=100 | D=201 (K=99) | paraboloid | seed=7042
============================================================
    Phase1 Epoch 50/250: loss=0.851483
    Phase1 Epoch 100/250: loss=0.524473
    Phase1 Epoch 150/250: loss=0.151441
    Phase1 Epoch 200/250: loss=0.113848
    Phase1 Epoch 250/250: loss=0.041727
      Condition: baseline
        Phase2 Epoch 50/250: loss=0.030706
        Phase2 Epoch 100/250: loss=0.040891
        Phase2 Epoch 150/250: loss=0.041396
        Phase2 Epoch 200/250: loss=0.028372
        Phase2 Epoch 250/250: loss=0.044849
        E_mu=0.1841  E_Sigma=0.9691
  Stage 2 epoch 60/300: loss=0.001426
  Stage 2 epoch 120/300: loss=0.000949
  Stage 2 epoch 180/300: loss=0.000824
  Stage 2 epoch 240/300: loss=0.000810
  Stage 2 epoch 300/300: loss=0.000515
  Stage 3 epoch 60/300: loss=0.000187
  Stage 3 epoch 120/300: loss=0.000144
  Stage 3 epoch 180/300: loss=0.000131
  Stage 3 epoch 240/300: loss=0.000117
  Stage 3 epoch 300/300: loss=0.000109
  MTE@0.1: 1.4374
  MTE@0.5: 2.5134
  MTE@1.0: 2.9886
  W2@1.0:  1.6608
  MMD@1.0: 0.1991
  Survival@1.0: 76.5%
      Condition: K(Phat)
        Phase2 Epoch 50/250: loss=0.035551
        Phase2 Epoch 100/250: loss=0.031472
        Phase2 Epoch 150/250: loss=0.053276
        Phase2 Epoch 200/250: loss=0.017509
        Phase2 Epoch 250/250: loss=0.016760
        E_mu=0.0948  E_Sigma=0.2367
  Stage 2 epoch 60/300: loss=0.001062
  Stage 2 epoch 120/300: loss=0.000756
  Stage 2 epoch 180/300: loss=0.000719
  Stage 2 epoch 240/300: loss=0.000504
  Stage 2 epoch 300/300: loss=0.000471
  Stage 3 epoch 60/300: loss=0.000151
  Stage 3 epoch 120/300: loss=0.000118
  Stage 3 epoch 180/300: loss=0.000106
  Stage 3 epoch 240/300: loss=0.000095
  Stage 3 epoch 300/300: loss=0.000092
  MTE@0.1: 1.3179
  MTE@0.5: 2.4330
  MTE@1.0: 2.9654
  W2@1.0:  1.4690
  MMD@1.0: 0.1475
  Survival@1.0: 76.5%
      baseline: W2=1.6608  E_mu=0.1841  E_Sig=0.9691
       K(Phat): W2=1.4690  E_mu=0.0948  E_Sig=0.2367

============================================================
  N=100 | D=201 (K=99) | paraboloid | seed=8042
============================================================
    Phase1 Epoch 50/250: loss=0.858691
    Phase1 Epoch 100/250: loss=0.808630
    Phase1 Epoch 150/250: loss=0.728208
    Phase1 Epoch 200/250: loss=0.473765
    Phase1 Epoch 250/250: loss=0.117021
      Condition: baseline
        Phase2 Epoch 50/250: loss=0.060272
        Phase2 Epoch 100/250: loss=0.040132
        Phase2 Epoch 150/250: loss=0.046716
        Phase2 Epoch 200/250: loss=0.044491
        Phase2 Epoch 250/250: loss=0.015300
        E_mu=0.2416  E_Sigma=0.4662
  Stage 2 epoch 60/300: loss=0.001336
  Stage 2 epoch 120/300: loss=0.000950
  Stage 2 epoch 180/300: loss=0.000377
  Stage 2 epoch 240/300: loss=0.000275
  Stage 2 epoch 300/300: loss=0.000225
  Stage 3 epoch 60/300: loss=0.000317
  Stage 3 epoch 120/300: loss=0.000097
  Stage 3 epoch 180/300: loss=0.000099
  Stage 3 epoch 240/300: loss=0.000063
  Stage 3 epoch 300/300: loss=0.000071
  MTE@0.1: 1.1142
  MTE@0.5: 2.3496
  MTE@1.0: 3.0259
  W2@1.0:  1.8635
  MMD@1.0: 0.2234
  Survival@1.0: 79.5%
      Condition: K(Phat)
        Phase2 Epoch 50/250: loss=0.055138
        Phase2 Epoch 100/250: loss=0.022221
        Phase2 Epoch 150/250: loss=0.039731
        Phase2 Epoch 200/250: loss=0.029360
        Phase2 Epoch 250/250: loss=0.023476
        E_mu=0.2890  E_Sigma=1.0318
  Stage 2 epoch 60/300: loss=0.001459
  Stage 2 epoch 120/300: loss=0.000883
  Stage 2 epoch 180/300: loss=0.000352
  Stage 2 epoch 240/300: loss=0.000203
  Stage 2 epoch 300/300: loss=0.000164
  Stage 3 epoch 60/300: loss=0.000366
  Stage 3 epoch 120/300: loss=0.000139
  Stage 3 epoch 180/300: loss=0.000107
  Stage 3 epoch 240/300: loss=0.000084
  Stage 3 epoch 300/300: loss=0.000089
  MTE@0.1: 1.3185
  MTE@0.5: 2.5022
  MTE@1.0: 3.1151
  W2@1.0:  2.1044
  MMD@1.0: 0.2903
  Survival@1.0: 79.5%
      baseline: W2=1.8635  E_mu=0.2416  E_Sig=0.4662
       K(Phat): W2=2.1044  E_mu=0.2890  E_Sig=1.0318

============================================================
  N=100 | D=201 (K=99) | paraboloid | seed=9042
============================================================
    Phase1 Epoch 50/250: loss=0.863524
    Phase1 Epoch 100/250: loss=0.579507
    Phase1 Epoch 150/250: loss=0.182685
    Phase1 Epoch 200/250: loss=0.059713
    Phase1 Epoch 250/250: loss=0.053593
      Condition: baseline
        Phase2 Epoch 50/250: loss=0.038385
        Phase2 Epoch 100/250: loss=0.021220
        Phase2 Epoch 150/250: loss=0.029689
        Phase2 Epoch 200/250: loss=0.020257
        Phase2 Epoch 250/250: loss=0.014314
        E_mu=0.1138  E_Sigma=0.2329
  Stage 2 epoch 60/300: loss=0.000870
  Stage 2 epoch 120/300: loss=0.000598
  Stage 2 epoch 180/300: loss=0.000353
  Stage 2 epoch 240/300: loss=0.000299
  Stage 2 epoch 300/300: loss=0.000312
  Stage 3 epoch 60/300: loss=0.000046
  Stage 3 epoch 120/300: loss=0.000065
  Stage 3 epoch 180/300: loss=0.000043
  Stage 3 epoch 240/300: loss=0.000051
  Stage 3 epoch 300/300: loss=0.000040
  MTE@0.1: 1.3806
  MTE@0.5: 2.4312
  MTE@1.0: 2.8749
  W2@1.0:  1.7999
  MMD@1.0: 0.2444
  Survival@1.0: 76.0%
      Condition: K(Phat)
        Phase2 Epoch 50/250: loss=0.077483
        Phase2 Epoch 100/250: loss=0.039781
        Phase2 Epoch 150/250: loss=0.022878
        Phase2 Epoch 200/250: loss=0.029293
        Phase2 Epoch 250/250: loss=0.019601
        E_mu=0.0996  E_Sigma=0.2653
  Stage 2 epoch 60/300: loss=0.000820
  Stage 2 epoch 120/300: loss=0.000535
  Stage 2 epoch 180/300: loss=0.000327
  Stage 2 epoch 240/300: loss=0.000270
  Stage 2 epoch 300/300: loss=0.000260
  Stage 3 epoch 60/300: loss=0.000041
  Stage 3 epoch 120/300: loss=0.000062
  Stage 3 epoch 180/300: loss=0.000037
  Stage 3 epoch 240/300: loss=0.000046
  Stage 3 epoch 300/300: loss=0.000033
  MTE@0.1: 1.3347
  MTE@0.5: 2.3885
  MTE@1.0: 2.8254
  W2@1.0:  1.6871
  MMD@1.0: 0.2239
  Survival@1.0: 76.0%
      baseline: W2=1.7999  E_mu=0.1138  E_Sig=0.2329
       K(Phat): W2=1.6871  E_mu=0.0996  E_Sig=0.2653

============================================================
  N=100 | D=201 (K=99) | hyperbolic_paraboloid | seed=42
============================================================
    Phase1 Epoch 50/250: loss=0.907396
    Phase1 Epoch 100/250: loss=0.753936
    Phase1 Epoch 150/250: loss=0.213844
    Phase1 Epoch 200/250: loss=0.064458
    Phase1 Epoch 250/250: loss=0.041434
      Condition: baseline
        Phase2 Epoch 50/250: loss=0.027234
        Phase2 Epoch 100/250: loss=0.031740
        Phase2 Epoch 150/250: loss=0.013114
        Phase2 Epoch 200/250: loss=0.013245
        Phase2 Epoch 250/250: loss=0.013284
        E_mu=0.0745  E_Sigma=0.1690
  Stage 2 epoch 60/300: loss=0.000806
  Stage 2 epoch 120/300: loss=0.000778
  Stage 2 epoch 180/300: loss=0.000557
  Stage 2 epoch 240/300: loss=0.000439
  Stage 2 epoch 300/300: loss=0.000358
  Stage 3 epoch 60/300: loss=0.000030
  Stage 3 epoch 120/300: loss=0.000021
  Stage 3 epoch 180/300: loss=0.000015
  Stage 3 epoch 240/300: loss=0.000018
  Stage 3 epoch 300/300: loss=0.000013
  MTE@0.1: 1.2337
  MTE@0.5: 2.6379
  MTE@1.0: 2.9842
  W2@1.0:  1.4174
  MMD@1.0: 0.1664
  Survival@1.0: 76.5%
      Condition: K(Phat)
        Phase2 Epoch 50/250: loss=0.032074
        Phase2 Epoch 100/250: loss=0.021777
        Phase2 Epoch 150/250: loss=0.013484
        Phase2 Epoch 200/250: loss=0.014756
        Phase2 Epoch 250/250: loss=0.002816
        E_mu=0.0625  E_Sigma=0.0930
  Stage 2 epoch 60/300: loss=0.000823
  Stage 2 epoch 120/300: loss=0.000789
  Stage 2 epoch 180/300: loss=0.000582
  Stage 2 epoch 240/300: loss=0.000438
  Stage 2 epoch 300/300: loss=0.000376
  Stage 3 epoch 60/300: loss=0.000029
  Stage 3 epoch 120/300: loss=0.000022
  Stage 3 epoch 180/300: loss=0.000012
  Stage 3 epoch 240/300: loss=0.000016
  Stage 3 epoch 300/300: loss=0.000012
  MTE@0.1: 1.2145
  MTE@0.5: 2.6494
  MTE@1.0: 3.0337
  W2@1.0:  1.4514
  MMD@1.0: 0.1680
  Survival@1.0: 76.5%
      baseline: W2=1.4174  E_mu=0.0745  E_Sig=0.1690
       K(Phat): W2=1.4514  E_mu=0.0625  E_Sig=0.0930

============================================================
  N=100 | D=201 (K=99) | hyperbolic_paraboloid | seed=1042
============================================================
    Phase1 Epoch 50/250: loss=0.880491
    Phase1 Epoch 100/250: loss=0.711294
    Phase1 Epoch 150/250: loss=0.468853
    Phase1 Epoch 200/250: loss=0.048190
    Phase1 Epoch 250/250: loss=0.064772
      Condition: baseline
        Phase2 Epoch 50/250: loss=0.029382
        Phase2 Epoch 100/250: loss=0.059309
        Phase2 Epoch 150/250: loss=0.024528
        Phase2 Epoch 200/250: loss=0.012887
        Phase2 Epoch 250/250: loss=0.016929
        E_mu=0.1497  E_Sigma=0.2372
  Stage 2 epoch 60/300: loss=0.001483
  Stage 2 epoch 120/300: loss=0.001122
  Stage 2 epoch 180/300: loss=0.000708
  Stage 2 epoch 240/300: loss=0.000556
  Stage 2 epoch 300/300: loss=0.000403
  Stage 3 epoch 60/300: loss=0.000139
  Stage 3 epoch 120/300: loss=0.000057
  Stage 3 epoch 180/300: loss=0.000065
  Stage 3 epoch 240/300: loss=0.000050
  Stage 3 epoch 300/300: loss=0.000045
  MTE@0.1: 1.6537
  MTE@0.5: 2.6687
  MTE@1.0: 3.2870
  W2@1.0:  1.4806
  MMD@1.0: 0.1827
  Survival@1.0: 72.0%
      Condition: K(Phat)
        Phase2 Epoch 50/250: loss=0.044007
        Phase2 Epoch 100/250: loss=0.015302
        Phase2 Epoch 150/250: loss=0.016529
        Phase2 Epoch 200/250: loss=0.014352
        Phase2 Epoch 250/250: loss=0.016638
        E_mu=0.1201  E_Sigma=0.3562
  Stage 2 epoch 60/300: loss=0.001178
  Stage 2 epoch 120/300: loss=0.000906
  Stage 2 epoch 180/300: loss=0.000689
  Stage 2 epoch 240/300: loss=0.000496
  Stage 2 epoch 300/300: loss=0.000305
  Stage 3 epoch 60/300: loss=0.000173
  Stage 3 epoch 120/300: loss=0.000068
  Stage 3 epoch 180/300: loss=0.000075
  Stage 3 epoch 240/300: loss=0.000053
  Stage 3 epoch 300/300: loss=0.000054
  MTE@0.1: 1.7265
  MTE@0.5: 2.7270
  MTE@1.0: 3.3053
  W2@1.0:  1.5325
  MMD@1.0: 0.2095
  Survival@1.0: 72.0%
      baseline: W2=1.4806  E_mu=0.1497  E_Sig=0.2372
       K(Phat): W2=1.5325  E_mu=0.1201  E_Sig=0.3562

============================================================
  N=100 | D=201 (K=99) | hyperbolic_paraboloid | seed=2042
============================================================
    Phase1 Epoch 50/250: loss=0.917460
    Phase1 Epoch 100/250: loss=0.670192
    Phase1 Epoch 150/250: loss=0.145437
    Phase1 Epoch 200/250: loss=0.055377
    Phase1 Epoch 250/250: loss=0.046794
      Condition: baseline
        Phase2 Epoch 50/250: loss=0.018448
        Phase2 Epoch 100/250: loss=0.031539
        Phase2 Epoch 150/250: loss=0.013555
        Phase2 Epoch 200/250: loss=0.015069
        Phase2 Epoch 250/250: loss=0.003213
        E_mu=0.0798  E_Sigma=0.1124
  Stage 2 epoch 60/300: loss=0.000568
  Stage 2 epoch 120/300: loss=0.000496
  Stage 2 epoch 180/300: loss=0.000364
  Stage 2 epoch 240/300: loss=0.000315
  Stage 2 epoch 300/300: loss=0.000215
  Stage 3 epoch 60/300: loss=0.000138
  Stage 3 epoch 120/300: loss=0.000092
  Stage 3 epoch 180/300: loss=0.000029
  Stage 3 epoch 240/300: loss=0.000019
  Stage 3 epoch 300/300: loss=0.000015
  MTE@0.1: 0.4737
  MTE@0.5: 1.3817
  MTE@1.0: 1.7355
  W2@1.0:  1.5438
  MMD@1.0: 0.1571
  Survival@1.0: 78.5%
      Condition: K(Phat)
        Phase2 Epoch 50/250: loss=0.056913
        Phase2 Epoch 100/250: loss=0.047386
        Phase2 Epoch 150/250: loss=0.021944
        Phase2 Epoch 200/250: loss=0.034469
        Phase2 Epoch 250/250: loss=0.025659
        E_mu=0.1285  E_Sigma=0.5620
  Stage 2 epoch 60/300: loss=0.000800
  Stage 2 epoch 120/300: loss=0.000642
  Stage 2 epoch 180/300: loss=0.000466
  Stage 2 epoch 240/300: loss=0.000396
  Stage 2 epoch 300/300: loss=0.000290
  Stage 3 epoch 60/300: loss=0.000157
  Stage 3 epoch 120/300: loss=0.000114
  Stage 3 epoch 180/300: loss=0.000051
  Stage 3 epoch 240/300: loss=0.000042
  Stage 3 epoch 300/300: loss=0.000030
  MTE@0.1: 0.6860
  MTE@0.5: 1.5315
  MTE@1.0: 1.8829
  W2@1.0:  1.6499
  MMD@1.0: 0.1816
  Survival@1.0: 78.5%
      baseline: W2=1.5438  E_mu=0.0798  E_Sig=0.1124
       K(Phat): W2=1.6499  E_mu=0.1285  E_Sig=0.5620

============================================================
  N=100 | D=201 (K=99) | hyperbolic_paraboloid | seed=3042
============================================================
    Phase1 Epoch 50/250: loss=0.895884
    Phase1 Epoch 100/250: loss=0.805743
    Phase1 Epoch 150/250: loss=0.518140
    Phase1 Epoch 200/250: loss=0.042996
    Phase1 Epoch 250/250: loss=0.039107
      Condition: baseline
        Phase2 Epoch 50/250: loss=0.020049
        Phase2 Epoch 100/250: loss=0.021769
        Phase2 Epoch 150/250: loss=0.014921
        Phase2 Epoch 200/250: loss=0.021509
        Phase2 Epoch 250/250: loss=0.013210
        E_mu=0.0816  E_Sigma=0.3274
  Stage 2 epoch 60/300: loss=0.000449
  Stage 2 epoch 120/300: loss=0.000382
  Stage 2 epoch 180/300: loss=0.000297
  Stage 2 epoch 240/300: loss=0.000221
  Stage 2 epoch 300/300: loss=0.000153
  Stage 3 epoch 60/300: loss=0.000317
  Stage 3 epoch 120/300: loss=0.000191
  Stage 3 epoch 180/300: loss=0.000357
  Stage 3 epoch 240/300: loss=0.000200
  Stage 3 epoch 300/300: loss=0.000116
  MTE@0.1: 1.3123
  MTE@0.5: 2.3414
  MTE@1.0: 2.7077
  W2@1.0:  1.2739
  MMD@1.0: 0.1669
  Survival@1.0: 74.5%
      Condition: K(Phat)
        Phase2 Epoch 50/250: loss=0.019574
        Phase2 Epoch 100/250: loss=0.027202
        Phase2 Epoch 150/250: loss=0.017715
        Phase2 Epoch 200/250: loss=0.010884
        Phase2 Epoch 250/250: loss=0.004488
        E_mu=0.0549  E_Sigma=0.0783
  Stage 2 epoch 60/300: loss=0.000423
  Stage 2 epoch 120/300: loss=0.000403
  Stage 2 epoch 180/300: loss=0.000273
  Stage 2 epoch 240/300: loss=0.000219
  Stage 2 epoch 300/300: loss=0.000142
  Stage 3 epoch 60/300: loss=0.000314
  Stage 3 epoch 120/300: loss=0.000188
  Stage 3 epoch 180/300: loss=0.000294
  Stage 3 epoch 240/300: loss=0.000221
  Stage 3 epoch 300/300: loss=0.000128
  MTE@0.1: 1.1295
  MTE@0.5: 2.2929
  MTE@1.0: 2.6523
  W2@1.0:  1.2014
  MMD@1.0: 0.0984
  Survival@1.0: 74.5%
      baseline: W2=1.2739  E_mu=0.0816  E_Sig=0.3274
       K(Phat): W2=1.2014  E_mu=0.0549  E_Sig=0.0783

============================================================
  N=100 | D=201 (K=99) | hyperbolic_paraboloid | seed=4042
============================================================
    Phase1 Epoch 50/250: loss=0.923013
    Phase1 Epoch 100/250: loss=0.578195
    Phase1 Epoch 150/250: loss=0.074616
    Phase1 Epoch 200/250: loss=0.034456
    Phase1 Epoch 250/250: loss=0.032053
      Condition: baseline
        Phase2 Epoch 50/250: loss=0.026615
        Phase2 Epoch 100/250: loss=0.022879
        Phase2 Epoch 150/250: loss=0.017257
        Phase2 Epoch 200/250: loss=0.018721
        Phase2 Epoch 250/250: loss=0.015816
        E_mu=0.0636  E_Sigma=0.3105
  Stage 2 epoch 60/300: loss=0.000538
  Stage 2 epoch 120/300: loss=0.000532
  Stage 2 epoch 180/300: loss=0.000421
  Stage 2 epoch 240/300: loss=0.000479
  Stage 2 epoch 300/300: loss=0.000353
  Stage 3 epoch 60/300: loss=0.000038
  Stage 3 epoch 120/300: loss=0.000033
  Stage 3 epoch 180/300: loss=0.000031
  Stage 3 epoch 240/300: loss=0.000023
  Stage 3 epoch 300/300: loss=0.000017
  MTE@0.1: 1.3867
  MTE@0.5: 2.3341
  MTE@1.0: 2.5395
  W2@1.0:  1.6632
  MMD@1.0: 0.2135
  Survival@1.0: 76.0%
      Condition: K(Phat)
        Phase2 Epoch 50/250: loss=0.042691
        Phase2 Epoch 100/250: loss=0.022179
        Phase2 Epoch 150/250: loss=0.014488
        Phase2 Epoch 200/250: loss=0.048505
        Phase2 Epoch 250/250: loss=0.018479
        E_mu=0.1185  E_Sigma=0.3680
  Stage 2 epoch 60/300: loss=0.000457
  Stage 2 epoch 120/300: loss=0.000423
  Stage 2 epoch 180/300: loss=0.000353
  Stage 2 epoch 240/300: loss=0.000430
  Stage 2 epoch 300/300: loss=0.000346
  Stage 3 epoch 60/300: loss=0.000037
  Stage 3 epoch 120/300: loss=0.000033
  Stage 3 epoch 180/300: loss=0.000032
  Stage 3 epoch 240/300: loss=0.000023
  Stage 3 epoch 300/300: loss=0.000020
  MTE@0.1: 1.4207
  MTE@0.5: 2.3117
  MTE@1.0: 2.5052
  W2@1.0:  1.4580
  MMD@1.0: 0.2082
  Survival@1.0: 76.0%
      baseline: W2=1.6632  E_mu=0.0636  E_Sig=0.3105
       K(Phat): W2=1.4580  E_mu=0.1185  E_Sig=0.3680

============================================================
  N=100 | D=201 (K=99) | hyperbolic_paraboloid | seed=5042
============================================================
    Phase1 Epoch 50/250: loss=0.928395
    Phase1 Epoch 100/250: loss=0.750843
    Phase1 Epoch 150/250: loss=0.686708
    Phase1 Epoch 200/250: loss=0.569180
    Phase1 Epoch 250/250: loss=0.091489
      Condition: baseline
        Phase2 Epoch 50/250: loss=0.033176
        Phase2 Epoch 100/250: loss=0.019493
        Phase2 Epoch 150/250: loss=0.017954
        Phase2 Epoch 200/250: loss=0.023363
        Phase2 Epoch 250/250: loss=0.012491
        E_mu=0.0876  E_Sigma=0.3631
  Stage 2 epoch 60/300: loss=0.000713
  Stage 2 epoch 120/300: loss=0.000678
  Stage 2 epoch 180/300: loss=0.000505
  Stage 2 epoch 240/300: loss=0.000349
  Stage 2 epoch 300/300: loss=0.000245
  Stage 3 epoch 60/300: loss=0.000252
  Stage 3 epoch 120/300: loss=0.000135
  Stage 3 epoch 180/300: loss=0.000139
  Stage 3 epoch 240/300: loss=0.000096
  Stage 3 epoch 300/300: loss=0.000092
  MTE@0.1: 1.1014
  MTE@0.5: 1.9993
  MTE@1.0: 2.6502
  W2@1.0:  1.4895
  MMD@1.0: 0.1709
  Survival@1.0: 76.5%
      Condition: K(Phat)
        Phase2 Epoch 50/250: loss=0.025646
        Phase2 Epoch 100/250: loss=0.018441
        Phase2 Epoch 150/250: loss=0.022912
        Phase2 Epoch 200/250: loss=0.021800
        Phase2 Epoch 250/250: loss=0.009506
        E_mu=0.0909  E_Sigma=0.2390
  Stage 2 epoch 60/300: loss=0.000936
  Stage 2 epoch 120/300: loss=0.000725
  Stage 2 epoch 180/300: loss=0.000478
  Stage 2 epoch 240/300: loss=0.000401
  Stage 2 epoch 300/300: loss=0.000277
  Stage 3 epoch 60/300: loss=0.000059
  Stage 3 epoch 120/300: loss=0.000030
  Stage 3 epoch 180/300: loss=0.000030
  Stage 3 epoch 240/300: loss=0.000025
  Stage 3 epoch 300/300: loss=0.000023
  MTE@0.1: 1.2195
  MTE@0.5: 2.3696
  MTE@1.0: 3.0069
  W2@1.0:  1.4867
  MMD@1.0: 0.1277
  Survival@1.0: 76.5%
      baseline: W2=1.4895  E_mu=0.0876  E_Sig=0.3631
       K(Phat): W2=1.4867  E_mu=0.0909  E_Sig=0.2390

============================================================
  N=100 | D=201 (K=99) | hyperbolic_paraboloid | seed=6042
============================================================
    Phase1 Epoch 50/250: loss=0.875259
    Phase1 Epoch 100/250: loss=0.706170
    Phase1 Epoch 150/250: loss=0.206482
    Phase1 Epoch 200/250: loss=0.084876
    Phase1 Epoch 250/250: loss=0.019237
      Condition: baseline
        Phase2 Epoch 50/250: loss=0.029602
        Phase2 Epoch 100/250: loss=0.010599
        Phase2 Epoch 150/250: loss=0.019180
        Phase2 Epoch 200/250: loss=0.043164
        Phase2 Epoch 250/250: loss=0.001826
        E_mu=0.0685  E_Sigma=0.0698
  Stage 2 epoch 60/300: loss=0.000437
  Stage 2 epoch 120/300: loss=0.000433
  Stage 2 epoch 180/300: loss=0.000321
  Stage 2 epoch 240/300: loss=0.000301
  Stage 2 epoch 300/300: loss=0.000260
  Stage 3 epoch 60/300: loss=0.000136
  Stage 3 epoch 120/300: loss=0.000086
  Stage 3 epoch 180/300: loss=0.000074
  Stage 3 epoch 240/300: loss=0.000049
  Stage 3 epoch 300/300: loss=0.000037
  MTE@0.1: 0.8217
  MTE@0.5: 1.6109
  MTE@1.0: 2.0221
  W2@1.0:  1.0304
  MMD@1.0: 0.0829
  Survival@1.0: 73.0%
      Condition: K(Phat)
        Phase2 Epoch 50/250: loss=0.041153
        Phase2 Epoch 100/250: loss=0.015811
        Phase2 Epoch 150/250: loss=0.013000
        Phase2 Epoch 200/250: loss=0.019699
        Phase2 Epoch 250/250: loss=0.006342
        E_mu=0.0741  E_Sigma=0.0690
  Stage 2 epoch 60/300: loss=0.000451
  Stage 2 epoch 120/300: loss=0.000441
  Stage 2 epoch 180/300: loss=0.000339
  Stage 2 epoch 240/300: loss=0.000303
  Stage 2 epoch 300/300: loss=0.000274
  Stage 3 epoch 60/300: loss=0.000142
  Stage 3 epoch 120/300: loss=0.000088
  Stage 3 epoch 180/300: loss=0.000075
  Stage 3 epoch 240/300: loss=0.000050
  Stage 3 epoch 300/300: loss=0.000039
  MTE@0.1: 0.8703
  MTE@0.5: 1.6060
  MTE@1.0: 1.9951
  W2@1.0:  0.9880
  MMD@1.0: 0.0989
  Survival@1.0: 73.0%
      baseline: W2=1.0304  E_mu=0.0685  E_Sig=0.0698
       K(Phat): W2=0.9880  E_mu=0.0741  E_Sig=0.0690

============================================================
  N=100 | D=201 (K=99) | hyperbolic_paraboloid | seed=7042
============================================================
    Phase1 Epoch 50/250: loss=0.974119
    Phase1 Epoch 100/250: loss=0.499265
    Phase1 Epoch 150/250: loss=0.109518
    Phase1 Epoch 200/250: loss=0.119775
    Phase1 Epoch 250/250: loss=0.041171
      Condition: baseline
        Phase2 Epoch 50/250: loss=0.041281
        Phase2 Epoch 100/250: loss=0.026884
        Phase2 Epoch 150/250: loss=0.022198
        Phase2 Epoch 200/250: loss=0.026087
        Phase2 Epoch 250/250: loss=0.021239
        E_mu=0.0906  E_Sigma=0.2148
  Stage 2 epoch 60/300: loss=0.001796
  Stage 2 epoch 120/300: loss=0.001072
  Stage 2 epoch 180/300: loss=0.000941
  Stage 2 epoch 240/300: loss=0.000738
  Stage 2 epoch 300/300: loss=0.000657
  Stage 3 epoch 60/300: loss=0.000148
  Stage 3 epoch 120/300: loss=0.000101
  Stage 3 epoch 180/300: loss=0.000077
  Stage 3 epoch 240/300: loss=0.000062
  Stage 3 epoch 300/300: loss=0.000060
  MTE@0.1: 1.4109
  MTE@0.5: 2.4836
  MTE@1.0: 2.7707
  W2@1.0:  1.4000
  MMD@1.0: 0.1679
  Survival@1.0: 76.5%
      Condition: K(Phat)
        Phase2 Epoch 50/250: loss=0.044239
        Phase2 Epoch 100/250: loss=0.022272
        Phase2 Epoch 150/250: loss=0.011684
        Phase2 Epoch 200/250: loss=0.027398
        Phase2 Epoch 250/250: loss=0.019501
        E_mu=0.0918  E_Sigma=0.3442
  Stage 2 epoch 60/300: loss=0.001569
  Stage 2 epoch 120/300: loss=0.000949
  Stage 2 epoch 180/300: loss=0.000807
  Stage 2 epoch 240/300: loss=0.000541
  Stage 2 epoch 300/300: loss=0.000604
  Stage 3 epoch 60/300: loss=0.000122
  Stage 3 epoch 120/300: loss=0.000051
  Stage 3 epoch 180/300: loss=0.000046
  Stage 3 epoch 240/300: loss=0.000035
  Stage 3 epoch 300/300: loss=0.000043
  MTE@0.1: 1.1008
  MTE@0.5: 2.1299
  MTE@1.0: 2.7652
  W2@1.0:  1.5117
  MMD@1.0: 0.1828
  Survival@1.0: 76.5%
      baseline: W2=1.4000  E_mu=0.0906  E_Sig=0.2148
       K(Phat): W2=1.5117  E_mu=0.0918  E_Sig=0.3442

============================================================
  N=100 | D=201 (K=99) | hyperbolic_paraboloid | seed=8042
============================================================
    Phase1 Epoch 50/250: loss=0.923664
    Phase1 Epoch 100/250: loss=0.448375
    Phase1 Epoch 150/250: loss=0.118383
    Phase1 Epoch 200/250: loss=0.073613
    Phase1 Epoch 250/250: loss=0.032427
      Condition: baseline
        Phase2 Epoch 50/250: loss=0.042918
        Phase2 Epoch 100/250: loss=0.023063
        Phase2 Epoch 150/250: loss=0.026263
        Phase2 Epoch 200/250: loss=0.024172
        Phase2 Epoch 250/250: loss=0.003662
        E_mu=0.1120  E_Sigma=0.1172
  Stage 2 epoch 60/300: loss=0.000927
  Stage 2 epoch 120/300: loss=0.001336
  Stage 2 epoch 180/300: loss=0.000506
  Stage 2 epoch 240/300: loss=0.000392
  Stage 2 epoch 300/300: loss=0.000459
  Stage 3 epoch 60/300: loss=0.000193
  Stage 3 epoch 120/300: loss=0.000140
  Stage 3 epoch 180/300: loss=0.000115
  Stage 3 epoch 240/300: loss=0.000131
  Stage 3 epoch 300/300: loss=0.000111
  MTE@0.1: 1.1163
  MTE@0.5: 1.9998
  MTE@1.0: 2.4689
  W2@1.0:  1.6581
  MMD@1.0: 0.1397
  Survival@1.0: 79.5%
      Condition: K(Phat)
        Phase2 Epoch 50/250: loss=0.029408
        Phase2 Epoch 100/250: loss=0.020459
        Phase2 Epoch 150/250: loss=0.019984
        Phase2 Epoch 200/250: loss=0.016966
        Phase2 Epoch 250/250: loss=0.014680
        E_mu=0.1603  E_Sigma=0.5341
  Stage 2 epoch 60/300: loss=0.000725
  Stage 2 epoch 120/300: loss=0.000869
  Stage 2 epoch 180/300: loss=0.000388
  Stage 2 epoch 240/300: loss=0.000329
  Stage 2 epoch 300/300: loss=0.000350
  Stage 3 epoch 60/300: loss=0.000205
  Stage 3 epoch 120/300: loss=0.000141
  Stage 3 epoch 180/300: loss=0.000127
  Stage 3 epoch 240/300: loss=0.000140
  Stage 3 epoch 300/300: loss=0.000118
  MTE@0.1: 1.1693
  MTE@0.5: 2.0076
  MTE@1.0: 2.3758
  W2@1.0:  1.6524
  MMD@1.0: 0.1615
  Survival@1.0: 79.5%
      baseline: W2=1.6581  E_mu=0.1120  E_Sig=0.1172
       K(Phat): W2=1.6524  E_mu=0.1603  E_Sig=0.5341

============================================================
  N=100 | D=201 (K=99) | hyperbolic_paraboloid | seed=9042
============================================================
    Phase1 Epoch 50/250: loss=0.977029
    Phase1 Epoch 100/250: loss=0.542789
    Phase1 Epoch 150/250: loss=0.087754
    Phase1 Epoch 200/250: loss=0.060772
    Phase1 Epoch 250/250: loss=0.043311
      Condition: baseline
        Phase2 Epoch 50/250: loss=0.027923
        Phase2 Epoch 100/250: loss=0.031633
        Phase2 Epoch 150/250: loss=0.019122
        Phase2 Epoch 200/250: loss=0.031950
        Phase2 Epoch 250/250: loss=0.029327
        E_mu=0.1537  E_Sigma=0.4955
  Stage 2 epoch 60/300: loss=0.001085
  Stage 2 epoch 120/300: loss=0.001140
  Stage 2 epoch 180/300: loss=0.000667
  Stage 2 epoch 240/300: loss=0.000584
  Stage 2 epoch 300/300: loss=0.000373
  Stage 3 epoch 60/300: loss=0.000089
  Stage 3 epoch 120/300: loss=0.000061
  Stage 3 epoch 180/300: loss=0.000032
  Stage 3 epoch 240/300: loss=0.000033
  Stage 3 epoch 300/300: loss=0.000036
  MTE@0.1: 0.6659
  MTE@0.5: 1.3031
  MTE@1.0: 1.7610
  W2@1.0:  1.4225
  MMD@1.0: 0.1649
  Survival@1.0: 76.0%
      Condition: K(Phat)
        Phase2 Epoch 50/250: loss=0.043874
        Phase2 Epoch 100/250: loss=0.019456
        Phase2 Epoch 150/250: loss=0.083352
        Phase2 Epoch 200/250: loss=0.021703
        Phase2 Epoch 250/250: loss=0.002967
        E_mu=0.0668  E_Sigma=0.0894
  Stage 2 epoch 60/300: loss=0.001053
  Stage 2 epoch 120/300: loss=0.001147
  Stage 2 epoch 180/300: loss=0.000657
  Stage 2 epoch 240/300: loss=0.000574
  Stage 2 epoch 300/300: loss=0.000314
  Stage 3 epoch 60/300: loss=0.000087
  Stage 3 epoch 120/300: loss=0.000051
  Stage 3 epoch 180/300: loss=0.000020
  Stage 3 epoch 240/300: loss=0.000019
  Stage 3 epoch 300/300: loss=0.000019
  MTE@0.1: 0.5075
  MTE@0.5: 1.1931
  MTE@1.0: 1.6795
  W2@1.0:  1.3458
  MMD@1.0: 0.1202
  Survival@1.0: 76.0%
      baseline: W2=1.4225  E_mu=0.1537  E_Sig=0.4955
       K(Phat): W2=1.3458  E_mu=0.0668  E_Sig=0.0894

  N=100, D=201 completed in 1654.1s (82.7s per fork)

============================================================
  N=200 | D=11 (K=4) | paraboloid | seed=42
============================================================
    Phase1 Epoch 50/250: loss=0.088742
    Phase1 Epoch 100/250: loss=0.013905
    Phase1 Epoch 150/250: loss=0.003329
    Phase1 Epoch 200/250: loss=0.007051
    Phase1 Epoch 250/250: loss=0.004796
      Condition: baseline
        Phase2 Epoch 50/250: loss=0.001268
        Phase2 Epoch 100/250: loss=0.007056
        Phase2 Epoch 150/250: loss=0.009178
        Phase2 Epoch 200/250: loss=0.008876
        Phase2 Epoch 250/250: loss=0.000511
        E_mu=0.0106  E_Sigma=0.0084
  Stage 2 epoch 60/300: loss=0.012996
  Stage 2 epoch 120/300: loss=0.004218
  Stage 2 epoch 180/300: loss=0.001995
  Stage 2 epoch 240/300: loss=0.001406
  Stage 2 epoch 300/300: loss=0.001306
  Stage 3 epoch 60/300: loss=0.020266
  Stage 3 epoch 120/300: loss=0.009225
  Stage 3 epoch 180/300: loss=0.003086
  Stage 3 epoch 240/300: loss=0.001827
  Stage 3 epoch 300/300: loss=0.001993
  MTE@0.1: 1.0835
  MTE@0.5: 2.2781
  MTE@1.0: 2.9567
  W2@1.0:  1.9904
  MMD@1.0: 0.2223
  Survival@1.0: 76.5%
      Condition: K(Phat)
        Phase2 Epoch 50/250: loss=0.008086
        Phase2 Epoch 100/250: loss=0.000940
        Phase2 Epoch 150/250: loss=0.000766
        Phase2 Epoch 200/250: loss=0.000640
        Phase2 Epoch 250/250: loss=0.000852
        E_mu=0.0080  E_Sigma=0.0092
  Stage 2 epoch 60/300: loss=0.018659
  Stage 2 epoch 120/300: loss=0.005110
  Stage 2 epoch 180/300: loss=0.002699
  Stage 2 epoch 240/300: loss=0.001720
  Stage 2 epoch 300/300: loss=0.000971
  Stage 3 epoch 60/300: loss=0.024726
  Stage 3 epoch 120/300: loss=0.010396
  Stage 3 epoch 180/300: loss=0.003043
  Stage 3 epoch 240/300: loss=0.001418
  Stage 3 epoch 300/300: loss=0.001413
  MTE@0.1: 1.0853
  MTE@0.5: 2.2782
  MTE@1.0: 2.9543
  W2@1.0:  1.9776
  MMD@1.0: 0.2300
  Survival@1.0: 76.5%
      baseline: W2=1.9904  E_mu=0.0106  E_Sig=0.0084
       K(Phat): W2=1.9776  E_mu=0.0080  E_Sig=0.0092

============================================================
  N=200 | D=11 (K=4) | paraboloid | seed=1042
============================================================
    Phase1 Epoch 50/250: loss=0.085425
    Phase1 Epoch 100/250: loss=0.013726
    Phase1 Epoch 150/250: loss=0.004831
    Phase1 Epoch 200/250: loss=0.005631
    Phase1 Epoch 250/250: loss=0.003185
      Condition: baseline
        Phase2 Epoch 50/250: loss=0.001574
        Phase2 Epoch 100/250: loss=0.001834
        Phase2 Epoch 150/250: loss=0.003017
        Phase2 Epoch 200/250: loss=0.001460
        Phase2 Epoch 250/250: loss=0.013594
        E_mu=0.0223  E_Sigma=0.1218
  Stage 2 epoch 60/300: loss=0.031088
  Stage 2 epoch 120/300: loss=0.018904
  Stage 2 epoch 180/300: loss=0.011940
  Stage 2 epoch 240/300: loss=0.007834
  Stage 2 epoch 300/300: loss=0.009301
  Stage 3 epoch 60/300: loss=0.025506
  Stage 3 epoch 120/300: loss=0.015155
  Stage 3 epoch 180/300: loss=0.006507
  Stage 3 epoch 240/300: loss=0.006255
  Stage 3 epoch 300/300: loss=0.005928
  MTE@0.1: 1.1770
  MTE@0.5: 2.2313
  MTE@1.0: 2.9816
  W2@1.0:  2.0514
  MMD@1.0: 0.2555
  Survival@1.0: 72.0%
      Condition: K(Phat)
        Phase2 Epoch 50/250: loss=0.008046
        Phase2 Epoch 100/250: loss=0.003090
        Phase2 Epoch 150/250: loss=0.006972
        Phase2 Epoch 200/250: loss=0.003312
        Phase2 Epoch 250/250: loss=0.001158
        E_mu=0.0061  E_Sigma=0.0122
  Stage 2 epoch 60/300: loss=0.028329
  Stage 2 epoch 120/300: loss=0.015826
  Stage 2 epoch 180/300: loss=0.010675
  Stage 2 epoch 240/300: loss=0.008771
  Stage 2 epoch 300/300: loss=0.008923
  Stage 3 epoch 60/300: loss=0.026533
  Stage 3 epoch 120/300: loss=0.012979
  Stage 3 epoch 180/300: loss=0.004349
  Stage 3 epoch 240/300: loss=0.003394
  Stage 3 epoch 300/300: loss=0.003835
  MTE@0.1: 1.1722
  MTE@0.5: 2.1999
  MTE@1.0: 2.9004
  W2@1.0:  1.9289
  MMD@1.0: 0.2461
  Survival@1.0: 72.0%
      baseline: W2=2.0514  E_mu=0.0223  E_Sig=0.1218
       K(Phat): W2=1.9289  E_mu=0.0061  E_Sig=0.0122

============================================================
  N=200 | D=11 (K=4) | paraboloid | seed=2042
============================================================
    Phase1 Epoch 50/250: loss=0.046300
    Phase1 Epoch 100/250: loss=0.011847
    Phase1 Epoch 150/250: loss=0.002911
    Phase1 Epoch 200/250: loss=0.002221
    Phase1 Epoch 250/250: loss=0.007023
      Condition: baseline
        Phase2 Epoch 50/250: loss=0.007502
        Phase2 Epoch 100/250: loss=0.001617
        Phase2 Epoch 150/250: loss=0.001160
        Phase2 Epoch 200/250: loss=0.000692
        Phase2 Epoch 250/250: loss=0.000385
        E_mu=0.0078  E_Sigma=0.0050
  Stage 2 epoch 60/300: loss=0.012931
  Stage 2 epoch 120/300: loss=0.004197
  Stage 2 epoch 180/300: loss=0.002207
  Stage 2 epoch 240/300: loss=0.001771
  Stage 2 epoch 300/300: loss=0.001217
  Stage 3 epoch 60/300: loss=0.020206
  Stage 3 epoch 120/300: loss=0.007774
  Stage 3 epoch 180/300: loss=0.004597
  Stage 3 epoch 240/300: loss=0.004169
  Stage 3 epoch 300/300: loss=0.002461
  MTE@0.1: 1.5766
  MTE@0.5: 3.1395
  MTE@1.0: 3.5295
  W2@1.0:  2.1043
  MMD@1.0: 0.2555
  Survival@1.0: 78.5%
      Condition: K(Phat)
        Phase2 Epoch 50/250: loss=0.002289
        Phase2 Epoch 100/250: loss=0.002217
        Phase2 Epoch 150/250: loss=0.001372
        Phase2 Epoch 200/250: loss=0.002732
        Phase2 Epoch 250/250: loss=0.001829
        E_mu=0.0055  E_Sigma=0.0096
  Stage 2 epoch 60/300: loss=0.012612
  Stage 2 epoch 120/300: loss=0.003057
  Stage 2 epoch 180/300: loss=0.001660
  Stage 2 epoch 240/300: loss=0.001333
  Stage 2 epoch 300/300: loss=0.000908
  Stage 3 epoch 60/300: loss=0.020497
  Stage 3 epoch 120/300: loss=0.007481
  Stage 3 epoch 180/300: loss=0.004087
  Stage 3 epoch 240/300: loss=0.002901
  Stage 3 epoch 300/300: loss=0.002192
  MTE@0.1: 1.5744
  MTE@0.5: 3.1207
  MTE@1.0: 3.4906
  W2@1.0:  2.0596
  MMD@1.0: 0.2485
  Survival@1.0: 78.5%
      baseline: W2=2.1043  E_mu=0.0078  E_Sig=0.0050
       K(Phat): W2=2.0596  E_mu=0.0055  E_Sig=0.0096

============================================================
  N=200 | D=11 (K=4) | paraboloid | seed=3042
============================================================
    Phase1 Epoch 50/250: loss=0.105443
    Phase1 Epoch 100/250: loss=0.035496
    Phase1 Epoch 150/250: loss=0.011548
    Phase1 Epoch 200/250: loss=0.016128
    Phase1 Epoch 250/250: loss=0.002199
      Condition: baseline
        Phase2 Epoch 50/250: loss=0.006373
        Phase2 Epoch 100/250: loss=0.001178
        Phase2 Epoch 150/250: loss=0.001345
        Phase2 Epoch 200/250: loss=0.000568
        Phase2 Epoch 250/250: loss=0.001603
        E_mu=0.0070  E_Sigma=0.0172
  Stage 2 epoch 60/300: loss=0.019982
  Stage 2 epoch 120/300: loss=0.011865
  Stage 2 epoch 180/300: loss=0.008390
  Stage 2 epoch 240/300: loss=0.006481
  Stage 2 epoch 300/300: loss=0.005614
  Stage 3 epoch 60/300: loss=0.053097
  Stage 3 epoch 120/300: loss=0.046763
  Stage 3 epoch 180/300: loss=0.036709
  Stage 3 epoch 240/300: loss=0.031108
  Stage 3 epoch 300/300: loss=0.025103
  MTE@0.1: 1.1791
  MTE@0.5: 2.2064
  MTE@1.0: 2.9481
  W2@1.0:  1.7950
  MMD@1.0: 0.1902
  Survival@1.0: 74.5%
      Condition: K(Phat)
        Phase2 Epoch 50/250: loss=0.008842
        Phase2 Epoch 100/250: loss=0.001326
        Phase2 Epoch 150/250: loss=0.000623
        Phase2 Epoch 200/250: loss=0.000587
        Phase2 Epoch 250/250: loss=0.000481
        E_mu=0.0037  E_Sigma=0.0041
  Stage 2 epoch 60/300: loss=0.019461
  Stage 2 epoch 120/300: loss=0.014204
  Stage 2 epoch 180/300: loss=0.006324
  Stage 2 epoch 240/300: loss=0.004141
  Stage 2 epoch 300/300: loss=0.003012
  Stage 3 epoch 60/300: loss=0.056635
  Stage 3 epoch 120/300: loss=0.047183
  Stage 3 epoch 180/300: loss=0.034342
  Stage 3 epoch 240/300: loss=0.028103
  Stage 3 epoch 300/300: loss=0.022842
  MTE@0.1: 1.1878
  MTE@0.5: 2.2338
  MTE@1.0: 2.9211
  W2@1.0:  1.8969
  MMD@1.0: 0.2098
  Survival@1.0: 74.5%
      baseline: W2=1.7950  E_mu=0.0070  E_Sig=0.0172
       K(Phat): W2=1.8969  E_mu=0.0037  E_Sig=0.0041

============================================================
  N=200 | D=11 (K=4) | paraboloid | seed=4042
============================================================
    Phase1 Epoch 50/250: loss=0.074843
    Phase1 Epoch 100/250: loss=0.016357
    Phase1 Epoch 150/250: loss=0.011266
    Phase1 Epoch 200/250: loss=0.001858
    Phase1 Epoch 250/250: loss=0.001585
      Condition: baseline
        Phase2 Epoch 50/250: loss=0.001232
        Phase2 Epoch 100/250: loss=0.001561
        Phase2 Epoch 150/250: loss=0.001201
        Phase2 Epoch 200/250: loss=0.003881
        Phase2 Epoch 250/250: loss=0.000378
        E_mu=0.0056  E_Sigma=0.0052
  Stage 2 epoch 60/300: loss=0.008294
  Stage 2 epoch 120/300: loss=0.004024
  Stage 2 epoch 180/300: loss=0.002156
  Stage 2 epoch 240/300: loss=0.001712
  Stage 2 epoch 300/300: loss=0.001548
  Stage 3 epoch 60/300: loss=0.013009
  Stage 3 epoch 120/300: loss=0.007541
  Stage 3 epoch 180/300: loss=0.002106
  Stage 3 epoch 240/300: loss=0.001950
  Stage 3 epoch 300/300: loss=0.001663
  MTE@0.1: 1.2467
  MTE@0.5: 2.4250
  MTE@1.0: 2.7512
  W2@1.0:  1.8393
  MMD@1.0: 0.2418
  Survival@1.0: 76.0%
      Condition: K(Phat)
        Phase2 Epoch 50/250: loss=0.001588
        Phase2 Epoch 100/250: loss=0.001692
        Phase2 Epoch 150/250: loss=0.001897
        Phase2 Epoch 200/250: loss=0.002616
        Phase2 Epoch 250/250: loss=0.035888
        E_mu=0.0296  E_Sigma=0.2101
  Stage 2 epoch 60/300: loss=0.005046
  Stage 2 epoch 120/300: loss=0.002290
  Stage 2 epoch 180/300: loss=0.001328
  Stage 2 epoch 240/300: loss=0.000956
  Stage 2 epoch 300/300: loss=0.000934
  Stage 3 epoch 60/300: loss=0.020272
  Stage 3 epoch 120/300: loss=0.011749
  Stage 3 epoch 180/300: loss=0.005958
  Stage 3 epoch 240/300: loss=0.006134
  Stage 3 epoch 300/300: loss=0.005017
  MTE@0.1: 1.2714
  MTE@0.5: 2.4323
  MTE@1.0: 2.7299
  W2@1.0:  1.7852
  MMD@1.0: 0.2328
  Survival@1.0: 76.0%
      baseline: W2=1.8393  E_mu=0.0056  E_Sig=0.0052
       K(Phat): W2=1.7852  E_mu=0.0296  E_Sig=0.2101

============================================================
  N=200 | D=11 (K=4) | paraboloid | seed=5042
============================================================
    Phase1 Epoch 50/250: loss=0.445521
    Phase1 Epoch 100/250: loss=0.016925
    Phase1 Epoch 150/250: loss=0.010092
    Phase1 Epoch 200/250: loss=0.004379
    Phase1 Epoch 250/250: loss=0.006950
      Condition: baseline
        Phase2 Epoch 50/250: loss=0.001886
        Phase2 Epoch 100/250: loss=0.001189
        Phase2 Epoch 150/250: loss=0.001297
        Phase2 Epoch 200/250: loss=0.003930
        Phase2 Epoch 250/250: loss=0.000780
        E_mu=0.0109  E_Sigma=0.0161
  Stage 2 epoch 60/300: loss=0.019255
  Stage 2 epoch 120/300: loss=0.008905
  Stage 2 epoch 180/300: loss=0.005356
  Stage 2 epoch 240/300: loss=0.002954
  Stage 2 epoch 300/300: loss=0.002383
  Stage 3 epoch 60/300: loss=0.042964
  Stage 3 epoch 120/300: loss=0.031660
  Stage 3 epoch 180/300: loss=0.024734
  Stage 3 epoch 240/300: loss=0.020804
  Stage 3 epoch 300/300: loss=0.016571
  MTE@0.1: 1.1019
  MTE@0.5: 2.0747
  MTE@1.0: 2.6015
  W2@1.0:  1.7241
  MMD@1.0: 0.1774
  Survival@1.0: 76.5%
      Condition: K(Phat)
        Phase2 Epoch 50/250: loss=0.008274
        Phase2 Epoch 100/250: loss=0.001136
        Phase2 Epoch 150/250: loss=0.000777
        Phase2 Epoch 200/250: loss=0.000559
        Phase2 Epoch 250/250: loss=0.000612
        E_mu=0.0063  E_Sigma=0.0095
  Stage 2 epoch 60/300: loss=0.016363
  Stage 2 epoch 120/300: loss=0.010320
  Stage 2 epoch 180/300: loss=0.003808
  Stage 2 epoch 240/300: loss=0.001946
  Stage 2 epoch 300/300: loss=0.001205
  Stage 3 epoch 60/300: loss=0.032185
  Stage 3 epoch 120/300: loss=0.009203
  Stage 3 epoch 180/300: loss=0.004978
  Stage 3 epoch 240/300: loss=0.003140
  Stage 3 epoch 300/300: loss=0.005321
  MTE@0.1: 0.9770
  MTE@0.5: 2.1846
  MTE@1.0: 2.8999
  W2@1.0:  1.8878
  MMD@1.0: 0.2453
  Survival@1.0: 76.5%
      baseline: W2=1.7241  E_mu=0.0109  E_Sig=0.0161
       K(Phat): W2=1.8878  E_mu=0.0063  E_Sig=0.0095

============================================================
  N=200 | D=11 (K=4) | paraboloid | seed=6042
============================================================
    Phase1 Epoch 50/250: loss=0.112048
    Phase1 Epoch 100/250: loss=0.012416
    Phase1 Epoch 150/250: loss=0.004193
    Phase1 Epoch 200/250: loss=0.003013
    Phase1 Epoch 250/250: loss=0.007687
      Condition: baseline
        Phase2 Epoch 50/250: loss=0.007284
        Phase2 Epoch 100/250: loss=0.000757
        Phase2 Epoch 150/250: loss=0.001343
        Phase2 Epoch 200/250: loss=0.000965
        Phase2 Epoch 250/250: loss=0.000362
        E_mu=0.0076  E_Sigma=0.0076
  Stage 2 epoch 60/300: loss=0.011040
  Stage 2 epoch 120/300: loss=0.004449
  Stage 2 epoch 180/300: loss=0.002764
  Stage 2 epoch 240/300: loss=0.002105
  Stage 2 epoch 300/300: loss=0.001379
  Stage 3 epoch 60/300: loss=0.039102
  Stage 3 epoch 120/300: loss=0.028976
  Stage 3 epoch 180/300: loss=0.022381
  Stage 3 epoch 240/300: loss=0.014100
  Stage 3 epoch 300/300: loss=0.013437
  MTE@0.1: 0.8842
  MTE@0.5: 1.8380
  MTE@1.0: 2.1460
  W2@1.0:  1.3683
  MMD@1.0: 0.1473
  Survival@1.0: 73.0%
      Condition: K(Phat)
        Phase2 Epoch 50/250: loss=0.002920
        Phase2 Epoch 100/250: loss=0.003792
        Phase2 Epoch 150/250: loss=0.001001
        Phase2 Epoch 200/250: loss=0.001272
        Phase2 Epoch 250/250: loss=0.002129
        E_mu=0.0069  E_Sigma=0.0293
  Stage 2 epoch 60/300: loss=0.007600
  Stage 2 epoch 120/300: loss=0.002650
  Stage 2 epoch 180/300: loss=0.001406
  Stage 2 epoch 240/300: loss=0.001104
  Stage 2 epoch 300/300: loss=0.000781
  Stage 3 epoch 60/300: loss=0.038745
  Stage 3 epoch 120/300: loss=0.028282
  Stage 3 epoch 180/300: loss=0.022208
  Stage 3 epoch 240/300: loss=0.014191
  Stage 3 epoch 300/300: loss=0.013374
  MTE@0.1: 0.8847
  MTE@0.5: 1.8318
  MTE@1.0: 2.1585
  W2@1.0:  1.3538
  MMD@1.0: 0.1492
  Survival@1.0: 73.0%
      baseline: W2=1.3683  E_mu=0.0076  E_Sig=0.0076
       K(Phat): W2=1.3538  E_mu=0.0069  E_Sig=0.0293

============================================================
  N=200 | D=11 (K=4) | paraboloid | seed=7042
============================================================
    Phase1 Epoch 50/250: loss=0.058297
    Phase1 Epoch 100/250: loss=0.013801
    Phase1 Epoch 150/250: loss=0.011328
    Phase1 Epoch 200/250: loss=0.006857
    Phase1 Epoch 250/250: loss=0.001479
      Condition: baseline
        Phase2 Epoch 50/250: loss=0.001171
        Phase2 Epoch 100/250: loss=0.003338
        Phase2 Epoch 150/250: loss=0.000845
        Phase2 Epoch 200/250: loss=0.001815
        Phase2 Epoch 250/250: loss=0.001724
        E_mu=0.0083  E_Sigma=0.0213
  Stage 2 epoch 60/300: loss=0.014986
  Stage 2 epoch 120/300: loss=0.004692
  Stage 2 epoch 180/300: loss=0.003059
  Stage 2 epoch 240/300: loss=0.001940
  Stage 2 epoch 300/300: loss=0.001774
  Stage 3 epoch 60/300: loss=0.021731
  Stage 3 epoch 120/300: loss=0.009180
  Stage 3 epoch 180/300: loss=0.003990
  Stage 3 epoch 240/300: loss=0.002254
  Stage 3 epoch 300/300: loss=0.002147
  MTE@0.1: 1.1085
  MTE@0.5: 2.1724
  MTE@1.0: 2.6788
  W2@1.0:  1.8438
  MMD@1.0: 0.2340
  Survival@1.0: 76.5%
      Condition: K(Phat)
        Phase2 Epoch 50/250: loss=0.007695
        Phase2 Epoch 100/250: loss=0.014214
        Phase2 Epoch 150/250: loss=0.000799
        Phase2 Epoch 200/250: loss=0.000583
        Phase2 Epoch 250/250: loss=0.000556
        E_mu=0.0055  E_Sigma=0.0043
  Stage 2 epoch 60/300: loss=0.011080
  Stage 2 epoch 120/300: loss=0.003260
  Stage 2 epoch 180/300: loss=0.002202
  Stage 2 epoch 240/300: loss=0.001342
  Stage 2 epoch 300/300: loss=0.001104
  Stage 3 epoch 60/300: loss=0.020576
  Stage 3 epoch 120/300: loss=0.008340
  Stage 3 epoch 180/300: loss=0.002761
  Stage 3 epoch 240/300: loss=0.001091
  Stage 3 epoch 300/300: loss=0.000837
  MTE@0.1: 1.0998
  MTE@0.5: 2.1614
  MTE@1.0: 2.6494
  W2@1.0:  1.8153
  MMD@1.0: 0.2292
  Survival@1.0: 76.5%
      baseline: W2=1.8438  E_mu=0.0083  E_Sig=0.0213
       K(Phat): W2=1.8153  E_mu=0.0055  E_Sig=0.0043

============================================================
  N=200 | D=11 (K=4) | paraboloid | seed=8042
============================================================
    Phase1 Epoch 50/250: loss=0.083544
    Phase1 Epoch 100/250: loss=0.015167
    Phase1 Epoch 150/250: loss=0.005879
    Phase1 Epoch 200/250: loss=0.016157
    Phase1 Epoch 250/250: loss=0.006392
      Condition: baseline
        Phase2 Epoch 50/250: loss=0.000996
        Phase2 Epoch 100/250: loss=0.001779
        Phase2 Epoch 150/250: loss=0.002036
        Phase2 Epoch 200/250: loss=0.000396
        Phase2 Epoch 250/250: loss=0.000363
        E_mu=0.0085  E_Sigma=0.0077
  Stage 2 epoch 60/300: loss=0.020598
  Stage 2 epoch 120/300: loss=0.008395
  Stage 2 epoch 180/300: loss=0.005106
  Stage 2 epoch 240/300: loss=0.002350
  Stage 2 epoch 300/300: loss=0.001374
  Stage 3 epoch 60/300: loss=0.023515
  Stage 3 epoch 120/300: loss=0.013578
  Stage 3 epoch 180/300: loss=0.004930
  Stage 3 epoch 240/300: loss=0.002535
  Stage 3 epoch 300/300: loss=0.002021
  MTE@0.1: 0.6077
  MTE@0.5: 1.4749
  MTE@1.0: 1.9879
  W2@1.0:  2.0953
  MMD@1.0: 0.2629
  Survival@1.0: 79.5%
      Condition: K(Phat)
        Phase2 Epoch 50/250: loss=0.002951
        Phase2 Epoch 100/250: loss=0.006554
        Phase2 Epoch 150/250: loss=0.001206
        Phase2 Epoch 200/250: loss=0.002057
        Phase2 Epoch 250/250: loss=0.000792
        E_mu=0.0062  E_Sigma=0.0106
  Stage 2 epoch 60/300: loss=0.013557
  Stage 2 epoch 120/300: loss=0.005420
  Stage 2 epoch 180/300: loss=0.003057
  Stage 2 epoch 240/300: loss=0.001234
  Stage 2 epoch 300/300: loss=0.000779
  Stage 3 epoch 60/300: loss=0.023891
  Stage 3 epoch 120/300: loss=0.012266
  Stage 3 epoch 180/300: loss=0.004098
  Stage 3 epoch 240/300: loss=0.002502
  Stage 3 epoch 300/300: loss=0.001488
  MTE@0.1: 0.6132
  MTE@0.5: 1.4678
  MTE@1.0: 1.9266
  W2@1.0:  1.9902
  MMD@1.0: 0.2446
  Survival@1.0: 79.5%
      baseline: W2=2.0953  E_mu=0.0085  E_Sig=0.0077
       K(Phat): W2=1.9902  E_mu=0.0062  E_Sig=0.0106

============================================================
  N=200 | D=11 (K=4) | paraboloid | seed=9042
============================================================
    Phase1 Epoch 50/250: loss=0.045972
    Phase1 Epoch 100/250: loss=0.035881
    Phase1 Epoch 150/250: loss=0.011582
    Phase1 Epoch 200/250: loss=0.025915
    Phase1 Epoch 250/250: loss=0.007397
      Condition: baseline
        Phase2 Epoch 50/250: loss=0.009979
        Phase2 Epoch 100/250: loss=0.003276
        Phase2 Epoch 150/250: loss=0.008114
        Phase2 Epoch 200/250: loss=0.005082
        Phase2 Epoch 250/250: loss=0.008847
        E_mu=0.0142  E_Sigma=0.0202
  Stage 2 epoch 60/300: loss=0.019223
  Stage 2 epoch 120/300: loss=0.007911
  Stage 2 epoch 180/300: loss=0.004852
  Stage 2 epoch 240/300: loss=0.002851
  Stage 2 epoch 300/300: loss=0.002146
  Stage 3 epoch 60/300: loss=0.021844
  Stage 3 epoch 120/300: loss=0.011613
  Stage 3 epoch 180/300: loss=0.009721
  Stage 3 epoch 240/300: loss=0.008110
  Stage 3 epoch 300/300: loss=0.008099
  MTE@0.1: 0.6015
  MTE@0.5: 1.4849
  MTE@1.0: 2.1353
  W2@1.0:  1.8426
  MMD@1.0: 0.2367
  Survival@1.0: 76.0%
      Condition: K(Phat)
        Phase2 Epoch 50/250: loss=0.008670
        Phase2 Epoch 100/250: loss=0.011481
        Phase2 Epoch 150/250: loss=0.007935
        Phase2 Epoch 200/250: loss=0.005708
        Phase2 Epoch 250/250: loss=0.008879
        E_mu=0.0155  E_Sigma=0.0740
  Stage 2 epoch 60/300: loss=0.007702
  Stage 2 epoch 120/300: loss=0.003256
  Stage 2 epoch 180/300: loss=0.002361
  Stage 2 epoch 240/300: loss=0.001599
  Stage 2 epoch 300/300: loss=0.001263
  Stage 3 epoch 60/300: loss=0.022984
  Stage 3 epoch 120/300: loss=0.012820
  Stage 3 epoch 180/300: loss=0.010391
  Stage 3 epoch 240/300: loss=0.008356
  Stage 3 epoch 300/300: loss=0.008004
  MTE@0.1: 0.6166
  MTE@0.5: 1.4422
  MTE@1.0: 2.0262
  W2@1.0:  1.5776
  MMD@1.0: 0.2059
  Survival@1.0: 76.0%
      baseline: W2=1.8426  E_mu=0.0142  E_Sig=0.0202
       K(Phat): W2=1.5776  E_mu=0.0155  E_Sig=0.0740

============================================================
  N=200 | D=11 (K=4) | hyperbolic_paraboloid | seed=42
============================================================
    Phase1 Epoch 50/250: loss=0.101549
    Phase1 Epoch 100/250: loss=0.014594
    Phase1 Epoch 150/250: loss=0.008973
    Phase1 Epoch 200/250: loss=0.007889
    Phase1 Epoch 250/250: loss=0.002824
      Condition: baseline
        Phase2 Epoch 50/250: loss=0.006973
        Phase2 Epoch 100/250: loss=0.001938
        Phase2 Epoch 150/250: loss=0.000711
        Phase2 Epoch 200/250: loss=0.008579
        Phase2 Epoch 250/250: loss=0.000791
        E_mu=0.0111  E_Sigma=0.0126
  Stage 2 epoch 60/300: loss=0.014706
  Stage 2 epoch 120/300: loss=0.007047
  Stage 2 epoch 180/300: loss=0.004109
  Stage 2 epoch 240/300: loss=0.001879
  Stage 2 epoch 300/300: loss=0.001295
  Stage 3 epoch 60/300: loss=0.032254
  Stage 3 epoch 120/300: loss=0.023692
  Stage 3 epoch 180/300: loss=0.018805
  Stage 3 epoch 240/300: loss=0.015014
  Stage 3 epoch 300/300: loss=0.013564
  MTE@0.1: 0.7020
  MTE@0.5: 1.6213
  MTE@1.0: 2.0440
  W2@1.0:  1.3725
  MMD@1.0: 0.1445
  Survival@1.0: 76.5%
      Condition: K(Phat)
        Phase2 Epoch 50/250: loss=0.003885
        Phase2 Epoch 100/250: loss=0.000761
        Phase2 Epoch 150/250: loss=0.000534
        Phase2 Epoch 200/250: loss=0.000546
        Phase2 Epoch 250/250: loss=0.000393
        E_mu=0.0040  E_Sigma=0.0075
  Stage 2 epoch 60/300: loss=0.008576
  Stage 2 epoch 120/300: loss=0.003850
  Stage 2 epoch 180/300: loss=0.002246
  Stage 2 epoch 240/300: loss=0.001055
  Stage 2 epoch 300/300: loss=0.000783
  Stage 3 epoch 60/300: loss=0.034475
  Stage 3 epoch 120/300: loss=0.024718
  Stage 3 epoch 180/300: loss=0.019334
  Stage 3 epoch 240/300: loss=0.015509
  Stage 3 epoch 300/300: loss=0.014344
  MTE@0.1: 0.6888
  MTE@0.5: 1.6076
  MTE@1.0: 2.0050
  W2@1.0:  1.3455
  MMD@1.0: 0.1368
  Survival@1.0: 76.5%
      baseline: W2=1.3725  E_mu=0.0111  E_Sig=0.0126
       K(Phat): W2=1.3455  E_mu=0.0040  E_Sig=0.0075

============================================================
  N=200 | D=11 (K=4) | hyperbolic_paraboloid | seed=1042
============================================================
    Phase1 Epoch 50/250: loss=0.764305
    Phase1 Epoch 100/250: loss=0.262578
    Phase1 Epoch 150/250: loss=0.029709
    Phase1 Epoch 200/250: loss=0.013941
    Phase1 Epoch 250/250: loss=0.008316
      Condition: baseline
        Phase2 Epoch 50/250: loss=0.006838
        Phase2 Epoch 100/250: loss=0.012911
        Phase2 Epoch 150/250: loss=0.002590
        Phase2 Epoch 200/250: loss=0.002165
        Phase2 Epoch 250/250: loss=0.005752
        E_mu=0.0254  E_Sigma=0.0595
  Stage 2 epoch 60/300: loss=0.024086
  Stage 2 epoch 120/300: loss=0.010246
  Stage 2 epoch 180/300: loss=0.006143
  Stage 2 epoch 240/300: loss=0.004318
  Stage 2 epoch 300/300: loss=0.003984
  Stage 3 epoch 60/300: loss=0.048265
  Stage 3 epoch 120/300: loss=0.019975
  Stage 3 epoch 180/300: loss=0.012603
  Stage 3 epoch 240/300: loss=0.012654
  Stage 3 epoch 300/300: loss=0.008667
  MTE@0.1: 0.5684
  MTE@0.5: 1.2808
  MTE@1.0: 1.8259
  W2@1.0:  1.6671
  MMD@1.0: 0.2023
  Survival@1.0: 72.0%
      Condition: K(Phat)
        Phase2 Epoch 50/250: loss=0.020486
        Phase2 Epoch 100/250: loss=0.002357
        Phase2 Epoch 150/250: loss=0.006313
        Phase2 Epoch 200/250: loss=0.002148
        Phase2 Epoch 250/250: loss=0.001176
        E_mu=0.0063  E_Sigma=0.0116
  Stage 2 epoch 60/300: loss=0.022204
  Stage 2 epoch 120/300: loss=0.007667
  Stage 2 epoch 180/300: loss=0.004025
  Stage 2 epoch 240/300: loss=0.002889
  Stage 2 epoch 300/300: loss=0.003065
  Stage 3 epoch 60/300: loss=0.043827
  Stage 3 epoch 120/300: loss=0.014848
  Stage 3 epoch 180/300: loss=0.009571
  Stage 3 epoch 240/300: loss=0.008685
  Stage 3 epoch 300/300: loss=0.005020
  MTE@0.1: 0.5589
  MTE@0.5: 1.2979
  MTE@1.0: 1.8450
  W2@1.0:  1.7645
  MMD@1.0: 0.2166
  Survival@1.0: 72.0%
      baseline: W2=1.6671  E_mu=0.0254  E_Sig=0.0595
       K(Phat): W2=1.7645  E_mu=0.0063  E_Sig=0.0116

============================================================
  N=200 | D=11 (K=4) | hyperbolic_paraboloid | seed=2042
============================================================
    Phase1 Epoch 50/250: loss=0.744450
    Phase1 Epoch 100/250: loss=0.346684
    Phase1 Epoch 150/250: loss=0.190511
    Phase1 Epoch 200/250: loss=0.020355
    Phase1 Epoch 250/250: loss=0.010979
      Condition: baseline
        Phase2 Epoch 50/250: loss=0.014287
        Phase2 Epoch 100/250: loss=0.005821
        Phase2 Epoch 150/250: loss=0.005383
        Phase2 Epoch 200/250: loss=0.004559
        Phase2 Epoch 250/250: loss=0.000915
        E_mu=0.0113  E_Sigma=0.0142
  Stage 2 epoch 60/300: loss=0.032959
  Stage 2 epoch 120/300: loss=0.009970
  Stage 2 epoch 180/300: loss=0.007636
  Stage 2 epoch 240/300: loss=0.004567
  Stage 2 epoch 300/300: loss=0.003096
  Stage 3 epoch 60/300: loss=0.053756
  Stage 3 epoch 120/300: loss=0.012267
  Stage 3 epoch 180/300: loss=0.011354
  Stage 3 epoch 240/300: loss=0.006894
  Stage 3 epoch 300/300: loss=0.004806
  MTE@0.1: 0.5276
  MTE@0.5: 1.6215
  MTE@1.0: 2.1737
  W2@1.0:  2.1461
  MMD@1.0: 0.2400
  Survival@1.0: 78.5%
      Condition: K(Phat)
        Phase2 Epoch 50/250: loss=0.011004
        Phase2 Epoch 100/250: loss=0.005637
        Phase2 Epoch 150/250: loss=0.003119
        Phase2 Epoch 200/250: loss=0.008369
        Phase2 Epoch 250/250: loss=0.004981
        E_mu=0.0216  E_Sigma=0.1795
  Stage 2 epoch 60/300: loss=0.021761
  Stage 2 epoch 120/300: loss=0.006325
  Stage 2 epoch 180/300: loss=0.004969
  Stage 2 epoch 240/300: loss=0.002988
  Stage 2 epoch 300/300: loss=0.002188
  Stage 3 epoch 60/300: loss=0.038403
  Stage 3 epoch 120/300: loss=0.012200
  Stage 3 epoch 180/300: loss=0.012188
  Stage 3 epoch 240/300: loss=0.007791
  Stage 3 epoch 300/300: loss=0.005881
  MTE@0.1: 0.5289
  MTE@0.5: 1.5698
  MTE@1.0: 2.0013
  W2@1.0:  1.8740
  MMD@1.0: 0.2097
  Survival@1.0: 78.5%
      baseline: W2=2.1461  E_mu=0.0113  E_Sig=0.0142
       K(Phat): W2=1.8740  E_mu=0.0216  E_Sig=0.1795

============================================================
  N=200 | D=11 (K=4) | hyperbolic_paraboloid | seed=3042
============================================================
    Phase1 Epoch 50/250: loss=0.064773
    Phase1 Epoch 100/250: loss=0.008291
    Phase1 Epoch 150/250: loss=0.004940
    Phase1 Epoch 200/250: loss=0.001897
    Phase1 Epoch 250/250: loss=0.002145
      Condition: baseline
        Phase2 Epoch 50/250: loss=0.000950
        Phase2 Epoch 100/250: loss=0.001062
        Phase2 Epoch 150/250: loss=0.005336
        Phase2 Epoch 200/250: loss=0.004587
        Phase2 Epoch 250/250: loss=0.004153
        E_mu=0.0085  E_Sigma=0.0331
  Stage 2 epoch 60/300: loss=0.011110
  Stage 2 epoch 120/300: loss=0.004714
  Stage 2 epoch 180/300: loss=0.003349
  Stage 2 epoch 240/300: loss=0.003091
  Stage 2 epoch 300/300: loss=0.001965
  Stage 3 epoch 60/300: loss=0.104686
  Stage 3 epoch 120/300: loss=0.040049
  Stage 3 epoch 180/300: loss=0.024164
  Stage 3 epoch 240/300: loss=0.014020
  Stage 3 epoch 300/300: loss=0.010775
  MTE@0.1: 1.2178
  MTE@0.5: 2.4089
  MTE@1.0: 3.0029
  W2@1.0:  1.4775
  MMD@1.0: 0.1603
  Survival@1.0: 74.5%
      Condition: K(Phat)
        Phase2 Epoch 50/250: loss=0.005491
        Phase2 Epoch 100/250: loss=0.000649
        Phase2 Epoch 150/250: loss=0.000568
        Phase2 Epoch 200/250: loss=0.000598
        Phase2 Epoch 250/250: loss=0.000859
        E_mu=0.0044  E_Sigma=0.0164
  Stage 2 epoch 60/300: loss=0.007265
  Stage 2 epoch 120/300: loss=0.002668
  Stage 2 epoch 180/300: loss=0.002263
  Stage 2 epoch 240/300: loss=0.002124
  Stage 2 epoch 300/300: loss=0.001507
  Stage 3 epoch 60/300: loss=0.041790
  Stage 3 epoch 120/300: loss=0.030027
  Stage 3 epoch 180/300: loss=0.024054
  Stage 3 epoch 240/300: loss=0.018069
  Stage 3 epoch 300/300: loss=0.014538
  MTE@0.1: 1.0237
  MTE@0.5: 1.9915
  MTE@1.0: 2.4649
  W2@1.0:  1.6177
  MMD@1.0: 0.1701
  Survival@1.0: 74.5%
      baseline: W2=1.4775  E_mu=0.0085  E_Sig=0.0331
       K(Phat): W2=1.6177  E_mu=0.0044  E_Sig=0.0164

============================================================
  N=200 | D=11 (K=4) | hyperbolic_paraboloid | seed=4042
============================================================
    Phase1 Epoch 50/250: loss=0.758988
    Phase1 Epoch 100/250: loss=0.328093
    Phase1 Epoch 150/250: loss=0.163923
    Phase1 Epoch 200/250: loss=0.011033
    Phase1 Epoch 250/250: loss=0.003839
      Condition: baseline
        Phase2 Epoch 50/250: loss=0.001069
        Phase2 Epoch 100/250: loss=0.001396
        Phase2 Epoch 150/250: loss=0.001853
        Phase2 Epoch 200/250: loss=0.000975
        Phase2 Epoch 250/250: loss=0.000535
        E_mu=0.0117  E_Sigma=0.0173
  Stage 2 epoch 60/300: loss=0.015228
  Stage 2 epoch 120/300: loss=0.006524
  Stage 2 epoch 180/300: loss=0.004218
  Stage 2 epoch 240/300: loss=0.002905
  Stage 2 epoch 300/300: loss=0.002082
  Stage 3 epoch 60/300: loss=0.042556
  Stage 3 epoch 120/300: loss=0.026021
  Stage 3 epoch 180/300: loss=0.018169
  Stage 3 epoch 240/300: loss=0.016398
  Stage 3 epoch 300/300: loss=0.014790
  MTE@0.1: 1.2908
  MTE@0.5: 2.4584
  MTE@1.0: 2.5125
  W2@1.0:  1.2814
  MMD@1.0: 0.1009
  Survival@1.0: 76.0%
      Condition: K(Phat)
        Phase2 Epoch 50/250: loss=0.002468
        Phase2 Epoch 100/250: loss=0.001164
        Phase2 Epoch 150/250: loss=0.001148
        Phase2 Epoch 200/250: loss=0.000801
        Phase2 Epoch 250/250: loss=0.001390
        E_mu=0.0080  E_Sigma=0.0255
  Stage 2 epoch 60/300: loss=0.011530
  Stage 2 epoch 120/300: loss=0.005442
  Stage 2 epoch 180/300: loss=0.003564
  Stage 2 epoch 240/300: loss=0.002207
  Stage 2 epoch 300/300: loss=0.001544
  Stage 3 epoch 60/300: loss=0.043809
  Stage 3 epoch 120/300: loss=0.025625
  Stage 3 epoch 180/300: loss=0.017406
  Stage 3 epoch 240/300: loss=0.017111
  Stage 3 epoch 300/300: loss=0.013858
  MTE@0.1: 1.2965
  MTE@0.5: 2.4746
  MTE@1.0: 2.5169
  W2@1.0:  1.3205
  MMD@1.0: 0.1094
  Survival@1.0: 76.0%
      baseline: W2=1.2814  E_mu=0.0117  E_Sig=0.0173
       K(Phat): W2=1.3205  E_mu=0.0080  E_Sig=0.0255

============================================================
  N=200 | D=11 (K=4) | hyperbolic_paraboloid | seed=5042
============================================================
    Phase1 Epoch 50/250: loss=0.035868
    Phase1 Epoch 100/250: loss=0.014830
    Phase1 Epoch 150/250: loss=0.002552
    Phase1 Epoch 200/250: loss=0.013059
    Phase1 Epoch 250/250: loss=0.001079
      Condition: baseline
        Phase2 Epoch 50/250: loss=0.001478
        Phase2 Epoch 100/250: loss=0.000996
        Phase2 Epoch 150/250: loss=0.004994
        Phase2 Epoch 200/250: loss=0.001056
        Phase2 Epoch 250/250: loss=0.001467
        E_mu=0.0130  E_Sigma=0.0225
  Stage 2 epoch 60/300: loss=0.011782
  Stage 2 epoch 120/300: loss=0.006554
  Stage 2 epoch 180/300: loss=0.005425
  Stage 2 epoch 240/300: loss=0.004113
  Stage 2 epoch 300/300: loss=0.002748
  Stage 3 epoch 60/300: loss=0.009492
  Stage 3 epoch 120/300: loss=0.005365
  Stage 3 epoch 180/300: loss=0.003112
  Stage 3 epoch 240/300: loss=0.002238
  Stage 3 epoch 300/300: loss=0.002115
  MTE@0.1: 0.9135
  MTE@0.5: 1.9238
  MTE@1.0: 2.7470
  W2@1.0:  1.4238
  MMD@1.0: 0.1398
  Survival@1.0: 76.5%
      Condition: K(Phat)
        Phase2 Epoch 50/250: loss=0.002448
        Phase2 Epoch 100/250: loss=0.002966
        Phase2 Epoch 150/250: loss=0.000714
        Phase2 Epoch 200/250: loss=0.000615
        Phase2 Epoch 250/250: loss=0.000433
        E_mu=0.0043  E_Sigma=0.0051
  Stage 2 epoch 60/300: loss=0.006134
  Stage 2 epoch 120/300: loss=0.003014
  Stage 2 epoch 180/300: loss=0.003722
  Stage 2 epoch 240/300: loss=0.001769
  Stage 2 epoch 300/300: loss=0.001359
  Stage 3 epoch 60/300: loss=0.009580
  Stage 3 epoch 120/300: loss=0.004403
  Stage 3 epoch 180/300: loss=0.002911
  Stage 3 epoch 240/300: loss=0.002222
  Stage 3 epoch 300/300: loss=0.002128
  MTE@0.1: 0.9158
  MTE@0.5: 1.9509
  MTE@1.0: 2.8376
  W2@1.0:  1.4267
  MMD@1.0: 0.1415
  Survival@1.0: 76.5%
      baseline: W2=1.4238  E_mu=0.0130  E_Sig=0.0225
       K(Phat): W2=1.4267  E_mu=0.0043  E_Sig=0.0051

============================================================
  N=200 | D=11 (K=4) | hyperbolic_paraboloid | seed=6042
============================================================
    Phase1 Epoch 50/250: loss=0.056777
    Phase1 Epoch 100/250: loss=0.012401
    Phase1 Epoch 150/250: loss=0.005101
    Phase1 Epoch 200/250: loss=0.002299
    Phase1 Epoch 250/250: loss=0.002718
      Condition: baseline
        Phase2 Epoch 50/250: loss=0.004647
        Phase2 Epoch 100/250: loss=0.000767
        Phase2 Epoch 150/250: loss=0.001427
        Phase2 Epoch 200/250: loss=0.000327
        Phase2 Epoch 250/250: loss=0.000323
        E_mu=0.0089  E_Sigma=0.0083
  Stage 2 epoch 60/300: loss=0.011070
  Stage 2 epoch 120/300: loss=0.008062
  Stage 2 epoch 180/300: loss=0.006071
  Stage 2 epoch 240/300: loss=0.004461
  Stage 2 epoch 300/300: loss=0.003299
  Stage 3 epoch 60/300: loss=0.038649
  Stage 3 epoch 120/300: loss=0.024994
  Stage 3 epoch 180/300: loss=0.022824
  Stage 3 epoch 240/300: loss=0.016074
  Stage 3 epoch 300/300: loss=0.015291
  MTE@0.1: 0.8674
  MTE@0.5: 1.8050
  MTE@1.0: 2.3396
  W2@1.0:  1.2878
  MMD@1.0: 0.1171
  Survival@1.0: 73.0%
      Condition: K(Phat)
        Phase2 Epoch 50/250: loss=0.009917
        Phase2 Epoch 100/250: loss=0.000907
        Phase2 Epoch 150/250: loss=0.000616
        Phase2 Epoch 200/250: loss=0.000492
        Phase2 Epoch 250/250: loss=0.000948
        E_mu=0.0062  E_Sigma=0.0162
  Stage 2 epoch 60/300: loss=0.005888
  Stage 2 epoch 120/300: loss=0.004810
  Stage 2 epoch 180/300: loss=0.003428
  Stage 2 epoch 240/300: loss=0.002688
  Stage 2 epoch 300/300: loss=0.001616
  Stage 3 epoch 60/300: loss=0.039937
  Stage 3 epoch 120/300: loss=0.025624
  Stage 3 epoch 180/300: loss=0.023199
  Stage 3 epoch 240/300: loss=0.016086
  Stage 3 epoch 300/300: loss=0.014652
  MTE@0.1: 0.8687
  MTE@0.5: 1.8019
  MTE@1.0: 2.3095
  W2@1.0:  1.2404
  MMD@1.0: 0.1126
  Survival@1.0: 73.0%
      baseline: W2=1.2878  E_mu=0.0089  E_Sig=0.0083
       K(Phat): W2=1.2404  E_mu=0.0062  E_Sig=0.0162

============================================================
  N=200 | D=11 (K=4) | hyperbolic_paraboloid | seed=7042
============================================================
    Phase1 Epoch 50/250: loss=0.074414
    Phase1 Epoch 100/250: loss=0.008706
    Phase1 Epoch 150/250: loss=0.016601
    Phase1 Epoch 200/250: loss=0.007236
    Phase1 Epoch 250/250: loss=0.003031
      Condition: baseline
        Phase2 Epoch 50/250: loss=0.008691
        Phase2 Epoch 100/250: loss=0.001535
        Phase2 Epoch 150/250: loss=0.001761
        Phase2 Epoch 200/250: loss=0.000474
        Phase2 Epoch 250/250: loss=0.000367
        E_mu=0.0056  E_Sigma=0.0042
  Stage 2 epoch 60/300: loss=0.011433
  Stage 2 epoch 120/300: loss=0.010631
  Stage 2 epoch 180/300: loss=0.004373
  Stage 2 epoch 240/300: loss=0.002192
  Stage 2 epoch 300/300: loss=0.001385
  Stage 3 epoch 60/300: loss=0.038569
  Stage 3 epoch 120/300: loss=0.029414
  Stage 3 epoch 180/300: loss=0.023706
  Stage 3 epoch 240/300: loss=0.020772
  Stage 3 epoch 300/300: loss=0.019071
  MTE@0.1: 1.1956
  MTE@0.5: 2.3924
  MTE@1.0: 2.7958
  W2@1.0:  1.4502
  MMD@1.0: 0.1707
  Survival@1.0: 76.5%
      Condition: K(Phat)
        Phase2 Epoch 50/250: loss=0.001841
        Phase2 Epoch 100/250: loss=0.000983
        Phase2 Epoch 150/250: loss=0.000876
        Phase2 Epoch 200/250: loss=0.000540
        Phase2 Epoch 250/250: loss=0.000431
        E_mu=0.0030  E_Sigma=0.0069
  Stage 2 epoch 60/300: loss=0.009528
  Stage 2 epoch 120/300: loss=0.007347
  Stage 2 epoch 180/300: loss=0.002706
  Stage 2 epoch 240/300: loss=0.001539
  Stage 2 epoch 300/300: loss=0.001104
  Stage 3 epoch 60/300: loss=0.041114
  Stage 3 epoch 120/300: loss=0.030415
  Stage 3 epoch 180/300: loss=0.023632
  Stage 3 epoch 240/300: loss=0.020445
  Stage 3 epoch 300/300: loss=0.017681
  MTE@0.1: 1.1971
  MTE@0.5: 2.3912
  MTE@1.0: 2.7895
  W2@1.0:  1.4505
  MMD@1.0: 0.1576
  Survival@1.0: 76.5%
      baseline: W2=1.4502  E_mu=0.0056  E_Sig=0.0042
       K(Phat): W2=1.4505  E_mu=0.0030  E_Sig=0.0069

============================================================
  N=200 | D=11 (K=4) | hyperbolic_paraboloid | seed=8042
============================================================
    Phase1 Epoch 50/250: loss=0.022192
    Phase1 Epoch 100/250: loss=0.011013
    Phase1 Epoch 150/250: loss=0.006985
    Phase1 Epoch 200/250: loss=0.018452
    Phase1 Epoch 250/250: loss=0.001129
      Condition: baseline
        Phase2 Epoch 50/250: loss=0.000821
        Phase2 Epoch 100/250: loss=0.002640
        Phase2 Epoch 150/250: loss=0.002925
        Phase2 Epoch 200/250: loss=0.002209
        Phase2 Epoch 250/250: loss=0.014515
        E_mu=0.0200  E_Sigma=0.0916
  Stage 2 epoch 60/300: loss=0.006935
  Stage 2 epoch 120/300: loss=0.002834
  Stage 2 epoch 180/300: loss=0.001945
  Stage 2 epoch 240/300: loss=0.001209
  Stage 2 epoch 300/300: loss=0.001015
  Stage 3 epoch 60/300: loss=0.019481
  Stage 3 epoch 120/300: loss=0.013648
  Stage 3 epoch 180/300: loss=0.010208
  Stage 3 epoch 240/300: loss=0.009377
  Stage 3 epoch 300/300: loss=0.007670
  MTE@0.1: 1.3805
  MTE@0.5: 2.4366
  MTE@1.0: 2.8213
  W2@1.0:  1.4638
  MMD@1.0: 0.1637
  Survival@1.0: 79.5%
      Condition: K(Phat)
        Phase2 Epoch 50/250: loss=0.002807
        Phase2 Epoch 100/250: loss=0.001907
        Phase2 Epoch 150/250: loss=0.000392
        Phase2 Epoch 200/250: loss=0.000282
        Phase2 Epoch 250/250: loss=0.000298
        E_mu=0.0022  E_Sigma=0.0055
  Stage 2 epoch 60/300: loss=0.011082
  Stage 2 epoch 120/300: loss=0.004476
  Stage 2 epoch 180/300: loss=0.003862
  Stage 2 epoch 240/300: loss=0.002063
  Stage 2 epoch 300/300: loss=0.001429
  Stage 3 epoch 60/300: loss=0.025291
  Stage 3 epoch 120/300: loss=0.012898
  Stage 3 epoch 180/300: loss=0.009300
  Stage 3 epoch 240/300: loss=0.002058
  Stage 3 epoch 300/300: loss=0.000969
  MTE@0.1: 1.2897
  MTE@0.5: 2.1701
  MTE@1.0: 2.6457
  W2@1.0:  1.5220
  MMD@1.0: 0.1859
  Survival@1.0: 79.5%
      baseline: W2=1.4638  E_mu=0.0200  E_Sig=0.0916
       K(Phat): W2=1.5220  E_mu=0.0022  E_Sig=0.0055

============================================================
  N=200 | D=11 (K=4) | hyperbolic_paraboloid | seed=9042
============================================================
    Phase1 Epoch 50/250: loss=0.022313
    Phase1 Epoch 100/250: loss=0.009301
    Phase1 Epoch 150/250: loss=0.002052
    Phase1 Epoch 200/250: loss=0.002065
    Phase1 Epoch 250/250: loss=0.010265
      Condition: baseline
        Phase2 Epoch 50/250: loss=0.003867
        Phase2 Epoch 100/250: loss=0.007960
        Phase2 Epoch 150/250: loss=0.001521
        Phase2 Epoch 200/250: loss=0.000828
        Phase2 Epoch 250/250: loss=0.001511
        E_mu=0.0080  E_Sigma=0.0157
  Stage 2 epoch 60/300: loss=0.012297
  Stage 2 epoch 120/300: loss=0.007908
  Stage 2 epoch 180/300: loss=0.004767
  Stage 2 epoch 240/300: loss=0.002646
  Stage 2 epoch 300/300: loss=0.001587
  Stage 3 epoch 60/300: loss=0.039432
  Stage 3 epoch 120/300: loss=0.032920
  Stage 3 epoch 180/300: loss=0.021362
  Stage 3 epoch 240/300: loss=0.018193
  Stage 3 epoch 300/300: loss=0.012618
  MTE@0.1: 1.2448
  MTE@0.5: 2.2188
  MTE@1.0: 3.0066
  W2@1.0:  1.3079
  MMD@1.0: 0.1384
  Survival@1.0: 76.0%
      Condition: K(Phat)
        Phase2 Epoch 50/250: loss=0.010570
        Phase2 Epoch 100/250: loss=0.000705
        Phase2 Epoch 150/250: loss=0.000461
        Phase2 Epoch 200/250: loss=0.000923
        Phase2 Epoch 250/250: loss=0.000562
        E_mu=0.0037  E_Sigma=0.0078
  Stage 2 epoch 60/300: loss=0.016264
  Stage 2 epoch 120/300: loss=0.007497
  Stage 2 epoch 180/300: loss=0.002882
  Stage 2 epoch 240/300: loss=0.001663
  Stage 2 epoch 300/300: loss=0.001100
  Stage 3 epoch 60/300: loss=0.015541
  Stage 3 epoch 120/300: loss=0.004495
  Stage 3 epoch 180/300: loss=0.002578
  Stage 3 epoch 240/300: loss=0.002436
  Stage 3 epoch 300/300: loss=0.001414
  MTE@0.1: 0.9394
  MTE@0.5: 1.9394
  MTE@1.0: 2.7941
  W2@1.0:  1.5226
  MMD@1.0: 0.1925
  Survival@1.0: 76.0%
      baseline: W2=1.3079  E_mu=0.0080  E_Sig=0.0157
       K(Phat): W2=1.5226  E_mu=0.0037  E_Sig=0.0078

  N=200, D=11 completed in 2568.4s (128.4s per fork)

============================================================
  N=200 | D=201 (K=99) | paraboloid | seed=42
============================================================
    Phase1 Epoch 50/250: loss=0.687051
    Phase1 Epoch 100/250: loss=0.139497
    Phase1 Epoch 150/250: loss=0.027451
    Phase1 Epoch 200/250: loss=0.017496
    Phase1 Epoch 250/250: loss=0.025325
      Condition: baseline
        Phase2 Epoch 50/250: loss=0.017405
        Phase2 Epoch 100/250: loss=0.008431
        Phase2 Epoch 150/250: loss=0.011331
        Phase2 Epoch 200/250: loss=0.031485
        Phase2 Epoch 250/250: loss=0.030151
        E_mu=0.0797  E_Sigma=0.3316
  Stage 2 epoch 60/300: loss=0.000281
  Stage 2 epoch 120/300: loss=0.000185
  Stage 2 epoch 180/300: loss=0.000100
  Stage 2 epoch 240/300: loss=0.000075
  Stage 2 epoch 300/300: loss=0.000077
  Stage 3 epoch 60/300: loss=0.000039
  Stage 3 epoch 120/300: loss=0.000035
  Stage 3 epoch 180/300: loss=0.000039
  Stage 3 epoch 240/300: loss=0.000028
  Stage 3 epoch 300/300: loss=0.000033
  MTE@0.1: 1.7299
  MTE@0.5: 2.7413
  MTE@1.0: 3.1843
  W2@1.0:  2.2178
  MMD@1.0: 0.3221
  Survival@1.0: 76.5%
      Condition: K(Phat)
        Phase2 Epoch 50/250: loss=0.017314
        Phase2 Epoch 100/250: loss=0.010145
        Phase2 Epoch 150/250: loss=0.015736
        Phase2 Epoch 200/250: loss=0.006309
        Phase2 Epoch 250/250: loss=0.008772
        E_mu=0.0514  E_Sigma=0.1604
  Stage 2 epoch 60/300: loss=0.000214
  Stage 2 epoch 120/300: loss=0.000155
  Stage 2 epoch 180/300: loss=0.000117
  Stage 2 epoch 240/300: loss=0.000086
  Stage 2 epoch 300/300: loss=0.000082
  Stage 3 epoch 60/300: loss=0.000025
  Stage 3 epoch 120/300: loss=0.000020
  Stage 3 epoch 180/300: loss=0.000019
  Stage 3 epoch 240/300: loss=0.000014
  Stage 3 epoch 300/300: loss=0.000013
  MTE@0.1: 1.2297
  MTE@0.5: 2.4101
  MTE@1.0: 2.8221
  W2@1.0:  1.6919
  MMD@1.0: 0.1831
  Survival@1.0: 76.5%
      baseline: W2=2.2178  E_mu=0.0797  E_Sig=0.3316
       K(Phat): W2=1.6919  E_mu=0.0514  E_Sig=0.1604

============================================================
  N=200 | D=201 (K=99) | paraboloid | seed=1042
============================================================
    Phase1 Epoch 50/250: loss=0.643871
    Phase1 Epoch 100/250: loss=0.076070
    Phase1 Epoch 150/250: loss=0.037275
    Phase1 Epoch 200/250: loss=0.016510
    Phase1 Epoch 250/250: loss=0.038944
      Condition: baseline
        Phase2 Epoch 50/250: loss=0.012465
        Phase2 Epoch 100/250: loss=0.005756
        Phase2 Epoch 150/250: loss=0.013053
        Phase2 Epoch 200/250: loss=0.014690
        Phase2 Epoch 250/250: loss=0.014469
        E_mu=0.0631  E_Sigma=0.1648
  Stage 2 epoch 60/300: loss=0.000549
  Stage 2 epoch 120/300: loss=0.000258
  Stage 2 epoch 180/300: loss=0.000189
  Stage 2 epoch 240/300: loss=0.000185
  Stage 2 epoch 300/300: loss=0.000174
  Stage 3 epoch 60/300: loss=0.000057
  Stage 3 epoch 120/300: loss=0.000023
  Stage 3 epoch 180/300: loss=0.000019
  Stage 3 epoch 240/300: loss=0.000019
  Stage 3 epoch 300/300: loss=0.000013
  MTE@0.1: 1.8378
  MTE@0.5: 2.9591
  MTE@1.0: 3.6363
  W2@1.0:  2.0519
  MMD@1.0: 0.2943
  Survival@1.0: 72.0%
      Condition: K(Phat)
        Phase2 Epoch 50/250: loss=0.052553
        Phase2 Epoch 100/250: loss=0.012524
        Phase2 Epoch 150/250: loss=0.014826
        Phase2 Epoch 200/250: loss=0.015201
        Phase2 Epoch 250/250: loss=0.018440
        E_mu=0.0941  E_Sigma=0.7424
  Stage 2 epoch 60/300: loss=0.000457
  Stage 2 epoch 120/300: loss=0.000204
  Stage 2 epoch 180/300: loss=0.000168
  Stage 2 epoch 240/300: loss=0.000154
  Stage 2 epoch 300/300: loss=0.000159
  Stage 3 epoch 60/300: loss=0.000068
  Stage 3 epoch 120/300: loss=0.000035
  Stage 3 epoch 180/300: loss=0.000032
  Stage 3 epoch 240/300: loss=0.000034
  Stage 3 epoch 300/300: loss=0.000027
  MTE@0.1: 1.6210
  MTE@0.5: 2.7568
  MTE@1.0: 3.3961
  W2@1.0:  1.6619
  MMD@1.0: 0.2102
  Survival@1.0: 72.0%
      baseline: W2=2.0519  E_mu=0.0631  E_Sig=0.1648
       K(Phat): W2=1.6619  E_mu=0.0941  E_Sig=0.7424

============================================================
  N=200 | D=201 (K=99) | paraboloid | seed=2042
============================================================
    Phase1 Epoch 50/250: loss=0.795914
    Phase1 Epoch 100/250: loss=0.258555
    Phase1 Epoch 150/250: loss=0.036299
    Phase1 Epoch 200/250: loss=0.020485
    Phase1 Epoch 250/250: loss=0.015186
      Condition: baseline
        Phase2 Epoch 50/250: loss=0.023519
        Phase2 Epoch 100/250: loss=0.017194
        Phase2 Epoch 150/250: loss=0.016854
        Phase2 Epoch 200/250: loss=0.001280
        Phase2 Epoch 250/250: loss=0.001276
        E_mu=0.0290  E_Sigma=0.0344
  Stage 2 epoch 60/300: loss=0.000455
  Stage 2 epoch 120/300: loss=0.000307
  Stage 2 epoch 180/300: loss=0.000238
  Stage 2 epoch 240/300: loss=0.000187
  Stage 2 epoch 300/300: loss=0.000131
  Stage 3 epoch 60/300: loss=0.000033
  Stage 3 epoch 120/300: loss=0.000015
  Stage 3 epoch 180/300: loss=0.000013
  Stage 3 epoch 240/300: loss=0.000036
  Stage 3 epoch 300/300: loss=0.000009
  MTE@0.1: 1.0925
  MTE@0.5: 2.5126
  MTE@1.0: 3.2965
  W2@1.0:  2.1191
  MMD@1.0: 0.1891
  Survival@1.0: 78.5%
      Condition: K(Phat)
        Phase2 Epoch 50/250: loss=0.021819
        Phase2 Epoch 100/250: loss=0.022905
        Phase2 Epoch 150/250: loss=0.011280
        Phase2 Epoch 200/250: loss=0.019867
        Phase2 Epoch 250/250: loss=0.006111
        E_mu=0.0352  E_Sigma=0.1123
  Stage 2 epoch 60/300: loss=0.000324
  Stage 2 epoch 120/300: loss=0.000284
  Stage 2 epoch 180/300: loss=0.000237
  Stage 2 epoch 240/300: loss=0.000197
  Stage 2 epoch 300/300: loss=0.000169
  Stage 3 epoch 60/300: loss=0.000025
  Stage 3 epoch 120/300: loss=0.000015
  Stage 3 epoch 180/300: loss=0.000013
  Stage 3 epoch 240/300: loss=0.000039
  Stage 3 epoch 300/300: loss=0.000012
  MTE@0.1: 1.1268
  MTE@0.5: 2.4602
  MTE@1.0: 3.0356
  W2@1.0:  1.6511
  MMD@1.0: 0.1563
  Survival@1.0: 78.5%
      baseline: W2=2.1191  E_mu=0.0290  E_Sig=0.0344
       K(Phat): W2=1.6511  E_mu=0.0352  E_Sig=0.1123

============================================================
  N=200 | D=201 (K=99) | paraboloid | seed=3042
============================================================
    Phase1 Epoch 50/250: loss=0.839503
    Phase1 Epoch 100/250: loss=0.155473
    Phase1 Epoch 150/250: loss=0.028789
    Phase1 Epoch 200/250: loss=0.016149
    Phase1 Epoch 250/250: loss=0.028237
      Condition: baseline
        Phase2 Epoch 50/250: loss=0.039936
        Phase2 Epoch 100/250: loss=0.015372
        Phase2 Epoch 150/250: loss=0.023403
        Phase2 Epoch 200/250: loss=0.000900
        Phase2 Epoch 250/250: loss=0.000991
        E_mu=0.0184  E_Sigma=0.0205
  Stage 2 epoch 60/300: loss=0.000678
  Stage 2 epoch 120/300: loss=0.000355
  Stage 2 epoch 180/300: loss=0.000254
  Stage 2 epoch 240/300: loss=0.000214
  Stage 2 epoch 300/300: loss=0.000201
  Stage 3 epoch 60/300: loss=0.000043
  Stage 3 epoch 120/300: loss=0.000016
  Stage 3 epoch 180/300: loss=0.000011
  Stage 3 epoch 240/300: loss=0.000010
  Stage 3 epoch 300/300: loss=0.000007
  MTE@0.1: 0.6253
  MTE@0.5: 1.3689
  MTE@1.0: 2.2024
  W2@1.0:  2.1537
  MMD@1.0: 0.2347
  Survival@1.0: 74.5%
      Condition: K(Phat)
        Phase2 Epoch 50/250: loss=0.019112
        Phase2 Epoch 100/250: loss=0.001583
        Phase2 Epoch 150/250: loss=0.001054
        Phase2 Epoch 200/250: loss=0.012909
        Phase2 Epoch 250/250: loss=0.002363
        E_mu=0.0204  E_Sigma=0.0543
  Stage 2 epoch 60/300: loss=0.000476
  Stage 2 epoch 120/300: loss=0.000276
  Stage 2 epoch 180/300: loss=0.000177
  Stage 2 epoch 240/300: loss=0.000156
  Stage 2 epoch 300/300: loss=0.000147
  Stage 3 epoch 60/300: loss=0.000043
  Stage 3 epoch 120/300: loss=0.000016
  Stage 3 epoch 180/300: loss=0.000010
  Stage 3 epoch 240/300: loss=0.000012
  Stage 3 epoch 300/300: loss=0.000008
  MTE@0.1: 0.6342
  MTE@0.5: 1.3699
  MTE@1.0: 2.1686
  W2@1.0:  2.0965
  MMD@1.0: 0.2266
  Survival@1.0: 74.5%
      baseline: W2=2.1537  E_mu=0.0184  E_Sig=0.0205
       K(Phat): W2=2.0965  E_mu=0.0204  E_Sig=0.0543

============================================================
  N=200 | D=201 (K=99) | paraboloid | seed=4042
============================================================
    Phase1 Epoch 50/250: loss=0.562298
    Phase1 Epoch 100/250: loss=0.121887
    Phase1 Epoch 150/250: loss=0.040589
    Phase1 Epoch 200/250: loss=0.019129
    Phase1 Epoch 250/250: loss=0.014170
      Condition: baseline
        Phase2 Epoch 50/250: loss=0.019195
        Phase2 Epoch 100/250: loss=0.013312
        Phase2 Epoch 150/250: loss=0.005777
        Phase2 Epoch 200/250: loss=0.011030
        Phase2 Epoch 250/250: loss=0.004252
        E_mu=0.0506  E_Sigma=0.2242
  Stage 2 epoch 60/300: loss=0.000587
  Stage 2 epoch 120/300: loss=0.000339
  Stage 2 epoch 180/300: loss=0.000205
  Stage 2 epoch 240/300: loss=0.000153
  Stage 2 epoch 300/300: loss=0.000162
  Stage 3 epoch 60/300: loss=0.000025
  Stage 3 epoch 120/300: loss=0.000031
  Stage 3 epoch 180/300: loss=0.000021
  Stage 3 epoch 240/300: loss=0.000023
  Stage 3 epoch 300/300: loss=0.000019
  MTE@0.1: 1.1440
  MTE@0.5: 2.1314
  MTE@1.0: 2.4951
  W2@1.0:  1.5693
  MMD@1.0: 0.1718
  Survival@1.0: 76.0%
      Condition: K(Phat)
        Phase2 Epoch 50/250: loss=0.027561
        Phase2 Epoch 100/250: loss=0.019200
        Phase2 Epoch 150/250: loss=0.017662
        Phase2 Epoch 200/250: loss=0.002102
        Phase2 Epoch 250/250: loss=0.002458
        E_mu=0.0353  E_Sigma=0.1038
  Stage 2 epoch 60/300: loss=0.000466
  Stage 2 epoch 120/300: loss=0.000293
  Stage 2 epoch 180/300: loss=0.000177
  Stage 2 epoch 240/300: loss=0.000125
  Stage 2 epoch 300/300: loss=0.000145
  Stage 3 epoch 60/300: loss=0.000013
  Stage 3 epoch 120/300: loss=0.000019
  Stage 3 epoch 180/300: loss=0.000010
  Stage 3 epoch 240/300: loss=0.000010
  Stage 3 epoch 300/300: loss=0.000008
  MTE@0.1: 1.1410
  MTE@0.5: 2.1482
  MTE@1.0: 2.5269
  W2@1.0:  1.5860
  MMD@1.0: 0.1748
  Survival@1.0: 76.0%
      baseline: W2=1.5693  E_mu=0.0506  E_Sig=0.2242
       K(Phat): W2=1.5860  E_mu=0.0353  E_Sig=0.1038

============================================================
  N=200 | D=201 (K=99) | paraboloid | seed=5042
============================================================
    Phase1 Epoch 50/250: loss=0.643799
    Phase1 Epoch 100/250: loss=0.134742
    Phase1 Epoch 150/250: loss=0.042669
    Phase1 Epoch 200/250: loss=0.035629
    Phase1 Epoch 250/250: loss=0.052757
      Condition: baseline
        Phase2 Epoch 50/250: loss=0.016471
        Phase2 Epoch 100/250: loss=0.032605
        Phase2 Epoch 150/250: loss=0.033238
        Phase2 Epoch 200/250: loss=0.008886
        Phase2 Epoch 250/250: loss=0.009387
        E_mu=0.0711  E_Sigma=0.2226
  Stage 2 epoch 60/300: loss=0.000497
  Stage 2 epoch 120/300: loss=0.000249
  Stage 2 epoch 180/300: loss=0.000138
  Stage 2 epoch 240/300: loss=0.000116
  Stage 2 epoch 300/300: loss=0.000083
  Stage 3 epoch 60/300: loss=0.000057
  Stage 3 epoch 120/300: loss=0.000029
  Stage 3 epoch 180/300: loss=0.000019
  Stage 3 epoch 240/300: loss=0.000013
  Stage 3 epoch 300/300: loss=0.000013
  MTE@0.1: 1.2091
  MTE@0.5: 2.3639
  MTE@1.0: 3.0329
  W2@1.0:  2.2429
  MMD@1.0: 0.2398
  Survival@1.0: 76.5%
      Condition: K(Phat)
        Phase2 Epoch 50/250: loss=0.014165
        Phase2 Epoch 100/250: loss=0.016649
        Phase2 Epoch 150/250: loss=0.006555
        Phase2 Epoch 200/250: loss=0.015464
        Phase2 Epoch 250/250: loss=0.003951
        E_mu=0.0303  E_Sigma=0.0550
  Stage 2 epoch 60/300: loss=0.000412
  Stage 2 epoch 120/300: loss=0.000205
  Stage 2 epoch 180/300: loss=0.000117
  Stage 2 epoch 240/300: loss=0.000105
  Stage 2 epoch 300/300: loss=0.000083
  Stage 3 epoch 60/300: loss=0.000036
  Stage 3 epoch 120/300: loss=0.000020
  Stage 3 epoch 180/300: loss=0.000014
  Stage 3 epoch 240/300: loss=0.000009
  Stage 3 epoch 300/300: loss=0.000009
  MTE@0.1: 1.2208
  MTE@0.5: 2.3483
  MTE@1.0: 2.9827
  W2@1.0:  1.9993
  MMD@1.0: 0.2293
  Survival@1.0: 76.5%
      baseline: W2=2.2429  E_mu=0.0711  E_Sig=0.2226
       K(Phat): W2=1.9993  E_mu=0.0303  E_Sig=0.0550

============================================================
  N=200 | D=201 (K=99) | paraboloid | seed=6042
============================================================
    Phase1 Epoch 50/250: loss=0.683655
    Phase1 Epoch 100/250: loss=0.051791
    Phase1 Epoch 150/250: loss=0.023047
    Phase1 Epoch 200/250: loss=0.018397
    Phase1 Epoch 250/250: loss=0.014099
      Condition: baseline
        Phase2 Epoch 50/250: loss=0.013878
        Phase2 Epoch 100/250: loss=0.010615
        Phase2 Epoch 150/250: loss=0.007415
        Phase2 Epoch 200/250: loss=0.001261
        Phase2 Epoch 250/250: loss=0.000963
        E_mu=0.0266  E_Sigma=0.0330
  Stage 2 epoch 60/300: loss=0.000633
  Stage 2 epoch 120/300: loss=0.000289
  Stage 2 epoch 180/300: loss=0.000177
  Stage 2 epoch 240/300: loss=0.000121
  Stage 2 epoch 300/300: loss=0.000096
  Stage 3 epoch 60/300: loss=0.000146
  Stage 3 epoch 120/300: loss=0.000101
  Stage 3 epoch 180/300: loss=0.000073
  Stage 3 epoch 240/300: loss=0.000064
  Stage 3 epoch 300/300: loss=0.000080
  MTE@0.1: 1.1964
  MTE@0.5: 2.5457
  MTE@1.0: 2.9409
  W2@1.0:  1.5632
  MMD@1.0: 0.1491
  Survival@1.0: 73.0%
      Condition: K(Phat)
        Phase2 Epoch 50/250: loss=0.022907
        Phase2 Epoch 100/250: loss=0.001873
        Phase2 Epoch 150/250: loss=0.001389
        Phase2 Epoch 200/250: loss=0.001306
        Phase2 Epoch 250/250: loss=0.001435
        E_mu=0.0278  E_Sigma=0.0417
  Stage 2 epoch 60/300: loss=0.000614
  Stage 2 epoch 120/300: loss=0.000251
  Stage 2 epoch 180/300: loss=0.000148
  Stage 2 epoch 240/300: loss=0.000099
  Stage 2 epoch 300/300: loss=0.000082
  Stage 3 epoch 60/300: loss=0.000142
  Stage 3 epoch 120/300: loss=0.000102
  Stage 3 epoch 180/300: loss=0.000074
  Stage 3 epoch 240/300: loss=0.000065
  Stage 3 epoch 300/300: loss=0.000076
  MTE@0.1: 1.2034
  MTE@0.5: 2.5478
  MTE@1.0: 2.9101
  W2@1.0:  1.5171
  MMD@1.0: 0.1470
  Survival@1.0: 73.0%
      baseline: W2=1.5632  E_mu=0.0266  E_Sig=0.0330
       K(Phat): W2=1.5171  E_mu=0.0278  E_Sig=0.0417

============================================================
  N=200 | D=201 (K=99) | paraboloid | seed=7042
============================================================
    Phase1 Epoch 50/250: loss=0.306063
    Phase1 Epoch 100/250: loss=0.072832
    Phase1 Epoch 150/250: loss=0.030933
    Phase1 Epoch 200/250: loss=0.052134
    Phase1 Epoch 250/250: loss=0.014680
      Condition: baseline
        Phase2 Epoch 50/250: loss=0.016365
        Phase2 Epoch 100/250: loss=0.001583
        Phase2 Epoch 150/250: loss=0.002051
        Phase2 Epoch 200/250: loss=0.007954
        Phase2 Epoch 250/250: loss=0.008932
        E_mu=0.0327  E_Sigma=0.1547
  Stage 2 epoch 60/300: loss=0.000189
  Stage 2 epoch 120/300: loss=0.000140
  Stage 2 epoch 180/300: loss=0.000117
  Stage 2 epoch 240/300: loss=0.000089
  Stage 2 epoch 300/300: loss=0.000081
  Stage 3 epoch 60/300: loss=0.000159
  Stage 3 epoch 120/300: loss=0.000126
  Stage 3 epoch 180/300: loss=0.000098
  Stage 3 epoch 240/300: loss=0.000078
  Stage 3 epoch 300/300: loss=0.000061
  MTE@0.1: 1.2885
  MTE@0.5: 2.4168
  MTE@1.0: 2.8804
  W2@1.0:  1.2640
  MMD@1.0: 0.1149
  Survival@1.0: 76.5%
      Condition: K(Phat)
        Phase2 Epoch 50/250: loss=0.025895
        Phase2 Epoch 100/250: loss=0.001607
        Phase2 Epoch 150/250: loss=0.001570
        Phase2 Epoch 200/250: loss=0.002618
        Phase2 Epoch 250/250: loss=0.000746
        E_mu=0.0196  E_Sigma=0.0151
  Stage 2 epoch 60/300: loss=0.000176
  Stage 2 epoch 120/300: loss=0.000130
  Stage 2 epoch 180/300: loss=0.000112
  Stage 2 epoch 240/300: loss=0.000091
  Stage 2 epoch 300/300: loss=0.000093
  Stage 3 epoch 60/300: loss=0.000154
  Stage 3 epoch 120/300: loss=0.000123
  Stage 3 epoch 180/300: loss=0.000090
  Stage 3 epoch 240/300: loss=0.000069
  Stage 3 epoch 300/300: loss=0.000054
  MTE@0.1: 1.2794
  MTE@0.5: 2.3891
  MTE@1.0: 2.8500
  W2@1.0:  1.2046
  MMD@1.0: 0.1138
  Survival@1.0: 76.5%
      baseline: W2=1.2640  E_mu=0.0327  E_Sig=0.1547
       K(Phat): W2=1.2046  E_mu=0.0196  E_Sig=0.0151

============================================================
  N=200 | D=201 (K=99) | paraboloid | seed=8042
============================================================
    Phase1 Epoch 50/250: loss=0.581919
    Phase1 Epoch 100/250: loss=0.074637
    Phase1 Epoch 150/250: loss=0.029161
    Phase1 Epoch 200/250: loss=0.025068
    Phase1 Epoch 250/250: loss=0.023884
      Condition: baseline
        Phase2 Epoch 50/250: loss=0.012734
        Phase2 Epoch 100/250: loss=0.002564
        Phase2 Epoch 150/250: loss=0.002316
        Phase2 Epoch 200/250: loss=0.002176
        Phase2 Epoch 250/250: loss=0.001809
        E_mu=0.0773  E_Sigma=0.0822
  Stage 2 epoch 60/300: loss=0.000463
  Stage 2 epoch 120/300: loss=0.000273
  Stage 2 epoch 180/300: loss=0.000200
  Stage 2 epoch 240/300: loss=0.000136
  Stage 2 epoch 300/300: loss=0.000097
  Stage 3 epoch 60/300: loss=0.000044
  Stage 3 epoch 120/300: loss=0.000022
  Stage 3 epoch 180/300: loss=0.000014
  Stage 3 epoch 240/300: loss=0.000010
  Stage 3 epoch 300/300: loss=0.000013
  MTE@0.1: 1.0587
  MTE@0.5: 2.3212
  MTE@1.0: 3.0177
  W2@1.0:  1.9465
  MMD@1.0: 0.2294
  Survival@1.0: 79.5%
      Condition: K(Phat)
        Phase2 Epoch 50/250: loss=0.024049
        Phase2 Epoch 100/250: loss=0.002457
        Phase2 Epoch 150/250: loss=0.002030
        Phase2 Epoch 200/250: loss=0.003183
        Phase2 Epoch 250/250: loss=0.008880
        E_mu=0.0739  E_Sigma=0.0920
  Stage 2 epoch 60/300: loss=0.000450
  Stage 2 epoch 120/300: loss=0.000244
  Stage 2 epoch 180/300: loss=0.000186
  Stage 2 epoch 240/300: loss=0.000132
  Stage 2 epoch 300/300: loss=0.000092
  Stage 3 epoch 60/300: loss=0.000044
  Stage 3 epoch 120/300: loss=0.000023
  Stage 3 epoch 180/300: loss=0.000014
  Stage 3 epoch 240/300: loss=0.000010
  Stage 3 epoch 300/300: loss=0.000013
  MTE@0.1: 1.0649
  MTE@0.5: 2.3077
  MTE@1.0: 2.9714
  W2@1.0:  1.8783
  MMD@1.0: 0.2225
  Survival@1.0: 79.5%
      baseline: W2=1.9465  E_mu=0.0773  E_Sig=0.0822
       K(Phat): W2=1.8783  E_mu=0.0739  E_Sig=0.0920

============================================================
  N=200 | D=201 (K=99) | paraboloid | seed=9042
============================================================
    Phase1 Epoch 50/250: loss=0.593946
    Phase1 Epoch 100/250: loss=0.085200
    Phase1 Epoch 150/250: loss=0.050516
    Phase1 Epoch 200/250: loss=0.037629
    Phase1 Epoch 250/250: loss=0.010300
      Condition: baseline
        Phase2 Epoch 50/250: loss=0.013617
        Phase2 Epoch 100/250: loss=0.015970
        Phase2 Epoch 150/250: loss=0.021916
        Phase2 Epoch 200/250: loss=0.011450
        Phase2 Epoch 250/250: loss=0.016555
        E_mu=0.0974  E_Sigma=0.3684
  Stage 2 epoch 60/300: loss=0.000388
  Stage 2 epoch 120/300: loss=0.000227
  Stage 2 epoch 180/300: loss=0.000175
  Stage 2 epoch 240/300: loss=0.000150
  Stage 2 epoch 300/300: loss=0.000136
  Stage 3 epoch 60/300: loss=0.000061
  Stage 3 epoch 120/300: loss=0.000040
  Stage 3 epoch 180/300: loss=0.000030
  Stage 3 epoch 240/300: loss=0.000027
  Stage 3 epoch 300/300: loss=0.000031
  MTE@0.1: 1.2994
  MTE@0.5: 2.1374
  MTE@1.0: 2.8141
  W2@1.0:  1.7649
  MMD@1.0: 0.2626
  Survival@1.0: 76.0%
      Condition: K(Phat)
        Phase2 Epoch 50/250: loss=0.013482
        Phase2 Epoch 100/250: loss=0.012808
        Phase2 Epoch 150/250: loss=0.017094
        Phase2 Epoch 200/250: loss=0.005380
        Phase2 Epoch 250/250: loss=0.010039
        E_mu=0.0640  E_Sigma=0.1953
  Stage 2 epoch 60/300: loss=0.000362
  Stage 2 epoch 120/300: loss=0.000234
  Stage 2 epoch 180/300: loss=0.000164
  Stage 2 epoch 240/300: loss=0.000149
  Stage 2 epoch 300/300: loss=0.000121
  Stage 3 epoch 60/300: loss=0.000053
  Stage 3 epoch 120/300: loss=0.000034
  Stage 3 epoch 180/300: loss=0.000019
  Stage 3 epoch 240/300: loss=0.000018
  Stage 3 epoch 300/300: loss=0.000017
  MTE@0.1: 1.1614
  MTE@0.5: 2.0655
  MTE@1.0: 2.7761
  W2@1.0:  1.7309
  MMD@1.0: 0.2364
  Survival@1.0: 76.0%
      baseline: W2=1.7649  E_mu=0.0974  E_Sig=0.3684
       K(Phat): W2=1.7309  E_mu=0.0640  E_Sig=0.1953

============================================================
  N=200 | D=201 (K=99) | hyperbolic_paraboloid | seed=42
============================================================
    Phase1 Epoch 50/250: loss=0.729968
    Phase1 Epoch 100/250: loss=0.070535
    Phase1 Epoch 150/250: loss=0.039078
    Phase1 Epoch 200/250: loss=0.015208
    Phase1 Epoch 250/250: loss=0.016886
      Condition: baseline
        Phase2 Epoch 50/250: loss=0.010027
        Phase2 Epoch 100/250: loss=0.015464
        Phase2 Epoch 150/250: loss=0.002831
        Phase2 Epoch 200/250: loss=0.014793
        Phase2 Epoch 250/250: loss=0.003195
        E_mu=0.0328  E_Sigma=0.0596
  Stage 2 epoch 60/300: loss=0.000440
  Stage 2 epoch 120/300: loss=0.000222
  Stage 2 epoch 180/300: loss=0.000131
  Stage 2 epoch 240/300: loss=0.000112
  Stage 2 epoch 300/300: loss=0.000084
  Stage 3 epoch 60/300: loss=0.000017
  Stage 3 epoch 120/300: loss=0.000014
  Stage 3 epoch 180/300: loss=0.000010
  Stage 3 epoch 240/300: loss=0.000009
  Stage 3 epoch 300/300: loss=0.000008
  MTE@0.1: 1.1383
  MTE@0.5: 2.3515
  MTE@1.0: 2.7234
  W2@1.0:  1.4814
  MMD@1.0: 0.1388
  Survival@1.0: 76.5%
      Condition: K(Phat)
        Phase2 Epoch 50/250: loss=0.015006
        Phase2 Epoch 100/250: loss=0.010071
        Phase2 Epoch 150/250: loss=0.001791
        Phase2 Epoch 200/250: loss=0.009514
        Phase2 Epoch 250/250: loss=0.011659
        E_mu=0.0508  E_Sigma=0.1530
  Stage 2 epoch 60/300: loss=0.000532
  Stage 2 epoch 120/300: loss=0.000271
  Stage 2 epoch 180/300: loss=0.000161
  Stage 2 epoch 240/300: loss=0.000122
  Stage 2 epoch 300/300: loss=0.000089
  Stage 3 epoch 60/300: loss=0.000019
  Stage 3 epoch 120/300: loss=0.000016
  Stage 3 epoch 180/300: loss=0.000013
  Stage 3 epoch 240/300: loss=0.000011
  Stage 3 epoch 300/300: loss=0.000011
  MTE@0.1: 1.3183
  MTE@0.5: 2.4357
  MTE@1.0: 2.7582
  W2@1.0:  1.5764
  MMD@1.0: 0.1998
  Survival@1.0: 76.5%
      baseline: W2=1.4814  E_mu=0.0328  E_Sig=0.0596
       K(Phat): W2=1.5764  E_mu=0.0508  E_Sig=0.1530

============================================================
  N=200 | D=201 (K=99) | hyperbolic_paraboloid | seed=1042
============================================================
    Phase1 Epoch 50/250: loss=0.577671
    Phase1 Epoch 100/250: loss=0.050513
    Phase1 Epoch 150/250: loss=0.040774
    Phase1 Epoch 200/250: loss=0.023702
    Phase1 Epoch 250/250: loss=0.016052
      Condition: baseline
        Phase2 Epoch 50/250: loss=0.021024
        Phase2 Epoch 100/250: loss=0.025585
        Phase2 Epoch 150/250: loss=0.011442
        Phase2 Epoch 200/250: loss=0.003441
        Phase2 Epoch 250/250: loss=0.011456
        E_mu=0.0721  E_Sigma=0.2993
  Stage 2 epoch 60/300: loss=0.000495
  Stage 2 epoch 120/300: loss=0.000269
  Stage 2 epoch 180/300: loss=0.000109
  Stage 2 epoch 240/300: loss=0.000080
  Stage 2 epoch 300/300: loss=0.000092
  Stage 3 epoch 60/300: loss=0.000025
  Stage 3 epoch 120/300: loss=0.000022
  Stage 3 epoch 180/300: loss=0.000018
  Stage 3 epoch 240/300: loss=0.000019
  Stage 3 epoch 300/300: loss=0.000018
  MTE@0.1: 1.2011
  MTE@0.5: 2.1161
  MTE@1.0: 2.6891
  W2@1.0:  1.3733
  MMD@1.0: 0.1837
  Survival@1.0: 72.0%
      Condition: K(Phat)
        Phase2 Epoch 50/250: loss=0.016939
        Phase2 Epoch 100/250: loss=0.002960
        Phase2 Epoch 150/250: loss=0.001171
        Phase2 Epoch 200/250: loss=0.001183
        Phase2 Epoch 250/250: loss=0.000945
        E_mu=0.0243  E_Sigma=0.0333
  Stage 2 epoch 60/300: loss=0.000328
  Stage 2 epoch 120/300: loss=0.000240
  Stage 2 epoch 180/300: loss=0.000092
  Stage 2 epoch 240/300: loss=0.000058
  Stage 2 epoch 300/300: loss=0.000077
  Stage 3 epoch 60/300: loss=0.000013
  Stage 3 epoch 120/300: loss=0.000012
  Stage 3 epoch 180/300: loss=0.000008
  Stage 3 epoch 240/300: loss=0.000021
  Stage 3 epoch 300/300: loss=0.000008
  MTE@0.1: 1.1155
  MTE@0.5: 2.0554
  MTE@1.0: 2.6588
  W2@1.0:  1.3701
  MMD@1.0: 0.1615
  Survival@1.0: 72.0%
      baseline: W2=1.3733  E_mu=0.0721  E_Sig=0.2993
       K(Phat): W2=1.3701  E_mu=0.0243  E_Sig=0.0333

============================================================
  N=200 | D=201 (K=99) | hyperbolic_paraboloid | seed=2042
============================================================
    Phase1 Epoch 50/250: loss=0.661688
    Phase1 Epoch 100/250: loss=0.057078
    Phase1 Epoch 150/250: loss=0.021481
    Phase1 Epoch 200/250: loss=0.015146
    Phase1 Epoch 250/250: loss=0.014313
      Condition: baseline
        Phase2 Epoch 50/250: loss=0.014411
        Phase2 Epoch 100/250: loss=0.010665
        Phase2 Epoch 150/250: loss=0.002269
        Phase2 Epoch 200/250: loss=0.005454
        Phase2 Epoch 250/250: loss=0.002180
        E_mu=0.0236  E_Sigma=0.0380
  Stage 2 epoch 60/300: loss=0.000249
  Stage 2 epoch 120/300: loss=0.000127
  Stage 2 epoch 180/300: loss=0.000122
  Stage 2 epoch 240/300: loss=0.000094
  Stage 2 epoch 300/300: loss=0.000083
  Stage 3 epoch 60/300: loss=0.000032
  Stage 3 epoch 120/300: loss=0.000010
  Stage 3 epoch 180/300: loss=0.000014
  Stage 3 epoch 240/300: loss=0.000007
  Stage 3 epoch 300/300: loss=0.000006
  MTE@0.1: 0.4664
  MTE@0.5: 1.3716
  MTE@1.0: 1.7762
  W2@1.0:  1.6800
  MMD@1.0: 0.1660
  Survival@1.0: 78.5%
      Condition: K(Phat)
        Phase2 Epoch 50/250: loss=0.012184
        Phase2 Epoch 100/250: loss=0.017858
        Phase2 Epoch 150/250: loss=0.013885
        Phase2 Epoch 200/250: loss=0.006359
        Phase2 Epoch 250/250: loss=0.013222
        E_mu=0.0944  E_Sigma=0.4666
  Stage 2 epoch 60/300: loss=0.000314
  Stage 2 epoch 120/300: loss=0.000157
  Stage 2 epoch 180/300: loss=0.000131
  Stage 2 epoch 240/300: loss=0.000098
  Stage 2 epoch 300/300: loss=0.000082
  Stage 3 epoch 60/300: loss=0.000061
  Stage 3 epoch 120/300: loss=0.000031
  Stage 3 epoch 180/300: loss=0.000031
  Stage 3 epoch 240/300: loss=0.000027
  Stage 3 epoch 300/300: loss=0.000024
  MTE@0.1: 0.9386
  MTE@0.5: 1.6703
  MTE@1.0: 1.9856
  W2@1.0:  1.7552
  MMD@1.0: 0.2440
  Survival@1.0: 78.5%
      baseline: W2=1.6800  E_mu=0.0236  E_Sig=0.0380
       K(Phat): W2=1.7552  E_mu=0.0944  E_Sig=0.4666

============================================================
  N=200 | D=201 (K=99) | hyperbolic_paraboloid | seed=3042
============================================================
    Phase1 Epoch 50/250: loss=0.444480
    Phase1 Epoch 100/250: loss=0.046157
    Phase1 Epoch 150/250: loss=0.019309
    Phase1 Epoch 200/250: loss=0.042698
    Phase1 Epoch 250/250: loss=0.025370
      Condition: baseline
        Phase2 Epoch 50/250: loss=0.013148
        Phase2 Epoch 100/250: loss=0.016532
        Phase2 Epoch 150/250: loss=0.023373
        Phase2 Epoch 200/250: loss=0.010960
        Phase2 Epoch 250/250: loss=0.013133
        E_mu=0.0530  E_Sigma=0.3049
  Stage 2 epoch 60/300: loss=0.000670
  Stage 2 epoch 120/300: loss=0.000363
  Stage 2 epoch 180/300: loss=0.000207
  Stage 2 epoch 240/300: loss=0.000145
  Stage 2 epoch 300/300: loss=0.000123
  Stage 3 epoch 60/300: loss=0.000059
  Stage 3 epoch 120/300: loss=0.000028
  Stage 3 epoch 180/300: loss=0.000025
  Stage 3 epoch 240/300: loss=0.000019
  Stage 3 epoch 300/300: loss=0.000020
  MTE@0.1: 0.6330
  MTE@0.5: 1.2949
  MTE@1.0: 1.8963
  W2@1.0:  1.7039
  MMD@1.0: 0.1790
  Survival@1.0: 74.5%
      Condition: K(Phat)
        Phase2 Epoch 50/250: loss=0.016366
        Phase2 Epoch 100/250: loss=0.019480
        Phase2 Epoch 150/250: loss=0.011283
        Phase2 Epoch 200/250: loss=0.004969
        Phase2 Epoch 250/250: loss=0.005613
        E_mu=0.0311  E_Sigma=0.0793
  Stage 2 epoch 60/300: loss=0.000633
  Stage 2 epoch 120/300: loss=0.000333
  Stage 2 epoch 180/300: loss=0.000208
  Stage 2 epoch 240/300: loss=0.000149
  Stage 2 epoch 300/300: loss=0.000154
  Stage 3 epoch 60/300: loss=0.000051
  Stage 3 epoch 120/300: loss=0.000020
  Stage 3 epoch 180/300: loss=0.000016
  Stage 3 epoch 240/300: loss=0.000012
  Stage 3 epoch 300/300: loss=0.000013
  MTE@0.1: 0.6752
  MTE@0.5: 1.2886
  MTE@1.0: 1.8413
  W2@1.0:  1.6081
  MMD@1.0: 0.1841
  Survival@1.0: 74.5%
      baseline: W2=1.7039  E_mu=0.0530  E_Sig=0.3049
       K(Phat): W2=1.6081  E_mu=0.0311  E_Sig=0.0793

============================================================
  N=200 | D=201 (K=99) | hyperbolic_paraboloid | seed=4042
============================================================
    Phase1 Epoch 50/250: loss=0.673206
    Phase1 Epoch 100/250: loss=0.073049
    Phase1 Epoch 150/250: loss=0.024502
    Phase1 Epoch 200/250: loss=0.012305
    Phase1 Epoch 250/250: loss=0.011554
      Condition: baseline
        Phase2 Epoch 50/250: loss=0.015361
        Phase2 Epoch 100/250: loss=0.001418
        Phase2 Epoch 150/250: loss=0.001415
        Phase2 Epoch 200/250: loss=0.001395
        Phase2 Epoch 250/250: loss=0.003503
        E_mu=0.0409  E_Sigma=0.1062
  Stage 2 epoch 60/300: loss=0.000458
  Stage 2 epoch 120/300: loss=0.000254
  Stage 2 epoch 180/300: loss=0.000154
  Stage 2 epoch 240/300: loss=0.000113
  Stage 2 epoch 300/300: loss=0.000131
  Stage 3 epoch 60/300: loss=0.000019
  Stage 3 epoch 120/300: loss=0.000019
  Stage 3 epoch 180/300: loss=0.000009
  Stage 3 epoch 240/300: loss=0.000009
  Stage 3 epoch 300/300: loss=0.000008
  MTE@0.1: 1.2091
  MTE@0.5: 2.2409
  MTE@1.0: 2.5013
  W2@1.0:  1.5262
  MMD@1.0: 0.1565
  Survival@1.0: 76.0%
      Condition: K(Phat)
        Phase2 Epoch 50/250: loss=0.022243
        Phase2 Epoch 100/250: loss=0.001936
        Phase2 Epoch 150/250: loss=0.001354
        Phase2 Epoch 200/250: loss=0.001479
        Phase2 Epoch 250/250: loss=0.002018
        E_mu=0.0557  E_Sigma=0.1198
  Stage 2 epoch 60/300: loss=0.000453
  Stage 2 epoch 120/300: loss=0.000283
  Stage 2 epoch 180/300: loss=0.000180
  Stage 2 epoch 240/300: loss=0.000134
  Stage 2 epoch 300/300: loss=0.000142
  Stage 3 epoch 60/300: loss=0.000018
  Stage 3 epoch 120/300: loss=0.000015
  Stage 3 epoch 180/300: loss=0.000009
  Stage 3 epoch 240/300: loss=0.000008
  Stage 3 epoch 300/300: loss=0.000007
  MTE@0.1: 1.1854
  MTE@0.5: 2.2152
  MTE@1.0: 2.4578
  W2@1.0:  1.5011
  MMD@1.0: 0.1387
  Survival@1.0: 76.0%
      baseline: W2=1.5262  E_mu=0.0409  E_Sig=0.1062
       K(Phat): W2=1.5011  E_mu=0.0557  E_Sig=0.1198

============================================================
  N=200 | D=201 (K=99) | hyperbolic_paraboloid | seed=5042
============================================================
    Phase1 Epoch 50/250: loss=0.666033
    Phase1 Epoch 100/250: loss=0.056317
