=== rcMTE N×D sweep (enc-pull vs dec-side, no smoothness) ===
Host: dgx01
GPU: NVIDIA A100-SXM4-80GB
Start: Fri Mar 13 11:46:36 PM EDT 2026

=== D=11, N=20 ===
Device: cuda
D=11, N=20
Seeds (10): [42, 1042, 2042, 3042, 4042, 5042, 6042, 7042, 8042, 9042]
Surfaces: ['paraboloid', 'hyperbolic_paraboloid']


============================================================
  paraboloid | D=11 | seed=42
============================================================

  --- AE: baseline ---
    E_mu=1.9107  E_Sigma=3.1635

    Drift: enc-pull
  Stage 2 epoch 100/300: loss=0.414356
  Stage 2 epoch 200/300: loss=0.246803
  Stage 2 epoch 300/300: loss=0.049868
  Stage 3 epoch 100/300: loss=0.073847
  Stage 3 epoch 200/300: loss=0.054728
  Stage 3 epoch 300/300: loss=0.052340
  rcMTE@0.1: 0.4958 (292/500 in region)
  rcMTE@0.5: 0.7057 (97/500 in region)
  rcMTE@1.0: 0.8312 (21/500 in region)
  MTE@0.1: 0.9662
  MTE@0.5: 1.2980
  MTE@1.0: 1.3915
  W2@1.0:  0.8497
  sW2@0.1: 0.3760 (292/500 in region)
  sW2@0.2: 0.4006 (214/500 in region)
  sW2@0.5: 0.4932 (97/500 in region)
  sW2@1.0: 0.7124 (21/500 in region)
  MMD@1.0: 0.2389
  Survival@1.0: 28.0%
  Stopped@1.0:  4.2%

    Drift: dec-side
  Stage 2 epoch 100/300: loss=0.068803
  Stage 2 epoch 200/300: loss=0.057628
  Stage 2 epoch 300/300: loss=0.043890
  Stage 3 epoch 100/300: loss=0.073847
  Stage 3 epoch 200/300: loss=0.054728
  Stage 3 epoch 300/300: loss=0.052340
  rcMTE@0.1: 0.5609 (292/500 in region)
  rcMTE@0.5: 0.9620 (97/500 in region)
  rcMTE@1.0: 1.1613 (21/500 in region)
  MTE@0.1: 1.0376
  MTE@0.5: 1.7265
  MTE@1.0: 2.0646
  W2@1.0:  1.2646
  sW2@0.1: 0.5796 (292/500 in region)
  sW2@0.2: 0.7822 (214/500 in region)
  sW2@0.5: 1.0111 (97/500 in region)
  sW2@1.0: 1.4763 (21/500 in region)
  MMD@1.0: 0.2674
  Survival@1.0: 28.0%
  Stopped@1.0:  4.2%

  --- AE: T+F ---
    E_mu=0.8798  E_Sigma=0.7426

    Drift: enc-pull
  Stage 2 epoch 100/300: loss=0.124227
  Stage 2 epoch 200/300: loss=0.111955
  Stage 2 epoch 300/300: loss=0.073345
  Stage 3 epoch 100/300: loss=0.043835
  Stage 3 epoch 200/300: loss=0.025671
  Stage 3 epoch 300/300: loss=0.014254
  rcMTE@0.1: 0.1892 (292/500 in region)
  rcMTE@0.5: 0.3873 (97/500 in region)
  rcMTE@1.0: 0.5664 (21/500 in region)
  MTE@0.1: 0.4471
  MTE@0.5: 0.7238
  MTE@1.0: 0.8698
  W2@1.0:  0.6449
  sW2@0.1: 0.2710 (292/500 in region)
  sW2@0.2: 0.3004 (214/500 in region)
  sW2@0.5: 0.5665 (97/500 in region)
  sW2@1.0: 0.7156 (21/500 in region)
  MMD@1.0: 0.2659
  Survival@1.0: 28.0%
  Stopped@1.0:  4.2%

    Drift: dec-side
  Stage 2 epoch 100/300: loss=0.028417
  Stage 2 epoch 200/300: loss=0.022802
  Stage 2 epoch 300/300: loss=0.011888
  Stage 3 epoch 100/300: loss=0.043835
  Stage 3 epoch 200/300: loss=0.025671
  Stage 3 epoch 300/300: loss=0.014254
  rcMTE@0.1: 0.1893 (292/500 in region)
  rcMTE@0.5: 0.4260 (97/500 in region)
  rcMTE@1.0: 0.7851 (21/500 in region)
  MTE@0.1: 0.4555
  MTE@0.5: 0.9585
  MTE@1.0: 1.4011
  W2@1.0:  1.2441
  sW2@0.1: 0.2836 (292/500 in region)
  sW2@0.2: 0.3405 (214/500 in region)
  sW2@0.5: 0.7046 (97/500 in region)
  sW2@1.0: 1.1039 (21/500 in region)
  MMD@1.0: 0.4208
  Survival@1.0: 28.0%
  Stopped@1.0:  4.2%

============================================================
  paraboloid | D=11 | seed=1042
============================================================

  --- AE: baseline ---
    E_mu=4.3214  E_Sigma=4.8557

    Drift: enc-pull
  Stage 2 epoch 100/300: loss=0.562981
  Stage 2 epoch 200/300: loss=0.342625
  Stage 2 epoch 300/300: loss=0.156644
  Stage 3 epoch 100/300: loss=0.127173
  Stage 3 epoch 200/300: loss=0.105553
  Stage 3 epoch 300/300: loss=0.088853
  rcMTE@0.1: 0.5040 (285/500 in region)
  rcMTE@0.5: 0.6354 (98/500 in region)
  rcMTE@1.0: 0.6537 (31/500 in region)
  MTE@0.1: 0.8924
  MTE@0.5: 1.2857
  MTE@1.0: 1.2849
  W2@1.0:  1.0190
  sW2@0.1: 0.3500 (285/500 in region)
  sW2@0.2: 0.3957 (204/500 in region)
  sW2@0.5: 0.4867 (98/500 in region)
  sW2@1.0: 0.5649 (31/500 in region)
  MMD@1.0: 0.3571
  Survival@1.0: 29.8%
  Stopped@1.0:  6.2%

    Drift: dec-side
  Stage 2 epoch 100/300: loss=0.096271
  Stage 2 epoch 200/300: loss=0.068420
  Stage 2 epoch 300/300: loss=0.050279
  Stage 3 epoch 100/300: loss=0.127173
  Stage 3 epoch 200/300: loss=0.105553
  Stage 3 epoch 300/300: loss=0.088853
  rcMTE@0.1: 0.5560 (285/500 in region)
  rcMTE@0.5: 0.9129 (98/500 in region)
  rcMTE@1.0: 0.8516 (31/500 in region)
  MTE@0.1: 0.9581
  MTE@0.5: 1.7380
  MTE@1.0: 1.9618
  W2@1.0:  1.3380
  sW2@0.1: 0.5191 (285/500 in region)
  sW2@0.2: 0.7495 (204/500 in region)
  sW2@0.5: 1.0713 (98/500 in region)
  sW2@1.0: 1.1903 (31/500 in region)
  MMD@1.0: 0.2361
  Survival@1.0: 29.8%
  Stopped@1.0:  6.2%

  --- AE: T+F ---
    E_mu=0.3883  E_Sigma=0.5206

    Drift: enc-pull
  Stage 2 epoch 100/300: loss=0.056271
  Stage 2 epoch 200/300: loss=0.045074
  Stage 2 epoch 300/300: loss=0.031451
  Stage 3 epoch 100/300: loss=0.027363
  Stage 3 epoch 200/300: loss=0.022612
  Stage 3 epoch 300/300: loss=0.013479
  rcMTE@0.1: 0.5538 (285/500 in region)
  rcMTE@0.5: 0.8895 (98/500 in region)
  rcMTE@1.0: 0.9778 (31/500 in region)
  MTE@0.1: 0.9288
  MTE@0.5: 1.5610
  MTE@1.0: 1.6283
  W2@1.0:  0.7027
  sW2@0.1: 0.4873 (285/500 in region)
  sW2@0.2: 0.7013 (204/500 in region)
  sW2@0.5: 0.8765 (98/500 in region)
  sW2@1.0: 0.8892 (31/500 in region)
  MMD@1.0: 0.1943
  Survival@1.0: 29.8%
  Stopped@1.0:  6.2%

    Drift: dec-side
  Stage 2 epoch 100/300: loss=0.009264
  Stage 2 epoch 200/300: loss=0.007456
  Stage 2 epoch 300/300: loss=0.005937
  Stage 3 epoch 100/300: loss=0.027363
  Stage 3 epoch 200/300: loss=0.022612
  Stage 3 epoch 300/300: loss=0.013479
  rcMTE@0.1: 0.5726 (285/500 in region)
  rcMTE@0.5: 1.0687 (98/500 in region)
  rcMTE@1.0: 1.2511 (31/500 in region)
  MTE@0.1: 0.9605
  MTE@0.5: 1.8963
  MTE@1.0: 2.2845
  W2@1.0:  1.6514
  sW2@0.1: 0.5781 (285/500 in region)
  sW2@0.2: 0.9023 (204/500 in region)
  sW2@0.5: 1.3874 (98/500 in region)
  sW2@1.0: 1.6100 (31/500 in region)
  MMD@1.0: 0.3653
  Survival@1.0: 29.8%
  Stopped@1.0:  6.2%

============================================================
  paraboloid | D=11 | seed=2042
============================================================

  --- AE: baseline ---
    E_mu=1.8715  E_Sigma=2.3751

    Drift: enc-pull
  Stage 2 epoch 100/300: loss=0.358035
  Stage 2 epoch 200/300: loss=0.201670
  Stage 2 epoch 300/300: loss=0.109065
  Stage 3 epoch 100/300: loss=0.141146
  Stage 3 epoch 200/300: loss=0.112097
  Stage 3 epoch 300/300: loss=0.102023
  rcMTE@0.1: 0.7256 (293/500 in region)
  rcMTE@0.5: 1.1618 (88/500 in region)
  rcMTE@1.0: 0.9490 (24/500 in region)
  MTE@0.1: 1.2565
  MTE@0.5: 1.7566
  MTE@1.0: 1.6171
  W2@1.0:  0.6574
  sW2@0.1: 0.5581 (293/500 in region)
  sW2@0.2: 0.6399 (212/500 in region)
  sW2@0.5: 0.7380 (88/500 in region)
  sW2@1.0: 0.3946 (24/500 in region)
  MMD@1.0: 0.1434
  Survival@1.0: 26.6%
  Stopped@1.0:  4.8%

    Drift: dec-side
  Stage 2 epoch 100/300: loss=0.040644
  Stage 2 epoch 200/300: loss=0.037109
  Stage 2 epoch 300/300: loss=0.032658
  Stage 3 epoch 100/300: loss=0.141146
  Stage 3 epoch 200/300: loss=0.112097
  Stage 3 epoch 300/300: loss=0.102023
  rcMTE@0.1: 0.8037 (293/500 in region)
  rcMTE@0.5: 1.6508 (88/500 in region)
  rcMTE@1.0: 1.9104 (24/500 in region)
  MTE@0.1: 1.3914
  MTE@0.5: 2.5302
  MTE@1.0: 2.7771
  W2@1.0:  2.0467
  sW2@0.1: 0.9338 (293/500 in region)
  sW2@0.2: 1.3371 (212/500 in region)
  sW2@0.5: 2.0578 (88/500 in region)
  sW2@1.0: 2.7060 (24/500 in region)
  MMD@1.0: 0.3858
  Survival@1.0: 26.6%
  Stopped@1.0:  4.8%

  --- AE: T+F ---
    E_mu=0.1822  E_Sigma=0.1364

    Drift: enc-pull
  Stage 2 epoch 100/300: loss=0.078682
  Stage 2 epoch 200/300: loss=0.059934
  Stage 2 epoch 300/300: loss=0.023477
  Stage 3 epoch 100/300: loss=0.022239
  Stage 3 epoch 200/300: loss=0.013788
  Stage 3 epoch 300/300: loss=0.009325
  rcMTE@0.1: 0.7861 (293/500 in region)
  rcMTE@0.5: 1.4325 (88/500 in region)
  rcMTE@1.0: 1.3203 (24/500 in region)
  MTE@0.1: 1.3401
  MTE@0.5: 2.2179
  MTE@1.0: 2.0647
  W2@1.0:  1.2474
  sW2@0.1: 0.8409 (293/500 in region)
  sW2@0.2: 1.1732 (212/500 in region)
  sW2@0.5: 1.6100 (88/500 in region)
  sW2@1.0: 1.5414 (24/500 in region)
  MMD@1.0: 0.3175
  Survival@1.0: 26.6%
  Stopped@1.0:  4.8%

    Drift: dec-side
  Stage 2 epoch 100/300: loss=0.008881
  Stage 2 epoch 200/300: loss=0.006951
  Stage 2 epoch 300/300: loss=0.005038
  Stage 3 epoch 100/300: loss=0.022239
  Stage 3 epoch 200/300: loss=0.013788
  Stage 3 epoch 300/300: loss=0.009325
  rcMTE@0.1: 0.8220 (293/500 in region)
  rcMTE@0.5: 1.6406 (88/500 in region)
  rcMTE@1.0: 1.7427 (24/500 in region)
  MTE@0.1: 1.4036
  MTE@0.5: 2.6186
  MTE@1.0: 2.7324
  W2@1.0:  2.1441
  sW2@0.1: 0.9763 (293/500 in region)
  sW2@0.2: 1.4425 (212/500 in region)
  sW2@0.5: 2.2396 (88/500 in region)
  sW2@1.0: 2.6944 (24/500 in region)
  MMD@1.0: 0.4406
  Survival@1.0: 26.6%
  Stopped@1.0:  4.8%

============================================================
  paraboloid | D=11 | seed=3042
============================================================

  --- AE: baseline ---
    E_mu=1.7477  E_Sigma=1.9207

    Drift: enc-pull
  Stage 2 epoch 100/300: loss=0.427944
  Stage 2 epoch 200/300: loss=0.192987
  Stage 2 epoch 300/300: loss=0.127020
  Stage 3 epoch 100/300: loss=0.168146
  Stage 3 epoch 200/300: loss=0.150165
  Stage 3 epoch 300/300: loss=0.144848
  rcMTE@0.1: 0.4259 (275/500 in region)
  rcMTE@0.5: 0.6762 (78/500 in region)
  rcMTE@1.0: 0.6753 (25/500 in region)
  MTE@0.1: 0.8550
  MTE@0.5: 1.1659
  MTE@1.0: 1.2580
  W2@1.0:  0.7255
  sW2@0.1: 0.3750 (275/500 in region)
  sW2@0.2: 0.4458 (204/500 in region)
  sW2@0.5: 0.6098 (78/500 in region)
  sW2@1.0: 0.7583 (25/500 in region)
  MMD@1.0: 0.2113
  Survival@1.0: 27.2%
  Stopped@1.0:  5.0%

    Drift: dec-side
  Stage 2 epoch 100/300: loss=0.071867
  Stage 2 epoch 200/300: loss=0.035494
  Stage 2 epoch 300/300: loss=0.022944
  Stage 3 epoch 100/300: loss=0.168146
  Stage 3 epoch 200/300: loss=0.150165
  Stage 3 epoch 300/300: loss=0.144848
  rcMTE@0.1: 0.4770 (275/500 in region)
  rcMTE@0.5: 1.0072 (78/500 in region)
  rcMTE@1.0: 1.6152 (25/500 in region)
  MTE@0.1: 0.8948
  MTE@0.5: 1.5733
  MTE@1.0: 2.3782
  W2@1.0:  1.7816
  sW2@0.1: 0.5644 (275/500 in region)
  sW2@0.2: 0.7092 (204/500 in region)
  sW2@0.5: 1.2631 (78/500 in region)
  sW2@1.0: 2.2105 (25/500 in region)
  MMD@1.0: 0.3536
  Survival@1.0: 27.2%
  Stopped@1.0:  5.0%

  --- AE: T+F ---
    E_mu=0.1531  E_Sigma=0.1478

    Drift: enc-pull
  Stage 2 epoch 100/300: loss=0.079276
  Stage 2 epoch 200/300: loss=0.058387
  Stage 2 epoch 300/300: loss=0.043112
  Stage 3 epoch 100/300: loss=0.067258
  Stage 3 epoch 200/300: loss=0.057715
  Stage 3 epoch 300/300: loss=0.044810
  rcMTE@0.1: 0.4353 (275/500 in region)
  rcMTE@0.5: 0.6820 (78/500 in region)
  rcMTE@1.0: 0.8868 (25/500 in region)
  MTE@0.1: 0.8277
  MTE@0.5: 1.2720
  MTE@1.0: 1.4966
  W2@1.0:  1.1176
  sW2@0.1: 0.4989 (275/500 in region)
  sW2@0.2: 0.5827 (204/500 in region)
  sW2@0.5: 1.0213 (78/500 in region)
  sW2@1.0: 1.5697 (25/500 in region)
  MMD@1.0: 0.3039
  Survival@1.0: 27.2%
  Stopped@1.0:  5.0%

    Drift: dec-side
  Stage 2 epoch 100/300: loss=0.007068
  Stage 2 epoch 200/300: loss=0.003842
  Stage 2 epoch 300/300: loss=0.002652
  Stage 3 epoch 100/300: loss=0.067258
  Stage 3 epoch 200/300: loss=0.057715
  Stage 3 epoch 300/300: loss=0.044810
  rcMTE@0.1: 0.4549 (275/500 in region)
  rcMTE@0.5: 0.8354 (78/500 in region)
  rcMTE@1.0: 1.2681 (25/500 in region)
  MTE@0.1: 0.8526
  MTE@0.5: 1.5335
  MTE@1.0: 2.2322
  W2@1.0:  2.0625
  sW2@0.1: 0.5922 (275/500 in region)
  sW2@0.2: 0.7466 (204/500 in region)
  sW2@0.5: 1.4813 (78/500 in region)
  sW2@1.0: 2.6812 (25/500 in region)
  MMD@1.0: 0.4284
  Survival@1.0: 27.2%
  Stopped@1.0:  5.0%

============================================================
  paraboloid | D=11 | seed=4042
============================================================

  --- AE: baseline ---
    E_mu=1.9254  E_Sigma=4.3061

    Drift: enc-pull
  Stage 2 epoch 100/300: loss=0.848641
  Stage 2 epoch 200/300: loss=0.129450
  Stage 2 epoch 300/300: loss=0.044211
  Stage 3 epoch 100/300: loss=0.138640
  Stage 3 epoch 200/300: loss=0.101078
  Stage 3 epoch 300/300: loss=0.091392
  rcMTE@0.1: 0.5883 (287/500 in region)
  rcMTE@0.5: 0.8201 (102/500 in region)
  rcMTE@1.0: 0.7970 (30/500 in region)
  MTE@0.1: 1.0065
  MTE@0.5: 1.3261
  MTE@1.0: 1.2351
  W2@1.0:  0.5341
  sW2@0.1: 0.3434 (287/500 in region)
  sW2@0.2: 0.4737 (207/500 in region)
  sW2@0.5: 0.5666 (102/500 in region)
  sW2@1.0: 0.7445 (30/500 in region)
  MMD@1.0: 0.1390
  Survival@1.0: 28.2%
  Stopped@1.0:  6.0%

    Drift: dec-side
  Stage 2 epoch 100/300: loss=0.272233
  Stage 2 epoch 200/300: loss=0.039525
  Stage 2 epoch 300/300: loss=0.016617
  Stage 3 epoch 100/300: loss=0.138640
  Stage 3 epoch 200/300: loss=0.101078
  Stage 3 epoch 300/300: loss=0.091392
  rcMTE@0.1: 0.6508 (287/500 in region)
  rcMTE@0.5: 1.1823 (102/500 in region)
  rcMTE@1.0: 1.4852 (30/500 in region)
  MTE@0.1: 1.0839
  MTE@0.5: 1.8674
  MTE@1.0: 2.5205
  W2@1.0:  2.0018
  sW2@0.1: 0.5767 (287/500 in region)
  sW2@0.2: 0.8459 (207/500 in region)
  sW2@0.5: 1.3563 (102/500 in region)
  sW2@1.0: 1.8867 (30/500 in region)
  MMD@1.0: 0.3854
  Survival@1.0: 28.2%
  Stopped@1.0:  6.0%

  --- AE: T+F ---
    E_mu=0.4286  E_Sigma=0.6807

    Drift: enc-pull
  Stage 2 epoch 100/300: loss=0.279953
  Stage 2 epoch 200/300: loss=0.060238
  Stage 2 epoch 300/300: loss=0.021448
  Stage 3 epoch 100/300: loss=0.101719
  Stage 3 epoch 200/300: loss=0.051202
  Stage 3 epoch 300/300: loss=0.045675
  rcMTE@0.1: 0.4862 (287/500 in region)
  rcMTE@0.5: 0.8669 (102/500 in region)
  rcMTE@1.0: 1.3451 (30/500 in region)
  MTE@0.1: 0.8257
  MTE@0.5: 1.5168
  MTE@1.0: 1.8702
  W2@1.0:  1.5754
  sW2@0.1: 0.4251 (287/500 in region)
  sW2@0.2: 0.5992 (207/500 in region)
  sW2@0.5: 1.1102 (102/500 in region)
  sW2@1.0: 2.1226 (30/500 in region)
  MMD@1.0: 0.3256
  Survival@1.0: 28.2%
  Stopped@1.0:  6.0%

    Drift: dec-side
  Stage 2 epoch 100/300: loss=0.062376
  Stage 2 epoch 200/300: loss=0.025827
  Stage 2 epoch 300/300: loss=0.007001
  Stage 3 epoch 100/300: loss=0.101719
  Stage 3 epoch 200/300: loss=0.051202
  Stage 3 epoch 300/300: loss=0.045675
  rcMTE@0.1: 0.4955 (287/500 in region)
  rcMTE@0.5: 0.9419 (102/500 in region)
  rcMTE@1.0: 1.5801 (30/500 in region)
  MTE@0.1: 0.8278
  MTE@0.5: 1.6564
  MTE@1.0: 2.2868
  W2@1.0:  2.0800
  sW2@0.1: 0.4798 (287/500 in region)
  sW2@0.2: 0.7253 (207/500 in region)
  sW2@0.5: 1.3757 (102/500 in region)
  sW2@1.0: 2.8104 (30/500 in region)
  MMD@1.0: 0.4317
  Survival@1.0: 28.2%
  Stopped@1.0:  6.0%

============================================================
  paraboloid | D=11 | seed=5042
============================================================

  --- AE: baseline ---
    E_mu=1.9575  E_Sigma=2.3940

    Drift: enc-pull
  Stage 2 epoch 100/300: loss=0.346101
  Stage 2 epoch 200/300: loss=0.171172
  Stage 2 epoch 300/300: loss=0.073378
  Stage 3 epoch 100/300: loss=0.130238
  Stage 3 epoch 200/300: loss=0.086472
  Stage 3 epoch 300/300: loss=0.066652
  rcMTE@0.1: 0.7175 (285/500 in region)
  rcMTE@0.5: 1.0520 (93/500 in region)
  rcMTE@1.0: 0.9134 (33/500 in region)
  MTE@0.1: 1.2127
  MTE@0.5: 1.6639
  MTE@1.0: 1.4843
  W2@1.0:  0.5549
  sW2@0.1: 0.4065 (285/500 in region)
  sW2@0.2: 0.4708 (216/500 in region)
  sW2@0.5: 0.4281 (93/500 in region)
  sW2@1.0: 0.8028 (33/500 in region)
  MMD@1.0: 0.1244
  Survival@1.0: 25.8%
  Stopped@1.0:  6.6%

    Drift: dec-side
  Stage 2 epoch 100/300: loss=0.168204
  Stage 2 epoch 200/300: loss=0.065355
  Stage 2 epoch 300/300: loss=0.022720
  Stage 3 epoch 100/300: loss=0.130238
  Stage 3 epoch 200/300: loss=0.086472
  Stage 3 epoch 300/300: loss=0.066652
  rcMTE@0.1: 0.8209 (285/500 in region)
  rcMTE@0.5: 1.5971 (93/500 in region)
  rcMTE@1.0: 1.8966 (33/500 in region)
  MTE@0.1: 1.3528
  MTE@0.5: 2.4486
  MTE@1.0: 3.0812
  W2@1.0:  2.5162
  sW2@0.1: 0.8081 (285/500 in region)
  sW2@0.2: 1.2042 (216/500 in region)
  sW2@0.5: 1.8755 (93/500 in region)
  sW2@1.0: 2.5636 (33/500 in region)
  MMD@1.0: 0.4739
  Survival@1.0: 25.8%
  Stopped@1.0:  6.6%

  --- AE: T+F ---
    E_mu=0.3291  E_Sigma=0.4415

    Drift: enc-pull
  Stage 2 epoch 100/300: loss=0.078545
  Stage 2 epoch 200/300: loss=0.049222
  Stage 2 epoch 300/300: loss=0.019029
  Stage 3 epoch 100/300: loss=0.047559
  Stage 3 epoch 200/300: loss=0.015922
  Stage 3 epoch 300/300: loss=0.011261
  rcMTE@0.1: 0.7674 (285/500 in region)
  rcMTE@0.5: 1.1974 (93/500 in region)
  rcMTE@1.0: 1.0719 (33/500 in region)
  MTE@0.1: 1.2797
  MTE@0.5: 1.8889
  MTE@1.0: 1.7208
  W2@1.0:  0.7245
  sW2@0.1: 0.6417 (285/500 in region)
  sW2@0.2: 0.8087 (216/500 in region)
  sW2@0.5: 0.8453 (93/500 in region)
  sW2@1.0: 0.9345 (33/500 in region)
  MMD@1.0: 0.2570
  Survival@1.0: 25.8%
  Stopped@1.0:  6.6%

    Drift: dec-side
  Stage 2 epoch 100/300: loss=0.024456
  Stage 2 epoch 200/300: loss=0.008805
  Stage 2 epoch 300/300: loss=0.004075
  Stage 3 epoch 100/300: loss=0.047559
  Stage 3 epoch 200/300: loss=0.015922
  Stage 3 epoch 300/300: loss=0.011261
  rcMTE@0.1: 0.8259 (285/500 in region)
  rcMTE@0.5: 1.5240 (93/500 in region)
  rcMTE@1.0: 1.6906 (33/500 in region)
  MTE@0.1: 1.3729
  MTE@0.5: 2.3973
  MTE@1.0: 2.7809
  W2@1.0:  2.1857
  sW2@0.1: 0.8862 (285/500 in region)
  sW2@0.2: 1.2807 (216/500 in region)
  sW2@0.5: 1.7910 (93/500 in region)
  sW2@1.0: 2.2209 (33/500 in region)
  MMD@1.0: 0.4760
  Survival@1.0: 25.8%
  Stopped@1.0:  6.6%

============================================================
  paraboloid | D=11 | seed=6042
============================================================

  --- AE: baseline ---
    E_mu=2.8725  E_Sigma=9.5000

    Drift: enc-pull
  Stage 2 epoch 100/300: loss=0.302298
  Stage 2 epoch 200/300: loss=0.194646
  Stage 2 epoch 300/300: loss=0.080965
  Stage 3 epoch 100/300: loss=0.123734
  Stage 3 epoch 200/300: loss=0.112465
  Stage 3 epoch 300/300: loss=0.106149
  rcMTE@0.1: 0.4792 (290/500 in region)
  rcMTE@0.5: 0.6488 (89/500 in region)
  rcMTE@1.0: 0.7073 (30/500 in region)
  MTE@0.1: 0.8359
  MTE@0.5: 1.2616
  MTE@1.0: 1.2710
  W2@1.0:  1.0048
  sW2@0.1: 0.4516 (290/500 in region)
  sW2@0.2: 0.5016 (208/500 in region)
  sW2@0.5: 0.6447 (89/500 in region)
  sW2@1.0: 0.8606 (30/500 in region)
  MMD@1.0: 0.3333
  Survival@1.0: 27.2%
  Stopped@1.0:  6.0%

    Drift: dec-side
  Stage 2 epoch 100/300: loss=0.070562
  Stage 2 epoch 200/300: loss=0.037674
  Stage 2 epoch 300/300: loss=0.017435
  Stage 3 epoch 100/300: loss=0.123734
  Stage 3 epoch 200/300: loss=0.112465
  Stage 3 epoch 300/300: loss=0.106149
  rcMTE@0.1: 0.4864 (290/500 in region)
  rcMTE@0.5: 0.8835 (89/500 in region)
  rcMTE@1.0: 1.3833 (30/500 in region)
  MTE@0.1: 0.8431
  MTE@0.5: 1.6825
  MTE@1.0: 2.1367
  W2@1.0:  1.7197
  sW2@0.1: 0.4322 (290/500 in region)
  sW2@0.2: 0.5953 (208/500 in region)
  sW2@0.5: 0.9264 (89/500 in region)
  sW2@1.0: 1.6650 (30/500 in region)
  MMD@1.0: 0.3615
  Survival@1.0: 27.2%
  Stopped@1.0:  6.0%

  --- AE: T+F ---
    E_mu=0.3636  E_Sigma=0.2886

    Drift: enc-pull
  Stage 2 epoch 100/300: loss=0.025152
  Stage 2 epoch 200/300: loss=0.018989
  Stage 2 epoch 300/300: loss=0.014456
  Stage 3 epoch 100/300: loss=0.029990
  Stage 3 epoch 200/300: loss=0.019577
  Stage 3 epoch 300/300: loss=0.016756
  rcMTE@0.1: 0.3867 (290/500 in region)
  rcMTE@0.5: 0.5330 (89/500 in region)
  rcMTE@1.0: 0.5034 (30/500 in region)
  MTE@0.1: 0.6753
  MTE@0.5: 1.0825
  MTE@1.0: 1.0579
  W2@1.0:  0.7812
  sW2@0.1: 0.3205 (290/500 in region)
  sW2@0.2: 0.3838 (208/500 in region)
  sW2@0.5: 0.4612 (89/500 in region)
  sW2@1.0: 0.6757 (30/500 in region)
  MMD@1.0: 0.2293
  Survival@1.0: 27.2%
  Stopped@1.0:  6.0%

    Drift: dec-side
  Stage 2 epoch 100/300: loss=0.008310
  Stage 2 epoch 200/300: loss=0.006996
  Stage 2 epoch 300/300: loss=0.005989
  Stage 3 epoch 100/300: loss=0.029990
  Stage 3 epoch 200/300: loss=0.019577
  Stage 3 epoch 300/300: loss=0.016756
  rcMTE@0.1: 0.3950 (290/500 in region)
  rcMTE@0.5: 0.6013 (89/500 in region)
  rcMTE@1.0: 0.5963 (30/500 in region)
  MTE@0.1: 0.6791
  MTE@0.5: 1.2152
  MTE@1.0: 1.2949
  W2@1.0:  0.8474
  sW2@0.1: 0.3232 (290/500 in region)
  sW2@0.2: 0.4165 (208/500 in region)
  sW2@0.5: 0.5259 (89/500 in region)
  sW2@1.0: 0.7998 (30/500 in region)
  MMD@1.0: 0.3242
  Survival@1.0: 27.2%
  Stopped@1.0:  6.0%

============================================================
  paraboloid | D=11 | seed=7042
============================================================

  --- AE: baseline ---
    E_mu=1.5091  E_Sigma=2.6716

    Drift: enc-pull
  Stage 2 epoch 100/300: loss=1.409134
  Stage 2 epoch 200/300: loss=0.407625
  Stage 2 epoch 300/300: loss=0.133962
  Stage 3 epoch 100/300: loss=0.329400
  Stage 3 epoch 200/300: loss=0.301826
  Stage 3 epoch 300/300: loss=0.281666
  rcMTE@0.1: 0.4999 (316/500 in region)
  rcMTE@0.5: 0.7585 (109/500 in region)
  rcMTE@1.0: 0.9254 (29/500 in region)
  MTE@0.1: 0.8819
  MTE@0.5: 1.3250
  MTE@1.0: 1.4289
  W2@1.0:  0.7319
  sW2@0.1: 0.4538 (316/500 in region)
  sW2@0.2: 0.4774 (232/500 in region)
  sW2@0.5: 0.5045 (109/500 in region)
  sW2@1.0: 0.7787 (29/500 in region)
  MMD@1.0: 0.1525
  Survival@1.0: 28.8%
  Stopped@1.0:  5.8%

    Drift: dec-side
  Stage 2 epoch 100/300: loss=0.373412
  Stage 2 epoch 200/300: loss=0.106506
  Stage 2 epoch 300/300: loss=0.033825
  Stage 3 epoch 100/300: loss=0.329400
  Stage 3 epoch 200/300: loss=0.301826
  Stage 3 epoch 300/300: loss=0.281666
  rcMTE@0.1: 0.5737 (316/500 in region)
  rcMTE@0.5: 1.2466 (109/500 in region)
  rcMTE@1.0: 1.4151 (29/500 in region)
  MTE@0.1: 0.9623
  MTE@0.5: 1.8607
  MTE@1.0: 2.3027
  W2@1.0:  1.7242
  sW2@0.1: 0.7483 (316/500 in region)
  sW2@0.2: 1.1337 (232/500 in region)
  sW2@0.5: 1.4817 (109/500 in region)
  sW2@1.0: 1.4911 (29/500 in region)
  MMD@1.0: 0.3842
  Survival@1.0: 28.8%
  Stopped@1.0:  5.8%

  --- AE: T+F ---
    E_mu=0.1908  E_Sigma=0.3101

    Drift: enc-pull
  Stage 2 epoch 100/300: loss=0.192277
  Stage 2 epoch 200/300: loss=0.169726
  Stage 2 epoch 300/300: loss=0.133320
  Stage 3 epoch 100/300: loss=0.054453
  Stage 3 epoch 200/300: loss=0.044169
  Stage 3 epoch 300/300: loss=0.037441
  rcMTE@0.1: 0.5286 (316/500 in region)
  rcMTE@0.5: 0.9369 (109/500 in region)
  rcMTE@1.0: 1.0534 (29/500 in region)
  MTE@0.1: 0.9175
  MTE@0.5: 1.5666
  MTE@1.0: 1.7016
  W2@1.0:  0.7346
  sW2@0.1: 0.6579 (316/500 in region)
  sW2@0.2: 0.9027 (232/500 in region)
  sW2@0.5: 0.9296 (109/500 in region)
  sW2@1.0: 0.9334 (29/500 in region)
  MMD@1.0: 0.2722
  Survival@1.0: 28.8%
  Stopped@1.0:  5.8%

    Drift: dec-side
  Stage 2 epoch 100/300: loss=0.033314
  Stage 2 epoch 200/300: loss=0.024538
  Stage 2 epoch 300/300: loss=0.012589
  Stage 3 epoch 100/300: loss=0.054453
  Stage 3 epoch 200/300: loss=0.044169
  Stage 3 epoch 300/300: loss=0.037441
  rcMTE@0.1: 0.5451 (316/500 in region)
  rcMTE@0.5: 1.0242 (109/500 in region)
  rcMTE@1.0: 1.2246 (29/500 in region)
  MTE@0.1: 0.9422
  MTE@0.5: 1.7491
  MTE@1.0: 2.1071
  W2@1.0:  1.4019
  sW2@0.1: 0.7219 (316/500 in region)
  sW2@0.2: 1.0646 (232/500 in region)
  sW2@0.5: 1.2802 (109/500 in region)
  sW2@1.0: 1.3691 (29/500 in region)
  MMD@1.0: 0.4029
  Survival@1.0: 28.8%
  Stopped@1.0:  5.8%

============================================================
  paraboloid | D=11 | seed=8042
============================================================

  --- AE: baseline ---
    E_mu=3.4693  E_Sigma=12.6826

    Drift: enc-pull
  Stage 2 epoch 100/300: loss=0.857257
  Stage 2 epoch 200/300: loss=0.411030
  Stage 2 epoch 300/300: loss=0.221444
  Stage 3 epoch 100/300: loss=0.550194
  Stage 3 epoch 200/300: loss=0.499195
  Stage 3 epoch 300/300: loss=0.484179
  rcMTE@0.1: 0.5173 (269/500 in region)
  rcMTE@0.5: 0.7329 (84/500 in region)
  rcMTE@1.0: 0.7198 (29/500 in region)
  MTE@0.1: 0.8950
  MTE@0.5: 1.2139
  MTE@1.0: 1.3770
  W2@1.0:  0.7490
  sW2@0.1: 0.4746 (269/500 in region)
  sW2@0.2: 0.4439 (192/500 in region)
  sW2@0.5: 0.4911 (84/500 in region)
  sW2@1.0: 0.7615 (29/500 in region)
  MMD@1.0: 0.1272
  Survival@1.0: 27.0%
  Stopped@1.0:  5.8%

    Drift: dec-side
  Stage 2 epoch 100/300: loss=0.103496
  Stage 2 epoch 200/300: loss=0.041631
  Stage 2 epoch 300/300: loss=0.032630
  Stage 3 epoch 100/300: loss=0.550194
  Stage 3 epoch 200/300: loss=0.499195
  Stage 3 epoch 300/300: loss=0.484179
  rcMTE@0.1: 0.5554 (269/500 in region)
  rcMTE@0.5: 1.2296 (84/500 in region)
  rcMTE@1.0: 1.5829 (29/500 in region)
  MTE@0.1: 0.9342
  MTE@0.5: 1.8688
  MTE@1.0: 2.6994
  W2@1.0:  1.9509
  sW2@0.1: 0.5899 (269/500 in region)
  sW2@0.2: 0.6790 (192/500 in region)
  sW2@0.5: 1.2172 (84/500 in region)
  sW2@1.0: 1.8181 (29/500 in region)
  MMD@1.0: 0.3644
  Survival@1.0: 27.0%
  Stopped@1.0:  5.8%

  --- AE: T+F ---
    E_mu=0.2905  E_Sigma=0.4359

    Drift: enc-pull
  Stage 2 epoch 100/300: loss=2.132885
  Stage 2 epoch 200/300: loss=1.938528
  Stage 2 epoch 300/300: loss=0.695498
  Stage 3 epoch 100/300: loss=0.065388
  Stage 3 epoch 200/300: loss=0.058238
  Stage 3 epoch 300/300: loss=0.053050
  rcMTE@0.1: 0.4067 (269/500 in region)
  rcMTE@0.5: 0.7141 (84/500 in region)
  rcMTE@1.0: 0.8415 (29/500 in region)
  MTE@0.1: 0.7615
  MTE@0.5: 1.2038
  MTE@1.0: 1.2986
  W2@1.0:  0.7148
  sW2@0.1: 0.4332 (269/500 in region)
  sW2@0.2: 0.5306 (192/500 in region)
  sW2@0.5: 0.8834 (84/500 in region)
  sW2@1.0: 1.2378 (29/500 in region)
  MMD@1.0: 0.1456
  Survival@1.0: 27.0%
  Stopped@1.0:  5.8%

    Drift: dec-side
  Stage 2 epoch 100/300: loss=0.033494
  Stage 2 epoch 200/300: loss=0.015469
  Stage 2 epoch 300/300: loss=0.009956
  Stage 3 epoch 100/300: loss=0.065388
  Stage 3 epoch 200/300: loss=0.058238
  Stage 3 epoch 300/300: loss=0.053050
  rcMTE@0.1: 0.4286 (269/500 in region)
  rcMTE@0.5: 0.8578 (84/500 in region)
  rcMTE@1.0: 1.1668 (29/500 in region)
  MTE@0.1: 0.7718
  MTE@0.5: 1.3931
  MTE@1.0: 1.5355
  W2@1.0:  1.0008
  sW2@0.1: 0.5416 (269/500 in region)
  sW2@0.2: 0.6820 (192/500 in region)
  sW2@0.5: 1.3160 (84/500 in region)
  sW2@1.0: 2.0088 (29/500 in region)
  MMD@1.0: 0.2536
  Survival@1.0: 27.0%
  Stopped@1.0:  5.8%

============================================================
  paraboloid | D=11 | seed=9042
============================================================

  --- AE: baseline ---
    E_mu=1.9858  E_Sigma=4.4374

    Drift: enc-pull
  Stage 2 epoch 100/300: loss=0.710075
  Stage 2 epoch 200/300: loss=0.248514
  Stage 2 epoch 300/300: loss=0.086668
  Stage 3 epoch 100/300: loss=0.110596
  Stage 3 epoch 200/300: loss=0.094288
  Stage 3 epoch 300/300: loss=0.090262
  rcMTE@0.1: 0.4873 (280/500 in region)
  rcMTE@0.5: 0.6582 (85/500 in region)
  rcMTE@1.0: 0.4520 (22/500 in region)
  MTE@0.1: 0.9566
  MTE@0.5: 1.2028
  MTE@1.0: 1.1906
  W2@1.0:  0.7986
  sW2@0.1: 0.5731 (280/500 in region)
  sW2@0.2: 0.6599 (205/500 in region)
  sW2@0.5: 0.7618 (85/500 in region)
  sW2@1.0: 0.5220 (22/500 in region)
  MMD@1.0: 0.2222
  Survival@1.0: 28.2%
  Stopped@1.0:  4.4%

    Drift: dec-side
  Stage 2 epoch 100/300: loss=0.074073
  Stage 2 epoch 200/300: loss=0.049777
  Stage 2 epoch 300/300: loss=0.026023
  Stage 3 epoch 100/300: loss=0.110596
  Stage 3 epoch 200/300: loss=0.094288
  Stage 3 epoch 300/300: loss=0.090262
  rcMTE@0.1: 0.5232 (280/500 in region)
  rcMTE@0.5: 0.9501 (85/500 in region)
  rcMTE@1.0: 1.0293 (22/500 in region)
  MTE@0.1: 0.9886
  MTE@0.5: 1.6372
  MTE@1.0: 2.0875
  W2@1.0:  1.7210
  sW2@0.1: 0.7366 (280/500 in region)
  sW2@0.2: 1.1164 (205/500 in region)
  sW2@0.5: 1.6674 (85/500 in region)
  sW2@1.0: 1.7400 (22/500 in region)
  MMD@1.0: 0.3324
  Survival@1.0: 28.2%
  Stopped@1.0:  4.4%

  --- AE: T+F ---
    E_mu=0.2835  E_Sigma=0.3230

    Drift: enc-pull
  Stage 2 epoch 100/300: loss=0.213526
  Stage 2 epoch 200/300: loss=0.081336
  Stage 2 epoch 300/300: loss=0.028419
  Stage 3 epoch 100/300: loss=0.044297
  Stage 3 epoch 200/300: loss=0.029580
  Stage 3 epoch 300/300: loss=0.023657
  rcMTE@0.1: 0.1955 (280/500 in region)
  rcMTE@0.5: 0.3389 (85/500 in region)
  rcMTE@1.0: 0.4605 (22/500 in region)
  MTE@0.1: 0.4389
  MTE@0.5: 0.7892
  MTE@1.0: 1.0273
  W2@1.0:  0.7398
  sW2@0.1: 0.3255 (280/500 in region)
  sW2@0.2: 0.2860 (205/500 in region)
  sW2@0.5: 0.4634 (85/500 in region)
  sW2@1.0: 0.7219 (22/500 in region)
  MMD@1.0: 0.2431
  Survival@1.0: 28.2%
  Stopped@1.0:  4.4%

    Drift: dec-side
  Stage 2 epoch 100/300: loss=0.028254
  Stage 2 epoch 200/300: loss=0.014359
  Stage 2 epoch 300/300: loss=0.004390
  Stage 3 epoch 100/300: loss=0.044297
  Stage 3 epoch 200/300: loss=0.029580
  Stage 3 epoch 300/300: loss=0.023657
  rcMTE@0.1: 0.1981 (280/500 in region)
  rcMTE@0.5: 0.3779 (85/500 in region)
  rcMTE@1.0: 0.5828 (22/500 in region)
  MTE@0.1: 0.4435
  MTE@0.5: 0.8920
  MTE@1.0: 1.5192
  W2@1.0:  1.6519
  sW2@0.1: 0.4519 (280/500 in region)
  sW2@0.2: 0.4982 (205/500 in region)
  sW2@0.5: 0.7444 (85/500 in region)
  sW2@1.0: 1.0356 (22/500 in region)
  MMD@1.0: 0.3914
  Survival@1.0: 28.2%
  Stopped@1.0:  4.4%

============================================================
  hyperbolic_paraboloid | D=11 | seed=42
============================================================

  --- AE: baseline ---
    E_mu=1.4941  E_Sigma=1.8200

    Drift: enc-pull
  Stage 2 epoch 100/300: loss=0.142086
  Stage 2 epoch 200/300: loss=0.090748
  Stage 2 epoch 300/300: loss=0.027701
  Stage 3 epoch 100/300: loss=0.135096
  Stage 3 epoch 200/300: loss=0.115721
  Stage 3 epoch 300/300: loss=0.099897
  rcMTE@0.1: 0.4072 (292/500 in region)
  rcMTE@0.5: 0.6331 (97/500 in region)
  rcMTE@1.0: 0.8236 (21/500 in region)
  MTE@0.1: 0.8304
  MTE@0.5: 1.1893
  MTE@1.0: 1.1758
  W2@1.0:  0.8452
  sW2@0.1: 0.3067 (292/500 in region)
  sW2@0.2: 0.3462 (214/500 in region)
  sW2@0.5: 0.5568 (97/500 in region)
  sW2@1.0: 0.9537 (21/500 in region)
  MMD@1.0: 0.2170
  Survival@1.0: 28.0%
  Stopped@1.0:  4.2%

    Drift: dec-side
  Stage 2 epoch 100/300: loss=0.064243
  Stage 2 epoch 200/300: loss=0.049855
  Stage 2 epoch 300/300: loss=0.028992
  Stage 3 epoch 100/300: loss=0.135096
  Stage 3 epoch 200/300: loss=0.115721
  Stage 3 epoch 300/300: loss=0.099897
  rcMTE@0.1: 0.4613 (292/500 in region)
  rcMTE@0.5: 0.9292 (97/500 in region)
  rcMTE@1.0: 1.6064 (21/500 in region)
  MTE@0.1: 0.8936
  MTE@0.5: 1.8356
  MTE@1.0: 2.2775
  W2@1.0:  1.6902
  sW2@0.1: 0.4375 (292/500 in region)
  sW2@0.2: 0.6266 (214/500 in region)
  sW2@0.5: 1.1275 (97/500 in region)
  sW2@1.0: 2.1216 (21/500 in region)
  MMD@1.0: 0.3463
  Survival@1.0: 28.0%
  Stopped@1.0:  4.2%

  --- AE: T+F ---
    E_mu=0.1320  E_Sigma=0.2031

    Drift: enc-pull
  Stage 2 epoch 100/300: loss=0.059985
  Stage 2 epoch 200/300: loss=0.035655
  Stage 2 epoch 300/300: loss=0.026065
  Stage 3 epoch 100/300: loss=0.012078
  Stage 3 epoch 200/300: loss=0.006898
  Stage 3 epoch 300/300: loss=0.005743
  rcMTE@0.1: 0.5034 (292/500 in region)
  rcMTE@0.5: 0.8581 (97/500 in region)
  rcMTE@1.0: 0.8207 (21/500 in region)
  MTE@0.1: 0.9033
  MTE@0.5: 1.7037
  MTE@1.0: 1.8998
  W2@1.0:  1.2176
  sW2@0.1: 0.4289 (292/500 in region)
  sW2@0.2: 0.5365 (214/500 in region)
  sW2@0.5: 0.7225 (97/500 in region)
  sW2@1.0: 0.6272 (21/500 in region)
  MMD@1.0: 0.2797
  Survival@1.0: 28.0%
  Stopped@1.0:  4.2%

    Drift: dec-side
  Stage 2 epoch 100/300: loss=0.022503
  Stage 2 epoch 200/300: loss=0.012593
  Stage 2 epoch 300/300: loss=0.004434
  Stage 3 epoch 100/300: loss=0.012078
  Stage 3 epoch 200/300: loss=0.006898
  Stage 3 epoch 300/300: loss=0.005743
  rcMTE@0.1: 0.5217 (292/500 in region)
  rcMTE@0.5: 0.9428 (97/500 in region)
  rcMTE@1.0: 1.0261 (21/500 in region)
  MTE@0.1: 0.9366
  MTE@0.5: 1.8457
  MTE@1.0: 2.2257
  W2@1.0:  1.4768
  sW2@0.1: 0.4723 (292/500 in region)
  sW2@0.2: 0.6363 (214/500 in region)
  sW2@0.5: 1.0025 (97/500 in region)
  sW2@1.0: 1.2946 (21/500 in region)
  MMD@1.0: 0.3536
  Survival@1.0: 28.0%
  Stopped@1.0:  4.2%

============================================================
  hyperbolic_paraboloid | D=11 | seed=1042
============================================================

  --- AE: baseline ---
    E_mu=1.5255  E_Sigma=2.4347

    Drift: enc-pull
  Stage 2 epoch 100/300: loss=0.174626
  Stage 2 epoch 200/300: loss=0.139062
  Stage 2 epoch 300/300: loss=0.088837
  Stage 3 epoch 100/300: loss=0.056911
  Stage 3 epoch 200/300: loss=0.053111
  Stage 3 epoch 300/300: loss=0.049611
  rcMTE@0.1: 0.1555 (285/500 in region)
  rcMTE@0.5: 0.2570 (98/500 in region)
  rcMTE@1.0: 0.2828 (31/500 in region)
  MTE@0.1: 0.3765
  MTE@0.5: 0.6284
  MTE@1.0: 0.6840
  W2@1.0:  0.5046
  sW2@0.1: 0.2110 (285/500 in region)
  sW2@0.2: 0.2348 (204/500 in region)
  sW2@0.5: 0.2698 (98/500 in region)
  sW2@1.0: 0.4156 (31/500 in region)
  MMD@1.0: 0.0705
  Survival@1.0: 29.8%
  Stopped@1.0:  6.2%

    Drift: dec-side
  Stage 2 epoch 100/300: loss=0.028377
  Stage 2 epoch 200/300: loss=0.016739
  Stage 2 epoch 300/300: loss=0.012501
  Stage 3 epoch 100/300: loss=0.056911
  Stage 3 epoch 200/300: loss=0.053111
  Stage 3 epoch 300/300: loss=0.049611
  rcMTE@0.1: 0.1501 (285/500 in region)
  rcMTE@0.5: 0.3591 (98/500 in region)
  rcMTE@1.0: 0.5643 (31/500 in region)
  MTE@0.1: 0.3548
  MTE@0.5: 0.7432
  MTE@1.0: 1.0718
  W2@1.0:  0.8383
  sW2@0.1: 0.2252 (285/500 in region)
  sW2@0.2: 0.3099 (204/500 in region)
  sW2@0.5: 0.5184 (98/500 in region)
  sW2@1.0: 0.8780 (31/500 in region)
  MMD@1.0: 0.2642
  Survival@1.0: 29.8%
  Stopped@1.0:  6.2%

  --- AE: T+F ---
    E_mu=0.1331  E_Sigma=0.1415

    Drift: enc-pull
  Stage 2 epoch 100/300: loss=0.049789
  Stage 2 epoch 200/300: loss=0.033680
  Stage 2 epoch 300/300: loss=0.024611
  Stage 3 epoch 100/300: loss=0.013103
  Stage 3 epoch 200/300: loss=0.006148
  Stage 3 epoch 300/300: loss=0.003342
  rcMTE@0.1: 0.5300 (285/500 in region)
  rcMTE@0.5: 0.8202 (98/500 in region)
  rcMTE@1.0: 0.9425 (31/500 in region)
  MTE@0.1: 0.9247
  MTE@0.5: 1.5188
  MTE@1.0: 1.6153
  W2@1.0:  0.6480
  sW2@0.1: 0.4553 (285/500 in region)
  sW2@0.2: 0.6204 (204/500 in region)
  sW2@0.5: 0.6363 (98/500 in region)
  sW2@1.0: 0.7825 (31/500 in region)
  MMD@1.0: 0.1825
  Survival@1.0: 29.8%
  Stopped@1.0:  6.2%

    Drift: dec-side
  Stage 2 epoch 100/300: loss=0.012453
  Stage 2 epoch 200/300: loss=0.009137
  Stage 2 epoch 300/300: loss=0.004976
  Stage 3 epoch 100/300: loss=0.013103
  Stage 3 epoch 200/300: loss=0.006148
  Stage 3 epoch 300/300: loss=0.003342
  rcMTE@0.1: 0.5461 (285/500 in region)
  rcMTE@0.5: 0.9197 (98/500 in region)
  rcMTE@1.0: 1.1199 (31/500 in region)
  MTE@0.1: 0.9561
  MTE@0.5: 1.7488
  MTE@1.0: 1.9513
  W2@1.0:  1.1439
  sW2@0.1: 0.5163 (285/500 in region)
  sW2@0.2: 0.7583 (204/500 in region)
  sW2@0.5: 0.9288 (98/500 in region)
  sW2@1.0: 1.1828 (31/500 in region)
  MMD@1.0: 0.2769
  Survival@1.0: 29.8%
  Stopped@1.0:  6.2%

============================================================
  hyperbolic_paraboloid | D=11 | seed=2042
============================================================

  --- AE: baseline ---
    E_mu=1.0742  E_Sigma=2.6294

    Drift: enc-pull
  Stage 2 epoch 100/300: loss=0.036585
  Stage 2 epoch 200/300: loss=0.024115
  Stage 2 epoch 300/300: loss=0.021995
  Stage 3 epoch 100/300: loss=0.075214
  Stage 3 epoch 200/300: loss=0.067581
  Stage 3 epoch 300/300: loss=0.063380
  rcMTE@0.1: 0.7219 (293/500 in region)
  rcMTE@0.5: 1.1677 (88/500 in region)
  rcMTE@1.0: 0.9295 (24/500 in region)
  MTE@0.1: 1.2356
  MTE@0.5: 1.7470
  MTE@1.0: 1.5963
  W2@1.0:  0.5643
  sW2@0.1: 0.4624 (293/500 in region)
  sW2@0.2: 0.5809 (212/500 in region)
  sW2@0.5: 0.7083 (88/500 in region)
  sW2@1.0: 0.4064 (24/500 in region)
  MMD@1.0: 0.1400
  Survival@1.0: 26.6%
  Stopped@1.0:  4.8%

    Drift: dec-side
  Stage 2 epoch 100/300: loss=0.038107
  Stage 2 epoch 200/300: loss=0.031276
  Stage 2 epoch 300/300: loss=0.022706
  Stage 3 epoch 100/300: loss=0.075214
  Stage 3 epoch 200/300: loss=0.067581
  Stage 3 epoch 300/300: loss=0.063380
  rcMTE@0.1: 0.7863 (293/500 in region)
  rcMTE@0.5: 1.5609 (88/500 in region)
  rcMTE@1.0: 1.6730 (24/500 in region)
  MTE@0.1: 1.3121
  MTE@0.5: 2.2672
  MTE@1.0: 2.3551
  W2@1.0:  1.5483
  sW2@0.1: 0.6547 (293/500 in region)
  sW2@0.2: 0.9456 (212/500 in region)
  sW2@0.5: 1.4576 (88/500 in region)
  sW2@1.0: 1.9621 (24/500 in region)
  MMD@1.0: 0.3521
  Survival@1.0: 26.6%
  Stopped@1.0:  4.8%

  --- AE: T+F ---
    E_mu=0.0860  E_Sigma=0.2186

    Drift: enc-pull
  Stage 2 epoch 100/300: loss=0.021957
  Stage 2 epoch 200/300: loss=0.019661
  Stage 2 epoch 300/300: loss=0.017149
  Stage 3 epoch 100/300: loss=0.016707
  Stage 3 epoch 200/300: loss=0.011433
  Stage 3 epoch 300/300: loss=0.006999
  rcMTE@0.1: 0.5306 (293/500 in region)
  rcMTE@0.5: 1.0092 (88/500 in region)
  rcMTE@1.0: 0.8615 (24/500 in region)
  MTE@0.1: 0.8657
  MTE@0.5: 1.5425
  MTE@1.0: 1.7623
  W2@1.0:  0.9618
  sW2@0.1: 0.4226 (293/500 in region)
  sW2@0.2: 0.6791 (212/500 in region)
  sW2@0.5: 0.9460 (88/500 in region)
  sW2@1.0: 0.8889 (24/500 in region)
  MMD@1.0: 0.2636
  Survival@1.0: 26.6%
  Stopped@1.0:  4.8%

    Drift: dec-side
  Stage 2 epoch 100/300: loss=0.008130
  Stage 2 epoch 200/300: loss=0.006336
  Stage 2 epoch 300/300: loss=0.004028
  Stage 3 epoch 100/300: loss=0.016707
  Stage 3 epoch 200/300: loss=0.011433
  Stage 3 epoch 300/300: loss=0.006999
  rcMTE@0.1: 0.5382 (293/500 in region)
  rcMTE@0.5: 1.1046 (88/500 in region)
  rcMTE@1.0: 1.0320 (24/500 in region)
  MTE@0.1: 0.8741
  MTE@0.5: 1.6740
  MTE@1.0: 2.0930
  W2@1.0:  1.3127
  sW2@0.1: 0.4576 (293/500 in region)
  sW2@0.2: 0.7620 (212/500 in region)
  sW2@0.5: 1.1502 (88/500 in region)
  sW2@1.0: 1.3280 (24/500 in region)
  MMD@1.0: 0.3285
  Survival@1.0: 26.6%
  Stopped@1.0:  4.8%

============================================================
  hyperbolic_paraboloid | D=11 | seed=3042
============================================================

  --- AE: baseline ---
    E_mu=0.4576  E_Sigma=0.6648

    Drift: enc-pull
  Stage 2 epoch 100/300: loss=0.125190
  Stage 2 epoch 200/300: loss=0.100031
  Stage 2 epoch 300/300: loss=0.088509
  Stage 3 epoch 100/300: loss=0.232458
  Stage 3 epoch 200/300: loss=0.189952
  Stage 3 epoch 300/300: loss=0.156636
  rcMTE@0.1: 0.5191 (275/500 in region)
  rcMTE@0.5: 0.7093 (78/500 in region)
  rcMTE@1.0: 0.5685 (25/500 in region)
  MTE@0.1: 0.9005
  MTE@0.5: 1.3002
  MTE@1.0: 1.2594
  W2@1.0:  0.6869
  sW2@0.1: 0.3060 (275/500 in region)
  sW2@0.2: 0.4727 (204/500 in region)
  sW2@0.5: 0.4400 (78/500 in region)
  sW2@1.0: 0.5276 (25/500 in region)
  MMD@1.0: 0.1922
  Survival@1.0: 27.2%
  Stopped@1.0:  5.0%

    Drift: dec-side
  Stage 2 epoch 100/300: loss=0.031150
  Stage 2 epoch 200/300: loss=0.018926
  Stage 2 epoch 300/300: loss=0.007447
  Stage 3 epoch 100/300: loss=0.232458
  Stage 3 epoch 200/300: loss=0.189952
  Stage 3 epoch 300/300: loss=0.156636
  rcMTE@0.1: 0.5624 (275/500 in region)
  rcMTE@0.5: 1.0121 (78/500 in region)
  rcMTE@1.0: 1.2663 (25/500 in region)
  MTE@0.1: 0.9516
  MTE@0.5: 1.7801
  MTE@1.0: 2.2995
  W2@1.0:  1.6476
  sW2@0.1: 0.4345 (275/500 in region)
  sW2@0.2: 0.7082 (204/500 in region)
  sW2@0.5: 0.9630 (78/500 in region)
  sW2@1.0: 1.6215 (25/500 in region)
  MMD@1.0: 0.2918
  Survival@1.0: 27.2%
  Stopped@1.0:  5.0%

  --- AE: T+F ---
    E_mu=0.1540  E_Sigma=0.1299

    Drift: enc-pull
  Stage 2 epoch 100/300: loss=0.147995
  Stage 2 epoch 200/300: loss=0.100663
  Stage 2 epoch 300/300: loss=0.074203
  Stage 3 epoch 100/300: loss=0.138989
  Stage 3 epoch 200/300: loss=0.091765
  Stage 3 epoch 300/300: loss=0.046113
  rcMTE@0.1: 0.5410 (275/500 in region)
  rcMTE@0.5: 0.9465 (78/500 in region)
  rcMTE@1.0: 0.7973 (25/500 in region)
  MTE@0.1: 0.9682
  MTE@0.5: 1.6191
  MTE@1.0: 1.8813
  W2@1.0:  1.2170
  sW2@0.1: 0.4710 (275/500 in region)
  sW2@0.2: 0.5592 (204/500 in region)
  sW2@0.5: 0.9143 (78/500 in region)
  sW2@1.0: 1.2491 (25/500 in region)
  MMD@1.0: 0.2515
  Survival@1.0: 27.2%
  Stopped@1.0:  5.0%

    Drift: dec-side
  Stage 2 epoch 100/300: loss=0.010916
  Stage 2 epoch 200/300: loss=0.007806
  Stage 2 epoch 300/300: loss=0.005799
  Stage 3 epoch 100/300: loss=0.138989
  Stage 3 epoch 200/300: loss=0.091765
  Stage 3 epoch 300/300: loss=0.046113
  rcMTE@0.1: 0.5507 (275/500 in region)
  rcMTE@0.5: 1.0287 (78/500 in region)
  rcMTE@1.0: 1.0994 (25/500 in region)
  MTE@0.1: 0.9888
  MTE@0.5: 1.7753
  MTE@1.0: 2.2477
  W2@1.0:  1.6687
  sW2@0.1: 0.5182 (275/500 in region)
  sW2@0.2: 0.6325 (204/500 in region)
  sW2@0.5: 1.1493 (78/500 in region)
  sW2@1.0: 1.6753 (25/500 in region)
  MMD@1.0: 0.2958
  Survival@1.0: 27.2%
  Stopped@1.0:  5.0%

============================================================
  hyperbolic_paraboloid | D=11 | seed=4042
============================================================

  --- AE: baseline ---
    E_mu=1.2871  E_Sigma=2.2173

    Drift: enc-pull
  Stage 2 epoch 100/300: loss=0.173257
  Stage 2 epoch 200/300: loss=0.117708
  Stage 2 epoch 300/300: loss=0.078528
  Stage 3 epoch 100/300: loss=0.103254
  Stage 3 epoch 200/300: loss=0.077041
  Stage 3 epoch 300/300: loss=0.071434
  rcMTE@0.1: 0.5207 (287/500 in region)
  rcMTE@0.5: 0.6625 (102/500 in region)
  rcMTE@1.0: 0.7453 (30/500 in region)
  MTE@0.1: 0.9201
  MTE@0.5: 1.2144
  MTE@1.0: 1.0514
  W2@1.0:  0.4665
  sW2@0.1: 0.3097 (287/500 in region)
  sW2@0.2: 0.4064 (207/500 in region)
  sW2@0.5: 0.3386 (102/500 in region)
  sW2@1.0: 0.6815 (30/500 in region)
  MMD@1.0: 0.1493
  Survival@1.0: 28.2%
  Stopped@1.0:  6.0%

    Drift: dec-side
  Stage 2 epoch 100/300: loss=0.053735
  Stage 2 epoch 200/300: loss=0.021007
  Stage 2 epoch 300/300: loss=0.008423
  Stage 3 epoch 100/300: loss=0.103254
  Stage 3 epoch 200/300: loss=0.077041
  Stage 3 epoch 300/300: loss=0.071434
  rcMTE@0.1: 0.5619 (287/500 in region)
  rcMTE@0.5: 0.9499 (102/500 in region)
  rcMTE@1.0: 1.3017 (30/500 in region)
  MTE@0.1: 0.9817
  MTE@0.5: 1.6287
  MTE@1.0: 2.0017
  W2@1.0:  1.5281
  sW2@0.1: 0.4543 (287/500 in region)
  sW2@0.2: 0.7446 (207/500 in region)
  sW2@0.5: 1.0386 (102/500 in region)
  sW2@1.0: 1.8147 (30/500 in region)
  MMD@1.0: 0.3218
  Survival@1.0: 28.2%
  Stopped@1.0:  6.0%

  --- AE: T+F ---
    E_mu=0.1378  E_Sigma=0.1515

    Drift: enc-pull
  Stage 2 epoch 100/300: loss=0.077305
  Stage 2 epoch 200/300: loss=0.049588
  Stage 2 epoch 300/300: loss=0.024988
  Stage 3 epoch 100/300: loss=0.041668
  Stage 3 epoch 200/300: loss=0.013320
  Stage 3 epoch 300/300: loss=0.008399
  rcMTE@0.1: 0.7531 (287/500 in region)
  rcMTE@0.5: 1.2292 (102/500 in region)
  rcMTE@1.0: 1.4925 (30/500 in region)
  MTE@0.1: 1.2664
  MTE@0.5: 1.9285
  MTE@1.0: 2.0696
  W2@1.0:  1.2480
  sW2@0.1: 0.5035 (287/500 in region)
  sW2@0.2: 0.7991 (207/500 in region)
  sW2@0.5: 0.9766 (102/500 in region)
  sW2@1.0: 1.8597 (30/500 in region)
  MMD@1.0: 0.2524
  Survival@1.0: 28.2%
  Stopped@1.0:  6.0%

    Drift: dec-side
  Stage 2 epoch 100/300: loss=0.028535
  Stage 2 epoch 200/300: loss=0.013652
  Stage 2 epoch 300/300: loss=0.005891
  Stage 3 epoch 100/300: loss=0.041668
  Stage 3 epoch 200/300: loss=0.013320
  Stage 3 epoch 300/300: loss=0.008399
  rcMTE@0.1: 0.7781 (287/500 in region)
  rcMTE@0.5: 1.3704 (102/500 in region)
  rcMTE@1.0: 1.7357 (30/500 in region)
  MTE@0.1: 1.3088
  MTE@0.5: 2.1532
  MTE@1.0: 2.5274
  W2@1.0:  1.8996
  sW2@0.1: 0.5755 (287/500 in region)
  sW2@0.2: 0.9734 (207/500 in region)
  sW2@0.5: 1.3482 (102/500 in region)
  sW2@1.0: 2.4238 (30/500 in region)
  MMD@1.0: 0.3432
  Survival@1.0: 28.2%
  Stopped@1.0:  6.0%

============================================================
  hyperbolic_paraboloid | D=11 | seed=5042
============================================================

  --- AE: baseline ---
    E_mu=1.2115  E_Sigma=1.5179

    Drift: enc-pull
  Stage 2 epoch 100/300: loss=0.169076
  Stage 2 epoch 200/300: loss=0.140132
  Stage 2 epoch 300/300: loss=0.126527
  Stage 3 epoch 100/300: loss=0.121177
  Stage 3 epoch 200/300: loss=0.103699
  Stage 3 epoch 300/300: loss=0.091603
  rcMTE@0.1: 0.7394 (285/500 in region)
  rcMTE@0.5: 1.0572 (93/500 in region)
  rcMTE@1.0: 0.9387 (33/500 in region)
  MTE@0.1: 1.2390
  MTE@0.5: 1.6762
  MTE@1.0: 1.5182
  W2@1.0:  0.5219
  sW2@0.1: 0.4114 (285/500 in region)
  sW2@0.2: 0.4871 (216/500 in region)
  sW2@0.5: 0.4262 (93/500 in region)
  sW2@1.0: 0.6636 (33/500 in region)
  MMD@1.0: 0.1389
  Survival@1.0: 25.8%
  Stopped@1.0:  6.6%

    Drift: dec-side
  Stage 2 epoch 100/300: loss=0.032908
  Stage 2 epoch 200/300: loss=0.023263
  Stage 2 epoch 300/300: loss=0.010068
  Stage 3 epoch 100/300: loss=0.121177
  Stage 3 epoch 200/300: loss=0.103699
  Stage 3 epoch 300/300: loss=0.091603
  rcMTE@0.1: 0.8186 (285/500 in region)
  rcMTE@0.5: 1.4189 (93/500 in region)
  rcMTE@1.0: 1.5416 (33/500 in region)
  MTE@0.1: 1.3428
  MTE@0.5: 2.2391
  MTE@1.0: 2.4664
  W2@1.0:  1.5489
  sW2@0.1: 0.6594 (285/500 in region)
  sW2@0.2: 0.9784 (216/500 in region)
  sW2@0.5: 1.3038 (93/500 in region)
  sW2@1.0: 1.6799 (33/500 in region)
  MMD@1.0: 0.3238
  Survival@1.0: 25.8%
  Stopped@1.0:  6.6%

  --- AE: T+F ---
    E_mu=0.1526  E_Sigma=0.2384

    Drift: enc-pull
  Stage 2 epoch 100/300: loss=0.067327
  Stage 2 epoch 200/300: loss=0.029447
  Stage 2 epoch 300/300: loss=0.023430
  Stage 3 epoch 100/300: loss=0.026879
  Stage 3 epoch 200/300: loss=0.010344
  Stage 3 epoch 300/300: loss=0.006899
  rcMTE@0.1: 0.7563 (285/500 in region)
  rcMTE@0.5: 1.1932 (93/500 in region)
  rcMTE@1.0: 1.1103 (33/500 in region)
  MTE@0.1: 1.2845
  MTE@0.5: 1.9042
  MTE@1.0: 1.8382
  W2@1.0:  0.7742
  sW2@0.1: 0.5347 (285/500 in region)
  sW2@0.2: 0.7384 (216/500 in region)
  sW2@0.5: 0.7627 (93/500 in region)
  sW2@1.0: 0.8066 (33/500 in region)
  MMD@1.0: 0.2197
  Survival@1.0: 25.8%
  Stopped@1.0:  6.6%

    Drift: dec-side
  Stage 2 epoch 100/300: loss=0.003729
  Stage 2 epoch 200/300: loss=0.002898
  Stage 2 epoch 300/300: loss=0.002427
  Stage 3 epoch 100/300: loss=0.026879
  Stage 3 epoch 200/300: loss=0.010344
  Stage 3 epoch 300/300: loss=0.006899
  rcMTE@0.1: 0.8054 (285/500 in region)
  rcMTE@0.5: 1.3619 (93/500 in region)
  rcMTE@1.0: 1.3931 (33/500 in region)
  MTE@0.1: 1.3493
  MTE@0.5: 2.1851
  MTE@1.0: 2.2538
  W2@1.0:  1.3161
  sW2@0.1: 0.6853 (285/500 in region)
  sW2@0.2: 0.9831 (216/500 in region)
  sW2@0.5: 1.2254 (93/500 in region)
  sW2@1.0: 1.4505 (33/500 in region)
  MMD@1.0: 0.3030
  Survival@1.0: 25.8%
  Stopped@1.0:  6.6%

============================================================
  hyperbolic_paraboloid | D=11 | seed=6042
============================================================

  --- AE: baseline ---
    E_mu=2.3002  E_Sigma=4.6190

    Drift: enc-pull
  Stage 2 epoch 100/300: loss=0.218719
  Stage 2 epoch 200/300: loss=0.070492
  Stage 2 epoch 300/300: loss=0.035460
  Stage 3 epoch 100/300: loss=0.119852
  Stage 3 epoch 200/300: loss=0.104199
  Stage 3 epoch 300/300: loss=0.094891
  rcMTE@0.1: 0.3784 (290/500 in region)
  rcMTE@0.5: 0.4336 (89/500 in region)
  rcMTE@1.0: 0.4267 (30/500 in region)
  MTE@0.1: 0.7344
  MTE@0.5: 0.9722
  MTE@1.0: 0.9496
  W2@1.0:  0.7850
  sW2@0.1: 0.4150 (290/500 in region)
  sW2@0.2: 0.4342 (208/500 in region)
  sW2@0.5: 0.5234 (89/500 in region)
  sW2@1.0: 0.5883 (30/500 in region)
  MMD@1.0: 0.2296
  Survival@1.0: 27.2%
  Stopped@1.0:  6.0%

    Drift: dec-side
  Stage 2 epoch 100/300: loss=0.031954
  Stage 2 epoch 200/300: loss=0.017427
  Stage 2 epoch 300/300: loss=0.012548
  Stage 3 epoch 100/300: loss=0.119852
  Stage 3 epoch 200/300: loss=0.104199
  Stage 3 epoch 300/300: loss=0.094891
  rcMTE@0.1: 0.3846 (290/500 in region)
  rcMTE@0.5: 0.5481 (89/500 in region)
  rcMTE@1.0: 0.4715 (30/500 in region)
  MTE@0.1: 0.7113
  MTE@0.5: 1.1775
  MTE@1.0: 1.1501
  W2@1.0:  0.8496
  sW2@0.1: 0.4061 (290/500 in region)
  sW2@0.2: 0.4649 (208/500 in region)
  sW2@0.5: 0.5058 (89/500 in region)
  sW2@1.0: 0.5180 (30/500 in region)
  MMD@1.0: 0.2454
  Survival@1.0: 27.2%
  Stopped@1.0:  6.0%

  --- AE: T+F ---
    E_mu=0.2056  E_Sigma=0.1326

    Drift: enc-pull
  Stage 2 epoch 100/300: loss=0.030151
  Stage 2 epoch 200/300: loss=0.027623
  Stage 2 epoch 300/300: loss=0.026821
  Stage 3 epoch 100/300: loss=0.019987
  Stage 3 epoch 200/300: loss=0.011814
  Stage 3 epoch 300/300: loss=0.007104
  rcMTE@0.1: 0.1956 (290/500 in region)
  rcMTE@0.5: 0.4244 (89/500 in region)
  rcMTE@1.0: 0.5616 (30/500 in region)
  MTE@0.1: 0.4081
  MTE@0.5: 0.7584
  MTE@1.0: 0.9286
  W2@1.0:  0.7509
  sW2@0.1: 0.2115 (290/500 in region)
  sW2@0.2: 0.2975 (208/500 in region)
  sW2@0.5: 0.5403 (89/500 in region)
  sW2@1.0: 0.7540 (30/500 in region)
  MMD@1.0: 0.2497
  Survival@1.0: 27.2%
  Stopped@1.0:  6.0%

    Drift: dec-side
  Stage 2 epoch 100/300: loss=0.005549
  Stage 2 epoch 200/300: loss=0.004262
  Stage 2 epoch 300/300: loss=0.003787
  Stage 3 epoch 100/300: loss=0.019987
  Stage 3 epoch 200/300: loss=0.011814
  Stage 3 epoch 300/300: loss=0.007104
  rcMTE@0.1: 0.1992 (290/500 in region)
  rcMTE@0.5: 0.4785 (89/500 in region)
  rcMTE@1.0: 0.7150 (30/500 in region)
  MTE@0.1: 0.4120
  MTE@0.5: 0.8602
  MTE@1.0: 1.1724
  W2@1.0:  1.0262
  sW2@0.1: 0.2265 (290/500 in region)
  sW2@0.2: 0.3372 (208/500 in region)
  sW2@0.5: 0.6602 (89/500 in region)
  sW2@1.0: 1.0236 (30/500 in region)
  MMD@1.0: 0.3026
  Survival@1.0: 27.2%
  Stopped@1.0:  6.0%

============================================================
  hyperbolic_paraboloid | D=11 | seed=7042
============================================================

  --- AE: baseline ---
    E_mu=0.9161  E_Sigma=1.1966

    Drift: enc-pull
  Stage 2 epoch 100/300: loss=0.429557
  Stage 2 epoch 200/300: loss=0.330566
  Stage 2 epoch 300/300: loss=0.189689
  Stage 3 epoch 100/300: loss=0.114939
  Stage 3 epoch 200/300: loss=0.107471
  Stage 3 epoch 300/300: loss=0.101483
  rcMTE@0.1: 0.5211 (316/500 in region)
  rcMTE@0.5: 0.7277 (109/500 in region)
  rcMTE@1.0: 0.8173 (29/500 in region)
  MTE@0.1: 0.9320
  MTE@0.5: 1.3866
  MTE@1.0: 1.4147
  W2@1.0:  0.5561
  sW2@0.1: 0.4158 (316/500 in region)
  sW2@0.2: 0.4555 (232/500 in region)
  sW2@0.5: 0.3489 (109/500 in region)
  sW2@1.0: 0.4757 (29/500 in region)
  MMD@1.0: 0.0896
  Survival@1.0: 28.8%
  Stopped@1.0:  5.8%

    Drift: dec-side
  Stage 2 epoch 100/300: loss=0.142478
  Stage 2 epoch 200/300: loss=0.053533
  Stage 2 epoch 300/300: loss=0.025072
  Stage 3 epoch 100/300: loss=0.114939
  Stage 3 epoch 200/300: loss=0.107471
  Stage 3 epoch 300/300: loss=0.101483
  rcMTE@0.1: 0.5733 (316/500 in region)
  rcMTE@0.5: 1.0791 (109/500 in region)
  rcMTE@1.0: 1.1938 (29/500 in region)
  MTE@0.1: 1.0038
  MTE@0.5: 1.7684
  MTE@1.0: 1.9631
  W2@1.0:  1.0453
  sW2@0.1: 0.6004 (316/500 in region)
  sW2@0.2: 0.8628 (232/500 in region)
  sW2@0.5: 1.1105 (109/500 in region)
  sW2@1.0: 0.9498 (29/500 in region)
  MMD@1.0: 0.3015
  Survival@1.0: 28.8%
  Stopped@1.0:  5.8%

  --- AE: T+F ---
    E_mu=0.0911  E_Sigma=0.1381

    Drift: enc-pull
  Stage 2 epoch 100/300: loss=0.231861
  Stage 2 epoch 200/300: loss=0.161341
  Stage 2 epoch 300/300: loss=0.071483
  Stage 3 epoch 100/300: loss=0.026440
  Stage 3 epoch 200/300: loss=0.021797
  Stage 3 epoch 300/300: loss=0.020353
  rcMTE@0.1: 0.5354 (316/500 in region)
  rcMTE@0.5: 0.8045 (109/500 in region)
  rcMTE@1.0: 0.9279 (29/500 in region)
  MTE@0.1: 0.9387
  MTE@0.5: 1.5536
  MTE@1.0: 1.5813
  W2@1.0:  0.6749
  sW2@0.1: 0.4762 (316/500 in region)
  sW2@0.2: 0.5992 (232/500 in region)
  sW2@0.5: 0.5345 (109/500 in region)
  sW2@1.0: 0.5570 (29/500 in region)
  MMD@1.0: 0.1437
  Survival@1.0: 28.8%
  Stopped@1.0:  5.8%

    Drift: dec-side
  Stage 2 epoch 100/300: loss=0.015034
  Stage 2 epoch 200/300: loss=0.010728
  Stage 2 epoch 300/300: loss=0.006636
  Stage 3 epoch 100/300: loss=0.026440
  Stage 3 epoch 200/300: loss=0.021797
  Stage 3 epoch 300/300: loss=0.020353
  rcMTE@0.1: 0.5505 (316/500 in region)
  rcMTE@0.5: 0.9310 (109/500 in region)
  rcMTE@1.0: 1.2116 (29/500 in region)
  MTE@0.1: 0.9675
  MTE@0.5: 1.7535
  MTE@1.0: 1.9416
  W2@1.0:  1.1193
  sW2@0.1: 0.5509 (316/500 in region)
  sW2@0.2: 0.7816 (232/500 in region)
  sW2@0.5: 0.8249 (109/500 in region)
  sW2@1.0: 1.2241 (29/500 in region)
  MMD@1.0: 0.2692
  Survival@1.0: 28.8%
  Stopped@1.0:  5.8%

============================================================
  hyperbolic_paraboloid | D=11 | seed=8042
============================================================

  --- AE: baseline ---
    E_mu=2.4715  E_Sigma=2.9938

    Drift: enc-pull
  Stage 2 epoch 100/300: loss=0.250829
  Stage 2 epoch 200/300: loss=0.169139
  Stage 2 epoch 300/300: loss=0.068962
  Stage 3 epoch 100/300: loss=0.196019
  Stage 3 epoch 200/300: loss=0.180985
  Stage 3 epoch 300/300: loss=0.165665
  rcMTE@0.1: 0.5534 (269/500 in region)
  rcMTE@0.5: 0.7712 (84/500 in region)
  rcMTE@1.0: 0.7936 (29/500 in region)
  MTE@0.1: 0.9399
  MTE@0.5: 1.3250
  MTE@1.0: 1.3858
  W2@1.0:  0.5387
  sW2@0.1: 0.3558 (269/500 in region)
  sW2@0.2: 0.3826 (192/500 in region)
  sW2@0.5: 0.4280 (84/500 in region)
  sW2@1.0: 0.6259 (29/500 in region)
  MMD@1.0: 0.1124
  Survival@1.0: 27.0%
  Stopped@1.0:  5.8%

    Drift: dec-side
  Stage 2 epoch 100/300: loss=0.056684
  Stage 2 epoch 200/300: loss=0.023583
  Stage 2 epoch 300/300: loss=0.007640
  Stage 3 epoch 100/300: loss=0.196019
  Stage 3 epoch 200/300: loss=0.180985
  Stage 3 epoch 300/300: loss=0.165665
  rcMTE@0.1: 0.6004 (269/500 in region)
  rcMTE@0.5: 1.2160 (84/500 in region)
  rcMTE@1.0: 1.6143 (29/500 in region)
  MTE@0.1: 0.9730
  MTE@0.5: 1.7813
  MTE@1.0: 2.2222
  W2@1.0:  1.4695
  sW2@0.1: 0.4634 (269/500 in region)
  sW2@0.2: 0.5721 (192/500 in region)
  sW2@0.5: 1.1074 (84/500 in region)
  sW2@1.0: 1.9970 (29/500 in region)
  MMD@1.0: 0.3122
  Survival@1.0: 27.0%
  Stopped@1.0:  5.8%

  --- AE: T+F ---
    E_mu=0.1436  E_Sigma=0.1364

    Drift: enc-pull
  Stage 2 epoch 100/300: loss=0.077771
  Stage 2 epoch 200/300: loss=0.036769
  Stage 2 epoch 300/300: loss=0.027366
  Stage 3 epoch 100/300: loss=0.010737
  Stage 3 epoch 200/300: loss=0.008179
  Stage 3 epoch 300/300: loss=0.006567
  rcMTE@0.1: 0.5389 (269/500 in region)
  rcMTE@0.5: 0.9370 (84/500 in region)
  rcMTE@1.0: 1.0642 (29/500 in region)
  MTE@0.1: 0.9362
  MTE@0.5: 1.5799
  MTE@1.0: 1.6638
  W2@1.0:  0.8805
  sW2@0.1: 0.4076 (269/500 in region)
  sW2@0.2: 0.4556 (192/500 in region)
  sW2@0.5: 0.8575 (84/500 in region)
  sW2@1.0: 1.5078 (29/500 in region)
  MMD@1.0: 0.2243
  Survival@1.0: 27.0%
  Stopped@1.0:  5.8%

    Drift: dec-side
  Stage 2 epoch 100/300: loss=0.021530
  Stage 2 epoch 200/300: loss=0.006847
  Stage 2 epoch 300/300: loss=0.003180
  Stage 3 epoch 100/300: loss=0.010737
  Stage 3 epoch 200/300: loss=0.008179
  Stage 3 epoch 300/300: loss=0.006567
  rcMTE@0.1: 0.5523 (269/500 in region)
  rcMTE@0.5: 0.9911 (84/500 in region)
  rcMTE@1.0: 1.0847 (29/500 in region)
  MTE@0.1: 0.9488
  MTE@0.5: 1.6838
  MTE@1.0: 1.8393
  W2@1.0:  1.1104
  sW2@0.1: 0.4531 (269/500 in region)
  sW2@0.2: 0.5347 (192/500 in region)
  sW2@0.5: 0.8981 (84/500 in region)
  sW2@1.0: 1.5478 (29/500 in region)
  MMD@1.0: 0.2771
  Survival@1.0: 27.0%
  Stopped@1.0:  5.8%

============================================================
  hyperbolic_paraboloid | D=11 | seed=9042
============================================================

  --- AE: baseline ---
    E_mu=1.1303  E_Sigma=4.9246

    Drift: enc-pull
  Stage 2 epoch 100/300: loss=0.219956
  Stage 2 epoch 200/300: loss=0.083768
  Stage 2 epoch 300/300: loss=0.026171
  Stage 3 epoch 100/300: loss=0.207161
  Stage 3 epoch 200/300: loss=0.130536
  Stage 3 epoch 300/300: loss=0.121318
  rcMTE@0.1: 0.2284 (280/500 in region)
  rcMTE@0.5: 0.3572 (85/500 in region)
  rcMTE@1.0: 0.4648 (22/500 in region)
  MTE@0.1: 0.4925
  MTE@0.5: 0.7354
  MTE@1.0: 0.7970
  W2@1.0:  0.5474
  sW2@0.1: 0.3132 (280/500 in region)
  sW2@0.2: 0.2984 (205/500 in region)
  sW2@0.5: 0.3990 (85/500 in region)
  sW2@1.0: 0.6507 (22/500 in region)
  MMD@1.0: 0.1368
  Survival@1.0: 28.2%
  Stopped@1.0:  4.4%

    Drift: dec-side
  Stage 2 epoch 100/300: loss=0.022778
  Stage 2 epoch 200/300: loss=0.011800
  Stage 2 epoch 300/300: loss=0.005605
  Stage 3 epoch 100/300: loss=0.207161
  Stage 3 epoch 200/300: loss=0.130536
  Stage 3 epoch 300/300: loss=0.121318
  rcMTE@0.1: 0.2411 (280/500 in region)
  rcMTE@0.5: 0.5081 (85/500 in region)
  rcMTE@1.0: 0.9410 (22/500 in region)
  MTE@0.1: 0.5122
  MTE@0.5: 0.9996
  MTE@1.0: 1.5744
  W2@1.0:  1.3994
  sW2@0.1: 0.3720 (280/500 in region)
  sW2@0.2: 0.4351 (205/500 in region)
  sW2@0.5: 0.6556 (85/500 in region)
  sW2@1.0: 1.4121 (22/500 in region)
  MMD@1.0: 0.3006
  Survival@1.0: 28.2%
  Stopped@1.0:  4.4%

  --- AE: T+F ---
    E_mu=0.1882  E_Sigma=0.1682

    Drift: enc-pull
  Stage 2 epoch 100/300: loss=0.159902
  Stage 2 epoch 200/300: loss=0.063542
  Stage 2 epoch 300/300: loss=0.034236
  Stage 3 epoch 100/300: loss=0.028849
  Stage 3 epoch 200/300: loss=0.008652
  Stage 3 epoch 300/300: loss=0.008015
  rcMTE@0.1: 0.1932 (280/500 in region)
  rcMTE@0.5: 0.3529 (85/500 in region)
  rcMTE@1.0: 0.4800 (22/500 in region)
  MTE@0.1: 0.4017
  MTE@0.5: 0.6834
  MTE@1.0: 0.7627
  W2@1.0:  0.5632
  sW2@0.1: 0.2449 (280/500 in region)
  sW2@0.2: 0.2537 (205/500 in region)
  sW2@0.5: 0.4627 (85/500 in region)
  sW2@1.0: 0.7563 (22/500 in region)
  MMD@1.0: 0.1527
  Survival@1.0: 28.2%
  Stopped@1.0:  4.4%

    Drift: dec-side
  Stage 2 epoch 100/300: loss=0.007287
  Stage 2 epoch 200/300: loss=0.006257
  Stage 2 epoch 300/300: loss=0.004496
  Stage 3 epoch 100/300: loss=0.028849
  Stage 3 epoch 200/300: loss=0.008652
  Stage 3 epoch 300/300: loss=0.008015
  rcMTE@0.1: 0.2000 (280/500 in region)
  rcMTE@0.5: 0.3642 (85/500 in region)
  rcMTE@1.0: 0.4952 (22/500 in region)
  MTE@0.1: 0.4119
  MTE@0.5: 0.7548
  MTE@1.0: 0.9502
  W2@1.0:  0.7611
  sW2@0.1: 0.3389 (280/500 in region)
  sW2@0.2: 0.3421 (205/500 in region)
  sW2@0.5: 0.5112 (85/500 in region)
  sW2@1.0: 0.7819 (22/500 in region)
  MMD@1.0: 0.2639
  Survival@1.0: 28.2%
  Stopped@1.0:  4.4%


Total time: 6.4 min
Saved 80 rows to rcmte_nd_sweep.csv


================================================================================
rcMTE COMPARISON SUMMARY
================================================================================

  paraboloid:
          ae       drift     rcMTE@1.0       MTE@1.0        W2@1.0          E_mu
    baseline    enc-pull  0.7624±0.153  1.3538±0.131  0.7625±0.164  2.3571±0.905
    baseline    dec-side  1.4331±0.346  2.4010±0.364  1.8065±0.358  2.3571±0.905
         T+F    enc-pull  0.9027±0.316  1.4736±0.396  0.8983±0.309  0.3490±0.208
         T+F    dec-side  1.1888±0.422  2.0175±0.545  1.6270±0.491  0.3490±0.208

    Paired comparisons (negative = first is better):
      T+F vs baseline (enc-pull)    rcMTE@1.0: Δ=+18.4%  p=0.109
      T+F vs baseline (enc-pull)      MTE@1.0: Δ=+8.8%  p=0.310
      T+F vs baseline (enc-pull)       W2@1.0: Δ=+17.8%  p=0.339
      enc-pull vs dec-side (T+F)    rcMTE@1.0: Δ=-24.1%  p=0.000**
      enc-pull vs dec-side (T+F)      MTE@1.0: Δ=-27.0%  p=0.000**
      enc-pull vs dec-side (T+F)       W2@1.0: Δ=-44.8%  p=0.000**

  hyperbolic_paraboloid:
          ae       drift     rcMTE@1.0       MTE@1.0        W2@1.0          E_mu
    baseline    enc-pull  0.6791±0.228  1.1832±0.308  0.6017±0.127  1.3868±0.608
    baseline    dec-side  1.2174±0.433  1.9382±0.504  1.3565±0.323  1.3868±0.608
         T+F    enc-pull  0.9058±0.286  1.6003±0.425  0.8936±0.256  0.1424±0.037
         T+F    dec-side  1.0913±0.338  1.9202±0.496  1.2835±0.330  0.1424±0.037

    Paired comparisons (negative = first is better):
      T+F vs baseline (enc-pull)    rcMTE@1.0: Δ=+33.4%  p=0.027*
      T+F vs baseline (enc-pull)      MTE@1.0: Δ=+35.2%  p=0.007**
      T+F vs baseline (enc-pull)       W2@1.0: Δ=+48.5%  p=0.005**
      enc-pull vs dec-side (T+F)    rcMTE@1.0: Δ=-17.0%  p=0.000**
      enc-pull vs dec-side (T+F)      MTE@1.0: Δ=-16.7%  p=0.000**
      enc-pull vs dec-side (T+F)       W2@1.0: Δ=-30.4%  p=0.000**

=== D=11, N=50 ===
Device: cuda
D=11, N=50
Seeds (10): [42, 1042, 2042, 3042, 4042, 5042, 6042, 7042, 8042, 9042]
Surfaces: ['paraboloid', 'hyperbolic_paraboloid']


============================================================
  paraboloid | D=11 | seed=42
============================================================

  --- AE: baseline ---
    E_mu=1.0896  E_Sigma=1.3200

    Drift: enc-pull
  Stage 2 epoch 100/300: loss=0.615726
  Stage 2 epoch 200/300: loss=0.418090
  Stage 2 epoch 300/300: loss=0.246054
  Stage 3 epoch 100/300: loss=0.108442
  Stage 3 epoch 200/300: loss=0.087675
  Stage 3 epoch 300/300: loss=0.071471
  rcMTE@0.1: 0.3987 (292/500 in region)
  rcMTE@0.5: 0.6951 (97/500 in region)
  rcMTE@1.0: 0.6564 (21/500 in region)
  MTE@0.1: 0.8225
  MTE@0.5: 1.2099
  MTE@1.0: 1.1778
  W2@1.0:  0.6965
  sW2@0.1: 0.3468 (292/500 in region)
  sW2@0.2: 0.4289 (214/500 in region)
  sW2@0.5: 0.6014 (97/500 in region)
  sW2@1.0: 0.6578 (21/500 in region)
  MMD@1.0: 0.1958
  Survival@1.0: 28.0%
  Stopped@1.0:  4.2%

    Drift: dec-side
  Stage 2 epoch 100/300: loss=0.122630
  Stage 2 epoch 200/300: loss=0.086157
  Stage 2 epoch 300/300: loss=0.047317
  Stage 3 epoch 100/300: loss=0.108442
  Stage 3 epoch 200/300: loss=0.087675
  Stage 3 epoch 300/300: loss=0.071471
  rcMTE@0.1: 0.4460 (292/500 in region)
  rcMTE@0.5: 0.9949 (97/500 in region)
  rcMTE@1.0: 1.5922 (21/500 in region)
  MTE@0.1: 0.8689
  MTE@0.5: 1.7615
  MTE@1.0: 2.3772
  W2@1.0:  1.7602
  sW2@0.1: 0.4851 (292/500 in region)
  sW2@0.2: 0.7353 (214/500 in region)
  sW2@0.5: 1.2670 (97/500 in region)
  sW2@1.0: 2.3778 (21/500 in region)
  MMD@1.0: 0.3416
  Survival@1.0: 28.0%
  Stopped@1.0:  4.2%

  --- AE: T+F ---
    E_mu=0.1205  E_Sigma=0.2182

    Drift: enc-pull
  Stage 2 epoch 100/300: loss=0.049119
  Stage 2 epoch 200/300: loss=0.054595
  Stage 2 epoch 300/300: loss=0.044710
  Stage 3 epoch 100/300: loss=0.057886
  Stage 3 epoch 200/300: loss=0.022937
  Stage 3 epoch 300/300: loss=0.013271
  rcMTE@0.1: 0.1614 (292/500 in region)
  rcMTE@0.5: 0.3120 (97/500 in region)
  rcMTE@1.0: 0.4448 (21/500 in region)
  MTE@0.1: 0.3812
  MTE@0.5: 0.6632
  MTE@1.0: 0.8611
  W2@1.0:  0.5544
  sW2@0.1: 0.2426 (292/500 in region)
  sW2@0.2: 0.2960 (214/500 in region)
  sW2@0.5: 0.3941 (97/500 in region)
  sW2@1.0: 0.5084 (21/500 in region)
  MMD@1.0: 0.3227
  Survival@1.0: 28.0%
  Stopped@1.0:  4.2%

    Drift: dec-side
  Stage 2 epoch 100/300: loss=0.018616
  Stage 2 epoch 200/300: loss=0.018773
  Stage 2 epoch 300/300: loss=0.016878
  Stage 3 epoch 100/300: loss=0.057886
  Stage 3 epoch 200/300: loss=0.022937
  Stage 3 epoch 300/300: loss=0.013271
  rcMTE@0.1: 0.1714 (292/500 in region)
  rcMTE@0.5: 0.3825 (97/500 in region)
  rcMTE@1.0: 0.6107 (21/500 in region)
  MTE@0.1: 0.3970
  MTE@0.5: 0.8772
  MTE@1.0: 1.2850
  W2@1.0:  1.1035
  sW2@0.1: 0.2825 (292/500 in region)
  sW2@0.2: 0.3761 (214/500 in region)
  sW2@0.5: 0.6099 (97/500 in region)
  sW2@1.0: 0.8735 (21/500 in region)
  MMD@1.0: 0.4257
  Survival@1.0: 28.0%
  Stopped@1.0:  4.2%

============================================================
  paraboloid | D=11 | seed=1042
============================================================

  --- AE: baseline ---
    E_mu=2.0323  E_Sigma=1.9276

    Drift: enc-pull
  Stage 2 epoch 100/300: loss=0.851588
  Stage 2 epoch 200/300: loss=0.627624
  Stage 2 epoch 300/300: loss=0.359124
  Stage 3 epoch 100/300: loss=0.122786
  Stage 3 epoch 200/300: loss=0.092578
  Stage 3 epoch 300/300: loss=0.079633
  rcMTE@0.1: 0.5178 (285/500 in region)
  rcMTE@0.5: 0.7434 (98/500 in region)
  rcMTE@1.0: 0.8836 (31/500 in region)
  MTE@0.1: 0.8676
  MTE@0.5: 1.3307
  MTE@1.0: 1.3955
  W2@1.0:  0.8049
  sW2@0.1: 0.3341 (285/500 in region)
  sW2@0.2: 0.3940 (204/500 in region)
  sW2@0.5: 0.5277 (98/500 in region)
  sW2@1.0: 0.6569 (31/500 in region)
  MMD@1.0: 0.2406
  Survival@1.0: 29.8%
  Stopped@1.0:  6.2%

    Drift: dec-side
  Stage 2 epoch 100/300: loss=0.134745
  Stage 2 epoch 200/300: loss=0.070850
  Stage 2 epoch 300/300: loss=0.032792
  Stage 3 epoch 100/300: loss=0.122786
  Stage 3 epoch 200/300: loss=0.092578
  Stage 3 epoch 300/300: loss=0.079633
  rcMTE@0.1: 0.5549 (285/500 in region)
  rcMTE@0.5: 0.9255 (98/500 in region)
  rcMTE@1.0: 1.0432 (31/500 in region)
  MTE@0.1: 0.9257
  MTE@0.5: 1.7847
  MTE@1.0: 2.0002
  W2@1.0:  1.3247
  sW2@0.1: 0.5096 (285/500 in region)
  sW2@0.2: 0.7372 (204/500 in region)
  sW2@0.5: 1.0826 (98/500 in region)
  sW2@1.0: 1.3401 (31/500 in region)
  MMD@1.0: 0.2434
  Survival@1.0: 29.8%
  Stopped@1.0:  6.2%

  --- AE: T+F ---
    E_mu=0.1508  E_Sigma=0.1113

    Drift: enc-pull
  Stage 2 epoch 100/300: loss=0.034523
  Stage 2 epoch 200/300: loss=0.033802
  Stage 2 epoch 300/300: loss=0.024372
  Stage 3 epoch 100/300: loss=0.028943
  Stage 3 epoch 200/300: loss=0.013142
  Stage 3 epoch 300/300: loss=0.009912
  rcMTE@0.1: 0.5518 (285/500 in region)
  rcMTE@0.5: 0.9277 (98/500 in region)
  rcMTE@1.0: 1.0454 (31/500 in region)
  MTE@0.1: 0.9338
  MTE@0.5: 1.6750
  MTE@1.0: 1.9188
  W2@1.0:  1.1129
  sW2@0.1: 0.5182 (285/500 in region)
  sW2@0.2: 0.7533 (204/500 in region)
  sW2@0.5: 0.9945 (98/500 in region)
  sW2@1.0: 1.1933 (31/500 in region)
  MMD@1.0: 0.3130
  Survival@1.0: 29.8%
  Stopped@1.0:  6.2%

    Drift: dec-side
  Stage 2 epoch 100/300: loss=0.006129
  Stage 2 epoch 200/300: loss=0.004669
  Stage 2 epoch 300/300: loss=0.003372
  Stage 3 epoch 100/300: loss=0.028943
  Stage 3 epoch 200/300: loss=0.013142
  Stage 3 epoch 300/300: loss=0.009912
  rcMTE@0.1: 0.5643 (285/500 in region)
  rcMTE@0.5: 1.0270 (98/500 in region)
  rcMTE@1.0: 1.1833 (31/500 in region)
  MTE@0.1: 0.9616
  MTE@0.5: 1.9475
  MTE@1.0: 2.3714
  W2@1.0:  1.8076
  sW2@0.1: 0.5779 (285/500 in region)
  sW2@0.2: 0.8955 (204/500 in region)
  sW2@0.5: 1.3696 (98/500 in region)
  sW2@1.0: 1.6241 (31/500 in region)
  MMD@1.0: 0.4081
  Survival@1.0: 29.8%
  Stopped@1.0:  6.2%

============================================================
  paraboloid | D=11 | seed=2042
============================================================

  --- AE: baseline ---
    E_mu=0.8188  E_Sigma=0.8123

    Drift: enc-pull
  Stage 2 epoch 100/300: loss=0.791921
  Stage 2 epoch 200/300: loss=0.479272
  Stage 2 epoch 300/300: loss=0.268216
  Stage 3 epoch 100/300: loss=0.110404
  Stage 3 epoch 200/300: loss=0.059707
  Stage 3 epoch 300/300: loss=0.045744
  rcMTE@0.1: 0.7211 (293/500 in region)
  rcMTE@0.5: 1.1718 (88/500 in region)
  rcMTE@1.0: 0.9244 (24/500 in region)
  MTE@0.1: 1.2615
  MTE@0.5: 1.7988
  MTE@1.0: 1.5945
  W2@1.0:  0.7077
  sW2@0.1: 0.5499 (293/500 in region)
  sW2@0.2: 0.7255 (212/500 in region)
  sW2@0.5: 0.8680 (88/500 in region)
  sW2@1.0: 0.4023 (24/500 in region)
  MMD@1.0: 0.1724
  Survival@1.0: 26.6%
  Stopped@1.0:  4.8%

    Drift: dec-side
  Stage 2 epoch 100/300: loss=0.084507
  Stage 2 epoch 200/300: loss=0.057048
  Stage 2 epoch 300/300: loss=0.028820
  Stage 3 epoch 100/300: loss=0.110404
  Stage 3 epoch 200/300: loss=0.059707
  Stage 3 epoch 300/300: loss=0.045744
  rcMTE@0.1: 0.8058 (293/500 in region)
  rcMTE@0.5: 1.6066 (88/500 in region)
  rcMTE@1.0: 1.7841 (24/500 in region)
  MTE@0.1: 1.4060
  MTE@0.5: 2.5976
  MTE@1.0: 2.9388
  W2@1.0:  2.3950
  sW2@0.1: 0.9481 (293/500 in region)
  sW2@0.2: 1.4790 (212/500 in region)
  sW2@0.5: 2.2689 (88/500 in region)
  sW2@1.0: 2.9612 (24/500 in region)
  MMD@1.0: 0.4284
  Survival@1.0: 26.6%
  Stopped@1.0:  4.8%

  --- AE: T+F ---
    E_mu=0.0978  E_Sigma=0.1929

    Drift: enc-pull
  Stage 2 epoch 100/300: loss=0.082821
  Stage 2 epoch 200/300: loss=0.056006
  Stage 2 epoch 300/300: loss=0.043108
  Stage 3 epoch 100/300: loss=0.055884
  Stage 3 epoch 200/300: loss=0.023083
  Stage 3 epoch 300/300: loss=0.009827
  rcMTE@0.1: 0.5165 (293/500 in region)
  rcMTE@0.5: 1.0358 (88/500 in region)
  rcMTE@1.0: 0.9634 (24/500 in region)
  MTE@0.1: 0.8914
  MTE@0.5: 1.6442
  MTE@1.0: 1.8414
  W2@1.0:  1.2459
  sW2@0.1: 0.4368 (293/500 in region)
  sW2@0.2: 0.6880 (212/500 in region)
  sW2@0.5: 1.2175 (88/500 in region)
  sW2@1.0: 1.4456 (24/500 in region)
  MMD@1.0: 0.3267
  Survival@1.0: 26.6%
  Stopped@1.0:  4.8%

    Drift: dec-side
  Stage 2 epoch 100/300: loss=0.016744
  Stage 2 epoch 200/300: loss=0.014109
  Stage 2 epoch 300/300: loss=0.010508
  Stage 3 epoch 100/300: loss=0.055884
  Stage 3 epoch 200/300: loss=0.023083
  Stage 3 epoch 300/300: loss=0.009827
  rcMTE@0.1: 0.5226 (293/500 in region)
  rcMTE@0.5: 1.1062 (88/500 in region)
  rcMTE@1.0: 1.0114 (24/500 in region)
  MTE@0.1: 0.8991
  MTE@0.5: 1.8343
  MTE@1.0: 2.3117
  W2@1.0:  1.8423
  sW2@0.1: 0.4793 (293/500 in region)
  sW2@0.2: 0.7792 (212/500 in region)
  sW2@0.5: 1.4695 (88/500 in region)
  sW2@1.0: 1.6202 (24/500 in region)
  MMD@1.0: 0.4363
  Survival@1.0: 26.6%
  Stopped@1.0:  4.8%

============================================================
  paraboloid | D=11 | seed=3042
============================================================

  --- AE: baseline ---
    E_mu=0.3488  E_Sigma=0.5348

    Drift: enc-pull
  Stage 2 epoch 100/300: loss=0.883978
  Stage 2 epoch 200/300: loss=0.420001
  Stage 2 epoch 300/300: loss=0.227790
  Stage 3 epoch 100/300: loss=0.090829
  Stage 3 epoch 200/300: loss=0.076414
  Stage 3 epoch 300/300: loss=0.064192
  rcMTE@0.1: 0.4423 (275/500 in region)
  rcMTE@0.5: 0.7370 (78/500 in region)
  rcMTE@1.0: 0.7205 (25/500 in region)
  MTE@0.1: 0.8538
  MTE@0.5: 1.1709
  MTE@1.0: 1.2336
  W2@1.0:  0.6319
  sW2@0.1: 0.4075 (275/500 in region)
  sW2@0.2: 0.4212 (204/500 in region)
  sW2@0.5: 0.7175 (78/500 in region)
  sW2@1.0: 0.8322 (25/500 in region)
  MMD@1.0: 0.1431
  Survival@1.0: 27.2%
  Stopped@1.0:  5.0%

    Drift: dec-side
  Stage 2 epoch 100/300: loss=0.104333
  Stage 2 epoch 200/300: loss=0.078444
  Stage 2 epoch 300/300: loss=0.039533
  Stage 3 epoch 100/300: loss=0.090829
  Stage 3 epoch 200/300: loss=0.076414
  Stage 3 epoch 300/300: loss=0.064192
  rcMTE@0.1: 0.4871 (275/500 in region)
  rcMTE@0.5: 1.0355 (78/500 in region)
  rcMTE@1.0: 1.5232 (25/500 in region)
  MTE@0.1: 0.9132
  MTE@0.5: 1.6334
  MTE@1.0: 2.3328
  W2@1.0:  1.7526
  sW2@0.1: 0.5859 (275/500 in region)
  sW2@0.2: 0.7350 (204/500 in region)
  sW2@0.5: 1.4306 (78/500 in region)
  sW2@1.0: 2.3286 (25/500 in region)
  MMD@1.0: 0.3588
  Survival@1.0: 27.2%
  Stopped@1.0:  5.0%

  --- AE: T+F ---
    E_mu=0.0383  E_Sigma=0.0295

    Drift: enc-pull
  Stage 2 epoch 100/300: loss=0.069924
  Stage 2 epoch 200/300: loss=0.074143
  Stage 2 epoch 300/300: loss=0.039588
  Stage 3 epoch 100/300: loss=0.056798
  Stage 3 epoch 200/300: loss=0.041647
  Stage 3 epoch 300/300: loss=0.031334
  rcMTE@0.1: 0.4503 (275/500 in region)
  rcMTE@0.5: 0.7964 (78/500 in region)
  rcMTE@1.0: 0.8426 (25/500 in region)
  MTE@0.1: 0.8701
  MTE@0.5: 1.3160
  MTE@1.0: 1.5651
  W2@1.0:  1.0146
  sW2@0.1: 0.5216 (275/500 in region)
  sW2@0.2: 0.6146 (204/500 in region)
  sW2@0.5: 1.1410 (78/500 in region)
  sW2@1.0: 1.5411 (25/500 in region)
  MMD@1.0: 0.2134
  Survival@1.0: 27.2%
  Stopped@1.0:  5.0%

    Drift: dec-side
  Stage 2 epoch 100/300: loss=0.014482
  Stage 2 epoch 200/300: loss=0.008886
  Stage 2 epoch 300/300: loss=0.005728
  Stage 3 epoch 100/300: loss=0.056798
  Stage 3 epoch 200/300: loss=0.041647
  Stage 3 epoch 300/300: loss=0.031334
  rcMTE@0.1: 0.4629 (275/500 in region)
  rcMTE@0.5: 0.8810 (78/500 in region)
  rcMTE@1.0: 1.1579 (25/500 in region)
  MTE@0.1: 0.8959
  MTE@0.5: 1.5128
  MTE@1.0: 2.1368
  W2@1.0:  1.8269
  sW2@0.1: 0.5986 (275/500 in region)
  sW2@0.2: 0.7634 (204/500 in region)
  sW2@0.5: 1.4427 (78/500 in region)
  sW2@1.0: 2.3073 (25/500 in region)
  MMD@1.0: 0.3339
  Survival@1.0: 27.2%
  Stopped@1.0:  5.0%

============================================================
  paraboloid | D=11 | seed=4042
============================================================

  --- AE: baseline ---
    E_mu=0.6300  E_Sigma=0.8043

    Drift: enc-pull
  Stage 2 epoch 100/300: loss=0.887033
  Stage 2 epoch 200/300: loss=1.059969
  Stage 2 epoch 300/300: loss=1.039734
  Stage 3 epoch 100/300: loss=0.123368
  Stage 3 epoch 200/300: loss=0.066873
  Stage 3 epoch 300/300: loss=0.064848
  rcMTE@0.1: 0.5821 (287/500 in region)
  rcMTE@0.5: 0.7930 (102/500 in region)
  rcMTE@1.0: 0.8258 (30/500 in region)
  MTE@0.1: 0.9879
  MTE@0.5: 1.3722
  MTE@1.0: 1.3102
  W2@1.0:  0.4797
  sW2@0.1: 0.3383 (287/500 in region)
  sW2@0.2: 0.5279 (207/500 in region)
  sW2@0.5: 0.4638 (102/500 in region)
  sW2@1.0: 0.7993 (30/500 in region)
  MMD@1.0: 0.1957
  Survival@1.0: 28.2%
  Stopped@1.0:  6.0%

    Drift: dec-side
  Stage 2 epoch 100/300: loss=0.243662
  Stage 2 epoch 200/300: loss=0.180477
  Stage 2 epoch 300/300: loss=0.057117
  Stage 3 epoch 100/300: loss=0.123368
  Stage 3 epoch 200/300: loss=0.066873
  Stage 3 epoch 300/300: loss=0.064848
  rcMTE@0.1: 0.6291 (287/500 in region)
  rcMTE@0.5: 1.1167 (102/500 in region)
  rcMTE@1.0: 1.4463 (30/500 in region)
  MTE@0.1: 1.0408
  MTE@0.5: 1.8625
  MTE@1.0: 2.5238
  W2@1.0:  1.9786
  sW2@0.1: 0.5118 (287/500 in region)
  sW2@0.2: 0.8459 (207/500 in region)
  sW2@0.5: 1.2752 (102/500 in region)
  sW2@1.0: 1.9504 (30/500 in region)
  MMD@1.0: 0.4330
  Survival@1.0: 28.2%
  Stopped@1.0:  6.0%

  --- AE: T+F ---
    E_mu=0.1798  E_Sigma=0.1489

    Drift: enc-pull
  Stage 2 epoch 100/300: loss=0.090525
  Stage 2 epoch 200/300: loss=0.119662
  Stage 2 epoch 300/300: loss=0.101206
  Stage 3 epoch 100/300: loss=0.068710
  Stage 3 epoch 200/300: loss=0.038147
  Stage 3 epoch 300/300: loss=0.035078
  rcMTE@0.1: 0.4620 (287/500 in region)
  rcMTE@0.5: 0.8864 (102/500 in region)
  rcMTE@1.0: 1.5034 (30/500 in region)
  MTE@0.1: 0.7384
  MTE@0.5: 1.4936
  MTE@1.0: 1.9852
  W2@1.0:  1.6616
  sW2@0.1: 0.4206 (287/500 in region)
  sW2@0.2: 0.6255 (207/500 in region)
  sW2@0.5: 1.1432 (102/500 in region)
  sW2@1.0: 2.3680 (30/500 in region)
  MMD@1.0: 0.3630
  Survival@1.0: 28.2%
  Stopped@1.0:  6.0%

    Drift: dec-side
  Stage 2 epoch 100/300: loss=0.042137
  Stage 2 epoch 200/300: loss=0.037336
  Stage 2 epoch 300/300: loss=0.031346
  Stage 3 epoch 100/300: loss=0.068710
  Stage 3 epoch 200/300: loss=0.038147
  Stage 3 epoch 300/300: loss=0.035078
  rcMTE@0.1: 0.4706 (287/500 in region)
  rcMTE@0.5: 0.9752 (102/500 in region)
  rcMTE@1.0: 1.7792 (30/500 in region)
  MTE@0.1: 0.7507
  MTE@0.5: 1.6521
  MTE@1.0: 2.3915
  W2@1.0:  2.1587
  sW2@0.1: 0.4585 (287/500 in region)
  sW2@0.2: 0.7181 (207/500 in region)
  sW2@0.5: 1.3870 (102/500 in region)
  sW2@1.0: 2.9566 (30/500 in region)
  MMD@1.0: 0.4307
  Survival@1.0: 28.2%
  Stopped@1.0:  6.0%

============================================================
  paraboloid | D=11 | seed=5042
============================================================

  --- AE: baseline ---
    E_mu=1.6032  E_Sigma=1.6899

    Drift: enc-pull
  Stage 2 epoch 100/300: loss=0.332051
  Stage 2 epoch 200/300: loss=0.175055
  Stage 2 epoch 300/300: loss=0.105907
  Stage 3 epoch 100/300: loss=0.096773
  Stage 3 epoch 200/300: loss=0.086067
  Stage 3 epoch 300/300: loss=0.078137
  rcMTE@0.1: 0.4598 (285/500 in region)
  rcMTE@0.5: 0.7472 (93/500 in region)
  rcMTE@1.0: 0.8199 (33/500 in region)
  MTE@0.1: 0.8246
  MTE@0.5: 1.3083
  MTE@1.0: 1.2868
  W2@1.0:  0.4687
  sW2@0.1: 0.3125 (285/500 in region)
  sW2@0.2: 0.3433 (216/500 in region)
  sW2@0.5: 0.4708 (93/500 in region)
  sW2@1.0: 0.7601 (33/500 in region)
  MMD@1.0: 0.1826
  Survival@1.0: 25.8%
  Stopped@1.0:  6.6%

    Drift: dec-side
  Stage 2 epoch 100/300: loss=0.140612
  Stage 2 epoch 200/300: loss=0.094373
  Stage 2 epoch 300/300: loss=0.046791
  Stage 3 epoch 100/300: loss=0.096773
  Stage 3 epoch 200/300: loss=0.086067
  Stage 3 epoch 300/300: loss=0.078137
  rcMTE@0.1: 0.5275 (285/500 in region)
  rcMTE@0.5: 1.1045 (93/500 in region)
  rcMTE@1.0: 1.4858 (33/500 in region)
  MTE@0.1: 0.9220
  MTE@0.5: 1.8407
  MTE@1.0: 2.3764
  W2@1.0:  1.9202
  sW2@0.1: 0.6273 (285/500 in region)
  sW2@0.2: 0.8356 (216/500 in region)
  sW2@0.5: 1.4481 (93/500 in region)
  sW2@1.0: 2.0066 (33/500 in region)
  MMD@1.0: 0.4649
  Survival@1.0: 25.8%
  Stopped@1.0:  6.6%

  --- AE: T+F ---
    E_mu=0.1101  E_Sigma=0.0891

    Drift: enc-pull
  Stage 2 epoch 100/300: loss=0.059266
  Stage 2 epoch 200/300: loss=0.037093
  Stage 2 epoch 300/300: loss=0.036999
  Stage 3 epoch 100/300: loss=0.021032
  Stage 3 epoch 200/300: loss=0.015629
  Stage 3 epoch 300/300: loss=0.010519
  rcMTE@0.1: 0.5077 (285/500 in region)
  rcMTE@0.5: 0.9362 (93/500 in region)
  rcMTE@1.0: 1.0819 (33/500 in region)
  MTE@0.1: 0.8957
  MTE@0.5: 1.5489
  MTE@1.0: 1.7196
  W2@1.0:  1.1977
  sW2@0.1: 0.5942 (285/500 in region)
  sW2@0.2: 0.7235 (216/500 in region)
  sW2@0.5: 1.0258 (93/500 in region)
  sW2@1.0: 1.3794 (33/500 in region)
  MMD@1.0: 0.3749
  Survival@1.0: 25.8%
  Stopped@1.0:  6.6%

    Drift: dec-side
  Stage 2 epoch 100/300: loss=0.012313
  Stage 2 epoch 200/300: loss=0.007562
  Stage 2 epoch 300/300: loss=0.005798
  Stage 3 epoch 100/300: loss=0.021032
  Stage 3 epoch 200/300: loss=0.015629
  Stage 3 epoch 300/300: loss=0.010519
  rcMTE@0.1: 0.5273 (285/500 in region)
  rcMTE@0.5: 1.0561 (93/500 in region)
  rcMTE@1.0: 1.2988 (33/500 in region)
  MTE@0.1: 0.9334
  MTE@0.5: 1.8008
  MTE@1.0: 2.2115
  W2@1.0:  1.8076
  sW2@0.1: 0.7117 (285/500 in region)
  sW2@0.2: 0.9410 (216/500 in region)
  sW2@0.5: 1.5208 (93/500 in region)
  sW2@1.0: 1.9251 (33/500 in region)
  MMD@1.0: 0.4870
  Survival@1.0: 25.8%
  Stopped@1.0:  6.6%

============================================================
  paraboloid | D=11 | seed=6042
============================================================

  --- AE: baseline ---
    E_mu=0.8714  E_Sigma=1.2630

    Drift: enc-pull
  Stage 2 epoch 100/300: loss=0.632418
  Stage 2 epoch 200/300: loss=0.304077
  Stage 2 epoch 300/300: loss=0.153340
  Stage 3 epoch 100/300: loss=0.108970
  Stage 3 epoch 200/300: loss=0.086053
  Stage 3 epoch 300/300: loss=0.077858
  rcMTE@0.1: 0.3684 (290/500 in region)
  rcMTE@0.5: 0.5867 (89/500 in region)
  rcMTE@1.0: 0.5486 (30/500 in region)
  MTE@0.1: 0.6834
  MTE@0.5: 1.1371
  MTE@1.0: 1.1251
  W2@1.0:  0.6837
  sW2@0.1: 0.3198 (290/500 in region)
  sW2@0.2: 0.3817 (208/500 in region)
  sW2@0.5: 0.4667 (89/500 in region)
  sW2@1.0: 0.5970 (30/500 in region)
  MMD@1.0: 0.1413
  Survival@1.0: 27.2%
  Stopped@1.0:  6.0%

    Drift: dec-side
  Stage 2 epoch 100/300: loss=0.185646
  Stage 2 epoch 200/300: loss=0.065482
  Stage 2 epoch 300/300: loss=0.034976
  Stage 3 epoch 100/300: loss=0.108970
  Stage 3 epoch 200/300: loss=0.086053
  Stage 3 epoch 300/300: loss=0.077858
  rcMTE@0.1: 0.3799 (290/500 in region)
  rcMTE@0.5: 0.7731 (89/500 in region)
  rcMTE@1.0: 0.9343 (30/500 in region)
  MTE@0.1: 0.6866
  MTE@0.5: 1.4507
  MTE@1.0: 1.6502
  W2@1.0:  1.1235
  sW2@0.1: 0.3949 (290/500 in region)
  sW2@0.2: 0.5871 (208/500 in region)
  sW2@0.5: 0.8643 (89/500 in region)
  sW2@1.0: 1.0828 (30/500 in region)
  MMD@1.0: 0.3193
  Survival@1.0: 27.2%
  Stopped@1.0:  6.0%

  --- AE: T+F ---
    E_mu=0.0502  E_Sigma=0.0673

    Drift: enc-pull
  Stage 2 epoch 100/300: loss=0.036583
  Stage 2 epoch 200/300: loss=0.035161
  Stage 2 epoch 300/300: loss=0.027172
  Stage 3 epoch 100/300: loss=0.041159
  Stage 3 epoch 200/300: loss=0.015029
  Stage 3 epoch 300/300: loss=0.007815
  rcMTE@0.1: 0.5278 (290/500 in region)
  rcMTE@0.5: 0.9593 (89/500 in region)
  rcMTE@1.0: 1.1651 (30/500 in region)
  MTE@0.1: 0.9255
  MTE@0.5: 1.7190
  MTE@1.0: 1.8624
  W2@1.0:  1.3332
  sW2@0.1: 0.5647 (290/500 in region)
  sW2@0.2: 0.8661 (208/500 in region)
  sW2@0.5: 1.1382 (89/500 in region)
  sW2@1.0: 1.5067 (30/500 in region)
  MMD@1.0: 0.3742
  Survival@1.0: 27.2%
  Stopped@1.0:  6.0%

    Drift: dec-side
  Stage 2 epoch 100/300: loss=0.017841
  Stage 2 epoch 200/300: loss=0.008278
  Stage 2 epoch 300/300: loss=0.003738
  Stage 3 epoch 100/300: loss=0.041159
  Stage 3 epoch 200/300: loss=0.015029
  Stage 3 epoch 300/300: loss=0.007815
  rcMTE@0.1: 0.5383 (290/500 in region)
  rcMTE@0.5: 1.0488 (89/500 in region)
  rcMTE@1.0: 1.4377 (30/500 in region)
  MTE@0.1: 0.9457
  MTE@0.5: 1.9285
  MTE@1.0: 2.4634
  W2@1.0:  2.1843
  sW2@0.1: 0.6171 (290/500 in region)
  sW2@0.2: 0.9868 (208/500 in region)
  sW2@0.5: 1.4500 (89/500 in region)
  sW2@1.0: 2.4026 (30/500 in region)
  MMD@1.0: 0.4589
  Survival@1.0: 27.2%
  Stopped@1.0:  6.0%

============================================================
  paraboloid | D=11 | seed=7042
============================================================

  --- AE: baseline ---
    E_mu=0.5263  E_Sigma=0.8561

    Drift: enc-pull
  Stage 2 epoch 100/300: loss=1.361309
  Stage 2 epoch 200/300: loss=0.481646
  Stage 2 epoch 300/300: loss=0.219168
  Stage 3 epoch 100/300: loss=0.129734
  Stage 3 epoch 200/300: loss=0.126284
  Stage 3 epoch 300/300: loss=0.104545
  rcMTE@0.1: 0.4932 (316/500 in region)
  rcMTE@0.5: 0.8108 (109/500 in region)
  rcMTE@1.0: 1.0020 (29/500 in region)
  MTE@0.1: 0.8446
  MTE@0.5: 1.3610
  MTE@1.0: 1.5029
  W2@1.0:  0.6193
  sW2@0.1: 0.3891 (316/500 in region)
  sW2@0.2: 0.4211 (232/500 in region)
  sW2@0.5: 0.5194 (109/500 in region)
  sW2@1.0: 0.8104 (29/500 in region)
  MMD@1.0: 0.2236
  Survival@1.0: 28.8%
  Stopped@1.0:  5.8%

    Drift: dec-side
  Stage 2 epoch 100/300: loss=0.268239
  Stage 2 epoch 200/300: loss=0.088324
  Stage 2 epoch 300/300: loss=0.034917
  Stage 3 epoch 100/300: loss=0.129734
  Stage 3 epoch 200/300: loss=0.126284
  Stage 3 epoch 300/300: loss=0.104545
  rcMTE@0.1: 0.5612 (316/500 in region)
  rcMTE@0.5: 1.1476 (109/500 in region)
  rcMTE@1.0: 1.4368 (29/500 in region)
  MTE@0.1: 0.9443
  MTE@0.5: 1.8585
  MTE@1.0: 2.3791
  W2@1.0:  1.7475
  sW2@0.1: 0.7070 (316/500 in region)
  sW2@0.2: 1.0675 (232/500 in region)
  sW2@0.5: 1.3858 (109/500 in region)
  sW2@1.0: 1.6281 (29/500 in region)
  MMD@1.0: 0.4268
  Survival@1.0: 28.8%
  Stopped@1.0:  5.8%

  --- AE: T+F ---
    E_mu=0.0885  E_Sigma=0.2187

    Drift: enc-pull
  Stage 2 epoch 100/300: loss=0.142007
  Stage 2 epoch 200/300: loss=0.118904
  Stage 2 epoch 300/300: loss=0.095256
  Stage 3 epoch 100/300: loss=0.042487
  Stage 3 epoch 200/300: loss=0.036350
  Stage 3 epoch 300/300: loss=0.029541
  rcMTE@0.1: 0.5170 (316/500 in region)
  rcMTE@0.5: 0.9150 (109/500 in region)
  rcMTE@1.0: 0.9958 (29/500 in region)
  MTE@0.1: 0.8987
  MTE@0.5: 1.5604
  MTE@1.0: 1.7052
  W2@1.0:  0.7593
  sW2@0.1: 0.6228 (316/500 in region)
  sW2@0.2: 0.8479 (232/500 in region)
  sW2@0.5: 0.9009 (109/500 in region)
  sW2@1.0: 0.8596 (29/500 in region)
  MMD@1.0: 0.2953
  Survival@1.0: 28.8%
  Stopped@1.0:  5.8%

    Drift: dec-side
  Stage 2 epoch 100/300: loss=0.063776
  Stage 2 epoch 200/300: loss=0.015495
  Stage 2 epoch 300/300: loss=0.007761
  Stage 3 epoch 100/300: loss=0.042487
  Stage 3 epoch 200/300: loss=0.036350
  Stage 3 epoch 300/300: loss=0.029541
  rcMTE@0.1: 0.5307 (316/500 in region)
  rcMTE@0.5: 1.0189 (109/500 in region)
  rcMTE@1.0: 1.1896 (29/500 in region)
  MTE@0.1: 0.9269
  MTE@0.5: 1.7958
  MTE@1.0: 2.2336
  W2@1.0:  1.6915
  sW2@0.1: 0.6888 (316/500 in region)
  sW2@0.2: 1.0394 (232/500 in region)
  sW2@0.5: 1.3817 (109/500 in region)
  sW2@1.0: 1.4735 (29/500 in region)
  MMD@1.0: 0.4349
  Survival@1.0: 28.8%
  Stopped@1.0:  5.8%

============================================================
  paraboloid | D=11 | seed=8042
============================================================

  --- AE: baseline ---
    E_mu=0.9006  E_Sigma=1.2147

    Drift: enc-pull
  Stage 2 epoch 100/300: loss=1.862962
  Stage 2 epoch 200/300: loss=1.342074
  Stage 2 epoch 300/300: loss=0.708355
  Stage 3 epoch 100/300: loss=0.088349
  Stage 3 epoch 200/300: loss=0.056691
  Stage 3 epoch 300/300: loss=0.051765
  rcMTE@0.1: 0.5013 (269/500 in region)
  rcMTE@0.5: 0.7822 (84/500 in region)
  rcMTE@1.0: 0.8541 (29/500 in region)
  MTE@0.1: 0.9345
  MTE@0.5: 1.2770
  MTE@1.0: 1.3865
  W2@1.0:  0.7633
  sW2@0.1: 0.3614 (269/500 in region)
  sW2@0.2: 0.2972 (192/500 in region)
  sW2@0.5: 0.4552 (84/500 in region)
  sW2@1.0: 0.6955 (29/500 in region)
  MMD@1.0: 0.1674
  Survival@1.0: 27.0%
  Stopped@1.0:  5.8%

    Drift: dec-side
  Stage 2 epoch 100/300: loss=0.186400
  Stage 2 epoch 200/300: loss=0.079792
  Stage 2 epoch 300/300: loss=0.041532
  Stage 3 epoch 100/300: loss=0.088349
  Stage 3 epoch 200/300: loss=0.056691
  Stage 3 epoch 300/300: loss=0.051765
  rcMTE@0.1: 0.5742 (269/500 in region)
  rcMTE@0.5: 1.1393 (84/500 in region)
  rcMTE@1.0: 1.2997 (29/500 in region)
  MTE@0.1: 1.0025
  MTE@0.5: 1.8534
  MTE@1.0: 2.4445
  W2@1.0:  1.7314
  sW2@0.1: 0.6196 (269/500 in region)
  sW2@0.2: 0.7897 (192/500 in region)
  sW2@0.5: 1.4320 (84/500 in region)
  sW2@1.0: 2.2745 (29/500 in region)
  MMD@1.0: 0.3208
  Survival@1.0: 27.0%
  Stopped@1.0:  5.8%

  --- AE: T+F ---
    E_mu=0.1089  E_Sigma=0.2327

    Drift: enc-pull
  Stage 2 epoch 100/300: loss=0.092112
  Stage 2 epoch 200/300: loss=0.092673
  Stage 2 epoch 300/300: loss=0.087933
  Stage 3 epoch 100/300: loss=0.058933
  Stage 3 epoch 200/300: loss=0.023126
  Stage 3 epoch 300/300: loss=0.020110
  rcMTE@0.1: 0.2546 (269/500 in region)
  rcMTE@0.5: 0.4876 (84/500 in region)
  rcMTE@1.0: 0.6270 (29/500 in region)
  MTE@0.1: 0.4721
  MTE@0.5: 0.8888
  MTE@1.0: 1.0213
  W2@1.0:  0.6461
  sW2@0.1: 0.4293 (269/500 in region)
  sW2@0.2: 0.4752 (192/500 in region)
  sW2@0.5: 0.8110 (84/500 in region)
  sW2@1.0: 1.3650 (29/500 in region)
  MMD@1.0: 0.2900
  Survival@1.0: 27.0%
  Stopped@1.0:  5.8%

    Drift: dec-side
  Stage 2 epoch 100/300: loss=0.021371
  Stage 2 epoch 200/300: loss=0.018551
  Stage 2 epoch 300/300: loss=0.012882
  Stage 3 epoch 100/300: loss=0.058933
  Stage 3 epoch 200/300: loss=0.023126
  Stage 3 epoch 300/300: loss=0.020110
  rcMTE@0.1: 0.2654 (269/500 in region)
  rcMTE@0.5: 0.5735 (84/500 in region)
  rcMTE@1.0: 0.8791 (29/500 in region)
  MTE@0.1: 0.4941
  MTE@0.5: 1.0510
  MTE@1.0: 1.4108
  W2@1.0:  1.1818
  sW2@0.1: 0.4914 (269/500 in region)
  sW2@0.2: 0.5853 (192/500 in region)
  sW2@0.5: 1.0790 (84/500 in region)
  sW2@1.0: 1.8431 (29/500 in region)
  MMD@1.0: 0.3862
  Survival@1.0: 27.0%
  Stopped@1.0:  5.8%

============================================================
  paraboloid | D=11 | seed=9042
============================================================

  --- AE: baseline ---
    E_mu=1.0370  E_Sigma=1.3790

    Drift: enc-pull
  Stage 2 epoch 100/300: loss=0.891984
  Stage 2 epoch 200/300: loss=0.408825
  Stage 2 epoch 300/300: loss=0.262602
  Stage 3 epoch 100/300: loss=0.224531
  Stage 3 epoch 200/300: loss=0.175849
  Stage 3 epoch 300/300: loss=0.120521
  rcMTE@0.1: 0.4994 (280/500 in region)
  rcMTE@0.5: 0.8744 (85/500 in region)
  rcMTE@1.0: 0.8868 (22/500 in region)
  MTE@0.1: 0.9091
  MTE@0.5: 1.3606
  MTE@1.0: 1.4351
  W2@1.0:  0.6913
  sW2@0.1: 0.4406 (280/500 in region)
  sW2@0.2: 0.5449 (205/500 in region)
  sW2@0.5: 0.7229 (85/500 in region)
  sW2@1.0: 0.7924 (22/500 in region)
  MMD@1.0: 0.1347
  Survival@1.0: 28.2%
  Stopped@1.0:  4.4%

    Drift: dec-side
  Stage 2 epoch 100/300: loss=0.424786
  Stage 2 epoch 200/300: loss=0.154513
  Stage 2 epoch 300/300: loss=0.063596
  Stage 3 epoch 100/300: loss=0.224531
  Stage 3 epoch 200/300: loss=0.175849
  Stage 3 epoch 300/300: loss=0.120521
  rcMTE@0.1: 0.5532 (280/500 in region)
  rcMTE@0.5: 1.1867 (85/500 in region)
  rcMTE@1.0: 1.6348 (22/500 in region)
  MTE@0.1: 0.9762
  MTE@0.5: 1.8431
  MTE@1.0: 2.4783
  W2@1.0:  1.9406
  sW2@0.1: 0.6307 (280/500 in region)
  sW2@0.2: 0.8684 (205/500 in region)
  sW2@0.5: 1.4722 (85/500 in region)
  sW2@1.0: 2.1135 (22/500 in region)
  MMD@1.0: 0.3628
  Survival@1.0: 28.2%
  Stopped@1.0:  4.4%

  --- AE: T+F ---
    E_mu=0.0760  E_Sigma=0.0917

    Drift: enc-pull
  Stage 2 epoch 100/300: loss=0.097878
  Stage 2 epoch 200/300: loss=0.096611
  Stage 2 epoch 300/300: loss=0.081746
  Stage 3 epoch 100/300: loss=0.061964
  Stage 3 epoch 200/300: loss=0.045628
  Stage 3 epoch 300/300: loss=0.042553
  rcMTE@0.1: 0.3836 (280/500 in region)
  rcMTE@0.5: 0.6261 (85/500 in region)
  rcMTE@1.0: 0.6042 (22/500 in region)
  MTE@0.1: 0.7182
  MTE@0.5: 1.2917
  MTE@1.0: 1.6346
  W2@1.0:  1.2982
  sW2@0.1: 0.5863 (280/500 in region)
  sW2@0.2: 0.6606 (205/500 in region)
  sW2@0.5: 0.9084 (85/500 in region)
  sW2@1.0: 0.9229 (22/500 in region)
  MMD@1.0: 0.2733
  Survival@1.0: 28.2%
  Stopped@1.0:  4.4%

    Drift: dec-side
  Stage 2 epoch 100/300: loss=0.033881
  Stage 2 epoch 200/300: loss=0.015299
  Stage 2 epoch 300/300: loss=0.006927
  Stage 3 epoch 100/300: loss=0.061964
  Stage 3 epoch 200/300: loss=0.045628
  Stage 3 epoch 300/300: loss=0.042553
  rcMTE@0.1: 0.3985 (280/500 in region)
  rcMTE@0.5: 0.7200 (85/500 in region)
  rcMTE@1.0: 0.8959 (22/500 in region)
  MTE@0.1: 0.7536
  MTE@0.5: 1.5354
  MTE@1.0: 2.2941
  W2@1.0:  2.2105
  sW2@0.1: 0.6614 (280/500 in region)
  sW2@0.2: 0.8381 (205/500 in region)
  sW2@0.5: 1.3589 (85/500 in region)
  sW2@1.0: 1.9891 (22/500 in region)
  MMD@1.0: 0.3929
  Survival@1.0: 28.2%
  Stopped@1.0:  4.4%

============================================================
  hyperbolic_paraboloid | D=11 | seed=42
============================================================

  --- AE: baseline ---
    E_mu=0.7775  E_Sigma=1.6851

    Drift: enc-pull
  Stage 2 epoch 100/300: loss=0.122881
  Stage 2 epoch 200/300: loss=0.088717
  Stage 2 epoch 300/300: loss=0.036118
  Stage 3 epoch 100/300: loss=0.126905
  Stage 3 epoch 200/300: loss=0.099591
  Stage 3 epoch 300/300: loss=0.078398
  rcMTE@0.1: 0.4065 (292/500 in region)
  rcMTE@0.5: 0.5985 (97/500 in region)
  rcMTE@1.0: 0.6037 (21/500 in region)
  MTE@0.1: 0.7892
  MTE@0.5: 1.1595
  MTE@1.0: 1.1890
  W2@1.0:  0.4709
  sW2@0.1: 0.2730 (292/500 in region)
  sW2@0.2: 0.2867 (214/500 in region)
  sW2@0.5: 0.3545 (97/500 in region)
  sW2@1.0: 0.5106 (21/500 in region)
  MMD@1.0: 0.1193
  Survival@1.0: 28.0%
  Stopped@1.0:  4.2%

    Drift: dec-side
  Stage 2 epoch 100/300: loss=0.058086
  Stage 2 epoch 200/300: loss=0.037807
  Stage 2 epoch 300/300: loss=0.013752
  Stage 3 epoch 100/300: loss=0.126905
  Stage 3 epoch 200/300: loss=0.099591
  Stage 3 epoch 300/300: loss=0.078398
  rcMTE@0.1: 0.4486 (292/500 in region)
  rcMTE@0.5: 0.8628 (97/500 in region)
  rcMTE@1.0: 1.1329 (21/500 in region)
  MTE@0.1: 0.8346
  MTE@0.5: 1.6157
  MTE@1.0: 2.1276
  W2@1.0:  1.3624
  sW2@0.1: 0.3789 (292/500 in region)
  sW2@0.2: 0.4814 (214/500 in region)
  sW2@0.5: 0.7790 (97/500 in region)
  sW2@1.0: 1.4174 (21/500 in region)
  MMD@1.0: 0.3163
  Survival@1.0: 28.0%
  Stopped@1.0:  4.2%

  --- AE: T+F ---
    E_mu=0.0675  E_Sigma=0.1059

    Drift: enc-pull
  Stage 2 epoch 100/300: loss=0.093602
  Stage 2 epoch 200/300: loss=0.073497
  Stage 2 epoch 300/300: loss=0.044519
  Stage 3 epoch 100/300: loss=0.039363
  Stage 3 epoch 200/300: loss=0.031478
  Stage 3 epoch 300/300: loss=0.024614
  rcMTE@0.1: 0.3921 (292/500 in region)
  rcMTE@0.5: 0.6364 (97/500 in region)
  rcMTE@1.0: 0.7008 (21/500 in region)
  MTE@0.1: 0.7868
  MTE@0.5: 1.3059
  MTE@1.0: 1.3589
  W2@1.0:  0.7009
  sW2@0.1: 0.3864 (292/500 in region)
  sW2@0.2: 0.4745 (214/500 in region)
  sW2@0.5: 0.5389 (97/500 in region)
  sW2@1.0: 0.8216 (21/500 in region)
  MMD@1.0: 0.1781
  Survival@1.0: 28.0%
  Stopped@1.0:  4.2%

    Drift: dec-side
  Stage 2 epoch 100/300: loss=0.016599
  Stage 2 epoch 200/300: loss=0.009272
  Stage 2 epoch 300/300: loss=0.004375
  Stage 3 epoch 100/300: loss=0.039363
  Stage 3 epoch 200/300: loss=0.031478
  Stage 3 epoch 300/300: loss=0.024614
  rcMTE@0.1: 0.4033 (292/500 in region)
  rcMTE@0.5: 0.7194 (97/500 in region)
  rcMTE@1.0: 0.9171 (21/500 in region)
  MTE@0.1: 0.8097
  MTE@0.5: 1.5861
  MTE@1.0: 1.7920
  W2@1.0:  1.2386
  sW2@0.1: 0.4328 (292/500 in region)
  sW2@0.2: 0.5595 (214/500 in region)
  sW2@0.5: 0.6913 (97/500 in region)
  sW2@1.0: 1.2929 (21/500 in region)
  MMD@1.0: 0.2715
  Survival@1.0: 28.0%
  Stopped@1.0:  4.2%

============================================================
  hyperbolic_paraboloid | D=11 | seed=1042
============================================================

  --- AE: baseline ---
    E_mu=1.1941  E_Sigma=1.2775

    Drift: enc-pull
  Stage 2 epoch 100/300: loss=0.231257
  Stage 2 epoch 200/300: loss=0.153432
  Stage 2 epoch 300/300: loss=0.067057
  Stage 3 epoch 100/300: loss=0.067954
  Stage 3 epoch 200/300: loss=0.039209
  Stage 3 epoch 300/300: loss=0.035272
  rcMTE@0.1: 0.2082 (285/500 in region)
  rcMTE@0.5: 0.3737 (98/500 in region)
  rcMTE@1.0: 0.4899 (31/500 in region)
  MTE@0.1: 0.4023
  MTE@0.5: 0.7111
  MTE@1.0: 0.8405
  W2@1.0:  0.5956
  sW2@0.1: 0.1767 (285/500 in region)
  sW2@0.2: 0.2461 (204/500 in region)
  sW2@0.5: 0.3465 (98/500 in region)
  sW2@1.0: 0.6879 (31/500 in region)
  MMD@1.0: 0.1134
  Survival@1.0: 29.8%
  Stopped@1.0:  6.2%

    Drift: dec-side
  Stage 2 epoch 100/300: loss=0.053572
  Stage 2 epoch 200/300: loss=0.033527
  Stage 2 epoch 300/300: loss=0.014807
  Stage 3 epoch 100/300: loss=0.067954
  Stage 3 epoch 200/300: loss=0.039209
  Stage 3 epoch 300/300: loss=0.035272
  rcMTE@0.1: 0.2193 (285/500 in region)
  rcMTE@0.5: 0.4729 (98/500 in region)
  rcMTE@1.0: 0.7981 (31/500 in region)
  MTE@0.1: 0.4111
  MTE@0.5: 0.9181
  MTE@1.0: 1.3825
  W2@1.0:  1.1728
  sW2@0.1: 0.2356 (285/500 in region)
  sW2@0.2: 0.3514 (204/500 in region)
  sW2@0.5: 0.6751 (98/500 in region)
  sW2@1.0: 1.0201 (31/500 in region)
  MMD@1.0: 0.2922
  Survival@1.0: 29.8%
  Stopped@1.0:  6.2%

  --- AE: T+F ---
    E_mu=0.0609  E_Sigma=0.0640

    Drift: enc-pull
  Stage 2 epoch 100/300: loss=0.039543
  Stage 2 epoch 200/300: loss=0.029138
  Stage 2 epoch 300/300: loss=0.019342
  Stage 3 epoch 100/300: loss=0.022044
  Stage 3 epoch 200/300: loss=0.005947
  Stage 3 epoch 300/300: loss=0.003656
  rcMTE@0.1: 0.5303 (285/500 in region)
  rcMTE@0.5: 0.7961 (98/500 in region)
  rcMTE@1.0: 1.0001 (31/500 in region)
  MTE@0.1: 0.9412
  MTE@0.5: 1.6150
  MTE@1.0: 1.8124
  W2@1.0:  0.8544
  sW2@0.1: 0.4563 (285/500 in region)
  sW2@0.2: 0.6193 (204/500 in region)
  sW2@0.5: 0.6138 (98/500 in region)
  sW2@1.0: 0.9570 (31/500 in region)
  MMD@1.0: 0.2344
  Survival@1.0: 29.8%
  Stopped@1.0:  6.2%

    Drift: dec-side
  Stage 2 epoch 100/300: loss=0.015587
  Stage 2 epoch 200/300: loss=0.009761
  Stage 2 epoch 300/300: loss=0.005383
  Stage 3 epoch 100/300: loss=0.022044
  Stage 3 epoch 200/300: loss=0.005947
  Stage 3 epoch 300/300: loss=0.003656
  rcMTE@0.1: 0.5456 (285/500 in region)
  rcMTE@0.5: 0.8956 (98/500 in region)
  rcMTE@1.0: 1.1844 (31/500 in region)
  MTE@0.1: 0.9691
  MTE@0.5: 1.8334
  MTE@1.0: 2.1749
  W2@1.0:  1.4181
  sW2@0.1: 0.5128 (285/500 in region)
  sW2@0.2: 0.7421 (204/500 in region)
  sW2@0.5: 0.9013 (98/500 in region)
  sW2@1.0: 1.3952 (31/500 in region)
  MMD@1.0: 0.3088
  Survival@1.0: 29.8%
  Stopped@1.0:  6.2%

============================================================
  hyperbolic_paraboloid | D=11 | seed=2042
============================================================

  --- AE: baseline ---
    E_mu=0.9329  E_Sigma=1.3326

    Drift: enc-pull
  Stage 2 epoch 100/300: loss=0.229427
  Stage 2 epoch 200/300: loss=0.147716
  Stage 2 epoch 300/300: loss=0.099804
  Stage 3 epoch 100/300: loss=0.134503
  Stage 3 epoch 200/300: loss=0.118414
  Stage 3 epoch 300/300: loss=0.104944
  rcMTE@0.1: 0.7368 (293/500 in region)
  rcMTE@0.5: 1.2441 (88/500 in region)
  rcMTE@1.0: 1.0454 (24/500 in region)
  MTE@0.1: 1.2485
  MTE@0.5: 1.8193
  MTE@1.0: 1.6108
  W2@1.0:  0.4923
  sW2@0.1: 0.4972 (293/500 in region)
  sW2@0.2: 0.6530 (212/500 in region)
  sW2@0.5: 0.8907 (88/500 in region)
  sW2@1.0: 0.6832 (24/500 in region)
  MMD@1.0: 0.1227
  Survival@1.0: 26.6%
  Stopped@1.0:  4.8%

    Drift: dec-side
  Stage 2 epoch 100/300: loss=0.091092
  Stage 2 epoch 200/300: loss=0.067738
  Stage 2 epoch 300/300: loss=0.061287
  Stage 3 epoch 100/300: loss=0.134503
  Stage 3 epoch 200/300: loss=0.118414
  Stage 3 epoch 300/300: loss=0.104944
  rcMTE@0.1: 0.8037 (293/500 in region)
  rcMTE@0.5: 1.6435 (88/500 in region)
  rcMTE@1.0: 1.7592 (24/500 in region)
  MTE@0.1: 1.3314
  MTE@0.5: 2.2943
  MTE@1.0: 2.3836
  W2@1.0:  1.4714
  sW2@0.1: 0.6944 (293/500 in region)
  sW2@0.2: 1.0189 (212/500 in region)
  sW2@0.5: 1.5022 (88/500 in region)
  sW2@1.0: 1.9524 (24/500 in region)
  MMD@1.0: 0.3266
  Survival@1.0: 26.6%
  Stopped@1.0:  4.8%

  --- AE: T+F ---
    E_mu=0.0427  E_Sigma=0.0561

    Drift: enc-pull
  Stage 2 epoch 100/300: loss=0.052060
  Stage 2 epoch 200/300: loss=0.041599
  Stage 2 epoch 300/300: loss=0.033171
  Stage 3 epoch 100/300: loss=0.040537
  Stage 3 epoch 200/300: loss=0.011047
  Stage 3 epoch 300/300: loss=0.005086
  rcMTE@0.1: 0.7890 (293/500 in region)
  rcMTE@0.5: 1.4964 (88/500 in region)
  rcMTE@1.0: 1.5163 (24/500 in region)
  MTE@0.1: 1.3594
  MTE@0.5: 2.3293
  MTE@1.0: 2.2640
  W2@1.0:  1.5235
  sW2@0.1: 0.7618 (293/500 in region)
  sW2@0.2: 1.1296 (212/500 in region)
  sW2@0.5: 1.7359 (88/500 in region)
  sW2@1.0: 2.1218 (24/500 in region)
  MMD@1.0: 0.2955
  Survival@1.0: 26.6%
  Stopped@1.0:  4.8%

    Drift: dec-side
  Stage 2 epoch 100/300: loss=0.010898
  Stage 2 epoch 200/300: loss=0.007929
  Stage 2 epoch 300/300: loss=0.005283
  Stage 3 epoch 100/300: loss=0.040537
  Stage 3 epoch 200/300: loss=0.011047
  Stage 3 epoch 300/300: loss=0.005086
  rcMTE@0.1: 0.8039 (293/500 in region)
  rcMTE@0.5: 1.6129 (88/500 in region)
  rcMTE@1.0: 1.7261 (24/500 in region)
  MTE@0.1: 1.3901
  MTE@0.5: 2.5631
  MTE@1.0: 2.6400
  W2@1.0:  2.0757
  sW2@0.1: 0.8127 (293/500 in region)
  sW2@0.2: 1.2497 (212/500 in region)
  sW2@0.5: 2.0034 (88/500 in region)
  sW2@1.0: 2.7140 (24/500 in region)
  MMD@1.0: 0.3551
  Survival@1.0: 26.6%
  Stopped@1.0:  4.8%

============================================================
  hyperbolic_paraboloid | D=11 | seed=3042
============================================================

  --- AE: baseline ---
    E_mu=0.6273  E_Sigma=0.7916

    Drift: enc-pull
  Stage 2 epoch 100/300: loss=0.179725
  Stage 2 epoch 200/300: loss=0.185074
  Stage 2 epoch 300/300: loss=0.180317
  Stage 3 epoch 100/300: loss=0.140136
  Stage 3 epoch 200/300: loss=0.134602
  Stage 3 epoch 300/300: loss=0.095750
  rcMTE@0.1: 0.4856 (275/500 in region)
  rcMTE@0.5: 0.6069 (78/500 in region)
  rcMTE@1.0: 0.5694 (25/500 in region)
  MTE@0.1: 0.8918
  MTE@0.5: 1.1680
  MTE@1.0: 1.1378
  W2@1.0:  0.8505
  sW2@0.1: 0.3872 (275/500 in region)
  sW2@0.2: 0.3924 (204/500 in region)
  sW2@0.5: 0.4768 (78/500 in region)
  sW2@1.0: 0.7625 (25/500 in region)
  MMD@1.0: 0.2742
  Survival@1.0: 27.2%
  Stopped@1.0:  5.0%

    Drift: dec-side
  Stage 2 epoch 100/300: loss=0.045804
  Stage 2 epoch 200/300: loss=0.023015
  Stage 2 epoch 300/300: loss=0.007698
  Stage 3 epoch 100/300: loss=0.140136
  Stage 3 epoch 200/300: loss=0.134602
  Stage 3 epoch 300/300: loss=0.095750
  rcMTE@0.1: 0.5441 (275/500 in region)
  rcMTE@0.5: 0.8862 (78/500 in region)
  rcMTE@1.0: 0.9498 (25/500 in region)
  MTE@0.1: 0.9630
  MTE@0.5: 1.5989
  MTE@1.0: 1.8131
  W2@1.0:  1.0398
  sW2@0.1: 0.5427 (275/500 in region)
  sW2@0.2: 0.6390 (204/500 in region)
  sW2@0.5: 0.7836 (78/500 in region)
  sW2@1.0: 1.2026 (25/500 in region)
  MMD@1.0: 0.2528
  Survival@1.0: 27.2%
  Stopped@1.0:  5.0%

  --- AE: T+F ---
    E_mu=0.0444  E_Sigma=0.0476

    Drift: enc-pull
  Stage 2 epoch 100/300: loss=0.064488
  Stage 2 epoch 200/300: loss=0.058345
  Stage 2 epoch 300/300: loss=0.041057
  Stage 3 epoch 100/300: loss=0.082012
  Stage 3 epoch 200/300: loss=0.063028
  Stage 3 epoch 300/300: loss=0.031981
  rcMTE@0.1: 0.5101 (275/500 in region)
  rcMTE@0.5: 0.8701 (78/500 in region)
  rcMTE@1.0: 0.8368 (25/500 in region)
  MTE@0.1: 0.9198
  MTE@0.5: 1.4804
  MTE@1.0: 1.6843
  W2@1.0:  0.8880
  sW2@0.1: 0.4937 (275/500 in region)
  sW2@0.2: 0.5373 (204/500 in region)
  sW2@0.5: 0.7926 (78/500 in region)
  sW2@1.0: 1.1118 (25/500 in region)
  MMD@1.0: 0.2138
  Survival@1.0: 27.2%
  Stopped@1.0:  5.0%

    Drift: dec-side
  Stage 2 epoch 100/300: loss=0.009280
  Stage 2 epoch 200/300: loss=0.006503
  Stage 2 epoch 300/300: loss=0.003576
  Stage 3 epoch 100/300: loss=0.082012
  Stage 3 epoch 200/300: loss=0.063028
  Stage 3 epoch 300/300: loss=0.031981
  rcMTE@0.1: 0.5237 (275/500 in region)
  rcMTE@0.5: 0.9428 (78/500 in region)
  rcMTE@1.0: 1.0832 (25/500 in region)
  MTE@0.1: 0.9428
  MTE@0.5: 1.6481
  MTE@1.0: 2.0612
  W2@1.0:  1.4212
  sW2@0.1: 0.5454 (275/500 in region)
  sW2@0.2: 0.6258 (204/500 in region)
  sW2@0.5: 0.9550 (78/500 in region)
  sW2@1.0: 1.5396 (25/500 in region)
  MMD@1.0: 0.2901
  Survival@1.0: 27.2%
  Stopped@1.0:  5.0%

============================================================
  hyperbolic_paraboloid | D=11 | seed=4042
============================================================

  --- AE: baseline ---
    E_mu=0.6584  E_Sigma=0.7304

    Drift: enc-pull
  Stage 2 epoch 100/300: loss=0.379670
  Stage 2 epoch 200/300: loss=0.173708
  Stage 2 epoch 300/300: loss=0.102337
  Stage 3 epoch 100/300: loss=0.082134
  Stage 3 epoch 200/300: loss=0.054833
  Stage 3 epoch 300/300: loss=0.055598
  rcMTE@0.1: 0.6143 (287/500 in region)
  rcMTE@0.5: 0.8120 (102/500 in region)
  rcMTE@1.0: 0.8379 (30/500 in region)
  MTE@0.1: 1.0811
  MTE@0.5: 1.4340
  MTE@1.0: 1.3845
  W2@1.0:  0.5643
  sW2@0.1: 0.3391 (287/500 in region)
  sW2@0.2: 0.4816 (207/500 in region)
  sW2@0.5: 0.4251 (102/500 in region)
  sW2@1.0: 0.9319 (30/500 in region)
  MMD@1.0: 0.1653
  Survival@1.0: 28.2%
  Stopped@1.0:  6.0%

    Drift: dec-side
  Stage 2 epoch 100/300: loss=0.049359
  Stage 2 epoch 200/300: loss=0.025229
  Stage 2 epoch 300/300: loss=0.015683
  Stage 3 epoch 100/300: loss=0.082134
  Stage 3 epoch 200/300: loss=0.054833
  Stage 3 epoch 300/300: loss=0.055598
  rcMTE@0.1: 0.6763 (287/500 in region)
  rcMTE@0.5: 1.1470 (102/500 in region)
  rcMTE@1.0: 1.3782 (30/500 in region)
  MTE@0.1: 1.1684
  MTE@0.5: 1.8825
  MTE@1.0: 2.2146
  W2@1.0:  1.4511
  sW2@0.1: 0.5210 (287/500 in region)
  sW2@0.2: 0.8335 (207/500 in region)
  sW2@0.5: 1.1255 (102/500 in region)
  sW2@1.0: 1.5796 (30/500 in region)
  MMD@1.0: 0.3358
  Survival@1.0: 28.2%
  Stopped@1.0:  6.0%

  --- AE: T+F ---
    E_mu=0.0226  E_Sigma=0.0288

    Drift: enc-pull
  Stage 2 epoch 100/300: loss=0.053575
  Stage 2 epoch 200/300: loss=0.050005
  Stage 2 epoch 300/300: loss=0.049084
  Stage 3 epoch 100/300: loss=0.016995
  Stage 3 epoch 200/300: loss=0.005525
  Stage 3 epoch 300/300: loss=0.004377
  rcMTE@0.1: 0.7740 (287/500 in region)
  rcMTE@0.5: 1.2569 (102/500 in region)
  rcMTE@1.0: 1.5232 (30/500 in region)
  MTE@0.1: 1.3146
  MTE@0.5: 2.0767
  MTE@1.0: 2.2466
  W2@1.0:  1.4723
  sW2@0.1: 0.5876 (287/500 in region)
  sW2@0.2: 0.9272 (207/500 in region)
  sW2@0.5: 1.1211 (102/500 in region)
  sW2@1.0: 1.9986 (30/500 in region)
  MMD@1.0: 0.2855
  Survival@1.0: 28.2%
  Stopped@1.0:  6.0%

    Drift: dec-side
  Stage 2 epoch 100/300: loss=0.015831
  Stage 2 epoch 200/300: loss=0.010599
  Stage 2 epoch 300/300: loss=0.004328
  Stage 3 epoch 100/300: loss=0.016995
  Stage 3 epoch 200/300: loss=0.005525
  Stage 3 epoch 300/300: loss=0.004377
  rcMTE@0.1: 0.7883 (287/500 in region)
  rcMTE@0.5: 1.3491 (102/500 in region)
  rcMTE@1.0: 1.7988 (30/500 in region)
  MTE@0.1: 1.3429
  MTE@0.5: 2.2371
  MTE@1.0: 2.6720
  W2@1.0:  2.0596
  sW2@0.1: 0.6359 (287/500 in region)
  sW2@0.2: 1.0449 (207/500 in region)
  sW2@0.5: 1.3891 (102/500 in region)
  sW2@1.0: 2.6480 (30/500 in region)
  MMD@1.0: 0.3378
  Survival@1.0: 28.2%
  Stopped@1.0:  6.0%

============================================================
  hyperbolic_paraboloid | D=11 | seed=5042
============================================================

  --- AE: baseline ---
    E_mu=0.4129  E_Sigma=0.5921

    Drift: enc-pull
  Stage 2 epoch 100/300: loss=0.465365
  Stage 2 epoch 200/300: loss=0.285061
  Stage 2 epoch 300/300: loss=0.143247
  Stage 3 epoch 100/300: loss=0.088787
  Stage 3 epoch 200/300: loss=0.042862
  Stage 3 epoch 300/300: loss=0.035968
  rcMTE@0.1: 0.7345 (285/500 in region)
  rcMTE@0.5: 1.0179 (93/500 in region)
  rcMTE@1.0: 0.9365 (33/500 in region)
  MTE@0.1: 1.2317
  MTE@0.5: 1.6509
  MTE@1.0: 1.4781
  W2@1.0:  0.4940
  sW2@0.1: 0.4135 (285/500 in region)
  sW2@0.2: 0.4619 (216/500 in region)
  sW2@0.5: 0.4138 (93/500 in region)
  sW2@1.0: 0.7084 (33/500 in region)
  MMD@1.0: 0.0936
  Survival@1.0: 25.8%
  Stopped@1.0:  6.6%

    Drift: dec-side
  Stage 2 epoch 100/300: loss=0.062201
  Stage 2 epoch 200/300: loss=0.044416
  Stage 2 epoch 300/300: loss=0.026309
  Stage 3 epoch 100/300: loss=0.088787
  Stage 3 epoch 200/300: loss=0.042862
  Stage 3 epoch 300/300: loss=0.035968
  rcMTE@0.1: 0.8120 (285/500 in region)
  rcMTE@0.5: 1.3863 (93/500 in region)
  rcMTE@1.0: 1.4373 (33/500 in region)
  MTE@0.1: 1.3412
  MTE@0.5: 2.1732
  MTE@1.0: 2.3183
  W2@1.0:  1.4284
  sW2@0.1: 0.6576 (285/500 in region)
  sW2@0.2: 0.9421 (216/500 in region)
  sW2@0.5: 1.2390 (93/500 in region)
  sW2@1.0: 1.5689 (33/500 in region)
  MMD@1.0: 0.3090
  Survival@1.0: 25.8%
  Stopped@1.0:  6.6%

  --- AE: T+F ---
    E_mu=0.0745  E_Sigma=0.1617

    Drift: enc-pull
  Stage 2 epoch 100/300: loss=0.041800
  Stage 2 epoch 200/300: loss=0.037020
  Stage 2 epoch 300/300: loss=0.029384
  Stage 3 epoch 100/300: loss=0.036284
  Stage 3 epoch 200/300: loss=0.013162
  Stage 3 epoch 300/300: loss=0.010639
  rcMTE@0.1: 0.7753 (285/500 in region)
  rcMTE@0.5: 1.2262 (93/500 in region)
  rcMTE@1.0: 1.1387 (33/500 in region)
  MTE@0.1: 1.3270
  MTE@0.5: 1.9962
  MTE@1.0: 1.9869
  W2@1.0:  1.0119
  sW2@0.1: 0.6130 (285/500 in region)
  sW2@0.2: 0.8633 (216/500 in region)
  sW2@0.5: 0.9739 (93/500 in region)
  sW2@1.0: 1.0221 (33/500 in region)
  MMD@1.0: 0.2633
  Survival@1.0: 25.8%
  Stopped@1.0:  6.6%

    Drift: dec-side
  Stage 2 epoch 100/300: loss=0.015476
  Stage 2 epoch 200/300: loss=0.011595
  Stage 2 epoch 300/300: loss=0.008691
  Stage 3 epoch 100/300: loss=0.036284
  Stage 3 epoch 200/300: loss=0.013162
  Stage 3 epoch 300/300: loss=0.010639
  rcMTE@0.1: 0.7939 (285/500 in region)
  rcMTE@0.5: 1.3602 (93/500 in region)
  rcMTE@1.0: 1.3516 (33/500 in region)
  MTE@0.1: 1.3535
  MTE@0.5: 2.1912
  MTE@1.0: 2.3332
  W2@1.0:  1.5171
  sW2@0.1: 0.6707 (285/500 in region)
  sW2@0.2: 0.9736 (216/500 in region)
  sW2@0.5: 1.3034 (93/500 in region)
  sW2@1.0: 1.5124 (33/500 in region)
  MMD@1.0: 0.3217
  Survival@1.0: 25.8%
  Stopped@1.0:  6.6%

============================================================
  hyperbolic_paraboloid | D=11 | seed=6042
============================================================

  --- AE: baseline ---
    E_mu=0.5244  E_Sigma=0.5223

    Drift: enc-pull
  Stage 2 epoch 100/300: loss=0.225529
  Stage 2 epoch 200/300: loss=0.195477
  Stage 2 epoch 300/300: loss=0.110764
  Stage 3 epoch 100/300: loss=0.112285
  Stage 3 epoch 200/300: loss=0.078593
  Stage 3 epoch 300/300: loss=0.080393
  rcMTE@0.1: 0.1798 (290/500 in region)
  rcMTE@0.5: 0.3071 (89/500 in region)
  rcMTE@1.0: 0.3177 (30/500 in region)
  MTE@0.1: 0.3979
  MTE@0.5: 0.6212
  MTE@1.0: 0.6526
  W2@1.0:  0.4674
  sW2@0.1: 0.2021 (290/500 in region)
  sW2@0.2: 0.2403 (208/500 in region)
  sW2@0.5: 0.3708 (89/500 in region)
  sW2@1.0: 0.4305 (30/500 in region)
  MMD@1.0: 0.0578
  Survival@1.0: 27.2%
  Stopped@1.0:  6.0%

    Drift: dec-side
  Stage 2 epoch 100/300: loss=0.059934
  Stage 2 epoch 200/300: loss=0.058572
  Stage 2 epoch 300/300: loss=0.027975
  Stage 3 epoch 100/300: loss=0.112285
  Stage 3 epoch 200/300: loss=0.078593
  Stage 3 epoch 300/300: loss=0.080393
  rcMTE@0.1: 0.1967 (290/500 in region)
  rcMTE@0.5: 0.4548 (89/500 in region)
  rcMTE@1.0: 0.7418 (30/500 in region)
  MTE@0.1: 0.4029
  MTE@0.5: 0.8758
  MTE@1.0: 1.2919
  W2@1.0:  1.1790
  sW2@0.1: 0.2759 (290/500 in region)
  sW2@0.2: 0.3562 (208/500 in region)
  sW2@0.5: 0.6933 (89/500 in region)
  sW2@1.0: 1.2265 (30/500 in region)
  MMD@1.0: 0.3224
  Survival@1.0: 27.2%
  Stopped@1.0:  6.0%

  --- AE: T+F ---
    E_mu=0.0426  E_Sigma=0.1232

    Drift: enc-pull
  Stage 2 epoch 100/300: loss=0.086452
  Stage 2 epoch 200/300: loss=0.106314
  Stage 2 epoch 300/300: loss=0.074595
  Stage 3 epoch 100/300: loss=0.038476
  Stage 3 epoch 200/300: loss=0.028355
  Stage 3 epoch 300/300: loss=0.019196
  rcMTE@0.1: 0.3697 (290/500 in region)
  rcMTE@0.5: 0.5808 (89/500 in region)
  rcMTE@1.0: 0.5934 (30/500 in region)
  MTE@0.1: 0.7026
  MTE@0.5: 1.2004
  MTE@1.0: 1.2810
  W2@1.0:  0.6610
  sW2@0.1: 0.3882 (290/500 in region)
  sW2@0.2: 0.4327 (208/500 in region)
  sW2@0.5: 0.4847 (89/500 in region)
  sW2@1.0: 0.5891 (30/500 in region)
  MMD@1.0: 0.1897
  Survival@1.0: 27.2%
  Stopped@1.0:  6.0%

    Drift: dec-side
  Stage 2 epoch 100/300: loss=0.007597
  Stage 2 epoch 200/300: loss=0.007092
  Stage 2 epoch 300/300: loss=0.005241
  Stage 3 epoch 100/300: loss=0.038476
  Stage 3 epoch 200/300: loss=0.028355
  Stage 3 epoch 300/300: loss=0.019196
  rcMTE@0.1: 0.3731 (290/500 in region)
  rcMTE@0.5: 0.6113 (89/500 in region)
  rcMTE@1.0: 0.5921 (30/500 in region)
  MTE@0.1: 0.7076
  MTE@0.5: 1.2679
  MTE@1.0: 1.3373
  W2@1.0:  0.7355
  sW2@0.1: 0.4068 (290/500 in region)
  sW2@0.2: 0.4719 (208/500 in region)
  sW2@0.5: 0.5571 (89/500 in region)
  sW2@1.0: 0.5348 (30/500 in region)
  MMD@1.0: 0.2406
  Survival@1.0: 27.2%
  Stopped@1.0:  6.0%

============================================================
  hyperbolic_paraboloid | D=11 | seed=7042
============================================================

  --- AE: baseline ---
    E_mu=0.3140  E_Sigma=0.6478

    Drift: enc-pull
  Stage 2 epoch 100/300: loss=0.731861
  Stage 2 epoch 200/300: loss=0.710113
  Stage 2 epoch 300/300: loss=0.734597
  Stage 3 epoch 100/300: loss=0.163504
  Stage 3 epoch 200/300: loss=0.123817
  Stage 3 epoch 300/300: loss=0.123460
  rcMTE@0.1: 0.5639 (316/500 in region)
  rcMTE@0.5: 0.7569 (109/500 in region)
  rcMTE@1.0: 0.7722 (29/500 in region)
  MTE@0.1: 0.9822
  MTE@0.5: 1.3913
  MTE@1.0: 1.3479
  W2@1.0:  0.8115
  sW2@0.1: 0.3473 (316/500 in region)
  sW2@0.2: 0.3718 (232/500 in region)
  sW2@0.5: 0.4483 (109/500 in region)
  sW2@1.0: 0.5238 (29/500 in region)
  MMD@1.0: 0.2117
  Survival@1.0: 28.8%
  Stopped@1.0:  5.8%

    Drift: dec-side
  Stage 2 epoch 100/300: loss=0.083294
  Stage 2 epoch 200/300: loss=0.044201
  Stage 2 epoch 300/300: loss=0.022350
  Stage 3 epoch 100/300: loss=0.163504
  Stage 3 epoch 200/300: loss=0.123817
  Stage 3 epoch 300/300: loss=0.123460
  rcMTE@0.1: 0.6255 (316/500 in region)
  rcMTE@0.5: 1.0714 (109/500 in region)
  rcMTE@1.0: 1.2373 (29/500 in region)
  MTE@0.1: 1.0729
  MTE@0.5: 1.9042
  MTE@1.0: 2.2465
  W2@1.0:  1.4279
  sW2@0.1: 0.5347 (316/500 in region)
  sW2@0.2: 0.8126 (232/500 in region)
  sW2@0.5: 1.0499 (109/500 in region)
  sW2@1.0: 1.5549 (29/500 in region)
  MMD@1.0: 0.2841
  Survival@1.0: 28.8%
  Stopped@1.0:  5.8%

  --- AE: T+F ---
    E_mu=0.0315  E_Sigma=0.0475

    Drift: enc-pull
  Stage 2 epoch 100/300: loss=0.083056
  Stage 2 epoch 200/300: loss=0.091424
  Stage 2 epoch 300/300: loss=0.096451
  Stage 3 epoch 100/300: loss=0.037727
  Stage 3 epoch 200/300: loss=0.017013
  Stage 3 epoch 300/300: loss=0.013834
  rcMTE@0.1: 0.5283 (316/500 in region)
  rcMTE@0.5: 0.8690 (109/500 in region)
  rcMTE@1.0: 0.9794 (29/500 in region)
  MTE@0.1: 0.9608
  MTE@0.5: 1.5320
  MTE@1.0: 1.6891
  W2@1.0:  0.8076
  sW2@0.1: 0.5450 (316/500 in region)
  sW2@0.2: 0.7025 (232/500 in region)
  sW2@0.5: 0.7134 (109/500 in region)
  sW2@1.0: 0.8191 (29/500 in region)
  MMD@1.0: 0.2337
  Survival@1.0: 28.8%
  Stopped@1.0:  5.8%

    Drift: dec-side
  Stage 2 epoch 100/300: loss=0.016469
  Stage 2 epoch 200/300: loss=0.009069
  Stage 2 epoch 300/300: loss=0.006319
  Stage 3 epoch 100/300: loss=0.037727
  Stage 3 epoch 200/300: loss=0.017013
  Stage 3 epoch 300/300: loss=0.013834
  rcMTE@0.1: 0.5460 (316/500 in region)
  rcMTE@0.5: 0.9610 (109/500 in region)
  rcMTE@1.0: 1.1814 (29/500 in region)
  MTE@0.1: 0.9906
  MTE@0.5: 1.6886
  MTE@1.0: 2.0009
  W2@1.0:  1.2534
  sW2@0.1: 0.6108 (316/500 in region)
  sW2@0.2: 0.8456 (232/500 in region)
  sW2@0.5: 1.0488 (109/500 in region)
  sW2@1.0: 1.2248 (29/500 in region)
  MMD@1.0: 0.3287
  Survival@1.0: 28.8%
  Stopped@1.0:  5.8%

============================================================
  hyperbolic_paraboloid | D=11 | seed=8042
============================================================

  --- AE: baseline ---
    E_mu=0.4498  E_Sigma=0.4441

    Drift: enc-pull
  Stage 2 epoch 100/300: loss=0.255507
  Stage 2 epoch 200/300: loss=0.247939
  Stage 2 epoch 300/300: loss=0.126257
  Stage 3 epoch 100/300: loss=0.078351
  Stage 3 epoch 200/300: loss=0.066890
  Stage 3 epoch 300/300: loss=0.058269
  rcMTE@0.1: 0.5422 (269/500 in region)
  rcMTE@0.5: 0.8417 (84/500 in region)
  rcMTE@1.0: 0.9152 (29/500 in region)
  MTE@0.1: 0.9552
  MTE@0.5: 1.4294
  MTE@1.0: 1.4536
  W2@1.0:  0.4864
  sW2@0.1: 0.2911 (269/500 in region)
  sW2@0.2: 0.2944 (192/500 in region)
  sW2@0.5: 0.4554 (84/500 in region)
  sW2@1.0: 0.7878 (29/500 in region)
  MMD@1.0: 0.0700
  Survival@1.0: 27.0%
  Stopped@1.0:  5.8%

    Drift: dec-side
  Stage 2 epoch 100/300: loss=0.059335
  Stage 2 epoch 200/300: loss=0.052843
  Stage 2 epoch 300/300: loss=0.029627
  Stage 3 epoch 100/300: loss=0.078351
  Stage 3 epoch 200/300: loss=0.066890
  Stage 3 epoch 300/300: loss=0.058269
  rcMTE@0.1: 0.5989 (269/500 in region)
  rcMTE@0.5: 1.1783 (84/500 in region)
  rcMTE@1.0: 1.3390 (29/500 in region)
  MTE@0.1: 1.0021
  MTE@0.5: 1.7665
  MTE@1.0: 2.0378
  W2@1.0:  1.2266
  sW2@0.1: 0.4520 (269/500 in region)
  sW2@0.2: 0.5657 (192/500 in region)
  sW2@0.5: 0.9860 (84/500 in region)
  sW2@1.0: 1.5319 (29/500 in region)
  MMD@1.0: 0.2754
  Survival@1.0: 27.0%
  Stopped@1.0:  5.8%

  --- AE: T+F ---
    E_mu=0.0258  E_Sigma=0.1252

    Drift: enc-pull
  Stage 2 epoch 100/300: loss=0.071594
  Stage 2 epoch 200/300: loss=0.085789
  Stage 2 epoch 300/300: loss=0.053294
  Stage 3 epoch 100/300: loss=0.058838
  Stage 3 epoch 200/300: loss=0.048500
  Stage 3 epoch 300/300: loss=0.035962
  rcMTE@0.1: 0.6406 (269/500 in region)
  rcMTE@0.5: 1.0109 (84/500 in region)
  rcMTE@1.0: 1.1107 (29/500 in region)
  MTE@0.1: 1.1751
  MTE@0.5: 1.6448
  MTE@1.0: 1.8330
  W2@1.0:  0.8799
  sW2@0.1: 0.5838 (269/500 in region)
  sW2@0.2: 0.6562 (192/500 in region)
  sW2@0.5: 0.7403 (84/500 in region)
  sW2@1.0: 0.9683 (29/500 in region)
  MMD@1.0: 0.1693
  Survival@1.0: 27.0%
  Stopped@1.0:  5.8%

    Drift: dec-side
  Stage 2 epoch 100/300: loss=0.009154
  Stage 2 epoch 200/300: loss=0.006916
  Stage 2 epoch 300/300: loss=0.004665
  Stage 3 epoch 100/300: loss=0.058838
  Stage 3 epoch 200/300: loss=0.048500
  Stage 3 epoch 300/300: loss=0.035962
  rcMTE@0.1: 0.6562 (269/500 in region)
  rcMTE@0.5: 1.1463 (84/500 in region)
  rcMTE@1.0: 1.3741 (29/500 in region)
  MTE@0.1: 1.2007
  MTE@0.5: 1.8437
  MTE@1.0: 2.1505
  W2@1.0:  1.4675
  sW2@0.1: 0.6459 (269/500 in region)
  sW2@0.2: 0.7898 (192/500 in region)
  sW2@0.5: 1.1076 (84/500 in region)
  sW2@1.0: 1.6934 (29/500 in region)
  MMD@1.0: 0.2572
  Survival@1.0: 27.0%
  Stopped@1.0:  5.8%

============================================================
  hyperbolic_paraboloid | D=11 | seed=9042
============================================================

  --- AE: baseline ---
    E_mu=0.3452  E_Sigma=0.6608

    Drift: enc-pull
  Stage 2 epoch 100/300: loss=0.323153
  Stage 2 epoch 200/300: loss=0.212171
  Stage 2 epoch 300/300: loss=0.103321
  Stage 3 epoch 100/300: loss=0.093643
  Stage 3 epoch 200/300: loss=0.066082
  Stage 3 epoch 300/300: loss=0.052793
  rcMTE@0.1: 0.2088 (280/500 in region)
  rcMTE@0.5: 0.2746 (85/500 in region)
  rcMTE@1.0: 0.2965 (22/500 in region)
  MTE@0.1: 0.4422
  MTE@0.5: 0.6336
  MTE@1.0: 0.6719
  W2@1.0:  0.4818
  sW2@0.1: 0.2402 (280/500 in region)
  sW2@0.2: 0.2166 (205/500 in region)
  sW2@0.5: 0.3201 (85/500 in region)
  sW2@1.0: 0.4163 (22/500 in region)
  MMD@1.0: 0.0806
  Survival@1.0: 28.2%
  Stopped@1.0:  4.4%

    Drift: dec-side
  Stage 2 epoch 100/300: loss=0.099964
  Stage 2 epoch 200/300: loss=0.050523
  Stage 2 epoch 300/300: loss=0.022784
  Stage 3 epoch 100/300: loss=0.093643
  Stage 3 epoch 200/300: loss=0.066082
  Stage 3 epoch 300/300: loss=0.052793
  rcMTE@0.1: 0.2326 (280/500 in region)
  rcMTE@0.5: 0.4036 (85/500 in region)
  rcMTE@1.0: 0.5893 (22/500 in region)
  MTE@0.1: 0.4718
  MTE@0.5: 0.9298
  MTE@1.0: 1.4139
  W2@1.0:  1.1396
  sW2@0.1: 0.3569 (280/500 in region)
  sW2@0.2: 0.4080 (205/500 in region)
  sW2@0.5: 0.5937 (85/500 in region)
  sW2@1.0: 1.0442 (22/500 in region)
  MMD@1.0: 0.3199
  Survival@1.0: 28.2%
  Stopped@1.0:  4.4%

  --- AE: T+F ---
    E_mu=0.0249  E_Sigma=0.1156

    Drift: enc-pull
  Stage 2 epoch 100/300: loss=0.237850
  Stage 2 epoch 200/300: loss=0.238246
  Stage 2 epoch 300/300: loss=0.196102
  Stage 3 epoch 100/300: loss=0.023618
  Stage 3 epoch 200/300: loss=0.012454
  Stage 3 epoch 300/300: loss=0.007556
  rcMTE@0.1: 0.2127 (280/500 in region)
  rcMTE@0.5: 0.4067 (85/500 in region)
  rcMTE@1.0: 0.5199 (22/500 in region)
  MTE@0.1: 0.4309
  MTE@0.5: 0.7730
  MTE@1.0: 0.9759
  W2@1.0:  0.7689
  sW2@0.1: 0.3174 (280/500 in region)
  sW2@0.2: 0.3096 (205/500 in region)
  sW2@0.5: 0.5116 (85/500 in region)
  sW2@1.0: 0.8282 (22/500 in region)
  MMD@1.0: 0.2173
  Survival@1.0: 28.2%
  Stopped@1.0:  4.4%

    Drift: dec-side
  Stage 2 epoch 100/300: loss=0.015640
  Stage 2 epoch 200/300: loss=0.009683
  Stage 2 epoch 300/300: loss=0.003879
  Stage 3 epoch 100/300: loss=0.023618
  Stage 3 epoch 200/300: loss=0.012454
  Stage 3 epoch 300/300: loss=0.007556
  rcMTE@0.1: 0.2164 (280/500 in region)
  rcMTE@0.5: 0.3919 (85/500 in region)
  rcMTE@1.0: 0.5585 (22/500 in region)
  MTE@0.1: 0.4495
  MTE@0.5: 0.8603
  MTE@1.0: 1.2294
  W2@1.0:  1.2061
  sW2@0.1: 0.3583 (280/500 in region)
  sW2@0.2: 0.3693 (205/500 in region)
  sW2@0.5: 0.5127 (85/500 in region)
  sW2@1.0: 0.9732 (22/500 in region)
  MMD@1.0: 0.3282
  Survival@1.0: 28.2%
  Stopped@1.0:  4.4%


Total time: 12.8 min
Saved 80 rows to rcmte_nd_sweep.csv.tmp


================================================================================
rcMTE COMPARISON SUMMARY
================================================================================

  paraboloid:
          ae       drift     rcMTE@1.0       MTE@1.0        W2@1.0          E_mu
    baseline    enc-pull  0.8122±0.135  1.3448±0.146  0.6547±0.110  0.9858±0.503
    baseline    dec-side  1.4180±0.262  2.3501±0.336  1.7674±0.350  0.9858±0.503
         T+F    enc-pull  0.9273±0.310  1.6115±0.378  1.0824±0.344  0.1021±0.043
         T+F    dec-side  1.1444±0.325  2.1110±0.414  1.7815±0.383  0.1021±0.043

    Paired comparisons (negative = first is better):
      T+F vs baseline (enc-pull)    rcMTE@1.0: Δ=+14.2%  p=0.302
      T+F vs baseline (enc-pull)      MTE@1.0: Δ=+19.8%  p=0.049*
      T+F vs baseline (enc-pull)       W2@1.0: Δ=+65.3%  p=0.009**
      enc-pull vs dec-side (T+F)    rcMTE@1.0: Δ=-19.0%  p=0.000**
      enc-pull vs dec-side (T+F)      MTE@1.0: Δ=-23.7%  p=0.000**
      enc-pull vs dec-side (T+F)       W2@1.0: Δ=-39.2%  p=0.000**

  hyperbolic_paraboloid:
          ae       drift     rcMTE@1.0       MTE@1.0        W2@1.0          E_mu
    baseline    enc-pull  0.6784±0.263  1.1767±0.345  0.5715±0.143  0.6236±0.280
    baseline    dec-side  1.1363±0.364  1.9230±0.418  1.2899±0.155  0.6236±0.280
         T+F    enc-pull  0.9919±0.347  1.7132±0.414  0.9568±0.302  0.0437±0.019
         T+F    dec-side  1.1767±0.416  2.0391±0.482  1.4393±0.397  0.0437±0.019

    Paired comparisons (negative = first is better):
      T+F vs baseline (enc-pull)    rcMTE@1.0: Δ=+46.2%  p=0.000**
      T+F vs baseline (enc-pull)      MTE@1.0: Δ=+45.6%  p=0.000**
      T+F vs baseline (enc-pull)       W2@1.0: Δ=+67.4%  p=0.006**
      enc-pull vs dec-side (T+F)    rcMTE@1.0: Δ=-15.7%  p=0.000**
      enc-pull vs dec-side (T+F)      MTE@1.0: Δ=-16.0%  p=0.000**
      enc-pull vs dec-side (T+F)       W2@1.0: Δ=-33.5%  p=0.000**

=== D=11, N=100 ===
Device: cuda
D=11, N=100
Seeds (10): [42, 1042, 2042, 3042, 4042, 5042, 6042, 7042, 8042, 9042]
Surfaces: ['paraboloid', 'hyperbolic_paraboloid']


============================================================
  paraboloid | D=11 | seed=42
============================================================

  --- AE: baseline ---
    E_mu=0.8416  E_Sigma=1.2214

    Drift: enc-pull
  Stage 2 epoch 100/300: loss=0.734967
  Stage 2 epoch 200/300: loss=0.340625
  Stage 2 epoch 300/300: loss=0.142067
  Stage 3 epoch 100/300: loss=0.147561
  Stage 3 epoch 200/300: loss=0.091071
  Stage 3 epoch 300/300: loss=0.058940
  rcMTE@0.1: 0.4438 (292/500 in region)
  rcMTE@0.5: 0.8295 (97/500 in region)
  rcMTE@1.0: 0.7465 (21/500 in region)
  MTE@0.1: 0.8003
  MTE@0.5: 1.3245
  MTE@1.0: 1.3102
  W2@1.0:  0.4179
  sW2@0.1: 0.3635 (292/500 in region)
  sW2@0.2: 0.4635 (214/500 in region)
  sW2@0.5: 0.5946 (97/500 in region)
  sW2@1.0: 0.6424 (21/500 in region)
  MMD@1.0: 0.1156
  Survival@1.0: 28.0%
  Stopped@1.0:  4.2%

    Drift: dec-side
  Stage 2 epoch 100/300: loss=0.302320
  Stage 2 epoch 200/300: loss=0.149895
  Stage 2 epoch 300/300: loss=0.084558
  Stage 3 epoch 100/300: loss=0.147561
  Stage 3 epoch 200/300: loss=0.091071
  Stage 3 epoch 300/300: loss=0.058940
  rcMTE@0.1: 0.4831 (292/500 in region)
  rcMTE@0.5: 1.1572 (97/500 in region)
  rcMTE@1.0: 1.6147 (21/500 in region)
  MTE@0.1: 0.8636
  MTE@0.5: 1.8927
  MTE@1.0: 2.5818
  W2@1.0:  1.9676
  sW2@0.1: 0.5102 (292/500 in region)
  sW2@0.2: 0.7614 (214/500 in region)
  sW2@0.5: 1.2643 (97/500 in region)
  sW2@1.0: 2.1071 (21/500 in region)
  MMD@1.0: 0.4300
  Survival@1.0: 28.0%
  Stopped@1.0:  4.2%

  --- AE: T+F ---
    E_mu=0.0309  E_Sigma=0.0297

    Drift: enc-pull
  Stage 2 epoch 100/300: loss=0.022037
  Stage 2 epoch 200/300: loss=0.016707
  Stage 2 epoch 300/300: loss=0.019670
  Stage 3 epoch 100/300: loss=0.027985
  Stage 3 epoch 200/300: loss=0.008812
  Stage 3 epoch 300/300: loss=0.004047
  rcMTE@0.1: 0.5297 (292/500 in region)
  rcMTE@0.5: 0.9773 (97/500 in region)
  rcMTE@1.0: 0.7833 (21/500 in region)
  MTE@0.1: 0.9363
  MTE@0.5: 1.6592
  MTE@1.0: 1.7299
  W2@1.0:  0.9915
  sW2@0.1: 0.5166 (292/500 in region)
  sW2@0.2: 0.7507 (214/500 in region)
  sW2@0.5: 1.1696 (97/500 in region)
  sW2@1.0: 1.1953 (21/500 in region)
  MMD@1.0: 0.3643
  Survival@1.0: 28.0%
  Stopped@1.0:  4.2%

    Drift: dec-side
  Stage 2 epoch 100/300: loss=0.023757
  Stage 2 epoch 200/300: loss=0.009662
  Stage 2 epoch 300/300: loss=0.005921
  Stage 3 epoch 100/300: loss=0.027985
  Stage 3 epoch 200/300: loss=0.008812
  Stage 3 epoch 300/300: loss=0.004047
  rcMTE@0.1: 0.5350 (292/500 in region)
  rcMTE@0.5: 1.0710 (97/500 in region)
  rcMTE@1.0: 0.9760 (21/500 in region)
  MTE@0.1: 0.9523
  MTE@0.5: 1.8643
  MTE@1.0: 2.1271
  W2@1.0:  1.6541
  sW2@0.1: 0.5456 (292/500 in region)
  sW2@0.2: 0.8382 (214/500 in region)
  sW2@0.5: 1.5103 (97/500 in region)
  sW2@1.0: 1.7297 (21/500 in region)
  MMD@1.0: 0.4349
  Survival@1.0: 28.0%
  Stopped@1.0:  4.2%

============================================================
  paraboloid | D=11 | seed=1042
============================================================

  --- AE: baseline ---
    E_mu=0.6692  E_Sigma=1.4189

    Drift: enc-pull
  Stage 2 epoch 100/300: loss=1.878977
  Stage 2 epoch 200/300: loss=0.341661
  Stage 2 epoch 300/300: loss=0.199127
  Stage 3 epoch 100/300: loss=0.087767
  Stage 3 epoch 200/300: loss=0.077018
  Stage 3 epoch 300/300: loss=0.073820
  rcMTE@0.1: 0.4847 (285/500 in region)
  rcMTE@0.5: 0.7255 (98/500 in region)
  rcMTE@1.0: 0.6996 (31/500 in region)
  MTE@0.1: 0.8017
  MTE@0.5: 1.2838
  MTE@1.0: 1.3101
  W2@1.0:  0.5952
  sW2@0.1: 0.3461 (285/500 in region)
  sW2@0.2: 0.3940 (204/500 in region)
  sW2@0.5: 0.3963 (98/500 in region)
  sW2@1.0: 0.6736 (31/500 in region)
  MMD@1.0: 0.1093
  Survival@1.0: 29.8%
  Stopped@1.0:  6.2%

    Drift: dec-side
  Stage 2 epoch 100/300: loss=0.588869
  Stage 2 epoch 200/300: loss=0.075707
  Stage 2 epoch 300/300: loss=0.030882
  Stage 3 epoch 100/300: loss=0.087767
  Stage 3 epoch 200/300: loss=0.077018
  Stage 3 epoch 300/300: loss=0.073820
  rcMTE@0.1: 0.5290 (285/500 in region)
  rcMTE@0.5: 0.9622 (98/500 in region)
  rcMTE@1.0: 1.0525 (31/500 in region)
  MTE@0.1: 0.8646
  MTE@0.5: 1.7175
  MTE@1.0: 2.0279
  W2@1.0:  1.4342
  sW2@0.1: 0.5131 (285/500 in region)
  sW2@0.2: 0.7937 (204/500 in region)
  sW2@0.5: 1.0796 (98/500 in region)
  sW2@1.0: 1.3080 (31/500 in region)
  MMD@1.0: 0.2501
  Survival@1.0: 29.8%
  Stopped@1.0:  6.2%

  --- AE: T+F ---
    E_mu=0.0602  E_Sigma=0.0776

    Drift: enc-pull
  Stage 2 epoch 100/300: loss=0.780627
  Stage 2 epoch 200/300: loss=0.100840
  Stage 2 epoch 300/300: loss=0.092363
  Stage 3 epoch 100/300: loss=0.023862
  Stage 3 epoch 200/300: loss=0.017630
  Stage 3 epoch 300/300: loss=0.015004
  rcMTE@0.1: 0.4996 (285/500 in region)
  rcMTE@0.5: 0.9511 (98/500 in region)
  rcMTE@1.0: 0.9084 (31/500 in region)
  MTE@0.1: 0.8322
  MTE@0.5: 1.5320
  MTE@1.0: 1.7031
  W2@1.0:  1.0625
  sW2@0.1: 0.4159 (285/500 in region)
  sW2@0.2: 0.7497 (204/500 in region)
  sW2@0.5: 0.9651 (98/500 in region)
  sW2@1.0: 1.0737 (31/500 in region)
  MMD@1.0: 0.2396
  Survival@1.0: 29.8%
  Stopped@1.0:  6.2%

    Drift: dec-side
  Stage 2 epoch 100/300: loss=0.021595
  Stage 2 epoch 200/300: loss=0.015702
  Stage 2 epoch 300/300: loss=0.011076
  Stage 3 epoch 100/300: loss=0.023862
  Stage 3 epoch 200/300: loss=0.017630
  Stage 3 epoch 300/300: loss=0.015004
  rcMTE@0.1: 0.5088 (285/500 in region)
  rcMTE@0.5: 1.0499 (98/500 in region)
  rcMTE@1.0: 1.1214 (31/500 in region)
  MTE@0.1: 0.8543
  MTE@0.5: 1.7242
  MTE@1.0: 2.0814
  W2@1.0:  1.6045
  sW2@0.1: 0.4603 (285/500 in region)
  sW2@0.2: 0.8526 (204/500 in region)
  sW2@0.5: 1.2411 (98/500 in region)
  sW2@1.0: 1.5921 (31/500 in region)
  MMD@1.0: 0.3367
  Survival@1.0: 29.8%
  Stopped@1.0:  6.2%

============================================================
  paraboloid | D=11 | seed=2042
============================================================

  --- AE: baseline ---
    E_mu=0.8088  E_Sigma=0.5865

    Drift: enc-pull
  Stage 2 epoch 100/300: loss=1.358547
  Stage 2 epoch 200/300: loss=0.631537
  Stage 2 epoch 300/300: loss=0.136133
  Stage 3 epoch 100/300: loss=0.105949
  Stage 3 epoch 200/300: loss=0.051388
  Stage 3 epoch 300/300: loss=0.042783
  rcMTE@0.1: 0.7353 (293/500 in region)
  rcMTE@0.5: 1.2103 (88/500 in region)
  rcMTE@1.0: 1.0439 (24/500 in region)
  MTE@0.1: 1.2581
  MTE@0.5: 1.8249
  MTE@1.0: 1.6814
  W2@1.0:  0.6984
  sW2@0.1: 0.6228 (293/500 in region)
  sW2@0.2: 0.7635 (212/500 in region)
  sW2@0.5: 0.9708 (88/500 in region)
  sW2@1.0: 0.5982 (24/500 in region)
  MMD@1.0: 0.1832
  Survival@1.0: 26.6%
  Stopped@1.0:  4.8%

    Drift: dec-side
  Stage 2 epoch 100/300: loss=0.211848
  Stage 2 epoch 200/300: loss=0.053315
  Stage 2 epoch 300/300: loss=0.024304
  Stage 3 epoch 100/300: loss=0.105949
  Stage 3 epoch 200/300: loss=0.051388
  Stage 3 epoch 300/300: loss=0.042783
  rcMTE@0.1: 0.8078 (293/500 in region)
  rcMTE@0.5: 1.6275 (88/500 in region)
  rcMTE@1.0: 1.9112 (24/500 in region)
  MTE@0.1: 1.4050
  MTE@0.5: 2.6454
  MTE@1.0: 2.9780
  W2@1.0:  2.4749
  sW2@0.1: 0.9948 (293/500 in region)
  sW2@0.2: 1.5199 (212/500 in region)
  sW2@0.5: 2.4111 (88/500 in region)
  sW2@1.0: 3.2245 (24/500 in region)
  MMD@1.0: 0.4182
  Survival@1.0: 26.6%
  Stopped@1.0:  4.8%

  --- AE: T+F ---
    E_mu=0.0186  E_Sigma=0.0305

    Drift: enc-pull
  Stage 2 epoch 100/300: loss=0.026025
  Stage 2 epoch 200/300: loss=0.026877
  Stage 2 epoch 300/300: loss=0.020705
  Stage 3 epoch 100/300: loss=0.024489
  Stage 3 epoch 200/300: loss=0.011197
  Stage 3 epoch 300/300: loss=0.006667
  rcMTE@0.1: 0.7990 (293/500 in region)
  rcMTE@0.5: 1.5349 (88/500 in region)
  rcMTE@1.0: 1.4157 (24/500 in region)
  MTE@0.1: 1.4066
  MTE@0.5: 2.4616
  MTE@1.0: 2.3699
  W2@1.0:  1.6690
  sW2@0.1: 0.9804 (293/500 in region)
  sW2@0.2: 1.4151 (212/500 in region)
  sW2@0.5: 2.0057 (88/500 in region)
  sW2@1.0: 2.1808 (24/500 in region)
  MMD@1.0: 0.3780
  Survival@1.0: 26.6%
  Stopped@1.0:  4.8%

    Drift: dec-side
  Stage 2 epoch 100/300: loss=0.027721
  Stage 2 epoch 200/300: loss=0.013496
  Stage 2 epoch 300/300: loss=0.007578
  Stage 3 epoch 100/300: loss=0.024489
  Stage 3 epoch 200/300: loss=0.011197
  Stage 3 epoch 300/300: loss=0.006667
  rcMTE@0.1: 0.8122 (293/500 in region)
  rcMTE@0.5: 1.6515 (88/500 in region)
  rcMTE@1.0: 1.6591 (24/500 in region)
  MTE@0.1: 1.4347
  MTE@0.5: 2.6543
  MTE@1.0: 2.7592
  W2@1.0:  2.2576
  sW2@0.1: 1.0425 (293/500 in region)
  sW2@0.2: 1.5478 (212/500 in region)
  sW2@0.5: 2.3445 (88/500 in region)
  sW2@1.0: 2.9157 (24/500 in region)
  MMD@1.0: 0.4235
  Survival@1.0: 26.6%
  Stopped@1.0:  4.8%

============================================================
  paraboloid | D=11 | seed=3042
============================================================

  --- AE: baseline ---
    E_mu=0.5526  E_Sigma=0.5658

    Drift: enc-pull
  Stage 2 epoch 100/300: loss=0.664024
  Stage 2 epoch 200/300: loss=0.227821
  Stage 2 epoch 300/300: loss=0.083777
  Stage 3 epoch 100/300: loss=0.126965
  Stage 3 epoch 200/300: loss=0.099415
  Stage 3 epoch 300/300: loss=0.075140
  rcMTE@0.1: 0.4413 (275/500 in region)
  rcMTE@0.5: 0.7409 (78/500 in region)
  rcMTE@1.0: 0.7433 (25/500 in region)
  MTE@0.1: 0.8541
  MTE@0.5: 1.1894
  MTE@1.0: 1.3442
  W2@1.0:  0.7588
  sW2@0.1: 0.4337 (275/500 in region)
  sW2@0.2: 0.4509 (204/500 in region)
  sW2@0.5: 0.7181 (78/500 in region)
  sW2@1.0: 1.1549 (25/500 in region)
  MMD@1.0: 0.1986
  Survival@1.0: 27.2%
  Stopped@1.0:  5.0%

    Drift: dec-side
  Stage 2 epoch 100/300: loss=0.142680
  Stage 2 epoch 200/300: loss=0.049013
  Stage 2 epoch 300/300: loss=0.020420
  Stage 3 epoch 100/300: loss=0.126965
  Stage 3 epoch 200/300: loss=0.099415
  Stage 3 epoch 300/300: loss=0.075140
  rcMTE@0.1: 0.4834 (275/500 in region)
  rcMTE@0.5: 0.9619 (78/500 in region)
  rcMTE@1.0: 1.3786 (25/500 in region)
  MTE@0.1: 0.9231
  MTE@0.5: 1.6232
  MTE@1.0: 2.3670
  W2@1.0:  1.9157
  sW2@0.1: 0.6146 (275/500 in region)
  sW2@0.2: 0.7479 (204/500 in region)
  sW2@0.5: 1.4432 (78/500 in region)
  sW2@1.0: 2.3311 (25/500 in region)
  MMD@1.0: 0.3526
  Survival@1.0: 27.2%
  Stopped@1.0:  5.0%

  --- AE: T+F ---
    E_mu=0.0121  E_Sigma=0.0102

    Drift: enc-pull
  Stage 2 epoch 100/300: loss=0.018725
  Stage 2 epoch 200/300: loss=0.021132
  Stage 2 epoch 300/300: loss=0.017609
  Stage 3 epoch 100/300: loss=0.044261
  Stage 3 epoch 200/300: loss=0.028485
  Stage 3 epoch 300/300: loss=0.007021
  rcMTE@0.1: 0.5148 (275/500 in region)
  rcMTE@0.5: 0.9449 (78/500 in region)
  rcMTE@1.0: 1.0860 (25/500 in region)
  MTE@0.1: 0.9525
  MTE@0.5: 1.5376
  MTE@1.0: 2.0737
  W2@1.0:  1.5867
  sW2@0.1: 0.5930 (275/500 in region)
  sW2@0.2: 0.7720 (204/500 in region)
  sW2@0.5: 1.3545 (78/500 in region)
  sW2@1.0: 1.6730 (25/500 in region)
  MMD@1.0: 0.3845
  Survival@1.0: 27.2%
  Stopped@1.0:  5.0%

    Drift: dec-side
  Stage 2 epoch 100/300: loss=0.030772
  Stage 2 epoch 200/300: loss=0.017323
  Stage 2 epoch 300/300: loss=0.011570
  Stage 3 epoch 100/300: loss=0.044261
  Stage 3 epoch 200/300: loss=0.028485
  Stage 3 epoch 300/300: loss=0.007021
  rcMTE@0.1: 0.5186 (275/500 in region)
  rcMTE@0.5: 0.9848 (78/500 in region)
  rcMTE@1.0: 1.1948 (25/500 in region)
  MTE@0.1: 0.9638
  MTE@0.5: 1.6374
  MTE@1.0: 2.3625
  W2@1.0:  1.9591
  sW2@0.1: 0.6177 (275/500 in region)
  sW2@0.2: 0.8215 (204/500 in region)
  sW2@0.5: 1.4910 (78/500 in region)
  sW2@1.0: 1.9878 (25/500 in region)
  MMD@1.0: 0.4220
  Survival@1.0: 27.2%
  Stopped@1.0:  5.0%

============================================================
  paraboloid | D=11 | seed=4042
============================================================

  --- AE: baseline ---
    E_mu=0.7523  E_Sigma=0.6290

    Drift: enc-pull
  Stage 2 epoch 100/300: loss=1.167867
  Stage 2 epoch 200/300: loss=0.375058
  Stage 2 epoch 300/300: loss=0.245471
  Stage 3 epoch 100/300: loss=0.256672
  Stage 3 epoch 200/300: loss=0.097301
  Stage 3 epoch 300/300: loss=0.083767
  rcMTE@0.1: 0.5716 (287/500 in region)
  rcMTE@0.5: 0.8093 (102/500 in region)
  rcMTE@1.0: 0.8502 (30/500 in region)
  MTE@0.1: 0.9786
  MTE@0.5: 1.3427
  MTE@1.0: 1.3189
  W2@1.0:  0.4514
  sW2@0.1: 0.3568 (287/500 in region)
  sW2@0.2: 0.4942 (207/500 in region)
  sW2@0.5: 0.5211 (102/500 in region)
  sW2@1.0: 0.9100 (30/500 in region)
  MMD@1.0: 0.1459
  Survival@1.0: 28.2%
  Stopped@1.0:  6.0%

    Drift: dec-side
  Stage 2 epoch 100/300: loss=0.325592
  Stage 2 epoch 200/300: loss=0.074904
  Stage 2 epoch 300/300: loss=0.036614
  Stage 3 epoch 100/300: loss=0.256672
  Stage 3 epoch 200/300: loss=0.097301
  Stage 3 epoch 300/300: loss=0.083767
  rcMTE@0.1: 0.6167 (287/500 in region)
  rcMTE@0.5: 0.9958 (102/500 in region)
  rcMTE@1.0: 1.2818 (30/500 in region)
  MTE@0.1: 1.0467
  MTE@0.5: 1.7990
  MTE@1.0: 2.3356
  W2@1.0:  1.7556
  sW2@0.1: 0.5484 (287/500 in region)
  sW2@0.2: 0.8552 (207/500 in region)
  sW2@0.5: 1.1294 (102/500 in region)
  sW2@1.0: 1.9294 (30/500 in region)
  MMD@1.0: 0.4085
  Survival@1.0: 28.2%
  Stopped@1.0:  6.0%

  --- AE: T+F ---
    E_mu=0.0251  E_Sigma=0.0403

    Drift: enc-pull
  Stage 2 epoch 100/300: loss=0.041881
  Stage 2 epoch 200/300: loss=0.025161
  Stage 2 epoch 300/300: loss=0.023903
  Stage 3 epoch 100/300: loss=0.017905
  Stage 3 epoch 200/300: loss=0.007221
  Stage 3 epoch 300/300: loss=0.003501
  rcMTE@0.1: 0.5700 (287/500 in region)
  rcMTE@0.5: 0.9370 (102/500 in region)
  rcMTE@1.0: 0.8960 (30/500 in region)
  MTE@0.1: 1.0011
  MTE@0.5: 1.6586
  MTE@1.0: 1.7841
  W2@1.0:  1.2871
  sW2@0.1: 0.5175 (287/500 in region)
  sW2@0.2: 0.8841 (207/500 in region)
  sW2@0.5: 1.0764 (102/500 in region)
  sW2@1.0: 1.0739 (30/500 in region)
  MMD@1.0: 0.4070
  Survival@1.0: 28.2%
  Stopped@1.0:  6.0%

    Drift: dec-side
  Stage 2 epoch 100/300: loss=0.011809
  Stage 2 epoch 200/300: loss=0.007057
  Stage 2 epoch 300/300: loss=0.004798
  Stage 3 epoch 100/300: loss=0.017905
  Stage 3 epoch 200/300: loss=0.007221
  Stage 3 epoch 300/300: loss=0.003501
  rcMTE@0.1: 0.5744 (287/500 in region)
  rcMTE@0.5: 0.9789 (102/500 in region)
  rcMTE@1.0: 1.0252 (30/500 in region)
  MTE@0.1: 1.0168
  MTE@0.5: 1.7587
  MTE@1.0: 2.1083
  W2@1.0:  1.6539
  sW2@0.1: 0.5421 (287/500 in region)
  sW2@0.2: 0.9495 (207/500 in region)
  sW2@0.5: 1.2304 (102/500 in region)
  sW2@1.0: 1.4463 (30/500 in region)
  MMD@1.0: 0.4565
  Survival@1.0: 28.2%
  Stopped@1.0:  6.0%

============================================================
  paraboloid | D=11 | seed=5042
============================================================

  --- AE: baseline ---
    E_mu=1.0231  E_Sigma=1.2481

    Drift: enc-pull
  Stage 2 epoch 100/300: loss=0.872302
  Stage 2 epoch 200/300: loss=0.675441
  Stage 2 epoch 300/300: loss=0.312603
  Stage 3 epoch 100/300: loss=0.139860
  Stage 3 epoch 200/300: loss=0.073692
  Stage 3 epoch 300/300: loss=0.068778
  rcMTE@0.1: 0.5554 (285/500 in region)
  rcMTE@0.5: 0.7869 (93/500 in region)
  rcMTE@1.0: 0.5994 (33/500 in region)
  MTE@0.1: 0.9694
  MTE@0.5: 1.3715
  MTE@1.0: 1.1947
  W2@1.0:  0.6747
  sW2@0.1: 0.3593 (285/500 in region)
  sW2@0.2: 0.4856 (216/500 in region)
  sW2@0.5: 0.5385 (93/500 in region)
  sW2@1.0: 0.6647 (33/500 in region)
  MMD@1.0: 0.1468
  Survival@1.0: 25.8%
  Stopped@1.0:  6.6%

    Drift: dec-side
  Stage 2 epoch 100/300: loss=0.127045
  Stage 2 epoch 200/300: loss=0.033645
  Stage 2 epoch 300/300: loss=0.015739
  Stage 3 epoch 100/300: loss=0.139860
  Stage 3 epoch 200/300: loss=0.073692
  Stage 3 epoch 300/300: loss=0.068778
  rcMTE@0.1: 0.6351 (285/500 in region)
  rcMTE@0.5: 1.1995 (93/500 in region)
  rcMTE@1.0: 1.4273 (33/500 in region)
  MTE@0.1: 1.0535
  MTE@0.5: 1.9758
  MTE@1.0: 2.4602
  W2@1.0:  1.9515
  sW2@0.1: 0.5997 (285/500 in region)
  sW2@0.2: 0.8925 (216/500 in region)
  sW2@0.5: 1.3348 (93/500 in region)
  sW2@1.0: 1.8851 (33/500 in region)
  MMD@1.0: 0.3936
  Survival@1.0: 25.8%
  Stopped@1.0:  6.6%

  --- AE: T+F ---
    E_mu=0.0275  E_Sigma=0.0693

    Drift: enc-pull
  Stage 2 epoch 100/300: loss=0.178076
  Stage 2 epoch 200/300: loss=0.147612
  Stage 2 epoch 300/300: loss=0.109560
  Stage 3 epoch 100/300: loss=0.022117
  Stage 3 epoch 200/300: loss=0.010120
  Stage 3 epoch 300/300: loss=0.005811
  rcMTE@0.1: 0.5383 (285/500 in region)
  rcMTE@0.5: 0.9034 (93/500 in region)
  rcMTE@1.0: 0.9897 (33/500 in region)
  MTE@0.1: 0.9628
  MTE@0.5: 1.5440
  MTE@1.0: 1.9477
  W2@1.0:  1.3204
  sW2@0.1: 0.6318 (285/500 in region)
  sW2@0.2: 0.7941 (216/500 in region)
  sW2@0.5: 1.0441 (93/500 in region)
  sW2@1.0: 1.3204 (33/500 in region)
  MMD@1.0: 0.4010
  Survival@1.0: 25.8%
  Stopped@1.0:  6.6%

    Drift: dec-side
  Stage 2 epoch 100/300: loss=0.025872
  Stage 2 epoch 200/300: loss=0.014621
  Stage 2 epoch 300/300: loss=0.010591
  Stage 3 epoch 100/300: loss=0.022117
  Stage 3 epoch 200/300: loss=0.010120
  Stage 3 epoch 300/300: loss=0.005811
  rcMTE@0.1: 0.5598 (285/500 in region)
  rcMTE@0.5: 1.0405 (93/500 in region)
  rcMTE@1.0: 1.2426 (33/500 in region)
  MTE@0.1: 1.0115
  MTE@0.5: 1.8455
  MTE@1.0: 2.5059
  W2@1.0:  2.1181
  sW2@0.1: 0.7567 (285/500 in region)
  sW2@0.2: 1.0223 (216/500 in region)
  sW2@0.5: 1.5124 (93/500 in region)
  sW2@1.0: 2.1492 (33/500 in region)
  MMD@1.0: 0.4623
  Survival@1.0: 25.8%
  Stopped@1.0:  6.6%

============================================================
  paraboloid | D=11 | seed=6042
============================================================

  --- AE: baseline ---
    E_mu=0.5229  E_Sigma=0.7333

    Drift: enc-pull
  Stage 2 epoch 100/300: loss=0.856955
  Stage 2 epoch 200/300: loss=0.277384
  Stage 2 epoch 300/300: loss=0.178182
  Stage 3 epoch 100/300: loss=0.067347
  Stage 3 epoch 200/300: loss=0.051485
  Stage 3 epoch 300/300: loss=0.049233
  rcMTE@0.1: 0.4208 (290/500 in region)
  rcMTE@0.5: 0.6206 (89/500 in region)
  rcMTE@1.0: 0.6238 (30/500 in region)
  MTE@0.1: 0.7670
  MTE@0.5: 1.2878
  MTE@1.0: 1.2471
  W2@1.0:  0.7221
  sW2@0.1: 0.3008 (290/500 in region)
  sW2@0.2: 0.3621 (208/500 in region)
  sW2@0.5: 0.4143 (89/500 in region)
  sW2@1.0: 0.6216 (30/500 in region)
  MMD@1.0: 0.1584
  Survival@1.0: 27.2%
  Stopped@1.0:  6.0%

    Drift: dec-side
  Stage 2 epoch 100/300: loss=0.164532
  Stage 2 epoch 200/300: loss=0.079119
  Stage 2 epoch 300/300: loss=0.037994
  Stage 3 epoch 100/300: loss=0.067347
  Stage 3 epoch 200/300: loss=0.051485
  Stage 3 epoch 300/300: loss=0.049233
  rcMTE@0.1: 0.4418 (290/500 in region)
  rcMTE@0.5: 0.8440 (89/500 in region)
  rcMTE@1.0: 1.0698 (30/500 in region)
  MTE@0.1: 0.7898
  MTE@0.5: 1.6529
  MTE@1.0: 1.8527
  W2@1.0:  1.3279
  sW2@0.1: 0.3901 (290/500 in region)
  sW2@0.2: 0.5954 (208/500 in region)
  sW2@0.5: 0.8259 (89/500 in region)
  sW2@1.0: 1.3373 (30/500 in region)
  MMD@1.0: 0.2920
  Survival@1.0: 27.2%
  Stopped@1.0:  6.0%

  --- AE: T+F ---
    E_mu=0.0516  E_Sigma=0.1366

    Drift: enc-pull
  Stage 2 epoch 100/300: loss=0.046115
  Stage 2 epoch 200/300: loss=0.056899
  Stage 2 epoch 300/300: loss=0.034584
  Stage 3 epoch 100/300: loss=0.020601
  Stage 3 epoch 200/300: loss=0.009587
  Stage 3 epoch 300/300: loss=0.008076
  rcMTE@0.1: 0.5332 (290/500 in region)
  rcMTE@0.5: 0.9924 (89/500 in region)
  rcMTE@1.0: 1.2261 (30/500 in region)
  MTE@0.1: 0.9494
  MTE@0.5: 1.7958
  MTE@1.0: 1.9453
  W2@1.0:  1.5094
  sW2@0.1: 0.5795 (290/500 in region)
  sW2@0.2: 0.8944 (208/500 in region)
  sW2@0.5: 1.1867 (89/500 in region)
  sW2@1.0: 1.7180 (30/500 in region)
  MMD@1.0: 0.3725
  Survival@1.0: 27.2%
  Stopped@1.0:  6.0%

    Drift: dec-side
  Stage 2 epoch 100/300: loss=0.019068
  Stage 2 epoch 200/300: loss=0.010033
  Stage 2 epoch 300/300: loss=0.003866
  Stage 3 epoch 100/300: loss=0.020601
  Stage 3 epoch 200/300: loss=0.009587
  Stage 3 epoch 300/300: loss=0.008076
  rcMTE@0.1: 0.5464 (290/500 in region)
  rcMTE@0.5: 1.0918 (89/500 in region)
  rcMTE@1.0: 1.4804 (30/500 in region)
  MTE@0.1: 0.9778
  MTE@0.5: 2.0175
  MTE@1.0: 2.4945
  W2@1.0:  2.2211
  sW2@0.1: 0.6386 (290/500 in region)
  sW2@0.2: 1.0226 (208/500 in region)
  sW2@0.5: 1.5082 (89/500 in region)
  sW2@1.0: 2.3902 (30/500 in region)
  MMD@1.0: 0.4521
  Survival@1.0: 27.2%
  Stopped@1.0:  6.0%

============================================================
  paraboloid | D=11 | seed=7042
============================================================

  --- AE: baseline ---
    E_mu=0.2675  E_Sigma=0.3819

    Drift: enc-pull
  Stage 2 epoch 100/300: loss=0.837236
  Stage 2 epoch 200/300: loss=0.407567
  Stage 2 epoch 300/300: loss=0.252610
  Stage 3 epoch 100/300: loss=0.075933
  Stage 3 epoch 200/300: loss=0.067289
  Stage 3 epoch 300/300: loss=0.061279
  rcMTE@0.1: 0.5691 (316/500 in region)
  rcMTE@0.5: 0.8368 (109/500 in region)
  rcMTE@1.0: 0.9027 (29/500 in region)
  MTE@0.1: 0.9575
  MTE@0.5: 1.4439
  MTE@1.0: 1.4630
  W2@1.0:  0.6996
  sW2@0.1: 0.4174 (316/500 in region)
  sW2@0.2: 0.4902 (232/500 in region)
  sW2@0.5: 0.4666 (109/500 in region)
  sW2@1.0: 0.4887 (29/500 in region)
  MMD@1.0: 0.1463
  Survival@1.0: 28.8%
  Stopped@1.0:  5.8%

    Drift: dec-side
  Stage 2 epoch 100/300: loss=0.187468
  Stage 2 epoch 200/300: loss=0.067532
  Stage 2 epoch 300/300: loss=0.027830
  Stage 3 epoch 100/300: loss=0.075933
  Stage 3 epoch 200/300: loss=0.067289
  Stage 3 epoch 300/300: loss=0.061279
  rcMTE@0.1: 0.6325 (316/500 in region)
  rcMTE@0.5: 1.2100 (109/500 in region)
  rcMTE@1.0: 1.3725 (29/500 in region)
  MTE@0.1: 1.0437
  MTE@0.5: 1.9313
  MTE@1.0: 2.2761
  W2@1.0:  1.5458
  sW2@0.1: 0.7002 (316/500 in region)
  sW2@0.2: 1.0745 (232/500 in region)
  sW2@0.5: 1.3420 (109/500 in region)
  sW2@1.0: 1.5081 (29/500 in region)
  MMD@1.0: 0.3541
  Survival@1.0: 28.8%
  Stopped@1.0:  5.8%

  --- AE: T+F ---
    E_mu=0.0153  E_Sigma=0.0313

    Drift: enc-pull
  Stage 2 epoch 100/300: loss=0.042221
  Stage 2 epoch 200/300: loss=0.036032
  Stage 2 epoch 300/300: loss=0.045384
  Stage 3 epoch 100/300: loss=0.016048
  Stage 3 epoch 200/300: loss=0.008393
  Stage 3 epoch 300/300: loss=0.006243
  rcMTE@0.1: 0.5868 (316/500 in region)
  rcMTE@0.5: 0.9605 (109/500 in region)
  rcMTE@1.0: 1.1745 (29/500 in region)
  MTE@0.1: 1.0253
  MTE@0.5: 1.6524
  MTE@1.0: 1.9586
  W2@1.0:  1.3250
  sW2@0.1: 0.6709 (316/500 in region)
  sW2@0.2: 0.9758 (232/500 in region)
  sW2@0.5: 1.1665 (109/500 in region)
  sW2@1.0: 1.5474 (29/500 in region)
  MMD@1.0: 0.3483
  Survival@1.0: 28.8%
  Stopped@1.0:  5.8%

    Drift: dec-side
  Stage 2 epoch 100/300: loss=0.021941
  Stage 2 epoch 200/300: loss=0.011766
  Stage 2 epoch 300/300: loss=0.006219
  Stage 3 epoch 100/300: loss=0.016048
  Stage 3 epoch 200/300: loss=0.008393
  Stage 3 epoch 300/300: loss=0.006243
  rcMTE@0.1: 0.5996 (316/500 in region)
  rcMTE@0.5: 1.0666 (109/500 in region)
  rcMTE@1.0: 1.3982 (29/500 in region)
  MTE@0.1: 1.0517
  MTE@0.5: 1.8552
  MTE@1.0: 2.4642
  W2@1.0:  2.0712
  sW2@0.1: 0.7461 (316/500 in region)
  sW2@0.2: 1.1566 (232/500 in region)
  sW2@0.5: 1.4922 (109/500 in region)
  sW2@1.0: 2.1060 (29/500 in region)
  MMD@1.0: 0.4236
  Survival@1.0: 28.8%
  Stopped@1.0:  5.8%

============================================================
  paraboloid | D=11 | seed=8042
============================================================

  --- AE: baseline ---
    E_mu=0.6601  E_Sigma=1.0221

    Drift: enc-pull
  Stage 2 epoch 100/300: loss=0.790978
  Stage 2 epoch 200/300: loss=0.687722
  Stage 2 epoch 300/300: loss=0.479520
  Stage 3 epoch 100/300: loss=0.115464
  Stage 3 epoch 200/300: loss=0.063082
  Stage 3 epoch 300/300: loss=0.058948
  rcMTE@0.1: 0.5505 (269/500 in region)
  rcMTE@0.5: 0.8772 (84/500 in region)
  rcMTE@1.0: 0.8872 (29/500 in region)
  MTE@0.1: 0.9709
  MTE@0.5: 1.3598
  MTE@1.0: 1.4283
  W2@1.0:  0.6703
  sW2@0.1: 0.3926 (269/500 in region)
  sW2@0.2: 0.3787 (192/500 in region)
  sW2@0.5: 0.5815 (84/500 in region)
  sW2@1.0: 0.8230 (29/500 in region)
  MMD@1.0: 0.1585
  Survival@1.0: 27.0%
  Stopped@1.0:  5.8%

    Drift: dec-side
  Stage 2 epoch 100/300: loss=0.188906
  Stage 2 epoch 200/300: loss=0.099966
  Stage 2 epoch 300/300: loss=0.034238
  Stage 3 epoch 100/300: loss=0.115464
  Stage 3 epoch 200/300: loss=0.063082
  Stage 3 epoch 300/300: loss=0.058948
  rcMTE@0.1: 0.6068 (269/500 in region)
  rcMTE@0.5: 1.3203 (84/500 in region)
  rcMTE@1.0: 1.6620 (29/500 in region)
  MTE@0.1: 1.0472
  MTE@0.5: 2.0044
  MTE@1.0: 2.6249
  W2@1.0:  1.9688
  sW2@0.1: 0.6119 (269/500 in region)
  sW2@0.2: 0.7950 (192/500 in region)
  sW2@0.5: 1.5899 (84/500 in region)
  sW2@1.0: 2.3006 (29/500 in region)
  MMD@1.0: 0.3926
  Survival@1.0: 27.0%
  Stopped@1.0:  5.8%

  --- AE: T+F ---
    E_mu=0.0387  E_Sigma=0.1336

    Drift: enc-pull
  Stage 2 epoch 100/300: loss=0.045478
  Stage 2 epoch 200/300: loss=0.073085
  Stage 2 epoch 300/300: loss=0.026544
  Stage 3 epoch 100/300: loss=0.019353
  Stage 3 epoch 200/300: loss=0.011323
  Stage 3 epoch 300/300: loss=0.008613
  rcMTE@0.1: 0.2293 (269/500 in region)
  rcMTE@0.5: 0.4414 (84/500 in region)
  rcMTE@1.0: 0.5840 (29/500 in region)
  MTE@0.1: 0.4393
  MTE@0.5: 0.8163
  MTE@1.0: 0.9713
  W2@1.0:  0.7394
  sW2@0.1: 0.3766 (269/500 in region)
  sW2@0.2: 0.4418 (192/500 in region)
  sW2@0.5: 0.7204 (84/500 in region)
  sW2@1.0: 1.2736 (29/500 in region)
  MMD@1.0: 0.2850
  Survival@1.0: 27.0%
  Stopped@1.0:  5.8%

    Drift: dec-side
  Stage 2 epoch 100/300: loss=0.019639
  Stage 2 epoch 200/300: loss=0.024338
  Stage 2 epoch 300/300: loss=0.008006
  Stage 3 epoch 100/300: loss=0.019353
  Stage 3 epoch 200/300: loss=0.011323
  Stage 3 epoch 300/300: loss=0.008613
  rcMTE@0.1: 0.2375 (269/500 in region)
  rcMTE@0.5: 0.4716 (84/500 in region)
  rcMTE@1.0: 0.6773 (29/500 in region)
  MTE@0.1: 0.4568
  MTE@0.5: 0.9365
  MTE@1.0: 1.2106
  W2@1.0:  1.0231
  sW2@0.1: 0.4386 (269/500 in region)
  sW2@0.2: 0.5213 (192/500 in region)
  sW2@0.5: 0.9841 (84/500 in region)
  sW2@1.0: 1.7838 (29/500 in region)
  MMD@1.0: 0.3842
  Survival@1.0: 27.0%
  Stopped@1.0:  5.8%

============================================================
  paraboloid | D=11 | seed=9042
============================================================

  --- AE: baseline ---
    E_mu=0.4828  E_Sigma=0.6309

    Drift: enc-pull
  Stage 2 epoch 100/300: loss=0.698609
  Stage 2 epoch 200/300: loss=0.337199
  Stage 2 epoch 300/300: loss=0.234298
  Stage 3 epoch 100/300: loss=0.123973
  Stage 3 epoch 200/300: loss=0.072657
  Stage 3 epoch 300/300: loss=0.094234
  rcMTE@0.1: 0.1919 (280/500 in region)
  rcMTE@0.5: 0.3090 (85/500 in region)
  rcMTE@1.0: 0.3922 (22/500 in region)
  MTE@0.1: 0.4241
  MTE@0.5: 0.5984
  MTE@1.0: 0.6842
  W2@1.0:  0.4536
  sW2@0.1: 0.2398 (280/500 in region)
  sW2@0.2: 0.2234 (205/500 in region)
  sW2@0.5: 0.3699 (85/500 in region)
  sW2@1.0: 0.5706 (22/500 in region)
  MMD@1.0: 0.1033
  Survival@1.0: 28.2%
  Stopped@1.0:  4.4%

    Drift: dec-side
  Stage 2 epoch 100/300: loss=0.174373
  Stage 2 epoch 200/300: loss=0.053839
  Stage 2 epoch 300/300: loss=0.055179
  Stage 3 epoch 100/300: loss=0.123973
  Stage 3 epoch 200/300: loss=0.072657
  Stage 3 epoch 300/300: loss=0.094234
  rcMTE@0.1: 0.2217 (280/500 in region)
  rcMTE@0.5: 0.4653 (85/500 in region)
  rcMTE@1.0: 0.6153 (22/500 in region)
  MTE@0.1: 0.4553
  MTE@0.5: 1.0963
  MTE@1.0: 1.7709
  W2@1.0:  1.7632
  sW2@0.1: 0.3827 (280/500 in region)
  sW2@0.2: 0.4492 (205/500 in region)
  sW2@0.5: 0.8537 (85/500 in region)
  sW2@1.0: 1.1224 (22/500 in region)
  MMD@1.0: 0.4149
  Survival@1.0: 28.2%
  Stopped@1.0:  4.4%

  --- AE: T+F ---
    E_mu=0.0310  E_Sigma=0.0529

    Drift: enc-pull
  Stage 2 epoch 100/300: loss=0.045143
  Stage 2 epoch 200/300: loss=0.066475
  Stage 2 epoch 300/300: loss=0.114767
  Stage 3 epoch 100/300: loss=0.039056
  Stage 3 epoch 200/300: loss=0.013629
  Stage 3 epoch 300/300: loss=0.006488
  rcMTE@0.1: 0.2469 (280/500 in region)
  rcMTE@0.5: 0.4791 (85/500 in region)
  rcMTE@1.0: 0.6047 (22/500 in region)
  MTE@0.1: 0.4804
  MTE@0.5: 0.9638
  MTE@1.0: 1.3246
  W2@1.0:  1.2220
  sW2@0.1: 0.4222 (280/500 in region)
  sW2@0.2: 0.4060 (205/500 in region)
  sW2@0.5: 0.6826 (85/500 in region)
  sW2@1.0: 0.9769 (22/500 in region)
  MMD@1.0: 0.3559
  Survival@1.0: 28.2%
  Stopped@1.0:  4.4%

    Drift: dec-side
  Stage 2 epoch 100/300: loss=0.019755
  Stage 2 epoch 200/300: loss=0.012263
  Stage 2 epoch 300/300: loss=0.011961
  Stage 3 epoch 100/300: loss=0.039056
  Stage 3 epoch 200/300: loss=0.013629
  Stage 3 epoch 300/300: loss=0.006488
  rcMTE@0.1: 0.2546 (280/500 in region)
  rcMTE@0.5: 0.5333 (85/500 in region)
  rcMTE@1.0: 0.7536 (22/500 in region)
  MTE@0.1: 0.4993
  MTE@0.5: 1.1219
  MTE@1.0: 1.8394
  W2@1.0:  1.8564
  sW2@0.1: 0.4664 (280/500 in region)
  sW2@0.2: 0.5041 (205/500 in region)
  sW2@0.5: 0.8912 (85/500 in region)
  sW2@1.0: 1.3561 (22/500 in region)
  MMD@1.0: 0.4378
  Survival@1.0: 28.2%
  Stopped@1.0:  4.4%

============================================================
  hyperbolic_paraboloid | D=11 | seed=42
============================================================

  --- AE: baseline ---
    E_mu=0.6574  E_Sigma=0.5838

    Drift: enc-pull
  Stage 2 epoch 100/300: loss=0.303783
  Stage 2 epoch 200/300: loss=0.140326
  Stage 2 epoch 300/300: loss=0.073776
  Stage 3 epoch 100/300: loss=0.090927
  Stage 3 epoch 200/300: loss=0.057614
  Stage 3 epoch 300/300: loss=0.043986
  rcMTE@0.1: 0.4298 (292/500 in region)
  rcMTE@0.5: 0.7427 (97/500 in region)
  rcMTE@1.0: 0.6437 (21/500 in region)
  MTE@0.1: 0.7748
  MTE@0.5: 1.2550
  MTE@1.0: 1.2331
  W2@1.0:  0.4125
  sW2@0.1: 0.2887 (292/500 in region)
  sW2@0.2: 0.4029 (214/500 in region)
  sW2@0.5: 0.3887 (97/500 in region)
  sW2@1.0: 0.4852 (21/500 in region)
  MMD@1.0: 0.0605
  Survival@1.0: 28.0%
  Stopped@1.0:  4.2%

    Drift: dec-side
  Stage 2 epoch 100/300: loss=0.067483
  Stage 2 epoch 200/300: loss=0.037127
  Stage 2 epoch 300/300: loss=0.022920
  Stage 3 epoch 100/300: loss=0.090927
  Stage 3 epoch 200/300: loss=0.057614
  Stage 3 epoch 300/300: loss=0.043986
  rcMTE@0.1: 0.4630 (292/500 in region)
  rcMTE@0.5: 0.9928 (97/500 in region)
  rcMTE@1.0: 1.0968 (21/500 in region)
  MTE@0.1: 0.8118
  MTE@0.5: 1.6093
  MTE@1.0: 1.9219
  W2@1.0:  1.0029
  sW2@0.1: 0.3905 (292/500 in region)
  sW2@0.2: 0.6136 (214/500 in region)
  sW2@0.5: 0.8626 (97/500 in region)
  sW2@1.0: 1.1854 (21/500 in region)
  MMD@1.0: 0.2792
  Survival@1.0: 28.0%
  Stopped@1.0:  4.2%

  --- AE: T+F ---
    E_mu=0.0188  E_Sigma=0.0277

    Drift: enc-pull
  Stage 2 epoch 100/300: loss=0.036456
  Stage 2 epoch 200/300: loss=0.026167
  Stage 2 epoch 300/300: loss=0.028632
  Stage 3 epoch 100/300: loss=0.030816
  Stage 3 epoch 200/300: loss=0.022816
  Stage 3 epoch 300/300: loss=0.018796
  rcMTE@0.1: 0.3912 (292/500 in region)
  rcMTE@0.5: 0.6799 (97/500 in region)
  rcMTE@1.0: 0.8155 (21/500 in region)
  MTE@0.1: 0.7914
  MTE@0.5: 1.3789
  MTE@1.0: 1.5266
  W2@1.0:  0.8480
  sW2@0.1: 0.3933 (292/500 in region)
  sW2@0.2: 0.5153 (214/500 in region)
  sW2@0.5: 0.5266 (97/500 in region)
  sW2@1.0: 0.9010 (21/500 in region)
  MMD@1.0: 0.2170
  Survival@1.0: 28.0%
  Stopped@1.0:  4.2%

    Drift: dec-side
  Stage 2 epoch 100/300: loss=0.011077
  Stage 2 epoch 200/300: loss=0.007306
  Stage 2 epoch 300/300: loss=0.006583
  Stage 3 epoch 100/300: loss=0.030816
  Stage 3 epoch 200/300: loss=0.022816
  Stage 3 epoch 300/300: loss=0.018796
  rcMTE@0.1: 0.3988 (292/500 in region)
  rcMTE@0.5: 0.7277 (97/500 in region)
  rcMTE@1.0: 0.9073 (21/500 in region)
  MTE@0.1: 0.8052
  MTE@0.5: 1.5318
  MTE@1.0: 1.7708
  W2@1.0:  1.1817
  sW2@0.1: 0.4172 (292/500 in region)
  sW2@0.2: 0.5666 (214/500 in region)
  sW2@0.5: 0.6406 (97/500 in region)
  sW2@1.0: 1.1047 (21/500 in region)
  MMD@1.0: 0.2590
  Survival@1.0: 28.0%
  Stopped@1.0:  4.2%

============================================================
  hyperbolic_paraboloid | D=11 | seed=1042
============================================================

  --- AE: baseline ---
    E_mu=0.5323  E_Sigma=0.4341

    Drift: enc-pull
  Stage 2 epoch 100/300: loss=0.371566
  Stage 2 epoch 200/300: loss=0.246857
  Stage 2 epoch 300/300: loss=0.169587
  Stage 3 epoch 100/300: loss=0.106169
  Stage 3 epoch 200/300: loss=0.091375
  Stage 3 epoch 300/300: loss=0.104148
  rcMTE@0.1: 0.3902 (285/500 in region)
  rcMTE@0.5: 0.5335 (98/500 in region)
  rcMTE@1.0: 0.5127 (31/500 in region)
  MTE@0.1: 0.7304
  MTE@0.5: 1.0449
  MTE@1.0: 1.1116
  W2@1.0:  0.6458
  sW2@0.1: 0.2666 (285/500 in region)
  sW2@0.2: 0.3040 (204/500 in region)
  sW2@0.5: 0.4295 (98/500 in region)
  sW2@1.0: 0.6057 (31/500 in region)
  MMD@1.0: 0.1118
  Survival@1.0: 29.8%
  Stopped@1.0:  6.2%

    Drift: dec-side
  Stage 2 epoch 100/300: loss=0.094802
  Stage 2 epoch 200/300: loss=0.031709
  Stage 2 epoch 300/300: loss=0.014127
  Stage 3 epoch 100/300: loss=0.106169
  Stage 3 epoch 200/300: loss=0.091375
  Stage 3 epoch 300/300: loss=0.104148
  rcMTE@0.1: 0.4247 (285/500 in region)
  rcMTE@0.5: 0.6779 (98/500 in region)
  rcMTE@1.0: 0.7825 (31/500 in region)
  MTE@0.1: 0.7719
  MTE@0.5: 1.3579
  MTE@1.0: 1.6190
  W2@1.0:  0.8913
  sW2@0.1: 0.3765 (285/500 in region)
  sW2@0.2: 0.4912 (204/500 in region)
  sW2@0.5: 0.6436 (98/500 in region)
  sW2@1.0: 0.9061 (31/500 in region)
  MMD@1.0: 0.2182
  Survival@1.0: 29.8%
  Stopped@1.0:  6.2%

  --- AE: T+F ---
    E_mu=0.0178  E_Sigma=0.0166

    Drift: enc-pull
  Stage 2 epoch 100/300: loss=0.032427
  Stage 2 epoch 200/300: loss=0.022186
  Stage 2 epoch 300/300: loss=0.020118
  Stage 3 epoch 100/300: loss=0.015421
  Stage 3 epoch 200/300: loss=0.009079
  Stage 3 epoch 300/300: loss=0.006446
  rcMTE@0.1: 0.6411 (285/500 in region)
  rcMTE@0.5: 0.9501 (98/500 in region)
  rcMTE@1.0: 1.1344 (31/500 in region)
  MTE@0.1: 1.0877
  MTE@0.5: 1.7925
  MTE@1.0: 2.0362
  W2@1.0:  0.9040
  sW2@0.1: 0.4559 (285/500 in region)
  sW2@0.2: 0.6280 (204/500 in region)
  sW2@0.5: 0.6923 (98/500 in region)
  sW2@1.0: 1.2352 (31/500 in region)
  MMD@1.0: 0.2359
  Survival@1.0: 29.8%
  Stopped@1.0:  6.2%

    Drift: dec-side
  Stage 2 epoch 100/300: loss=0.018008
  Stage 2 epoch 200/300: loss=0.006297
  Stage 2 epoch 300/300: loss=0.004234
  Stage 3 epoch 100/300: loss=0.015421
  Stage 3 epoch 200/300: loss=0.009079
  Stage 3 epoch 300/300: loss=0.006446
  rcMTE@0.1: 0.6474 (285/500 in region)
  rcMTE@0.5: 1.0040 (98/500 in region)
  rcMTE@1.0: 1.2837 (31/500 in region)
  MTE@0.1: 1.1031
  MTE@0.5: 1.9481
  MTE@1.0: 2.3492
  W2@1.0:  1.4067
  sW2@0.1: 0.4859 (285/500 in region)
  sW2@0.2: 0.6974 (204/500 in region)
  sW2@0.5: 0.8784 (98/500 in region)
  sW2@1.0: 1.6155 (31/500 in region)
  MMD@1.0: 0.2986
  Survival@1.0: 29.8%
  Stopped@1.0:  6.2%

============================================================
  hyperbolic_paraboloid | D=11 | seed=2042
============================================================

  --- AE: baseline ---
    E_mu=0.4991  E_Sigma=0.5616

    Drift: enc-pull
  Stage 2 epoch 100/300: loss=0.228371
  Stage 2 epoch 200/300: loss=0.169291
  Stage 2 epoch 300/300: loss=0.109947
  Stage 3 epoch 100/300: loss=0.105289
  Stage 3 epoch 200/300: loss=0.093166
  Stage 3 epoch 300/300: loss=0.076279
  rcMTE@0.1: 0.5951 (293/500 in region)
  rcMTE@0.5: 1.0677 (88/500 in region)
  rcMTE@1.0: 0.9707 (24/500 in region)
  MTE@0.1: 1.0567
  MTE@0.5: 1.5980
  MTE@1.0: 1.6006
  W2@1.0:  0.8353
  sW2@0.1: 0.3976 (293/500 in region)
  sW2@0.2: 0.6075 (212/500 in region)
  sW2@0.5: 0.8406 (88/500 in region)
  sW2@1.0: 1.0051 (24/500 in region)
  MMD@1.0: 0.1822
  Survival@1.0: 26.6%
  Stopped@1.0:  4.8%

    Drift: dec-side
  Stage 2 epoch 100/300: loss=0.185308
  Stage 2 epoch 200/300: loss=0.077962
  Stage 2 epoch 300/300: loss=0.039359
  Stage 3 epoch 100/300: loss=0.105289
  Stage 3 epoch 200/300: loss=0.093166
  Stage 3 epoch 300/300: loss=0.076279
  rcMTE@0.1: 0.6281 (293/500 in region)
  rcMTE@0.5: 1.2738 (88/500 in region)
  rcMTE@1.0: 1.3062 (24/500 in region)
  MTE@0.1: 1.1020
  MTE@0.5: 1.9264
  MTE@1.0: 2.0326
  W2@1.0:  1.3042
  sW2@0.1: 0.4944 (293/500 in region)
  sW2@0.2: 0.8154 (212/500 in region)
  sW2@0.5: 1.1225 (88/500 in region)
  sW2@1.0: 1.3964 (24/500 in region)
  MMD@1.0: 0.2962
  Survival@1.0: 26.6%
  Stopped@1.0:  4.8%

  --- AE: T+F ---
    E_mu=0.0187  E_Sigma=0.0658

    Drift: enc-pull
  Stage 2 epoch 100/300: loss=0.086152
  Stage 2 epoch 200/300: loss=0.051926
  Stage 2 epoch 300/300: loss=0.042266
  Stage 3 epoch 100/300: loss=0.020234
  Stage 3 epoch 200/300: loss=0.007034
  Stage 3 epoch 300/300: loss=0.004699
  rcMTE@0.1: 0.5293 (293/500 in region)
  rcMTE@0.5: 1.0477 (88/500 in region)
  rcMTE@1.0: 0.8925 (24/500 in region)
  MTE@0.1: 0.8817
  MTE@0.5: 1.5869
  MTE@1.0: 1.7900
  W2@1.0:  1.0595
  sW2@0.1: 0.4474 (293/500 in region)
  sW2@0.2: 0.7049 (212/500 in region)
  sW2@0.5: 1.0294 (88/500 in region)
  sW2@1.0: 1.0498 (24/500 in region)
  MMD@1.0: 0.2536
  Survival@1.0: 26.6%
  Stopped@1.0:  4.8%

    Drift: dec-side
  Stage 2 epoch 100/300: loss=0.012235
  Stage 2 epoch 200/300: loss=0.007108
  Stage 2 epoch 300/300: loss=0.004324
  Stage 3 epoch 100/300: loss=0.020234
  Stage 3 epoch 200/300: loss=0.007034
  Stage 3 epoch 300/300: loss=0.004699
  rcMTE@0.1: 0.5359 (293/500 in region)
  rcMTE@0.5: 1.1262 (88/500 in region)
  rcMTE@1.0: 1.0262 (24/500 in region)
  MTE@0.1: 0.8897
  MTE@0.5: 1.6963
  MTE@1.0: 2.0132
  W2@1.0:  1.2939
  sW2@0.1: 0.4740 (293/500 in region)
  sW2@0.2: 0.7754 (212/500 in region)
  sW2@0.5: 1.1978 (88/500 in region)
  sW2@1.0: 1.3036 (24/500 in region)
  MMD@1.0: 0.3054
  Survival@1.0: 26.6%
  Stopped@1.0:  4.8%

============================================================
  hyperbolic_paraboloid | D=11 | seed=3042
============================================================

  --- AE: baseline ---
    E_mu=0.4058  E_Sigma=0.3563

    Drift: enc-pull
  Stage 2 epoch 100/300: loss=0.430526
  Stage 2 epoch 200/300: loss=0.235814
  Stage 2 epoch 300/300: loss=0.075482
  Stage 3 epoch 100/300: loss=0.291528
  Stage 3 epoch 200/300: loss=0.202525
  Stage 3 epoch 300/300: loss=0.090906
  rcMTE@0.1: 0.4624 (275/500 in region)
  rcMTE@0.5: 0.6431 (78/500 in region)
  rcMTE@1.0: 0.6701 (25/500 in region)
  MTE@0.1: 0.8691
  MTE@0.5: 1.1541
  MTE@1.0: 1.2019
  W2@1.0:  0.5592
  sW2@0.1: 0.3577 (275/500 in region)
  sW2@0.2: 0.3503 (204/500 in region)
  sW2@0.5: 0.4874 (78/500 in region)
  sW2@1.0: 0.7110 (25/500 in region)
  MMD@1.0: 0.1094
  Survival@1.0: 27.2%
  Stopped@1.0:  5.0%

    Drift: dec-side
  Stage 2 epoch 100/300: loss=0.083516
  Stage 2 epoch 200/300: loss=0.047532
  Stage 2 epoch 300/300: loss=0.024010
  Stage 3 epoch 100/300: loss=0.291528
  Stage 3 epoch 200/300: loss=0.202525
  Stage 3 epoch 300/300: loss=0.090906
  rcMTE@0.1: 0.5299 (275/500 in region)
  rcMTE@0.5: 0.9089 (78/500 in region)
  rcMTE@1.0: 1.1795 (25/500 in region)
  MTE@0.1: 0.9513
  MTE@0.5: 1.5882
  MTE@1.0: 1.8895
  W2@1.0:  1.0902
  sW2@0.1: 0.5250 (275/500 in region)
  sW2@0.2: 0.6210 (204/500 in region)
  sW2@0.5: 0.8838 (78/500 in region)
  sW2@1.0: 1.4738 (25/500 in region)
  MMD@1.0: 0.2480
  Survival@1.0: 27.2%
  Stopped@1.0:  5.0%

  --- AE: T+F ---
    E_mu=0.0167  E_Sigma=0.0496

    Drift: enc-pull
  Stage 2 epoch 100/300: loss=0.060191
  Stage 2 epoch 200/300: loss=0.053504
  Stage 2 epoch 300/300: loss=0.046177
  Stage 3 epoch 100/300: loss=0.129342
  Stage 3 epoch 200/300: loss=0.079942
  Stage 3 epoch 300/300: loss=0.036826
  rcMTE@0.1: 0.4847 (275/500 in region)
  rcMTE@0.5: 0.7843 (78/500 in region)
  rcMTE@1.0: 0.8240 (25/500 in region)
  MTE@0.1: 0.9312
  MTE@0.5: 1.4551
  MTE@1.0: 1.6382
  W2@1.0:  0.9607
  sW2@0.1: 0.5378 (275/500 in region)
  sW2@0.2: 0.6377 (204/500 in region)
  sW2@0.5: 0.7800 (78/500 in region)
  sW2@1.0: 1.1432 (25/500 in region)
  MMD@1.0: 0.2328
  Survival@1.0: 27.2%
  Stopped@1.0:  5.0%

    Drift: dec-side
  Stage 2 epoch 100/300: loss=0.014446
  Stage 2 epoch 200/300: loss=0.006519
  Stage 2 epoch 300/300: loss=0.004774
  Stage 3 epoch 100/300: loss=0.129342
  Stage 3 epoch 200/300: loss=0.079942
  Stage 3 epoch 300/300: loss=0.036826
  rcMTE@0.1: 0.4944 (275/500 in region)
  rcMTE@0.5: 0.8492 (78/500 in region)
  rcMTE@1.0: 0.9893 (25/500 in region)
  MTE@0.1: 0.9511
  MTE@0.5: 1.6102
  MTE@1.0: 1.9626
  W2@1.0:  1.3589
  sW2@0.1: 0.5848 (275/500 in region)
  sW2@0.2: 0.7234 (204/500 in region)
  sW2@0.5: 0.8922 (78/500 in region)
  sW2@1.0: 1.4794 (25/500 in region)
  MMD@1.0: 0.2803
  Survival@1.0: 27.2%
  Stopped@1.0:  5.0%

============================================================
  hyperbolic_paraboloid | D=11 | seed=4042
============================================================

  --- AE: baseline ---
    E_mu=0.3903  E_Sigma=0.4864

    Drift: enc-pull
  Stage 2 epoch 100/300: loss=0.418097
  Stage 2 epoch 200/300: loss=0.230254
  Stage 2 epoch 300/300: loss=0.117333
  Stage 3 epoch 100/300: loss=0.093460
  Stage 3 epoch 200/300: loss=0.043659
  Stage 3 epoch 300/300: loss=0.043428
  rcMTE@0.1: 0.5578 (287/500 in region)
  rcMTE@0.5: 0.7650 (102/500 in region)
  rcMTE@1.0: 0.7117 (30/500 in region)
  MTE@0.1: 0.9757
  MTE@0.5: 1.3593
  MTE@1.0: 1.2016
  W2@1.0:  0.4426
  sW2@0.1: 0.3072 (287/500 in region)
  sW2@0.2: 0.3577 (207/500 in region)
  sW2@0.5: 0.4224 (102/500 in region)
  sW2@1.0: 0.7321 (30/500 in region)
  MMD@1.0: 0.1264
  Survival@1.0: 28.2%
  Stopped@1.0:  6.0%

    Drift: dec-side
  Stage 2 epoch 100/300: loss=0.066423
  Stage 2 epoch 200/300: loss=0.038753
  Stage 2 epoch 300/300: loss=0.028240
  Stage 3 epoch 100/300: loss=0.093460
  Stage 3 epoch 200/300: loss=0.043659
  Stage 3 epoch 300/300: loss=0.043428
  rcMTE@0.1: 0.6095 (287/500 in region)
  rcMTE@0.5: 1.0308 (102/500 in region)
  rcMTE@1.0: 1.2246 (30/500 in region)
  MTE@0.1: 1.0606
  MTE@0.5: 1.7280
  MTE@1.0: 2.0688
  W2@1.0:  1.2224
  sW2@0.1: 0.4521 (287/500 in region)
  sW2@0.2: 0.6491 (207/500 in region)
  sW2@0.5: 0.9106 (102/500 in region)
  sW2@1.0: 1.4930 (30/500 in region)
  MMD@1.0: 0.3204
  Survival@1.0: 28.2%
  Stopped@1.0:  6.0%

  --- AE: T+F ---
    E_mu=0.0148  E_Sigma=0.0185

    Drift: enc-pull
  Stage 2 epoch 100/300: loss=0.037746
  Stage 2 epoch 200/300: loss=0.036947
  Stage 2 epoch 300/300: loss=0.035515
  Stage 3 epoch 100/300: loss=0.014983
  Stage 3 epoch 200/300: loss=0.005897
  Stage 3 epoch 300/300: loss=0.004088
  rcMTE@0.1: 0.7801 (287/500 in region)
  rcMTE@0.5: 1.2848 (102/500 in region)
  rcMTE@1.0: 1.5313 (30/500 in region)
  MTE@0.1: 1.3220
  MTE@0.5: 2.1301
  MTE@1.0: 2.3063
  W2@1.0:  1.5951
  sW2@0.1: 0.6230 (287/500 in region)
  sW2@0.2: 0.9793 (207/500 in region)
  sW2@0.5: 1.2130 (102/500 in region)
  sW2@1.0: 2.0291 (30/500 in region)
  MMD@1.0: 0.2934
  Survival@1.0: 28.2%
  Stopped@1.0:  6.0%

    Drift: dec-side
  Stage 2 epoch 100/300: loss=0.012642
  Stage 2 epoch 200/300: loss=0.009321
  Stage 2 epoch 300/300: loss=0.006452
  Stage 3 epoch 100/300: loss=0.014983
  Stage 3 epoch 200/300: loss=0.005897
  Stage 3 epoch 300/300: loss=0.004088
  rcMTE@0.1: 0.7899 (287/500 in region)
  rcMTE@0.5: 1.3510 (102/500 in region)
  rcMTE@1.0: 1.7711 (30/500 in region)
  MTE@0.1: 1.3441
  MTE@0.5: 2.2560
  MTE@1.0: 2.6669
  W2@1.0:  2.1217
  sW2@0.1: 0.6597 (287/500 in region)
  sW2@0.2: 1.0685 (207/500 in region)
  sW2@0.5: 1.4469 (102/500 in region)
  sW2@1.0: 2.6661 (30/500 in region)
  MMD@1.0: 0.3282
  Survival@1.0: 28.2%
  Stopped@1.0:  6.0%

============================================================
  hyperbolic_paraboloid | D=11 | seed=5042
============================================================

  --- AE: baseline ---
    E_mu=0.4981  E_Sigma=0.5404

    Drift: enc-pull
  Stage 2 epoch 100/300: loss=0.223683
  Stage 2 epoch 200/300: loss=0.134054
  Stage 2 epoch 300/300: loss=0.045441
  Stage 3 epoch 100/300: loss=0.059460
  Stage 3 epoch 200/300: loss=0.038467
  Stage 3 epoch 300/300: loss=0.046254
  rcMTE@0.1: 0.7276 (285/500 in region)
  rcMTE@0.5: 1.0214 (93/500 in region)
  rcMTE@1.0: 0.9633 (33/500 in region)
  MTE@0.1: 1.2292
  MTE@0.5: 1.6495
  MTE@1.0: 1.4929
  W2@1.0:  0.4453
  sW2@0.1: 0.4256 (285/500 in region)
  sW2@0.2: 0.4676 (216/500 in region)
  sW2@0.5: 0.3764 (93/500 in region)
  sW2@1.0: 0.6727 (33/500 in region)
  MMD@1.0: 0.0919
  Survival@1.0: 25.8%
  Stopped@1.0:  6.6%

    Drift: dec-side
  Stage 2 epoch 100/300: loss=0.073000
  Stage 2 epoch 200/300: loss=0.028303
  Stage 2 epoch 300/300: loss=0.013167
  Stage 3 epoch 100/300: loss=0.059460
  Stage 3 epoch 200/300: loss=0.038467
  Stage 3 epoch 300/300: loss=0.046254
  rcMTE@0.1: 0.8089 (285/500 in region)
  rcMTE@0.5: 1.3744 (93/500 in region)
  rcMTE@1.0: 1.4439 (33/500 in region)
  MTE@0.1: 1.3440
  MTE@0.5: 2.1455
  MTE@1.0: 2.2893
  W2@1.0:  1.3706
  sW2@0.1: 0.6771 (285/500 in region)
  sW2@0.2: 0.9578 (216/500 in region)
  sW2@0.5: 1.2270 (93/500 in region)
  sW2@1.0: 1.4669 (33/500 in region)
  MMD@1.0: 0.3077
  Survival@1.0: 25.8%
  Stopped@1.0:  6.6%

  --- AE: T+F ---
    E_mu=0.0933  E_Sigma=0.2340

    Drift: enc-pull
  Stage 2 epoch 100/300: loss=0.031969
  Stage 2 epoch 200/300: loss=0.032837
  Stage 2 epoch 300/300: loss=0.027222
  Stage 3 epoch 100/300: loss=0.028304
  Stage 3 epoch 200/300: loss=0.016047
  Stage 3 epoch 300/300: loss=0.017120
  rcMTE@0.1: 0.7721 (285/500 in region)
  rcMTE@0.5: 1.2476 (93/500 in region)
  rcMTE@1.0: 1.1864 (33/500 in region)
  MTE@0.1: 1.3288
  MTE@0.5: 2.0512
  MTE@1.0: 2.1119
  W2@1.0:  1.3034
  sW2@0.1: 0.6492 (285/500 in region)
  sW2@0.2: 0.8823 (216/500 in region)
  sW2@0.5: 1.1315 (93/500 in region)
  sW2@1.0: 1.2696 (33/500 in region)
  MMD@1.0: 0.3107
  Survival@1.0: 25.8%
  Stopped@1.0:  6.6%

    Drift: dec-side
  Stage 2 epoch 100/300: loss=0.039328
  Stage 2 epoch 200/300: loss=0.042644
  Stage 2 epoch 300/300: loss=0.026974
  Stage 3 epoch 100/300: loss=0.028304
  Stage 3 epoch 200/300: loss=0.016047
  Stage 3 epoch 300/300: loss=0.017120
  rcMTE@0.1: 0.7848 (285/500 in region)
  rcMTE@0.5: 1.3266 (93/500 in region)
  rcMTE@1.0: 1.3444 (33/500 in region)
  MTE@0.1: 1.3468
  MTE@0.5: 2.1659
  MTE@1.0: 2.3168
  W2@1.0:  1.6017
  sW2@0.1: 0.6961 (285/500 in region)
  sW2@0.2: 0.9489 (216/500 in region)
  sW2@0.5: 1.2800 (93/500 in region)
  sW2@1.0: 1.6046 (33/500 in region)
  MMD@1.0: 0.3215
  Survival@1.0: 25.8%
  Stopped@1.0:  6.6%

============================================================
  hyperbolic_paraboloid | D=11 | seed=6042
============================================================

  --- AE: baseline ---
    E_mu=0.4715  E_Sigma=0.5796

    Drift: enc-pull
  Stage 2 epoch 100/300: loss=0.210609
  Stage 2 epoch 200/300: loss=0.146797
  Stage 2 epoch 300/300: loss=0.077849
  Stage 3 epoch 100/300: loss=0.071921
  Stage 3 epoch 200/300: loss=0.092958
  Stage 3 epoch 300/300: loss=0.055557
  rcMTE@0.1: 0.3735 (290/500 in region)
  rcMTE@0.5: 0.5118 (89/500 in region)
  rcMTE@1.0: 0.4685 (30/500 in region)
  MTE@0.1: 0.7101
  MTE@0.5: 1.0472
  MTE@1.0: 1.0400
  W2@1.0:  0.6755
  sW2@0.1: 0.3190 (290/500 in region)
  sW2@0.2: 0.3720 (208/500 in region)
  sW2@0.5: 0.4485 (89/500 in region)
  sW2@1.0: 0.5617 (30/500 in region)
  MMD@1.0: 0.1617
  Survival@1.0: 27.2%
  Stopped@1.0:  6.0%

    Drift: dec-side
  Stage 2 epoch 100/300: loss=0.082776
  Stage 2 epoch 200/300: loss=0.059092
  Stage 2 epoch 300/300: loss=0.025248
  Stage 3 epoch 100/300: loss=0.071921
  Stage 3 epoch 200/300: loss=0.092958
  Stage 3 epoch 300/300: loss=0.055557
  rcMTE@0.1: 0.3899 (290/500 in region)
  rcMTE@0.5: 0.6877 (89/500 in region)
  rcMTE@1.0: 0.7923 (30/500 in region)
  MTE@0.1: 0.7150
  MTE@0.5: 1.3176
  MTE@1.0: 1.4014
  W2@1.0:  0.7747
  sW2@0.1: 0.3641 (290/500 in region)
  sW2@0.2: 0.5178 (208/500 in region)
  sW2@0.5: 0.7132 (89/500 in region)
  sW2@1.0: 0.9088 (30/500 in region)
  MMD@1.0: 0.2189
  Survival@1.0: 27.2%
  Stopped@1.0:  6.0%

  --- AE: T+F ---
    E_mu=0.0261  E_Sigma=0.0557

    Drift: enc-pull
  Stage 2 epoch 100/300: loss=0.035522
  Stage 2 epoch 200/300: loss=0.037289
  Stage 2 epoch 300/300: loss=0.028830
  Stage 3 epoch 100/300: loss=0.036035
  Stage 3 epoch 200/300: loss=0.025861
  Stage 3 epoch 300/300: loss=0.019225
  rcMTE@0.1: 0.3539 (290/500 in region)
  rcMTE@0.5: 0.5561 (89/500 in region)
  rcMTE@1.0: 0.4940 (30/500 in region)
  MTE@0.1: 0.6637
  MTE@0.5: 1.1775
  MTE@1.0: 1.2100
  W2@1.0:  0.6630
  sW2@0.1: 0.4074 (290/500 in region)
  sW2@0.2: 0.4810 (208/500 in region)
  sW2@0.5: 0.5431 (89/500 in region)
  sW2@1.0: 0.5242 (30/500 in region)
  MMD@1.0: 0.2164
  Survival@1.0: 27.2%
  Stopped@1.0:  6.0%

    Drift: dec-side
  Stage 2 epoch 100/300: loss=0.009156
  Stage 2 epoch 200/300: loss=0.008035
  Stage 2 epoch 300/300: loss=0.004735
  Stage 3 epoch 100/300: loss=0.036035
  Stage 3 epoch 200/300: loss=0.025861
  Stage 3 epoch 300/300: loss=0.019225
  rcMTE@0.1: 0.3605 (290/500 in region)
  rcMTE@0.5: 0.6330 (89/500 in region)
  rcMTE@1.0: 0.6252 (30/500 in region)
  MTE@0.1: 0.6733
  MTE@0.5: 1.2928
  MTE@1.0: 1.4004
  W2@1.0:  0.9295
  sW2@0.1: 0.4264 (290/500 in region)
  sW2@0.2: 0.5395 (208/500 in region)
  sW2@0.5: 0.7065 (89/500 in region)
  sW2@1.0: 0.6648 (30/500 in region)
  MMD@1.0: 0.2558
  Survival@1.0: 27.2%
  Stopped@1.0:  6.0%

============================================================
  hyperbolic_paraboloid | D=11 | seed=7042
============================================================

  --- AE: baseline ---
    E_mu=0.2882  E_Sigma=0.3659

    Drift: enc-pull
  Stage 2 epoch 100/300: loss=0.549231
  Stage 2 epoch 200/300: loss=0.554971
  Stage 2 epoch 300/300: loss=0.400558
  Stage 3 epoch 100/300: loss=0.080646
  Stage 3 epoch 200/300: loss=0.077762
  Stage 3 epoch 300/300: loss=0.062704
  rcMTE@0.1: 0.6092 (316/500 in region)
  rcMTE@0.5: 0.8471 (109/500 in region)
  rcMTE@1.0: 0.7430 (29/500 in region)
  MTE@0.1: 1.0606
  MTE@0.5: 1.3901
  MTE@1.0: 1.3645
  W2@1.0:  0.6775
  sW2@0.1: 0.4429 (316/500 in region)
  sW2@0.2: 0.4802 (232/500 in region)
  sW2@0.5: 0.4931 (109/500 in region)
  sW2@1.0: 0.4689 (29/500 in region)
  MMD@1.0: 0.1540
  Survival@1.0: 28.8%
  Stopped@1.0:  5.8%

    Drift: dec-side
  Stage 2 epoch 100/300: loss=0.114193
  Stage 2 epoch 200/300: loss=0.045146
  Stage 2 epoch 300/300: loss=0.025187
  Stage 3 epoch 100/300: loss=0.080646
  Stage 3 epoch 200/300: loss=0.077762
  Stage 3 epoch 300/300: loss=0.062704
  rcMTE@0.1: 0.6732 (316/500 in region)
  rcMTE@0.5: 1.1850 (109/500 in region)
  rcMTE@1.0: 1.3362 (29/500 in region)
  MTE@0.1: 1.1594
  MTE@0.5: 1.8203
  MTE@1.0: 2.1427
  W2@1.0:  1.1350
  sW2@0.1: 0.6408 (316/500 in region)
  sW2@0.2: 0.8402 (232/500 in region)
  sW2@0.5: 1.2155 (109/500 in region)
  sW2@1.0: 1.5418 (29/500 in region)
  MMD@1.0: 0.2345
  Survival@1.0: 28.8%
  Stopped@1.0:  5.8%

  --- AE: T+F ---
    E_mu=0.0191  E_Sigma=0.0353

    Drift: enc-pull
  Stage 2 epoch 100/300: loss=0.057032
  Stage 2 epoch 200/300: loss=0.038831
  Stage 2 epoch 300/300: loss=0.035179
  Stage 3 epoch 100/300: loss=0.020846
  Stage 3 epoch 200/300: loss=0.008535
  Stage 3 epoch 300/300: loss=0.007492
  rcMTE@0.1: 0.5010 (316/500 in region)
  rcMTE@0.5: 0.7860 (109/500 in region)
  rcMTE@1.0: 0.8698 (29/500 in region)
  MTE@0.1: 0.9082
  MTE@0.5: 1.5631
  MTE@1.0: 1.7124
  W2@1.0:  0.8306
  sW2@0.1: 0.4212 (316/500 in region)
  sW2@0.2: 0.5567 (232/500 in region)
  sW2@0.5: 0.7612 (109/500 in region)
  sW2@1.0: 1.0491 (29/500 in region)
  MMD@1.0: 0.2270
  Survival@1.0: 28.8%
  Stopped@1.0:  5.8%

    Drift: dec-side
  Stage 2 epoch 100/300: loss=0.011432
  Stage 2 epoch 200/300: loss=0.005639
  Stage 2 epoch 300/300: loss=0.006283
  Stage 3 epoch 100/300: loss=0.020846
  Stage 3 epoch 200/300: loss=0.008535
  Stage 3 epoch 300/300: loss=0.007492
  rcMTE@0.1: 0.5125 (316/500 in region)
  rcMTE@0.5: 0.8392 (109/500 in region)
  rcMTE@1.0: 0.9949 (29/500 in region)
  MTE@0.1: 0.9276
  MTE@0.5: 1.7190
  MTE@1.0: 2.0523
  W2@1.0:  1.3638
  sW2@0.1: 0.4693 (316/500 in region)
  sW2@0.2: 0.6553 (232/500 in region)
  sW2@0.5: 0.9607 (109/500 in region)
  sW2@1.0: 1.2346 (29/500 in region)
  MMD@1.0: 0.2940
  Survival@1.0: 28.8%
  Stopped@1.0:  5.8%

============================================================
  hyperbolic_paraboloid | D=11 | seed=8042
============================================================

  --- AE: baseline ---
    E_mu=0.5242  E_Sigma=0.5187

    Drift: enc-pull
  Stage 2 epoch 100/300: loss=0.334930
  Stage 2 epoch 200/300: loss=0.428393
  Stage 2 epoch 300/300: loss=0.121408
  Stage 3 epoch 100/300: loss=0.092180
  Stage 3 epoch 200/300: loss=0.073155
  Stage 3 epoch 300/300: loss=0.062282
  rcMTE@0.1: 0.5193 (269/500 in region)
  rcMTE@0.5: 0.8019 (84/500 in region)
  rcMTE@1.0: 0.8053 (29/500 in region)
  MTE@0.1: 0.9243
  MTE@0.5: 1.3569
  MTE@1.0: 1.3558
  W2@1.0:  0.4562
  sW2@0.1: 0.2700 (269/500 in region)
  sW2@0.2: 0.2611 (192/500 in region)
  sW2@0.5: 0.3877 (84/500 in region)
  sW2@1.0: 0.6322 (29/500 in region)
  MMD@1.0: 0.0765
  Survival@1.0: 27.0%
  Stopped@1.0:  5.8%

    Drift: dec-side
  Stage 2 epoch 100/300: loss=0.118493
  Stage 2 epoch 200/300: loss=0.101923
  Stage 2 epoch 300/300: loss=0.051932
  Stage 3 epoch 100/300: loss=0.092180
  Stage 3 epoch 200/300: loss=0.073155
  Stage 3 epoch 300/300: loss=0.062282
  rcMTE@0.1: 0.5816 (269/500 in region)
  rcMTE@0.5: 1.1274 (84/500 in region)
  rcMTE@1.0: 1.3870 (29/500 in region)
  MTE@0.1: 0.9886
  MTE@0.5: 1.6984
  MTE@1.0: 2.0364
  W2@1.0:  1.2260
  sW2@0.1: 0.4402 (269/500 in region)
  sW2@0.2: 0.5446 (192/500 in region)
  sW2@0.5: 0.9561 (84/500 in region)
  sW2@1.0: 1.5998 (29/500 in region)
  MMD@1.0: 0.2784
  Survival@1.0: 27.0%
  Stopped@1.0:  5.8%

  --- AE: T+F ---
    E_mu=0.0288  E_Sigma=0.0754

    Drift: enc-pull
  Stage 2 epoch 100/300: loss=0.051342
  Stage 2 epoch 200/300: loss=0.135153
  Stage 2 epoch 300/300: loss=0.034274
  Stage 3 epoch 100/300: loss=0.023081
  Stage 3 epoch 200/300: loss=0.012214
  Stage 3 epoch 300/300: loss=0.006694
  rcMTE@0.1: 0.5567 (269/500 in region)
  rcMTE@0.5: 0.9419 (84/500 in region)
  rcMTE@1.0: 0.9347 (29/500 in region)
  MTE@0.1: 1.0905
  MTE@0.5: 1.5664
  MTE@1.0: 1.6871
  W2@1.0:  0.6877
  sW2@0.1: 0.5232 (269/500 in region)
  sW2@0.2: 0.6751 (192/500 in region)
  sW2@0.5: 0.6489 (84/500 in region)
  sW2@1.0: 0.8850 (29/500 in region)
  MMD@1.0: 0.2153
  Survival@1.0: 27.0%
  Stopped@1.0:  5.8%

    Drift: dec-side
  Stage 2 epoch 100/300: loss=0.008929
  Stage 2 epoch 200/300: loss=0.005202
  Stage 2 epoch 300/300: loss=0.003732
  Stage 3 epoch 100/300: loss=0.023081
  Stage 3 epoch 200/300: loss=0.012214
  Stage 3 epoch 300/300: loss=0.006694
  rcMTE@0.1: 0.5660 (269/500 in region)
  rcMTE@0.5: 1.0189 (84/500 in region)
  rcMTE@1.0: 0.9989 (29/500 in region)
  MTE@0.1: 1.1088
  MTE@0.5: 1.6745
  MTE@1.0: 1.9009
  W2@1.0:  1.0759
  sW2@0.1: 0.5730 (269/500 in region)
  sW2@0.2: 0.7843 (192/500 in region)
  sW2@0.5: 0.9180 (84/500 in region)
  sW2@1.0: 0.9796 (29/500 in region)
  MMD@1.0: 0.2922
  Survival@1.0: 27.0%
  Stopped@1.0:  5.8%

============================================================
  hyperbolic_paraboloid | D=11 | seed=9042
============================================================

  --- AE: baseline ---
    E_mu=0.4758  E_Sigma=0.5006

    Drift: enc-pull
  Stage 2 epoch 100/300: loss=0.291093
  Stage 2 epoch 200/300: loss=0.163613
  Stage 2 epoch 300/300: loss=0.062219
  Stage 3 epoch 100/300: loss=0.071372
  Stage 3 epoch 200/300: loss=0.065196
  Stage 3 epoch 300/300: loss=0.090532
  rcMTE@0.1: 0.2171 (280/500 in region)
  rcMTE@0.5: 0.3425 (85/500 in region)
  rcMTE@1.0: 0.4249 (22/500 in region)
  MTE@0.1: 0.4387
  MTE@0.5: 0.6474
  MTE@1.0: 0.6759
  W2@1.0:  0.4609
  sW2@0.1: 0.2339 (280/500 in region)
  sW2@0.2: 0.2427 (205/500 in region)
  sW2@0.5: 0.3977 (85/500 in region)
  sW2@1.0: 0.5853 (22/500 in region)
  MMD@1.0: 0.0507
  Survival@1.0: 28.2%
  Stopped@1.0:  4.4%

    Drift: dec-side
  Stage 2 epoch 100/300: loss=0.142464
  Stage 2 epoch 200/300: loss=0.062904
  Stage 2 epoch 300/300: loss=0.027684
  Stage 3 epoch 100/300: loss=0.071372
  Stage 3 epoch 200/300: loss=0.065196
  Stage 3 epoch 300/300: loss=0.090532
  rcMTE@0.1: 0.2436 (280/500 in region)
  rcMTE@0.5: 0.4676 (85/500 in region)
  rcMTE@1.0: 0.7582 (22/500 in region)
  MTE@0.1: 0.4672
  MTE@0.5: 0.9880
  MTE@1.0: 1.4975
  W2@1.0:  1.2070
  sW2@0.1: 0.3235 (280/500 in region)
  sW2@0.2: 0.3895 (205/500 in region)
  sW2@0.5: 0.5924 (85/500 in region)
  sW2@1.0: 1.1161 (22/500 in region)
  MMD@1.0: 0.3417
  Survival@1.0: 28.2%
  Stopped@1.0:  4.4%

  --- AE: T+F ---
    E_mu=0.0130  E_Sigma=0.0397

    Drift: enc-pull
  Stage 2 epoch 100/300: loss=0.028577
  Stage 2 epoch 200/300: loss=0.074705
  Stage 2 epoch 300/300: loss=0.037963
  Stage 3 epoch 100/300: loss=0.013649
  Stage 3 epoch 200/300: loss=0.006129
  Stage 3 epoch 300/300: loss=0.004226
  rcMTE@0.1: 0.5032 (280/500 in region)
  rcMTE@0.5: 1.0268 (85/500 in region)
  rcMTE@1.0: 1.1359 (22/500 in region)
  MTE@0.1: 0.8746
  MTE@0.5: 1.4864
  MTE@1.0: 1.9978
  W2@1.0:  1.1704
  sW2@0.1: 0.4197 (280/500 in region)
  sW2@0.2: 0.5697 (205/500 in region)
  sW2@0.5: 0.9718 (85/500 in region)
  sW2@1.0: 1.2361 (22/500 in region)
  MMD@1.0: 0.2524
  Survival@1.0: 28.2%
  Stopped@1.0:  4.4%

    Drift: dec-side
  Stage 2 epoch 100/300: loss=0.013300
  Stage 2 epoch 200/300: loss=0.016850
  Stage 2 epoch 300/300: loss=0.005972
  Stage 3 epoch 100/300: loss=0.013649
  Stage 3 epoch 200/300: loss=0.006129
  Stage 3 epoch 300/300: loss=0.004226
  rcMTE@0.1: 0.5049 (280/500 in region)
  rcMTE@0.5: 1.0468 (85/500 in region)
  rcMTE@1.0: 1.2108 (22/500 in region)
  MTE@0.1: 0.8826
  MTE@0.5: 1.5478
  MTE@1.0: 2.1806
  W2@1.0:  1.5008
  sW2@0.1: 0.4302 (280/500 in region)
  sW2@0.2: 0.5804 (205/500 in region)
  sW2@0.5: 1.0108 (85/500 in region)
  sW2@1.0: 1.4568 (22/500 in region)
  MMD@1.0: 0.3282
  Survival@1.0: 28.2%
  Stopped@1.0:  4.4%


Total time: 25.0 min
Saved 80 rows to rcmte_nd_sweep.csv.tmp


================================================================================
rcMTE COMPARISON SUMMARY
================================================================================

  paraboloid:
          ae       drift     rcMTE@1.0       MTE@1.0        W2@1.0          E_mu
    baseline    enc-pull  0.7489±0.185  1.2982±0.255  0.6142±0.127  0.6581±0.214
    baseline    dec-side  1.3386±0.365  2.3275±0.369  1.8105±0.329  0.6581±0.214
         T+F    enc-pull  0.9668±0.268  1.7808±0.393  1.2713±0.284  0.0311±0.015
         T+F    dec-side  1.1529±0.311  2.1953±0.438  1.8419±0.374  0.0311±0.015

    Paired comparisons (negative = first is better):
      T+F vs baseline (enc-pull)    rcMTE@1.0: Δ=+29.1%  p=0.021*
      T+F vs baseline (enc-pull)      MTE@1.0: Δ=+37.2%  p=0.002**
      T+F vs baseline (enc-pull)       W2@1.0: Δ=+107.0%  p=0.000**
      enc-pull vs dec-side (T+F)    rcMTE@1.0: Δ=-16.1%  p=0.000**
      enc-pull vs dec-side (T+F)      MTE@1.0: Δ=-18.9%  p=0.000**
      enc-pull vs dec-side (T+F)       W2@1.0: Δ=-31.0%  p=0.000**

  hyperbolic_paraboloid:
          ae       drift     rcMTE@1.0       MTE@1.0        W2@1.0          E_mu
    baseline    enc-pull  0.6914±0.190  1.2278±0.258  0.5611±0.141  0.4743±0.098
    baseline    dec-side  1.1307±0.263  1.8899±0.291  1.1224±0.186  0.4743±0.098
         T+F    enc-pull  0.9818±0.280  1.8017±0.319  1.0022±0.289  0.0267±0.024
         T+F    dec-side  1.1152±0.308  2.0614±0.348  1.3835±0.326  0.0267±0.024

    Paired comparisons (negative = first is better):
      T+F vs baseline (enc-pull)    rcMTE@1.0: Δ=+42.0%  p=0.016*
      T+F vs baseline (enc-pull)      MTE@1.0: Δ=+46.7%  p=0.002**
      T+F vs baseline (enc-pull)       W2@1.0: Δ=+78.6%  p=0.004**
      enc-pull vs dec-side (T+F)    rcMTE@1.0: Δ=-12.0%  p=0.000**
      enc-pull vs dec-side (T+F)      MTE@1.0: Δ=-12.6%  p=0.000**
      enc-pull vs dec-side (T+F)       W2@1.0: Δ=-27.6%  p=0.000**

=== D=11, N=200 ===
Device: cuda
D=11, N=200
Seeds (10): [42, 1042, 2042, 3042, 4042, 5042, 6042, 7042, 8042, 9042]
Surfaces: ['paraboloid', 'hyperbolic_paraboloid']


============================================================
  paraboloid | D=11 | seed=42
============================================================

  --- AE: baseline ---
    E_mu=0.2160  E_Sigma=0.1802

    Drift: enc-pull
  Stage 2 epoch 100/300: loss=1.642404
  Stage 2 epoch 200/300: loss=0.974254
  Stage 2 epoch 300/300: loss=0.292447
  Stage 3 epoch 100/300: loss=0.032063
  Stage 3 epoch 200/300: loss=0.016904
  Stage 3 epoch 300/300: loss=0.015496
  rcMTE@0.1: 0.4461 (292/500 in region)
  rcMTE@0.5: 0.8525 (97/500 in region)
  rcMTE@1.0: 0.7227 (21/500 in region)
  MTE@0.1: 0.8186
  MTE@0.5: 1.3666
  MTE@1.0: 1.3149
  W2@1.0:  0.3761
  sW2@0.1: 0.3405 (292/500 in region)
  sW2@0.2: 0.4307 (214/500 in region)
  sW2@0.5: 0.6649 (97/500 in region)
  sW2@1.0: 0.5552 (21/500 in region)
  MMD@1.0: 0.0945
  Survival@1.0: 28.0%
  Stopped@1.0:  4.2%

    Drift: dec-side
  Stage 2 epoch 100/300: loss=0.056127
  Stage 2 epoch 200/300: loss=0.010468
  Stage 2 epoch 300/300: loss=0.005391
  Stage 3 epoch 100/300: loss=0.032063
  Stage 3 epoch 200/300: loss=0.016904
  Stage 3 epoch 300/300: loss=0.015496
  rcMTE@0.1: 0.4667 (292/500 in region)
  rcMTE@0.5: 1.0821 (97/500 in region)
  rcMTE@1.0: 1.3286 (21/500 in region)
  MTE@0.1: 0.8429
  MTE@0.5: 1.8958
  MTE@1.0: 2.5499
  W2@1.0:  2.0316
  sW2@0.1: 0.4621 (292/500 in region)
  sW2@0.2: 0.7199 (214/500 in region)
  sW2@0.5: 1.3593 (97/500 in region)
  sW2@1.0: 2.2499 (21/500 in region)
  MMD@1.0: 0.4142
  Survival@1.0: 28.0%
  Stopped@1.0:  4.2%

  --- AE: T+F ---
    E_mu=0.0102  E_Sigma=0.0079

    Drift: enc-pull
  Stage 2 epoch 100/300: loss=0.018751
  Stage 2 epoch 200/300: loss=0.016914
  Stage 2 epoch 300/300: loss=0.015336
  Stage 3 epoch 100/300: loss=0.011745
  Stage 3 epoch 200/300: loss=0.002175
  Stage 3 epoch 300/300: loss=0.001986
  rcMTE@0.1: 0.5147 (292/500 in region)
  rcMTE@0.5: 0.9080 (97/500 in region)
  rcMTE@1.0: 0.9482 (21/500 in region)
  MTE@0.1: 0.9176
  MTE@0.5: 1.6646
  MTE@1.0: 2.0106
  W2@1.0:  1.5294
  sW2@0.1: 0.5247 (292/500 in region)
  sW2@0.2: 0.8356 (214/500 in region)
  sW2@0.5: 1.1682 (97/500 in region)
  sW2@1.0: 1.1675 (21/500 in region)
  MMD@1.0: 0.3832
  Survival@1.0: 28.0%
  Stopped@1.0:  4.2%

    Drift: dec-side
  Stage 2 epoch 100/300: loss=0.007429
  Stage 2 epoch 200/300: loss=0.002129
  Stage 2 epoch 300/300: loss=0.001224
  Stage 3 epoch 100/300: loss=0.011745
  Stage 3 epoch 200/300: loss=0.002175
  Stage 3 epoch 300/300: loss=0.001986
  rcMTE@0.1: 0.5206 (292/500 in region)
  rcMTE@0.5: 0.9656 (97/500 in region)
  rcMTE@1.0: 1.1070 (21/500 in region)
  MTE@0.1: 0.9323
  MTE@0.5: 1.8469
  MTE@1.0: 2.4928
  W2@1.0:  2.1410
  sW2@0.1: 0.5563 (292/500 in region)
  sW2@0.2: 0.9083 (214/500 in region)
  sW2@0.5: 1.3361 (97/500 in region)
  sW2@1.0: 1.7444 (21/500 in region)
  MMD@1.0: 0.4469
  Survival@1.0: 28.0%
  Stopped@1.0:  4.2%

============================================================
  paraboloid | D=11 | seed=1042
============================================================

  --- AE: baseline ---
    E_mu=0.3232  E_Sigma=0.5860

    Drift: enc-pull
  Stage 2 epoch 100/300: loss=0.775293
  Stage 2 epoch 200/300: loss=0.246727
  Stage 2 epoch 300/300: loss=0.184870
  Stage 3 epoch 100/300: loss=0.049194
  Stage 3 epoch 200/300: loss=0.040775
  Stage 3 epoch 300/300: loss=0.037691
  rcMTE@0.1: 0.4603 (285/500 in region)
  rcMTE@0.5: 0.7008 (98/500 in region)
  rcMTE@1.0: 0.7492 (31/500 in region)
  MTE@0.1: 0.7959
  MTE@0.5: 1.2578
  MTE@1.0: 1.3470
  W2@1.0:  0.6494
  sW2@0.1: 0.3236 (285/500 in region)
  sW2@0.2: 0.3598 (204/500 in region)
  sW2@0.5: 0.3918 (98/500 in region)
  sW2@1.0: 0.7643 (31/500 in region)
  MMD@1.0: 0.1726
  Survival@1.0: 29.8%
  Stopped@1.0:  6.2%

    Drift: dec-side
  Stage 2 epoch 100/300: loss=0.055799
  Stage 2 epoch 200/300: loss=0.014664
  Stage 2 epoch 300/300: loss=0.011097
  Stage 3 epoch 100/300: loss=0.049194
  Stage 3 epoch 200/300: loss=0.040775
  Stage 3 epoch 300/300: loss=0.037691
  rcMTE@0.1: 0.5058 (285/500 in region)
  rcMTE@0.5: 0.8856 (98/500 in region)
  rcMTE@1.0: 0.9402 (31/500 in region)
  MTE@0.1: 0.8709
  MTE@0.5: 1.7598
  MTE@1.0: 2.0921
  W2@1.0:  1.6374
  sW2@0.1: 0.5670 (285/500 in region)
  sW2@0.2: 0.8316 (204/500 in region)
  sW2@0.5: 1.1163 (98/500 in region)
  sW2@1.0: 1.5426 (31/500 in region)
  MMD@1.0: 0.2811
  Survival@1.0: 29.8%
  Stopped@1.0:  6.2%

  --- AE: T+F ---
    E_mu=0.0110  E_Sigma=0.0091

    Drift: enc-pull
  Stage 2 epoch 100/300: loss=0.017459
  Stage 2 epoch 200/300: loss=0.017862
  Stage 2 epoch 300/300: loss=0.032054
  Stage 3 epoch 100/300: loss=0.015535
  Stage 3 epoch 200/300: loss=0.004981
  Stage 3 epoch 300/300: loss=0.002899
  rcMTE@0.1: 0.5392 (285/500 in region)
  rcMTE@0.5: 0.9028 (98/500 in region)
  rcMTE@1.0: 1.0059 (31/500 in region)
  MTE@0.1: 0.9477
  MTE@0.5: 1.7191
  MTE@1.0: 1.9495
  W2@1.0:  1.3364
  sW2@0.1: 0.5652 (285/500 in region)
  sW2@0.2: 0.8009 (204/500 in region)
  sW2@0.5: 1.0376 (98/500 in region)
  sW2@1.0: 1.3435 (31/500 in region)
  MMD@1.0: 0.3213
  Survival@1.0: 29.8%
  Stopped@1.0:  6.2%

    Drift: dec-side
  Stage 2 epoch 100/300: loss=0.018809
  Stage 2 epoch 200/300: loss=0.015051
  Stage 2 epoch 300/300: loss=0.012431
  Stage 3 epoch 100/300: loss=0.015535
  Stage 3 epoch 200/300: loss=0.004981
  Stage 3 epoch 300/300: loss=0.002899
  rcMTE@0.1: 0.5448 (285/500 in region)
  rcMTE@0.5: 0.9665 (98/500 in region)
  rcMTE@1.0: 1.1149 (31/500 in region)
  MTE@0.1: 0.9709
  MTE@0.5: 1.9385
  MTE@1.0: 2.4165
  W2@1.0:  2.1076
  sW2@0.1: 0.6082 (285/500 in region)
  sW2@0.2: 0.8889 (204/500 in region)
  sW2@0.5: 1.3300 (98/500 in region)
  sW2@1.0: 1.7932 (31/500 in region)
  MMD@1.0: 0.3978
  Survival@1.0: 29.8%
  Stopped@1.0:  6.2%

============================================================
  paraboloid | D=11 | seed=2042
============================================================

  --- AE: baseline ---
    E_mu=0.2217  E_Sigma=0.2214

    Drift: enc-pull
  Stage 2 epoch 100/300: loss=1.007255
  Stage 2 epoch 200/300: loss=0.413462
  Stage 2 epoch 300/300: loss=0.136326
  Stage 3 epoch 100/300: loss=0.044205
  Stage 3 epoch 200/300: loss=0.023284
  Stage 3 epoch 300/300: loss=0.022158
  rcMTE@0.1: 0.7397 (293/500 in region)
  rcMTE@0.5: 1.2547 (88/500 in region)
  rcMTE@1.0: 1.0552 (24/500 in region)
  MTE@0.1: 1.2642
  MTE@0.5: 1.8478
  MTE@1.0: 1.6418
  W2@1.0:  0.5086
  sW2@0.1: 0.6390 (293/500 in region)
  sW2@0.2: 0.8090 (212/500 in region)
  sW2@0.5: 1.0587 (88/500 in region)
  sW2@1.0: 0.6856 (24/500 in region)
  MMD@1.0: 0.1283
  Survival@1.0: 26.6%
  Stopped@1.0:  4.8%

    Drift: dec-side
  Stage 2 epoch 100/300: loss=0.049982
  Stage 2 epoch 200/300: loss=0.013121
  Stage 2 epoch 300/300: loss=0.004119
  Stage 3 epoch 100/300: loss=0.044205
  Stage 3 epoch 200/300: loss=0.023284
  Stage 3 epoch 300/300: loss=0.022158
  rcMTE@0.1: 0.8248 (293/500 in region)
  rcMTE@0.5: 1.6751 (88/500 in region)
  rcMTE@1.0: 2.0019 (24/500 in region)
  MTE@0.1: 1.4173
  MTE@0.5: 2.6626
  MTE@1.0: 2.9519
  W2@1.0:  2.4963
  sW2@0.1: 1.0116 (293/500 in region)
  sW2@0.2: 1.5479 (212/500 in region)
  sW2@0.5: 2.4622 (88/500 in region)
  sW2@1.0: 3.2825 (24/500 in region)
  MMD@1.0: 0.4412
  Survival@1.0: 26.6%
  Stopped@1.0:  4.8%

  --- AE: T+F ---
    E_mu=0.0087  E_Sigma=0.0060

    Drift: enc-pull
  Stage 2 epoch 100/300: loss=0.026268
  Stage 2 epoch 200/300: loss=0.024712
  Stage 2 epoch 300/300: loss=0.020992
  Stage 3 epoch 100/300: loss=0.011180
  Stage 3 epoch 200/300: loss=0.004909
  Stage 3 epoch 300/300: loss=0.002520
  rcMTE@0.1: 0.7890 (293/500 in region)
  rcMTE@0.5: 1.4928 (88/500 in region)
  rcMTE@1.0: 1.3614 (24/500 in region)
  MTE@0.1: 1.3919
  MTE@0.5: 2.4527
  MTE@1.0: 2.2638
  W2@1.0:  1.5355
  sW2@0.1: 0.9640 (293/500 in region)
  sW2@0.2: 1.4052 (212/500 in region)
  sW2@0.5: 2.0260 (88/500 in region)
  sW2@1.0: 1.8516 (24/500 in region)
  MMD@1.0: 0.3585
  Survival@1.0: 26.6%
  Stopped@1.0:  4.8%

    Drift: dec-side
  Stage 2 epoch 100/300: loss=0.005576
  Stage 2 epoch 200/300: loss=0.002122
  Stage 2 epoch 300/300: loss=0.001174
  Stage 3 epoch 100/300: loss=0.011180
  Stage 3 epoch 200/300: loss=0.004909
  Stage 3 epoch 300/300: loss=0.002520
  rcMTE@0.1: 0.8088 (293/500 in region)
  rcMTE@0.5: 1.6638 (88/500 in region)
  rcMTE@1.0: 1.7829 (24/500 in region)
  MTE@0.1: 1.4346
  MTE@0.5: 2.8483
  MTE@1.0: 3.1035
  W2@1.0:  2.7821
  sW2@0.1: 1.0590 (293/500 in region)
  sW2@0.2: 1.6324 (212/500 in region)
  sW2@0.5: 2.6636 (88/500 in region)
  sW2@1.0: 3.5753 (24/500 in region)
  MMD@1.0: 0.4469
  Survival@1.0: 26.6%
  Stopped@1.0:  4.8%

============================================================
  paraboloid | D=11 | seed=3042
============================================================

  --- AE: baseline ---
    E_mu=0.1080  E_Sigma=0.0793

    Drift: enc-pull
  Stage 2 epoch 100/300: loss=0.880224
  Stage 2 epoch 200/300: loss=0.384709
  Stage 2 epoch 300/300: loss=0.173818
  Stage 3 epoch 100/300: loss=0.036129
  Stage 3 epoch 200/300: loss=0.027874
  Stage 3 epoch 300/300: loss=0.024032
  rcMTE@0.1: 0.4445 (275/500 in region)
  rcMTE@0.5: 0.7734 (78/500 in region)
  rcMTE@1.0: 0.7864 (25/500 in region)
  MTE@0.1: 0.8404
  MTE@0.5: 1.2114
  MTE@1.0: 1.2900
  W2@1.0:  0.6103
  sW2@0.1: 0.3890 (275/500 in region)
  sW2@0.2: 0.4992 (204/500 in region)
  sW2@0.5: 0.7524 (78/500 in region)
  sW2@1.0: 0.8806 (25/500 in region)
  MMD@1.0: 0.1249
  Survival@1.0: 27.2%
  Stopped@1.0:  5.0%

    Drift: dec-side
  Stage 2 epoch 100/300: loss=0.072718
  Stage 2 epoch 200/300: loss=0.012349
  Stage 2 epoch 300/300: loss=0.004806
  Stage 3 epoch 100/300: loss=0.036129
  Stage 3 epoch 200/300: loss=0.027874
  Stage 3 epoch 300/300: loss=0.024032
  rcMTE@0.1: 0.4751 (275/500 in region)
  rcMTE@0.5: 0.9336 (78/500 in region)
  rcMTE@1.0: 1.3182 (25/500 in region)
  MTE@0.1: 0.9050
  MTE@0.5: 1.6110
  MTE@1.0: 2.1866
  W2@1.0:  1.7165
  sW2@0.1: 0.5576 (275/500 in region)
  sW2@0.2: 0.7172 (204/500 in region)
  sW2@0.5: 1.4090 (78/500 in region)
  sW2@1.0: 2.2927 (25/500 in region)
  MMD@1.0: 0.3428
  Survival@1.0: 27.2%
  Stopped@1.0:  5.0%

  --- AE: T+F ---
    E_mu=0.0182  E_Sigma=0.2495

    Drift: enc-pull
  Stage 2 epoch 100/300: loss=0.037775
  Stage 2 epoch 200/300: loss=0.038690
  Stage 2 epoch 300/300: loss=0.032096
  Stage 3 epoch 100/300: loss=0.048085
  Stage 3 epoch 200/300: loss=0.035347
  Stage 3 epoch 300/300: loss=0.027236
  rcMTE@0.1: 0.4590 (275/500 in region)
  rcMTE@0.5: 0.7358 (78/500 in region)
  rcMTE@1.0: 0.8116 (25/500 in region)
  MTE@0.1: 0.9339
  MTE@0.5: 1.4683
  MTE@1.0: 1.6991
  W2@1.0:  1.2344
  sW2@0.1: 0.6180 (275/500 in region)
  sW2@0.2: 0.6865 (204/500 in region)
  sW2@0.5: 1.0299 (78/500 in region)
  sW2@1.0: 1.5473 (25/500 in region)
  MMD@1.0: 0.2979
  Survival@1.0: 27.2%
  Stopped@1.0:  5.0%

    Drift: dec-side
  Stage 2 epoch 100/300: loss=0.017803
  Stage 2 epoch 200/300: loss=0.007720
  Stage 2 epoch 300/300: loss=0.005290
  Stage 3 epoch 100/300: loss=0.048085
  Stage 3 epoch 200/300: loss=0.035347
  Stage 3 epoch 300/300: loss=0.027236
  rcMTE@0.1: 0.4688 (275/500 in region)
  rcMTE@0.5: 0.7772 (78/500 in region)
  rcMTE@1.0: 1.0273 (25/500 in region)
  MTE@0.1: 0.9623
  MTE@0.5: 1.6287
  MTE@1.0: 2.1115
  W2@1.0:  1.8083
  sW2@0.1: 0.6704 (275/500 in region)
  sW2@0.2: 0.7958 (204/500 in region)
  sW2@0.5: 1.1653 (78/500 in region)
  sW2@1.0: 2.0233 (25/500 in region)
  MMD@1.0: 0.3794
  Survival@1.0: 27.2%
  Stopped@1.0:  5.0%

============================================================
  paraboloid | D=11 | seed=4042
============================================================

  --- AE: baseline ---
    E_mu=0.2942  E_Sigma=0.2997

    Drift: enc-pull
  Stage 2 epoch 100/300: loss=1.231144
  Stage 2 epoch 200/300: loss=1.088326
  Stage 2 epoch 300/300: loss=0.651278
  Stage 3 epoch 100/300: loss=0.056275
  Stage 3 epoch 200/300: loss=0.042468
  Stage 3 epoch 300/300: loss=0.037585
  rcMTE@0.1: 0.5643 (287/500 in region)
  rcMTE@0.5: 0.8354 (102/500 in region)
  rcMTE@1.0: 0.7829 (30/500 in region)
  MTE@0.1: 0.9835
  MTE@0.5: 1.4550
  MTE@1.0: 1.3553
  W2@1.0:  0.5899
  sW2@0.1: 0.3527 (287/500 in region)
  sW2@0.2: 0.5461 (207/500 in region)
  sW2@0.5: 0.6138 (102/500 in region)
  sW2@1.0: 0.8237 (30/500 in region)
  MMD@1.0: 0.1640
  Survival@1.0: 28.2%
  Stopped@1.0:  6.0%

    Drift: dec-side
  Stage 2 epoch 100/300: loss=0.130848
  Stage 2 epoch 200/300: loss=0.033746
  Stage 2 epoch 300/300: loss=0.015369
  Stage 3 epoch 100/300: loss=0.056275
  Stage 3 epoch 200/300: loss=0.042468
  Stage 3 epoch 300/300: loss=0.037585
  rcMTE@0.1: 0.6020 (287/500 in region)
  rcMTE@0.5: 1.0341 (102/500 in region)
  rcMTE@1.0: 1.1633 (30/500 in region)
  MTE@0.1: 1.0656
  MTE@0.5: 1.9207
  MTE@1.0: 2.3433
  W2@1.0:  1.8449
  sW2@0.1: 0.5219 (287/500 in region)
  sW2@0.2: 0.8622 (207/500 in region)
  sW2@0.5: 1.2589 (102/500 in region)
  sW2@1.0: 1.7563 (30/500 in region)
  MMD@1.0: 0.3807
  Survival@1.0: 28.2%
  Stopped@1.0:  6.0%

  --- AE: T+F ---
    E_mu=0.0060  E_Sigma=0.0075

    Drift: enc-pull
  Stage 2 epoch 100/300: loss=0.033509
  Stage 2 epoch 200/300: loss=0.018255
  Stage 2 epoch 300/300: loss=0.018910
  Stage 3 epoch 100/300: loss=0.008441
  Stage 3 epoch 200/300: loss=0.002400
  Stage 3 epoch 300/300: loss=0.002324
  rcMTE@0.1: 0.5868 (287/500 in region)
  rcMTE@0.5: 0.9474 (102/500 in region)
  rcMTE@1.0: 0.9802 (30/500 in region)
  MTE@0.1: 1.0415
  MTE@0.5: 1.7061
  MTE@1.0: 1.8776
  W2@1.0:  1.3065
  sW2@0.1: 0.5578 (287/500 in region)
  sW2@0.2: 0.9096 (207/500 in region)
  sW2@0.5: 1.0648 (102/500 in region)
  sW2@1.0: 1.3408 (30/500 in region)
  MMD@1.0: 0.4136
  Survival@1.0: 28.2%
  Stopped@1.0:  6.0%

    Drift: dec-side
  Stage 2 epoch 100/300: loss=0.005660
  Stage 2 epoch 200/300: loss=0.002251
  Stage 2 epoch 300/300: loss=0.001705
  Stage 3 epoch 100/300: loss=0.008441
  Stage 3 epoch 200/300: loss=0.002400
  Stage 3 epoch 300/300: loss=0.002324
  rcMTE@0.1: 0.5906 (287/500 in region)
  rcMTE@0.5: 0.9898 (102/500 in region)
  rcMTE@1.0: 1.0527 (30/500 in region)
  MTE@0.1: 1.0590
  MTE@0.5: 1.8276
  MTE@1.0: 2.2261
  W2@1.0:  1.8009
  sW2@0.1: 0.5826 (287/500 in region)
  sW2@0.2: 1.0097 (207/500 in region)
  sW2@0.5: 1.2344 (102/500 in region)
  sW2@1.0: 1.6178 (30/500 in region)
  MMD@1.0: 0.4659
  Survival@1.0: 28.2%
  Stopped@1.0:  6.0%

============================================================
  paraboloid | D=11 | seed=5042
============================================================

  --- AE: baseline ---
    E_mu=0.2314  E_Sigma=0.1105

    Drift: enc-pull
  Stage 2 epoch 100/300: loss=1.609354
  Stage 2 epoch 200/300: loss=1.272463
  Stage 2 epoch 300/300: loss=0.656628
  Stage 3 epoch 100/300: loss=0.040013
  Stage 3 epoch 200/300: loss=0.019156
  Stage 3 epoch 300/300: loss=0.016679
  rcMTE@0.1: 0.7404 (285/500 in region)
  rcMTE@0.5: 1.1147 (93/500 in region)
  rcMTE@1.0: 0.9917 (33/500 in region)
  MTE@0.1: 1.2509
  MTE@0.5: 1.7570
  MTE@1.0: 1.5792
  W2@1.0:  0.5627
  sW2@0.1: 0.6153 (285/500 in region)
  sW2@0.2: 0.7072 (216/500 in region)
  sW2@0.5: 0.7103 (93/500 in region)
  sW2@1.0: 0.7029 (33/500 in region)
  MMD@1.0: 0.2039
  Survival@1.0: 25.8%
  Stopped@1.0:  6.6%

    Drift: dec-side
  Stage 2 epoch 100/300: loss=0.038278
  Stage 2 epoch 200/300: loss=0.008330
  Stage 2 epoch 300/300: loss=0.003802
  Stage 3 epoch 100/300: loss=0.040013
  Stage 3 epoch 200/300: loss=0.019156
  Stage 3 epoch 300/300: loss=0.016679
  rcMTE@0.1: 0.8053 (285/500 in region)
  rcMTE@0.5: 1.5736 (93/500 in region)
  rcMTE@1.0: 1.7232 (33/500 in region)
  MTE@0.1: 1.3752
  MTE@0.5: 2.5165
  MTE@1.0: 2.8096
  W2@1.0:  2.3676
  sW2@0.1: 0.9131 (285/500 in region)
  sW2@0.2: 1.3127 (216/500 in region)
  sW2@0.5: 1.9308 (93/500 in region)
  sW2@1.0: 2.0799 (33/500 in region)
  MMD@1.0: 0.4420
  Survival@1.0: 25.8%
  Stopped@1.0:  6.6%

  --- AE: T+F ---
    E_mu=0.0119  E_Sigma=0.0104

    Drift: enc-pull
  Stage 2 epoch 100/300: loss=0.029659
  Stage 2 epoch 200/300: loss=0.029393
  Stage 2 epoch 300/300: loss=0.024341
  Stage 3 epoch 100/300: loss=0.038076
  Stage 3 epoch 200/300: loss=0.023693
  Stage 3 epoch 300/300: loss=0.016733
  rcMTE@0.1: 0.5351 (285/500 in region)
  rcMTE@0.5: 0.9358 (93/500 in region)
  rcMTE@1.0: 0.8368 (33/500 in region)
  MTE@0.1: 0.9436
  MTE@0.5: 1.5916
  MTE@1.0: 1.4709
  W2@1.0:  0.9130
  sW2@0.1: 0.7104 (285/500 in region)
  sW2@0.2: 0.9385 (216/500 in region)
  sW2@0.5: 1.2201 (93/500 in region)
  sW2@1.0: 0.9618 (33/500 in region)
  MMD@1.0: 0.3073
  Survival@1.0: 25.8%
  Stopped@1.0:  6.6%

    Drift: dec-side
  Stage 2 epoch 100/300: loss=0.012290
  Stage 2 epoch 200/300: loss=0.004341
  Stage 2 epoch 300/300: loss=0.002472
  Stage 3 epoch 100/300: loss=0.038076
  Stage 3 epoch 200/300: loss=0.023693
  Stage 3 epoch 300/300: loss=0.016733
  rcMTE@0.1: 0.5439 (285/500 in region)
  rcMTE@0.5: 1.0053 (93/500 in region)
  rcMTE@1.0: 0.9292 (33/500 in region)
  MTE@0.1: 0.9652
  MTE@0.5: 1.7633
  MTE@1.0: 1.8425
  W2@1.0:  1.5154
  sW2@0.1: 0.7731 (285/500 in region)
  sW2@0.2: 1.0668 (216/500 in region)
  sW2@0.5: 1.5907 (93/500 in region)
  sW2@1.0: 1.2791 (33/500 in region)
  MMD@1.0: 0.3716
  Survival@1.0: 25.8%
  Stopped@1.0:  6.6%

============================================================
  paraboloid | D=11 | seed=6042
============================================================

  --- AE: baseline ---
    E_mu=0.2334  E_Sigma=0.1837

    Drift: enc-pull
  Stage 2 epoch 100/300: loss=0.616525
  Stage 2 epoch 200/300: loss=0.276385
  Stage 2 epoch 300/300: loss=0.198287
  Stage 3 epoch 100/300: loss=0.043706
  Stage 3 epoch 200/300: loss=0.035628
  Stage 3 epoch 300/300: loss=0.030813
  rcMTE@0.1: 0.3757 (290/500 in region)
  rcMTE@0.5: 0.5737 (89/500 in region)
  rcMTE@1.0: 0.5517 (30/500 in region)
  MTE@0.1: 0.6616
  MTE@0.5: 1.0850
  MTE@1.0: 1.0768
  W2@1.0:  0.5271
  sW2@0.1: 0.3023 (290/500 in region)
  sW2@0.2: 0.3412 (208/500 in region)
  sW2@0.5: 0.4391 (89/500 in region)
  sW2@1.0: 0.5923 (30/500 in region)
  MMD@1.0: 0.1168
  Survival@1.0: 27.2%
  Stopped@1.0:  6.0%

    Drift: dec-side
  Stage 2 epoch 100/300: loss=0.087608
  Stage 2 epoch 200/300: loss=0.021866
  Stage 2 epoch 300/300: loss=0.008298
  Stage 3 epoch 100/300: loss=0.043706
  Stage 3 epoch 200/300: loss=0.035628
  Stage 3 epoch 300/300: loss=0.030813
  rcMTE@0.1: 0.3970 (290/500 in region)
  rcMTE@0.5: 0.7674 (89/500 in region)
  rcMTE@1.0: 0.8570 (30/500 in region)
  MTE@0.1: 0.6929
  MTE@0.5: 1.4401
  MTE@1.0: 1.6475
  W2@1.0:  1.3916
  sW2@0.1: 0.4260 (290/500 in region)
  sW2@0.2: 0.6190 (208/500 in region)
  sW2@0.5: 0.9261 (89/500 in region)
  sW2@1.0: 1.3263 (30/500 in region)
  MMD@1.0: 0.3270
  Survival@1.0: 27.2%
  Stopped@1.0:  6.0%

  --- AE: T+F ---
    E_mu=0.0112  E_Sigma=0.0320

    Drift: enc-pull
  Stage 2 epoch 100/300: loss=0.018045
  Stage 2 epoch 200/300: loss=0.018169
  Stage 2 epoch 300/300: loss=0.017274
  Stage 3 epoch 100/300: loss=0.033212
  Stage 3 epoch 200/300: loss=0.022373
  Stage 3 epoch 300/300: loss=0.013483
  rcMTE@0.1: 0.3759 (290/500 in region)
  rcMTE@0.5: 0.6380 (89/500 in region)
  rcMTE@1.0: 0.6278 (30/500 in region)
  MTE@0.1: 0.6520
  MTE@0.5: 1.2105
  MTE@1.0: 1.2906
  W2@1.0:  0.8859
  sW2@0.1: 0.4169 (290/500 in region)
  sW2@0.2: 0.5357 (208/500 in region)
  sW2@0.5: 0.7641 (89/500 in region)
  sW2@1.0: 0.6334 (30/500 in region)
  MMD@1.0: 0.2964
  Survival@1.0: 27.2%
  Stopped@1.0:  6.0%

    Drift: dec-side
  Stage 2 epoch 100/300: loss=0.005287
  Stage 2 epoch 200/300: loss=0.002369
  Stage 2 epoch 300/300: loss=0.001336
  Stage 3 epoch 100/300: loss=0.033212
  Stage 3 epoch 200/300: loss=0.022373
  Stage 3 epoch 300/300: loss=0.013483
  rcMTE@0.1: 0.3797 (290/500 in region)
  rcMTE@0.5: 0.6897 (89/500 in region)
  rcMTE@1.0: 0.7105 (30/500 in region)
  MTE@0.1: 0.6586
  MTE@0.5: 1.3192
  MTE@1.0: 1.4795
  W2@1.0:  1.2067
  sW2@0.1: 0.4501 (290/500 in region)
  sW2@0.2: 0.6186 (208/500 in region)
  sW2@0.5: 0.9254 (89/500 in region)
  sW2@1.0: 0.7696 (30/500 in region)
  MMD@1.0: 0.3523
  Survival@1.0: 27.2%
  Stopped@1.0:  6.0%

============================================================
  paraboloid | D=11 | seed=7042
============================================================

  --- AE: baseline ---
    E_mu=0.1619  E_Sigma=0.1336

    Drift: enc-pull
  Stage 2 epoch 100/300: loss=0.859955
  Stage 2 epoch 200/300: loss=0.373234
  Stage 2 epoch 300/300: loss=0.180801
  Stage 3 epoch 100/300: loss=0.058858
  Stage 3 epoch 200/300: loss=0.028807
  Stage 3 epoch 300/300: loss=0.032264
  rcMTE@0.1: 0.5105 (316/500 in region)
  rcMTE@0.5: 0.7772 (109/500 in region)
  rcMTE@1.0: 0.9144 (29/500 in region)
  MTE@0.1: 0.8743
  MTE@0.5: 1.3485
  MTE@1.0: 1.4473
  W2@1.0:  0.5621
  sW2@0.1: 0.4547 (316/500 in region)
  sW2@0.2: 0.4898 (232/500 in region)
  sW2@0.5: 0.4467 (109/500 in region)
  sW2@1.0: 0.6735 (29/500 in region)
  MMD@1.0: 0.1308
  Survival@1.0: 28.8%
  Stopped@1.0:  5.8%

    Drift: dec-side
  Stage 2 epoch 100/300: loss=0.055942
  Stage 2 epoch 200/300: loss=0.012548
  Stage 2 epoch 300/300: loss=0.008715
  Stage 3 epoch 100/300: loss=0.058858
  Stage 3 epoch 200/300: loss=0.028807
  Stage 3 epoch 300/300: loss=0.032264
  rcMTE@0.1: 0.5582 (316/500 in region)
  rcMTE@0.5: 1.0638 (109/500 in region)
  rcMTE@1.0: 1.3848 (29/500 in region)
  MTE@0.1: 0.9400
  MTE@0.5: 1.7632
  MTE@1.0: 2.3238
  W2@1.0:  1.6805
  sW2@0.1: 0.7236 (316/500 in region)
  sW2@0.2: 1.0424 (232/500 in region)
  sW2@0.5: 1.2852 (109/500 in region)
  sW2@1.0: 1.7139 (29/500 in region)
  MMD@1.0: 0.4130
  Survival@1.0: 28.8%
  Stopped@1.0:  5.8%

  --- AE: T+F ---
    E_mu=0.0076  E_Sigma=0.0071

    Drift: enc-pull
  Stage 2 epoch 100/300: loss=0.021033
  Stage 2 epoch 200/300: loss=0.016475
  Stage 2 epoch 300/300: loss=0.017992
  Stage 3 epoch 100/300: loss=0.015071
  Stage 3 epoch 200/300: loss=0.003116
  Stage 3 epoch 300/300: loss=0.001900
  rcMTE@0.1: 0.5320 (316/500 in region)
  rcMTE@0.5: 0.9296 (109/500 in region)
  rcMTE@1.0: 1.1012 (29/500 in region)
  MTE@0.1: 0.9343
  MTE@0.5: 1.6873
  MTE@1.0: 1.9752
  W2@1.0:  1.3034
  sW2@0.1: 0.6959 (316/500 in region)
  sW2@0.2: 0.9751 (232/500 in region)
  sW2@0.5: 1.1445 (109/500 in region)
  sW2@1.0: 1.2799 (29/500 in region)
  MMD@1.0: 0.3776
  Survival@1.0: 28.8%
  Stopped@1.0:  5.8%

    Drift: dec-side
  Stage 2 epoch 100/300: loss=0.006646
  Stage 2 epoch 200/300: loss=0.003106
  Stage 2 epoch 300/300: loss=0.001553
  Stage 3 epoch 100/300: loss=0.015071
  Stage 3 epoch 200/300: loss=0.003116
  Stage 3 epoch 300/300: loss=0.001900
  rcMTE@0.1: 0.5397 (316/500 in region)
  rcMTE@0.5: 0.9989 (109/500 in region)
  rcMTE@1.0: 1.2072 (29/500 in region)
  MTE@0.1: 0.9529
  MTE@0.5: 1.8358
  MTE@1.0: 2.2701
  W2@1.0:  1.7596
  sW2@0.1: 0.7462 (316/500 in region)
  sW2@0.2: 1.1188 (232/500 in region)
  sW2@0.5: 1.4432 (109/500 in region)
  sW2@1.0: 1.6951 (29/500 in region)
  MMD@1.0: 0.4393
  Survival@1.0: 28.8%
  Stopped@1.0:  5.8%

============================================================
  paraboloid | D=11 | seed=8042
============================================================

  --- AE: baseline ---
    E_mu=0.2187  E_Sigma=0.1931

    Drift: enc-pull
  Stage 2 epoch 100/300: loss=0.781575
  Stage 2 epoch 200/300: loss=0.593958
  Stage 2 epoch 300/300: loss=0.391425
  Stage 3 epoch 100/300: loss=0.031931
  Stage 3 epoch 200/300: loss=0.022271
  Stage 3 epoch 300/300: loss=0.012785
  rcMTE@0.1: 0.5597 (269/500 in region)
  rcMTE@0.5: 0.8749 (84/500 in region)
  rcMTE@1.0: 0.9421 (29/500 in region)
  MTE@0.1: 0.9835
  MTE@0.5: 1.3505
  MTE@1.0: 1.4256
  W2@1.0:  0.4747
  sW2@0.1: 0.4132 (269/500 in region)
  sW2@0.2: 0.4540 (192/500 in region)
  sW2@0.5: 0.5605 (84/500 in region)
  sW2@1.0: 0.7244 (29/500 in region)
  MMD@1.0: 0.0894
  Survival@1.0: 27.0%
  Stopped@1.0:  5.8%

    Drift: dec-side
  Stage 2 epoch 100/300: loss=0.071450
  Stage 2 epoch 200/300: loss=0.018426
  Stage 2 epoch 300/300: loss=0.007846
  Stage 3 epoch 100/300: loss=0.031931
  Stage 3 epoch 200/300: loss=0.022271
  Stage 3 epoch 300/300: loss=0.012785
  rcMTE@0.1: 0.6067 (269/500 in region)
  rcMTE@0.5: 1.2087 (84/500 in region)
  rcMTE@1.0: 1.5494 (29/500 in region)
  MTE@0.1: 1.0624
  MTE@0.5: 1.9276
  MTE@1.0: 2.4026
  W2@1.0:  1.7169
  sW2@0.1: 0.6183 (269/500 in region)
  sW2@0.2: 0.8027 (192/500 in region)
  sW2@0.5: 1.5215 (84/500 in region)
  sW2@1.0: 2.1055 (29/500 in region)
  MMD@1.0: 0.3798
  Survival@1.0: 27.0%
  Stopped@1.0:  5.8%

  --- AE: T+F ---
    E_mu=0.0109  E_Sigma=0.0298

    Drift: enc-pull
  Stage 2 epoch 100/300: loss=0.014889
  Stage 2 epoch 200/300: loss=0.013371
  Stage 2 epoch 300/300: loss=0.013739
  Stage 3 epoch 100/300: loss=0.014021
  Stage 3 epoch 200/300: loss=0.004742
  Stage 3 epoch 300/300: loss=0.002249
  rcMTE@0.1: 0.2192 (269/500 in region)
  rcMTE@0.5: 0.4517 (84/500 in region)
  rcMTE@1.0: 0.6669 (29/500 in region)
  MTE@0.1: 0.4470
  MTE@0.5: 0.8839
  MTE@1.0: 1.1493
  W2@1.0:  0.8174
  sW2@0.1: 0.4200 (269/500 in region)
  sW2@0.2: 0.4352 (192/500 in region)
  sW2@0.5: 0.7860 (84/500 in region)
  sW2@1.0: 1.4334 (29/500 in region)
  MMD@1.0: 0.3132
  Survival@1.0: 27.0%
  Stopped@1.0:  5.8%

    Drift: dec-side
  Stage 2 epoch 100/300: loss=0.009636
  Stage 2 epoch 200/300: loss=0.002696
  Stage 2 epoch 300/300: loss=0.001071
  Stage 3 epoch 100/300: loss=0.014021
  Stage 3 epoch 200/300: loss=0.004742
  Stage 3 epoch 300/300: loss=0.002249
  rcMTE@0.1: 0.2254 (269/500 in region)
  rcMTE@0.5: 0.5027 (84/500 in region)
  rcMTE@1.0: 0.8008 (29/500 in region)
  MTE@0.1: 0.4653
  MTE@0.5: 1.0236
  MTE@1.0: 1.5326
  W2@1.0:  1.4046
  sW2@0.1: 0.4667 (269/500 in region)
  sW2@0.2: 0.5055 (192/500 in region)
  sW2@0.5: 0.9333 (84/500 in region)
  sW2@1.0: 1.7962 (29/500 in region)
  MMD@1.0: 0.4120
  Survival@1.0: 27.0%
  Stopped@1.0:  5.8%

============================================================
  paraboloid | D=11 | seed=9042
============================================================

  --- AE: baseline ---
    E_mu=0.2951  E_Sigma=0.2327

    Drift: enc-pull
  Stage 2 epoch 100/300: loss=0.762336
  Stage 2 epoch 200/300: loss=0.351627
  Stage 2 epoch 300/300: loss=0.162726
  Stage 3 epoch 100/300: loss=0.034776
  Stage 3 epoch 200/300: loss=0.024077
  Stage 3 epoch 300/300: loss=0.021859
  rcMTE@0.1: 0.1884 (280/500 in region)
  rcMTE@0.5: 0.3275 (85/500 in region)
  rcMTE@1.0: 0.4437 (22/500 in region)
  MTE@0.1: 0.4177
  MTE@0.5: 0.5950
  MTE@1.0: 0.6981
  W2@1.0:  0.4315
  sW2@0.1: 0.2667 (280/500 in region)
  sW2@0.2: 0.2364 (205/500 in region)
  sW2@0.5: 0.3787 (85/500 in region)
  sW2@1.0: 0.6877 (22/500 in region)
  MMD@1.0: 0.1122
  Survival@1.0: 28.2%
  Stopped@1.0:  4.4%

    Drift: dec-side
  Stage 2 epoch 100/300: loss=0.057944
  Stage 2 epoch 200/300: loss=0.011802
  Stage 2 epoch 300/300: loss=0.006293
  Stage 3 epoch 100/300: loss=0.034776
  Stage 3 epoch 200/300: loss=0.024077
  Stage 3 epoch 300/300: loss=0.021859
  rcMTE@0.1: 0.2096 (280/500 in region)
  rcMTE@0.5: 0.4439 (85/500 in region)
  rcMTE@1.0: 0.6222 (22/500 in region)
  MTE@0.1: 0.4630
  MTE@0.5: 1.1551
  MTE@1.0: 1.8525
  W2@1.0:  1.8226
  sW2@0.1: 0.4214 (280/500 in region)
  sW2@0.2: 0.4814 (205/500 in region)
  sW2@0.5: 0.8433 (85/500 in region)
  sW2@1.0: 1.1848 (22/500 in region)
  MMD@1.0: 0.4527
  Survival@1.0: 28.2%
  Stopped@1.0:  4.4%

  --- AE: T+F ---
    E_mu=0.0357  E_Sigma=0.2584

    Drift: enc-pull
  Stage 2 epoch 100/300: loss=0.077192
  Stage 2 epoch 200/300: loss=0.067098
  Stage 2 epoch 300/300: loss=0.065668
  Stage 3 epoch 100/300: loss=0.016462
  Stage 3 epoch 200/300: loss=0.009073
  Stage 3 epoch 300/300: loss=0.008304
  rcMTE@0.1: 0.3074 (280/500 in region)
  rcMTE@0.5: 0.5447 (85/500 in region)
  rcMTE@1.0: 0.5911 (22/500 in region)
  MTE@0.1: 0.5335
  MTE@0.5: 1.0631
  MTE@1.0: 1.3551
  W2@1.0:  1.0416
  sW2@0.1: 0.3891 (280/500 in region)
  sW2@0.2: 0.3811 (205/500 in region)
  sW2@0.5: 0.6433 (85/500 in region)
  sW2@1.0: 0.6422 (22/500 in region)
  MMD@1.0: 0.3440
  Survival@1.0: 28.2%
  Stopped@1.0:  4.4%

    Drift: dec-side
  Stage 2 epoch 100/300: loss=0.012637
  Stage 2 epoch 200/300: loss=0.004354
  Stage 2 epoch 300/300: loss=0.002317
  Stage 3 epoch 100/300: loss=0.016462
  Stage 3 epoch 200/300: loss=0.009073
  Stage 3 epoch 300/300: loss=0.008304
  rcMTE@0.1: 0.3123 (280/500 in region)
  rcMTE@0.5: 0.5410 (85/500 in region)
  rcMTE@1.0: 0.5858 (22/500 in region)
  MTE@0.1: 0.5481
  MTE@0.5: 1.1120
  MTE@1.0: 1.5725
  W2@1.0:  1.4255
  sW2@0.1: 0.4117 (280/500 in region)
  sW2@0.2: 0.4002 (205/500 in region)
  sW2@0.5: 0.6350 (85/500 in region)
  sW2@1.0: 0.6866 (22/500 in region)
  MMD@1.0: 0.3986
  Survival@1.0: 28.2%
  Stopped@1.0:  4.4%

============================================================
  hyperbolic_paraboloid | D=11 | seed=42
============================================================

  --- AE: baseline ---
    E_mu=0.2190  E_Sigma=0.1600

    Drift: enc-pull
  Stage 2 epoch 100/300: loss=0.397377
  Stage 2 epoch 200/300: loss=0.094409
  Stage 2 epoch 300/300: loss=0.037784
  Stage 3 epoch 100/300: loss=0.035173
  Stage 3 epoch 200/300: loss=0.026614
  Stage 3 epoch 300/300: loss=0.023661
  rcMTE@0.1: 0.4406 (292/500 in region)
  rcMTE@0.5: 0.7971 (97/500 in region)
  rcMTE@1.0: 0.6895 (21/500 in region)
  MTE@0.1: 0.7880
  MTE@0.5: 1.2961
  MTE@1.0: 1.3425
  W2@1.0:  0.3864
  sW2@0.1: 0.2971 (292/500 in region)
  sW2@0.2: 0.4290 (214/500 in region)
  sW2@0.5: 0.4404 (97/500 in region)
  sW2@1.0: 0.4935 (21/500 in region)
  MMD@1.0: 0.0931
  Survival@1.0: 28.0%
  Stopped@1.0:  4.2%

    Drift: dec-side
  Stage 2 epoch 100/300: loss=0.026573
  Stage 2 epoch 200/300: loss=0.008805
  Stage 2 epoch 300/300: loss=0.003242
  Stage 3 epoch 100/300: loss=0.035173
  Stage 3 epoch 200/300: loss=0.026614
  Stage 3 epoch 300/300: loss=0.023661
  rcMTE@0.1: 0.4541 (292/500 in region)
  rcMTE@0.5: 1.0278 (97/500 in region)
  rcMTE@1.0: 1.2950 (21/500 in region)
  MTE@0.1: 0.8094
  MTE@0.5: 1.6870
  MTE@1.0: 2.1054
  W2@1.0:  1.2435
  sW2@0.1: 0.3728 (292/500 in region)
  sW2@0.2: 0.6052 (214/500 in region)
  sW2@0.5: 0.9237 (97/500 in region)
  sW2@1.0: 1.4781 (21/500 in region)
  MMD@1.0: 0.3049
  Survival@1.0: 28.0%
  Stopped@1.0:  4.2%

  --- AE: T+F ---
    E_mu=0.0087  E_Sigma=0.0078

    Drift: enc-pull
  Stage 2 epoch 100/300: loss=0.035443
  Stage 2 epoch 200/300: loss=0.031894
  Stage 2 epoch 300/300: loss=0.028946
  Stage 3 epoch 100/300: loss=0.025933
  Stage 3 epoch 200/300: loss=0.022165
  Stage 3 epoch 300/300: loss=0.013657
  rcMTE@0.1: 0.3509 (292/500 in region)
  rcMTE@0.5: 0.7721 (97/500 in region)
  rcMTE@1.0: 1.0637 (21/500 in region)
  MTE@0.1: 0.6320
  MTE@0.5: 1.2473
  MTE@1.0: 1.3192
  W2@1.0:  0.6129
  sW2@0.1: 0.2668 (292/500 in region)
  sW2@0.2: 0.4031 (214/500 in region)
  sW2@0.5: 0.6234 (97/500 in region)
  sW2@1.0: 1.2146 (21/500 in region)
  MMD@1.0: 0.2143
  Survival@1.0: 28.0%
  Stopped@1.0:  4.2%

    Drift: dec-side
  Stage 2 epoch 100/300: loss=0.008732
  Stage 2 epoch 200/300: loss=0.003137
  Stage 2 epoch 300/300: loss=0.001222
  Stage 3 epoch 100/300: loss=0.025933
  Stage 3 epoch 200/300: loss=0.022165
  Stage 3 epoch 300/300: loss=0.013657
  rcMTE@0.1: 0.3520 (292/500 in region)
  rcMTE@0.5: 0.7783 (97/500 in region)
  rcMTE@1.0: 1.1067 (21/500 in region)
  MTE@0.1: 0.6338
  MTE@0.5: 1.2788
  MTE@1.0: 1.3805
  W2@1.0:  0.6913
  sW2@0.1: 0.2741 (292/500 in region)
  sW2@0.2: 0.4304 (214/500 in region)
  sW2@0.5: 0.6524 (97/500 in region)
  sW2@1.0: 1.3131 (21/500 in region)
  MMD@1.0: 0.2964
  Survival@1.0: 28.0%
  Stopped@1.0:  4.2%

============================================================
  hyperbolic_paraboloid | D=11 | seed=1042
============================================================

  --- AE: baseline ---
    E_mu=0.1833  E_Sigma=0.2571

    Drift: enc-pull
  Stage 2 epoch 100/300: loss=0.545098
  Stage 2 epoch 200/300: loss=0.198341
  Stage 2 epoch 300/300: loss=0.115961
  Stage 3 epoch 100/300: loss=0.045974
  Stage 3 epoch 200/300: loss=0.036821
  Stage 3 epoch 300/300: loss=0.029070
  rcMTE@0.1: 0.1707 (285/500 in region)
  rcMTE@0.5: 0.3051 (98/500 in region)
  rcMTE@1.0: 0.3969 (31/500 in region)
  MTE@0.1: 0.3523
  MTE@0.5: 0.5867
  MTE@1.0: 0.6760
  W2@1.0:  0.4819
  sW2@0.1: 0.1672 (285/500 in region)
  sW2@0.2: 0.2254 (204/500 in region)
  sW2@0.5: 0.3279 (98/500 in region)
  sW2@1.0: 0.5387 (31/500 in region)
  MMD@1.0: 0.0568
  Survival@1.0: 29.8%
  Stopped@1.0:  6.2%

    Drift: dec-side
  Stage 2 epoch 100/300: loss=0.023535
  Stage 2 epoch 200/300: loss=0.005130
  Stage 2 epoch 300/300: loss=0.003110
  Stage 3 epoch 100/300: loss=0.045974
  Stage 3 epoch 200/300: loss=0.036821
  Stage 3 epoch 300/300: loss=0.029070
  rcMTE@0.1: 0.1807 (285/500 in region)
  rcMTE@0.5: 0.3888 (98/500 in region)
  rcMTE@1.0: 0.6520 (31/500 in region)
  MTE@0.1: 0.3666
  MTE@0.5: 0.8755
  MTE@1.0: 1.3209
  W2@1.0:  1.2547
  sW2@0.1: 0.2222 (285/500 in region)
  sW2@0.2: 0.3403 (204/500 in region)
  sW2@0.5: 0.6093 (98/500 in region)
  sW2@1.0: 1.1105 (31/500 in region)
  MMD@1.0: 0.2930
  Survival@1.0: 29.8%
  Stopped@1.0:  6.2%

  --- AE: T+F ---
    E_mu=0.0305  E_Sigma=0.0261

    Drift: enc-pull
  Stage 2 epoch 100/300: loss=0.046988
  Stage 2 epoch 200/300: loss=0.039426
  Stage 2 epoch 300/300: loss=0.056030
  Stage 3 epoch 100/300: loss=0.018506
  Stage 3 epoch 200/300: loss=0.016412
  Stage 3 epoch 300/300: loss=0.008133
  rcMTE@0.1: 0.2061 (285/500 in region)
  rcMTE@0.5: 0.3553 (98/500 in region)
  rcMTE@1.0: 0.4189 (31/500 in region)
  MTE@0.1: 0.3923
  MTE@0.5: 0.7578
  MTE@1.0: 0.9666
  W2@1.0:  0.7889
  sW2@0.1: 0.2188 (285/500 in region)
  sW2@0.2: 0.3204 (204/500 in region)
  sW2@0.5: 0.4295 (98/500 in region)
  sW2@1.0: 0.7155 (31/500 in region)
  MMD@1.0: 0.2557
  Survival@1.0: 29.8%
  Stopped@1.0:  6.2%

    Drift: dec-side
  Stage 2 epoch 100/300: loss=0.014557
  Stage 2 epoch 200/300: loss=0.005567
  Stage 2 epoch 300/300: loss=0.004111
  Stage 3 epoch 100/300: loss=0.018506
  Stage 3 epoch 200/300: loss=0.016412
  Stage 3 epoch 300/300: loss=0.008133
  rcMTE@0.1: 0.2124 (285/500 in region)
  rcMTE@0.5: 0.4089 (98/500 in region)
  rcMTE@1.0: 0.5293 (31/500 in region)
  MTE@0.1: 0.4034
  MTE@0.5: 0.8602
  MTE@1.0: 1.1762
  W2@1.0:  1.0878
  sW2@0.1: 0.2372 (285/500 in region)
  sW2@0.2: 0.3679 (204/500 in region)
  sW2@0.5: 0.5435 (98/500 in region)
  sW2@1.0: 0.8563 (31/500 in region)
  MMD@1.0: 0.2810
  Survival@1.0: 29.8%
  Stopped@1.0:  6.2%

============================================================
  hyperbolic_paraboloid | D=11 | seed=2042
============================================================

  --- AE: baseline ---
    E_mu=0.2595  E_Sigma=0.2454

    Drift: enc-pull
  Stage 2 epoch 100/300: loss=0.411439
  Stage 2 epoch 200/300: loss=0.238482
  Stage 2 epoch 300/300: loss=0.065553
  Stage 3 epoch 100/300: loss=0.062890
  Stage 3 epoch 200/300: loss=0.052829
  Stage 3 epoch 300/300: loss=0.042658
  rcMTE@0.1: 0.5709 (293/500 in region)
  rcMTE@0.5: 0.9358 (88/500 in region)
  rcMTE@1.0: 0.7169 (24/500 in region)
  MTE@0.1: 1.0257
  MTE@0.5: 1.4567
  MTE@1.0: 1.4269
  W2@1.0:  0.6527
  sW2@0.1: 0.4393 (293/500 in region)
  sW2@0.2: 0.6007 (212/500 in region)
  sW2@0.5: 0.7560 (88/500 in region)
  sW2@1.0: 0.6033 (24/500 in region)
  MMD@1.0: 0.1536
  Survival@1.0: 26.6%
  Stopped@1.0:  4.8%

    Drift: dec-side
  Stage 2 epoch 100/300: loss=0.035318
  Stage 2 epoch 200/300: loss=0.017868
  Stage 2 epoch 300/300: loss=0.006134
  Stage 3 epoch 100/300: loss=0.062890
  Stage 3 epoch 200/300: loss=0.052829
  Stage 3 epoch 300/300: loss=0.042658
  rcMTE@0.1: 0.6302 (293/500 in region)
  rcMTE@0.5: 1.2827 (88/500 in region)
  rcMTE@1.0: 1.2980 (24/500 in region)
  MTE@0.1: 1.1102
  MTE@0.5: 1.9605
  MTE@1.0: 2.1896
  W2@1.0:  1.5965
  sW2@0.1: 0.6254 (293/500 in region)
  sW2@0.2: 0.9234 (212/500 in region)
  sW2@0.5: 1.3896 (88/500 in region)
  sW2@1.0: 1.6156 (24/500 in region)
  MMD@1.0: 0.2805
  Survival@1.0: 26.6%
  Stopped@1.0:  4.8%

  --- AE: T+F ---
    E_mu=0.0159  E_Sigma=0.0279

    Drift: enc-pull
  Stage 2 epoch 100/300: loss=0.035082
  Stage 2 epoch 200/300: loss=0.027894
  Stage 2 epoch 300/300: loss=0.016448
  Stage 3 epoch 100/300: loss=0.016995
  Stage 3 epoch 200/300: loss=0.008027
  Stage 3 epoch 300/300: loss=0.005037
  rcMTE@0.1: 0.2690 (293/500 in region)
  rcMTE@0.5: 0.5442 (88/500 in region)
  rcMTE@1.0: 0.7361 (24/500 in region)
  MTE@0.1: 0.4967
  MTE@0.5: 1.0487
  MTE@1.0: 1.2124
  W2@1.0:  0.7801
  sW2@0.1: 0.2676 (293/500 in region)
  sW2@0.2: 0.4030 (212/500 in region)
  sW2@0.5: 0.6073 (88/500 in region)
  sW2@1.0: 0.9783 (24/500 in region)
  MMD@1.0: 0.3205
  Survival@1.0: 26.6%
  Stopped@1.0:  4.8%

    Drift: dec-side
  Stage 2 epoch 100/300: loss=0.012043
  Stage 2 epoch 200/300: loss=0.006276
  Stage 2 epoch 300/300: loss=0.003096
  Stage 3 epoch 100/300: loss=0.016995
  Stage 3 epoch 200/300: loss=0.008027
  Stage 3 epoch 300/300: loss=0.005037
  rcMTE@0.1: 0.2733 (293/500 in region)
  rcMTE@0.5: 0.5705 (88/500 in region)
  rcMTE@1.0: 0.8023 (24/500 in region)
  MTE@0.1: 0.5074
  MTE@0.5: 1.1646
  MTE@1.0: 1.4228
  W2@1.0:  1.1406
  sW2@0.1: 0.2843 (293/500 in region)
  sW2@0.2: 0.4372 (212/500 in region)
  sW2@0.5: 0.7047 (88/500 in region)
  sW2@1.0: 1.2150 (24/500 in region)
  MMD@1.0: 0.3441
  Survival@1.0: 26.6%
  Stopped@1.0:  4.8%

============================================================
  hyperbolic_paraboloid | D=11 | seed=3042
============================================================

  --- AE: baseline ---
    E_mu=0.2305  E_Sigma=0.1932

    Drift: enc-pull
  Stage 2 epoch 100/300: loss=0.379271
  Stage 2 epoch 200/300: loss=0.094822
  Stage 2 epoch 300/300: loss=0.023752
  Stage 3 epoch 100/300: loss=0.080332
  Stage 3 epoch 200/300: loss=0.041653
  Stage 3 epoch 300/300: loss=0.040679
  rcMTE@0.1: 0.5070 (275/500 in region)
  rcMTE@0.5: 0.8024 (78/500 in region)
  rcMTE@1.0: 0.8234 (25/500 in region)
  MTE@0.1: 0.9255
  MTE@0.5: 1.2980
  MTE@1.0: 1.3696
  W2@1.0:  0.6014
  sW2@0.1: 0.3835 (275/500 in region)
  sW2@0.2: 0.4003 (204/500 in region)
  sW2@0.5: 0.5749 (78/500 in region)
  sW2@1.0: 0.7515 (25/500 in region)
  MMD@1.0: 0.1127
  Survival@1.0: 27.2%
  Stopped@1.0:  5.0%

    Drift: dec-side
  Stage 2 epoch 100/300: loss=0.048567
  Stage 2 epoch 200/300: loss=0.020951
  Stage 2 epoch 300/300: loss=0.005884
  Stage 3 epoch 100/300: loss=0.080332
  Stage 3 epoch 200/300: loss=0.041653
  Stage 3 epoch 300/300: loss=0.040679
  rcMTE@0.1: 0.5542 (275/500 in region)
  rcMTE@0.5: 0.9966 (78/500 in region)
  rcMTE@1.0: 1.2263 (25/500 in region)
  MTE@0.1: 1.0143
  MTE@0.5: 1.7553
  MTE@1.0: 2.0931
  W2@1.0:  1.3032
  sW2@0.1: 0.5434 (275/500 in region)
  sW2@0.2: 0.6745 (204/500 in region)
  sW2@0.5: 1.0212 (78/500 in region)
  sW2@1.0: 1.6204 (25/500 in region)
  MMD@1.0: 0.2846
  Survival@1.0: 27.2%
  Stopped@1.0:  5.0%

  --- AE: T+F ---
    E_mu=0.0050  E_Sigma=0.0140

    Drift: enc-pull
  Stage 2 epoch 100/300: loss=0.041706
  Stage 2 epoch 200/300: loss=0.035987
  Stage 2 epoch 300/300: loss=0.029985
  Stage 3 epoch 100/300: loss=0.054136
  Stage 3 epoch 200/300: loss=0.018486
  Stage 3 epoch 300/300: loss=0.010375
  rcMTE@0.1: 0.5427 (275/500 in region)
  rcMTE@0.5: 0.8963 (78/500 in region)
  rcMTE@1.0: 0.8694 (25/500 in region)
  MTE@0.1: 1.0186
  MTE@0.5: 1.5979
  MTE@1.0: 1.8096
  W2@1.0:  0.8569
  sW2@0.1: 0.5701 (275/500 in region)
  sW2@0.2: 0.6578 (204/500 in region)
  sW2@0.5: 0.8102 (78/500 in region)
  sW2@1.0: 0.9960 (25/500 in region)
  MMD@1.0: 0.2290
  Survival@1.0: 27.2%
  Stopped@1.0:  5.0%

    Drift: dec-side
  Stage 2 epoch 100/300: loss=0.005107
  Stage 2 epoch 200/300: loss=0.003532
  Stage 2 epoch 300/300: loss=0.001939
  Stage 3 epoch 100/300: loss=0.054136
  Stage 3 epoch 200/300: loss=0.018486
  Stage 3 epoch 300/300: loss=0.010375
  rcMTE@0.1: 0.5518 (275/500 in region)
  rcMTE@0.5: 0.9621 (78/500 in region)
  rcMTE@1.0: 1.0047 (25/500 in region)
  MTE@0.1: 1.0359
  MTE@0.5: 1.7563
  MTE@1.0: 2.1226
  W2@1.0:  1.3932
  sW2@0.1: 0.6128 (275/500 in region)
  sW2@0.2: 0.7375 (204/500 in region)
  sW2@0.5: 0.9734 (78/500 in region)
  sW2@1.0: 1.4602 (25/500 in region)
  MMD@1.0: 0.2920
  Survival@1.0: 27.2%
  Stopped@1.0:  5.0%

============================================================
  hyperbolic_paraboloid | D=11 | seed=4042
============================================================

  --- AE: baseline ---
    E_mu=0.2424  E_Sigma=0.2608

    Drift: enc-pull
  Stage 2 epoch 100/300: loss=0.434106
  Stage 2 epoch 200/300: loss=0.120411
  Stage 2 epoch 300/300: loss=0.032643
  Stage 3 epoch 100/300: loss=0.044359
  Stage 3 epoch 200/300: loss=0.028110
  Stage 3 epoch 300/300: loss=0.026227
  rcMTE@0.1: 0.5746 (287/500 in region)
  rcMTE@0.5: 0.8758 (102/500 in region)
  rcMTE@1.0: 0.8229 (30/500 in region)
  MTE@0.1: 1.0083
  MTE@0.5: 1.4442
  MTE@1.0: 1.3625
  W2@1.0:  0.4877
  sW2@0.1: 0.3381 (287/500 in region)
  sW2@0.2: 0.4265 (207/500 in region)
  sW2@0.5: 0.6060 (102/500 in region)
  sW2@1.0: 0.7463 (30/500 in region)
  MMD@1.0: 0.1757
  Survival@1.0: 28.2%
  Stopped@1.0:  6.0%

    Drift: dec-side
  Stage 2 epoch 100/300: loss=0.050314
  Stage 2 epoch 200/300: loss=0.014212
  Stage 2 epoch 300/300: loss=0.007735
  Stage 3 epoch 100/300: loss=0.044359
  Stage 3 epoch 200/300: loss=0.028110
  Stage 3 epoch 300/300: loss=0.026227
  rcMTE@0.1: 0.6128 (287/500 in region)
  rcMTE@0.5: 1.0728 (102/500 in region)
  rcMTE@1.0: 1.2516 (30/500 in region)
  MTE@0.1: 1.0941
  MTE@0.5: 1.8326
  MTE@1.0: 2.2339
  W2@1.0:  1.4656
  sW2@0.1: 0.4773 (287/500 in region)
  sW2@0.2: 0.7012 (207/500 in region)
  sW2@0.5: 1.0312 (102/500 in region)
  sW2@1.0: 1.5549 (30/500 in region)
  MMD@1.0: 0.3454
  Survival@1.0: 28.2%
  Stopped@1.0:  6.0%

  --- AE: T+F ---
    E_mu=0.0182  E_Sigma=0.0901

    Drift: enc-pull
  Stage 2 epoch 100/300: loss=0.112756
  Stage 2 epoch 200/300: loss=0.064330
  Stage 2 epoch 300/300: loss=0.044323
  Stage 3 epoch 100/300: loss=0.028604
  Stage 3 epoch 200/300: loss=0.019390
  Stage 3 epoch 300/300: loss=0.015224
  rcMTE@0.1: 0.5930 (287/500 in region)
  rcMTE@0.5: 0.9093 (102/500 in region)
  rcMTE@1.0: 1.0672 (30/500 in region)
  MTE@0.1: 1.0832
  MTE@0.5: 1.6634
  MTE@1.0: 1.5698
  W2@1.0:  0.7567
  sW2@0.1: 0.5048 (287/500 in region)
  sW2@0.2: 0.6171 (207/500 in region)
  sW2@0.5: 0.6438 (102/500 in region)
  sW2@1.0: 1.1936 (30/500 in region)
  MMD@1.0: 0.2130
  Survival@1.0: 28.2%
  Stopped@1.0:  6.0%

    Drift: dec-side
  Stage 2 epoch 100/300: loss=0.007254
  Stage 2 epoch 200/300: loss=0.003852
  Stage 2 epoch 300/300: loss=0.002677
  Stage 3 epoch 100/300: loss=0.028604
  Stage 3 epoch 200/300: loss=0.019390
  Stage 3 epoch 300/300: loss=0.015224
  rcMTE@0.1: 0.5998 (287/500 in region)
  rcMTE@0.5: 0.9421 (102/500 in region)
  rcMTE@1.0: 1.1892 (30/500 in region)
  MTE@0.1: 1.1014
  MTE@0.5: 1.7656
  MTE@1.0: 1.8307
  W2@1.0:  1.1764
  sW2@0.1: 0.5361 (287/500 in region)
  sW2@0.2: 0.6991 (207/500 in region)
  sW2@0.5: 0.8229 (102/500 in region)
  sW2@1.0: 1.5988 (30/500 in region)
  MMD@1.0: 0.2855
  Survival@1.0: 28.2%
  Stopped@1.0:  6.0%

============================================================
  hyperbolic_paraboloid | D=11 | seed=5042
============================================================

  --- AE: baseline ---
    E_mu=0.1661  E_Sigma=0.2457

    Drift: enc-pull
  Stage 2 epoch 100/300: loss=0.251571
  Stage 2 epoch 200/300: loss=0.082027
  Stage 2 epoch 300/300: loss=0.021625
  Stage 3 epoch 100/300: loss=0.038500
  Stage 3 epoch 200/300: loss=0.030879
  Stage 3 epoch 300/300: loss=0.020828
  rcMTE@0.1: 0.7279 (285/500 in region)
  rcMTE@0.5: 1.0796 (93/500 in region)
  rcMTE@1.0: 1.0551 (33/500 in region)
  MTE@0.1: 1.2291
  MTE@0.5: 1.6683
  MTE@1.0: 1.5457
  W2@1.0:  0.4784
  sW2@0.1: 0.4124 (285/500 in region)
  sW2@0.2: 0.4548 (216/500 in region)
  sW2@0.5: 0.4132 (93/500 in region)
  sW2@1.0: 0.7536 (33/500 in region)
  MMD@1.0: 0.1281
  Survival@1.0: 25.8%
  Stopped@1.0:  6.6%

    Drift: dec-side
  Stage 2 epoch 100/300: loss=0.035522
  Stage 2 epoch 200/300: loss=0.012881
  Stage 2 epoch 300/300: loss=0.004540
  Stage 3 epoch 100/300: loss=0.038500
  Stage 3 epoch 200/300: loss=0.030879
  Stage 3 epoch 300/300: loss=0.020828
  rcMTE@0.1: 0.8029 (285/500 in region)
  rcMTE@0.5: 1.3776 (93/500 in region)
  rcMTE@1.0: 1.4108 (33/500 in region)
  MTE@0.1: 1.3491
  MTE@0.5: 2.1830
  MTE@1.0: 2.3211
  W2@1.0:  1.4763
  sW2@0.1: 0.6714 (285/500 in region)
  sW2@0.2: 0.9587 (216/500 in region)
  sW2@0.5: 1.2521 (93/500 in region)
  sW2@1.0: 1.4534 (33/500 in region)
  MMD@1.0: 0.3223
  Survival@1.0: 25.8%
  Stopped@1.0:  6.6%

  --- AE: T+F ---
    E_mu=0.0108  E_Sigma=0.0108

    Drift: enc-pull
  Stage 2 epoch 100/300: loss=0.025973
  Stage 2 epoch 200/300: loss=0.030716
  Stage 2 epoch 300/300: loss=0.017632
  Stage 3 epoch 100/300: loss=0.006344
  Stage 3 epoch 200/300: loss=0.004902
  Stage 3 epoch 300/300: loss=0.001991
  rcMTE@0.1: 0.5015 (285/500 in region)
  rcMTE@0.5: 1.0259 (93/500 in region)
  rcMTE@1.0: 1.2480 (33/500 in region)
  MTE@0.1: 0.9003
  MTE@0.5: 1.5804
  MTE@1.0: 1.6796
  W2@1.0:  1.0147
  sW2@0.1: 0.4178 (285/500 in region)
  sW2@0.2: 0.7017 (216/500 in region)
  sW2@0.5: 0.9473 (93/500 in region)
  sW2@1.0: 1.4822 (33/500 in region)
  MMD@1.0: 0.2605
  Survival@1.0: 25.8%
  Stopped@1.0:  6.6%

    Drift: dec-side
  Stage 2 epoch 100/300: loss=0.007640
  Stage 2 epoch 200/300: loss=0.006255
  Stage 2 epoch 300/300: loss=0.003165
  Stage 3 epoch 100/300: loss=0.006344
  Stage 3 epoch 200/300: loss=0.004902
  Stage 3 epoch 300/300: loss=0.001991
  rcMTE@0.1: 0.5043 (285/500 in region)
  rcMTE@0.5: 1.0683 (93/500 in region)
  rcMTE@1.0: 1.4092 (33/500 in region)
  MTE@0.1: 0.9103
  MTE@0.5: 1.6528
  MTE@1.0: 1.8948
  W2@1.0:  1.3443
  sW2@0.1: 0.4312 (285/500 in region)
  sW2@0.2: 0.7365 (216/500 in region)
  sW2@0.5: 1.0574 (93/500 in region)
  sW2@1.0: 1.8032 (33/500 in region)
  MMD@1.0: 0.3104
  Survival@1.0: 25.8%
  Stopped@1.0:  6.6%

============================================================
  hyperbolic_paraboloid | D=11 | seed=6042
============================================================

  --- AE: baseline ---
    E_mu=0.2811  E_Sigma=0.2030

    Drift: enc-pull
  Stage 2 epoch 100/300: loss=0.220910
  Stage 2 epoch 200/300: loss=0.112579
  Stage 2 epoch 300/300: loss=0.027094
  Stage 3 epoch 100/300: loss=0.036041
  Stage 3 epoch 200/300: loss=0.027156
  Stage 3 epoch 300/300: loss=0.029400
  rcMTE@0.1: 0.1820 (290/500 in region)
  rcMTE@0.5: 0.3993 (89/500 in region)
  rcMTE@1.0: 0.5169 (30/500 in region)
  MTE@0.1: 0.3902
  MTE@0.5: 0.6080
  MTE@1.0: 0.7167
  W2@1.0:  0.4456
  sW2@0.1: 0.1971 (290/500 in region)
  sW2@0.2: 0.2488 (208/500 in region)
  sW2@0.5: 0.4985 (89/500 in region)
  sW2@1.0: 0.6556 (30/500 in region)
  MMD@1.0: 0.1074
  Survival@1.0: 27.2%
  Stopped@1.0:  6.0%

    Drift: dec-side
  Stage 2 epoch 100/300: loss=0.032134
  Stage 2 epoch 200/300: loss=0.010383
  Stage 2 epoch 300/300: loss=0.004446
  Stage 3 epoch 100/300: loss=0.036041
  Stage 3 epoch 200/300: loss=0.027156
  Stage 3 epoch 300/300: loss=0.029400
  rcMTE@0.1: 0.1940 (290/500 in region)
  rcMTE@0.5: 0.4485 (89/500 in region)
  rcMTE@1.0: 0.7382 (30/500 in region)
  MTE@0.1: 0.4114
  MTE@0.5: 0.8727
  MTE@1.0: 1.3174
  W2@1.0:  1.2722
  sW2@0.1: 0.2576 (290/500 in region)
  sW2@0.2: 0.3361 (208/500 in region)
  sW2@0.5: 0.6868 (89/500 in region)
  sW2@1.0: 1.3851 (30/500 in region)
  MMD@1.0: 0.3143
  Survival@1.0: 27.2%
  Stopped@1.0:  6.0%

  --- AE: T+F ---
    E_mu=0.0094  E_Sigma=0.0226

    Drift: enc-pull
  Stage 2 epoch 100/300: loss=0.034710
  Stage 2 epoch 200/300: loss=0.028102
  Stage 2 epoch 300/300: loss=0.022093
  Stage 3 epoch 100/300: loss=0.026625
  Stage 3 epoch 200/300: loss=0.019379
  Stage 3 epoch 300/300: loss=0.015281
  rcMTE@0.1: 0.3621 (290/500 in region)
  rcMTE@0.5: 0.5645 (89/500 in region)
  rcMTE@1.0: 0.5486 (30/500 in region)
  MTE@0.1: 0.6717
  MTE@0.5: 1.1722
  MTE@1.0: 1.2752
  W2@1.0:  0.5882
  sW2@0.1: 0.3988 (290/500 in region)
  sW2@0.2: 0.4313 (208/500 in region)
  sW2@0.5: 0.5315 (89/500 in region)
  sW2@1.0: 0.4829 (30/500 in region)
  MMD@1.0: 0.2125
  Survival@1.0: 27.2%
  Stopped@1.0:  6.0%

    Drift: dec-side
  Stage 2 epoch 100/300: loss=0.007965
  Stage 2 epoch 200/300: loss=0.005278
  Stage 2 epoch 300/300: loss=0.002636
  Stage 3 epoch 100/300: loss=0.026625
  Stage 3 epoch 200/300: loss=0.019379
  Stage 3 epoch 300/300: loss=0.015281
  rcMTE@0.1: 0.3685 (290/500 in region)
  rcMTE@0.5: 0.5992 (89/500 in region)
  rcMTE@1.0: 0.5921 (30/500 in region)
  MTE@0.1: 0.6833
  MTE@0.5: 1.2620
  MTE@1.0: 1.4102
  W2@1.0:  0.8954
  sW2@0.1: 0.4432 (290/500 in region)
  sW2@0.2: 0.5305 (208/500 in region)
  sW2@0.5: 0.6460 (89/500 in region)
  sW2@1.0: 0.5206 (30/500 in region)
  MMD@1.0: 0.2573
  Survival@1.0: 27.2%
  Stopped@1.0:  6.0%

============================================================
  hyperbolic_paraboloid | D=11 | seed=7042
============================================================

  --- AE: baseline ---
    E_mu=0.1556  E_Sigma=0.1415

    Drift: enc-pull
  Stage 2 epoch 100/300: loss=0.470702
  Stage 2 epoch 200/300: loss=0.104159
  Stage 2 epoch 300/300: loss=0.039528
  Stage 3 epoch 100/300: loss=0.064598
  Stage 3 epoch 200/300: loss=0.051442
  Stage 3 epoch 300/300: loss=0.049769
  rcMTE@0.1: 0.5781 (316/500 in region)
  rcMTE@0.5: 0.8047 (109/500 in region)
  rcMTE@1.0: 0.8124 (29/500 in region)
  MTE@0.1: 0.9822
  MTE@0.5: 1.4342
  MTE@1.0: 1.4137
  W2@1.0:  0.5752
  sW2@0.1: 0.3593 (316/500 in region)
  sW2@0.2: 0.4029 (232/500 in region)
  sW2@0.5: 0.3686 (109/500 in region)
  sW2@1.0: 0.5678 (29/500 in region)
  MMD@1.0: 0.0735
  Survival@1.0: 28.8%
  Stopped@1.0:  5.8%

    Drift: dec-side
  Stage 2 epoch 100/300: loss=0.049511
  Stage 2 epoch 200/300: loss=0.015723
  Stage 2 epoch 300/300: loss=0.006678
  Stage 3 epoch 100/300: loss=0.064598
  Stage 3 epoch 200/300: loss=0.051442
  Stage 3 epoch 300/300: loss=0.049769
  rcMTE@0.1: 0.6255 (316/500 in region)
  rcMTE@0.5: 0.9956 (109/500 in region)
  rcMTE@1.0: 1.1112 (29/500 in region)
  MTE@0.1: 1.0689
  MTE@0.5: 1.8002
  MTE@1.0: 2.0908
  W2@1.0:  1.2661
  sW2@0.1: 0.5193 (316/500 in region)
  sW2@0.2: 0.7848 (232/500 in region)
  sW2@0.5: 0.8988 (109/500 in region)
  sW2@1.0: 1.1062 (29/500 in region)
  MMD@1.0: 0.2531
  Survival@1.0: 28.8%
  Stopped@1.0:  5.8%

  --- AE: T+F ---
    E_mu=0.0087  E_Sigma=0.0396

    Drift: enc-pull
  Stage 2 epoch 100/300: loss=0.022885
  Stage 2 epoch 200/300: loss=0.019409
  Stage 2 epoch 300/300: loss=0.017882
  Stage 3 epoch 100/300: loss=0.031279
  Stage 3 epoch 200/300: loss=0.024912
  Stage 3 epoch 300/300: loss=0.019658
  rcMTE@0.1: 0.6140 (316/500 in region)
  rcMTE@0.5: 0.9052 (109/500 in region)
  rcMTE@1.0: 0.9730 (29/500 in region)
  MTE@0.1: 1.0707
  MTE@0.5: 1.7028
  MTE@1.0: 1.7768
  W2@1.0:  0.8998
  sW2@0.1: 0.5365 (316/500 in region)
  sW2@0.2: 0.7458 (232/500 in region)
  sW2@0.5: 0.8324 (109/500 in region)
  sW2@1.0: 0.9654 (29/500 in region)
  MMD@1.0: 0.1785
  Survival@1.0: 28.8%
  Stopped@1.0:  5.8%

    Drift: dec-side
  Stage 2 epoch 100/300: loss=0.008207
  Stage 2 epoch 200/300: loss=0.003815
  Stage 2 epoch 300/300: loss=0.001361
  Stage 3 epoch 100/300: loss=0.031279
  Stage 3 epoch 200/300: loss=0.024912
  Stage 3 epoch 300/300: loss=0.019658
  rcMTE@0.1: 0.6230 (316/500 in region)
  rcMTE@0.5: 0.9673 (109/500 in region)
  rcMTE@1.0: 1.0784 (29/500 in region)
  MTE@0.1: 1.0887
  MTE@0.5: 1.8427
  MTE@1.0: 2.0957
  W2@1.0:  1.3696
  sW2@0.1: 0.5749 (316/500 in region)
  sW2@0.2: 0.8435 (232/500 in region)
  sW2@0.5: 1.0169 (109/500 in region)
  sW2@1.0: 1.3123 (29/500 in region)
  MMD@1.0: 0.2620
  Survival@1.0: 28.8%
  Stopped@1.0:  5.8%

============================================================
  hyperbolic_paraboloid | D=11 | seed=8042
============================================================

  --- AE: baseline ---
    E_mu=0.2528  E_Sigma=0.1533

    Drift: enc-pull
  Stage 2 epoch 100/300: loss=0.436004
  Stage 2 epoch 200/300: loss=0.145434
  Stage 2 epoch 300/300: loss=0.061889
  Stage 3 epoch 100/300: loss=0.039808
  Stage 3 epoch 200/300: loss=0.030588
  Stage 3 epoch 300/300: loss=0.024165
  rcMTE@0.1: 0.5411 (269/500 in region)
  rcMTE@0.5: 0.8506 (84/500 in region)
  rcMTE@1.0: 0.8169 (29/500 in region)
  MTE@0.1: 0.9443
  MTE@0.5: 1.3952
  MTE@1.0: 1.3829
  W2@1.0:  0.4192
  sW2@0.1: 0.3096 (269/500 in region)
  sW2@0.2: 0.3133 (192/500 in region)
  sW2@0.5: 0.4360 (84/500 in region)
  sW2@1.0: 0.7516 (29/500 in region)
  MMD@1.0: 0.0605
  Survival@1.0: 27.0%
  Stopped@1.0:  5.8%

    Drift: dec-side
  Stage 2 epoch 100/300: loss=0.044904
  Stage 2 epoch 200/300: loss=0.011374
  Stage 2 epoch 300/300: loss=0.006076
  Stage 3 epoch 100/300: loss=0.039808
  Stage 3 epoch 200/300: loss=0.030588
  Stage 3 epoch 300/300: loss=0.024165
  rcMTE@0.1: 0.5897 (269/500 in region)
  rcMTE@0.5: 1.1143 (84/500 in region)
  rcMTE@1.0: 1.3334 (29/500 in region)
  MTE@0.1: 1.0226
  MTE@0.5: 1.7384
  MTE@1.0: 2.0000
  W2@1.0:  1.1651
  sW2@0.1: 0.4623 (269/500 in region)
  sW2@0.2: 0.5645 (192/500 in region)
  sW2@0.5: 0.9718 (84/500 in region)
  sW2@1.0: 1.5782 (29/500 in region)
  MMD@1.0: 0.2748
  Survival@1.0: 27.0%
  Stopped@1.0:  5.8%

  --- AE: T+F ---
    E_mu=0.0069  E_Sigma=0.0174

    Drift: enc-pull
  Stage 2 epoch 100/300: loss=0.026866
  Stage 2 epoch 200/300: loss=0.023347
  Stage 2 epoch 300/300: loss=0.021545
  Stage 3 epoch 100/300: loss=0.011928
  Stage 3 epoch 200/300: loss=0.009105
  Stage 3 epoch 300/300: loss=0.006143
  rcMTE@0.1: 0.6518 (269/500 in region)
  rcMTE@0.5: 1.0915 (84/500 in region)
  rcMTE@1.0: 1.1567 (29/500 in region)
  MTE@0.1: 1.1786
  MTE@0.5: 1.7718
  MTE@1.0: 1.9437
  W2@1.0:  1.1351
  sW2@0.1: 0.5892 (269/500 in region)
  sW2@0.2: 0.7260 (192/500 in region)
  sW2@0.5: 0.9816 (84/500 in region)
  sW2@1.0: 1.1933 (29/500 in region)
  MMD@1.0: 0.2387
  Survival@1.0: 27.0%
  Stopped@1.0:  5.8%

    Drift: dec-side
  Stage 2 epoch 100/300: loss=0.003595
  Stage 2 epoch 200/300: loss=0.001563
  Stage 2 epoch 300/300: loss=0.000968
  Stage 3 epoch 100/300: loss=0.011928
  Stage 3 epoch 200/300: loss=0.009105
  Stage 3 epoch 300/300: loss=0.006143
  rcMTE@0.1: 0.6602 (269/500 in region)
  rcMTE@0.5: 1.1895 (84/500 in region)
  rcMTE@1.0: 1.2770 (29/500 in region)
  MTE@0.1: 1.1979
  MTE@0.5: 1.9524
  MTE@1.0: 2.2279
  W2@1.0:  1.6357
  sW2@0.1: 0.6315 (269/500 in region)
  sW2@0.2: 0.8139 (192/500 in region)
  sW2@0.5: 1.3021 (84/500 in region)
  sW2@1.0: 1.6147 (29/500 in region)
  MMD@1.0: 0.2948
  Survival@1.0: 27.0%
  Stopped@1.0:  5.8%

============================================================
  hyperbolic_paraboloid | D=11 | seed=9042
============================================================

  --- AE: baseline ---
    E_mu=0.1827  E_Sigma=0.1896

    Drift: enc-pull
  Stage 2 epoch 100/300: loss=0.284080
  Stage 2 epoch 200/300: loss=0.057359
  Stage 2 epoch 300/300: loss=0.022874
  Stage 3 epoch 100/300: loss=0.038133
  Stage 3 epoch 200/300: loss=0.028780
  Stage 3 epoch 300/300: loss=0.022856
  rcMTE@0.1: 0.1930 (280/500 in region)
  rcMTE@0.5: 0.3464 (85/500 in region)
  rcMTE@1.0: 0.4777 (22/500 in region)
  MTE@0.1: 0.4103
  MTE@0.5: 0.6104
  MTE@1.0: 0.6541
  W2@1.0:  0.4307
  sW2@0.1: 0.2272 (280/500 in region)
  sW2@0.2: 0.2350 (205/500 in region)
  sW2@0.5: 0.3717 (85/500 in region)
  sW2@1.0: 0.6379 (22/500 in region)
  MMD@1.0: 0.0659
  Survival@1.0: 28.2%
  Stopped@1.0:  4.4%

    Drift: dec-side
  Stage 2 epoch 100/300: loss=0.050927
  Stage 2 epoch 200/300: loss=0.013458
  Stage 2 epoch 300/300: loss=0.005008
  Stage 3 epoch 100/300: loss=0.038133
  Stage 3 epoch 200/300: loss=0.028780
  Stage 3 epoch 300/300: loss=0.022856
  rcMTE@0.1: 0.2130 (280/500 in region)
  rcMTE@0.5: 0.3936 (85/500 in region)
  rcMTE@1.0: 0.6153 (22/500 in region)
  MTE@0.1: 0.4495
  MTE@0.5: 0.9174
  MTE@1.0: 1.3382
  W2@1.0:  1.1609
  sW2@0.1: 0.3072 (280/500 in region)
  sW2@0.2: 0.3449 (205/500 in region)
  sW2@0.5: 0.5321 (85/500 in region)
  sW2@1.0: 1.0497 (22/500 in region)
  MMD@1.0: 0.3320
  Survival@1.0: 28.2%
  Stopped@1.0:  4.4%

  --- AE: T+F ---
    E_mu=0.0341  E_Sigma=0.1706

    Drift: enc-pull
  Stage 2 epoch 100/300: loss=0.059145
  Stage 2 epoch 200/300: loss=0.049616
  Stage 2 epoch 300/300: loss=0.049036
  Stage 3 epoch 100/300: loss=0.036346
  Stage 3 epoch 200/300: loss=0.021244
  Stage 3 epoch 300/300: loss=0.013177
  rcMTE@0.1: 0.6308 (280/500 in region)
  rcMTE@0.5: 1.1560 (85/500 in region)
  rcMTE@1.0: 1.2068 (22/500 in region)
  MTE@0.1: 1.1281
  MTE@0.5: 1.7601
  MTE@1.0: 2.1296
  W2@1.0:  1.0343
  sW2@0.1: 0.5772 (280/500 in region)
  sW2@0.2: 0.6852 (205/500 in region)
  sW2@0.5: 1.1163 (85/500 in region)
  sW2@1.0: 1.2740 (22/500 in region)
  MMD@1.0: 0.2013
  Survival@1.0: 28.2%
  Stopped@1.0:  4.4%

    Drift: dec-side
  Stage 2 epoch 100/300: loss=0.010289
  Stage 2 epoch 200/300: loss=0.004002
  Stage 2 epoch 300/300: loss=0.001359
  Stage 3 epoch 100/300: loss=0.036346
  Stage 3 epoch 200/300: loss=0.021244
  Stage 3 epoch 300/300: loss=0.013177
  rcMTE@0.1: 0.6425 (280/500 in region)
  rcMTE@0.5: 1.2469 (85/500 in region)
  rcMTE@1.0: 1.5543 (22/500 in region)
  MTE@0.1: 1.1577
  MTE@0.5: 1.9482
  MTE@1.0: 2.6715
  W2@1.0:  1.9583
  sW2@0.1: 0.6325 (280/500 in region)
  sW2@0.2: 0.7987 (205/500 in region)
  sW2@0.5: 1.5008 (85/500 in region)
  sW2@1.0: 2.3065 (22/500 in region)
  MMD@1.0: 0.2818
  Survival@1.0: 28.2%
  Stopped@1.0:  4.4%


Total time: 43.6 min
Saved 80 rows to rcmte_nd_sweep.csv.tmp


================================================================================
rcMTE COMPARISON SUMMARY
================================================================================

  paraboloid:
          ae       drift     rcMTE@1.0       MTE@1.0        W2@1.0          E_mu
    baseline    enc-pull  0.7940±0.192  1.3176±0.268  0.5292±0.084  0.2304±0.064
    baseline    dec-side  1.2889±0.414  2.3160±0.400  1.8706±0.339  0.2304±0.064
         T+F    enc-pull  0.8931±0.238  1.7042±0.369  1.1903±0.261  0.0132±0.009
         T+F    dec-side  1.0318±0.329  2.1048±0.512  1.7952±0.460  0.0132±0.009

    Paired comparisons (negative = first is better):
      T+F vs baseline (enc-pull)    rcMTE@1.0: Δ=+12.5%  p=0.128
      T+F vs baseline (enc-pull)      MTE@1.0: Δ=+29.3%  p=0.006**
      T+F vs baseline (enc-pull)       W2@1.0: Δ=+124.9%  p=0.000**
      enc-pull vs dec-side (T+F)    rcMTE@1.0: Δ=-13.4%  p=0.004**
      enc-pull vs dec-side (T+F)      MTE@1.0: Δ=-19.0%  p=0.000**
      enc-pull vs dec-side (T+F)       W2@1.0: Δ=-33.7%  p=0.000**

  hyperbolic_paraboloid:
          ae       drift     rcMTE@1.0       MTE@1.0        W2@1.0          E_mu
    baseline    enc-pull  0.7128±0.199  1.1891±0.354  0.4959±0.086  0.2173±0.043
    baseline    dec-side  1.0932±0.304  1.9010±0.407  1.3204±0.144  0.2173±0.043
         T+F    enc-pull  0.9288±0.282  1.5682±0.366  0.8468±0.179  0.0148±0.010
         T+F    dec-side  1.0543±0.334  1.8233±0.471  1.2693±0.361  0.0148±0.010

    Paired comparisons (negative = first is better):
      T+F vs baseline (enc-pull)    rcMTE@1.0: Δ=+30.3%  p=0.013*
      T+F vs baseline (enc-pull)      MTE@1.0: Δ=+31.9%  p=0.028*
      T+F vs baseline (enc-pull)       W2@1.0: Δ=+70.7%  p=0.000**
      enc-pull vs dec-side (T+F)    rcMTE@1.0: Δ=-11.9%  p=0.001**
      enc-pull vs dec-side (T+F)      MTE@1.0: Δ=-14.0%  p=0.000**
      enc-pull vs dec-side (T+F)       W2@1.0: Δ=-33.3%  p=0.000**

=== D=201, N=20 ===
Device: cuda
D=201, N=20
Seeds (10): [42, 1042, 2042, 3042, 4042, 5042, 6042, 7042, 8042, 9042]
Surfaces: ['paraboloid', 'hyperbolic_paraboloid']


============================================================
  paraboloid | D=201 | seed=42
============================================================

  --- AE: baseline ---
    E_mu=5.5763  E_Sigma=21.4822

    Drift: enc-pull
  Stage 2 epoch 100/300: loss=0.014074
  Stage 2 epoch 200/300: loss=0.009281
  Stage 2 epoch 300/300: loss=0.005709
  Stage 3 epoch 100/300: loss=0.000760
  Stage 3 epoch 200/300: loss=0.000731
  Stage 3 epoch 300/300: loss=0.000711
  rcMTE@0.1: 0.3213 (292/500 in region)
  rcMTE@0.5: 0.5478 (97/500 in region)
  rcMTE@1.0: 0.6442 (21/500 in region)
  MTE@0.1: 0.7497
  MTE@0.5: 1.0428
  MTE@1.0: 1.0757
  W2@1.0:  0.9183
  sW2@0.1: 0.4498 (292/500 in region)
  sW2@0.2: 0.4925 (214/500 in region)
  sW2@0.5: 0.7782 (97/500 in region)
  sW2@1.0: 0.8974 (21/500 in region)
  MMD@1.0: 0.2415
  Survival@1.0: 28.0%
  Stopped@1.0:  4.2%

    Drift: dec-side
  Stage 2 epoch 100/300: loss=0.001750
  Stage 2 epoch 200/300: loss=0.000620
  Stage 2 epoch 300/300: loss=0.000360
  Stage 3 epoch 100/300: loss=0.000760
  Stage 3 epoch 200/300: loss=0.000731
  Stage 3 epoch 300/300: loss=0.000711
  rcMTE@0.1: 0.3269 (292/500 in region)
  rcMTE@0.5: 0.6865 (97/500 in region)
  rcMTE@1.0: 0.8851 (21/500 in region)
  MTE@0.1: 0.7527
  MTE@0.5: 1.3819
  MTE@1.0: 1.7709
  W2@1.0:  1.4193
  sW2@0.1: 0.4421 (292/500 in region)
  sW2@0.2: 0.4885 (214/500 in region)
  sW2@0.5: 0.7776 (97/500 in region)
  sW2@1.0: 1.1738 (21/500 in region)
  MMD@1.0: 0.3363
  Survival@1.0: 28.0%
  Stopped@1.0:  4.2%

  --- AE: T+F ---
    E_mu=1.9701  E_Sigma=7.4623

    Drift: enc-pull
  Stage 2 epoch 100/300: loss=0.005885
  Stage 2 epoch 200/300: loss=0.005103
  Stage 2 epoch 300/300: loss=0.004070
  Stage 3 epoch 100/300: loss=0.000329
  Stage 3 epoch 200/300: loss=0.000256
  Stage 3 epoch 300/300: loss=0.000206
  rcMTE@0.1: 0.6887 (292/500 in region)
  rcMTE@0.5: 1.1413 (97/500 in region)
  rcMTE@1.0: 1.2922 (21/500 in region)
  MTE@0.1: 1.3213
  MTE@0.5: 1.9700
  MTE@1.0: 2.2637
  W2@1.0:  1.4212
  sW2@0.1: 0.7582 (292/500 in region)
  sW2@0.2: 0.9574 (214/500 in region)
  sW2@0.5: 1.2523 (97/500 in region)
  sW2@1.0: 1.9175 (21/500 in region)
  MMD@1.0: 0.3989
  Survival@1.0: 28.0%
  Stopped@1.0:  4.2%

    Drift: dec-side
  Stage 2 epoch 100/300: loss=0.001663
  Stage 2 epoch 200/300: loss=0.001097
  Stage 2 epoch 300/300: loss=0.000444
  Stage 3 epoch 100/300: loss=0.000329
  Stage 3 epoch 200/300: loss=0.000256
  Stage 3 epoch 300/300: loss=0.000206
  rcMTE@0.1: 0.7195 (292/500 in region)
  rcMTE@0.5: 1.3787 (97/500 in region)
  rcMTE@1.0: 1.6654 (21/500 in region)
  MTE@0.1: 1.3685
  MTE@0.5: 2.3478
  MTE@1.0: 2.9563
  W2@1.0:  2.2559
  sW2@0.1: 0.8484 (292/500 in region)
  sW2@0.2: 1.1904 (214/500 in region)
  sW2@0.5: 1.8035 (97/500 in region)
  sW2@1.0: 2.9753 (21/500 in region)
  MMD@1.0: 0.4422
  Survival@1.0: 28.0%
  Stopped@1.0:  4.2%

============================================================
  paraboloid | D=201 | seed=1042
============================================================

  --- AE: baseline ---
    E_mu=9.3355  E_Sigma=31.2330

    Drift: enc-pull
  Stage 2 epoch 100/300: loss=0.003838
  Stage 2 epoch 200/300: loss=0.001822
  Stage 2 epoch 300/300: loss=0.001121
  Stage 3 epoch 100/300: loss=0.000989
  Stage 3 epoch 200/300: loss=0.000976
  Stage 3 epoch 300/300: loss=0.000958
  rcMTE@0.1: 0.7348 (285/500 in region)
  rcMTE@0.5: 0.9120 (98/500 in region)
  rcMTE@1.0: 1.0251 (31/500 in region)
  MTE@0.1: 1.1822
  MTE@0.5: 1.6592
  MTE@1.0: 1.8027
  W2@1.0:  1.0016
  sW2@0.1: 0.4971 (285/500 in region)
  sW2@0.2: 0.6116 (204/500 in region)
  sW2@0.5: 0.5773 (98/500 in region)
  sW2@1.0: 0.6281 (31/500 in region)
  MMD@1.0: 0.2484
  Survival@1.0: 29.8%
  Stopped@1.0:  6.2%

    Drift: dec-side
  Stage 2 epoch 100/300: loss=0.000524
  Stage 2 epoch 200/300: loss=0.000380
  Stage 2 epoch 300/300: loss=0.000155
  Stage 3 epoch 100/300: loss=0.000989
  Stage 3 epoch 200/300: loss=0.000976
  Stage 3 epoch 300/300: loss=0.000958
  rcMTE@0.1: 0.7835 (285/500 in region)
  rcMTE@0.5: 1.2163 (98/500 in region)
  rcMTE@1.0: 1.4727 (31/500 in region)
  MTE@0.1: 1.2336
  MTE@0.5: 2.0833
  MTE@1.0: 2.4099
  W2@1.0:  1.4069
  sW2@0.1: 0.6237 (285/500 in region)
  sW2@0.2: 0.8857 (204/500 in region)
  sW2@0.5: 1.2133 (98/500 in region)
  sW2@1.0: 1.4105 (31/500 in region)
  MMD@1.0: 0.2954
  Survival@1.0: 29.8%
  Stopped@1.0:  6.2%

  --- AE: T+F ---
    E_mu=1.4755  E_Sigma=2.5421

    Drift: enc-pull
  Stage 2 epoch 100/300: loss=0.017702
  Stage 2 epoch 200/300: loss=0.012362
  Stage 2 epoch 300/300: loss=0.005478
  Stage 3 epoch 100/300: loss=0.000261
  Stage 3 epoch 200/300: loss=0.000193
  Stage 3 epoch 300/300: loss=0.000150
  rcMTE@0.1: 0.5002 (285/500 in region)
  rcMTE@0.5: 0.7154 (98/500 in region)
  rcMTE@1.0: 0.9773 (31/500 in region)
  MTE@0.1: 0.9074
  MTE@0.5: 1.4079
  MTE@1.0: 1.6046
  W2@1.0:  1.0240
  sW2@0.1: 0.6124 (285/500 in region)
  sW2@0.2: 0.8455 (204/500 in region)
  sW2@0.5: 0.8993 (98/500 in region)
  sW2@1.0: 1.2681 (31/500 in region)
  MMD@1.0: 0.2290
  Survival@1.0: 29.8%
  Stopped@1.0:  6.2%

    Drift: dec-side
  Stage 2 epoch 100/300: loss=0.000745
  Stage 2 epoch 200/300: loss=0.000610
  Stage 2 epoch 300/300: loss=0.000453
  Stage 3 epoch 100/300: loss=0.000261
  Stage 3 epoch 200/300: loss=0.000193
  Stage 3 epoch 300/300: loss=0.000150
  rcMTE@0.1: 0.5257 (285/500 in region)
  rcMTE@0.5: 0.8873 (98/500 in region)
  rcMTE@1.0: 1.4623 (31/500 in region)
  MTE@0.1: 0.9589
  MTE@0.5: 1.7318
  MTE@1.0: 2.3558
  W2@1.0:  2.0195
  sW2@0.1: 0.7705 (285/500 in region)
  sW2@0.2: 1.2369 (204/500 in region)
  sW2@0.5: 1.5605 (98/500 in region)
  sW2@1.0: 2.6828 (31/500 in region)
  MMD@1.0: 0.3362
  Survival@1.0: 29.8%
  Stopped@1.0:  6.2%

============================================================
  paraboloid | D=201 | seed=2042
============================================================

  --- AE: baseline ---
    E_mu=4.9225  E_Sigma=13.5760

    Drift: enc-pull
  Stage 2 epoch 100/300: loss=0.022587
  Stage 2 epoch 200/300: loss=0.012101
  Stage 2 epoch 300/300: loss=0.008516
  Stage 3 epoch 100/300: loss=0.001473
  Stage 3 epoch 200/300: loss=0.001425
  Stage 3 epoch 300/300: loss=0.001394
  rcMTE@0.1: 0.3525 (293/500 in region)
  rcMTE@0.5: 0.5935 (88/500 in region)
  rcMTE@1.0: 0.6812 (24/500 in region)
  MTE@0.1: 0.7267
  MTE@0.5: 1.1818
  MTE@1.0: 1.3281
  W2@1.0:  1.0310
  sW2@0.1: 0.4423 (293/500 in region)
  sW2@0.2: 0.4678 (212/500 in region)
  sW2@0.5: 0.7327 (88/500 in region)
  sW2@1.0: 0.9915 (24/500 in region)
  MMD@1.0: 0.2075
  Survival@1.0: 26.6%
  Stopped@1.0:  4.8%

    Drift: dec-side
  Stage 2 epoch 100/300: loss=0.000520
  Stage 2 epoch 200/300: loss=0.000422
  Stage 2 epoch 300/300: loss=0.000283
  Stage 3 epoch 100/300: loss=0.001473
  Stage 3 epoch 200/300: loss=0.001425
  Stage 3 epoch 300/300: loss=0.001394
  rcMTE@0.1: 0.3336 (293/500 in region)
  rcMTE@0.5: 0.5600 (88/500 in region)
  rcMTE@1.0: 0.7015 (24/500 in region)
  MTE@0.1: 0.7149
  MTE@0.5: 1.1412
  MTE@1.0: 1.5013
  W2@1.0:  1.2284
  sW2@0.1: 0.4473 (293/500 in region)
  sW2@0.2: 0.4659 (212/500 in region)
  sW2@0.5: 0.7422 (88/500 in region)
  sW2@1.0: 1.0921 (24/500 in region)
  MMD@1.0: 0.3494
  Survival@1.0: 26.6%
  Stopped@1.0:  4.8%

  --- AE: T+F ---
    E_mu=0.9860  E_Sigma=1.6160

    Drift: enc-pull
  Stage 2 epoch 100/300: loss=0.031941
  Stage 2 epoch 200/300: loss=0.020028
  Stage 2 epoch 300/300: loss=0.006280
  Stage 3 epoch 100/300: loss=0.000211
  Stage 3 epoch 200/300: loss=0.000144
  Stage 3 epoch 300/300: loss=0.000126
  rcMTE@0.1: 0.2417 (293/500 in region)
  rcMTE@0.5: 0.4207 (88/500 in region)
  rcMTE@1.0: 0.4375 (24/500 in region)
  MTE@0.1: 0.5643
  MTE@0.5: 0.8653
  MTE@1.0: 0.9578
  W2@1.0:  0.7697
  sW2@0.1: 0.3460 (293/500 in region)
  sW2@0.2: 0.4428 (212/500 in region)
  sW2@0.5: 0.6246 (88/500 in region)
  sW2@1.0: 0.6151 (24/500 in region)
  MMD@1.0: 0.2176
  Survival@1.0: 26.6%
  Stopped@1.0:  4.8%

    Drift: dec-side
  Stage 2 epoch 100/300: loss=0.000989
  Stage 2 epoch 200/300: loss=0.000809
  Stage 2 epoch 300/300: loss=0.000504
  Stage 3 epoch 100/300: loss=0.000211
  Stage 3 epoch 200/300: loss=0.000144
  Stage 3 epoch 300/300: loss=0.000126
  rcMTE@0.1: 0.2443 (293/500 in region)
  rcMTE@0.5: 0.5307 (88/500 in region)
  rcMTE@1.0: 0.8805 (24/500 in region)
  MTE@0.1: 0.5568
  MTE@0.5: 1.1262
  MTE@1.0: 1.5254
  W2@1.0:  1.5934
  sW2@0.1: 0.3935 (293/500 in region)
  sW2@0.2: 0.5162 (212/500 in region)
  sW2@0.5: 1.0799 (88/500 in region)
  sW2@1.0: 1.8392 (24/500 in region)
  MMD@1.0: 0.4155
  Survival@1.0: 26.6%
  Stopped@1.0:  4.8%

============================================================
  paraboloid | D=201 | seed=3042
============================================================

  --- AE: baseline ---
    E_mu=6.6313  E_Sigma=13.1140

    Drift: enc-pull
  Stage 2 epoch 100/300: loss=0.015030
  Stage 2 epoch 200/300: loss=0.008413
  Stage 2 epoch 300/300: loss=0.002042
  Stage 3 epoch 100/300: loss=0.001242
  Stage 3 epoch 200/300: loss=0.001157
  Stage 3 epoch 300/300: loss=0.001128
  rcMTE@0.1: 0.2236 (275/500 in region)
  rcMTE@0.5: 0.3308 (78/500 in region)
  rcMTE@1.0: 0.4585 (25/500 in region)
  MTE@0.1: 0.6394
  MTE@0.5: 0.8264
  MTE@1.0: 0.9089
  W2@1.0:  0.6536
  sW2@0.1: 0.4121 (275/500 in region)
  sW2@0.2: 0.4315 (204/500 in region)
  sW2@0.5: 0.5415 (78/500 in region)
  sW2@1.0: 0.8446 (25/500 in region)
  MMD@1.0: 0.2346
  Survival@1.0: 27.2%
  Stopped@1.0:  5.0%

    Drift: dec-side
  Stage 2 epoch 100/300: loss=0.002493
  Stage 2 epoch 200/300: loss=0.001153
  Stage 2 epoch 300/300: loss=0.000490
  Stage 3 epoch 100/300: loss=0.001242
  Stage 3 epoch 200/300: loss=0.001157
  Stage 3 epoch 300/300: loss=0.001128
  rcMTE@0.1: 0.2749 (275/500 in region)
  rcMTE@0.5: 0.6667 (78/500 in region)
  rcMTE@1.0: 1.2591 (25/500 in region)
  MTE@0.1: 0.6875
  MTE@0.5: 1.2465
  MTE@1.0: 2.0760
  W2@1.0:  2.0211
  sW2@0.1: 0.5119 (275/500 in region)
  sW2@0.2: 0.5978 (204/500 in region)
  sW2@0.5: 0.9939 (78/500 in region)
  sW2@1.0: 1.8506 (25/500 in region)
  MMD@1.0: 0.3991
  Survival@1.0: 27.2%
  Stopped@1.0:  5.0%

  --- AE: T+F ---
    E_mu=0.7000  E_Sigma=0.9106

    Drift: enc-pull
  Stage 2 epoch 100/300: loss=0.019566
  Stage 2 epoch 200/300: loss=0.018295
  Stage 2 epoch 300/300: loss=0.014413
  Stage 3 epoch 100/300: loss=0.000220
  Stage 3 epoch 200/300: loss=0.000139
  Stage 3 epoch 300/300: loss=0.000094
  rcMTE@0.1: 0.1886 (275/500 in region)
  rcMTE@0.5: 0.2952 (78/500 in region)
  rcMTE@1.0: 0.3958 (25/500 in region)
  MTE@0.1: 0.5920
  MTE@0.5: 0.8041
  MTE@1.0: 0.8997
  W2@1.0:  0.6028
  sW2@0.1: 0.4000 (275/500 in region)
  sW2@0.2: 0.4208 (204/500 in region)
  sW2@0.5: 0.5707 (78/500 in region)
  sW2@1.0: 0.8620 (25/500 in region)
  MMD@1.0: 0.2624
  Survival@1.0: 27.2%
  Stopped@1.0:  5.0%

    Drift: dec-side
  Stage 2 epoch 100/300: loss=0.001561
  Stage 2 epoch 200/300: loss=0.001008
  Stage 2 epoch 300/300: loss=0.000231
  Stage 3 epoch 100/300: loss=0.000220
  Stage 3 epoch 200/300: loss=0.000139
  Stage 3 epoch 300/300: loss=0.000094
  rcMTE@0.1: 0.2083 (275/500 in region)
  rcMTE@0.5: 0.5045 (78/500 in region)
  rcMTE@1.0: 0.8827 (25/500 in region)
  MTE@0.1: 0.5910
  MTE@0.5: 1.0923
  MTE@1.0: 1.7591
  W2@1.0:  1.9086
  sW2@0.1: 0.4420 (275/500 in region)
  sW2@0.2: 0.4931 (204/500 in region)
  sW2@0.5: 1.0674 (78/500 in region)
  sW2@1.0: 1.9471 (25/500 in region)
  MMD@1.0: 0.4589
  Survival@1.0: 27.2%
  Stopped@1.0:  5.0%

============================================================
  paraboloid | D=201 | seed=4042
============================================================

  --- AE: baseline ---
    E_mu=7.8973  E_Sigma=32.7622

    Drift: enc-pull
  Stage 2 epoch 100/300: loss=0.002535
  Stage 2 epoch 200/300: loss=0.001783
  Stage 2 epoch 300/300: loss=0.001107
  Stage 3 epoch 100/300: loss=0.002417
  Stage 3 epoch 200/300: loss=0.002414
  Stage 3 epoch 300/300: loss=0.002411
  rcMTE@0.1: 0.5399 (287/500 in region)
  rcMTE@0.5: 0.6754 (102/500 in region)
  rcMTE@1.0: 0.6016 (30/500 in region)
  MTE@0.1: 0.9768
  MTE@0.5: 1.2633
  MTE@1.0: 1.1109
  W2@1.0:  0.6977
  sW2@0.1: 0.4924 (287/500 in region)
  sW2@0.2: 0.5691 (207/500 in region)
  sW2@0.5: 0.5488 (102/500 in region)
  sW2@1.0: 0.6578 (30/500 in region)
  MMD@1.0: 0.1788
  Survival@1.0: 28.2%
  Stopped@1.0:  6.0%

    Drift: dec-side
  Stage 2 epoch 100/300: loss=0.000132
  Stage 2 epoch 200/300: loss=0.000096
  Stage 2 epoch 300/300: loss=0.000080
  Stage 3 epoch 100/300: loss=0.002417
  Stage 3 epoch 200/300: loss=0.002414
  Stage 3 epoch 300/300: loss=0.002411
  rcMTE@0.1: 0.5665 (287/500 in region)
  rcMTE@0.5: 0.8977 (102/500 in region)
  rcMTE@1.0: 0.8917 (30/500 in region)
  MTE@0.1: 0.9933
  MTE@0.5: 1.5396
  MTE@1.0: 1.5776
  W2@1.0:  1.0598
  sW2@0.1: 0.5590 (287/500 in region)
  sW2@0.2: 0.7619 (207/500 in region)
  sW2@0.5: 0.7515 (102/500 in region)
  sW2@1.0: 0.9291 (30/500 in region)
  MMD@1.0: 0.2621
  Survival@1.0: 28.2%
  Stopped@1.0:  6.0%

  --- AE: T+F ---
    E_mu=1.3312  E_Sigma=2.2489

    Drift: enc-pull
  Stage 2 epoch 100/300: loss=0.006028
  Stage 2 epoch 200/300: loss=0.004297
  Stage 2 epoch 300/300: loss=0.002484
  Stage 3 epoch 100/300: loss=0.000429
  Stage 3 epoch 200/300: loss=0.000421
  Stage 3 epoch 300/300: loss=0.000414
  rcMTE@0.1: 0.5368 (287/500 in region)
  rcMTE@0.5: 0.7476 (102/500 in region)
  rcMTE@1.0: 0.8012 (30/500 in region)
  MTE@0.1: 0.8899
  MTE@0.5: 1.3139
  MTE@1.0: 1.3416
  W2@1.0:  0.4720
  sW2@0.1: 0.4174 (287/500 in region)
  sW2@0.2: 0.5852 (207/500 in region)
  sW2@0.5: 0.4124 (102/500 in region)
  sW2@1.0: 0.8603 (30/500 in region)
  MMD@1.0: 0.1880
  Survival@1.0: 28.2%
  Stopped@1.0:  6.0%

    Drift: dec-side
  Stage 2 epoch 100/300: loss=0.000854
  Stage 2 epoch 200/300: loss=0.000631
  Stage 2 epoch 300/300: loss=0.000402
  Stage 3 epoch 100/300: loss=0.000429
  Stage 3 epoch 200/300: loss=0.000421
  Stage 3 epoch 300/300: loss=0.000414
  rcMTE@0.1: 0.5600 (287/500 in region)
  rcMTE@0.5: 0.8373 (102/500 in region)
  rcMTE@1.0: 1.0298 (30/500 in region)
  MTE@0.1: 0.9201
  MTE@0.5: 1.5577
  MTE@1.0: 1.8683
  W2@1.0:  1.2798
  sW2@0.1: 0.5196 (287/500 in region)
  sW2@0.2: 0.8462 (207/500 in region)
  sW2@0.5: 0.6355 (102/500 in region)
  sW2@1.0: 1.4837 (30/500 in region)
  MMD@1.0: 0.4098
  Survival@1.0: 28.2%
  Stopped@1.0:  6.0%

============================================================
  paraboloid | D=201 | seed=5042
============================================================

  --- AE: baseline ---
    E_mu=7.4937  E_Sigma=30.1587

    Drift: enc-pull
  Stage 2 epoch 100/300: loss=0.003615
  Stage 2 epoch 200/300: loss=0.002683
  Stage 2 epoch 300/300: loss=0.001422
  Stage 3 epoch 100/300: loss=0.001372
  Stage 3 epoch 200/300: loss=0.001353
  Stage 3 epoch 300/300: loss=0.001325
  rcMTE@0.1: 0.5178 (285/500 in region)
  rcMTE@0.5: 0.7470 (93/500 in region)
  rcMTE@1.0: 0.6356 (33/500 in region)
  MTE@0.1: 0.9336
  MTE@0.5: 1.3942
  MTE@1.0: 1.2758
  W2@1.0:  0.8172
  sW2@0.1: 0.4687 (285/500 in region)
  sW2@0.2: 0.5620 (216/500 in region)
  sW2@0.5: 0.5825 (93/500 in region)
  sW2@1.0: 0.6031 (33/500 in region)
  MMD@1.0: 0.2113
  Survival@1.0: 25.8%
  Stopped@1.0:  6.6%

    Drift: dec-side
  Stage 2 epoch 100/300: loss=0.000641
  Stage 2 epoch 200/300: loss=0.000408
  Stage 2 epoch 300/300: loss=0.000203
  Stage 3 epoch 100/300: loss=0.001372
  Stage 3 epoch 200/300: loss=0.001353
  Stage 3 epoch 300/300: loss=0.001325
  rcMTE@0.1: 0.5499 (285/500 in region)
  rcMTE@0.5: 0.9649 (93/500 in region)
  rcMTE@1.0: 1.1527 (33/500 in region)
  MTE@0.1: 0.9616
  MTE@0.5: 1.6901
  MTE@1.0: 1.8767
  W2@1.0:  1.4084
  sW2@0.1: 0.5319 (285/500 in region)
  sW2@0.2: 0.7156 (216/500 in region)
  sW2@0.5: 0.9498 (93/500 in region)
  sW2@1.0: 1.3724 (33/500 in region)
  MMD@1.0: 0.3638
  Survival@1.0: 25.8%
  Stopped@1.0:  6.6%

  --- AE: T+F ---
    E_mu=1.2219  E_Sigma=2.6563

    Drift: enc-pull
  Stage 2 epoch 100/300: loss=0.008010
  Stage 2 epoch 200/300: loss=0.006136
  Stage 2 epoch 300/300: loss=0.005134
  Stage 3 epoch 100/300: loss=0.000141
  Stage 3 epoch 200/300: loss=0.000132
  Stage 3 epoch 300/300: loss=0.000128
  rcMTE@0.1: 0.5921 (285/500 in region)
  rcMTE@0.5: 0.8422 (93/500 in region)
  rcMTE@1.0: 0.7318 (33/500 in region)
  MTE@0.1: 1.0375
  MTE@0.5: 1.4618
  MTE@1.0: 1.3476
  W2@1.0:  0.6571
  sW2@0.1: 0.5894 (285/500 in region)
  sW2@0.2: 0.7033 (216/500 in region)
  sW2@0.5: 0.6273 (93/500 in region)
  sW2@1.0: 0.6571 (33/500 in region)
  MMD@1.0: 0.2257
  Survival@1.0: 25.8%
  Stopped@1.0:  6.6%

    Drift: dec-side
  Stage 2 epoch 100/300: loss=0.000774
  Stage 2 epoch 200/300: loss=0.000370
  Stage 2 epoch 300/300: loss=0.000216
  Stage 3 epoch 100/300: loss=0.000141
  Stage 3 epoch 200/300: loss=0.000132
  Stage 3 epoch 300/300: loss=0.000128
  rcMTE@0.1: 0.6452 (285/500 in region)
  rcMTE@0.5: 1.0732 (93/500 in region)
  rcMTE@1.0: 0.9226 (33/500 in region)
  MTE@0.1: 1.1216
  MTE@0.5: 1.9602
  MTE@1.0: 2.0875
  W2@1.0:  1.8993
  sW2@0.1: 0.8253 (285/500 in region)
  sW2@0.2: 1.1947 (216/500 in region)
  sW2@0.5: 1.5574 (93/500 in region)
  sW2@1.0: 1.4642 (33/500 in region)
  MMD@1.0: 0.4301
  Survival@1.0: 25.8%
  Stopped@1.0:  6.6%

============================================================
  paraboloid | D=201 | seed=6042
============================================================

  --- AE: baseline ---
    E_mu=5.2916  E_Sigma=20.1098

    Drift: enc-pull
  Stage 2 epoch 100/300: loss=0.022441
  Stage 2 epoch 200/300: loss=0.020757
  Stage 2 epoch 300/300: loss=0.018444
  Stage 3 epoch 100/300: loss=0.000713
  Stage 3 epoch 200/300: loss=0.000688
  Stage 3 epoch 300/300: loss=0.000671
  rcMTE@0.1: 0.2373 (290/500 in region)
  rcMTE@0.5: 0.3425 (89/500 in region)
  rcMTE@1.0: 0.3441 (30/500 in region)
  MTE@0.1: 0.5871
  MTE@0.5: 0.9110
  MTE@1.0: 0.8481
  W2@1.0:  0.7507
  sW2@0.1: 0.4278 (290/500 in region)
  sW2@0.2: 0.4387 (208/500 in region)
  sW2@0.5: 0.5077 (89/500 in region)
  sW2@1.0: 0.4629 (30/500 in region)
  MMD@1.0: 0.1549
  Survival@1.0: 27.2%
  Stopped@1.0:  6.0%

    Drift: dec-side
  Stage 2 epoch 100/300: loss=0.001482
  Stage 2 epoch 200/300: loss=0.000453
  Stage 2 epoch 300/300: loss=0.000219
  Stage 3 epoch 100/300: loss=0.000713
  Stage 3 epoch 200/300: loss=0.000688
  Stage 3 epoch 300/300: loss=0.000671
  rcMTE@0.1: 0.2126 (290/500 in region)
  rcMTE@0.5: 0.4053 (89/500 in region)
  rcMTE@1.0: 0.7113 (30/500 in region)
  MTE@0.1: 0.5703
  MTE@0.5: 1.1213
  MTE@1.0: 1.7086
  W2@1.0:  1.6462
  sW2@0.1: 0.3880 (290/500 in region)
  sW2@0.2: 0.4042 (208/500 in region)
  sW2@0.5: 0.7328 (89/500 in region)
  sW2@1.0: 1.3298 (30/500 in region)
  MMD@1.0: 0.4090
  Survival@1.0: 27.2%
  Stopped@1.0:  6.0%

  --- AE: T+F ---
    E_mu=1.4105  E_Sigma=1.8134

    Drift: enc-pull
  Stage 2 epoch 100/300: loss=0.007274
  Stage 2 epoch 200/300: loss=0.005373
  Stage 2 epoch 300/300: loss=0.004055
  Stage 3 epoch 100/300: loss=0.000083
  Stage 3 epoch 200/300: loss=0.000057
  Stage 3 epoch 300/300: loss=0.000043
  rcMTE@0.1: 0.1915 (290/500 in region)
  rcMTE@0.5: 0.3543 (89/500 in region)
  rcMTE@1.0: 0.3921 (30/500 in region)
  MTE@0.1: 0.4486
  MTE@0.5: 0.7359
  MTE@1.0: 0.8944
  W2@1.0:  0.7684
  sW2@0.1: 0.2697 (290/500 in region)
  sW2@0.2: 0.3096 (208/500 in region)
  sW2@0.5: 0.4758 (89/500 in region)
  sW2@1.0: 0.6384 (30/500 in region)
  MMD@1.0: 0.1625
  Survival@1.0: 27.2%
  Stopped@1.0:  6.0%

    Drift: dec-side
  Stage 2 epoch 100/300: loss=0.000318
  Stage 2 epoch 200/300: loss=0.000219
  Stage 2 epoch 300/300: loss=0.000156
  Stage 3 epoch 100/300: loss=0.000083
  Stage 3 epoch 200/300: loss=0.000057
  Stage 3 epoch 300/300: loss=0.000043
  rcMTE@0.1: 0.1917 (290/500 in region)
  rcMTE@0.5: 0.4744 (89/500 in region)
  rcMTE@1.0: 0.7314 (30/500 in region)
  MTE@0.1: 0.4244
  MTE@0.5: 0.9385
  MTE@1.0: 1.4825
  W2@1.0:  1.4992
  sW2@0.1: 0.2839 (290/500 in region)
  sW2@0.2: 0.3802 (208/500 in region)
  sW2@0.5: 0.7916 (89/500 in region)
  sW2@1.0: 1.2029 (30/500 in region)
  MMD@1.0: 0.4252
  Survival@1.0: 27.2%
  Stopped@1.0:  6.0%

============================================================
  paraboloid | D=201 | seed=7042
============================================================

  --- AE: baseline ---
    E_mu=3.6763  E_Sigma=9.6695

    Drift: enc-pull
  Stage 2 epoch 100/300: loss=0.051576
  Stage 2 epoch 200/300: loss=0.027740
  Stage 2 epoch 300/300: loss=0.014560
  Stage 3 epoch 100/300: loss=0.003218
  Stage 3 epoch 200/300: loss=0.003047
  Stage 3 epoch 300/300: loss=0.003023
  rcMTE@0.1: 0.4065 (316/500 in region)
  rcMTE@0.5: 0.6913 (109/500 in region)
  rcMTE@1.0: 0.8317 (29/500 in region)
  MTE@0.1: 0.8037
  MTE@0.5: 1.2330
  MTE@1.0: 1.2895
  W2@1.0:  0.9870
  sW2@0.1: 0.3930 (316/500 in region)
  sW2@0.2: 0.4847 (232/500 in region)
  sW2@0.5: 0.8749 (109/500 in region)
  sW2@1.0: 0.8617 (29/500 in region)
  MMD@1.0: 0.2324
  Survival@1.0: 28.8%
  Stopped@1.0:  5.8%

    Drift: dec-side
  Stage 2 epoch 100/300: loss=0.047657
  Stage 2 epoch 200/300: loss=0.008980
  Stage 2 epoch 300/300: loss=0.001354
  Stage 3 epoch 100/300: loss=0.003218
  Stage 3 epoch 200/300: loss=0.003047
  Stage 3 epoch 300/300: loss=0.003023
  rcMTE@0.1: 0.5007 (316/500 in region)
  rcMTE@0.5: 1.3355 (109/500 in region)
  rcMTE@1.0: 2.0128 (29/500 in region)
  MTE@0.1: 0.9266
  MTE@0.5: 2.2808
  MTE@1.0: 4.1144
  W2@1.0:  4.8946
  sW2@0.1: 0.6085 (316/500 in region)
  sW2@0.2: 1.1519 (232/500 in region)
  sW2@0.5: 2.6234 (109/500 in region)
  sW2@1.0: 4.2079 (29/500 in region)
  MMD@1.0: 0.4003
  Survival@1.0: 28.8%
  Stopped@1.0:  5.8%

  --- AE: T+F ---
    E_mu=0.7164  E_Sigma=1.4224

    Drift: enc-pull
  Stage 2 epoch 100/300: loss=0.525955
  Stage 2 epoch 200/300: loss=0.363179
  Stage 2 epoch 300/300: loss=0.173057
  Stage 3 epoch 100/300: loss=0.000512
  Stage 3 epoch 200/300: loss=0.000400
  Stage 3 epoch 300/300: loss=0.000335
  rcMTE@0.1: 0.4962 (316/500 in region)
  rcMTE@0.5: 0.7344 (109/500 in region)
  rcMTE@1.0: 0.7124 (29/500 in region)
  MTE@0.1: 0.9645
  MTE@0.5: 1.3527
  MTE@1.0: 1.3310
  W2@1.0:  0.9478
  sW2@0.1: 0.5318 (316/500 in region)
  sW2@0.2: 0.5305 (232/500 in region)
  sW2@0.5: 0.5192 (109/500 in region)
  sW2@1.0: 0.6573 (29/500 in region)
  MMD@1.0: 0.3126
  Survival@1.0: 28.8%
  Stopped@1.0:  5.8%

    Drift: dec-side
  Stage 2 epoch 100/300: loss=0.005260
  Stage 2 epoch 200/300: loss=0.002245
  Stage 2 epoch 300/300: loss=0.000501
  Stage 3 epoch 100/300: loss=0.000512
  Stage 3 epoch 200/300: loss=0.000400
  Stage 3 epoch 300/300: loss=0.000335
  rcMTE@0.1: 0.5036 (316/500 in region)
  rcMTE@0.5: 0.8766 (109/500 in region)
  rcMTE@1.0: 0.9615 (29/500 in region)
  MTE@0.1: 1.0070
  MTE@0.5: 1.7943
  MTE@1.0: 2.1033
  W2@1.0:  1.9906
  sW2@0.1: 0.7369 (316/500 in region)
  sW2@0.2: 1.1077 (232/500 in region)
  sW2@0.5: 1.2418 (109/500 in region)
  sW2@1.0: 1.4419 (29/500 in region)
  MMD@1.0: 0.2272
  Survival@1.0: 28.8%
  Stopped@1.0:  5.8%

============================================================
  paraboloid | D=201 | seed=8042
============================================================

  --- AE: baseline ---
    E_mu=7.4864  E_Sigma=32.6455

    Drift: enc-pull
  Stage 2 epoch 100/300: loss=0.007879
  Stage 2 epoch 200/300: loss=0.002787
  Stage 2 epoch 300/300: loss=0.001847
  Stage 3 epoch 100/300: loss=0.003562
  Stage 3 epoch 200/300: loss=0.003512
  Stage 3 epoch 300/300: loss=0.003498
  rcMTE@0.1: 0.4453 (269/500 in region)
  rcMTE@0.5: 0.6795 (84/500 in region)
  rcMTE@1.0: 0.7362 (29/500 in region)
  MTE@0.1: 0.9325
  MTE@0.5: 1.1945
  MTE@1.0: 1.3327
  W2@1.0:  1.1752
  sW2@0.1: 0.5263 (269/500 in region)
  sW2@0.2: 0.5782 (192/500 in region)
  sW2@0.5: 0.7073 (84/500 in region)
  sW2@1.0: 1.0148 (29/500 in region)
  MMD@1.0: 0.3414
  Survival@1.0: 27.0%
  Stopped@1.0:  5.8%

    Drift: dec-side
  Stage 2 epoch 100/300: loss=0.003033
  Stage 2 epoch 200/300: loss=0.000571
  Stage 2 epoch 300/300: loss=0.000277
  Stage 3 epoch 100/300: loss=0.003562
  Stage 3 epoch 200/300: loss=0.003512
  Stage 3 epoch 300/300: loss=0.003498
  rcMTE@0.1: 0.4971 (269/500 in region)
  rcMTE@0.5: 1.0589 (84/500 in region)
  rcMTE@1.0: 1.7547 (29/500 in region)
  MTE@0.1: 0.9746
  MTE@0.5: 1.5425
  MTE@1.0: 2.1072
  W2@1.0:  1.9073
  sW2@0.1: 0.6261 (269/500 in region)
  sW2@0.2: 0.7623 (192/500 in region)
  sW2@0.5: 1.3100 (84/500 in region)
  sW2@1.0: 2.4627 (29/500 in region)
  MMD@1.0: 0.3051
  Survival@1.0: 27.0%
  Stopped@1.0:  5.8%

  --- AE: T+F ---
    E_mu=1.1267  E_Sigma=2.3869

    Drift: enc-pull
  Stage 2 epoch 100/300: loss=0.275431
  Stage 2 epoch 200/300: loss=0.245304
  Stage 2 epoch 300/300: loss=0.145986
  Stage 3 epoch 100/300: loss=0.000649
  Stage 3 epoch 200/300: loss=0.000442
  Stage 3 epoch 300/300: loss=0.000361
  rcMTE@0.1: 0.4782 (269/500 in region)
  rcMTE@0.5: 1.1664 (84/500 in region)
  rcMTE@1.0: 2.2487 (29/500 in region)
  MTE@0.1: 0.9685
  MTE@0.5: 2.4102
  MTE@1.0: 4.2766
  W2@1.0:  4.5460
  sW2@0.1: 0.6054 (269/500 in region)
  sW2@0.2: 0.9755 (192/500 in region)
  sW2@0.5: 2.0553 (84/500 in region)
  sW2@1.0: 4.3632 (29/500 in region)
  MMD@1.0: 0.7479
  Survival@1.0: 27.0%
  Stopped@1.0:  5.8%

    Drift: dec-side
  Stage 2 epoch 100/300: loss=0.000871
  Stage 2 epoch 200/300: loss=0.000359
  Stage 2 epoch 300/300: loss=0.000227
  Stage 3 epoch 100/300: loss=0.000649
  Stage 3 epoch 200/300: loss=0.000442
  Stage 3 epoch 300/300: loss=0.000361
  rcMTE@0.1: 0.4649 (269/500 in region)
  rcMTE@0.5: 0.8823 (84/500 in region)
  rcMTE@1.0: 1.1384 (29/500 in region)
  MTE@0.1: 0.9471
  MTE@0.5: 1.6044
  MTE@1.0: 2.0930
  W2@1.0:  1.8708
  sW2@0.1: 0.6910 (269/500 in region)
  sW2@0.2: 0.8935 (192/500 in region)
  sW2@0.5: 1.5157 (84/500 in region)
  sW2@1.0: 2.2508 (29/500 in region)
  MMD@1.0: 0.2615
  Survival@1.0: 27.0%
  Stopped@1.0:  5.8%

============================================================
  paraboloid | D=201 | seed=9042
============================================================

  --- AE: baseline ---
    E_mu=4.6374  E_Sigma=14.6653

    Drift: enc-pull
  Stage 2 epoch 100/300: loss=0.018524
  Stage 2 epoch 200/300: loss=0.006701
  Stage 2 epoch 300/300: loss=0.004259
  Stage 3 epoch 100/300: loss=0.000811
  Stage 3 epoch 200/300: loss=0.000782
  Stage 3 epoch 300/300: loss=0.000771
  rcMTE@0.1: 0.5325 (280/500 in region)
  rcMTE@0.5: 0.8214 (85/500 in region)
  rcMTE@1.0: 0.8233 (22/500 in region)
  MTE@0.1: 1.0412
  MTE@0.5: 1.3767
  MTE@1.0: 1.5460
  W2@1.0:  0.8867
  sW2@0.1: 0.5366 (280/500 in region)
  sW2@0.2: 0.5561 (205/500 in region)
  sW2@0.5: 0.6414 (85/500 in region)
  sW2@1.0: 0.7212 (22/500 in region)
  MMD@1.0: 0.1981
  Survival@1.0: 28.2%
  Stopped@1.0:  4.4%

    Drift: dec-side
  Stage 2 epoch 100/300: loss=0.001373
  Stage 2 epoch 200/300: loss=0.001182
  Stage 2 epoch 300/300: loss=0.000910
  Stage 3 epoch 100/300: loss=0.000811
  Stage 3 epoch 200/300: loss=0.000782
  Stage 3 epoch 300/300: loss=0.000771
  rcMTE@0.1: 0.5679 (280/500 in region)
  rcMTE@0.5: 1.1670 (85/500 in region)
  rcMTE@1.0: 1.7248 (22/500 in region)
  MTE@0.1: 1.1008
  MTE@0.5: 1.8827
  MTE@1.0: 2.6983
  W2@1.0:  2.1839
  sW2@0.1: 0.7022 (280/500 in region)
  sW2@0.2: 0.8905 (205/500 in region)
  sW2@0.5: 1.4539 (85/500 in region)
  sW2@1.0: 2.2092 (22/500 in region)
  MMD@1.0: 0.3289
  Survival@1.0: 28.2%
  Stopped@1.0:  4.4%

  --- AE: T+F ---
    E_mu=1.0513  E_Sigma=1.4338

    Drift: enc-pull
  Stage 2 epoch 100/300: loss=0.029316
  Stage 2 epoch 200/300: loss=0.013128
  Stage 2 epoch 300/300: loss=0.004415
  Stage 3 epoch 100/300: loss=0.000347
  Stage 3 epoch 200/300: loss=0.000239
  Stage 3 epoch 300/300: loss=0.000159
  rcMTE@0.1: 0.7695 (280/500 in region)
  rcMTE@0.5: 1.0390 (85/500 in region)
  rcMTE@1.0: 1.0175 (22/500 in region)
  MTE@0.1: 1.3534
  MTE@0.5: 1.6707
  MTE@1.0: 1.7491
  W2@1.0:  0.6268
  sW2@0.1: 0.6475 (280/500 in region)
  sW2@0.2: 0.7937 (205/500 in region)
  sW2@0.5: 0.8136 (85/500 in region)
  sW2@1.0: 0.6624 (22/500 in region)
  MMD@1.0: 0.1737
  Survival@1.0: 28.2%
  Stopped@1.0:  4.4%

    Drift: dec-side
  Stage 2 epoch 100/300: loss=0.001694
  Stage 2 epoch 200/300: loss=0.000348
  Stage 2 epoch 300/300: loss=0.000115
  Stage 3 epoch 100/300: loss=0.000347
  Stage 3 epoch 200/300: loss=0.000239
  Stage 3 epoch 300/300: loss=0.000159
  rcMTE@0.1: 0.8622 (280/500 in region)
  rcMTE@0.5: 1.5923 (85/500 in region)
  rcMTE@1.0: 1.8794 (22/500 in region)
  MTE@0.1: 1.4670
  MTE@0.5: 2.4350
  MTE@1.0: 2.9384
  W2@1.0:  2.2601
  sW2@0.1: 0.9750 (280/500 in region)
  sW2@0.2: 1.4658 (205/500 in region)
  sW2@0.5: 2.1937 (85/500 in region)
  sW2@1.0: 2.6366 (22/500 in region)
  MMD@1.0: 0.3717
  Survival@1.0: 28.2%
  Stopped@1.0:  4.4%

============================================================
  hyperbolic_paraboloid | D=201 | seed=42
============================================================

  --- AE: baseline ---
    E_mu=4.6102  E_Sigma=29.4003

    Drift: enc-pull
  Stage 2 epoch 100/300: loss=0.012699
  Stage 2 epoch 200/300: loss=0.007447
  Stage 2 epoch 300/300: loss=0.003894
  Stage 3 epoch 100/300: loss=0.001554
  Stage 3 epoch 200/300: loss=0.001456
  Stage 3 epoch 300/300: loss=0.001388
  rcMTE@0.1: 0.5279 (292/500 in region)
  rcMTE@0.5: 0.8286 (97/500 in region)
  rcMTE@1.0: 1.0014 (21/500 in region)
  MTE@0.1: 1.0176
  MTE@0.5: 1.3990
  MTE@1.0: 1.4633
  W2@1.0:  0.9240
  sW2@0.1: 0.5320 (292/500 in region)
  sW2@0.2: 0.6241 (214/500 in region)
  sW2@0.5: 0.7073 (97/500 in region)
  sW2@1.0: 1.1676 (21/500 in region)
  MMD@1.0: 0.1824
  Survival@1.0: 28.0%
  Stopped@1.0:  4.2%

    Drift: dec-side
  Stage 2 epoch 100/300: loss=0.015205
  Stage 2 epoch 200/300: loss=0.007896
  Stage 2 epoch 300/300: loss=0.002322
  Stage 3 epoch 100/300: loss=0.001554
  Stage 3 epoch 200/300: loss=0.001456
  Stage 3 epoch 300/300: loss=0.001388
  rcMTE@0.1: 0.5609 (292/500 in region)
  rcMTE@0.5: 1.0197 (97/500 in region)
  rcMTE@1.0: 1.1870 (21/500 in region)
  MTE@0.1: 1.0553
  MTE@0.5: 1.7104
  MTE@1.0: 1.8763
  W2@1.0:  1.1451
  sW2@0.1: 0.5826 (292/500 in region)
  sW2@0.2: 0.7810 (214/500 in region)
  sW2@0.5: 0.9982 (97/500 in region)
  sW2@1.0: 1.6099 (21/500 in region)
  MMD@1.0: 0.2722
  Survival@1.0: 28.0%
  Stopped@1.0:  4.2%

  --- AE: T+F ---
    E_mu=1.7294  E_Sigma=4.9787

    Drift: enc-pull
  Stage 2 epoch 100/300: loss=0.018451
  Stage 2 epoch 200/300: loss=0.015226
  Stage 2 epoch 300/300: loss=0.006814
  Stage 3 epoch 100/300: loss=0.000324
  Stage 3 epoch 200/300: loss=0.000263
  Stage 3 epoch 300/300: loss=0.000239
  rcMTE@0.1: 0.5320 (292/500 in region)
  rcMTE@0.5: 0.9381 (97/500 in region)
  rcMTE@1.0: 0.8959 (21/500 in region)
  MTE@0.1: 1.0462
  MTE@0.5: 1.6415
  MTE@1.0: 1.6994
  W2@1.0:  0.9957
  sW2@0.1: 0.6384 (292/500 in region)
  sW2@0.2: 0.7957 (214/500 in region)
  sW2@0.5: 1.0390 (97/500 in region)
  sW2@1.0: 1.0772 (21/500 in region)
  MMD@1.0: 0.2441
  Survival@1.0: 28.0%
  Stopped@1.0:  4.2%

    Drift: dec-side
  Stage 2 epoch 100/300: loss=0.001553
  Stage 2 epoch 200/300: loss=0.001092
  Stage 2 epoch 300/300: loss=0.000768
  Stage 3 epoch 100/300: loss=0.000324
  Stage 3 epoch 200/300: loss=0.000263
  Stage 3 epoch 300/300: loss=0.000239
  rcMTE@0.1: 0.5714 (292/500 in region)
  rcMTE@0.5: 1.2159 (97/500 in region)
  rcMTE@1.0: 1.4947 (21/500 in region)
  MTE@0.1: 1.1259
  MTE@0.5: 2.0943
  MTE@1.0: 2.5533
  W2@1.0:  2.0671
  sW2@0.1: 0.7840 (292/500 in region)
  sW2@0.2: 1.1427 (214/500 in region)
  sW2@0.5: 1.8045 (97/500 in region)
  sW2@1.0: 2.5153 (21/500 in region)
  MMD@1.0: 0.3794
  Survival@1.0: 28.0%
  Stopped@1.0:  4.2%

============================================================
  hyperbolic_paraboloid | D=201 | seed=1042
============================================================

  --- AE: baseline ---
    E_mu=3.3386  E_Sigma=38.7772

    Drift: enc-pull
  Stage 2 epoch 100/300: loss=0.004381
  Stage 2 epoch 200/300: loss=0.002120
  Stage 2 epoch 300/300: loss=0.001146
  Stage 3 epoch 100/300: loss=0.000775
  Stage 3 epoch 200/300: loss=0.000772
  Stage 3 epoch 300/300: loss=0.000769
  rcMTE@0.1: 0.5090 (285/500 in region)
  rcMTE@0.5: 0.6779 (98/500 in region)
  rcMTE@1.0: 0.7474 (31/500 in region)
  MTE@0.1: 0.9488
  MTE@0.5: 1.2668
  MTE@1.0: 1.3957
  W2@1.0:  0.9900
  sW2@0.1: 0.5062 (285/500 in region)
  sW2@0.2: 0.5648 (204/500 in region)
  sW2@0.5: 0.5848 (98/500 in region)
  sW2@1.0: 0.7594 (31/500 in region)
  MMD@1.0: 0.2390
  Survival@1.0: 29.8%
  Stopped@1.0:  6.2%

    Drift: dec-side
  Stage 2 epoch 100/300: loss=0.001376
  Stage 2 epoch 200/300: loss=0.000878
  Stage 2 epoch 300/300: loss=0.000819
  Stage 3 epoch 100/300: loss=0.000775
  Stage 3 epoch 200/300: loss=0.000772
  Stage 3 epoch 300/300: loss=0.000769
  rcMTE@0.1: 0.5243 (285/500 in region)
  rcMTE@0.5: 0.8022 (98/500 in region)
  rcMTE@1.0: 0.9253 (31/500 in region)
  MTE@0.1: 0.9683
  MTE@0.5: 1.4152
  MTE@1.0: 1.6199
  W2@1.0:  1.1972
  sW2@0.1: 0.5389 (285/500 in region)
  sW2@0.2: 0.6649 (204/500 in region)
  sW2@0.5: 0.7731 (98/500 in region)
  sW2@1.0: 1.0512 (31/500 in region)
  MMD@1.0: 0.2379
  Survival@1.0: 29.8%
  Stopped@1.0:  6.2%

  --- AE: T+F ---
    E_mu=0.8041  E_Sigma=2.0364

    Drift: enc-pull
  Stage 2 epoch 100/300: loss=0.005639
  Stage 2 epoch 200/300: loss=0.005272
  Stage 2 epoch 300/300: loss=0.004460
  Stage 3 epoch 100/300: loss=0.000086
  Stage 3 epoch 200/300: loss=0.000077
  Stage 3 epoch 300/300: loss=0.000065
  rcMTE@0.1: 0.7769 (285/500 in region)
  rcMTE@0.5: 1.0844 (98/500 in region)
  rcMTE@1.0: 1.2480 (31/500 in region)
  MTE@0.1: 1.2820
  MTE@0.5: 1.9108
  MTE@1.0: 1.9967
  W2@1.0:  0.6875
  sW2@0.1: 0.4803 (285/500 in region)
  sW2@0.2: 0.6960 (204/500 in region)
  sW2@0.5: 0.7104 (98/500 in region)
  sW2@1.0: 0.8577 (31/500 in region)
  MMD@1.0: 0.1661
  Survival@1.0: 29.8%
  Stopped@1.0:  6.2%

    Drift: dec-side
  Stage 2 epoch 100/300: loss=0.000668
  Stage 2 epoch 200/300: loss=0.000489
  Stage 2 epoch 300/300: loss=0.000311
  Stage 3 epoch 100/300: loss=0.000086
  Stage 3 epoch 200/300: loss=0.000077
  Stage 3 epoch 300/300: loss=0.000065
  rcMTE@0.1: 0.7972 (285/500 in region)
  rcMTE@0.5: 1.2126 (98/500 in region)
  rcMTE@1.0: 1.4225 (31/500 in region)
  MTE@0.1: 1.3181
  MTE@0.5: 2.1366
  MTE@1.0: 2.3527
  W2@1.0:  1.2037
  sW2@0.1: 0.5540 (285/500 in region)
  sW2@0.2: 0.8535 (204/500 in region)
  sW2@0.5: 1.0662 (98/500 in region)
  sW2@1.0: 1.3733 (31/500 in region)
  MMD@1.0: 0.2524
  Survival@1.0: 29.8%
  Stopped@1.0:  6.2%

============================================================
  hyperbolic_paraboloid | D=201 | seed=2042
============================================================

  --- AE: baseline ---
    E_mu=3.6767  E_Sigma=11.1659

    Drift: enc-pull
  Stage 2 epoch 100/300: loss=0.003500
  Stage 2 epoch 200/300: loss=0.002327
  Stage 2 epoch 300/300: loss=0.001271
  Stage 3 epoch 100/300: loss=0.000630
  Stage 3 epoch 200/300: loss=0.000613
  Stage 3 epoch 300/300: loss=0.000609
  rcMTE@0.1: 0.4046 (293/500 in region)
  rcMTE@0.5: 0.5869 (88/500 in region)
  rcMTE@1.0: 0.4382 (24/500 in region)
  MTE@0.1: 0.7570
  MTE@0.5: 1.1049
  MTE@1.0: 1.0984
  W2@1.0:  0.9599
  sW2@0.1: 0.3840 (293/500 in region)
  sW2@0.2: 0.4498 (212/500 in region)
  sW2@0.5: 0.5969 (88/500 in region)
  sW2@1.0: 0.5751 (24/500 in region)
  MMD@1.0: 0.3293
  Survival@1.0: 26.6%
  Stopped@1.0:  4.8%

    Drift: dec-side
  Stage 2 epoch 100/300: loss=0.003556
  Stage 2 epoch 200/300: loss=0.002122
  Stage 2 epoch 300/300: loss=0.001172
  Stage 3 epoch 100/300: loss=0.000630
  Stage 3 epoch 200/300: loss=0.000613
  Stage 3 epoch 300/300: loss=0.000609
  rcMTE@0.1: 0.4426 (293/500 in region)
  rcMTE@0.5: 0.8213 (88/500 in region)
  rcMTE@1.0: 0.9522 (24/500 in region)
  MTE@0.1: 0.7858
  MTE@0.5: 1.4644
  MTE@1.0: 1.6480
  W2@1.0:  1.3855
  sW2@0.1: 0.4627 (293/500 in region)
  sW2@0.2: 0.6010 (212/500 in region)
  sW2@0.5: 1.0100 (88/500 in region)
  sW2@1.0: 1.2777 (24/500 in region)
  MMD@1.0: 0.2814
  Survival@1.0: 26.6%
  Stopped@1.0:  4.8%

  --- AE: T+F ---
    E_mu=0.8403  E_Sigma=1.9630

    Drift: enc-pull
  Stage 2 epoch 100/300: loss=0.005205
  Stage 2 epoch 200/300: loss=0.004088
  Stage 2 epoch 300/300: loss=0.003606
  Stage 3 epoch 100/300: loss=0.000098
  Stage 3 epoch 200/300: loss=0.000081
  Stage 3 epoch 300/300: loss=0.000074
  rcMTE@0.1: 0.2718 (293/500 in region)
  rcMTE@0.5: 0.4545 (88/500 in region)
  rcMTE@1.0: 0.4893 (24/500 in region)
  MTE@0.1: 0.5048
  MTE@0.5: 0.8593
  MTE@1.0: 0.9297
  W2@1.0:  0.6772
  sW2@0.1: 0.3499 (293/500 in region)
  sW2@0.2: 0.4153 (212/500 in region)
  sW2@0.5: 0.5884 (88/500 in region)
  sW2@1.0: 0.5511 (24/500 in region)
  MMD@1.0: 0.1791
  Survival@1.0: 26.6%
  Stopped@1.0:  4.8%

    Drift: dec-side
  Stage 2 epoch 100/300: loss=0.000483
  Stage 2 epoch 200/300: loss=0.000408
  Stage 2 epoch 300/300: loss=0.000328
  Stage 3 epoch 100/300: loss=0.000098
  Stage 3 epoch 200/300: loss=0.000081
  Stage 3 epoch 300/300: loss=0.000074
  rcMTE@0.1: 0.2830 (293/500 in region)
  rcMTE@0.5: 0.5616 (88/500 in region)
  rcMTE@1.0: 0.7403 (24/500 in region)
  MTE@0.1: 0.4995
  MTE@0.5: 0.9620
  MTE@1.0: 1.1689
  W2@1.0:  1.0496
  sW2@0.1: 0.3731 (293/500 in region)
  sW2@0.2: 0.4986 (212/500 in region)
  sW2@0.5: 0.8111 (88/500 in region)
  sW2@1.0: 0.9980 (24/500 in region)
  MMD@1.0: 0.2784
  Survival@1.0: 26.6%
  Stopped@1.0:  4.8%

============================================================
  hyperbolic_paraboloid | D=201 | seed=3042
============================================================

  --- AE: baseline ---
    E_mu=3.6251  E_Sigma=15.4243

    Drift: enc-pull
  Stage 2 epoch 100/300: loss=0.003971
  Stage 2 epoch 200/300: loss=0.002701
  Stage 2 epoch 300/300: loss=0.001721
  Stage 3 epoch 100/300: loss=0.002452
  Stage 3 epoch 200/300: loss=0.002391
  Stage 3 epoch 300/300: loss=0.002344
  rcMTE@0.1: 0.2714 (275/500 in region)
  rcMTE@0.5: 0.2714 (78/500 in region)
  rcMTE@1.0: 0.3777 (25/500 in region)
  MTE@0.1: 0.6954
  MTE@0.5: 0.8210
  MTE@1.0: 0.8049
  W2@1.0:  0.6723
  sW2@0.1: 0.3983 (275/500 in region)
  sW2@0.2: 0.4106 (204/500 in region)
  sW2@0.5: 0.4470 (78/500 in region)
  sW2@1.0: 0.6128 (25/500 in region)
  MMD@1.0: 0.1580
  Survival@1.0: 27.2%
  Stopped@1.0:  5.0%

    Drift: dec-side
  Stage 2 epoch 100/300: loss=0.004518
  Stage 2 epoch 200/300: loss=0.003192
  Stage 2 epoch 300/300: loss=0.001247
  Stage 3 epoch 100/300: loss=0.002452
  Stage 3 epoch 200/300: loss=0.002391
  Stage 3 epoch 300/300: loss=0.002344
  rcMTE@0.1: 0.3228 (275/500 in region)
  rcMTE@0.5: 0.6138 (78/500 in region)
  rcMTE@1.0: 1.0751 (25/500 in region)
  MTE@0.1: 0.7177
  MTE@0.5: 1.1124
  MTE@1.0: 1.6536
  W2@1.0:  1.4885
  sW2@0.1: 0.4499 (275/500 in region)
  sW2@0.2: 0.4890 (204/500 in region)
  sW2@0.5: 0.7825 (78/500 in region)
  sW2@1.0: 1.6422 (25/500 in region)
  MMD@1.0: 0.3205
  Survival@1.0: 27.2%
  Stopped@1.0:  5.0%

  --- AE: T+F ---
    E_mu=0.6201  E_Sigma=1.9532

    Drift: enc-pull
  Stage 2 epoch 100/300: loss=0.011496
  Stage 2 epoch 200/300: loss=0.006540
  Stage 2 epoch 300/300: loss=0.004530
  Stage 3 epoch 100/300: loss=0.000285
  Stage 3 epoch 200/300: loss=0.000243
  Stage 3 epoch 300/300: loss=0.000224
  rcMTE@0.1: 0.6480 (275/500 in region)
  rcMTE@0.5: 1.1912 (78/500 in region)
  rcMTE@1.0: 1.1640 (25/500 in region)
  MTE@0.1: 1.3147
  MTE@0.5: 1.9608
  MTE@1.0: 2.0517
  W2@1.0:  1.5294
  sW2@0.1: 0.7919 (275/500 in region)
  sW2@0.2: 0.9610 (204/500 in region)
  sW2@0.5: 1.5292 (78/500 in region)
  sW2@1.0: 2.0298 (25/500 in region)
  MMD@1.0: 0.2570
  Survival@1.0: 27.2%
  Stopped@1.0:  5.0%

    Drift: dec-side
  Stage 2 epoch 100/300: loss=0.001154
  Stage 2 epoch 200/300: loss=0.000731
  Stage 2 epoch 300/300: loss=0.000267
  Stage 3 epoch 100/300: loss=0.000285
  Stage 3 epoch 200/300: loss=0.000243
  Stage 3 epoch 300/300: loss=0.000224
  rcMTE@0.1: 0.6760 (275/500 in region)
  rcMTE@0.5: 1.2729 (78/500 in region)
  rcMTE@1.0: 1.3764 (25/500 in region)
  MTE@0.1: 1.3485
  MTE@0.5: 2.1354
  MTE@1.0: 2.3613
  W2@1.0:  1.9235
  sW2@0.1: 0.8858 (275/500 in region)
  sW2@0.2: 1.1301 (204/500 in region)
  sW2@0.5: 1.6749 (78/500 in region)
  sW2@1.0: 2.2825 (25/500 in region)
  MMD@1.0: 0.3373
  Survival@1.0: 27.2%
  Stopped@1.0:  5.0%

============================================================
  hyperbolic_paraboloid | D=201 | seed=4042
============================================================

  --- AE: baseline ---
    E_mu=3.2141  E_Sigma=11.7761

    Drift: enc-pull
  Stage 2 epoch 100/300: loss=0.004117
  Stage 2 epoch 200/300: loss=0.002712
  Stage 2 epoch 300/300: loss=0.001663
  Stage 3 epoch 100/300: loss=0.000561
  Stage 3 epoch 200/300: loss=0.000551
  Stage 3 epoch 300/300: loss=0.000475
  rcMTE@0.1: 0.5473 (287/500 in region)
  rcMTE@0.5: 0.7194 (102/500 in region)
  rcMTE@1.0: 0.6546 (30/500 in region)
  MTE@0.1: 0.9695
  MTE@0.5: 1.3126
  MTE@1.0: 1.1769
  W2@1.0:  0.4988
  sW2@0.1: 0.3818 (287/500 in region)
  sW2@0.2: 0.4965 (207/500 in region)
  sW2@0.5: 0.4877 (102/500 in region)
  sW2@1.0: 0.6280 (30/500 in region)
  MMD@1.0: 0.1727
  Survival@1.0: 28.2%
  Stopped@1.0:  6.0%

    Drift: dec-side
  Stage 2 epoch 100/300: loss=0.002570
  Stage 2 epoch 200/300: loss=0.000663
  Stage 2 epoch 300/300: loss=0.000266
  Stage 3 epoch 100/300: loss=0.000561
  Stage 3 epoch 200/300: loss=0.000551
  Stage 3 epoch 300/300: loss=0.000475
  rcMTE@0.1: 0.5818 (287/500 in region)
  rcMTE@0.5: 1.0357 (102/500 in region)
  rcMTE@1.0: 1.1154 (30/500 in region)
  MTE@0.1: 0.9922
  MTE@0.5: 1.6928
  MTE@1.0: 2.0086
  W2@1.0:  1.4330
  sW2@0.1: 0.4614 (287/500 in region)
  sW2@0.2: 0.7383 (207/500 in region)
  sW2@0.5: 0.9557 (102/500 in region)
  sW2@1.0: 1.2858 (30/500 in region)
  MMD@1.0: 0.3452
  Survival@1.0: 28.2%
  Stopped@1.0:  6.0%

  --- AE: T+F ---
    E_mu=0.6116  E_Sigma=0.8715

    Drift: enc-pull
  Stage 2 epoch 100/300: loss=0.010607
  Stage 2 epoch 200/300: loss=0.007206
  Stage 2 epoch 300/300: loss=0.005346
  Stage 3 epoch 100/300: loss=0.000041
  Stage 3 epoch 200/300: loss=0.000035
  Stage 3 epoch 300/300: loss=0.000031
  rcMTE@0.1: 0.5528 (287/500 in region)
  rcMTE@0.5: 0.7894 (102/500 in region)
  rcMTE@1.0: 0.8409 (30/500 in region)
  MTE@0.1: 0.9513
  MTE@0.5: 1.4250
  MTE@1.0: 1.4536
  W2@1.0:  0.5780
  sW2@0.1: 0.4487 (287/500 in region)
  sW2@0.2: 0.6086 (207/500 in region)
  sW2@0.5: 0.5696 (102/500 in region)
  sW2@1.0: 0.9420 (30/500 in region)
  MMD@1.0: 0.2390
  Survival@1.0: 28.2%
  Stopped@1.0:  6.0%

    Drift: dec-side
  Stage 2 epoch 100/300: loss=0.000478
  Stage 2 epoch 200/300: loss=0.000356
  Stage 2 epoch 300/300: loss=0.000249
  Stage 3 epoch 100/300: loss=0.000041
  Stage 3 epoch 200/300: loss=0.000035
  Stage 3 epoch 300/300: loss=0.000031
  rcMTE@0.1: 0.5820 (287/500 in region)
  rcMTE@0.5: 0.8945 (102/500 in region)
  rcMTE@1.0: 0.8704 (30/500 in region)
  MTE@0.1: 0.9899
  MTE@0.5: 1.5760
  MTE@1.0: 1.6528
  W2@1.0:  0.9103
  sW2@0.1: 0.5619 (287/500 in region)
  sW2@0.2: 0.8870 (207/500 in region)
  sW2@0.5: 0.7821 (102/500 in region)
  sW2@1.0: 0.9790 (30/500 in region)
  MMD@1.0: 0.3100
  Survival@1.0: 28.2%
  Stopped@1.0:  6.0%

============================================================
  hyperbolic_paraboloid | D=201 | seed=5042
============================================================

  --- AE: baseline ---
    E_mu=3.9382  E_Sigma=27.9704

    Drift: enc-pull
  Stage 2 epoch 100/300: loss=0.005278
  Stage 2 epoch 200/300: loss=0.003212
  Stage 2 epoch 300/300: loss=0.002357
  Stage 3 epoch 100/300: loss=0.001504
  Stage 3 epoch 200/300: loss=0.001464
  Stage 3 epoch 300/300: loss=0.001453
  rcMTE@0.1: 0.4518 (285/500 in region)
  rcMTE@0.5: 0.6511 (93/500 in region)
  rcMTE@1.0: 0.7035 (33/500 in region)
  MTE@0.1: 0.9321
  MTE@0.5: 1.2386
  MTE@1.0: 1.1173
  W2@1.0:  0.9506
  sW2@0.1: 0.4188 (285/500 in region)
  sW2@0.2: 0.5319 (216/500 in region)
  sW2@0.5: 0.7068 (93/500 in region)
  sW2@1.0: 0.9825 (33/500 in region)
  MMD@1.0: 0.3537
  Survival@1.0: 25.8%
  Stopped@1.0:  6.6%

    Drift: dec-side
  Stage 2 epoch 100/300: loss=0.003007
  Stage 2 epoch 200/300: loss=0.000562
  Stage 2 epoch 300/300: loss=0.000165
  Stage 3 epoch 100/300: loss=0.001504
  Stage 3 epoch 200/300: loss=0.001464
  Stage 3 epoch 300/300: loss=0.001453
  rcMTE@0.1: 0.4863 (285/500 in region)
  rcMTE@0.5: 0.9401 (93/500 in region)
  rcMTE@1.0: 1.2091 (33/500 in region)
  MTE@0.1: 0.9466
  MTE@0.5: 1.5522
  MTE@1.0: 1.8200
  W2@1.0:  1.7070
  sW2@0.1: 0.4622 (285/500 in region)
  sW2@0.2: 0.6414 (216/500 in region)
  sW2@0.5: 1.0199 (93/500 in region)
  sW2@1.0: 1.6665 (33/500 in region)
  MMD@1.0: 0.2856
  Survival@1.0: 25.8%
  Stopped@1.0:  6.6%

  --- AE: T+F ---
    E_mu=0.8713  E_Sigma=2.4047

    Drift: enc-pull
  Stage 2 epoch 100/300: loss=0.005068
  Stage 2 epoch 200/300: loss=0.004445
  Stage 2 epoch 300/300: loss=0.003928
  Stage 3 epoch 100/300: loss=0.000096
  Stage 3 epoch 200/300: loss=0.000089
  Stage 3 epoch 300/300: loss=0.000084
  rcMTE@0.1: 0.5990 (285/500 in region)
  rcMTE@0.5: 0.8387 (93/500 in region)
  rcMTE@1.0: 0.7166 (33/500 in region)
  MTE@0.1: 1.0813
  MTE@0.5: 1.5778
  MTE@1.0: 1.4268
  W2@1.0:  0.5659
  sW2@0.1: 0.4665 (285/500 in region)
  sW2@0.2: 0.5748 (216/500 in region)
  sW2@0.5: 0.5132 (93/500 in region)
  sW2@1.0: 0.6252 (33/500 in region)
  MMD@1.0: 0.1720
  Survival@1.0: 25.8%
  Stopped@1.0:  6.6%

    Drift: dec-side
  Stage 2 epoch 100/300: loss=0.000525
  Stage 2 epoch 200/300: loss=0.000390
  Stage 2 epoch 300/300: loss=0.000304
  Stage 3 epoch 100/300: loss=0.000096
  Stage 3 epoch 200/300: loss=0.000089
  Stage 3 epoch 300/300: loss=0.000084
  rcMTE@0.1: 0.6275 (285/500 in region)
  rcMTE@0.5: 0.9824 (93/500 in region)
  rcMTE@1.0: 0.9643 (33/500 in region)
  MTE@0.1: 1.1269
  MTE@0.5: 1.8837
  MTE@1.0: 1.8702
  W2@1.0:  1.2043
  sW2@0.1: 0.5563 (285/500 in region)
  sW2@0.2: 0.7765 (216/500 in region)
  sW2@0.5: 0.8647 (93/500 in region)
  sW2@1.0: 1.3646 (33/500 in region)
  MMD@1.0: 0.2941
  Survival@1.0: 25.8%
  Stopped@1.0:  6.6%

============================================================
  hyperbolic_paraboloid | D=201 | seed=6042
============================================================

  --- AE: baseline ---
    E_mu=3.2098  E_Sigma=22.4202

    Drift: enc-pull
  Stage 2 epoch 100/300: loss=0.010781
  Stage 2 epoch 200/300: loss=0.004623
  Stage 2 epoch 300/300: loss=0.002149
  Stage 3 epoch 100/300: loss=0.001927
  Stage 3 epoch 200/300: loss=0.001897
  Stage 3 epoch 300/300: loss=0.001872
  rcMTE@0.1: 0.5091 (290/500 in region)
  rcMTE@0.5: 0.7160 (89/500 in region)
  rcMTE@1.0: 0.6531 (30/500 in region)
  MTE@0.1: 0.9568
  MTE@0.5: 1.3891
  MTE@1.0: 1.3275
  W2@1.0:  0.8251
  sW2@0.1: 0.4376 (290/500 in region)
  sW2@0.2: 0.4590 (208/500 in region)
  sW2@0.5: 0.5037 (89/500 in region)
  sW2@1.0: 0.6380 (30/500 in region)
  MMD@1.0: 0.2419
  Survival@1.0: 27.2%
  Stopped@1.0:  6.0%

    Drift: dec-side
  Stage 2 epoch 100/300: loss=0.000985
  Stage 2 epoch 200/300: loss=0.000674
  Stage 2 epoch 300/300: loss=0.000404
  Stage 3 epoch 100/300: loss=0.001927
  Stage 3 epoch 200/300: loss=0.001897
  Stage 3 epoch 300/300: loss=0.001872
  rcMTE@0.1: 0.5301 (290/500 in region)
  rcMTE@0.5: 0.8986 (89/500 in region)
  rcMTE@1.0: 1.0100 (30/500 in region)
  MTE@0.1: 0.9667
  MTE@0.5: 1.6602
  MTE@1.0: 1.8554
  W2@1.0:  1.1095
  sW2@0.1: 0.4656 (290/500 in region)
  sW2@0.2: 0.5639 (208/500 in region)
  sW2@0.5: 0.7429 (89/500 in region)
  sW2@1.0: 1.0331 (30/500 in region)
  MMD@1.0: 0.2650
  Survival@1.0: 27.2%
  Stopped@1.0:  6.0%

  --- AE: T+F ---
    E_mu=1.0139  E_Sigma=1.7937

    Drift: enc-pull
  Stage 2 epoch 100/300: loss=0.003026
  Stage 2 epoch 200/300: loss=0.002791
  Stage 2 epoch 300/300: loss=0.002600
  Stage 3 epoch 100/300: loss=0.000074
  Stage 3 epoch 200/300: loss=0.000064
  Stage 3 epoch 300/300: loss=0.000062
  rcMTE@0.1: 0.5573 (290/500 in region)
  rcMTE@0.5: 0.8513 (89/500 in region)
  rcMTE@1.0: 0.8315 (30/500 in region)
  MTE@0.1: 1.0680
  MTE@0.5: 1.6555
  MTE@1.0: 1.5997
  W2@1.0:  1.0808
  sW2@0.1: 0.5847 (290/500 in region)
  sW2@0.2: 0.6895 (208/500 in region)
  sW2@0.5: 0.9747 (89/500 in region)
  sW2@1.0: 0.8969 (30/500 in region)
  MMD@1.0: 0.2308
  Survival@1.0: 27.2%
  Stopped@1.0:  6.0%

    Drift: dec-side
  Stage 2 epoch 100/300: loss=0.000626
  Stage 2 epoch 200/300: loss=0.000431
  Stage 2 epoch 300/300: loss=0.000275
  Stage 3 epoch 100/300: loss=0.000074
  Stage 3 epoch 200/300: loss=0.000064
  Stage 3 epoch 300/300: loss=0.000062
  rcMTE@0.1: 0.5802 (290/500 in region)
  rcMTE@0.5: 0.9887 (89/500 in region)
  rcMTE@1.0: 1.2091 (30/500 in region)
  MTE@0.1: 1.1019
  MTE@0.5: 1.9073
  MTE@1.0: 2.1328
  W2@1.0:  1.7514
  sW2@0.1: 0.6606 (290/500 in region)
  sW2@0.2: 0.8671 (208/500 in region)
  sW2@0.5: 1.3332 (89/500 in region)
  sW2@1.0: 2.0671 (30/500 in region)
  MMD@1.0: 0.2971
  Survival@1.0: 27.2%
  Stopped@1.0:  6.0%

============================================================
  hyperbolic_paraboloid | D=201 | seed=7042
============================================================

  --- AE: baseline ---
    E_mu=3.4886  E_Sigma=7.7597

    Drift: enc-pull
  Stage 2 epoch 100/300: loss=0.012332
  Stage 2 epoch 200/300: loss=0.008376
  Stage 2 epoch 300/300: loss=0.005057
  Stage 3 epoch 100/300: loss=0.001269
  Stage 3 epoch 200/300: loss=0.001218
  Stage 3 epoch 300/300: loss=0.001173
  rcMTE@0.1: 0.4877 (316/500 in region)
  rcMTE@0.5: 0.7867 (109/500 in region)
  rcMTE@1.0: 0.8137 (29/500 in region)
  MTE@0.1: 0.8670
  MTE@0.5: 1.3759
  MTE@1.0: 1.5039
  W2@1.0:  0.8721
  sW2@0.1: 0.4214 (316/500 in region)
  sW2@0.2: 0.5250 (232/500 in region)
  sW2@0.5: 0.6762 (109/500 in region)
  sW2@1.0: 0.7362 (29/500 in region)
  MMD@1.0: 0.1760
  Survival@1.0: 28.8%
  Stopped@1.0:  5.8%

    Drift: dec-side
  Stage 2 epoch 100/300: loss=0.014046
  Stage 2 epoch 200/300: loss=0.005293
  Stage 2 epoch 300/300: loss=0.002193
  Stage 3 epoch 100/300: loss=0.001269
  Stage 3 epoch 200/300: loss=0.001218
  Stage 3 epoch 300/300: loss=0.001173
  rcMTE@0.1: 0.5608 (316/500 in region)
  rcMTE@0.5: 1.2517 (109/500 in region)
  rcMTE@1.0: 1.6502 (29/500 in region)
  MTE@0.1: 0.9509
  MTE@0.5: 1.9391
  MTE@1.0: 2.9348
  W2@1.0:  2.5309
  sW2@0.1: 0.5662 (316/500 in region)
  sW2@0.2: 0.8121 (232/500 in region)
  sW2@0.5: 1.5839 (109/500 in region)
  sW2@1.0: 2.6572 (29/500 in region)
  MMD@1.0: 0.3606
  Survival@1.0: 28.8%
  Stopped@1.0:  5.8%

  --- AE: T+F ---
    E_mu=0.7348  E_Sigma=1.2153

    Drift: enc-pull
  Stage 2 epoch 100/300: loss=0.221284
  Stage 2 epoch 200/300: loss=0.183431
  Stage 2 epoch 300/300: loss=0.104479
  Stage 3 epoch 100/300: loss=0.000388
  Stage 3 epoch 200/300: loss=0.000201
  Stage 3 epoch 300/300: loss=0.000174
  rcMTE@0.1: 0.4167 (316/500 in region)
  rcMTE@0.5: 0.8228 (109/500 in region)
  rcMTE@1.0: 1.2559 (29/500 in region)
  MTE@0.1: 0.8633
  MTE@0.5: 1.4426
  MTE@1.0: 1.8404
  W2@1.0:  2.0230
  sW2@0.1: 0.4043 (316/500 in region)
  sW2@0.2: 0.5685 (232/500 in region)
  sW2@0.5: 1.1963 (109/500 in region)
  sW2@1.0: 2.2267 (29/500 in region)
  MMD@1.0: 0.2172
  Survival@1.0: 28.8%
  Stopped@1.0:  5.8%

    Drift: dec-side
  Stage 2 epoch 100/300: loss=0.001482
  Stage 2 epoch 200/300: loss=0.001208
  Stage 2 epoch 300/300: loss=0.000946
  Stage 3 epoch 100/300: loss=0.000388
  Stage 3 epoch 200/300: loss=0.000201
  Stage 3 epoch 300/300: loss=0.000174
  rcMTE@0.1: 0.4305 (316/500 in region)
  rcMTE@0.5: 0.8316 (109/500 in region)
  rcMTE@1.0: 0.9676 (29/500 in region)
  MTE@0.1: 0.8852
  MTE@0.5: 1.5162
  MTE@1.0: 1.7211
  W2@1.0:  1.2408
  sW2@0.1: 0.4684 (316/500 in region)
  sW2@0.2: 0.6172 (232/500 in region)
  sW2@0.5: 1.1204 (109/500 in region)
  sW2@1.0: 1.2561 (29/500 in region)
  MMD@1.0: 0.1991
  Survival@1.0: 28.8%
  Stopped@1.0:  5.8%

============================================================
  hyperbolic_paraboloid | D=201 | seed=8042
============================================================

  --- AE: baseline ---
    E_mu=3.3017  E_Sigma=20.2016

    Drift: enc-pull
  Stage 2 epoch 100/300: loss=0.011979
  Stage 2 epoch 200/300: loss=0.006446
  Stage 2 epoch 300/300: loss=0.002407
  Stage 3 epoch 100/300: loss=0.000851
  Stage 3 epoch 200/300: loss=0.000812
  Stage 3 epoch 300/300: loss=0.000791
  rcMTE@0.1: 0.5044 (269/500 in region)
  rcMTE@0.5: 0.7114 (84/500 in region)
  rcMTE@1.0: 0.6878 (29/500 in region)
  MTE@0.1: 0.9656
  MTE@0.5: 1.2240
  MTE@1.0: 1.2077
  W2@1.0:  0.8927
  sW2@0.1: 0.4599 (269/500 in region)
  sW2@0.2: 0.5465 (192/500 in region)
  sW2@0.5: 0.5474 (84/500 in region)
  sW2@1.0: 0.7162 (29/500 in region)
  MMD@1.0: 0.2509
  Survival@1.0: 27.0%
  Stopped@1.0:  5.8%

    Drift: dec-side
  Stage 2 epoch 100/300: loss=0.000896
  Stage 2 epoch 200/300: loss=0.000410
  Stage 2 epoch 300/300: loss=0.000143
  Stage 3 epoch 100/300: loss=0.000851
  Stage 3 epoch 200/300: loss=0.000812
  Stage 3 epoch 300/300: loss=0.000791
  rcMTE@0.1: 0.5340 (269/500 in region)
  rcMTE@0.5: 0.9280 (84/500 in region)
  rcMTE@1.0: 0.9863 (29/500 in region)
  MTE@0.1: 0.9791
  MTE@0.5: 1.4111
  MTE@1.0: 1.5219
  W2@1.0:  1.1184
  sW2@0.1: 0.5174 (269/500 in region)
  sW2@0.2: 0.6792 (192/500 in region)
  sW2@0.5: 0.8291 (84/500 in region)
  sW2@1.0: 1.2617 (29/500 in region)
  MMD@1.0: 0.1996
  Survival@1.0: 27.0%
  Stopped@1.0:  5.8%

  --- AE: T+F ---
    E_mu=0.9249  E_Sigma=2.0049

    Drift: enc-pull
  Stage 2 epoch 100/300: loss=0.010688
  Stage 2 epoch 200/300: loss=0.008113
  Stage 2 epoch 300/300: loss=0.005413
  Stage 3 epoch 100/300: loss=0.000232
  Stage 3 epoch 200/300: loss=0.000175
  Stage 3 epoch 300/300: loss=0.000155
  rcMTE@0.1: 0.4426 (269/500 in region)
  rcMTE@0.5: 0.6774 (84/500 in region)
  rcMTE@1.0: 0.6539 (29/500 in region)
  MTE@0.1: 0.8471
  MTE@0.5: 1.1707
  MTE@1.0: 1.1736
  W2@1.0:  0.9519
  sW2@0.1: 0.4090 (269/500 in region)
  sW2@0.2: 0.4728 (192/500 in region)
  sW2@0.5: 0.5919 (84/500 in region)
  sW2@1.0: 0.9433 (29/500 in region)
  MMD@1.0: 0.2337
  Survival@1.0: 27.0%
  Stopped@1.0:  5.8%

    Drift: dec-side
  Stage 2 epoch 100/300: loss=0.000471
  Stage 2 epoch 200/300: loss=0.000289
  Stage 2 epoch 300/300: loss=0.000114
  Stage 3 epoch 100/300: loss=0.000232
  Stage 3 epoch 200/300: loss=0.000175
  Stage 3 epoch 300/300: loss=0.000155
  rcMTE@0.1: 0.4697 (269/500 in region)
  rcMTE@0.5: 0.8245 (84/500 in region)
  rcMTE@1.0: 0.8692 (29/500 in region)
  MTE@0.1: 0.8745
  MTE@0.5: 1.3988
  MTE@1.0: 1.5670
  W2@1.0:  1.1857
  sW2@0.1: 0.4932 (269/500 in region)
  sW2@0.2: 0.5986 (192/500 in region)
  sW2@0.5: 0.8820 (84/500 in region)
  sW2@1.0: 1.2724 (29/500 in region)
  MMD@1.0: 0.2526
  Survival@1.0: 27.0%
  Stopped@1.0:  5.8%

============================================================
  hyperbolic_paraboloid | D=201 | seed=9042
============================================================

  --- AE: baseline ---
    E_mu=3.2990  E_Sigma=39.1155

    Drift: enc-pull
  Stage 2 epoch 100/300: loss=0.002514
  Stage 2 epoch 200/300: loss=0.000908
  Stage 2 epoch 300/300: loss=0.000514
  Stage 3 epoch 100/300: loss=0.001363
  Stage 3 epoch 200/300: loss=0.001338
  Stage 3 epoch 300/300: loss=0.001333
  rcMTE@0.1: 0.4534 (280/500 in region)
  rcMTE@0.5: 0.7460 (85/500 in region)
  rcMTE@1.0: 0.8345 (22/500 in region)
  MTE@0.1: 0.9080
  MTE@0.5: 1.1983
  MTE@1.0: 1.3172
  W2@1.0:  0.9239
  sW2@0.1: 0.5325 (280/500 in region)
  sW2@0.2: 0.5751 (205/500 in region)
  sW2@0.5: 0.5950 (85/500 in region)
  sW2@1.0: 0.8837 (22/500 in region)
  MMD@1.0: 0.2128
  Survival@1.0: 28.2%
  Stopped@1.0:  4.4%

    Drift: dec-side
  Stage 2 epoch 100/300: loss=0.000445
  Stage 2 epoch 200/300: loss=0.000156
  Stage 2 epoch 300/300: loss=0.000096
  Stage 3 epoch 100/300: loss=0.001363
  Stage 3 epoch 200/300: loss=0.001338
  Stage 3 epoch 300/300: loss=0.001333
  rcMTE@0.1: 0.4569 (280/500 in region)
  rcMTE@0.5: 0.8370 (85/500 in region)
  rcMTE@1.0: 0.8925 (22/500 in region)
  MTE@0.1: 0.9020
  MTE@0.5: 1.2698
  MTE@1.0: 1.4982
  W2@1.0:  1.0316
  sW2@0.1: 0.5371 (280/500 in region)
  sW2@0.2: 0.6122 (205/500 in region)
  sW2@0.5: 0.7532 (85/500 in region)
  sW2@1.0: 0.9441 (22/500 in region)
  MMD@1.0: 0.1854
  Survival@1.0: 28.2%
  Stopped@1.0:  4.4%

  --- AE: T+F ---
    E_mu=0.8601  E_Sigma=1.6292

    Drift: enc-pull
  Stage 2 epoch 100/300: loss=0.015519
  Stage 2 epoch 200/300: loss=0.005967
  Stage 2 epoch 300/300: loss=0.001806
  Stage 3 epoch 100/300: loss=0.000178
  Stage 3 epoch 200/300: loss=0.000089
  Stage 3 epoch 300/300: loss=0.000080
  rcMTE@0.1: 0.7987 (280/500 in region)
  rcMTE@0.5: 1.0406 (85/500 in region)
  rcMTE@1.0: 1.1098 (22/500 in region)
  MTE@0.1: 1.3590
  MTE@0.5: 1.6466
  MTE@1.0: 1.7711
  W2@1.0:  0.6542
  sW2@0.1: 0.5712 (280/500 in region)
  sW2@0.2: 0.7429 (205/500 in region)
  sW2@0.5: 0.7378 (85/500 in region)
  sW2@1.0: 0.7618 (22/500 in region)
  MMD@1.0: 0.1584
  Survival@1.0: 28.2%
  Stopped@1.0:  4.4%

    Drift: dec-side
  Stage 2 epoch 100/300: loss=0.000690
  Stage 2 epoch 200/300: loss=0.000277
  Stage 2 epoch 300/300: loss=0.000056
  Stage 3 epoch 100/300: loss=0.000178
  Stage 3 epoch 200/300: loss=0.000089
  Stage 3 epoch 300/300: loss=0.000080
  rcMTE@0.1: 0.8417 (280/500 in region)
  rcMTE@0.5: 1.3593 (85/500 in region)
  rcMTE@1.0: 1.4159 (22/500 in region)
  MTE@0.1: 1.4148
  MTE@0.5: 2.0995
  MTE@1.0: 2.4081
  W2@1.0:  1.4727
  sW2@0.1: 0.7165 (280/500 in region)
  sW2@0.2: 1.0084 (205/500 in region)
  sW2@0.5: 1.3839 (85/500 in region)
  sW2@1.0: 1.3554 (22/500 in region)
  MMD@1.0: 0.2440
  Survival@1.0: 28.2%
  Stopped@1.0:  4.4%


Total time: 6.0 min
Saved 80 rows to rcmte_nd_sweep.csv.tmp


================================================================================
rcMTE COMPARISON SUMMARY
================================================================================

  paraboloid:
          ae       drift     rcMTE@1.0       MTE@1.0        W2@1.0          E_mu
    baseline    enc-pull  0.6782±0.194  1.2518±0.286  0.8919±0.164  6.2948±1.757
    baseline    dec-side  1.2566±0.468  2.1841±0.773  1.9176±1.105  6.2948±1.757
         T+F    enc-pull  0.9006±0.557  1.6666±1.010  1.1836±1.212  1.1990±0.378
         T+F    dec-side  1.1554±0.382  2.1170±0.514  1.8577±0.316  1.1990±0.378

    Paired comparisons (negative = first is better):
      T+F vs baseline (enc-pull)    rcMTE@1.0: Δ=+32.8%  p=0.205
      T+F vs baseline (enc-pull)      MTE@1.0: Δ=+33.1%  p=0.213
      T+F vs baseline (enc-pull)       W2@1.0: Δ=+32.7%  p=0.425
      enc-pull vs dec-side (T+F)    rcMTE@1.0: Δ=-22.0%  p=0.153
      enc-pull vs dec-side (T+F)      MTE@1.0: Δ=-21.3%  p=0.166
      enc-pull vs dec-side (T+F)       W2@1.0: Δ=-36.3%  p=0.112

  hyperbolic_paraboloid:
          ae       drift     rcMTE@1.0       MTE@1.0        W2@1.0          E_mu
    baseline    enc-pull  0.6912±0.183  1.2413±0.207  0.8509±0.153  3.5702±0.434
    baseline    dec-side  1.1003±0.221  1.8437±0.417  1.4147±0.445  3.5702±0.434
         T+F    enc-pull  0.9206±0.264  1.5943±0.356  0.9744±0.473  0.9010±0.317
         T+F    dec-side  1.1330±0.281  1.9788±0.451  1.4009±0.389  0.9010±0.317

    Paired comparisons (negative = first is better):
      T+F vs baseline (enc-pull)    rcMTE@1.0: Δ=+33.2%  p=0.028*
      T+F vs baseline (enc-pull)      MTE@1.0: Δ=+28.4%  p=0.017*
      T+F vs baseline (enc-pull)       W2@1.0: Δ=+14.5%  p=0.467
      enc-pull vs dec-side (T+F)    rcMTE@1.0: Δ=-18.7%  p=0.017*
      enc-pull vs dec-side (T+F)      MTE@1.0: Δ=-19.4%  p=0.001**
      enc-pull vs dec-side (T+F)       W2@1.0: Δ=-30.4%  p=0.023*

=== D=201, N=50 ===
Device: cuda
D=201, N=50
Seeds (10): [42, 1042, 2042, 3042, 4042, 5042, 6042, 7042, 8042, 9042]
Surfaces: ['paraboloid', 'hyperbolic_paraboloid']


============================================================
  paraboloid | D=201 | seed=42
============================================================

  --- AE: baseline ---
    E_mu=2.1112  E_Sigma=4.1586

    Drift: enc-pull
  Stage 2 epoch 100/300: loss=0.036401
  Stage 2 epoch 200/300: loss=0.029689
  Stage 2 epoch 300/300: loss=0.022044
  Stage 3 epoch 100/300: loss=0.000373
  Stage 3 epoch 200/300: loss=0.000367
  Stage 3 epoch 300/300: loss=0.000315
  rcMTE@0.1: 0.4566 (292/500 in region)
  rcMTE@0.5: 0.6898 (97/500 in region)
  rcMTE@1.0: 0.5560 (21/500 in region)
  MTE@0.1: 0.8406
  MTE@0.5: 1.2306
  MTE@1.0: 1.2223
  W2@1.0:  0.8401
  sW2@0.1: 0.3441 (292/500 in region)
  sW2@0.2: 0.3693 (214/500 in region)
  sW2@0.5: 0.5678 (97/500 in region)
  sW2@1.0: 0.6366 (21/500 in region)
  MMD@1.0: 0.1649
  Survival@1.0: 28.0%
  Stopped@1.0:  4.2%

    Drift: dec-side
  Stage 2 epoch 100/300: loss=0.004539
  Stage 2 epoch 200/300: loss=0.002087
  Stage 2 epoch 300/300: loss=0.000947
  Stage 3 epoch 100/300: loss=0.000373
  Stage 3 epoch 200/300: loss=0.000367
  Stage 3 epoch 300/300: loss=0.000315
  rcMTE@0.1: 0.5111 (292/500 in region)
  rcMTE@0.5: 1.0322 (97/500 in region)
  rcMTE@1.0: 1.3558 (21/500 in region)
  MTE@0.1: 0.8673
  MTE@0.5: 1.6444
  MTE@1.0: 2.2827
  W2@1.0:  1.6474
  sW2@0.1: 0.5167 (292/500 in region)
  sW2@0.2: 0.7612 (214/500 in region)
  sW2@0.5: 1.0761 (97/500 in region)
  sW2@1.0: 1.8814 (21/500 in region)
  MMD@1.0: 0.3455
  Survival@1.0: 28.0%
  Stopped@1.0:  4.2%

  --- AE: T+F ---
    E_mu=0.4849  E_Sigma=1.0663

    Drift: enc-pull
  Stage 2 epoch 100/300: loss=0.002812
  Stage 2 epoch 200/300: loss=0.002777
  Stage 2 epoch 300/300: loss=0.002070
  Stage 3 epoch 100/300: loss=0.000157
  Stage 3 epoch 200/300: loss=0.000082
  Stage 3 epoch 300/300: loss=0.000053
  rcMTE@0.1: 0.7773 (292/500 in region)
  rcMTE@0.5: 1.2436 (97/500 in region)
  rcMTE@1.0: 1.2601 (21/500 in region)
  MTE@0.1: 1.4376
  MTE@0.5: 2.0478
  MTE@1.0: 2.1924
  W2@1.0:  0.9938
  sW2@0.1: 0.8431 (292/500 in region)
  sW2@0.2: 1.1429 (214/500 in region)
  sW2@0.5: 1.2300 (97/500 in region)
  sW2@1.0: 1.5570 (21/500 in region)
  MMD@1.0: 0.2822
  Survival@1.0: 28.0%
  Stopped@1.0:  4.2%

    Drift: dec-side
  Stage 2 epoch 100/300: loss=0.000810
  Stage 2 epoch 200/300: loss=0.000447
  Stage 2 epoch 300/300: loss=0.000207
  Stage 3 epoch 100/300: loss=0.000157
  Stage 3 epoch 200/300: loss=0.000082
  Stage 3 epoch 300/300: loss=0.000053
  rcMTE@0.1: 0.8136 (292/500 in region)
  rcMTE@0.5: 1.5080 (97/500 in region)
  rcMTE@1.0: 1.8612 (21/500 in region)
  MTE@0.1: 1.4922
  MTE@0.5: 2.5140
  MTE@1.0: 3.1691
  W2@1.0:  2.5222
  sW2@0.1: 0.9820 (292/500 in region)
  sW2@0.2: 1.4796 (214/500 in region)
  sW2@0.5: 2.1389 (97/500 in region)
  sW2@1.0: 3.6332 (21/500 in region)
  MMD@1.0: 0.4135
  Survival@1.0: 28.0%
  Stopped@1.0:  4.2%

============================================================
  paraboloid | D=201 | seed=1042
============================================================

  --- AE: baseline ---
    E_mu=2.7805  E_Sigma=6.7118

    Drift: enc-pull
  Stage 2 epoch 100/300: loss=0.023682
  Stage 2 epoch 200/300: loss=0.016626
  Stage 2 epoch 300/300: loss=0.015413
  Stage 3 epoch 100/300: loss=0.000319
  Stage 3 epoch 200/300: loss=0.000286
  Stage 3 epoch 300/300: loss=0.000293
  rcMTE@0.1: 0.7687 (285/500 in region)
  rcMTE@0.5: 1.0313 (98/500 in region)
  rcMTE@1.0: 1.1684 (31/500 in region)
  MTE@0.1: 1.2419
  MTE@0.5: 1.8388
  MTE@1.0: 1.9537
  W2@1.0:  1.0219
  sW2@0.1: 0.5229 (285/500 in region)
  sW2@0.2: 0.7063 (204/500 in region)
  sW2@0.5: 0.6904 (98/500 in region)
  sW2@1.0: 0.8022 (31/500 in region)
  MMD@1.0: 0.2512
  Survival@1.0: 29.8%
  Stopped@1.0:  6.2%

    Drift: dec-side
  Stage 2 epoch 100/300: loss=0.001823
  Stage 2 epoch 200/300: loss=0.001069
  Stage 2 epoch 300/300: loss=0.000633
  Stage 3 epoch 100/300: loss=0.000319
  Stage 3 epoch 200/300: loss=0.000286
  Stage 3 epoch 300/300: loss=0.000293
  rcMTE@0.1: 0.8094 (285/500 in region)
  rcMTE@0.5: 1.4288 (98/500 in region)
  rcMTE@1.0: 1.8241 (31/500 in region)
  MTE@0.1: 1.2965
  MTE@0.5: 2.3674
  MTE@1.0: 3.0412
  W2@1.0:  2.2305
  sW2@0.1: 0.6729 (285/500 in region)
  sW2@0.2: 1.0517 (204/500 in region)
  sW2@0.5: 1.5852 (98/500 in region)
  sW2@1.0: 2.0912 (31/500 in region)
  MMD@1.0: 0.3414
  Survival@1.0: 29.8%
  Stopped@1.0:  6.2%

  --- AE: T+F ---
    E_mu=0.5069  E_Sigma=1.1588

    Drift: enc-pull
  Stage 2 epoch 100/300: loss=0.015042
  Stage 2 epoch 200/300: loss=0.014793
  Stage 2 epoch 300/300: loss=0.013959
  Stage 3 epoch 100/300: loss=0.000066
  Stage 3 epoch 200/300: loss=0.000058
  Stage 3 epoch 300/300: loss=0.000049
  rcMTE@0.1: 0.5315 (285/500 in region)
  rcMTE@0.5: 0.7299 (98/500 in region)
  rcMTE@1.0: 1.0307 (31/500 in region)
  MTE@0.1: 0.9164
  MTE@0.5: 1.4470
  MTE@1.0: 1.7322
  W2@1.0:  0.7623
  sW2@0.1: 0.5704 (285/500 in region)
  sW2@0.2: 0.6340 (204/500 in region)
  sW2@0.5: 0.6330 (98/500 in region)
  sW2@1.0: 1.2277 (31/500 in region)
  MMD@1.0: 0.2425
  Survival@1.0: 29.8%
  Stopped@1.0:  6.2%

    Drift: dec-side
  Stage 2 epoch 100/300: loss=0.000502
  Stage 2 epoch 200/300: loss=0.000253
  Stage 2 epoch 300/300: loss=0.000135
  Stage 3 epoch 100/300: loss=0.000066
  Stage 3 epoch 200/300: loss=0.000058
  Stage 3 epoch 300/300: loss=0.000049
  rcMTE@0.1: 0.5478 (285/500 in region)
  rcMTE@0.5: 0.8514 (98/500 in region)
  rcMTE@1.0: 1.3228 (31/500 in region)
  MTE@0.1: 0.9364
  MTE@0.5: 1.6537
  MTE@1.0: 2.2042
  W2@1.0:  1.4608
  sW2@0.1: 0.6372 (285/500 in region)
  sW2@0.2: 0.7776 (204/500 in region)
  sW2@0.5: 0.9918 (98/500 in region)
  sW2@1.0: 1.9394 (31/500 in region)
  MMD@1.0: 0.3729
  Survival@1.0: 29.8%
  Stopped@1.0:  6.2%

============================================================
  paraboloid | D=201 | seed=2042
============================================================

  --- AE: baseline ---
    E_mu=2.0396  E_Sigma=3.5350

    Drift: enc-pull
  Stage 2 epoch 100/300: loss=0.035085
  Stage 2 epoch 200/300: loss=0.029313
  Stage 2 epoch 300/300: loss=0.027994
  Stage 3 epoch 100/300: loss=0.000592
  Stage 3 epoch 200/300: loss=0.000507
  Stage 3 epoch 300/300: loss=0.000486
  rcMTE@0.1: 0.2962 (293/500 in region)
  rcMTE@0.5: 0.4400 (88/500 in region)
  rcMTE@1.0: 0.4091 (24/500 in region)
  MTE@0.1: 0.6282
  MTE@0.5: 0.8956
  MTE@1.0: 0.9506
  W2@1.0:  0.9102
  sW2@0.1: 0.3068 (293/500 in region)
  sW2@0.2: 0.3707 (212/500 in region)
  sW2@0.5: 0.5145 (88/500 in region)
  sW2@1.0: 0.5874 (24/500 in region)
  MMD@1.0: 0.1790
  Survival@1.0: 26.6%
  Stopped@1.0:  4.8%

    Drift: dec-side
  Stage 2 epoch 100/300: loss=0.005094
  Stage 2 epoch 200/300: loss=0.003719
  Stage 2 epoch 300/300: loss=0.001629
  Stage 3 epoch 100/300: loss=0.000592
  Stage 3 epoch 200/300: loss=0.000507
  Stage 3 epoch 300/300: loss=0.000486
  rcMTE@0.1: 0.3197 (293/500 in region)
  rcMTE@0.5: 0.8294 (88/500 in region)
  rcMTE@1.0: 0.9292 (24/500 in region)
  MTE@0.1: 0.6485
  MTE@0.5: 1.3634
  MTE@1.0: 1.9240
  W2@1.0:  1.8122
  sW2@0.1: 0.3840 (293/500 in region)
  sW2@0.2: 0.5673 (212/500 in region)
  sW2@0.5: 1.1204 (88/500 in region)
  sW2@1.0: 1.6449 (24/500 in region)
  MMD@1.0: 0.3517
  Survival@1.0: 26.6%
  Stopped@1.0:  4.8%

  --- AE: T+F ---
    E_mu=0.4239  E_Sigma=0.6584

    Drift: enc-pull
  Stage 2 epoch 100/300: loss=0.003488
  Stage 2 epoch 200/300: loss=0.002741
  Stage 2 epoch 300/300: loss=0.002289
  Stage 3 epoch 100/300: loss=0.000174
  Stage 3 epoch 200/300: loss=0.000098
  Stage 3 epoch 300/300: loss=0.000080
  rcMTE@0.1: 0.2405 (293/500 in region)
  rcMTE@0.5: 0.4117 (88/500 in region)
  rcMTE@1.0: 0.5459 (24/500 in region)
  MTE@0.1: 0.4945
  MTE@0.5: 0.9184
  MTE@1.0: 1.0962
  W2@1.0:  0.9164
  sW2@0.1: 0.3277 (293/500 in region)
  sW2@0.2: 0.3741 (212/500 in region)
  sW2@0.5: 0.6824 (88/500 in region)
  sW2@1.0: 0.7281 (24/500 in region)
  MMD@1.0: 0.3207
  Survival@1.0: 26.6%
  Stopped@1.0:  4.8%

    Drift: dec-side
  Stage 2 epoch 100/300: loss=0.000771
  Stage 2 epoch 200/300: loss=0.000412
  Stage 2 epoch 300/300: loss=0.000250
  Stage 3 epoch 100/300: loss=0.000174
  Stage 3 epoch 200/300: loss=0.000098
  Stage 3 epoch 300/300: loss=0.000080
  rcMTE@0.1: 0.2408 (293/500 in region)
  rcMTE@0.5: 0.4376 (88/500 in region)
  rcMTE@1.0: 0.6778 (24/500 in region)
  MTE@0.1: 0.4966
  MTE@0.5: 1.0818
  MTE@1.0: 1.4886
  W2@1.0:  1.3387
  sW2@0.1: 0.3444 (293/500 in region)
  sW2@0.2: 0.4084 (212/500 in region)
  sW2@0.5: 0.7658 (88/500 in region)
  sW2@1.0: 1.1356 (24/500 in region)
  MMD@1.0: 0.4255
  Survival@1.0: 26.6%
  Stopped@1.0:  4.8%

============================================================
  paraboloid | D=201 | seed=3042
============================================================

  --- AE: baseline ---
    E_mu=1.3739  E_Sigma=2.0273

    Drift: enc-pull
  Stage 2 epoch 100/300: loss=0.130494
  Stage 2 epoch 200/300: loss=0.083178
  Stage 2 epoch 300/300: loss=0.056997
  Stage 3 epoch 100/300: loss=0.000432
  Stage 3 epoch 200/300: loss=0.000370
  Stage 3 epoch 300/300: loss=0.000318
  rcMTE@0.1: 0.2008 (275/500 in region)
  rcMTE@0.5: 0.3129 (78/500 in region)
  rcMTE@1.0: 0.3533 (25/500 in region)
  MTE@0.1: 0.4904
  MTE@0.5: 0.7568
  MTE@1.0: 0.7710
  W2@1.0:  0.5438
  sW2@0.1: 0.2426 (275/500 in region)
  sW2@0.2: 0.2700 (204/500 in region)
  sW2@0.5: 0.4213 (78/500 in region)
  sW2@1.0: 0.5176 (25/500 in region)
  MMD@1.0: 0.1380
  Survival@1.0: 27.2%
  Stopped@1.0:  5.0%

    Drift: dec-side
  Stage 2 epoch 100/300: loss=0.003674
  Stage 2 epoch 200/300: loss=0.002203
  Stage 2 epoch 300/300: loss=0.001107
  Stage 3 epoch 100/300: loss=0.000432
  Stage 3 epoch 200/300: loss=0.000370
  Stage 3 epoch 300/300: loss=0.000318
  rcMTE@0.1: 0.2231 (275/500 in region)
  rcMTE@0.5: 0.5108 (78/500 in region)
  rcMTE@1.0: 0.9628 (25/500 in region)
  MTE@0.1: 0.5182
  MTE@0.5: 1.1792
  MTE@1.0: 2.0639
  W2@1.0:  2.3473
  sW2@0.1: 0.3480 (275/500 in region)
  sW2@0.2: 0.4007 (204/500 in region)
  sW2@0.5: 1.0505 (78/500 in region)
  sW2@1.0: 2.4832 (25/500 in region)
  MMD@1.0: 0.3994
  Survival@1.0: 27.2%
  Stopped@1.0:  5.0%

  --- AE: T+F ---
    E_mu=0.2542  E_Sigma=0.4274

    Drift: enc-pull
  Stage 2 epoch 100/300: loss=0.007872
  Stage 2 epoch 200/300: loss=0.007016
  Stage 2 epoch 300/300: loss=0.006297
  Stage 3 epoch 100/300: loss=0.000182
  Stage 3 epoch 200/300: loss=0.000110
  Stage 3 epoch 300/300: loss=0.000079
  rcMTE@0.1: 0.1961 (275/500 in region)
  rcMTE@0.5: 0.3198 (78/500 in region)
  rcMTE@1.0: 0.4092 (25/500 in region)
  MTE@0.1: 0.7345
  MTE@0.5: 0.9405
  MTE@1.0: 0.9946
  W2@1.0:  0.7410
  sW2@0.1: 0.6176 (275/500 in region)
  sW2@0.2: 0.6382 (204/500 in region)
  sW2@0.5: 0.8011 (78/500 in region)
  sW2@1.0: 0.9798 (25/500 in region)
  MMD@1.0: 0.3683
  Survival@1.0: 27.2%
  Stopped@1.0:  5.0%

    Drift: dec-side
  Stage 2 epoch 100/300: loss=0.000908
  Stage 2 epoch 200/300: loss=0.000462
  Stage 2 epoch 300/300: loss=0.000229
  Stage 3 epoch 100/300: loss=0.000182
  Stage 3 epoch 200/300: loss=0.000110
  Stage 3 epoch 300/300: loss=0.000079
  rcMTE@0.1: 0.2162 (275/500 in region)
  rcMTE@0.5: 0.4559 (78/500 in region)
  rcMTE@1.0: 0.7593 (25/500 in region)
  MTE@0.1: 0.7582
  MTE@0.5: 1.1914
  MTE@1.0: 1.6797
  W2@1.0:  1.7681
  sW2@0.1: 0.6504 (275/500 in region)
  sW2@0.2: 0.6783 (204/500 in region)
  sW2@0.5: 1.1482 (78/500 in region)
  sW2@1.0: 1.9994 (25/500 in region)
  MMD@1.0: 0.4643
  Survival@1.0: 27.2%
  Stopped@1.0:  5.0%

============================================================
  paraboloid | D=201 | seed=4042
============================================================

  --- AE: baseline ---
    E_mu=4.1871  E_Sigma=11.8951

    Drift: enc-pull
  Stage 2 epoch 100/300: loss=0.074024
  Stage 2 epoch 200/300: loss=0.056717
  Stage 2 epoch 300/300: loss=0.044599
  Stage 3 epoch 100/300: loss=0.001153
  Stage 3 epoch 200/300: loss=0.000888
  Stage 3 epoch 300/300: loss=0.001156
  rcMTE@0.1: 0.5615 (287/500 in region)
  rcMTE@0.5: 0.8069 (102/500 in region)
  rcMTE@1.0: 0.8536 (30/500 in region)
  MTE@0.1: 0.9664
  MTE@0.5: 1.3149
  MTE@1.0: 1.3337
  W2@1.0:  0.6408
  sW2@0.1: 0.4191 (287/500 in region)
  sW2@0.2: 0.4745 (207/500 in region)
  sW2@0.5: 0.6375 (102/500 in region)
  sW2@1.0: 0.7722 (30/500 in region)
  MMD@1.0: 0.2010
  Survival@1.0: 28.2%
  Stopped@1.0:  6.0%

    Drift: dec-side
  Stage 2 epoch 100/300: loss=0.004430
  Stage 2 epoch 200/300: loss=0.001476
  Stage 2 epoch 300/300: loss=0.000844
  Stage 3 epoch 100/300: loss=0.001153
  Stage 3 epoch 200/300: loss=0.000888
  Stage 3 epoch 300/300: loss=0.001156
  rcMTE@0.1: 0.6410 (287/500 in region)
  rcMTE@0.5: 1.2800 (102/500 in region)
  rcMTE@1.0: 1.5328 (30/500 in region)
  MTE@0.1: 1.0379
  MTE@0.5: 2.1444
  MTE@1.0: 3.3856
  W2@1.0:  3.7688
  sW2@0.1: 0.6867 (287/500 in region)
  sW2@0.2: 1.1121 (207/500 in region)
  sW2@0.5: 1.6814 (102/500 in region)
  sW2@1.0: 2.5579 (30/500 in region)
  MMD@1.0: 0.4071
  Survival@1.0: 28.2%
  Stopped@1.0:  6.0%

  --- AE: T+F ---
    E_mu=0.3697  E_Sigma=0.4207

    Drift: enc-pull
  Stage 2 epoch 100/300: loss=0.009279
  Stage 2 epoch 200/300: loss=0.008460
  Stage 2 epoch 300/300: loss=0.003776
  Stage 3 epoch 100/300: loss=0.000153
  Stage 3 epoch 200/300: loss=0.000079
  Stage 3 epoch 300/300: loss=0.000075
  rcMTE@0.1: 0.5682 (287/500 in region)
  rcMTE@0.5: 0.8880 (102/500 in region)
  rcMTE@1.0: 1.3028 (30/500 in region)
  MTE@0.1: 0.9752
  MTE@0.5: 1.5895
  MTE@1.0: 2.0147
  W2@1.0:  1.7406
  sW2@0.1: 0.5701 (287/500 in region)
  sW2@0.2: 0.8182 (207/500 in region)
  sW2@0.5: 1.0789 (102/500 in region)
  sW2@1.0: 2.2972 (30/500 in region)
  MMD@1.0: 0.3913
  Survival@1.0: 28.2%
  Stopped@1.0:  6.0%

    Drift: dec-side
  Stage 2 epoch 100/300: loss=0.000595
  Stage 2 epoch 200/300: loss=0.000532
  Stage 2 epoch 300/300: loss=0.000389
  Stage 3 epoch 100/300: loss=0.000153
  Stage 3 epoch 200/300: loss=0.000079
  Stage 3 epoch 300/300: loss=0.000075
  rcMTE@0.1: 0.5821 (287/500 in region)
  rcMTE@0.5: 0.9578 (102/500 in region)
  rcMTE@1.0: 1.3260 (30/500 in region)
  MTE@0.1: 1.0098
  MTE@0.5: 1.8019
  MTE@1.0: 2.2768
  W2@1.0:  2.0207
  sW2@0.1: 0.6456 (287/500 in region)
  sW2@0.2: 1.0669 (207/500 in region)
  sW2@0.5: 1.2520 (102/500 in region)
  sW2@1.0: 2.3981 (30/500 in region)
  MMD@1.0: 0.4288
  Survival@1.0: 28.2%
  Stopped@1.0:  6.0%

============================================================
  paraboloid | D=201 | seed=5042
============================================================

  --- AE: baseline ---
    E_mu=2.8964  E_Sigma=6.6118

    Drift: enc-pull
  Stage 2 epoch 100/300: loss=0.049868
  Stage 2 epoch 200/300: loss=0.032317
  Stage 2 epoch 300/300: loss=0.031425
  Stage 3 epoch 100/300: loss=0.000577
  Stage 3 epoch 200/300: loss=0.000525
  Stage 3 epoch 300/300: loss=0.000461
  rcMTE@0.1: 0.4723 (285/500 in region)
  rcMTE@0.5: 0.7792 (93/500 in region)
  rcMTE@1.0: 0.8300 (33/500 in region)
  MTE@0.1: 0.8359
  MTE@0.5: 1.3600
  MTE@1.0: 1.3437
  W2@1.0:  0.7368
  sW2@0.1: 0.3365 (285/500 in region)
  sW2@0.2: 0.4015 (216/500 in region)
  sW2@0.5: 0.6430 (93/500 in region)
  sW2@1.0: 0.9144 (33/500 in region)
  MMD@1.0: 0.1977
  Survival@1.0: 25.8%
  Stopped@1.0:  6.6%

    Drift: dec-side
  Stage 2 epoch 100/300: loss=0.004856
  Stage 2 epoch 200/300: loss=0.002457
  Stage 2 epoch 300/300: loss=0.001057
  Stage 3 epoch 100/300: loss=0.000577
  Stage 3 epoch 200/300: loss=0.000525
  Stage 3 epoch 300/300: loss=0.000461
  rcMTE@0.1: 0.5382 (285/500 in region)
  rcMTE@0.5: 1.0961 (93/500 in region)
  rcMTE@1.0: 1.4065 (33/500 in region)
  MTE@0.1: 0.9510
  MTE@0.5: 1.9567
  MTE@1.0: 2.4532
  W2@1.0:  2.0865
  sW2@0.1: 0.6959 (285/500 in region)
  sW2@0.2: 0.9085 (216/500 in region)
  sW2@0.5: 1.5112 (93/500 in region)
  sW2@1.0: 1.9202 (33/500 in region)
  MMD@1.0: 0.3926
  Survival@1.0: 25.8%
  Stopped@1.0:  6.6%

  --- AE: T+F ---
    E_mu=0.5727  E_Sigma=0.5721

    Drift: enc-pull
  Stage 2 epoch 100/300: loss=0.006884
  Stage 2 epoch 200/300: loss=0.004734
  Stage 2 epoch 300/300: loss=0.004805
  Stage 3 epoch 100/300: loss=0.000071
  Stage 3 epoch 200/300: loss=0.000061
  Stage 3 epoch 300/300: loss=0.000054
  rcMTE@0.1: 0.5359 (285/500 in region)
  rcMTE@0.5: 0.8018 (93/500 in region)
  rcMTE@1.0: 1.0101 (33/500 in region)
  MTE@0.1: 1.1085
  MTE@0.5: 1.6176
  MTE@1.0: 1.5834
  W2@1.0:  0.9601
  sW2@0.1: 0.6365 (285/500 in region)
  sW2@0.2: 0.8444 (216/500 in region)
  sW2@0.5: 0.8139 (93/500 in region)
  sW2@1.0: 1.2221 (33/500 in region)
  MMD@1.0: 0.3055
  Survival@1.0: 25.8%
  Stopped@1.0:  6.6%

    Drift: dec-side
  Stage 2 epoch 100/300: loss=0.000568
  Stage 2 epoch 200/300: loss=0.000219
  Stage 2 epoch 300/300: loss=0.000108
  Stage 3 epoch 100/300: loss=0.000071
  Stage 3 epoch 200/300: loss=0.000061
  Stage 3 epoch 300/300: loss=0.000054
  rcMTE@0.1: 0.5531 (285/500 in region)
  rcMTE@0.5: 0.9807 (93/500 in region)
  rcMTE@1.0: 1.3767 (33/500 in region)
  MTE@0.1: 1.1337
  MTE@0.5: 1.9671
  MTE@1.0: 2.3967
  W2@1.0:  2.0639
  sW2@0.1: 0.7098 (285/500 in region)
  sW2@0.2: 1.0149 (216/500 in region)
  sW2@0.5: 1.3191 (93/500 in region)
  sW2@1.0: 2.1343 (33/500 in region)
  MMD@1.0: 0.4381
  Survival@1.0: 25.8%
  Stopped@1.0:  6.6%

============================================================
  paraboloid | D=201 | seed=6042
============================================================

  --- AE: baseline ---
    E_mu=2.8833  E_Sigma=5.2983

    Drift: enc-pull
  Stage 2 epoch 100/300: loss=0.031715
  Stage 2 epoch 200/300: loss=0.033553
  Stage 2 epoch 300/300: loss=0.032353
  Stage 3 epoch 100/300: loss=0.000812
  Stage 3 epoch 200/300: loss=0.000783
  Stage 3 epoch 300/300: loss=0.000717
  rcMTE@0.1: 0.3958 (290/500 in region)
  rcMTE@0.5: 0.6200 (89/500 in region)
  rcMTE@1.0: 0.5669 (30/500 in region)
  MTE@0.1: 0.8048
  MTE@0.5: 1.2924
  MTE@1.0: 1.2333
  W2@1.0:  0.9684
  sW2@0.1: 0.4194 (290/500 in region)
  sW2@0.2: 0.7024 (208/500 in region)
  sW2@0.5: 0.7815 (89/500 in region)
  sW2@1.0: 0.7126 (30/500 in region)
  MMD@1.0: 0.2811
  Survival@1.0: 27.2%
  Stopped@1.0:  6.0%

    Drift: dec-side
  Stage 2 epoch 100/300: loss=0.004210
  Stage 2 epoch 200/300: loss=0.001315
  Stage 2 epoch 300/300: loss=0.000422
  Stage 3 epoch 100/300: loss=0.000812
  Stage 3 epoch 200/300: loss=0.000783
  Stage 3 epoch 300/300: loss=0.000717
  rcMTE@0.1: 0.4408 (290/500 in region)
  rcMTE@0.5: 0.8916 (89/500 in region)
  rcMTE@1.0: 1.0264 (30/500 in region)
  MTE@0.1: 0.8770
  MTE@0.5: 1.9521
  MTE@1.0: 2.4241
  W2@1.0:  2.5648
  sW2@0.1: 0.6003 (290/500 in region)
  sW2@0.2: 1.0771 (208/500 in region)
  sW2@0.5: 1.6990 (89/500 in region)
  sW2@1.0: 2.1366 (30/500 in region)
  MMD@1.0: 0.3487
  Survival@1.0: 27.2%
  Stopped@1.0:  6.0%

  --- AE: T+F ---
    E_mu=0.5141  E_Sigma=0.7005

    Drift: enc-pull
  Stage 2 epoch 100/300: loss=0.003451
  Stage 2 epoch 200/300: loss=0.003205
  Stage 2 epoch 300/300: loss=0.002702
  Stage 3 epoch 100/300: loss=0.000195
  Stage 3 epoch 200/300: loss=0.000162
  Stage 3 epoch 300/300: loss=0.000149
  rcMTE@0.1: 0.3440 (290/500 in region)
  rcMTE@0.5: 0.4838 (89/500 in region)
  rcMTE@1.0: 0.4699 (30/500 in region)
  MTE@0.1: 0.9539
  MTE@0.5: 1.2469
  MTE@1.0: 1.2320
  W2@1.0:  0.9292
  sW2@0.1: 0.7833 (290/500 in region)
  sW2@0.2: 0.7874 (208/500 in region)
  sW2@0.5: 0.8062 (89/500 in region)
  sW2@1.0: 0.8667 (30/500 in region)
  MMD@1.0: 0.3108
  Survival@1.0: 27.2%
  Stopped@1.0:  6.0%

    Drift: dec-side
  Stage 2 epoch 100/300: loss=0.000757
  Stage 2 epoch 200/300: loss=0.000386
  Stage 2 epoch 300/300: loss=0.000262
  Stage 3 epoch 100/300: loss=0.000195
  Stage 3 epoch 200/300: loss=0.000162
  Stage 3 epoch 300/300: loss=0.000149
  rcMTE@0.1: 0.3556 (290/500 in region)
  rcMTE@0.5: 0.5913 (89/500 in region)
  rcMTE@1.0: 0.5600 (30/500 in region)
  MTE@0.1: 0.9667
  MTE@0.5: 1.4096
  MTE@1.0: 1.4295
  W2@1.0:  1.1375
  sW2@0.1: 0.8244 (290/500 in region)
  sW2@0.2: 0.8852 (208/500 in region)
  sW2@0.5: 1.0561 (89/500 in region)
  sW2@1.0: 0.8916 (30/500 in region)
  MMD@1.0: 0.3405
  Survival@1.0: 27.2%
  Stopped@1.0:  6.0%

============================================================
  paraboloid | D=201 | seed=7042
============================================================

  --- AE: baseline ---
    E_mu=1.5270  E_Sigma=2.2645

    Drift: enc-pull
  Stage 2 epoch 100/300: loss=0.086763
  Stage 2 epoch 200/300: loss=0.055026
  Stage 2 epoch 300/300: loss=0.042412
  Stage 3 epoch 100/300: loss=0.000711
  Stage 3 epoch 200/300: loss=0.000849
  Stage 3 epoch 300/300: loss=0.000737
  rcMTE@0.1: 0.4040 (316/500 in region)
  rcMTE@0.5: 0.5558 (109/500 in region)
  rcMTE@1.0: 0.5214 (29/500 in region)
  MTE@0.1: 0.7580
  MTE@0.5: 1.0729
  MTE@1.0: 0.9931
  W2@1.0:  0.8630
  sW2@0.1: 0.4594 (316/500 in region)
  sW2@0.2: 0.5210 (232/500 in region)
  sW2@0.5: 0.4810 (109/500 in region)
  sW2@1.0: 0.5958 (29/500 in region)
  MMD@1.0: 0.1837
  Survival@1.0: 28.8%
  Stopped@1.0:  5.8%

    Drift: dec-side
  Stage 2 epoch 100/300: loss=0.026048
  Stage 2 epoch 200/300: loss=0.012683
  Stage 2 epoch 300/300: loss=0.007305
  Stage 3 epoch 100/300: loss=0.000711
  Stage 3 epoch 200/300: loss=0.000849
  Stage 3 epoch 300/300: loss=0.000737
  rcMTE@0.1: 0.4725 (316/500 in region)
  rcMTE@0.5: 0.9983 (109/500 in region)
  rcMTE@1.0: 1.0178 (29/500 in region)
  MTE@0.1: 0.8534
  MTE@0.5: 1.9812
  MTE@1.0: 2.7462
  W2@1.0:  3.1637
  sW2@0.1: 0.8390 (316/500 in region)
  sW2@0.2: 1.4916 (232/500 in region)
  sW2@0.5: 2.1276 (109/500 in region)
  sW2@1.0: 2.4195 (29/500 in region)
  MMD@1.0: 0.3729
  Survival@1.0: 28.8%
  Stopped@1.0:  5.8%

  --- AE: T+F ---
    E_mu=0.1927  E_Sigma=0.2764

    Drift: enc-pull
  Stage 2 epoch 100/300: loss=0.013395
  Stage 2 epoch 200/300: loss=0.015576
  Stage 2 epoch 300/300: loss=0.015715
  Stage 3 epoch 100/300: loss=0.000175
  Stage 3 epoch 200/300: loss=0.000146
  Stage 3 epoch 300/300: loss=0.000103
  rcMTE@0.1: 0.6229 (316/500 in region)
  rcMTE@0.5: 0.9047 (109/500 in region)
  rcMTE@1.0: 0.8251 (29/500 in region)
  MTE@0.1: 1.2660
  MTE@0.5: 1.7222
  MTE@1.0: 1.6786
  W2@1.0:  0.8894
  sW2@0.1: 0.8376 (316/500 in region)
  sW2@0.2: 1.0037 (232/500 in region)
  sW2@0.5: 0.7661 (109/500 in region)
  sW2@1.0: 0.8367 (29/500 in region)
  MMD@1.0: 0.3251
  Survival@1.0: 28.8%
  Stopped@1.0:  5.8%

    Drift: dec-side
  Stage 2 epoch 100/300: loss=0.000570
  Stage 2 epoch 200/300: loss=0.000462
  Stage 2 epoch 300/300: loss=0.000375
  Stage 3 epoch 100/300: loss=0.000175
  Stage 3 epoch 200/300: loss=0.000146
  Stage 3 epoch 300/300: loss=0.000103
  rcMTE@0.1: 0.6596 (316/500 in region)
  rcMTE@0.5: 1.1034 (109/500 in region)
  rcMTE@1.0: 1.1897 (29/500 in region)
  MTE@0.1: 1.3199
  MTE@0.5: 2.0869
  MTE@1.0: 2.3689
  W2@1.0:  1.4094
  sW2@0.1: 0.9705 (316/500 in region)
  sW2@0.2: 1.3232 (232/500 in region)
  sW2@0.5: 1.4306 (109/500 in region)
  sW2@1.0: 1.6167 (29/500 in region)
  MMD@1.0: 0.3139
  Survival@1.0: 28.8%
  Stopped@1.0:  5.8%

============================================================
  paraboloid | D=201 | seed=8042
============================================================

  --- AE: baseline ---
    E_mu=2.6252  E_Sigma=5.8160

    Drift: enc-pull
  Stage 2 epoch 100/300: loss=0.231196
  Stage 2 epoch 200/300: loss=0.196832
  Stage 2 epoch 300/300: loss=0.147965
  Stage 3 epoch 100/300: loss=0.001044
  Stage 3 epoch 200/300: loss=0.000514
  Stage 3 epoch 300/300: loss=0.000387
  rcMTE@0.1: 0.2107 (269/500 in region)
  rcMTE@0.5: 0.4326 (84/500 in region)
  rcMTE@1.0: 0.5196 (29/500 in region)
  MTE@0.1: 0.5360
  MTE@0.5: 0.8425
  MTE@1.0: 0.9612
  W2@1.0:  0.8163
  sW2@0.1: 0.2878 (269/500 in region)
  sW2@0.2: 0.3486 (192/500 in region)
  sW2@0.5: 0.5717 (84/500 in region)
  sW2@1.0: 0.7555 (29/500 in region)
  MMD@1.0: 0.1570
  Survival@1.0: 27.0%
  Stopped@1.0:  5.8%

    Drift: dec-side
  Stage 2 epoch 100/300: loss=0.007760
  Stage 2 epoch 200/300: loss=0.005936
  Stage 2 epoch 300/300: loss=0.002451
  Stage 3 epoch 100/300: loss=0.001044
  Stage 3 epoch 200/300: loss=0.000514
  Stage 3 epoch 300/300: loss=0.000387
  rcMTE@0.1: 0.2323 (269/500 in region)
  rcMTE@0.5: 0.5661 (84/500 in region)
  rcMTE@1.0: 1.0353 (29/500 in region)
  MTE@0.1: 0.5566
  MTE@0.5: 1.2006
  MTE@1.0: 1.9270
  W2@1.0:  1.7414
  sW2@0.1: 0.3924 (269/500 in region)
  sW2@0.2: 0.4958 (192/500 in region)
  sW2@0.5: 0.8769 (84/500 in region)
  sW2@1.0: 1.9373 (29/500 in region)
  MMD@1.0: 0.4115
  Survival@1.0: 27.0%
  Stopped@1.0:  5.8%

  --- AE: T+F ---
    E_mu=0.6454  E_Sigma=0.7488

    Drift: enc-pull
  Stage 2 epoch 100/300: loss=0.007204
  Stage 2 epoch 200/300: loss=0.006228
  Stage 2 epoch 300/300: loss=0.004499
  Stage 3 epoch 100/300: loss=0.000316
  Stage 3 epoch 200/300: loss=0.000154
  Stage 3 epoch 300/300: loss=0.000144
  rcMTE@0.1: 0.4944 (269/500 in region)
  rcMTE@0.5: 0.9873 (84/500 in region)
  rcMTE@1.0: 1.1698 (29/500 in region)
  MTE@0.1: 0.9543
  MTE@0.5: 1.5724
  MTE@1.0: 1.9564
  W2@1.0:  1.1269
  sW2@0.1: 0.5127 (269/500 in region)
  sW2@0.2: 0.7674 (192/500 in region)
  sW2@0.5: 1.0605 (84/500 in region)
  sW2@1.0: 1.4548 (29/500 in region)
  MMD@1.0: 0.2653
  Survival@1.0: 27.0%
  Stopped@1.0:  5.8%

    Drift: dec-side
  Stage 2 epoch 100/300: loss=0.001093
  Stage 2 epoch 200/300: loss=0.000918
  Stage 2 epoch 300/300: loss=0.000668
  Stage 3 epoch 100/300: loss=0.000316
  Stage 3 epoch 200/300: loss=0.000154
  Stage 3 epoch 300/300: loss=0.000144
  rcMTE@0.1: 0.5122 (269/500 in region)
  rcMTE@0.5: 1.1133 (84/500 in region)
  rcMTE@1.0: 1.4962 (29/500 in region)
  MTE@0.1: 0.9711
  MTE@0.5: 1.8386
  MTE@1.0: 2.4489
  W2@1.0:  1.8096
  sW2@0.1: 0.5982 (269/500 in region)
  sW2@0.2: 0.9456 (192/500 in region)
  sW2@0.5: 1.6203 (84/500 in region)
  sW2@1.0: 2.6683 (29/500 in region)
  MMD@1.0: 0.3790
  Survival@1.0: 27.0%
  Stopped@1.0:  5.8%

============================================================
  paraboloid | D=201 | seed=9042
============================================================

  --- AE: baseline ---
    E_mu=2.5881  E_Sigma=4.3207

    Drift: enc-pull
  Stage 2 epoch 100/300: loss=0.055975
  Stage 2 epoch 200/300: loss=0.034315
  Stage 2 epoch 300/300: loss=0.023170
  Stage 3 epoch 100/300: loss=0.000645
  Stage 3 epoch 200/300: loss=0.000532
  Stage 3 epoch 300/300: loss=0.000453
  rcMTE@0.1: 0.5024 (280/500 in region)
  rcMTE@0.5: 0.8142 (85/500 in region)
  rcMTE@1.0: 0.8483 (22/500 in region)
  MTE@0.1: 0.9547
  MTE@0.5: 1.3485
  MTE@1.0: 1.4049
  W2@1.0:  0.6254
  sW2@0.1: 0.4016 (280/500 in region)
  sW2@0.2: 0.4763 (205/500 in region)
  sW2@0.5: 0.4686 (85/500 in region)
  sW2@1.0: 0.8023 (22/500 in region)
  MMD@1.0: 0.0776
  Survival@1.0: 28.2%
  Stopped@1.0:  4.4%

    Drift: dec-side
  Stage 2 epoch 100/300: loss=0.012346
  Stage 2 epoch 200/300: loss=0.005379
  Stage 2 epoch 300/300: loss=0.002449
  Stage 3 epoch 100/300: loss=0.000645
  Stage 3 epoch 200/300: loss=0.000532
  Stage 3 epoch 300/300: loss=0.000453
  rcMTE@0.1: 0.5881 (280/500 in region)
  rcMTE@0.5: 1.4182 (85/500 in region)
  rcMTE@1.0: 2.1274 (22/500 in region)
  MTE@0.1: 1.0645
  MTE@0.5: 2.4463
  MTE@1.0: 4.2573
  W2@1.0:  4.2622
  sW2@0.1: 0.7272 (280/500 in region)
  sW2@0.2: 1.0205 (205/500 in region)
  sW2@0.5: 2.0218 (85/500 in region)
  sW2@1.0: 3.7595 (22/500 in region)
  MMD@1.0: 0.4353
  Survival@1.0: 28.2%
  Stopped@1.0:  4.4%

  --- AE: T+F ---
    E_mu=0.3687  E_Sigma=0.6917

    Drift: enc-pull
  Stage 2 epoch 100/300: loss=0.007455
  Stage 2 epoch 200/300: loss=0.007282
  Stage 2 epoch 300/300: loss=0.007086
  Stage 3 epoch 100/300: loss=0.000154
  Stage 3 epoch 200/300: loss=0.000089
  Stage 3 epoch 300/300: loss=0.000065
  rcMTE@0.1: 0.5002 (280/500 in region)
  rcMTE@0.5: 0.9113 (85/500 in region)
  rcMTE@1.0: 0.9183 (22/500 in region)
  MTE@0.1: 1.1427
  MTE@0.5: 1.5980
  MTE@1.0: 1.8449
  W2@1.0:  0.9724
  sW2@0.1: 0.7949 (280/500 in region)
  sW2@0.2: 0.8077 (205/500 in region)
  sW2@0.5: 1.0702 (85/500 in region)
  sW2@1.0: 0.9992 (22/500 in region)
  MMD@1.0: 0.2744
  Survival@1.0: 28.2%
  Stopped@1.0:  4.4%

    Drift: dec-side
  Stage 2 epoch 100/300: loss=0.000651
  Stage 2 epoch 200/300: loss=0.000296
  Stage 2 epoch 300/300: loss=0.000242
  Stage 3 epoch 100/300: loss=0.000154
  Stage 3 epoch 200/300: loss=0.000089
  Stage 3 epoch 300/300: loss=0.000065
  rcMTE@0.1: 0.5210 (280/500 in region)
  rcMTE@0.5: 1.0514 (85/500 in region)
  rcMTE@1.0: 1.1580 (22/500 in region)
  MTE@0.1: 1.1868
  MTE@0.5: 1.9142
  MTE@1.0: 2.6155
  W2@1.0:  2.2725
  sW2@0.1: 0.8880 (280/500 in region)
  sW2@0.2: 0.9955 (205/500 in region)
  sW2@0.5: 1.6171 (85/500 in region)
  sW2@1.0: 2.0161 (22/500 in region)
  MMD@1.0: 0.4308
  Survival@1.0: 28.2%
  Stopped@1.0:  4.4%

============================================================
  hyperbolic_paraboloid | D=201 | seed=42
============================================================

  --- AE: baseline ---
    E_mu=2.8231  E_Sigma=4.8412

    Drift: enc-pull
  Stage 2 epoch 100/300: loss=0.082085
  Stage 2 epoch 200/300: loss=0.054226
  Stage 2 epoch 300/300: loss=0.036875
  Stage 3 epoch 100/300: loss=0.000486
  Stage 3 epoch 200/300: loss=0.000497
  Stage 3 epoch 300/300: loss=0.000403
  rcMTE@0.1: 0.5095 (292/500 in region)
  rcMTE@0.5: 0.7479 (97/500 in region)
  rcMTE@1.0: 0.7076 (21/500 in region)
  MTE@0.1: 0.9203
  MTE@0.5: 1.3083
  MTE@1.0: 1.3106
  W2@1.0:  0.6185
  sW2@0.1: 0.3499 (292/500 in region)
  sW2@0.2: 0.5087 (214/500 in region)
  sW2@0.5: 0.4987 (97/500 in region)
  sW2@1.0: 0.5669 (21/500 in region)
  MMD@1.0: 0.1292
  Survival@1.0: 28.0%
  Stopped@1.0:  4.2%

    Drift: dec-side
  Stage 2 epoch 100/300: loss=0.011137
  Stage 2 epoch 200/300: loss=0.004310
  Stage 2 epoch 300/300: loss=0.001158
  Stage 3 epoch 100/300: loss=0.000486
  Stage 3 epoch 200/300: loss=0.000497
  Stage 3 epoch 300/300: loss=0.000403
  rcMTE@0.1: 0.5784 (292/500 in region)
  rcMTE@0.5: 1.0697 (97/500 in region)
  rcMTE@1.0: 1.3853 (21/500 in region)
  MTE@0.1: 0.9924
  MTE@0.5: 1.8809
  MTE@1.0: 2.4148
  W2@1.0:  2.1009
  sW2@0.1: 0.5536 (292/500 in region)
  sW2@0.2: 0.9149 (214/500 in region)
  sW2@0.5: 1.1363 (97/500 in region)
  sW2@1.0: 1.9938 (21/500 in region)
  MMD@1.0: 0.3294
  Survival@1.0: 28.0%
  Stopped@1.0:  4.2%

  --- AE: T+F ---
    E_mu=0.2653  E_Sigma=1.0417

    Drift: enc-pull
  Stage 2 epoch 100/300: loss=0.005013
  Stage 2 epoch 200/300: loss=0.004960
  Stage 2 epoch 300/300: loss=0.003234
  Stage 3 epoch 100/300: loss=0.000074
  Stage 3 epoch 200/300: loss=0.000069
  Stage 3 epoch 300/300: loss=0.000059
  rcMTE@0.1: 0.4888 (292/500 in region)
  rcMTE@0.5: 0.8051 (97/500 in region)
  rcMTE@1.0: 0.7489 (21/500 in region)
  MTE@0.1: 1.4322
  MTE@0.5: 1.9160
  MTE@1.0: 1.8938
  W2@1.0:  1.2880
  sW2@0.1: 1.1100 (292/500 in region)
  sW2@0.2: 1.1681 (214/500 in region)
  sW2@0.5: 1.2192 (97/500 in region)
  sW2@1.0: 1.3568 (21/500 in region)
  MMD@1.0: 0.4172
  Survival@1.0: 28.0%
  Stopped@1.0:  4.2%

    Drift: dec-side
  Stage 2 epoch 100/300: loss=0.000342
  Stage 2 epoch 200/300: loss=0.000251
  Stage 2 epoch 300/300: loss=0.000182
  Stage 3 epoch 100/300: loss=0.000074
  Stage 3 epoch 200/300: loss=0.000069
  Stage 3 epoch 300/300: loss=0.000059
  rcMTE@0.1: 0.5045 (292/500 in region)
  rcMTE@0.5: 0.9019 (97/500 in region)
  rcMTE@1.0: 0.9342 (21/500 in region)
  MTE@0.1: 1.4555
  MTE@0.5: 2.0797
  MTE@1.0: 2.1546
  W2@1.0:  1.4670
  sW2@0.1: 1.1285 (292/500 in region)
  sW2@0.2: 1.2091 (214/500 in region)
  sW2@0.5: 1.3081 (97/500 in region)
  sW2@1.0: 1.6163 (21/500 in region)
  MMD@1.0: 0.4064
  Survival@1.0: 28.0%
  Stopped@1.0:  4.2%

============================================================
  hyperbolic_paraboloid | D=201 | seed=1042
============================================================

  --- AE: baseline ---
    E_mu=2.6717  E_Sigma=5.2081

    Drift: enc-pull
  Stage 2 epoch 100/300: loss=0.014669
  Stage 2 epoch 200/300: loss=0.009046
  Stage 2 epoch 300/300: loss=0.004759
  Stage 3 epoch 100/300: loss=0.000323
  Stage 3 epoch 200/300: loss=0.000277
  Stage 3 epoch 300/300: loss=0.000261
  rcMTE@0.1: 0.7337 (285/500 in region)
  rcMTE@0.5: 0.9521 (98/500 in region)
  rcMTE@1.0: 1.0979 (31/500 in region)
  MTE@0.1: 1.1966
  MTE@0.5: 1.6884
  MTE@1.0: 1.7891
  W2@1.0:  0.6091
  sW2@0.1: 0.3585 (285/500 in region)
  sW2@0.2: 0.4650 (204/500 in region)
  sW2@0.5: 0.4548 (98/500 in region)
  sW2@1.0: 0.5844 (31/500 in region)
  MMD@1.0: 0.1252
  Survival@1.0: 29.8%
  Stopped@1.0:  6.2%

    Drift: dec-side
  Stage 2 epoch 100/300: loss=0.004015
  Stage 2 epoch 200/300: loss=0.001945
  Stage 2 epoch 300/300: loss=0.000778
  Stage 3 epoch 100/300: loss=0.000323
  Stage 3 epoch 200/300: loss=0.000277
  Stage 3 epoch 300/300: loss=0.000261
  rcMTE@0.1: 0.8030 (285/500 in region)
  rcMTE@0.5: 1.3584 (98/500 in region)
  rcMTE@1.0: 1.8113 (31/500 in region)
  MTE@0.1: 1.2982
  MTE@0.5: 2.2332
  MTE@1.0: 2.5962
  W2@1.0:  1.4767
  sW2@0.1: 0.5756 (285/500 in region)
  sW2@0.2: 0.8257 (204/500 in region)
  sW2@0.5: 1.2218 (98/500 in region)
  sW2@1.0: 1.7389 (31/500 in region)
  MMD@1.0: 0.2982
  Survival@1.0: 29.8%
  Stopped@1.0:  6.2%

  --- AE: T+F ---
    E_mu=0.2794  E_Sigma=0.7824

    Drift: enc-pull
  Stage 2 epoch 100/300: loss=0.004658
  Stage 2 epoch 200/300: loss=0.004660
  Stage 2 epoch 300/300: loss=0.004208
  Stage 3 epoch 100/300: loss=0.000098
  Stage 3 epoch 200/300: loss=0.000054
  Stage 3 epoch 300/300: loss=0.000040
  rcMTE@0.1: 0.7747 (285/500 in region)
  rcMTE@0.5: 1.1116 (98/500 in region)
  rcMTE@1.0: 1.2433 (31/500 in region)
  MTE@0.1: 1.5020
  MTE@0.5: 2.1352
  MTE@1.0: 2.2742
  W2@1.0:  1.0472
  sW2@0.1: 0.8750 (285/500 in region)
  sW2@0.2: 1.0273 (204/500 in region)
  sW2@0.5: 1.0735 (98/500 in region)
  sW2@1.0: 1.1891 (31/500 in region)
  MMD@1.0: 0.2998
  Survival@1.0: 29.8%
  Stopped@1.0:  6.2%

    Drift: dec-side
  Stage 2 epoch 100/300: loss=0.000956
  Stage 2 epoch 200/300: loss=0.000763
  Stage 2 epoch 300/300: loss=0.000306
  Stage 3 epoch 100/300: loss=0.000098
  Stage 3 epoch 200/300: loss=0.000054
  Stage 3 epoch 300/300: loss=0.000040
  rcMTE@0.1: 0.7867 (285/500 in region)
  rcMTE@0.5: 1.2004 (98/500 in region)
  rcMTE@1.0: 1.3352 (31/500 in region)
  MTE@0.1: 1.5308
  MTE@0.5: 2.3242
  MTE@1.0: 2.5252
  W2@1.0:  1.4263
  sW2@0.1: 0.9106 (285/500 in region)
  sW2@0.2: 1.1064 (204/500 in region)
  sW2@0.5: 1.2990 (98/500 in region)
  sW2@1.0: 1.3418 (31/500 in region)
  MMD@1.0: 0.3232
  Survival@1.0: 29.8%
  Stopped@1.0:  6.2%

============================================================
  hyperbolic_paraboloid | D=201 | seed=2042
============================================================

  --- AE: baseline ---
    E_mu=2.2523  E_Sigma=3.5543

    Drift: enc-pull
  Stage 2 epoch 100/300: loss=0.023447
  Stage 2 epoch 200/300: loss=0.022437
  Stage 2 epoch 300/300: loss=0.018726
  Stage 3 epoch 100/300: loss=0.000482
  Stage 3 epoch 200/300: loss=0.000404
  Stage 3 epoch 300/300: loss=0.000369
  rcMTE@0.1: 0.5081 (293/500 in region)
  rcMTE@0.5: 0.8500 (88/500 in region)
  rcMTE@1.0: 0.6856 (24/500 in region)
  MTE@0.1: 0.8874
  MTE@0.5: 1.3377
  MTE@1.0: 1.4091
  W2@1.0:  0.6176
  sW2@0.1: 0.3490 (293/500 in region)
  sW2@0.2: 0.4315 (212/500 in region)
  sW2@0.5: 0.5059 (88/500 in region)
  sW2@1.0: 0.4808 (24/500 in region)
  MMD@1.0: 0.1585
  Survival@1.0: 26.6%
  Stopped@1.0:  4.8%

    Drift: dec-side
  Stage 2 epoch 100/300: loss=0.002609
  Stage 2 epoch 200/300: loss=0.001763
  Stage 2 epoch 300/300: loss=0.000569
  Stage 3 epoch 100/300: loss=0.000482
  Stage 3 epoch 200/300: loss=0.000404
  Stage 3 epoch 300/300: loss=0.000369
  rcMTE@0.1: 0.5290 (293/500 in region)
  rcMTE@0.5: 1.0880 (88/500 in region)
  rcMTE@1.0: 1.0089 (24/500 in region)
  MTE@0.1: 0.8986
  MTE@0.5: 1.7052
  MTE@1.0: 1.9979
  W2@1.0:  1.1106
  sW2@0.1: 0.4310 (293/500 in region)
  sW2@0.2: 0.6510 (212/500 in region)
  sW2@0.5: 0.9918 (88/500 in region)
  sW2@1.0: 1.0846 (24/500 in region)
  MMD@1.0: 0.3140
  Survival@1.0: 26.6%
  Stopped@1.0:  4.8%

  --- AE: T+F ---
    E_mu=0.2444  E_Sigma=0.4047

    Drift: enc-pull
  Stage 2 epoch 100/300: loss=0.005027
  Stage 2 epoch 200/300: loss=0.004884
  Stage 2 epoch 300/300: loss=0.004657
  Stage 3 epoch 100/300: loss=0.000042
  Stage 3 epoch 200/300: loss=0.000042
  Stage 3 epoch 300/300: loss=0.000040
  rcMTE@0.1: 0.5107 (293/500 in region)
  rcMTE@0.5: 1.0419 (88/500 in region)
  rcMTE@1.0: 0.8382 (24/500 in region)
  MTE@0.1: 0.9306
  MTE@0.5: 1.7894
  MTE@1.0: 1.8309
  W2@1.0:  1.2329
  sW2@0.1: 0.6588 (293/500 in region)
  sW2@0.2: 0.8870 (212/500 in region)
  sW2@0.5: 1.5078 (88/500 in region)
  sW2@1.0: 1.2052 (24/500 in region)
  MMD@1.0: 0.2195
  Survival@1.0: 26.6%
  Stopped@1.0:  4.8%

    Drift: dec-side
  Stage 2 epoch 100/300: loss=0.000747
  Stage 2 epoch 200/300: loss=0.000491
  Stage 2 epoch 300/300: loss=0.000297
  Stage 3 epoch 100/300: loss=0.000042
  Stage 3 epoch 200/300: loss=0.000042
  Stage 3 epoch 300/300: loss=0.000040
  rcMTE@0.1: 0.5224 (293/500 in region)
  rcMTE@0.5: 1.1670 (88/500 in region)
  rcMTE@1.0: 1.0499 (24/500 in region)
  MTE@0.1: 0.9466
  MTE@0.5: 1.9925
  MTE@1.0: 2.0927
  W2@1.0:  1.5623
  sW2@0.1: 0.6989 (293/500 in region)
  sW2@0.2: 0.9850 (212/500 in region)
  sW2@0.5: 1.8175 (88/500 in region)
  sW2@1.0: 1.6826 (24/500 in region)
  MMD@1.0: 0.2542
  Survival@1.0: 26.6%
  Stopped@1.0:  4.8%

============================================================
  hyperbolic_paraboloid | D=201 | seed=3042
============================================================

  --- AE: baseline ---
    E_mu=3.0351  E_Sigma=3.0892

    Drift: enc-pull
  Stage 2 epoch 100/300: loss=0.017957
  Stage 2 epoch 200/300: loss=0.015165
  Stage 2 epoch 300/300: loss=0.011875
  Stage 3 epoch 100/300: loss=0.000790
  Stage 3 epoch 200/300: loss=0.000830
  Stage 3 epoch 300/300: loss=0.000664
  rcMTE@0.1: 0.2113 (275/500 in region)
  rcMTE@0.5: 0.2778 (78/500 in region)
  rcMTE@1.0: 0.3381 (25/500 in region)
  MTE@0.1: 0.5275
  MTE@0.5: 0.7573
  MTE@1.0: 0.7766
  W2@1.0:  0.5914
  sW2@0.1: 0.2626 (275/500 in region)
  sW2@0.2: 0.2922 (204/500 in region)
  sW2@0.5: 0.3649 (78/500 in region)
  sW2@1.0: 0.5218 (25/500 in region)
  MMD@1.0: 0.1166
  Survival@1.0: 27.2%
  Stopped@1.0:  5.0%

    Drift: dec-side
  Stage 2 epoch 100/300: loss=0.010275
  Stage 2 epoch 200/300: loss=0.005505
  Stage 2 epoch 300/300: loss=0.002372
  Stage 3 epoch 100/300: loss=0.000790
  Stage 3 epoch 200/300: loss=0.000830
  Stage 3 epoch 300/300: loss=0.000664
  rcMTE@0.1: 0.2508 (275/500 in region)
  rcMTE@0.5: 0.5645 (78/500 in region)
  rcMTE@1.0: 1.0373 (25/500 in region)
  MTE@0.1: 0.5502
  MTE@0.5: 1.2091
  MTE@1.0: 1.8648
  W2@1.0:  1.5710
  sW2@0.1: 0.3521 (275/500 in region)
  sW2@0.2: 0.4026 (204/500 in region)
  sW2@0.5: 0.7641 (78/500 in region)
  sW2@1.0: 1.5134 (25/500 in region)
  MMD@1.0: 0.3445
  Survival@1.0: 27.2%
  Stopped@1.0:  5.0%

  --- AE: T+F ---
    E_mu=0.0824  E_Sigma=0.1102

    Drift: enc-pull
  Stage 2 epoch 100/300: loss=0.004125
  Stage 2 epoch 200/300: loss=0.003714
  Stage 2 epoch 300/300: loss=0.004351
  Stage 3 epoch 100/300: loss=0.000161
  Stage 3 epoch 200/300: loss=0.000124
  Stage 3 epoch 300/300: loss=0.000089
  rcMTE@0.1: 0.5583 (275/500 in region)
  rcMTE@0.5: 1.0309 (78/500 in region)
  rcMTE@1.0: 1.0644 (25/500 in region)
  MTE@0.1: 1.1384
  MTE@0.5: 1.6992
  MTE@1.0: 1.8349
  W2@1.0:  0.9325
  sW2@0.1: 0.5648 (275/500 in region)
  sW2@0.2: 0.7697 (204/500 in region)
  sW2@0.5: 0.8766 (78/500 in region)
  sW2@1.0: 1.2671 (25/500 in region)
  MMD@1.0: 0.1877
  Survival@1.0: 27.2%
  Stopped@1.0:  5.0%

    Drift: dec-side
  Stage 2 epoch 100/300: loss=0.000568
  Stage 2 epoch 200/300: loss=0.000230
  Stage 2 epoch 300/300: loss=0.000124
  Stage 3 epoch 100/300: loss=0.000161
  Stage 3 epoch 200/300: loss=0.000124
  Stage 3 epoch 300/300: loss=0.000089
  rcMTE@0.1: 0.5696 (275/500 in region)
  rcMTE@0.5: 1.0898 (78/500 in region)
  rcMTE@1.0: 1.1526 (25/500 in region)
  MTE@0.1: 1.1567
  MTE@0.5: 1.8173
  MTE@1.0: 1.9783
  W2@1.0:  1.1333
  sW2@0.1: 0.6087 (275/500 in region)
  sW2@0.2: 0.8700 (204/500 in region)
  sW2@0.5: 1.0899 (78/500 in region)
  sW2@1.0: 1.5743 (25/500 in region)
  MMD@1.0: 0.2333
  Survival@1.0: 27.2%
  Stopped@1.0:  5.0%

============================================================
  hyperbolic_paraboloid | D=201 | seed=4042
============================================================

  --- AE: baseline ---
    E_mu=2.3697  E_Sigma=4.8100

    Drift: enc-pull
  Stage 2 epoch 100/300: loss=0.055286
  Stage 2 epoch 200/300: loss=0.014877
  Stage 2 epoch 300/300: loss=0.008604
  Stage 3 epoch 100/300: loss=0.000365
  Stage 3 epoch 200/300: loss=0.000315
  Stage 3 epoch 300/300: loss=0.000321
  rcMTE@0.1: 0.5077 (287/500 in region)
  rcMTE@0.5: 0.6140 (102/500 in region)
  rcMTE@1.0: 0.7038 (30/500 in region)
  MTE@0.1: 0.9116
  MTE@0.5: 1.1442
  MTE@1.0: 1.0505
  W2@1.0:  0.5806
  sW2@0.1: 0.2956 (287/500 in region)
  sW2@0.2: 0.3130 (207/500 in region)
  sW2@0.5: 0.3767 (102/500 in region)
  sW2@1.0: 0.7236 (30/500 in region)
  MMD@1.0: 0.1870
  Survival@1.0: 28.2%
  Stopped@1.0:  6.0%

    Drift: dec-side
  Stage 2 epoch 100/300: loss=0.004434
  Stage 2 epoch 200/300: loss=0.001653
  Stage 2 epoch 300/300: loss=0.000698
  Stage 3 epoch 100/300: loss=0.000365
  Stage 3 epoch 200/300: loss=0.000315
  Stage 3 epoch 300/300: loss=0.000321
  rcMTE@0.1: 0.5833 (287/500 in region)
  rcMTE@0.5: 1.0094 (102/500 in region)
  rcMTE@1.0: 1.4267 (30/500 in region)
  MTE@0.1: 1.0173
  MTE@0.5: 1.7962
  MTE@1.0: 2.3873
  W2@1.0:  2.0040
  sW2@0.1: 0.4958 (287/500 in region)
  sW2@0.2: 0.7909 (207/500 in region)
  sW2@0.5: 1.2789 (102/500 in region)
  sW2@1.0: 2.4557 (30/500 in region)
  MMD@1.0: 0.3354
  Survival@1.0: 28.2%
  Stopped@1.0:  6.0%

  --- AE: T+F ---
    E_mu=0.2358  E_Sigma=0.5054

    Drift: enc-pull
  Stage 2 epoch 100/300: loss=0.007667
  Stage 2 epoch 200/300: loss=0.008504
  Stage 2 epoch 300/300: loss=0.006915
  Stage 3 epoch 100/300: loss=0.000032
  Stage 3 epoch 200/300: loss=0.000027
  Stage 3 epoch 300/300: loss=0.000028
  rcMTE@0.1: 0.5322 (287/500 in region)
  rcMTE@0.5: 0.7910 (102/500 in region)
  rcMTE@1.0: 0.7724 (30/500 in region)
  MTE@0.1: 0.9704
  MTE@0.5: 1.4328
  MTE@1.0: 1.4127
  W2@1.0:  0.4765
  sW2@0.1: 0.4198 (287/500 in region)
  sW2@0.2: 0.5987 (207/500 in region)
  sW2@0.5: 0.6258 (102/500 in region)
  sW2@1.0: 0.7333 (30/500 in region)
  MMD@1.0: 0.2091
  Survival@1.0: 28.2%
  Stopped@1.0:  6.0%

    Drift: dec-side
  Stage 2 epoch 100/300: loss=0.000654
  Stage 2 epoch 200/300: loss=0.000426
  Stage 2 epoch 300/300: loss=0.000212
  Stage 3 epoch 100/300: loss=0.000032
  Stage 3 epoch 200/300: loss=0.000027
  Stage 3 epoch 300/300: loss=0.000028
  rcMTE@0.1: 0.5531 (287/500 in region)
  rcMTE@0.5: 0.8657 (102/500 in region)
  rcMTE@1.0: 0.9484 (30/500 in region)
  MTE@0.1: 1.0111
  MTE@0.5: 1.5717
  MTE@1.0: 1.7074
  W2@1.0:  0.9120
  sW2@0.1: 0.4881 (287/500 in region)
  sW2@0.2: 0.7479 (207/500 in region)
  sW2@0.5: 0.7108 (102/500 in region)
  sW2@1.0: 1.0747 (30/500 in region)
  MMD@1.0: 0.3157
  Survival@1.0: 28.2%
  Stopped@1.0:  6.0%

============================================================
  hyperbolic_paraboloid | D=201 | seed=5042
============================================================

  --- AE: baseline ---
    E_mu=3.2537  E_Sigma=8.3324

    Drift: enc-pull
  Stage 2 epoch 100/300: loss=0.076518
  Stage 2 epoch 200/300: loss=0.037069
  Stage 2 epoch 300/300: loss=0.021484
  Stage 3 epoch 100/300: loss=0.000898
  Stage 3 epoch 200/300: loss=0.000799
  Stage 3 epoch 300/300: loss=0.000721
  rcMTE@0.1: 0.4183 (285/500 in region)
  rcMTE@0.5: 0.5553 (93/500 in region)
  rcMTE@1.0: 0.5994 (33/500 in region)
  MTE@0.1: 0.8487
  MTE@0.5: 1.1434
  MTE@1.0: 1.0522
  W2@1.0:  0.7518
  sW2@0.1: 0.3049 (285/500 in region)
  sW2@0.2: 0.4123 (216/500 in region)
  sW2@0.5: 0.4748 (93/500 in region)
  sW2@1.0: 0.7935 (33/500 in region)
  MMD@1.0: 0.2464
  Survival@1.0: 25.8%
  Stopped@1.0:  6.6%

    Drift: dec-side
  Stage 2 epoch 100/300: loss=0.004210
  Stage 2 epoch 200/300: loss=0.002098
  Stage 2 epoch 300/300: loss=0.000773
  Stage 3 epoch 100/300: loss=0.000898
  Stage 3 epoch 200/300: loss=0.000799
  Stage 3 epoch 300/300: loss=0.000721
  rcMTE@0.1: 0.4755 (285/500 in region)
  rcMTE@0.5: 0.9468 (93/500 in region)
  rcMTE@1.0: 1.5507 (33/500 in region)
  MTE@0.1: 0.9195
  MTE@0.5: 1.5962
  MTE@1.0: 2.1251
  W2@1.0:  1.8168
  sW2@0.1: 0.4077 (285/500 in region)
  sW2@0.2: 0.5721 (216/500 in region)
  sW2@0.5: 0.9744 (93/500 in region)
  sW2@1.0: 1.9978 (33/500 in region)
  MMD@1.0: 0.3539
  Survival@1.0: 25.8%
  Stopped@1.0:  6.6%

  --- AE: T+F ---
    E_mu=0.3292  E_Sigma=0.6749

    Drift: enc-pull
  Stage 2 epoch 100/300: loss=0.006754
  Stage 2 epoch 200/300: loss=0.006094
  Stage 2 epoch 300/300: loss=0.006835
  Stage 3 epoch 100/300: loss=0.000232
  Stage 3 epoch 200/300: loss=0.000133
  Stage 3 epoch 300/300: loss=0.000120
  rcMTE@0.1: 0.3515 (285/500 in region)
  rcMTE@0.5: 0.6093 (93/500 in region)
  rcMTE@1.0: 0.5779 (33/500 in region)
  MTE@0.1: 1.0504
  MTE@0.5: 1.3714
  MTE@1.0: 1.3165
  W2@1.0:  1.0395
  sW2@0.1: 0.7795 (285/500 in region)
  sW2@0.2: 0.8404 (216/500 in region)
  sW2@0.5: 0.9247 (93/500 in region)
  sW2@1.0: 1.0449 (33/500 in region)
  MMD@1.0: 0.4109
  Survival@1.0: 25.8%
  Stopped@1.0:  6.6%

    Drift: dec-side
  Stage 2 epoch 100/300: loss=0.000841
  Stage 2 epoch 200/300: loss=0.000692
  Stage 2 epoch 300/300: loss=0.000398
  Stage 3 epoch 100/300: loss=0.000232
  Stage 3 epoch 200/300: loss=0.000133
  Stage 3 epoch 300/300: loss=0.000120
  rcMTE@0.1: 0.3666 (285/500 in region)
  rcMTE@0.5: 0.6835 (93/500 in region)
  rcMTE@1.0: 0.7721 (33/500 in region)
  MTE@0.1: 1.0680
  MTE@0.5: 1.4902
  MTE@1.0: 1.5243
  W2@1.0:  1.1617
  sW2@0.1: 0.8034 (285/500 in region)
  sW2@0.2: 0.8854 (216/500 in region)
  sW2@0.5: 1.0280 (93/500 in region)
  sW2@1.0: 1.2117 (33/500 in region)
  MMD@1.0: 0.3705
  Survival@1.0: 25.8%
  Stopped@1.0:  6.6%

============================================================
  hyperbolic_paraboloid | D=201 | seed=6042
============================================================

  --- AE: baseline ---
    E_mu=3.2420  E_Sigma=5.8830

    Drift: enc-pull
  Stage 2 epoch 100/300: loss=0.036027
  Stage 2 epoch 200/300: loss=0.030629
  Stage 2 epoch 300/300: loss=0.024788
  Stage 3 epoch 100/300: loss=0.000690
  Stage 3 epoch 200/300: loss=0.000633
  Stage 3 epoch 300/300: loss=0.000673
  rcMTE@0.1: 0.4851 (290/500 in region)
  rcMTE@0.5: 0.7661 (89/500 in region)
  rcMTE@1.0: 0.7822 (30/500 in region)
  MTE@0.1: 0.9335
  MTE@0.5: 1.4116
  MTE@1.0: 1.4105
  W2@1.0:  0.6657
  sW2@0.1: 0.3457 (290/500 in region)
  sW2@0.2: 0.3825 (208/500 in region)
  sW2@0.5: 0.5734 (89/500 in region)
  sW2@1.0: 0.5288 (30/500 in region)
  MMD@1.0: 0.1897
  Survival@1.0: 27.2%
  Stopped@1.0:  6.0%

    Drift: dec-side
  Stage 2 epoch 100/300: loss=0.007450
  Stage 2 epoch 200/300: loss=0.005481
  Stage 2 epoch 300/300: loss=0.001972
  Stage 3 epoch 100/300: loss=0.000690
  Stage 3 epoch 200/300: loss=0.000633
  Stage 3 epoch 300/300: loss=0.000673
  rcMTE@0.1: 0.5241 (290/500 in region)
  rcMTE@0.5: 1.0540 (89/500 in region)
  rcMTE@1.0: 1.5644 (30/500 in region)
  MTE@0.1: 0.9426
  MTE@0.5: 1.7735
  MTE@1.0: 2.2238
  W2@1.0:  1.3718
  sW2@0.1: 0.4406 (290/500 in region)
  sW2@0.2: 0.6014 (208/500 in region)
  sW2@0.5: 1.0263 (89/500 in region)
  sW2@1.0: 1.5310 (30/500 in region)
  MMD@1.0: 0.3051
  Survival@1.0: 27.2%
  Stopped@1.0:  6.0%

  --- AE: T+F ---
    E_mu=0.2783  E_Sigma=0.7433

    Drift: enc-pull
  Stage 2 epoch 100/300: loss=0.008413
  Stage 2 epoch 200/300: loss=0.008899
  Stage 2 epoch 300/300: loss=0.007772
  Stage 3 epoch 100/300: loss=0.000222
  Stage 3 epoch 200/300: loss=0.000164
  Stage 3 epoch 300/300: loss=0.000142
  rcMTE@0.1: 0.3487 (290/500 in region)
  rcMTE@0.5: 0.6446 (89/500 in region)
  rcMTE@1.0: 0.5867 (30/500 in region)
  MTE@0.1: 0.7829
  MTE@0.5: 1.2253
  MTE@1.0: 1.2892
  W2@1.0:  0.9235
  sW2@0.1: 0.5187 (290/500 in region)
  sW2@0.2: 0.5749 (208/500 in region)
  sW2@0.5: 0.7417 (89/500 in region)
  sW2@1.0: 0.8087 (30/500 in region)
  MMD@1.0: 0.2474
  Survival@1.0: 27.2%
  Stopped@1.0:  6.0%

    Drift: dec-side
  Stage 2 epoch 100/300: loss=0.000715
  Stage 2 epoch 200/300: loss=0.000665
  Stage 2 epoch 300/300: loss=0.000487
  Stage 3 epoch 100/300: loss=0.000222
  Stage 3 epoch 200/300: loss=0.000164
  Stage 3 epoch 300/300: loss=0.000142
  rcMTE@0.1: 0.3618 (290/500 in region)
  rcMTE@0.5: 0.7202 (89/500 in region)
  rcMTE@1.0: 0.7501 (30/500 in region)
  MTE@0.1: 0.7886
  MTE@0.5: 1.3114
  MTE@1.0: 1.5099
  W2@1.0:  1.1719
  sW2@0.1: 0.5291 (290/500 in region)
  sW2@0.2: 0.6149 (208/500 in region)
  sW2@0.5: 0.8636 (89/500 in region)
  sW2@1.0: 1.0528 (30/500 in region)
  MMD@1.0: 0.2715
  Survival@1.0: 27.2%
  Stopped@1.0:  6.0%

============================================================
  hyperbolic_paraboloid | D=201 | seed=7042
============================================================

  --- AE: baseline ---
    E_mu=2.5389  E_Sigma=2.7882

    Drift: enc-pull
  Stage 2 epoch 100/300: loss=0.034135
  Stage 2 epoch 200/300: loss=0.029827
  Stage 2 epoch 300/300: loss=0.025163
  Stage 3 epoch 100/300: loss=0.001369
  Stage 3 epoch 200/300: loss=0.000838
  Stage 3 epoch 300/300: loss=0.001005
  rcMTE@0.1: 0.4828 (316/500 in region)
  rcMTE@0.5: 0.8168 (109/500 in region)
  rcMTE@1.0: 0.7474 (29/500 in region)
  MTE@0.1: 0.8340
  MTE@0.5: 1.3366
  MTE@1.0: 1.4593
  W2@1.0:  0.7219
  sW2@0.1: 0.3325 (316/500 in region)
  sW2@0.2: 0.4685 (232/500 in region)
  sW2@0.5: 0.5631 (109/500 in region)
  sW2@1.0: 0.6117 (29/500 in region)
  MMD@1.0: 0.1568
  Survival@1.0: 28.8%
  Stopped@1.0:  5.8%

    Drift: dec-side
  Stage 2 epoch 100/300: loss=0.008607
  Stage 2 epoch 200/300: loss=0.007636
  Stage 2 epoch 300/300: loss=0.004328
  Stage 3 epoch 100/300: loss=0.001369
  Stage 3 epoch 200/300: loss=0.000838
  Stage 3 epoch 300/300: loss=0.001005
  rcMTE@0.1: 0.5450 (316/500 in region)
  rcMTE@0.5: 1.1359 (109/500 in region)
  rcMTE@1.0: 1.5038 (29/500 in region)
  MTE@0.1: 0.8771
  MTE@0.5: 1.6998
  MTE@1.0: 2.4261
  W2@1.0:  1.7038
  sW2@0.1: 0.4739 (316/500 in region)
  sW2@0.2: 0.7782 (232/500 in region)
  sW2@0.5: 1.2281 (109/500 in region)
  sW2@1.0: 1.8709 (29/500 in region)
  MMD@1.0: 0.3446
  Survival@1.0: 28.8%
  Stopped@1.0:  5.8%

  --- AE: T+F ---
    E_mu=0.1845  E_Sigma=0.4402

    Drift: enc-pull
  Stage 2 epoch 100/300: loss=0.011215
  Stage 2 epoch 200/300: loss=0.012633
  Stage 2 epoch 300/300: loss=0.011630
  Stage 3 epoch 100/300: loss=0.000126
  Stage 3 epoch 200/300: loss=0.000076
  Stage 3 epoch 300/300: loss=0.000078
  rcMTE@0.1: 0.4840 (316/500 in region)
  rcMTE@0.5: 0.8332 (109/500 in region)
  rcMTE@1.0: 0.8293 (29/500 in region)
  MTE@0.1: 0.8497
  MTE@0.5: 1.3712
  MTE@1.0: 1.5675
  W2@1.0:  0.7464
  sW2@0.1: 0.3540 (316/500 in region)
  sW2@0.2: 0.5363 (232/500 in region)
  sW2@0.5: 0.6309 (109/500 in region)
  sW2@1.0: 0.7092 (29/500 in region)
  MMD@1.0: 0.1419
  Survival@1.0: 28.8%
  Stopped@1.0:  5.8%

    Drift: dec-side
  Stage 2 epoch 100/300: loss=0.001154
  Stage 2 epoch 200/300: loss=0.000897
  Stage 2 epoch 300/300: loss=0.000618
  Stage 3 epoch 100/300: loss=0.000126
  Stage 3 epoch 200/300: loss=0.000076
  Stage 3 epoch 300/300: loss=0.000078
  rcMTE@0.1: 0.5100 (316/500 in region)
  rcMTE@0.5: 0.9886 (109/500 in region)
  rcMTE@1.0: 1.1147 (29/500 in region)
  MTE@0.1: 0.8886
  MTE@0.5: 1.5836
  MTE@1.0: 1.9995
  W2@1.0:  1.1364
  sW2@0.1: 0.4449 (316/500 in region)
  sW2@0.2: 0.7355 (232/500 in region)
  sW2@0.5: 1.0444 (109/500 in region)
  sW2@1.0: 1.2916 (29/500 in region)
  MMD@1.0: 0.2461
  Survival@1.0: 28.8%
  Stopped@1.0:  5.8%

============================================================
  hyperbolic_paraboloid | D=201 | seed=8042
============================================================

  --- AE: baseline ---
    E_mu=2.9708  E_Sigma=4.0148

    Drift: enc-pull
  Stage 2 epoch 100/300: loss=0.016374
  Stage 2 epoch 200/300: loss=0.009990
  Stage 2 epoch 300/300: loss=0.005837
  Stage 3 epoch 100/300: loss=0.000559
  Stage 3 epoch 200/300: loss=0.000535
  Stage 3 epoch 300/300: loss=0.000518
  rcMTE@0.1: 0.4402 (269/500 in region)
  rcMTE@0.5: 0.6089 (84/500 in region)
  rcMTE@1.0: 0.6697 (29/500 in region)
  MTE@0.1: 0.8766
  MTE@0.5: 1.0917
  MTE@1.0: 1.1707
  W2@1.0:  0.8048
  sW2@0.1: 0.3216 (269/500 in region)
  sW2@0.2: 0.3506 (192/500 in region)
  sW2@0.5: 0.4819 (84/500 in region)
  sW2@1.0: 0.7201 (29/500 in region)
  MMD@1.0: 0.2789
  Survival@1.0: 27.0%
  Stopped@1.0:  5.8%

    Drift: dec-side
  Stage 2 epoch 100/300: loss=0.006919
  Stage 2 epoch 200/300: loss=0.004963
  Stage 2 epoch 300/300: loss=0.002108
  Stage 3 epoch 100/300: loss=0.000559
  Stage 3 epoch 200/300: loss=0.000535
  Stage 3 epoch 300/300: loss=0.000518
  rcMTE@0.1: 0.5166 (269/500 in region)
  rcMTE@0.5: 0.9579 (84/500 in region)
  rcMTE@1.0: 0.9951 (29/500 in region)
  MTE@0.1: 0.9464
  MTE@0.5: 1.5396
  MTE@1.0: 2.0317
  W2@1.0:  1.2908
  sW2@0.1: 0.5062 (269/500 in region)
  sW2@0.2: 0.7074 (192/500 in region)
  sW2@0.5: 0.9062 (84/500 in region)
  sW2@1.0: 1.1453 (29/500 in region)
  MMD@1.0: 0.2617
  Survival@1.0: 27.0%
  Stopped@1.0:  5.8%

  --- AE: T+F ---
    E_mu=0.4146  E_Sigma=0.6087

    Drift: enc-pull
  Stage 2 epoch 100/300: loss=0.006277
  Stage 2 epoch 200/300: loss=0.007439
  Stage 2 epoch 300/300: loss=0.004043
  Stage 3 epoch 100/300: loss=0.000234
  Stage 3 epoch 200/300: loss=0.000190
  Stage 3 epoch 300/300: loss=0.000136
  rcMTE@0.1: 0.4316 (269/500 in region)
  rcMTE@0.5: 0.7257 (84/500 in region)
  rcMTE@1.0: 0.6930 (29/500 in region)
  MTE@0.1: 0.8808
  MTE@0.5: 1.2549
  MTE@1.0: 1.3873
  W2@1.0:  0.8731
  sW2@0.1: 0.4467 (269/500 in region)
  sW2@0.2: 0.4946 (192/500 in region)
  sW2@0.5: 0.5182 (84/500 in region)
  sW2@1.0: 0.9094 (29/500 in region)
  MMD@1.0: 0.1657
  Survival@1.0: 27.0%
  Stopped@1.0:  5.8%

    Drift: dec-side
  Stage 2 epoch 100/300: loss=0.000634
  Stage 2 epoch 200/300: loss=0.000333
  Stage 2 epoch 300/300: loss=0.000200
  Stage 3 epoch 100/300: loss=0.000234
  Stage 3 epoch 200/300: loss=0.000190
  Stage 3 epoch 300/300: loss=0.000136
  rcMTE@0.1: 0.4560 (269/500 in region)
  rcMTE@0.5: 0.8747 (84/500 in region)
  rcMTE@1.0: 0.9923 (29/500 in region)
  MTE@0.1: 0.9147
  MTE@0.5: 1.4726
  MTE@1.0: 1.8413
  W2@1.0:  1.0748
  sW2@0.1: 0.5102 (269/500 in region)
  sW2@0.2: 0.6064 (192/500 in region)
  sW2@0.5: 0.7634 (84/500 in region)
  sW2@1.0: 1.5347 (29/500 in region)
  MMD@1.0: 0.2431
  Survival@1.0: 27.0%
  Stopped@1.0:  5.8%

============================================================
  hyperbolic_paraboloid | D=201 | seed=9042
============================================================

  --- AE: baseline ---
    E_mu=2.5402  E_Sigma=4.1174

    Drift: enc-pull
  Stage 2 epoch 100/300: loss=0.032878
  Stage 2 epoch 200/300: loss=0.028655
  Stage 2 epoch 300/300: loss=0.021042
  Stage 3 epoch 100/300: loss=0.000572
  Stage 3 epoch 200/300: loss=0.000483
  Stage 3 epoch 300/300: loss=0.000434
  rcMTE@0.1: 0.4620 (280/500 in region)
  rcMTE@0.5: 0.7487 (85/500 in region)
  rcMTE@1.0: 0.8379 (22/500 in region)
  MTE@0.1: 0.8877
  MTE@0.5: 1.2334
  MTE@1.0: 1.3791
  W2@1.0:  0.7518
  sW2@0.1: 0.3363 (280/500 in region)
  sW2@0.2: 0.3800 (205/500 in region)
  sW2@0.5: 0.4416 (85/500 in region)
  sW2@1.0: 0.9843 (22/500 in region)
  MMD@1.0: 0.1550
  Survival@1.0: 28.2%
  Stopped@1.0:  4.4%

    Drift: dec-side
  Stage 2 epoch 100/300: loss=0.008361
  Stage 2 epoch 200/300: loss=0.004358
  Stage 2 epoch 300/300: loss=0.001494
  Stage 3 epoch 100/300: loss=0.000572
  Stage 3 epoch 200/300: loss=0.000483
  Stage 3 epoch 300/300: loss=0.000434
  rcMTE@0.1: 0.5179 (280/500 in region)
  rcMTE@0.5: 1.1139 (85/500 in region)
  rcMTE@1.0: 1.7045 (22/500 in region)
  MTE@0.1: 0.9502
  MTE@0.5: 1.8228
  MTE@1.0: 2.6675
  W2@1.0:  2.2493
  sW2@0.1: 0.5384 (280/500 in region)
  sW2@0.2: 0.7163 (205/500 in region)
  sW2@0.5: 1.3039 (85/500 in region)
  sW2@1.0: 2.7080 (22/500 in region)
  MMD@1.0: 0.3335
  Survival@1.0: 28.2%
  Stopped@1.0:  4.4%

  --- AE: T+F ---
    E_mu=0.2257  E_Sigma=0.5386

    Drift: enc-pull
  Stage 2 epoch 100/300: loss=0.005396
  Stage 2 epoch 200/300: loss=0.004532
  Stage 2 epoch 300/300: loss=0.004884
  Stage 3 epoch 100/300: loss=0.000044
  Stage 3 epoch 200/300: loss=0.000038
  Stage 3 epoch 300/300: loss=0.000038
  rcMTE@0.1: 0.4919 (280/500 in region)
  rcMTE@0.5: 0.8870 (85/500 in region)
  rcMTE@1.0: 0.8901 (22/500 in region)
  MTE@0.1: 1.0040
  MTE@0.5: 1.4817
  MTE@1.0: 1.6468
  W2@1.0:  0.8237
  sW2@0.1: 0.5164 (280/500 in region)
  sW2@0.2: 0.6468 (205/500 in region)
  sW2@0.5: 0.8347 (85/500 in region)
  sW2@1.0: 1.0798 (22/500 in region)
  MMD@1.0: 0.1882
  Survival@1.0: 28.2%
  Stopped@1.0:  4.4%

    Drift: dec-side
  Stage 2 epoch 100/300: loss=0.001006
  Stage 2 epoch 200/300: loss=0.000697
  Stage 2 epoch 300/300: loss=0.000353
  Stage 3 epoch 100/300: loss=0.000044
  Stage 3 epoch 200/300: loss=0.000038
  Stage 3 epoch 300/300: loss=0.000038
  rcMTE@0.1: 0.5172 (280/500 in region)
  rcMTE@0.5: 1.0176 (85/500 in region)
  rcMTE@1.0: 1.2405 (22/500 in region)
  MTE@0.1: 1.0472
  MTE@0.5: 1.7744
  MTE@1.0: 2.2963
  W2@1.0:  1.7691
  sW2@0.1: 0.5968 (280/500 in region)
  sW2@0.2: 0.8010 (205/500 in region)
  sW2@0.5: 1.2616 (85/500 in region)
  sW2@1.0: 2.1128 (22/500 in region)
  MMD@1.0: 0.2858
  Survival@1.0: 28.2%
  Stopped@1.0:  4.4%


Total time: 12.2 min
Saved 80 rows to rcmte_nd_sweep.csv.tmp


================================================================================
rcMTE COMPARISON SUMMARY
================================================================================

  paraboloid:
          ae       drift     rcMTE@1.0       MTE@1.0        W2@1.0          E_mu
    baseline    enc-pull  0.6627±0.253  1.2167±0.332  0.7967±0.157  2.5012±0.805
    baseline    dec-side  1.3218±0.408  2.6505±0.738  2.5625±0.892  2.5012±0.805
         T+F    enc-pull  0.8942±0.325  1.6325±0.405  1.0032±0.282  0.4333±0.140
         T+F    dec-side  1.1728±0.403  2.2078±0.539  1.7804±0.445  0.4333±0.140

    Paired comparisons (negative = first is better):
      T+F vs baseline (enc-pull)    rcMTE@1.0: Δ=+34.9%  p=0.033*
      T+F vs baseline (enc-pull)      MTE@1.0: Δ=+34.2%  p=0.011*
      T+F vs baseline (enc-pull)       W2@1.0: Δ=+25.9%  p=0.105
      enc-pull vs dec-side (T+F)    rcMTE@1.0: Δ=-23.8%  p=0.001**
      enc-pull vs dec-side (T+F)      MTE@1.0: Δ=-26.1%  p=0.000**
      enc-pull vs dec-side (T+F)       W2@1.0: Δ=-43.7%  p=0.000**

  hyperbolic_paraboloid:
          ae       drift     rcMTE@1.0       MTE@1.0        W2@1.0          E_mu
    baseline    enc-pull  0.7170±0.190  1.2808±0.280  0.6713±0.080  2.7698±0.352
    baseline    dec-side  1.3988±0.293  2.2735±0.267  1.6696±0.372  2.7698±0.352
         T+F    enc-pull  0.8244±0.206  1.6454±0.314  0.9383±0.235  0.2540±0.087
         T+F    dec-side  1.0290±0.189  1.9630±0.327  1.2815±0.263  0.2540±0.087

    Paired comparisons (negative = first is better):
      T+F vs baseline (enc-pull)    rcMTE@1.0: Δ=+15.0%  p=0.188
      T+F vs baseline (enc-pull)      MTE@1.0: Δ=+28.5%  p=0.005**
      T+F vs baseline (enc-pull)       W2@1.0: Δ=+39.8%  p=0.009**
      enc-pull vs dec-side (T+F)    rcMTE@1.0: Δ=-19.9%  p=0.000**
      enc-pull vs dec-side (T+F)      MTE@1.0: Δ=-16.2%  p=0.000**
      enc-pull vs dec-side (T+F)       W2@1.0: Δ=-26.8%  p=0.001**

=== D=201, N=100 ===
Device: cuda
D=201, N=100
Seeds (10): [42, 1042, 2042, 3042, 4042, 5042, 6042, 7042, 8042, 9042]
Surfaces: ['paraboloid', 'hyperbolic_paraboloid']


============================================================
  paraboloid | D=201 | seed=42
============================================================

  --- AE: baseline ---
    E_mu=1.5999  E_Sigma=4.0192

    Drift: enc-pull
  Stage 2 epoch 100/300: loss=0.158519
  Stage 2 epoch 200/300: loss=0.057695
  Stage 2 epoch 300/300: loss=0.038197
  Stage 3 epoch 100/300: loss=0.000436
  Stage 3 epoch 200/300: loss=0.000395
  Stage 3 epoch 300/300: loss=0.000289
  rcMTE@0.1: 0.5161 (292/500 in region)
  rcMTE@0.5: 0.7806 (97/500 in region)
  rcMTE@1.0: 0.8024 (21/500 in region)
  MTE@0.1: 0.8676
  MTE@0.5: 1.3724
  MTE@1.0: 1.4757
  W2@1.0:  0.5262
  sW2@0.1: 0.4816 (292/500 in region)
  sW2@0.2: 0.6970 (214/500 in region)
  sW2@0.5: 0.4825 (97/500 in region)
  sW2@1.0: 0.6577 (21/500 in region)
  MMD@1.0: 0.0808
  Survival@1.0: 28.0%
  Stopped@1.0:  4.2%

    Drift: dec-side
  Stage 2 epoch 100/300: loss=0.003103
  Stage 2 epoch 200/300: loss=0.001690
  Stage 2 epoch 300/300: loss=0.000600
  Stage 3 epoch 100/300: loss=0.000436
  Stage 3 epoch 200/300: loss=0.000395
  Stage 3 epoch 300/300: loss=0.000289
  rcMTE@0.1: 0.5454 (292/500 in region)
  rcMTE@0.5: 1.0302 (97/500 in region)
  rcMTE@1.0: 1.5383 (21/500 in region)
  MTE@0.1: 0.9355
  MTE@0.5: 1.9361
  MTE@1.0: 2.7442
  W2@1.0:  2.4067
  sW2@0.1: 0.7857 (292/500 in region)
  sW2@0.2: 1.2962 (214/500 in region)
  sW2@0.5: 1.7708 (97/500 in region)
  sW2@1.0: 3.4176 (21/500 in region)
  MMD@1.0: 0.3799
  Survival@1.0: 28.0%
  Stopped@1.0:  4.2%

  --- AE: T+F ---
    E_mu=0.0642  E_Sigma=0.1752

    Drift: enc-pull
  Stage 2 epoch 100/300: loss=0.007726
  Stage 2 epoch 200/300: loss=0.005290
  Stage 2 epoch 300/300: loss=0.004224
  Stage 3 epoch 100/300: loss=0.000085
  Stage 3 epoch 200/300: loss=0.000044
  Stage 3 epoch 300/300: loss=0.000028
  rcMTE@0.1: 0.4456 (292/500 in region)
  rcMTE@0.5: 0.9218 (97/500 in region)
  rcMTE@1.0: 0.8672 (21/500 in region)
  MTE@0.1: 1.0803
  MTE@0.5: 1.7597
  MTE@1.0: 1.8135
  W2@1.0:  1.0172
  sW2@0.1: 0.6882 (292/500 in region)
  sW2@0.2: 0.8169 (214/500 in region)
  sW2@0.5: 1.1650 (97/500 in region)
  sW2@1.0: 1.1304 (21/500 in region)
  MMD@1.0: 0.3351
  Survival@1.0: 28.0%
  Stopped@1.0:  4.2%

    Drift: dec-side
  Stage 2 epoch 100/300: loss=0.000393
  Stage 2 epoch 200/300: loss=0.000363
  Stage 2 epoch 300/300: loss=0.000206
  Stage 3 epoch 100/300: loss=0.000085
  Stage 3 epoch 200/300: loss=0.000044
  Stage 3 epoch 300/300: loss=0.000028
  rcMTE@0.1: 0.4545 (292/500 in region)
  rcMTE@0.5: 1.0080 (97/500 in region)
  rcMTE@1.0: 1.0321 (21/500 in region)
  MTE@0.1: 1.0948
  MTE@0.5: 1.9757
  MTE@1.0: 2.2286
  W2@1.0:  1.5804
  sW2@0.1: 0.7231 (292/500 in region)
  sW2@0.2: 0.9222 (214/500 in region)
  sW2@0.5: 1.4498 (97/500 in region)
  sW2@1.0: 1.5974 (21/500 in region)
  MMD@1.0: 0.4146
  Survival@1.0: 28.0%
  Stopped@1.0:  4.2%

============================================================
  paraboloid | D=201 | seed=1042
============================================================

  --- AE: baseline ---
    E_mu=1.9384  E_Sigma=3.5283

    Drift: enc-pull
  Stage 2 epoch 100/300: loss=0.138721
  Stage 2 epoch 200/300: loss=0.042087
  Stage 2 epoch 300/300: loss=0.036280
  Stage 3 epoch 100/300: loss=0.000345
  Stage 3 epoch 200/300: loss=0.000270
  Stage 3 epoch 300/300: loss=0.000299
  rcMTE@0.1: 0.7503 (285/500 in region)
  rcMTE@0.5: 1.0041 (98/500 in region)
  rcMTE@1.0: 1.1342 (31/500 in region)
  MTE@0.1: 1.2428
  MTE@0.5: 1.7739
  MTE@1.0: 1.9063
  W2@1.0:  0.7913
  sW2@0.1: 0.4952 (285/500 in region)
  sW2@0.2: 0.6922 (204/500 in region)
  sW2@0.5: 0.6058 (98/500 in region)
  sW2@1.0: 0.7058 (31/500 in region)
  MMD@1.0: 0.1536
  Survival@1.0: 29.8%
  Stopped@1.0:  6.2%

    Drift: dec-side
  Stage 2 epoch 100/300: loss=0.005698
  Stage 2 epoch 200/300: loss=0.001889
  Stage 2 epoch 300/300: loss=0.000967
  Stage 3 epoch 100/300: loss=0.000345
  Stage 3 epoch 200/300: loss=0.000270
  Stage 3 epoch 300/300: loss=0.000299
  rcMTE@0.1: 0.7884 (285/500 in region)
  rcMTE@0.5: 1.4288 (98/500 in region)
  rcMTE@1.0: 1.6823 (31/500 in region)
  MTE@0.1: 1.3262
  MTE@0.5: 2.5808
  MTE@1.0: 3.4754
  W2@1.0:  2.9801
  sW2@0.1: 0.6950 (285/500 in region)
  sW2@0.2: 1.1594 (204/500 in region)
  sW2@0.5: 1.8452 (98/500 in region)
  sW2@1.0: 2.3781 (31/500 in region)
  MMD@1.0: 0.3672
  Survival@1.0: 29.8%
  Stopped@1.0:  6.2%

  --- AE: T+F ---
    E_mu=0.1700  E_Sigma=0.2654

    Drift: enc-pull
  Stage 2 epoch 100/300: loss=0.002261
  Stage 2 epoch 200/300: loss=0.001122
  Stage 2 epoch 300/300: loss=0.001008
  Stage 3 epoch 100/300: loss=0.000045
  Stage 3 epoch 200/300: loss=0.000038
  Stage 3 epoch 300/300: loss=0.000037
  rcMTE@0.1: 0.5214 (285/500 in region)
  rcMTE@0.5: 0.7497 (98/500 in region)
  rcMTE@1.0: 1.0624 (31/500 in region)
  MTE@0.1: 0.8610
  MTE@0.5: 1.4739
  MTE@1.0: 1.7706
  W2@1.0:  1.0161
  sW2@0.1: 0.5768 (285/500 in region)
  sW2@0.2: 0.6547 (204/500 in region)
  sW2@0.5: 0.6795 (98/500 in region)
  sW2@1.0: 1.3761 (31/500 in region)
  MMD@1.0: 0.2964
  Survival@1.0: 29.8%
  Stopped@1.0:  6.2%

    Drift: dec-side
  Stage 2 epoch 100/300: loss=0.001070
  Stage 2 epoch 200/300: loss=0.000552
  Stage 2 epoch 300/300: loss=0.000382
  Stage 3 epoch 100/300: loss=0.000045
  Stage 3 epoch 200/300: loss=0.000038
  Stage 3 epoch 300/300: loss=0.000037
  rcMTE@0.1: 0.5321 (285/500 in region)
  rcMTE@0.5: 0.8081 (98/500 in region)
  rcMTE@1.0: 1.1750 (31/500 in region)
  MTE@0.1: 0.8827
  MTE@0.5: 1.6240
  MTE@1.0: 2.0312
  W2@1.0:  1.3960
  sW2@0.1: 0.6170 (285/500 in region)
  sW2@0.2: 0.7405 (204/500 in region)
  sW2@0.5: 0.9067 (98/500 in region)
  sW2@1.0: 1.7004 (31/500 in region)
  MMD@1.0: 0.3795
  Survival@1.0: 29.8%
  Stopped@1.0:  6.2%

============================================================
  paraboloid | D=201 | seed=2042
============================================================

  --- AE: baseline ---
    E_mu=1.2103  E_Sigma=2.1382

    Drift: enc-pull
  Stage 2 epoch 100/300: loss=0.092222
  Stage 2 epoch 200/300: loss=0.055239
  Stage 2 epoch 300/300: loss=0.033881
  Stage 3 epoch 100/300: loss=0.000386
  Stage 3 epoch 200/300: loss=0.000283
  Stage 3 epoch 300/300: loss=0.000255
  rcMTE@0.1: 0.2048 (293/500 in region)
  rcMTE@0.5: 0.4619 (88/500 in region)
  rcMTE@1.0: 0.7613 (24/500 in region)
  MTE@0.1: 0.4663
  MTE@0.5: 0.8675
  MTE@1.0: 1.2092
  W2@1.0:  1.3968
  sW2@0.1: 0.2810 (293/500 in region)
  sW2@0.2: 0.3834 (212/500 in region)
  sW2@0.5: 0.6912 (88/500 in region)
  sW2@1.0: 1.3092 (24/500 in region)
  MMD@1.0: 0.2559
  Survival@1.0: 26.6%
  Stopped@1.0:  4.8%

    Drift: dec-side
  Stage 2 epoch 100/300: loss=0.007329
  Stage 2 epoch 200/300: loss=0.002800
  Stage 2 epoch 300/300: loss=0.000526
  Stage 3 epoch 100/300: loss=0.000386
  Stage 3 epoch 200/300: loss=0.000283
  Stage 3 epoch 300/300: loss=0.000255
  rcMTE@0.1: 0.1995 (293/500 in region)
  rcMTE@0.5: 0.5412 (88/500 in region)
  rcMTE@1.0: 1.0759 (24/500 in region)
  MTE@0.1: 0.4573
  MTE@0.5: 1.2708
  MTE@1.0: 2.2231
  W2@1.0:  2.6038
  sW2@0.1: 0.3118 (293/500 in region)
  sW2@0.2: 0.4396 (212/500 in region)
  sW2@0.5: 0.9943 (88/500 in region)
  sW2@1.0: 2.4365 (24/500 in region)
  MMD@1.0: 0.4158
  Survival@1.0: 26.6%
  Stopped@1.0:  4.8%

  --- AE: T+F ---
    E_mu=0.0897  E_Sigma=0.2668

    Drift: enc-pull
  Stage 2 epoch 100/300: loss=0.004708
  Stage 2 epoch 200/300: loss=0.004899
  Stage 2 epoch 300/300: loss=0.004243
  Stage 3 epoch 100/300: loss=0.000141
  Stage 3 epoch 200/300: loss=0.000110
  Stage 3 epoch 300/300: loss=0.000090
  rcMTE@0.1: 0.4170 (293/500 in region)
  rcMTE@0.5: 0.7222 (88/500 in region)
  rcMTE@1.0: 0.7416 (24/500 in region)
  MTE@0.1: 0.8769
  MTE@0.5: 1.4314
  MTE@1.0: 1.5630
  W2@1.0:  1.1713
  sW2@0.1: 0.4867 (293/500 in region)
  sW2@0.2: 0.6653 (212/500 in region)
  sW2@0.5: 0.9530 (88/500 in region)
  sW2@1.0: 0.9782 (24/500 in region)
  MMD@1.0: 0.2417
  Survival@1.0: 26.6%
  Stopped@1.0:  4.8%

    Drift: dec-side
  Stage 2 epoch 100/300: loss=0.000526
  Stage 2 epoch 200/300: loss=0.000350
  Stage 2 epoch 300/300: loss=0.000263
  Stage 3 epoch 100/300: loss=0.000141
  Stage 3 epoch 200/300: loss=0.000110
  Stage 3 epoch 300/300: loss=0.000090
  rcMTE@0.1: 0.4268 (293/500 in region)
  rcMTE@0.5: 0.7967 (88/500 in region)
  rcMTE@1.0: 0.7791 (24/500 in region)
  MTE@0.1: 0.8948
  MTE@0.5: 1.5840
  MTE@1.0: 1.8498
  W2@1.0:  1.4682
  sW2@0.1: 0.5261 (293/500 in region)
  sW2@0.2: 0.7230 (212/500 in region)
  sW2@0.5: 1.1649 (88/500 in region)
  sW2@1.0: 1.1329 (24/500 in region)
  MMD@1.0: 0.3192
  Survival@1.0: 26.6%
  Stopped@1.0:  4.8%

============================================================
  paraboloid | D=201 | seed=3042
============================================================

  --- AE: baseline ---
    E_mu=1.1736  E_Sigma=1.6871

    Drift: enc-pull
  Stage 2 epoch 100/300: loss=0.174958
  Stage 2 epoch 200/300: loss=0.122398
  Stage 2 epoch 300/300: loss=0.080791
  Stage 3 epoch 100/300: loss=0.000602
  Stage 3 epoch 200/300: loss=0.000443
  Stage 3 epoch 300/300: loss=0.000299
  rcMTE@0.1: 0.2034 (275/500 in region)
  rcMTE@0.5: 0.4532 (78/500 in region)
  rcMTE@1.0: 0.6624 (25/500 in region)
  MTE@0.1: 0.5017
  MTE@0.5: 0.8953
  MTE@1.0: 1.1293
  W2@1.0:  0.9245
  sW2@0.1: 0.2661 (275/500 in region)
  sW2@0.2: 0.3370 (204/500 in region)
  sW2@0.5: 0.6905 (78/500 in region)
  sW2@1.0: 1.0479 (25/500 in region)
  MMD@1.0: 0.2546
  Survival@1.0: 27.2%
  Stopped@1.0:  5.0%

    Drift: dec-side
  Stage 2 epoch 100/300: loss=0.006690
  Stage 2 epoch 200/300: loss=0.001652
  Stage 2 epoch 300/300: loss=0.000521
  Stage 3 epoch 100/300: loss=0.000602
  Stage 3 epoch 200/300: loss=0.000443
  Stage 3 epoch 300/300: loss=0.000299
  rcMTE@0.1: 0.2116 (275/500 in region)
  rcMTE@0.5: 0.4403 (78/500 in region)
  rcMTE@1.0: 0.7864 (25/500 in region)
  MTE@0.1: 0.5036
  MTE@0.5: 1.1554
  MTE@1.0: 1.8867
  W2@1.0:  1.9840
  sW2@0.1: 0.3331 (275/500 in region)
  sW2@0.2: 0.4183 (204/500 in region)
  sW2@0.5: 0.8800 (78/500 in region)
  sW2@1.0: 1.9162 (25/500 in region)
  MMD@1.0: 0.3747
  Survival@1.0: 27.2%
  Stopped@1.0:  5.0%

  --- AE: T+F ---
    E_mu=0.0812  E_Sigma=0.4276

    Drift: enc-pull
  Stage 2 epoch 100/300: loss=0.004101
  Stage 2 epoch 200/300: loss=0.004248
  Stage 2 epoch 300/300: loss=0.003099
  Stage 3 epoch 100/300: loss=0.000055
  Stage 3 epoch 200/300: loss=0.000045
  Stage 3 epoch 300/300: loss=0.000033
  rcMTE@0.1: 0.5374 (275/500 in region)
  rcMTE@0.5: 0.9257 (78/500 in region)
  rcMTE@1.0: 0.8868 (25/500 in region)
  MTE@0.1: 1.4628
  MTE@0.5: 1.9479
  MTE@1.0: 2.2029
  W2@1.0:  1.5605
  sW2@0.1: 1.0762 (275/500 in region)
  sW2@0.2: 1.1270 (204/500 in region)
  sW2@0.5: 1.5077 (78/500 in region)
  sW2@1.0: 1.5393 (25/500 in region)
  MMD@1.0: 0.4137
  Survival@1.0: 27.2%
  Stopped@1.0:  5.0%

    Drift: dec-side
  Stage 2 epoch 100/300: loss=0.000380
  Stage 2 epoch 200/300: loss=0.000275
  Stage 2 epoch 300/300: loss=0.000262
  Stage 3 epoch 100/300: loss=0.000055
  Stage 3 epoch 200/300: loss=0.000045
  Stage 3 epoch 300/300: loss=0.000033
  rcMTE@0.1: 0.5444 (275/500 in region)
  rcMTE@0.5: 0.9800 (78/500 in region)
  rcMTE@1.0: 0.9707 (25/500 in region)
  MTE@0.1: 1.4757
  MTE@0.5: 2.0694
  MTE@1.0: 2.5790
  W2@1.0:  2.0962
  sW2@0.1: 1.0941 (275/500 in region)
  sW2@0.2: 1.1686 (204/500 in region)
  sW2@0.5: 1.6641 (78/500 in region)
  sW2@1.0: 1.7868 (25/500 in region)
  MMD@1.0: 0.4466
  Survival@1.0: 27.2%
  Stopped@1.0:  5.0%

============================================================
  paraboloid | D=201 | seed=4042
============================================================

  --- AE: baseline ---
    E_mu=1.4288  E_Sigma=2.8858

    Drift: enc-pull
  Stage 2 epoch 100/300: loss=0.113697
  Stage 2 epoch 200/300: loss=0.065905
  Stage 2 epoch 300/300: loss=0.040309
  Stage 3 epoch 100/300: loss=0.000656
  Stage 3 epoch 200/300: loss=0.000299
  Stage 3 epoch 300/300: loss=0.000277
  rcMTE@0.1: 0.5276 (287/500 in region)
  rcMTE@0.5: 0.7622 (102/500 in region)
  rcMTE@1.0: 0.7031 (30/500 in region)
  MTE@0.1: 0.9101
  MTE@0.5: 1.3155
  MTE@1.0: 1.2810
  W2@1.0:  0.4529
  sW2@0.1: 0.4306 (287/500 in region)
  sW2@0.2: 0.6145 (207/500 in region)
  sW2@0.5: 0.4882 (102/500 in region)
  sW2@1.0: 0.6918 (30/500 in region)
  MMD@1.0: 0.1148
  Survival@1.0: 28.2%
  Stopped@1.0:  6.0%

    Drift: dec-side
  Stage 2 epoch 100/300: loss=0.012098
  Stage 2 epoch 200/300: loss=0.001971
  Stage 2 epoch 300/300: loss=0.001138
  Stage 3 epoch 100/300: loss=0.000656
  Stage 3 epoch 200/300: loss=0.000299
  Stage 3 epoch 300/300: loss=0.000277
  rcMTE@0.1: 0.5687 (287/500 in region)
  rcMTE@0.5: 1.1022 (102/500 in region)
  rcMTE@1.0: 1.2447 (30/500 in region)
  MTE@0.1: 0.9575
  MTE@0.5: 2.0081
  MTE@1.0: 3.1120
  W2@1.0:  3.2193
  sW2@0.1: 0.6795 (287/500 in region)
  sW2@0.2: 1.1581 (207/500 in region)
  sW2@0.5: 1.5498 (102/500 in region)
  sW2@1.0: 2.5492 (30/500 in region)
  MMD@1.0: 0.3794
  Survival@1.0: 28.2%
  Stopped@1.0:  6.0%

  --- AE: T+F ---
    E_mu=0.1090  E_Sigma=0.5615

    Drift: enc-pull
  Stage 2 epoch 100/300: loss=0.004320
  Stage 2 epoch 200/300: loss=0.001997
  Stage 2 epoch 300/300: loss=0.001506
  Stage 3 epoch 100/300: loss=0.000139
  Stage 3 epoch 200/300: loss=0.000140
  Stage 3 epoch 300/300: loss=0.000094
  rcMTE@0.1: 0.3677 (287/500 in region)
  rcMTE@0.5: 0.4523 (102/500 in region)
  rcMTE@1.0: 0.4475 (30/500 in region)
  MTE@0.1: 1.1067
  MTE@0.5: 1.3146
  MTE@1.0: 1.2355
  W2@1.0:  0.9367
  sW2@0.1: 0.9109 (287/500 in region)
  sW2@0.2: 1.0159 (207/500 in region)
  sW2@0.5: 0.8964 (102/500 in region)
  sW2@1.0: 0.9942 (30/500 in region)
  MMD@1.0: 0.4188
  Survival@1.0: 28.2%
  Stopped@1.0:  6.0%

    Drift: dec-side
  Stage 2 epoch 100/300: loss=0.000292
  Stage 2 epoch 200/300: loss=0.000194
  Stage 2 epoch 300/300: loss=0.000151
  Stage 3 epoch 100/300: loss=0.000139
  Stage 3 epoch 200/300: loss=0.000140
  Stage 3 epoch 300/300: loss=0.000094
  rcMTE@0.1: 0.3815 (287/500 in region)
  rcMTE@0.5: 0.4987 (102/500 in region)
  rcMTE@1.0: 0.5887 (30/500 in region)
  MTE@0.1: 1.1393
  MTE@0.5: 1.4444
  MTE@1.0: 1.5103
  W2@1.0:  1.2368
  sW2@0.1: 0.9406 (287/500 in region)
  sW2@0.2: 1.1061 (207/500 in region)
  sW2@0.5: 1.0182 (102/500 in region)
  sW2@1.0: 1.1613 (30/500 in region)
  MMD@1.0: 0.4545
  Survival@1.0: 28.2%
  Stopped@1.0:  6.0%

============================================================
  paraboloid | D=201 | seed=5042
============================================================

  --- AE: baseline ---
    E_mu=1.6525  E_Sigma=3.2684

    Drift: enc-pull
  Stage 2 epoch 100/300: loss=0.104265
  Stage 2 epoch 200/300: loss=0.098608
  Stage 2 epoch 300/300: loss=0.083173
  Stage 3 epoch 100/300: loss=0.000400
  Stage 3 epoch 200/300: loss=0.000266
  Stage 3 epoch 300/300: loss=0.000251
  rcMTE@0.1: 0.5610 (285/500 in region)
  rcMTE@0.5: 0.8379 (93/500 in region)
  rcMTE@1.0: 0.8816 (33/500 in region)
  MTE@0.1: 0.9868
  MTE@0.5: 1.5315
  MTE@1.0: 1.4348
  W2@1.0:  0.7289
  sW2@0.1: 0.4322 (285/500 in region)
  sW2@0.2: 0.5560 (216/500 in region)
  sW2@0.5: 0.5325 (93/500 in region)
  sW2@1.0: 0.9991 (33/500 in region)
  MMD@1.0: 0.2057
  Survival@1.0: 25.8%
  Stopped@1.0:  6.6%

    Drift: dec-side
  Stage 2 epoch 100/300: loss=0.002455
  Stage 2 epoch 200/300: loss=0.001451
  Stage 2 epoch 300/300: loss=0.000639
  Stage 3 epoch 100/300: loss=0.000400
  Stage 3 epoch 200/300: loss=0.000266
  Stage 3 epoch 300/300: loss=0.000251
  rcMTE@0.1: 0.5932 (285/500 in region)
  rcMTE@0.5: 1.0939 (93/500 in region)
  rcMTE@1.0: 1.3195 (33/500 in region)
  MTE@0.1: 1.0612
  MTE@0.5: 2.1193
  MTE@1.0: 2.6669
  W2@1.0:  2.5131
  sW2@0.1: 0.6648 (285/500 in region)
  sW2@0.2: 0.9932 (216/500 in region)
  sW2@0.5: 1.4784 (93/500 in region)
  sW2@1.0: 2.0884 (33/500 in region)
  MMD@1.0: 0.4039
  Survival@1.0: 25.8%
  Stopped@1.0:  6.6%

  --- AE: T+F ---
    E_mu=0.0876  E_Sigma=0.1408

    Drift: enc-pull
  Stage 2 epoch 100/300: loss=0.003873
  Stage 2 epoch 200/300: loss=0.003753
  Stage 2 epoch 300/300: loss=0.003491
  Stage 3 epoch 100/300: loss=0.000046
  Stage 3 epoch 200/300: loss=0.000023
  Stage 3 epoch 300/300: loss=0.000020
  rcMTE@0.1: 0.5308 (285/500 in region)
  rcMTE@0.5: 0.8614 (93/500 in region)
  rcMTE@1.0: 1.0773 (33/500 in region)
  MTE@0.1: 1.0726
  MTE@0.5: 1.6966
  MTE@1.0: 1.7779
  W2@1.0:  1.2362
  sW2@0.1: 0.6464 (285/500 in region)
  sW2@0.2: 0.8874 (216/500 in region)
  sW2@0.5: 0.9771 (93/500 in region)
  sW2@1.0: 1.4023 (33/500 in region)
  MMD@1.0: 0.3693
  Survival@1.0: 25.8%
  Stopped@1.0:  6.6%

    Drift: dec-side
  Stage 2 epoch 100/300: loss=0.000371
  Stage 2 epoch 200/300: loss=0.000238
  Stage 2 epoch 300/300: loss=0.000154
  Stage 3 epoch 100/300: loss=0.000046
  Stage 3 epoch 200/300: loss=0.000023
  Stage 3 epoch 300/300: loss=0.000020
  rcMTE@0.1: 0.5373 (285/500 in region)
  rcMTE@0.5: 0.9213 (93/500 in region)
  rcMTE@1.0: 1.2729 (33/500 in region)
  MTE@0.1: 1.0872
  MTE@0.5: 1.8602
  MTE@1.0: 2.1652
  W2@1.0:  1.7652
  sW2@0.1: 0.6826 (285/500 in region)
  sW2@0.2: 0.9738 (216/500 in region)
  sW2@0.5: 1.1983 (93/500 in region)
  sW2@1.0: 1.8826 (33/500 in region)
  MMD@1.0: 0.4248
  Survival@1.0: 25.8%
  Stopped@1.0:  6.6%

============================================================
  paraboloid | D=201 | seed=6042
============================================================

  --- AE: baseline ---
    E_mu=1.4121  E_Sigma=2.4217

    Drift: enc-pull
  Stage 2 epoch 100/300: loss=0.035764
  Stage 2 epoch 200/300: loss=0.024269
  Stage 2 epoch 300/300: loss=0.019168
  Stage 3 epoch 100/300: loss=0.000345
  Stage 3 epoch 200/300: loss=0.000280
  Stage 3 epoch 300/300: loss=0.000263
  rcMTE@0.1: 0.3601 (290/500 in region)
  rcMTE@0.5: 0.5417 (89/500 in region)
  rcMTE@1.0: 0.5317 (30/500 in region)
  MTE@0.1: 0.6506
  MTE@0.5: 1.0710
  MTE@1.0: 1.0403
  W2@1.0:  0.6502
  sW2@0.1: 0.3102 (290/500 in region)
  sW2@0.2: 0.3343 (208/500 in region)
  sW2@0.5: 0.3925 (89/500 in region)
  sW2@1.0: 0.4755 (30/500 in region)
  MMD@1.0: 0.1421
  Survival@1.0: 27.2%
  Stopped@1.0:  6.0%

    Drift: dec-side
  Stage 2 epoch 100/300: loss=0.003975
  Stage 2 epoch 200/300: loss=0.001739
  Stage 2 epoch 300/300: loss=0.000714
  Stage 3 epoch 100/300: loss=0.000345
  Stage 3 epoch 200/300: loss=0.000280
  Stage 3 epoch 300/300: loss=0.000263
  rcMTE@0.1: 0.3865 (290/500 in region)
  rcMTE@0.5: 0.7302 (89/500 in region)
  rcMTE@1.0: 0.8469 (30/500 in region)
  MTE@0.1: 0.6609
  MTE@0.5: 1.3609
  MTE@1.0: 1.6826
  W2@1.0:  1.6981
  sW2@0.1: 0.4132 (290/500 in region)
  sW2@0.2: 0.5616 (208/500 in region)
  sW2@0.5: 0.9295 (89/500 in region)
  sW2@1.0: 1.2847 (30/500 in region)
  MMD@1.0: 0.3361
  Survival@1.0: 27.2%
  Stopped@1.0:  6.0%

  --- AE: T+F ---
    E_mu=0.1473  E_Sigma=0.6849

    Drift: enc-pull
  Stage 2 epoch 100/300: loss=0.003705
  Stage 2 epoch 200/300: loss=0.003717
  Stage 2 epoch 300/300: loss=0.003182
  Stage 3 epoch 100/300: loss=0.000119
  Stage 3 epoch 200/300: loss=0.000079
  Stage 3 epoch 300/300: loss=0.000062
  rcMTE@0.1: 0.3755 (290/500 in region)
  rcMTE@0.5: 0.5498 (89/500 in region)
  rcMTE@1.0: 0.4817 (30/500 in region)
  MTE@0.1: 0.8362
  MTE@0.5: 1.2109
  MTE@1.0: 1.1927
  W2@1.0:  0.7858
  sW2@0.1: 0.5925 (290/500 in region)
  sW2@0.2: 0.6218 (208/500 in region)
  sW2@0.5: 0.6066 (89/500 in region)
  sW2@1.0: 0.6684 (30/500 in region)
  MMD@1.0: 0.2568
  Survival@1.0: 27.2%
  Stopped@1.0:  6.0%

    Drift: dec-side
  Stage 2 epoch 100/300: loss=0.000687
  Stage 2 epoch 200/300: loss=0.000596
  Stage 2 epoch 300/300: loss=0.000316
  Stage 3 epoch 100/300: loss=0.000119
  Stage 3 epoch 200/300: loss=0.000079
  Stage 3 epoch 300/300: loss=0.000062
  rcMTE@0.1: 0.3825 (290/500 in region)
  rcMTE@0.5: 0.6101 (89/500 in region)
  rcMTE@1.0: 0.5671 (30/500 in region)
  MTE@0.1: 0.8408
  MTE@0.5: 1.2988
  MTE@1.0: 1.3353
  W2@1.0:  0.8492
  sW2@0.1: 0.6084 (290/500 in region)
  sW2@0.2: 0.6597 (208/500 in region)
  sW2@0.5: 0.7301 (89/500 in region)
  sW2@1.0: 0.6955 (30/500 in region)
  MMD@1.0: 0.3061
  Survival@1.0: 27.2%
  Stopped@1.0:  6.0%

============================================================
  paraboloid | D=201 | seed=7042
============================================================

  --- AE: baseline ---
    E_mu=1.3834  E_Sigma=2.6511

    Drift: enc-pull
  Stage 2 epoch 100/300: loss=0.127907
  Stage 2 epoch 200/300: loss=0.077698
  Stage 2 epoch 300/300: loss=0.046338
  Stage 3 epoch 100/300: loss=0.000364
  Stage 3 epoch 200/300: loss=0.000367
  Stage 3 epoch 300/300: loss=0.000337
  rcMTE@0.1: 0.6050 (316/500 in region)
  rcMTE@0.5: 0.8924 (109/500 in region)
  rcMTE@1.0: 0.8927 (29/500 in region)
  MTE@0.1: 1.0373
  MTE@0.5: 1.5006
  MTE@1.0: 1.5431
  W2@1.0:  0.7904
  sW2@0.1: 0.4288 (316/500 in region)
  sW2@0.2: 0.5354 (232/500 in region)
  sW2@0.5: 0.6434 (109/500 in region)
  sW2@1.0: 0.7680 (29/500 in region)
  MMD@1.0: 0.1827
  Survival@1.0: 28.8%
  Stopped@1.0:  5.8%

    Drift: dec-side
  Stage 2 epoch 100/300: loss=0.003877
  Stage 2 epoch 200/300: loss=0.000945
  Stage 2 epoch 300/300: loss=0.000505
  Stage 3 epoch 100/300: loss=0.000364
  Stage 3 epoch 200/300: loss=0.000367
  Stage 3 epoch 300/300: loss=0.000337
  rcMTE@0.1: 0.6734 (316/500 in region)
  rcMTE@0.5: 1.1996 (109/500 in region)
  rcMTE@1.0: 1.4104 (29/500 in region)
  MTE@0.1: 1.1580
  MTE@0.5: 2.1630
  MTE@1.0: 2.8426
  W2@1.0:  2.2503
  sW2@0.1: 0.7811 (316/500 in region)
  sW2@0.2: 1.2191 (232/500 in region)
  sW2@0.5: 1.5519 (109/500 in region)
  sW2@1.0: 1.8608 (29/500 in region)
  MMD@1.0: 0.3038
  Survival@1.0: 28.8%
  Stopped@1.0:  5.8%

  --- AE: T+F ---
    E_mu=0.1210  E_Sigma=0.2120

    Drift: enc-pull
  Stage 2 epoch 100/300: loss=0.007516
  Stage 2 epoch 200/300: loss=0.006613
  Stage 2 epoch 300/300: loss=0.007026
  Stage 3 epoch 100/300: loss=0.000140
  Stage 3 epoch 200/300: loss=0.000097
  Stage 3 epoch 300/300: loss=0.000095
  rcMTE@0.1: 0.5928 (316/500 in region)
  rcMTE@0.5: 0.9704 (109/500 in region)
  rcMTE@1.0: 1.0101 (29/500 in region)
  MTE@0.1: 1.0804
  MTE@0.5: 1.7102
  MTE@1.0: 1.9873
  W2@1.0:  1.0183
  sW2@0.1: 0.6808 (316/500 in region)
  sW2@0.2: 0.9233 (232/500 in region)
  sW2@0.5: 0.9283 (109/500 in region)
  sW2@1.0: 1.1321 (29/500 in region)
  MMD@1.0: 0.2305
  Survival@1.0: 28.8%
  Stopped@1.0:  5.8%

    Drift: dec-side
  Stage 2 epoch 100/300: loss=0.000917
  Stage 2 epoch 200/300: loss=0.000675
  Stage 2 epoch 300/300: loss=0.000476
  Stage 3 epoch 100/300: loss=0.000140
  Stage 3 epoch 200/300: loss=0.000097
  Stage 3 epoch 300/300: loss=0.000095
  rcMTE@0.1: 0.6129 (316/500 in region)
  rcMTE@0.5: 1.1016 (109/500 in region)
  rcMTE@1.0: 1.2130 (29/500 in region)
  MTE@0.1: 1.1146
  MTE@0.5: 1.9519
  MTE@1.0: 2.4227
  W2@1.0:  1.6349
  sW2@0.1: 0.7873 (316/500 in region)
  sW2@0.2: 1.1605 (232/500 in region)
  sW2@0.5: 1.3432 (109/500 in region)
  sW2@1.0: 1.8077 (29/500 in region)
  MMD@1.0: 0.3454
  Survival@1.0: 28.8%
  Stopped@1.0:  5.8%

============================================================
  paraboloid | D=201 | seed=8042
============================================================

  --- AE: baseline ---
    E_mu=2.2630  E_Sigma=5.8489

    Drift: enc-pull
  Stage 2 epoch 100/300: loss=0.110726
  Stage 2 epoch 200/300: loss=0.085608
  Stage 2 epoch 300/300: loss=0.093483
  Stage 3 epoch 100/300: loss=0.000529
  Stage 3 epoch 200/300: loss=0.000385
  Stage 3 epoch 300/300: loss=0.000387
  rcMTE@0.1: 0.5427 (269/500 in region)
  rcMTE@0.5: 0.7970 (84/500 in region)
  rcMTE@1.0: 0.8581 (29/500 in region)
  MTE@0.1: 1.0218
  MTE@0.5: 1.2987
  MTE@1.0: 1.4262
  W2@1.0:  0.8865
  sW2@0.1: 0.4811 (269/500 in region)
  sW2@0.2: 0.6297 (192/500 in region)
  sW2@0.5: 0.6701 (84/500 in region)
  sW2@1.0: 0.9698 (29/500 in region)
  MMD@1.0: 0.2169
  Survival@1.0: 27.0%
  Stopped@1.0:  5.8%

    Drift: dec-side
  Stage 2 epoch 100/300: loss=0.002719
  Stage 2 epoch 200/300: loss=0.004335
  Stage 2 epoch 300/300: loss=0.001017
  Stage 3 epoch 100/300: loss=0.000529
  Stage 3 epoch 200/300: loss=0.000385
  Stage 3 epoch 300/300: loss=0.000387
  rcMTE@0.1: 0.5652 (269/500 in region)
  rcMTE@0.5: 0.9308 (84/500 in region)
  rcMTE@1.0: 0.9951 (29/500 in region)
  MTE@0.1: 1.0754
  MTE@0.5: 1.7321
  MTE@1.0: 2.3320
  W2@1.0:  1.9456
  sW2@0.1: 0.7658 (269/500 in region)
  sW2@0.2: 1.2318 (192/500 in region)
  sW2@0.5: 1.1618 (84/500 in region)
  sW2@1.0: 1.3330 (29/500 in region)
  MMD@1.0: 0.3200
  Survival@1.0: 27.0%
  Stopped@1.0:  5.8%

  --- AE: T+F ---
    E_mu=0.2190  E_Sigma=0.3658

    Drift: enc-pull
  Stage 2 epoch 100/300: loss=0.003252
  Stage 2 epoch 200/300: loss=0.009892
  Stage 2 epoch 300/300: loss=0.002261
  Stage 3 epoch 100/300: loss=0.000124
  Stage 3 epoch 200/300: loss=0.000064
  Stage 3 epoch 300/300: loss=0.000063
  rcMTE@0.1: 0.5076 (269/500 in region)
  rcMTE@0.5: 1.0247 (84/500 in region)
  rcMTE@1.0: 1.2758 (29/500 in region)
  MTE@0.1: 1.1305
  MTE@0.5: 1.7347
  MTE@1.0: 2.1778
  W2@1.0:  1.5146
  sW2@0.1: 0.7739 (269/500 in region)
  sW2@0.2: 1.0113 (192/500 in region)
  sW2@0.5: 1.4493 (84/500 in region)
  sW2@1.0: 1.9400 (29/500 in region)
  MMD@1.0: 0.3068
  Survival@1.0: 27.0%
  Stopped@1.0:  5.8%

    Drift: dec-side
  Stage 2 epoch 100/300: loss=0.000610
  Stage 2 epoch 200/300: loss=0.000546
  Stage 2 epoch 300/300: loss=0.000201
  Stage 3 epoch 100/300: loss=0.000124
  Stage 3 epoch 200/300: loss=0.000064
  Stage 3 epoch 300/300: loss=0.000063
  rcMTE@0.1: 0.5175 (269/500 in region)
  rcMTE@0.5: 1.1200 (84/500 in region)
  rcMTE@1.0: 1.6128 (29/500 in region)
  MTE@0.1: 1.1423
  MTE@0.5: 1.9314
  MTE@1.0: 2.6210
  W2@1.0:  2.0178
  sW2@0.1: 0.8037 (269/500 in region)
  sW2@0.2: 1.0880 (192/500 in region)
  sW2@0.5: 1.7486 (84/500 in region)
  sW2@1.0: 2.7774 (29/500 in region)
  MMD@1.0: 0.3906
  Survival@1.0: 27.0%
  Stopped@1.0:  5.8%

============================================================
  paraboloid | D=201 | seed=9042
============================================================

  --- AE: baseline ---
    E_mu=1.3923  E_Sigma=2.9631

    Drift: enc-pull
  Stage 2 epoch 100/300: loss=0.043800
  Stage 2 epoch 200/300: loss=0.038421
  Stage 2 epoch 300/300: loss=0.050824
  Stage 3 epoch 100/300: loss=0.000407
  Stage 3 epoch 200/300: loss=0.000314
  Stage 3 epoch 300/300: loss=0.000418
  rcMTE@0.1: 0.4929 (280/500 in region)
  rcMTE@0.5: 0.9240 (85/500 in region)
  rcMTE@1.0: 1.0661 (22/500 in region)
  MTE@0.1: 0.9486
  MTE@0.5: 1.4689
  MTE@1.0: 1.6673
  W2@1.0:  1.1435
  sW2@0.1: 0.5117 (280/500 in region)
  sW2@0.2: 0.6567 (205/500 in region)
  sW2@0.5: 0.9160 (85/500 in region)
  sW2@1.0: 1.2454 (22/500 in region)
  MMD@1.0: 0.1906
  Survival@1.0: 28.2%
  Stopped@1.0:  4.4%

    Drift: dec-side
  Stage 2 epoch 100/300: loss=0.008885
  Stage 2 epoch 200/300: loss=0.002700
  Stage 2 epoch 300/300: loss=0.001249
  Stage 3 epoch 100/300: loss=0.000407
  Stage 3 epoch 200/300: loss=0.000314
  Stage 3 epoch 300/300: loss=0.000418
  rcMTE@0.1: 0.5348 (280/500 in region)
  rcMTE@0.5: 1.2011 (85/500 in region)
  rcMTE@1.0: 1.6234 (22/500 in region)
  MTE@0.1: 1.0448
  MTE@0.5: 2.2268
  MTE@1.0: 3.5343
  W2@1.0:  3.5538
  sW2@0.1: 0.7293 (280/500 in region)
  sW2@0.2: 1.0722 (205/500 in region)
  sW2@0.5: 1.9659 (85/500 in region)
  sW2@1.0: 3.2177 (22/500 in region)
  MMD@1.0: 0.3960
  Survival@1.0: 28.2%
  Stopped@1.0:  4.4%

  --- AE: T+F ---
    E_mu=0.1674  E_Sigma=0.7461

    Drift: enc-pull
  Stage 2 epoch 100/300: loss=0.003197
  Stage 2 epoch 200/300: loss=0.003240
  Stage 2 epoch 300/300: loss=0.002236
  Stage 3 epoch 100/300: loss=0.000069
  Stage 3 epoch 200/300: loss=0.000054
  Stage 3 epoch 300/300: loss=0.000060
  rcMTE@0.1: 0.6388 (280/500 in region)
  rcMTE@0.5: 1.0103 (85/500 in region)
  rcMTE@1.0: 0.9806 (22/500 in region)
  MTE@0.1: 1.2222
  MTE@0.5: 1.8045
  MTE@1.0: 1.8477
  W2@1.0:  1.0369
  sW2@0.1: 0.7652 (280/500 in region)
  sW2@0.2: 0.8673 (205/500 in region)
  sW2@0.5: 1.2356 (85/500 in region)
  sW2@1.0: 1.1681 (22/500 in region)
  MMD@1.0: 0.3276
  Survival@1.0: 28.2%
  Stopped@1.0:  4.4%

    Drift: dec-side
  Stage 2 epoch 100/300: loss=0.001098
  Stage 2 epoch 200/300: loss=0.000448
  Stage 2 epoch 300/300: loss=0.000337
  Stage 3 epoch 100/300: loss=0.000069
  Stage 3 epoch 200/300: loss=0.000054
  Stage 3 epoch 300/300: loss=0.000060
  rcMTE@0.1: 0.6487 (280/500 in region)
  rcMTE@0.5: 1.0848 (85/500 in region)
  rcMTE@1.0: 1.2086 (22/500 in region)
  MTE@0.1: 1.2375
  MTE@0.5: 1.9549
  MTE@1.0: 2.2183
  W2@1.0:  1.6757
  sW2@0.1: 0.7961 (280/500 in region)
  sW2@0.2: 0.9529 (205/500 in region)
  sW2@0.5: 1.6177 (85/500 in region)
  sW2@1.0: 1.9294 (22/500 in region)
  MMD@1.0: 0.3861
  Survival@1.0: 28.2%
  Stopped@1.0:  4.4%

============================================================
  hyperbolic_paraboloid | D=201 | seed=42
============================================================

  --- AE: baseline ---
    E_mu=2.4233  E_Sigma=4.1837

    Drift: enc-pull
  Stage 2 epoch 100/300: loss=0.072020
  Stage 2 epoch 200/300: loss=0.031667
  Stage 2 epoch 300/300: loss=0.028427
  Stage 3 epoch 100/300: loss=0.000426
  Stage 3 epoch 200/300: loss=0.000379
  Stage 3 epoch 300/300: loss=0.000321
  rcMTE@0.1: 0.5165 (292/500 in region)
  rcMTE@0.5: 0.8345 (97/500 in region)
  rcMTE@1.0: 0.9130 (21/500 in region)
  MTE@0.1: 0.9270
  MTE@0.5: 1.3807
  MTE@1.0: 1.4400
  W2@1.0:  0.8585
  sW2@0.1: 0.4139 (292/500 in region)
  sW2@0.2: 0.5668 (214/500 in region)
  sW2@0.5: 0.6421 (97/500 in region)
  sW2@1.0: 1.1952 (21/500 in region)
  MMD@1.0: 0.1954
  Survival@1.0: 28.0%
  Stopped@1.0:  4.2%

    Drift: dec-side
  Stage 2 epoch 100/300: loss=0.009250
  Stage 2 epoch 200/300: loss=0.001969
  Stage 2 epoch 300/300: loss=0.000564
  Stage 3 epoch 100/300: loss=0.000426
  Stage 3 epoch 200/300: loss=0.000379
  Stage 3 epoch 300/300: loss=0.000321
  rcMTE@0.1: 0.5517 (292/500 in region)
  rcMTE@0.5: 1.1843 (97/500 in region)
  rcMTE@1.0: 1.7601 (21/500 in region)
  MTE@0.1: 0.9690
  MTE@0.5: 1.8589
  MTE@1.0: 2.6378
  W2@1.0:  2.1682
  sW2@0.1: 0.4949 (292/500 in region)
  sW2@0.2: 0.7496 (214/500 in region)
  sW2@0.5: 1.3007 (97/500 in region)
  sW2@1.0: 2.5682 (21/500 in region)
  MMD@1.0: 0.3494
  Survival@1.0: 28.0%
  Stopped@1.0:  4.2%

  --- AE: T+F ---
    E_mu=0.0687  E_Sigma=0.1504

    Drift: enc-pull
  Stage 2 epoch 100/300: loss=0.002976
  Stage 2 epoch 200/300: loss=0.001661
  Stage 2 epoch 300/300: loss=0.001599
  Stage 3 epoch 100/300: loss=0.000022
  Stage 3 epoch 200/300: loss=0.000017
  Stage 3 epoch 300/300: loss=0.000015
  rcMTE@0.1: 0.5657 (292/500 in region)
  rcMTE@0.5: 0.9853 (97/500 in region)
  rcMTE@1.0: 0.9588 (21/500 in region)
  MTE@0.1: 1.0714
  MTE@0.5: 1.7915
  MTE@1.0: 1.7657
  W2@1.0:  0.8413
  sW2@0.1: 0.5506 (292/500 in region)
  sW2@0.2: 0.7349 (214/500 in region)
  sW2@0.5: 0.8286 (97/500 in region)
  sW2@1.0: 1.2359 (21/500 in region)
  MMD@1.0: 0.2477
  Survival@1.0: 28.0%
  Stopped@1.0:  4.2%

    Drift: dec-side
  Stage 2 epoch 100/300: loss=0.000728
  Stage 2 epoch 200/300: loss=0.000687
  Stage 2 epoch 300/300: loss=0.000349
  Stage 3 epoch 100/300: loss=0.000022
  Stage 3 epoch 200/300: loss=0.000017
  Stage 3 epoch 300/300: loss=0.000015
  rcMTE@0.1: 0.5723 (292/500 in region)
  rcMTE@0.5: 1.0215 (97/500 in region)
  rcMTE@1.0: 1.0298 (21/500 in region)
  MTE@0.1: 1.0850
  MTE@0.5: 1.9102
  MTE@1.0: 1.9516
  W2@1.0:  1.1014
  sW2@0.1: 0.5721 (292/500 in region)
  sW2@0.2: 0.7833 (214/500 in region)
  sW2@0.5: 0.9283 (97/500 in region)
  sW2@1.0: 1.3716 (21/500 in region)
  MMD@1.0: 0.2773
  Survival@1.0: 28.0%
  Stopped@1.0:  4.2%

============================================================
  hyperbolic_paraboloid | D=201 | seed=1042
============================================================

  --- AE: baseline ---
    E_mu=3.9672  E_Sigma=8.1045

    Drift: enc-pull
  Stage 2 epoch 100/300: loss=0.053478
  Stage 2 epoch 200/300: loss=0.053348
  Stage 2 epoch 300/300: loss=0.035964
  Stage 3 epoch 100/300: loss=0.000809
  Stage 3 epoch 200/300: loss=0.000628
  Stage 3 epoch 300/300: loss=0.000677
  rcMTE@0.1: 0.7053 (285/500 in region)
  rcMTE@0.5: 0.8483 (98/500 in region)
  rcMTE@1.0: 0.9516 (31/500 in region)
  MTE@0.1: 1.1873
  MTE@0.5: 1.5541
  MTE@1.0: 1.5976
  W2@1.0:  0.6391
  sW2@0.1: 0.3276 (285/500 in region)
  sW2@0.2: 0.3584 (204/500 in region)
  sW2@0.5: 0.2986 (98/500 in region)
  sW2@1.0: 0.4161 (31/500 in region)
  MMD@1.0: 0.1531
  Survival@1.0: 29.8%
  Stopped@1.0:  6.2%

    Drift: dec-side
  Stage 2 epoch 100/300: loss=0.015734
  Stage 2 epoch 200/300: loss=0.009143
  Stage 2 epoch 300/300: loss=0.003783
  Stage 3 epoch 100/300: loss=0.000809
  Stage 3 epoch 200/300: loss=0.000628
  Stage 3 epoch 300/300: loss=0.000677
  rcMTE@0.1: 0.8077 (285/500 in region)
  rcMTE@0.5: 1.4014 (98/500 in region)
  rcMTE@1.0: 1.7434 (31/500 in region)
  MTE@0.1: 1.2941
  MTE@0.5: 2.2751
  MTE@1.0: 2.7534
  W2@1.0:  1.7918
  sW2@0.1: 0.5994 (285/500 in region)
  sW2@0.2: 0.8643 (204/500 in region)
  sW2@0.5: 1.3400 (98/500 in region)
  sW2@1.0: 1.7433 (31/500 in region)
  MMD@1.0: 0.3096
  Survival@1.0: 29.8%
  Stopped@1.0:  6.2%

  --- AE: T+F ---
    E_mu=0.1339  E_Sigma=0.2418

    Drift: enc-pull
  Stage 2 epoch 100/300: loss=0.003829
  Stage 2 epoch 200/300: loss=0.003973
  Stage 2 epoch 300/300: loss=0.003003
  Stage 3 epoch 100/300: loss=0.000066
  Stage 3 epoch 200/300: loss=0.000041
  Stage 3 epoch 300/300: loss=0.000051
  rcMTE@0.1: 0.7737 (285/500 in region)
  rcMTE@0.5: 1.1245 (98/500 in region)
  rcMTE@1.0: 1.2448 (31/500 in region)
  MTE@0.1: 1.3244
  MTE@0.5: 2.0031
  MTE@1.0: 2.1321
  W2@1.0:  0.8295
  sW2@0.1: 0.5842 (285/500 in region)
  sW2@0.2: 0.8135 (204/500 in region)
  sW2@0.5: 0.8850 (98/500 in region)
  sW2@1.0: 0.9850 (31/500 in region)
  MMD@1.0: 0.1877
  Survival@1.0: 29.8%
  Stopped@1.0:  6.2%

    Drift: dec-side
  Stage 2 epoch 100/300: loss=0.001408
  Stage 2 epoch 200/300: loss=0.000678
  Stage 2 epoch 300/300: loss=0.000341
  Stage 3 epoch 100/300: loss=0.000066
  Stage 3 epoch 200/300: loss=0.000041
  Stage 3 epoch 300/300: loss=0.000051
  rcMTE@0.1: 0.7929 (285/500 in region)
  rcMTE@0.5: 1.2739 (98/500 in region)
  rcMTE@1.0: 1.4892 (31/500 in region)
  MTE@0.1: 1.3649
  MTE@0.5: 2.2909
  MTE@1.0: 2.6225
  W2@1.0:  1.5719
  sW2@0.1: 0.6579 (285/500 in region)
  sW2@0.2: 0.9757 (204/500 in region)
  sW2@0.5: 1.3080 (98/500 in region)
  sW2@1.0: 1.5815 (31/500 in region)
  MMD@1.0: 0.2760
  Survival@1.0: 29.8%
  Stopped@1.0:  6.2%

============================================================
  hyperbolic_paraboloid | D=201 | seed=2042
============================================================

  --- AE: baseline ---
    E_mu=2.0249  E_Sigma=2.7284

    Drift: enc-pull
  Stage 2 epoch 100/300: loss=0.035179
  Stage 2 epoch 200/300: loss=0.029482
  Stage 2 epoch 300/300: loss=0.025521
  Stage 3 epoch 100/300: loss=0.000469
  Stage 3 epoch 200/300: loss=0.000333
  Stage 3 epoch 300/300: loss=0.000312
  rcMTE@0.1: 0.4912 (293/500 in region)
  rcMTE@0.5: 0.7349 (88/500 in region)
  rcMTE@1.0: 0.6455 (24/500 in region)
  MTE@0.1: 0.8590
  MTE@0.5: 1.2920
  MTE@1.0: 1.3572
  W2@1.0:  0.5569
  sW2@0.1: 0.3376 (293/500 in region)
  sW2@0.2: 0.3644 (212/500 in region)
  sW2@0.5: 0.4528 (88/500 in region)
  sW2@1.0: 0.3722 (24/500 in region)
  MMD@1.0: 0.1394
  Survival@1.0: 26.6%
  Stopped@1.0:  4.8%

    Drift: dec-side
  Stage 2 epoch 100/300: loss=0.002801
  Stage 2 epoch 200/300: loss=0.000939
  Stage 2 epoch 300/300: loss=0.000281
  Stage 3 epoch 100/300: loss=0.000469
  Stage 3 epoch 200/300: loss=0.000333
  Stage 3 epoch 300/300: loss=0.000312
  rcMTE@0.1: 0.5075 (293/500 in region)
  rcMTE@0.5: 0.9668 (88/500 in region)
  rcMTE@1.0: 1.0213 (24/500 in region)
  MTE@0.1: 0.8860
  MTE@0.5: 1.6772
  MTE@1.0: 2.1373
  W2@1.0:  1.5038
  sW2@0.1: 0.3949 (293/500 in region)
  sW2@0.2: 0.5324 (212/500 in region)
  sW2@0.5: 0.9346 (88/500 in region)
  sW2@1.0: 1.3805 (24/500 in region)
  MMD@1.0: 0.3256
  Survival@1.0: 26.6%
  Stopped@1.0:  4.8%

  --- AE: T+F ---
    E_mu=0.0713  E_Sigma=0.2307

    Drift: enc-pull
  Stage 2 epoch 100/300: loss=0.003512
  Stage 2 epoch 200/300: loss=0.001586
  Stage 2 epoch 300/300: loss=0.001079
  Stage 3 epoch 100/300: loss=0.000125
  Stage 3 epoch 200/300: loss=0.000031
  Stage 3 epoch 300/300: loss=0.000021
  rcMTE@0.1: 0.2177 (293/500 in region)
  rcMTE@0.5: 0.3880 (88/500 in region)
  rcMTE@1.0: 0.5482 (24/500 in region)
  MTE@0.1: 0.4933
  MTE@0.5: 0.8435
  MTE@1.0: 0.9962
  W2@1.0:  0.8241
  sW2@0.1: 0.3327 (293/500 in region)
  sW2@0.2: 0.3927 (212/500 in region)
  sW2@0.5: 0.6454 (88/500 in region)
  sW2@1.0: 0.6988 (24/500 in region)
  MMD@1.0: 0.2360
  Survival@1.0: 26.6%
  Stopped@1.0:  4.8%

    Drift: dec-side
  Stage 2 epoch 100/300: loss=0.000691
  Stage 2 epoch 200/300: loss=0.000624
  Stage 2 epoch 300/300: loss=0.000224
  Stage 3 epoch 100/300: loss=0.000125
  Stage 3 epoch 200/300: loss=0.000031
  Stage 3 epoch 300/300: loss=0.000021
  rcMTE@0.1: 0.2234 (293/500 in region)
  rcMTE@0.5: 0.4180 (88/500 in region)
  rcMTE@1.0: 0.5932 (24/500 in region)
  MTE@0.1: 0.4979
  MTE@0.5: 0.9097
  MTE@1.0: 1.0878
  W2@1.0:  0.9149
  sW2@0.1: 0.3420 (293/500 in region)
  sW2@0.2: 0.4116 (212/500 in region)
  sW2@0.5: 0.7060 (88/500 in region)
  sW2@1.0: 0.7873 (24/500 in region)
  MMD@1.0: 0.2980
  Survival@1.0: 26.6%
  Stopped@1.0:  4.8%

============================================================
  hyperbolic_paraboloid | D=201 | seed=3042
============================================================

  --- AE: baseline ---
    E_mu=2.5816  E_Sigma=2.6827

    Drift: enc-pull
  Stage 2 epoch 100/300: loss=0.048650
  Stage 2 epoch 200/300: loss=0.039826
  Stage 2 epoch 300/300: loss=0.032761
  Stage 3 epoch 100/300: loss=0.002382
  Stage 3 epoch 200/300: loss=0.002055
  Stage 3 epoch 300/300: loss=0.001054
  rcMTE@0.1: 0.4496 (275/500 in region)
  rcMTE@0.5: 0.5571 (78/500 in region)
  rcMTE@1.0: 0.5456 (25/500 in region)
  MTE@0.1: 0.9010
  MTE@0.5: 1.1572
  MTE@1.0: 1.1210
  W2@1.0:  0.9259
  sW2@0.1: 0.3089 (275/500 in region)
  sW2@0.2: 0.3716 (204/500 in region)
  sW2@0.5: 0.5366 (78/500 in region)
  sW2@1.0: 0.6280 (25/500 in region)
  MMD@1.0: 0.4092
  Survival@1.0: 27.2%
  Stopped@1.0:  5.0%

    Drift: dec-side
  Stage 2 epoch 100/300: loss=0.009904
  Stage 2 epoch 200/300: loss=0.005352
  Stage 2 epoch 300/300: loss=0.002326
  Stage 3 epoch 100/300: loss=0.002382
  Stage 3 epoch 200/300: loss=0.002055
  Stage 3 epoch 300/300: loss=0.001054
  rcMTE@0.1: 0.5319 (275/500 in region)
  rcMTE@0.5: 0.8936 (78/500 in region)
  rcMTE@1.0: 0.9187 (25/500 in region)
  MTE@0.1: 0.9919
  MTE@0.5: 1.7158
  MTE@1.0: 1.9774
  W2@1.0:  1.4521
  sW2@0.1: 0.4594 (275/500 in region)
  sW2@0.2: 0.6727 (204/500 in region)
  sW2@0.5: 0.8566 (78/500 in region)
  sW2@1.0: 1.1579 (25/500 in region)
  MMD@1.0: 0.2850
  Survival@1.0: 27.2%
  Stopped@1.0:  5.0%

  --- AE: T+F ---
    E_mu=0.0510  E_Sigma=0.0547

    Drift: enc-pull
  Stage 2 epoch 100/300: loss=0.001275
  Stage 2 epoch 200/300: loss=0.001377
  Stage 2 epoch 300/300: loss=0.001322
  Stage 3 epoch 100/300: loss=0.000299
  Stage 3 epoch 200/300: loss=0.000195
  Stage 3 epoch 300/300: loss=0.000121
  rcMTE@0.1: 0.4813 (275/500 in region)
  rcMTE@0.5: 0.7237 (78/500 in region)
  rcMTE@1.0: 0.7592 (25/500 in region)
  MTE@0.1: 0.9636
  MTE@0.5: 1.4525
  MTE@1.0: 1.5124
  W2@1.0:  0.7921
  sW2@0.1: 0.5475 (275/500 in region)
  sW2@0.2: 0.6261 (204/500 in region)
  sW2@0.5: 0.7112 (78/500 in region)
  sW2@1.0: 1.1210 (25/500 in region)
  MMD@1.0: 0.1985
  Survival@1.0: 27.2%
  Stopped@1.0:  5.0%

    Drift: dec-side
  Stage 2 epoch 100/300: loss=0.000408
  Stage 2 epoch 200/300: loss=0.000396
  Stage 2 epoch 300/300: loss=0.000135
  Stage 3 epoch 100/300: loss=0.000299
  Stage 3 epoch 200/300: loss=0.000195
  Stage 3 epoch 300/300: loss=0.000121
  rcMTE@0.1: 0.4863 (275/500 in region)
  rcMTE@0.5: 0.7373 (78/500 in region)
  rcMTE@1.0: 0.7923 (25/500 in region)
  MTE@0.1: 0.9767
  MTE@0.5: 1.5278
  MTE@1.0: 1.6411
  W2@1.0:  0.8668
  sW2@0.1: 0.5761 (275/500 in region)
  sW2@0.2: 0.6677 (204/500 in region)
  sW2@0.5: 0.7418 (78/500 in region)
  sW2@1.0: 1.1172 (25/500 in region)
  MMD@1.0: 0.2345
  Survival@1.0: 27.2%
  Stopped@1.0:  5.0%

============================================================
  hyperbolic_paraboloid | D=201 | seed=4042
============================================================

  --- AE: baseline ---
    E_mu=1.9433  E_Sigma=3.8119

    Drift: enc-pull
  Stage 2 epoch 100/300: loss=0.077190
  Stage 2 epoch 200/300: loss=0.051189
  Stage 2 epoch 300/300: loss=0.032819
  Stage 3 epoch 100/300: loss=0.000599
  Stage 3 epoch 200/300: loss=0.000518
  Stage 3 epoch 300/300: loss=0.000378
  rcMTE@0.1: 0.4856 (287/500 in region)
  rcMTE@0.5: 0.6336 (102/500 in region)
  rcMTE@1.0: 0.7573 (30/500 in region)
  MTE@0.1: 0.9212
  MTE@0.5: 1.2281
  MTE@1.0: 1.1212
  W2@1.0:  0.7502
  sW2@0.1: 0.3378 (287/500 in region)
  sW2@0.2: 0.3227 (207/500 in region)
  sW2@0.5: 0.4881 (102/500 in region)
  sW2@1.0: 0.9147 (30/500 in region)
  MMD@1.0: 0.2460
  Survival@1.0: 28.2%
  Stopped@1.0:  6.0%

    Drift: dec-side
  Stage 2 epoch 100/300: loss=0.006679
  Stage 2 epoch 200/300: loss=0.002392
  Stage 2 epoch 300/300: loss=0.001099
  Stage 3 epoch 100/300: loss=0.000599
  Stage 3 epoch 200/300: loss=0.000518
  Stage 3 epoch 300/300: loss=0.000378
  rcMTE@0.1: 0.5205 (287/500 in region)
  rcMTE@0.5: 0.7985 (102/500 in region)
  rcMTE@1.0: 0.9572 (30/500 in region)
  MTE@0.1: 0.9750
  MTE@0.5: 1.5276
  MTE@1.0: 1.7608
  W2@1.0:  1.2213
  sW2@0.1: 0.4527 (287/500 in region)
  sW2@0.2: 0.5723 (207/500 in region)
  sW2@0.5: 0.6299 (102/500 in region)
  sW2@1.0: 1.2838 (30/500 in region)
  MMD@1.0: 0.3302
  Survival@1.0: 28.2%
  Stopped@1.0:  6.0%

  --- AE: T+F ---
    E_mu=0.0565  E_Sigma=0.0833

    Drift: enc-pull
  Stage 2 epoch 100/300: loss=0.001906
  Stage 2 epoch 200/300: loss=0.001223
  Stage 2 epoch 300/300: loss=0.001170
  Stage 3 epoch 100/300: loss=0.000019
  Stage 3 epoch 200/300: loss=0.000027
  Stage 3 epoch 300/300: loss=0.000008
  rcMTE@0.1: 0.5530 (287/500 in region)
  rcMTE@0.5: 0.8585 (102/500 in region)
  rcMTE@1.0: 0.8688 (30/500 in region)
  MTE@0.1: 0.9757
  MTE@0.5: 1.5460
  MTE@1.0: 1.6318
  W2@1.0:  0.8617
  sW2@0.1: 0.5014 (287/500 in region)
  sW2@0.2: 0.7560 (207/500 in region)
  sW2@0.5: 0.7513 (102/500 in region)
  sW2@1.0: 0.9190 (30/500 in region)
  MMD@1.0: 0.2617
  Survival@1.0: 28.2%
  Stopped@1.0:  6.0%

    Drift: dec-side
  Stage 2 epoch 100/300: loss=0.000580
  Stage 2 epoch 200/300: loss=0.000402
  Stage 2 epoch 300/300: loss=0.000333
  Stage 3 epoch 100/300: loss=0.000019
  Stage 3 epoch 200/300: loss=0.000027
  Stage 3 epoch 300/300: loss=0.000008
  rcMTE@0.1: 0.5595 (287/500 in region)
  rcMTE@0.5: 0.8886 (102/500 in region)
  rcMTE@1.0: 0.9058 (30/500 in region)
  MTE@0.1: 0.9868
  MTE@0.5: 1.5987
  MTE@1.0: 1.7353
  W2@1.0:  0.9935
  sW2@0.1: 0.5288 (287/500 in region)
  sW2@0.2: 0.8145 (207/500 in region)
  sW2@0.5: 0.7986 (102/500 in region)
  sW2@1.0: 1.0035 (30/500 in region)
  MMD@1.0: 0.2963
  Survival@1.0: 28.2%
  Stopped@1.0:  6.0%

============================================================
  hyperbolic_paraboloid | D=201 | seed=5042
============================================================

  --- AE: baseline ---
    E_mu=2.1281  E_Sigma=3.2903

    Drift: enc-pull
  Stage 2 epoch 100/300: loss=0.062500
  Stage 2 epoch 200/300: loss=0.060372
  Stage 2 epoch 300/300: loss=0.046589
  Stage 3 epoch 100/300: loss=0.000473
  Stage 3 epoch 200/300: loss=0.000339
  Stage 3 epoch 300/300: loss=0.000339
  rcMTE@0.1: 0.5369 (285/500 in region)
  rcMTE@0.5: 0.7151 (93/500 in region)
  rcMTE@1.0: 0.6702 (33/500 in region)
  MTE@0.1: 0.9998
  MTE@0.5: 1.3880
  MTE@1.0: 1.2795
  W2@1.0:  0.8022
  sW2@0.1: 0.3418 (285/500 in region)
  sW2@0.2: 0.4821 (216/500 in region)
  sW2@0.5: 0.4067 (93/500 in region)
  sW2@1.0: 0.7629 (33/500 in region)
  MMD@1.0: 0.1951
  Survival@1.0: 25.8%
  Stopped@1.0:  6.6%

    Drift: dec-side
  Stage 2 epoch 100/300: loss=0.003995
  Stage 2 epoch 200/300: loss=0.001352
  Stage 2 epoch 300/300: loss=0.000574
  Stage 3 epoch 100/300: loss=0.000473
  Stage 3 epoch 200/300: loss=0.000339
  Stage 3 epoch 300/300: loss=0.000339
  rcMTE@0.1: 0.5950 (285/500 in region)
  rcMTE@0.5: 1.1450 (93/500 in region)
  rcMTE@1.0: 1.5215 (33/500 in region)
  MTE@0.1: 1.0583
  MTE@0.5: 1.9040
  MTE@1.0: 2.5553
  W2@1.0:  2.4196
  sW2@0.1: 0.5023 (285/500 in region)
  sW2@0.2: 0.7773 (216/500 in region)
  sW2@0.5: 1.3404 (93/500 in region)
  sW2@1.0: 2.3766 (33/500 in region)
  MMD@1.0: 0.3274
  Survival@1.0: 25.8%
  Stopped@1.0:  6.6%

  --- AE: T+F ---
    E_mu=0.1095  E_Sigma=0.2744

    Drift: enc-pull
  Stage 2 epoch 100/300: loss=0.003235
  Stage 2 epoch 200/300: loss=0.003085
  Stage 2 epoch 300/300: loss=0.004019
  Stage 3 epoch 100/300: loss=0.000154
  Stage 3 epoch 200/300: loss=0.000102
  Stage 3 epoch 300/300: loss=0.000083
  rcMTE@0.1: 0.4385 (285/500 in region)
  rcMTE@0.5: 0.8067 (93/500 in region)
  rcMTE@1.0: 0.8002 (33/500 in region)
  MTE@0.1: 0.9550
  MTE@0.5: 1.4919
  MTE@1.0: 1.4870
  W2@1.0:  0.9119
  sW2@0.1: 0.5369 (285/500 in region)
  sW2@0.2: 0.6994 (216/500 in region)
  sW2@0.5: 0.9460 (93/500 in region)
  sW2@1.0: 1.0628 (33/500 in region)
  MMD@1.0: 0.2892
  Survival@1.0: 25.8%
  Stopped@1.0:  6.6%

    Drift: dec-side
  Stage 2 epoch 100/300: loss=0.000832
  Stage 2 epoch 200/300: loss=0.000426
  Stage 2 epoch 300/300: loss=0.000282
  Stage 3 epoch 100/300: loss=0.000154
  Stage 3 epoch 200/300: loss=0.000102
  Stage 3 epoch 300/300: loss=0.000083
  rcMTE@0.1: 0.4455 (285/500 in region)
  rcMTE@0.5: 0.8305 (93/500 in region)
  rcMTE@1.0: 0.8835 (33/500 in region)
  MTE@0.1: 0.9730
  MTE@0.5: 1.6013
  MTE@1.0: 1.6914
  W2@1.0:  1.2041
  sW2@0.1: 0.5606 (285/500 in region)
  sW2@0.2: 0.7508 (216/500 in region)
  sW2@0.5: 1.0190 (93/500 in region)
  sW2@1.0: 1.2835 (33/500 in region)
  MMD@1.0: 0.3295
  Survival@1.0: 25.8%
  Stopped@1.0:  6.6%

============================================================
  hyperbolic_paraboloid | D=201 | seed=6042
============================================================

  --- AE: baseline ---
    E_mu=2.3027  E_Sigma=3.8532

    Drift: enc-pull
  Stage 2 epoch 100/300: loss=0.030171
  Stage 2 epoch 200/300: loss=0.019036
  Stage 2 epoch 300/300: loss=0.013628
  Stage 3 epoch 100/300: loss=0.000562
  Stage 3 epoch 200/300: loss=0.000695
  Stage 3 epoch 300/300: loss=0.000402
  rcMTE@0.1: 0.3944 (290/500 in region)
  rcMTE@0.5: 0.5937 (89/500 in region)
  rcMTE@1.0: 0.5642 (30/500 in region)
  MTE@0.1: 0.7701
  MTE@0.5: 1.0891
  MTE@1.0: 1.1018
  W2@1.0:  0.6227
  sW2@0.1: 0.3127 (290/500 in region)
  sW2@0.2: 0.4064 (208/500 in region)
  sW2@0.5: 0.5688 (89/500 in region)
  sW2@1.0: 0.4531 (30/500 in region)
  MMD@1.0: 0.1605
  Survival@1.0: 27.2%
  Stopped@1.0:  6.0%

    Drift: dec-side
  Stage 2 epoch 100/300: loss=0.003253
  Stage 2 epoch 200/300: loss=0.001562
  Stage 2 epoch 300/300: loss=0.000682
  Stage 3 epoch 100/300: loss=0.000562
  Stage 3 epoch 200/300: loss=0.000695
  Stage 3 epoch 300/300: loss=0.000402
  rcMTE@0.1: 0.4649 (290/500 in region)
  rcMTE@0.5: 0.9739 (89/500 in region)
  rcMTE@1.0: 1.1454 (30/500 in region)
  MTE@0.1: 0.8356
  MTE@0.5: 1.6655
  MTE@1.0: 2.1271
  W2@1.0:  1.6531
  sW2@0.1: 0.4508 (290/500 in region)
  sW2@0.2: 0.6678 (208/500 in region)
  sW2@0.5: 1.1560 (89/500 in region)
  sW2@1.0: 1.4828 (30/500 in region)
  MMD@1.0: 0.3108
  Survival@1.0: 27.2%
  Stopped@1.0:  6.0%

  --- AE: T+F ---
    E_mu=0.0921  E_Sigma=0.2824

    Drift: enc-pull
  Stage 2 epoch 100/300: loss=0.002135
  Stage 2 epoch 200/300: loss=0.002085
  Stage 2 epoch 300/300: loss=0.001850
  Stage 3 epoch 100/300: loss=0.000118
  Stage 3 epoch 200/300: loss=0.000062
  Stage 3 epoch 300/300: loss=0.000045
  rcMTE@0.1: 0.3460 (290/500 in region)
  rcMTE@0.5: 0.5146 (89/500 in region)
  rcMTE@1.0: 0.4619 (30/500 in region)
  MTE@0.1: 0.7626
  MTE@0.5: 1.1695
  MTE@1.0: 1.2168
  W2@1.0:  0.6818
  sW2@0.1: 0.5263 (290/500 in region)
  sW2@0.2: 0.5679 (208/500 in region)
  sW2@0.5: 0.6058 (89/500 in region)
  sW2@1.0: 0.6104 (30/500 in region)
  MMD@1.0: 0.2127
  Survival@1.0: 27.2%
  Stopped@1.0:  6.0%

    Drift: dec-side
  Stage 2 epoch 100/300: loss=0.000490
  Stage 2 epoch 200/300: loss=0.000291
  Stage 2 epoch 300/300: loss=0.000241
  Stage 3 epoch 100/300: loss=0.000118
  Stage 3 epoch 200/300: loss=0.000062
  Stage 3 epoch 300/300: loss=0.000045
  rcMTE@0.1: 0.3523 (290/500 in region)
  rcMTE@0.5: 0.5550 (89/500 in region)
  rcMTE@1.0: 0.5072 (30/500 in region)
  MTE@0.1: 0.7711
  MTE@0.5: 1.2454
  MTE@1.0: 1.3137
  W2@1.0:  0.8347
  sW2@0.1: 0.5466 (290/500 in region)
  sW2@0.2: 0.6192 (208/500 in region)
  sW2@0.5: 0.6677 (89/500 in region)
  sW2@1.0: 0.6161 (30/500 in region)
  MMD@1.0: 0.2338
  Survival@1.0: 27.2%
  Stopped@1.0:  6.0%

============================================================
  hyperbolic_paraboloid | D=201 | seed=7042
============================================================

  --- AE: baseline ---
    E_mu=1.8042  E_Sigma=2.2896

    Drift: enc-pull
  Stage 2 epoch 100/300: loss=0.084225
  Stage 2 epoch 200/300: loss=0.081050
  Stage 2 epoch 300/300: loss=0.079819
  Stage 3 epoch 100/300: loss=0.000614
  Stage 3 epoch 200/300: loss=0.000555
  Stage 3 epoch 300/300: loss=0.000572
  rcMTE@0.1: 0.4641 (316/500 in region)
  rcMTE@0.5: 0.7619 (109/500 in region)
  rcMTE@1.0: 0.7365 (29/500 in region)
  MTE@0.1: 0.8297
  MTE@0.5: 1.2944
  MTE@1.0: 1.4346
  W2@1.0:  0.7170
  sW2@0.1: 0.2988 (316/500 in region)
  sW2@0.2: 0.3889 (232/500 in region)
  sW2@0.5: 0.4369 (109/500 in region)
  sW2@1.0: 0.5098 (29/500 in region)
  MMD@1.0: 0.1149
  Survival@1.0: 28.8%
  Stopped@1.0:  5.8%

    Drift: dec-side
  Stage 2 epoch 100/300: loss=0.006823
  Stage 2 epoch 200/300: loss=0.004573
  Stage 2 epoch 300/300: loss=0.001791
  Stage 3 epoch 100/300: loss=0.000614
  Stage 3 epoch 200/300: loss=0.000555
  Stage 3 epoch 300/300: loss=0.000572
  rcMTE@0.1: 0.5179 (316/500 in region)
  rcMTE@0.5: 1.0166 (109/500 in region)
  rcMTE@1.0: 1.2597 (29/500 in region)
  MTE@0.1: 0.8714
  MTE@0.5: 1.6361
  MTE@1.0: 2.2696
  W2@1.0:  1.4785
  sW2@0.1: 0.4472 (316/500 in region)
  sW2@0.2: 0.7437 (232/500 in region)
  sW2@0.5: 1.1996 (109/500 in region)
  sW2@1.0: 1.6508 (29/500 in region)
  MMD@1.0: 0.3077
  Survival@1.0: 28.8%
  Stopped@1.0:  5.8%

  --- AE: T+F ---
    E_mu=0.0823  E_Sigma=0.3208

    Drift: enc-pull
  Stage 2 epoch 100/300: loss=0.003325
  Stage 2 epoch 200/300: loss=0.002672
  Stage 2 epoch 300/300: loss=0.002278
  Stage 3 epoch 100/300: loss=0.000066
  Stage 3 epoch 200/300: loss=0.000051
  Stage 3 epoch 300/300: loss=0.000051
  rcMTE@0.1: 0.5024 (316/500 in region)
  rcMTE@0.5: 0.9182 (109/500 in region)
  rcMTE@1.0: 0.9747 (29/500 in region)
  MTE@0.1: 0.9857
  MTE@0.5: 1.5451
  MTE@1.0: 1.8465
  W2@1.0:  0.9508
  sW2@0.1: 0.5634 (316/500 in region)
  sW2@0.2: 0.7510 (232/500 in region)
  sW2@0.5: 0.8963 (109/500 in region)
  sW2@1.0: 1.0146 (29/500 in region)
  MMD@1.0: 0.2276
  Survival@1.0: 28.8%
  Stopped@1.0:  5.8%

    Drift: dec-side
  Stage 2 epoch 100/300: loss=0.001769
  Stage 2 epoch 200/300: loss=0.001132
  Stage 2 epoch 300/300: loss=0.000896
  Stage 3 epoch 100/300: loss=0.000066
  Stage 3 epoch 200/300: loss=0.000051
  Stage 3 epoch 300/300: loss=0.000051
  rcMTE@0.1: 0.5157 (316/500 in region)
  rcMTE@0.5: 1.0124 (109/500 in region)
  rcMTE@1.0: 1.2079 (29/500 in region)
  MTE@0.1: 1.0052
  MTE@0.5: 1.6982
  MTE@1.0: 2.1795
  W2@1.0:  1.3753
  sW2@0.1: 0.6015 (316/500 in region)
  sW2@0.2: 0.8562 (232/500 in region)
  sW2@0.5: 1.1870 (109/500 in region)
  sW2@1.0: 1.5129 (29/500 in region)
  MMD@1.0: 0.2908
  Survival@1.0: 28.8%
  Stopped@1.0:  5.8%

============================================================
  hyperbolic_paraboloid | D=201 | seed=8042
============================================================

  --- AE: baseline ---
    E_mu=1.8376  E_Sigma=2.7322

    Drift: enc-pull
  Stage 2 epoch 100/300: loss=0.052184
  Stage 2 epoch 200/300: loss=0.045159
  Stage 2 epoch 300/300: loss=0.038839
  Stage 3 epoch 100/300: loss=0.000519
  Stage 3 epoch 200/300: loss=0.000362
  Stage 3 epoch 300/300: loss=0.000345
  rcMTE@0.1: 0.3734 (269/500 in region)
  rcMTE@0.5: 0.5492 (84/500 in region)
  rcMTE@1.0: 0.5735 (29/500 in region)
  MTE@0.1: 0.7522
  MTE@0.5: 1.0497
  MTE@1.0: 1.0494
  W2@1.0:  0.7297
  sW2@0.1: 0.2854 (269/500 in region)
  sW2@0.2: 0.3187 (192/500 in region)
  sW2@0.5: 0.4481 (84/500 in region)
  sW2@1.0: 0.7158 (29/500 in region)
  MMD@1.0: 0.1930
  Survival@1.0: 27.0%
  Stopped@1.0:  5.8%

    Drift: dec-side
  Stage 2 epoch 100/300: loss=0.003052
  Stage 2 epoch 200/300: loss=0.000717
  Stage 2 epoch 300/300: loss=0.000322
  Stage 3 epoch 100/300: loss=0.000519
  Stage 3 epoch 200/300: loss=0.000362
  Stage 3 epoch 300/300: loss=0.000345
  rcMTE@0.1: 0.4174 (269/500 in region)
  rcMTE@0.5: 0.8418 (84/500 in region)
  rcMTE@1.0: 0.8279 (29/500 in region)
  MTE@0.1: 0.7998
  MTE@0.5: 1.4626
  MTE@1.0: 1.7967
  W2@1.0:  1.4788
  sW2@0.1: 0.3879 (269/500 in region)
  sW2@0.2: 0.5068 (192/500 in region)
  sW2@0.5: 1.0412 (84/500 in region)
  sW2@1.0: 1.0868 (29/500 in region)
  MMD@1.0: 0.2851
  Survival@1.0: 27.0%
  Stopped@1.0:  5.8%

  --- AE: T+F ---
    E_mu=0.1108  E_Sigma=0.1768

    Drift: enc-pull
  Stage 2 epoch 100/300: loss=0.003095
  Stage 2 epoch 200/300: loss=0.003294
  Stage 2 epoch 300/300: loss=0.002326
  Stage 3 epoch 100/300: loss=0.000220
  Stage 3 epoch 200/300: loss=0.000138
  Stage 3 epoch 300/300: loss=0.000114
  rcMTE@0.1: 0.4612 (269/500 in region)
  rcMTE@0.5: 0.8195 (84/500 in region)
  rcMTE@1.0: 0.8571 (29/500 in region)
  MTE@0.1: 0.8765
  MTE@0.5: 1.3561
  MTE@1.0: 1.5506
  W2@1.0:  0.8450
  sW2@0.1: 0.4365 (269/500 in region)
  sW2@0.2: 0.5180 (192/500 in region)
  sW2@0.5: 0.6926 (84/500 in region)
  sW2@1.0: 1.2556 (29/500 in region)
  MMD@1.0: 0.1632
  Survival@1.0: 27.0%
  Stopped@1.0:  5.8%

    Drift: dec-side
  Stage 2 epoch 100/300: loss=0.000652
  Stage 2 epoch 200/300: loss=0.000941
  Stage 2 epoch 300/300: loss=0.000479
  Stage 3 epoch 100/300: loss=0.000220
  Stage 3 epoch 200/300: loss=0.000138
  Stage 3 epoch 300/300: loss=0.000114
  rcMTE@0.1: 0.4766 (269/500 in region)
  rcMTE@0.5: 0.9236 (84/500 in region)
  rcMTE@1.0: 1.1180 (29/500 in region)
  MTE@0.1: 0.8980
  MTE@0.5: 1.4849
  MTE@1.0: 1.8853
  W2@1.0:  1.0981
  sW2@0.1: 0.4908 (269/500 in region)
  sW2@0.2: 0.6056 (192/500 in region)
  sW2@0.5: 0.9164 (84/500 in region)
  sW2@1.0: 1.8793 (29/500 in region)
  MMD@1.0: 0.2467
  Survival@1.0: 27.0%
  Stopped@1.0:  5.8%

============================================================
  hyperbolic_paraboloid | D=201 | seed=9042
============================================================

  --- AE: baseline ---
    E_mu=2.0239  E_Sigma=4.7255

    Drift: enc-pull
  Stage 2 epoch 100/300: loss=0.081572
  Stage 2 epoch 200/300: loss=0.060458
  Stage 2 epoch 300/300: loss=0.048989
  Stage 3 epoch 100/300: loss=0.000517
  Stage 3 epoch 200/300: loss=0.000489
  Stage 3 epoch 300/300: loss=0.000685
  rcMTE@0.1: 0.4531 (280/500 in region)
  rcMTE@0.5: 0.7334 (85/500 in region)
  rcMTE@1.0: 0.7414 (22/500 in region)
  MTE@0.1: 0.8642
  MTE@0.5: 1.2824
  MTE@1.0: 1.3720
  W2@1.0:  0.6640
  sW2@0.1: 0.3607 (280/500 in region)
  sW2@0.2: 0.4152 (205/500 in region)
  sW2@0.5: 0.4344 (85/500 in region)
  sW2@1.0: 0.6067 (22/500 in region)
  MMD@1.0: 0.1702
  Survival@1.0: 28.2%
  Stopped@1.0:  4.4%

    Drift: dec-side
  Stage 2 epoch 100/300: loss=0.004983
  Stage 2 epoch 200/300: loss=0.003632
  Stage 2 epoch 300/300: loss=0.001006
  Stage 3 epoch 100/300: loss=0.000517
  Stage 3 epoch 200/300: loss=0.000489
  Stage 3 epoch 300/300: loss=0.000685
  rcMTE@0.1: 0.5165 (280/500 in region)
  rcMTE@0.5: 1.0744 (85/500 in region)
  rcMTE@1.0: 1.7345 (22/500 in region)
  MTE@0.1: 0.9842
  MTE@0.5: 1.8363
  MTE@1.0: 2.7904
  W2@1.0:  2.3726
  sW2@0.1: 0.5977 (280/500 in region)
  sW2@0.2: 0.7800 (205/500 in region)
  sW2@0.5: 1.3306 (85/500 in region)
  sW2@1.0: 2.7047 (22/500 in region)
  MMD@1.0: 0.3477
  Survival@1.0: 28.2%
  Stopped@1.0:  4.4%

  --- AE: T+F ---
    E_mu=0.1113  E_Sigma=0.3371

    Drift: enc-pull
  Stage 2 epoch 100/300: loss=0.001925
  Stage 2 epoch 200/300: loss=0.003018
  Stage 2 epoch 300/300: loss=0.001709
  Stage 3 epoch 100/300: loss=0.000069
  Stage 3 epoch 200/300: loss=0.000047
  Stage 3 epoch 300/300: loss=0.000043
  rcMTE@0.1: 0.2195 (280/500 in region)
  rcMTE@0.5: 0.4037 (85/500 in region)
  rcMTE@1.0: 0.5903 (22/500 in region)
  MTE@0.1: 0.7012
  MTE@0.5: 0.9473
  MTE@1.0: 1.0706
  W2@1.0:  0.8242
  sW2@0.1: 0.5738 (280/500 in region)
  sW2@0.2: 0.5577 (205/500 in region)
  sW2@0.5: 0.6457 (85/500 in region)
  sW2@1.0: 0.9773 (22/500 in region)
  MMD@1.0: 0.2694
  Survival@1.0: 28.2%
  Stopped@1.0:  4.4%

    Drift: dec-side
  Stage 2 epoch 100/300: loss=0.000660
  Stage 2 epoch 200/300: loss=0.000648
  Stage 2 epoch 300/300: loss=0.000282
  Stage 3 epoch 100/300: loss=0.000069
  Stage 3 epoch 200/300: loss=0.000047
  Stage 3 epoch 300/300: loss=0.000043
  rcMTE@0.1: 0.2206 (280/500 in region)
  rcMTE@0.5: 0.3942 (85/500 in region)
  rcMTE@1.0: 0.5316 (22/500 in region)
  MTE@0.1: 0.7020
  MTE@0.5: 0.9670
  MTE@1.0: 1.1016
  W2@1.0:  0.8602
  sW2@0.1: 0.5760 (280/500 in region)
  sW2@0.2: 0.5617 (205/500 in region)
  sW2@0.5: 0.6475 (85/500 in region)
  sW2@1.0: 0.8953 (22/500 in region)
  MMD@1.0: 0.2882
  Survival@1.0: 28.2%
  Stopped@1.0:  4.4%


Total time: 24.5 min
Saved 80 rows to rcmte_nd_sweep.csv.tmp


================================================================================
rcMTE COMPARISON SUMMARY
================================================================================

  paraboloid:
          ae       drift     rcMTE@1.0       MTE@1.0        W2@1.0          E_mu
    baseline    enc-pull  0.8294±0.181  1.4113±0.260  0.8291±0.281  1.5454±0.336
    baseline    dec-side  1.2523±0.318  2.6500±0.626  2.5155±0.592  1.5454±0.336
         T+F    enc-pull  0.8831±0.263  1.7569±0.345  1.1294±0.247  0.1256±0.049
         T+F    dec-side  1.0420±0.326  2.0961±0.427  1.5720±0.365  0.1256±0.049

    Paired comparisons (negative = first is better):
      T+F vs baseline (enc-pull)    rcMTE@1.0: Δ=+6.5%  p=0.400
      T+F vs baseline (enc-pull)      MTE@1.0: Δ=+24.5%  p=0.014*
      T+F vs baseline (enc-pull)       W2@1.0: Δ=+36.2%  p=0.012*
      enc-pull vs dec-side (T+F)    rcMTE@1.0: Δ=-15.2%  p=0.000**
      enc-pull vs dec-side (T+F)      MTE@1.0: Δ=-16.2%  p=0.000**
      enc-pull vs dec-side (T+F)       W2@1.0: Δ=-28.2%  p=0.000**

  hyperbolic_paraboloid:
          ae       drift     rcMTE@1.0       MTE@1.0        W2@1.0          E_mu
    baseline    enc-pull  0.7099±0.140  1.2874±0.182  0.7266±0.113  2.3037±0.636
    baseline    dec-side  1.2890±0.370  2.2806±0.384  1.7540±0.421  2.3037±0.636
         T+F    enc-pull  0.8064±0.232  1.5210±0.353  0.8362±0.071  0.0887±0.027
         T+F    dec-side  0.9058±0.317  1.7210±0.479  1.0821±0.244  0.0887±0.027

    Paired comparisons (negative = first is better):
      T+F vs baseline (enc-pull)    rcMTE@1.0: Δ=+13.6%  p=0.100
      T+F vs baseline (enc-pull)      MTE@1.0: Δ=+18.1%  p=0.050*
      T+F vs baseline (enc-pull)       W2@1.0: Δ=+15.1%  p=0.017*
      enc-pull vs dec-side (T+F)    rcMTE@1.0: Δ=-11.0%  p=0.017*
      enc-pull vs dec-side (T+F)      MTE@1.0: Δ=-11.6%  p=0.002**
      enc-pull vs dec-side (T+F)       W2@1.0: Δ=-22.7%  p=0.005**

=== D=201, N=200 ===
Device: cuda
D=201, N=200
Seeds (10): [42, 1042, 2042, 3042, 4042, 5042, 6042, 7042, 8042, 9042]
Surfaces: ['paraboloid', 'hyperbolic_paraboloid']


============================================================
  paraboloid | D=201 | seed=42
============================================================

  --- AE: baseline ---
    E_mu=0.7575  E_Sigma=0.8272

    Drift: enc-pull
  Stage 2 epoch 100/300: loss=0.078479
  Stage 2 epoch 200/300: loss=0.038887
  Stage 2 epoch 300/300: loss=0.024615
  Stage 3 epoch 100/300: loss=0.000188
  Stage 3 epoch 200/300: loss=0.000125
  Stage 3 epoch 300/300: loss=0.000117
  rcMTE@0.1: 0.5047 (292/500 in region)
  rcMTE@0.5: 0.7526 (97/500 in region)
  rcMTE@1.0: 0.7431 (21/500 in region)
  MTE@0.1: 0.8437
  MTE@0.5: 1.3413
  MTE@1.0: 1.4525
  W2@1.0:  0.7236
  sW2@0.1: 0.4766 (292/500 in region)
  sW2@0.2: 0.5968 (214/500 in region)
  sW2@0.5: 0.5453 (97/500 in region)
  sW2@1.0: 0.8101 (21/500 in region)
  MMD@1.0: 0.1904
  Survival@1.0: 28.0%
  Stopped@1.0:  4.2%

    Drift: dec-side
  Stage 2 epoch 100/300: loss=0.003370
  Stage 2 epoch 200/300: loss=0.000363
  Stage 2 epoch 300/300: loss=0.000197
  Stage 3 epoch 100/300: loss=0.000188
  Stage 3 epoch 200/300: loss=0.000125
  Stage 3 epoch 300/300: loss=0.000117
  rcMTE@0.1: 0.5508 (292/500 in region)
  rcMTE@0.5: 1.0582 (97/500 in region)
  rcMTE@1.0: 1.7024 (21/500 in region)
  MTE@0.1: 0.9686
  MTE@0.5: 2.0844
  MTE@1.0: 3.0523
  W2@1.0:  2.8822
  sW2@0.1: 0.8381 (292/500 in region)
  sW2@0.2: 1.4004 (214/500 in region)
  sW2@0.5: 1.9556 (97/500 in region)
  sW2@1.0: 4.1563 (21/500 in region)
  MMD@1.0: 0.4105
  Survival@1.0: 28.0%
  Stopped@1.0:  4.2%

  --- AE: T+F ---
    E_mu=0.0873  E_Sigma=0.4004

    Drift: enc-pull
  Stage 2 epoch 100/300: loss=0.001696
  Stage 2 epoch 200/300: loss=0.001606
  Stage 2 epoch 300/300: loss=0.001851
  Stage 3 epoch 100/300: loss=0.000034
  Stage 3 epoch 200/300: loss=0.000026
  Stage 3 epoch 300/300: loss=0.000023
  rcMTE@0.1: 0.5850 (292/500 in region)
  rcMTE@0.5: 1.0920 (97/500 in region)
  rcMTE@1.0: 0.8812 (21/500 in region)
  MTE@0.1: 1.1444
  MTE@0.5: 1.9552
  MTE@1.0: 2.0854
  W2@1.0:  1.3979
  sW2@0.1: 0.7119 (292/500 in region)
  sW2@0.2: 0.9685 (214/500 in region)
  sW2@0.5: 1.5393 (97/500 in region)
  sW2@1.0: 1.2325 (21/500 in region)
  MMD@1.0: 0.3477
  Survival@1.0: 28.0%
  Stopped@1.0:  4.2%

    Drift: dec-side
  Stage 2 epoch 100/300: loss=0.000154
  Stage 2 epoch 200/300: loss=0.000122
  Stage 2 epoch 300/300: loss=0.000084
  Stage 3 epoch 100/300: loss=0.000034
  Stage 3 epoch 200/300: loss=0.000026
  Stage 3 epoch 300/300: loss=0.000023
  rcMTE@0.1: 0.5878 (292/500 in region)
  rcMTE@0.5: 1.1079 (97/500 in region)
  rcMTE@1.0: 0.8718 (21/500 in region)
  MTE@0.1: 1.1510
  MTE@0.5: 1.9888
  MTE@1.0: 2.0372
  W2@1.0:  1.3401
  sW2@0.1: 0.7226 (292/500 in region)
  sW2@0.2: 0.9871 (214/500 in region)
  sW2@0.5: 1.6084 (97/500 in region)
  sW2@1.0: 1.1156 (21/500 in region)
  MMD@1.0: 0.3463
  Survival@1.0: 28.0%
  Stopped@1.0:  4.2%

============================================================
  paraboloid | D=201 | seed=1042
============================================================

  --- AE: baseline ---
    E_mu=0.8512  E_Sigma=0.8032

    Drift: enc-pull
  Stage 2 epoch 100/300: loss=0.084734
  Stage 2 epoch 200/300: loss=0.062551
  Stage 2 epoch 300/300: loss=0.104819
  Stage 3 epoch 100/300: loss=0.000165
  Stage 3 epoch 200/300: loss=0.000100
  Stage 3 epoch 300/300: loss=0.000099
  rcMTE@0.1: 0.7543 (285/500 in region)
  rcMTE@0.5: 1.0201 (98/500 in region)
  rcMTE@1.0: 1.1248 (31/500 in region)
  MTE@0.1: 1.2266
  MTE@0.5: 1.7750
  MTE@1.0: 1.9016
  W2@1.0:  0.6371
  sW2@0.1: 0.5088 (285/500 in region)
  sW2@0.2: 0.7549 (204/500 in region)
  sW2@0.5: 0.7702 (98/500 in region)
  sW2@1.0: 0.7731 (31/500 in region)
  MMD@1.0: 0.1039
  Survival@1.0: 29.8%
  Stopped@1.0:  6.2%

    Drift: dec-side
  Stage 2 epoch 100/300: loss=0.003157
  Stage 2 epoch 200/300: loss=0.000750
  Stage 2 epoch 300/300: loss=0.000526
  Stage 3 epoch 100/300: loss=0.000165
  Stage 3 epoch 200/300: loss=0.000100
  Stage 3 epoch 300/300: loss=0.000099
  rcMTE@0.1: 0.8082 (285/500 in region)
  rcMTE@0.5: 1.4850 (98/500 in region)
  rcMTE@1.0: 1.9138 (31/500 in region)
  MTE@0.1: 1.3516
  MTE@0.5: 2.6790
  MTE@1.0: 3.8461
  W2@1.0:  3.5986
  sW2@0.1: 0.7820 (285/500 in region)
  sW2@0.2: 1.2348 (204/500 in region)
  sW2@0.5: 2.0162 (98/500 in region)
  sW2@1.0: 2.9132 (31/500 in region)
  MMD@1.0: 0.3557
  Survival@1.0: 29.8%
  Stopped@1.0:  6.2%

  --- AE: T+F ---
    E_mu=0.0539  E_Sigma=0.0621

    Drift: enc-pull
  Stage 2 epoch 100/300: loss=0.001701
  Stage 2 epoch 200/300: loss=0.001429
  Stage 2 epoch 300/300: loss=0.001467
  Stage 3 epoch 100/300: loss=0.000026
  Stage 3 epoch 200/300: loss=0.000011
  Stage 3 epoch 300/300: loss=0.000009
  rcMTE@0.1: 0.7747 (285/500 in region)
  rcMTE@0.5: 1.1612 (98/500 in region)
  rcMTE@1.0: 1.2914 (31/500 in region)
  MTE@0.1: 1.3212
  MTE@0.5: 2.1397
  MTE@1.0: 2.2893
  W2@1.0:  1.2898
  sW2@0.1: 0.7337 (285/500 in region)
  sW2@0.2: 1.1041 (204/500 in region)
  sW2@0.5: 1.2544 (98/500 in region)
  sW2@1.0: 1.3680 (31/500 in region)
  MMD@1.0: 0.2711
  Survival@1.0: 29.8%
  Stopped@1.0:  6.2%

    Drift: dec-side
  Stage 2 epoch 100/300: loss=0.000276
  Stage 2 epoch 200/300: loss=0.000203
  Stage 2 epoch 300/300: loss=0.000168
  Stage 3 epoch 100/300: loss=0.000026
  Stage 3 epoch 200/300: loss=0.000011
  Stage 3 epoch 300/300: loss=0.000009
  rcMTE@0.1: 0.7828 (285/500 in region)
  rcMTE@0.5: 1.2741 (98/500 in region)
  rcMTE@1.0: 1.4753 (31/500 in region)
  MTE@0.1: 1.3457
  MTE@0.5: 2.4100
  MTE@1.0: 2.8485
  W2@1.0:  2.1961
  sW2@0.1: 0.7747 (285/500 in region)
  sW2@0.2: 1.2017 (204/500 in region)
  sW2@0.5: 1.6049 (98/500 in region)
  sW2@1.0: 1.9267 (31/500 in region)
  MMD@1.0: 0.3726
  Survival@1.0: 29.8%
  Stopped@1.0:  6.2%

============================================================
  paraboloid | D=201 | seed=2042
============================================================

  --- AE: baseline ---
    E_mu=0.5564  E_Sigma=0.7785

    Drift: enc-pull
  Stage 2 epoch 100/300: loss=0.056920
  Stage 2 epoch 200/300: loss=0.027876
  Stage 2 epoch 300/300: loss=0.017916
  Stage 3 epoch 100/300: loss=0.000151
  Stage 3 epoch 200/300: loss=0.000109
  Stage 3 epoch 300/300: loss=0.000112
  rcMTE@0.1: 0.2136 (293/500 in region)
  rcMTE@0.5: 0.3917 (88/500 in region)
  rcMTE@1.0: 0.5419 (24/500 in region)
  MTE@0.1: 0.4685
  MTE@0.5: 0.7500
  MTE@1.0: 0.8035
  W2@1.0:  0.5326
  sW2@0.1: 0.2450 (293/500 in region)
  sW2@0.2: 0.3029 (212/500 in region)
  sW2@0.5: 0.4802 (88/500 in region)
  sW2@1.0: 0.6261 (24/500 in region)
  MMD@1.0: 0.1215
  Survival@1.0: 26.6%
  Stopped@1.0:  4.8%

    Drift: dec-side
  Stage 2 epoch 100/300: loss=0.004080
  Stage 2 epoch 200/300: loss=0.000820
  Stage 2 epoch 300/300: loss=0.000213
  Stage 3 epoch 100/300: loss=0.000151
  Stage 3 epoch 200/300: loss=0.000109
  Stage 3 epoch 300/300: loss=0.000112
  rcMTE@0.1: 0.2325 (293/500 in region)
  rcMTE@0.5: 0.6349 (88/500 in region)
  rcMTE@1.0: 1.0494 (24/500 in region)
  MTE@0.1: 0.5072
  MTE@0.5: 1.6002
  MTE@1.0: 2.7745
  W2@1.0:  3.7711
  sW2@0.1: 0.3807 (293/500 in region)
  sW2@0.2: 0.5386 (212/500 in region)
  sW2@0.5: 1.7265 (88/500 in region)
  sW2@1.0: 3.4495 (24/500 in region)
  MMD@1.0: 0.4345
  Survival@1.0: 26.6%
  Stopped@1.0:  4.8%

  --- AE: T+F ---
    E_mu=0.0869  E_Sigma=0.3660

    Drift: enc-pull
  Stage 2 epoch 100/300: loss=0.001551
  Stage 2 epoch 200/300: loss=0.001830
  Stage 2 epoch 300/300: loss=0.001523
  Stage 3 epoch 100/300: loss=0.000031
  Stage 3 epoch 200/300: loss=0.000021
  Stage 3 epoch 300/300: loss=0.000022
  rcMTE@0.1: 0.5197 (293/500 in region)
  rcMTE@0.5: 1.0811 (88/500 in region)
  rcMTE@1.0: 0.9557 (24/500 in region)
  MTE@0.1: 1.3775
  MTE@0.5: 2.1935
  MTE@1.0: 2.1770
  W2@1.0:  1.7121
  sW2@0.1: 1.0993 (293/500 in region)
  sW2@0.2: 1.2726 (212/500 in region)
  sW2@0.5: 1.8649 (88/500 in region)
  sW2@1.0: 1.9272 (24/500 in region)
  MMD@1.0: 0.3997
  Survival@1.0: 26.6%
  Stopped@1.0:  4.8%

    Drift: dec-side
  Stage 2 epoch 100/300: loss=0.000333
  Stage 2 epoch 200/300: loss=0.000241
  Stage 2 epoch 300/300: loss=0.000128
  Stage 3 epoch 100/300: loss=0.000031
  Stage 3 epoch 200/300: loss=0.000021
  Stage 3 epoch 300/300: loss=0.000022
  rcMTE@0.1: 0.5277 (293/500 in region)
  rcMTE@0.5: 1.1369 (88/500 in region)
  rcMTE@1.0: 1.1889 (24/500 in region)
  MTE@0.1: 1.3953
  MTE@0.5: 2.3907
  MTE@1.0: 2.6995
  W2@1.0:  2.4355
  sW2@0.1: 1.1221 (293/500 in region)
  sW2@0.2: 1.3208 (212/500 in region)
  sW2@0.5: 2.0163 (88/500 in region)
  sW2@1.0: 2.6092 (24/500 in region)
  MMD@1.0: 0.4315
  Survival@1.0: 26.6%
  Stopped@1.0:  4.8%

============================================================
  paraboloid | D=201 | seed=3042
============================================================

  --- AE: baseline ---
    E_mu=0.5757  E_Sigma=0.7330

    Drift: enc-pull
  Stage 2 epoch 100/300: loss=0.113885
  Stage 2 epoch 200/300: loss=0.091195
  Stage 2 epoch 300/300: loss=0.035998
  Stage 3 epoch 100/300: loss=0.000179
  Stage 3 epoch 200/300: loss=0.000145
  Stage 3 epoch 300/300: loss=0.000145
  rcMTE@0.1: 0.2094 (275/500 in region)
  rcMTE@0.5: 0.4248 (78/500 in region)
  rcMTE@1.0: 0.5828 (25/500 in region)
  MTE@0.1: 0.4935
  MTE@0.5: 0.7942
  MTE@1.0: 0.8851
  W2@1.0:  0.6355
  sW2@0.1: 0.2388 (275/500 in region)
  sW2@0.2: 0.3032 (204/500 in region)
  sW2@0.5: 0.6079 (78/500 in region)
  sW2@1.0: 1.0444 (25/500 in region)
  MMD@1.0: 0.1136
  Survival@1.0: 27.2%
  Stopped@1.0:  5.0%

    Drift: dec-side
  Stage 2 epoch 100/300: loss=0.002657
  Stage 2 epoch 200/300: loss=0.000649
  Stage 2 epoch 300/300: loss=0.000283
  Stage 3 epoch 100/300: loss=0.000179
  Stage 3 epoch 200/300: loss=0.000145
  Stage 3 epoch 300/300: loss=0.000145
  rcMTE@0.1: 0.2263 (275/500 in region)
  rcMTE@0.5: 0.5066 (78/500 in region)
  rcMTE@1.0: 1.0457 (25/500 in region)
  MTE@0.1: 0.5573
  MTE@0.5: 1.4837
  MTE@1.0: 2.4554
  W2@1.0:  3.2154
  sW2@0.1: 0.3593 (275/500 in region)
  sW2@0.2: 0.4656 (204/500 in region)
  sW2@0.5: 1.1816 (78/500 in region)
  sW2@1.0: 2.9673 (25/500 in region)
  MMD@1.0: 0.3956
  Survival@1.0: 27.2%
  Stopped@1.0:  5.0%

  --- AE: T+F ---
    E_mu=0.0239  E_Sigma=0.0496

    Drift: enc-pull
  Stage 2 epoch 100/300: loss=0.001430
  Stage 2 epoch 200/300: loss=0.001407
  Stage 2 epoch 300/300: loss=0.001178
  Stage 3 epoch 100/300: loss=0.000020
  Stage 3 epoch 200/300: loss=0.000010
  Stage 3 epoch 300/300: loss=0.000009
  rcMTE@0.1: 0.2025 (275/500 in region)
  rcMTE@0.5: 0.4124 (78/500 in region)
  rcMTE@1.0: 0.6432 (25/500 in region)
  MTE@0.1: 0.4584
  MTE@0.5: 0.8641
  MTE@1.0: 1.1796
  W2@1.0:  1.2071
  sW2@0.1: 0.3220 (275/500 in region)
  sW2@0.2: 0.3268 (204/500 in region)
  sW2@0.5: 0.9344 (78/500 in region)
  sW2@1.0: 1.8076 (25/500 in region)
  MMD@1.0: 0.3413
  Survival@1.0: 27.2%
  Stopped@1.0:  5.0%

    Drift: dec-side
  Stage 2 epoch 100/300: loss=0.000481
  Stage 2 epoch 200/300: loss=0.000235
  Stage 2 epoch 300/300: loss=0.000206
  Stage 3 epoch 100/300: loss=0.000020
  Stage 3 epoch 200/300: loss=0.000010
  Stage 3 epoch 300/300: loss=0.000009
  rcMTE@0.1: 0.2059 (275/500 in region)
  rcMTE@0.5: 0.4057 (78/500 in region)
  rcMTE@1.0: 0.6518 (25/500 in region)
  MTE@0.1: 0.4696
  MTE@0.5: 0.9767
  MTE@1.0: 1.3947
  W2@1.0:  1.5610
  sW2@0.1: 0.3398 (275/500 in region)
  sW2@0.2: 0.3439 (204/500 in region)
  sW2@0.5: 0.9324 (78/500 in region)
  sW2@1.0: 1.8850 (25/500 in region)
  MMD@1.0: 0.4217
  Survival@1.0: 27.2%
  Stopped@1.0:  5.0%

============================================================
  paraboloid | D=201 | seed=4042
============================================================

  --- AE: baseline ---
    E_mu=0.5495  E_Sigma=0.6336

    Drift: enc-pull
  Stage 2 epoch 100/300: loss=0.069787
  Stage 2 epoch 200/300: loss=0.043563
  Stage 2 epoch 300/300: loss=0.023920
  Stage 3 epoch 100/300: loss=0.000153
  Stage 3 epoch 200/300: loss=0.000113
  Stage 3 epoch 300/300: loss=0.000103
  rcMTE@0.1: 0.5579 (287/500 in region)
  rcMTE@0.5: 0.7603 (102/500 in region)
  rcMTE@1.0: 0.7500 (30/500 in region)
  MTE@0.1: 0.9631
  MTE@0.5: 1.3241
  MTE@1.0: 1.2976
  W2@1.0:  0.3892
  sW2@0.1: 0.4238 (287/500 in region)
  sW2@0.2: 0.6148 (207/500 in region)
  sW2@0.5: 0.4741 (102/500 in region)
  sW2@1.0: 0.7897 (30/500 in region)
  MMD@1.0: 0.1331
  Survival@1.0: 28.2%
  Stopped@1.0:  6.0%

    Drift: dec-side
  Stage 2 epoch 100/300: loss=0.002385
  Stage 2 epoch 200/300: loss=0.000618
  Stage 2 epoch 300/300: loss=0.000276
  Stage 3 epoch 100/300: loss=0.000153
  Stage 3 epoch 200/300: loss=0.000113
  Stage 3 epoch 300/300: loss=0.000103
  rcMTE@0.1: 0.6085 (287/500 in region)
  rcMTE@0.5: 1.0204 (102/500 in region)
  rcMTE@1.0: 1.3327 (30/500 in region)
  MTE@0.1: 1.0729
  MTE@0.5: 2.0991
  MTE@1.0: 3.1815
  W2@1.0:  3.3299
  sW2@0.1: 0.7086 (287/500 in region)
  sW2@0.2: 1.3179 (207/500 in region)
  sW2@0.5: 1.6557 (102/500 in region)
  sW2@1.0: 2.8263 (30/500 in region)
  MMD@1.0: 0.3849
  Survival@1.0: 28.2%
  Stopped@1.0:  6.0%

  --- AE: T+F ---
    E_mu=0.1023  E_Sigma=0.6810

    Drift: enc-pull
  Stage 2 epoch 100/300: loss=0.002612
  Stage 2 epoch 200/300: loss=0.002069
  Stage 2 epoch 300/300: loss=0.001792
  Stage 3 epoch 100/300: loss=0.000047
  Stage 3 epoch 200/300: loss=0.000037
  Stage 3 epoch 300/300: loss=0.000034
  rcMTE@0.1: 0.5752 (287/500 in region)
  rcMTE@0.5: 0.8066 (102/500 in region)
  rcMTE@1.0: 0.9031 (30/500 in region)
  MTE@0.1: 1.6901
  MTE@0.5: 2.0013
  MTE@1.0: 2.0587
  W2@1.0:  1.4278
  sW2@0.1: 1.3721 (287/500 in region)
  sW2@0.2: 1.4688 (207/500 in region)
  sW2@0.5: 1.3458 (102/500 in region)
  sW2@1.0: 1.6403 (30/500 in region)
  MMD@1.0: 0.4942
  Survival@1.0: 28.2%
  Stopped@1.0:  6.0%

    Drift: dec-side
  Stage 2 epoch 100/300: loss=0.000445
  Stage 2 epoch 200/300: loss=0.000191
  Stage 2 epoch 300/300: loss=0.000154
  Stage 3 epoch 100/300: loss=0.000047
  Stage 3 epoch 200/300: loss=0.000037
  Stage 3 epoch 300/300: loss=0.000034
  rcMTE@0.1: 0.5952 (287/500 in region)
  rcMTE@0.5: 0.8872 (102/500 in region)
  rcMTE@1.0: 1.1017 (30/500 in region)
  MTE@0.1: 1.7059
  MTE@0.5: 2.1805
  MTE@1.0: 2.4507
  W2@1.0:  1.9184
  sW2@0.1: 1.3965 (287/500 in region)
  sW2@0.2: 1.5791 (207/500 in region)
  sW2@0.5: 1.4879 (102/500 in region)
  sW2@1.0: 2.1117 (30/500 in region)
  MMD@1.0: 0.4940
  Survival@1.0: 28.2%
  Stopped@1.0:  6.0%

============================================================
  paraboloid | D=201 | seed=5042
============================================================

  --- AE: baseline ---
    E_mu=0.8353  E_Sigma=0.8000

    Drift: enc-pull
  Stage 2 epoch 100/300: loss=0.040555
  Stage 2 epoch 200/300: loss=0.026544
  Stage 2 epoch 300/300: loss=0.020915
  Stage 3 epoch 100/300: loss=0.000226
  Stage 3 epoch 200/300: loss=0.000171
  Stage 3 epoch 300/300: loss=0.000147
  rcMTE@0.1: 0.2269 (285/500 in region)
  rcMTE@0.5: 0.3552 (93/500 in region)
  rcMTE@1.0: 0.4253 (33/500 in region)
  MTE@0.1: 0.4721
  MTE@0.5: 0.7023
  MTE@1.0: 0.7561
  W2@1.0:  0.5830
  sW2@0.1: 0.2802 (285/500 in region)
  sW2@0.2: 0.3452 (216/500 in region)
  sW2@0.5: 0.4510 (93/500 in region)
  sW2@1.0: 0.6209 (33/500 in region)
  MMD@1.0: 0.1489
  Survival@1.0: 25.8%
  Stopped@1.0:  6.6%

    Drift: dec-side
  Stage 2 epoch 100/300: loss=0.002121
  Stage 2 epoch 200/300: loss=0.000464
  Stage 2 epoch 300/300: loss=0.000222
  Stage 3 epoch 100/300: loss=0.000226
  Stage 3 epoch 200/300: loss=0.000171
  Stage 3 epoch 300/300: loss=0.000147
  rcMTE@0.1: 0.2453 (285/500 in region)
  rcMTE@0.5: 0.5410 (93/500 in region)
  rcMTE@1.0: 0.9205 (33/500 in region)
  MTE@0.1: 0.5215
  MTE@0.5: 1.2691
  MTE@1.0: 2.4307
  W2@1.0:  2.8771
  sW2@0.1: 0.3565 (285/500 in region)
  sW2@0.2: 0.4315 (216/500 in region)
  sW2@0.5: 0.7812 (93/500 in region)
  sW2@1.0: 1.3930 (33/500 in region)
  MMD@1.0: 0.4063
  Survival@1.0: 25.8%
  Stopped@1.0:  6.6%

  --- AE: T+F ---
    E_mu=0.0500  E_Sigma=0.1237

    Drift: enc-pull
  Stage 2 epoch 100/300: loss=0.003192
  Stage 2 epoch 200/300: loss=0.003248
  Stage 2 epoch 300/300: loss=0.002321
  Stage 3 epoch 100/300: loss=0.000039
  Stage 3 epoch 200/300: loss=0.000014
  Stage 3 epoch 300/300: loss=0.000011
  rcMTE@0.1: 0.5980 (285/500 in region)
  rcMTE@0.5: 0.9413 (93/500 in region)
  rcMTE@1.0: 0.8838 (33/500 in region)
  MTE@0.1: 1.1265
  MTE@0.5: 1.7626
  MTE@1.0: 1.6608
  W2@1.0:  1.0704
  sW2@0.1: 0.7519 (285/500 in region)
  sW2@0.2: 0.9929 (216/500 in region)
  sW2@0.5: 1.0656 (93/500 in region)
  sW2@1.0: 1.1291 (33/500 in region)
  MMD@1.0: 0.3414
  Survival@1.0: 25.8%
  Stopped@1.0:  6.6%

    Drift: dec-side
  Stage 2 epoch 100/300: loss=0.000262
  Stage 2 epoch 200/300: loss=0.000120
  Stage 2 epoch 300/300: loss=0.000080
  Stage 3 epoch 100/300: loss=0.000039
  Stage 3 epoch 200/300: loss=0.000014
  Stage 3 epoch 300/300: loss=0.000011
  rcMTE@0.1: 0.6162 (285/500 in region)
  rcMTE@0.5: 1.0892 (93/500 in region)
  rcMTE@1.0: 1.0943 (33/500 in region)
  MTE@0.1: 1.1783
  MTE@0.5: 2.1418
  MTE@1.0: 2.4884
  W2@1.0:  2.3525
  sW2@0.1: 0.8557 (285/500 in region)
  sW2@0.2: 1.2141 (216/500 in region)
  sW2@0.5: 1.6278 (93/500 in region)
  sW2@1.0: 1.8466 (33/500 in region)
  MMD@1.0: 0.4563
  Survival@1.0: 25.8%
  Stopped@1.0:  6.6%

============================================================
  paraboloid | D=201 | seed=6042
============================================================

  --- AE: baseline ---
    E_mu=0.7600  E_Sigma=1.2973

    Drift: enc-pull
  Stage 2 epoch 100/300: loss=0.052538
  Stage 2 epoch 200/300: loss=0.025733
  Stage 2 epoch 300/300: loss=0.017420
  Stage 3 epoch 100/300: loss=0.000210
  Stage 3 epoch 200/300: loss=0.000188
  Stage 3 epoch 300/300: loss=0.000171
  rcMTE@0.1: 0.3620 (290/500 in region)
  rcMTE@0.5: 0.5903 (89/500 in region)
  rcMTE@1.0: 0.5769 (30/500 in region)
  MTE@0.1: 0.6446
  MTE@0.5: 1.0407
  MTE@1.0: 1.0264
  W2@1.0:  0.4646
  sW2@0.1: 0.3169 (290/500 in region)
  sW2@0.2: 0.2860 (208/500 in region)
  sW2@0.5: 0.3733 (89/500 in region)
  sW2@1.0: 0.5068 (30/500 in region)
  MMD@1.0: 0.1189
  Survival@1.0: 27.2%
  Stopped@1.0:  6.0%

    Drift: dec-side
  Stage 2 epoch 100/300: loss=0.001659
  Stage 2 epoch 200/300: loss=0.000241
  Stage 2 epoch 300/300: loss=0.000152
  Stage 3 epoch 100/300: loss=0.000210
  Stage 3 epoch 200/300: loss=0.000188
  Stage 3 epoch 300/300: loss=0.000171
  rcMTE@0.1: 0.3825 (290/500 in region)
  rcMTE@0.5: 0.6658 (89/500 in region)
  rcMTE@1.0: 0.6398 (30/500 in region)
  MTE@0.1: 0.6869
  MTE@0.5: 1.4135
  MTE@1.0: 1.6379
  W2@1.0:  1.6990
  sW2@0.1: 0.5314 (290/500 in region)
  sW2@0.2: 0.6954 (208/500 in region)
  sW2@0.5: 1.0399 (89/500 in region)
  sW2@1.0: 0.6306 (30/500 in region)
  MMD@1.0: 0.3573
  Survival@1.0: 27.2%
  Stopped@1.0:  6.0%

  --- AE: T+F ---
    E_mu=0.0571  E_Sigma=0.2040

    Drift: enc-pull
  Stage 2 epoch 100/300: loss=0.002075
  Stage 2 epoch 200/300: loss=0.001767
  Stage 2 epoch 300/300: loss=0.001622
  Stage 3 epoch 100/300: loss=0.000124
  Stage 3 epoch 200/300: loss=0.000068
  Stage 3 epoch 300/300: loss=0.000109
  rcMTE@0.1: 0.5361 (290/500 in region)
  rcMTE@0.5: 0.9828 (89/500 in region)
  rcMTE@1.0: 1.0207 (30/500 in region)
  MTE@0.1: 0.9730
  MTE@0.5: 1.7535
  MTE@1.0: 1.6432
  W2@1.0:  0.9559
  sW2@0.1: 0.5353 (290/500 in region)
  sW2@0.2: 0.5961 (208/500 in region)
  sW2@0.5: 0.8825 (89/500 in region)
  sW2@1.0: 0.7727 (30/500 in region)
  MMD@1.0: 0.2317
  Survival@1.0: 27.2%
  Stopped@1.0:  6.0%

    Drift: dec-side
  Stage 2 epoch 100/300: loss=0.000342
  Stage 2 epoch 200/300: loss=0.000157
  Stage 2 epoch 300/300: loss=0.000096
  Stage 3 epoch 100/300: loss=0.000124
  Stage 3 epoch 200/300: loss=0.000068
  Stage 3 epoch 300/300: loss=0.000109
  rcMTE@0.1: 0.5420 (290/500 in region)
  rcMTE@0.5: 1.0348 (89/500 in region)
  rcMTE@1.0: 1.1158 (30/500 in region)
  MTE@0.1: 0.9872
  MTE@0.5: 1.9010
  MTE@1.0: 1.9235
  W2@1.0:  1.4490
  sW2@0.1: 0.5651 (290/500 in region)
  sW2@0.2: 0.6690 (208/500 in region)
  sW2@0.5: 1.1138 (89/500 in region)
  sW2@1.0: 1.0412 (30/500 in region)
  MMD@1.0: 0.3056
  Survival@1.0: 27.2%
  Stopped@1.0:  6.0%

============================================================
  paraboloid | D=201 | seed=7042
============================================================

  --- AE: baseline ---
    E_mu=0.5605  E_Sigma=0.9127

    Drift: enc-pull
  Stage 2 epoch 100/300: loss=0.058420
  Stage 2 epoch 200/300: loss=0.024778
  Stage 2 epoch 300/300: loss=0.017079
  Stage 3 epoch 100/300: loss=0.000339
  Stage 3 epoch 200/300: loss=0.000236
  Stage 3 epoch 300/300: loss=0.000246
  rcMTE@0.1: 0.5935 (316/500 in region)
  rcMTE@0.5: 0.8964 (109/500 in region)
  rcMTE@1.0: 0.8246 (29/500 in region)
  MTE@0.1: 1.0035
  MTE@0.5: 1.4586
  MTE@1.0: 1.5891
  W2@1.0:  0.6077
  sW2@0.1: 0.3817 (316/500 in region)
  sW2@0.2: 0.4200 (232/500 in region)
  sW2@0.5: 0.4028 (109/500 in region)
  sW2@1.0: 0.6313 (29/500 in region)
  MMD@1.0: 0.0972
  Survival@1.0: 28.8%
  Stopped@1.0:  5.8%

    Drift: dec-side
  Stage 2 epoch 100/300: loss=0.000488
  Stage 2 epoch 200/300: loss=0.000112
  Stage 2 epoch 300/300: loss=0.000076
  Stage 3 epoch 100/300: loss=0.000339
  Stage 3 epoch 200/300: loss=0.000236
  Stage 3 epoch 300/300: loss=0.000246
  rcMTE@0.1: 0.6622 (316/500 in region)
  rcMTE@0.5: 1.2449 (109/500 in region)
  rcMTE@1.0: 1.4304 (29/500 in region)
  MTE@0.1: 1.1088
  MTE@0.5: 2.1561
  MTE@1.0: 2.9894
  W2@1.0:  2.7422
  sW2@0.1: 0.7487 (316/500 in region)
  sW2@0.2: 1.2086 (232/500 in region)
  sW2@0.5: 1.6973 (109/500 in region)
  sW2@1.0: 2.1978 (29/500 in region)
  MMD@1.0: 0.3500
  Survival@1.0: 28.8%
  Stopped@1.0:  5.8%

  --- AE: T+F ---
    E_mu=0.0244  E_Sigma=0.0382

    Drift: enc-pull
  Stage 2 epoch 100/300: loss=0.000995
  Stage 2 epoch 200/300: loss=0.000861
  Stage 2 epoch 300/300: loss=0.000840
  Stage 3 epoch 100/300: loss=0.000160
  Stage 3 epoch 200/300: loss=0.000093
  Stage 3 epoch 300/300: loss=0.000059
  rcMTE@0.1: 0.6232 (316/500 in region)
  rcMTE@0.5: 1.0666 (109/500 in region)
  rcMTE@1.0: 1.1276 (29/500 in region)
  MTE@0.1: 1.0874
  MTE@0.5: 1.8556
  MTE@1.0: 2.2169
  W2@1.0:  1.3780
  sW2@0.1: 0.7418 (316/500 in region)
  sW2@0.2: 1.0822 (232/500 in region)
  sW2@0.5: 1.1971 (109/500 in region)
  sW2@1.0: 1.3981 (29/500 in region)
  MMD@1.0: 0.2775
  Survival@1.0: 28.8%
  Stopped@1.0:  5.8%

    Drift: dec-side
  Stage 2 epoch 100/300: loss=0.000162
  Stage 2 epoch 200/300: loss=0.000122
  Stage 2 epoch 300/300: loss=0.000091
  Stage 3 epoch 100/300: loss=0.000160
  Stage 3 epoch 200/300: loss=0.000093
  Stage 3 epoch 300/300: loss=0.000059
  rcMTE@0.1: 0.6309 (316/500 in region)
  rcMTE@0.5: 1.1298 (109/500 in region)
  rcMTE@1.0: 1.2406 (29/500 in region)
  MTE@0.1: 1.1020
  MTE@0.5: 1.9885
  MTE@1.0: 2.4991
  W2@1.0:  1.7823
  sW2@0.1: 0.7842 (316/500 in region)
  sW2@0.2: 1.1857 (232/500 in region)
  sW2@0.5: 1.4448 (109/500 in region)
  sW2@1.0: 1.7786 (29/500 in region)
  MMD@1.0: 0.3406
  Survival@1.0: 28.8%
  Stopped@1.0:  5.8%

============================================================
  paraboloid | D=201 | seed=8042
============================================================

  --- AE: baseline ---
    E_mu=1.2010  E_Sigma=2.2201

    Drift: enc-pull
  Stage 2 epoch 100/300: loss=0.091034
  Stage 2 epoch 200/300: loss=0.025714
  Stage 2 epoch 300/300: loss=0.013530
  Stage 3 epoch 100/300: loss=0.000226
  Stage 3 epoch 200/300: loss=0.000221
  Stage 3 epoch 300/300: loss=0.000175
  rcMTE@0.1: 0.7618 (269/500 in region)
  rcMTE@0.5: 1.1685 (84/500 in region)
  rcMTE@1.0: 1.1938 (29/500 in region)
  MTE@0.1: 1.2792
  MTE@0.5: 1.7405
  MTE@1.0: 1.7933
  W2@1.0:  0.5544
  sW2@0.1: 0.5084 (269/500 in region)
  sW2@0.2: 0.5215 (192/500 in region)
  sW2@0.5: 0.6558 (84/500 in region)
  sW2@1.0: 0.8591 (29/500 in region)
  MMD@1.0: 0.0840
  Survival@1.0: 27.0%
  Stopped@1.0:  5.8%

    Drift: dec-side
  Stage 2 epoch 100/300: loss=0.001019
  Stage 2 epoch 200/300: loss=0.000386
  Stage 2 epoch 300/300: loss=0.000321
  Stage 3 epoch 100/300: loss=0.000226
  Stage 3 epoch 200/300: loss=0.000221
  Stage 3 epoch 300/300: loss=0.000175
  rcMTE@0.1: 0.8257 (269/500 in region)
  rcMTE@0.5: 1.6772 (84/500 in region)
  rcMTE@1.0: 2.1489 (29/500 in region)
  MTE@0.1: 1.4048
  MTE@0.5: 2.6374
  MTE@1.0: 3.5958
  W2@1.0:  3.0121
  sW2@0.1: 0.8148 (269/500 in region)
  sW2@0.2: 1.2560 (192/500 in region)
  sW2@0.5: 2.1187 (84/500 in region)
  sW2@1.0: 2.6787 (29/500 in region)
  MMD@1.0: 0.3305
  Survival@1.0: 27.0%
  Stopped@1.0:  5.8%

  --- AE: T+F ---
    E_mu=0.0820  E_Sigma=0.0655

    Drift: enc-pull
  Stage 2 epoch 100/300: loss=0.001665
  Stage 2 epoch 200/300: loss=0.001376
  Stage 2 epoch 300/300: loss=0.001366
  Stage 3 epoch 100/300: loss=0.000035
  Stage 3 epoch 200/300: loss=0.000018
  Stage 3 epoch 300/300: loss=0.000009
  rcMTE@0.1: 0.4995 (269/500 in region)
  rcMTE@0.5: 1.0125 (84/500 in region)
  rcMTE@1.0: 1.2706 (29/500 in region)
  MTE@0.1: 0.9069
  MTE@0.5: 1.6159
  MTE@1.0: 2.0481
  W2@1.0:  1.2650
  sW2@0.1: 0.5306 (269/500 in region)
  sW2@0.2: 0.8352 (192/500 in region)
  sW2@0.5: 1.2422 (84/500 in region)
  sW2@1.0: 1.9703 (29/500 in region)
  MMD@1.0: 0.2744
  Survival@1.0: 27.0%
  Stopped@1.0:  5.8%

    Drift: dec-side
  Stage 2 epoch 100/300: loss=0.000354
  Stage 2 epoch 200/300: loss=0.000157
  Stage 2 epoch 300/300: loss=0.000102
  Stage 3 epoch 100/300: loss=0.000035
  Stage 3 epoch 200/300: loss=0.000018
  Stage 3 epoch 300/300: loss=0.000009
  rcMTE@0.1: 0.5089 (269/500 in region)
  rcMTE@0.5: 1.1118 (84/500 in region)
  rcMTE@1.0: 1.5753 (29/500 in region)
  MTE@0.1: 0.9259
  MTE@0.5: 1.8564
  MTE@1.0: 2.5677
  W2@1.0:  1.9702
  sW2@0.1: 0.5823 (269/500 in region)
  sW2@0.2: 0.9526 (192/500 in region)
  sW2@0.5: 1.6839 (84/500 in region)
  sW2@1.0: 2.9202 (29/500 in region)
  MMD@1.0: 0.3803
  Survival@1.0: 27.0%
  Stopped@1.0:  5.8%

============================================================
  paraboloid | D=201 | seed=9042
============================================================

  --- AE: baseline ---
    E_mu=0.6981  E_Sigma=0.6730

    Drift: enc-pull
  Stage 2 epoch 100/300: loss=0.056942
  Stage 2 epoch 200/300: loss=0.028015
  Stage 2 epoch 300/300: loss=0.020294
  Stage 3 epoch 100/300: loss=0.000191
  Stage 3 epoch 200/300: loss=0.000130
  Stage 3 epoch 300/300: loss=0.000115
  rcMTE@0.1: 0.4680 (280/500 in region)
  rcMTE@0.5: 0.8021 (85/500 in region)
  rcMTE@1.0: 0.9525 (22/500 in region)
  MTE@0.1: 0.9392
  MTE@0.5: 1.3091
  MTE@1.0: 1.4069
  W2@1.0:  0.6485
  sW2@0.1: 0.4553 (280/500 in region)
  sW2@0.2: 0.5529 (205/500 in region)
  sW2@0.5: 0.5338 (85/500 in region)
  sW2@1.0: 0.9936 (22/500 in region)
  MMD@1.0: 0.0956
  Survival@1.0: 28.2%
  Stopped@1.0:  4.4%

    Drift: dec-side
  Stage 2 epoch 100/300: loss=0.003825
  Stage 2 epoch 200/300: loss=0.001032
  Stage 2 epoch 300/300: loss=0.000499
  Stage 3 epoch 100/300: loss=0.000191
  Stage 3 epoch 200/300: loss=0.000130
  Stage 3 epoch 300/300: loss=0.000115
  rcMTE@0.1: 0.5226 (280/500 in region)
  rcMTE@0.5: 1.1292 (85/500 in region)
  rcMTE@1.0: 1.5647 (22/500 in region)
  MTE@0.1: 1.0720
  MTE@0.5: 2.2308
  MTE@1.0: 3.9744
  W2@1.0:  4.5194
  sW2@0.1: 0.7577 (280/500 in region)
  sW2@0.2: 1.1079 (205/500 in region)
  sW2@0.5: 2.0522 (85/500 in region)
  sW2@1.0: 3.7577 (22/500 in region)
  MMD@1.0: 0.4299
  Survival@1.0: 28.2%
  Stopped@1.0:  4.4%

  --- AE: T+F ---
    E_mu=0.0802  E_Sigma=0.1822

    Drift: enc-pull
  Stage 2 epoch 100/300: loss=0.004011
  Stage 2 epoch 200/300: loss=0.002670
  Stage 2 epoch 300/300: loss=0.002177
  Stage 3 epoch 100/300: loss=0.000037
  Stage 3 epoch 200/300: loss=0.000025
  Stage 3 epoch 300/300: loss=0.000021
  rcMTE@0.1: 0.5119 (280/500 in region)
  rcMTE@0.5: 0.9817 (85/500 in region)
  rcMTE@1.0: 1.0818 (22/500 in region)
  MTE@0.1: 1.1597
  MTE@0.5: 1.7776
  MTE@1.0: 2.3267
  W2@1.0:  1.8818
  sW2@0.1: 0.8809 (280/500 in region)
  sW2@0.2: 1.0134 (205/500 in region)
  sW2@0.5: 1.4801 (85/500 in region)
  sW2@1.0: 1.6937 (22/500 in region)
  MMD@1.0: 0.3568
  Survival@1.0: 28.2%
  Stopped@1.0:  4.4%

    Drift: dec-side
  Stage 2 epoch 100/300: loss=0.000222
  Stage 2 epoch 200/300: loss=0.000126
  Stage 2 epoch 300/300: loss=0.000086
  Stage 3 epoch 100/300: loss=0.000037
  Stage 3 epoch 200/300: loss=0.000025
  Stage 3 epoch 300/300: loss=0.000021
  rcMTE@0.1: 0.5118 (280/500 in region)
  rcMTE@0.5: 1.0069 (85/500 in region)
  rcMTE@1.0: 1.0967 (22/500 in region)
  MTE@0.1: 1.1578
  MTE@0.5: 1.8276
  MTE@1.0: 2.4125
  W2@1.0:  1.9110
  sW2@0.1: 0.8608 (280/500 in region)
  sW2@0.2: 0.9799 (205/500 in region)
  sW2@0.5: 1.5427 (85/500 in region)
  sW2@1.0: 1.7602 (22/500 in region)
  MMD@1.0: 0.4109
  Survival@1.0: 28.2%
  Stopped@1.0:  4.4%

============================================================
  hyperbolic_paraboloid | D=201 | seed=42
============================================================

  --- AE: baseline ---
    E_mu=0.8150  E_Sigma=0.8587

    Drift: enc-pull
  Stage 2 epoch 100/300: loss=0.064951
  Stage 2 epoch 200/300: loss=0.034518
  Stage 2 epoch 300/300: loss=0.017866
  Stage 3 epoch 100/300: loss=0.000162
  Stage 3 epoch 200/300: loss=0.000126
  Stage 3 epoch 300/300: loss=0.000121
  rcMTE@0.1: 0.4407 (292/500 in region)
  rcMTE@0.5: 0.8209 (97/500 in region)
  rcMTE@1.0: 0.6910 (21/500 in region)
  MTE@0.1: 0.8373
  MTE@0.5: 1.3690
  MTE@1.0: 1.3573
  W2@1.0:  0.4351
  sW2@0.1: 0.3023 (292/500 in region)
  sW2@0.2: 0.4307 (214/500 in region)
  sW2@0.5: 0.4941 (97/500 in region)
  sW2@1.0: 0.5448 (21/500 in region)
  MMD@1.0: 0.0886
  Survival@1.0: 28.0%
  Stopped@1.0:  4.2%

    Drift: dec-side
  Stage 2 epoch 100/300: loss=0.001790
  Stage 2 epoch 200/300: loss=0.000349
  Stage 2 epoch 300/300: loss=0.000191
  Stage 3 epoch 100/300: loss=0.000162
  Stage 3 epoch 200/300: loss=0.000126
  Stage 3 epoch 300/300: loss=0.000121
  rcMTE@0.1: 0.4632 (292/500 in region)
  rcMTE@0.5: 1.0392 (97/500 in region)
  rcMTE@1.0: 1.2380 (21/500 in region)
  MTE@0.1: 0.8608
  MTE@0.5: 1.7953
  MTE@1.0: 2.1349
  W2@1.0:  1.3151
  sW2@0.1: 0.4011 (292/500 in region)
  sW2@0.2: 0.6472 (214/500 in region)
  sW2@0.5: 1.0379 (97/500 in region)
  sW2@1.0: 1.4854 (21/500 in region)
  MMD@1.0: 0.3219
  Survival@1.0: 28.0%
  Stopped@1.0:  4.2%

  --- AE: T+F ---
    E_mu=0.0357  E_Sigma=0.0950

    Drift: enc-pull
  Stage 2 epoch 100/300: loss=0.001699
  Stage 2 epoch 200/300: loss=0.001757
  Stage 2 epoch 300/300: loss=0.001856
  Stage 3 epoch 100/300: loss=0.000015
  Stage 3 epoch 200/300: loss=0.000009
  Stage 3 epoch 300/300: loss=0.000010
  rcMTE@0.1: 0.5127 (292/500 in region)
  rcMTE@0.5: 0.9258 (97/500 in region)
  rcMTE@1.0: 1.1140 (21/500 in region)
  MTE@0.1: 0.9774
  MTE@0.5: 1.6432
  MTE@1.0: 1.8364
  W2@1.0:  0.9136
  sW2@0.1: 0.5275 (292/500 in region)
  sW2@0.2: 0.8018 (214/500 in region)
  sW2@0.5: 0.8226 (97/500 in region)
  sW2@1.0: 1.4368 (21/500 in region)
  MMD@1.0: 0.2611
  Survival@1.0: 28.0%
  Stopped@1.0:  4.2%

    Drift: dec-side
  Stage 2 epoch 100/300: loss=0.000349
  Stage 2 epoch 200/300: loss=0.000126
  Stage 2 epoch 300/300: loss=0.000081
  Stage 3 epoch 100/300: loss=0.000015
  Stage 3 epoch 200/300: loss=0.000009
  Stage 3 epoch 300/300: loss=0.000010
  rcMTE@0.1: 0.5182 (292/500 in region)
  rcMTE@0.5: 0.9635 (97/500 in region)
  rcMTE@1.0: 1.3047 (21/500 in region)
  MTE@0.1: 0.9945
  MTE@0.5: 1.7212
  MTE@1.0: 2.0243
  W2@1.0:  1.1726
  sW2@0.1: 0.5570 (292/500 in region)
  sW2@0.2: 0.8634 (214/500 in region)
  sW2@0.5: 0.9274 (97/500 in region)
  sW2@1.0: 1.6560 (21/500 in region)
  MMD@1.0: 0.2980
  Survival@1.0: 28.0%
  Stopped@1.0:  4.2%

============================================================
  hyperbolic_paraboloid | D=201 | seed=1042
============================================================

  --- AE: baseline ---
    E_mu=0.9560  E_Sigma=0.6133

    Drift: enc-pull
  Stage 2 epoch 100/300: loss=0.042850
  Stage 2 epoch 200/300: loss=0.021014
  Stage 2 epoch 300/300: loss=0.008841
  Stage 3 epoch 100/300: loss=0.000213
  Stage 3 epoch 200/300: loss=0.000157
  Stage 3 epoch 300/300: loss=0.000144
  rcMTE@0.1: 0.7183 (285/500 in region)
  rcMTE@0.5: 0.8972 (98/500 in region)
  rcMTE@1.0: 1.0523 (31/500 in region)
  MTE@0.1: 1.2034
  MTE@0.5: 1.6092
  MTE@1.0: 1.7286
  W2@1.0:  0.4622
  sW2@0.1: 0.3598 (285/500 in region)
  sW2@0.2: 0.4308 (204/500 in region)
  sW2@0.5: 0.3778 (98/500 in region)
  sW2@1.0: 0.5162 (31/500 in region)
  MMD@1.0: 0.0680
  Survival@1.0: 29.8%
  Stopped@1.0:  6.2%

    Drift: dec-side
  Stage 2 epoch 100/300: loss=0.005172
  Stage 2 epoch 200/300: loss=0.001530
  Stage 2 epoch 300/300: loss=0.000862
  Stage 3 epoch 100/300: loss=0.000213
  Stage 3 epoch 200/300: loss=0.000157
  Stage 3 epoch 300/300: loss=0.000144
  rcMTE@0.1: 0.7855 (285/500 in region)
  rcMTE@0.5: 1.3599 (98/500 in region)
  rcMTE@1.0: 1.6116 (31/500 in region)
  MTE@0.1: 1.3182
  MTE@0.5: 2.3198
  MTE@1.0: 2.8128
  W2@1.0:  2.0965
  sW2@0.1: 0.5767 (285/500 in region)
  sW2@0.2: 0.8843 (204/500 in region)
  sW2@0.5: 1.3393 (98/500 in region)
  sW2@1.0: 1.8156 (31/500 in region)
  MMD@1.0: 0.3134
  Survival@1.0: 29.8%
  Stopped@1.0:  6.2%

  --- AE: T+F ---
    E_mu=0.0290  E_Sigma=0.0338

    Drift: enc-pull
  Stage 2 epoch 100/300: loss=0.000852
  Stage 2 epoch 200/300: loss=0.000638
  Stage 2 epoch 300/300: loss=0.000572
  Stage 3 epoch 100/300: loss=0.000011
  Stage 3 epoch 200/300: loss=0.000008
  Stage 3 epoch 300/300: loss=0.000009
  rcMTE@0.1: 0.5288 (285/500 in region)
  rcMTE@0.5: 0.7364 (98/500 in region)
  rcMTE@1.0: 1.0912 (31/500 in region)
  MTE@0.1: 0.9440
  MTE@0.5: 1.5569
  MTE@1.0: 1.8667
  W2@1.0:  0.8278
  sW2@0.1: 0.4854 (285/500 in region)
  sW2@0.2: 0.5227 (204/500 in region)
  sW2@0.5: 0.5906 (98/500 in region)
  sW2@1.0: 1.2292 (31/500 in region)
  MMD@1.0: 0.2053
  Survival@1.0: 29.8%
  Stopped@1.0:  6.2%

    Drift: dec-side
  Stage 2 epoch 100/300: loss=0.000346
  Stage 2 epoch 200/300: loss=0.000102
  Stage 2 epoch 300/300: loss=0.000093
  Stage 3 epoch 100/300: loss=0.000011
  Stage 3 epoch 200/300: loss=0.000008
  Stage 3 epoch 300/300: loss=0.000009
  rcMTE@0.1: 0.5323 (285/500 in region)
  rcMTE@0.5: 0.7530 (98/500 in region)
  rcMTE@1.0: 1.1406 (31/500 in region)
  MTE@0.1: 0.9537
  MTE@0.5: 1.6218
  MTE@1.0: 1.9770
  W2@1.0:  0.9986
  sW2@0.1: 0.5058 (285/500 in region)
  sW2@0.2: 0.5558 (204/500 in region)
  sW2@0.5: 0.6030 (98/500 in region)
  sW2@1.0: 1.3437 (31/500 in region)
  MMD@1.0: 0.2574
  Survival@1.0: 29.8%
  Stopped@1.0:  6.2%

============================================================
  hyperbolic_paraboloid | D=201 | seed=2042
============================================================

  --- AE: baseline ---
    E_mu=0.7282  E_Sigma=1.2874

    Drift: enc-pull
  Stage 2 epoch 100/300: loss=0.024229
  Stage 2 epoch 200/300: loss=0.018349
  Stage 2 epoch 300/300: loss=0.009214
  Stage 3 epoch 100/300: loss=0.000187
  Stage 3 epoch 200/300: loss=0.000134
  Stage 3 epoch 300/300: loss=0.000130
  rcMTE@0.1: 0.5117 (293/500 in region)
  rcMTE@0.5: 0.8596 (88/500 in region)
  rcMTE@1.0: 0.7722 (24/500 in region)
  MTE@0.1: 0.8789
  MTE@0.5: 1.3673
  MTE@1.0: 1.4804
  W2@1.0:  0.5436
  sW2@0.1: 0.3453 (293/500 in region)
  sW2@0.2: 0.4642 (212/500 in region)
  sW2@0.5: 0.5059 (88/500 in region)
  sW2@1.0: 0.4944 (24/500 in region)
  MMD@1.0: 0.1586
  Survival@1.0: 26.6%
  Stopped@1.0:  4.8%

    Drift: dec-side
  Stage 2 epoch 100/300: loss=0.000871
  Stage 2 epoch 200/300: loss=0.000368
  Stage 2 epoch 300/300: loss=0.000116
  Stage 3 epoch 100/300: loss=0.000187
  Stage 3 epoch 200/300: loss=0.000134
  Stage 3 epoch 300/300: loss=0.000130
  rcMTE@0.1: 0.5553 (293/500 in region)
  rcMTE@0.5: 1.2851 (88/500 in region)
  rcMTE@1.0: 1.2115 (24/500 in region)
  MTE@0.1: 0.9384
  MTE@0.5: 2.1115
  MTE@1.0: 2.7229
  W2@1.0:  2.5377
  sW2@0.1: 0.5320 (293/500 in region)
  sW2@0.2: 0.8791 (212/500 in region)
  sW2@0.5: 2.0345 (88/500 in region)
  sW2@1.0: 2.9514 (24/500 in region)
  MMD@1.0: 0.3486
  Survival@1.0: 26.6%
  Stopped@1.0:  4.8%

  --- AE: T+F ---
    E_mu=0.0272  E_Sigma=0.0754

    Drift: enc-pull
  Stage 2 epoch 100/300: loss=0.001824
  Stage 2 epoch 200/300: loss=0.002147
  Stage 2 epoch 300/300: loss=0.001656
  Stage 3 epoch 100/300: loss=0.000051
  Stage 3 epoch 200/300: loss=0.000029
  Stage 3 epoch 300/300: loss=0.000019
  rcMTE@0.1: 0.3165 (293/500 in region)
  rcMTE@0.5: 0.6613 (88/500 in region)
  rcMTE@1.0: 0.7663 (24/500 in region)
  MTE@0.1: 0.6209
  MTE@0.5: 1.1093
  MTE@1.0: 1.3041
  W2@1.0:  0.7517
  sW2@0.1: 0.3793 (293/500 in region)
  sW2@0.2: 0.5601 (212/500 in region)
  sW2@0.5: 0.8657 (88/500 in region)
  sW2@1.0: 1.1092 (24/500 in region)
  MMD@1.0: 0.2544
  Survival@1.0: 26.6%
  Stopped@1.0:  4.8%

    Drift: dec-side
  Stage 2 epoch 100/300: loss=0.000157
  Stage 2 epoch 200/300: loss=0.000131
  Stage 2 epoch 300/300: loss=0.000095
  Stage 3 epoch 100/300: loss=0.000051
  Stage 3 epoch 200/300: loss=0.000029
  Stage 3 epoch 300/300: loss=0.000019
  rcMTE@0.1: 0.3171 (293/500 in region)
  rcMTE@0.5: 0.6786 (88/500 in region)
  rcMTE@1.0: 0.7849 (24/500 in region)
  MTE@0.1: 0.6267
  MTE@0.5: 1.1858
  MTE@1.0: 1.4168
  W2@1.0:  0.9290
  sW2@0.1: 0.3905 (293/500 in region)
  sW2@0.2: 0.5916 (212/500 in region)
  sW2@0.5: 0.9636 (88/500 in region)
  sW2@1.0: 1.2711 (24/500 in region)
  MMD@1.0: 0.2999
  Survival@1.0: 26.6%
  Stopped@1.0:  4.8%

============================================================
  hyperbolic_paraboloid | D=201 | seed=3042
============================================================

  --- AE: baseline ---
    E_mu=0.5075  E_Sigma=0.3764

    Drift: enc-pull
  Stage 2 epoch 100/300: loss=0.041424
  Stage 2 epoch 200/300: loss=0.022310
  Stage 2 epoch 300/300: loss=0.008869
  Stage 3 epoch 100/300: loss=0.000241
  Stage 3 epoch 200/300: loss=0.000209
  Stage 3 epoch 300/300: loss=0.000220
  rcMTE@0.1: 0.1829 (275/500 in region)
  rcMTE@0.5: 0.3339 (78/500 in region)
  rcMTE@1.0: 0.4498 (25/500 in region)
  MTE@0.1: 0.4319
  MTE@0.5: 0.6495
  MTE@1.0: 0.7282
  W2@1.0:  0.5487
  sW2@0.1: 0.1983 (275/500 in region)
  sW2@0.2: 0.2321 (204/500 in region)
  sW2@0.5: 0.4263 (78/500 in region)
  sW2@1.0: 0.6641 (25/500 in region)
  MMD@1.0: 0.0670
  Survival@1.0: 27.2%
  Stopped@1.0:  5.0%

    Drift: dec-side
  Stage 2 epoch 100/300: loss=0.010528
  Stage 2 epoch 200/300: loss=0.002552
  Stage 2 epoch 300/300: loss=0.000705
  Stage 3 epoch 100/300: loss=0.000241
  Stage 3 epoch 200/300: loss=0.000209
  Stage 3 epoch 300/300: loss=0.000220
  rcMTE@0.1: 0.2164 (275/500 in region)
  rcMTE@0.5: 0.4670 (78/500 in region)
  rcMTE@1.0: 0.8135 (25/500 in region)
  MTE@0.1: 0.4577
  MTE@0.5: 1.0749
  MTE@1.0: 1.5118
  W2@1.0:  1.3541
  sW2@0.1: 0.2974 (275/500 in region)
  sW2@0.2: 0.3381 (204/500 in region)
  sW2@0.5: 0.6904 (78/500 in region)
  sW2@1.0: 1.2699 (25/500 in region)
  MMD@1.0: 0.3373
  Survival@1.0: 27.2%
  Stopped@1.0:  5.0%

  --- AE: T+F ---
    E_mu=0.0187  E_Sigma=0.0249

    Drift: enc-pull
  Stage 2 epoch 100/300: loss=0.000628
  Stage 2 epoch 200/300: loss=0.000564
  Stage 2 epoch 300/300: loss=0.000487
  Stage 3 epoch 100/300: loss=0.000024
  Stage 3 epoch 200/300: loss=0.000009
  Stage 3 epoch 300/300: loss=0.000009
  rcMTE@0.1: 0.1968 (275/500 in region)
  rcMTE@0.5: 0.3892 (78/500 in region)
  rcMTE@1.0: 0.5917 (25/500 in region)
  MTE@0.1: 0.4310
  MTE@0.5: 0.7732
  MTE@1.0: 0.9661
  W2@1.0:  0.7922
  sW2@0.1: 0.2819 (275/500 in region)
  sW2@0.2: 0.3003 (204/500 in region)
  sW2@0.5: 0.6075 (78/500 in region)
  sW2@1.0: 1.0025 (25/500 in region)
  MMD@1.0: 0.2699
  Survival@1.0: 27.2%
  Stopped@1.0:  5.0%

    Drift: dec-side
  Stage 2 epoch 100/300: loss=0.000421
  Stage 2 epoch 200/300: loss=0.000169
  Stage 2 epoch 300/300: loss=0.000139
  Stage 3 epoch 100/300: loss=0.000024
  Stage 3 epoch 200/300: loss=0.000009
  Stage 3 epoch 300/300: loss=0.000009
  rcMTE@0.1: 0.1979 (275/500 in region)
  rcMTE@0.5: 0.3854 (78/500 in region)
  rcMTE@1.0: 0.5796 (25/500 in region)
  MTE@0.1: 0.4382
  MTE@0.5: 0.8268
  MTE@1.0: 1.0238
  W2@1.0:  0.8408
  sW2@0.1: 0.2934 (275/500 in region)
  sW2@0.2: 0.3115 (204/500 in region)
  sW2@0.5: 0.6035 (78/500 in region)
  sW2@1.0: 1.0021 (25/500 in region)
  MMD@1.0: 0.3025
  Survival@1.0: 27.2%
  Stopped@1.0:  5.0%

============================================================
  hyperbolic_paraboloid | D=201 | seed=4042
============================================================

  --- AE: baseline ---
    E_mu=0.7386  E_Sigma=0.5917

    Drift: enc-pull
  Stage 2 epoch 100/300: loss=0.051469
  Stage 2 epoch 200/300: loss=0.027458
  Stage 2 epoch 300/300: loss=0.019755
  Stage 3 epoch 100/300: loss=0.000117
  Stage 3 epoch 200/300: loss=0.000092
  Stage 3 epoch 300/300: loss=0.000078
  rcMTE@0.1: 0.5381 (287/500 in region)
  rcMTE@0.5: 0.6828 (102/500 in region)
  rcMTE@1.0: 0.8211 (30/500 in region)
  MTE@0.1: 0.9124
  MTE@0.5: 1.2441
  MTE@1.0: 1.1352
  W2@1.0:  0.5603
  sW2@0.1: 0.3086 (287/500 in region)
  sW2@0.2: 0.4434 (207/500 in region)
  sW2@0.5: 0.3499 (102/500 in region)
  sW2@1.0: 0.8520 (30/500 in region)
  MMD@1.0: 0.1910
  Survival@1.0: 28.2%
  Stopped@1.0:  6.0%

    Drift: dec-side
  Stage 2 epoch 100/300: loss=0.000978
  Stage 2 epoch 200/300: loss=0.000173
  Stage 2 epoch 300/300: loss=0.000097
  Stage 3 epoch 100/300: loss=0.000117
  Stage 3 epoch 200/300: loss=0.000092
  Stage 3 epoch 300/300: loss=0.000078
  rcMTE@0.1: 0.5769 (287/500 in region)
  rcMTE@0.5: 0.9895 (102/500 in region)
  rcMTE@1.0: 1.2321 (30/500 in region)
  MTE@0.1: 0.9958
  MTE@0.5: 1.8263
  MTE@1.0: 2.5218
  W2@1.0:  2.3219
  sW2@0.1: 0.5073 (287/500 in region)
  sW2@0.2: 0.8588 (207/500 in region)
  sW2@0.5: 1.3788 (102/500 in region)
  sW2@1.0: 2.5333 (30/500 in region)
  MMD@1.0: 0.3437
  Survival@1.0: 28.2%
  Stopped@1.0:  6.0%

  --- AE: T+F ---
    E_mu=0.0357  E_Sigma=0.0336

    Drift: enc-pull
  Stage 2 epoch 100/300: loss=0.000703
  Stage 2 epoch 200/300: loss=0.000637
  Stage 2 epoch 300/300: loss=0.000541
  Stage 3 epoch 100/300: loss=0.000011
  Stage 3 epoch 200/300: loss=0.000006
  Stage 3 epoch 300/300: loss=0.000005
  rcMTE@0.1: 0.5555 (287/500 in region)
  rcMTE@0.5: 0.8459 (102/500 in region)
  rcMTE@1.0: 0.8677 (30/500 in region)
  MTE@0.1: 0.9794
  MTE@0.5: 1.5268
  MTE@1.0: 1.5961
  W2@1.0:  0.7629
  sW2@0.1: 0.4969 (287/500 in region)
  sW2@0.2: 0.7382 (207/500 in region)
  sW2@0.5: 0.7053 (102/500 in region)
  sW2@1.0: 0.9278 (30/500 in region)
  MMD@1.0: 0.2672
  Survival@1.0: 28.2%
  Stopped@1.0:  6.0%

    Drift: dec-side
  Stage 2 epoch 100/300: loss=0.000361
  Stage 2 epoch 200/300: loss=0.000217
  Stage 2 epoch 300/300: loss=0.000164
  Stage 3 epoch 100/300: loss=0.000011
  Stage 3 epoch 200/300: loss=0.000006
  Stage 3 epoch 300/300: loss=0.000005
  rcMTE@0.1: 0.5613 (287/500 in region)
  rcMTE@0.5: 0.8712 (102/500 in region)
  rcMTE@1.0: 0.9227 (30/500 in region)
  MTE@0.1: 0.9911
  MTE@0.5: 1.5878
  MTE@1.0: 1.7332
  W2@1.0:  0.9833
  sW2@0.1: 0.5205 (287/500 in region)
  sW2@0.2: 0.7867 (207/500 in region)
  sW2@0.5: 0.7493 (102/500 in region)
  sW2@1.0: 1.0637 (30/500 in region)
  MMD@1.0: 0.3010
  Survival@1.0: 28.2%
  Stopped@1.0:  6.0%

============================================================
  hyperbolic_paraboloid | D=201 | seed=5042
============================================================

  --- AE: baseline ---
    E_mu=0.6162  E_Sigma=0.4921

    Drift: enc-pull
  Stage 2 epoch 100/300: loss=0.060987
  Stage 2 epoch 200/300: loss=0.027392
  Stage 2 epoch 300/300: loss=0.018135
  Stage 3 epoch 100/300: loss=0.000206
  Stage 3 epoch 200/300: loss=0.000205
  Stage 3 epoch 300/300: loss=0.000158
  rcMTE@0.1: 0.4795 (285/500 in region)
  rcMTE@0.5: 0.6915 (93/500 in region)
  rcMTE@1.0: 0.7190 (33/500 in region)
  MTE@0.1: 0.8642
  MTE@0.5: 1.2623
  MTE@1.0: 1.2288
  W2@1.0:  0.5431
  sW2@0.1: 0.3657 (285/500 in region)
  sW2@0.2: 0.5215 (216/500 in region)
  sW2@0.5: 0.4216 (93/500 in region)
  sW2@1.0: 0.4124 (33/500 in region)
  MMD@1.0: 0.1040
  Survival@1.0: 25.8%
  Stopped@1.0:  6.6%

    Drift: dec-side
  Stage 2 epoch 100/300: loss=0.000626
  Stage 2 epoch 200/300: loss=0.000252
  Stage 2 epoch 300/300: loss=0.000132
  Stage 3 epoch 100/300: loss=0.000206
  Stage 3 epoch 200/300: loss=0.000205
  Stage 3 epoch 300/300: loss=0.000158
  rcMTE@0.1: 0.5153 (285/500 in region)
  rcMTE@0.5: 0.8835 (93/500 in region)
  rcMTE@1.0: 0.9452 (33/500 in region)
  MTE@0.1: 0.9475
  MTE@0.5: 1.6861
  MTE@1.0: 2.0135
  W2@1.0:  1.7920
  sW2@0.1: 0.5673 (285/500 in region)
  sW2@0.2: 0.9973 (216/500 in region)
  sW2@0.5: 1.1060 (93/500 in region)
  sW2@1.0: 1.5027 (33/500 in region)
  MMD@1.0: 0.2774
  Survival@1.0: 25.8%
  Stopped@1.0:  6.6%

  --- AE: T+F ---
    E_mu=0.0446  E_Sigma=0.2476

    Drift: enc-pull
  Stage 2 epoch 100/300: loss=0.002690
  Stage 2 epoch 200/300: loss=0.002626
  Stage 2 epoch 300/300: loss=0.002064
  Stage 3 epoch 100/300: loss=0.000117
  Stage 3 epoch 200/300: loss=0.000059
  Stage 3 epoch 300/300: loss=0.000036
  rcMTE@0.1: 0.4762 (285/500 in region)
  rcMTE@0.5: 0.8095 (93/500 in region)
  rcMTE@1.0: 0.8084 (33/500 in region)
  MTE@0.1: 1.4853
  MTE@0.5: 1.9243
  MTE@1.0: 1.9318
  W2@1.0:  1.4413
  sW2@0.1: 1.2915 (285/500 in region)
  sW2@0.2: 1.3985 (216/500 in region)
  sW2@0.5: 1.4772 (93/500 in region)
  sW2@1.0: 1.5705 (33/500 in region)
  MMD@1.0: 0.4864
  Survival@1.0: 25.8%
  Stopped@1.0:  6.6%

    Drift: dec-side
  Stage 2 epoch 100/300: loss=0.000293
  Stage 2 epoch 200/300: loss=0.000130
  Stage 2 epoch 300/300: loss=0.000095
  Stage 3 epoch 100/300: loss=0.000117
  Stage 3 epoch 200/300: loss=0.000059
  Stage 3 epoch 300/300: loss=0.000036
  rcMTE@0.1: 0.4806 (285/500 in region)
  rcMTE@0.5: 0.8609 (93/500 in region)
  rcMTE@1.0: 0.9080 (33/500 in region)
  MTE@0.1: 1.4991
  MTE@0.5: 2.0712
  MTE@1.0: 2.2729
  W2@1.0:  1.9041
  sW2@0.1: 1.2995 (285/500 in region)
  sW2@0.2: 1.4326 (216/500 in region)
  sW2@0.5: 1.5922 (93/500 in region)
  sW2@1.0: 1.9552 (33/500 in region)
  MMD@1.0: 0.4650
  Survival@1.0: 25.8%
  Stopped@1.0:  6.6%

============================================================
  hyperbolic_paraboloid | D=201 | seed=6042
============================================================

  --- AE: baseline ---
    E_mu=0.6598  E_Sigma=0.4225

    Drift: enc-pull
  Stage 2 epoch 100/300: loss=0.048304
  Stage 2 epoch 200/300: loss=0.031485
  Stage 2 epoch 300/300: loss=0.011257
  Stage 3 epoch 100/300: loss=0.000136
  Stage 3 epoch 200/300: loss=0.000109
  Stage 3 epoch 300/300: loss=0.000110
  rcMTE@0.1: 0.4497 (290/500 in region)
  rcMTE@0.5: 0.7502 (89/500 in region)
  rcMTE@1.0: 0.9099 (30/500 in region)
  MTE@0.1: 0.8752
  MTE@0.5: 1.4043
  MTE@1.0: 1.5331
  W2@1.0:  0.4862
  sW2@0.1: 0.2957 (290/500 in region)
  sW2@0.2: 0.3934 (208/500 in region)
  sW2@0.5: 0.5129 (89/500 in region)
  sW2@1.0: 0.6107 (30/500 in region)
  MMD@1.0: 0.0751
  Survival@1.0: 27.2%
  Stopped@1.0:  6.0%

    Drift: dec-side
  Stage 2 epoch 100/300: loss=0.001395
  Stage 2 epoch 200/300: loss=0.000262
  Stage 2 epoch 300/300: loss=0.000102
  Stage 3 epoch 100/300: loss=0.000136
  Stage 3 epoch 200/300: loss=0.000109
  Stage 3 epoch 300/300: loss=0.000110
  rcMTE@0.1: 0.4775 (290/500 in region)
  rcMTE@0.5: 0.8962 (89/500 in region)
  rcMTE@1.0: 1.2664 (30/500 in region)
  MTE@0.1: 0.9211
  MTE@0.5: 1.7381
  MTE@1.0: 2.1316
  W2@1.0:  1.3311
  sW2@0.1: 0.4442 (290/500 in region)
  sW2@0.2: 0.6288 (208/500 in region)
  sW2@0.5: 0.9197 (89/500 in region)
  sW2@1.0: 1.4311 (30/500 in region)
  MMD@1.0: 0.3061
  Survival@1.0: 27.2%
  Stopped@1.0:  6.0%

  --- AE: T+F ---
    E_mu=0.0354  E_Sigma=0.0328

    Drift: enc-pull
  Stage 2 epoch 100/300: loss=0.000491
  Stage 2 epoch 200/300: loss=0.000393
  Stage 2 epoch 300/300: loss=0.000351
  Stage 3 epoch 100/300: loss=0.000101
  Stage 3 epoch 200/300: loss=0.000071
  Stage 3 epoch 300/300: loss=0.000056
  rcMTE@0.1: 0.3779 (290/500 in region)
  rcMTE@0.5: 0.7407 (89/500 in region)
  rcMTE@1.0: 0.7528 (30/500 in region)
  MTE@0.1: 0.6482
  MTE@0.5: 1.2480
  MTE@1.0: 1.4423
  W2@1.0:  0.9826
  sW2@0.1: 0.3193 (290/500 in region)
  sW2@0.2: 0.4863 (208/500 in region)
  sW2@0.5: 0.7336 (89/500 in region)
  sW2@1.0: 1.0440 (30/500 in region)
  MMD@1.0: 0.2275
  Survival@1.0: 27.2%
  Stopped@1.0:  6.0%

    Drift: dec-side
  Stage 2 epoch 100/300: loss=0.000277
  Stage 2 epoch 200/300: loss=0.000134
  Stage 2 epoch 300/300: loss=0.000129
  Stage 3 epoch 100/300: loss=0.000101
  Stage 3 epoch 200/300: loss=0.000071
  Stage 3 epoch 300/300: loss=0.000056
  rcMTE@0.1: 0.3786 (290/500 in region)
  rcMTE@0.5: 0.7437 (89/500 in region)
  rcMTE@1.0: 0.7892 (30/500 in region)
  MTE@0.1: 0.6516
  MTE@0.5: 1.2772
  MTE@1.0: 1.5396
  W2@1.0:  1.1220
  sW2@0.1: 0.3256 (290/500 in region)
  sW2@0.2: 0.5049 (208/500 in region)
  sW2@0.5: 0.7672 (89/500 in region)
  sW2@1.0: 1.1949 (30/500 in region)
  MMD@1.0: 0.2585
  Survival@1.0: 27.2%
  Stopped@1.0:  6.0%

============================================================
  hyperbolic_paraboloid | D=201 | seed=7042
============================================================

  --- AE: baseline ---
    E_mu=0.6564  E_Sigma=0.4455

    Drift: enc-pull
  Stage 2 epoch 100/300: loss=0.037590
  Stage 2 epoch 200/300: loss=0.017001
  Stage 2 epoch 300/300: loss=0.011521
  Stage 3 epoch 100/300: loss=0.000240
  Stage 3 epoch 200/300: loss=0.000165
  Stage 3 epoch 300/300: loss=0.000141
  rcMTE@0.1: 0.4611 (316/500 in region)
  rcMTE@0.5: 0.7561 (109/500 in region)
  rcMTE@1.0: 0.8235 (29/500 in region)
  MTE@0.1: 0.8242
  MTE@0.5: 1.2579
  MTE@1.0: 1.4897
  W2@1.0:  0.4879
  sW2@0.1: 0.3213 (316/500 in region)
  sW2@0.2: 0.4849 (232/500 in region)
  sW2@0.5: 0.4919 (109/500 in region)
  sW2@1.0: 0.6297 (29/500 in region)
  MMD@1.0: 0.0728
  Survival@1.0: 28.8%
  Stopped@1.0:  5.8%

    Drift: dec-side
  Stage 2 epoch 100/300: loss=0.002268
  Stage 2 epoch 200/300: loss=0.000294
  Stage 2 epoch 300/300: loss=0.000157
  Stage 3 epoch 100/300: loss=0.000240
  Stage 3 epoch 200/300: loss=0.000165
  Stage 3 epoch 300/300: loss=0.000141
  rcMTE@0.1: 0.5118 (316/500 in region)
  rcMTE@0.5: 1.0849 (109/500 in region)
  rcMTE@1.0: 1.4650 (29/500 in region)
  MTE@0.1: 0.8811
  MTE@0.5: 1.7052
  MTE@1.0: 2.4932
  W2@1.0:  1.9712
  sW2@0.1: 0.4794 (316/500 in region)
  sW2@0.2: 0.8244 (232/500 in region)
  sW2@0.5: 1.3856 (109/500 in region)
  sW2@1.0: 2.1288 (29/500 in region)
  MMD@1.0: 0.3262
  Survival@1.0: 28.8%
  Stopped@1.0:  5.8%

  --- AE: T+F ---
    E_mu=0.0224  E_Sigma=0.0694

    Drift: enc-pull
  Stage 2 epoch 100/300: loss=0.003481
  Stage 2 epoch 200/300: loss=0.003120
  Stage 2 epoch 300/300: loss=0.003545
  Stage 3 epoch 100/300: loss=0.000028
  Stage 3 epoch 200/300: loss=0.000035
  Stage 3 epoch 300/300: loss=0.000010
  rcMTE@0.1: 0.4940 (316/500 in region)
  rcMTE@0.5: 0.9297 (109/500 in region)
  rcMTE@1.0: 0.9836 (29/500 in region)
  MTE@0.1: 0.8930
  MTE@0.5: 1.5330
  MTE@1.0: 1.8363
  W2@1.0:  0.9011
  sW2@0.1: 0.4675 (316/500 in region)
  sW2@0.2: 0.7477 (232/500 in region)
  sW2@0.5: 0.9716 (109/500 in region)
  sW2@1.0: 1.0242 (29/500 in region)
  MMD@1.0: 0.1996
  Survival@1.0: 28.8%
  Stopped@1.0:  5.8%

    Drift: dec-side
  Stage 2 epoch 100/300: loss=0.000400
  Stage 2 epoch 200/300: loss=0.000112
  Stage 2 epoch 300/300: loss=0.000078
  Stage 3 epoch 100/300: loss=0.000028
  Stage 3 epoch 200/300: loss=0.000035
  Stage 3 epoch 300/300: loss=0.000010
  rcMTE@0.1: 0.4985 (316/500 in region)
  rcMTE@0.5: 0.9651 (109/500 in region)
  rcMTE@1.0: 1.0946 (29/500 in region)
  MTE@0.1: 0.9042
  MTE@0.5: 1.6132
  MTE@1.0: 2.0231
  W2@1.0:  1.1639
  sW2@0.1: 0.4905 (316/500 in region)
  sW2@0.2: 0.8059 (232/500 in region)
  sW2@0.5: 1.1409 (109/500 in region)
  sW2@1.0: 1.2677 (29/500 in region)
  MMD@1.0: 0.2677
  Survival@1.0: 28.8%
  Stopped@1.0:  5.8%

============================================================
  hyperbolic_paraboloid | D=201 | seed=8042
============================================================

  --- AE: baseline ---
    E_mu=1.1684  E_Sigma=1.8288

    Drift: enc-pull
  Stage 2 epoch 100/300: loss=0.011134
  Stage 2 epoch 200/300: loss=0.004172
  Stage 2 epoch 300/300: loss=0.002450
  Stage 3 epoch 100/300: loss=0.000198
  Stage 3 epoch 200/300: loss=0.000174
  Stage 3 epoch 300/300: loss=0.000166
  rcMTE@0.1: 0.4704 (269/500 in region)
  rcMTE@0.5: 0.8191 (84/500 in region)
  rcMTE@1.0: 0.9098 (29/500 in region)
  MTE@0.1: 0.8797
  MTE@0.5: 1.2712
  MTE@1.0: 1.5025
  W2@1.0:  0.4589
  sW2@0.1: 0.3156 (269/500 in region)
  sW2@0.2: 0.4220 (192/500 in region)
  sW2@0.5: 0.4800 (84/500 in region)
  sW2@1.0: 0.6137 (29/500 in region)
  MMD@1.0: 0.0657
  Survival@1.0: 27.0%
  Stopped@1.0:  5.8%

    Drift: dec-side
  Stage 2 epoch 100/300: loss=0.002694
  Stage 2 epoch 200/300: loss=0.000732
  Stage 2 epoch 300/300: loss=0.000356
  Stage 3 epoch 100/300: loss=0.000198
  Stage 3 epoch 200/300: loss=0.000174
  Stage 3 epoch 300/300: loss=0.000166
  rcMTE@0.1: 0.5264 (269/500 in region)
  rcMTE@0.5: 1.1415 (84/500 in region)
  rcMTE@1.0: 1.6476 (29/500 in region)
  MTE@0.1: 0.9400
  MTE@0.5: 1.7546
  MTE@1.0: 2.4175
  W2@1.0:  1.6336
  sW2@0.1: 0.4842 (269/500 in region)
  sW2@0.2: 0.7211 (192/500 in region)
  sW2@0.5: 1.2676 (84/500 in region)
  sW2@1.0: 2.1601 (29/500 in region)
  MMD@1.0: 0.3331
  Survival@1.0: 27.0%
  Stopped@1.0:  5.8%

  --- AE: T+F ---
    E_mu=0.0599  E_Sigma=0.1487

    Drift: enc-pull
  Stage 2 epoch 100/300: loss=0.001798
  Stage 2 epoch 200/300: loss=0.001392
  Stage 2 epoch 300/300: loss=0.001382
  Stage 3 epoch 100/300: loss=0.000017
  Stage 3 epoch 200/300: loss=0.000014
  Stage 3 epoch 300/300: loss=0.000009
  rcMTE@0.1: 0.5072 (269/500 in region)
  rcMTE@0.5: 0.9881 (84/500 in region)
  rcMTE@1.0: 1.2119 (29/500 in region)
  MTE@0.1: 0.9147
  MTE@0.5: 1.5302
  MTE@1.0: 1.8884
  W2@1.0:  0.9046
  sW2@0.1: 0.5019 (269/500 in region)
  sW2@0.2: 0.7340 (192/500 in region)
  sW2@0.5: 0.9625 (84/500 in region)
  sW2@1.0: 1.4490 (29/500 in region)
  MMD@1.0: 0.1911
  Survival@1.0: 27.0%
  Stopped@1.0:  5.8%

    Drift: dec-side
  Stage 2 epoch 100/300: loss=0.000336
  Stage 2 epoch 200/300: loss=0.000136
  Stage 2 epoch 300/300: loss=0.000083
  Stage 3 epoch 100/300: loss=0.000017
  Stage 3 epoch 200/300: loss=0.000014
  Stage 3 epoch 300/300: loss=0.000009
  rcMTE@0.1: 0.5196 (269/500 in region)
  rcMTE@0.5: 1.0883 (84/500 in region)
  rcMTE@1.0: 1.5041 (29/500 in region)
  MTE@0.1: 0.9348
  MTE@0.5: 1.6889
  MTE@1.0: 2.2162
  W2@1.0:  1.3854
  sW2@0.1: 0.5520 (269/500 in region)
  sW2@0.2: 0.8592 (192/500 in region)
  sW2@0.5: 1.3114 (84/500 in region)
  sW2@1.0: 2.0786 (29/500 in region)
  MMD@1.0: 0.2731
  Survival@1.0: 27.0%
  Stopped@1.0:  5.8%

============================================================
  hyperbolic_paraboloid | D=201 | seed=9042
============================================================

  --- AE: baseline ---
    E_mu=0.6823  E_Sigma=0.8300

    Drift: enc-pull
  Stage 2 epoch 100/300: loss=0.059197
  Stage 2 epoch 200/300: loss=0.023727
  Stage 2 epoch 300/300: loss=0.011322
  Stage 3 epoch 100/300: loss=0.000144
  Stage 3 epoch 200/300: loss=0.000100
  Stage 3 epoch 300/300: loss=0.000087
  rcMTE@0.1: 0.4628 (280/500 in region)
  rcMTE@0.5: 0.7762 (85/500 in region)
  rcMTE@1.0: 0.8492 (22/500 in region)
  MTE@0.1: 0.8759
  MTE@0.5: 1.2874
  MTE@1.0: 1.3841
  W2@1.0:  0.5097
  sW2@0.1: 0.3450 (280/500 in region)
  sW2@0.2: 0.4065 (205/500 in region)
  sW2@0.5: 0.4423 (85/500 in region)
  sW2@1.0: 0.8831 (22/500 in region)
  MMD@1.0: 0.0859
  Survival@1.0: 28.2%
  Stopped@1.0:  4.4%

    Drift: dec-side
  Stage 2 epoch 100/300: loss=0.001048
  Stage 2 epoch 200/300: loss=0.000252
  Stage 2 epoch 300/300: loss=0.000123
  Stage 3 epoch 100/300: loss=0.000144
  Stage 3 epoch 200/300: loss=0.000100
  Stage 3 epoch 300/300: loss=0.000087
  rcMTE@0.1: 0.5196 (280/500 in region)
  rcMTE@0.5: 1.0622 (85/500 in region)
  rcMTE@1.0: 1.5880 (22/500 in region)
  MTE@0.1: 0.9984
  MTE@0.5: 1.9477
  MTE@1.0: 3.0322
  W2@1.0:  2.9340
  sW2@0.1: 0.6269 (280/500 in region)
  sW2@0.2: 0.9257 (205/500 in region)
  sW2@0.5: 1.6088 (85/500 in region)
  sW2@1.0: 3.2817 (22/500 in region)
  MMD@1.0: 0.3455
  Survival@1.0: 28.2%
  Stopped@1.0:  4.4%

  --- AE: T+F ---
    E_mu=0.0432  E_Sigma=0.0757

    Drift: enc-pull
  Stage 2 epoch 100/300: loss=0.001640
  Stage 2 epoch 200/300: loss=0.001487
  Stage 2 epoch 300/300: loss=0.001670
  Stage 3 epoch 100/300: loss=0.000079
  Stage 3 epoch 200/300: loss=0.000046
  Stage 3 epoch 300/300: loss=0.000030
  rcMTE@0.1: 0.6463 (280/500 in region)
  rcMTE@0.5: 1.1498 (85/500 in region)
  rcMTE@1.0: 1.1967 (22/500 in region)
  MTE@0.1: 1.1959
  MTE@0.5: 1.8030
  MTE@1.0: 2.1553
  W2@1.0:  1.0938
  sW2@0.1: 0.6474 (280/500 in region)
  sW2@0.2: 0.7276 (205/500 in region)
  sW2@0.5: 1.1527 (85/500 in region)
  sW2@1.0: 1.3491 (22/500 in region)
  MMD@1.0: 0.1854
  Survival@1.0: 28.2%
  Stopped@1.0:  4.4%

    Drift: dec-side
  Stage 2 epoch 100/300: loss=0.000601
  Stage 2 epoch 200/300: loss=0.000161
  Stage 2 epoch 300/300: loss=0.000085
  Stage 3 epoch 100/300: loss=0.000079
  Stage 3 epoch 200/300: loss=0.000046
  Stage 3 epoch 300/300: loss=0.000030
  rcMTE@0.1: 0.6605 (280/500 in region)
  rcMTE@0.5: 1.2797 (85/500 in region)
  rcMTE@1.0: 1.6101 (22/500 in region)
  MTE@0.1: 1.2289
  MTE@0.5: 2.0107
  MTE@1.0: 2.6998
  W2@1.0:  1.9004
  sW2@0.1: 0.7032 (280/500 in region)
  sW2@0.2: 0.8456 (205/500 in region)
  sW2@0.5: 1.5117 (85/500 in region)
  sW2@1.0: 2.4460 (22/500 in region)
  MMD@1.0: 0.2709
  Survival@1.0: 28.2%
  Stopped@1.0:  4.4%


Total time: 42.4 min
Saved 80 rows to rcmte_nd_sweep.csv.tmp


================================================================================
rcMTE COMPARISON SUMMARY
================================================================================

  paraboloid:
          ae       drift     rcMTE@1.0       MTE@1.0        W2@1.0          E_mu
    baseline    enc-pull  0.7716±0.255  1.2912±0.410  0.5776±0.097  0.7345±0.201
    baseline    dec-side  1.3748±0.471  2.9938±0.714  3.1647±0.740  0.7345±0.201
         T+F    enc-pull  1.0059±0.196  1.9685±0.363  1.3586±0.276  0.0648±0.027
         T+F    dec-side  1.1412±0.265  2.3322±0.430  1.8916±0.370  0.0648±0.027

    Paired comparisons (negative = first is better):
      T+F vs baseline (enc-pull)    rcMTE@1.0: Δ=+30.4%  p=0.001**
      T+F vs baseline (enc-pull)      MTE@1.0: Δ=+52.5%  p=0.000**
      T+F vs baseline (enc-pull)       W2@1.0: Δ=+135.2%  p=0.000**
      enc-pull vs dec-side (T+F)    rcMTE@1.0: Δ=-11.9%  p=0.003**
      enc-pull vs dec-side (T+F)      MTE@1.0: Δ=-15.6%  p=0.001**
      enc-pull vs dec-side (T+F)       W2@1.0: Δ=-28.2%  p=0.002**

  hyperbolic_paraboloid:
          ae       drift     rcMTE@1.0       MTE@1.0        W2@1.0          E_mu
    baseline    enc-pull  0.7998±0.161  1.3568±0.276  0.5036±0.044  0.7528±0.189
    baseline    dec-side  1.3019±0.280  2.3792±0.444  1.9287±0.551  0.7528±0.189
         T+F    enc-pull  0.9384±0.212  1.6823±0.354  0.9372±0.206  0.0352±0.012
         T+F    dec-side  1.0638±0.332  1.8927±0.480  1.2400±0.380  0.0352±0.012

    Paired comparisons (negative = first is better):
      T+F vs baseline (enc-pull)    rcMTE@1.0: Δ=+17.3%  p=0.035*
      T+F vs baseline (enc-pull)      MTE@1.0: Δ=+24.0%  p=0.009**
      T+F vs baseline (enc-pull)       W2@1.0: Δ=+86.1%  p=0.000**
      enc-pull vs dec-side (T+F)    rcMTE@1.0: Δ=-11.8%  p=0.017*
      enc-pull vs dec-side (T+F)      MTE@1.0: Δ=-11.1%  p=0.002**
      enc-pull vs dec-side (T+F)       W2@1.0: Δ=-24.4%  p=0.002**

End: Sat Mar 14 02:40:42 AM EDT 2026
Done.
