Device: cuda
D=11, N=50
Surfaces: ['paraboloid', 'hyperbolic_paraboloid', 'quartic_dome', 'sinusoidal']
Conditions: ['baseline', 'T', 'F', 'C', 'T+F']
Seeds (10): [42, 1042, 2042, 3042, 4042, 5042, 6042, 7042, 8042, 9042]
LONG_T=20.0, LONG_N_STEPS=2000
Total runs: 200


============================================================
  paraboloid | seed=42
============================================================

  --- baseline ---
      Epoch 100/500: loss=0.008187
      Epoch 200/500: loss=0.005612
      Epoch 300/500: loss=0.001544
      Epoch 400/500: loss=0.000496
      Epoch 500/500: loss=0.000341
    recon=0.000323
    E_mu=0.0700  E_Sigma=0.0321
  Stage 2 epoch 100/300: loss=0.268098
  Stage 2 epoch 200/300: loss=0.216508
  Stage 2 epoch 300/300: loss=0.164679
  Stage 3 epoch 100/300: loss=0.000925
  Stage 3 epoch 200/300: loss=0.000801
  Stage 3 epoch 300/300: loss=0.000717
    MFPT: GT=7.012 learned=0.852 err=87.9%
    Rate: GT=0.4410 learned=1.5395 err=249.1%

  --- T ---
      Epoch 100/500: loss=0.012694
      Epoch 200/500: loss=0.003477
      Epoch 300/500: loss=0.002493
      Epoch 400/500: loss=0.001302
      Epoch 500/500: loss=0.002768
    recon=0.001100
    E_mu=0.0106  E_Sigma=0.0040
  Stage 2 epoch 100/300: loss=0.276673
  Stage 2 epoch 200/300: loss=0.225965
  Stage 2 epoch 300/300: loss=0.173277
  Stage 3 epoch 100/300: loss=0.000222
  Stage 3 epoch 200/300: loss=0.000081
  Stage 3 epoch 300/300: loss=0.000054
    MFPT: GT=7.012 learned=0.811 err=88.4%
    Rate: GT=0.4410 learned=1.6955 err=284.5%

  --- F ---
      Epoch 100/500: loss=0.048684
      Epoch 200/500: loss=0.008582
      Epoch 300/500: loss=0.008309
      Epoch 400/500: loss=0.008114
      Epoch 500/500: loss=0.007793
    recon=0.007397
    E_mu=0.8134  E_Sigma=1.0178
  Stage 2 epoch 100/300: loss=0.157290
  Stage 2 epoch 200/300: loss=0.142917
  Stage 2 epoch 300/300: loss=0.126817
  Stage 3 epoch 100/300: loss=0.008868
  Stage 3 epoch 200/300: loss=0.009025
  Stage 3 epoch 300/300: loss=0.008561
    MFPT: GT=7.012 learned=0.736 err=89.5%
    Rate: GT=0.4410 learned=1.7330 err=293.0%

  --- C ---
      Epoch 100/500: loss=0.012250
      Epoch 200/500: loss=0.009644
      Epoch 300/500: loss=0.009234
      Epoch 400/500: loss=0.008711
      Epoch 500/500: loss=0.008111
    recon=0.007412
    E_mu=0.8507  E_Sigma=1.0281
  Stage 2 epoch 100/300: loss=0.161649
  Stage 2 epoch 200/300: loss=0.168132
  Stage 2 epoch 300/300: loss=0.173719
  Stage 3 epoch 100/300: loss=0.008962
  Stage 3 epoch 200/300: loss=0.009133
  Stage 3 epoch 300/300: loss=0.008673
    MFPT: GT=7.012 learned=0.800 err=88.6%
    Rate: GT=0.4410 learned=1.5512 err=251.7%

  --- T+F ---
      Epoch 100/500: loss=0.037554
      Epoch 200/500: loss=0.012276
      Epoch 300/500: loss=0.012429
      Epoch 400/500: loss=0.003717
      Epoch 500/500: loss=0.001720
    recon=0.000021
    E_mu=0.0063  E_Sigma=0.0014
  Stage 2 epoch 100/300: loss=0.300975
  Stage 2 epoch 200/300: loss=0.255355
  Stage 2 epoch 300/300: loss=0.244511
  Stage 3 epoch 100/300: loss=0.000164
  Stage 3 epoch 200/300: loss=0.000083
  Stage 3 epoch 300/300: loss=0.000048
    MFPT: GT=7.012 learned=0.439 err=93.7%
    Rate: GT=0.4410 learned=1.4814 err=235.9%

============================================================
  paraboloid | seed=1042
============================================================

  --- baseline ---
      Epoch 100/500: loss=0.006755
      Epoch 200/500: loss=0.004123
      Epoch 300/500: loss=0.001506
      Epoch 400/500: loss=0.000474
      Epoch 500/500: loss=0.000265
    recon=0.000278
    E_mu=0.0653  E_Sigma=0.0477
  Stage 2 epoch 100/300: loss=0.326206
  Stage 2 epoch 200/300: loss=0.261252
  Stage 2 epoch 300/300: loss=0.178957
  Stage 3 epoch 100/300: loss=0.000803
  Stage 3 epoch 200/300: loss=0.000642
  Stage 3 epoch 300/300: loss=0.000641
    MFPT: GT=7.093 learned=1.643 err=76.8%
    Rate: GT=0.4070 learned=1.0978 err=169.7%

  --- T ---
      Epoch 100/500: loss=0.011639
      Epoch 200/500: loss=0.002621
      Epoch 300/500: loss=0.003399
      Epoch 400/500: loss=0.004507
      Epoch 500/500: loss=0.000823
    recon=0.000162
    E_mu=0.0040  E_Sigma=0.0010
  Stage 2 epoch 100/300: loss=0.399132
  Stage 2 epoch 200/300: loss=0.306216
  Stage 2 epoch 300/300: loss=0.201445
  Stage 3 epoch 100/300: loss=0.000141
  Stage 3 epoch 200/300: loss=0.000071
  Stage 3 epoch 300/300: loss=0.000036
    MFPT: GT=7.093 learned=1.803 err=74.6%
    Rate: GT=0.4070 learned=1.2935 err=217.8%

  --- F ---
      Epoch 100/500: loss=0.054039
      Epoch 200/500: loss=0.021111
      Epoch 300/500: loss=0.006686
      Epoch 400/500: loss=0.007053
      Epoch 500/500: loss=0.006417
    recon=0.006281
    E_mu=0.9797  E_Sigma=1.0366
  Stage 2 epoch 100/300: loss=0.199007
  Stage 2 epoch 200/300: loss=0.174842
  Stage 2 epoch 300/300: loss=0.143014
  Stage 3 epoch 100/300: loss=0.007734
  Stage 3 epoch 200/300: loss=0.007459
  Stage 3 epoch 300/300: loss=0.007887
    MFPT: GT=7.093 learned=2.035 err=71.3%
    Rate: GT=0.4070 learned=0.7380 err=81.3%

  --- C ---
      Epoch 100/500: loss=0.011492
      Epoch 200/500: loss=0.008550
      Epoch 300/500: loss=0.007266
      Epoch 400/500: loss=0.007637
      Epoch 500/500: loss=0.006845
    recon=0.006418
    E_mu=0.9794  E_Sigma=1.0386
  Stage 2 epoch 100/300: loss=0.215372
  Stage 2 epoch 200/300: loss=0.225645
  Stage 2 epoch 300/300: loss=0.229561
  Stage 3 epoch 100/300: loss=0.007864
  Stage 3 epoch 200/300: loss=0.007597
  Stage 3 epoch 300/300: loss=0.008027
    MFPT: GT=7.093 learned=1.037 err=85.4%
    Rate: GT=0.4070 learned=1.0192 err=150.4%

  --- T+F ---
      Epoch 100/500: loss=0.047919
      Epoch 200/500: loss=0.010305
      Epoch 300/500: loss=0.018092
      Epoch 400/500: loss=0.002879
      Epoch 500/500: loss=0.003392
    recon=0.000108
    E_mu=0.0056  E_Sigma=0.0024
  Stage 2 epoch 100/300: loss=0.375933
  Stage 2 epoch 200/300: loss=0.301719
  Stage 2 epoch 300/300: loss=0.248199
  Stage 3 epoch 100/300: loss=0.000053
  Stage 3 epoch 200/300: loss=0.000044
  Stage 3 epoch 300/300: loss=0.000037
    MFPT: GT=7.093 learned=1.772 err=75.0%
    Rate: GT=0.4070 learned=1.0901 err=167.8%

============================================================
  paraboloid | seed=2042
============================================================

  --- baseline ---
      Epoch 100/500: loss=0.012149
      Epoch 200/500: loss=0.005326
      Epoch 300/500: loss=0.000724
      Epoch 400/500: loss=0.000465
      Epoch 500/500: loss=0.001091
    recon=0.001501
    E_mu=0.0717  E_Sigma=0.0263
  Stage 2 epoch 100/300: loss=0.233424
  Stage 2 epoch 200/300: loss=0.224586
  Stage 2 epoch 300/300: loss=0.229393
  Stage 3 epoch 100/300: loss=0.000933
  Stage 3 epoch 200/300: loss=0.000837
  Stage 3 epoch 300/300: loss=0.000832
    MFPT: GT=6.716 learned=3.314 err=50.7%
    Rate: GT=0.4498 learned=0.8647 err=92.2%

  --- T ---
      Epoch 100/500: loss=0.012494
      Epoch 200/500: loss=0.007008
      Epoch 300/500: loss=0.004108
      Epoch 400/500: loss=0.001503
      Epoch 500/500: loss=0.001317
    recon=0.000225
    E_mu=0.0027  E_Sigma=0.0009
  Stage 2 epoch 100/300: loss=0.179187
  Stage 2 epoch 200/300: loss=0.152582
  Stage 2 epoch 300/300: loss=0.110429
  Stage 3 epoch 100/300: loss=0.000158
  Stage 3 epoch 200/300: loss=0.000048
  Stage 3 epoch 300/300: loss=0.000028
    MFPT: GT=6.716 learned=3.566 err=46.9%
    Rate: GT=0.4498 learned=0.8609 err=91.4%

  --- F ---
      Epoch 100/500: loss=0.049287
      Epoch 200/500: loss=0.010323
      Epoch 300/500: loss=0.010899
      Epoch 400/500: loss=0.009561
      Epoch 500/500: loss=0.009705
    recon=0.008550
    E_mu=0.8389  E_Sigma=0.8367
  Stage 2 epoch 100/300: loss=0.134095
  Stage 2 epoch 200/300: loss=0.135731
  Stage 2 epoch 300/300: loss=0.130137
  Stage 3 epoch 100/300: loss=0.008398
  Stage 3 epoch 200/300: loss=0.008558
  Stage 3 epoch 300/300: loss=0.008722
    MFPT: GT=6.716 learned=3.190 err=52.5%
    Rate: GT=0.4498 learned=0.6319 err=40.5%

  --- C ---
      Epoch 100/500: loss=0.015235
      Epoch 200/500: loss=0.011633
      Epoch 300/500: loss=0.012294
      Epoch 400/500: loss=0.011165
      Epoch 500/500: loss=0.011471
    recon=0.010287
    E_mu=1.0396  E_Sigma=0.9276
  Stage 2 epoch 100/300: loss=0.120673
  Stage 2 epoch 200/300: loss=0.136351
  Stage 2 epoch 300/300: loss=0.129466
  Stage 3 epoch 100/300: loss=0.009179
  Stage 3 epoch 200/300: loss=0.009317
  Stage 3 epoch 300/300: loss=0.009521
    MFPT: GT=6.716 learned=3.456 err=48.5%
    Rate: GT=0.4498 learned=0.4881 err=8.5%

  --- T+F ---
      Epoch 100/500: loss=0.032624
      Epoch 200/500: loss=0.013448
      Epoch 300/500: loss=0.005602
      Epoch 400/500: loss=0.004783
      Epoch 500/500: loss=0.004112
    recon=0.000171
    E_mu=0.0053  E_Sigma=0.0019
  Stage 2 epoch 100/300: loss=0.252344
  Stage 2 epoch 200/300: loss=0.208830
  Stage 2 epoch 300/300: loss=0.190035
  Stage 3 epoch 100/300: loss=0.000095
  Stage 3 epoch 200/300: loss=0.000062
  Stage 3 epoch 300/300: loss=0.000049
    MFPT: GT=6.716 learned=4.348 err=35.3%
    Rate: GT=0.4498 learned=0.6556 err=45.8%

============================================================
  paraboloid | seed=3042
============================================================

  --- baseline ---
      Epoch 100/500: loss=0.011676
      Epoch 200/500: loss=0.004252
      Epoch 300/500: loss=0.000619
      Epoch 400/500: loss=0.000524
      Epoch 500/500: loss=0.000301
    recon=0.000313
    E_mu=0.0376  E_Sigma=0.0165
  Stage 2 epoch 100/300: loss=0.419801
  Stage 2 epoch 200/300: loss=0.328728
  Stage 2 epoch 300/300: loss=0.237672
  Stage 3 epoch 100/300: loss=0.000795
  Stage 3 epoch 200/300: loss=0.000693
  Stage 3 epoch 300/300: loss=0.000572
    MFPT: GT=6.453 learned=1.948 err=69.8%
    Rate: GT=0.4416 learned=1.2607 err=185.5%

  --- T ---
      Epoch 100/500: loss=0.011417
      Epoch 200/500: loss=0.004018
      Epoch 300/500: loss=0.001830
      Epoch 400/500: loss=0.003562
      Epoch 500/500: loss=0.001576
    recon=0.000266
    E_mu=0.0029  E_Sigma=0.0008
  Stage 2 epoch 100/300: loss=0.378089
  Stage 2 epoch 200/300: loss=0.297153
  Stage 2 epoch 300/300: loss=0.205039
  Stage 3 epoch 100/300: loss=0.000271
  Stage 3 epoch 200/300: loss=0.000078
  Stage 3 epoch 300/300: loss=0.000041
    MFPT: GT=6.453 learned=1.704 err=73.6%
    Rate: GT=0.4416 learned=1.3967 err=216.3%

  --- F ---
      Epoch 100/500: loss=0.048176
      Epoch 200/500: loss=0.009672
      Epoch 300/500: loss=0.010788
      Epoch 400/500: loss=0.009752
      Epoch 500/500: loss=0.010792
    recon=0.009063
    E_mu=0.5803  E_Sigma=0.7594
  Stage 2 epoch 100/300: loss=0.289742
  Stage 2 epoch 200/300: loss=0.231263
  Stage 2 epoch 300/300: loss=0.213400
  Stage 3 epoch 100/300: loss=0.007899
  Stage 3 epoch 200/300: loss=0.008582
  Stage 3 epoch 300/300: loss=0.008140
    MFPT: GT=6.453 learned=1.752 err=72.9%
    Rate: GT=0.4416 learned=1.0507 err=137.9%

  --- C ---
      Epoch 100/500: loss=0.015815
      Epoch 200/500: loss=0.011091
      Epoch 300/500: loss=0.011505
      Epoch 400/500: loss=0.011473
      Epoch 500/500: loss=0.011069
    recon=0.008818
    E_mu=0.5559  E_Sigma=0.7653
  Stage 2 epoch 100/300: loss=0.258338
  Stage 2 epoch 200/300: loss=0.237450
  Stage 2 epoch 300/300: loss=0.256177
  Stage 3 epoch 100/300: loss=0.007863
  Stage 3 epoch 200/300: loss=0.008551
  Stage 3 epoch 300/300: loss=0.008101
    MFPT: GT=6.453 learned=0.957 err=85.2%
    Rate: GT=0.4416 learned=1.4070 err=218.6%

  --- T+F ---
      Epoch 100/500: loss=0.055468
      Epoch 200/500: loss=0.009857
      Epoch 300/500: loss=0.004375
      Epoch 400/500: loss=0.008451
      Epoch 500/500: loss=0.002090
    recon=0.000019
    E_mu=0.0040  E_Sigma=0.0012
  Stage 2 epoch 100/300: loss=0.588680
  Stage 2 epoch 200/300: loss=0.397812
  Stage 2 epoch 300/300: loss=0.329318
  Stage 3 epoch 100/300: loss=0.000100
  Stage 3 epoch 200/300: loss=0.000063
  Stage 3 epoch 300/300: loss=0.000040
    MFPT: GT=6.453 learned=1.591 err=75.4%
    Rate: GT=0.4416 learned=1.2091 err=173.8%

============================================================
  paraboloid | seed=4042
============================================================

  --- baseline ---
      Epoch 100/500: loss=0.007033
      Epoch 200/500: loss=0.004010
      Epoch 300/500: loss=0.002757
      Epoch 400/500: loss=0.000793
      Epoch 500/500: loss=0.000392
    recon=0.000383
    E_mu=0.0569  E_Sigma=0.0290
  Stage 2 epoch 100/300: loss=0.266312
  Stage 2 epoch 200/300: loss=0.119535
  Stage 2 epoch 300/300: loss=0.083208
  Stage 3 epoch 100/300: loss=0.000974
  Stage 3 epoch 200/300: loss=0.000794
  Stage 3 epoch 300/300: loss=0.000885
    MFPT: GT=6.424 learned=3.961 err=38.3%
    Rate: GT=0.4646 learned=0.4668 err=0.5%

  --- T ---
      Epoch 100/500: loss=0.015290
      Epoch 200/500: loss=0.004627
      Epoch 300/500: loss=0.003810
      Epoch 400/500: loss=0.002169
      Epoch 500/500: loss=0.001905
    recon=0.000351
    E_mu=0.0080  E_Sigma=0.0027
  Stage 2 epoch 100/300: loss=0.249938
  Stage 2 epoch 200/300: loss=0.156223
  Stage 2 epoch 300/300: loss=0.099023
  Stage 3 epoch 100/300: loss=0.000168
  Stage 3 epoch 200/300: loss=0.000089
  Stage 3 epoch 300/300: loss=0.000063
    MFPT: GT=6.424 learned=2.891 err=55.0%
    Rate: GT=0.4646 learned=0.9077 err=95.4%

  --- F ---
      Epoch 100/500: loss=0.047386
      Epoch 200/500: loss=0.007599
      Epoch 300/500: loss=0.007374
      Epoch 400/500: loss=0.007512
      Epoch 500/500: loss=0.006304
    recon=0.006186
    E_mu=0.8325  E_Sigma=0.8249
  Stage 2 epoch 100/300: loss=0.185079
  Stage 2 epoch 200/300: loss=0.168251
  Stage 2 epoch 300/300: loss=0.168180
  Stage 3 epoch 100/300: loss=0.007769
  Stage 3 epoch 200/300: loss=0.007635
  Stage 3 epoch 300/300: loss=0.008191
    MFPT: GT=6.424 learned=2.001 err=68.9%
    Rate: GT=0.4646 learned=1.0858 err=133.7%

  --- C ---
      Epoch 100/500: loss=0.010950
      Epoch 200/500: loss=0.008840
      Epoch 300/500: loss=0.009302
      Epoch 400/500: loss=0.008345
      Epoch 500/500: loss=0.007606
    recon=0.006908
    E_mu=0.8823  E_Sigma=0.8913
  Stage 2 epoch 100/300: loss=0.201105
  Stage 2 epoch 200/300: loss=0.192917
  Stage 2 epoch 300/300: loss=0.205916
  Stage 3 epoch 100/300: loss=0.008267
  Stage 3 epoch 200/300: loss=0.008141
  Stage 3 epoch 300/300: loss=0.008714
    MFPT: GT=6.424 learned=3.080 err=52.0%
    Rate: GT=0.4646 learned=0.9597 err=106.6%

  --- T+F ---
      Epoch 100/500: loss=0.061375
      Epoch 200/500: loss=0.016247
      Epoch 300/500: loss=0.006712
      Epoch 400/500: loss=0.003641
      Epoch 500/500: loss=0.002336
    recon=0.000027
    E_mu=0.0072  E_Sigma=0.0022
  Stage 2 epoch 100/300: loss=0.434950
  Stage 2 epoch 200/300: loss=0.293931
  Stage 2 epoch 300/300: loss=0.177281
  Stage 3 epoch 100/300: loss=0.000130
  Stage 3 epoch 200/300: loss=0.000066
  Stage 3 epoch 300/300: loss=0.000051
    MFPT: GT=6.424 learned=3.386 err=47.3%
    Rate: GT=0.4646 learned=0.7161 err=54.1%

============================================================
  paraboloid | seed=5042
============================================================

  --- baseline ---
      Epoch 100/500: loss=0.010789
      Epoch 200/500: loss=0.005088
      Epoch 300/500: loss=0.002424
      Epoch 400/500: loss=0.000528
      Epoch 500/500: loss=0.000277
    recon=0.000261
    E_mu=0.0456  E_Sigma=0.0284
  Stage 2 epoch 100/300: loss=0.366202
  Stage 2 epoch 200/300: loss=0.296662
  Stage 2 epoch 300/300: loss=0.157962
  Stage 3 epoch 100/300: loss=0.000738
  Stage 3 epoch 200/300: loss=0.000560
  Stage 3 epoch 300/300: loss=0.000529
    MFPT: GT=6.551 learned=1.604 err=75.5%
    Rate: GT=0.4543 learned=1.2027 err=164.7%

  --- T ---
      Epoch 100/500: loss=0.012887
      Epoch 200/500: loss=0.002533
      Epoch 300/500: loss=0.001862
      Epoch 400/500: loss=0.001387
      Epoch 500/500: loss=0.001623
    recon=0.000234
    E_mu=0.0040  E_Sigma=0.0009
  Stage 2 epoch 100/300: loss=0.328271
  Stage 2 epoch 200/300: loss=0.273105
  Stage 2 epoch 300/300: loss=0.151341
  Stage 3 epoch 100/300: loss=0.000160
  Stage 3 epoch 200/300: loss=0.000046
  Stage 3 epoch 300/300: loss=0.000035
    MFPT: GT=6.551 learned=1.909 err=70.9%
    Rate: GT=0.4543 learned=1.1777 err=159.2%

  --- F ---
      Epoch 100/500: loss=0.045642
      Epoch 200/500: loss=0.010058
      Epoch 300/500: loss=0.009653
      Epoch 400/500: loss=0.010257
      Epoch 500/500: loss=0.009475
    recon=0.009241
    E_mu=0.9497  E_Sigma=0.9313
  Stage 2 epoch 100/300: loss=0.245030
  Stage 2 epoch 200/300: loss=0.249553
  Stage 2 epoch 300/300: loss=0.198598
  Stage 3 epoch 100/300: loss=0.008913
  Stage 3 epoch 200/300: loss=0.008853
  Stage 3 epoch 300/300: loss=0.008404
    MFPT: GT=6.551 learned=1.557 err=76.2%
    Rate: GT=0.4543 learned=0.6503 err=43.1%

  --- C ---
      Epoch 100/500: loss=0.016081
      Epoch 200/500: loss=0.011793
      Epoch 300/500: loss=0.010819
      Epoch 400/500: loss=0.011168
      Epoch 500/500: loss=0.010445
    recon=0.009468
    E_mu=0.9759  E_Sigma=0.9313
  Stage 2 epoch 100/300: loss=0.276901
  Stage 2 epoch 200/300: loss=0.292420
  Stage 2 epoch 300/300: loss=0.271127
  Stage 3 epoch 100/300: loss=0.009032
  Stage 3 epoch 200/300: loss=0.008990
  Stage 3 epoch 300/300: loss=0.008537
    MFPT: GT=6.551 learned=1.961 err=70.1%
    Rate: GT=0.4543 learned=1.0493 err=131.0%

  --- T+F ---
      Epoch 100/500: loss=0.045165
      Epoch 200/500: loss=0.008258
      Epoch 300/500: loss=0.008021
      Epoch 400/500: loss=0.002389
      Epoch 500/500: loss=0.002393
    recon=0.000113
    E_mu=0.0044  E_Sigma=0.0014
  Stage 2 epoch 100/300: loss=0.371089
  Stage 2 epoch 200/300: loss=0.346504
  Stage 2 epoch 300/300: loss=0.280655
  Stage 3 epoch 100/300: loss=0.000047
  Stage 3 epoch 200/300: loss=0.000033
  Stage 3 epoch 300/300: loss=0.000027
    MFPT: GT=6.551 learned=1.422 err=78.3%
    Rate: GT=0.4543 learned=1.3613 err=199.6%

============================================================
  paraboloid | seed=6042
============================================================

  --- baseline ---
      Epoch 100/500: loss=0.011447
      Epoch 200/500: loss=0.005471
      Epoch 300/500: loss=0.000885
      Epoch 400/500: loss=0.000353
      Epoch 500/500: loss=0.000202
    recon=0.000160
    E_mu=0.0422  E_Sigma=0.0176
  Stage 2 epoch 100/300: loss=0.351844
  Stage 2 epoch 200/300: loss=0.303642
  Stage 2 epoch 300/300: loss=0.226648
  Stage 3 epoch 100/300: loss=0.001507
  Stage 3 epoch 200/300: loss=0.001147
  Stage 3 epoch 300/300: loss=0.000925
    MFPT: GT=6.673 learned=2.761 err=58.6%
    Rate: GT=0.4422 learned=0.8023 err=81.4%

  --- T ---
      Epoch 100/500: loss=0.015974
      Epoch 200/500: loss=0.005304
      Epoch 300/500: loss=0.002800
      Epoch 400/500: loss=0.007536
      Epoch 500/500: loss=0.002643
    recon=0.000512
    E_mu=0.0086  E_Sigma=0.0027
  Stage 2 epoch 100/300: loss=0.274527
  Stage 2 epoch 200/300: loss=0.244772
  Stage 2 epoch 300/300: loss=0.193548
  Stage 3 epoch 100/300: loss=0.000350
  Stage 3 epoch 200/300: loss=0.000081
  Stage 3 epoch 300/300: loss=0.000077
    MFPT: GT=6.673 learned=1.588 err=76.2%
    Rate: GT=0.4422 learned=0.4959 err=12.1%

  --- F ---
      Epoch 100/500: loss=0.037533
      Epoch 200/500: loss=0.032798
      Epoch 300/500: loss=0.022361
      Epoch 400/500: loss=0.011839
      Epoch 500/500: loss=0.010980
    recon=0.010050
    E_mu=0.7554  E_Sigma=0.9285
  Stage 2 epoch 100/300: loss=0.219422
  Stage 2 epoch 200/300: loss=0.242772
  Stage 2 epoch 300/300: loss=0.215997
  Stage 3 epoch 100/300: loss=0.008942
  Stage 3 epoch 200/300: loss=0.009282
  Stage 3 epoch 300/300: loss=0.009159
    MFPT: GT=6.673 learned=3.182 err=52.3%
    Rate: GT=0.4422 learned=0.8839 err=99.9%

  --- C ---
      Epoch 100/500: loss=0.016838
      Epoch 200/500: loss=0.012500
      Epoch 300/500: loss=0.012174
      Epoch 400/500: loss=0.010928
      Epoch 500/500: loss=0.008514
    recon=0.006490
    E_mu=0.5010  E_Sigma=0.6545
  Stage 2 epoch 100/300: loss=0.264065
  Stage 2 epoch 200/300: loss=0.241572
  Stage 2 epoch 300/300: loss=0.209716
  Stage 3 epoch 100/300: loss=0.007159
  Stage 3 epoch 200/300: loss=0.007552
  Stage 3 epoch 300/300: loss=0.007344
    MFPT: GT=6.673 learned=2.667 err=60.0%
    Rate: GT=0.4422 learned=0.4097 err=7.3%

  --- T+F ---
      Epoch 100/500: loss=0.068786
      Epoch 200/500: loss=0.010875
      Epoch 300/500: loss=0.006130
      Epoch 400/500: loss=0.007463
      Epoch 500/500: loss=0.001657
    recon=0.000027
    E_mu=0.0036  E_Sigma=0.0014
  Stage 2 epoch 100/300: loss=0.479858
  Stage 2 epoch 200/300: loss=0.436198
  Stage 2 epoch 300/300: loss=0.335790
  Stage 3 epoch 100/300: loss=0.001509
  Stage 3 epoch 200/300: loss=0.001414
  Stage 3 epoch 300/300: loss=0.001429
    MFPT: GT=6.673 learned=1.004 err=84.9%
    Rate: GT=0.4422 learned=0.2214 err=49.9%

============================================================
  paraboloid | seed=7042
============================================================

  --- baseline ---
      Epoch 100/500: loss=0.010754
      Epoch 200/500: loss=0.003307
      Epoch 300/500: loss=0.000741
      Epoch 400/500: loss=0.000758
      Epoch 500/500: loss=0.000269
    recon=0.000325
    E_mu=0.0437  E_Sigma=0.0190
  Stage 2 epoch 100/300: loss=0.338974
  Stage 2 epoch 200/300: loss=0.210979
  Stage 2 epoch 300/300: loss=0.215906
  Stage 3 epoch 100/300: loss=0.001939
  Stage 3 epoch 200/300: loss=0.001642
  Stage 3 epoch 300/300: loss=0.001299
    MFPT: GT=6.357 learned=0.801 err=87.4%
    Rate: GT=0.4450 learned=1.0984 err=146.8%

  --- T ---
      Epoch 100/500: loss=0.012395
      Epoch 200/500: loss=0.005540
      Epoch 300/500: loss=0.007244
      Epoch 400/500: loss=0.003885
      Epoch 500/500: loss=0.001738
    recon=0.000248
    E_mu=0.0039  E_Sigma=0.0013
  Stage 2 epoch 100/300: loss=0.309634
  Stage 2 epoch 200/300: loss=0.208952
  Stage 2 epoch 300/300: loss=0.220011
  Stage 3 epoch 100/300: loss=0.001405
  Stage 3 epoch 200/300: loss=0.000981
  Stage 3 epoch 300/300: loss=0.000528
    MFPT: GT=6.357 learned=1.006 err=84.2%
    Rate: GT=0.4450 learned=1.4872 err=234.2%

  --- F ---
      Epoch 100/500: loss=0.045633
      Epoch 200/500: loss=0.029599
      Epoch 300/500: loss=0.015569
      Epoch 400/500: loss=0.013625
      Epoch 500/500: loss=0.011080
    recon=0.010838
    E_mu=0.7276  E_Sigma=0.6880
  Stage 2 epoch 100/300: loss=0.187020
  Stage 2 epoch 200/300: loss=0.137691
  Stage 2 epoch 300/300: loss=0.147615
  Stage 3 epoch 100/300: loss=0.009034
  Stage 3 epoch 200/300: loss=0.008837
  Stage 3 epoch 300/300: loss=0.008933
    MFPT: GT=6.357 learned=1.032 err=83.8%
    Rate: GT=0.4450 learned=1.2863 err=189.1%

  --- C ---
      Epoch 100/500: loss=0.016524
      Epoch 200/500: loss=0.009930
      Epoch 300/500: loss=0.006843
      Epoch 400/500: loss=0.007874
      Epoch 500/500: loss=0.006128
    recon=0.005601
    E_mu=0.3004  E_Sigma=0.2248
  Stage 2 epoch 100/300: loss=0.441446
  Stage 2 epoch 200/300: loss=0.232054
  Stage 2 epoch 300/300: loss=0.198577
  Stage 3 epoch 100/300: loss=0.003682
  Stage 3 epoch 200/300: loss=0.003561
  Stage 3 epoch 300/300: loss=0.003654
    MFPT: GT=6.357 learned=1.878 err=70.5%
    Rate: GT=0.4450 learned=1.2269 err=175.7%

  --- T+F ---
      Epoch 100/500: loss=0.058356
      Epoch 200/500: loss=0.026212
      Epoch 300/500: loss=0.011029
      Epoch 400/500: loss=0.019755
      Epoch 500/500: loss=0.003224
    recon=0.000184
    E_mu=0.0056  E_Sigma=0.0022
  Stage 2 epoch 100/300: loss=0.496091
  Stage 2 epoch 200/300: loss=0.251642
  Stage 2 epoch 300/300: loss=0.243603
  Stage 3 epoch 100/300: loss=0.001447
  Stage 3 epoch 200/300: loss=0.000916
  Stage 3 epoch 300/300: loss=0.000532
    MFPT: GT=6.357 learned=0.766 err=88.0%
    Rate: GT=0.4450 learned=0.9447 err=112.3%

============================================================
  paraboloid | seed=8042
============================================================

  --- baseline ---
      Epoch 100/500: loss=0.011664
      Epoch 200/500: loss=0.004548
      Epoch 300/500: loss=0.002089
      Epoch 400/500: loss=0.000658
      Epoch 500/500: loss=0.000404
    recon=0.000399
    E_mu=0.0480  E_Sigma=0.0295
  Stage 2 epoch 100/300: loss=0.302277
  Stage 2 epoch 200/300: loss=0.198753
  Stage 2 epoch 300/300: loss=0.158691
  Stage 3 epoch 100/300: loss=0.001918
  Stage 3 epoch 200/300: loss=0.001315
  Stage 3 epoch 300/300: loss=0.000922
    MFPT: GT=6.519 learned=7.791 err=19.5%
    Rate: GT=0.4468 learned=0.0870 err=80.5%

  --- T ---
      Epoch 100/500: loss=0.012471
      Epoch 200/500: loss=0.004475
      Epoch 300/500: loss=0.002267
      Epoch 400/500: loss=0.001724
      Epoch 500/500: loss=0.000832
    recon=0.000167
    E_mu=0.0025  E_Sigma=0.0007
  Stage 2 epoch 100/300: loss=0.280814
  Stage 2 epoch 200/300: loss=0.204736
  Stage 2 epoch 300/300: loss=0.177901
  Stage 3 epoch 100/300: loss=0.001439
  Stage 3 epoch 200/300: loss=0.000655
  Stage 3 epoch 300/300: loss=0.000329
    MFPT: GT=6.519 learned=5.474 err=16.0%
    Rate: GT=0.4468 learned=0.0912 err=79.6%

  --- F ---
      Epoch 100/500: loss=0.036822
      Epoch 200/500: loss=0.013069
      Epoch 300/500: loss=0.010757
      Epoch 400/500: loss=0.007499
      Epoch 500/500: loss=0.005314
    recon=0.004273
    E_mu=0.3397  E_Sigma=0.4492
  Stage 2 epoch 100/300: loss=0.307736
  Stage 2 epoch 200/300: loss=0.215011
  Stage 2 epoch 300/300: loss=0.151546
  Stage 3 epoch 100/300: loss=0.005615
  Stage 3 epoch 200/300: loss=0.005649
  Stage 3 epoch 300/300: loss=0.005536
    MFPT: GT=6.519 learned=1.036 err=84.1%
    Rate: GT=0.4468 learned=1.4924 err=234.0%

  --- C ---
      Epoch 100/500: loss=0.015419
      Epoch 200/500: loss=0.012176
      Epoch 300/500: loss=0.012467
      Epoch 400/500: loss=0.010990
      Epoch 500/500: loss=0.011128
    recon=0.010475
    E_mu=0.7845  E_Sigma=0.9905
  Stage 2 epoch 100/300: loss=0.382371
  Stage 2 epoch 200/300: loss=0.375368
  Stage 2 epoch 300/300: loss=0.381961
  Stage 3 epoch 100/300: loss=0.007823
  Stage 3 epoch 200/300: loss=0.007880
  Stage 3 epoch 300/300: loss=0.008042
    MFPT: GT=6.519 learned=1.486 err=77.2%
    Rate: GT=0.4468 learned=1.4985 err=235.4%

  --- T+F ---
      Epoch 100/500: loss=0.059242
      Epoch 200/500: loss=0.014563
      Epoch 300/500: loss=0.014210
      Epoch 400/500: loss=0.005940
      Epoch 500/500: loss=0.002410
    recon=0.000059
    E_mu=0.0060  E_Sigma=0.0016
  Stage 2 epoch 100/300: loss=0.598059
  Stage 2 epoch 200/300: loss=0.338369
  Stage 2 epoch 300/300: loss=0.241171
  Stage 3 epoch 100/300: loss=0.001578
  Stage 3 epoch 200/300: loss=0.000667
  Stage 3 epoch 300/300: loss=0.000364
    MFPT: GT=6.519 learned=5.328 err=18.3%
    Rate: GT=0.4468 learned=0.5692 err=27.4%

============================================================
  paraboloid | seed=9042
============================================================

  --- baseline ---
      Epoch 100/500: loss=0.011563
      Epoch 200/500: loss=0.003615
      Epoch 300/500: loss=0.001065
      Epoch 400/500: loss=0.000585
      Epoch 500/500: loss=0.000235
    recon=0.000316
    E_mu=0.0326  E_Sigma=0.0197
  Stage 2 epoch 100/300: loss=0.294720
  Stage 2 epoch 200/300: loss=0.218184
  Stage 2 epoch 300/300: loss=0.155469
  Stage 3 epoch 100/300: loss=0.000608
  Stage 3 epoch 200/300: loss=0.000477
  Stage 3 epoch 300/300: loss=0.000446
    MFPT: GT=6.817 learned=0.378 err=94.5%
    Rate: GT=0.4407 learned=1.4981 err=239.9%

  --- T ---
      Epoch 100/500: loss=0.009558
      Epoch 200/500: loss=0.002863
      Epoch 300/500: loss=0.002046
      Epoch 400/500: loss=0.001582
      Epoch 500/500: loss=0.001841
    recon=0.000585
    E_mu=0.0051  E_Sigma=0.0020
  Stage 2 epoch 100/300: loss=0.249357
  Stage 2 epoch 200/300: loss=0.205094
  Stage 2 epoch 300/300: loss=0.154452
  Stage 3 epoch 100/300: loss=0.000219
  Stage 3 epoch 200/300: loss=0.000069
  Stage 3 epoch 300/300: loss=0.000049
    MFPT: GT=6.817 learned=0.507 err=92.6%
    Rate: GT=0.4407 learned=1.4184 err=221.9%

  --- F ---
      Epoch 100/500: loss=0.064674
      Epoch 200/500: loss=0.022451
      Epoch 300/500: loss=0.011869
      Epoch 400/500: loss=0.009511
      Epoch 500/500: loss=0.007223
    recon=0.005871
    E_mu=0.6403  E_Sigma=0.5855
  Stage 2 epoch 100/300: loss=0.235151
  Stage 2 epoch 200/300: loss=0.176693
  Stage 2 epoch 300/300: loss=0.139999
  Stage 3 epoch 100/300: loss=0.006416
  Stage 3 epoch 200/300: loss=0.006028
  Stage 3 epoch 300/300: loss=0.006170
    MFPT: GT=6.817 learned=0.530 err=92.2%
    Rate: GT=0.4407 learned=1.2187 err=176.5%

  --- C ---
      Epoch 100/500: loss=0.016082
      Epoch 200/500: loss=0.013675
      Epoch 300/500: loss=0.013389
      Epoch 400/500: loss=0.012809
      Epoch 500/500: loss=0.011765
    recon=0.010876
    E_mu=1.0598  E_Sigma=0.9001
  Stage 2 epoch 100/300: loss=0.243497
  Stage 2 epoch 200/300: loss=0.276191
  Stage 2 epoch 300/300: loss=0.248098
  Stage 3 epoch 100/300: loss=0.009429
  Stage 3 epoch 200/300: loss=0.008996
  Stage 3 epoch 300/300: loss=0.008935
    MFPT: GT=6.817 learned=0.611 err=91.0%
    Rate: GT=0.4407 learned=1.1430 err=159.4%

  --- T+F ---
      Epoch 100/500: loss=0.051639
      Epoch 200/500: loss=0.016004
      Epoch 300/500: loss=0.011000
      Epoch 400/500: loss=0.003288
      Epoch 500/500: loss=0.007466
    recon=0.001180
    E_mu=0.0106  E_Sigma=0.0036
  Stage 2 epoch 100/300: loss=0.358412
  Stage 2 epoch 200/300: loss=0.269749
  Stage 2 epoch 300/300: loss=0.208607
  Stage 3 epoch 100/300: loss=0.000094
  Stage 3 epoch 200/300: loss=0.000062
  Stage 3 epoch 300/300: loss=0.000058
    MFPT: GT=6.817 learned=0.650 err=90.5%
    Rate: GT=0.4407 learned=1.5824 err=259.1%

============================================================
  hyperbolic_paraboloid | seed=42
============================================================

  --- baseline ---
      Epoch 100/500: loss=0.009495
      Epoch 200/500: loss=0.001825
      Epoch 300/500: loss=0.001474
      Epoch 400/500: loss=0.000646
      Epoch 500/500: loss=0.000462
    recon=0.000590
    E_mu=0.0535  E_Sigma=0.0360
  Stage 2 epoch 100/300: loss=0.155417
  Stage 2 epoch 200/300: loss=0.105602
  Stage 2 epoch 300/300: loss=0.082437
  Stage 3 epoch 100/300: loss=0.000884
  Stage 3 epoch 200/300: loss=0.000741
  Stage 3 epoch 300/300: loss=0.000691
    MFPT: GT=5.263 learned=0.870 err=83.5%
    Rate: GT=0.5445 learned=1.4370 err=163.9%

  --- T ---
      Epoch 100/500: loss=0.012161
      Epoch 200/500: loss=0.005246
      Epoch 300/500: loss=0.004482
      Epoch 400/500: loss=0.003996
      Epoch 500/500: loss=0.002722
    recon=0.000441
    E_mu=0.0065  E_Sigma=0.0026
  Stage 2 epoch 100/300: loss=0.156789
  Stage 2 epoch 200/300: loss=0.103372
  Stage 2 epoch 300/300: loss=0.078843
  Stage 3 epoch 100/300: loss=0.000256
  Stage 3 epoch 200/300: loss=0.000081
  Stage 3 epoch 300/300: loss=0.000048
    MFPT: GT=5.263 learned=0.943 err=82.1%
    Rate: GT=0.5445 learned=1.4767 err=171.2%

  --- F ---
      Epoch 100/500: loss=0.052373
      Epoch 200/500: loss=0.012411
      Epoch 300/500: loss=0.010580
      Epoch 400/500: loss=0.010590
      Epoch 500/500: loss=0.009518
    recon=0.009690
    E_mu=0.3892  E_Sigma=0.9629
  Stage 2 epoch 100/300: loss=0.172510
  Stage 2 epoch 200/300: loss=0.160367
  Stage 2 epoch 300/300: loss=0.144967
  Stage 3 epoch 100/300: loss=0.008827
  Stage 3 epoch 200/300: loss=0.008924
  Stage 3 epoch 300/300: loss=0.008571
    MFPT: GT=5.263 learned=0.502 err=90.5%
    Rate: GT=0.5445 learned=1.5956 err=193.0%

  --- C ---
      Epoch 100/500: loss=0.014642
      Epoch 200/500: loss=0.012615
      Epoch 300/500: loss=0.010333
      Epoch 400/500: loss=0.010991
      Epoch 500/500: loss=0.010588
    recon=0.009672
    E_mu=0.3520  E_Sigma=0.9450
  Stage 2 epoch 100/300: loss=0.172987
  Stage 2 epoch 200/300: loss=0.174661
  Stage 2 epoch 300/300: loss=0.197503
  Stage 3 epoch 100/300: loss=0.008678
  Stage 3 epoch 200/300: loss=0.008792
  Stage 3 epoch 300/300: loss=0.008449
    MFPT: GT=5.263 learned=0.774 err=85.3%
    Rate: GT=0.5445 learned=1.5242 err=179.9%

  --- T+F ---
      Epoch 100/500: loss=0.026150
      Epoch 200/500: loss=0.007763
      Epoch 300/500: loss=0.009725
      Epoch 400/500: loss=0.002595
      Epoch 500/500: loss=0.001751
    recon=0.000049
    E_mu=0.0037  E_Sigma=0.0013
  Stage 2 epoch 100/300: loss=0.231473
  Stage 2 epoch 200/300: loss=0.161040
  Stage 2 epoch 300/300: loss=0.132506
  Stage 3 epoch 100/300: loss=0.000031
  Stage 3 epoch 200/300: loss=0.000025
  Stage 3 epoch 300/300: loss=0.000022
    MFPT: GT=5.263 learned=0.613 err=88.4%
    Rate: GT=0.5445 learned=1.5429 err=183.4%

============================================================
  hyperbolic_paraboloid | seed=1042
============================================================

  --- baseline ---
      Epoch 100/500: loss=0.007631
      Epoch 200/500: loss=0.002241
      Epoch 300/500: loss=0.000758
      Epoch 400/500: loss=0.000525
      Epoch 500/500: loss=0.000203
    recon=0.000209
    E_mu=0.0434  E_Sigma=0.0331
  Stage 2 epoch 100/300: loss=0.251956
  Stage 2 epoch 200/300: loss=0.194458
  Stage 2 epoch 300/300: loss=0.157726
  Stage 3 epoch 100/300: loss=0.000543
  Stage 3 epoch 200/300: loss=0.000493
  Stage 3 epoch 300/300: loss=0.000489
    MFPT: GT=5.481 learned=1.457 err=73.4%
    Rate: GT=0.5087 learned=0.9513 err=87.0%

  --- T ---
      Epoch 100/500: loss=0.015798
      Epoch 200/500: loss=0.003696
      Epoch 300/500: loss=0.001584
      Epoch 400/500: loss=0.001877
      Epoch 500/500: loss=0.001807
    recon=0.000210
    E_mu=0.0045  E_Sigma=0.0019
  Stage 2 epoch 100/300: loss=0.239292
  Stage 2 epoch 200/300: loss=0.195969
  Stage 2 epoch 300/300: loss=0.159737
  Stage 3 epoch 100/300: loss=0.000093
  Stage 3 epoch 200/300: loss=0.000050
  Stage 3 epoch 300/300: loss=0.000033
    MFPT: GT=5.481 learned=2.121 err=61.3%
    Rate: GT=0.5087 learned=1.0804 err=112.4%

  --- F ---
      Epoch 100/500: loss=0.055367
      Epoch 200/500: loss=0.027278
      Epoch 300/500: loss=0.008205
      Epoch 400/500: loss=0.007812
      Epoch 500/500: loss=0.007347
    recon=0.007754
    E_mu=0.5080  E_Sigma=0.9510
  Stage 2 epoch 100/300: loss=0.247611
  Stage 2 epoch 200/300: loss=0.229311
  Stage 2 epoch 300/300: loss=0.182765
  Stage 3 epoch 100/300: loss=0.007578
  Stage 3 epoch 200/300: loss=0.007417
  Stage 3 epoch 300/300: loss=0.007830
    MFPT: GT=5.481 learned=1.368 err=75.0%
    Rate: GT=0.5087 learned=0.7102 err=39.6%

  --- C ---
      Epoch 100/500: loss=0.010815
      Epoch 200/500: loss=0.008844
      Epoch 300/500: loss=0.008800
      Epoch 400/500: loss=0.008379
      Epoch 500/500: loss=0.007797
    recon=0.007632
    E_mu=0.5181  E_Sigma=0.9591
  Stage 2 epoch 100/300: loss=0.231742
  Stage 2 epoch 200/300: loss=0.239283
  Stage 2 epoch 300/300: loss=0.238857
  Stage 3 epoch 100/300: loss=0.007672
  Stage 3 epoch 200/300: loss=0.007518
  Stage 3 epoch 300/300: loss=0.007929
    MFPT: GT=5.481 learned=1.302 err=76.2%
    Rate: GT=0.5087 learned=1.2031 err=136.5%

  --- T+F ---
      Epoch 100/500: loss=0.049804
      Epoch 200/500: loss=0.012838
      Epoch 300/500: loss=0.001812
      Epoch 400/500: loss=0.001608
      Epoch 500/500: loss=0.000637
    recon=0.000005
    E_mu=0.0030  E_Sigma=0.0006
  Stage 2 epoch 100/300: loss=0.299428
  Stage 2 epoch 200/300: loss=0.257674
  Stage 2 epoch 300/300: loss=0.212429
  Stage 3 epoch 100/300: loss=0.000030
  Stage 3 epoch 200/300: loss=0.000020
  Stage 3 epoch 300/300: loss=0.000016
    MFPT: GT=5.481 learned=1.995 err=63.6%
    Rate: GT=0.5087 learned=0.9207 err=81.0%

============================================================
  hyperbolic_paraboloid | seed=2042
============================================================

  --- baseline ---
      Epoch 100/500: loss=0.007213
      Epoch 200/500: loss=0.004012
      Epoch 300/500: loss=0.001400
      Epoch 400/500: loss=0.000807
      Epoch 500/500: loss=0.000438
    recon=0.000482
    E_mu=0.0494  E_Sigma=0.0209
  Stage 2 epoch 100/300: loss=0.156890
  Stage 2 epoch 200/300: loss=0.160424
  Stage 2 epoch 300/300: loss=0.137757
  Stage 3 epoch 100/300: loss=0.000557
  Stage 3 epoch 200/300: loss=0.000579
  Stage 3 epoch 300/300: loss=0.000560
    MFPT: GT=5.269 learned=3.055 err=42.0%
    Rate: GT=0.5546 learned=0.1943 err=65.0%

  --- T ---
      Epoch 100/500: loss=0.010900
      Epoch 200/500: loss=0.003968
      Epoch 300/500: loss=0.002921
      Epoch 400/500: loss=0.005099
      Epoch 500/500: loss=0.005634
    recon=0.000721
    E_mu=0.0171  E_Sigma=0.0061
  Stage 2 epoch 100/300: loss=0.139259
  Stage 2 epoch 200/300: loss=0.124158
  Stage 2 epoch 300/300: loss=0.089834
  Stage 3 epoch 100/300: loss=0.000275
  Stage 3 epoch 200/300: loss=0.000138
  Stage 3 epoch 300/300: loss=0.000079
    MFPT: GT=5.269 learned=4.226 err=19.8%
    Rate: GT=0.5546 learned=0.6571 err=18.5%

  --- F ---
      Epoch 100/500: loss=0.049011
      Epoch 200/500: loss=0.007959
      Epoch 300/500: loss=0.007422
      Epoch 400/500: loss=0.006097
      Epoch 500/500: loss=0.005661
    recon=0.005464
    E_mu=0.4591  E_Sigma=0.8035
  Stage 2 epoch 100/300: loss=0.142020
  Stage 2 epoch 200/300: loss=0.146212
  Stage 2 epoch 300/300: loss=0.144776
  Stage 3 epoch 100/300: loss=0.008427
  Stage 3 epoch 200/300: loss=0.008613
  Stage 3 epoch 300/300: loss=0.008688
    MFPT: GT=5.269 learned=3.441 err=34.7%
    Rate: GT=0.5546 learned=0.7307 err=31.8%

  --- C ---
      Epoch 100/500: loss=0.010482
      Epoch 200/500: loss=0.008415
      Epoch 300/500: loss=0.008586
      Epoch 400/500: loss=0.007349
      Epoch 500/500: loss=0.007631
    recon=0.007046
    E_mu=0.6039  E_Sigma=0.9447
  Stage 2 epoch 100/300: loss=0.117444
  Stage 2 epoch 200/300: loss=0.124128
  Stage 2 epoch 300/300: loss=0.124460
  Stage 3 epoch 100/300: loss=0.009361
  Stage 3 epoch 200/300: loss=0.009511
  Stage 3 epoch 300/300: loss=0.009618
    MFPT: GT=5.269 learned=2.701 err=48.7%
    Rate: GT=0.5546 learned=0.5808 err=4.7%

  --- T+F ---
      Epoch 100/500: loss=0.020974
      Epoch 200/500: loss=0.004819
      Epoch 300/500: loss=0.002435
      Epoch 400/500: loss=0.002192
      Epoch 500/500: loss=0.001213
    recon=0.000010
    E_mu=0.0037  E_Sigma=0.0012
  Stage 2 epoch 100/300: loss=0.188191
  Stage 2 epoch 200/300: loss=0.166504
  Stage 2 epoch 300/300: loss=0.123878
  Stage 3 epoch 100/300: loss=0.000030
  Stage 3 epoch 200/300: loss=0.000027
  Stage 3 epoch 300/300: loss=0.000024
    MFPT: GT=5.269 learned=5.930 err=12.5%
    Rate: GT=0.5546 learned=0.3724 err=32.9%

============================================================
  hyperbolic_paraboloid | seed=3042
============================================================

  --- baseline ---
      Epoch 100/500: loss=0.008925
      Epoch 200/500: loss=0.001510
      Epoch 300/500: loss=0.000525
      Epoch 400/500: loss=0.000364
      Epoch 500/500: loss=0.000668
    recon=0.000252
    E_mu=0.0265  E_Sigma=0.0161
  Stage 2 epoch 100/300: loss=0.292568
  Stage 2 epoch 200/300: loss=0.223354
  Stage 2 epoch 300/300: loss=0.161388
  Stage 3 epoch 100/300: loss=0.000545
  Stage 3 epoch 200/300: loss=0.000557
  Stage 3 epoch 300/300: loss=0.000473
    MFPT: GT=5.333 learned=1.896 err=64.5%
    Rate: GT=0.5383 learned=1.1196 err=108.0%

  --- T ---
      Epoch 100/500: loss=0.009173
      Epoch 200/500: loss=0.003078
      Epoch 300/500: loss=0.003619
      Epoch 400/500: loss=0.002043
      Epoch 500/500: loss=0.001760
    recon=0.000577
    E_mu=0.0094  E_Sigma=0.0033
  Stage 2 epoch 100/300: loss=0.272682
  Stage 2 epoch 200/300: loss=0.215467
  Stage 2 epoch 300/300: loss=0.164700
  Stage 3 epoch 100/300: loss=0.000333
  Stage 3 epoch 200/300: loss=0.000103
  Stage 3 epoch 300/300: loss=0.000064
    MFPT: GT=5.333 learned=2.047 err=61.6%
    Rate: GT=0.5383 learned=0.9864 err=83.2%

  --- F ---
      Epoch 100/500: loss=0.049966
      Epoch 200/500: loss=0.011454
      Epoch 300/500: loss=0.010216
      Epoch 400/500: loss=0.008238
      Epoch 500/500: loss=0.008094
    recon=0.007121
    E_mu=0.2840  E_Sigma=0.6603
  Stage 2 epoch 100/300: loss=0.306661
  Stage 2 epoch 200/300: loss=0.260358
  Stage 2 epoch 300/300: loss=0.236187
  Stage 3 epoch 100/300: loss=0.007534
  Stage 3 epoch 200/300: loss=0.008055
  Stage 3 epoch 300/300: loss=0.007649
    MFPT: GT=5.333 learned=1.606 err=69.9%
    Rate: GT=0.5383 learned=0.9105 err=69.1%

  --- C ---
      Epoch 100/500: loss=0.013760
      Epoch 200/500: loss=0.012009
      Epoch 300/500: loss=0.010488
      Epoch 400/500: loss=0.009158
      Epoch 500/500: loss=0.008763
    recon=0.007482
    E_mu=0.3102  E_Sigma=0.7792
  Stage 2 epoch 100/300: loss=0.276900
  Stage 2 epoch 200/300: loss=0.246665
  Stage 2 epoch 300/300: loss=0.274530
  Stage 3 epoch 100/300: loss=0.007733
  Stage 3 epoch 200/300: loss=0.008293
  Stage 3 epoch 300/300: loss=0.007887
    MFPT: GT=5.333 learned=0.896 err=83.2%
    Rate: GT=0.5383 learned=1.3196 err=145.1%

  --- T+F ---
      Epoch 100/500: loss=0.025021
      Epoch 200/500: loss=0.012102
      Epoch 300/500: loss=0.010692
      Epoch 400/500: loss=0.002817
      Epoch 500/500: loss=0.001774
    recon=0.000044
    E_mu=0.0021  E_Sigma=0.0007
  Stage 2 epoch 100/300: loss=0.446479
  Stage 2 epoch 200/300: loss=0.322594
  Stage 2 epoch 300/300: loss=0.253243
  Stage 3 epoch 100/300: loss=0.000074
  Stage 3 epoch 200/300: loss=0.000044
  Stage 3 epoch 300/300: loss=0.000028
    MFPT: GT=5.333 learned=2.276 err=57.3%
    Rate: GT=0.5383 learned=0.7904 err=46.8%

============================================================
  hyperbolic_paraboloid | seed=4042
============================================================

  --- baseline ---
      Epoch 100/500: loss=0.009234
      Epoch 200/500: loss=0.002488
      Epoch 300/500: loss=0.000798
      Epoch 400/500: loss=0.000348
      Epoch 500/500: loss=0.000514
    recon=0.000368
    E_mu=0.0474  E_Sigma=0.0227
  Stage 2 epoch 100/300: loss=0.158939
  Stage 2 epoch 200/300: loss=0.102793
  Stage 2 epoch 300/300: loss=0.080789
  Stage 3 epoch 100/300: loss=0.000533
  Stage 3 epoch 200/300: loss=0.000478
  Stage 3 epoch 300/300: loss=0.000522
    MFPT: GT=5.171 learned=2.511 err=51.4%
    Rate: GT=0.5417 learned=0.8407 err=55.2%

  --- T ---
      Epoch 100/500: loss=0.007336
      Epoch 200/500: loss=0.002895
      Epoch 300/500: loss=0.011474
      Epoch 400/500: loss=0.001349
      Epoch 500/500: loss=0.001759
    recon=0.000239
    E_mu=0.0029  E_Sigma=0.0017
  Stage 2 epoch 100/300: loss=0.169486
  Stage 2 epoch 200/300: loss=0.137129
  Stage 2 epoch 300/300: loss=0.112059
  Stage 3 epoch 100/300: loss=0.000083
  Stage 3 epoch 200/300: loss=0.000045
  Stage 3 epoch 300/300: loss=0.000033
    MFPT: GT=5.171 learned=2.388 err=53.8%
    Rate: GT=0.5417 learned=0.8269 err=52.6%

  --- F ---
      Epoch 100/500: loss=0.059631
      Epoch 200/500: loss=0.023770
      Epoch 300/500: loss=0.016853
      Epoch 400/500: loss=0.008587
      Epoch 500/500: loss=0.008492
    recon=0.007900
    E_mu=0.4548  E_Sigma=0.9224
  Stage 2 epoch 100/300: loss=0.184281
  Stage 2 epoch 200/300: loss=0.150842
  Stage 2 epoch 300/300: loss=0.110285
  Stage 3 epoch 100/300: loss=0.007524
  Stage 3 epoch 200/300: loss=0.007386
  Stage 3 epoch 300/300: loss=0.007889
    MFPT: GT=5.171 learned=2.622 err=49.3%
    Rate: GT=0.5417 learned=0.6967 err=28.6%

  --- C ---
      Epoch 100/500: loss=0.012909
      Epoch 200/500: loss=0.010097
      Epoch 300/500: loss=0.010710
      Epoch 400/500: loss=0.010514
      Epoch 500/500: loss=0.009440
    recon=0.008634
    E_mu=0.5694  E_Sigma=0.9514
  Stage 2 epoch 100/300: loss=0.188851
  Stage 2 epoch 200/300: loss=0.186417
  Stage 2 epoch 300/300: loss=0.196435
  Stage 3 epoch 100/300: loss=0.008018
  Stage 3 epoch 200/300: loss=0.007890
  Stage 3 epoch 300/300: loss=0.008400
    MFPT: GT=5.171 learned=2.233 err=56.8%
    Rate: GT=0.5417 learned=1.0731 err=98.1%

  --- T+F ---
      Epoch 100/500: loss=0.023020
      Epoch 200/500: loss=0.004456
      Epoch 300/500: loss=0.003802
      Epoch 400/500: loss=0.025067
      Epoch 500/500: loss=0.001462
    recon=0.000009
    E_mu=0.0035  E_Sigma=0.0010
  Stage 2 epoch 100/300: loss=0.238616
  Stage 2 epoch 200/300: loss=0.196143
  Stage 2 epoch 300/300: loss=0.163601
  Stage 3 epoch 100/300: loss=0.000037
  Stage 3 epoch 200/300: loss=0.000023
  Stage 3 epoch 300/300: loss=0.000024
    MFPT: GT=5.171 learned=2.172 err=58.0%
    Rate: GT=0.5417 learned=0.6361 err=17.4%

============================================================
  hyperbolic_paraboloid | seed=5042
============================================================

  --- baseline ---
      Epoch 100/500: loss=0.009515
      Epoch 200/500: loss=0.002177
      Epoch 300/500: loss=0.000929
      Epoch 400/500: loss=0.000451
      Epoch 500/500: loss=0.000260
    recon=0.000186
    E_mu=0.0195  E_Sigma=0.0127
  Stage 2 epoch 100/300: loss=0.211827
  Stage 2 epoch 200/300: loss=0.197157
  Stage 2 epoch 300/300: loss=0.155920
  Stage 3 epoch 100/300: loss=0.000363
  Stage 3 epoch 200/300: loss=0.000329
  Stage 3 epoch 300/300: loss=0.000298
    MFPT: GT=5.036 learned=1.504 err=70.1%
    Rate: GT=0.5663 learned=1.0317 err=82.2%

  --- T ---
      Epoch 100/500: loss=0.020291
      Epoch 200/500: loss=0.002868
      Epoch 300/500: loss=0.001971
      Epoch 400/500: loss=0.002635
      Epoch 500/500: loss=0.007717
    recon=0.001105
    E_mu=0.0056  E_Sigma=0.0027
  Stage 2 epoch 100/300: loss=0.239542
  Stage 2 epoch 200/300: loss=0.204932
  Stage 2 epoch 300/300: loss=0.146109
  Stage 3 epoch 100/300: loss=0.000119
  Stage 3 epoch 200/300: loss=0.000074
  Stage 3 epoch 300/300: loss=0.000068
    MFPT: GT=5.036 learned=1.409 err=72.0%
    Rate: GT=0.5663 learned=1.0918 err=92.8%

  --- F ---
      Epoch 100/500: loss=0.046588
      Epoch 200/500: loss=0.009639
      Epoch 300/500: loss=0.009914
      Epoch 400/500: loss=0.008954
      Epoch 500/500: loss=0.008513
    recon=0.008047
    E_mu=0.7386  E_Sigma=0.9304
  Stage 2 epoch 100/300: loss=0.202142
  Stage 2 epoch 200/300: loss=0.194963
  Stage 2 epoch 300/300: loss=0.159941
  Stage 3 epoch 100/300: loss=0.008588
  Stage 3 epoch 200/300: loss=0.008745
  Stage 3 epoch 300/300: loss=0.008483
    MFPT: GT=5.036 learned=1.464 err=70.9%
    Rate: GT=0.5663 learned=0.6960 err=22.9%

  --- C ---
      Epoch 100/500: loss=0.015073
      Epoch 200/500: loss=0.010177
      Epoch 300/500: loss=0.010533
      Epoch 400/500: loss=0.010445
      Epoch 500/500: loss=0.009405
    recon=0.008301
    E_mu=0.7461  E_Sigma=0.9412
  Stage 2 epoch 100/300: loss=0.225069
  Stage 2 epoch 200/300: loss=0.235334
  Stage 2 epoch 300/300: loss=0.217316
  Stage 3 epoch 100/300: loss=0.008780
  Stage 3 epoch 200/300: loss=0.008959
  Stage 3 epoch 300/300: loss=0.008681
    MFPT: GT=5.036 learned=2.334 err=53.7%
    Rate: GT=0.5663 learned=1.0062 err=77.7%

  --- T+F ---
      Epoch 100/500: loss=0.025602
      Epoch 200/500: loss=0.004102
      Epoch 300/500: loss=0.002733
      Epoch 400/500: loss=0.002441
      Epoch 500/500: loss=0.001755
    recon=0.000032
    E_mu=0.0042  E_Sigma=0.0015
  Stage 2 epoch 100/300: loss=0.271590
  Stage 2 epoch 200/300: loss=0.258951
  Stage 2 epoch 300/300: loss=0.218425
  Stage 3 epoch 100/300: loss=0.000037
  Stage 3 epoch 200/300: loss=0.000032
  Stage 3 epoch 300/300: loss=0.000027
    MFPT: GT=5.036 learned=1.500 err=70.2%
    Rate: GT=0.5663 learned=0.8757 err=54.6%

============================================================
  hyperbolic_paraboloid | seed=6042
============================================================

  --- baseline ---
      Epoch 100/500: loss=0.010714
      Epoch 200/500: loss=0.001894
      Epoch 300/500: loss=0.001095
      Epoch 400/500: loss=0.000463
      Epoch 500/500: loss=0.000246
    recon=0.000272
    E_mu=0.0361  E_Sigma=0.0226
  Stage 2 epoch 100/300: loss=0.251522
  Stage 2 epoch 200/300: loss=0.211128
  Stage 2 epoch 300/300: loss=0.160566
  Stage 3 epoch 100/300: loss=0.001720
  Stage 3 epoch 200/300: loss=0.001280
  Stage 3 epoch 300/300: loss=0.000943
    MFPT: GT=5.075 learned=0.832 err=83.6%
    Rate: GT=0.5467 learned=0.1700 err=68.9%

  --- T ---
      Epoch 100/500: loss=0.006043
      Epoch 200/500: loss=0.003421
      Epoch 300/500: loss=0.002753
      Epoch 400/500: loss=0.007795
      Epoch 500/500: loss=0.001788
    recon=0.000580
    E_mu=0.0063  E_Sigma=0.0029
  Stage 2 epoch 100/300: loss=0.227925
  Stage 2 epoch 200/300: loss=0.182330
  Stage 2 epoch 300/300: loss=0.140583
  Stage 3 epoch 100/300: loss=0.001116
  Stage 3 epoch 200/300: loss=0.000753
  Stage 3 epoch 300/300: loss=0.000394
    MFPT: GT=5.075 learned=0.855 err=83.1%
    Rate: GT=0.5467 learned=0.1670 err=69.5%

  --- F ---
      Epoch 100/500: loss=0.046362
      Epoch 200/500: loss=0.032211
      Epoch 300/500: loss=0.010690
      Epoch 400/500: loss=0.009776
      Epoch 500/500: loss=0.007775
    recon=0.008089
    E_mu=0.5189  E_Sigma=0.8851
  Stage 2 epoch 100/300: loss=0.219996
  Stage 2 epoch 200/300: loss=0.220781
  Stage 2 epoch 300/300: loss=0.166273
  Stage 3 epoch 100/300: loss=0.008916
  Stage 3 epoch 200/300: loss=0.009338
  Stage 3 epoch 300/300: loss=0.009044
    MFPT: GT=5.075 learned=3.865 err=23.8%
    Rate: GT=0.5467 learned=0.6800 err=24.4%

  --- C ---
      Epoch 100/500: loss=0.016176
      Epoch 200/500: loss=0.011241
      Epoch 300/500: loss=0.011765
      Epoch 400/500: loss=0.010805
      Epoch 500/500: loss=0.009947
    recon=0.009724
    E_mu=0.6624  E_Sigma=0.9951
  Stage 2 epoch 100/300: loss=0.237597
  Stage 2 epoch 200/300: loss=0.279026
  Stage 2 epoch 300/300: loss=0.214631
  Stage 3 epoch 100/300: loss=0.009577
  Stage 3 epoch 200/300: loss=0.010006
  Stage 3 epoch 300/300: loss=0.009720
    MFPT: GT=5.075 learned=1.775 err=65.0%
    Rate: GT=0.5467 learned=1.1450 err=109.4%

  --- T+F ---
      Epoch 100/500: loss=0.030947
      Epoch 200/500: loss=0.009112
      Epoch 300/500: loss=0.002780
      Epoch 400/500: loss=0.004588
      Epoch 500/500: loss=0.003558
    recon=0.000146
    E_mu=0.0055  E_Sigma=0.0017
  Stage 2 epoch 100/300: loss=0.368564
  Stage 2 epoch 200/300: loss=0.312553
  Stage 2 epoch 300/300: loss=0.228733
  Stage 3 epoch 100/300: loss=0.000059
  Stage 3 epoch 200/300: loss=0.000041
  Stage 3 epoch 300/300: loss=0.000040
    MFPT: GT=5.075 learned=0.581 err=88.6%
    Rate: GT=0.5467 learned=0.1357 err=75.2%

============================================================
  hyperbolic_paraboloid | seed=7042
============================================================

  --- baseline ---
      Epoch 100/500: loss=0.008555
      Epoch 200/500: loss=0.002503
      Epoch 300/500: loss=0.000932
      Epoch 400/500: loss=0.000569
      Epoch 500/500: loss=0.000234
    recon=0.000228
    E_mu=0.0411  E_Sigma=0.0177
  Stage 2 epoch 100/300: loss=0.219856
  Stage 2 epoch 200/300: loss=0.157396
  Stage 2 epoch 300/300: loss=0.140946
  Stage 3 epoch 100/300: loss=0.000669
  Stage 3 epoch 200/300: loss=0.000620
  Stage 3 epoch 300/300: loss=0.000624
    MFPT: GT=5.071 learned=1.291 err=74.5%
    Rate: GT=0.5340 learned=1.2234 err=129.1%

  --- T ---
      Epoch 100/500: loss=0.008284
      Epoch 200/500: loss=0.002586
      Epoch 300/500: loss=0.003102
      Epoch 400/500: loss=0.001286
      Epoch 500/500: loss=0.001158
    recon=0.000165
    E_mu=0.0022  E_Sigma=0.0012
  Stage 2 epoch 100/300: loss=0.210406
  Stage 2 epoch 200/300: loss=0.144179
  Stage 2 epoch 300/300: loss=0.124710
  Stage 3 epoch 100/300: loss=0.000106
  Stage 3 epoch 200/300: loss=0.000052
  Stage 3 epoch 300/300: loss=0.000036
    MFPT: GT=5.071 learned=1.591 err=68.6%
    Rate: GT=0.5340 learned=1.2303 err=130.4%

  --- F ---
      Epoch 100/500: loss=0.044502
      Epoch 200/500: loss=0.011161
      Epoch 300/500: loss=0.010119
      Epoch 400/500: loss=0.007756
      Epoch 500/500: loss=0.005682
    recon=0.004699
    E_mu=0.3464  E_Sigma=0.4522
  Stage 2 epoch 100/300: loss=0.224606
  Stage 2 epoch 200/300: loss=0.151961
  Stage 2 epoch 300/300: loss=0.154176
  Stage 3 epoch 100/300: loss=0.006135
  Stage 3 epoch 200/300: loss=0.005774
  Stage 3 epoch 300/300: loss=0.005936
    MFPT: GT=5.071 learned=0.993 err=80.4%
    Rate: GT=0.5340 learned=1.2665 err=137.2%

  --- C ---
      Epoch 100/500: loss=0.013637
      Epoch 200/500: loss=0.008144
      Epoch 300/500: loss=0.007296
      Epoch 400/500: loss=0.006619
      Epoch 500/500: loss=0.005281
    recon=0.003458
    E_mu=0.3213  E_Sigma=0.3698
  Stage 2 epoch 100/300: loss=0.220482
  Stage 2 epoch 200/300: loss=0.196854
  Stage 2 epoch 300/300: loss=0.212440
  Stage 3 epoch 100/300: loss=0.005148
  Stage 3 epoch 200/300: loss=0.004833
  Stage 3 epoch 300/300: loss=0.005015
    MFPT: GT=5.071 learned=1.304 err=74.3%
    Rate: GT=0.5340 learned=1.2797 err=139.6%

  --- T+F ---
      Epoch 100/500: loss=0.021190
      Epoch 200/500: loss=0.010351
      Epoch 300/500: loss=0.007288
      Epoch 400/500: loss=0.003875
      Epoch 500/500: loss=0.002815
    recon=0.000021
    E_mu=0.0021  E_Sigma=0.0007
  Stage 2 epoch 100/300: loss=0.324333
  Stage 2 epoch 200/300: loss=0.206186
  Stage 2 epoch 300/300: loss=0.203069
  Stage 3 epoch 100/300: loss=0.000055
  Stage 3 epoch 200/300: loss=0.000039
  Stage 3 epoch 300/300: loss=0.000041
    MFPT: GT=5.071 learned=0.962 err=81.0%
    Rate: GT=0.5340 learned=1.2896 err=141.5%

============================================================
  hyperbolic_paraboloid | seed=8042
============================================================

  --- baseline ---
      Epoch 100/500: loss=0.010589
      Epoch 200/500: loss=0.003981
      Epoch 300/500: loss=0.000906
      Epoch 400/500: loss=0.000538
      Epoch 500/500: loss=0.000420
    recon=0.000346
    E_mu=0.0397  E_Sigma=0.0201
  Stage 2 epoch 100/300: loss=0.206952
  Stage 2 epoch 200/300: loss=0.132125
  Stage 2 epoch 300/300: loss=0.112048
  Stage 3 epoch 100/300: loss=0.001920
  Stage 3 epoch 200/300: loss=0.001131
  Stage 3 epoch 300/300: loss=0.000822
    MFPT: GT=5.145 learned=3.420 err=33.5%
    Rate: GT=0.5351 learned=0.3058 err=42.9%

  --- T ---
      Epoch 100/500: loss=0.012927
      Epoch 200/500: loss=0.004725
      Epoch 300/500: loss=0.002161
      Epoch 400/500: loss=0.001673
      Epoch 500/500: loss=0.003015
    recon=0.000463
    E_mu=0.0051  E_Sigma=0.0032
  Stage 2 epoch 100/300: loss=0.243877
  Stage 2 epoch 200/300: loss=0.147524
  Stage 2 epoch 300/300: loss=0.117201
  Stage 3 epoch 100/300: loss=0.000204
  Stage 3 epoch 200/300: loss=0.000104
  Stage 3 epoch 300/300: loss=0.000071
    MFPT: GT=5.145 learned=4.684 err=8.9%
    Rate: GT=0.5351 learned=0.5268 err=1.6%

  --- F ---
      Epoch 100/500: loss=0.036863
      Epoch 200/500: loss=0.027162
      Epoch 300/500: loss=0.012866
      Epoch 400/500: loss=0.009010
      Epoch 500/500: loss=0.007275
    recon=0.007191
    E_mu=0.3475  E_Sigma=0.9417
  Stage 2 epoch 100/300: loss=0.260614
  Stage 2 epoch 200/300: loss=0.198953
  Stage 2 epoch 300/300: loss=0.160839
  Stage 3 epoch 100/300: loss=0.006806
  Stage 3 epoch 200/300: loss=0.007140
  Stage 3 epoch 300/300: loss=0.007096
    MFPT: GT=5.145 learned=0.547 err=89.4%
    Rate: GT=0.5351 learned=0.1057 err=80.2%

  --- C ---
      Epoch 100/500: loss=0.016032
      Epoch 200/500: loss=0.012243
      Epoch 300/500: loss=0.010131
      Epoch 400/500: loss=0.010512
      Epoch 500/500: loss=0.009767
    recon=0.009522
    E_mu=0.5338  E_Sigma=1.0501
  Stage 2 epoch 100/300: loss=0.324598
  Stage 2 epoch 200/300: loss=0.318250
  Stage 2 epoch 300/300: loss=0.331823
  Stage 3 epoch 100/300: loss=0.007766
  Stage 3 epoch 200/300: loss=0.008092
  Stage 3 epoch 300/300: loss=0.008091
    MFPT: GT=5.145 learned=1.915 err=62.8%
    Rate: GT=0.5351 learned=1.0866 err=103.1%

  --- T+F ---
      Epoch 100/500: loss=0.029260
      Epoch 200/500: loss=0.008856
      Epoch 300/500: loss=0.002826
      Epoch 400/500: loss=0.002334
      Epoch 500/500: loss=0.001820
    recon=0.000080
    E_mu=0.0040  E_Sigma=0.0012
  Stage 2 epoch 100/300: loss=0.353389
  Stage 2 epoch 200/300: loss=0.216350
  Stage 2 epoch 300/300: loss=0.170486
  Stage 3 epoch 100/300: loss=0.000051
  Stage 3 epoch 200/300: loss=0.000032
  Stage 3 epoch 300/300: loss=0.000032
    MFPT: GT=5.145 learned=1.375 err=73.3%
    Rate: GT=0.5351 learned=0.0821 err=84.7%

============================================================
  hyperbolic_paraboloid | seed=9042
============================================================

  --- baseline ---
      Epoch 100/500: loss=0.009032
      Epoch 200/500: loss=0.001740
      Epoch 300/500: loss=0.000567
      Epoch 400/500: loss=0.000330
      Epoch 500/500: loss=0.000303
    recon=0.000429
    E_mu=0.0333  E_Sigma=0.0219
  Stage 2 epoch 100/300: loss=0.166203
  Stage 2 epoch 200/300: loss=0.144702
  Stage 2 epoch 300/300: loss=0.118079
  Stage 3 epoch 100/300: loss=0.000701
  Stage 3 epoch 200/300: loss=0.000631
  Stage 3 epoch 300/300: loss=0.000591
    MFPT: GT=5.352 learned=0.723 err=86.5%
    Rate: GT=0.5321 learned=1.1915 err=123.9%

  --- T ---
      Epoch 100/500: loss=0.006534
      Epoch 200/500: loss=0.003660
      Epoch 300/500: loss=0.003791
      Epoch 400/500: loss=0.001389
      Epoch 500/500: loss=0.001455
    recon=0.000260
    E_mu=0.0026  E_Sigma=0.0010
  Stage 2 epoch 100/300: loss=0.162473
  Stage 2 epoch 200/300: loss=0.144765
  Stage 2 epoch 300/300: loss=0.112398
  Stage 3 epoch 100/300: loss=0.000153
  Stage 3 epoch 200/300: loss=0.000057
  Stage 3 epoch 300/300: loss=0.000033
    MFPT: GT=5.352 learned=0.647 err=87.9%
    Rate: GT=0.5321 learned=1.1615 err=118.3%

  --- F ---
      Epoch 100/500: loss=0.063096
      Epoch 200/500: loss=0.024936
      Epoch 300/500: loss=0.012714
      Epoch 400/500: loss=0.010611
      Epoch 500/500: loss=0.010240
    recon=0.010140
    E_mu=0.5737  E_Sigma=0.9267
  Stage 2 epoch 100/300: loss=0.201174
  Stage 2 epoch 200/300: loss=0.149602
  Stage 2 epoch 300/300: loss=0.128958
  Stage 3 epoch 100/300: loss=0.008982
  Stage 3 epoch 200/300: loss=0.008642
  Stage 3 epoch 300/300: loss=0.008672
    MFPT: GT=5.352 learned=0.488 err=90.9%
    Rate: GT=0.5321 learned=1.2511 err=135.1%

  --- C ---
      Epoch 100/500: loss=0.014734
      Epoch 200/500: loss=0.012301
      Epoch 300/500: loss=0.009231
      Epoch 400/500: loss=0.006897
      Epoch 500/500: loss=0.005187
    recon=0.004042
    E_mu=0.2546  E_Sigma=0.3331
  Stage 2 epoch 100/300: loss=0.222121
  Stage 2 epoch 200/300: loss=0.238153
  Stage 2 epoch 300/300: loss=0.180123
  Stage 3 epoch 100/300: loss=0.004992
  Stage 3 epoch 200/300: loss=0.004740
  Stage 3 epoch 300/300: loss=0.004476
    MFPT: GT=5.352 learned=0.683 err=87.2%
    Rate: GT=0.5321 learned=1.4461 err=171.8%

  --- T+F ---
      Epoch 100/500: loss=0.023082
      Epoch 200/500: loss=0.010896
      Epoch 300/500: loss=0.002081
      Epoch 400/500: loss=0.001617
      Epoch 500/500: loss=0.001238
    recon=0.000017
    E_mu=0.0033  E_Sigma=0.0011
  Stage 2 epoch 100/300: loss=0.272664
  Stage 2 epoch 200/300: loss=0.199548
  Stage 2 epoch 300/300: loss=0.157919
  Stage 3 epoch 100/300: loss=0.000032
  Stage 3 epoch 200/300: loss=0.000023
  Stage 3 epoch 300/300: loss=0.000021
    MFPT: GT=5.352 learned=0.505 err=90.6%
    Rate: GT=0.5321 learned=1.2180 err=128.9%

============================================================
  quartic_dome | seed=42
============================================================

  --- baseline ---
      Epoch 100/500: loss=0.005785
      Epoch 200/500: loss=0.003591
      Epoch 300/500: loss=0.001192
      Epoch 400/500: loss=0.000366
      Epoch 500/500: loss=0.000278
    recon=0.000352
    E_mu=0.0447  E_Sigma=0.0174
  Stage 2 epoch 100/300: loss=0.196120
  Stage 2 epoch 200/300: loss=0.164438
  Stage 2 epoch 300/300: loss=0.116895
  Stage 3 epoch 100/300: loss=0.000334
  Stage 3 epoch 200/300: loss=0.000330
  Stage 3 epoch 300/300: loss=0.000295
    MFPT: GT=6.668 learned=0.780 err=88.3%
    Rate: GT=0.4554 learned=1.6072 err=252.9%

  --- T ---
      Epoch 100/500: loss=0.011143
      Epoch 200/500: loss=0.010136
      Epoch 300/500: loss=0.003396
      Epoch 400/500: loss=0.003235
      Epoch 500/500: loss=0.002253
    recon=0.000373
    E_mu=0.0073  E_Sigma=0.0014
  Stage 2 epoch 100/300: loss=0.144334
  Stage 2 epoch 200/300: loss=0.121938
  Stage 2 epoch 300/300: loss=0.095022
  Stage 3 epoch 100/300: loss=0.000057
  Stage 3 epoch 200/300: loss=0.000026
  Stage 3 epoch 300/300: loss=0.000021
    MFPT: GT=6.668 learned=0.868 err=87.0%
    Rate: GT=0.4554 learned=1.5751 err=245.9%

  --- F ---
      Epoch 100/500: loss=0.046394
      Epoch 200/500: loss=0.006112
      Epoch 300/500: loss=0.005912
      Epoch 400/500: loss=0.005716
      Epoch 500/500: loss=0.004972
    recon=0.004931
    E_mu=0.8194  E_Sigma=0.4205
  Stage 2 epoch 100/300: loss=0.157016
  Stage 2 epoch 200/300: loss=0.143120
  Stage 2 epoch 300/300: loss=0.129200
  Stage 3 epoch 100/300: loss=0.003848
  Stage 3 epoch 200/300: loss=0.003851
  Stage 3 epoch 300/300: loss=0.003664
    MFPT: GT=6.668 learned=0.678 err=89.8%
    Rate: GT=0.4554 learned=1.7042 err=274.2%

  --- C ---
      Epoch 100/500: loss=0.010434
      Epoch 200/500: loss=0.007467
      Epoch 300/500: loss=0.007006
      Epoch 400/500: loss=0.006398
      Epoch 500/500: loss=0.007020
    recon=0.005375
    E_mu=0.8295  E_Sigma=0.4290
  Stage 2 epoch 100/300: loss=0.145189
  Stage 2 epoch 200/300: loss=0.150273
  Stage 2 epoch 300/300: loss=0.154216
  Stage 3 epoch 100/300: loss=0.003930
  Stage 3 epoch 200/300: loss=0.003948
  Stage 3 epoch 300/300: loss=0.003765
    MFPT: GT=6.668 learned=0.650 err=90.3%
    Rate: GT=0.4554 learned=1.5069 err=230.9%

  --- T+F ---
      Epoch 100/500: loss=0.034669
      Epoch 200/500: loss=0.020248
      Epoch 300/500: loss=0.006395
      Epoch 400/500: loss=0.010049
      Epoch 500/500: loss=0.003045
    recon=0.000082
    E_mu=0.0098  E_Sigma=0.0019
  Stage 2 epoch 100/300: loss=0.230515
  Stage 2 epoch 200/300: loss=0.189730
  Stage 2 epoch 300/300: loss=0.170151
  Stage 3 epoch 100/300: loss=0.000062
  Stage 3 epoch 200/300: loss=0.000035
  Stage 3 epoch 300/300: loss=0.000027
    MFPT: GT=6.668 learned=0.563 err=91.6%
    Rate: GT=0.4554 learned=1.6116 err=253.9%

============================================================
  quartic_dome | seed=1042
============================================================

  --- baseline ---
      Epoch 100/500: loss=0.004635
      Epoch 200/500: loss=0.003354
      Epoch 300/500: loss=0.001558
      Epoch 400/500: loss=0.000446
      Epoch 500/500: loss=0.000231
    recon=0.000243
    E_mu=0.0508  E_Sigma=0.0209
  Stage 2 epoch 100/300: loss=0.259882
  Stage 2 epoch 200/300: loss=0.208714
  Stage 2 epoch 300/300: loss=0.154876
  Stage 3 epoch 100/300: loss=0.000305
  Stage 3 epoch 200/300: loss=0.000247
  Stage 3 epoch 300/300: loss=0.000248
    MFPT: GT=6.913 learned=1.547 err=77.6%
    Rate: GT=0.4247 learned=1.0276 err=142.0%

  --- T ---
      Epoch 100/500: loss=0.010174
      Epoch 200/500: loss=0.004503
      Epoch 300/500: loss=0.004664
      Epoch 400/500: loss=0.003109
      Epoch 500/500: loss=0.002098
    recon=0.000382
    E_mu=0.0108  E_Sigma=0.0023
  Stage 2 epoch 100/300: loss=0.246867
  Stage 2 epoch 200/300: loss=0.198591
  Stage 2 epoch 300/300: loss=0.143133
  Stage 3 epoch 100/300: loss=0.000054
  Stage 3 epoch 200/300: loss=0.000032
  Stage 3 epoch 300/300: loss=0.000026
    MFPT: GT=6.913 learned=2.137 err=69.1%
    Rate: GT=0.4247 learned=0.9466 err=122.9%

  --- F ---
      Epoch 100/500: loss=0.052760
      Epoch 200/500: loss=0.031405
      Epoch 300/500: loss=0.004921
      Epoch 400/500: loss=0.004672
      Epoch 500/500: loss=0.004393
    recon=0.004224
    E_mu=0.9558  E_Sigma=0.4562
  Stage 2 epoch 100/300: loss=0.194396
  Stage 2 epoch 200/300: loss=0.175217
  Stage 2 epoch 300/300: loss=0.148372
  Stage 3 epoch 100/300: loss=0.003463
  Stage 3 epoch 200/300: loss=0.003284
  Stage 3 epoch 300/300: loss=0.003388
    MFPT: GT=6.913 learned=1.410 err=79.6%
    Rate: GT=0.4247 learned=0.5905 err=39.0%

  --- C ---
      Epoch 100/500: loss=0.008854
      Epoch 200/500: loss=0.006394
      Epoch 300/500: loss=0.005430
      Epoch 400/500: loss=0.005704
      Epoch 500/500: loss=0.004780
    recon=0.004330
    E_mu=0.9701  E_Sigma=0.4616
  Stage 2 epoch 100/300: loss=0.210465
  Stage 2 epoch 200/300: loss=0.221518
  Stage 2 epoch 300/300: loss=0.226866
  Stage 3 epoch 100/300: loss=0.003548
  Stage 3 epoch 200/300: loss=0.003379
  Stage 3 epoch 300/300: loss=0.003485
    MFPT: GT=6.913 learned=1.346 err=80.5%
    Rate: GT=0.4247 learned=1.0409 err=145.1%

  --- T+F ---
      Epoch 100/500: loss=0.025852
      Epoch 200/500: loss=0.008778
      Epoch 300/500: loss=0.003948
      Epoch 400/500: loss=0.003895
      Epoch 500/500: loss=0.004233
    recon=0.000083
    E_mu=0.0105  E_Sigma=0.0016
  Stage 2 epoch 100/300: loss=0.300643
  Stage 2 epoch 200/300: loss=0.238573
  Stage 2 epoch 300/300: loss=0.195350
  Stage 3 epoch 100/300: loss=0.000055
  Stage 3 epoch 200/300: loss=0.000031
  Stage 3 epoch 300/300: loss=0.000019
    MFPT: GT=6.913 learned=2.198 err=68.2%
    Rate: GT=0.4247 learned=0.8053 err=89.6%

============================================================
  quartic_dome | seed=2042
============================================================

  --- baseline ---
      Epoch 100/500: loss=0.008270
      Epoch 200/500: loss=0.005809
      Epoch 300/500: loss=0.000818
      Epoch 400/500: loss=0.000400
      Epoch 500/500: loss=0.000389
    recon=0.000318
    E_mu=0.0478  E_Sigma=0.0193
  Stage 2 epoch 100/300: loss=0.170861
  Stage 2 epoch 200/300: loss=0.169030
  Stage 2 epoch 300/300: loss=0.166184
  Stage 3 epoch 100/300: loss=0.000437
  Stage 3 epoch 200/300: loss=0.000439
  Stage 3 epoch 300/300: loss=0.000448
    MFPT: GT=6.255 learned=4.330 err=30.8%
    Rate: GT=0.4623 learned=0.5624 err=21.7%

  --- T ---
      Epoch 100/500: loss=0.012297
      Epoch 200/500: loss=0.007898
      Epoch 300/500: loss=0.004067
      Epoch 400/500: loss=0.004979
      Epoch 500/500: loss=0.001900
    recon=0.000264
    E_mu=0.0048  E_Sigma=0.0013
  Stage 2 epoch 100/300: loss=0.153320
  Stage 2 epoch 200/300: loss=0.120159
  Stage 2 epoch 300/300: loss=0.081232
  Stage 3 epoch 100/300: loss=0.000072
  Stage 3 epoch 200/300: loss=0.000047
  Stage 3 epoch 300/300: loss=0.000030
    MFPT: GT=6.255 learned=5.038 err=19.5%
    Rate: GT=0.4623 learned=0.6312 err=36.5%

  --- F ---
      Epoch 100/500: loss=0.045488
      Epoch 200/500: loss=0.007271
      Epoch 300/500: loss=0.007274
      Epoch 400/500: loss=0.006087
      Epoch 500/500: loss=0.006468
    recon=0.005356
    E_mu=0.7554  E_Sigma=0.3701
  Stage 2 epoch 100/300: loss=0.133559
  Stage 2 epoch 200/300: loss=0.137981
  Stage 2 epoch 300/300: loss=0.133797
  Stage 3 epoch 100/300: loss=0.003522
  Stage 3 epoch 200/300: loss=0.003516
  Stage 3 epoch 300/300: loss=0.003529
    MFPT: GT=6.255 learned=3.719 err=40.5%
    Rate: GT=0.4623 learned=0.5413 err=17.1%

  --- C ---
      Epoch 100/500: loss=0.010835
      Epoch 200/500: loss=0.008140
      Epoch 300/500: loss=0.008563
      Epoch 400/500: loss=0.008241
      Epoch 500/500: loss=0.007944
    recon=0.006798
    E_mu=0.9713  E_Sigma=0.4444
  Stage 2 epoch 100/300: loss=0.123604
  Stage 2 epoch 200/300: loss=0.136802
  Stage 2 epoch 300/300: loss=0.132356
  Stage 3 epoch 100/300: loss=0.004224
  Stage 3 epoch 200/300: loss=0.004210
  Stage 3 epoch 300/300: loss=0.004235
    MFPT: GT=6.255 learned=3.354 err=46.4%
    Rate: GT=0.4623 learned=0.7958 err=72.1%

  --- T+F ---
      Epoch 100/500: loss=0.025156
      Epoch 200/500: loss=0.011479
      Epoch 300/500: loss=0.004967
      Epoch 400/500: loss=0.004330
      Epoch 500/500: loss=0.003707
    recon=0.000047
    E_mu=0.0058  E_Sigma=0.0014
  Stage 2 epoch 100/300: loss=0.197373
  Stage 2 epoch 200/300: loss=0.169953
  Stage 2 epoch 300/300: loss=0.120688
  Stage 3 epoch 100/300: loss=0.000146
  Stage 3 epoch 200/300: loss=0.000067
  Stage 3 epoch 300/300: loss=0.000032
    MFPT: GT=6.255 learned=6.170 err=1.4%
    Rate: GT=0.4623 learned=0.4582 err=0.9%

============================================================
  quartic_dome | seed=3042
============================================================

  --- baseline ---
      Epoch 100/500: loss=0.008260
      Epoch 200/500: loss=0.003535
      Epoch 300/500: loss=0.000871
      Epoch 400/500: loss=0.000473
      Epoch 500/500: loss=0.000326
    recon=0.000299
    E_mu=0.0224  E_Sigma=0.0128
  Stage 2 epoch 100/300: loss=0.310410
  Stage 2 epoch 200/300: loss=0.256529
  Stage 2 epoch 300/300: loss=0.190551
  Stage 3 epoch 100/300: loss=0.000312
  Stage 3 epoch 200/300: loss=0.000290
  Stage 3 epoch 300/300: loss=0.000244
    MFPT: GT=6.310 learned=1.957 err=69.0%
    Rate: GT=0.4550 learned=1.2001 err=163.8%

  --- T ---
      Epoch 100/500: loss=0.008483
      Epoch 200/500: loss=0.005146
      Epoch 300/500: loss=0.005533
      Epoch 400/500: loss=0.006584
      Epoch 500/500: loss=0.004546
    recon=0.000768
    E_mu=0.0089  E_Sigma=0.0024
  Stage 2 epoch 100/300: loss=0.211723
  Stage 2 epoch 200/300: loss=0.176195
  Stage 2 epoch 300/300: loss=0.117524
  Stage 3 epoch 100/300: loss=0.000078
  Stage 3 epoch 200/300: loss=0.000040
  Stage 3 epoch 300/300: loss=0.000032
    MFPT: GT=6.310 learned=1.681 err=73.4%
    Rate: GT=0.4550 learned=0.7012 err=54.1%

  --- F ---
      Epoch 100/500: loss=0.044674
      Epoch 200/500: loss=0.007090
      Epoch 300/500: loss=0.007931
      Epoch 400/500: loss=0.007082
      Epoch 500/500: loss=0.007094
    recon=0.006403
    E_mu=0.6441  E_Sigma=0.3743
  Stage 2 epoch 100/300: loss=0.268779
  Stage 2 epoch 200/300: loss=0.220734
  Stage 2 epoch 300/300: loss=0.215299
  Stage 3 epoch 100/300: loss=0.003543
  Stage 3 epoch 200/300: loss=0.003672
  Stage 3 epoch 300/300: loss=0.003598
    MFPT: GT=6.310 learned=1.549 err=75.5%
    Rate: GT=0.4550 learned=1.1151 err=145.1%

  --- C ---
      Epoch 100/500: loss=0.011715
      Epoch 200/500: loss=0.008802
      Epoch 300/500: loss=0.008769
      Epoch 400/500: loss=0.008103
      Epoch 500/500: loss=0.007908
    recon=0.006197
    E_mu=0.5877  E_Sigma=0.3671
  Stage 2 epoch 100/300: loss=0.247518
  Stage 2 epoch 200/300: loss=0.228117
  Stage 2 epoch 300/300: loss=0.246869
  Stage 3 epoch 100/300: loss=0.003448
  Stage 3 epoch 200/300: loss=0.003567
  Stage 3 epoch 300/300: loss=0.003488
    MFPT: GT=6.310 learned=1.001 err=84.1%
    Rate: GT=0.4550 learned=1.3742 err=202.0%

  --- T+F ---
      Epoch 100/500: loss=0.033515
      Epoch 200/500: loss=0.018625
      Epoch 300/500: loss=0.009261
      Epoch 400/500: loss=0.004256
      Epoch 500/500: loss=0.004157
    recon=0.000120
    E_mu=0.0054  E_Sigma=0.0012
  Stage 2 epoch 100/300: loss=0.431704
  Stage 2 epoch 200/300: loss=0.316769
  Stage 2 epoch 300/300: loss=0.264175
  Stage 3 epoch 100/300: loss=0.000096
  Stage 3 epoch 200/300: loss=0.000040
  Stage 3 epoch 300/300: loss=0.000031
    MFPT: GT=6.310 learned=1.856 err=70.6%
    Rate: GT=0.4550 learned=1.0370 err=127.9%

============================================================
  quartic_dome | seed=4042
============================================================

  --- baseline ---
      Epoch 100/500: loss=0.005314
      Epoch 200/500: loss=0.002952
      Epoch 300/500: loss=0.002202
      Epoch 400/500: loss=0.000619
      Epoch 500/500: loss=0.000326
    recon=0.000352
    E_mu=0.0334  E_Sigma=0.0143
  Stage 2 epoch 100/300: loss=0.207921
  Stage 2 epoch 200/300: loss=0.099769
  Stage 2 epoch 300/300: loss=0.071812
  Stage 3 epoch 100/300: loss=0.000323
  Stage 3 epoch 200/300: loss=0.000287
  Stage 3 epoch 300/300: loss=0.000314
    MFPT: GT=6.101 learned=4.513 err=26.0%
    Rate: GT=0.4693 learned=0.4272 err=9.0%

  --- T ---
      Epoch 100/500: loss=0.008222
      Epoch 200/500: loss=0.005022
      Epoch 300/500: loss=0.006338
      Epoch 400/500: loss=0.002790
      Epoch 500/500: loss=0.002003
    recon=0.000306
    E_mu=0.0075  E_Sigma=0.0016
  Stage 2 epoch 100/300: loss=0.211195
  Stage 2 epoch 200/300: loss=0.152029
  Stage 2 epoch 300/300: loss=0.095044
  Stage 3 epoch 100/300: loss=0.000047
  Stage 3 epoch 200/300: loss=0.000027
  Stage 3 epoch 300/300: loss=0.000024
    MFPT: GT=6.101 learned=2.411 err=60.5%
    Rate: GT=0.4693 learned=0.7862 err=67.5%

  --- F ---
      Epoch 100/500: loss=0.047516
      Epoch 200/500: loss=0.005870
      Epoch 300/500: loss=0.005669
      Epoch 400/500: loss=0.005852
      Epoch 500/500: loss=0.004888
    recon=0.004770
    E_mu=0.7335  E_Sigma=0.3995
  Stage 2 epoch 100/300: loss=0.174691
  Stage 2 epoch 200/300: loss=0.148901
  Stage 2 epoch 300/300: loss=0.125741
  Stage 3 epoch 100/300: loss=0.003771
  Stage 3 epoch 200/300: loss=0.003693
  Stage 3 epoch 300/300: loss=0.003859
    MFPT: GT=6.101 learned=2.425 err=60.2%
    Rate: GT=0.4693 learned=0.6680 err=42.3%

  --- C ---
      Epoch 100/500: loss=0.009032
      Epoch 200/500: loss=0.006799
      Epoch 300/500: loss=0.006669
      Epoch 400/500: loss=0.007379
      Epoch 500/500: loss=0.006096
    recon=0.005342
    E_mu=0.7902  E_Sigma=0.4139
  Stage 2 epoch 100/300: loss=0.193663
  Stage 2 epoch 200/300: loss=0.190254
  Stage 2 epoch 300/300: loss=0.202605
  Stage 3 epoch 100/300: loss=0.004036
  Stage 3 epoch 200/300: loss=0.003967
  Stage 3 epoch 300/300: loss=0.004145
    MFPT: GT=6.101 learned=3.104 err=49.1%
    Rate: GT=0.4693 learned=0.9407 err=100.4%

  --- T+F ---
      Epoch 100/500: loss=0.033754
      Epoch 200/500: loss=0.014098
      Epoch 300/500: loss=0.005795
      Epoch 400/500: loss=0.004424
      Epoch 500/500: loss=0.003553
    recon=0.000169
    E_mu=0.0084  E_Sigma=0.0022
  Stage 2 epoch 100/300: loss=0.302038
  Stage 2 epoch 200/300: loss=0.236209
  Stage 2 epoch 300/300: loss=0.155257
  Stage 3 epoch 100/300: loss=0.000057
  Stage 3 epoch 200/300: loss=0.000033
  Stage 3 epoch 300/300: loss=0.000029
    MFPT: GT=6.101 learned=2.228 err=63.5%
    Rate: GT=0.4693 learned=0.8784 err=87.2%

============================================================
  quartic_dome | seed=5042
============================================================

  --- baseline ---
      Epoch 100/500: loss=0.008047
      Epoch 200/500: loss=0.003375
      Epoch 300/500: loss=0.001808
      Epoch 400/500: loss=0.000468
      Epoch 500/500: loss=0.000365
    recon=0.000341
    E_mu=0.0376  E_Sigma=0.0154
  Stage 2 epoch 100/300: loss=0.278188
  Stage 2 epoch 200/300: loss=0.245971
  Stage 2 epoch 300/300: loss=0.149024
  Stage 3 epoch 100/300: loss=0.000296
  Stage 3 epoch 200/300: loss=0.000266
  Stage 3 epoch 300/300: loss=0.000239
    MFPT: GT=6.490 learned=1.595 err=75.4%
    Rate: GT=0.4739 learned=1.1421 err=141.0%

  --- T ---
      Epoch 100/500: loss=0.008755
      Epoch 200/500: loss=0.004696
      Epoch 300/500: loss=0.003247
      Epoch 400/500: loss=0.002374
      Epoch 500/500: loss=0.003417
    recon=0.001390
    E_mu=0.0088  E_Sigma=0.0033
  Stage 2 epoch 100/300: loss=0.245019
  Stage 2 epoch 200/300: loss=0.220252
  Stage 2 epoch 300/300: loss=0.133493
  Stage 3 epoch 100/300: loss=0.000056
  Stage 3 epoch 200/300: loss=0.000035
  Stage 3 epoch 300/300: loss=0.000032
    MFPT: GT=6.490 learned=1.469 err=77.4%
    Rate: GT=0.4739 learned=1.2984 err=174.0%

  --- F ---
      Epoch 100/500: loss=0.041431
      Epoch 200/500: loss=0.007929
      Epoch 300/500: loss=0.007368
      Epoch 400/500: loss=0.007706
      Epoch 500/500: loss=0.007164
    recon=0.006957
    E_mu=0.9023  E_Sigma=0.4549
  Stage 2 epoch 100/300: loss=0.207128
  Stage 2 epoch 200/300: loss=0.204921
  Stage 2 epoch 300/300: loss=0.166477
  Stage 3 epoch 100/300: loss=0.004077
  Stage 3 epoch 200/300: loss=0.004010
  Stage 3 epoch 300/300: loss=0.003772
    MFPT: GT=6.490 learned=1.661 err=74.4%
    Rate: GT=0.4739 learned=0.6720 err=41.8%

  --- C ---
      Epoch 100/500: loss=0.011781
      Epoch 200/500: loss=0.009905
      Epoch 300/500: loss=0.008466
      Epoch 400/500: loss=0.008501
      Epoch 500/500: loss=0.008321
    recon=0.007533
    E_mu=0.8887  E_Sigma=0.4474
  Stage 2 epoch 100/300: loss=0.229431
  Stage 2 epoch 200/300: loss=0.237150
  Stage 2 epoch 300/300: loss=0.218790
  Stage 3 epoch 100/300: loss=0.004133
  Stage 3 epoch 200/300: loss=0.004078
  Stage 3 epoch 300/300: loss=0.003831
    MFPT: GT=6.490 learned=2.643 err=59.3%
    Rate: GT=0.4739 learned=1.0148 err=114.1%

  --- T+F ---
      Epoch 100/500: loss=0.034654
      Epoch 200/500: loss=0.026732
      Epoch 300/500: loss=0.003368
      Epoch 400/500: loss=0.004242
      Epoch 500/500: loss=0.002120
    recon=0.000062
    E_mu=0.0052  E_Sigma=0.0016
  Stage 2 epoch 100/300: loss=0.282230
  Stage 2 epoch 200/300: loss=0.259347
  Stage 2 epoch 300/300: loss=0.201403
  Stage 3 epoch 100/300: loss=0.000054
  Stage 3 epoch 200/300: loss=0.000023
  Stage 3 epoch 300/300: loss=0.000019
    MFPT: GT=6.490 learned=1.482 err=77.2%
    Rate: GT=0.4739 learned=1.1267 err=137.8%

============================================================
  quartic_dome | seed=6042
============================================================

  --- baseline ---
      Epoch 100/500: loss=0.008349
      Epoch 200/500: loss=0.003892
      Epoch 300/500: loss=0.000923
      Epoch 400/500: loss=0.000376
      Epoch 500/500: loss=0.000204
    recon=0.000173
    E_mu=0.0232  E_Sigma=0.0111
  Stage 2 epoch 100/300: loss=0.257029
  Stage 2 epoch 200/300: loss=0.238178
  Stage 2 epoch 300/300: loss=0.179832
  Stage 3 epoch 100/300: loss=0.000276
  Stage 3 epoch 200/300: loss=0.000237
  Stage 3 epoch 300/300: loss=0.000223
    MFPT: GT=6.310 learned=2.121 err=66.4%
    Rate: GT=0.4558 learned=0.5250 err=15.2%

  --- T ---
      Epoch 100/500: loss=0.009262
      Epoch 200/500: loss=0.004737
      Epoch 300/500: loss=0.006055
      Epoch 400/500: loss=0.004985
      Epoch 500/500: loss=0.002003
    recon=0.000342
    E_mu=0.0067  E_Sigma=0.0013
  Stage 2 epoch 100/300: loss=0.213658
  Stage 2 epoch 200/300: loss=0.189591
  Stage 2 epoch 300/300: loss=0.137914
  Stage 3 epoch 100/300: loss=0.000083
  Stage 3 epoch 200/300: loss=0.000035
  Stage 3 epoch 300/300: loss=0.000021
    MFPT: GT=6.310 learned=1.824 err=71.1%
    Rate: GT=0.4558 learned=0.4392 err=3.6%

  --- F ---
      Epoch 100/500: loss=0.033887
      Epoch 200/500: loss=0.029568
      Epoch 300/500: loss=0.018900
      Epoch 400/500: loss=0.008483
      Epoch 500/500: loss=0.007471
    recon=0.006639
    E_mu=0.6710  E_Sigma=0.3875
  Stage 2 epoch 100/300: loss=0.206765
  Stage 2 epoch 200/300: loss=0.211151
  Stage 2 epoch 300/300: loss=0.166688
  Stage 3 epoch 100/300: loss=0.003397
  Stage 3 epoch 200/300: loss=0.003471
  Stage 3 epoch 300/300: loss=0.003484
    MFPT: GT=6.310 learned=3.837 err=39.2%
    Rate: GT=0.4558 learned=0.6636 err=45.6%

  --- C ---
      Epoch 100/500: loss=0.013168
      Epoch 200/500: loss=0.009306
      Epoch 300/500: loss=0.008859
      Epoch 400/500: loss=0.008954
      Epoch 500/500: loss=0.008306
    recon=0.005784
    E_mu=0.5063  E_Sigma=0.3058
  Stage 2 epoch 100/300: loss=0.258230
  Stage 2 epoch 200/300: loss=0.257979
  Stage 2 epoch 300/300: loss=0.217664
  Stage 3 epoch 100/300: loss=0.002817
  Stage 3 epoch 200/300: loss=0.002919
  Stage 3 epoch 300/300: loss=0.002879
    MFPT: GT=6.310 learned=2.427 err=61.5%
    Rate: GT=0.4558 learned=1.0880 err=138.7%

  --- T+F ---
      Epoch 100/500: loss=0.041359
      Epoch 200/500: loss=0.011780
      Epoch 300/500: loss=0.005533
      Epoch 400/500: loss=0.010379
      Epoch 500/500: loss=0.004839
    recon=0.000094
    E_mu=0.0099  E_Sigma=0.0021
  Stage 2 epoch 100/300: loss=0.358784
  Stage 2 epoch 200/300: loss=0.329529
  Stage 2 epoch 300/300: loss=0.253640
  Stage 3 epoch 100/300: loss=0.000100
  Stage 3 epoch 200/300: loss=0.000054
  Stage 3 epoch 300/300: loss=0.000037
    MFPT: GT=6.310 learned=1.032 err=83.6%
    Rate: GT=0.4558 learned=0.1952 err=57.2%

============================================================
  quartic_dome | seed=7042
============================================================

  --- baseline ---
      Epoch 100/500: loss=0.007093
      Epoch 200/500: loss=0.002935
      Epoch 300/500: loss=0.000677
      Epoch 400/500: loss=0.000553
      Epoch 500/500: loss=0.000222
    recon=0.000237
    E_mu=0.0338  E_Sigma=0.0142
  Stage 2 epoch 100/300: loss=0.248366
  Stage 2 epoch 200/300: loss=0.173161
  Stage 2 epoch 300/300: loss=0.183344
  Stage 3 epoch 100/300: loss=0.000300
  Stage 3 epoch 200/300: loss=0.000296
  Stage 3 epoch 300/300: loss=0.000283
    MFPT: GT=6.363 learned=0.947 err=85.1%
    Rate: GT=0.4513 learned=1.3968 err=209.5%

  --- T ---
      Epoch 100/500: loss=0.010200
      Epoch 200/500: loss=0.010421
      Epoch 300/500: loss=0.005390
      Epoch 400/500: loss=0.006360
      Epoch 500/500: loss=0.002500
    recon=0.000347
    E_mu=0.0050  E_Sigma=0.0009
  Stage 2 epoch 100/300: loss=0.229139
  Stage 2 epoch 200/300: loss=0.154767
  Stage 2 epoch 300/300: loss=0.157053
  Stage 3 epoch 100/300: loss=0.001070
  Stage 3 epoch 200/300: loss=0.000610
  Stage 3 epoch 300/300: loss=0.000235
    MFPT: GT=6.363 learned=1.798 err=71.8%
    Rate: GT=0.4513 learned=1.1520 err=155.3%

  --- F ---
      Epoch 100/500: loss=0.041900
      Epoch 200/500: loss=0.028335
      Epoch 300/500: loss=0.021190
      Epoch 400/500: loss=0.010277
      Epoch 500/500: loss=0.007123
    recon=0.006862
    E_mu=0.6360  E_Sigma=0.3247
  Stage 2 epoch 100/300: loss=0.185353
  Stage 2 epoch 200/300: loss=0.135389
  Stage 2 epoch 300/300: loss=0.146421
  Stage 3 epoch 100/300: loss=0.003320
  Stage 3 epoch 200/300: loss=0.003250
  Stage 3 epoch 300/300: loss=0.003207
    MFPT: GT=6.363 learned=1.115 err=82.5%
    Rate: GT=0.4513 learned=1.1769 err=160.8%

  --- C ---
      Epoch 100/500: loss=0.012272
      Epoch 200/500: loss=0.007442
      Epoch 300/500: loss=0.006031
      Epoch 400/500: loss=0.008683
      Epoch 500/500: loss=0.004724
    recon=0.003186
    E_mu=0.3599  E_Sigma=0.1797
  Stage 2 epoch 100/300: loss=0.189098
  Stage 2 epoch 200/300: loss=0.172540
  Stage 2 epoch 300/300: loss=0.192186
  Stage 3 epoch 100/300: loss=0.001788
  Stage 3 epoch 200/300: loss=0.001743
  Stage 3 epoch 300/300: loss=0.001765
    MFPT: GT=6.363 learned=0.957 err=85.0%
    Rate: GT=0.4513 learned=1.1546 err=155.8%

  --- T+F ---
      Epoch 100/500: loss=0.042008
      Epoch 200/500: loss=0.019505
      Epoch 300/500: loss=0.009081
      Epoch 400/500: loss=0.004833
      Epoch 500/500: loss=0.003270
    recon=0.000114
    E_mu=0.0073  E_Sigma=0.0018
  Stage 2 epoch 100/300: loss=0.357112
  Stage 2 epoch 200/300: loss=0.210869
  Stage 2 epoch 300/300: loss=0.205622
  Stage 3 epoch 100/300: loss=0.001140
  Stage 3 epoch 200/300: loss=0.000818
  Stage 3 epoch 300/300: loss=0.000332
    MFPT: GT=6.363 learned=1.248 err=80.4%
    Rate: GT=0.4513 learned=1.1721 err=159.7%

============================================================
  quartic_dome | seed=8042
============================================================

  --- baseline ---
      Epoch 100/500: loss=0.008808
      Epoch 200/500: loss=0.003554
      Epoch 300/500: loss=0.001736
      Epoch 400/500: loss=0.000621
      Epoch 500/500: loss=0.000414
    recon=0.000301
    E_mu=0.0376  E_Sigma=0.0218
  Stage 2 epoch 100/300: loss=0.217608
  Stage 2 epoch 200/300: loss=0.151506
  Stage 2 epoch 300/300: loss=0.124858
  Stage 3 epoch 100/300: loss=0.001592
  Stage 3 epoch 200/300: loss=0.000665
  Stage 3 epoch 300/300: loss=0.000490
    MFPT: GT=6.264 learned=0.730 err=88.3%
    Rate: GT=0.4546 learned=0.1275 err=72.0%

  --- T ---
      Epoch 100/500: loss=0.012225
      Epoch 200/500: loss=0.006856
      Epoch 300/500: loss=0.004254
      Epoch 400/500: loss=0.003853
      Epoch 500/500: loss=0.003049
    recon=0.000418
    E_mu=0.0070  E_Sigma=0.0022
  Stage 2 epoch 100/300: loss=0.167871
  Stage 2 epoch 200/300: loss=0.123092
  Stage 2 epoch 300/300: loss=0.100922
  Stage 3 epoch 100/300: loss=0.000100
  Stage 3 epoch 200/300: loss=0.000055
  Stage 3 epoch 300/300: loss=0.000036
    MFPT: GT=6.264 learned=1.882 err=70.0%
    Rate: GT=0.4546 learned=0.1062 err=76.6%

  --- F ---
      Epoch 100/500: loss=0.034792
      Epoch 200/500: loss=0.012489
      Epoch 300/500: loss=0.007787
      Epoch 400/500: loss=0.005704
      Epoch 500/500: loss=0.003154
    recon=0.002760
    E_mu=0.2424  E_Sigma=0.1832
  Stage 2 epoch 100/300: loss=0.233941
  Stage 2 epoch 200/300: loss=0.178798
  Stage 2 epoch 300/300: loss=0.139834
  Stage 3 epoch 100/300: loss=0.003167
  Stage 3 epoch 200/300: loss=0.002814
  Stage 3 epoch 300/300: loss=0.002012
    MFPT: GT=6.264 learned=0.788 err=87.4%
    Rate: GT=0.4546 learned=0.2296 err=49.5%

  --- C ---
      Epoch 100/500: loss=0.012970
      Epoch 200/500: loss=0.009766
      Epoch 300/500: loss=0.008942
      Epoch 400/500: loss=0.008182
      Epoch 500/500: loss=0.008273
    recon=0.007623
    E_mu=0.7895  E_Sigma=0.4052
  Stage 2 epoch 100/300: loss=0.291218
  Stage 2 epoch 200/300: loss=0.288092
  Stage 2 epoch 300/300: loss=0.283069
  Stage 3 epoch 100/300: loss=0.003649
  Stage 3 epoch 200/300: loss=0.003651
  Stage 3 epoch 300/300: loss=0.003689
    MFPT: GT=6.264 learned=1.863 err=70.3%
    Rate: GT=0.4546 learned=1.2603 err=177.2%

  --- T+F ---
      Epoch 100/500: loss=0.050136
      Epoch 200/500: loss=0.026883
      Epoch 300/500: loss=0.006183
      Epoch 400/500: loss=0.013223
      Epoch 500/500: loss=0.004379
    recon=0.000096
    E_mu=0.0105  E_Sigma=0.0021
  Stage 2 epoch 100/300: loss=0.360239
  Stage 2 epoch 200/300: loss=0.251672
  Stage 2 epoch 300/300: loss=0.204609
  Stage 3 epoch 100/300: loss=0.001861
  Stage 3 epoch 200/300: loss=0.000070
  Stage 3 epoch 300/300: loss=0.000046
    MFPT: GT=6.264 learned=0.961 err=84.7%
    Rate: GT=0.4546 learned=0.1071 err=76.4%

============================================================
  quartic_dome | seed=9042
============================================================

  --- baseline ---
      Epoch 100/500: loss=0.007999
      Epoch 200/500: loss=0.003068
      Epoch 300/500: loss=0.001040
      Epoch 400/500: loss=0.000482
      Epoch 500/500: loss=0.000166
    recon=0.000149
    E_mu=0.0225  E_Sigma=0.0098
  Stage 2 epoch 100/300: loss=0.200419
  Stage 2 epoch 200/300: loss=0.180111
  Stage 2 epoch 300/300: loss=0.132339
  Stage 3 epoch 100/300: loss=0.000222
  Stage 3 epoch 200/300: loss=0.000181
  Stage 3 epoch 300/300: loss=0.000173
    MFPT: GT=6.607 learned=0.533 err=91.9%
    Rate: GT=0.4414 learned=1.4293 err=223.8%

  --- T ---
      Epoch 100/500: loss=0.009953
      Epoch 200/500: loss=0.010433
      Epoch 300/500: loss=0.003517
      Epoch 400/500: loss=0.002640
      Epoch 500/500: loss=0.003159
    recon=0.000881
    E_mu=0.0125  E_Sigma=0.0034
  Stage 2 epoch 100/300: loss=0.206796
  Stage 2 epoch 200/300: loss=0.173878
  Stage 2 epoch 300/300: loss=0.131846
  Stage 3 epoch 100/300: loss=0.000072
  Stage 3 epoch 200/300: loss=0.000051
  Stage 3 epoch 300/300: loss=0.000044
    MFPT: GT=6.607 learned=0.574 err=91.3%
    Rate: GT=0.4414 learned=1.3822 err=213.1%

  --- F ---
      Epoch 100/500: loss=0.065717
      Epoch 200/500: loss=0.027265
      Epoch 300/500: loss=0.011454
      Epoch 400/500: loss=0.007812
      Epoch 500/500: loss=0.006126
    recon=0.005507
    E_mu=0.6048  E_Sigma=0.3440
  Stage 2 epoch 100/300: loss=0.194391
  Stage 2 epoch 200/300: loss=0.159637
  Stage 2 epoch 300/300: loss=0.129774
  Stage 3 epoch 100/300: loss=0.003093
  Stage 3 epoch 200/300: loss=0.002962
  Stage 3 epoch 300/300: loss=0.002961
    MFPT: GT=6.607 learned=0.535 err=91.9%
    Rate: GT=0.4414 learned=1.3199 err=199.0%

  --- C ---
      Epoch 100/500: loss=0.012734
      Epoch 200/500: loss=0.010145
      Epoch 300/500: loss=0.009139
      Epoch 400/500: loss=0.005065
      Epoch 500/500: loss=0.004715
    recon=0.005017
    E_mu=0.3650  E_Sigma=0.1787
  Stage 2 epoch 100/300: loss=0.271731
  Stage 2 epoch 200/300: loss=0.179833
  Stage 2 epoch 300/300: loss=0.160831
  Stage 3 epoch 100/300: loss=0.001895
  Stage 3 epoch 200/300: loss=0.001792
  Stage 3 epoch 300/300: loss=0.001856
    MFPT: GT=6.607 learned=0.421 err=93.6%
    Rate: GT=0.4414 learned=1.5249 err=245.5%

  --- T+F ---
      Epoch 100/500: loss=0.067420
      Epoch 200/500: loss=0.016968
      Epoch 300/500: loss=0.008497
      Epoch 400/500: loss=0.011846
      Epoch 500/500: loss=0.003066
    recon=0.000064
    E_mu=0.0092  E_Sigma=0.0016
  Stage 2 epoch 100/300: loss=0.297691
  Stage 2 epoch 200/300: loss=0.229835
  Stage 2 epoch 300/300: loss=0.183037
  Stage 3 epoch 100/300: loss=0.000120
  Stage 3 epoch 200/300: loss=0.000049
  Stage 3 epoch 300/300: loss=0.000035
    MFPT: GT=6.607 learned=0.531 err=92.0%
    Rate: GT=0.4414 learned=1.3581 err=207.7%

============================================================
  sinusoidal | seed=42
============================================================

  --- baseline ---
      Epoch 100/500: loss=0.003398
      Epoch 200/500: loss=0.001609
      Epoch 300/500: loss=0.001024
      Epoch 400/500: loss=0.000535
      Epoch 500/500: loss=0.000277
    recon=0.000370
    E_mu=0.0243  E_Sigma=0.0228
  Stage 2 epoch 100/300: loss=0.163332
  Stage 2 epoch 200/300: loss=0.129669
  Stage 2 epoch 300/300: loss=0.104607
  Stage 3 epoch 100/300: loss=0.000331
  Stage 3 epoch 200/300: loss=0.000333
  Stage 3 epoch 300/300: loss=0.000311
    MFPT: GT=4.070 learned=0.660 err=83.8%
    Rate: GT=0.6828 learned=1.6529 err=142.1%

  --- T ---
      Epoch 100/500: loss=0.005933
      Epoch 200/500: loss=0.003714
      Epoch 300/500: loss=0.001940
      Epoch 400/500: loss=0.001199
      Epoch 500/500: loss=0.000608
    recon=0.000160
    E_mu=0.0018  E_Sigma=0.0008
  Stage 2 epoch 100/300: loss=0.163589
  Stage 2 epoch 200/300: loss=0.131215
  Stage 2 epoch 300/300: loss=0.111284
  Stage 3 epoch 100/300: loss=0.000037
  Stage 3 epoch 200/300: loss=0.000021
  Stage 3 epoch 300/300: loss=0.000012
    MFPT: GT=4.070 learned=0.626 err=84.6%
    Rate: GT=0.6828 learned=1.6707 err=144.7%

  --- F ---
      Epoch 100/500: loss=0.064022
      Epoch 200/500: loss=0.003750
      Epoch 300/500: loss=0.002705
      Epoch 400/500: loss=0.002769
      Epoch 500/500: loss=0.003983
    recon=0.001937
    E_mu=0.2004  E_Sigma=0.2276
  Stage 2 epoch 100/300: loss=0.218718
  Stage 2 epoch 200/300: loss=0.182708
  Stage 2 epoch 300/300: loss=0.142746
  Stage 3 epoch 100/300: loss=0.001985
  Stage 3 epoch 200/300: loss=0.001945
  Stage 3 epoch 300/300: loss=0.001846
    MFPT: GT=4.070 learned=0.530 err=87.0%
    Rate: GT=0.6828 learned=1.5993 err=134.2%

  --- C ---
      Epoch 100/500: loss=0.008972
      Epoch 200/500: loss=0.004718
      Epoch 300/500: loss=0.003722
      Epoch 400/500: loss=0.003563
      Epoch 500/500: loss=0.002501
    recon=0.001151
    E_mu=0.0798  E_Sigma=0.1332
  Stage 2 epoch 100/300: loss=0.227291
  Stage 2 epoch 200/300: loss=0.240612
  Stage 2 epoch 300/300: loss=0.257009
  Stage 3 epoch 100/300: loss=0.001516
  Stage 3 epoch 200/300: loss=0.001512
  Stage 3 epoch 300/300: loss=0.001391
    MFPT: GT=4.070 learned=0.650 err=84.0%
    Rate: GT=0.6828 learned=1.4608 err=113.9%

  --- T+F ---
      Epoch 100/500: loss=0.013852
      Epoch 200/500: loss=0.003561
      Epoch 300/500: loss=0.001816
      Epoch 400/500: loss=0.003210
      Epoch 500/500: loss=0.001002
    recon=0.000143
    E_mu=0.0026  E_Sigma=0.0012
  Stage 2 epoch 100/300: loss=0.207885
  Stage 2 epoch 200/300: loss=0.166429
  Stage 2 epoch 300/300: loss=0.135838
  Stage 3 epoch 100/300: loss=0.000042
  Stage 3 epoch 200/300: loss=0.000021
  Stage 3 epoch 300/300: loss=0.000018
    MFPT: GT=4.070 learned=0.533 err=86.9%
    Rate: GT=0.6828 learned=1.7943 err=162.8%

============================================================
  sinusoidal | seed=1042
============================================================

  --- baseline ---
      Epoch 100/500: loss=0.002259
      Epoch 200/500: loss=0.001602
      Epoch 300/500: loss=0.000613
      Epoch 400/500: loss=0.000836
      Epoch 500/500: loss=0.000225
    recon=0.000235
    E_mu=0.0439  E_Sigma=0.0248
  Stage 2 epoch 100/300: loss=0.218762
  Stage 2 epoch 200/300: loss=0.169356
  Stage 2 epoch 300/300: loss=0.144239
  Stage 3 epoch 100/300: loss=0.000318
  Stage 3 epoch 200/300: loss=0.000269
  Stage 3 epoch 300/300: loss=0.000274
    MFPT: GT=4.137 learned=1.765 err=57.3%
    Rate: GT=0.6411 learned=0.9491 err=48.0%

  --- T ---
      Epoch 100/500: loss=0.005979
      Epoch 200/500: loss=0.001642
      Epoch 300/500: loss=0.000970
      Epoch 400/500: loss=0.000597
      Epoch 500/500: loss=0.000786
    recon=0.000276
    E_mu=0.0028  E_Sigma=0.0013
  Stage 2 epoch 100/300: loss=0.236707
  Stage 2 epoch 200/300: loss=0.193955
  Stage 2 epoch 300/300: loss=0.155218
  Stage 3 epoch 100/300: loss=0.000025
  Stage 3 epoch 200/300: loss=0.000020
  Stage 3 epoch 300/300: loss=0.000017
    MFPT: GT=4.137 learned=1.341 err=67.6%
    Rate: GT=0.6411 learned=0.5367 err=16.3%

  --- F ---
      Epoch 100/500: loss=0.060422
      Epoch 200/500: loss=0.004305
      Epoch 300/500: loss=0.002006
      Epoch 400/500: loss=0.001609
      Epoch 500/500: loss=0.001516
    recon=0.001469
    E_mu=0.2687  E_Sigma=0.2621
  Stage 2 epoch 100/300: loss=0.280483
  Stage 2 epoch 200/300: loss=0.228343
  Stage 2 epoch 300/300: loss=0.181059
  Stage 3 epoch 100/300: loss=0.001981
  Stage 3 epoch 200/300: loss=0.001841
  Stage 3 epoch 300/300: loss=0.001894
    MFPT: GT=4.137 learned=0.879 err=78.7%
    Rate: GT=0.6411 learned=0.5169 err=19.4%

  --- C ---
      Epoch 100/500: loss=0.006266
      Epoch 200/500: loss=0.003618
      Epoch 300/500: loss=0.004587
      Epoch 400/500: loss=0.004334
      Epoch 500/500: loss=0.002649
    recon=0.002090
    E_mu=0.3426  E_Sigma=0.3167
  Stage 2 epoch 100/300: loss=0.284684
  Stage 2 epoch 200/300: loss=0.296530
  Stage 2 epoch 300/300: loss=0.298905
  Stage 3 epoch 100/300: loss=0.002696
  Stage 3 epoch 200/300: loss=0.002541
  Stage 3 epoch 300/300: loss=0.002591
    MFPT: GT=4.137 learned=0.831 err=79.9%
    Rate: GT=0.6411 learned=1.3717 err=114.0%

  --- T+F ---
      Epoch 100/500: loss=0.013345
      Epoch 200/500: loss=0.002642
      Epoch 300/500: loss=0.001657
      Epoch 400/500: loss=0.001458
      Epoch 500/500: loss=0.000435
    recon=0.000017
    E_mu=0.0020  E_Sigma=0.0004
  Stage 2 epoch 100/300: loss=0.273911
  Stage 2 epoch 200/300: loss=0.229075
  Stage 2 epoch 300/300: loss=0.180486
  Stage 3 epoch 100/300: loss=0.000016
  Stage 3 epoch 200/300: loss=0.000009
  Stage 3 epoch 300/300: loss=0.000007
    MFPT: GT=4.137 learned=1.068 err=74.2%
    Rate: GT=0.6411 learned=0.4998 err=22.0%

============================================================
  sinusoidal | seed=2042
============================================================

  --- baseline ---
      Epoch 100/500: loss=0.003490
      Epoch 200/500: loss=0.001419
      Epoch 300/500: loss=0.000976
      Epoch 400/500: loss=0.000848
      Epoch 500/500: loss=0.000435
    recon=0.000379
    E_mu=0.0376  E_Sigma=0.0332
  Stage 2 epoch 100/300: loss=0.142013
  Stage 2 epoch 200/300: loss=0.141403
  Stage 2 epoch 300/300: loss=0.114269
  Stage 3 epoch 100/300: loss=0.000463
  Stage 3 epoch 200/300: loss=0.000487
  Stage 3 epoch 300/300: loss=0.000493
    MFPT: GT=4.133 learned=2.958 err=28.4%
    Rate: GT=0.6741 learned=0.8727 err=29.5%

  --- T ---
      Epoch 100/500: loss=0.005307
      Epoch 200/500: loss=0.002384
      Epoch 300/500: loss=0.001053
      Epoch 400/500: loss=0.001144
      Epoch 500/500: loss=0.000467
    recon=0.000090
    E_mu=0.0012  E_Sigma=0.0005
  Stage 2 epoch 100/300: loss=0.159852
  Stage 2 epoch 200/300: loss=0.145019
  Stage 2 epoch 300/300: loss=0.111942
  Stage 3 epoch 100/300: loss=0.000026
  Stage 3 epoch 200/300: loss=0.000015
  Stage 3 epoch 300/300: loss=0.000011
    MFPT: GT=4.133 learned=4.490 err=8.6%
    Rate: GT=0.6741 learned=0.4415 err=34.5%

  --- F ---
      Epoch 100/500: loss=0.056695
      Epoch 200/500: loss=0.003541
      Epoch 300/500: loss=0.002822
      Epoch 400/500: loss=0.001614
      Epoch 500/500: loss=0.002052
    recon=0.000865
    E_mu=0.0857  E_Sigma=0.1169
  Stage 2 epoch 100/300: loss=0.180633
  Stage 2 epoch 200/300: loss=0.192746
  Stage 2 epoch 300/300: loss=0.186733
  Stage 3 epoch 100/300: loss=0.001163
  Stage 3 epoch 200/300: loss=0.001183
  Stage 3 epoch 300/300: loss=0.001187
    MFPT: GT=4.133 learned=2.732 err=33.9%
    Rate: GT=0.6741 learned=0.9112 err=35.2%

  --- C ---
      Epoch 100/500: loss=0.007550
      Epoch 200/500: loss=0.004709
      Epoch 300/500: loss=0.004427
      Epoch 400/500: loss=0.003643
      Epoch 500/500: loss=0.003352
    recon=0.002494
    E_mu=0.2902  E_Sigma=0.2789
  Stage 2 epoch 100/300: loss=0.176634
  Stage 2 epoch 200/300: loss=0.206864
  Stage 2 epoch 300/300: loss=0.195219
  Stage 3 epoch 100/300: loss=0.003023
  Stage 3 epoch 200/300: loss=0.002958
  Stage 3 epoch 300/300: loss=0.002970
    MFPT: GT=4.133 learned=1.284 err=68.9%
    Rate: GT=0.6741 learned=1.3863 err=105.7%

  --- T+F ---
      Epoch 100/500: loss=0.014122
      Epoch 200/500: loss=0.003237
      Epoch 300/500: loss=0.001922
      Epoch 400/500: loss=0.001525
      Epoch 500/500: loss=0.001295
    recon=0.000224
    E_mu=0.0041  E_Sigma=0.0016
  Stage 2 epoch 100/300: loss=0.178770
  Stage 2 epoch 200/300: loss=0.171503
  Stage 2 epoch 300/300: loss=0.135812
  Stage 3 epoch 100/300: loss=0.000038
  Stage 3 epoch 200/300: loss=0.000031
  Stage 3 epoch 300/300: loss=0.000027
    MFPT: GT=4.133 learned=3.535 err=14.5%
    Rate: GT=0.6741 learned=0.3799 err=43.6%

============================================================
  sinusoidal | seed=3042
============================================================

  --- baseline ---
      Epoch 100/500: loss=0.004380
      Epoch 200/500: loss=0.001552
      Epoch 300/500: loss=0.000897
      Epoch 400/500: loss=0.000602
      Epoch 500/500: loss=0.000550
    recon=0.000394
    E_mu=0.0262  E_Sigma=0.0202
  Stage 2 epoch 100/300: loss=0.318553
  Stage 2 epoch 200/300: loss=0.254150
  Stage 2 epoch 300/300: loss=0.189799
  Stage 3 epoch 100/300: loss=0.000294
  Stage 3 epoch 200/300: loss=0.000336
  Stage 3 epoch 300/300: loss=0.000292
    MFPT: GT=4.096 learned=1.674 err=59.1%
    Rate: GT=0.6713 learned=0.6148 err=8.4%

  --- T ---
      Epoch 100/500: loss=0.006147
      Epoch 200/500: loss=0.004546
      Epoch 300/500: loss=0.000775
      Epoch 400/500: loss=0.000865
      Epoch 500/500: loss=0.000626
    recon=0.000140
    E_mu=0.0006  E_Sigma=0.0002
  Stage 2 epoch 100/300: loss=0.344998
  Stage 2 epoch 200/300: loss=0.284837
  Stage 2 epoch 300/300: loss=0.232987
  Stage 3 epoch 100/300: loss=0.000045
  Stage 3 epoch 200/300: loss=0.000023
  Stage 3 epoch 300/300: loss=0.000012
    MFPT: GT=4.096 learned=1.836 err=55.2%
    Rate: GT=0.6713 learned=0.9136 err=36.1%

  --- F ---
      Epoch 100/500: loss=0.069336
      Epoch 200/500: loss=0.004354
      Epoch 300/500: loss=0.004074
      Epoch 400/500: loss=0.003040
      Epoch 500/500: loss=0.002470
    recon=0.001846
    E_mu=0.1087  E_Sigma=0.1339
  Stage 2 epoch 100/300: loss=0.351590
  Stage 2 epoch 200/300: loss=0.288406
  Stage 2 epoch 300/300: loss=0.248190
  Stage 3 epoch 100/300: loss=0.001303
  Stage 3 epoch 200/300: loss=0.001373
  Stage 3 epoch 300/300: loss=0.001310
    MFPT: GT=4.096 learned=1.160 err=71.7%
    Rate: GT=0.6713 learned=0.7513 err=11.9%

  --- C ---
      Epoch 100/500: loss=0.007369
      Epoch 200/500: loss=0.004800
      Epoch 300/500: loss=0.003030
      Epoch 400/500: loss=0.003270
      Epoch 500/500: loss=0.002297
    recon=0.001214
    E_mu=0.0796  E_Sigma=0.1040
  Stage 2 epoch 100/300: loss=0.383598
  Stage 2 epoch 200/300: loss=0.345790
  Stage 2 epoch 300/300: loss=0.378547
  Stage 3 epoch 100/300: loss=0.001498
  Stage 3 epoch 200/300: loss=0.001506
  Stage 3 epoch 300/300: loss=0.001412
    MFPT: GT=4.096 learned=0.969 err=76.3%
    Rate: GT=0.6713 learned=1.4219 err=111.8%

  --- T+F ---
      Epoch 100/500: loss=0.025450
      Epoch 200/500: loss=0.004561
      Epoch 300/500: loss=0.002524
      Epoch 400/500: loss=0.002405
      Epoch 500/500: loss=0.001465
    recon=0.000055
    E_mu=0.0012  E_Sigma=0.0005
  Stage 2 epoch 100/300: loss=0.419404
  Stage 2 epoch 200/300: loss=0.322031
  Stage 2 epoch 300/300: loss=0.272975
  Stage 3 epoch 100/300: loss=0.000042
  Stage 3 epoch 200/300: loss=0.000031
  Stage 3 epoch 300/300: loss=0.000022
    MFPT: GT=4.096 learned=1.739 err=57.5%
    Rate: GT=0.6713 learned=0.8859 err=32.0%

============================================================
  sinusoidal | seed=4042
============================================================

  --- baseline ---
      Epoch 100/500: loss=0.004248
      Epoch 200/500: loss=0.001233
      Epoch 300/500: loss=0.000777
      Epoch 400/500: loss=0.000412
      Epoch 500/500: loss=0.000270
    recon=0.000224
    E_mu=0.0274  E_Sigma=0.0207
  Stage 2 epoch 100/300: loss=0.189891
  Stage 2 epoch 200/300: loss=0.149791
  Stage 2 epoch 300/300: loss=0.113836
  Stage 3 epoch 100/300: loss=0.000330
  Stage 3 epoch 200/300: loss=0.000305
  Stage 3 epoch 300/300: loss=0.000343
    MFPT: GT=3.922 learned=2.365 err=39.7%
    Rate: GT=0.6773 learned=0.7808 err=15.3%

  --- T ---
      Epoch 100/500: loss=0.004819
      Epoch 200/500: loss=0.002306
      Epoch 300/500: loss=0.001264
      Epoch 400/500: loss=0.000696
      Epoch 500/500: loss=0.001032
    recon=0.000168
    E_mu=0.0013  E_Sigma=0.0007
  Stage 2 epoch 100/300: loss=0.202260
  Stage 2 epoch 200/300: loss=0.166903
  Stage 2 epoch 300/300: loss=0.137415
  Stage 3 epoch 100/300: loss=0.000020
  Stage 3 epoch 200/300: loss=0.000016
  Stage 3 epoch 300/300: loss=0.000013
    MFPT: GT=3.922 learned=3.244 err=17.3%
    Rate: GT=0.6773 learned=0.6038 err=10.9%

  --- F ---
      Epoch 100/500: loss=0.043812
      Epoch 200/500: loss=0.003879
      Epoch 300/500: loss=0.002894
      Epoch 400/500: loss=0.002524
      Epoch 500/500: loss=0.001567
    recon=0.001415
    E_mu=0.1166  E_Sigma=0.1499
  Stage 2 epoch 100/300: loss=0.217928
  Stage 2 epoch 200/300: loss=0.189387
  Stage 2 epoch 300/300: loss=0.165323
  Stage 3 epoch 100/300: loss=0.001355
  Stage 3 epoch 200/300: loss=0.001319
  Stage 3 epoch 300/300: loss=0.001393
    MFPT: GT=3.922 learned=2.337 err=40.4%
    Rate: GT=0.6773 learned=0.7279 err=7.5%

  --- C ---
      Epoch 100/500: loss=0.007372
      Epoch 200/500: loss=0.004540
      Epoch 300/500: loss=0.003862
      Epoch 400/500: loss=0.002653
      Epoch 500/500: loss=0.001953
    recon=0.000926
    E_mu=0.0828  E_Sigma=0.1066
  Stage 2 epoch 100/300: loss=0.215196
  Stage 2 epoch 200/300: loss=0.205325
  Stage 2 epoch 300/300: loss=0.212412
  Stage 3 epoch 100/300: loss=0.001270
  Stage 3 epoch 200/300: loss=0.001064
  Stage 3 epoch 300/300: loss=0.001069
    MFPT: GT=3.922 learned=2.160 err=44.9%
    Rate: GT=0.6773 learned=1.0702 err=58.0%

  --- T+F ---
      Epoch 100/500: loss=0.047484
      Epoch 200/500: loss=0.003280
      Epoch 300/500: loss=0.002416
      Epoch 400/500: loss=0.001265
      Epoch 500/500: loss=0.001243
    recon=0.000061
    E_mu=0.0027  E_Sigma=0.0010
  Stage 2 epoch 100/300: loss=0.252767
  Stage 2 epoch 200/300: loss=0.223973
  Stage 2 epoch 300/300: loss=0.197404
  Stage 3 epoch 100/300: loss=0.000020
  Stage 3 epoch 200/300: loss=0.000017
  Stage 3 epoch 300/300: loss=0.000016
    MFPT: GT=3.922 learned=2.057 err=47.5%
    Rate: GT=0.6773 learned=0.7040 err=3.9%

============================================================
  sinusoidal | seed=5042
============================================================

  --- baseline ---
      Epoch 100/500: loss=0.004103
      Epoch 200/500: loss=0.001139
      Epoch 300/500: loss=0.001031
      Epoch 400/500: loss=0.000608
      Epoch 500/500: loss=0.000308
    recon=0.000383
    E_mu=0.0329  E_Sigma=0.0249
  Stage 2 epoch 100/300: loss=0.221815
  Stage 2 epoch 200/300: loss=0.198070
  Stage 2 epoch 300/300: loss=0.137651
  Stage 3 epoch 100/300: loss=0.000300
  Stage 3 epoch 200/300: loss=0.000294
  Stage 3 epoch 300/300: loss=0.000265
    MFPT: GT=3.787 learned=1.287 err=66.0%
    Rate: GT=0.6870 learned=1.1857 err=72.6%

  --- T ---
      Epoch 100/500: loss=0.004952
      Epoch 200/500: loss=0.002363
      Epoch 300/500: loss=0.001562
      Epoch 400/500: loss=0.001004
      Epoch 500/500: loss=0.000514
    recon=0.000130
    E_mu=0.0011  E_Sigma=0.0006
  Stage 2 epoch 100/300: loss=0.215541
  Stage 2 epoch 200/300: loss=0.185690
  Stage 2 epoch 300/300: loss=0.133593
  Stage 3 epoch 100/300: loss=0.000077
  Stage 3 epoch 200/300: loss=0.000017
  Stage 3 epoch 300/300: loss=0.000008
    MFPT: GT=3.787 learned=1.538 err=59.4%
    Rate: GT=0.6870 learned=1.1277 err=64.1%

  --- F ---
      Epoch 100/500: loss=0.054523
      Epoch 200/500: loss=0.005347
      Epoch 300/500: loss=0.003907
      Epoch 400/500: loss=0.003456
      Epoch 500/500: loss=0.002486
    recon=0.001267
    E_mu=0.1246  E_Sigma=0.1369
  Stage 2 epoch 100/300: loss=0.249700
  Stage 2 epoch 200/300: loss=0.233953
  Stage 2 epoch 300/300: loss=0.178213
  Stage 3 epoch 100/300: loss=0.001359
  Stage 3 epoch 200/300: loss=0.001331
  Stage 3 epoch 300/300: loss=0.001261
    MFPT: GT=3.787 learned=1.202 err=68.3%
    Rate: GT=0.6870 learned=1.0141 err=47.6%

  --- C ---
      Epoch 100/500: loss=0.009102
      Epoch 200/500: loss=0.004518
      Epoch 300/500: loss=0.003411
      Epoch 400/500: loss=0.002770
      Epoch 500/500: loss=0.002058
    recon=0.001095
    E_mu=0.1054  E_Sigma=0.1075
  Stage 2 epoch 100/300: loss=0.252102
  Stage 2 epoch 200/300: loss=0.243090
  Stage 2 epoch 300/300: loss=0.206093
  Stage 3 epoch 100/300: loss=0.001733
  Stage 3 epoch 200/300: loss=0.001532
  Stage 3 epoch 300/300: loss=0.001150
    MFPT: GT=3.787 learned=1.741 err=54.0%
    Rate: GT=0.6870 learned=1.2537 err=82.5%

  --- T+F ---
      Epoch 100/500: loss=0.020127
      Epoch 200/500: loss=0.002959
      Epoch 300/500: loss=0.002793
      Epoch 400/500: loss=0.001520
      Epoch 500/500: loss=0.002040
    recon=0.000206
    E_mu=0.0028  E_Sigma=0.0014
  Stage 2 epoch 100/300: loss=0.256301
  Stage 2 epoch 200/300: loss=0.230386
  Stage 2 epoch 300/300: loss=0.198603
  Stage 3 epoch 100/300: loss=0.000048
  Stage 3 epoch 200/300: loss=0.000030
  Stage 3 epoch 300/300: loss=0.000020
    MFPT: GT=3.787 learned=1.324 err=65.0%
    Rate: GT=0.6870 learned=0.8787 err=27.9%

============================================================
  sinusoidal | seed=6042
============================================================

  --- baseline ---
      Epoch 100/500: loss=0.004910
      Epoch 200/500: loss=0.001300
      Epoch 300/500: loss=0.000790
      Epoch 400/500: loss=0.000421
      Epoch 500/500: loss=0.000176
    recon=0.000150
    E_mu=0.0279  E_Sigma=0.0162
  Stage 2 epoch 100/300: loss=0.225715
  Stage 2 epoch 200/300: loss=0.205648
  Stage 2 epoch 300/300: loss=0.141499
  Stage 3 epoch 100/300: loss=0.000276
  Stage 3 epoch 200/300: loss=0.000270
  Stage 3 epoch 300/300: loss=0.000273
    MFPT: GT=3.895 learned=0.611 err=84.3%
    Rate: GT=0.6725 learned=0.2301 err=65.8%

  --- T ---
      Epoch 100/500: loss=0.006941
      Epoch 200/500: loss=0.002618
      Epoch 300/500: loss=0.001345
      Epoch 400/500: loss=0.001162
      Epoch 500/500: loss=0.000558
    recon=0.000217
    E_mu=0.0018  E_Sigma=0.0007
  Stage 2 epoch 100/300: loss=0.261413
  Stage 2 epoch 200/300: loss=0.214253
  Stage 2 epoch 300/300: loss=0.156134
  Stage 3 epoch 100/300: loss=0.000044
  Stage 3 epoch 200/300: loss=0.000023
  Stage 3 epoch 300/300: loss=0.000017
    MFPT: GT=3.895 learned=0.637 err=83.6%
    Rate: GT=0.6725 learned=0.1627 err=75.8%

  --- F ---
      Epoch 100/500: loss=0.033619
      Epoch 200/500: loss=0.026668
      Epoch 300/500: loss=0.003557
      Epoch 400/500: loss=0.003933
      Epoch 500/500: loss=0.001474
    recon=0.001338
    E_mu=0.1091  E_Sigma=0.1177
  Stage 2 epoch 100/300: loss=0.278133
  Stage 2 epoch 200/300: loss=0.268075
  Stage 2 epoch 300/300: loss=0.202814
  Stage 3 epoch 100/300: loss=0.001271
  Stage 3 epoch 200/300: loss=0.001265
  Stage 3 epoch 300/300: loss=0.001253
    MFPT: GT=3.895 learned=0.712 err=81.7%
    Rate: GT=0.6725 learned=0.1172 err=82.6%

  --- C ---
      Epoch 100/500: loss=0.010039
      Epoch 200/500: loss=0.005450
      Epoch 300/500: loss=0.004553
      Epoch 400/500: loss=0.008051
      Epoch 500/500: loss=0.002429
    recon=0.001324
    E_mu=0.1039  E_Sigma=0.0929
  Stage 2 epoch 100/300: loss=0.305336
  Stage 2 epoch 200/300: loss=0.285140
  Stage 2 epoch 300/300: loss=0.241946
  Stage 3 epoch 100/300: loss=0.001657
  Stage 3 epoch 200/300: loss=0.001450
  Stage 3 epoch 300/300: loss=0.001126
    MFPT: GT=3.895 learned=2.216 err=43.1%
    Rate: GT=0.6725 learned=1.0253 err=52.5%

  --- T+F ---
      Epoch 100/500: loss=0.018523
      Epoch 200/500: loss=0.003641
      Epoch 300/500: loss=0.002537
      Epoch 400/500: loss=0.002281
      Epoch 500/500: loss=0.001242
    recon=0.000084
    E_mu=0.0018  E_Sigma=0.0010
  Stage 2 epoch 100/300: loss=0.341523
  Stage 2 epoch 200/300: loss=0.301314
  Stage 2 epoch 300/300: loss=0.220391
  Stage 3 epoch 100/300: loss=0.000025
  Stage 3 epoch 200/300: loss=0.000020
  Stage 3 epoch 300/300: loss=0.000019
    MFPT: GT=3.895 learned=0.858 err=78.0%
    Rate: GT=0.6725 learned=0.2007 err=70.2%

============================================================
  sinusoidal | seed=7042
============================================================

  --- baseline ---
      Epoch 100/500: loss=0.003180
      Epoch 200/500: loss=0.001710
      Epoch 300/500: loss=0.001013
      Epoch 400/500: loss=0.000890
      Epoch 500/500: loss=0.000380
    recon=0.000384
    E_mu=0.0421  E_Sigma=0.0285
  Stage 2 epoch 100/300: loss=0.212530
  Stage 2 epoch 200/300: loss=0.155048
  Stage 2 epoch 300/300: loss=0.142004
  Stage 3 epoch 100/300: loss=0.000434
  Stage 3 epoch 200/300: loss=0.000427
  Stage 3 epoch 300/300: loss=0.000422
    MFPT: GT=4.081 learned=0.922 err=77.4%
    Rate: GT=0.6638 learned=1.2745 err=92.0%

  --- T ---
      Epoch 100/500: loss=0.008837
      Epoch 200/500: loss=0.006423
      Epoch 300/500: loss=0.001233
      Epoch 400/500: loss=0.001651
      Epoch 500/500: loss=0.000447
    recon=0.000111
    E_mu=0.0010  E_Sigma=0.0004
  Stage 2 epoch 100/300: loss=0.261316
  Stage 2 epoch 200/300: loss=0.168382
  Stage 2 epoch 300/300: loss=0.155686
  Stage 3 epoch 100/300: loss=0.000047
  Stage 3 epoch 200/300: loss=0.000020
  Stage 3 epoch 300/300: loss=0.000011
    MFPT: GT=4.081 learned=1.283 err=68.6%
    Rate: GT=0.6638 learned=1.2153 err=83.1%

  --- F ---
      Epoch 100/500: loss=0.025019
      Epoch 200/500: loss=0.006577
      Epoch 300/500: loss=0.004838
      Epoch 400/500: loss=0.003426
      Epoch 500/500: loss=0.001768
    recon=0.001291
    E_mu=0.1024  E_Sigma=0.0947
  Stage 2 epoch 100/300: loss=0.259210
  Stage 2 epoch 200/300: loss=0.203085
  Stage 2 epoch 300/300: loss=0.210195
  Stage 3 epoch 100/300: loss=0.001195
  Stage 3 epoch 200/300: loss=0.001154
  Stage 3 epoch 300/300: loss=0.001149
    MFPT: GT=4.081 learned=0.863 err=78.8%
    Rate: GT=0.6638 learned=1.0751 err=62.0%

  --- C ---
      Epoch 100/500: loss=0.007734
      Epoch 200/500: loss=0.003599
      Epoch 300/500: loss=0.002583
      Epoch 400/500: loss=0.005273
      Epoch 500/500: loss=0.002171
    recon=0.001198
    E_mu=0.1006  E_Sigma=0.0822
  Stage 2 epoch 100/300: loss=0.245257
  Stage 2 epoch 200/300: loss=0.221257
  Stage 2 epoch 300/300: loss=0.241804
  Stage 3 epoch 100/300: loss=0.001796
  Stage 3 epoch 200/300: loss=0.001487
  Stage 3 epoch 300/300: loss=0.001139
    MFPT: GT=4.081 learned=0.934 err=77.1%
    Rate: GT=0.6638 learned=1.2799 err=92.8%

  --- T+F ---
      Epoch 100/500: loss=0.025895
      Epoch 200/500: loss=0.010127
      Epoch 300/500: loss=0.003313
      Epoch 400/500: loss=0.002383
      Epoch 500/500: loss=0.001321
    recon=0.000129
    E_mu=0.0016  E_Sigma=0.0010
  Stage 2 epoch 100/300: loss=0.337501
  Stage 2 epoch 200/300: loss=0.208670
  Stage 2 epoch 300/300: loss=0.198889
  Stage 3 epoch 100/300: loss=0.000049
  Stage 3 epoch 200/300: loss=0.000031
  Stage 3 epoch 300/300: loss=0.000027
    MFPT: GT=4.081 learned=1.055 err=74.1%
    Rate: GT=0.6638 learned=1.2163 err=83.2%

============================================================
  sinusoidal | seed=8042
============================================================

  --- baseline ---
      Epoch 100/500: loss=0.005344
      Epoch 200/500: loss=0.001350
      Epoch 300/500: loss=0.000894
      Epoch 400/500: loss=0.000426
      Epoch 500/500: loss=0.000341
    recon=0.000256
    E_mu=0.0356  E_Sigma=0.0217
  Stage 2 epoch 100/300: loss=0.225208
  Stage 2 epoch 200/300: loss=0.150829
  Stage 2 epoch 300/300: loss=0.105267
  Stage 3 epoch 100/300: loss=0.004179
  Stage 3 epoch 200/300: loss=0.000581
  Stage 3 epoch 300/300: loss=0.000292
    MFPT: GT=3.903 learned=0.488 err=87.5%
    Rate: GT=0.6781 learned=0.0514 err=92.4%

  --- T ---
      Epoch 100/500: loss=0.007164
      Epoch 200/500: loss=0.004414
      Epoch 300/500: loss=0.001317
      Epoch 400/500: loss=0.001179
      Epoch 500/500: loss=0.000541
    recon=0.000205
    E_mu=0.0015  E_Sigma=0.0007
  Stage 2 epoch 100/300: loss=0.241744
  Stage 2 epoch 200/300: loss=0.157525
  Stage 2 epoch 300/300: loss=0.129785
  Stage 3 epoch 100/300: loss=0.000084
  Stage 3 epoch 200/300: loss=0.000027
  Stage 3 epoch 300/300: loss=0.000013
    MFPT: GT=3.903 learned=0.852 err=78.2%
    Rate: GT=0.6781 learned=0.1426 err=79.0%

  --- F ---
      Epoch 100/500: loss=0.046878
      Epoch 200/500: loss=0.019569
      Epoch 300/500: loss=0.006140
      Epoch 400/500: loss=0.002557
      Epoch 500/500: loss=0.001974
    recon=0.001546
    E_mu=0.1238  E_Sigma=0.1291
  Stage 2 epoch 100/300: loss=0.281970
  Stage 2 epoch 200/300: loss=0.229889
  Stage 2 epoch 300/300: loss=0.172043
  Stage 3 epoch 100/300: loss=0.001110
  Stage 3 epoch 200/300: loss=0.001093
  Stage 3 epoch 300/300: loss=0.001075
    MFPT: GT=3.903 learned=0.595 err=84.8%
    Rate: GT=0.6781 learned=0.0915 err=86.5%

  --- C ---
      Epoch 100/500: loss=0.010351
      Epoch 200/500: loss=0.006653
      Epoch 300/500: loss=0.004963
      Epoch 400/500: loss=0.002661
      Epoch 500/500: loss=0.002070
    recon=0.001029
    E_mu=0.0934  E_Sigma=0.1108
  Stage 2 epoch 100/300: loss=0.367997
  Stage 2 epoch 200/300: loss=0.332448
  Stage 2 epoch 300/300: loss=0.316138
  Stage 3 epoch 100/300: loss=0.001290
  Stage 3 epoch 200/300: loss=0.001251
  Stage 3 epoch 300/300: loss=0.001168
    MFPT: GT=3.903 learned=1.721 err=55.9%
    Rate: GT=0.6781 learned=1.2219 err=80.2%

  --- T+F ---
      Epoch 100/500: loss=0.018347
      Epoch 200/500: loss=0.003972
      Epoch 300/500: loss=0.002635
      Epoch 400/500: loss=0.002939
      Epoch 500/500: loss=0.001331
    recon=0.000220
    E_mu=0.0033  E_Sigma=0.0015
  Stage 2 epoch 100/300: loss=0.363298
  Stage 2 epoch 200/300: loss=0.239811
  Stage 2 epoch 300/300: loss=0.186740
  Stage 3 epoch 100/300: loss=0.000048
  Stage 3 epoch 200/300: loss=0.000031
  Stage 3 epoch 300/300: loss=0.000027
    MFPT: GT=3.903 learned=0.654 err=83.2%
    Rate: GT=0.6781 learned=0.1102 err=83.7%

============================================================
  sinusoidal | seed=9042
============================================================

  --- baseline ---
      Epoch 100/500: loss=0.004078
      Epoch 200/500: loss=0.001335
      Epoch 300/500: loss=0.000727
      Epoch 400/500: loss=0.000365
      Epoch 500/500: loss=0.000404
    recon=0.000348
    E_mu=0.0241  E_Sigma=0.0189
  Stage 2 epoch 100/300: loss=0.206679
  Stage 2 epoch 200/300: loss=0.160403
  Stage 2 epoch 300/300: loss=0.114849
  Stage 3 epoch 100/300: loss=0.000314
  Stage 3 epoch 200/300: loss=0.000275
  Stage 3 epoch 300/300: loss=0.000268
    MFPT: GT=4.118 learned=0.565 err=86.3%
    Rate: GT=0.6467 learned=0.7402 err=14.5%

  --- T ---
      Epoch 100/500: loss=0.005995
      Epoch 200/500: loss=0.002170
      Epoch 300/500: loss=0.000981
      Epoch 400/500: loss=0.000557
      Epoch 500/500: loss=0.000838
    recon=0.000237
    E_mu=0.0018  E_Sigma=0.0008
  Stage 2 epoch 100/300: loss=0.206583
  Stage 2 epoch 200/300: loss=0.162520
  Stage 2 epoch 300/300: loss=0.130471
  Stage 3 epoch 100/300: loss=0.000040
  Stage 3 epoch 200/300: loss=0.000020
  Stage 3 epoch 300/300: loss=0.000012
    MFPT: GT=4.118 learned=0.613 err=85.1%
    Rate: GT=0.6467 learned=1.3407 err=107.3%

  --- F ---
      Epoch 100/500: loss=0.055011
      Epoch 200/500: loss=0.010435
      Epoch 300/500: loss=0.003594
      Epoch 400/500: loss=0.003060
      Epoch 500/500: loss=0.002995
    recon=0.001337
    E_mu=0.1143  E_Sigma=0.1144
  Stage 2 epoch 100/300: loss=0.234609
  Stage 2 epoch 200/300: loss=0.199272
  Stage 2 epoch 300/300: loss=0.159391
  Stage 3 epoch 100/300: loss=0.001243
  Stage 3 epoch 200/300: loss=0.001178
  Stage 3 epoch 300/300: loss=0.001167
    MFPT: GT=4.118 learned=0.467 err=88.7%
    Rate: GT=0.6467 learned=1.1514 err=78.0%

  --- C ---
      Epoch 100/500: loss=0.008305
      Epoch 200/500: loss=0.003561
      Epoch 300/500: loss=0.002806
      Epoch 400/500: loss=0.002363
      Epoch 500/500: loss=0.001855
    recon=0.001023
    E_mu=0.0966  E_Sigma=0.0882
  Stage 2 epoch 100/300: loss=0.328663
  Stage 2 epoch 200/300: loss=0.337140
  Stage 2 epoch 300/300: loss=0.257665
  Stage 3 epoch 100/300: loss=0.001431
  Stage 3 epoch 200/300: loss=0.001087
  Stage 3 epoch 300/300: loss=0.000937
    MFPT: GT=4.118 learned=0.646 err=84.3%
    Rate: GT=0.6467 learned=1.3856 err=114.3%

  --- T+F ---
      Epoch 100/500: loss=0.039867
      Epoch 200/500: loss=0.003674
      Epoch 300/500: loss=0.003542
      Epoch 400/500: loss=0.001471
      Epoch 500/500: loss=0.000689
    recon=0.000034
    E_mu=0.0013  E_Sigma=0.0006
  Stage 2 epoch 100/300: loss=0.333555
  Stage 2 epoch 200/300: loss=0.207352
  Stage 2 epoch 300/300: loss=0.160552
  Stage 3 epoch 100/300: loss=0.000042
  Stage 3 epoch 200/300: loss=0.000022
  Stage 3 epoch 300/300: loss=0.000017
    MFPT: GT=4.118 learned=0.540 err=86.9%
    Rate: GT=0.6467 learned=1.3371 err=106.8%


Total time: 250.2 min
Saved 200 rows to mb_mfpt_d11.csv


================================================================================
MB MFPT SUMMARY (D=11)
================================================================================

  Surface: paraboloid
     condition      MFPT_err      rate_err  trans_frac        W2@1.0        E_mu
      baseline  65.9%±22.8%  141.0%±73.6%    92%  0.5304±0.1565  0.0514
             T  67.8%±21.8%  161.2%±82.8%    89%  0.5757±0.1959  0.0052
             F  74.4%±13.2%  142.9%±77.6%    98%  0.6392±0.1014  0.7457
             C  72.9%±14.5%  144.5%±80.9%    95%  0.6526±0.0819  0.7929
           T+F  68.7%±24.6%  132.6%±81.3%    94%  0.6048±0.2197  0.0059

  Surface: hyperbolic_paraboloid
     condition      MFPT_err      rate_err  trans_frac        W2@1.0        E_mu
      baseline  66.3%±17.4%  92.6%±36.0%    85%  0.6081±0.1747  0.0390
             T  59.9%±25.1%  85.0%±49.1%    92%  0.6431±0.2302  0.0062
             F  67.5%±22.6%  76.2%±56.6%    92%  0.6786±0.1464  0.4620
             C  69.3%±13.1%  116.6%±48.4%    99%  0.6865±0.0929  0.4872
           T+F  68.3%±22.0%  84.6%±49.6%    82%  0.8165±0.3422  0.0035

  Surface: quartic_dome
     condition      MFPT_err      rate_err  trans_frac        W2@1.0        E_mu
      baseline  69.9%±22.3%  125.1%±86.2%    89%  0.5183±0.1526  0.0354
             T  69.1%±18.6%  115.0%±76.1%    86%  0.5441±0.1778  0.0079
             F  72.1%±18.3%  101.4%±82.9%    91%  0.5832±0.1251  0.6965
             C  72.0%±16.3%  158.2%±53.3%   100%  0.6234±0.1321  0.7058
           T+F  71.3%±25.0%  119.8%±70.4%    86%  0.5870±0.2064  0.0082

  Surface: sinusoidal
     condition      MFPT_err      rate_err  trans_frac        W2@1.0        E_mu
      baseline  67.0%±19.7%  58.1%±41.0%    84%  0.6487±0.1733  0.0322
             T  60.8%±26.0%  65.2%±39.8%    85%  0.6279±0.1759  0.0015
             F  71.4%±18.2%  56.5%±38.0%    82%  0.6958±0.1595  0.1354
             C  66.9%±15.2%  92.6%±22.3%    99%  0.6266±0.0794  0.1375
           T+F  66.8%±21.2%  63.6%±45.3%    83%  0.6555±0.1497  0.0024

  Paired t-test vs baseline (negative = better):

    paraboloid:
           T   mfpt_err: Δ=+2.9% p=0.484 wins=6/10
           T   rate_err: Δ=+14.3% p=0.231 wins=5/10
           F   mfpt_err: Δ=+12.8% p=0.261 wins=4/10
           F   rate_err: Δ=+1.3% p=0.951 wins=5/10
           C   mfpt_err: Δ=+10.5% p=0.305 wins=4/10
           C   rate_err: Δ=+2.4% p=0.896 wins=5/10
         T+F   mfpt_err: Δ=+4.2% p=0.436 wins=4/10
         T+F   rate_err: Δ=-6.0% p=0.468 wins=7/10

    hyperbolic_paraboloid:
           T   mfpt_err: Δ=-9.6% p=0.073+ wins=7/10
           T   rate_err: Δ=-8.2% p=0.326 wins=5/10
           F   mfpt_err: Δ=+1.8% p=0.896 wins=3/10
           F   rate_err: Δ=-17.7% p=0.169 wins=6/10
           C   mfpt_err: Δ=+4.6% p=0.519 wins=3/10
           C   rate_err: Δ=+25.9% p=0.063+ wins=2/10
         T+F   mfpt_err: Δ=+3.1% p=0.719 wins=3/10
         T+F   rate_err: Δ=-8.6% p=0.439 wins=5/10

    quartic_dome:
           T   mfpt_err: Δ=-1.2% p=0.866 wins=6/10
           T   rate_err: Δ=-8.1% p=0.508 wins=6/10
           F   mfpt_err: Δ=+3.2% p=0.651 wins=5/10
           F   rate_err: Δ=-18.9% p=0.158 wins=7/10
           C   mfpt_err: Δ=+3.0% p=0.627 wins=4/10
           C   rate_err: Δ=+26.5% p=0.114 wins=3/10
         T+F   mfpt_err: Δ=+2.0% p=0.803 wins=4/10
         T+F   rate_err: Δ=-4.2% p=0.692 wins=6/10

    sinusoidal:
           T   mfpt_err: Δ=-9.2% p=0.075+ wins=8/10
           T   rate_err: Δ=+12.3% p=0.524 wins=5/10
           F   mfpt_err: Δ=+6.6% p=0.091+ wins=2/10
           F   rate_err: Δ=-2.7% p=0.861 wins=6/10
           C   mfpt_err: Δ=-0.2% p=0.987 wins=5/10
           C   rate_err: Δ=+59.4% p=0.054+ wins=3/10
         T+F   mfpt_err: Δ=-0.3% p=0.943 wins=6/10
         T+F   rate_err: Δ=+9.6% p=0.646 wins=5/10
