Device: cuda
Seeds (10): [42, 1042, 2042, 3042, 4042, 5042, 6042, 7042, 8042, 9042]
Surfaces: ['paraboloid', 'hyperbolic_paraboloid']
Conditions: ['baseline', 'K', 'K+S']
D configs: [(4, 11), (99, 201)]
N values: [20, 50, 100, 200]
Dynamics: Müller-Brown gradient + state-dependent diffusion
TRAIN_BOUND: 0.8
Expected rows: 480


============================================================
  N=20 | D=11 (K=4) | paraboloid | seed=42
============================================================
    Phase1 Epoch 50/250: loss=0.659011
    Phase1 Epoch 100/250: loss=0.168034
    Phase1 Epoch 150/250: loss=0.060663
    Phase1 Epoch 200/250: loss=0.033755
    Phase1 Epoch 250/250: loss=0.030839
      Phase 2 AE: K_weight=0.0000
        Phase2 Epoch 50/250: loss=0.021335
        Phase2 Epoch 100/250: loss=0.014385
        Phase2 Epoch 150/250: loss=0.012429
        Phase2 Epoch 200/250: loss=0.006430
        Phase2 Epoch 250/250: loss=0.003203
        E_mu=0.0105  E_Sigma=0.0044
      → baseline
  Precomputing encoder-pullback target...
  Stage 2 epoch 60/300: loss=0.299202
  Stage 2 epoch 120/300: loss=0.263565
  Stage 2 epoch 180/300: loss=0.184999
  Stage 2 epoch 240/300: loss=0.111930
  Stage 2 epoch 300/300: loss=0.082571
  Stage 3 epoch 60/300: loss=0.000226
  Stage 3 epoch 120/300: loss=0.000186
  Stage 3 epoch 180/300: loss=0.000160
  Stage 3 epoch 240/300: loss=0.000135
  Stage 3 epoch 300/300: loss=0.000113
  rcMTE@0.1: 0.2939 (442/500 in region)
  rcMTE@0.5: 0.6059 (402/500 in region)
  rcMTE@1.0: 0.6817 (383/500 in region)
  MTE@0.1: 0.4532
  MTE@0.5: 0.8314
  MTE@1.0: 0.9357
  W2@1.0:  0.6756
  sW2@0.1: 0.2700 (442/500 in region)
  sW2@0.2: 0.3780 (428/500 in region)
  sW2@0.5: 0.5519 (402/500 in region)
  sW2@1.0: 0.6347 (383/500 in region)
  MMD@1.0: 0.3139
  Survival@1.0: 98.6%
  Stopped@1.0:  76.6%
      Phase 2 AE: K_weight=0.1000
        Phase2 Epoch 50/250: loss=0.013942
        Phase2 Epoch 100/250: loss=0.007271
        Phase2 Epoch 150/250: loss=0.004322
        Phase2 Epoch 200/250: loss=0.003399
        Phase2 Epoch 250/250: loss=0.002983
        E_mu=0.0080  E_Sigma=0.0031
      → K
  Precomputing encoder-pullback target...
  Stage 2 epoch 60/300: loss=0.299525
  Stage 2 epoch 120/300: loss=0.266210
  Stage 2 epoch 180/300: loss=0.194866
  Stage 2 epoch 240/300: loss=0.119387
  Stage 2 epoch 300/300: loss=0.086452
  Stage 3 epoch 60/300: loss=0.000219
  Stage 3 epoch 120/300: loss=0.000179
  Stage 3 epoch 180/300: loss=0.000153
  Stage 3 epoch 240/300: loss=0.000128
  Stage 3 epoch 300/300: loss=0.000104
  rcMTE@0.1: 0.2939 (442/500 in region)
  rcMTE@0.5: 0.6060 (402/500 in region)
  rcMTE@1.0: 0.6812 (383/500 in region)
  MTE@0.1: 0.4528
  MTE@0.5: 0.8302
  MTE@1.0: 0.9362
  W2@1.0:  0.6797
  sW2@0.1: 0.2727 (442/500 in region)
  sW2@0.2: 0.3770 (428/500 in region)
  sW2@0.5: 0.5535 (402/500 in region)
  sW2@1.0: 0.6380 (383/500 in region)
  MMD@1.0: 0.3159
  Survival@1.0: 98.6%
  Stopped@1.0:  76.6%
      → K+S
  Precomputing encoder-pullback target...
  Stage 2 epoch 60/300: loss=0.299525
  Stage 2 epoch 120/300: loss=0.266210
  Stage 2 epoch 180/300: loss=0.194866
  Stage 2 epoch 240/300: loss=0.119387
  Stage 2 epoch 300/300: loss=0.086452
  Stage 3 epoch 60/300: loss=0.000219
  Stage 3 epoch 120/300: loss=0.000179
  Stage 3 epoch 180/300: loss=0.000153
  Stage 3 epoch 240/300: loss=0.000128
  Stage 3 epoch 300/300: loss=0.000104
  rcMTE@0.1: 0.2939 (442/500 in region)
  rcMTE@0.5: 0.6060 (402/500 in region)
  rcMTE@1.0: 0.6812 (383/500 in region)
  MTE@0.1: 0.4528
  MTE@0.5: 0.8302
  MTE@1.0: 0.9362
  W2@1.0:  0.6797
  sW2@0.1: 0.2727 (442/500 in region)
  sW2@0.2: 0.3770 (428/500 in region)
  sW2@0.5: 0.5535 (402/500 in region)
  sW2@1.0: 0.6380 (383/500 in region)
  MMD@1.0: 0.3159
  Survival@1.0: 98.6%
  Stopped@1.0:  76.6%

============================================================
  N=20 | D=11 (K=4) | paraboloid | seed=1042
============================================================
    Phase1 Epoch 50/250: loss=0.575560
    Phase1 Epoch 100/250: loss=0.242403
    Phase1 Epoch 150/250: loss=0.050826
    Phase1 Epoch 200/250: loss=0.018589
    Phase1 Epoch 250/250: loss=0.017814
      Phase 2 AE: K_weight=0.0000
        Phase2 Epoch 50/250: loss=0.017469
        Phase2 Epoch 100/250: loss=0.008079
        Phase2 Epoch 150/250: loss=0.003966
        Phase2 Epoch 200/250: loss=0.003211
        Phase2 Epoch 250/250: loss=0.003031
        E_mu=0.0129  E_Sigma=0.0034
      → baseline
  Precomputing encoder-pullback target...
  Stage 2 epoch 60/300: loss=0.360823
  Stage 2 epoch 120/300: loss=0.336927
  Stage 2 epoch 180/300: loss=0.286586
  Stage 2 epoch 240/300: loss=0.243672
  Stage 2 epoch 300/300: loss=0.211629
  Stage 3 epoch 60/300: loss=0.000066
  Stage 3 epoch 120/300: loss=0.000052
  Stage 3 epoch 180/300: loss=0.000047
  Stage 3 epoch 240/300: loss=0.000043
  Stage 3 epoch 300/300: loss=0.000040
  rcMTE@0.1: 0.2661 (455/500 in region)
  rcMTE@0.5: 0.4854 (418/500 in region)
  rcMTE@1.0: 0.6085 (400/500 in region)
  MTE@0.1: 0.4479
  MTE@0.5: 0.7503
  MTE@1.0: 0.8752
  W2@1.0:  0.4471
  sW2@0.1: 0.2331 (455/500 in region)
  sW2@0.2: 0.2709 (440/500 in region)
  sW2@0.5: 0.2783 (418/500 in region)
  sW2@1.0: 0.4043 (400/500 in region)
  MMD@1.0: 0.1244
  Survival@1.0: 99.4%
  Stopped@1.0:  80.0%
      Phase 2 AE: K_weight=0.1000
        Phase2 Epoch 50/250: loss=0.016489
        Phase2 Epoch 100/250: loss=0.014533
        Phase2 Epoch 150/250: loss=0.010012
        Phase2 Epoch 200/250: loss=0.008025
        Phase2 Epoch 250/250: loss=0.006911
        E_mu=0.0154  E_Sigma=0.0059
      → K
  Precomputing encoder-pullback target...
  Stage 2 epoch 60/300: loss=0.363017
  Stage 2 epoch 120/300: loss=0.335796
  Stage 2 epoch 180/300: loss=0.286207
  Stage 2 epoch 240/300: loss=0.240631
  Stage 2 epoch 300/300: loss=0.207528
  Stage 3 epoch 60/300: loss=0.000076
  Stage 3 epoch 120/300: loss=0.000057
  Stage 3 epoch 180/300: loss=0.000053
  Stage 3 epoch 240/300: loss=0.000049
  Stage 3 epoch 300/300: loss=0.000046
  rcMTE@0.1: 0.2696 (455/500 in region)
  rcMTE@0.5: 0.4889 (418/500 in region)
  rcMTE@1.0: 0.6110 (400/500 in region)
  MTE@0.1: 0.4512
  MTE@0.5: 0.7474
  MTE@1.0: 0.8700
  W2@1.0:  0.4470
  sW2@0.1: 0.2402 (455/500 in region)
  sW2@0.2: 0.2751 (440/500 in region)
  sW2@0.5: 0.2844 (418/500 in region)
  sW2@1.0: 0.4045 (400/500 in region)
  MMD@1.0: 0.1333
  Survival@1.0: 99.4%
  Stopped@1.0:  80.0%
      → K+S
  Precomputing encoder-pullback target...
  Stage 2 epoch 60/300: loss=0.363017
  Stage 2 epoch 120/300: loss=0.335796
  Stage 2 epoch 180/300: loss=0.286207
  Stage 2 epoch 240/300: loss=0.240631
  Stage 2 epoch 300/300: loss=0.207528
  Stage 3 epoch 60/300: loss=0.000076
  Stage 3 epoch 120/300: loss=0.000057
  Stage 3 epoch 180/300: loss=0.000053
  Stage 3 epoch 240/300: loss=0.000049
  Stage 3 epoch 300/300: loss=0.000046
  rcMTE@0.1: 0.2696 (455/500 in region)
  rcMTE@0.5: 0.4889 (418/500 in region)
  rcMTE@1.0: 0.6110 (400/500 in region)
  MTE@0.1: 0.4512
  MTE@0.5: 0.7474
  MTE@1.0: 0.8700
  W2@1.0:  0.4470
  sW2@0.1: 0.2402 (455/500 in region)
  sW2@0.2: 0.2751 (440/500 in region)
  sW2@0.5: 0.2844 (418/500 in region)
  sW2@1.0: 0.4045 (400/500 in region)
  MMD@1.0: 0.1333
  Survival@1.0: 99.4%
  Stopped@1.0:  80.0%

============================================================
  N=20 | D=11 (K=4) | paraboloid | seed=2042
============================================================
    Phase1 Epoch 50/250: loss=0.666011
    Phase1 Epoch 100/250: loss=0.133302
    Phase1 Epoch 150/250: loss=0.028047
    Phase1 Epoch 200/250: loss=0.016759
    Phase1 Epoch 250/250: loss=0.011945
      Phase 2 AE: K_weight=0.0000
        Phase2 Epoch 50/250: loss=0.007858
        Phase2 Epoch 100/250: loss=0.005792
        Phase2 Epoch 150/250: loss=0.003588
        Phase2 Epoch 200/250: loss=0.004633
        Phase2 Epoch 250/250: loss=0.002448
        E_mu=0.0104  E_Sigma=0.0037
      → baseline
  Precomputing encoder-pullback target...
  Stage 2 epoch 60/300: loss=0.196372
  Stage 2 epoch 120/300: loss=0.186475
  Stage 2 epoch 180/300: loss=0.167683
  Stage 2 epoch 240/300: loss=0.133753
  Stage 2 epoch 300/300: loss=0.091235
  Stage 3 epoch 60/300: loss=0.000169
  Stage 3 epoch 120/300: loss=0.000112
  Stage 3 epoch 180/300: loss=0.000080
  Stage 3 epoch 240/300: loss=0.000060
  Stage 3 epoch 300/300: loss=0.000050
  rcMTE@0.1: 0.3902 (454/500 in region)
  rcMTE@0.5: 0.7567 (422/500 in region)
  rcMTE@1.0: 0.9409 (406/500 in region)
  MTE@0.1: 0.6554
  MTE@0.5: 1.1836
  MTE@1.0: 1.4394
  W2@1.0:  1.1025
  sW2@0.1: 0.2540 (454/500 in region)
  sW2@0.2: 0.3817 (441/500 in region)
  sW2@0.5: 0.6748 (422/500 in region)
  sW2@1.0: 1.1500 (406/500 in region)
  MMD@1.0: 0.2001
  Survival@1.0: 98.2%
  Stopped@1.0:  81.2%
      Phase 2 AE: K_weight=0.1000
        Phase2 Epoch 50/250: loss=0.041269
        Phase2 Epoch 100/250: loss=0.006329
        Phase2 Epoch 150/250: loss=0.004446
        Phase2 Epoch 200/250: loss=0.004284
        Phase2 Epoch 250/250: loss=0.003675
        E_mu=0.0150  E_Sigma=0.0046
      → K
  Precomputing encoder-pullback target...
  Stage 2 epoch 60/300: loss=0.198833
  Stage 2 epoch 120/300: loss=0.187710
  Stage 2 epoch 180/300: loss=0.167045
  Stage 2 epoch 240/300: loss=0.132504
  Stage 2 epoch 300/300: loss=0.090350
  Stage 3 epoch 60/300: loss=0.000183
  Stage 3 epoch 120/300: loss=0.000123
  Stage 3 epoch 180/300: loss=0.000090
  Stage 3 epoch 240/300: loss=0.000069
  Stage 3 epoch 300/300: loss=0.000058
  rcMTE@0.1: 0.3890 (454/500 in region)
  rcMTE@0.5: 0.7575 (422/500 in region)
  rcMTE@1.0: 0.9423 (406/500 in region)
  MTE@0.1: 0.6530
  MTE@0.5: 1.1818
  MTE@1.0: 1.4325
  W2@1.0:  1.0763
  sW2@0.1: 0.2511 (454/500 in region)
  sW2@0.2: 0.3804 (441/500 in region)
  sW2@0.5: 0.6664 (422/500 in region)
  sW2@1.0: 1.1226 (406/500 in region)
  MMD@1.0: 0.2065
  Survival@1.0: 98.2%
  Stopped@1.0:  81.2%
      → K+S
  Precomputing encoder-pullback target...
  Stage 2 epoch 60/300: loss=0.198833
  Stage 2 epoch 120/300: loss=0.187710
  Stage 2 epoch 180/300: loss=0.167045
  Stage 2 epoch 240/300: loss=0.132504
  Stage 2 epoch 300/300: loss=0.090350
  Stage 3 epoch 60/300: loss=0.000183
  Stage 3 epoch 120/300: loss=0.000123
  Stage 3 epoch 180/300: loss=0.000090
  Stage 3 epoch 240/300: loss=0.000069
  Stage 3 epoch 300/300: loss=0.000058
  rcMTE@0.1: 0.3890 (454/500 in region)
  rcMTE@0.5: 0.7575 (422/500 in region)
  rcMTE@1.0: 0.9423 (406/500 in region)
  MTE@0.1: 0.6530
  MTE@0.5: 1.1818
  MTE@1.0: 1.4325
  W2@1.0:  1.0763
  sW2@0.1: 0.2511 (454/500 in region)
  sW2@0.2: 0.3804 (441/500 in region)
  sW2@0.5: 0.6664 (422/500 in region)
  sW2@1.0: 1.1226 (406/500 in region)
  MMD@1.0: 0.2065
  Survival@1.0: 98.2%
  Stopped@1.0:  81.2%

============================================================
  N=20 | D=11 (K=4) | paraboloid | seed=3042
============================================================
    Phase1 Epoch 50/250: loss=0.731516
    Phase1 Epoch 100/250: loss=0.198007
    Phase1 Epoch 150/250: loss=0.051015
    Phase1 Epoch 200/250: loss=0.036435
    Phase1 Epoch 250/250: loss=0.021198
      Phase 2 AE: K_weight=0.0000
        Phase2 Epoch 50/250: loss=0.013402
        Phase2 Epoch 100/250: loss=0.012578
        Phase2 Epoch 150/250: loss=0.010503
        Phase2 Epoch 200/250: loss=0.007927
        Phase2 Epoch 250/250: loss=0.003406
        E_mu=0.0158  E_Sigma=0.0059
      → baseline
  Precomputing encoder-pullback target...
  Stage 2 epoch 60/300: loss=0.432861
  Stage 2 epoch 120/300: loss=0.382002
  Stage 2 epoch 180/300: loss=0.300507
  Stage 2 epoch 240/300: loss=0.220923
  Stage 2 epoch 300/300: loss=0.131584
  Stage 3 epoch 60/300: loss=0.000192
  Stage 3 epoch 120/300: loss=0.000155
  Stage 3 epoch 180/300: loss=0.000132
  Stage 3 epoch 240/300: loss=0.000115
  Stage 3 epoch 300/300: loss=0.000103
  rcMTE@0.1: 0.2984 (456/500 in region)
  rcMTE@0.5: 0.6190 (402/500 in region)
  rcMTE@1.0: 0.8922 (381/500 in region)
  MTE@0.1: 0.4908
  MTE@0.5: 1.0006
  MTE@1.0: 1.4598
  W2@1.0:  1.3571
  sW2@0.1: 0.2414 (456/500 in region)
  sW2@0.2: 0.3855 (434/500 in region)
  sW2@0.5: 0.7646 (402/500 in region)
  sW2@1.0: 1.4630 (381/500 in region)
  MMD@1.0: 0.3609
  Survival@1.0: 97.4%
  Stopped@1.0:  76.2%
      Phase 2 AE: K_weight=0.1000
        Phase2 Epoch 50/250: loss=0.017789
        Phase2 Epoch 100/250: loss=0.016043
        Phase2 Epoch 150/250: loss=0.010066
        Phase2 Epoch 200/250: loss=0.005495
        Phase2 Epoch 250/250: loss=0.002861
        E_mu=0.0091  E_Sigma=0.0034
      → K
  Precomputing encoder-pullback target...
  Stage 2 epoch 60/300: loss=0.424471
  Stage 2 epoch 120/300: loss=0.372906
  Stage 2 epoch 180/300: loss=0.290769
  Stage 2 epoch 240/300: loss=0.216775
  Stage 2 epoch 300/300: loss=0.130264
  Stage 3 epoch 60/300: loss=0.000172
  Stage 3 epoch 120/300: loss=0.000130
  Stage 3 epoch 180/300: loss=0.000106
  Stage 3 epoch 240/300: loss=0.000087
  Stage 3 epoch 300/300: loss=0.000074
  rcMTE@0.1: 0.2967 (456/500 in region)
  rcMTE@0.5: 0.6131 (402/500 in region)
  rcMTE@1.0: 0.8693 (381/500 in region)
  MTE@0.1: 0.4892
  MTE@0.5: 0.9877
  MTE@1.0: 1.3946
  W2@1.0:  1.2272
  sW2@0.1: 0.2270 (456/500 in region)
  sW2@0.2: 0.3641 (434/500 in region)
  sW2@0.5: 0.7141 (402/500 in region)
  sW2@1.0: 1.3244 (381/500 in region)
  MMD@1.0: 0.3310
  Survival@1.0: 97.4%
  Stopped@1.0:  76.2%
      → K+S
  Precomputing encoder-pullback target...
  Stage 2 epoch 60/300: loss=0.424471
  Stage 2 epoch 120/300: loss=0.372906
  Stage 2 epoch 180/300: loss=0.290769
  Stage 2 epoch 240/300: loss=0.216775
  Stage 2 epoch 300/300: loss=0.130264
  Stage 3 epoch 60/300: loss=0.000172
  Stage 3 epoch 120/300: loss=0.000130
  Stage 3 epoch 180/300: loss=0.000106
  Stage 3 epoch 240/300: loss=0.000087
  Stage 3 epoch 300/300: loss=0.000074
  rcMTE@0.1: 0.2967 (456/500 in region)
  rcMTE@0.5: 0.6131 (402/500 in region)
  rcMTE@1.0: 0.8693 (381/500 in region)
  MTE@0.1: 0.4892
  MTE@0.5: 0.9877
  MTE@1.0: 1.3946
  W2@1.0:  1.2272
  sW2@0.1: 0.2270 (456/500 in region)
  sW2@0.2: 0.3641 (434/500 in region)
  sW2@0.5: 0.7141 (402/500 in region)
  sW2@1.0: 1.3244 (381/500 in region)
  MMD@1.0: 0.3310
  Survival@1.0: 97.4%
  Stopped@1.0:  76.2%

============================================================
  N=20 | D=11 (K=4) | paraboloid | seed=4042
============================================================
    Phase1 Epoch 50/250: loss=0.707422
    Phase1 Epoch 100/250: loss=0.323457
    Phase1 Epoch 150/250: loss=0.085314
    Phase1 Epoch 200/250: loss=0.025816
    Phase1 Epoch 250/250: loss=0.009693
      Phase 2 AE: K_weight=0.0000
        Phase2 Epoch 50/250: loss=0.005666
        Phase2 Epoch 100/250: loss=0.005862
        Phase2 Epoch 150/250: loss=0.005265
        Phase2 Epoch 200/250: loss=0.005742
        Phase2 Epoch 250/250: loss=0.003602
        E_mu=0.0108  E_Sigma=0.0037
      → baseline
  Precomputing encoder-pullback target...
  Stage 2 epoch 60/300: loss=0.648094
  Stage 2 epoch 120/300: loss=0.479422
  Stage 2 epoch 180/300: loss=0.282457
  Stage 2 epoch 240/300: loss=0.187342
  Stage 2 epoch 300/300: loss=0.116924
  Stage 3 epoch 60/300: loss=0.000230
  Stage 3 epoch 120/300: loss=0.000165
  Stage 3 epoch 180/300: loss=0.000116
  Stage 3 epoch 240/300: loss=0.000084
  Stage 3 epoch 300/300: loss=0.000070
  rcMTE@0.1: 0.2661 (443/500 in region)
  rcMTE@0.5: 0.5389 (407/500 in region)
  rcMTE@1.0: 0.6901 (384/500 in region)
  MTE@0.1: 0.4273
  MTE@0.5: 0.8019
  MTE@1.0: 0.9713
  W2@1.0:  0.6115
  sW2@0.1: 0.1942 (443/500 in region)
  sW2@0.2: 0.2444 (424/500 in region)
  sW2@0.5: 0.3805 (407/500 in region)
  sW2@1.0: 0.6042 (384/500 in region)
  MMD@1.0: 0.1750
  Survival@1.0: 98.8%
  Stopped@1.0:  76.8%
      Phase 2 AE: K_weight=0.1000
        Phase2 Epoch 50/250: loss=0.019888
        Phase2 Epoch 100/250: loss=0.004369
        Phase2 Epoch 150/250: loss=0.003968
        Phase2 Epoch 200/250: loss=0.003691
        Phase2 Epoch 250/250: loss=0.002056
        E_mu=0.0078  E_Sigma=0.0020
      → K
  Precomputing encoder-pullback target...
  Stage 2 epoch 60/300: loss=0.675860
  Stage 2 epoch 120/300: loss=0.500537
  Stage 2 epoch 180/300: loss=0.290700
  Stage 2 epoch 240/300: loss=0.189749
  Stage 2 epoch 300/300: loss=0.117535
  Stage 3 epoch 60/300: loss=0.000225
  Stage 3 epoch 120/300: loss=0.000155
  Stage 3 epoch 180/300: loss=0.000101
  Stage 3 epoch 240/300: loss=0.000066
  Stage 3 epoch 300/300: loss=0.000051
  rcMTE@0.1: 0.2671 (443/500 in region)
  rcMTE@0.5: 0.5411 (407/500 in region)
  rcMTE@1.0: 0.6882 (384/500 in region)
  MTE@0.1: 0.4281
  MTE@0.5: 0.8056
  MTE@1.0: 0.9713
  W2@1.0:  0.6157
  sW2@0.1: 0.2009 (443/500 in region)
  sW2@0.2: 0.2565 (424/500 in region)
  sW2@0.5: 0.3858 (407/500 in region)
  sW2@1.0: 0.6042 (384/500 in region)
  MMD@1.0: 0.1838
  Survival@1.0: 98.8%
  Stopped@1.0:  76.8%
      → K+S
  Precomputing encoder-pullback target...
  Stage 2 epoch 60/300: loss=0.675860
  Stage 2 epoch 120/300: loss=0.500537
  Stage 2 epoch 180/300: loss=0.290700
  Stage 2 epoch 240/300: loss=0.189749
  Stage 2 epoch 300/300: loss=0.117535
  Stage 3 epoch 60/300: loss=0.000225
  Stage 3 epoch 120/300: loss=0.000155
  Stage 3 epoch 180/300: loss=0.000101
  Stage 3 epoch 240/300: loss=0.000066
  Stage 3 epoch 300/300: loss=0.000051
  rcMTE@0.1: 0.2671 (443/500 in region)
  rcMTE@0.5: 0.5411 (407/500 in region)
  rcMTE@1.0: 0.6882 (384/500 in region)
  MTE@0.1: 0.4281
  MTE@0.5: 0.8056
  MTE@1.0: 0.9713
  W2@1.0:  0.6157
  sW2@0.1: 0.2009 (443/500 in region)
  sW2@0.2: 0.2565 (424/500 in region)
  sW2@0.5: 0.3858 (407/500 in region)
  sW2@1.0: 0.6042 (384/500 in region)
  MMD@1.0: 0.1838
  Survival@1.0: 98.8%
  Stopped@1.0:  76.8%

============================================================
  N=20 | D=11 (K=4) | paraboloid | seed=5042
============================================================
    Phase1 Epoch 50/250: loss=0.653240
    Phase1 Epoch 100/250: loss=0.220832
    Phase1 Epoch 150/250: loss=0.048235
    Phase1 Epoch 200/250: loss=0.029908
    Phase1 Epoch 250/250: loss=0.021465
      Phase 2 AE: K_weight=0.0000
        Phase2 Epoch 50/250: loss=0.013199
        Phase2 Epoch 100/250: loss=0.009769
        Phase2 Epoch 150/250: loss=0.007614
        Phase2 Epoch 200/250: loss=0.006416
        Phase2 Epoch 250/250: loss=0.002492
        E_mu=0.0100  E_Sigma=0.0028
      → baseline
  Precomputing encoder-pullback target...
  Stage 2 epoch 60/300: loss=0.397900
  Stage 2 epoch 120/300: loss=0.323002
  Stage 2 epoch 180/300: loss=0.259763
  Stage 2 epoch 240/300: loss=0.218421
  Stage 2 epoch 300/300: loss=0.174693
  Stage 3 epoch 60/300: loss=0.000102
  Stage 3 epoch 120/300: loss=0.000078
  Stage 3 epoch 180/300: loss=0.000063
  Stage 3 epoch 240/300: loss=0.000051
  Stage 3 epoch 300/300: loss=0.000044
  rcMTE@0.1: 0.3998 (454/500 in region)
  rcMTE@0.5: 0.6863 (420/500 in region)
  rcMTE@1.0: 0.8008 (403/500 in region)
  MTE@0.1: 0.6383
  MTE@0.5: 1.0259
  MTE@1.0: 1.1130
  W2@1.0:  0.5405
  sW2@0.1: 0.2032 (454/500 in region)
  sW2@0.2: 0.2906 (435/500 in region)
  sW2@0.5: 0.4460 (420/500 in region)
  sW2@1.0: 0.5220 (403/500 in region)
  MMD@1.0: 0.3067
  Survival@1.0: 98.8%
  Stopped@1.0:  80.6%
      Phase 2 AE: K_weight=0.1000
        Phase2 Epoch 50/250: loss=0.006817
        Phase2 Epoch 100/250: loss=0.003679
        Phase2 Epoch 150/250: loss=0.004619
        Phase2 Epoch 200/250: loss=0.002080
        Phase2 Epoch 250/250: loss=0.003125
        E_mu=0.0078  E_Sigma=0.0024
      → K
  Precomputing encoder-pullback target...
  Stage 2 epoch 60/300: loss=0.397719
  Stage 2 epoch 120/300: loss=0.329549
  Stage 2 epoch 180/300: loss=0.267374
  Stage 2 epoch 240/300: loss=0.222558
  Stage 2 epoch 300/300: loss=0.170684
  Stage 3 epoch 60/300: loss=0.000086
  Stage 3 epoch 120/300: loss=0.000064
  Stage 3 epoch 180/300: loss=0.000051
  Stage 3 epoch 240/300: loss=0.000041
  Stage 3 epoch 300/300: loss=0.000034
  rcMTE@0.1: 0.3960 (454/500 in region)
  rcMTE@0.5: 0.6787 (420/500 in region)
  rcMTE@1.0: 0.7923 (403/500 in region)
  MTE@0.1: 0.6323
  MTE@0.5: 1.0201
  MTE@1.0: 1.1042
  W2@1.0:  0.5160
  sW2@0.1: 0.1841 (454/500 in region)
  sW2@0.2: 0.2771 (435/500 in region)
  sW2@0.5: 0.4313 (420/500 in region)
  sW2@1.0: 0.5163 (403/500 in region)
  MMD@1.0: 0.2915
  Survival@1.0: 98.8%
  Stopped@1.0:  80.6%
      → K+S
  Precomputing encoder-pullback target...
  Stage 2 epoch 60/300: loss=0.397719
  Stage 2 epoch 120/300: loss=0.329549
  Stage 2 epoch 180/300: loss=0.267374
  Stage 2 epoch 240/300: loss=0.222558
  Stage 2 epoch 300/300: loss=0.170684
  Stage 3 epoch 60/300: loss=0.000086
  Stage 3 epoch 120/300: loss=0.000064
  Stage 3 epoch 180/300: loss=0.000051
  Stage 3 epoch 240/300: loss=0.000041
  Stage 3 epoch 300/300: loss=0.000034
  rcMTE@0.1: 0.3960 (454/500 in region)
  rcMTE@0.5: 0.6787 (420/500 in region)
  rcMTE@1.0: 0.7923 (403/500 in region)
  MTE@0.1: 0.6323
  MTE@0.5: 1.0201
  MTE@1.0: 1.1042
  W2@1.0:  0.5160
  sW2@0.1: 0.1841 (454/500 in region)
  sW2@0.2: 0.2771 (435/500 in region)
  sW2@0.5: 0.4313 (420/500 in region)
  sW2@1.0: 0.5163 (403/500 in region)
  MMD@1.0: 0.2915
  Survival@1.0: 98.8%
  Stopped@1.0:  80.6%

============================================================
  N=20 | D=11 (K=4) | paraboloid | seed=6042
============================================================
    Phase1 Epoch 50/250: loss=0.657180
    Phase1 Epoch 100/250: loss=0.085606
    Phase1 Epoch 150/250: loss=0.032399
    Phase1 Epoch 200/250: loss=0.014321
    Phase1 Epoch 250/250: loss=0.007924
      Phase 2 AE: K_weight=0.0000
        Phase2 Epoch 50/250: loss=0.005050
        Phase2 Epoch 100/250: loss=0.003404
        Phase2 Epoch 150/250: loss=0.002490
        Phase2 Epoch 200/250: loss=0.002227
        Phase2 Epoch 250/250: loss=0.003701
        E_mu=0.0121  E_Sigma=0.0038
      → baseline
  Precomputing encoder-pullback target...
  Stage 2 epoch 60/300: loss=0.371945
  Stage 2 epoch 120/300: loss=0.273150
  Stage 2 epoch 180/300: loss=0.240487
  Stage 2 epoch 240/300: loss=0.208360
  Stage 2 epoch 300/300: loss=0.153253
  Stage 3 epoch 60/300: loss=0.000112
  Stage 3 epoch 120/300: loss=0.000083
  Stage 3 epoch 180/300: loss=0.000069
  Stage 3 epoch 240/300: loss=0.000058
  Stage 3 epoch 300/300: loss=0.000049
  rcMTE@0.1: 0.2796 (452/500 in region)
  rcMTE@0.5: 0.5765 (406/500 in region)
  rcMTE@1.0: 0.6872 (392/500 in region)
  MTE@0.1: 0.4536
  MTE@0.5: 0.9291
  MTE@1.0: 1.0512
  W2@1.0:  0.6207
  sW2@0.1: 0.2022 (452/500 in region)
  sW2@0.2: 0.2933 (428/500 in region)
  sW2@0.5: 0.5316 (406/500 in region)
  sW2@1.0: 0.7277 (392/500 in region)
  MMD@1.0: 0.1395
  Survival@1.0: 98.6%
  Stopped@1.0:  78.4%
      Phase 2 AE: K_weight=0.1000
        Phase2 Epoch 50/250: loss=0.012305
        Phase2 Epoch 100/250: loss=0.004468
        Phase2 Epoch 150/250: loss=0.004402
        Phase2 Epoch 200/250: loss=0.004868
        Phase2 Epoch 250/250: loss=0.002407
        E_mu=0.0112  E_Sigma=0.0042
      → K
  Precomputing encoder-pullback target...
  Stage 2 epoch 60/300: loss=0.375510
  Stage 2 epoch 120/300: loss=0.277694
  Stage 2 epoch 180/300: loss=0.244897
  Stage 2 epoch 240/300: loss=0.210264
  Stage 2 epoch 300/300: loss=0.137161
  Stage 3 epoch 60/300: loss=0.000115
  Stage 3 epoch 120/300: loss=0.000086
  Stage 3 epoch 180/300: loss=0.000069
  Stage 3 epoch 240/300: loss=0.000055
  Stage 3 epoch 300/300: loss=0.000045
  rcMTE@0.1: 0.2836 (452/500 in region)
  rcMTE@0.5: 0.5845 (406/500 in region)
  rcMTE@1.0: 0.7064 (392/500 in region)
  MTE@0.1: 0.4595
  MTE@0.5: 0.9474
  MTE@1.0: 1.0912
  W2@1.0:  0.6925
  sW2@0.1: 0.2192 (452/500 in region)
  sW2@0.2: 0.3227 (428/500 in region)
  sW2@0.5: 0.5800 (406/500 in region)
  sW2@1.0: 0.7929 (392/500 in region)
  MMD@1.0: 0.1656
  Survival@1.0: 98.6%
  Stopped@1.0:  78.4%
      → K+S
  Precomputing encoder-pullback target...
  Stage 2 epoch 60/300: loss=0.375510
  Stage 2 epoch 120/300: loss=0.277694
  Stage 2 epoch 180/300: loss=0.244897
  Stage 2 epoch 240/300: loss=0.210264
  Stage 2 epoch 300/300: loss=0.137161
  Stage 3 epoch 60/300: loss=0.000115
  Stage 3 epoch 120/300: loss=0.000086
  Stage 3 epoch 180/300: loss=0.000069
  Stage 3 epoch 240/300: loss=0.000055
  Stage 3 epoch 300/300: loss=0.000045
  rcMTE@0.1: 0.2836 (452/500 in region)
  rcMTE@0.5: 0.5845 (406/500 in region)
  rcMTE@1.0: 0.7064 (392/500 in region)
  MTE@0.1: 0.4595
  MTE@0.5: 0.9474
  MTE@1.0: 1.0912
  W2@1.0:  0.6925
  sW2@0.1: 0.2192 (452/500 in region)
  sW2@0.2: 0.3227 (428/500 in region)
  sW2@0.5: 0.5800 (406/500 in region)
  sW2@1.0: 0.7929 (392/500 in region)
  MMD@1.0: 0.1656
  Survival@1.0: 98.6%
  Stopped@1.0:  78.4%

============================================================
  N=20 | D=11 (K=4) | paraboloid | seed=7042
============================================================
    Phase1 Epoch 50/250: loss=0.744257
    Phase1 Epoch 100/250: loss=0.313393
    Phase1 Epoch 150/250: loss=0.091061
    Phase1 Epoch 200/250: loss=0.036656
    Phase1 Epoch 250/250: loss=0.016633
      Phase 2 AE: K_weight=0.0000
        Phase2 Epoch 50/250: loss=0.007442
        Phase2 Epoch 100/250: loss=0.003891
        Phase2 Epoch 150/250: loss=0.004490
        Phase2 Epoch 200/250: loss=0.002718
        Phase2 Epoch 250/250: loss=0.003686
        E_mu=0.0114  E_Sigma=0.0035
      → baseline
  Precomputing encoder-pullback target...
  Stage 2 epoch 60/300: loss=1.474734
  Stage 2 epoch 120/300: loss=0.938572
  Stage 2 epoch 180/300: loss=0.502056
  Stage 2 epoch 240/300: loss=0.393737
  Stage 2 epoch 300/300: loss=0.336684
  Stage 3 epoch 60/300: loss=0.000191
  Stage 3 epoch 120/300: loss=0.000124
  Stage 3 epoch 180/300: loss=0.000102
  Stage 3 epoch 240/300: loss=0.000086
  Stage 3 epoch 300/300: loss=0.000074
  rcMTE@0.1: 0.2668 (457/500 in region)
  rcMTE@0.5: 0.4803 (420/500 in region)
  rcMTE@1.0: 0.5652 (396/500 in region)
  MTE@0.1: 0.4577
  MTE@0.5: 0.7692
  MTE@1.0: 0.8552
  W2@1.0:  0.3835
  sW2@0.1: 0.1677 (457/500 in region)
  sW2@0.2: 0.2290 (438/500 in region)
  sW2@0.5: 0.3613 (420/500 in region)
  sW2@1.0: 0.4467 (396/500 in region)
  MMD@1.0: 0.1410
  Survival@1.0: 99.2%
  Stopped@1.0:  79.2%
      Phase 2 AE: K_weight=0.1000
        Phase2 Epoch 50/250: loss=0.013680
        Phase2 Epoch 100/250: loss=0.010748
        Phase2 Epoch 150/250: loss=0.006935
        Phase2 Epoch 200/250: loss=0.003572
        Phase2 Epoch 250/250: loss=0.009392
        E_mu=0.0177  E_Sigma=0.0085
      → K
  Precomputing encoder-pullback target...
  Stage 2 epoch 60/300: loss=1.396594
  Stage 2 epoch 120/300: loss=0.934500
  Stage 2 epoch 180/300: loss=0.512250
  Stage 2 epoch 240/300: loss=0.394935
  Stage 2 epoch 300/300: loss=0.339593
  Stage 3 epoch 60/300: loss=0.000287
  Stage 3 epoch 120/300: loss=0.000189
  Stage 3 epoch 180/300: loss=0.000157
  Stage 3 epoch 240/300: loss=0.000134
  Stage 3 epoch 300/300: loss=0.000119
  rcMTE@0.1: 0.2744 (457/500 in region)
  rcMTE@0.5: 0.4792 (420/500 in region)
  rcMTE@1.0: 0.5602 (396/500 in region)
  MTE@0.1: 0.4700
  MTE@0.5: 0.7725
  MTE@1.0: 0.8519
  W2@1.0:  0.3703
  sW2@0.1: 0.2032 (457/500 in region)
  sW2@0.2: 0.2413 (438/500 in region)
  sW2@0.5: 0.3486 (420/500 in region)
  sW2@1.0: 0.4104 (396/500 in region)
  MMD@1.0: 0.1202
  Survival@1.0: 99.2%
  Stopped@1.0:  79.2%
      → K+S
  Precomputing encoder-pullback target...
  Stage 2 epoch 60/300: loss=1.396594
  Stage 2 epoch 120/300: loss=0.934500
  Stage 2 epoch 180/300: loss=0.512250
  Stage 2 epoch 240/300: loss=0.394935
  Stage 2 epoch 300/300: loss=0.339593
  Stage 3 epoch 60/300: loss=0.000287
  Stage 3 epoch 120/300: loss=0.000189
  Stage 3 epoch 180/300: loss=0.000157
  Stage 3 epoch 240/300: loss=0.000134
  Stage 3 epoch 300/300: loss=0.000119
  rcMTE@0.1: 0.2744 (457/500 in region)
  rcMTE@0.5: 0.4792 (420/500 in region)
  rcMTE@1.0: 0.5602 (396/500 in region)
  MTE@0.1: 0.4700
  MTE@0.5: 0.7725
  MTE@1.0: 0.8519
  W2@1.0:  0.3703
  sW2@0.1: 0.2032 (457/500 in region)
  sW2@0.2: 0.2413 (438/500 in region)
  sW2@0.5: 0.3486 (420/500 in region)
  sW2@1.0: 0.4104 (396/500 in region)
  MMD@1.0: 0.1202
  Survival@1.0: 99.2%
  Stopped@1.0:  79.2%

============================================================
  N=20 | D=11 (K=4) | paraboloid | seed=8042
============================================================
    Phase1 Epoch 50/250: loss=0.661186
    Phase1 Epoch 100/250: loss=0.185807
    Phase1 Epoch 150/250: loss=0.076606
    Phase1 Epoch 200/250: loss=0.048259
    Phase1 Epoch 250/250: loss=0.034638
      Phase 2 AE: K_weight=0.0000
        Phase2 Epoch 50/250: loss=0.021442
        Phase2 Epoch 100/250: loss=0.016328
        Phase2 Epoch 150/250: loss=0.009419
        Phase2 Epoch 200/250: loss=0.005683
        Phase2 Epoch 250/250: loss=0.062486
        E_mu=0.0161  E_Sigma=0.0071
      → baseline
  Precomputing encoder-pullback target...
  Stage 2 epoch 60/300: loss=2.070832
  Stage 2 epoch 120/300: loss=0.683128
  Stage 2 epoch 180/300: loss=0.427451
  Stage 2 epoch 240/300: loss=0.312386
  Stage 2 epoch 300/300: loss=0.238642
  Stage 3 epoch 60/300: loss=0.000153
  Stage 3 epoch 120/300: loss=0.000124
  Stage 3 epoch 180/300: loss=0.000118
  Stage 3 epoch 240/300: loss=0.000113
  Stage 3 epoch 300/300: loss=0.000110
  rcMTE@0.1: 0.2488 (448/500 in region)
  rcMTE@0.5: 0.4592 (421/500 in region)
  rcMTE@1.0: 0.5407 (398/500 in region)
  MTE@0.1: 0.4081
  MTE@0.5: 0.6820
  MTE@1.0: 0.7835
  W2@1.0:  0.3763
  sW2@0.1: 0.2117 (448/500 in region)
  sW2@0.2: 0.2489 (438/500 in region)
  sW2@0.5: 0.3052 (421/500 in region)
  sW2@1.0: 0.3439 (398/500 in region)
  MMD@1.0: 0.1470
  Survival@1.0: 99.0%
  Stopped@1.0:  79.6%
      Phase 2 AE: K_weight=0.1000
        Phase2 Epoch 50/250: loss=0.038492
        Phase2 Epoch 100/250: loss=0.010174
        Phase2 Epoch 150/250: loss=0.004935
        Phase2 Epoch 200/250: loss=0.024148
        Phase2 Epoch 250/250: loss=0.012204
        E_mu=0.0163  E_Sigma=0.0089
      → K
  Precomputing encoder-pullback target...
  Stage 2 epoch 60/300: loss=2.173002
  Stage 2 epoch 120/300: loss=0.707680
  Stage 2 epoch 180/300: loss=0.435931
  Stage 2 epoch 240/300: loss=0.312345
  Stage 2 epoch 300/300: loss=0.232474
  Stage 3 epoch 60/300: loss=0.000160
  Stage 3 epoch 120/300: loss=0.000125
  Stage 3 epoch 180/300: loss=0.000118
  Stage 3 epoch 240/300: loss=0.000114
  Stage 3 epoch 300/300: loss=0.000111
  rcMTE@0.1: 0.2442 (448/500 in region)
  rcMTE@0.5: 0.4474 (421/500 in region)
  rcMTE@1.0: 0.5288 (398/500 in region)
  MTE@0.1: 0.4002
  MTE@0.5: 0.6666
  MTE@1.0: 0.7636
  W2@1.0:  0.3854
  sW2@0.1: 0.2212 (448/500 in region)
  sW2@0.2: 0.2574 (438/500 in region)
  sW2@0.5: 0.3144 (421/500 in region)
  sW2@1.0: 0.3503 (398/500 in region)
  MMD@1.0: 0.1558
  Survival@1.0: 99.0%
  Stopped@1.0:  79.6%
      → K+S
  Precomputing encoder-pullback target...
  Stage 2 epoch 60/300: loss=2.173002
  Stage 2 epoch 120/300: loss=0.707680
  Stage 2 epoch 180/300: loss=0.435931
  Stage 2 epoch 240/300: loss=0.312345
  Stage 2 epoch 300/300: loss=0.232474
  Stage 3 epoch 60/300: loss=0.000160
  Stage 3 epoch 120/300: loss=0.000125
  Stage 3 epoch 180/300: loss=0.000118
  Stage 3 epoch 240/300: loss=0.000114
  Stage 3 epoch 300/300: loss=0.000111
  rcMTE@0.1: 0.2442 (448/500 in region)
  rcMTE@0.5: 0.4474 (421/500 in region)
  rcMTE@1.0: 0.5288 (398/500 in region)
  MTE@0.1: 0.4002
  MTE@0.5: 0.6666
  MTE@1.0: 0.7636
  W2@1.0:  0.3854
  sW2@0.1: 0.2212 (448/500 in region)
  sW2@0.2: 0.2574 (438/500 in region)
  sW2@0.5: 0.3144 (421/500 in region)
  sW2@1.0: 0.3503 (398/500 in region)
  MMD@1.0: 0.1558
  Survival@1.0: 99.0%
  Stopped@1.0:  79.6%

============================================================
  N=20 | D=11 (K=4) | paraboloid | seed=9042
============================================================
    Phase1 Epoch 50/250: loss=0.541801
    Phase1 Epoch 100/250: loss=0.116772
    Phase1 Epoch 150/250: loss=0.039856
    Phase1 Epoch 200/250: loss=0.034693
    Phase1 Epoch 250/250: loss=0.023069
      Phase 2 AE: K_weight=0.0000
        Phase2 Epoch 50/250: loss=0.014755
        Phase2 Epoch 100/250: loss=0.010977
        Phase2 Epoch 150/250: loss=0.004072
        Phase2 Epoch 200/250: loss=0.003179
        Phase2 Epoch 250/250: loss=0.002870
        E_mu=0.0126  E_Sigma=0.0029
      → baseline
  Precomputing encoder-pullback target...
  Stage 2 epoch 60/300: loss=1.149383
  Stage 2 epoch 120/300: loss=0.441929
  Stage 2 epoch 180/300: loss=0.155176
  Stage 2 epoch 240/300: loss=0.119610
  Stage 2 epoch 300/300: loss=0.104944
  Stage 3 epoch 60/300: loss=0.000094
  Stage 3 epoch 120/300: loss=0.000071
  Stage 3 epoch 180/300: loss=0.000062
  Stage 3 epoch 240/300: loss=0.000056
  Stage 3 epoch 300/300: loss=0.000051
  rcMTE@0.1: 0.1056 (444/500 in region)
  rcMTE@0.5: 0.2458 (406/500 in region)
  rcMTE@1.0: 0.3424 (388/500 in region)
  MTE@0.1: 0.2224
  MTE@0.5: 0.4030
  MTE@1.0: 0.5176
  W2@1.0:  0.4922
  sW2@0.1: 0.2045 (444/500 in region)
  sW2@0.2: 0.2555 (429/500 in region)
  sW2@0.5: 0.3244 (406/500 in region)
  sW2@1.0: 0.4386 (388/500 in region)
  MMD@1.0: 0.2423
  Survival@1.0: 99.0%
  Stopped@1.0:  77.6%
      Phase 2 AE: K_weight=0.1000
        Phase2 Epoch 50/250: loss=0.016453
        Phase2 Epoch 100/250: loss=0.011925
        Phase2 Epoch 150/250: loss=0.004043
        Phase2 Epoch 200/250: loss=0.002996
        Phase2 Epoch 250/250: loss=0.002317
        E_mu=0.0101  E_Sigma=0.0030
      → K
  Precomputing encoder-pullback target...
  Stage 2 epoch 60/300: loss=1.142169
  Stage 2 epoch 120/300: loss=0.461558
  Stage 2 epoch 180/300: loss=0.159745
  Stage 2 epoch 240/300: loss=0.121688
  Stage 2 epoch 300/300: loss=0.106040
  Stage 3 epoch 60/300: loss=0.000092
  Stage 3 epoch 120/300: loss=0.000060
  Stage 3 epoch 180/300: loss=0.000049
  Stage 3 epoch 240/300: loss=0.000042
  Stage 3 epoch 300/300: loss=0.000038
  rcMTE@0.1: 0.1064 (444/500 in region)
  rcMTE@0.5: 0.2476 (406/500 in region)
  rcMTE@1.0: 0.3430 (388/500 in region)
  MTE@0.1: 0.2230
  MTE@0.5: 0.4061
  MTE@1.0: 0.5187
  W2@1.0:  0.4953
  sW2@0.1: 0.2060 (444/500 in region)
  sW2@0.2: 0.2577 (429/500 in region)
  sW2@0.5: 0.3260 (406/500 in region)
  sW2@1.0: 0.4353 (388/500 in region)
  MMD@1.0: 0.2447
  Survival@1.0: 99.0%
  Stopped@1.0:  77.6%
      → K+S
  Precomputing encoder-pullback target...
  Stage 2 epoch 60/300: loss=1.142169
  Stage 2 epoch 120/300: loss=0.461558
  Stage 2 epoch 180/300: loss=0.159745
  Stage 2 epoch 240/300: loss=0.121688
  Stage 2 epoch 300/300: loss=0.106040
  Stage 3 epoch 60/300: loss=0.000092
  Stage 3 epoch 120/300: loss=0.000060
  Stage 3 epoch 180/300: loss=0.000049
  Stage 3 epoch 240/300: loss=0.000042
  Stage 3 epoch 300/300: loss=0.000038
  rcMTE@0.1: 0.1064 (444/500 in region)
  rcMTE@0.5: 0.2476 (406/500 in region)
  rcMTE@1.0: 0.3430 (388/500 in region)
  MTE@0.1: 0.2230
  MTE@0.5: 0.4061
  MTE@1.0: 0.5187
  W2@1.0:  0.4953
  sW2@0.1: 0.2060 (444/500 in region)
  sW2@0.2: 0.2577 (429/500 in region)
  sW2@0.5: 0.3260 (406/500 in region)
  sW2@1.0: 0.4353 (388/500 in region)
  MMD@1.0: 0.2447
  Survival@1.0: 99.0%
  Stopped@1.0:  77.6%

============================================================
  N=20 | D=11 (K=4) | hyperbolic_paraboloid | seed=42
============================================================
    Phase1 Epoch 50/250: loss=0.523146
    Phase1 Epoch 100/250: loss=0.041656
    Phase1 Epoch 150/250: loss=0.015663
    Phase1 Epoch 200/250: loss=0.007064
    Phase1 Epoch 250/250: loss=0.004047
      Phase 2 AE: K_weight=0.0000
        Phase2 Epoch 50/250: loss=0.003400
        Phase2 Epoch 100/250: loss=0.003479
        Phase2 Epoch 150/250: loss=0.001424
        Phase2 Epoch 200/250: loss=0.004871
        Phase2 Epoch 250/250: loss=0.004205
        E_mu=0.0095  E_Sigma=0.0040
      → baseline
  Precomputing encoder-pullback target...
  Stage 2 epoch 60/300: loss=0.288575
  Stage 2 epoch 120/300: loss=0.250249
  Stage 2 epoch 180/300: loss=0.159577
  Stage 2 epoch 240/300: loss=0.086000
  Stage 2 epoch 300/300: loss=0.058936
  Stage 3 epoch 60/300: loss=0.000083
  Stage 3 epoch 120/300: loss=0.000066
  Stage 3 epoch 180/300: loss=0.000055
  Stage 3 epoch 240/300: loss=0.000047
  Stage 3 epoch 300/300: loss=0.000043
  rcMTE@0.1: 0.3070 (442/500 in region)
  rcMTE@0.5: 0.5986 (402/500 in region)
  rcMTE@1.0: 0.6699 (383/500 in region)
  MTE@0.1: 0.4601
  MTE@0.5: 0.8038
  MTE@1.0: 0.9062
  W2@1.0:  0.6851
  sW2@0.1: 0.3248 (442/500 in region)
  sW2@0.2: 0.4001 (428/500 in region)
  sW2@0.5: 0.5625 (402/500 in region)
  sW2@1.0: 0.6464 (383/500 in region)
  MMD@1.0: 0.3019
  Survival@1.0: 98.6%
  Stopped@1.0:  76.6%
      Phase 2 AE: K_weight=0.1000
        Phase2 Epoch 50/250: loss=0.005164
        Phase2 Epoch 100/250: loss=0.034186
        Phase2 Epoch 150/250: loss=0.006288
        Phase2 Epoch 200/250: loss=0.001462
        Phase2 Epoch 250/250: loss=0.001161
        E_mu=0.0052  E_Sigma=0.0013
      → K
  Precomputing encoder-pullback target...
  Stage 2 epoch 60/300: loss=0.277768
  Stage 2 epoch 120/300: loss=0.240564
  Stage 2 epoch 180/300: loss=0.153568
  Stage 2 epoch 240/300: loss=0.082589
  Stage 2 epoch 300/300: loss=0.056475
  Stage 3 epoch 60/300: loss=0.000067
  Stage 3 epoch 120/300: loss=0.000050
  Stage 3 epoch 180/300: loss=0.000039
  Stage 3 epoch 240/300: loss=0.000032
  Stage 3 epoch 300/300: loss=0.000027
  rcMTE@0.1: 0.3004 (442/500 in region)
  rcMTE@0.5: 0.5907 (402/500 in region)
  rcMTE@1.0: 0.6628 (383/500 in region)
  MTE@0.1: 0.4532
  MTE@0.5: 0.7969
  MTE@1.0: 0.8985
  W2@1.0:  0.6693
  sW2@0.1: 0.3004 (442/500 in region)
  sW2@0.2: 0.3786 (428/500 in region)
  sW2@0.5: 0.5399 (402/500 in region)
  sW2@1.0: 0.6259 (383/500 in region)
  MMD@1.0: 0.2918
  Survival@1.0: 98.6%
  Stopped@1.0:  76.6%
      → K+S
  Precomputing encoder-pullback target...
  Stage 2 epoch 60/300: loss=0.277768
  Stage 2 epoch 120/300: loss=0.240564
  Stage 2 epoch 180/300: loss=0.153568
  Stage 2 epoch 240/300: loss=0.082589
  Stage 2 epoch 300/300: loss=0.056475
  Stage 3 epoch 60/300: loss=0.000067
  Stage 3 epoch 120/300: loss=0.000050
  Stage 3 epoch 180/300: loss=0.000039
  Stage 3 epoch 240/300: loss=0.000032
  Stage 3 epoch 300/300: loss=0.000027
  rcMTE@0.1: 0.3004 (442/500 in region)
  rcMTE@0.5: 0.5907 (402/500 in region)
  rcMTE@1.0: 0.6628 (383/500 in region)
  MTE@0.1: 0.4532
  MTE@0.5: 0.7969
  MTE@1.0: 0.8985
  W2@1.0:  0.6693
  sW2@0.1: 0.3004 (442/500 in region)
  sW2@0.2: 0.3786 (428/500 in region)
  sW2@0.5: 0.5399 (402/500 in region)
  sW2@1.0: 0.6259 (383/500 in region)
  MMD@1.0: 0.2918
  Survival@1.0: 98.6%
  Stopped@1.0:  76.6%

============================================================
  N=20 | D=11 (K=4) | hyperbolic_paraboloid | seed=1042
============================================================
    Phase1 Epoch 50/250: loss=0.561989
    Phase1 Epoch 100/250: loss=0.268983
    Phase1 Epoch 150/250: loss=0.030371
    Phase1 Epoch 200/250: loss=0.080024
    Phase1 Epoch 250/250: loss=0.006627
      Phase 2 AE: K_weight=0.0000
        Phase2 Epoch 50/250: loss=0.006340
        Phase2 Epoch 100/250: loss=0.003166
        Phase2 Epoch 150/250: loss=0.001945
        Phase2 Epoch 200/250: loss=0.004407
        Phase2 Epoch 250/250: loss=0.001463
        E_mu=0.0068  E_Sigma=0.0033
      → baseline
  Precomputing encoder-pullback target...
  Stage 2 epoch 60/300: loss=0.316063
  Stage 2 epoch 120/300: loss=0.284048
  Stage 2 epoch 180/300: loss=0.240940
  Stage 2 epoch 240/300: loss=0.206491
  Stage 2 epoch 300/300: loss=0.181388
  Stage 3 epoch 60/300: loss=0.000076
  Stage 3 epoch 120/300: loss=0.000062
  Stage 3 epoch 180/300: loss=0.000052
  Stage 3 epoch 240/300: loss=0.000044
  Stage 3 epoch 300/300: loss=0.000038
  rcMTE@0.1: 0.2519 (455/500 in region)
  rcMTE@0.5: 0.4565 (418/500 in region)
  rcMTE@1.0: 0.5759 (400/500 in region)
  MTE@0.1: 0.4277
  MTE@0.5: 0.7265
  MTE@1.0: 0.8389
  W2@1.0:  0.4494
  sW2@0.1: 0.1862 (455/500 in region)
  sW2@0.2: 0.2345 (440/500 in region)
  sW2@0.5: 0.2716 (418/500 in region)
  sW2@1.0: 0.3944 (400/500 in region)
  MMD@1.0: 0.1070
  Survival@1.0: 99.4%
  Stopped@1.0:  80.0%
      Phase 2 AE: K_weight=0.1000
        Phase2 Epoch 50/250: loss=0.005043
        Phase2 Epoch 100/250: loss=0.011738
        Phase2 Epoch 150/250: loss=0.012264
        Phase2 Epoch 200/250: loss=0.002627
        Phase2 Epoch 250/250: loss=0.001677
        E_mu=0.0072  E_Sigma=0.0041
      → K
  Precomputing encoder-pullback target...
  Stage 2 epoch 60/300: loss=0.314559
  Stage 2 epoch 120/300: loss=0.281248
  Stage 2 epoch 180/300: loss=0.238305
  Stage 2 epoch 240/300: loss=0.204807
  Stage 2 epoch 300/300: loss=0.180093
  Stage 3 epoch 60/300: loss=0.000092
  Stage 3 epoch 120/300: loss=0.000074
  Stage 3 epoch 180/300: loss=0.000061
  Stage 3 epoch 240/300: loss=0.000049
  Stage 3 epoch 300/300: loss=0.000041
  rcMTE@0.1: 0.2532 (455/500 in region)
  rcMTE@0.5: 0.4589 (418/500 in region)
  rcMTE@1.0: 0.5801 (400/500 in region)
  MTE@0.1: 0.4278
  MTE@0.5: 0.7252
  MTE@1.0: 0.8392
  W2@1.0:  0.4559
  sW2@0.1: 0.1880 (455/500 in region)
  sW2@0.2: 0.2344 (440/500 in region)
  sW2@0.5: 0.2735 (418/500 in region)
  sW2@1.0: 0.3972 (400/500 in region)
  MMD@1.0: 0.1042
  Survival@1.0: 99.4%
  Stopped@1.0:  80.0%
      → K+S
  Precomputing encoder-pullback target...
  Stage 2 epoch 60/300: loss=0.314559
  Stage 2 epoch 120/300: loss=0.281248
  Stage 2 epoch 180/300: loss=0.238305
  Stage 2 epoch 240/300: loss=0.204807
  Stage 2 epoch 300/300: loss=0.180093
  Stage 3 epoch 60/300: loss=0.000092
  Stage 3 epoch 120/300: loss=0.000074
  Stage 3 epoch 180/300: loss=0.000061
  Stage 3 epoch 240/300: loss=0.000049
  Stage 3 epoch 300/300: loss=0.000041
  rcMTE@0.1: 0.2532 (455/500 in region)
  rcMTE@0.5: 0.4589 (418/500 in region)
  rcMTE@1.0: 0.5801 (400/500 in region)
  MTE@0.1: 0.4278
  MTE@0.5: 0.7252
  MTE@1.0: 0.8392
  W2@1.0:  0.4559
  sW2@0.1: 0.1880 (455/500 in region)
  sW2@0.2: 0.2344 (440/500 in region)
  sW2@0.5: 0.2735 (418/500 in region)
  sW2@1.0: 0.3972 (400/500 in region)
  MMD@1.0: 0.1042
  Survival@1.0: 99.4%
  Stopped@1.0:  80.0%

============================================================
  N=20 | D=11 (K=4) | hyperbolic_paraboloid | seed=2042
============================================================
    Phase1 Epoch 50/250: loss=0.718281
    Phase1 Epoch 100/250: loss=0.280649
    Phase1 Epoch 150/250: loss=0.031255
    Phase1 Epoch 200/250: loss=0.016700
    Phase1 Epoch 250/250: loss=0.008923
      Phase 2 AE: K_weight=0.0000
        Phase2 Epoch 50/250: loss=0.004963
        Phase2 Epoch 100/250: loss=0.002339
        Phase2 Epoch 150/250: loss=0.002860
        Phase2 Epoch 200/250: loss=0.002835
        Phase2 Epoch 250/250: loss=0.002557
        E_mu=0.0109  E_Sigma=0.0051
      → baseline
  Precomputing encoder-pullback target...
  Stage 2 epoch 60/300: loss=0.161978
  Stage 2 epoch 120/300: loss=0.156591
  Stage 2 epoch 180/300: loss=0.145985
  Stage 2 epoch 240/300: loss=0.119149
  Stage 2 epoch 300/300: loss=0.078520
  Stage 3 epoch 60/300: loss=0.000067
  Stage 3 epoch 120/300: loss=0.000052
  Stage 3 epoch 180/300: loss=0.000049
  Stage 3 epoch 240/300: loss=0.000047
  Stage 3 epoch 300/300: loss=0.000044
  rcMTE@0.1: 0.4018 (454/500 in region)
  rcMTE@0.5: 0.7967 (422/500 in region)
  rcMTE@1.0: 1.0548 (406/500 in region)
  MTE@0.1: 0.6701
  MTE@0.5: 1.2004
  MTE@1.0: 1.4807
  W2@1.0:  1.1512
  sW2@0.1: 0.2516 (454/500 in region)
  sW2@0.2: 0.3469 (441/500 in region)
  sW2@0.5: 0.6436 (422/500 in region)
  sW2@1.0: 1.1290 (406/500 in region)
  MMD@1.0: 0.1940
  Survival@1.0: 98.2%
  Stopped@1.0:  81.2%
      Phase 2 AE: K_weight=0.1000
        Phase2 Epoch 50/250: loss=0.003960
        Phase2 Epoch 100/250: loss=0.007074
        Phase2 Epoch 150/250: loss=0.005936
        Phase2 Epoch 200/250: loss=0.008606
        Phase2 Epoch 250/250: loss=0.003003
        E_mu=0.0081  E_Sigma=0.0042
      → K
  Precomputing encoder-pullback target...
  Stage 2 epoch 60/300: loss=0.164664
  Stage 2 epoch 120/300: loss=0.159472
  Stage 2 epoch 180/300: loss=0.148592
  Stage 2 epoch 240/300: loss=0.119501
  Stage 2 epoch 300/300: loss=0.078411
  Stage 3 epoch 60/300: loss=0.000070
  Stage 3 epoch 120/300: loss=0.000050
  Stage 3 epoch 180/300: loss=0.000046
  Stage 3 epoch 240/300: loss=0.000043
  Stage 3 epoch 300/300: loss=0.000040
  rcMTE@0.1: 0.4041 (454/500 in region)
  rcMTE@0.5: 0.8005 (422/500 in region)
  rcMTE@1.0: 1.0721 (406/500 in region)
  MTE@0.1: 0.6747
  MTE@0.5: 1.2068
  MTE@1.0: 1.5089
  W2@1.0:  1.2320
  sW2@0.1: 0.2577 (454/500 in region)
  sW2@0.2: 0.3536 (441/500 in region)
  sW2@0.5: 0.6637 (422/500 in region)
  sW2@1.0: 1.2013 (406/500 in region)
  MMD@1.0: 0.1901
  Survival@1.0: 98.2%
  Stopped@1.0:  81.2%
      → K+S
  Precomputing encoder-pullback target...
  Stage 2 epoch 60/300: loss=0.164664
  Stage 2 epoch 120/300: loss=0.159472
  Stage 2 epoch 180/300: loss=0.148592
  Stage 2 epoch 240/300: loss=0.119501
  Stage 2 epoch 300/300: loss=0.078411
  Stage 3 epoch 60/300: loss=0.000070
  Stage 3 epoch 120/300: loss=0.000050
  Stage 3 epoch 180/300: loss=0.000046
  Stage 3 epoch 240/300: loss=0.000043
  Stage 3 epoch 300/300: loss=0.000040
  rcMTE@0.1: 0.4041 (454/500 in region)
  rcMTE@0.5: 0.8005 (422/500 in region)
  rcMTE@1.0: 1.0721 (406/500 in region)
  MTE@0.1: 0.6747
  MTE@0.5: 1.2068
  MTE@1.0: 1.5089
  W2@1.0:  1.2320
  sW2@0.1: 0.2577 (454/500 in region)
  sW2@0.2: 0.3536 (441/500 in region)
  sW2@0.5: 0.6637 (422/500 in region)
  sW2@1.0: 1.2013 (406/500 in region)
  MMD@1.0: 0.1901
  Survival@1.0: 98.2%
  Stopped@1.0:  81.2%

============================================================
  N=20 | D=11 (K=4) | hyperbolic_paraboloid | seed=3042
============================================================
    Phase1 Epoch 50/250: loss=0.708405
    Phase1 Epoch 100/250: loss=0.274586
    Phase1 Epoch 150/250: loss=0.026738
    Phase1 Epoch 200/250: loss=0.007532
    Phase1 Epoch 250/250: loss=0.005760
      Phase 2 AE: K_weight=0.0000
        Phase2 Epoch 50/250: loss=0.008132
        Phase2 Epoch 100/250: loss=0.008161
        Phase2 Epoch 150/250: loss=0.001981
        Phase2 Epoch 200/250: loss=0.001679
        Phase2 Epoch 250/250: loss=0.001536
        E_mu=0.0043  E_Sigma=0.0015
      → baseline
  Precomputing encoder-pullback target...
  Stage 2 epoch 60/300: loss=0.304746
  Stage 2 epoch 120/300: loss=0.274660
  Stage 2 epoch 180/300: loss=0.224126
  Stage 2 epoch 240/300: loss=0.150861
  Stage 2 epoch 300/300: loss=0.088315
  Stage 3 epoch 60/300: loss=0.000098
  Stage 3 epoch 120/300: loss=0.000067
  Stage 3 epoch 180/300: loss=0.000056
  Stage 3 epoch 240/300: loss=0.000047
  Stage 3 epoch 300/300: loss=0.000041
  rcMTE@0.1: 0.3020 (456/500 in region)
  rcMTE@0.5: 0.6080 (402/500 in region)
  rcMTE@1.0: 0.8123 (381/500 in region)
  MTE@0.1: 0.5125
  MTE@0.5: 0.9896
  MTE@1.0: 1.2713
  W2@1.0:  0.8832
  sW2@0.1: 0.2115 (456/500 in region)
  sW2@0.2: 0.3201 (434/500 in region)
  sW2@0.5: 0.6107 (402/500 in region)
  sW2@1.0: 0.9669 (381/500 in region)
  MMD@1.0: 0.2951
  Survival@1.0: 97.4%
  Stopped@1.0:  76.2%
      Phase 2 AE: K_weight=0.1000
        Phase2 Epoch 50/250: loss=0.016804
        Phase2 Epoch 100/250: loss=0.003446
        Phase2 Epoch 150/250: loss=0.002885
        Phase2 Epoch 200/250: loss=0.003480
        Phase2 Epoch 250/250: loss=0.001522
        E_mu=0.0038  E_Sigma=0.0014
      → K
  Precomputing encoder-pullback target...
  Stage 2 epoch 60/300: loss=0.304652
  Stage 2 epoch 120/300: loss=0.273289
  Stage 2 epoch 180/300: loss=0.223443
  Stage 2 epoch 240/300: loss=0.156647
  Stage 2 epoch 300/300: loss=0.094841
  Stage 3 epoch 60/300: loss=0.000102
  Stage 3 epoch 120/300: loss=0.000068
  Stage 3 epoch 180/300: loss=0.000055
  Stage 3 epoch 240/300: loss=0.000046
  Stage 3 epoch 300/300: loss=0.000039
  rcMTE@0.1: 0.3060 (456/500 in region)
  rcMTE@0.5: 0.6280 (402/500 in region)
  rcMTE@1.0: 0.8570 (381/500 in region)
  MTE@0.1: 0.5177
  MTE@0.5: 1.0189
  MTE@1.0: 1.3414
  W2@1.0:  0.9888
  sW2@0.1: 0.2180 (456/500 in region)
  sW2@0.2: 0.3368 (434/500 in region)
  sW2@0.5: 0.6573 (402/500 in region)
  sW2@1.0: 1.0733 (381/500 in region)
  MMD@1.0: 0.3178
  Survival@1.0: 97.4%
  Stopped@1.0:  76.2%
      → K+S
  Precomputing encoder-pullback target...
  Stage 2 epoch 60/300: loss=0.304652
  Stage 2 epoch 120/300: loss=0.273289
  Stage 2 epoch 180/300: loss=0.223443
  Stage 2 epoch 240/300: loss=0.156647
  Stage 2 epoch 300/300: loss=0.094841
  Stage 3 epoch 60/300: loss=0.000102
  Stage 3 epoch 120/300: loss=0.000068
  Stage 3 epoch 180/300: loss=0.000055
  Stage 3 epoch 240/300: loss=0.000046
  Stage 3 epoch 300/300: loss=0.000039
  rcMTE@0.1: 0.3060 (456/500 in region)
  rcMTE@0.5: 0.6280 (402/500 in region)
  rcMTE@1.0: 0.8570 (381/500 in region)
  MTE@0.1: 0.5177
  MTE@0.5: 1.0189
  MTE@1.0: 1.3414
  W2@1.0:  0.9888
  sW2@0.1: 0.2180 (456/500 in region)
  sW2@0.2: 0.3368 (434/500 in region)
  sW2@0.5: 0.6573 (402/500 in region)
  sW2@1.0: 1.0733 (381/500 in region)
  MMD@1.0: 0.3178
  Survival@1.0: 97.4%
  Stopped@1.0:  76.2%

============================================================
  N=20 | D=11 (K=4) | hyperbolic_paraboloid | seed=4042
============================================================
    Phase1 Epoch 50/250: loss=0.713632
    Phase1 Epoch 100/250: loss=0.059750
    Phase1 Epoch 150/250: loss=0.009092
    Phase1 Epoch 200/250: loss=0.005742
    Phase1 Epoch 250/250: loss=0.010197
      Phase 2 AE: K_weight=0.0000
        Phase2 Epoch 50/250: loss=0.010458
        Phase2 Epoch 100/250: loss=0.002167
        Phase2 Epoch 150/250: loss=0.002887
        Phase2 Epoch 200/250: loss=0.001516
        Phase2 Epoch 250/250: loss=0.001278
        E_mu=0.0041  E_Sigma=0.0013
      → baseline
  Precomputing encoder-pullback target...
  Stage 2 epoch 60/300: loss=0.331092
  Stage 2 epoch 120/300: loss=0.255177
  Stage 2 epoch 180/300: loss=0.196609
  Stage 2 epoch 240/300: loss=0.167516
  Stage 2 epoch 300/300: loss=0.135786
  Stage 3 epoch 60/300: loss=0.000055
  Stage 3 epoch 120/300: loss=0.000036
  Stage 3 epoch 180/300: loss=0.000029
  Stage 3 epoch 240/300: loss=0.000025
  Stage 3 epoch 300/300: loss=0.000022
  rcMTE@0.1: 0.3929 (443/500 in region)
  rcMTE@0.5: 0.7693 (407/500 in region)
  rcMTE@1.0: 0.9766 (384/500 in region)
  MTE@0.1: 0.6321
  MTE@0.5: 1.1266
  MTE@1.0: 1.3029
  W2@1.0:  0.6598
  sW2@0.1: 0.2206 (443/500 in region)
  sW2@0.2: 0.2864 (424/500 in region)
  sW2@0.5: 0.4214 (407/500 in region)
  sW2@1.0: 0.6711 (384/500 in region)
  MMD@1.0: 0.2031
  Survival@1.0: 98.8%
  Stopped@1.0:  76.8%
      Phase 2 AE: K_weight=0.1000
        Phase2 Epoch 50/250: loss=0.002827
        Phase2 Epoch 100/250: loss=0.003651
        Phase2 Epoch 150/250: loss=0.006385
        Phase2 Epoch 200/250: loss=0.003511
        Phase2 Epoch 250/250: loss=0.004653
        E_mu=0.0065  E_Sigma=0.0034
      → K
  Precomputing encoder-pullback target...
  Stage 2 epoch 60/300: loss=0.322227
  Stage 2 epoch 120/300: loss=0.251888
  Stage 2 epoch 180/300: loss=0.196914
  Stage 2 epoch 240/300: loss=0.168821
  Stage 2 epoch 300/300: loss=0.136286
  Stage 3 epoch 60/300: loss=0.000072
  Stage 3 epoch 120/300: loss=0.000053
  Stage 3 epoch 180/300: loss=0.000045
  Stage 3 epoch 240/300: loss=0.000039
  Stage 3 epoch 300/300: loss=0.000035
  rcMTE@0.1: 0.3952 (443/500 in region)
  rcMTE@0.5: 0.7728 (407/500 in region)
  rcMTE@1.0: 0.9832 (384/500 in region)
  MTE@0.1: 0.6362
  MTE@0.5: 1.1320
  MTE@1.0: 1.3129
  W2@1.0:  0.6925
  sW2@0.1: 0.2355 (443/500 in region)
  sW2@0.2: 0.3108 (424/500 in region)
  sW2@0.5: 0.4417 (407/500 in region)
  sW2@1.0: 0.6994 (384/500 in region)
  MMD@1.0: 0.2199
  Survival@1.0: 98.8%
  Stopped@1.0:  76.8%
      → K+S
  Precomputing encoder-pullback target...
  Stage 2 epoch 60/300: loss=0.322227
  Stage 2 epoch 120/300: loss=0.251888
  Stage 2 epoch 180/300: loss=0.196914
  Stage 2 epoch 240/300: loss=0.168821
  Stage 2 epoch 300/300: loss=0.136286
  Stage 3 epoch 60/300: loss=0.000072
  Stage 3 epoch 120/300: loss=0.000053
  Stage 3 epoch 180/300: loss=0.000045
  Stage 3 epoch 240/300: loss=0.000039
  Stage 3 epoch 300/300: loss=0.000035
  rcMTE@0.1: 0.3952 (443/500 in region)
  rcMTE@0.5: 0.7728 (407/500 in region)
  rcMTE@1.0: 0.9832 (384/500 in region)
  MTE@0.1: 0.6362
  MTE@0.5: 1.1320
  MTE@1.0: 1.3129
  W2@1.0:  0.6925
  sW2@0.1: 0.2355 (443/500 in region)
  sW2@0.2: 0.3108 (424/500 in region)
  sW2@0.5: 0.4417 (407/500 in region)
  sW2@1.0: 0.6994 (384/500 in region)
  MMD@1.0: 0.2199
  Survival@1.0: 98.8%
  Stopped@1.0:  76.8%

============================================================
  N=20 | D=11 (K=4) | hyperbolic_paraboloid | seed=5042
============================================================
    Phase1 Epoch 50/250: loss=0.678145
    Phase1 Epoch 100/250: loss=0.080596
    Phase1 Epoch 150/250: loss=0.019361
    Phase1 Epoch 200/250: loss=0.006204
    Phase1 Epoch 250/250: loss=0.012923
      Phase 2 AE: K_weight=0.0000
        Phase2 Epoch 50/250: loss=0.004383
        Phase2 Epoch 100/250: loss=0.002074
        Phase2 Epoch 150/250: loss=0.001745
        Phase2 Epoch 200/250: loss=0.002515
        Phase2 Epoch 250/250: loss=0.001523
        E_mu=0.0056  E_Sigma=0.0022
      → baseline
  Precomputing encoder-pullback target...
  Stage 2 epoch 60/300: loss=0.360267
  Stage 2 epoch 120/300: loss=0.283154
  Stage 2 epoch 180/300: loss=0.199828
  Stage 2 epoch 240/300: loss=0.135717
  Stage 2 epoch 300/300: loss=0.080101
  Stage 3 epoch 60/300: loss=0.000061
  Stage 3 epoch 120/300: loss=0.000043
  Stage 3 epoch 180/300: loss=0.000034
  Stage 3 epoch 240/300: loss=0.000029
  Stage 3 epoch 300/300: loss=0.000027
  rcMTE@0.1: 0.3991 (454/500 in region)
  rcMTE@0.5: 0.6737 (420/500 in region)
  rcMTE@1.0: 0.7758 (403/500 in region)
  MTE@0.1: 0.6286
  MTE@0.5: 0.9995
  MTE@1.0: 1.0745
  W2@1.0:  0.5479
  sW2@0.1: 0.1841 (454/500 in region)
  sW2@0.2: 0.2556 (435/500 in region)
  sW2@0.5: 0.3989 (420/500 in region)
  sW2@1.0: 0.5106 (403/500 in region)
  MMD@1.0: 0.2932
  Survival@1.0: 98.8%
  Stopped@1.0:  80.6%
      Phase 2 AE: K_weight=0.1000
        Phase2 Epoch 50/250: loss=0.012751
        Phase2 Epoch 100/250: loss=0.002554
        Phase2 Epoch 150/250: loss=0.002073
        Phase2 Epoch 200/250: loss=0.001865
        Phase2 Epoch 250/250: loss=0.001708
        E_mu=0.0059  E_Sigma=0.0022
      → K
  Precomputing encoder-pullback target...
  Stage 2 epoch 60/300: loss=0.361721
  Stage 2 epoch 120/300: loss=0.284779
  Stage 2 epoch 180/300: loss=0.200614
  Stage 2 epoch 240/300: loss=0.137126
  Stage 2 epoch 300/300: loss=0.080627
  Stage 3 epoch 60/300: loss=0.000059
  Stage 3 epoch 120/300: loss=0.000042
  Stage 3 epoch 180/300: loss=0.000034
  Stage 3 epoch 240/300: loss=0.000030
  Stage 3 epoch 300/300: loss=0.000027
  rcMTE@0.1: 0.3995 (454/500 in region)
  rcMTE@0.5: 0.6747 (420/500 in region)
  rcMTE@1.0: 0.7770 (403/500 in region)
  MTE@0.1: 0.6288
  MTE@0.5: 1.0000
  MTE@1.0: 1.0752
  W2@1.0:  0.5502
  sW2@0.1: 0.1857 (454/500 in region)
  sW2@0.2: 0.2580 (435/500 in region)
  sW2@0.5: 0.4033 (420/500 in region)
  sW2@1.0: 0.5135 (403/500 in region)
  MMD@1.0: 0.2946
  Survival@1.0: 98.8%
  Stopped@1.0:  80.6%
      → K+S
  Precomputing encoder-pullback target...
  Stage 2 epoch 60/300: loss=0.361721
  Stage 2 epoch 120/300: loss=0.284779
  Stage 2 epoch 180/300: loss=0.200614
  Stage 2 epoch 240/300: loss=0.137126
  Stage 2 epoch 300/300: loss=0.080627
  Stage 3 epoch 60/300: loss=0.000059
  Stage 3 epoch 120/300: loss=0.000042
  Stage 3 epoch 180/300: loss=0.000034
  Stage 3 epoch 240/300: loss=0.000030
  Stage 3 epoch 300/300: loss=0.000027
  rcMTE@0.1: 0.3995 (454/500 in region)
  rcMTE@0.5: 0.6747 (420/500 in region)
  rcMTE@1.0: 0.7770 (403/500 in region)
  MTE@0.1: 0.6288
  MTE@0.5: 1.0000
  MTE@1.0: 1.0752
  W2@1.0:  0.5502
  sW2@0.1: 0.1857 (454/500 in region)
  sW2@0.2: 0.2580 (435/500 in region)
  sW2@0.5: 0.4033 (420/500 in region)
  sW2@1.0: 0.5135 (403/500 in region)
  MMD@1.0: 0.2946
  Survival@1.0: 98.8%
  Stopped@1.0:  80.6%

============================================================
  N=20 | D=11 (K=4) | hyperbolic_paraboloid | seed=6042
============================================================
    Phase1 Epoch 50/250: loss=0.594366
    Phase1 Epoch 100/250: loss=0.034720
    Phase1 Epoch 150/250: loss=0.012823
    Phase1 Epoch 200/250: loss=0.006176
    Phase1 Epoch 250/250: loss=0.005819
      Phase 2 AE: K_weight=0.0000
        Phase2 Epoch 50/250: loss=0.005287
        Phase2 Epoch 100/250: loss=0.003280
        Phase2 Epoch 150/250: loss=0.001480
        Phase2 Epoch 200/250: loss=0.001347
        Phase2 Epoch 250/250: loss=0.002907
        E_mu=0.0073  E_Sigma=0.0026
      → baseline
  Precomputing encoder-pullback target...
  Stage 2 epoch 60/300: loss=0.292894
  Stage 2 epoch 120/300: loss=0.228312
  Stage 2 epoch 180/300: loss=0.184177
  Stage 2 epoch 240/300: loss=0.145772
  Stage 2 epoch 300/300: loss=0.125947
  Stage 3 epoch 60/300: loss=0.000065
  Stage 3 epoch 120/300: loss=0.000034
  Stage 3 epoch 180/300: loss=0.000029
  Stage 3 epoch 240/300: loss=0.000026
  Stage 3 epoch 300/300: loss=0.000024
  rcMTE@0.1: 0.2769 (452/500 in region)
  rcMTE@0.5: 0.6287 (406/500 in region)
  rcMTE@1.0: 0.8931 (392/500 in region)
  MTE@0.1: 0.4555
  MTE@0.5: 1.0252
  MTE@1.0: 1.3940
  W2@1.0:  1.2832
  sW2@0.1: 0.2261 (452/500 in region)
  sW2@0.2: 0.3307 (428/500 in region)
  sW2@0.5: 0.6939 (406/500 in region)
  sW2@1.0: 1.3716 (392/500 in region)
  MMD@1.0: 0.2704
  Survival@1.0: 98.6%
  Stopped@1.0:  78.4%
      Phase 2 AE: K_weight=0.1000
        Phase2 Epoch 50/250: loss=0.003550
        Phase2 Epoch 100/250: loss=0.005973
        Phase2 Epoch 150/250: loss=0.002429
        Phase2 Epoch 200/250: loss=0.002312
        Phase2 Epoch 250/250: loss=0.001542
        E_mu=0.0066  E_Sigma=0.0026
      → K
  Precomputing encoder-pullback target...
  Stage 2 epoch 60/300: loss=0.297815
  Stage 2 epoch 120/300: loss=0.232037
  Stage 2 epoch 180/300: loss=0.187057
  Stage 2 epoch 240/300: loss=0.146611
  Stage 2 epoch 300/300: loss=0.125415
  Stage 3 epoch 60/300: loss=0.000069
  Stage 3 epoch 120/300: loss=0.000037
  Stage 3 epoch 180/300: loss=0.000030
  Stage 3 epoch 240/300: loss=0.000026
  Stage 3 epoch 300/300: loss=0.000023
  rcMTE@0.1: 0.2779 (452/500 in region)
  rcMTE@0.5: 0.6329 (406/500 in region)
  rcMTE@1.0: 0.9033 (392/500 in region)
  MTE@0.1: 0.4577
  MTE@0.5: 1.0288
  MTE@1.0: 1.4021
  W2@1.0:  1.2947
  sW2@0.1: 0.2340 (452/500 in region)
  sW2@0.2: 0.3352 (428/500 in region)
  sW2@0.5: 0.7013 (406/500 in region)
  sW2@1.0: 1.3868 (392/500 in region)
  MMD@1.0: 0.2747
  Survival@1.0: 98.6%
  Stopped@1.0:  78.4%
      → K+S
  Precomputing encoder-pullback target...
  Stage 2 epoch 60/300: loss=0.297815
  Stage 2 epoch 120/300: loss=0.232037
  Stage 2 epoch 180/300: loss=0.187057
  Stage 2 epoch 240/300: loss=0.146611
  Stage 2 epoch 300/300: loss=0.125415
  Stage 3 epoch 60/300: loss=0.000069
  Stage 3 epoch 120/300: loss=0.000037
  Stage 3 epoch 180/300: loss=0.000030
  Stage 3 epoch 240/300: loss=0.000026
  Stage 3 epoch 300/300: loss=0.000023
  rcMTE@0.1: 0.2779 (452/500 in region)
  rcMTE@0.5: 0.6329 (406/500 in region)
  rcMTE@1.0: 0.9033 (392/500 in region)
  MTE@0.1: 0.4577
  MTE@0.5: 1.0288
  MTE@1.0: 1.4021
  W2@1.0:  1.2947
  sW2@0.1: 0.2340 (452/500 in region)
  sW2@0.2: 0.3352 (428/500 in region)
  sW2@0.5: 0.7013 (406/500 in region)
  sW2@1.0: 1.3868 (392/500 in region)
  MMD@1.0: 0.2747
  Survival@1.0: 98.6%
  Stopped@1.0:  78.4%

============================================================
  N=20 | D=11 (K=4) | hyperbolic_paraboloid | seed=7042
============================================================
    Phase1 Epoch 50/250: loss=0.837426
    Phase1 Epoch 100/250: loss=0.362138
    Phase1 Epoch 150/250: loss=0.028232
    Phase1 Epoch 200/250: loss=0.014188
    Phase1 Epoch 250/250: loss=0.091509
      Phase 2 AE: K_weight=0.0000
        Phase2 Epoch 50/250: loss=0.006725
        Phase2 Epoch 100/250: loss=0.003625
        Phase2 Epoch 150/250: loss=0.003681
        Phase2 Epoch 200/250: loss=0.010418
        Phase2 Epoch 250/250: loss=0.007042
        E_mu=0.0119  E_Sigma=0.0076
      → baseline
  Precomputing encoder-pullback target...
  Stage 2 epoch 60/300: loss=0.756858
  Stage 2 epoch 120/300: loss=0.566666
  Stage 2 epoch 180/300: loss=0.388370
  Stage 2 epoch 240/300: loss=0.301090
  Stage 2 epoch 300/300: loss=0.234092
  Stage 3 epoch 60/300: loss=0.000211
  Stage 3 epoch 120/300: loss=0.000147
  Stage 3 epoch 180/300: loss=0.000123
  Stage 3 epoch 240/300: loss=0.000114
  Stage 3 epoch 300/300: loss=0.000110
  rcMTE@0.1: 0.2707 (457/500 in region)
  rcMTE@0.5: 0.5267 (420/500 in region)
  rcMTE@1.0: 0.6857 (396/500 in region)
  MTE@0.1: 0.4353
  MTE@0.5: 0.8143
  MTE@1.0: 1.0426
  W2@1.0:  0.5768
  sW2@0.1: 0.1909 (457/500 in region)
  sW2@0.2: 0.2672 (438/500 in region)
  sW2@0.5: 0.4125 (420/500 in region)
  sW2@1.0: 0.5807 (396/500 in region)
  MMD@1.0: 0.1651
  Survival@1.0: 99.2%
  Stopped@1.0:  79.2%
      Phase 2 AE: K_weight=0.1000
        Phase2 Epoch 50/250: loss=0.026749
        Phase2 Epoch 100/250: loss=0.006453
        Phase2 Epoch 150/250: loss=0.004005
        Phase2 Epoch 200/250: loss=0.003540
        Phase2 Epoch 250/250: loss=0.003193
        E_mu=0.0081  E_Sigma=0.0026
      → K
  Precomputing encoder-pullback target...
  Stage 2 epoch 60/300: loss=0.784598
  Stage 2 epoch 120/300: loss=0.588012
  Stage 2 epoch 180/300: loss=0.393887
  Stage 2 epoch 240/300: loss=0.303320
  Stage 2 epoch 300/300: loss=0.249303
  Stage 3 epoch 60/300: loss=0.000144
  Stage 3 epoch 120/300: loss=0.000094
  Stage 3 epoch 180/300: loss=0.000076
  Stage 3 epoch 240/300: loss=0.000069
  Stage 3 epoch 300/300: loss=0.000065
  rcMTE@0.1: 0.2653 (457/500 in region)
  rcMTE@0.5: 0.5210 (420/500 in region)
  rcMTE@1.0: 0.6767 (396/500 in region)
  MTE@0.1: 0.4250
  MTE@0.5: 0.8033
  MTE@1.0: 1.0266
  W2@1.0:  0.5559
  sW2@0.1: 0.1720 (457/500 in region)
  sW2@0.2: 0.2479 (438/500 in region)
  sW2@0.5: 0.3877 (420/500 in region)
  sW2@1.0: 0.5591 (396/500 in region)
  MMD@1.0: 0.1547
  Survival@1.0: 99.2%
  Stopped@1.0:  79.2%
      → K+S
  Precomputing encoder-pullback target...
  Stage 2 epoch 60/300: loss=0.784598
  Stage 2 epoch 120/300: loss=0.588012
  Stage 2 epoch 180/300: loss=0.393887
  Stage 2 epoch 240/300: loss=0.303320
  Stage 2 epoch 300/300: loss=0.249303
  Stage 3 epoch 60/300: loss=0.000144
  Stage 3 epoch 120/300: loss=0.000094
  Stage 3 epoch 180/300: loss=0.000076
  Stage 3 epoch 240/300: loss=0.000069
  Stage 3 epoch 300/300: loss=0.000065
  rcMTE@0.1: 0.2653 (457/500 in region)
  rcMTE@0.5: 0.5210 (420/500 in region)
  rcMTE@1.0: 0.6767 (396/500 in region)
  MTE@0.1: 0.4250
  MTE@0.5: 0.8033
  MTE@1.0: 1.0266
  W2@1.0:  0.5559
  sW2@0.1: 0.1720 (457/500 in region)
  sW2@0.2: 0.2479 (438/500 in region)
  sW2@0.5: 0.3877 (420/500 in region)
  sW2@1.0: 0.5591 (396/500 in region)
  MMD@1.0: 0.1547
  Survival@1.0: 99.2%
  Stopped@1.0:  79.2%

============================================================
  N=20 | D=11 (K=4) | hyperbolic_paraboloid | seed=8042
============================================================
    Phase1 Epoch 50/250: loss=0.715452
    Phase1 Epoch 100/250: loss=0.203034
    Phase1 Epoch 150/250: loss=0.044159
    Phase1 Epoch 200/250: loss=0.009860
    Phase1 Epoch 250/250: loss=0.006414
      Phase 2 AE: K_weight=0.0000
        Phase2 Epoch 50/250: loss=0.009747
        Phase2 Epoch 100/250: loss=0.010627
        Phase2 Epoch 150/250: loss=0.002753
        Phase2 Epoch 200/250: loss=0.002403
        Phase2 Epoch 250/250: loss=0.002171
        E_mu=0.0094  E_Sigma=0.0029
      → baseline
  Precomputing encoder-pullback target...
  Stage 2 epoch 60/300: loss=0.915137
  Stage 2 epoch 120/300: loss=0.433735
  Stage 2 epoch 180/300: loss=0.276641
  Stage 2 epoch 240/300: loss=0.214196
  Stage 2 epoch 300/300: loss=0.174450
  Stage 3 epoch 60/300: loss=0.001995
  Stage 3 epoch 120/300: loss=0.001886
  Stage 3 epoch 180/300: loss=0.001841
  Stage 3 epoch 240/300: loss=0.001759
  Stage 3 epoch 300/300: loss=0.001517
  rcMTE@0.1: 0.2571 (448/500 in region)
  rcMTE@0.5: 0.4487 (421/500 in region)
  rcMTE@1.0: 0.5534 (398/500 in region)
  MTE@0.1: 0.4383
  MTE@0.5: 0.7393
  MTE@1.0: 0.9378
  W2@1.0:  0.7684
  sW2@0.1: 0.2177 (448/500 in region)
  sW2@0.2: 0.2613 (438/500 in region)
  sW2@0.5: 0.4141 (421/500 in region)
  sW2@1.0: 0.5906 (398/500 in region)
  MMD@1.0: 0.2007
  Survival@1.0: 99.0%
  Stopped@1.0:  79.6%
      Phase 2 AE: K_weight=0.1000
        Phase2 Epoch 50/250: loss=0.021048
        Phase2 Epoch 100/250: loss=0.003713
        Phase2 Epoch 150/250: loss=0.002584
        Phase2 Epoch 200/250: loss=0.003629
        Phase2 Epoch 250/250: loss=0.002110
        E_mu=0.0085  E_Sigma=0.0025
      → K
  Precomputing encoder-pullback target...
  Stage 2 epoch 60/300: loss=0.925067
  Stage 2 epoch 120/300: loss=0.444406
  Stage 2 epoch 180/300: loss=0.278008
  Stage 2 epoch 240/300: loss=0.213112
  Stage 2 epoch 300/300: loss=0.173616
  Stage 3 epoch 60/300: loss=0.001933
  Stage 3 epoch 120/300: loss=0.001846
  Stage 3 epoch 180/300: loss=0.001803
  Stage 3 epoch 240/300: loss=0.001722
  Stage 3 epoch 300/300: loss=0.001473
  rcMTE@0.1: 0.2571 (448/500 in region)
  rcMTE@0.5: 0.4485 (421/500 in region)
  rcMTE@1.0: 0.5539 (398/500 in region)
  MTE@0.1: 0.4387
  MTE@0.5: 0.7414
  MTE@1.0: 0.9438
  W2@1.0:  0.7824
  sW2@0.1: 0.2186 (448/500 in region)
  sW2@0.2: 0.2609 (438/500 in region)
  sW2@0.5: 0.4167 (421/500 in region)
  sW2@1.0: 0.6017 (398/500 in region)
  MMD@1.0: 0.2022
  Survival@1.0: 99.0%
  Stopped@1.0:  79.6%
      → K+S
  Precomputing encoder-pullback target...
  Stage 2 epoch 60/300: loss=0.925067
  Stage 2 epoch 120/300: loss=0.444406
  Stage 2 epoch 180/300: loss=0.278008
  Stage 2 epoch 240/300: loss=0.213112
  Stage 2 epoch 300/300: loss=0.173616
  Stage 3 epoch 60/300: loss=0.001933
  Stage 3 epoch 120/300: loss=0.001846
  Stage 3 epoch 180/300: loss=0.001803
  Stage 3 epoch 240/300: loss=0.001722
  Stage 3 epoch 300/300: loss=0.001473
  rcMTE@0.1: 0.2571 (448/500 in region)
  rcMTE@0.5: 0.4485 (421/500 in region)
  rcMTE@1.0: 0.5539 (398/500 in region)
  MTE@0.1: 0.4387
  MTE@0.5: 0.7414
  MTE@1.0: 0.9438
  W2@1.0:  0.7824
  sW2@0.1: 0.2186 (448/500 in region)
  sW2@0.2: 0.2609 (438/500 in region)
  sW2@0.5: 0.4167 (421/500 in region)
  sW2@1.0: 0.6017 (398/500 in region)
  MMD@1.0: 0.2022
  Survival@1.0: 99.0%
  Stopped@1.0:  79.6%

============================================================
  N=20 | D=11 (K=4) | hyperbolic_paraboloid | seed=9042
============================================================
    Phase1 Epoch 50/250: loss=0.564332
    Phase1 Epoch 100/250: loss=0.084063
    Phase1 Epoch 150/250: loss=0.021037
    Phase1 Epoch 200/250: loss=0.010570
    Phase1 Epoch 250/250: loss=0.004721
      Phase 2 AE: K_weight=0.0000
        Phase2 Epoch 50/250: loss=0.007596
        Phase2 Epoch 100/250: loss=0.003413
        Phase2 Epoch 150/250: loss=0.002267
        Phase2 Epoch 200/250: loss=0.001899
        Phase2 Epoch 250/250: loss=0.002480
        E_mu=0.0067  E_Sigma=0.0031
      → baseline
  Precomputing encoder-pullback target...
  Stage 2 epoch 60/300: loss=0.632323
  Stage 2 epoch 120/300: loss=0.411506
  Stage 2 epoch 180/300: loss=0.186556
  Stage 2 epoch 240/300: loss=0.104825
  Stage 2 epoch 300/300: loss=0.074008
  Stage 3 epoch 60/300: loss=0.000098
  Stage 3 epoch 120/300: loss=0.000064
  Stage 3 epoch 180/300: loss=0.000052
  Stage 3 epoch 240/300: loss=0.000048
  Stage 3 epoch 300/300: loss=0.000046
  rcMTE@0.1: 0.0999 (444/500 in region)
  rcMTE@0.5: 0.2573 (406/500 in region)
  rcMTE@1.0: 0.3948 (388/500 in region)
  MTE@0.1: 0.1855
  MTE@0.5: 0.4518
  MTE@1.0: 0.6591
  W2@1.0:  0.6792
  sW2@0.1: 0.1677 (444/500 in region)
  sW2@0.2: 0.2258 (429/500 in region)
  sW2@0.5: 0.3618 (406/500 in region)
  sW2@1.0: 0.5820 (388/500 in region)
  MMD@1.0: 0.2014
  Survival@1.0: 99.0%
  Stopped@1.0:  77.6%
      Phase 2 AE: K_weight=0.1000
        Phase2 Epoch 50/250: loss=0.006732
        Phase2 Epoch 100/250: loss=0.002988
        Phase2 Epoch 150/250: loss=0.002341
        Phase2 Epoch 200/250: loss=0.005383
        Phase2 Epoch 250/250: loss=0.003766
        E_mu=0.0080  E_Sigma=0.0041
      → K
  Precomputing encoder-pullback target...
  Stage 2 epoch 60/300: loss=0.616905
  Stage 2 epoch 120/300: loss=0.402381
  Stage 2 epoch 180/300: loss=0.184415
  Stage 2 epoch 240/300: loss=0.101323
  Stage 2 epoch 300/300: loss=0.072871
  Stage 3 epoch 60/300: loss=0.000103
  Stage 3 epoch 120/300: loss=0.000068
  Stage 3 epoch 180/300: loss=0.000056
  Stage 3 epoch 240/300: loss=0.000052
  Stage 3 epoch 300/300: loss=0.000051
  rcMTE@0.1: 0.1019 (444/500 in region)
  rcMTE@0.5: 0.2555 (406/500 in region)
  rcMTE@1.0: 0.3881 (388/500 in region)
  MTE@0.1: 0.1923
  MTE@0.5: 0.4558
  MTE@1.0: 0.6548
  W2@1.0:  0.6673
  sW2@0.1: 0.1742 (444/500 in region)
  sW2@0.2: 0.2301 (429/500 in region)
  sW2@0.5: 0.3621 (406/500 in region)
  sW2@1.0: 0.5741 (388/500 in region)
  MMD@1.0: 0.2014
  Survival@1.0: 99.0%
  Stopped@1.0:  77.6%
      → K+S
  Precomputing encoder-pullback target...
  Stage 2 epoch 60/300: loss=0.616905
  Stage 2 epoch 120/300: loss=0.402381
  Stage 2 epoch 180/300: loss=0.184415
  Stage 2 epoch 240/300: loss=0.101323
  Stage 2 epoch 300/300: loss=0.072871
  Stage 3 epoch 60/300: loss=0.000103
  Stage 3 epoch 120/300: loss=0.000068
  Stage 3 epoch 180/300: loss=0.000056
  Stage 3 epoch 240/300: loss=0.000052
  Stage 3 epoch 300/300: loss=0.000051
  rcMTE@0.1: 0.1019 (444/500 in region)
  rcMTE@0.5: 0.2555 (406/500 in region)
  rcMTE@1.0: 0.3881 (388/500 in region)
  MTE@0.1: 0.1923
  MTE@0.5: 0.4558
  MTE@1.0: 0.6548
  W2@1.0:  0.6673
  sW2@0.1: 0.1742 (444/500 in region)
  sW2@0.2: 0.2301 (429/500 in region)
  sW2@0.5: 0.3621 (406/500 in region)
  sW2@1.0: 0.5741 (388/500 in region)
  MMD@1.0: 0.2014
  Survival@1.0: 99.0%
  Stopped@1.0:  77.6%

  N=20, D=11 completed in 566.7s

============================================================
  N=20 | D=201 (K=99) | paraboloid | seed=42
============================================================
    Phase1 Epoch 50/250: loss=0.740474
    Phase1 Epoch 100/250: loss=0.652069
    Phase1 Epoch 150/250: loss=0.479484
    Phase1 Epoch 200/250: loss=0.291921
    Phase1 Epoch 250/250: loss=0.198237
      Phase 2 AE: K_weight=0.0000
        Phase2 Epoch 50/250: loss=0.212625
        Phase2 Epoch 100/250: loss=0.116626
        Phase2 Epoch 150/250: loss=0.078122
        Phase2 Epoch 200/250: loss=0.057152
        Phase2 Epoch 250/250: loss=0.070645
        E_mu=0.0972  E_Sigma=0.0551
      → baseline
  Precomputing encoder-pullback target...
  Stage 2 epoch 60/300: loss=0.019242
  Stage 2 epoch 120/300: loss=0.016933
  Stage 2 epoch 180/300: loss=0.012147
  Stage 2 epoch 240/300: loss=0.006650
  Stage 2 epoch 300/300: loss=0.004797
  Stage 3 epoch 60/300: loss=0.000002
  Stage 3 epoch 120/300: loss=0.000001
  Stage 3 epoch 180/300: loss=0.000001
  Stage 3 epoch 240/300: loss=0.000001
  Stage 3 epoch 300/300: loss=0.000001
  rcMTE@0.1: 0.3064 (442/500 in region)
  rcMTE@0.5: 0.5747 (402/500 in region)
  rcMTE@1.0: 0.6358 (383/500 in region)
  MTE@0.1: 0.5552
  MTE@0.5: 0.9057
  MTE@1.0: 1.0045
  W2@1.0:  0.7614
  sW2@0.1: 0.3822 (442/500 in region)
  sW2@0.2: 0.4635 (428/500 in region)
  sW2@0.5: 0.6703 (402/500 in region)
  sW2@1.0: 0.7514 (383/500 in region)
  MMD@1.0: 0.3612
  Survival@1.0: 98.6%
  Stopped@1.0:  76.6%
      Phase 2 AE: K_weight=0.4275
        Phase2 Epoch 50/250: loss=0.158385
        Phase2 Epoch 100/250: loss=0.152466
        Phase2 Epoch 150/250: loss=0.071744
        Phase2 Epoch 200/250: loss=0.095819
        Phase2 Epoch 250/250: loss=0.065994
        E_mu=0.0938  E_Sigma=0.0909
      → K
  Precomputing encoder-pullback target...
  Stage 2 epoch 60/300: loss=0.018781
  Stage 2 epoch 120/300: loss=0.016053
  Stage 2 epoch 180/300: loss=0.009992
  Stage 2 epoch 240/300: loss=0.005612
  Stage 2 epoch 300/300: loss=0.004768
  Stage 3 epoch 60/300: loss=0.000002
  Stage 3 epoch 120/300: loss=0.000002
  Stage 3 epoch 180/300: loss=0.000002
  Stage 3 epoch 240/300: loss=0.000002
  Stage 3 epoch 300/300: loss=0.000002
  rcMTE@0.1: 0.3520 (442/500 in region)
  rcMTE@0.5: 0.6248 (402/500 in region)
  rcMTE@1.0: 0.6754 (383/500 in region)
  MTE@0.1: 0.5954
  MTE@0.5: 0.9425
  MTE@1.0: 1.0406
  W2@1.0:  0.8680
  sW2@0.1: 0.4762 (442/500 in region)
  sW2@0.2: 0.5688 (428/500 in region)
  sW2@0.5: 0.7965 (402/500 in region)
  sW2@1.0: 0.8739 (383/500 in region)
  MMD@1.0: 0.3956
  Survival@1.0: 98.6%
  Stopped@1.0:  76.6%
      → K+S
  Precomputing encoder-pullback target...
  Stage 2 epoch 60/300: loss=0.018781
  Stage 2 epoch 120/300: loss=0.016053
  Stage 2 epoch 180/300: loss=0.009992
  Stage 2 epoch 240/300: loss=0.005612
  Stage 2 epoch 300/300: loss=0.004768
  Stage 3 epoch 60/300: loss=0.000002
  Stage 3 epoch 120/300: loss=0.000002
  Stage 3 epoch 180/300: loss=0.000002
  Stage 3 epoch 240/300: loss=0.000002
  Stage 3 epoch 300/300: loss=0.000002
  rcMTE@0.1: 0.3520 (442/500 in region)
  rcMTE@0.5: 0.6248 (402/500 in region)
  rcMTE@1.0: 0.6754 (383/500 in region)
  MTE@0.1: 0.5954
  MTE@0.5: 0.9425
  MTE@1.0: 1.0406
  W2@1.0:  0.8680
  sW2@0.1: 0.4762 (442/500 in region)
  sW2@0.2: 0.5688 (428/500 in region)
  sW2@0.5: 0.7965 (402/500 in region)
  sW2@1.0: 0.8739 (383/500 in region)
  MMD@1.0: 0.3956
  Survival@1.0: 98.6%
  Stopped@1.0:  76.6%

============================================================
  N=20 | D=201 (K=99) | paraboloid | seed=1042
============================================================
    Phase1 Epoch 50/250: loss=0.619993
    Phase1 Epoch 100/250: loss=0.549910
    Phase1 Epoch 150/250: loss=0.343375
    Phase1 Epoch 200/250: loss=0.164847
    Phase1 Epoch 250/250: loss=0.159083
      Phase 2 AE: K_weight=0.0000
        Phase2 Epoch 50/250: loss=0.140046
        Phase2 Epoch 100/250: loss=0.131802
        Phase2 Epoch 150/250: loss=0.065926
        Phase2 Epoch 200/250: loss=0.070592
        Phase2 Epoch 250/250: loss=0.059574
        E_mu=0.0827  E_Sigma=0.0398
      → baseline
  Precomputing encoder-pullback target...
  Stage 2 epoch 60/300: loss=0.019838
  Stage 2 epoch 120/300: loss=0.017355
  Stage 2 epoch 180/300: loss=0.013828
  Stage 2 epoch 240/300: loss=0.012005
  Stage 2 epoch 300/300: loss=0.010141
  Stage 3 epoch 60/300: loss=0.000001
  Stage 3 epoch 120/300: loss=0.000001
  Stage 3 epoch 180/300: loss=0.000001
  Stage 3 epoch 240/300: loss=0.000001
  Stage 3 epoch 300/300: loss=0.000001
  rcMTE@0.1: 0.3861 (455/500 in region)
  rcMTE@0.5: 0.6595 (418/500 in region)
  rcMTE@1.0: 0.7749 (400/500 in region)
  MTE@0.1: 0.7112
  MTE@0.5: 1.0475
  MTE@1.0: 1.1689
  W2@1.0:  0.4006
  sW2@0.1: 0.3432 (455/500 in region)
  sW2@0.2: 0.3618 (440/500 in region)
  sW2@0.5: 0.3774 (418/500 in region)
  sW2@1.0: 0.3928 (400/500 in region)
  MMD@1.0: 0.1677
  Survival@1.0: 99.4%
  Stopped@1.0:  80.0%
      Phase 2 AE: K_weight=0.4275
        Phase2 Epoch 50/250: loss=0.176332
        Phase2 Epoch 100/250: loss=0.091389
        Phase2 Epoch 150/250: loss=0.058756
        Phase2 Epoch 200/250: loss=0.048353
        Phase2 Epoch 250/250: loss=0.082107
        E_mu=0.0658  E_Sigma=0.0334
      → K
  Precomputing encoder-pullback target...
  Stage 2 epoch 60/300: loss=0.018857
  Stage 2 epoch 120/300: loss=0.016652
  Stage 2 epoch 180/300: loss=0.013929
  Stage 2 epoch 240/300: loss=0.012404
  Stage 2 epoch 300/300: loss=0.010119
  Stage 3 epoch 60/300: loss=0.000001
  Stage 3 epoch 120/300: loss=0.000001
  Stage 3 epoch 180/300: loss=0.000001
  Stage 3 epoch 240/300: loss=0.000001
  Stage 3 epoch 300/300: loss=0.000001
  rcMTE@0.1: 0.3898 (455/500 in region)
  rcMTE@0.5: 0.6550 (418/500 in region)
  rcMTE@1.0: 0.7629 (400/500 in region)
  MTE@0.1: 0.9054
  MTE@0.5: 1.1937
  MTE@1.0: 1.2922
  W2@1.0:  0.6553
  sW2@0.1: 0.6218 (455/500 in region)
  sW2@0.2: 0.6353 (440/500 in region)
  sW2@0.5: 0.6441 (418/500 in region)
  sW2@1.0: 0.6415 (400/500 in region)
  MMD@1.0: 0.3646
  Survival@1.0: 99.4%
  Stopped@1.0:  80.0%
      → K+S
  Precomputing encoder-pullback target...
  Stage 2 epoch 60/300: loss=0.018857
  Stage 2 epoch 120/300: loss=0.016652
  Stage 2 epoch 180/300: loss=0.013929
  Stage 2 epoch 240/300: loss=0.012404
  Stage 2 epoch 300/300: loss=0.010119
  Stage 3 epoch 60/300: loss=0.000001
  Stage 3 epoch 120/300: loss=0.000001
  Stage 3 epoch 180/300: loss=0.000001
  Stage 3 epoch 240/300: loss=0.000001
  Stage 3 epoch 300/300: loss=0.000001
  rcMTE@0.1: 0.3898 (455/500 in region)
  rcMTE@0.5: 0.6550 (418/500 in region)
  rcMTE@1.0: 0.7629 (400/500 in region)
  MTE@0.1: 0.9054
  MTE@0.5: 1.1937
  MTE@1.0: 1.2922
  W2@1.0:  0.6553
  sW2@0.1: 0.6218 (455/500 in region)
  sW2@0.2: 0.6353 (440/500 in region)
  sW2@0.5: 0.6441 (418/500 in region)
  sW2@1.0: 0.6415 (400/500 in region)
  MMD@1.0: 0.3646
  Survival@1.0: 99.4%
  Stopped@1.0:  80.0%

============================================================
  N=20 | D=201 (K=99) | paraboloid | seed=2042
============================================================
    Phase1 Epoch 50/250: loss=0.716787
    Phase1 Epoch 100/250: loss=0.546220
    Phase1 Epoch 150/250: loss=0.247855
    Phase1 Epoch 200/250: loss=0.125243
    Phase1 Epoch 250/250: loss=0.136839
      Phase 2 AE: K_weight=0.0000
        Phase2 Epoch 50/250: loss=0.146195
        Phase2 Epoch 100/250: loss=0.101938
        Phase2 Epoch 150/250: loss=0.054540
        Phase2 Epoch 200/250: loss=0.032656
        Phase2 Epoch 250/250: loss=0.044386
        E_mu=0.0779  E_Sigma=0.0453
      → baseline
  Precomputing encoder-pullback target...
  Stage 2 epoch 60/300: loss=0.010906
  Stage 2 epoch 120/300: loss=0.010616
  Stage 2 epoch 180/300: loss=0.010114
  Stage 2 epoch 240/300: loss=0.008642
  Stage 2 epoch 300/300: loss=0.005252
  Stage 3 epoch 60/300: loss=0.000001
  Stage 3 epoch 120/300: loss=0.000001
  Stage 3 epoch 180/300: loss=0.000001
  Stage 3 epoch 240/300: loss=0.000001
  Stage 3 epoch 300/300: loss=0.000001
  rcMTE@0.1: 0.1828 (454/500 in region)
  rcMTE@0.5: 0.2422 (422/500 in region)
  rcMTE@1.0: 0.3456 (406/500 in region)
  MTE@0.1: 0.4772
  MTE@0.5: 0.6466
  MTE@1.0: 0.8278
  W2@1.0:  0.7590
  sW2@0.1: 0.4505 (454/500 in region)
  sW2@0.2: 0.4716 (441/500 in region)
  sW2@0.5: 0.5677 (422/500 in region)
  sW2@1.0: 0.7451 (406/500 in region)
  MMD@1.0: 0.2773
  Survival@1.0: 98.2%
  Stopped@1.0:  81.2%
      Phase 2 AE: K_weight=0.4275
        Phase2 Epoch 50/250: loss=0.061654
        Phase2 Epoch 100/250: loss=0.068368
        Phase2 Epoch 150/250: loss=0.043177
        Phase2 Epoch 200/250: loss=0.042776
        Phase2 Epoch 250/250: loss=0.033388
        E_mu=0.0457  E_Sigma=0.0187
      → K
  Precomputing encoder-pullback target...
  Stage 2 epoch 60/300: loss=0.011343
  Stage 2 epoch 120/300: loss=0.010899
  Stage 2 epoch 180/300: loss=0.010078
  Stage 2 epoch 240/300: loss=0.007623
  Stage 2 epoch 300/300: loss=0.004330
  Stage 3 epoch 60/300: loss=0.000001
  Stage 3 epoch 120/300: loss=0.000001
  Stage 3 epoch 180/300: loss=0.000001
  Stage 3 epoch 240/300: loss=0.000001
  Stage 3 epoch 300/300: loss=0.000001
  rcMTE@0.1: 0.1222 (454/500 in region)
  rcMTE@0.5: 0.3035 (422/500 in region)
  rcMTE@1.0: 0.4556 (406/500 in region)
  MTE@0.1: 0.2823
  MTE@0.5: 0.6074
  MTE@1.0: 0.8938
  W2@1.0:  1.0142
  sW2@0.1: 0.2562 (454/500 in region)
  sW2@0.2: 0.3366 (441/500 in region)
  sW2@0.5: 0.6352 (422/500 in region)
  sW2@1.0: 0.9899 (406/500 in region)
  MMD@1.0: 0.2203
  Survival@1.0: 98.2%
  Stopped@1.0:  81.2%
      → K+S
  Precomputing encoder-pullback target...
  Stage 2 epoch 60/300: loss=0.011343
  Stage 2 epoch 120/300: loss=0.010899
  Stage 2 epoch 180/300: loss=0.010078
  Stage 2 epoch 240/300: loss=0.007623
  Stage 2 epoch 300/300: loss=0.004330
  Stage 3 epoch 60/300: loss=0.000001
  Stage 3 epoch 120/300: loss=0.000001
  Stage 3 epoch 180/300: loss=0.000001
  Stage 3 epoch 240/300: loss=0.000001
  Stage 3 epoch 300/300: loss=0.000001
  rcMTE@0.1: 0.1222 (454/500 in region)
  rcMTE@0.5: 0.3035 (422/500 in region)
  rcMTE@1.0: 0.4556 (406/500 in region)
  MTE@0.1: 0.2823
  MTE@0.5: 0.6074
  MTE@1.0: 0.8938
  W2@1.0:  1.0142
  sW2@0.1: 0.2562 (454/500 in region)
  sW2@0.2: 0.3366 (441/500 in region)
  sW2@0.5: 0.6352 (422/500 in region)
  sW2@1.0: 0.9899 (406/500 in region)
  MMD@1.0: 0.2203
  Survival@1.0: 98.2%
  Stopped@1.0:  81.2%

============================================================
  N=20 | D=201 (K=99) | paraboloid | seed=3042
============================================================
    Phase1 Epoch 50/250: loss=0.757202
    Phase1 Epoch 100/250: loss=0.600005
    Phase1 Epoch 150/250: loss=0.495966
    Phase1 Epoch 200/250: loss=0.230745
    Phase1 Epoch 250/250: loss=0.213899
      Phase 2 AE: K_weight=0.0000
        Phase2 Epoch 50/250: loss=0.079171
        Phase2 Epoch 100/250: loss=0.135019
        Phase2 Epoch 150/250: loss=0.057274
        Phase2 Epoch 200/250: loss=0.038517
        Phase2 Epoch 250/250: loss=0.043684
        E_mu=0.0707  E_Sigma=0.0402
      → baseline
  Precomputing encoder-pullback target...
  Stage 2 epoch 60/300: loss=0.027984
  Stage 2 epoch 120/300: loss=0.023335
  Stage 2 epoch 180/300: loss=0.014830
  Stage 2 epoch 240/300: loss=0.007144
  Stage 2 epoch 300/300: loss=0.003134
  Stage 3 epoch 60/300: loss=0.000008
  Stage 3 epoch 120/300: loss=0.000006
  Stage 3 epoch 180/300: loss=0.000004
  Stage 3 epoch 240/300: loss=0.000003
  Stage 3 epoch 300/300: loss=0.000002
  rcMTE@0.1: 0.1929 (456/500 in region)
  rcMTE@0.5: 0.3404 (402/500 in region)
  rcMTE@1.0: 0.4612 (381/500 in region)
  MTE@0.1: 0.5558
  MTE@0.5: 0.7199
  MTE@1.0: 0.8471
  W2@1.0:  0.7081
  sW2@0.1: 0.4632 (456/500 in region)
  sW2@0.2: 0.4615 (434/500 in region)
  sW2@0.5: 0.5287 (402/500 in region)
  sW2@1.0: 0.7240 (381/500 in region)
  MMD@1.0: 0.2599
  Survival@1.0: 97.4%
  Stopped@1.0:  76.2%
      Phase 2 AE: K_weight=0.4275
        Phase2 Epoch 50/250: loss=0.102347
        Phase2 Epoch 100/250: loss=0.067840
        Phase2 Epoch 150/250: loss=0.047938
        Phase2 Epoch 200/250: loss=0.032207
        Phase2 Epoch 250/250: loss=0.017193
        E_mu=0.0495  E_Sigma=0.0224
      → K
  Precomputing encoder-pullback target...
  Stage 2 epoch 60/300: loss=0.028850
  Stage 2 epoch 120/300: loss=0.023483
  Stage 2 epoch 180/300: loss=0.015890
  Stage 2 epoch 240/300: loss=0.008380
  Stage 2 epoch 300/300: loss=0.003333
  Stage 3 epoch 60/300: loss=0.000002
  Stage 3 epoch 120/300: loss=0.000001
  Stage 3 epoch 180/300: loss=0.000001
  Stage 3 epoch 240/300: loss=0.000001
  Stage 3 epoch 300/300: loss=0.000001
  rcMTE@0.1: 0.1423 (456/500 in region)
  rcMTE@0.5: 0.2771 (402/500 in region)
  rcMTE@1.0: 0.3680 (381/500 in region)
  MTE@0.1: 0.4138
  MTE@0.5: 0.6058
  MTE@1.0: 0.7099
  W2@1.0:  0.6640
  sW2@0.1: 0.3942 (456/500 in region)
  sW2@0.2: 0.4513 (434/500 in region)
  sW2@0.5: 0.5705 (402/500 in region)
  sW2@1.0: 0.7164 (381/500 in region)
  MMD@1.0: 0.2858
  Survival@1.0: 97.4%
  Stopped@1.0:  76.2%
      → K+S
  Precomputing encoder-pullback target...
  Stage 2 epoch 60/300: loss=0.028850
  Stage 2 epoch 120/300: loss=0.023483
  Stage 2 epoch 180/300: loss=0.015890
  Stage 2 epoch 240/300: loss=0.008380
  Stage 2 epoch 300/300: loss=0.003333
  Stage 3 epoch 60/300: loss=0.000002
  Stage 3 epoch 120/300: loss=0.000001
  Stage 3 epoch 180/300: loss=0.000001
  Stage 3 epoch 240/300: loss=0.000001
  Stage 3 epoch 300/300: loss=0.000001
  rcMTE@0.1: 0.1423 (456/500 in region)
  rcMTE@0.5: 0.2771 (402/500 in region)
  rcMTE@1.0: 0.3680 (381/500 in region)
  MTE@0.1: 0.4138
  MTE@0.5: 0.6058
  MTE@1.0: 0.7099
  W2@1.0:  0.6640
  sW2@0.1: 0.3942 (456/500 in region)
  sW2@0.2: 0.4513 (434/500 in region)
  sW2@0.5: 0.5705 (402/500 in region)
  sW2@1.0: 0.7164 (381/500 in region)
  MMD@1.0: 0.2858
  Survival@1.0: 97.4%
  Stopped@1.0:  76.2%

============================================================
  N=20 | D=201 (K=99) | paraboloid | seed=4042
============================================================
    Phase1 Epoch 50/250: loss=0.887422
    Phase1 Epoch 100/250: loss=0.608173
    Phase1 Epoch 150/250: loss=0.341513
    Phase1 Epoch 200/250: loss=0.136087
    Phase1 Epoch 250/250: loss=0.121268
      Phase 2 AE: K_weight=0.0000
        Phase2 Epoch 50/250: loss=0.112567
        Phase2 Epoch 100/250: loss=0.061720
        Phase2 Epoch 150/250: loss=0.063274
        Phase2 Epoch 200/250: loss=0.080061
        Phase2 Epoch 250/250: loss=0.045710
        E_mu=0.0573  E_Sigma=0.0276
      → baseline
  Precomputing encoder-pullback target...
  Stage 2 epoch 60/300: loss=0.029701
  Stage 2 epoch 120/300: loss=0.022125
  Stage 2 epoch 180/300: loss=0.013802
  Stage 2 epoch 240/300: loss=0.007946
  Stage 2 epoch 300/300: loss=0.005343
  Stage 3 epoch 60/300: loss=0.000001
  Stage 3 epoch 120/300: loss=0.000001
  Stage 3 epoch 180/300: loss=0.000001
  Stage 3 epoch 240/300: loss=0.000001
  Stage 3 epoch 300/300: loss=0.000001
  rcMTE@0.1: 0.2612 (443/500 in region)
  rcMTE@0.5: 0.4869 (407/500 in region)
  rcMTE@1.0: 0.6522 (384/500 in region)
  MTE@0.1: 0.4950
  MTE@0.5: 0.8145
  MTE@1.0: 1.0876
  W2@1.0:  0.9467
  sW2@0.1: 0.2463 (443/500 in region)
  sW2@0.2: 0.2954 (424/500 in region)
  sW2@0.5: 0.4692 (407/500 in region)
  sW2@1.0: 0.9772 (384/500 in region)
  MMD@1.0: 0.2272
  Survival@1.0: 98.8%
  Stopped@1.0:  76.8%
      Phase 2 AE: K_weight=0.4275
        Phase2 Epoch 50/250: loss=0.107628
        Phase2 Epoch 100/250: loss=0.083140
        Phase2 Epoch 150/250: loss=0.075052
        Phase2 Epoch 200/250: loss=0.045220
        Phase2 Epoch 250/250: loss=0.048346
        E_mu=0.0751  E_Sigma=0.0398
      → K
  Precomputing encoder-pullback target...
  Stage 2 epoch 60/300: loss=0.032981
  Stage 2 epoch 120/300: loss=0.024947
  Stage 2 epoch 180/300: loss=0.015376
  Stage 2 epoch 240/300: loss=0.008482
  Stage 2 epoch 300/300: loss=0.005539
  Stage 3 epoch 60/300: loss=0.000001
  Stage 3 epoch 120/300: loss=0.000001
  Stage 3 epoch 180/300: loss=0.000001
  Stage 3 epoch 240/300: loss=0.000001
  Stage 3 epoch 300/300: loss=0.000001
  rcMTE@0.1: 0.2764 (443/500 in region)
  rcMTE@0.5: 0.5025 (407/500 in region)
  rcMTE@1.0: 0.6559 (384/500 in region)
  MTE@0.1: 0.5687
  MTE@0.5: 0.8825
  MTE@1.0: 1.1367
  W2@1.0:  0.9925
  sW2@0.1: 0.3608 (443/500 in region)
  sW2@0.2: 0.4194 (424/500 in region)
  sW2@0.5: 0.5694 (407/500 in region)
  sW2@1.0: 1.0220 (384/500 in region)
  MMD@1.0: 0.2753
  Survival@1.0: 98.8%
  Stopped@1.0:  76.8%
      → K+S
  Precomputing encoder-pullback target...
  Stage 2 epoch 60/300: loss=0.032981
  Stage 2 epoch 120/300: loss=0.024947
  Stage 2 epoch 180/300: loss=0.015376
  Stage 2 epoch 240/300: loss=0.008482
  Stage 2 epoch 300/300: loss=0.005539
  Stage 3 epoch 60/300: loss=0.000001
  Stage 3 epoch 120/300: loss=0.000001
  Stage 3 epoch 180/300: loss=0.000001
  Stage 3 epoch 240/300: loss=0.000001
  Stage 3 epoch 300/300: loss=0.000001
  rcMTE@0.1: 0.2764 (443/500 in region)
  rcMTE@0.5: 0.5025 (407/500 in region)
  rcMTE@1.0: 0.6559 (384/500 in region)
  MTE@0.1: 0.5687
  MTE@0.5: 0.8825
  MTE@1.0: 1.1367
  W2@1.0:  0.9925
  sW2@0.1: 0.3608 (443/500 in region)
  sW2@0.2: 0.4194 (424/500 in region)
  sW2@0.5: 0.5694 (407/500 in region)
  sW2@1.0: 1.0220 (384/500 in region)
  MMD@1.0: 0.2753
  Survival@1.0: 98.8%
  Stopped@1.0:  76.8%

============================================================
  N=20 | D=201 (K=99) | paraboloid | seed=5042
============================================================
    Phase1 Epoch 50/250: loss=0.689622
    Phase1 Epoch 100/250: loss=0.536460
    Phase1 Epoch 150/250: loss=0.212341
    Phase1 Epoch 200/250: loss=0.163353
    Phase1 Epoch 250/250: loss=0.080189
      Phase 2 AE: K_weight=0.0000
        Phase2 Epoch 50/250: loss=0.083829
        Phase2 Epoch 100/250: loss=0.081931
        Phase2 Epoch 150/250: loss=0.071881
        Phase2 Epoch 200/250: loss=0.068866
        Phase2 Epoch 250/250: loss=0.030916
        E_mu=0.0423  E_Sigma=0.0293
      → baseline
  Precomputing encoder-pullback target...
  Stage 2 epoch 60/300: loss=0.024338
  Stage 2 epoch 120/300: loss=0.020154
  Stage 2 epoch 180/300: loss=0.016168
  Stage 2 epoch 240/300: loss=0.012578
  Stage 2 epoch 300/300: loss=0.007562
  Stage 3 epoch 60/300: loss=0.000001
  Stage 3 epoch 120/300: loss=0.000001
  Stage 3 epoch 180/300: loss=0.000001
  Stage 3 epoch 240/300: loss=0.000001
  Stage 3 epoch 300/300: loss=0.000001
  rcMTE@0.1: 0.3117 (454/500 in region)
  rcMTE@0.5: 0.5193 (420/500 in region)
  rcMTE@1.0: 0.6451 (403/500 in region)
  MTE@0.1: 0.5307
  MTE@0.5: 0.8279
  MTE@1.0: 0.9618
  W2@1.0:  0.6275
  sW2@0.1: 0.3085 (454/500 in region)
  sW2@0.2: 0.3411 (435/500 in region)
  sW2@0.5: 0.4764 (420/500 in region)
  sW2@1.0: 0.5890 (403/500 in region)
  MMD@1.0: 0.3332
  Survival@1.0: 98.8%
  Stopped@1.0:  80.6%
      Phase 2 AE: K_weight=0.4275
        Phase2 Epoch 50/250: loss=0.094691
        Phase2 Epoch 100/250: loss=0.081766
        Phase2 Epoch 150/250: loss=0.043953
        Phase2 Epoch 200/250: loss=0.103455
        Phase2 Epoch 250/250: loss=0.045506
        E_mu=0.0344  E_Sigma=0.0199
      → K
  Precomputing encoder-pullback target...
  Stage 2 epoch 60/300: loss=0.028250
  Stage 2 epoch 120/300: loss=0.023779
  Stage 2 epoch 180/300: loss=0.019163
  Stage 2 epoch 240/300: loss=0.013487
  Stage 2 epoch 300/300: loss=0.006490
  Stage 3 epoch 60/300: loss=0.000001
  Stage 3 epoch 120/300: loss=0.000001
  Stage 3 epoch 180/300: loss=0.000001
  Stage 3 epoch 240/300: loss=0.000001
  Stage 3 epoch 300/300: loss=0.000001
  rcMTE@0.1: 0.2958 (454/500 in region)
  rcMTE@0.5: 0.4839 (420/500 in region)
  rcMTE@1.0: 0.5999 (403/500 in region)
  MTE@0.1: 0.9834
  MTE@0.5: 1.1664
  MTE@1.0: 1.2421
  W2@1.0:  0.9235
  sW2@0.1: 0.8541 (454/500 in region)
  sW2@0.2: 0.8555 (435/500 in region)
  sW2@0.5: 0.8778 (420/500 in region)
  sW2@1.0: 0.9056 (403/500 in region)
  MMD@1.0: 0.5644
  Survival@1.0: 98.8%
  Stopped@1.0:  80.6%
      → K+S
  Precomputing encoder-pullback target...
  Stage 2 epoch 60/300: loss=0.028250
  Stage 2 epoch 120/300: loss=0.023779
  Stage 2 epoch 180/300: loss=0.019163
  Stage 2 epoch 240/300: loss=0.013487
  Stage 2 epoch 300/300: loss=0.006490
  Stage 3 epoch 60/300: loss=0.000001
  Stage 3 epoch 120/300: loss=0.000001
  Stage 3 epoch 180/300: loss=0.000001
  Stage 3 epoch 240/300: loss=0.000001
  Stage 3 epoch 300/300: loss=0.000001
  rcMTE@0.1: 0.2958 (454/500 in region)
  rcMTE@0.5: 0.4839 (420/500 in region)
  rcMTE@1.0: 0.5999 (403/500 in region)
  MTE@0.1: 0.9834
  MTE@0.5: 1.1664
  MTE@1.0: 1.2421
  W2@1.0:  0.9235
  sW2@0.1: 0.8541 (454/500 in region)
  sW2@0.2: 0.8555 (435/500 in region)
  sW2@0.5: 0.8778 (420/500 in region)
  sW2@1.0: 0.9056 (403/500 in region)
  MMD@1.0: 0.5644
  Survival@1.0: 98.8%
  Stopped@1.0:  80.6%

============================================================
  N=20 | D=201 (K=99) | paraboloid | seed=6042
============================================================
    Phase1 Epoch 50/250: loss=0.865482
    Phase1 Epoch 100/250: loss=0.579910
    Phase1 Epoch 150/250: loss=0.178064
    Phase1 Epoch 200/250: loss=0.111278
    Phase1 Epoch 250/250: loss=0.051264
      Phase 2 AE: K_weight=0.0000
        Phase2 Epoch 50/250: loss=0.067421
        Phase2 Epoch 100/250: loss=0.026378
        Phase2 Epoch 150/250: loss=0.035820
        Phase2 Epoch 200/250: loss=0.025516
        Phase2 Epoch 250/250: loss=0.020310
        E_mu=0.0363  E_Sigma=0.0149
      → baseline
  Precomputing encoder-pullback target...
  Stage 2 epoch 60/300: loss=0.027898
  Stage 2 epoch 120/300: loss=0.019492
  Stage 2 epoch 180/300: loss=0.016351
  Stage 2 epoch 240/300: loss=0.011101
  Stage 2 epoch 300/300: loss=0.004250
  Stage 3 epoch 60/300: loss=0.000005
  Stage 3 epoch 120/300: loss=0.000004
  Stage 3 epoch 180/300: loss=0.000003
  Stage 3 epoch 240/300: loss=0.000002
  Stage 3 epoch 300/300: loss=0.000001
  rcMTE@0.1: 0.2163 (452/500 in region)
  rcMTE@0.5: 0.4376 (406/500 in region)
  rcMTE@1.0: 0.5276 (392/500 in region)
  MTE@0.1: 0.4427
  MTE@0.5: 0.7874
  MTE@1.0: 0.8587
  W2@1.0:  0.4511
  sW2@0.1: 0.2881 (452/500 in region)
  sW2@0.2: 0.3189 (428/500 in region)
  sW2@0.5: 0.4097 (406/500 in region)
  sW2@1.0: 0.4595 (392/500 in region)
  MMD@1.0: 0.1575
  Survival@1.0: 98.6%
  Stopped@1.0:  78.4%
      Phase 2 AE: K_weight=0.4275
        Phase2 Epoch 50/250: loss=0.045786
        Phase2 Epoch 100/250: loss=0.041982
        Phase2 Epoch 150/250: loss=0.075037
        Phase2 Epoch 200/250: loss=0.012144
        Phase2 Epoch 250/250: loss=0.008194
        E_mu=0.0233  E_Sigma=0.0111
      → K
  Precomputing encoder-pullback target...
  Stage 2 epoch 60/300: loss=0.024725
  Stage 2 epoch 120/300: loss=0.016964
  Stage 2 epoch 180/300: loss=0.014168
  Stage 2 epoch 240/300: loss=0.010196
  Stage 2 epoch 300/300: loss=0.004283
  Stage 3 epoch 60/300: loss=0.000004
  Stage 3 epoch 120/300: loss=0.000004
  Stage 3 epoch 180/300: loss=0.000004
  Stage 3 epoch 240/300: loss=0.000003
  Stage 3 epoch 300/300: loss=0.000001
  rcMTE@0.1: 0.2212 (452/500 in region)
  rcMTE@0.5: 0.4613 (406/500 in region)
  rcMTE@1.0: 0.5725 (392/500 in region)
  MTE@0.1: 0.4080
  MTE@0.5: 0.7974
  MTE@1.0: 0.9131
  W2@1.0:  0.5106
  sW2@0.1: 0.2539 (452/500 in region)
  sW2@0.2: 0.2991 (428/500 in region)
  sW2@0.5: 0.4396 (406/500 in region)
  sW2@1.0: 0.5726 (392/500 in region)
  MMD@1.0: 0.1356
  Survival@1.0: 98.6%
  Stopped@1.0:  78.4%
      → K+S
  Precomputing encoder-pullback target...
  Stage 2 epoch 60/300: loss=0.024725
  Stage 2 epoch 120/300: loss=0.016964
  Stage 2 epoch 180/300: loss=0.014168
  Stage 2 epoch 240/300: loss=0.010196
  Stage 2 epoch 300/300: loss=0.004283
  Stage 3 epoch 60/300: loss=0.000004
  Stage 3 epoch 120/300: loss=0.000004
  Stage 3 epoch 180/300: loss=0.000004
  Stage 3 epoch 240/300: loss=0.000003
  Stage 3 epoch 300/300: loss=0.000001
  rcMTE@0.1: 0.2212 (452/500 in region)
  rcMTE@0.5: 0.4613 (406/500 in region)
  rcMTE@1.0: 0.5725 (392/500 in region)
  MTE@0.1: 0.4080
  MTE@0.5: 0.7974
  MTE@1.0: 0.9131
  W2@1.0:  0.5106
  sW2@0.1: 0.2539 (452/500 in region)
  sW2@0.2: 0.2991 (428/500 in region)
  sW2@0.5: 0.4396 (406/500 in region)
  sW2@1.0: 0.5726 (392/500 in region)
  MMD@1.0: 0.1356
  Survival@1.0: 98.6%
  Stopped@1.0:  78.4%

============================================================
  N=20 | D=201 (K=99) | paraboloid | seed=7042
============================================================
    Phase1 Epoch 50/250: loss=0.849038
    Phase1 Epoch 100/250: loss=0.669399
    Phase1 Epoch 150/250: loss=0.331737
    Phase1 Epoch 200/250: loss=0.202093
    Phase1 Epoch 250/250: loss=0.159924
      Phase 2 AE: K_weight=0.0000
        Phase2 Epoch 50/250: loss=0.130600
        Phase2 Epoch 100/250: loss=0.057172
        Phase2 Epoch 150/250: loss=0.053468
        Phase2 Epoch 200/250: loss=0.058179
        Phase2 Epoch 250/250: loss=0.032045
        E_mu=0.0318  E_Sigma=0.0158
      → baseline
  Precomputing encoder-pullback target...
  Stage 2 epoch 60/300: loss=0.102825
  Stage 2 epoch 120/300: loss=0.081507
  Stage 2 epoch 180/300: loss=0.055371
  Stage 2 epoch 240/300: loss=0.037710
  Stage 2 epoch 300/300: loss=0.030339
  Stage 3 epoch 60/300: loss=0.000007
  Stage 3 epoch 120/300: loss=0.000007
  Stage 3 epoch 180/300: loss=0.000006
  Stage 3 epoch 240/300: loss=0.000005
  Stage 3 epoch 300/300: loss=0.000002
  rcMTE@0.1: 0.3209 (457/500 in region)
  rcMTE@0.5: 0.5620 (420/500 in region)
  rcMTE@1.0: 0.6585 (396/500 in region)
  MTE@0.1: 0.6061
  MTE@0.5: 0.9390
  MTE@1.0: 1.0723
  W2@1.0:  0.4965
  sW2@0.1: 0.3456 (457/500 in region)
  sW2@0.2: 0.3807 (438/500 in region)
  sW2@0.5: 0.4606 (420/500 in region)
  sW2@1.0: 0.4904 (396/500 in region)
  MMD@1.0: 0.2189
  Survival@1.0: 99.2%
  Stopped@1.0:  79.2%
      Phase 2 AE: K_weight=0.4275
        Phase2 Epoch 50/250: loss=0.173561
        Phase2 Epoch 100/250: loss=0.082831
        Phase2 Epoch 150/250: loss=0.042600
        Phase2 Epoch 200/250: loss=0.034159
        Phase2 Epoch 250/250: loss=0.048649
        E_mu=0.0431  E_Sigma=0.0184
      → K
  Precomputing encoder-pullback target...
  Stage 2 epoch 60/300: loss=0.087849
  Stage 2 epoch 120/300: loss=0.070534
  Stage 2 epoch 180/300: loss=0.049078
  Stage 2 epoch 240/300: loss=0.034272
  Stage 2 epoch 300/300: loss=0.027660
  Stage 3 epoch 60/300: loss=0.000007
  Stage 3 epoch 120/300: loss=0.000007
  Stage 3 epoch 180/300: loss=0.000006
  Stage 3 epoch 240/300: loss=0.000005
  Stage 3 epoch 300/300: loss=0.000003
  rcMTE@0.1: 0.3203 (457/500 in region)
  rcMTE@0.5: 0.5574 (420/500 in region)
  rcMTE@1.0: 0.6572 (396/500 in region)
  MTE@0.1: 1.2036
  MTE@0.5: 1.4249
  MTE@1.0: 1.5311
  W2@1.0:  1.1456
  sW2@0.1: 1.0692 (457/500 in region)
  sW2@0.2: 1.0767 (438/500 in region)
  sW2@0.5: 1.1142 (420/500 in region)
  sW2@1.0: 1.1286 (396/500 in region)
  MMD@1.0: 0.5982
  Survival@1.0: 99.2%
  Stopped@1.0:  79.2%
      → K+S
  Precomputing encoder-pullback target...
  Stage 2 epoch 60/300: loss=0.087849
  Stage 2 epoch 120/300: loss=0.070534
  Stage 2 epoch 180/300: loss=0.049078
  Stage 2 epoch 240/300: loss=0.034272
  Stage 2 epoch 300/300: loss=0.027660
  Stage 3 epoch 60/300: loss=0.000007
  Stage 3 epoch 120/300: loss=0.000007
  Stage 3 epoch 180/300: loss=0.000006
  Stage 3 epoch 240/300: loss=0.000005
  Stage 3 epoch 300/300: loss=0.000003
  rcMTE@0.1: 0.3203 (457/500 in region)
  rcMTE@0.5: 0.5574 (420/500 in region)
  rcMTE@1.0: 0.6572 (396/500 in region)
  MTE@0.1: 1.2036
  MTE@0.5: 1.4249
  MTE@1.0: 1.5311
  W2@1.0:  1.1456
  sW2@0.1: 1.0692 (457/500 in region)
  sW2@0.2: 1.0767 (438/500 in region)
  sW2@0.5: 1.1142 (420/500 in region)
  sW2@1.0: 1.1286 (396/500 in region)
  MMD@1.0: 0.5982
  Survival@1.0: 99.2%
  Stopped@1.0:  79.2%

============================================================
  N=20 | D=201 (K=99) | paraboloid | seed=8042
============================================================
    Phase1 Epoch 50/250: loss=0.704104
    Phase1 Epoch 100/250: loss=0.553848
    Phase1 Epoch 150/250: loss=0.274462
    Phase1 Epoch 200/250: loss=0.136314
    Phase1 Epoch 250/250: loss=0.116979
      Phase 2 AE: K_weight=0.0000
        Phase2 Epoch 50/250: loss=0.080318
        Phase2 Epoch 100/250: loss=0.060585
        Phase2 Epoch 150/250: loss=0.044121
        Phase2 Epoch 200/250: loss=0.036790
        Phase2 Epoch 250/250: loss=0.063895
        E_mu=0.0722  E_Sigma=0.0416
      → baseline
  Precomputing encoder-pullback target...
  Stage 2 epoch 60/300: loss=0.110370
  Stage 2 epoch 120/300: loss=0.064915
  Stage 2 epoch 180/300: loss=0.032627
  Stage 2 epoch 240/300: loss=0.023826
  Stage 2 epoch 300/300: loss=0.019181
  Stage 3 epoch 60/300: loss=0.000006
  Stage 3 epoch 120/300: loss=0.000005
  Stage 3 epoch 180/300: loss=0.000005
  Stage 3 epoch 240/300: loss=0.000004
  Stage 3 epoch 300/300: loss=0.000003
  rcMTE@0.1: 0.2896 (448/500 in region)
  rcMTE@0.5: 0.4874 (421/500 in region)
  rcMTE@1.0: 0.5736 (398/500 in region)
  MTE@0.1: 0.6835
  MTE@0.5: 0.8909
  MTE@1.0: 0.9884
  W2@1.0:  0.6841
  sW2@0.1: 0.4967 (448/500 in region)
  sW2@0.2: 0.5013 (438/500 in region)
  sW2@0.5: 0.5627 (421/500 in region)
  sW2@1.0: 0.6700 (398/500 in region)
  MMD@1.0: 0.3533
  Survival@1.0: 99.0%
  Stopped@1.0:  79.6%
      Phase 2 AE: K_weight=0.4275
        Phase2 Epoch 50/250: loss=0.057062
        Phase2 Epoch 100/250: loss=0.046162
        Phase2 Epoch 150/250: loss=0.065019
        Phase2 Epoch 200/250: loss=0.056509
        Phase2 Epoch 250/250: loss=0.037282
        E_mu=0.0713  E_Sigma=0.0405
      → K
  Precomputing encoder-pullback target...
  Stage 2 epoch 60/300: loss=0.085323
  Stage 2 epoch 120/300: loss=0.055651
  Stage 2 epoch 180/300: loss=0.028786
  Stage 2 epoch 240/300: loss=0.021335
  Stage 2 epoch 300/300: loss=0.017999
  Stage 3 epoch 60/300: loss=0.000006
  Stage 3 epoch 120/300: loss=0.000006
  Stage 3 epoch 180/300: loss=0.000006
  Stage 3 epoch 240/300: loss=0.000005
  Stage 3 epoch 300/300: loss=0.000003
  rcMTE@0.1: 0.3174 (448/500 in region)
  rcMTE@0.5: 0.5538 (421/500 in region)
  rcMTE@1.0: 0.6122 (398/500 in region)
  MTE@0.1: 0.5883
  MTE@0.5: 0.8808
  MTE@1.0: 0.9669
  W2@1.0:  0.6204
  sW2@0.1: 0.3930 (448/500 in region)
  sW2@0.2: 0.4269 (438/500 in region)
  sW2@0.5: 0.5372 (421/500 in region)
  sW2@1.0: 0.5886 (398/500 in region)
  MMD@1.0: 0.2935
  Survival@1.0: 99.0%
  Stopped@1.0:  79.6%
      → K+S
  Precomputing encoder-pullback target...
  Stage 2 epoch 60/300: loss=0.085323
  Stage 2 epoch 120/300: loss=0.055651
  Stage 2 epoch 180/300: loss=0.028786
  Stage 2 epoch 240/300: loss=0.021335
  Stage 2 epoch 300/300: loss=0.017999
  Stage 3 epoch 60/300: loss=0.000006
  Stage 3 epoch 120/300: loss=0.000006
  Stage 3 epoch 180/300: loss=0.000006
  Stage 3 epoch 240/300: loss=0.000005
  Stage 3 epoch 300/300: loss=0.000003
  rcMTE@0.1: 0.3174 (448/500 in region)
  rcMTE@0.5: 0.5538 (421/500 in region)
  rcMTE@1.0: 0.6122 (398/500 in region)
  MTE@0.1: 0.5883
  MTE@0.5: 0.8808
  MTE@1.0: 0.9669
  W2@1.0:  0.6204
  sW2@0.1: 0.3930 (448/500 in region)
  sW2@0.2: 0.4269 (438/500 in region)
  sW2@0.5: 0.5372 (421/500 in region)
  sW2@1.0: 0.5886 (398/500 in region)
  MMD@1.0: 0.2935
  Survival@1.0: 99.0%
  Stopped@1.0:  79.6%

============================================================
  N=20 | D=201 (K=99) | paraboloid | seed=9042
============================================================
    Phase1 Epoch 50/250: loss=0.531400
    Phase1 Epoch 100/250: loss=0.373628
    Phase1 Epoch 150/250: loss=0.145472
    Phase1 Epoch 200/250: loss=0.116789
    Phase1 Epoch 250/250: loss=0.100172
      Phase 2 AE: K_weight=0.0000
        Phase2 Epoch 50/250: loss=0.056207
        Phase2 Epoch 100/250: loss=0.038701
        Phase2 Epoch 150/250: loss=0.038768
        Phase2 Epoch 200/250: loss=0.029643
        Phase2 Epoch 250/250: loss=0.028576
        E_mu=0.0950  E_Sigma=0.0328
      → baseline
  Precomputing encoder-pullback target...
  Stage 2 epoch 60/300: loss=0.046705
  Stage 2 epoch 120/300: loss=0.024666
  Stage 2 epoch 180/300: loss=0.009770
  Stage 2 epoch 240/300: loss=0.007279
  Stage 2 epoch 300/300: loss=0.006217
  Stage 3 epoch 60/300: loss=0.000001
  Stage 3 epoch 120/300: loss=0.000001
  Stage 3 epoch 180/300: loss=0.000001
  Stage 3 epoch 240/300: loss=0.000001
  Stage 3 epoch 300/300: loss=0.000001
  rcMTE@0.1: 0.4237 (444/500 in region)
  rcMTE@0.5: 0.7027 (406/500 in region)
  rcMTE@1.0: 0.8113 (388/500 in region)
  MTE@0.1: 0.7733
  MTE@0.5: 1.1027
  MTE@1.0: 1.2121
  W2@1.0:  0.6376
  sW2@0.1: 0.3739 (444/500 in region)
  sW2@0.2: 0.4206 (429/500 in region)
  sW2@0.5: 0.5065 (406/500 in region)
  sW2@1.0: 0.5508 (388/500 in region)
  MMD@1.0: 0.3012
  Survival@1.0: 99.0%
  Stopped@1.0:  77.6%
      Phase 2 AE: K_weight=0.4275
        Phase2 Epoch 50/250: loss=0.092326
        Phase2 Epoch 100/250: loss=0.050488
        Phase2 Epoch 150/250: loss=0.028843
        Phase2 Epoch 200/250: loss=0.020198
        Phase2 Epoch 250/250: loss=0.006845
        E_mu=0.0362  E_Sigma=0.0149
      → K
  Precomputing encoder-pullback target...
  Stage 2 epoch 60/300: loss=0.058284
  Stage 2 epoch 120/300: loss=0.028935
  Stage 2 epoch 180/300: loss=0.010189
  Stage 2 epoch 240/300: loss=0.007544
  Stage 2 epoch 300/300: loss=0.006498
  Stage 3 epoch 60/300: loss=0.000001
  Stage 3 epoch 120/300: loss=0.000000
  Stage 3 epoch 180/300: loss=0.000000
  Stage 3 epoch 240/300: loss=0.000000
  Stage 3 epoch 300/300: loss=0.000000
  rcMTE@0.1: 0.4183 (444/500 in region)
  rcMTE@0.5: 0.6992 (406/500 in region)
  rcMTE@1.0: 0.8153 (388/500 in region)
  MTE@0.1: 0.7922
  MTE@0.5: 1.1327
  MTE@1.0: 1.2482
  W2@1.0:  0.7403
  sW2@0.1: 0.4053 (444/500 in region)
  sW2@0.2: 0.4648 (429/500 in region)
  sW2@0.5: 0.5804 (406/500 in region)
  sW2@1.0: 0.6593 (388/500 in region)
  MMD@1.0: 0.3521
  Survival@1.0: 99.0%
  Stopped@1.0:  77.6%
      → K+S
  Precomputing encoder-pullback target...
  Stage 2 epoch 60/300: loss=0.058284
  Stage 2 epoch 120/300: loss=0.028935
  Stage 2 epoch 180/300: loss=0.010189
  Stage 2 epoch 240/300: loss=0.007544
  Stage 2 epoch 300/300: loss=0.006498
  Stage 3 epoch 60/300: loss=0.000001
  Stage 3 epoch 120/300: loss=0.000000
  Stage 3 epoch 180/300: loss=0.000000
  Stage 3 epoch 240/300: loss=0.000000
  Stage 3 epoch 300/300: loss=0.000000
  rcMTE@0.1: 0.4183 (444/500 in region)
  rcMTE@0.5: 0.6992 (406/500 in region)
  rcMTE@1.0: 0.8153 (388/500 in region)
  MTE@0.1: 0.7922
  MTE@0.5: 1.1327
  MTE@1.0: 1.2482
  W2@1.0:  0.7403
  sW2@0.1: 0.4053 (444/500 in region)
  sW2@0.2: 0.4648 (429/500 in region)
  sW2@0.5: 0.5804 (406/500 in region)
  sW2@1.0: 0.6593 (388/500 in region)
  MMD@1.0: 0.3521
  Survival@1.0: 99.0%
  Stopped@1.0:  77.6%

============================================================
  N=20 | D=201 (K=99) | hyperbolic_paraboloid | seed=42
============================================================
    Phase1 Epoch 50/250: loss=0.722597
    Phase1 Epoch 100/250: loss=0.674224
    Phase1 Epoch 150/250: loss=0.392154
    Phase1 Epoch 200/250: loss=0.250145
    Phase1 Epoch 250/250: loss=0.122601
      Phase 2 AE: K_weight=0.0000
        Phase2 Epoch 50/250: loss=0.111390
        Phase2 Epoch 100/250: loss=0.262295
        Phase2 Epoch 150/250: loss=0.077701
        Phase2 Epoch 200/250: loss=0.072040
        Phase2 Epoch 250/250: loss=0.044223
        E_mu=0.1114  E_Sigma=0.0599
      → baseline
  Precomputing encoder-pullback target...
  Stage 2 epoch 60/300: loss=0.016200
  Stage 2 epoch 120/300: loss=0.012153
  Stage 2 epoch 180/300: loss=0.007011
  Stage 2 epoch 240/300: loss=0.004866
  Stage 2 epoch 300/300: loss=0.003713
  Stage 3 epoch 60/300: loss=0.000001
  Stage 3 epoch 120/300: loss=0.000001
  Stage 3 epoch 180/300: loss=0.000001
  Stage 3 epoch 240/300: loss=0.000001
  Stage 3 epoch 300/300: loss=0.000001
  rcMTE@0.1: 0.3625 (442/500 in region)
  rcMTE@0.5: 0.6641 (402/500 in region)
  rcMTE@1.0: 0.7464 (383/500 in region)
  MTE@0.1: 0.6155
  MTE@0.5: 0.9952
  MTE@1.0: 1.0950
  W2@1.0:  0.8031
  sW2@0.1: 0.4717 (442/500 in region)
  sW2@0.2: 0.5787 (428/500 in region)
  sW2@0.5: 0.7550 (402/500 in region)
  sW2@1.0: 0.8160 (383/500 in region)
  MMD@1.0: 0.3798
  Survival@1.0: 98.6%
  Stopped@1.0:  76.6%
      Phase 2 AE: K_weight=0.4275
        Phase2 Epoch 50/250: loss=0.156057
        Phase2 Epoch 100/250: loss=0.132661
        Phase2 Epoch 150/250: loss=0.066393
        Phase2 Epoch 200/250: loss=0.050414
        Phase2 Epoch 250/250: loss=0.090494
        E_mu=0.0710  E_Sigma=0.0523
      → K
  Precomputing encoder-pullback target...
  Stage 2 epoch 60/300: loss=0.013954
  Stage 2 epoch 120/300: loss=0.009741
  Stage 2 epoch 180/300: loss=0.005144
  Stage 2 epoch 240/300: loss=0.003494
  Stage 2 epoch 300/300: loss=0.002537
  Stage 3 epoch 60/300: loss=0.000001
  Stage 3 epoch 120/300: loss=0.000001
  Stage 3 epoch 180/300: loss=0.000001
  Stage 3 epoch 240/300: loss=0.000001
  Stage 3 epoch 300/300: loss=0.000001
  rcMTE@0.1: 0.3402 (442/500 in region)
  rcMTE@0.5: 0.6339 (402/500 in region)
  rcMTE@1.0: 0.7243 (383/500 in region)
  MTE@0.1: 1.1063
  MTE@0.5: 1.3429
  MTE@1.0: 1.4214
  W2@1.0:  1.1521
  sW2@0.1: 1.0108 (442/500 in region)
  sW2@0.2: 1.0397 (428/500 in region)
  sW2@0.5: 1.1442 (402/500 in region)
  sW2@1.0: 1.1846 (383/500 in region)
  MMD@1.0: 0.6185
  Survival@1.0: 98.6%
  Stopped@1.0:  76.6%
      → K+S
  Precomputing encoder-pullback target...
  Stage 2 epoch 60/300: loss=0.013954
  Stage 2 epoch 120/300: loss=0.009741
  Stage 2 epoch 180/300: loss=0.005144
  Stage 2 epoch 240/300: loss=0.003494
  Stage 2 epoch 300/300: loss=0.002537
  Stage 3 epoch 60/300: loss=0.000001
  Stage 3 epoch 120/300: loss=0.000001
  Stage 3 epoch 180/300: loss=0.000001
  Stage 3 epoch 240/300: loss=0.000001
  Stage 3 epoch 300/300: loss=0.000001
  rcMTE@0.1: 0.3402 (442/500 in region)
  rcMTE@0.5: 0.6339 (402/500 in region)
  rcMTE@1.0: 0.7243 (383/500 in region)
  MTE@0.1: 1.1063
  MTE@0.5: 1.3429
  MTE@1.0: 1.4214
  W2@1.0:  1.1521
  sW2@0.1: 1.0108 (442/500 in region)
  sW2@0.2: 1.0397 (428/500 in region)
  sW2@0.5: 1.1442 (402/500 in region)
  sW2@1.0: 1.1846 (383/500 in region)
  MMD@1.0: 0.6185
  Survival@1.0: 98.6%
  Stopped@1.0:  76.6%

============================================================
  N=20 | D=201 (K=99) | hyperbolic_paraboloid | seed=1042
============================================================
    Phase1 Epoch 50/250: loss=0.667406
    Phase1 Epoch 100/250: loss=0.518075
    Phase1 Epoch 150/250: loss=0.255819
    Phase1 Epoch 200/250: loss=0.130758
    Phase1 Epoch 250/250: loss=0.101995
      Phase 2 AE: K_weight=0.0000
        Phase2 Epoch 50/250: loss=0.072308
        Phase2 Epoch 100/250: loss=0.074622
        Phase2 Epoch 150/250: loss=0.055553
        Phase2 Epoch 200/250: loss=0.051295
        Phase2 Epoch 250/250: loss=0.026955
        E_mu=0.0778  E_Sigma=0.0395
      → baseline
  Precomputing encoder-pullback target...
  Stage 2 epoch 60/300: loss=0.022900
  Stage 2 epoch 120/300: loss=0.021006
  Stage 2 epoch 180/300: loss=0.017819
  Stage 2 epoch 240/300: loss=0.015566
  Stage 2 epoch 300/300: loss=0.014335
  Stage 3 epoch 60/300: loss=0.000001
  Stage 3 epoch 120/300: loss=0.000001
  Stage 3 epoch 180/300: loss=0.000001
  Stage 3 epoch 240/300: loss=0.000001
  Stage 3 epoch 300/300: loss=0.000001
  rcMTE@0.1: 0.1771 (455/500 in region)
  rcMTE@0.5: 0.2760 (418/500 in region)
  rcMTE@1.0: 0.3617 (400/500 in region)
  MTE@0.1: 0.3199
  MTE@0.5: 0.5154
  MTE@1.0: 0.6413
  W2@1.0:  0.6117
  sW2@0.1: 0.3088 (455/500 in region)
  sW2@0.2: 0.3506 (440/500 in region)
  sW2@0.5: 0.3826 (418/500 in region)
  sW2@1.0: 0.5143 (400/500 in region)
  MMD@1.0: 0.2007
  Survival@1.0: 99.4%
  Stopped@1.0:  80.0%
      Phase 2 AE: K_weight=0.4275
        Phase2 Epoch 50/250: loss=0.080058
        Phase2 Epoch 100/250: loss=0.070574
        Phase2 Epoch 150/250: loss=0.040796
        Phase2 Epoch 200/250: loss=0.065520
        Phase2 Epoch 250/250: loss=0.054233
        E_mu=0.1066  E_Sigma=0.0414
      → K
  Precomputing encoder-pullback target...
  Stage 2 epoch 60/300: loss=0.020706
  Stage 2 epoch 120/300: loss=0.019274
  Stage 2 epoch 180/300: loss=0.017334
  Stage 2 epoch 240/300: loss=0.015400
  Stage 2 epoch 300/300: loss=0.014156
  Stage 3 epoch 60/300: loss=0.000007
  Stage 3 epoch 120/300: loss=0.000006
  Stage 3 epoch 180/300: loss=0.000005
  Stage 3 epoch 240/300: loss=0.000003
  Stage 3 epoch 300/300: loss=0.000002
  rcMTE@0.1: 0.3384 (455/500 in region)
  rcMTE@0.5: 0.6247 (418/500 in region)
  rcMTE@1.0: 0.7691 (400/500 in region)
  MTE@0.1: 0.6725
  MTE@0.5: 1.0458
  MTE@1.0: 1.2065
  W2@1.0:  0.7019
  sW2@0.1: 0.4060 (455/500 in region)
  sW2@0.2: 0.4688 (440/500 in region)
  sW2@0.5: 0.5743 (418/500 in region)
  sW2@1.0: 0.7108 (400/500 in region)
  MMD@1.0: 0.2421
  Survival@1.0: 99.4%
  Stopped@1.0:  80.0%
      → K+S
  Precomputing encoder-pullback target...
  Stage 2 epoch 60/300: loss=0.020706
  Stage 2 epoch 120/300: loss=0.019274
  Stage 2 epoch 180/300: loss=0.017334
  Stage 2 epoch 240/300: loss=0.015400
  Stage 2 epoch 300/300: loss=0.014156
  Stage 3 epoch 60/300: loss=0.000007
  Stage 3 epoch 120/300: loss=0.000006
  Stage 3 epoch 180/300: loss=0.000005
  Stage 3 epoch 240/300: loss=0.000003
  Stage 3 epoch 300/300: loss=0.000002
  rcMTE@0.1: 0.3384 (455/500 in region)
  rcMTE@0.5: 0.6247 (418/500 in region)
  rcMTE@1.0: 0.7691 (400/500 in region)
  MTE@0.1: 0.6725
  MTE@0.5: 1.0458
  MTE@1.0: 1.2065
  W2@1.0:  0.7019
  sW2@0.1: 0.4060 (455/500 in region)
  sW2@0.2: 0.4688 (440/500 in region)
  sW2@0.5: 0.5743 (418/500 in region)
  sW2@1.0: 0.7108 (400/500 in region)
  MMD@1.0: 0.2421
  Survival@1.0: 99.4%
  Stopped@1.0:  80.0%

============================================================
  N=20 | D=201 (K=99) | hyperbolic_paraboloid | seed=2042
============================================================
    Phase1 Epoch 50/250: loss=0.740413
    Phase1 Epoch 100/250: loss=0.873166
    Phase1 Epoch 150/250: loss=0.249541
    Phase1 Epoch 200/250: loss=0.202484
    Phase1 Epoch 250/250: loss=0.068520
      Phase 2 AE: K_weight=0.0000
        Phase2 Epoch 50/250: loss=0.066872
        Phase2 Epoch 100/250: loss=0.048025
        Phase2 Epoch 150/250: loss=0.036012
        Phase2 Epoch 200/250: loss=0.039288
        Phase2 Epoch 250/250: loss=0.031018
        E_mu=0.0272  E_Sigma=0.0152
      → baseline
  Precomputing encoder-pullback target...
  Stage 2 epoch 60/300: loss=0.010977
  Stage 2 epoch 120/300: loss=0.010211
  Stage 2 epoch 180/300: loss=0.007563
  Stage 2 epoch 240/300: loss=0.004406
  Stage 2 epoch 300/300: loss=0.002656
  Stage 3 epoch 60/300: loss=0.000001
  Stage 3 epoch 120/300: loss=0.000001
  Stage 3 epoch 180/300: loss=0.000001
  Stage 3 epoch 240/300: loss=0.000001
  Stage 3 epoch 300/300: loss=0.000001
  rcMTE@0.1: 0.0990 (454/500 in region)
  rcMTE@0.5: 0.2687 (422/500 in region)
  rcMTE@1.0: 0.3974 (406/500 in region)
  MTE@0.1: 0.1883
  MTE@0.5: 0.4557
  MTE@1.0: 0.6340
  W2@1.0:  0.6674
  sW2@0.1: 0.1791 (454/500 in region)
  sW2@0.2: 0.2552 (441/500 in region)
  sW2@0.5: 0.4796 (422/500 in region)
  sW2@1.0: 0.6377 (406/500 in region)
  MMD@1.0: 0.1525
  Survival@1.0: 98.2%
  Stopped@1.0:  81.2%
      Phase 2 AE: K_weight=0.4275
        Phase2 Epoch 50/250: loss=0.059288
        Phase2 Epoch 100/250: loss=0.052676
        Phase2 Epoch 150/250: loss=0.041111
        Phase2 Epoch 200/250: loss=0.022329
        Phase2 Epoch 250/250: loss=0.032074
        E_mu=0.0368  E_Sigma=0.0201
      → K
  Precomputing encoder-pullback target...
  Stage 2 epoch 60/300: loss=0.010978
  Stage 2 epoch 120/300: loss=0.010268
  Stage 2 epoch 180/300: loss=0.007671
  Stage 2 epoch 240/300: loss=0.004270
  Stage 2 epoch 300/300: loss=0.002696
  Stage 3 epoch 60/300: loss=0.000001
  Stage 3 epoch 120/300: loss=0.000001
  Stage 3 epoch 180/300: loss=0.000001
  Stage 3 epoch 240/300: loss=0.000001
  Stage 3 epoch 300/300: loss=0.000001
  rcMTE@0.1: 0.1170 (454/500 in region)
  rcMTE@0.5: 0.3087 (422/500 in region)
  rcMTE@1.0: 0.4714 (406/500 in region)
  MTE@0.1: 0.4630
  MTE@0.5: 0.7005
  MTE@1.0: 0.9051
  W2@1.0:  0.9461
  sW2@0.1: 0.4406 (454/500 in region)
  sW2@0.2: 0.4880 (441/500 in region)
  sW2@0.5: 0.6991 (422/500 in region)
  sW2@1.0: 0.9205 (406/500 in region)
  MMD@1.0: 0.2996
  Survival@1.0: 98.2%
  Stopped@1.0:  81.2%
      → K+S
  Precomputing encoder-pullback target...
  Stage 2 epoch 60/300: loss=0.010978
  Stage 2 epoch 120/300: loss=0.010268
  Stage 2 epoch 180/300: loss=0.007671
  Stage 2 epoch 240/300: loss=0.004270
  Stage 2 epoch 300/300: loss=0.002696
  Stage 3 epoch 60/300: loss=0.000001
  Stage 3 epoch 120/300: loss=0.000001
  Stage 3 epoch 180/300: loss=0.000001
  Stage 3 epoch 240/300: loss=0.000001
  Stage 3 epoch 300/300: loss=0.000001
  rcMTE@0.1: 0.1170 (454/500 in region)
  rcMTE@0.5: 0.3087 (422/500 in region)
  rcMTE@1.0: 0.4714 (406/500 in region)
  MTE@0.1: 0.4630
  MTE@0.5: 0.7005
  MTE@1.0: 0.9051
  W2@1.0:  0.9461
  sW2@0.1: 0.4406 (454/500 in region)
  sW2@0.2: 0.4880 (441/500 in region)
  sW2@0.5: 0.6991 (422/500 in region)
  sW2@1.0: 0.9205 (406/500 in region)
  MMD@1.0: 0.2996
  Survival@1.0: 98.2%
  Stopped@1.0:  81.2%

============================================================
  N=20 | D=201 (K=99) | hyperbolic_paraboloid | seed=3042
============================================================
    Phase1 Epoch 50/250: loss=0.767060
    Phase1 Epoch 100/250: loss=0.654966
    Phase1 Epoch 150/250: loss=0.498393
    Phase1 Epoch 200/250: loss=0.306956
    Phase1 Epoch 250/250: loss=0.196441
      Phase 2 AE: K_weight=0.0000
        Phase2 Epoch 50/250: loss=0.093240
        Phase2 Epoch 100/250: loss=0.056248
        Phase2 Epoch 150/250: loss=0.038133
        Phase2 Epoch 200/250: loss=0.052773
        Phase2 Epoch 250/250: loss=0.024414
        E_mu=0.0651  E_Sigma=0.0487
      → baseline
  Precomputing encoder-pullback target...
  Stage 2 epoch 60/300: loss=0.023529
  Stage 2 epoch 120/300: loss=0.021404
  Stage 2 epoch 180/300: loss=0.018346
  Stage 2 epoch 240/300: loss=0.013495
  Stage 2 epoch 300/300: loss=0.007368
  Stage 3 epoch 60/300: loss=0.000007
  Stage 3 epoch 120/300: loss=0.000006
  Stage 3 epoch 180/300: loss=0.000005
  Stage 3 epoch 240/300: loss=0.000005
  Stage 3 epoch 300/300: loss=0.000004
  rcMTE@0.1: 0.3062 (456/500 in region)
  rcMTE@0.5: 0.5781 (402/500 in region)
  rcMTE@1.0: 0.7530 (381/500 in region)
  MTE@0.1: 0.5679
  MTE@0.5: 1.0139
  MTE@1.0: 1.2398
  W2@1.0:  1.0974
  sW2@0.1: 0.3652 (456/500 in region)
  sW2@0.2: 0.4728 (434/500 in region)
  sW2@0.5: 0.7932 (402/500 in region)
  sW2@1.0: 1.1540 (381/500 in region)
  MMD@1.0: 0.2412
  Survival@1.0: 97.4%
  Stopped@1.0:  76.2%
      Phase 2 AE: K_weight=0.4275
        Phase2 Epoch 50/250: loss=0.125139
        Phase2 Epoch 100/250: loss=0.061487
        Phase2 Epoch 150/250: loss=0.050484
        Phase2 Epoch 200/250: loss=0.037231
        Phase2 Epoch 250/250: loss=0.063170
        E_mu=0.0554  E_Sigma=0.0295
      → K
  Precomputing encoder-pullback target...
  Stage 2 epoch 60/300: loss=0.021410
  Stage 2 epoch 120/300: loss=0.019302
  Stage 2 epoch 180/300: loss=0.016078
  Stage 2 epoch 240/300: loss=0.011589
  Stage 2 epoch 300/300: loss=0.006720
  Stage 3 epoch 60/300: loss=0.000001
  Stage 3 epoch 120/300: loss=0.000001
  Stage 3 epoch 180/300: loss=0.000001
  Stage 3 epoch 240/300: loss=0.000001
  Stage 3 epoch 300/300: loss=0.000001
  rcMTE@0.1: 0.2853 (456/500 in region)
  rcMTE@0.5: 0.5247 (402/500 in region)
  rcMTE@1.0: 0.6797 (381/500 in region)
  MTE@0.1: 0.6688
  MTE@0.5: 1.0421
  MTE@1.0: 1.2452
  W2@1.0:  0.9515
  sW2@0.1: 0.4494 (456/500 in region)
  sW2@0.2: 0.4870 (434/500 in region)
  sW2@0.5: 0.6567 (402/500 in region)
  sW2@1.0: 0.9833 (381/500 in region)
  MMD@1.0: 0.3153
  Survival@1.0: 97.4%
  Stopped@1.0:  76.2%
      → K+S
  Precomputing encoder-pullback target...
  Stage 2 epoch 60/300: loss=0.021410
  Stage 2 epoch 120/300: loss=0.019302
  Stage 2 epoch 180/300: loss=0.016078
  Stage 2 epoch 240/300: loss=0.011589
  Stage 2 epoch 300/300: loss=0.006720
  Stage 3 epoch 60/300: loss=0.000001
  Stage 3 epoch 120/300: loss=0.000001
  Stage 3 epoch 180/300: loss=0.000001
  Stage 3 epoch 240/300: loss=0.000001
  Stage 3 epoch 300/300: loss=0.000001
  rcMTE@0.1: 0.2853 (456/500 in region)
  rcMTE@0.5: 0.5247 (402/500 in region)
  rcMTE@1.0: 0.6797 (381/500 in region)
  MTE@0.1: 0.6688
  MTE@0.5: 1.0421
  MTE@1.0: 1.2452
  W2@1.0:  0.9515
  sW2@0.1: 0.4494 (456/500 in region)
  sW2@0.2: 0.4870 (434/500 in region)
  sW2@0.5: 0.6567 (402/500 in region)
  sW2@1.0: 0.9833 (381/500 in region)
  MMD@1.0: 0.3153
  Survival@1.0: 97.4%
  Stopped@1.0:  76.2%

============================================================
  N=20 | D=201 (K=99) | hyperbolic_paraboloid | seed=4042
============================================================
    Phase1 Epoch 50/250: loss=0.693521
    Phase1 Epoch 100/250: loss=0.586361
    Phase1 Epoch 150/250: loss=0.163725
    Phase1 Epoch 200/250: loss=0.113795
    Phase1 Epoch 250/250: loss=0.046218
      Phase 2 AE: K_weight=0.0000
        Phase2 Epoch 50/250: loss=0.061384
        Phase2 Epoch 100/250: loss=0.035718
        Phase2 Epoch 150/250: loss=0.038338
        Phase2 Epoch 200/250: loss=0.039829
        Phase2 Epoch 250/250: loss=0.053581
        E_mu=0.0522  E_Sigma=0.0271
      → baseline
  Precomputing encoder-pullback target...
  Stage 2 epoch 60/300: loss=0.020367
  Stage 2 epoch 120/300: loss=0.014433
  Stage 2 epoch 180/300: loss=0.009534
  Stage 2 epoch 240/300: loss=0.006495
  Stage 2 epoch 300/300: loss=0.004536
  Stage 3 epoch 60/300: loss=0.000001
  Stage 3 epoch 120/300: loss=0.000001
  Stage 3 epoch 180/300: loss=0.000001
  Stage 3 epoch 240/300: loss=0.000001
  Stage 3 epoch 300/300: loss=0.000001
  rcMTE@0.1: 0.2614 (443/500 in region)
  rcMTE@0.5: 0.4693 (407/500 in region)
  rcMTE@1.0: 0.6205 (384/500 in region)
  MTE@0.1: 0.5464
  MTE@0.5: 0.8574
  MTE@1.0: 1.0487
  W2@1.0:  0.6967
  sW2@0.1: 0.3374 (443/500 in region)
  sW2@0.2: 0.3520 (424/500 in region)
  sW2@0.5: 0.4573 (407/500 in region)
  sW2@1.0: 0.7189 (384/500 in region)
  MMD@1.0: 0.2186
  Survival@1.0: 98.8%
  Stopped@1.0:  76.8%
      Phase 2 AE: K_weight=0.4275
        Phase2 Epoch 50/250: loss=0.058390
        Phase2 Epoch 100/250: loss=0.045559
        Phase2 Epoch 150/250: loss=0.029036
        Phase2 Epoch 200/250: loss=0.036799
        Phase2 Epoch 250/250: loss=0.024370
        E_mu=0.0326  E_Sigma=0.0185
      → K
  Precomputing encoder-pullback target...
  Stage 2 epoch 60/300: loss=0.020969
  Stage 2 epoch 120/300: loss=0.014949
  Stage 2 epoch 180/300: loss=0.009638
  Stage 2 epoch 240/300: loss=0.006352
  Stage 2 epoch 300/300: loss=0.004483
  Stage 3 epoch 60/300: loss=0.000001
  Stage 3 epoch 120/300: loss=0.000000
  Stage 3 epoch 180/300: loss=0.000000
  Stage 3 epoch 240/300: loss=0.000000
  Stage 3 epoch 300/300: loss=0.000000
  rcMTE@0.1: 0.2581 (443/500 in region)
  rcMTE@0.5: 0.4641 (407/500 in region)
  rcMTE@1.0: 0.6038 (384/500 in region)
  MTE@0.1: 0.5571
  MTE@0.5: 0.8641
  MTE@1.0: 1.0324
  W2@1.0:  0.6540
  sW2@0.1: 0.3331 (443/500 in region)
  sW2@0.2: 0.3600 (424/500 in region)
  sW2@0.5: 0.4385 (407/500 in region)
  sW2@1.0: 0.6670 (384/500 in region)
  MMD@1.0: 0.2297
  Survival@1.0: 98.8%
  Stopped@1.0:  76.8%
      → K+S
  Precomputing encoder-pullback target...
  Stage 2 epoch 60/300: loss=0.020969
  Stage 2 epoch 120/300: loss=0.014949
  Stage 2 epoch 180/300: loss=0.009638
  Stage 2 epoch 240/300: loss=0.006352
  Stage 2 epoch 300/300: loss=0.004483
  Stage 3 epoch 60/300: loss=0.000001
  Stage 3 epoch 120/300: loss=0.000000
  Stage 3 epoch 180/300: loss=0.000000
  Stage 3 epoch 240/300: loss=0.000000
  Stage 3 epoch 300/300: loss=0.000000
  rcMTE@0.1: 0.2581 (443/500 in region)
  rcMTE@0.5: 0.4641 (407/500 in region)
  rcMTE@1.0: 0.6038 (384/500 in region)
  MTE@0.1: 0.5571
  MTE@0.5: 0.8641
  MTE@1.0: 1.0324
  W2@1.0:  0.6540
  sW2@0.1: 0.3331 (443/500 in region)
  sW2@0.2: 0.3600 (424/500 in region)
  sW2@0.5: 0.4385 (407/500 in region)
  sW2@1.0: 0.6670 (384/500 in region)
  MMD@1.0: 0.2297
  Survival@1.0: 98.8%
  Stopped@1.0:  76.8%

============================================================
  N=20 | D=201 (K=99) | hyperbolic_paraboloid | seed=5042
============================================================
    Phase1 Epoch 50/250: loss=0.665164
    Phase1 Epoch 100/250: loss=0.611236
    Phase1 Epoch 150/250: loss=0.273261
    Phase1 Epoch 200/250: loss=0.199751
    Phase1 Epoch 250/250: loss=0.096526
      Phase 2 AE: K_weight=0.0000
        Phase2 Epoch 50/250: loss=0.223186
        Phase2 Epoch 100/250: loss=0.075271
        Phase2 Epoch 150/250: loss=0.062546
        Phase2 Epoch 200/250: loss=0.041773
        Phase2 Epoch 250/250: loss=0.054358
        E_mu=0.0547  E_Sigma=0.0279
      → baseline
  Precomputing encoder-pullback target...
  Stage 2 epoch 60/300: loss=0.023278
  Stage 2 epoch 120/300: loss=0.016937
  Stage 2 epoch 180/300: loss=0.012394
  Stage 2 epoch 240/300: loss=0.006408
  Stage 2 epoch 300/300: loss=0.001347
  Stage 3 epoch 60/300: loss=0.000001
  Stage 3 epoch 120/300: loss=0.000001
  Stage 3 epoch 180/300: loss=0.000001
  Stage 3 epoch 240/300: loss=0.000001
  Stage 3 epoch 300/300: loss=0.000001
  rcMTE@0.1: 0.3003 (454/500 in region)
  rcMTE@0.5: 0.5044 (420/500 in region)
  rcMTE@1.0: 0.6077 (403/500 in region)
  MTE@0.1: 0.6537
  MTE@0.5: 0.9009
  MTE@1.0: 0.9903
  W2@1.0:  0.6244
  sW2@0.1: 0.4536 (454/500 in region)
  sW2@0.2: 0.4820 (435/500 in region)
  sW2@0.5: 0.5445 (420/500 in region)
  sW2@1.0: 0.6047 (403/500 in region)
  MMD@1.0: 0.3522
  Survival@1.0: 98.8%
  Stopped@1.0:  80.6%
      Phase 2 AE: K_weight=0.4275
        Phase2 Epoch 50/250: loss=0.102931
        Phase2 Epoch 100/250: loss=0.049892
        Phase2 Epoch 150/250: loss=0.054492
        Phase2 Epoch 200/250: loss=0.062261
        Phase2 Epoch 250/250: loss=0.039364
        E_mu=0.0426  E_Sigma=0.0281
      → K
  Precomputing encoder-pullback target...
  Stage 2 epoch 60/300: loss=0.022770
  Stage 2 epoch 120/300: loss=0.017109
  Stage 2 epoch 180/300: loss=0.013270
  Stage 2 epoch 240/300: loss=0.008006
  Stage 2 epoch 300/300: loss=0.001991
  Stage 3 epoch 60/300: loss=0.000001
  Stage 3 epoch 120/300: loss=0.000001
  Stage 3 epoch 180/300: loss=0.000001
  Stage 3 epoch 240/300: loss=0.000001
  Stage 3 epoch 300/300: loss=0.000001
  rcMTE@0.1: 0.3122 (454/500 in region)
  rcMTE@0.5: 0.5012 (420/500 in region)
  rcMTE@1.0: 0.6033 (403/500 in region)
  MTE@0.1: 0.5593
  MTE@0.5: 0.8224
  MTE@1.0: 0.9299
  W2@1.0:  0.6213
  sW2@0.1: 0.3380 (454/500 in region)
  sW2@0.2: 0.3795 (435/500 in region)
  sW2@0.5: 0.4838 (420/500 in region)
  sW2@1.0: 0.6093 (403/500 in region)
  MMD@1.0: 0.3259
  Survival@1.0: 98.8%
  Stopped@1.0:  80.6%
      → K+S
  Precomputing encoder-pullback target...
  Stage 2 epoch 60/300: loss=0.022770
  Stage 2 epoch 120/300: loss=0.017109
  Stage 2 epoch 180/300: loss=0.013270
  Stage 2 epoch 240/300: loss=0.008006
  Stage 2 epoch 300/300: loss=0.001991
  Stage 3 epoch 60/300: loss=0.000001
  Stage 3 epoch 120/300: loss=0.000001
  Stage 3 epoch 180/300: loss=0.000001
  Stage 3 epoch 240/300: loss=0.000001
  Stage 3 epoch 300/300: loss=0.000001
  rcMTE@0.1: 0.3122 (454/500 in region)
  rcMTE@0.5: 0.5012 (420/500 in region)
  rcMTE@1.0: 0.6033 (403/500 in region)
  MTE@0.1: 0.5593
  MTE@0.5: 0.8224
  MTE@1.0: 0.9299
  W2@1.0:  0.6213
  sW2@0.1: 0.3380 (454/500 in region)
  sW2@0.2: 0.3795 (435/500 in region)
  sW2@0.5: 0.4838 (420/500 in region)
  sW2@1.0: 0.6093 (403/500 in region)
  MMD@1.0: 0.3259
  Survival@1.0: 98.8%
  Stopped@1.0:  80.6%

============================================================
  N=20 | D=201 (K=99) | hyperbolic_paraboloid | seed=6042
============================================================
    Phase1 Epoch 50/250: loss=0.750586
    Phase1 Epoch 100/250: loss=0.617990
    Phase1 Epoch 150/250: loss=0.188805
    Phase1 Epoch 200/250: loss=0.206461
    Phase1 Epoch 250/250: loss=0.045595
      Phase 2 AE: K_weight=0.0000
        Phase2 Epoch 50/250: loss=0.048420
        Phase2 Epoch 100/250: loss=0.033522
        Phase2 Epoch 150/250: loss=0.020731
        Phase2 Epoch 200/250: loss=0.016029
        Phase2 Epoch 250/250: loss=0.022921
        E_mu=0.0372  E_Sigma=0.0202
      → baseline
  Precomputing encoder-pullback target...
  Stage 2 epoch 60/300: loss=0.019170
  Stage 2 epoch 120/300: loss=0.012072
  Stage 2 epoch 180/300: loss=0.006227
  Stage 2 epoch 240/300: loss=0.003690
  Stage 2 epoch 300/300: loss=0.002361
  Stage 3 epoch 60/300: loss=0.000005
  Stage 3 epoch 120/300: loss=0.000003
  Stage 3 epoch 180/300: loss=0.000003
  Stage 3 epoch 240/300: loss=0.000003
  Stage 3 epoch 300/300: loss=0.000003
  rcMTE@0.1: 0.2378 (452/500 in region)
  rcMTE@0.5: 0.3702 (406/500 in region)
  rcMTE@1.0: 0.4328 (392/500 in region)
  MTE@0.1: 0.4052
  MTE@0.5: 0.5913
  MTE@1.0: 0.6391
  W2@1.0:  0.4547
  sW2@0.1: 0.3018 (452/500 in region)
  sW2@0.2: 0.3350 (428/500 in region)
  sW2@0.5: 0.3801 (406/500 in region)
  sW2@1.0: 0.4687 (392/500 in region)
  MMD@1.0: 0.1754
  Survival@1.0: 98.6%
  Stopped@1.0:  78.4%
      Phase 2 AE: K_weight=0.4275
        Phase2 Epoch 50/250: loss=0.067537
        Phase2 Epoch 100/250: loss=0.035620
        Phase2 Epoch 150/250: loss=0.021591
        Phase2 Epoch 200/250: loss=0.013092
        Phase2 Epoch 250/250: loss=0.006799
        E_mu=0.0533  E_Sigma=0.0284
      → K
  Precomputing encoder-pullback target...
  Stage 2 epoch 60/300: loss=0.023063
  Stage 2 epoch 120/300: loss=0.013775
  Stage 2 epoch 180/300: loss=0.006947
  Stage 2 epoch 240/300: loss=0.004290
  Stage 2 epoch 300/300: loss=0.003117
  Stage 3 epoch 60/300: loss=0.000005
  Stage 3 epoch 120/300: loss=0.000003
  Stage 3 epoch 180/300: loss=0.000003
  Stage 3 epoch 240/300: loss=0.000002
  Stage 3 epoch 300/300: loss=0.000002
  rcMTE@0.1: 0.2456 (452/500 in region)
  rcMTE@0.5: 0.4263 (406/500 in region)
  rcMTE@1.0: 0.4955 (392/500 in region)
  MTE@0.1: 0.5166
  MTE@0.5: 0.7441
  MTE@1.0: 0.8115
  W2@1.0:  0.4526
  sW2@0.1: 0.3777 (452/500 in region)
  sW2@0.2: 0.3818 (428/500 in region)
  sW2@0.5: 0.4087 (406/500 in region)
  sW2@1.0: 0.4469 (392/500 in region)
  MMD@1.0: 0.2123
  Survival@1.0: 98.6%
  Stopped@1.0:  78.4%
      → K+S
  Precomputing encoder-pullback target...
  Stage 2 epoch 60/300: loss=0.023063
  Stage 2 epoch 120/300: loss=0.013775
  Stage 2 epoch 180/300: loss=0.006947
  Stage 2 epoch 240/300: loss=0.004290
  Stage 2 epoch 300/300: loss=0.003117
  Stage 3 epoch 60/300: loss=0.000005
  Stage 3 epoch 120/300: loss=0.000003
  Stage 3 epoch 180/300: loss=0.000003
  Stage 3 epoch 240/300: loss=0.000002
  Stage 3 epoch 300/300: loss=0.000002
  rcMTE@0.1: 0.2456 (452/500 in region)
  rcMTE@0.5: 0.4263 (406/500 in region)
  rcMTE@1.0: 0.4955 (392/500 in region)
  MTE@0.1: 0.5166
  MTE@0.5: 0.7441
  MTE@1.0: 0.8115
  W2@1.0:  0.4526
  sW2@0.1: 0.3777 (452/500 in region)
  sW2@0.2: 0.3818 (428/500 in region)
  sW2@0.5: 0.4087 (406/500 in region)
  sW2@1.0: 0.4469 (392/500 in region)
  MMD@1.0: 0.2123
  Survival@1.0: 98.6%
  Stopped@1.0:  78.4%

============================================================
  N=20 | D=201 (K=99) | hyperbolic_paraboloid | seed=7042
============================================================
    Phase1 Epoch 50/250: loss=0.781654
    Phase1 Epoch 100/250: loss=0.717703
    Phase1 Epoch 150/250: loss=0.425899
    Phase1 Epoch 200/250: loss=0.282455
    Phase1 Epoch 250/250: loss=0.134989
      Phase 2 AE: K_weight=0.0000
        Phase2 Epoch 50/250: loss=0.092045
        Phase2 Epoch 100/250: loss=0.076085
        Phase2 Epoch 150/250: loss=0.054826
        Phase2 Epoch 200/250: loss=0.140506
        Phase2 Epoch 250/250: loss=0.041093
        E_mu=0.0428  E_Sigma=0.0239
      → baseline
  Precomputing encoder-pullback target...
  Stage 2 epoch 60/300: loss=0.048126
  Stage 2 epoch 120/300: loss=0.035494
  Stage 2 epoch 180/300: loss=0.025159
  Stage 2 epoch 240/300: loss=0.019299
  Stage 2 epoch 300/300: loss=0.015969
  Stage 3 epoch 60/300: loss=0.000001
  Stage 3 epoch 120/300: loss=0.000001
  Stage 3 epoch 180/300: loss=0.000001
  Stage 3 epoch 240/300: loss=0.000001
  Stage 3 epoch 300/300: loss=0.000001
  rcMTE@0.1: 0.2840 (457/500 in region)
  rcMTE@0.5: 0.5131 (420/500 in region)
  rcMTE@1.0: 0.6176 (396/500 in region)
  MTE@0.1: 0.5471
  MTE@0.5: 0.8559
  MTE@1.0: 1.0296
  W2@1.0:  0.5702
  sW2@0.1: 0.3256 (457/500 in region)
  sW2@0.2: 0.3645 (438/500 in region)
  sW2@0.5: 0.4510 (420/500 in region)
  sW2@1.0: 0.5565 (396/500 in region)
  MMD@1.0: 0.1938
  Survival@1.0: 99.2%
  Stopped@1.0:  79.2%
      Phase 2 AE: K_weight=0.4275
        Phase2 Epoch 50/250: loss=0.096811
        Phase2 Epoch 100/250: loss=0.065084
        Phase2 Epoch 150/250: loss=0.068093
        Phase2 Epoch 200/250: loss=0.059506
        Phase2 Epoch 250/250: loss=0.038296
        E_mu=0.0666  E_Sigma=0.0326
      → K
  Precomputing encoder-pullback target...
  Stage 2 epoch 60/300: loss=0.041948
  Stage 2 epoch 120/300: loss=0.033786
  Stage 2 epoch 180/300: loss=0.026349
  Stage 2 epoch 240/300: loss=0.020915
  Stage 2 epoch 300/300: loss=0.017525
  Stage 3 epoch 60/300: loss=0.000001
  Stage 3 epoch 120/300: loss=0.000001
  Stage 3 epoch 180/300: loss=0.000001
  Stage 3 epoch 240/300: loss=0.000001
  Stage 3 epoch 300/300: loss=0.000001
  rcMTE@0.1: 0.2793 (457/500 in region)
  rcMTE@0.5: 0.5089 (420/500 in region)
  rcMTE@1.0: 0.6138 (396/500 in region)
  MTE@0.1: 0.4733
  MTE@0.5: 0.8066
  MTE@1.0: 0.9895
  W2@1.0:  0.5156
  sW2@0.1: 0.2029 (457/500 in region)
  sW2@0.2: 0.2623 (438/500 in region)
  sW2@0.5: 0.3852 (420/500 in region)
  sW2@1.0: 0.4940 (396/500 in region)
  MMD@1.0: 0.1271
  Survival@1.0: 99.2%
  Stopped@1.0:  79.2%
      → K+S
  Precomputing encoder-pullback target...
  Stage 2 epoch 60/300: loss=0.041948
  Stage 2 epoch 120/300: loss=0.033786
  Stage 2 epoch 180/300: loss=0.026349
  Stage 2 epoch 240/300: loss=0.020915
  Stage 2 epoch 300/300: loss=0.017525
  Stage 3 epoch 60/300: loss=0.000001
  Stage 3 epoch 120/300: loss=0.000001
  Stage 3 epoch 180/300: loss=0.000001
  Stage 3 epoch 240/300: loss=0.000001
  Stage 3 epoch 300/300: loss=0.000001
  rcMTE@0.1: 0.2793 (457/500 in region)
  rcMTE@0.5: 0.5089 (420/500 in region)
  rcMTE@1.0: 0.6138 (396/500 in region)
  MTE@0.1: 0.4733
  MTE@0.5: 0.8066
  MTE@1.0: 0.9895
  W2@1.0:  0.5156
  sW2@0.1: 0.2029 (457/500 in region)
  sW2@0.2: 0.2623 (438/500 in region)
  sW2@0.5: 0.3852 (420/500 in region)
  sW2@1.0: 0.4940 (396/500 in region)
  MMD@1.0: 0.1271
  Survival@1.0: 99.2%
  Stopped@1.0:  79.2%

============================================================
  N=20 | D=201 (K=99) | hyperbolic_paraboloid | seed=8042
============================================================
    Phase1 Epoch 50/250: loss=0.679296
    Phase1 Epoch 100/250: loss=0.592012
    Phase1 Epoch 150/250: loss=0.290763
    Phase1 Epoch 200/250: loss=0.126825
    Phase1 Epoch 250/250: loss=0.113886
      Phase 2 AE: K_weight=0.0000
        Phase2 Epoch 50/250: loss=0.105026
        Phase2 Epoch 100/250: loss=0.058926
        Phase2 Epoch 150/250: loss=0.074928
        Phase2 Epoch 200/250: loss=0.053966
        Phase2 Epoch 250/250: loss=0.015331
        E_mu=0.0345  E_Sigma=0.0194
      → baseline
  Precomputing encoder-pullback target...
  Stage 2 epoch 60/300: loss=0.049249
  Stage 2 epoch 120/300: loss=0.034897
  Stage 2 epoch 180/300: loss=0.019692
  Stage 2 epoch 240/300: loss=0.014522
  Stage 2 epoch 300/300: loss=0.012056
  Stage 3 epoch 60/300: loss=0.000001
  Stage 3 epoch 120/300: loss=0.000001
  Stage 3 epoch 180/300: loss=0.000000
  Stage 3 epoch 240/300: loss=0.000000
  Stage 3 epoch 300/300: loss=0.000000
  rcMTE@0.1: 0.3101 (448/500 in region)
  rcMTE@0.5: 0.5258 (421/500 in region)
  rcMTE@1.0: 0.6004 (398/500 in region)
  MTE@0.1: 0.5414
  MTE@0.5: 0.8234
  MTE@1.0: 0.9603
  W2@1.0:  0.3751
  sW2@0.1: 0.2288 (448/500 in region)
  sW2@0.2: 0.2478 (438/500 in region)
  sW2@0.5: 0.3129 (421/500 in region)
  sW2@1.0: 0.3602 (398/500 in region)
  MMD@1.0: 0.1250
  Survival@1.0: 99.0%
  Stopped@1.0:  79.6%
      Phase 2 AE: K_weight=0.4275
        Phase2 Epoch 50/250: loss=0.102463
        Phase2 Epoch 100/250: loss=0.051196
        Phase2 Epoch 150/250: loss=0.065798
        Phase2 Epoch 200/250: loss=0.077070
        Phase2 Epoch 250/250: loss=0.040949
        E_mu=0.0444  E_Sigma=0.0262
      → K
  Precomputing encoder-pullback target...
  Stage 2 epoch 60/300: loss=0.057122
  Stage 2 epoch 120/300: loss=0.038714
  Stage 2 epoch 180/300: loss=0.021306
  Stage 2 epoch 240/300: loss=0.015947
  Stage 2 epoch 300/300: loss=0.013483
  Stage 3 epoch 60/300: loss=0.000001
  Stage 3 epoch 120/300: loss=0.000001
  Stage 3 epoch 180/300: loss=0.000001
  Stage 3 epoch 240/300: loss=0.000001
  Stage 3 epoch 300/300: loss=0.000001
  rcMTE@0.1: 0.3019 (448/500 in region)
  rcMTE@0.5: 0.5138 (421/500 in region)
  rcMTE@1.0: 0.5823 (398/500 in region)
  MTE@0.1: 1.1629
  MTE@0.5: 1.3222
  MTE@1.0: 1.4098
  W2@1.0:  1.0516
  sW2@0.1: 1.0398 (448/500 in region)
  sW2@0.2: 1.0435 (438/500 in region)
  sW2@0.5: 1.0524 (421/500 in region)
  sW2@1.0: 1.0517 (398/500 in region)
  MMD@1.0: 0.5785
  Survival@1.0: 99.0%
  Stopped@1.0:  79.6%
      → K+S
  Precomputing encoder-pullback target...
  Stage 2 epoch 60/300: loss=0.057122
  Stage 2 epoch 120/300: loss=0.038714
  Stage 2 epoch 180/300: loss=0.021306
  Stage 2 epoch 240/300: loss=0.015947
  Stage 2 epoch 300/300: loss=0.013483
  Stage 3 epoch 60/300: loss=0.000001
  Stage 3 epoch 120/300: loss=0.000001
  Stage 3 epoch 180/300: loss=0.000001
  Stage 3 epoch 240/300: loss=0.000001
  Stage 3 epoch 300/300: loss=0.000001
  rcMTE@0.1: 0.3019 (448/500 in region)
  rcMTE@0.5: 0.5138 (421/500 in region)
  rcMTE@1.0: 0.5823 (398/500 in region)
  MTE@0.1: 1.1629
  MTE@0.5: 1.3222
  MTE@1.0: 1.4098
  W2@1.0:  1.0516
  sW2@0.1: 1.0398 (448/500 in region)
  sW2@0.2: 1.0435 (438/500 in region)
  sW2@0.5: 1.0524 (421/500 in region)
  sW2@1.0: 1.0517 (398/500 in region)
  MMD@1.0: 0.5785
  Survival@1.0: 99.0%
  Stopped@1.0:  79.6%

============================================================
  N=20 | D=201 (K=99) | hyperbolic_paraboloid | seed=9042
============================================================
    Phase1 Epoch 50/250: loss=0.564720
    Phase1 Epoch 100/250: loss=0.389694
    Phase1 Epoch 150/250: loss=0.238262
    Phase1 Epoch 200/250: loss=0.110247
    Phase1 Epoch 250/250: loss=0.087054
      Phase 2 AE: K_weight=0.0000
        Phase2 Epoch 50/250: loss=0.093719
        Phase2 Epoch 100/250: loss=0.060989
        Phase2 Epoch 150/250: loss=0.030312
        Phase2 Epoch 200/250: loss=0.026308
        Phase2 Epoch 250/250: loss=0.015423
        E_mu=0.0739  E_Sigma=0.0290
      → baseline
  Precomputing encoder-pullback target...
  Stage 2 epoch 60/300: loss=0.027721
  Stage 2 epoch 120/300: loss=0.017709
  Stage 2 epoch 180/300: loss=0.008285
  Stage 2 epoch 240/300: loss=0.005103
  Stage 2 epoch 300/300: loss=0.003989
  Stage 3 epoch 60/300: loss=0.000001
  Stage 3 epoch 120/300: loss=0.000001
  Stage 3 epoch 180/300: loss=0.000001
  Stage 3 epoch 240/300: loss=0.000001
  Stage 3 epoch 300/300: loss=0.000001
  rcMTE@0.1: 0.4188 (444/500 in region)
  rcMTE@0.5: 0.6972 (406/500 in region)
  rcMTE@1.0: 0.8327 (388/500 in region)
  MTE@0.1: 0.7480
  MTE@0.5: 1.0772
  MTE@1.0: 1.2091
  W2@1.0:  0.5735
  sW2@0.1: 0.3174 (444/500 in region)
  sW2@0.2: 0.3562 (429/500 in region)
  sW2@0.5: 0.4279 (406/500 in region)
  sW2@1.0: 0.5218 (388/500 in region)
  MMD@1.0: 0.2176
  Survival@1.0: 99.0%
  Stopped@1.0:  77.6%
      Phase 2 AE: K_weight=0.4275
        Phase2 Epoch 50/250: loss=0.199212
        Phase2 Epoch 100/250: loss=0.050104
        Phase2 Epoch 150/250: loss=0.031711
        Phase2 Epoch 200/250: loss=0.018111
        Phase2 Epoch 250/250: loss=0.011279
        E_mu=0.0635  E_Sigma=0.0226
      → K
  Precomputing encoder-pullback target...
  Stage 2 epoch 60/300: loss=0.028539
  Stage 2 epoch 120/300: loss=0.018196
  Stage 2 epoch 180/300: loss=0.009336
  Stage 2 epoch 240/300: loss=0.006366
  Stage 2 epoch 300/300: loss=0.004978
  Stage 3 epoch 60/300: loss=0.000001
  Stage 3 epoch 120/300: loss=0.000001
  Stage 3 epoch 180/300: loss=0.000001
  Stage 3 epoch 240/300: loss=0.000001
  Stage 3 epoch 300/300: loss=0.000001
  rcMTE@0.1: 0.4126 (444/500 in region)
  rcMTE@0.5: 0.7030 (406/500 in region)
  rcMTE@1.0: 0.8433 (388/500 in region)
  MTE@0.1: 0.7963
  MTE@0.5: 1.1197
  MTE@1.0: 1.2595
  W2@1.0:  0.7180
  sW2@0.1: 0.4050 (444/500 in region)
  sW2@0.2: 0.4487 (429/500 in region)
  sW2@0.5: 0.5545 (406/500 in region)
  sW2@1.0: 0.6815 (388/500 in region)
  MMD@1.0: 0.3503
  Survival@1.0: 99.0%
  Stopped@1.0:  77.6%
      → K+S
  Precomputing encoder-pullback target...
  Stage 2 epoch 60/300: loss=0.028539
  Stage 2 epoch 120/300: loss=0.018196
  Stage 2 epoch 180/300: loss=0.009336
  Stage 2 epoch 240/300: loss=0.006366
  Stage 2 epoch 300/300: loss=0.004978
  Stage 3 epoch 60/300: loss=0.000001
  Stage 3 epoch 120/300: loss=0.000001
  Stage 3 epoch 180/300: loss=0.000001
  Stage 3 epoch 240/300: loss=0.000001
  Stage 3 epoch 300/300: loss=0.000001
  rcMTE@0.1: 0.4126 (444/500 in region)
  rcMTE@0.5: 0.7030 (406/500 in region)
  rcMTE@1.0: 0.8433 (388/500 in region)
  MTE@0.1: 0.7963
  MTE@0.5: 1.1197
  MTE@1.0: 1.2595
  W2@1.0:  0.7180
  sW2@0.1: 0.4050 (444/500 in region)
  sW2@0.2: 0.4487 (429/500 in region)
  sW2@0.5: 0.5545 (406/500 in region)
  sW2@1.0: 0.6815 (388/500 in region)
  MMD@1.0: 0.3503
  Survival@1.0: 99.0%
  Stopped@1.0:  77.6%

  N=20, D=201 completed in 612.5s

============================================================
  N=50 | D=11 (K=4) | paraboloid | seed=42
============================================================
    Phase1 Epoch 50/250: loss=0.197518
    Phase1 Epoch 100/250: loss=0.037554
    Phase1 Epoch 150/250: loss=0.023645
    Phase1 Epoch 200/250: loss=0.012276
    Phase1 Epoch 250/250: loss=0.008020
      Phase 2 AE: K_weight=0.0000
        Phase2 Epoch 50/250: loss=0.009163
        Phase2 Epoch 100/250: loss=0.004032
        Phase2 Epoch 150/250: loss=0.022410
        Phase2 Epoch 200/250: loss=0.014901
        Phase2 Epoch 250/250: loss=0.001707
        E_mu=0.0060  E_Sigma=0.0016
      → baseline
  Precomputing encoder-pullback target...
  Stage 2 epoch 60/300: loss=0.342776
  Stage 2 epoch 120/300: loss=0.313545
  Stage 2 epoch 180/300: loss=0.268379
  Stage 2 epoch 240/300: loss=0.227526
  Stage 2 epoch 300/300: loss=0.243580
  Stage 3 epoch 60/300: loss=0.000226
  Stage 3 epoch 120/300: loss=0.000154
  Stage 3 epoch 180/300: loss=0.000099
  Stage 3 epoch 240/300: loss=0.000070
  Stage 3 epoch 300/300: loss=0.000047
  rcMTE@0.1: 0.2627 (442/500 in region)
  rcMTE@0.5: 0.5323 (402/500 in region)
  rcMTE@1.0: 0.6566 (383/500 in region)
  MTE@0.1: 0.4085
  MTE@0.5: 0.7391
  MTE@1.0: 0.8579
  W2@1.0:  0.4738
  sW2@0.1: 0.1773 (442/500 in region)
  sW2@0.2: 0.2307 (428/500 in region)
  sW2@0.5: 0.3745 (402/500 in region)
  sW2@1.0: 0.4704 (383/500 in region)
  MMD@1.0: 0.2390
  Survival@1.0: 98.6%
  Stopped@1.0:  76.6%
      Phase 2 AE: K_weight=0.1000
        Phase2 Epoch 50/250: loss=0.011555
        Phase2 Epoch 100/250: loss=0.005484
        Phase2 Epoch 150/250: loss=0.003402
        Phase2 Epoch 200/250: loss=0.002550
        Phase2 Epoch 250/250: loss=0.016919
        E_mu=0.0077  E_Sigma=0.0039
      → K
  Precomputing encoder-pullback target...
  Stage 2 epoch 60/300: loss=0.332755
  Stage 2 epoch 120/300: loss=0.306814
  Stage 2 epoch 180/300: loss=0.265575
  Stage 2 epoch 240/300: loss=0.226232
  Stage 2 epoch 300/300: loss=0.244208
  Stage 3 epoch 60/300: loss=0.000270
  Stage 3 epoch 120/300: loss=0.000187
  Stage 3 epoch 180/300: loss=0.000123
  Stage 3 epoch 240/300: loss=0.000092
  Stage 3 epoch 300/300: loss=0.000064
  rcMTE@0.1: 0.2663 (442/500 in region)
  rcMTE@0.5: 0.5382 (402/500 in region)
  rcMTE@1.0: 0.6596 (383/500 in region)
  MTE@0.1: 0.4300
  MTE@0.5: 0.7550
  MTE@1.0: 0.8678
  W2@1.0:  0.4855
  sW2@0.1: 0.2057 (442/500 in region)
  sW2@0.2: 0.2583 (428/500 in region)
  sW2@0.5: 0.4018 (402/500 in region)
  sW2@1.0: 0.4867 (383/500 in region)
  MMD@1.0: 0.2579
  Survival@1.0: 98.6%
  Stopped@1.0:  76.6%
      → K+S
  Precomputing encoder-pullback target...
  Stage 2 epoch 60/300: loss=0.332755
  Stage 2 epoch 120/300: loss=0.306814
  Stage 2 epoch 180/300: loss=0.265575
  Stage 2 epoch 240/300: loss=0.226232
  Stage 2 epoch 300/300: loss=0.244208
  Stage 3 epoch 60/300: loss=0.000270
  Stage 3 epoch 120/300: loss=0.000187
  Stage 3 epoch 180/300: loss=0.000123
  Stage 3 epoch 240/300: loss=0.000092
  Stage 3 epoch 300/300: loss=0.000064
  rcMTE@0.1: 0.2663 (442/500 in region)
  rcMTE@0.5: 0.5382 (402/500 in region)
  rcMTE@1.0: 0.6596 (383/500 in region)
  MTE@0.1: 0.4300
  MTE@0.5: 0.7550
  MTE@1.0: 0.8678
  W2@1.0:  0.4855
  sW2@0.1: 0.2057 (442/500 in region)
  sW2@0.2: 0.2583 (428/500 in region)
  sW2@0.5: 0.4018 (402/500 in region)
  sW2@1.0: 0.4867 (383/500 in region)
  MMD@1.0: 0.2579
  Survival@1.0: 98.6%
  Stopped@1.0:  76.6%

============================================================
  N=50 | D=11 (K=4) | paraboloid | seed=1042
============================================================
    Phase1 Epoch 50/250: loss=0.424747
    Phase1 Epoch 100/250: loss=0.047919
    Phase1 Epoch 150/250: loss=0.025833
    Phase1 Epoch 200/250: loss=0.010305
    Phase1 Epoch 250/250: loss=0.012643
      Phase 2 AE: K_weight=0.0000
        Phase2 Epoch 50/250: loss=0.013300
        Phase2 Epoch 100/250: loss=0.007976
        Phase2 Epoch 150/250: loss=0.008701
        Phase2 Epoch 200/250: loss=0.002325
        Phase2 Epoch 250/250: loss=0.002130
        E_mu=0.0062  E_Sigma=0.0015
      → baseline
  Precomputing encoder-pullback target...
  Stage 2 epoch 60/300: loss=0.438330
  Stage 2 epoch 120/300: loss=0.405274
  Stage 2 epoch 180/300: loss=0.340090
  Stage 2 epoch 240/300: loss=0.284272
  Stage 2 epoch 300/300: loss=0.248700
  Stage 3 epoch 60/300: loss=0.000057
  Stage 3 epoch 120/300: loss=0.000049
  Stage 3 epoch 180/300: loss=0.000042
  Stage 3 epoch 240/300: loss=0.000036
  Stage 3 epoch 300/300: loss=0.000034
  rcMTE@0.1: 0.2541 (455/500 in region)
  rcMTE@0.5: 0.4824 (418/500 in region)
  rcMTE@1.0: 0.6037 (400/500 in region)
  MTE@0.1: 0.4187
  MTE@0.5: 0.7303
  MTE@1.0: 0.8657
  W2@1.0:  0.3927
  sW2@0.1: 0.1891 (455/500 in region)
  sW2@0.2: 0.2048 (440/500 in region)
  sW2@0.5: 0.2834 (418/500 in region)
  sW2@1.0: 0.4024 (400/500 in region)
  MMD@1.0: 0.0879
  Survival@1.0: 99.4%
  Stopped@1.0:  80.0%
      Phase 2 AE: K_weight=0.1000
        Phase2 Epoch 50/250: loss=0.006872
        Phase2 Epoch 100/250: loss=0.009038
        Phase2 Epoch 150/250: loss=0.003967
        Phase2 Epoch 200/250: loss=0.003023
        Phase2 Epoch 250/250: loss=0.001889
        E_mu=0.0055  E_Sigma=0.0014
      → K
  Precomputing encoder-pullback target...
  Stage 2 epoch 60/300: loss=0.440155
  Stage 2 epoch 120/300: loss=0.407366
  Stage 2 epoch 180/300: loss=0.342174
  Stage 2 epoch 240/300: loss=0.285735
  Stage 2 epoch 300/300: loss=0.248303
  Stage 3 epoch 60/300: loss=0.000052
  Stage 3 epoch 120/300: loss=0.000046
  Stage 3 epoch 180/300: loss=0.000039
  Stage 3 epoch 240/300: loss=0.000035
  Stage 3 epoch 300/300: loss=0.000032
  rcMTE@0.1: 0.2540 (455/500 in region)
  rcMTE@0.5: 0.4821 (418/500 in region)
  rcMTE@1.0: 0.6033 (400/500 in region)
  MTE@0.1: 0.4163
  MTE@0.5: 0.7278
  MTE@1.0: 0.8641
  W2@1.0:  0.3889
  sW2@0.1: 0.1829 (455/500 in region)
  sW2@0.2: 0.2002 (440/500 in region)
  sW2@0.5: 0.2789 (418/500 in region)
  sW2@1.0: 0.4014 (400/500 in region)
  MMD@1.0: 0.0859
  Survival@1.0: 99.4%
  Stopped@1.0:  80.0%
      → K+S
  Precomputing encoder-pullback target...
  Stage 2 epoch 60/300: loss=0.440155
  Stage 2 epoch 120/300: loss=0.407366
  Stage 2 epoch 180/300: loss=0.342174
  Stage 2 epoch 240/300: loss=0.285735
  Stage 2 epoch 300/300: loss=0.248303
  Stage 3 epoch 60/300: loss=0.000052
  Stage 3 epoch 120/300: loss=0.000046
  Stage 3 epoch 180/300: loss=0.000039
  Stage 3 epoch 240/300: loss=0.000035
  Stage 3 epoch 300/300: loss=0.000032
  rcMTE@0.1: 0.2540 (455/500 in region)
  rcMTE@0.5: 0.4821 (418/500 in region)
  rcMTE@1.0: 0.6033 (400/500 in region)
  MTE@0.1: 0.4163
  MTE@0.5: 0.7278
  MTE@1.0: 0.8641
  W2@1.0:  0.3889
  sW2@0.1: 0.1829 (455/500 in region)
  sW2@0.2: 0.2002 (440/500 in region)
  sW2@0.5: 0.2789 (418/500 in region)
  sW2@1.0: 0.4014 (400/500 in region)
  MMD@1.0: 0.0859
  Survival@1.0: 99.4%
  Stopped@1.0:  80.0%

============================================================
  N=50 | D=11 (K=4) | paraboloid | seed=2042
============================================================
    Phase1 Epoch 50/250: loss=0.443668
    Phase1 Epoch 100/250: loss=0.032624
    Phase1 Epoch 150/250: loss=0.051025
    Phase1 Epoch 200/250: loss=0.013448
    Phase1 Epoch 250/250: loss=0.007697
      Phase 2 AE: K_weight=0.0000
        Phase2 Epoch 50/250: loss=0.006937
        Phase2 Epoch 100/250: loss=0.003239
        Phase2 Epoch 150/250: loss=0.007504
        Phase2 Epoch 200/250: loss=0.005751
        Phase2 Epoch 250/250: loss=0.002062
        E_mu=0.0051  E_Sigma=0.0017
      → baseline
  Precomputing encoder-pullback target...
  Stage 2 epoch 60/300: loss=0.284123
  Stage 2 epoch 120/300: loss=0.249582
  Stage 2 epoch 180/300: loss=0.218109
  Stage 2 epoch 240/300: loss=0.191145
  Stage 2 epoch 300/300: loss=0.189549
  Stage 3 epoch 60/300: loss=0.000146
  Stage 3 epoch 120/300: loss=0.000080
  Stage 3 epoch 180/300: loss=0.000063
  Stage 3 epoch 240/300: loss=0.000053
  Stage 3 epoch 300/300: loss=0.000052
  rcMTE@0.1: 0.2663 (454/500 in region)
  rcMTE@0.5: 0.5341 (422/500 in region)
  rcMTE@1.0: 0.6835 (406/500 in region)
  MTE@0.1: 0.4350
  MTE@0.5: 0.7885
  MTE@1.0: 0.9663
  W2@1.0:  0.5467
  sW2@0.1: 0.2037 (454/500 in region)
  sW2@0.2: 0.2834 (441/500 in region)
  sW2@0.5: 0.4020 (422/500 in region)
  sW2@1.0: 0.6113 (406/500 in region)
  MMD@1.0: 0.1612
  Survival@1.0: 98.2%
  Stopped@1.0:  81.2%
      Phase 2 AE: K_weight=0.1000
        Phase2 Epoch 50/250: loss=0.011669
        Phase2 Epoch 100/250: loss=0.006673
        Phase2 Epoch 150/250: loss=0.003607
        Phase2 Epoch 200/250: loss=0.002864
        Phase2 Epoch 250/250: loss=0.009111
        E_mu=0.0226  E_Sigma=0.0124
      → K
  Precomputing encoder-pullback target...
  Stage 2 epoch 60/300: loss=0.285739
  Stage 2 epoch 120/300: loss=0.251827
  Stage 2 epoch 180/300: loss=0.220914
  Stage 2 epoch 240/300: loss=0.194347
  Stage 2 epoch 300/300: loss=0.194135
  Stage 3 epoch 60/300: loss=0.000238
  Stage 3 epoch 120/300: loss=0.000148
  Stage 3 epoch 180/300: loss=0.000122
  Stage 3 epoch 240/300: loss=0.000115
  Stage 3 epoch 300/300: loss=0.000114
  rcMTE@0.1: 0.2755 (454/500 in region)
  rcMTE@0.5: 0.5474 (422/500 in region)
  rcMTE@1.0: 0.7020 (406/500 in region)
  MTE@0.1: 0.4517
  MTE@0.5: 0.8032
  MTE@1.0: 0.9860
  W2@1.0:  0.6137
  sW2@0.1: 0.2431 (454/500 in region)
  sW2@0.2: 0.3355 (441/500 in region)
  sW2@0.5: 0.4536 (422/500 in region)
  sW2@1.0: 0.6821 (406/500 in region)
  MMD@1.0: 0.1977
  Survival@1.0: 98.2%
  Stopped@1.0:  81.2%
      → K+S
  Precomputing encoder-pullback target...
  Stage 2 epoch 60/300: loss=0.285739
  Stage 2 epoch 120/300: loss=0.251827
  Stage 2 epoch 180/300: loss=0.220914
  Stage 2 epoch 240/300: loss=0.194347
  Stage 2 epoch 300/300: loss=0.194135
  Stage 3 epoch 60/300: loss=0.000238
  Stage 3 epoch 120/300: loss=0.000148
  Stage 3 epoch 180/300: loss=0.000122
  Stage 3 epoch 240/300: loss=0.000115
  Stage 3 epoch 300/300: loss=0.000114
  rcMTE@0.1: 0.2755 (454/500 in region)
  rcMTE@0.5: 0.5474 (422/500 in region)
  rcMTE@1.0: 0.7020 (406/500 in region)
  MTE@0.1: 0.4517
  MTE@0.5: 0.8032
  MTE@1.0: 0.9860
  W2@1.0:  0.6137
  sW2@0.1: 0.2431 (454/500 in region)
  sW2@0.2: 0.3355 (441/500 in region)
  sW2@0.5: 0.4536 (422/500 in region)
  sW2@1.0: 0.6821 (406/500 in region)
  MMD@1.0: 0.1977
  Survival@1.0: 98.2%
  Stopped@1.0:  81.2%

============================================================
  N=50 | D=11 (K=4) | paraboloid | seed=3042
============================================================
    Phase1 Epoch 50/250: loss=0.166668
    Phase1 Epoch 100/250: loss=0.055468
    Phase1 Epoch 150/250: loss=0.016784
    Phase1 Epoch 200/250: loss=0.009857
    Phase1 Epoch 250/250: loss=0.004179
      Phase 2 AE: K_weight=0.0000
        Phase2 Epoch 50/250: loss=0.012021
        Phase2 Epoch 100/250: loss=0.006234
        Phase2 Epoch 150/250: loss=0.003263
        Phase2 Epoch 200/250: loss=0.002679
        Phase2 Epoch 250/250: loss=0.001886
        E_mu=0.0031  E_Sigma=0.0011
      → baseline
  Precomputing encoder-pullback target...
  Stage 2 epoch 60/300: loss=0.881485
  Stage 2 epoch 120/300: loss=0.499703
  Stage 2 epoch 180/300: loss=0.436989
  Stage 2 epoch 240/300: loss=0.366599
  Stage 2 epoch 300/300: loss=0.335657
  Stage 3 epoch 60/300: loss=0.000175
  Stage 3 epoch 120/300: loss=0.000101
  Stage 3 epoch 180/300: loss=0.000058
  Stage 3 epoch 240/300: loss=0.000044
  Stage 3 epoch 300/300: loss=0.000035
  rcMTE@0.1: 0.2913 (456/500 in region)
  rcMTE@0.5: 0.5202 (402/500 in region)
  rcMTE@1.0: 0.6040 (381/500 in region)
  MTE@0.1: 0.4866
  MTE@0.5: 0.8108
  MTE@1.0: 0.8725
  W2@1.0:  0.3506
  sW2@0.1: 0.1844 (456/500 in region)
  sW2@0.2: 0.2227 (434/500 in region)
  sW2@0.5: 0.2815 (402/500 in region)
  sW2@1.0: 0.3703 (381/500 in region)
  MMD@1.0: 0.1210
  Survival@1.0: 97.4%
  Stopped@1.0:  76.2%
      Phase 2 AE: K_weight=0.1000
        Phase2 Epoch 50/250: loss=0.010150
        Phase2 Epoch 100/250: loss=0.011140
        Phase2 Epoch 150/250: loss=0.002476
        Phase2 Epoch 200/250: loss=0.002233
        Phase2 Epoch 250/250: loss=0.001954
        E_mu=0.0038  E_Sigma=0.0013
      → K
  Precomputing encoder-pullback target...
  Stage 2 epoch 60/300: loss=0.898131
  Stage 2 epoch 120/300: loss=0.501157
  Stage 2 epoch 180/300: loss=0.434123
  Stage 2 epoch 240/300: loss=0.365578
  Stage 2 epoch 300/300: loss=0.335053
  Stage 3 epoch 60/300: loss=0.000160
  Stage 3 epoch 120/300: loss=0.000092
  Stage 3 epoch 180/300: loss=0.000054
  Stage 3 epoch 240/300: loss=0.000042
  Stage 3 epoch 300/300: loss=0.000034
  rcMTE@0.1: 0.2923 (456/500 in region)
  rcMTE@0.5: 0.5201 (402/500 in region)
  rcMTE@1.0: 0.6034 (381/500 in region)
  MTE@0.1: 0.4887
  MTE@0.5: 0.8123
  MTE@1.0: 0.8722
  W2@1.0:  0.3429
  sW2@0.1: 0.1862 (456/500 in region)
  sW2@0.2: 0.2248 (434/500 in region)
  sW2@0.5: 0.2775 (402/500 in region)
  sW2@1.0: 0.3604 (381/500 in region)
  MMD@1.0: 0.1193
  Survival@1.0: 97.4%
  Stopped@1.0:  76.2%
      → K+S
  Precomputing encoder-pullback target...
  Stage 2 epoch 60/300: loss=0.898131
  Stage 2 epoch 120/300: loss=0.501157
  Stage 2 epoch 180/300: loss=0.434123
  Stage 2 epoch 240/300: loss=0.365578
  Stage 2 epoch 300/300: loss=0.335053
  Stage 3 epoch 60/300: loss=0.000160
  Stage 3 epoch 120/300: loss=0.000092
  Stage 3 epoch 180/300: loss=0.000054
  Stage 3 epoch 240/300: loss=0.000042
  Stage 3 epoch 300/300: loss=0.000034
  rcMTE@0.1: 0.2923 (456/500 in region)
  rcMTE@0.5: 0.5201 (402/500 in region)
  rcMTE@1.0: 0.6034 (381/500 in region)
  MTE@0.1: 0.4887
  MTE@0.5: 0.8123
  MTE@1.0: 0.8722
  W2@1.0:  0.3429
  sW2@0.1: 0.1862 (456/500 in region)
  sW2@0.2: 0.2248 (434/500 in region)
  sW2@0.5: 0.2775 (402/500 in region)
  sW2@1.0: 0.3604 (381/500 in region)
  MMD@1.0: 0.1193
  Survival@1.0: 97.4%
  Stopped@1.0:  76.2%

============================================================
  N=50 | D=11 (K=4) | paraboloid | seed=4042
============================================================
    Phase1 Epoch 50/250: loss=0.399289
    Phase1 Epoch 100/250: loss=0.061375
    Phase1 Epoch 150/250: loss=0.027724
    Phase1 Epoch 200/250: loss=0.016247
    Phase1 Epoch 250/250: loss=0.010243
      Phase 2 AE: K_weight=0.0000
        Phase2 Epoch 50/250: loss=0.008400
        Phase2 Epoch 100/250: loss=0.004733
        Phase2 Epoch 150/250: loss=0.008798
        Phase2 Epoch 200/250: loss=0.007827
        Phase2 Epoch 250/250: loss=0.002293
        E_mu=0.0068  E_Sigma=0.0023
      → baseline
  Precomputing encoder-pullback target...
  Stage 2 epoch 60/300: loss=0.474987
  Stage 2 epoch 120/300: loss=0.410665
  Stage 2 epoch 180/300: loss=0.363520
  Stage 2 epoch 240/300: loss=0.236694
  Stage 2 epoch 300/300: loss=0.175335
  Stage 3 epoch 60/300: loss=0.000142
  Stage 3 epoch 120/300: loss=0.000100
  Stage 3 epoch 180/300: loss=0.000075
  Stage 3 epoch 240/300: loss=0.000061
  Stage 3 epoch 300/300: loss=0.000053
  rcMTE@0.1: 0.2627 (443/500 in region)
  rcMTE@0.5: 0.5349 (407/500 in region)
  rcMTE@1.0: 0.6771 (384/500 in region)
  MTE@0.1: 0.4212
  MTE@0.5: 0.8154
  MTE@1.0: 0.9850
  W2@1.0:  0.6429
  sW2@0.1: 0.1949 (443/500 in region)
  sW2@0.2: 0.2631 (424/500 in region)
  sW2@0.5: 0.4265 (407/500 in region)
  sW2@1.0: 0.6559 (384/500 in region)
  MMD@1.0: 0.1825
  Survival@1.0: 98.8%
  Stopped@1.0:  76.8%
      Phase 2 AE: K_weight=0.1000
        Phase2 Epoch 50/250: loss=0.013521
        Phase2 Epoch 100/250: loss=0.019062
        Phase2 Epoch 150/250: loss=0.012672
        Phase2 Epoch 200/250: loss=0.003338
        Phase2 Epoch 250/250: loss=0.002195
        E_mu=0.0073  E_Sigma=0.0022
      → K
  Precomputing encoder-pullback target...
  Stage 2 epoch 60/300: loss=0.492515
  Stage 2 epoch 120/300: loss=0.421236
  Stage 2 epoch 180/300: loss=0.370178
  Stage 2 epoch 240/300: loss=0.240548
  Stage 2 epoch 300/300: loss=0.176559
  Stage 3 epoch 60/300: loss=0.000154
  Stage 3 epoch 120/300: loss=0.000103
  Stage 3 epoch 180/300: loss=0.000073
  Stage 3 epoch 240/300: loss=0.000057
  Stage 3 epoch 300/300: loss=0.000048
  rcMTE@0.1: 0.2621 (443/500 in region)
  rcMTE@0.5: 0.5345 (407/500 in region)
  rcMTE@1.0: 0.6774 (384/500 in region)
  MTE@0.1: 0.4196
  MTE@0.5: 0.8133
  MTE@1.0: 0.9827
  W2@1.0:  0.6419
  sW2@0.1: 0.1899 (443/500 in region)
  sW2@0.2: 0.2587 (424/500 in region)
  sW2@0.5: 0.4287 (407/500 in region)
  sW2@1.0: 0.6570 (384/500 in region)
  MMD@1.0: 0.1811
  Survival@1.0: 98.8%
  Stopped@1.0:  76.8%
      → K+S
  Precomputing encoder-pullback target...
  Stage 2 epoch 60/300: loss=0.492515
  Stage 2 epoch 120/300: loss=0.421236
  Stage 2 epoch 180/300: loss=0.370178
  Stage 2 epoch 240/300: loss=0.240548
  Stage 2 epoch 300/300: loss=0.176559
  Stage 3 epoch 60/300: loss=0.000154
  Stage 3 epoch 120/300: loss=0.000103
  Stage 3 epoch 180/300: loss=0.000073
  Stage 3 epoch 240/300: loss=0.000057
  Stage 3 epoch 300/300: loss=0.000048
  rcMTE@0.1: 0.2621 (443/500 in region)
  rcMTE@0.5: 0.5345 (407/500 in region)
  rcMTE@1.0: 0.6774 (384/500 in region)
  MTE@0.1: 0.4196
  MTE@0.5: 0.8133
  MTE@1.0: 0.9827
  W2@1.0:  0.6419
  sW2@0.1: 0.1899 (443/500 in region)
  sW2@0.2: 0.2587 (424/500 in region)
  sW2@0.5: 0.4287 (407/500 in region)
  sW2@1.0: 0.6570 (384/500 in region)
  MMD@1.0: 0.1811
  Survival@1.0: 98.8%
  Stopped@1.0:  76.8%

============================================================
  N=50 | D=11 (K=4) | paraboloid | seed=5042
============================================================
    Phase1 Epoch 50/250: loss=0.390803
    Phase1 Epoch 100/250: loss=0.045165
    Phase1 Epoch 150/250: loss=0.016496
    Phase1 Epoch 200/250: loss=0.008258
    Phase1 Epoch 250/250: loss=0.006456
      Phase 2 AE: K_weight=0.0000
        Phase2 Epoch 50/250: loss=0.011479
        Phase2 Epoch 100/250: loss=0.002816
        Phase2 Epoch 150/250: loss=0.002971
        Phase2 Epoch 200/250: loss=0.002015
        Phase2 Epoch 250/250: loss=0.001943
        E_mu=0.0056  E_Sigma=0.0017
      → baseline
  Precomputing encoder-pullback target...
  Stage 2 epoch 60/300: loss=0.416679
  Stage 2 epoch 120/300: loss=0.327573
  Stage 2 epoch 180/300: loss=0.290345
  Stage 2 epoch 240/300: loss=0.312368
  Stage 2 epoch 300/300: loss=0.278069
  Stage 3 epoch 60/300: loss=0.000067
  Stage 3 epoch 120/300: loss=0.000037
  Stage 3 epoch 180/300: loss=0.000033
  Stage 3 epoch 240/300: loss=0.000031
  Stage 3 epoch 300/300: loss=0.000027
  rcMTE@0.1: 0.4002 (454/500 in region)
  rcMTE@0.5: 0.6817 (420/500 in region)
  rcMTE@1.0: 0.8280 (403/500 in region)
  MTE@0.1: 0.6424
  MTE@0.5: 1.0447
  MTE@1.0: 1.1785
  W2@1.0:  0.4589
  sW2@0.1: 0.2032 (454/500 in region)
  sW2@0.2: 0.2922 (435/500 in region)
  sW2@0.5: 0.3705 (420/500 in region)
  sW2@1.0: 0.4658 (403/500 in region)
  MMD@1.0: 0.1042
  Survival@1.0: 98.8%
  Stopped@1.0:  80.6%
      Phase 2 AE: K_weight=0.1000
        Phase2 Epoch 50/250: loss=0.009793
        Phase2 Epoch 100/250: loss=0.003433
        Phase2 Epoch 150/250: loss=0.003238
        Phase2 Epoch 200/250: loss=0.002227
        Phase2 Epoch 250/250: loss=0.001475
        E_mu=0.0045  E_Sigma=0.0013
      → K
  Precomputing encoder-pullback target...
  Stage 2 epoch 60/300: loss=0.415819
  Stage 2 epoch 120/300: loss=0.328580
  Stage 2 epoch 180/300: loss=0.290782
  Stage 2 epoch 240/300: loss=0.313039
  Stage 2 epoch 300/300: loss=0.277792
  Stage 3 epoch 60/300: loss=0.000069
  Stage 3 epoch 120/300: loss=0.000037
  Stage 3 epoch 180/300: loss=0.000031
  Stage 3 epoch 240/300: loss=0.000030
  Stage 3 epoch 300/300: loss=0.000026
  rcMTE@0.1: 0.4008 (454/500 in region)
  rcMTE@0.5: 0.6818 (420/500 in region)
  rcMTE@1.0: 0.8281 (403/500 in region)
  MTE@0.1: 0.6435
  MTE@0.5: 1.0453
  MTE@1.0: 1.1787
  W2@1.0:  0.4609
  sW2@0.1: 0.2094 (454/500 in region)
  sW2@0.2: 0.3000 (435/500 in region)
  sW2@0.5: 0.3774 (420/500 in region)
  sW2@1.0: 0.4673 (403/500 in region)
  MMD@1.0: 0.1103
  Survival@1.0: 98.8%
  Stopped@1.0:  80.6%
      → K+S
  Precomputing encoder-pullback target...
  Stage 2 epoch 60/300: loss=0.415819
  Stage 2 epoch 120/300: loss=0.328580
  Stage 2 epoch 180/300: loss=0.290782
  Stage 2 epoch 240/300: loss=0.313039
  Stage 2 epoch 300/300: loss=0.277792
  Stage 3 epoch 60/300: loss=0.000069
  Stage 3 epoch 120/300: loss=0.000037
  Stage 3 epoch 180/300: loss=0.000031
  Stage 3 epoch 240/300: loss=0.000030
  Stage 3 epoch 300/300: loss=0.000026
  rcMTE@0.1: 0.4008 (454/500 in region)
  rcMTE@0.5: 0.6818 (420/500 in region)
  rcMTE@1.0: 0.8281 (403/500 in region)
  MTE@0.1: 0.6435
  MTE@0.5: 1.0453
  MTE@1.0: 1.1787
  W2@1.0:  0.4609
  sW2@0.1: 0.2094 (454/500 in region)
  sW2@0.2: 0.3000 (435/500 in region)
  sW2@0.5: 0.3774 (420/500 in region)
  sW2@1.0: 0.4673 (403/500 in region)
  MMD@1.0: 0.1103
  Survival@1.0: 98.8%
  Stopped@1.0:  80.6%

============================================================
  N=50 | D=11 (K=4) | paraboloid | seed=6042
============================================================
    Phase1 Epoch 50/250: loss=0.283935
    Phase1 Epoch 100/250: loss=0.068786
    Phase1 Epoch 150/250: loss=0.027231
    Phase1 Epoch 200/250: loss=0.010875
    Phase1 Epoch 250/250: loss=0.006589
      Phase 2 AE: K_weight=0.0000
        Phase2 Epoch 50/250: loss=0.010709
        Phase2 Epoch 100/250: loss=0.003355
        Phase2 Epoch 150/250: loss=0.026246
        Phase2 Epoch 200/250: loss=0.004064
        Phase2 Epoch 250/250: loss=0.001862
        E_mu=0.0037  E_Sigma=0.0013
      → baseline
  Precomputing encoder-pullback target...
  Stage 2 epoch 60/300: loss=0.738617
  Stage 2 epoch 120/300: loss=0.523271
  Stage 2 epoch 180/300: loss=0.417718
  Stage 2 epoch 240/300: loss=0.372578
  Stage 2 epoch 300/300: loss=0.329927
  Stage 3 epoch 60/300: loss=0.001586
  Stage 3 epoch 120/300: loss=0.001550
  Stage 3 epoch 180/300: loss=0.001525
  Stage 3 epoch 240/300: loss=0.001431
  Stage 3 epoch 300/300: loss=0.001415
  rcMTE@0.1: 0.1673 (452/500 in region)
  rcMTE@0.5: 0.3505 (406/500 in region)
  rcMTE@1.0: 0.5140 (392/500 in region)
  MTE@0.1: 0.2669
  MTE@0.5: 0.5360
  MTE@1.0: 0.7629
  W2@1.0:  0.7259
  sW2@0.1: 0.1858 (452/500 in region)
  sW2@0.2: 0.2515 (428/500 in region)
  sW2@0.5: 0.4458 (406/500 in region)
  sW2@1.0: 0.7773 (392/500 in region)
  MMD@1.0: 0.1996
  Survival@1.0: 98.6%
  Stopped@1.0:  78.4%
      Phase 2 AE: K_weight=0.1000
        Phase2 Epoch 50/250: loss=0.014060
        Phase2 Epoch 100/250: loss=0.003924
        Phase2 Epoch 150/250: loss=0.009964
        Phase2 Epoch 200/250: loss=0.003860
        Phase2 Epoch 250/250: loss=0.007110
        E_mu=0.0064  E_Sigma=0.0024
      → K
  Precomputing encoder-pullback target...
  Stage 2 epoch 60/300: loss=0.747227
  Stage 2 epoch 120/300: loss=0.520488
  Stage 2 epoch 180/300: loss=0.411769
  Stage 2 epoch 240/300: loss=0.361976
  Stage 2 epoch 300/300: loss=0.320787
  Stage 3 epoch 60/300: loss=0.001546
  Stage 3 epoch 120/300: loss=0.001510
  Stage 3 epoch 180/300: loss=0.001483
  Stage 3 epoch 240/300: loss=0.001392
  Stage 3 epoch 300/300: loss=0.001378
  rcMTE@0.1: 0.1785 (452/500 in region)
  rcMTE@0.5: 0.3741 (406/500 in region)
  rcMTE@1.0: 0.5470 (392/500 in region)
  MTE@0.1: 0.2818
  MTE@0.5: 0.5642
  MTE@1.0: 0.8014
  W2@1.0:  0.7755
  sW2@0.1: 0.2047 (452/500 in region)
  sW2@0.2: 0.2807 (428/500 in region)
  sW2@0.5: 0.4844 (406/500 in region)
  sW2@1.0: 0.8296 (392/500 in region)
  MMD@1.0: 0.2171
  Survival@1.0: 98.6%
  Stopped@1.0:  78.4%
      → K+S
  Precomputing encoder-pullback target...
  Stage 2 epoch 60/300: loss=0.747227
  Stage 2 epoch 120/300: loss=0.520488
  Stage 2 epoch 180/300: loss=0.411769
  Stage 2 epoch 240/300: loss=0.361976
  Stage 2 epoch 300/300: loss=0.320787
  Stage 3 epoch 60/300: loss=0.001546
  Stage 3 epoch 120/300: loss=0.001510
  Stage 3 epoch 180/300: loss=0.001483
  Stage 3 epoch 240/300: loss=0.001392
  Stage 3 epoch 300/300: loss=0.001378
  rcMTE@0.1: 0.1785 (452/500 in region)
  rcMTE@0.5: 0.3741 (406/500 in region)
  rcMTE@1.0: 0.5470 (392/500 in region)
  MTE@0.1: 0.2818
  MTE@0.5: 0.5642
  MTE@1.0: 0.8014
  W2@1.0:  0.7755
  sW2@0.1: 0.2047 (452/500 in region)
  sW2@0.2: 0.2807 (428/500 in region)
  sW2@0.5: 0.4844 (406/500 in region)
  sW2@1.0: 0.8296 (392/500 in region)
  MMD@1.0: 0.2171
  Survival@1.0: 98.6%
  Stopped@1.0:  78.4%

============================================================
  N=50 | D=11 (K=4) | paraboloid | seed=7042
============================================================
    Phase1 Epoch 50/250: loss=0.285197
    Phase1 Epoch 100/250: loss=0.058356
    Phase1 Epoch 150/250: loss=0.023069
    Phase1 Epoch 200/250: loss=0.026212
    Phase1 Epoch 250/250: loss=0.012065
      Phase 2 AE: K_weight=0.0000
        Phase2 Epoch 50/250: loss=0.016579
        Phase2 Epoch 100/250: loss=0.004884
        Phase2 Epoch 150/250: loss=0.003125
        Phase2 Epoch 200/250: loss=0.012464
        Phase2 Epoch 250/250: loss=0.006053
        E_mu=0.0040  E_Sigma=0.0016
      → baseline
  Precomputing encoder-pullback target...
  Stage 2 epoch 60/300: loss=0.731280
  Stage 2 epoch 120/300: loss=0.445430
  Stage 2 epoch 180/300: loss=0.292769
  Stage 2 epoch 240/300: loss=0.253468
  Stage 2 epoch 300/300: loss=0.238801
  Stage 3 epoch 60/300: loss=0.001566
  Stage 3 epoch 120/300: loss=0.001456
  Stage 3 epoch 180/300: loss=0.001103
  Stage 3 epoch 240/300: loss=0.000737
  Stage 3 epoch 300/300: loss=0.000531
  rcMTE@0.1: 0.2738 (457/500 in region)
  rcMTE@0.5: 0.4848 (420/500 in region)
  rcMTE@1.0: 0.5618 (396/500 in region)
  MTE@0.1: 0.4511
  MTE@0.5: 0.7502
  MTE@1.0: 0.8170
  W2@1.0:  0.4334
  sW2@0.1: 0.1828 (457/500 in region)
  sW2@0.2: 0.2225 (438/500 in region)
  sW2@0.5: 0.3449 (420/500 in region)
  sW2@1.0: 0.4901 (396/500 in region)
  MMD@1.0: 0.2173
  Survival@1.0: 99.2%
  Stopped@1.0:  79.2%
      Phase 2 AE: K_weight=0.1000
        Phase2 Epoch 50/250: loss=0.013869
        Phase2 Epoch 100/250: loss=0.008753
        Phase2 Epoch 150/250: loss=0.008759
        Phase2 Epoch 200/250: loss=0.009263
        Phase2 Epoch 250/250: loss=0.002431
        E_mu=0.0042  E_Sigma=0.0011
      → K
  Precomputing encoder-pullback target...
  Stage 2 epoch 60/300: loss=0.739820
  Stage 2 epoch 120/300: loss=0.446402
  Stage 2 epoch 180/300: loss=0.291519
  Stage 2 epoch 240/300: loss=0.252228
  Stage 2 epoch 300/300: loss=0.237638
  Stage 3 epoch 60/300: loss=0.001551
  Stage 3 epoch 120/300: loss=0.001447
  Stage 3 epoch 180/300: loss=0.001109
  Stage 3 epoch 240/300: loss=0.000718
  Stage 3 epoch 300/300: loss=0.000516
  rcMTE@0.1: 0.2736 (457/500 in region)
  rcMTE@0.5: 0.4872 (420/500 in region)
  rcMTE@1.0: 0.5654 (396/500 in region)
  MTE@0.1: 0.4517
  MTE@0.5: 0.7542
  MTE@1.0: 0.8216
  W2@1.0:  0.4480
  sW2@0.1: 0.1865 (457/500 in region)
  sW2@0.2: 0.2335 (438/500 in region)
  sW2@0.5: 0.3585 (420/500 in region)
  sW2@1.0: 0.5078 (396/500 in region)
  MMD@1.0: 0.2293
  Survival@1.0: 99.2%
  Stopped@1.0:  79.2%
      → K+S
  Precomputing encoder-pullback target...
  Stage 2 epoch 60/300: loss=0.739820
  Stage 2 epoch 120/300: loss=0.446402
  Stage 2 epoch 180/300: loss=0.291519
  Stage 2 epoch 240/300: loss=0.252228
  Stage 2 epoch 300/300: loss=0.237638
  Stage 3 epoch 60/300: loss=0.001551
  Stage 3 epoch 120/300: loss=0.001447
  Stage 3 epoch 180/300: loss=0.001109
  Stage 3 epoch 240/300: loss=0.000718
  Stage 3 epoch 300/300: loss=0.000516
  rcMTE@0.1: 0.2736 (457/500 in region)
  rcMTE@0.5: 0.4872 (420/500 in region)
  rcMTE@1.0: 0.5654 (396/500 in region)
  MTE@0.1: 0.4517
  MTE@0.5: 0.7542
  MTE@1.0: 0.8216
  W2@1.0:  0.4480
  sW2@0.1: 0.1865 (457/500 in region)
  sW2@0.2: 0.2335 (438/500 in region)
  sW2@0.5: 0.3585 (420/500 in region)
  sW2@1.0: 0.5078 (396/500 in region)
  MMD@1.0: 0.2293
  Survival@1.0: 99.2%
  Stopped@1.0:  79.2%

============================================================
  N=50 | D=11 (K=4) | paraboloid | seed=8042
============================================================
    Phase1 Epoch 50/250: loss=0.290525
    Phase1 Epoch 100/250: loss=0.059242
    Phase1 Epoch 150/250: loss=0.041295
    Phase1 Epoch 200/250: loss=0.014563
    Phase1 Epoch 250/250: loss=0.017565
      Phase 2 AE: K_weight=0.0000
        Phase2 Epoch 50/250: loss=0.015214
        Phase2 Epoch 100/250: loss=0.009118
        Phase2 Epoch 150/250: loss=0.017032
        Phase2 Epoch 200/250: loss=0.003237
        Phase2 Epoch 250/250: loss=0.003034
        E_mu=0.0058  E_Sigma=0.0016
      → baseline
  Precomputing encoder-pullback target...
  Stage 2 epoch 60/300: loss=0.932867
  Stage 2 epoch 120/300: loss=0.722166
  Stage 2 epoch 180/300: loss=0.419092
  Stage 2 epoch 240/300: loss=0.345849
  Stage 2 epoch 300/300: loss=0.241372
  Stage 3 epoch 60/300: loss=0.001662
  Stage 3 epoch 120/300: loss=0.001504
  Stage 3 epoch 180/300: loss=0.000785
  Stage 3 epoch 240/300: loss=0.000471
  Stage 3 epoch 300/300: loss=0.000363
  rcMTE@0.1: 0.2646 (448/500 in region)
  rcMTE@0.5: 0.4415 (421/500 in region)
  rcMTE@1.0: 0.5228 (398/500 in region)
  MTE@0.1: 0.4573
  MTE@0.5: 0.6992
  MTE@1.0: 0.8373
  W2@1.0:  0.4296
  sW2@0.1: 0.1814 (448/500 in region)
  sW2@0.2: 0.2162 (438/500 in region)
  sW2@0.5: 0.3191 (421/500 in region)
  sW2@1.0: 0.3845 (398/500 in region)
  MMD@1.0: 0.1174
  Survival@1.0: 99.0%
  Stopped@1.0:  79.6%
      Phase 2 AE: K_weight=0.1000
        Phase2 Epoch 50/250: loss=0.011693
        Phase2 Epoch 100/250: loss=0.004754
        Phase2 Epoch 150/250: loss=0.004615
        Phase2 Epoch 200/250: loss=0.004211
        Phase2 Epoch 250/250: loss=0.002383
        E_mu=0.0057  E_Sigma=0.0025
      → K
  Precomputing encoder-pullback target...
  Stage 2 epoch 60/300: loss=1.001417
  Stage 2 epoch 120/300: loss=0.763233
  Stage 2 epoch 180/300: loss=0.426389
  Stage 2 epoch 240/300: loss=0.344503
  Stage 2 epoch 300/300: loss=0.236531
  Stage 3 epoch 60/300: loss=0.001622
  Stage 3 epoch 120/300: loss=0.001473
  Stage 3 epoch 180/300: loss=0.000771
  Stage 3 epoch 240/300: loss=0.000474
  Stage 3 epoch 300/300: loss=0.000365
  rcMTE@0.1: 0.2665 (448/500 in region)
  rcMTE@0.5: 0.4479 (421/500 in region)
  rcMTE@1.0: 0.5324 (398/500 in region)
  MTE@0.1: 0.4586
  MTE@0.5: 0.7068
  MTE@1.0: 0.8497
  W2@1.0:  0.4548
  sW2@0.1: 0.1862 (448/500 in region)
  sW2@0.2: 0.2255 (438/500 in region)
  sW2@0.5: 0.3387 (421/500 in region)
  sW2@1.0: 0.4163 (398/500 in region)
  MMD@1.0: 0.1258
  Survival@1.0: 99.0%
  Stopped@1.0:  79.6%
      → K+S
  Precomputing encoder-pullback target...
  Stage 2 epoch 60/300: loss=1.001417
  Stage 2 epoch 120/300: loss=0.763233
  Stage 2 epoch 180/300: loss=0.426389
  Stage 2 epoch 240/300: loss=0.344503
  Stage 2 epoch 300/300: loss=0.236531
  Stage 3 epoch 60/300: loss=0.001622
  Stage 3 epoch 120/300: loss=0.001473
  Stage 3 epoch 180/300: loss=0.000771
  Stage 3 epoch 240/300: loss=0.000474
  Stage 3 epoch 300/300: loss=0.000365
  rcMTE@0.1: 0.2665 (448/500 in region)
  rcMTE@0.5: 0.4479 (421/500 in region)
  rcMTE@1.0: 0.5324 (398/500 in region)
  MTE@0.1: 0.4586
  MTE@0.5: 0.7068
  MTE@1.0: 0.8497
  W2@1.0:  0.4548
  sW2@0.1: 0.1862 (448/500 in region)
  sW2@0.2: 0.2255 (438/500 in region)
  sW2@0.5: 0.3387 (421/500 in region)
  sW2@1.0: 0.4163 (398/500 in region)
  MMD@1.0: 0.1258
  Survival@1.0: 99.0%
  Stopped@1.0:  79.6%

============================================================
  N=50 | D=11 (K=4) | paraboloid | seed=9042
============================================================
    Phase1 Epoch 50/250: loss=0.303306
    Phase1 Epoch 100/250: loss=0.051639
    Phase1 Epoch 150/250: loss=0.025843
    Phase1 Epoch 200/250: loss=0.016004
    Phase1 Epoch 250/250: loss=0.007797
      Phase 2 AE: K_weight=0.0000
        Phase2 Epoch 50/250: loss=0.008371
        Phase2 Epoch 100/250: loss=0.003292
        Phase2 Epoch 150/250: loss=0.002732
        Phase2 Epoch 200/250: loss=0.001898
        Phase2 Epoch 250/250: loss=0.001682
        E_mu=0.0075  E_Sigma=0.0019
      → baseline
  Precomputing encoder-pullback target...
  Stage 2 epoch 60/300: loss=0.804396
  Stage 2 epoch 120/300: loss=0.360641
  Stage 2 epoch 180/300: loss=0.277030
  Stage 2 epoch 240/300: loss=0.217351
  Stage 2 epoch 300/300: loss=0.214057
  Stage 3 epoch 60/300: loss=0.000126
  Stage 3 epoch 120/300: loss=0.000068
  Stage 3 epoch 180/300: loss=0.000057
  Stage 3 epoch 240/300: loss=0.000046
  Stage 3 epoch 300/300: loss=0.000041
  rcMTE@0.1: 0.1060 (444/500 in region)
  rcMTE@0.5: 0.2563 (406/500 in region)
  rcMTE@1.0: 0.3613 (388/500 in region)
  MTE@0.1: 0.1952
  MTE@0.5: 0.4092
  MTE@1.0: 0.5308
  W2@1.0:  0.4834
  sW2@0.1: 0.2141 (444/500 in region)
  sW2@0.2: 0.2915 (429/500 in region)
  sW2@0.5: 0.3691 (406/500 in region)
  sW2@1.0: 0.4472 (388/500 in region)
  MMD@1.0: 0.2408
  Survival@1.0: 99.0%
  Stopped@1.0:  77.6%
      Phase 2 AE: K_weight=0.1000
        Phase2 Epoch 50/250: loss=0.011065
        Phase2 Epoch 100/250: loss=0.004283
        Phase2 Epoch 150/250: loss=0.003174
        Phase2 Epoch 200/250: loss=0.005025
        Phase2 Epoch 250/250: loss=0.002076
        E_mu=0.0050  E_Sigma=0.0011
      → K
  Precomputing encoder-pullback target...
  Stage 2 epoch 60/300: loss=0.823460
  Stage 2 epoch 120/300: loss=0.359625
  Stage 2 epoch 180/300: loss=0.272779
  Stage 2 epoch 240/300: loss=0.213481
  Stage 2 epoch 300/300: loss=0.209450
  Stage 3 epoch 60/300: loss=0.000122
  Stage 3 epoch 120/300: loss=0.000055
  Stage 3 epoch 180/300: loss=0.000045
  Stage 3 epoch 240/300: loss=0.000034
  Stage 3 epoch 300/300: loss=0.000031
  rcMTE@0.1: 0.0945 (444/500 in region)
  rcMTE@0.5: 0.2483 (406/500 in region)
  rcMTE@1.0: 0.3568 (388/500 in region)
  MTE@0.1: 0.1804
  MTE@0.5: 0.3969
  MTE@1.0: 0.5203
  W2@1.0:  0.4481
  sW2@0.1: 0.1854 (444/500 in region)
  sW2@0.2: 0.2623 (429/500 in region)
  sW2@0.5: 0.3317 (406/500 in region)
  sW2@1.0: 0.4147 (388/500 in region)
  MMD@1.0: 0.2258
  Survival@1.0: 99.0%
  Stopped@1.0:  77.6%
      → K+S
  Precomputing encoder-pullback target...
  Stage 2 epoch 60/300: loss=0.823460
  Stage 2 epoch 120/300: loss=0.359625
  Stage 2 epoch 180/300: loss=0.272779
  Stage 2 epoch 240/300: loss=0.213481
  Stage 2 epoch 300/300: loss=0.209450
  Stage 3 epoch 60/300: loss=0.000122
  Stage 3 epoch 120/300: loss=0.000055
  Stage 3 epoch 180/300: loss=0.000045
  Stage 3 epoch 240/300: loss=0.000034
  Stage 3 epoch 300/300: loss=0.000031
  rcMTE@0.1: 0.0945 (444/500 in region)
  rcMTE@0.5: 0.2483 (406/500 in region)
  rcMTE@1.0: 0.3568 (388/500 in region)
  MTE@0.1: 0.1804
  MTE@0.5: 0.3969
  MTE@1.0: 0.5203
  W2@1.0:  0.4481
  sW2@0.1: 0.1854 (444/500 in region)
  sW2@0.2: 0.2623 (429/500 in region)
  sW2@0.5: 0.3317 (406/500 in region)
  sW2@1.0: 0.4147 (388/500 in region)
  MMD@1.0: 0.2258
  Survival@1.0: 99.0%
  Stopped@1.0:  77.6%

============================================================
  N=50 | D=11 (K=4) | hyperbolic_paraboloid | seed=42
============================================================
    Phase1 Epoch 50/250: loss=0.085683
    Phase1 Epoch 100/250: loss=0.026150
    Phase1 Epoch 150/250: loss=0.020129
    Phase1 Epoch 200/250: loss=0.007763
    Phase1 Epoch 250/250: loss=0.005705
      Phase 2 AE: K_weight=0.0000
        Phase2 Epoch 50/250: loss=0.004764
        Phase2 Epoch 100/250: loss=0.002195
        Phase2 Epoch 150/250: loss=0.002394
        Phase2 Epoch 200/250: loss=0.002881
        Phase2 Epoch 250/250: loss=0.006421
        E_mu=0.0047  E_Sigma=0.0014
      → baseline
  Precomputing encoder-pullback target...
  Stage 2 epoch 60/300: loss=0.306982
  Stage 2 epoch 120/300: loss=0.265916
  Stage 2 epoch 180/300: loss=0.178307
  Stage 2 epoch 240/300: loss=0.136597
  Stage 2 epoch 300/300: loss=0.128825
  Stage 3 epoch 60/300: loss=0.000043
  Stage 3 epoch 120/300: loss=0.000029
  Stage 3 epoch 180/300: loss=0.000027
  Stage 3 epoch 240/300: loss=0.000026
  Stage 3 epoch 300/300: loss=0.000024
  rcMTE@0.1: 0.2624 (442/500 in region)
  rcMTE@0.5: 0.5298 (402/500 in region)
  rcMTE@1.0: 0.6389 (383/500 in region)
  MTE@0.1: 0.3942
  MTE@0.5: 0.7254
  MTE@1.0: 0.8525
  W2@1.0:  0.3997
  sW2@0.1: 0.1704 (442/500 in region)
  sW2@0.2: 0.1916 (428/500 in region)
  sW2@0.5: 0.2787 (402/500 in region)
  sW2@1.0: 0.3663 (383/500 in region)
  MMD@1.0: 0.1587
  Survival@1.0: 98.6%
  Stopped@1.0:  76.6%
      Phase 2 AE: K_weight=0.1000
        Phase2 Epoch 50/250: loss=0.002637
        Phase2 Epoch 100/250: loss=0.004124
        Phase2 Epoch 150/250: loss=0.002717
        Phase2 Epoch 200/250: loss=0.002325
        Phase2 Epoch 250/250: loss=0.002274
        E_mu=0.0033  E_Sigma=0.0010
      → K
  Precomputing encoder-pullback target...
  Stage 2 epoch 60/300: loss=0.294687
  Stage 2 epoch 120/300: loss=0.255873
  Stage 2 epoch 180/300: loss=0.178568
  Stage 2 epoch 240/300: loss=0.138407
  Stage 2 epoch 300/300: loss=0.134017
  Stage 3 epoch 60/300: loss=0.000043
  Stage 3 epoch 120/300: loss=0.000026
  Stage 3 epoch 180/300: loss=0.000023
  Stage 3 epoch 240/300: loss=0.000022
  Stage 3 epoch 300/300: loss=0.000020
  rcMTE@0.1: 0.2641 (442/500 in region)
  rcMTE@0.5: 0.5338 (402/500 in region)
  rcMTE@1.0: 0.6414 (383/500 in region)
  MTE@0.1: 0.3968
  MTE@0.5: 0.7298
  MTE@1.0: 0.8519
  W2@1.0:  0.3993
  sW2@0.1: 0.1737 (442/500 in region)
  sW2@0.2: 0.1971 (428/500 in region)
  sW2@0.5: 0.2886 (402/500 in region)
  sW2@1.0: 0.3719 (383/500 in region)
  MMD@1.0: 0.1712
  Survival@1.0: 98.6%
  Stopped@1.0:  76.6%
      → K+S
  Precomputing encoder-pullback target...
  Stage 2 epoch 60/300: loss=0.294687
  Stage 2 epoch 120/300: loss=0.255873
  Stage 2 epoch 180/300: loss=0.178568
  Stage 2 epoch 240/300: loss=0.138407
  Stage 2 epoch 300/300: loss=0.134017
  Stage 3 epoch 60/300: loss=0.000043
  Stage 3 epoch 120/300: loss=0.000026
  Stage 3 epoch 180/300: loss=0.000023
  Stage 3 epoch 240/300: loss=0.000022
  Stage 3 epoch 300/300: loss=0.000020
  rcMTE@0.1: 0.2641 (442/500 in region)
  rcMTE@0.5: 0.5338 (402/500 in region)
  rcMTE@1.0: 0.6414 (383/500 in region)
  MTE@0.1: 0.3968
  MTE@0.5: 0.7298
  MTE@1.0: 0.8519
  W2@1.0:  0.3993
  sW2@0.1: 0.1737 (442/500 in region)
  sW2@0.2: 0.1971 (428/500 in region)
  sW2@0.5: 0.2886 (402/500 in region)
  sW2@1.0: 0.3719 (383/500 in region)
  MMD@1.0: 0.1712
  Survival@1.0: 98.6%
  Stopped@1.0:  76.6%

============================================================
  N=50 | D=11 (K=4) | hyperbolic_paraboloid | seed=1042
============================================================
    Phase1 Epoch 50/250: loss=0.555980
    Phase1 Epoch 100/250: loss=0.049804
    Phase1 Epoch 150/250: loss=0.018970
    Phase1 Epoch 200/250: loss=0.012838
    Phase1 Epoch 250/250: loss=0.002320
      Phase 2 AE: K_weight=0.0000
        Phase2 Epoch 50/250: loss=0.011170
        Phase2 Epoch 100/250: loss=0.006842
        Phase2 Epoch 150/250: loss=0.001052
        Phase2 Epoch 200/250: loss=0.000931
        Phase2 Epoch 250/250: loss=0.000805
        E_mu=0.0031  E_Sigma=0.0009
      → baseline
  Precomputing encoder-pullback target...
  Stage 2 epoch 60/300: loss=0.337414
  Stage 2 epoch 120/300: loss=0.330381
  Stage 2 epoch 180/300: loss=0.278270
  Stage 2 epoch 240/300: loss=0.229263
  Stage 2 epoch 300/300: loss=0.210851
  Stage 3 epoch 60/300: loss=0.000030
  Stage 3 epoch 120/300: loss=0.000026
  Stage 3 epoch 180/300: loss=0.000019
  Stage 3 epoch 240/300: loss=0.000018
  Stage 3 epoch 300/300: loss=0.000016
  rcMTE@0.1: 0.2493 (455/500 in region)
  rcMTE@0.5: 0.4712 (418/500 in region)
  rcMTE@1.0: 0.5988 (400/500 in region)
  MTE@0.1: 0.4008
  MTE@0.5: 0.7005
  MTE@1.0: 0.8286
  W2@1.0:  0.4044
  sW2@0.1: 0.1568 (455/500 in region)
  sW2@0.2: 0.1743 (440/500 in region)
  sW2@0.5: 0.2374 (418/500 in region)
  sW2@1.0: 0.3671 (400/500 in region)
  MMD@1.0: 0.1120
  Survival@1.0: 99.4%
  Stopped@1.0:  80.0%
      Phase 2 AE: K_weight=0.1000
        Phase2 Epoch 50/250: loss=0.025651
        Phase2 Epoch 100/250: loss=0.003691
        Phase2 Epoch 150/250: loss=0.001000
        Phase2 Epoch 200/250: loss=0.000849
        Phase2 Epoch 250/250: loss=0.000787
        E_mu=0.0030  E_Sigma=0.0008
      → K
  Precomputing encoder-pullback target...
  Stage 2 epoch 60/300: loss=0.336113
  Stage 2 epoch 120/300: loss=0.328848
  Stage 2 epoch 180/300: loss=0.276535
  Stage 2 epoch 240/300: loss=0.227504
  Stage 2 epoch 300/300: loss=0.208731
  Stage 3 epoch 60/300: loss=0.000029
  Stage 3 epoch 120/300: loss=0.000025
  Stage 3 epoch 180/300: loss=0.000018
  Stage 3 epoch 240/300: loss=0.000018
  Stage 3 epoch 300/300: loss=0.000016
  rcMTE@0.1: 0.2490 (455/500 in region)
  rcMTE@0.5: 0.4708 (418/500 in region)
  rcMTE@1.0: 0.5986 (400/500 in region)
  MTE@0.1: 0.4007
  MTE@0.5: 0.7003
  MTE@1.0: 0.8287
  W2@1.0:  0.4019
  sW2@0.1: 0.1561 (455/500 in region)
  sW2@0.2: 0.1729 (440/500 in region)
  sW2@0.5: 0.2353 (418/500 in region)
  sW2@1.0: 0.3647 (400/500 in region)
  MMD@1.0: 0.1096
  Survival@1.0: 99.4%
  Stopped@1.0:  80.0%
      → K+S
  Precomputing encoder-pullback target...
  Stage 2 epoch 60/300: loss=0.336113
  Stage 2 epoch 120/300: loss=0.328848
  Stage 2 epoch 180/300: loss=0.276535
  Stage 2 epoch 240/300: loss=0.227504
  Stage 2 epoch 300/300: loss=0.208731
  Stage 3 epoch 60/300: loss=0.000029
  Stage 3 epoch 120/300: loss=0.000025
  Stage 3 epoch 180/300: loss=0.000018
  Stage 3 epoch 240/300: loss=0.000018
  Stage 3 epoch 300/300: loss=0.000016
  rcMTE@0.1: 0.2490 (455/500 in region)
  rcMTE@0.5: 0.4708 (418/500 in region)
  rcMTE@1.0: 0.5986 (400/500 in region)
  MTE@0.1: 0.4007
  MTE@0.5: 0.7003
  MTE@1.0: 0.8287
  W2@1.0:  0.4019
  sW2@0.1: 0.1561 (455/500 in region)
  sW2@0.2: 0.1729 (440/500 in region)
  sW2@0.5: 0.2353 (418/500 in region)
  sW2@1.0: 0.3647 (400/500 in region)
  MMD@1.0: 0.1096
  Survival@1.0: 99.4%
  Stopped@1.0:  80.0%

============================================================
  N=50 | D=11 (K=4) | hyperbolic_paraboloid | seed=2042
============================================================
    Phase1 Epoch 50/250: loss=0.364675
    Phase1 Epoch 100/250: loss=0.020974
    Phase1 Epoch 150/250: loss=0.016655
    Phase1 Epoch 200/250: loss=0.004819
    Phase1 Epoch 250/250: loss=0.003193
      Phase 2 AE: K_weight=0.0000
        Phase2 Epoch 50/250: loss=0.003342
        Phase2 Epoch 100/250: loss=0.002615
        Phase2 Epoch 150/250: loss=0.012360
        Phase2 Epoch 200/250: loss=0.001433
        Phase2 Epoch 250/250: loss=0.001352
        E_mu=0.0042  E_Sigma=0.0013
      → baseline
  Precomputing encoder-pullback target...
  Stage 2 epoch 60/300: loss=0.222432
  Stage 2 epoch 120/300: loss=0.191205
  Stage 2 epoch 180/300: loss=0.159352
  Stage 2 epoch 240/300: loss=0.135381
  Stage 2 epoch 300/300: loss=0.119355
  Stage 3 epoch 60/300: loss=0.000040
  Stage 3 epoch 120/300: loss=0.000029
  Stage 3 epoch 180/300: loss=0.000027
  Stage 3 epoch 240/300: loss=0.000027
  Stage 3 epoch 300/300: loss=0.000027
  rcMTE@0.1: 0.2650 (454/500 in region)
  rcMTE@0.5: 0.5420 (422/500 in region)
  rcMTE@1.0: 0.7232 (406/500 in region)
  MTE@0.1: 0.4242
  MTE@0.5: 0.7620
  MTE@1.0: 0.9574
  W2@1.0:  0.5373
  sW2@0.1: 0.1843 (454/500 in region)
  sW2@0.2: 0.2541 (441/500 in region)
  sW2@0.5: 0.3778 (422/500 in region)
  sW2@1.0: 0.5795 (406/500 in region)
  MMD@1.0: 0.1770
  Survival@1.0: 98.2%
  Stopped@1.0:  81.2%
      Phase 2 AE: K_weight=0.1000
        Phase2 Epoch 50/250: loss=0.009942
        Phase2 Epoch 100/250: loss=0.007924
        Phase2 Epoch 150/250: loss=0.001930
        Phase2 Epoch 200/250: loss=0.001647
        Phase2 Epoch 250/250: loss=0.001451
        E_mu=0.0043  E_Sigma=0.0012
      → K
  Precomputing encoder-pullback target...
  Stage 2 epoch 60/300: loss=0.221087
  Stage 2 epoch 120/300: loss=0.190896
  Stage 2 epoch 180/300: loss=0.158987
  Stage 2 epoch 240/300: loss=0.134861
  Stage 2 epoch 300/300: loss=0.118712
  Stage 3 epoch 60/300: loss=0.000041
  Stage 3 epoch 120/300: loss=0.000029
  Stage 3 epoch 180/300: loss=0.000027
  Stage 3 epoch 240/300: loss=0.000028
  Stage 3 epoch 300/300: loss=0.000028
  rcMTE@0.1: 0.2648 (454/500 in region)
  rcMTE@0.5: 0.5422 (422/500 in region)
  rcMTE@1.0: 0.7247 (406/500 in region)
  MTE@0.1: 0.4233
  MTE@0.5: 0.7618
  MTE@1.0: 0.9584
  W2@1.0:  0.5416
  sW2@0.1: 0.1850 (454/500 in region)
  sW2@0.2: 0.2568 (441/500 in region)
  sW2@0.5: 0.3808 (422/500 in region)
  sW2@1.0: 0.5836 (406/500 in region)
  MMD@1.0: 0.1780
  Survival@1.0: 98.2%
  Stopped@1.0:  81.2%
      → K+S
  Precomputing encoder-pullback target...
  Stage 2 epoch 60/300: loss=0.221087
  Stage 2 epoch 120/300: loss=0.190896
  Stage 2 epoch 180/300: loss=0.158987
  Stage 2 epoch 240/300: loss=0.134861
  Stage 2 epoch 300/300: loss=0.118712
  Stage 3 epoch 60/300: loss=0.000041
  Stage 3 epoch 120/300: loss=0.000029
  Stage 3 epoch 180/300: loss=0.000027
  Stage 3 epoch 240/300: loss=0.000028
  Stage 3 epoch 300/300: loss=0.000028
  rcMTE@0.1: 0.2648 (454/500 in region)
  rcMTE@0.5: 0.5422 (422/500 in region)
  rcMTE@1.0: 0.7247 (406/500 in region)
  MTE@0.1: 0.4233
  MTE@0.5: 0.7618
  MTE@1.0: 0.9584
  W2@1.0:  0.5416
  sW2@0.1: 0.1850 (454/500 in region)
  sW2@0.2: 0.2568 (441/500 in region)
  sW2@0.5: 0.3808 (422/500 in region)
  sW2@1.0: 0.5836 (406/500 in region)
  MMD@1.0: 0.1780
  Survival@1.0: 98.2%
  Stopped@1.0:  81.2%

============================================================
  N=50 | D=11 (K=4) | hyperbolic_paraboloid | seed=3042
============================================================
    Phase1 Epoch 50/250: loss=0.057968
    Phase1 Epoch 100/250: loss=0.025021
    Phase1 Epoch 150/250: loss=0.013904
    Phase1 Epoch 200/250: loss=0.012102
    Phase1 Epoch 250/250: loss=0.007915
      Phase 2 AE: K_weight=0.0000
        Phase2 Epoch 50/250: loss=0.002925
        Phase2 Epoch 100/250: loss=0.001856
        Phase2 Epoch 150/250: loss=0.001684
        Phase2 Epoch 200/250: loss=0.001493
        Phase2 Epoch 250/250: loss=0.001236
        E_mu=0.0025  E_Sigma=0.0007
      → baseline
  Precomputing encoder-pullback target...
  Stage 2 epoch 60/300: loss=0.568043
  Stage 2 epoch 120/300: loss=0.373272
  Stage 2 epoch 180/300: loss=0.334207
  Stage 2 epoch 240/300: loss=0.285943
  Stage 2 epoch 300/300: loss=0.258630
  Stage 3 epoch 60/300: loss=0.000117
  Stage 3 epoch 120/300: loss=0.000072
  Stage 3 epoch 180/300: loss=0.000045
  Stage 3 epoch 240/300: loss=0.000036
  Stage 3 epoch 300/300: loss=0.000030
  rcMTE@0.1: 0.3015 (456/500 in region)
  rcMTE@0.5: 0.5365 (402/500 in region)
  rcMTE@1.0: 0.6323 (381/500 in region)
  MTE@0.1: 0.5182
  MTE@0.5: 0.8542
  MTE@1.0: 0.9767
  W2@1.0:  0.4207
  sW2@0.1: 0.1758 (456/500 in region)
  sW2@0.2: 0.2227 (434/500 in region)
  sW2@0.5: 0.2743 (402/500 in region)
  sW2@1.0: 0.3797 (381/500 in region)
  MMD@1.0: 0.1056
  Survival@1.0: 97.4%
  Stopped@1.0:  76.2%
      Phase 2 AE: K_weight=0.1000
        Phase2 Epoch 50/250: loss=0.003525
        Phase2 Epoch 100/250: loss=0.002162
        Phase2 Epoch 150/250: loss=0.001831
        Phase2 Epoch 200/250: loss=0.001641
        Phase2 Epoch 250/250: loss=0.001348
        E_mu=0.0023  E_Sigma=0.0008
      → K
  Precomputing encoder-pullback target...
  Stage 2 epoch 60/300: loss=0.575067
  Stage 2 epoch 120/300: loss=0.374268
  Stage 2 epoch 180/300: loss=0.333969
  Stage 2 epoch 240/300: loss=0.285726
  Stage 2 epoch 300/300: loss=0.257992
  Stage 3 epoch 60/300: loss=0.000110
  Stage 3 epoch 120/300: loss=0.000068
  Stage 3 epoch 180/300: loss=0.000042
  Stage 3 epoch 240/300: loss=0.000034
  Stage 3 epoch 300/300: loss=0.000028
  rcMTE@0.1: 0.2997 (456/500 in region)
  rcMTE@0.5: 0.5360 (402/500 in region)
  rcMTE@1.0: 0.6302 (381/500 in region)
  MTE@0.1: 0.5140
  MTE@0.5: 0.8513
  MTE@1.0: 0.9725
  W2@1.0:  0.4167
  sW2@0.1: 0.1704 (456/500 in region)
  sW2@0.2: 0.2196 (434/500 in region)
  sW2@0.5: 0.2766 (402/500 in region)
  sW2@1.0: 0.3810 (381/500 in region)
  MMD@1.0: 0.1069
  Survival@1.0: 97.4%
  Stopped@1.0:  76.2%
      → K+S
  Precomputing encoder-pullback target...
  Stage 2 epoch 60/300: loss=0.575067
  Stage 2 epoch 120/300: loss=0.374268
  Stage 2 epoch 180/300: loss=0.333969
  Stage 2 epoch 240/300: loss=0.285726
  Stage 2 epoch 300/300: loss=0.257992
  Stage 3 epoch 60/300: loss=0.000110
  Stage 3 epoch 120/300: loss=0.000068
  Stage 3 epoch 180/300: loss=0.000042
  Stage 3 epoch 240/300: loss=0.000034
  Stage 3 epoch 300/300: loss=0.000028
  rcMTE@0.1: 0.2997 (456/500 in region)
  rcMTE@0.5: 0.5360 (402/500 in region)
  rcMTE@1.0: 0.6302 (381/500 in region)
  MTE@0.1: 0.5140
  MTE@0.5: 0.8513
  MTE@1.0: 0.9725
  W2@1.0:  0.4167
  sW2@0.1: 0.1704 (456/500 in region)
  sW2@0.2: 0.2196 (434/500 in region)
  sW2@0.5: 0.2766 (402/500 in region)
  sW2@1.0: 0.3810 (381/500 in region)
  MMD@1.0: 0.1069
  Survival@1.0: 97.4%
  Stopped@1.0:  76.2%

============================================================
  N=50 | D=11 (K=4) | hyperbolic_paraboloid | seed=4042
============================================================
    Phase1 Epoch 50/250: loss=0.121415
    Phase1 Epoch 100/250: loss=0.023020
    Phase1 Epoch 150/250: loss=0.008221
    Phase1 Epoch 200/250: loss=0.004456
    Phase1 Epoch 250/250: loss=0.003946
      Phase 2 AE: K_weight=0.0000
        Phase2 Epoch 50/250: loss=0.003340
        Phase2 Epoch 100/250: loss=0.003099
        Phase2 Epoch 150/250: loss=0.002593
        Phase2 Epoch 200/250: loss=0.002435
        Phase2 Epoch 250/250: loss=0.001226
        E_mu=0.0031  E_Sigma=0.0010
      → baseline
  Precomputing encoder-pullback target...
  Stage 2 epoch 60/300: loss=0.268087
  Stage 2 epoch 120/300: loss=0.232093
  Stage 2 epoch 180/300: loss=0.227417
  Stage 2 epoch 240/300: loss=0.185196
  Stage 2 epoch 300/300: loss=0.165496
  Stage 3 epoch 60/300: loss=0.000039
  Stage 3 epoch 120/300: loss=0.000028
  Stage 3 epoch 180/300: loss=0.000024
  Stage 3 epoch 240/300: loss=0.000023
  Stage 3 epoch 300/300: loss=0.000023
  rcMTE@0.1: 0.3945 (443/500 in region)
  rcMTE@0.5: 0.7712 (407/500 in region)
  rcMTE@1.0: 0.9626 (384/500 in region)
  MTE@0.1: 0.6382
  MTE@0.5: 1.1611
  MTE@1.0: 1.3540
  W2@1.0:  0.7642
  sW2@0.1: 0.2292 (443/500 in region)
  sW2@0.2: 0.3033 (424/500 in region)
  sW2@0.5: 0.5124 (407/500 in region)
  sW2@1.0: 0.8161 (384/500 in region)
  MMD@1.0: 0.1853
  Survival@1.0: 98.8%
  Stopped@1.0:  76.8%
      Phase 2 AE: K_weight=0.1000
        Phase2 Epoch 50/250: loss=0.010710
        Phase2 Epoch 100/250: loss=0.002095
        Phase2 Epoch 150/250: loss=0.001945
        Phase2 Epoch 200/250: loss=0.001729
        Phase2 Epoch 250/250: loss=0.001621
        E_mu=0.0041  E_Sigma=0.0011
      → K
  Precomputing encoder-pullback target...
  Stage 2 epoch 60/300: loss=0.267414
  Stage 2 epoch 120/300: loss=0.230838
  Stage 2 epoch 180/300: loss=0.225891
  Stage 2 epoch 240/300: loss=0.184433
  Stage 2 epoch 300/300: loss=0.164995
  Stage 3 epoch 60/300: loss=0.000044
  Stage 3 epoch 120/300: loss=0.000031
  Stage 3 epoch 180/300: loss=0.000026
  Stage 3 epoch 240/300: loss=0.000025
  Stage 3 epoch 300/300: loss=0.000025
  rcMTE@0.1: 0.3944 (443/500 in region)
  rcMTE@0.5: 0.7741 (407/500 in region)
  rcMTE@1.0: 0.9702 (384/500 in region)
  MTE@0.1: 0.6375
  MTE@0.5: 1.1645
  MTE@1.0: 1.3632
  W2@1.0:  0.7796
  sW2@0.1: 0.2277 (443/500 in region)
  sW2@0.2: 0.3030 (424/500 in region)
  sW2@0.5: 0.5205 (407/500 in region)
  sW2@1.0: 0.8332 (384/500 in region)
  MMD@1.0: 0.1882
  Survival@1.0: 98.8%
  Stopped@1.0:  76.8%
      → K+S
  Precomputing encoder-pullback target...
  Stage 2 epoch 60/300: loss=0.267414
  Stage 2 epoch 120/300: loss=0.230838
  Stage 2 epoch 180/300: loss=0.225891
  Stage 2 epoch 240/300: loss=0.184433
  Stage 2 epoch 300/300: loss=0.164995
  Stage 3 epoch 60/300: loss=0.000044
  Stage 3 epoch 120/300: loss=0.000031
  Stage 3 epoch 180/300: loss=0.000026
  Stage 3 epoch 240/300: loss=0.000025
  Stage 3 epoch 300/300: loss=0.000025
  rcMTE@0.1: 0.3944 (443/500 in region)
  rcMTE@0.5: 0.7741 (407/500 in region)
  rcMTE@1.0: 0.9702 (384/500 in region)
  MTE@0.1: 0.6375
  MTE@0.5: 1.1645
  MTE@1.0: 1.3632
  W2@1.0:  0.7796
  sW2@0.1: 0.2277 (443/500 in region)
  sW2@0.2: 0.3030 (424/500 in region)
  sW2@0.5: 0.5205 (407/500 in region)
  sW2@1.0: 0.8332 (384/500 in region)
  MMD@1.0: 0.1882
  Survival@1.0: 98.8%
  Stopped@1.0:  76.8%

============================================================
  N=50 | D=11 (K=4) | hyperbolic_paraboloid | seed=5042
============================================================
    Phase1 Epoch 50/250: loss=0.151481
    Phase1 Epoch 100/250: loss=0.025602
    Phase1 Epoch 150/250: loss=0.012988
    Phase1 Epoch 200/250: loss=0.004102
    Phase1 Epoch 250/250: loss=0.003157
      Phase 2 AE: K_weight=0.0000
        Phase2 Epoch 50/250: loss=0.009371
        Phase2 Epoch 100/250: loss=0.010485
        Phase2 Epoch 150/250: loss=0.002834
        Phase2 Epoch 200/250: loss=0.003428
        Phase2 Epoch 250/250: loss=0.004508
        E_mu=0.0038  E_Sigma=0.0019
      → baseline
  Precomputing encoder-pullback target...
  Stage 2 epoch 60/300: loss=0.295553
  Stage 2 epoch 120/300: loss=0.242280
  Stage 2 epoch 180/300: loss=0.212569
  Stage 2 epoch 240/300: loss=0.239033
  Stage 2 epoch 300/300: loss=0.217209
  Stage 3 epoch 60/300: loss=0.000043
  Stage 3 epoch 120/300: loss=0.000031
  Stage 3 epoch 180/300: loss=0.000031
  Stage 3 epoch 240/300: loss=0.000031
  Stage 3 epoch 300/300: loss=0.000029
  rcMTE@0.1: 0.4023 (454/500 in region)
  rcMTE@0.5: 0.6884 (420/500 in region)
  rcMTE@1.0: 0.8332 (403/500 in region)
  MTE@0.1: 0.6354
  MTE@0.5: 1.0367
  MTE@1.0: 1.1717
  W2@1.0:  0.4078
  sW2@0.1: 0.1874 (454/500 in region)
  sW2@0.2: 0.2619 (435/500 in region)
  sW2@0.5: 0.3338 (420/500 in region)
  sW2@1.0: 0.4127 (403/500 in region)
  MMD@1.0: 0.0927
  Survival@1.0: 98.8%
  Stopped@1.0:  80.6%
      Phase 2 AE: K_weight=0.1000
        Phase2 Epoch 50/250: loss=0.004380
        Phase2 Epoch 100/250: loss=0.004073
        Phase2 Epoch 150/250: loss=0.004160
        Phase2 Epoch 200/250: loss=0.003938
        Phase2 Epoch 250/250: loss=0.001594
        E_mu=0.0033  E_Sigma=0.0013
      → K
  Precomputing encoder-pullback target...
  Stage 2 epoch 60/300: loss=0.295071
  Stage 2 epoch 120/300: loss=0.240690
  Stage 2 epoch 180/300: loss=0.210864
  Stage 2 epoch 240/300: loss=0.235978
  Stage 2 epoch 300/300: loss=0.215005
  Stage 3 epoch 60/300: loss=0.000039
  Stage 3 epoch 120/300: loss=0.000027
  Stage 3 epoch 180/300: loss=0.000027
  Stage 3 epoch 240/300: loss=0.000027
  Stage 3 epoch 300/300: loss=0.000024
  rcMTE@0.1: 0.4014 (454/500 in region)
  rcMTE@0.5: 0.6865 (420/500 in region)
  rcMTE@1.0: 0.8317 (403/500 in region)
  MTE@0.1: 0.6336
  MTE@0.5: 1.0356
  MTE@1.0: 1.1707
  W2@1.0:  0.4004
  sW2@0.1: 0.1793 (454/500 in region)
  sW2@0.2: 0.2556 (435/500 in region)
  sW2@0.5: 0.3270 (420/500 in region)
  sW2@1.0: 0.4095 (403/500 in region)
  MMD@1.0: 0.0825
  Survival@1.0: 98.8%
  Stopped@1.0:  80.6%
      → K+S
  Precomputing encoder-pullback target...
  Stage 2 epoch 60/300: loss=0.295071
  Stage 2 epoch 120/300: loss=0.240690
  Stage 2 epoch 180/300: loss=0.210864
  Stage 2 epoch 240/300: loss=0.235978
  Stage 2 epoch 300/300: loss=0.215005
  Stage 3 epoch 60/300: loss=0.000039
  Stage 3 epoch 120/300: loss=0.000027
  Stage 3 epoch 180/300: loss=0.000027
  Stage 3 epoch 240/300: loss=0.000027
  Stage 3 epoch 300/300: loss=0.000024
  rcMTE@0.1: 0.4014 (454/500 in region)
  rcMTE@0.5: 0.6865 (420/500 in region)
  rcMTE@1.0: 0.8317 (403/500 in region)
  MTE@0.1: 0.6336
  MTE@0.5: 1.0356
  MTE@1.0: 1.1707
  W2@1.0:  0.4004
  sW2@0.1: 0.1793 (454/500 in region)
  sW2@0.2: 0.2556 (435/500 in region)
  sW2@0.5: 0.3270 (420/500 in region)
  sW2@1.0: 0.4095 (403/500 in region)
  MMD@1.0: 0.0825
  Survival@1.0: 98.8%
  Stopped@1.0:  80.6%

============================================================
  N=50 | D=11 (K=4) | hyperbolic_paraboloid | seed=6042
============================================================
    Phase1 Epoch 50/250: loss=0.078390
    Phase1 Epoch 100/250: loss=0.030947
    Phase1 Epoch 150/250: loss=0.012895
    Phase1 Epoch 200/250: loss=0.009112
    Phase1 Epoch 250/250: loss=0.003969
      Phase 2 AE: K_weight=0.0000
        Phase2 Epoch 50/250: loss=0.002638
        Phase2 Epoch 100/250: loss=0.004357
        Phase2 Epoch 150/250: loss=0.004090
        Phase2 Epoch 200/250: loss=0.012769
        Phase2 Epoch 250/250: loss=0.001912
        E_mu=0.0037  E_Sigma=0.0014
      → baseline
  Precomputing encoder-pullback target...
  Stage 2 epoch 60/300: loss=0.486581
  Stage 2 epoch 120/300: loss=0.393445
  Stage 2 epoch 180/300: loss=0.304482
  Stage 2 epoch 240/300: loss=0.250513
  Stage 2 epoch 300/300: loss=0.222852
  Stage 3 epoch 60/300: loss=0.000064
  Stage 3 epoch 120/300: loss=0.000043
  Stage 3 epoch 180/300: loss=0.000034
  Stage 3 epoch 240/300: loss=0.000035
  Stage 3 epoch 300/300: loss=0.000038
  rcMTE@0.1: 0.1031 (452/500 in region)
  rcMTE@0.5: 0.3411 (406/500 in region)
  rcMTE@1.0: 0.6306 (392/500 in region)
  MTE@0.1: 0.1629
  MTE@0.5: 0.5133
  MTE@1.0: 0.8969
  W2@1.0:  1.1101
  sW2@0.1: 0.1572 (452/500 in region)
  sW2@0.2: 0.2573 (428/500 in region)
  sW2@0.5: 0.5491 (406/500 in region)
  sW2@1.0: 1.1182 (392/500 in region)
  MMD@1.0: 0.2264
  Survival@1.0: 98.6%
  Stopped@1.0:  78.4%
      Phase 2 AE: K_weight=0.1000
        Phase2 Epoch 50/250: loss=0.002843
        Phase2 Epoch 100/250: loss=0.010592
        Phase2 Epoch 150/250: loss=0.003475
        Phase2 Epoch 200/250: loss=0.001730
        Phase2 Epoch 250/250: loss=0.001576
        E_mu=0.0036  E_Sigma=0.0012
      → K
  Precomputing encoder-pullback target...
  Stage 2 epoch 60/300: loss=0.495472
  Stage 2 epoch 120/300: loss=0.405857
  Stage 2 epoch 180/300: loss=0.316029
  Stage 2 epoch 240/300: loss=0.262335
  Stage 2 epoch 300/300: loss=0.230779
  Stage 3 epoch 60/300: loss=0.000053
  Stage 3 epoch 120/300: loss=0.000038
  Stage 3 epoch 180/300: loss=0.000032
  Stage 3 epoch 240/300: loss=0.000031
  Stage 3 epoch 300/300: loss=0.000033
  rcMTE@0.1: 0.1011 (452/500 in region)
  rcMTE@0.5: 0.3353 (406/500 in region)
  rcMTE@1.0: 0.6223 (392/500 in region)
  MTE@0.1: 0.1611
  MTE@0.5: 0.5117
  MTE@1.0: 0.8982
  W2@1.0:  1.1158
  sW2@0.1: 0.1527 (452/500 in region)
  sW2@0.2: 0.2506 (428/500 in region)
  sW2@0.5: 0.5447 (406/500 in region)
  sW2@1.0: 1.1224 (392/500 in region)
  MMD@1.0: 0.2248
  Survival@1.0: 98.6%
  Stopped@1.0:  78.4%
      → K+S
  Precomputing encoder-pullback target...
  Stage 2 epoch 60/300: loss=0.495472
  Stage 2 epoch 120/300: loss=0.405857
  Stage 2 epoch 180/300: loss=0.316029
  Stage 2 epoch 240/300: loss=0.262335
  Stage 2 epoch 300/300: loss=0.230779
  Stage 3 epoch 60/300: loss=0.000053
  Stage 3 epoch 120/300: loss=0.000038
  Stage 3 epoch 180/300: loss=0.000032
  Stage 3 epoch 240/300: loss=0.000031
  Stage 3 epoch 300/300: loss=0.000033
  rcMTE@0.1: 0.1011 (452/500 in region)
  rcMTE@0.5: 0.3353 (406/500 in region)
  rcMTE@1.0: 0.6223 (392/500 in region)
  MTE@0.1: 0.1611
  MTE@0.5: 0.5117
  MTE@1.0: 0.8982
  W2@1.0:  1.1158
  sW2@0.1: 0.1527 (452/500 in region)
  sW2@0.2: 0.2506 (428/500 in region)
  sW2@0.5: 0.5447 (406/500 in region)
  sW2@1.0: 1.1224 (392/500 in region)
  MMD@1.0: 0.2248
  Survival@1.0: 98.6%
  Stopped@1.0:  78.4%

============================================================
  N=50 | D=11 (K=4) | hyperbolic_paraboloid | seed=7042
============================================================
    Phase1 Epoch 50/250: loss=0.106873
    Phase1 Epoch 100/250: loss=0.021190
    Phase1 Epoch 150/250: loss=0.014055
    Phase1 Epoch 200/250: loss=0.010351
    Phase1 Epoch 250/250: loss=0.018967
      Phase 2 AE: K_weight=0.0000
        Phase2 Epoch 50/250: loss=0.003350
        Phase2 Epoch 100/250: loss=0.009965
        Phase2 Epoch 150/250: loss=0.003254
        Phase2 Epoch 200/250: loss=0.002924
        Phase2 Epoch 250/250: loss=0.002862
        E_mu=0.0025  E_Sigma=0.0011
      → baseline
  Precomputing encoder-pullback target...
  Stage 2 epoch 60/300: loss=0.459091
  Stage 2 epoch 120/300: loss=0.298671
  Stage 2 epoch 180/300: loss=0.234283
  Stage 2 epoch 240/300: loss=0.214225
  Stage 2 epoch 300/300: loss=0.199423
  Stage 3 epoch 60/300: loss=0.000075
  Stage 3 epoch 120/300: loss=0.000040
  Stage 3 epoch 180/300: loss=0.000037
  Stage 3 epoch 240/300: loss=0.000036
  Stage 3 epoch 300/300: loss=0.000041
  rcMTE@0.1: 0.2642 (457/500 in region)
  rcMTE@0.5: 0.4886 (420/500 in region)
  rcMTE@1.0: 0.5857 (396/500 in region)
  MTE@0.1: 0.4223
  MTE@0.5: 0.7343
  MTE@1.0: 0.8613
  W2@1.0:  0.3235
  sW2@0.1: 0.1598 (457/500 in region)
  sW2@0.2: 0.1976 (438/500 in region)
  sW2@0.5: 0.2753 (420/500 in region)
  sW2@1.0: 0.3664 (396/500 in region)
  MMD@1.0: 0.1395
  Survival@1.0: 99.2%
  Stopped@1.0:  79.2%
      Phase 2 AE: K_weight=0.1000
        Phase2 Epoch 50/250: loss=0.010798
        Phase2 Epoch 100/250: loss=0.003501
        Phase2 Epoch 150/250: loss=0.002852
        Phase2 Epoch 200/250: loss=0.002505
        Phase2 Epoch 250/250: loss=0.002353
        E_mu=0.0025  E_Sigma=0.0010
      → K
  Precomputing encoder-pullback target...
  Stage 2 epoch 60/300: loss=0.452126
  Stage 2 epoch 120/300: loss=0.299717
  Stage 2 epoch 180/300: loss=0.238421
  Stage 2 epoch 240/300: loss=0.217368
  Stage 2 epoch 300/300: loss=0.200892
  Stage 3 epoch 60/300: loss=0.000074
  Stage 3 epoch 120/300: loss=0.000043
  Stage 3 epoch 180/300: loss=0.000041
  Stage 3 epoch 240/300: loss=0.000039
  Stage 3 epoch 300/300: loss=0.000045
  rcMTE@0.1: 0.2653 (457/500 in region)
  rcMTE@0.5: 0.4894 (420/500 in region)
  rcMTE@1.0: 0.5863 (396/500 in region)
  MTE@0.1: 0.4251
  MTE@0.5: 0.7359
  MTE@1.0: 0.8613
  W2@1.0:  0.3172
  sW2@0.1: 0.1622 (457/500 in region)
  sW2@0.2: 0.1964 (438/500 in region)
  sW2@0.5: 0.2676 (420/500 in region)
  sW2@1.0: 0.3532 (396/500 in region)
  MMD@1.0: 0.1339
  Survival@1.0: 99.2%
  Stopped@1.0:  79.2%
      → K+S
  Precomputing encoder-pullback target...
  Stage 2 epoch 60/300: loss=0.452126
  Stage 2 epoch 120/300: loss=0.299717
  Stage 2 epoch 180/300: loss=0.238421
  Stage 2 epoch 240/300: loss=0.217368
  Stage 2 epoch 300/300: loss=0.200892
  Stage 3 epoch 60/300: loss=0.000074
  Stage 3 epoch 120/300: loss=0.000043
  Stage 3 epoch 180/300: loss=0.000041
  Stage 3 epoch 240/300: loss=0.000039
  Stage 3 epoch 300/300: loss=0.000045
  rcMTE@0.1: 0.2653 (457/500 in region)
  rcMTE@0.5: 0.4894 (420/500 in region)
  rcMTE@1.0: 0.5863 (396/500 in region)
  MTE@0.1: 0.4251
  MTE@0.5: 0.7359
  MTE@1.0: 0.8613
  W2@1.0:  0.3172
  sW2@0.1: 0.1622 (457/500 in region)
  sW2@0.2: 0.1964 (438/500 in region)
  sW2@0.5: 0.2676 (420/500 in region)
  sW2@1.0: 0.3532 (396/500 in region)
  MMD@1.0: 0.1339
  Survival@1.0: 99.2%
  Stopped@1.0:  79.2%

============================================================
  N=50 | D=11 (K=4) | hyperbolic_paraboloid | seed=8042
============================================================
    Phase1 Epoch 50/250: loss=0.314692
    Phase1 Epoch 100/250: loss=0.029260
    Phase1 Epoch 150/250: loss=0.014200
    Phase1 Epoch 200/250: loss=0.008856
    Phase1 Epoch 250/250: loss=0.003864
      Phase 2 AE: K_weight=0.0000
        Phase2 Epoch 50/250: loss=0.007485
        Phase2 Epoch 100/250: loss=0.020412
        Phase2 Epoch 150/250: loss=0.002744
        Phase2 Epoch 200/250: loss=0.004132
        Phase2 Epoch 250/250: loss=0.001933
        E_mu=0.0054  E_Sigma=0.0020
      → baseline
  Precomputing encoder-pullback target...
  Stage 2 epoch 60/300: loss=0.512870
  Stage 2 epoch 120/300: loss=0.402721
  Stage 2 epoch 180/300: loss=0.263225
  Stage 2 epoch 240/300: loss=0.234146
  Stage 2 epoch 300/300: loss=0.171523
  Stage 3 epoch 60/300: loss=0.000080
  Stage 3 epoch 120/300: loss=0.000049
  Stage 3 epoch 180/300: loss=0.000040
  Stage 3 epoch 240/300: loss=0.000032
  Stage 3 epoch 300/300: loss=0.000036
  rcMTE@0.1: 0.2757 (448/500 in region)
  rcMTE@0.5: 0.4771 (421/500 in region)
  rcMTE@1.0: 0.6009 (398/500 in region)
  MTE@0.1: 0.5070
  MTE@0.5: 0.8224
  MTE@1.0: 1.0689
  W2@1.0:  0.7236
  sW2@0.1: 0.1824 (448/500 in region)
  sW2@0.2: 0.2164 (438/500 in region)
  sW2@0.5: 0.3866 (421/500 in region)
  sW2@1.0: 0.7147 (398/500 in region)
  MMD@1.0: 0.1939
  Survival@1.0: 99.0%
  Stopped@1.0:  79.6%
      Phase 2 AE: K_weight=0.1000
        Phase2 Epoch 50/250: loss=0.009870
        Phase2 Epoch 100/250: loss=0.003105
        Phase2 Epoch 150/250: loss=0.002462
        Phase2 Epoch 200/250: loss=0.002119
        Phase2 Epoch 250/250: loss=0.001577
        E_mu=0.0039  E_Sigma=0.0014
      → K
  Precomputing encoder-pullback target...
  Stage 2 epoch 60/300: loss=0.517230
  Stage 2 epoch 120/300: loss=0.402226
  Stage 2 epoch 180/300: loss=0.259190
  Stage 2 epoch 240/300: loss=0.229703
  Stage 2 epoch 300/300: loss=0.167064
  Stage 3 epoch 60/300: loss=0.000077
  Stage 3 epoch 120/300: loss=0.000048
  Stage 3 epoch 180/300: loss=0.000041
  Stage 3 epoch 240/300: loss=0.000032
  Stage 3 epoch 300/300: loss=0.000036
  rcMTE@0.1: 0.2748 (448/500 in region)
  rcMTE@0.5: 0.4736 (421/500 in region)
  rcMTE@1.0: 0.5933 (398/500 in region)
  MTE@0.1: 0.5058
  MTE@0.5: 0.8163
  MTE@1.0: 1.0548
  W2@1.0:  0.6957
  sW2@0.1: 0.1762 (448/500 in region)
  sW2@0.2: 0.2086 (438/500 in region)
  sW2@0.5: 0.3758 (421/500 in region)
  sW2@1.0: 0.6893 (398/500 in region)
  MMD@1.0: 0.1910
  Survival@1.0: 99.0%
  Stopped@1.0:  79.6%
      → K+S
  Precomputing encoder-pullback target...
  Stage 2 epoch 60/300: loss=0.517230
  Stage 2 epoch 120/300: loss=0.402226
  Stage 2 epoch 180/300: loss=0.259190
  Stage 2 epoch 240/300: loss=0.229703
  Stage 2 epoch 300/300: loss=0.167064
  Stage 3 epoch 60/300: loss=0.000077
  Stage 3 epoch 120/300: loss=0.000048
  Stage 3 epoch 180/300: loss=0.000041
  Stage 3 epoch 240/300: loss=0.000032
  Stage 3 epoch 300/300: loss=0.000036
  rcMTE@0.1: 0.2748 (448/500 in region)
  rcMTE@0.5: 0.4736 (421/500 in region)
  rcMTE@1.0: 0.5933 (398/500 in region)
  MTE@0.1: 0.5058
  MTE@0.5: 0.8163
  MTE@1.0: 1.0548
  W2@1.0:  0.6957
  sW2@0.1: 0.1762 (448/500 in region)
  sW2@0.2: 0.2086 (438/500 in region)
  sW2@0.5: 0.3758 (421/500 in region)
  sW2@1.0: 0.6893 (398/500 in region)
  MMD@1.0: 0.1910
  Survival@1.0: 99.0%
  Stopped@1.0:  79.6%

============================================================
  N=50 | D=11 (K=4) | hyperbolic_paraboloid | seed=9042
============================================================
    Phase1 Epoch 50/250: loss=0.091236
    Phase1 Epoch 100/250: loss=0.023082
    Phase1 Epoch 150/250: loss=0.005116
    Phase1 Epoch 200/250: loss=0.010896
    Phase1 Epoch 250/250: loss=0.008078
      Phase 2 AE: K_weight=0.0000
        Phase2 Epoch 50/250: loss=0.002220
        Phase2 Epoch 100/250: loss=0.001911
        Phase2 Epoch 150/250: loss=0.001610
        Phase2 Epoch 200/250: loss=0.001510
        Phase2 Epoch 250/250: loss=0.001292
        E_mu=0.0040  E_Sigma=0.0012
      → baseline
  Precomputing encoder-pullback target...
  Stage 2 epoch 60/300: loss=0.537850
  Stage 2 epoch 120/300: loss=0.255145
  Stage 2 epoch 180/300: loss=0.198423
  Stage 2 epoch 240/300: loss=0.160673
  Stage 2 epoch 300/300: loss=0.158034
  Stage 3 epoch 60/300: loss=0.000049
  Stage 3 epoch 120/300: loss=0.000027
  Stage 3 epoch 180/300: loss=0.000025
  Stage 3 epoch 240/300: loss=0.000023
  Stage 3 epoch 300/300: loss=0.000023
  rcMTE@0.1: 0.0917 (444/500 in region)
  rcMTE@0.5: 0.2369 (406/500 in region)
  rcMTE@1.0: 0.3417 (388/500 in region)
  MTE@0.1: 0.1476
  MTE@0.5: 0.3450
  MTE@1.0: 0.4756
  W2@1.0:  0.4427
  sW2@0.1: 0.1546 (444/500 in region)
  sW2@0.2: 0.2233 (429/500 in region)
  sW2@0.5: 0.3332 (406/500 in region)
  sW2@1.0: 0.4245 (388/500 in region)
  MMD@1.0: 0.2016
  Survival@1.0: 99.0%
  Stopped@1.0:  77.6%
      Phase 2 AE: K_weight=0.1000
        Phase2 Epoch 50/250: loss=0.002470
        Phase2 Epoch 100/250: loss=0.001976
        Phase2 Epoch 150/250: loss=0.001521
        Phase2 Epoch 200/250: loss=0.001331
        Phase2 Epoch 250/250: loss=0.001343
        E_mu=0.0038  E_Sigma=0.0014
      → K
  Precomputing encoder-pullback target...
  Stage 2 epoch 60/300: loss=0.540361
  Stage 2 epoch 120/300: loss=0.254309
  Stage 2 epoch 180/300: loss=0.197498
  Stage 2 epoch 240/300: loss=0.160257
  Stage 2 epoch 300/300: loss=0.157881
  Stage 3 epoch 60/300: loss=0.000045
  Stage 3 epoch 120/300: loss=0.000026
  Stage 3 epoch 180/300: loss=0.000024
  Stage 3 epoch 240/300: loss=0.000023
  Stage 3 epoch 300/300: loss=0.000022
  rcMTE@0.1: 0.0880 (444/500 in region)
  rcMTE@0.5: 0.2336 (406/500 in region)
  rcMTE@1.0: 0.3395 (388/500 in region)
  MTE@0.1: 0.1417
  MTE@0.5: 0.3392
  MTE@1.0: 0.4712
  W2@1.0:  0.4304
  sW2@0.1: 0.1468 (444/500 in region)
  sW2@0.2: 0.2143 (429/500 in region)
  sW2@0.5: 0.3236 (406/500 in region)
  sW2@1.0: 0.4148 (388/500 in region)
  MMD@1.0: 0.1963
  Survival@1.0: 99.0%
  Stopped@1.0:  77.6%
      → K+S
  Precomputing encoder-pullback target...
  Stage 2 epoch 60/300: loss=0.540361
  Stage 2 epoch 120/300: loss=0.254309
  Stage 2 epoch 180/300: loss=0.197498
  Stage 2 epoch 240/300: loss=0.160257
  Stage 2 epoch 300/300: loss=0.157881
  Stage 3 epoch 60/300: loss=0.000045
  Stage 3 epoch 120/300: loss=0.000026
  Stage 3 epoch 180/300: loss=0.000024
  Stage 3 epoch 240/300: loss=0.000023
  Stage 3 epoch 300/300: loss=0.000022
  rcMTE@0.1: 0.0880 (444/500 in region)
  rcMTE@0.5: 0.2336 (406/500 in region)
  rcMTE@1.0: 0.3395 (388/500 in region)
  MTE@0.1: 0.1417
  MTE@0.5: 0.3392
  MTE@1.0: 0.4712
  W2@1.0:  0.4304
  sW2@0.1: 0.1468 (444/500 in region)
  sW2@0.2: 0.2143 (429/500 in region)
  sW2@0.5: 0.3236 (406/500 in region)
  sW2@1.0: 0.4148 (388/500 in region)
  MMD@1.0: 0.1963
  Survival@1.0: 99.0%
  Stopped@1.0:  77.6%

  N=50, D=11 completed in 1056.0s

============================================================
  N=50 | D=201 (K=99) | paraboloid | seed=42
============================================================
    Phase1 Epoch 50/250: loss=0.700009
    Phase1 Epoch 100/250: loss=0.298986
    Phase1 Epoch 150/250: loss=0.148854
    Phase1 Epoch 200/250: loss=0.079026
    Phase1 Epoch 250/250: loss=0.091859
      Phase 2 AE: K_weight=0.0000
        Phase2 Epoch 50/250: loss=0.069873
        Phase2 Epoch 100/250: loss=0.037789
        Phase2 Epoch 150/250: loss=0.028891
        Phase2 Epoch 200/250: loss=0.042217
        Phase2 Epoch 250/250: loss=0.029824
        E_mu=0.0230  E_Sigma=0.0166
      → baseline
  Precomputing encoder-pullback target...
  Stage 2 epoch 60/300: loss=0.018347
  Stage 2 epoch 120/300: loss=0.016499
  Stage 2 epoch 180/300: loss=0.014254
  Stage 2 epoch 240/300: loss=0.011937
  Stage 2 epoch 300/300: loss=0.011698
  Stage 3 epoch 60/300: loss=0.000001
  Stage 3 epoch 120/300: loss=0.000001
  Stage 3 epoch 180/300: loss=0.000001
  Stage 3 epoch 240/300: loss=0.000001
  Stage 3 epoch 300/300: loss=0.000000
  rcMTE@0.1: 0.2904 (442/500 in region)
  rcMTE@0.5: 0.5316 (402/500 in region)
  rcMTE@1.0: 0.6391 (383/500 in region)
  MTE@0.1: 0.6519
  MTE@0.5: 0.9379
  MTE@1.0: 1.0050
  W2@1.0:  0.6439
  sW2@0.1: 0.4879 (442/500 in region)
  sW2@0.2: 0.5066 (428/500 in region)
  sW2@0.5: 0.6068 (402/500 in region)
  sW2@1.0: 0.6627 (383/500 in region)
  MMD@1.0: 0.3721
  Survival@1.0: 98.6%
  Stopped@1.0:  76.6%
      Phase 2 AE: K_weight=0.4275
        Phase2 Epoch 50/250: loss=0.050868
        Phase2 Epoch 100/250: loss=0.033306
        Phase2 Epoch 150/250: loss=0.051152
        Phase2 Epoch 200/250: loss=0.029813
        Phase2 Epoch 250/250: loss=0.040911
        E_mu=0.0434  E_Sigma=0.0298
      → K
  Precomputing encoder-pullback target...
  Stage 2 epoch 60/300: loss=0.018540
  Stage 2 epoch 120/300: loss=0.016244
  Stage 2 epoch 180/300: loss=0.014257
  Stage 2 epoch 240/300: loss=0.011752
  Stage 2 epoch 300/300: loss=0.011670
  Stage 3 epoch 60/300: loss=0.000001
  Stage 3 epoch 120/300: loss=0.000001
  Stage 3 epoch 180/300: loss=0.000001
  Stage 3 epoch 240/300: loss=0.000001
  Stage 3 epoch 300/300: loss=0.000001
  rcMTE@0.1: 0.2807 (442/500 in region)
  rcMTE@0.5: 0.5064 (402/500 in region)
  rcMTE@1.0: 0.6069 (383/500 in region)
  MTE@0.1: 0.6752
  MTE@0.5: 0.9627
  MTE@1.0: 1.0320
  W2@1.0:  0.7104
  sW2@0.1: 0.5091 (442/500 in region)
  sW2@0.2: 0.5316 (428/500 in region)
  sW2@0.5: 0.6504 (402/500 in region)
  sW2@1.0: 0.7271 (383/500 in region)
  MMD@1.0: 0.4036
  Survival@1.0: 98.6%
  Stopped@1.0:  76.6%
      → K+S
  Precomputing encoder-pullback target...
  Stage 2 epoch 60/300: loss=0.018540
  Stage 2 epoch 120/300: loss=0.016244
  Stage 2 epoch 180/300: loss=0.014257
  Stage 2 epoch 240/300: loss=0.011752
  Stage 2 epoch 300/300: loss=0.011670
  Stage 3 epoch 60/300: loss=0.000001
  Stage 3 epoch 120/300: loss=0.000001
  Stage 3 epoch 180/300: loss=0.000001
  Stage 3 epoch 240/300: loss=0.000001
  Stage 3 epoch 300/300: loss=0.000001
  rcMTE@0.1: 0.2807 (442/500 in region)
  rcMTE@0.5: 0.5064 (402/500 in region)
  rcMTE@1.0: 0.6069 (383/500 in region)
  MTE@0.1: 0.6752
  MTE@0.5: 0.9627
  MTE@1.0: 1.0320
  W2@1.0:  0.7104
  sW2@0.1: 0.5091 (442/500 in region)
  sW2@0.2: 0.5316 (428/500 in region)
  sW2@0.5: 0.6504 (402/500 in region)
  sW2@1.0: 0.7271 (383/500 in region)
  MMD@1.0: 0.4036
  Survival@1.0: 98.6%
  Stopped@1.0:  76.6%

============================================================
  N=50 | D=201 (K=99) | paraboloid | seed=1042
============================================================
    Phase1 Epoch 50/250: loss=0.701470
    Phase1 Epoch 100/250: loss=0.304747
    Phase1 Epoch 150/250: loss=0.110684
    Phase1 Epoch 200/250: loss=0.105527
    Phase1 Epoch 250/250: loss=0.079756
      Phase 2 AE: K_weight=0.0000
        Phase2 Epoch 50/250: loss=0.046412
        Phase2 Epoch 100/250: loss=0.057399
        Phase2 Epoch 150/250: loss=0.048070
        Phase2 Epoch 200/250: loss=0.009671
        Phase2 Epoch 250/250: loss=0.006459
        E_mu=0.0204  E_Sigma=0.0056
      → baseline
  Precomputing encoder-pullback target...
  Stage 2 epoch 60/300: loss=0.027569
  Stage 2 epoch 120/300: loss=0.025831
  Stage 2 epoch 180/300: loss=0.021523
  Stage 2 epoch 240/300: loss=0.017265
  Stage 2 epoch 300/300: loss=0.013761
  Stage 3 epoch 60/300: loss=0.000000
  Stage 3 epoch 120/300: loss=0.000000
  Stage 3 epoch 180/300: loss=0.000000
  Stage 3 epoch 240/300: loss=0.000000
  Stage 3 epoch 300/300: loss=0.000000
  rcMTE@0.1: 0.2411 (455/500 in region)
  rcMTE@0.5: 0.4314 (418/500 in region)
  rcMTE@1.0: 0.5108 (400/500 in region)
  MTE@0.1: 0.4195
  MTE@0.5: 0.6914
  MTE@1.0: 0.7851
  W2@1.0:  0.3223
  sW2@0.1: 0.1932 (455/500 in region)
  sW2@0.2: 0.2041 (440/500 in region)
  sW2@0.5: 0.2845 (418/500 in region)
  sW2@1.0: 0.3367 (400/500 in region)
  MMD@1.0: 0.0755
  Survival@1.0: 99.4%
  Stopped@1.0:  80.0%
      Phase 2 AE: K_weight=0.4275
        Phase2 Epoch 50/250: loss=0.051812
        Phase2 Epoch 100/250: loss=0.054099
        Phase2 Epoch 150/250: loss=0.052783
        Phase2 Epoch 200/250: loss=0.022511
        Phase2 Epoch 250/250: loss=0.048926
        E_mu=0.0362  E_Sigma=0.0145
      → K
  Precomputing encoder-pullback target...
  Stage 2 epoch 60/300: loss=0.029620
  Stage 2 epoch 120/300: loss=0.027715
  Stage 2 epoch 180/300: loss=0.022530
  Stage 2 epoch 240/300: loss=0.017150
  Stage 2 epoch 300/300: loss=0.012694
  Stage 3 epoch 60/300: loss=0.000000
  Stage 3 epoch 120/300: loss=0.000000
  Stage 3 epoch 180/300: loss=0.000000
  Stage 3 epoch 240/300: loss=0.000000
  Stage 3 epoch 300/300: loss=0.000000
  rcMTE@0.1: 0.2472 (455/500 in region)
  rcMTE@0.5: 0.4318 (418/500 in region)
  rcMTE@1.0: 0.5092 (400/500 in region)
  MTE@0.1: 0.5201
  MTE@0.5: 0.7559
  MTE@1.0: 0.8407
  W2@1.0:  0.4265
  sW2@0.1: 0.3197 (455/500 in region)
  sW2@0.2: 0.3288 (440/500 in region)
  sW2@0.5: 0.3855 (418/500 in region)
  sW2@1.0: 0.4398 (400/500 in region)
  MMD@1.0: 0.1969
  Survival@1.0: 99.4%
  Stopped@1.0:  80.0%
      → K+S
  Precomputing encoder-pullback target...
  Stage 2 epoch 60/300: loss=0.029620
  Stage 2 epoch 120/300: loss=0.027715
  Stage 2 epoch 180/300: loss=0.022530
  Stage 2 epoch 240/300: loss=0.017150
  Stage 2 epoch 300/300: loss=0.012694
  Stage 3 epoch 60/300: loss=0.000000
  Stage 3 epoch 120/300: loss=0.000000
  Stage 3 epoch 180/300: loss=0.000000
  Stage 3 epoch 240/300: loss=0.000000
  Stage 3 epoch 300/300: loss=0.000000
  rcMTE@0.1: 0.2472 (455/500 in region)
  rcMTE@0.5: 0.4318 (418/500 in region)
  rcMTE@1.0: 0.5092 (400/500 in region)
  MTE@0.1: 0.5201
  MTE@0.5: 0.7559
  MTE@1.0: 0.8407
  W2@1.0:  0.4265
  sW2@0.1: 0.3197 (455/500 in region)
  sW2@0.2: 0.3288 (440/500 in region)
  sW2@0.5: 0.3855 (418/500 in region)
  sW2@1.0: 0.4398 (400/500 in region)
  MMD@1.0: 0.1969
  Survival@1.0: 99.4%
  Stopped@1.0:  80.0%

============================================================
  N=50 | D=201 (K=99) | paraboloid | seed=2042
============================================================
    Phase1 Epoch 50/250: loss=0.742331
    Phase1 Epoch 100/250: loss=0.554267
    Phase1 Epoch 150/250: loss=0.169289
    Phase1 Epoch 200/250: loss=0.074371
    Phase1 Epoch 250/250: loss=0.053596
      Phase 2 AE: K_weight=0.0000
        Phase2 Epoch 50/250: loss=0.050223
        Phase2 Epoch 100/250: loss=0.047336
        Phase2 Epoch 150/250: loss=0.018881
        Phase2 Epoch 200/250: loss=0.021220
        Phase2 Epoch 250/250: loss=0.020438
        E_mu=0.0344  E_Sigma=0.0148
      → baseline
  Precomputing encoder-pullback target...
  Stage 2 epoch 60/300: loss=0.016083
  Stage 2 epoch 120/300: loss=0.014290
  Stage 2 epoch 180/300: loss=0.012890
  Stage 2 epoch 240/300: loss=0.011901
  Stage 2 epoch 300/300: loss=0.012296
  Stage 3 epoch 60/300: loss=0.000001
  Stage 3 epoch 120/300: loss=0.000001
  Stage 3 epoch 180/300: loss=0.000001
  Stage 3 epoch 240/300: loss=0.000001
  Stage 3 epoch 300/300: loss=0.000001
  rcMTE@0.1: 0.0971 (454/500 in region)
  rcMTE@0.5: 0.2733 (422/500 in region)
  rcMTE@1.0: 0.4210 (406/500 in region)
  MTE@0.1: 0.3490
  MTE@0.5: 0.5542
  MTE@1.0: 0.7459
  W2@1.0:  0.6006
  sW2@0.1: 0.3349 (454/500 in region)
  sW2@0.2: 0.3715 (441/500 in region)
  sW2@0.5: 0.4880 (422/500 in region)
  sW2@1.0: 0.6458 (406/500 in region)
  MMD@1.0: 0.2518
  Survival@1.0: 98.2%
  Stopped@1.0:  81.2%
      Phase 2 AE: K_weight=0.4275
        Phase2 Epoch 50/250: loss=0.057321
        Phase2 Epoch 100/250: loss=0.065107
        Phase2 Epoch 150/250: loss=0.037638
        Phase2 Epoch 200/250: loss=0.060110
        Phase2 Epoch 250/250: loss=0.018738
        E_mu=0.0258  E_Sigma=0.0162
      → K
  Precomputing encoder-pullback target...
  Stage 2 epoch 60/300: loss=0.015099
  Stage 2 epoch 120/300: loss=0.013694
  Stage 2 epoch 180/300: loss=0.012491
  Stage 2 epoch 240/300: loss=0.011524
  Stage 2 epoch 300/300: loss=0.011628
  Stage 3 epoch 60/300: loss=0.000001
  Stage 3 epoch 120/300: loss=0.000001
  Stage 3 epoch 180/300: loss=0.000001
  Stage 3 epoch 240/300: loss=0.000001
  Stage 3 epoch 300/300: loss=0.000001
  rcMTE@0.1: 0.1074 (454/500 in region)
  rcMTE@0.5: 0.2463 (422/500 in region)
  rcMTE@1.0: 0.3635 (406/500 in region)
  MTE@0.1: 0.5347
  MTE@0.5: 0.6569
  MTE@1.0: 0.7866
  W2@1.0:  0.6368
  sW2@0.1: 0.5254 (454/500 in region)
  sW2@0.2: 0.5373 (441/500 in region)
  sW2@0.5: 0.5788 (422/500 in region)
  sW2@1.0: 0.6529 (406/500 in region)
  MMD@1.0: 0.3251
  Survival@1.0: 98.2%
  Stopped@1.0:  81.2%
      → K+S
  Precomputing encoder-pullback target...
  Stage 2 epoch 60/300: loss=0.015099
  Stage 2 epoch 120/300: loss=0.013694
  Stage 2 epoch 180/300: loss=0.012491
  Stage 2 epoch 240/300: loss=0.011524
  Stage 2 epoch 300/300: loss=0.011628
  Stage 3 epoch 60/300: loss=0.000001
  Stage 3 epoch 120/300: loss=0.000001
  Stage 3 epoch 180/300: loss=0.000001
  Stage 3 epoch 240/300: loss=0.000001
  Stage 3 epoch 300/300: loss=0.000001
  rcMTE@0.1: 0.1074 (454/500 in region)
  rcMTE@0.5: 0.2463 (422/500 in region)
  rcMTE@1.0: 0.3635 (406/500 in region)
  MTE@0.1: 0.5347
  MTE@0.5: 0.6569
  MTE@1.0: 0.7866
  W2@1.0:  0.6368
  sW2@0.1: 0.5254 (454/500 in region)
  sW2@0.2: 0.5373 (441/500 in region)
  sW2@0.5: 0.5788 (422/500 in region)
  sW2@1.0: 0.6529 (406/500 in region)
  MMD@1.0: 0.3251
  Survival@1.0: 98.2%
  Stopped@1.0:  81.2%

============================================================
  N=50 | D=201 (K=99) | paraboloid | seed=3042
============================================================
    Phase1 Epoch 50/250: loss=0.775186
    Phase1 Epoch 100/250: loss=0.321343
    Phase1 Epoch 150/250: loss=0.107415
    Phase1 Epoch 200/250: loss=0.071563
    Phase1 Epoch 250/250: loss=0.049074
      Phase 2 AE: K_weight=0.0000
        Phase2 Epoch 50/250: loss=0.033656
        Phase2 Epoch 100/250: loss=0.021005
        Phase2 Epoch 150/250: loss=0.027028
        Phase2 Epoch 200/250: loss=0.038093
        Phase2 Epoch 250/250: loss=0.018167
        E_mu=0.0200  E_Sigma=0.0114
      → baseline
  Precomputing encoder-pullback target...
  Stage 2 epoch 60/300: loss=0.048341
  Stage 2 epoch 120/300: loss=0.031685
  Stage 2 epoch 180/300: loss=0.028694
  Stage 2 epoch 240/300: loss=0.024558
  Stage 2 epoch 300/300: loss=0.022634
  Stage 3 epoch 60/300: loss=0.000001
  Stage 3 epoch 120/300: loss=0.000001
  Stage 3 epoch 180/300: loss=0.000001
  Stage 3 epoch 240/300: loss=0.000000
  Stage 3 epoch 300/300: loss=0.000000
  rcMTE@0.1: 0.1197 (456/500 in region)
  rcMTE@0.5: 0.2270 (402/500 in region)
  rcMTE@1.0: 0.3131 (381/500 in region)
  MTE@0.1: 0.3014
  MTE@0.5: 0.4644
  MTE@1.0: 0.5361
  W2@1.0:  0.4261
  sW2@0.1: 0.2845 (456/500 in region)
  sW2@0.2: 0.3164 (434/500 in region)
  sW2@0.5: 0.3658 (402/500 in region)
  sW2@1.0: 0.4196 (381/500 in region)
  MMD@1.0: 0.2077
  Survival@1.0: 97.4%
  Stopped@1.0:  76.2%
      Phase 2 AE: K_weight=0.4275
        Phase2 Epoch 50/250: loss=0.097990
        Phase2 Epoch 100/250: loss=0.038739
        Phase2 Epoch 150/250: loss=0.055877
        Phase2 Epoch 200/250: loss=0.020078
        Phase2 Epoch 250/250: loss=0.028688
        E_mu=0.0170  E_Sigma=0.0060
      → K
  Precomputing encoder-pullback target...
  Stage 2 epoch 60/300: loss=0.049845
  Stage 2 epoch 120/300: loss=0.032484
  Stage 2 epoch 180/300: loss=0.029638
  Stage 2 epoch 240/300: loss=0.025490
  Stage 2 epoch 300/300: loss=0.023007
  Stage 3 epoch 60/300: loss=0.000000
  Stage 3 epoch 120/300: loss=0.000000
  Stage 3 epoch 180/300: loss=0.000000
  Stage 3 epoch 240/300: loss=0.000000
  Stage 3 epoch 300/300: loss=0.000000
  rcMTE@0.1: 0.0850 (456/500 in region)
  rcMTE@0.5: 0.2070 (402/500 in region)
  rcMTE@1.0: 0.3151 (381/500 in region)
  MTE@0.1: 0.2954
  MTE@0.5: 0.4425
  MTE@1.0: 0.5340
  W2@1.0:  0.4054
  sW2@0.1: 0.2753 (456/500 in region)
  sW2@0.2: 0.3017 (434/500 in region)
  sW2@0.5: 0.3453 (402/500 in region)
  sW2@1.0: 0.4184 (381/500 in region)
  MMD@1.0: 0.1849
  Survival@1.0: 97.4%
  Stopped@1.0:  76.2%
      → K+S
  Precomputing encoder-pullback target...
  Stage 2 epoch 60/300: loss=0.049845
  Stage 2 epoch 120/300: loss=0.032484
  Stage 2 epoch 180/300: loss=0.029638
  Stage 2 epoch 240/300: loss=0.025490
  Stage 2 epoch 300/300: loss=0.023007
  Stage 3 epoch 60/300: loss=0.000000
  Stage 3 epoch 120/300: loss=0.000000
  Stage 3 epoch 180/300: loss=0.000000
  Stage 3 epoch 240/300: loss=0.000000
  Stage 3 epoch 300/300: loss=0.000000
  rcMTE@0.1: 0.0850 (456/500 in region)
  rcMTE@0.5: 0.2070 (402/500 in region)
  rcMTE@1.0: 0.3151 (381/500 in region)
  MTE@0.1: 0.2954
  MTE@0.5: 0.4425
  MTE@1.0: 0.5340
  W2@1.0:  0.4054
  sW2@0.1: 0.2753 (456/500 in region)
  sW2@0.2: 0.3017 (434/500 in region)
  sW2@0.5: 0.3453 (402/500 in region)
  sW2@1.0: 0.4184 (381/500 in region)
  MMD@1.0: 0.1849
  Survival@1.0: 97.4%
  Stopped@1.0:  76.2%

============================================================
  N=50 | D=201 (K=99) | paraboloid | seed=4042
============================================================
    Phase1 Epoch 50/250: loss=0.701220
    Phase1 Epoch 100/250: loss=0.261744
    Phase1 Epoch 150/250: loss=0.130635
    Phase1 Epoch 200/250: loss=0.080400
    Phase1 Epoch 250/250: loss=0.061391
      Phase 2 AE: K_weight=0.0000
        Phase2 Epoch 50/250: loss=0.045504
        Phase2 Epoch 100/250: loss=0.041627
        Phase2 Epoch 150/250: loss=0.027472
        Phase2 Epoch 200/250: loss=0.042931
        Phase2 Epoch 250/250: loss=0.031224
        E_mu=0.0467  E_Sigma=0.0240
      → baseline
  Precomputing encoder-pullback target...
  Stage 2 epoch 60/300: loss=0.024104
  Stage 2 epoch 120/300: loss=0.019399
  Stage 2 epoch 180/300: loss=0.014889
  Stage 2 epoch 240/300: loss=0.009274
  Stage 2 epoch 300/300: loss=0.007224
  Stage 3 epoch 60/300: loss=0.000001
  Stage 3 epoch 120/300: loss=0.000001
  Stage 3 epoch 180/300: loss=0.000001
  Stage 3 epoch 240/300: loss=0.000001
  Stage 3 epoch 300/300: loss=0.000001
  rcMTE@0.1: 0.2707 (443/500 in region)
  rcMTE@0.5: 0.4724 (407/500 in region)
  rcMTE@1.0: 0.5879 (384/500 in region)
  MTE@0.1: 0.5450
  MTE@0.5: 0.8138
  MTE@1.0: 0.9869
  W2@1.0:  0.7607
  sW2@0.1: 0.3150 (443/500 in region)
  sW2@0.2: 0.3479 (424/500 in region)
  sW2@0.5: 0.4487 (407/500 in region)
  sW2@1.0: 0.7769 (384/500 in region)
  MMD@1.0: 0.2230
  Survival@1.0: 98.8%
  Stopped@1.0:  76.8%
      Phase 2 AE: K_weight=0.4275
        Phase2 Epoch 50/250: loss=0.050007
        Phase2 Epoch 100/250: loss=0.059391
        Phase2 Epoch 150/250: loss=0.068163
        Phase2 Epoch 200/250: loss=0.033935
        Phase2 Epoch 250/250: loss=0.030234
        E_mu=0.0380  E_Sigma=0.0207
      → K
  Precomputing encoder-pullback target...
  Stage 2 epoch 60/300: loss=0.025935
  Stage 2 epoch 120/300: loss=0.020754
  Stage 2 epoch 180/300: loss=0.015701
  Stage 2 epoch 240/300: loss=0.009770
  Stage 2 epoch 300/300: loss=0.007656
  Stage 3 epoch 60/300: loss=0.000001
  Stage 3 epoch 120/300: loss=0.000001
  Stage 3 epoch 180/300: loss=0.000001
  Stage 3 epoch 240/300: loss=0.000001
  Stage 3 epoch 300/300: loss=0.000001
  rcMTE@0.1: 0.2931 (443/500 in region)
  rcMTE@0.5: 0.4829 (407/500 in region)
  rcMTE@1.0: 0.5877 (384/500 in region)
  MTE@0.1: 0.5375
  MTE@0.5: 0.8073
  MTE@1.0: 0.9792
  W2@1.0:  0.7557
  sW2@0.1: 0.3124 (443/500 in region)
  sW2@0.2: 0.3408 (424/500 in region)
  sW2@0.5: 0.4532 (407/500 in region)
  sW2@1.0: 0.7773 (384/500 in region)
  MMD@1.0: 0.2276
  Survival@1.0: 98.8%
  Stopped@1.0:  76.8%
      → K+S
  Precomputing encoder-pullback target...
  Stage 2 epoch 60/300: loss=0.025935
  Stage 2 epoch 120/300: loss=0.020754
  Stage 2 epoch 180/300: loss=0.015701
  Stage 2 epoch 240/300: loss=0.009770
  Stage 2 epoch 300/300: loss=0.007656
  Stage 3 epoch 60/300: loss=0.000001
  Stage 3 epoch 120/300: loss=0.000001
  Stage 3 epoch 180/300: loss=0.000001
  Stage 3 epoch 240/300: loss=0.000001
  Stage 3 epoch 300/300: loss=0.000001
  rcMTE@0.1: 0.2931 (443/500 in region)
  rcMTE@0.5: 0.4829 (407/500 in region)
  rcMTE@1.0: 0.5877 (384/500 in region)
  MTE@0.1: 0.5375
  MTE@0.5: 0.8073
  MTE@1.0: 0.9792
  W2@1.0:  0.7557
  sW2@0.1: 0.3124 (443/500 in region)
  sW2@0.2: 0.3408 (424/500 in region)
  sW2@0.5: 0.4532 (407/500 in region)
  sW2@1.0: 0.7773 (384/500 in region)
  MMD@1.0: 0.2276
  Survival@1.0: 98.8%
  Stopped@1.0:  76.8%

============================================================
  N=50 | D=201 (K=99) | paraboloid | seed=5042
============================================================
    Phase1 Epoch 50/250: loss=0.738821
    Phase1 Epoch 100/250: loss=0.292665
    Phase1 Epoch 150/250: loss=0.102515
    Phase1 Epoch 200/250: loss=0.094985
    Phase1 Epoch 250/250: loss=0.060930
      Phase 2 AE: K_weight=0.0000
        Phase2 Epoch 50/250: loss=0.052782
        Phase2 Epoch 100/250: loss=0.041586
        Phase2 Epoch 150/250: loss=0.029225
        Phase2 Epoch 200/250: loss=0.020978
        Phase2 Epoch 250/250: loss=0.028669
        E_mu=0.0379  E_Sigma=0.0197
      → baseline
  Precomputing encoder-pullback target...
  Stage 2 epoch 60/300: loss=0.025640
  Stage 2 epoch 120/300: loss=0.020287
  Stage 2 epoch 180/300: loss=0.017381
  Stage 2 epoch 240/300: loss=0.017064
  Stage 2 epoch 300/300: loss=0.012910
  Stage 3 epoch 60/300: loss=0.000001
  Stage 3 epoch 120/300: loss=0.000001
  Stage 3 epoch 180/300: loss=0.000001
  Stage 3 epoch 240/300: loss=0.000001
  Stage 3 epoch 300/300: loss=0.000001
  rcMTE@0.1: 0.2931 (454/500 in region)
  rcMTE@0.5: 0.4645 (420/500 in region)
  rcMTE@1.0: 0.5586 (403/500 in region)
  MTE@0.1: 1.4109
  MTE@0.5: 1.5360
  MTE@1.0: 1.5857
  W2@1.0:  1.3213
  sW2@0.1: 1.3320 (454/500 in region)
  sW2@0.2: 1.3363 (435/500 in region)
  sW2@0.5: 1.3251 (420/500 in region)
  sW2@1.0: 1.3249 (403/500 in region)
  MMD@1.0: 0.6855
  Survival@1.0: 98.8%
  Stopped@1.0:  80.6%
      Phase 2 AE: K_weight=0.4275
        Phase2 Epoch 50/250: loss=0.055819
        Phase2 Epoch 100/250: loss=0.047277
        Phase2 Epoch 150/250: loss=0.021247
        Phase2 Epoch 200/250: loss=0.018847
        Phase2 Epoch 250/250: loss=0.020137
        E_mu=0.0189  E_Sigma=0.0055
      → K
  Precomputing encoder-pullback target...
  Stage 2 epoch 60/300: loss=0.027439
  Stage 2 epoch 120/300: loss=0.021877
  Stage 2 epoch 180/300: loss=0.017929
  Stage 2 epoch 240/300: loss=0.016491
  Stage 2 epoch 300/300: loss=0.011160
  Stage 3 epoch 60/300: loss=0.000000
  Stage 3 epoch 120/300: loss=0.000000
  Stage 3 epoch 180/300: loss=0.000000
  Stage 3 epoch 240/300: loss=0.000000
  Stage 3 epoch 300/300: loss=0.000000
  rcMTE@0.1: 0.2888 (454/500 in region)
  rcMTE@0.5: 0.4621 (420/500 in region)
  rcMTE@1.0: 0.5565 (403/500 in region)
  MTE@0.1: 0.5550
  MTE@0.5: 0.7990
  MTE@1.0: 0.8794
  W2@1.0:  0.3675
  sW2@0.1: 0.3157 (454/500 in region)
  sW2@0.2: 0.3275 (435/500 in region)
  sW2@0.5: 0.3218 (420/500 in region)
  sW2@1.0: 0.3377 (403/500 in region)
  MMD@1.0: 0.1843
  Survival@1.0: 98.8%
  Stopped@1.0:  80.6%
      → K+S
  Precomputing encoder-pullback target...
  Stage 2 epoch 60/300: loss=0.027439
  Stage 2 epoch 120/300: loss=0.021877
  Stage 2 epoch 180/300: loss=0.017929
  Stage 2 epoch 240/300: loss=0.016491
  Stage 2 epoch 300/300: loss=0.011160
  Stage 3 epoch 60/300: loss=0.000000
  Stage 3 epoch 120/300: loss=0.000000
  Stage 3 epoch 180/300: loss=0.000000
  Stage 3 epoch 240/300: loss=0.000000
  Stage 3 epoch 300/300: loss=0.000000
  rcMTE@0.1: 0.2888 (454/500 in region)
  rcMTE@0.5: 0.4621 (420/500 in region)
  rcMTE@1.0: 0.5565 (403/500 in region)
  MTE@0.1: 0.5550
  MTE@0.5: 0.7990
  MTE@1.0: 0.8794
  W2@1.0:  0.3675
  sW2@0.1: 0.3157 (454/500 in region)
  sW2@0.2: 0.3275 (435/500 in region)
  sW2@0.5: 0.3218 (420/500 in region)
  sW2@1.0: 0.3377 (403/500 in region)
  MMD@1.0: 0.1843
  Survival@1.0: 98.8%
  Stopped@1.0:  80.6%

============================================================
  N=50 | D=201 (K=99) | paraboloid | seed=6042
============================================================
    Phase1 Epoch 50/250: loss=0.771891
    Phase1 Epoch 100/250: loss=0.349472
    Phase1 Epoch 150/250: loss=0.167679
    Phase1 Epoch 200/250: loss=0.100266
    Phase1 Epoch 250/250: loss=0.050498
      Phase 2 AE: K_weight=0.0000
        Phase2 Epoch 50/250: loss=0.038380
        Phase2 Epoch 100/250: loss=0.034909
        Phase2 Epoch 150/250: loss=0.037497
        Phase2 Epoch 200/250: loss=0.025617
        Phase2 Epoch 250/250: loss=0.032903
        E_mu=0.0488  E_Sigma=0.0265
      → baseline
  Precomputing encoder-pullback target...
  Stage 2 epoch 60/300: loss=0.047556
  Stage 2 epoch 120/300: loss=0.030353
  Stage 2 epoch 180/300: loss=0.024233
  Stage 2 epoch 240/300: loss=0.020401
  Stage 2 epoch 300/300: loss=0.017866
  Stage 3 epoch 60/300: loss=0.000001
  Stage 3 epoch 120/300: loss=0.000001
  Stage 3 epoch 180/300: loss=0.000001
  Stage 3 epoch 240/300: loss=0.000001
  Stage 3 epoch 300/300: loss=0.000001
  rcMTE@0.1: 0.1542 (452/500 in region)
  rcMTE@0.5: 0.3550 (406/500 in region)
  rcMTE@1.0: 0.5700 (392/500 in region)
  MTE@0.1: 0.3718
  MTE@0.5: 0.6532
  MTE@1.0: 0.9618
  W2@1.0:  0.9531
  sW2@0.1: 0.3620 (452/500 in region)
  sW2@0.2: 0.4336 (428/500 in region)
  sW2@0.5: 0.6585 (406/500 in region)
  sW2@1.0: 1.0448 (392/500 in region)
  MMD@1.0: 0.3020
  Survival@1.0: 98.6%
  Stopped@1.0:  78.4%
      Phase 2 AE: K_weight=0.4275
        Phase2 Epoch 50/250: loss=0.064419
        Phase2 Epoch 100/250: loss=0.035082
        Phase2 Epoch 150/250: loss=0.034020
        Phase2 Epoch 200/250: loss=0.031570
        Phase2 Epoch 250/250: loss=0.042613
        E_mu=0.0464  E_Sigma=0.0206
      → K
  Precomputing encoder-pullback target...
  Stage 2 epoch 60/300: loss=0.042201
  Stage 2 epoch 120/300: loss=0.029392
  Stage 2 epoch 180/300: loss=0.022938
  Stage 2 epoch 240/300: loss=0.019267
  Stage 2 epoch 300/300: loss=0.016856
  Stage 3 epoch 60/300: loss=0.000001
  Stage 3 epoch 120/300: loss=0.000001
  Stage 3 epoch 180/300: loss=0.000001
  Stage 3 epoch 240/300: loss=0.000001
  Stage 3 epoch 300/300: loss=0.000001
  rcMTE@0.1: 0.1577 (452/500 in region)
  rcMTE@0.5: 0.2947 (406/500 in region)
  rcMTE@1.0: 0.4710 (392/500 in region)
  MTE@0.1: 0.3808
  MTE@0.5: 0.6006
  MTE@1.0: 0.8399
  W2@1.0:  0.8016
  sW2@0.1: 0.3616 (452/500 in region)
  sW2@0.2: 0.4073 (428/500 in region)
  sW2@0.5: 0.5744 (406/500 in region)
  sW2@1.0: 0.8781 (392/500 in region)
  MMD@1.0: 0.2645
  Survival@1.0: 98.6%
  Stopped@1.0:  78.4%
      → K+S
  Precomputing encoder-pullback target...
  Stage 2 epoch 60/300: loss=0.042201
  Stage 2 epoch 120/300: loss=0.029392
  Stage 2 epoch 180/300: loss=0.022938
  Stage 2 epoch 240/300: loss=0.019267
  Stage 2 epoch 300/300: loss=0.016856
  Stage 3 epoch 60/300: loss=0.000001
  Stage 3 epoch 120/300: loss=0.000001
  Stage 3 epoch 180/300: loss=0.000001
  Stage 3 epoch 240/300: loss=0.000001
  Stage 3 epoch 300/300: loss=0.000001
  rcMTE@0.1: 0.1577 (452/500 in region)
  rcMTE@0.5: 0.2947 (406/500 in region)
  rcMTE@1.0: 0.4710 (392/500 in region)
  MTE@0.1: 0.3808
  MTE@0.5: 0.6006
  MTE@1.0: 0.8399
  W2@1.0:  0.8016
  sW2@0.1: 0.3616 (452/500 in region)
  sW2@0.2: 0.4073 (428/500 in region)
  sW2@0.5: 0.5744 (406/500 in region)
  sW2@1.0: 0.8781 (392/500 in region)
  MMD@1.0: 0.2645
  Survival@1.0: 98.6%
  Stopped@1.0:  78.4%

============================================================
  N=50 | D=201 (K=99) | paraboloid | seed=7042
============================================================
    Phase1 Epoch 50/250: loss=0.675050
    Phase1 Epoch 100/250: loss=0.191256
    Phase1 Epoch 150/250: loss=0.144475
    Phase1 Epoch 200/250: loss=0.068938
    Phase1 Epoch 250/250: loss=0.063914
      Phase 2 AE: K_weight=0.0000
        Phase2 Epoch 50/250: loss=0.049848
        Phase2 Epoch 100/250: loss=0.031791
        Phase2 Epoch 150/250: loss=0.056870
        Phase2 Epoch 200/250: loss=0.022923
        Phase2 Epoch 250/250: loss=0.025302
        E_mu=0.0592  E_Sigma=0.0313
      → baseline
  Precomputing encoder-pullback target...
  Stage 2 epoch 60/300: loss=0.041745
  Stage 2 epoch 120/300: loss=0.026538
  Stage 2 epoch 180/300: loss=0.017609
  Stage 2 epoch 240/300: loss=0.015768
  Stage 2 epoch 300/300: loss=0.014535
  Stage 3 epoch 60/300: loss=0.000001
  Stage 3 epoch 120/300: loss=0.000001
  Stage 3 epoch 180/300: loss=0.000001
  Stage 3 epoch 240/300: loss=0.000001
  Stage 3 epoch 300/300: loss=0.000001
  rcMTE@0.1: 0.2998 (457/500 in region)
  rcMTE@0.5: 0.5291 (420/500 in region)
  rcMTE@1.0: 0.6280 (396/500 in region)
  MTE@0.1: 0.7427
  MTE@0.5: 0.9959
  MTE@1.0: 1.1103
  W2@1.0:  0.7787
  sW2@0.1: 0.5770 (457/500 in region)
  sW2@0.2: 0.6064 (438/500 in region)
  sW2@0.5: 0.7007 (420/500 in region)
  sW2@1.0: 0.8095 (396/500 in region)
  MMD@1.0: 0.4482
  Survival@1.0: 99.2%
  Stopped@1.0:  79.2%
      Phase 2 AE: K_weight=0.4275
        Phase2 Epoch 50/250: loss=0.042200
        Phase2 Epoch 100/250: loss=0.021112
        Phase2 Epoch 150/250: loss=0.042078
        Phase2 Epoch 200/250: loss=0.024411
        Phase2 Epoch 250/250: loss=0.006812
        E_mu=0.0165  E_Sigma=0.0045
      → K
  Precomputing encoder-pullback target...
  Stage 2 epoch 60/300: loss=0.039726
  Stage 2 epoch 120/300: loss=0.029049
  Stage 2 epoch 180/300: loss=0.020022
  Stage 2 epoch 240/300: loss=0.017426
  Stage 2 epoch 300/300: loss=0.016004
  Stage 3 epoch 60/300: loss=0.000000
  Stage 3 epoch 120/300: loss=0.000000
  Stage 3 epoch 180/300: loss=0.000000
  Stage 3 epoch 240/300: loss=0.000000
  Stage 3 epoch 300/300: loss=0.000000
  rcMTE@0.1: 0.2596 (457/500 in region)
  rcMTE@0.5: 0.4839 (420/500 in region)
  rcMTE@1.0: 0.5809 (396/500 in region)
  MTE@0.1: 0.4390
  MTE@0.5: 0.7554
  MTE@1.0: 0.8842
  W2@1.0:  0.4422
  sW2@0.1: 0.1575 (457/500 in region)
  sW2@0.2: 0.2181 (438/500 in region)
  sW2@0.5: 0.3564 (420/500 in region)
  sW2@1.0: 0.4835 (396/500 in region)
  MMD@1.0: 0.2037
  Survival@1.0: 99.2%
  Stopped@1.0:  79.2%
      → K+S
  Precomputing encoder-pullback target...
  Stage 2 epoch 60/300: loss=0.039726
  Stage 2 epoch 120/300: loss=0.029049
  Stage 2 epoch 180/300: loss=0.020022
  Stage 2 epoch 240/300: loss=0.017426
  Stage 2 epoch 300/300: loss=0.016004
  Stage 3 epoch 60/300: loss=0.000000
  Stage 3 epoch 120/300: loss=0.000000
  Stage 3 epoch 180/300: loss=0.000000
  Stage 3 epoch 240/300: loss=0.000000
  Stage 3 epoch 300/300: loss=0.000000
  rcMTE@0.1: 0.2596 (457/500 in region)
  rcMTE@0.5: 0.4839 (420/500 in region)
  rcMTE@1.0: 0.5809 (396/500 in region)
  MTE@0.1: 0.4390
  MTE@0.5: 0.7554
  MTE@1.0: 0.8842
  W2@1.0:  0.4422
  sW2@0.1: 0.1575 (457/500 in region)
  sW2@0.2: 0.2181 (438/500 in region)
  sW2@0.5: 0.3564 (420/500 in region)
  sW2@1.0: 0.4835 (396/500 in region)
  MMD@1.0: 0.2037
  Survival@1.0: 99.2%
  Stopped@1.0:  79.2%

============================================================
  N=50 | D=201 (K=99) | paraboloid | seed=8042
============================================================
    Phase1 Epoch 50/250: loss=0.653807
    Phase1 Epoch 100/250: loss=0.196852
    Phase1 Epoch 150/250: loss=0.129848
    Phase1 Epoch 200/250: loss=0.093747
    Phase1 Epoch 250/250: loss=0.054411
      Phase 2 AE: K_weight=0.0000
        Phase2 Epoch 50/250: loss=0.040760
        Phase2 Epoch 100/250: loss=0.025499
        Phase2 Epoch 150/250: loss=0.022057
        Phase2 Epoch 200/250: loss=0.014545
        Phase2 Epoch 250/250: loss=0.021747
        E_mu=0.0210  E_Sigma=0.0074
      → baseline
  Precomputing encoder-pullback target...
  Stage 2 epoch 60/300: loss=0.048067
  Stage 2 epoch 120/300: loss=0.040362
  Stage 2 epoch 180/300: loss=0.027650
  Stage 2 epoch 240/300: loss=0.024594
  Stage 2 epoch 300/300: loss=0.018349
  Stage 3 epoch 60/300: loss=0.000005
  Stage 3 epoch 120/300: loss=0.000005
  Stage 3 epoch 180/300: loss=0.000005
  Stage 3 epoch 240/300: loss=0.000004
  Stage 3 epoch 300/300: loss=0.000005
  rcMTE@0.1: 0.3166 (448/500 in region)
  rcMTE@0.5: 0.5767 (421/500 in region)
  rcMTE@1.0: 0.6753 (398/500 in region)
  MTE@0.1: 0.7662
  MTE@0.5: 1.0617
  MTE@1.0: 1.2251
  W2@1.0:  0.7651
  sW2@0.1: 0.5538 (448/500 in region)
  sW2@0.2: 0.5926 (438/500 in region)
  sW2@0.5: 0.6766 (421/500 in region)
  sW2@1.0: 0.7739 (398/500 in region)
  MMD@1.0: 0.3433
  Survival@1.0: 99.0%
  Stopped@1.0:  79.6%
      Phase 2 AE: K_weight=0.4275
        Phase2 Epoch 50/250: loss=0.041545
        Phase2 Epoch 100/250: loss=0.052933
        Phase2 Epoch 150/250: loss=0.045078
        Phase2 Epoch 200/250: loss=0.016545
        Phase2 Epoch 250/250: loss=0.027811
        E_mu=0.0178  E_Sigma=0.0074
      → K
  Precomputing encoder-pullback target...
  Stage 2 epoch 60/300: loss=0.049595
  Stage 2 epoch 120/300: loss=0.041032
  Stage 2 epoch 180/300: loss=0.026872
  Stage 2 epoch 240/300: loss=0.024046
  Stage 2 epoch 300/300: loss=0.017524
  Stage 3 epoch 60/300: loss=0.000005
  Stage 3 epoch 120/300: loss=0.000005
  Stage 3 epoch 180/300: loss=0.000004
  Stage 3 epoch 240/300: loss=0.000004
  Stage 3 epoch 300/300: loss=0.000004
  rcMTE@0.1: 0.3178 (448/500 in region)
  rcMTE@0.5: 0.5760 (421/500 in region)
  rcMTE@1.0: 0.6670 (398/500 in region)
  MTE@0.1: 0.8409
  MTE@0.5: 1.1227
  MTE@1.0: 1.2713
  W2@1.0:  0.8384
  sW2@0.1: 0.6206 (448/500 in region)
  sW2@0.2: 0.6603 (438/500 in region)
  sW2@0.5: 0.7364 (421/500 in region)
  sW2@1.0: 0.8393 (398/500 in region)
  MMD@1.0: 0.4215
  Survival@1.0: 99.0%
  Stopped@1.0:  79.6%
      → K+S
  Precomputing encoder-pullback target...
  Stage 2 epoch 60/300: loss=0.049595
  Stage 2 epoch 120/300: loss=0.041032
  Stage 2 epoch 180/300: loss=0.026872
  Stage 2 epoch 240/300: loss=0.024046
  Stage 2 epoch 300/300: loss=0.017524
  Stage 3 epoch 60/300: loss=0.000005
  Stage 3 epoch 120/300: loss=0.000005
  Stage 3 epoch 180/300: loss=0.000004
  Stage 3 epoch 240/300: loss=0.000004
  Stage 3 epoch 300/300: loss=0.000004
  rcMTE@0.1: 0.3178 (448/500 in region)
  rcMTE@0.5: 0.5760 (421/500 in region)
  rcMTE@1.0: 0.6670 (398/500 in region)
  MTE@0.1: 0.8409
  MTE@0.5: 1.1227
  MTE@1.0: 1.2713
  W2@1.0:  0.8384
  sW2@0.1: 0.6206 (448/500 in region)
  sW2@0.2: 0.6603 (438/500 in region)
  sW2@0.5: 0.7364 (421/500 in region)
  sW2@1.0: 0.8393 (398/500 in region)
  MMD@1.0: 0.4215
  Survival@1.0: 99.0%
  Stopped@1.0:  79.6%

============================================================
  N=50 | D=201 (K=99) | paraboloid | seed=9042
============================================================
    Phase1 Epoch 50/250: loss=0.723682
    Phase1 Epoch 100/250: loss=0.271018
    Phase1 Epoch 150/250: loss=0.122771
    Phase1 Epoch 200/250: loss=0.091940
    Phase1 Epoch 250/250: loss=0.061241
      Phase 2 AE: K_weight=0.0000
        Phase2 Epoch 50/250: loss=0.052691
        Phase2 Epoch 100/250: loss=0.034631
        Phase2 Epoch 150/250: loss=0.038838
        Phase2 Epoch 200/250: loss=0.027599
        Phase2 Epoch 250/250: loss=0.043123
        E_mu=0.0424  E_Sigma=0.0156
      → baseline
  Precomputing encoder-pullback target...
  Stage 2 epoch 60/300: loss=0.038988
  Stage 2 epoch 120/300: loss=0.021567
  Stage 2 epoch 180/300: loss=0.016282
  Stage 2 epoch 240/300: loss=0.012418
  Stage 2 epoch 300/300: loss=0.012428
  Stage 3 epoch 60/300: loss=0.000001
  Stage 3 epoch 120/300: loss=0.000001
  Stage 3 epoch 180/300: loss=0.000001
  Stage 3 epoch 240/300: loss=0.000001
  Stage 3 epoch 300/300: loss=0.000001
  rcMTE@0.1: 0.4081 (444/500 in region)
  rcMTE@0.5: 0.6918 (406/500 in region)
  rcMTE@1.0: 0.8253 (388/500 in region)
  MTE@0.1: 0.8250
  MTE@0.5: 1.1384
  MTE@1.0: 1.2634
  W2@1.0:  0.6204
  sW2@0.1: 0.4862 (444/500 in region)
  sW2@0.2: 0.5078 (429/500 in region)
  sW2@0.5: 0.5616 (406/500 in region)
  sW2@1.0: 0.6353 (388/500 in region)
  MMD@1.0: 0.3321
  Survival@1.0: 99.0%
  Stopped@1.0:  77.6%
      Phase 2 AE: K_weight=0.4275
        Phase2 Epoch 50/250: loss=0.045567
        Phase2 Epoch 100/250: loss=0.032000
        Phase2 Epoch 150/250: loss=0.035252
        Phase2 Epoch 200/250: loss=0.028295
        Phase2 Epoch 250/250: loss=0.034569
        E_mu=0.0459  E_Sigma=0.0187
      → K
  Precomputing encoder-pullback target...
  Stage 2 epoch 60/300: loss=0.038343
  Stage 2 epoch 120/300: loss=0.023869
  Stage 2 epoch 180/300: loss=0.018975
  Stage 2 epoch 240/300: loss=0.014497
  Stage 2 epoch 300/300: loss=0.014519
  Stage 3 epoch 60/300: loss=0.000001
  Stage 3 epoch 120/300: loss=0.000001
  Stage 3 epoch 180/300: loss=0.000001
  Stage 3 epoch 240/300: loss=0.000001
  Stage 3 epoch 300/300: loss=0.000001
  rcMTE@0.1: 0.4131 (444/500 in region)
  rcMTE@0.5: 0.6992 (406/500 in region)
  rcMTE@1.0: 0.8325 (388/500 in region)
  MTE@0.1: 0.9278
  MTE@0.5: 1.2439
  MTE@1.0: 1.3686
  W2@1.0:  0.8106
  sW2@0.1: 0.6380 (444/500 in region)
  sW2@0.2: 0.6669 (429/500 in region)
  sW2@0.5: 0.7473 (406/500 in region)
  sW2@1.0: 0.8208 (388/500 in region)
  MMD@1.0: 0.4184
  Survival@1.0: 99.0%
  Stopped@1.0:  77.6%
      → K+S
  Precomputing encoder-pullback target...
  Stage 2 epoch 60/300: loss=0.038343
  Stage 2 epoch 120/300: loss=0.023869
  Stage 2 epoch 180/300: loss=0.018975
  Stage 2 epoch 240/300: loss=0.014497
  Stage 2 epoch 300/300: loss=0.014519
  Stage 3 epoch 60/300: loss=0.000001
  Stage 3 epoch 120/300: loss=0.000001
  Stage 3 epoch 180/300: loss=0.000001
  Stage 3 epoch 240/300: loss=0.000001
  Stage 3 epoch 300/300: loss=0.000001
  rcMTE@0.1: 0.4131 (444/500 in region)
  rcMTE@0.5: 0.6992 (406/500 in region)
  rcMTE@1.0: 0.8325 (388/500 in region)
  MTE@0.1: 0.9278
  MTE@0.5: 1.2439
  MTE@1.0: 1.3686
  W2@1.0:  0.8106
  sW2@0.1: 0.6380 (444/500 in region)
  sW2@0.2: 0.6669 (429/500 in region)
  sW2@0.5: 0.7473 (406/500 in region)
  sW2@1.0: 0.8208 (388/500 in region)
  MMD@1.0: 0.4184
  Survival@1.0: 99.0%
  Stopped@1.0:  77.6%

============================================================
  N=50 | D=201 (K=99) | hyperbolic_paraboloid | seed=42
============================================================
    Phase1 Epoch 50/250: loss=0.711168
    Phase1 Epoch 100/250: loss=0.216956
    Phase1 Epoch 150/250: loss=0.122985
    Phase1 Epoch 200/250: loss=0.066124
    Phase1 Epoch 250/250: loss=0.049567
      Phase 2 AE: K_weight=0.0000
        Phase2 Epoch 50/250: loss=0.047077
        Phase2 Epoch 100/250: loss=0.031459
        Phase2 Epoch 150/250: loss=0.022422
        Phase2 Epoch 200/250: loss=0.044229
        Phase2 Epoch 250/250: loss=0.016725
        E_mu=0.0187  E_Sigma=0.0100
      → baseline
  Precomputing encoder-pullback target...
  Stage 2 epoch 60/300: loss=0.017104
  Stage 2 epoch 120/300: loss=0.014420
  Stage 2 epoch 180/300: loss=0.010907
  Stage 2 epoch 240/300: loss=0.008249
  Stage 2 epoch 300/300: loss=0.007510
  Stage 3 epoch 60/300: loss=0.000001
  Stage 3 epoch 120/300: loss=0.000000
  Stage 3 epoch 180/300: loss=0.000000
  Stage 3 epoch 240/300: loss=0.000000
  Stage 3 epoch 300/300: loss=0.000000
  rcMTE@0.1: 0.2663 (442/500 in region)
  rcMTE@0.5: 0.4814 (402/500 in region)
  rcMTE@1.0: 0.5696 (383/500 in region)
  MTE@0.1: 0.4817
  MTE@0.5: 0.8091
  MTE@1.0: 0.8864
  W2@1.0:  0.3541
  sW2@0.1: 0.2377 (442/500 in region)
  sW2@0.2: 0.2639 (428/500 in region)
  sW2@0.5: 0.3259 (402/500 in region)
  sW2@1.0: 0.3843 (383/500 in region)
  MMD@1.0: 0.1675
  Survival@1.0: 98.6%
  Stopped@1.0:  76.6%
      Phase 2 AE: K_weight=0.4275
        Phase2 Epoch 50/250: loss=0.039063
        Phase2 Epoch 100/250: loss=0.035565
        Phase2 Epoch 150/250: loss=0.017845
        Phase2 Epoch 200/250: loss=0.011701
        Phase2 Epoch 250/250: loss=0.011028
        E_mu=0.0266  E_Sigma=0.0124
      → K
  Precomputing encoder-pullback target...
  Stage 2 epoch 60/300: loss=0.018611
  Stage 2 epoch 120/300: loss=0.015910
  Stage 2 epoch 180/300: loss=0.012051
  Stage 2 epoch 240/300: loss=0.009152
  Stage 2 epoch 300/300: loss=0.008150
  Stage 3 epoch 60/300: loss=0.000001
  Stage 3 epoch 120/300: loss=0.000000
  Stage 3 epoch 180/300: loss=0.000000
  Stage 3 epoch 240/300: loss=0.000000
  Stage 3 epoch 300/300: loss=0.000000
  rcMTE@0.1: 0.2684 (442/500 in region)
  rcMTE@0.5: 0.4756 (402/500 in region)
  rcMTE@1.0: 0.5619 (383/500 in region)
  MTE@0.1: 0.5352
  MTE@0.5: 0.8293
  MTE@1.0: 0.9074
  W2@1.0:  0.4566
  sW2@0.1: 0.3288 (442/500 in region)
  sW2@0.2: 0.3418 (428/500 in region)
  sW2@0.5: 0.4267 (402/500 in region)
  sW2@1.0: 0.4945 (383/500 in region)
  MMD@1.0: 0.2334
  Survival@1.0: 98.6%
  Stopped@1.0:  76.6%
      → K+S
  Precomputing encoder-pullback target...
  Stage 2 epoch 60/300: loss=0.018611
  Stage 2 epoch 120/300: loss=0.015910
  Stage 2 epoch 180/300: loss=0.012051
  Stage 2 epoch 240/300: loss=0.009152
  Stage 2 epoch 300/300: loss=0.008150
  Stage 3 epoch 60/300: loss=0.000001
  Stage 3 epoch 120/300: loss=0.000000
  Stage 3 epoch 180/300: loss=0.000000
  Stage 3 epoch 240/300: loss=0.000000
  Stage 3 epoch 300/300: loss=0.000000
  rcMTE@0.1: 0.2684 (442/500 in region)
  rcMTE@0.5: 0.4756 (402/500 in region)
  rcMTE@1.0: 0.5619 (383/500 in region)
  MTE@0.1: 0.5352
  MTE@0.5: 0.8293
  MTE@1.0: 0.9074
  W2@1.0:  0.4566
  sW2@0.1: 0.3288 (442/500 in region)
  sW2@0.2: 0.3418 (428/500 in region)
  sW2@0.5: 0.4267 (402/500 in region)
  sW2@1.0: 0.4945 (383/500 in region)
  MMD@1.0: 0.2334
  Survival@1.0: 98.6%
  Stopped@1.0:  76.6%

============================================================
  N=50 | D=201 (K=99) | hyperbolic_paraboloid | seed=1042
============================================================
    Phase1 Epoch 50/250: loss=0.679870
    Phase1 Epoch 100/250: loss=0.220557
    Phase1 Epoch 150/250: loss=0.107968
    Phase1 Epoch 200/250: loss=0.103065
    Phase1 Epoch 250/250: loss=0.057786
      Phase 2 AE: K_weight=0.0000
        Phase2 Epoch 50/250: loss=0.044767
        Phase2 Epoch 100/250: loss=0.034189
        Phase2 Epoch 150/250: loss=0.039262
        Phase2 Epoch 200/250: loss=0.028224
        Phase2 Epoch 250/250: loss=0.007723
        E_mu=0.0224  E_Sigma=0.0092
      → baseline
  Precomputing encoder-pullback target...
  Stage 2 epoch 60/300: loss=0.021517
  Stage 2 epoch 120/300: loss=0.020842
  Stage 2 epoch 180/300: loss=0.017171
  Stage 2 epoch 240/300: loss=0.014260
  Stage 2 epoch 300/300: loss=0.013116
  Stage 3 epoch 60/300: loss=0.000006
  Stage 3 epoch 120/300: loss=0.000004
  Stage 3 epoch 180/300: loss=0.000003
  Stage 3 epoch 240/300: loss=0.000003
  Stage 3 epoch 300/300: loss=0.000002
  rcMTE@0.1: 0.3193 (455/500 in region)
  rcMTE@0.5: 0.5766 (418/500 in region)
  rcMTE@1.0: 0.6849 (400/500 in region)
  MTE@0.1: 0.5806
  MTE@0.5: 0.9303
  MTE@1.0: 1.0610
  W2@1.0:  0.4715
  sW2@0.1: 0.2603 (455/500 in region)
  sW2@0.2: 0.3138 (440/500 in region)
  sW2@0.5: 0.4227 (418/500 in region)
  sW2@1.0: 0.4760 (400/500 in region)
  MMD@1.0: 0.1555
  Survival@1.0: 99.4%
  Stopped@1.0:  80.0%
      Phase 2 AE: K_weight=0.4275
        Phase2 Epoch 50/250: loss=0.045630
        Phase2 Epoch 100/250: loss=0.036135
        Phase2 Epoch 150/250: loss=0.023391
        Phase2 Epoch 200/250: loss=0.024619
        Phase2 Epoch 250/250: loss=0.012963
        E_mu=0.0220  E_Sigma=0.0103
      → K
  Precomputing encoder-pullback target...
  Stage 2 epoch 60/300: loss=0.020437
  Stage 2 epoch 120/300: loss=0.019761
  Stage 2 epoch 180/300: loss=0.016400
  Stage 2 epoch 240/300: loss=0.013833
  Stage 2 epoch 300/300: loss=0.012870
  Stage 3 epoch 60/300: loss=0.000006
  Stage 3 epoch 120/300: loss=0.000004
  Stage 3 epoch 180/300: loss=0.000003
  Stage 3 epoch 240/300: loss=0.000003
  Stage 3 epoch 300/300: loss=0.000002
  rcMTE@0.1: 0.3242 (455/500 in region)
  rcMTE@0.5: 0.5849 (418/500 in region)
  rcMTE@1.0: 0.6937 (400/500 in region)
  MTE@0.1: 0.5997
  MTE@0.5: 0.9511
  MTE@1.0: 1.0778
  W2@1.0:  0.4819
  sW2@0.1: 0.2923 (455/500 in region)
  sW2@0.2: 0.3455 (440/500 in region)
  sW2@0.5: 0.4441 (418/500 in region)
  sW2@1.0: 0.4779 (400/500 in region)
  MMD@1.0: 0.1674
  Survival@1.0: 99.4%
  Stopped@1.0:  80.0%
      → K+S
  Precomputing encoder-pullback target...
  Stage 2 epoch 60/300: loss=0.020437
  Stage 2 epoch 120/300: loss=0.019761
  Stage 2 epoch 180/300: loss=0.016400
  Stage 2 epoch 240/300: loss=0.013833
  Stage 2 epoch 300/300: loss=0.012870
  Stage 3 epoch 60/300: loss=0.000006
  Stage 3 epoch 120/300: loss=0.000004
  Stage 3 epoch 180/300: loss=0.000003
  Stage 3 epoch 240/300: loss=0.000003
  Stage 3 epoch 300/300: loss=0.000002
  rcMTE@0.1: 0.3242 (455/500 in region)
  rcMTE@0.5: 0.5849 (418/500 in region)
  rcMTE@1.0: 0.6937 (400/500 in region)
  MTE@0.1: 0.5997
  MTE@0.5: 0.9511
  MTE@1.0: 1.0778
  W2@1.0:  0.4819
  sW2@0.1: 0.2923 (455/500 in region)
  sW2@0.2: 0.3455 (440/500 in region)
  sW2@0.5: 0.4441 (418/500 in region)
  sW2@1.0: 0.4779 (400/500 in region)
  MMD@1.0: 0.1674
  Survival@1.0: 99.4%
  Stopped@1.0:  80.0%

============================================================
  N=50 | D=201 (K=99) | hyperbolic_paraboloid | seed=2042
============================================================
    Phase1 Epoch 50/250: loss=0.712733
    Phase1 Epoch 100/250: loss=0.144615
    Phase1 Epoch 150/250: loss=0.099220
    Phase1 Epoch 200/250: loss=0.065866
    Phase1 Epoch 250/250: loss=0.053525
      Phase 2 AE: K_weight=0.0000
        Phase2 Epoch 50/250: loss=0.045547
        Phase2 Epoch 100/250: loss=0.034234
        Phase2 Epoch 150/250: loss=0.026457
        Phase2 Epoch 200/250: loss=0.024811
        Phase2 Epoch 250/250: loss=0.008825
        E_mu=0.0144  E_Sigma=0.0059
      → baseline
  Precomputing encoder-pullback target...
  Stage 2 epoch 60/300: loss=0.013536
  Stage 2 epoch 120/300: loss=0.012097
  Stage 2 epoch 180/300: loss=0.010671
  Stage 2 epoch 240/300: loss=0.009323
  Stage 2 epoch 300/300: loss=0.008185
  Stage 3 epoch 60/300: loss=0.000000
  Stage 3 epoch 120/300: loss=0.000000
  Stage 3 epoch 180/300: loss=0.000000
  Stage 3 epoch 240/300: loss=0.000000
  Stage 3 epoch 300/300: loss=0.000000
  rcMTE@0.1: 0.0769 (454/500 in region)
  rcMTE@0.5: 0.2272 (422/500 in region)
  rcMTE@1.0: 0.3760 (406/500 in region)
  MTE@0.1: 0.1468
  MTE@0.5: 0.3611
  MTE@1.0: 0.5767
  W2@1.0:  0.5454
  sW2@0.1: 0.1390 (454/500 in region)
  sW2@0.2: 0.1887 (441/500 in region)
  sW2@0.5: 0.3334 (422/500 in region)
  sW2@1.0: 0.5279 (406/500 in region)
  MMD@1.0: 0.1546
  Survival@1.0: 98.2%
  Stopped@1.0:  81.2%
      Phase 2 AE: K_weight=0.4275
        Phase2 Epoch 50/250: loss=0.055796
        Phase2 Epoch 100/250: loss=0.043953
        Phase2 Epoch 150/250: loss=0.030447
        Phase2 Epoch 200/250: loss=0.029012
        Phase2 Epoch 250/250: loss=0.032189
        E_mu=0.0492  E_Sigma=0.0246
      → K
  Precomputing encoder-pullback target...
  Stage 2 epoch 60/300: loss=0.013954
  Stage 2 epoch 120/300: loss=0.012674
  Stage 2 epoch 180/300: loss=0.011219
  Stage 2 epoch 240/300: loss=0.009783
  Stage 2 epoch 300/300: loss=0.008400
  Stage 3 epoch 60/300: loss=0.000001
  Stage 3 epoch 120/300: loss=0.000001
  Stage 3 epoch 180/300: loss=0.000001
  Stage 3 epoch 240/300: loss=0.000001
  Stage 3 epoch 300/300: loss=0.000001
  rcMTE@0.1: 0.1155 (454/500 in region)
  rcMTE@0.5: 0.2370 (422/500 in region)
  rcMTE@1.0: 0.3827 (406/500 in region)
  MTE@0.1: 0.4352
  MTE@0.5: 0.5431
  MTE@1.0: 0.7114
  W2@1.0:  0.6571
  sW2@0.1: 0.4241 (454/500 in region)
  sW2@0.2: 0.4321 (441/500 in region)
  sW2@0.5: 0.4946 (422/500 in region)
  sW2@1.0: 0.6415 (406/500 in region)
  MMD@1.0: 0.2717
  Survival@1.0: 98.2%
  Stopped@1.0:  81.2%
      → K+S
  Precomputing encoder-pullback target...
  Stage 2 epoch 60/300: loss=0.013954
  Stage 2 epoch 120/300: loss=0.012674
  Stage 2 epoch 180/300: loss=0.011219
  Stage 2 epoch 240/300: loss=0.009783
  Stage 2 epoch 300/300: loss=0.008400
  Stage 3 epoch 60/300: loss=0.000001
  Stage 3 epoch 120/300: loss=0.000001
  Stage 3 epoch 180/300: loss=0.000001
  Stage 3 epoch 240/300: loss=0.000001
  Stage 3 epoch 300/300: loss=0.000001
  rcMTE@0.1: 0.1155 (454/500 in region)
  rcMTE@0.5: 0.2370 (422/500 in region)
  rcMTE@1.0: 0.3827 (406/500 in region)
  MTE@0.1: 0.4352
  MTE@0.5: 0.5431
  MTE@1.0: 0.7114
  W2@1.0:  0.6571
  sW2@0.1: 0.4241 (454/500 in region)
  sW2@0.2: 0.4321 (441/500 in region)
  sW2@0.5: 0.4946 (422/500 in region)
  sW2@1.0: 0.6415 (406/500 in region)
  MMD@1.0: 0.2717
  Survival@1.0: 98.2%
  Stopped@1.0:  81.2%

============================================================
  N=50 | D=201 (K=99) | hyperbolic_paraboloid | seed=3042
============================================================
    Phase1 Epoch 50/250: loss=0.882447
    Phase1 Epoch 100/250: loss=0.221070
    Phase1 Epoch 150/250: loss=0.092358
    Phase1 Epoch 200/250: loss=0.054604
    Phase1 Epoch 250/250: loss=0.041365
      Phase 2 AE: K_weight=0.0000
        Phase2 Epoch 50/250: loss=0.029711
        Phase2 Epoch 100/250: loss=0.014328
        Phase2 Epoch 150/250: loss=0.010762
        Phase2 Epoch 200/250: loss=0.009284
        Phase2 Epoch 250/250: loss=0.006983
        E_mu=0.0158  E_Sigma=0.0056
      → baseline
  Precomputing encoder-pullback target...
  Stage 2 epoch 60/300: loss=0.033994
  Stage 2 epoch 120/300: loss=0.023806
  Stage 2 epoch 180/300: loss=0.021579
  Stage 2 epoch 240/300: loss=0.018414
  Stage 2 epoch 300/300: loss=0.015324
  Stage 3 epoch 60/300: loss=0.000001
  Stage 3 epoch 120/300: loss=0.000000
  Stage 3 epoch 180/300: loss=0.000000
  Stage 3 epoch 240/300: loss=0.000000
  Stage 3 epoch 300/300: loss=0.000000
  rcMTE@0.1: 0.0820 (456/500 in region)
  rcMTE@0.5: 0.1697 (402/500 in region)
  rcMTE@1.0: 0.2521 (381/500 in region)
  MTE@0.1: 0.1805
  MTE@0.5: 0.3098
  MTE@1.0: 0.3980
  W2@1.0:  0.2864
  sW2@0.1: 0.1610 (456/500 in region)
  sW2@0.2: 0.1893 (434/500 in region)
  sW2@0.5: 0.2193 (402/500 in region)
  sW2@1.0: 0.2916 (381/500 in region)
  MMD@1.0: 0.0975
  Survival@1.0: 97.4%
  Stopped@1.0:  76.2%
      Phase 2 AE: K_weight=0.4275
        Phase2 Epoch 50/250: loss=0.032468
        Phase2 Epoch 100/250: loss=0.018287
        Phase2 Epoch 150/250: loss=0.012369
        Phase2 Epoch 200/250: loss=0.008173
        Phase2 Epoch 250/250: loss=0.008130
        E_mu=0.0139  E_Sigma=0.0050
      → K
  Precomputing encoder-pullback target...
  Stage 2 epoch 60/300: loss=0.034332
  Stage 2 epoch 120/300: loss=0.023816
  Stage 2 epoch 180/300: loss=0.021263
  Stage 2 epoch 240/300: loss=0.018227
  Stage 2 epoch 300/300: loss=0.015351
  Stage 3 epoch 60/300: loss=0.000001
  Stage 3 epoch 120/300: loss=0.000000
  Stage 3 epoch 180/300: loss=0.000000
  Stage 3 epoch 240/300: loss=0.000000
  Stage 3 epoch 300/300: loss=0.000000
  rcMTE@0.1: 0.0852 (456/500 in region)
  rcMTE@0.5: 0.1693 (402/500 in region)
  rcMTE@1.0: 0.2525 (381/500 in region)
  MTE@0.1: 0.2272
  MTE@0.5: 0.3455
  MTE@1.0: 0.4347
  W2@1.0:  0.3239
  sW2@0.1: 0.2092 (456/500 in region)
  sW2@0.2: 0.2359 (434/500 in region)
  sW2@0.5: 0.2641 (402/500 in region)
  sW2@1.0: 0.3320 (381/500 in region)
  MMD@1.0: 0.1342
  Survival@1.0: 97.4%
  Stopped@1.0:  76.2%
      → K+S
  Precomputing encoder-pullback target...
  Stage 2 epoch 60/300: loss=0.034332
  Stage 2 epoch 120/300: loss=0.023816
  Stage 2 epoch 180/300: loss=0.021263
  Stage 2 epoch 240/300: loss=0.018227
  Stage 2 epoch 300/300: loss=0.015351
  Stage 3 epoch 60/300: loss=0.000001
  Stage 3 epoch 120/300: loss=0.000000
  Stage 3 epoch 180/300: loss=0.000000
  Stage 3 epoch 240/300: loss=0.000000
  Stage 3 epoch 300/300: loss=0.000000
  rcMTE@0.1: 0.0852 (456/500 in region)
  rcMTE@0.5: 0.1693 (402/500 in region)
  rcMTE@1.0: 0.2525 (381/500 in region)
  MTE@0.1: 0.2272
  MTE@0.5: 0.3455
  MTE@1.0: 0.4347
  W2@1.0:  0.3239
  sW2@0.1: 0.2092 (456/500 in region)
  sW2@0.2: 0.2359 (434/500 in region)
  sW2@0.5: 0.2641 (402/500 in region)
  sW2@1.0: 0.3320 (381/500 in region)
  MMD@1.0: 0.1342
  Survival@1.0: 97.4%
  Stopped@1.0:  76.2%

============================================================
  N=50 | D=201 (K=99) | hyperbolic_paraboloid | seed=4042
============================================================
    Phase1 Epoch 50/250: loss=0.675964
    Phase1 Epoch 100/250: loss=0.160435
    Phase1 Epoch 150/250: loss=0.085634
    Phase1 Epoch 200/250: loss=0.059106
    Phase1 Epoch 250/250: loss=0.052616
      Phase 2 AE: K_weight=0.0000
        Phase2 Epoch 50/250: loss=0.039802
        Phase2 Epoch 100/250: loss=0.050171
        Phase2 Epoch 150/250: loss=0.022507
        Phase2 Epoch 200/250: loss=0.013820
        Phase2 Epoch 250/250: loss=0.018838
        E_mu=0.0223  E_Sigma=0.0115
      → baseline
  Precomputing encoder-pullback target...
  Stage 2 epoch 60/300: loss=0.015995
  Stage 2 epoch 120/300: loss=0.012964
  Stage 2 epoch 180/300: loss=0.010304
  Stage 2 epoch 240/300: loss=0.007164
  Stage 2 epoch 300/300: loss=0.005983
  Stage 3 epoch 60/300: loss=0.000001
  Stage 3 epoch 120/300: loss=0.000000
  Stage 3 epoch 180/300: loss=0.000000
  Stage 3 epoch 240/300: loss=0.000000
  Stage 3 epoch 300/300: loss=0.000000
  rcMTE@0.1: 0.2595 (443/500 in region)
  rcMTE@0.5: 0.4582 (407/500 in region)
  rcMTE@1.0: 0.5587 (384/500 in region)
  MTE@0.1: 0.6205
  MTE@0.5: 0.9200
  MTE@1.0: 1.0359
  W2@1.0:  0.6217
  sW2@0.1: 0.4328 (443/500 in region)
  sW2@0.2: 0.4580 (424/500 in region)
  sW2@0.5: 0.5178 (407/500 in region)
  sW2@1.0: 0.6474 (384/500 in region)
  MMD@1.0: 0.2753
  Survival@1.0: 98.8%
  Stopped@1.0:  76.8%
      Phase 2 AE: K_weight=0.4275
        Phase2 Epoch 50/250: loss=0.033954
        Phase2 Epoch 100/250: loss=0.028420
        Phase2 Epoch 150/250: loss=0.020406
        Phase2 Epoch 200/250: loss=0.011207
        Phase2 Epoch 250/250: loss=0.016614
        E_mu=0.0249  E_Sigma=0.0129
      → K
  Precomputing encoder-pullback target...
  Stage 2 epoch 60/300: loss=0.017651
  Stage 2 epoch 120/300: loss=0.013799
  Stage 2 epoch 180/300: loss=0.010366
  Stage 2 epoch 240/300: loss=0.006760
  Stage 2 epoch 300/300: loss=0.005483
  Stage 3 epoch 60/300: loss=0.000001
  Stage 3 epoch 120/300: loss=0.000000
  Stage 3 epoch 180/300: loss=0.000000
  Stage 3 epoch 240/300: loss=0.000000
  Stage 3 epoch 300/300: loss=0.000000
  rcMTE@0.1: 0.2593 (443/500 in region)
  rcMTE@0.5: 0.4505 (407/500 in region)
  rcMTE@1.0: 0.5357 (384/500 in region)
  MTE@0.1: 0.5430
  MTE@0.5: 0.8499
  MTE@1.0: 0.9418
  W2@1.0:  0.4856
  sW2@0.1: 0.3126 (443/500 in region)
  sW2@0.2: 0.3371 (424/500 in region)
  sW2@0.5: 0.4087 (407/500 in region)
  sW2@1.0: 0.5139 (384/500 in region)
  MMD@1.0: 0.2013
  Survival@1.0: 98.8%
  Stopped@1.0:  76.8%
      → K+S
  Precomputing encoder-pullback target...
  Stage 2 epoch 60/300: loss=0.017651
  Stage 2 epoch 120/300: loss=0.013799
  Stage 2 epoch 180/300: loss=0.010366
  Stage 2 epoch 240/300: loss=0.006760
  Stage 2 epoch 300/300: loss=0.005483
  Stage 3 epoch 60/300: loss=0.000001
  Stage 3 epoch 120/300: loss=0.000000
  Stage 3 epoch 180/300: loss=0.000000
  Stage 3 epoch 240/300: loss=0.000000
  Stage 3 epoch 300/300: loss=0.000000
  rcMTE@0.1: 0.2593 (443/500 in region)
  rcMTE@0.5: 0.4505 (407/500 in region)
  rcMTE@1.0: 0.5357 (384/500 in region)
  MTE@0.1: 0.5430
  MTE@0.5: 0.8499
  MTE@1.0: 0.9418
  W2@1.0:  0.4856
  sW2@0.1: 0.3126 (443/500 in region)
  sW2@0.2: 0.3371 (424/500 in region)
  sW2@0.5: 0.4087 (407/500 in region)
  sW2@1.0: 0.5139 (384/500 in region)
  MMD@1.0: 0.2013
  Survival@1.0: 98.8%
  Stopped@1.0:  76.8%

============================================================
  N=50 | D=201 (K=99) | hyperbolic_paraboloid | seed=5042
============================================================
    Phase1 Epoch 50/250: loss=0.697358
    Phase1 Epoch 100/250: loss=0.174435
    Phase1 Epoch 150/250: loss=0.127503
    Phase1 Epoch 200/250: loss=0.077013
    Phase1 Epoch 250/250: loss=0.082133
      Phase 2 AE: K_weight=0.0000
        Phase2 Epoch 50/250: loss=0.049878
        Phase2 Epoch 100/250: loss=0.034701
        Phase2 Epoch 150/250: loss=0.026905
        Phase2 Epoch 200/250: loss=0.022028
        Phase2 Epoch 250/250: loss=0.009953
        E_mu=0.0156  E_Sigma=0.0064
      → baseline
  Precomputing encoder-pullback target...
  Stage 2 epoch 60/300: loss=0.019772
  Stage 2 epoch 120/300: loss=0.015945
  Stage 2 epoch 180/300: loss=0.013561
  Stage 2 epoch 240/300: loss=0.013250
  Stage 2 epoch 300/300: loss=0.009990
  Stage 3 epoch 60/300: loss=0.000000
  Stage 3 epoch 120/300: loss=0.000000
  Stage 3 epoch 180/300: loss=0.000000
  Stage 3 epoch 240/300: loss=0.000000
  Stage 3 epoch 300/300: loss=0.000000
  rcMTE@0.1: 0.2874 (454/500 in region)
  rcMTE@0.5: 0.4689 (420/500 in region)
  rcMTE@1.0: 0.5642 (403/500 in region)
  MTE@0.1: 0.4983
  MTE@0.5: 0.7732
  MTE@1.0: 0.8669
  W2@1.0:  0.2994
  sW2@0.1: 0.2069 (454/500 in region)
  sW2@0.2: 0.2233 (435/500 in region)
  sW2@0.5: 0.2384 (420/500 in region)
  sW2@1.0: 0.2765 (403/500 in region)
  MMD@1.0: 0.1171
  Survival@1.0: 98.8%
  Stopped@1.0:  80.6%
      Phase 2 AE: K_weight=0.4275
        Phase2 Epoch 50/250: loss=0.042545
        Phase2 Epoch 100/250: loss=0.057014
        Phase2 Epoch 150/250: loss=0.027305
        Phase2 Epoch 200/250: loss=0.022658
        Phase2 Epoch 250/250: loss=0.021458
        E_mu=0.0226  E_Sigma=0.0132
      → K
  Precomputing encoder-pullback target...
  Stage 2 epoch 60/300: loss=0.019618
  Stage 2 epoch 120/300: loss=0.015685
  Stage 2 epoch 180/300: loss=0.013284
  Stage 2 epoch 240/300: loss=0.013063
  Stage 2 epoch 300/300: loss=0.010090
  Stage 3 epoch 60/300: loss=0.000001
  Stage 3 epoch 120/300: loss=0.000000
  Stage 3 epoch 180/300: loss=0.000000
  Stage 3 epoch 240/300: loss=0.000000
  Stage 3 epoch 300/300: loss=0.000000
  rcMTE@0.1: 0.2884 (454/500 in region)
  rcMTE@0.5: 0.4671 (420/500 in region)
  rcMTE@1.0: 0.5615 (403/500 in region)
  MTE@0.1: 0.5292
  MTE@0.5: 0.7905
  MTE@1.0: 0.8806
  W2@1.0:  0.3337
  sW2@0.1: 0.2712 (454/500 in region)
  sW2@0.2: 0.2940 (435/500 in region)
  sW2@0.5: 0.2996 (420/500 in region)
  sW2@1.0: 0.3327 (403/500 in region)
  MMD@1.0: 0.1574
  Survival@1.0: 98.8%
  Stopped@1.0:  80.6%
      → K+S
  Precomputing encoder-pullback target...
  Stage 2 epoch 60/300: loss=0.019618
  Stage 2 epoch 120/300: loss=0.015685
  Stage 2 epoch 180/300: loss=0.013284
  Stage 2 epoch 240/300: loss=0.013063
  Stage 2 epoch 300/300: loss=0.010090
  Stage 3 epoch 60/300: loss=0.000001
  Stage 3 epoch 120/300: loss=0.000000
  Stage 3 epoch 180/300: loss=0.000000
  Stage 3 epoch 240/300: loss=0.000000
  Stage 3 epoch 300/300: loss=0.000000
  rcMTE@0.1: 0.2884 (454/500 in region)
  rcMTE@0.5: 0.4671 (420/500 in region)
  rcMTE@1.0: 0.5615 (403/500 in region)
  MTE@0.1: 0.5292
  MTE@0.5: 0.7905
  MTE@1.0: 0.8806
  W2@1.0:  0.3337
  sW2@0.1: 0.2712 (454/500 in region)
  sW2@0.2: 0.2940 (435/500 in region)
  sW2@0.5: 0.2996 (420/500 in region)
  sW2@1.0: 0.3327 (403/500 in region)
  MMD@1.0: 0.1574
  Survival@1.0: 98.8%
  Stopped@1.0:  80.6%

============================================================
  N=50 | D=201 (K=99) | hyperbolic_paraboloid | seed=6042
============================================================
    Phase1 Epoch 50/250: loss=0.814945
    Phase1 Epoch 100/250: loss=0.218099
    Phase1 Epoch 150/250: loss=0.136255
    Phase1 Epoch 200/250: loss=0.080036
    Phase1 Epoch 250/250: loss=0.053946
      Phase 2 AE: K_weight=0.0000
        Phase2 Epoch 50/250: loss=0.035603
        Phase2 Epoch 100/250: loss=0.030533
        Phase2 Epoch 150/250: loss=0.018963
        Phase2 Epoch 200/250: loss=0.018502
        Phase2 Epoch 250/250: loss=0.027929
        E_mu=0.0192  E_Sigma=0.0128
      → baseline
  Precomputing encoder-pullback target...
  Stage 2 epoch 60/300: loss=0.029793
  Stage 2 epoch 120/300: loss=0.023525
  Stage 2 epoch 180/300: loss=0.018183
  Stage 2 epoch 240/300: loss=0.013913
  Stage 2 epoch 300/300: loss=0.010857
  Stage 3 epoch 60/300: loss=0.000001
  Stage 3 epoch 120/300: loss=0.000001
  Stage 3 epoch 180/300: loss=0.000000
  Stage 3 epoch 240/300: loss=0.000000
  Stage 3 epoch 300/300: loss=0.000000
  rcMTE@0.1: 0.2734 (452/500 in region)
  rcMTE@0.5: 0.5045 (406/500 in region)
  rcMTE@1.0: 0.5921 (392/500 in region)
  MTE@0.1: 0.7503
  MTE@0.5: 1.0343
  MTE@1.0: 1.0891
  W2@1.0:  0.6844
  sW2@0.1: 0.6075 (452/500 in region)
  sW2@0.2: 0.6269 (428/500 in region)
  sW2@0.5: 0.6771 (406/500 in region)
  sW2@1.0: 0.7444 (392/500 in region)
  MMD@1.0: 0.3623
  Survival@1.0: 98.6%
  Stopped@1.0:  78.4%
      Phase 2 AE: K_weight=0.4275
        Phase2 Epoch 50/250: loss=0.036462
        Phase2 Epoch 100/250: loss=0.037449
        Phase2 Epoch 150/250: loss=0.030303
        Phase2 Epoch 200/250: loss=0.016442
        Phase2 Epoch 250/250: loss=0.006733
        E_mu=0.0128  E_Sigma=0.0060
      → K
  Precomputing encoder-pullback target...
  Stage 2 epoch 60/300: loss=0.029828
  Stage 2 epoch 120/300: loss=0.023570
  Stage 2 epoch 180/300: loss=0.017432
  Stage 2 epoch 240/300: loss=0.013097
  Stage 2 epoch 300/300: loss=0.010036
  Stage 3 epoch 60/300: loss=0.000001
  Stage 3 epoch 120/300: loss=0.000000
  Stage 3 epoch 180/300: loss=0.000000
  Stage 3 epoch 240/300: loss=0.000000
  Stage 3 epoch 300/300: loss=0.000000
  rcMTE@0.1: 0.2584 (452/500 in region)
  rcMTE@0.5: 0.5092 (406/500 in region)
  rcMTE@1.0: 0.6088 (392/500 in region)
  MTE@0.1: 0.4768
  MTE@0.5: 0.8532
  MTE@1.0: 0.9324
  W2@1.0:  0.4673
  sW2@0.1: 0.2511 (452/500 in region)
  sW2@0.2: 0.3011 (428/500 in region)
  sW2@0.5: 0.4075 (406/500 in region)
  sW2@1.0: 0.5588 (392/500 in region)
  MMD@1.0: 0.1776
  Survival@1.0: 98.6%
  Stopped@1.0:  78.4%
      → K+S
  Precomputing encoder-pullback target...
  Stage 2 epoch 60/300: loss=0.029828
  Stage 2 epoch 120/300: loss=0.023570
  Stage 2 epoch 180/300: loss=0.017432
  Stage 2 epoch 240/300: loss=0.013097
  Stage 2 epoch 300/300: loss=0.010036
  Stage 3 epoch 60/300: loss=0.000001
  Stage 3 epoch 120/300: loss=0.000000
  Stage 3 epoch 180/300: loss=0.000000
  Stage 3 epoch 240/300: loss=0.000000
  Stage 3 epoch 300/300: loss=0.000000
  rcMTE@0.1: 0.2584 (452/500 in region)
  rcMTE@0.5: 0.5092 (406/500 in region)
  rcMTE@1.0: 0.6088 (392/500 in region)
  MTE@0.1: 0.4768
  MTE@0.5: 0.8532
  MTE@1.0: 0.9324
  W2@1.0:  0.4673
  sW2@0.1: 0.2511 (452/500 in region)
  sW2@0.2: 0.3011 (428/500 in region)
  sW2@0.5: 0.4075 (406/500 in region)
  sW2@1.0: 0.5588 (392/500 in region)
  MMD@1.0: 0.1776
  Survival@1.0: 98.6%
  Stopped@1.0:  78.4%

============================================================
  N=50 | D=201 (K=99) | hyperbolic_paraboloid | seed=7042
============================================================
    Phase1 Epoch 50/250: loss=0.721040
    Phase1 Epoch 100/250: loss=0.260699
    Phase1 Epoch 150/250: loss=0.125762
    Phase1 Epoch 200/250: loss=0.077030
    Phase1 Epoch 250/250: loss=0.056172
      Phase 2 AE: K_weight=0.0000
        Phase2 Epoch 50/250: loss=0.053455
        Phase2 Epoch 100/250: loss=0.028625
        Phase2 Epoch 150/250: loss=0.024506
        Phase2 Epoch 200/250: loss=0.023096
        Phase2 Epoch 250/250: loss=0.022956
        E_mu=0.0187  E_Sigma=0.0102
      → baseline
  Precomputing encoder-pullback target...
  Stage 2 epoch 60/300: loss=0.026190
  Stage 2 epoch 120/300: loss=0.019130
  Stage 2 epoch 180/300: loss=0.015397
  Stage 2 epoch 240/300: loss=0.014215
  Stage 2 epoch 300/300: loss=0.012956
  Stage 3 epoch 60/300: loss=0.000001
  Stage 3 epoch 120/300: loss=0.000001
  Stage 3 epoch 180/300: loss=0.000000
  Stage 3 epoch 240/300: loss=0.000000
  Stage 3 epoch 300/300: loss=0.000001
  rcMTE@0.1: 0.2790 (457/500 in region)
  rcMTE@0.5: 0.4857 (420/500 in region)
  rcMTE@1.0: 0.5760 (396/500 in region)
  MTE@0.1: 0.6309
  MTE@0.5: 0.8732
  MTE@1.0: 0.9783
  W2@1.0:  0.5711
  sW2@0.1: 0.4311 (457/500 in region)
  sW2@0.2: 0.4459 (438/500 in region)
  sW2@0.5: 0.5176 (420/500 in region)
  sW2@1.0: 0.6118 (396/500 in region)
  MMD@1.0: 0.3169
  Survival@1.0: 99.2%
  Stopped@1.0:  79.2%
      Phase 2 AE: K_weight=0.4275
        Phase2 Epoch 50/250: loss=0.047761
        Phase2 Epoch 100/250: loss=0.034196
        Phase2 Epoch 150/250: loss=0.035730
        Phase2 Epoch 200/250: loss=0.030120
        Phase2 Epoch 250/250: loss=0.022874
        E_mu=0.0270  E_Sigma=0.0148
      → K
  Precomputing encoder-pullback target...
  Stage 2 epoch 60/300: loss=0.024067
  Stage 2 epoch 120/300: loss=0.018631
  Stage 2 epoch 180/300: loss=0.015754
  Stage 2 epoch 240/300: loss=0.014439
  Stage 2 epoch 300/300: loss=0.013120
  Stage 3 epoch 60/300: loss=0.000001
  Stage 3 epoch 120/300: loss=0.000001
  Stage 3 epoch 180/300: loss=0.000001
  Stage 3 epoch 240/300: loss=0.000001
  Stage 3 epoch 300/300: loss=0.000001
  rcMTE@0.1: 0.2880 (457/500 in region)
  rcMTE@0.5: 0.4781 (420/500 in region)
  rcMTE@1.0: 0.5662 (396/500 in region)
  MTE@0.1: 0.5704
  MTE@0.5: 0.8127
  MTE@1.0: 0.9189
  W2@1.0:  0.4830
  sW2@0.1: 0.3533 (457/500 in region)
  sW2@0.2: 0.3725 (438/500 in region)
  sW2@0.5: 0.4391 (420/500 in region)
  sW2@1.0: 0.5250 (396/500 in region)
  MMD@1.0: 0.2511
  Survival@1.0: 99.2%
  Stopped@1.0:  79.2%
      → K+S
  Precomputing encoder-pullback target...
  Stage 2 epoch 60/300: loss=0.024067
  Stage 2 epoch 120/300: loss=0.018631
  Stage 2 epoch 180/300: loss=0.015754
  Stage 2 epoch 240/300: loss=0.014439
  Stage 2 epoch 300/300: loss=0.013120
  Stage 3 epoch 60/300: loss=0.000001
  Stage 3 epoch 120/300: loss=0.000001
  Stage 3 epoch 180/300: loss=0.000001
  Stage 3 epoch 240/300: loss=0.000001
  Stage 3 epoch 300/300: loss=0.000001
  rcMTE@0.1: 0.2880 (457/500 in region)
  rcMTE@0.5: 0.4781 (420/500 in region)
  rcMTE@1.0: 0.5662 (396/500 in region)
  MTE@0.1: 0.5704
  MTE@0.5: 0.8127
  MTE@1.0: 0.9189
  W2@1.0:  0.4830
  sW2@0.1: 0.3533 (457/500 in region)
  sW2@0.2: 0.3725 (438/500 in region)
  sW2@0.5: 0.4391 (420/500 in region)
  sW2@1.0: 0.5250 (396/500 in region)
  MMD@1.0: 0.2511
  Survival@1.0: 99.2%
  Stopped@1.0:  79.2%

============================================================
  N=50 | D=201 (K=99) | hyperbolic_paraboloid | seed=8042
============================================================
    Phase1 Epoch 50/250: loss=0.685753
    Phase1 Epoch 100/250: loss=0.227205
    Phase1 Epoch 150/250: loss=0.100869
    Phase1 Epoch 200/250: loss=0.102349
    Phase1 Epoch 250/250: loss=0.061724
      Phase 2 AE: K_weight=0.0000
        Phase2 Epoch 50/250: loss=0.045154
        Phase2 Epoch 100/250: loss=0.028764
        Phase2 Epoch 150/250: loss=0.051336
        Phase2 Epoch 200/250: loss=0.037053
        Phase2 Epoch 250/250: loss=0.015822
        E_mu=0.0418  E_Sigma=0.0174
      → baseline
  Precomputing encoder-pullback target...
  Stage 2 epoch 60/300: loss=0.030157
  Stage 2 epoch 120/300: loss=0.024813
  Stage 2 epoch 180/300: loss=0.016722
  Stage 2 epoch 240/300: loss=0.015377
  Stage 2 epoch 300/300: loss=0.011925
  Stage 3 epoch 60/300: loss=0.000001
  Stage 3 epoch 120/300: loss=0.000001
  Stage 3 epoch 180/300: loss=0.000001
  Stage 3 epoch 240/300: loss=0.000001
  Stage 3 epoch 300/300: loss=0.000001
  rcMTE@0.1: 0.2951 (448/500 in region)
  rcMTE@0.5: 0.5227 (421/500 in region)
  rcMTE@1.0: 0.6347 (398/500 in region)
  MTE@0.1: 0.5401
  MTE@0.5: 0.8465
  MTE@1.0: 1.0401
  W2@1.0:  0.4997
  sW2@0.1: 0.2910 (448/500 in region)
  sW2@0.2: 0.3155 (438/500 in region)
  sW2@0.5: 0.3753 (421/500 in region)
  sW2@1.0: 0.5138 (398/500 in region)
  MMD@1.0: 0.1516
  Survival@1.0: 99.0%
  Stopped@1.0:  79.6%
      Phase 2 AE: K_weight=0.4275
        Phase2 Epoch 50/250: loss=0.049022
        Phase2 Epoch 100/250: loss=0.029859
        Phase2 Epoch 150/250: loss=0.024329
        Phase2 Epoch 200/250: loss=0.030641
        Phase2 Epoch 250/250: loss=0.024730
        E_mu=0.0205  E_Sigma=0.0081
      → K
  Precomputing encoder-pullback target...
  Stage 2 epoch 60/300: loss=0.026893
  Stage 2 epoch 120/300: loss=0.021753
  Stage 2 epoch 180/300: loss=0.015475
  Stage 2 epoch 240/300: loss=0.014168
  Stage 2 epoch 300/300: loss=0.011117
  Stage 3 epoch 60/300: loss=0.000001
  Stage 3 epoch 120/300: loss=0.000000
  Stage 3 epoch 180/300: loss=0.000000
  Stage 3 epoch 240/300: loss=0.000000
  Stage 3 epoch 300/300: loss=0.000000
  rcMTE@0.1: 0.2922 (448/500 in region)
  rcMTE@0.5: 0.5318 (421/500 in region)
  rcMTE@1.0: 0.6582 (398/500 in region)
  MTE@0.1: 0.5322
  MTE@0.5: 0.8681
  MTE@1.0: 1.0950
  W2@1.0:  0.5992
  sW2@0.1: 0.2571 (448/500 in region)
  sW2@0.2: 0.2914 (438/500 in region)
  sW2@0.5: 0.3968 (421/500 in region)
  sW2@1.0: 0.6105 (398/500 in region)
  MMD@1.0: 0.1783
  Survival@1.0: 99.0%
  Stopped@1.0:  79.6%
      → K+S
  Precomputing encoder-pullback target...
  Stage 2 epoch 60/300: loss=0.026893
  Stage 2 epoch 120/300: loss=0.021753
  Stage 2 epoch 180/300: loss=0.015475
  Stage 2 epoch 240/300: loss=0.014168
  Stage 2 epoch 300/300: loss=0.011117
  Stage 3 epoch 60/300: loss=0.000001
  Stage 3 epoch 120/300: loss=0.000000
  Stage 3 epoch 180/300: loss=0.000000
  Stage 3 epoch 240/300: loss=0.000000
  Stage 3 epoch 300/300: loss=0.000000
  rcMTE@0.1: 0.2922 (448/500 in region)
  rcMTE@0.5: 0.5318 (421/500 in region)
  rcMTE@1.0: 0.6582 (398/500 in region)
  MTE@0.1: 0.5322
  MTE@0.5: 0.8681
  MTE@1.0: 1.0950
  W2@1.0:  0.5992
  sW2@0.1: 0.2571 (448/500 in region)
  sW2@0.2: 0.2914 (438/500 in region)
  sW2@0.5: 0.3968 (421/500 in region)
  sW2@1.0: 0.6105 (398/500 in region)
  MMD@1.0: 0.1783
  Survival@1.0: 99.0%
  Stopped@1.0:  79.6%

============================================================
  N=50 | D=201 (K=99) | hyperbolic_paraboloid | seed=9042
============================================================
    Phase1 Epoch 50/250: loss=0.689502
    Phase1 Epoch 100/250: loss=0.157369
    Phase1 Epoch 150/250: loss=0.096039
    Phase1 Epoch 200/250: loss=0.059493
    Phase1 Epoch 250/250: loss=0.046439
      Phase 2 AE: K_weight=0.0000
        Phase2 Epoch 50/250: loss=0.051050
        Phase2 Epoch 100/250: loss=0.038402
        Phase2 Epoch 150/250: loss=0.029026
        Phase2 Epoch 200/250: loss=0.020792
        Phase2 Epoch 250/250: loss=0.020102
        E_mu=0.0231  E_Sigma=0.0137
      → baseline
  Precomputing encoder-pullback target...
  Stage 2 epoch 60/300: loss=0.030127
  Stage 2 epoch 120/300: loss=0.016124
  Stage 2 epoch 180/300: loss=0.011449
  Stage 2 epoch 240/300: loss=0.009158
  Stage 2 epoch 300/300: loss=0.009125
  Stage 3 epoch 60/300: loss=0.000001
  Stage 3 epoch 120/300: loss=0.000001
  Stage 3 epoch 180/300: loss=0.000000
  Stage 3 epoch 240/300: loss=0.000000
  Stage 3 epoch 300/300: loss=0.000000
  rcMTE@0.1: 0.2999 (444/500 in region)
  rcMTE@0.5: 0.5325 (406/500 in region)
  rcMTE@1.0: 0.6561 (388/500 in region)
  MTE@0.1: 0.5951
  MTE@0.5: 0.8901
  MTE@1.0: 1.0401
  W2@1.0:  0.5967
  sW2@0.1: 0.3538 (444/500 in region)
  sW2@0.2: 0.3853 (429/500 in region)
  sW2@0.5: 0.5011 (406/500 in region)
  sW2@1.0: 0.6038 (388/500 in region)
  MMD@1.0: 0.2972
  Survival@1.0: 99.0%
  Stopped@1.0:  77.6%
      Phase 2 AE: K_weight=0.4275
        Phase2 Epoch 50/250: loss=0.045197
        Phase2 Epoch 100/250: loss=0.026294
        Phase2 Epoch 150/250: loss=0.025410
        Phase2 Epoch 200/250: loss=0.020118
        Phase2 Epoch 250/250: loss=0.039312
        E_mu=0.0469  E_Sigma=0.0208
      → K
  Precomputing encoder-pullback target...
  Stage 2 epoch 60/300: loss=0.026648
  Stage 2 epoch 120/300: loss=0.015695
  Stage 2 epoch 180/300: loss=0.011371
  Stage 2 epoch 240/300: loss=0.008790
  Stage 2 epoch 300/300: loss=0.008647
  Stage 3 epoch 60/300: loss=0.000001
  Stage 3 epoch 120/300: loss=0.000001
  Stage 3 epoch 180/300: loss=0.000001
  Stage 3 epoch 240/300: loss=0.000001
  Stage 3 epoch 300/300: loss=0.000001
  rcMTE@0.1: 0.3053 (444/500 in region)
  rcMTE@0.5: 0.5382 (406/500 in region)
  rcMTE@1.0: 0.6510 (388/500 in region)
  MTE@0.1: 0.6899
  MTE@0.5: 0.9521
  MTE@1.0: 1.0692
  W2@1.0:  0.6242
  sW2@0.1: 0.4761 (444/500 in region)
  sW2@0.2: 0.5039 (429/500 in region)
  sW2@0.5: 0.5729 (406/500 in region)
  sW2@1.0: 0.5966 (388/500 in region)
  MMD@1.0: 0.3243
  Survival@1.0: 99.0%
  Stopped@1.0:  77.6%
      → K+S
  Precomputing encoder-pullback target...
  Stage 2 epoch 60/300: loss=0.026648
  Stage 2 epoch 120/300: loss=0.015695
  Stage 2 epoch 180/300: loss=0.011371
  Stage 2 epoch 240/300: loss=0.008790
  Stage 2 epoch 300/300: loss=0.008647
  Stage 3 epoch 60/300: loss=0.000001
  Stage 3 epoch 120/300: loss=0.000001
  Stage 3 epoch 180/300: loss=0.000001
  Stage 3 epoch 240/300: loss=0.000001
  Stage 3 epoch 300/300: loss=0.000001
  rcMTE@0.1: 0.3053 (444/500 in region)
  rcMTE@0.5: 0.5382 (406/500 in region)
  rcMTE@1.0: 0.6510 (388/500 in region)
  MTE@0.1: 0.6899
  MTE@0.5: 0.9521
  MTE@1.0: 1.0692
  W2@1.0:  0.6242
  sW2@0.1: 0.4761 (444/500 in region)
  sW2@0.2: 0.5039 (429/500 in region)
  sW2@0.5: 0.5729 (406/500 in region)
  sW2@1.0: 0.5966 (388/500 in region)
  MMD@1.0: 0.3243
  Survival@1.0: 99.0%
  Stopped@1.0:  77.6%

  N=50, D=201 completed in 1178.7s

============================================================
  N=100 | D=11 (K=4) | paraboloid | seed=42
============================================================
    Phase1 Epoch 50/250: loss=0.063630
    Phase1 Epoch 100/250: loss=0.025062
    Phase1 Epoch 150/250: loss=0.010441
    Phase1 Epoch 200/250: loss=0.011954
    Phase1 Epoch 250/250: loss=0.010391
      Phase 2 AE: K_weight=0.0000
        Phase2 Epoch 50/250: loss=0.003621
        Phase2 Epoch 100/250: loss=0.003518
        Phase2 Epoch 150/250: loss=0.003677
        Phase2 Epoch 200/250: loss=0.001590
        Phase2 Epoch 250/250: loss=0.002214
        E_mu=0.0037  E_Sigma=0.0013
      → baseline
  Precomputing encoder-pullback target...
  Stage 2 epoch 60/300: loss=0.761392
  Stage 2 epoch 120/300: loss=0.459097
  Stage 2 epoch 180/300: loss=0.304434
  Stage 2 epoch 240/300: loss=0.228757
  Stage 2 epoch 300/300: loss=0.198692
  Stage 3 epoch 60/300: loss=0.000130
  Stage 3 epoch 120/300: loss=0.000057
  Stage 3 epoch 180/300: loss=0.000032
  Stage 3 epoch 240/300: loss=0.000035
  Stage 3 epoch 300/300: loss=0.000025
  rcMTE@0.1: 0.2571 (442/500 in region)
  rcMTE@0.5: 0.4980 (402/500 in region)
  rcMTE@1.0: 0.6152 (383/500 in region)
  MTE@0.1: 0.4051
  MTE@0.5: 0.6915
  MTE@1.0: 0.7863
  W2@1.0:  0.3006
  sW2@0.1: 0.1522 (442/500 in region)
  sW2@0.2: 0.1811 (428/500 in region)
  sW2@0.5: 0.1795 (402/500 in region)
  sW2@1.0: 0.3055 (383/500 in region)
  MMD@1.0: 0.1154
  Survival@1.0: 98.6%
  Stopped@1.0:  76.6%
      Phase 2 AE: K_weight=0.1000
        Phase2 Epoch 50/250: loss=0.009239
        Phase2 Epoch 100/250: loss=0.002245
        Phase2 Epoch 150/250: loss=0.001386
        Phase2 Epoch 200/250: loss=0.001425
        Phase2 Epoch 250/250: loss=0.001205
        E_mu=0.0017  E_Sigma=0.0007
      → K
  Precomputing encoder-pullback target...
  Stage 2 epoch 60/300: loss=0.758406
  Stage 2 epoch 120/300: loss=0.455284
  Stage 2 epoch 180/300: loss=0.302458
  Stage 2 epoch 240/300: loss=0.226136
  Stage 2 epoch 300/300: loss=0.200703
  Stage 3 epoch 60/300: loss=0.000113
  Stage 3 epoch 120/300: loss=0.000050
  Stage 3 epoch 180/300: loss=0.000025
  Stage 3 epoch 240/300: loss=0.000025
  Stage 3 epoch 300/300: loss=0.000026
  rcMTE@0.1: 0.2586 (442/500 in region)
  rcMTE@0.5: 0.4993 (402/500 in region)
  rcMTE@1.0: 0.6193 (383/500 in region)
  MTE@0.1: 0.3988
  MTE@0.5: 0.6889
  MTE@1.0: 0.7864
  W2@1.0:  0.3063
  sW2@0.1: 0.1469 (442/500 in region)
  sW2@0.2: 0.1810 (428/500 in region)
  sW2@0.5: 0.1830 (402/500 in region)
  sW2@1.0: 0.3128 (383/500 in region)
  MMD@1.0: 0.1156
  Survival@1.0: 98.6%
  Stopped@1.0:  76.6%
      → K+S
  Precomputing encoder-pullback target...
  Stage 2 epoch 60/300: loss=0.758406
  Stage 2 epoch 120/300: loss=0.455284
  Stage 2 epoch 180/300: loss=0.302458
  Stage 2 epoch 240/300: loss=0.226136
  Stage 2 epoch 300/300: loss=0.200703
  Stage 3 epoch 60/300: loss=0.000113
  Stage 3 epoch 120/300: loss=0.000050
  Stage 3 epoch 180/300: loss=0.000025
  Stage 3 epoch 240/300: loss=0.000025
  Stage 3 epoch 300/300: loss=0.000026
  rcMTE@0.1: 0.2586 (442/500 in region)
  rcMTE@0.5: 0.4993 (402/500 in region)
  rcMTE@1.0: 0.6193 (383/500 in region)
  MTE@0.1: 0.3988
  MTE@0.5: 0.6889
  MTE@1.0: 0.7864
  W2@1.0:  0.3063
  sW2@0.1: 0.1469 (442/500 in region)
  sW2@0.2: 0.1810 (428/500 in region)
  sW2@0.5: 0.1830 (402/500 in region)
  sW2@1.0: 0.3128 (383/500 in region)
  MMD@1.0: 0.1156
  Survival@1.0: 98.6%
  Stopped@1.0:  76.6%

============================================================
  N=100 | D=11 (K=4) | paraboloid | seed=1042
============================================================
    Phase1 Epoch 50/250: loss=0.121351
    Phase1 Epoch 100/250: loss=0.021671
    Phase1 Epoch 150/250: loss=0.008837
    Phase1 Epoch 200/250: loss=0.023317
    Phase1 Epoch 250/250: loss=0.009644
      Phase 2 AE: K_weight=0.0000
        Phase2 Epoch 50/250: loss=0.003437
        Phase2 Epoch 100/250: loss=0.002600
        Phase2 Epoch 150/250: loss=0.003344
        Phase2 Epoch 200/250: loss=0.003935
        Phase2 Epoch 250/250: loss=0.001338
        E_mu=0.0037  E_Sigma=0.0008
      → baseline
  Precomputing encoder-pullback target...
  Stage 2 epoch 60/300: loss=0.354416
  Stage 2 epoch 120/300: loss=0.332781
  Stage 2 epoch 180/300: loss=0.243363
  Stage 2 epoch 240/300: loss=0.186599
  Stage 2 epoch 300/300: loss=0.138390
  Stage 3 epoch 60/300: loss=0.000065
  Stage 3 epoch 120/300: loss=0.000043
  Stage 3 epoch 180/300: loss=0.000030
  Stage 3 epoch 240/300: loss=0.000023
  Stage 3 epoch 300/300: loss=0.000064
  rcMTE@0.1: 0.2636 (455/500 in region)
  rcMTE@0.5: 0.4902 (418/500 in region)
  rcMTE@1.0: 0.5978 (400/500 in region)
  MTE@0.1: 0.4051
  MTE@0.5: 0.6868
  MTE@1.0: 0.8168
  W2@1.0:  0.2393
  sW2@0.1: 0.1905 (455/500 in region)
  sW2@0.2: 0.2067 (440/500 in region)
  sW2@0.5: 0.2401 (418/500 in region)
  sW2@1.0: 0.2322 (400/500 in region)
  MMD@1.0: 0.0836
  Survival@1.0: 99.4%
  Stopped@1.0:  80.0%
      Phase 2 AE: K_weight=0.1000
        Phase2 Epoch 50/250: loss=0.008645
        Phase2 Epoch 100/250: loss=0.002327
        Phase2 Epoch 150/250: loss=0.002322
        Phase2 Epoch 200/250: loss=0.002961
        Phase2 Epoch 250/250: loss=0.001745
        E_mu=0.0032  E_Sigma=0.0009
      → K
  Precomputing encoder-pullback target...
  Stage 2 epoch 60/300: loss=0.356863
  Stage 2 epoch 120/300: loss=0.337277
  Stage 2 epoch 180/300: loss=0.247386
  Stage 2 epoch 240/300: loss=0.190032
  Stage 2 epoch 300/300: loss=0.141246
  Stage 3 epoch 60/300: loss=0.000064
  Stage 3 epoch 120/300: loss=0.000044
  Stage 3 epoch 180/300: loss=0.000031
  Stage 3 epoch 240/300: loss=0.000022
  Stage 3 epoch 300/300: loss=0.000062
  rcMTE@0.1: 0.2664 (455/500 in region)
  rcMTE@0.5: 0.4931 (418/500 in region)
  rcMTE@1.0: 0.6015 (400/500 in region)
  MTE@0.1: 0.4115
  MTE@0.5: 0.6949
  MTE@1.0: 0.8244
  W2@1.0:  0.2460
  sW2@0.1: 0.2004 (455/500 in region)
  sW2@0.2: 0.2160 (440/500 in region)
  sW2@0.5: 0.2509 (418/500 in region)
  sW2@1.0: 0.2339 (400/500 in region)
  MMD@1.0: 0.0836
  Survival@1.0: 99.4%
  Stopped@1.0:  80.0%
      → K+S
  Precomputing encoder-pullback target...
  Stage 2 epoch 60/300: loss=0.356863
  Stage 2 epoch 120/300: loss=0.337277
  Stage 2 epoch 180/300: loss=0.247386
  Stage 2 epoch 240/300: loss=0.190032
  Stage 2 epoch 300/300: loss=0.141246
  Stage 3 epoch 60/300: loss=0.000064
  Stage 3 epoch 120/300: loss=0.000044
  Stage 3 epoch 180/300: loss=0.000031
  Stage 3 epoch 240/300: loss=0.000022
  Stage 3 epoch 300/300: loss=0.000062
  rcMTE@0.1: 0.2664 (455/500 in region)
  rcMTE@0.5: 0.4931 (418/500 in region)
  rcMTE@1.0: 0.6015 (400/500 in region)
  MTE@0.1: 0.4115
  MTE@0.5: 0.6949
  MTE@1.0: 0.8244
  W2@1.0:  0.2460
  sW2@0.1: 0.2004 (455/500 in region)
  sW2@0.2: 0.2160 (440/500 in region)
  sW2@0.5: 0.2509 (418/500 in region)
  sW2@1.0: 0.2339 (400/500 in region)
  MMD@1.0: 0.0836
  Survival@1.0: 99.4%
  Stopped@1.0:  80.0%

============================================================
  N=100 | D=11 (K=4) | paraboloid | seed=2042
============================================================
    Phase1 Epoch 50/250: loss=0.032960
    Phase1 Epoch 100/250: loss=0.016424
    Phase1 Epoch 150/250: loss=0.006656
    Phase1 Epoch 200/250: loss=0.009487
    Phase1 Epoch 250/250: loss=0.004072
      Phase 2 AE: K_weight=0.0000
        Phase2 Epoch 50/250: loss=0.007985
        Phase2 Epoch 100/250: loss=0.003956
        Phase2 Epoch 150/250: loss=0.005915
        Phase2 Epoch 200/250: loss=0.002588
        Phase2 Epoch 250/250: loss=0.002339
        E_mu=0.0058  E_Sigma=0.0027
      → baseline
  Precomputing encoder-pullback target...
  Stage 2 epoch 60/300: loss=0.576443
  Stage 2 epoch 120/300: loss=0.336603
  Stage 2 epoch 180/300: loss=0.261382
  Stage 2 epoch 240/300: loss=0.198531
  Stage 2 epoch 300/300: loss=0.210450
  Stage 3 epoch 60/300: loss=0.000112
  Stage 3 epoch 120/300: loss=0.000059
  Stage 3 epoch 180/300: loss=0.000047
  Stage 3 epoch 240/300: loss=0.000038
  Stage 3 epoch 300/300: loss=0.000038
  rcMTE@0.1: 0.2640 (454/500 in region)
  rcMTE@0.5: 0.5210 (422/500 in region)
  rcMTE@1.0: 0.6673 (406/500 in region)
  MTE@0.1: 0.4388
  MTE@0.5: 0.7985
  MTE@1.0: 0.9865
  W2@1.0:  0.5916
  sW2@0.1: 0.2081 (454/500 in region)
  sW2@0.2: 0.2827 (441/500 in region)
  sW2@0.5: 0.4136 (422/500 in region)
  sW2@1.0: 0.6491 (406/500 in region)
  MMD@1.0: 0.1642
  Survival@1.0: 98.2%
  Stopped@1.0:  81.2%
      Phase 2 AE: K_weight=0.1000
        Phase2 Epoch 50/250: loss=0.010625
        Phase2 Epoch 100/250: loss=0.003279
        Phase2 Epoch 150/250: loss=0.002457
        Phase2 Epoch 200/250: loss=0.002435
        Phase2 Epoch 250/250: loss=0.001216
        E_mu=0.0019  E_Sigma=0.0007
      → K
  Precomputing encoder-pullback target...
  Stage 2 epoch 60/300: loss=0.597712
  Stage 2 epoch 120/300: loss=0.342456
  Stage 2 epoch 180/300: loss=0.258922
  Stage 2 epoch 240/300: loss=0.195625
  Stage 2 epoch 300/300: loss=0.207491
  Stage 3 epoch 60/300: loss=0.000117
  Stage 3 epoch 120/300: loss=0.000049
  Stage 3 epoch 180/300: loss=0.000036
  Stage 3 epoch 240/300: loss=0.000028
  Stage 3 epoch 300/300: loss=0.000023
  rcMTE@0.1: 0.2635 (454/500 in region)
  rcMTE@0.5: 0.5202 (422/500 in region)
  rcMTE@1.0: 0.6658 (406/500 in region)
  MTE@0.1: 0.4346
  MTE@0.5: 0.7927
  MTE@1.0: 0.9794
  W2@1.0:  0.5902
  sW2@0.1: 0.2108 (454/500 in region)
  sW2@0.2: 0.2879 (441/500 in region)
  sW2@0.5: 0.4129 (422/500 in region)
  sW2@1.0: 0.6452 (406/500 in region)
  MMD@1.0: 0.1646
  Survival@1.0: 98.2%
  Stopped@1.0:  81.2%
      → K+S
  Precomputing encoder-pullback target...
  Stage 2 epoch 60/300: loss=0.597712
  Stage 2 epoch 120/300: loss=0.342456
  Stage 2 epoch 180/300: loss=0.258922
  Stage 2 epoch 240/300: loss=0.195625
  Stage 2 epoch 300/300: loss=0.207491
  Stage 3 epoch 60/300: loss=0.000117
  Stage 3 epoch 120/300: loss=0.000049
  Stage 3 epoch 180/300: loss=0.000036
  Stage 3 epoch 240/300: loss=0.000028
  Stage 3 epoch 300/300: loss=0.000023
  rcMTE@0.1: 0.2635 (454/500 in region)
  rcMTE@0.5: 0.5202 (422/500 in region)
  rcMTE@1.0: 0.6658 (406/500 in region)
  MTE@0.1: 0.4346
  MTE@0.5: 0.7927
  MTE@1.0: 0.9794
  W2@1.0:  0.5902
  sW2@0.1: 0.2108 (454/500 in region)
  sW2@0.2: 0.2879 (441/500 in region)
  sW2@0.5: 0.4129 (422/500 in region)
  sW2@1.0: 0.6452 (406/500 in region)
  MMD@1.0: 0.1646
  Survival@1.0: 98.2%
  Stopped@1.0:  81.2%

============================================================
  N=100 | D=11 (K=4) | paraboloid | seed=3042
============================================================
    Phase1 Epoch 50/250: loss=0.067233
    Phase1 Epoch 100/250: loss=0.018182
    Phase1 Epoch 150/250: loss=0.009874
    Phase1 Epoch 200/250: loss=0.008123
    Phase1 Epoch 250/250: loss=0.004113
      Phase 2 AE: K_weight=0.0000
        Phase2 Epoch 50/250: loss=0.004175
        Phase2 Epoch 100/250: loss=0.005453
        Phase2 Epoch 150/250: loss=0.003456
        Phase2 Epoch 200/250: loss=0.001430
        Phase2 Epoch 250/250: loss=0.002246
        E_mu=0.0053  E_Sigma=0.0031
      → baseline
  Precomputing encoder-pullback target...
  Stage 2 epoch 60/300: loss=0.553522
  Stage 2 epoch 120/300: loss=0.404417
  Stage 2 epoch 180/300: loss=0.504543
  Stage 2 epoch 240/300: loss=0.186945
  Stage 2 epoch 300/300: loss=0.132609
  Stage 3 epoch 60/300: loss=0.000139
  Stage 3 epoch 120/300: loss=0.000057
  Stage 3 epoch 180/300: loss=0.000044
  Stage 3 epoch 240/300: loss=0.000043
  Stage 3 epoch 300/300: loss=0.000037
  rcMTE@0.1: 0.2875 (456/500 in region)
  rcMTE@0.5: 0.4977 (402/500 in region)
  rcMTE@1.0: 0.5745 (381/500 in region)
  MTE@0.1: 0.4802
  MTE@0.5: 0.7809
  MTE@1.0: 0.8301
  W2@1.0:  0.2337
  sW2@0.1: 0.1712 (456/500 in region)
  sW2@0.2: 0.2058 (434/500 in region)
  sW2@0.5: 0.2229 (402/500 in region)
  sW2@1.0: 0.2730 (381/500 in region)
  MMD@1.0: 0.0732
  Survival@1.0: 97.4%
  Stopped@1.0:  76.2%
      Phase 2 AE: K_weight=0.1000
        Phase2 Epoch 50/250: loss=0.013218
        Phase2 Epoch 100/250: loss=0.003633
        Phase2 Epoch 150/250: loss=0.003420
        Phase2 Epoch 200/250: loss=0.001171
        Phase2 Epoch 250/250: loss=0.001357
        E_mu=0.0012  E_Sigma=0.0008
      → K
  Precomputing encoder-pullback target...
  Stage 2 epoch 60/300: loss=0.561596
  Stage 2 epoch 120/300: loss=0.407485
  Stage 2 epoch 180/300: loss=0.511632
  Stage 2 epoch 240/300: loss=0.184648
  Stage 2 epoch 300/300: loss=0.130177
  Stage 3 epoch 60/300: loss=0.000117
  Stage 3 epoch 120/300: loss=0.000041
  Stage 3 epoch 180/300: loss=0.000027
  Stage 3 epoch 240/300: loss=0.000023
  Stage 3 epoch 300/300: loss=0.000020
  rcMTE@0.1: 0.2886 (456/500 in region)
  rcMTE@0.5: 0.4987 (402/500 in region)
  rcMTE@1.0: 0.5754 (381/500 in region)
  MTE@0.1: 0.4843
  MTE@0.5: 0.7841
  MTE@1.0: 0.8300
  W2@1.0:  0.2197
  sW2@0.1: 0.1681 (456/500 in region)
  sW2@0.2: 0.1998 (434/500 in region)
  sW2@0.5: 0.2034 (402/500 in region)
  sW2@1.0: 0.2495 (381/500 in region)
  MMD@1.0: 0.0551
  Survival@1.0: 97.4%
  Stopped@1.0:  76.2%
      → K+S
  Precomputing encoder-pullback target...
  Stage 2 epoch 60/300: loss=0.561596
  Stage 2 epoch 120/300: loss=0.407485
  Stage 2 epoch 180/300: loss=0.511632
  Stage 2 epoch 240/300: loss=0.184648
  Stage 2 epoch 300/300: loss=0.130177
  Stage 3 epoch 60/300: loss=0.000117
  Stage 3 epoch 120/300: loss=0.000041
  Stage 3 epoch 180/300: loss=0.000027
  Stage 3 epoch 240/300: loss=0.000023
  Stage 3 epoch 300/300: loss=0.000020
  rcMTE@0.1: 0.2886 (456/500 in region)
  rcMTE@0.5: 0.4987 (402/500 in region)
  rcMTE@1.0: 0.5754 (381/500 in region)
  MTE@0.1: 0.4843
  MTE@0.5: 0.7841
  MTE@1.0: 0.8300
  W2@1.0:  0.2197
  sW2@0.1: 0.1681 (456/500 in region)
  sW2@0.2: 0.1998 (434/500 in region)
  sW2@0.5: 0.2034 (402/500 in region)
  sW2@1.0: 0.2495 (381/500 in region)
  MMD@1.0: 0.0551
  Survival@1.0: 97.4%
  Stopped@1.0:  76.2%

============================================================
  N=100 | D=11 (K=4) | paraboloid | seed=4042
============================================================
    Phase1 Epoch 50/250: loss=0.100551
    Phase1 Epoch 100/250: loss=0.017406
    Phase1 Epoch 150/250: loss=0.017524
    Phase1 Epoch 200/250: loss=0.021338
    Phase1 Epoch 250/250: loss=0.005457
      Phase 2 AE: K_weight=0.0000
        Phase2 Epoch 50/250: loss=0.004066
        Phase2 Epoch 100/250: loss=0.002704
        Phase2 Epoch 150/250: loss=0.002813
        Phase2 Epoch 200/250: loss=0.002826
        Phase2 Epoch 250/250: loss=0.001625
        E_mu=0.0043  E_Sigma=0.0016
      → baseline
  Precomputing encoder-pullback target...
  Stage 2 epoch 60/300: loss=0.537838
  Stage 2 epoch 120/300: loss=0.332818
  Stage 2 epoch 180/300: loss=0.272368
  Stage 2 epoch 240/300: loss=0.226834
  Stage 2 epoch 300/300: loss=0.204539
  Stage 3 epoch 60/300: loss=0.000145
  Stage 3 epoch 120/300: loss=0.000060
  Stage 3 epoch 180/300: loss=0.000049
  Stage 3 epoch 240/300: loss=0.000049
  Stage 3 epoch 300/300: loss=0.000109
  rcMTE@0.1: 0.2568 (443/500 in region)
  rcMTE@0.5: 0.5090 (407/500 in region)
  rcMTE@1.0: 0.6427 (384/500 in region)
  MTE@0.1: 0.3835
  MTE@0.5: 0.7186
  MTE@1.0: 0.8352
  W2@1.0:  0.3351
  sW2@0.1: 0.1862 (443/500 in region)
  sW2@0.2: 0.1994 (424/500 in region)
  sW2@0.5: 0.2632 (407/500 in region)
  sW2@1.0: 0.3338 (384/500 in region)
  MMD@1.0: 0.1216
  Survival@1.0: 98.8%
  Stopped@1.0:  76.8%
      Phase 2 AE: K_weight=0.1000
        Phase2 Epoch 50/250: loss=0.014634
        Phase2 Epoch 100/250: loss=0.008233
        Phase2 Epoch 150/250: loss=0.001713
        Phase2 Epoch 200/250: loss=0.003048
        Phase2 Epoch 250/250: loss=0.001619
        E_mu=0.0036  E_Sigma=0.0013
      → K
  Precomputing encoder-pullback target...
  Stage 2 epoch 60/300: loss=0.550072
  Stage 2 epoch 120/300: loss=0.342595
  Stage 2 epoch 180/300: loss=0.279127
  Stage 2 epoch 240/300: loss=0.229502
  Stage 2 epoch 300/300: loss=0.203192
  Stage 3 epoch 60/300: loss=0.000148
  Stage 3 epoch 120/300: loss=0.000057
  Stage 3 epoch 180/300: loss=0.000048
  Stage 3 epoch 240/300: loss=0.000047
  Stage 3 epoch 300/300: loss=0.000089
  rcMTE@0.1: 0.2509 (443/500 in region)
  rcMTE@0.5: 0.5010 (407/500 in region)
  rcMTE@1.0: 0.6355 (384/500 in region)
  MTE@0.1: 0.3759
  MTE@0.5: 0.7054
  MTE@1.0: 0.8198
  W2@1.0:  0.3161
  sW2@0.1: 0.1738 (443/500 in region)
  sW2@0.2: 0.1852 (424/500 in region)
  sW2@0.5: 0.2528 (407/500 in region)
  sW2@1.0: 0.3212 (384/500 in region)
  MMD@1.0: 0.1133
  Survival@1.0: 98.8%
  Stopped@1.0:  76.8%
      → K+S
  Precomputing encoder-pullback target...
  Stage 2 epoch 60/300: loss=0.550072
  Stage 2 epoch 120/300: loss=0.342595
  Stage 2 epoch 180/300: loss=0.279127
  Stage 2 epoch 240/300: loss=0.229502
  Stage 2 epoch 300/300: loss=0.203192
  Stage 3 epoch 60/300: loss=0.000148
  Stage 3 epoch 120/300: loss=0.000057
  Stage 3 epoch 180/300: loss=0.000048
  Stage 3 epoch 240/300: loss=0.000047
  Stage 3 epoch 300/300: loss=0.000089
  rcMTE@0.1: 0.2509 (443/500 in region)
  rcMTE@0.5: 0.5010 (407/500 in region)
  rcMTE@1.0: 0.6355 (384/500 in region)
  MTE@0.1: 0.3759
  MTE@0.5: 0.7054
  MTE@1.0: 0.8198
  W2@1.0:  0.3161
  sW2@0.1: 0.1738 (443/500 in region)
  sW2@0.2: 0.1852 (424/500 in region)
  sW2@0.5: 0.2528 (407/500 in region)
  sW2@1.0: 0.3212 (384/500 in region)
  MMD@1.0: 0.1133
  Survival@1.0: 98.8%
  Stopped@1.0:  76.8%

============================================================
  N=100 | D=11 (K=4) | paraboloid | seed=5042
============================================================
    Phase1 Epoch 50/250: loss=0.047977
    Phase1 Epoch 100/250: loss=0.021852
    Phase1 Epoch 150/250: loss=0.022969
    Phase1 Epoch 200/250: loss=0.003773
    Phase1 Epoch 250/250: loss=0.003137
      Phase 2 AE: K_weight=0.0000
        Phase2 Epoch 50/250: loss=0.002338
        Phase2 Epoch 100/250: loss=0.009962
        Phase2 Epoch 150/250: loss=0.003807
        Phase2 Epoch 200/250: loss=0.001115
        Phase2 Epoch 250/250: loss=0.001111
        E_mu=0.0018  E_Sigma=0.0007
      → baseline
  Precomputing encoder-pullback target...
  Stage 2 epoch 60/300: loss=0.391238
  Stage 2 epoch 120/300: loss=0.297237
  Stage 2 epoch 180/300: loss=0.269055
  Stage 2 epoch 240/300: loss=0.177114
  Stage 2 epoch 300/300: loss=0.157291
  Stage 3 epoch 60/300: loss=0.000140
  Stage 3 epoch 120/300: loss=0.000031
  Stage 3 epoch 180/300: loss=0.000025
  Stage 3 epoch 240/300: loss=0.000028
  Stage 3 epoch 300/300: loss=0.000019
  rcMTE@0.1: 0.3948 (454/500 in region)
  rcMTE@0.5: 0.6468 (420/500 in region)
  rcMTE@1.0: 0.7576 (403/500 in region)
  MTE@0.1: 0.6353
  MTE@0.5: 0.9928
  MTE@1.0: 1.0702
  W2@1.0:  0.2143
  sW2@0.1: 0.1791 (454/500 in region)
  sW2@0.2: 0.2472 (435/500 in region)
  sW2@0.5: 0.2832 (420/500 in region)
  sW2@1.0: 0.2470 (403/500 in region)
  MMD@1.0: 0.0507
  Survival@1.0: 98.8%
  Stopped@1.0:  80.6%
      Phase 2 AE: K_weight=0.1000
        Phase2 Epoch 50/250: loss=0.004646
        Phase2 Epoch 100/250: loss=0.011943
        Phase2 Epoch 150/250: loss=0.002608
        Phase2 Epoch 200/250: loss=0.003692
        Phase2 Epoch 250/250: loss=0.001228
        E_mu=0.0017  E_Sigma=0.0005
      → K
  Precomputing encoder-pullback target...
  Stage 2 epoch 60/300: loss=0.389436
  Stage 2 epoch 120/300: loss=0.298168
  Stage 2 epoch 180/300: loss=0.269602
  Stage 2 epoch 240/300: loss=0.180478
  Stage 2 epoch 300/300: loss=0.161079
  Stage 3 epoch 60/300: loss=0.000133
  Stage 3 epoch 120/300: loss=0.000029
  Stage 3 epoch 180/300: loss=0.000021
  Stage 3 epoch 240/300: loss=0.000028
  Stage 3 epoch 300/300: loss=0.000017
  rcMTE@0.1: 0.3939 (454/500 in region)
  rcMTE@0.5: 0.6472 (420/500 in region)
  rcMTE@1.0: 0.7579 (403/500 in region)
  MTE@0.1: 0.6342
  MTE@0.5: 0.9928
  MTE@1.0: 1.0713
  W2@1.0:  0.2314
  sW2@0.1: 0.1889 (454/500 in region)
  sW2@0.2: 0.2522 (435/500 in region)
  sW2@0.5: 0.2941 (420/500 in region)
  sW2@1.0: 0.2520 (403/500 in region)
  MMD@1.0: 0.0637
  Survival@1.0: 98.8%
  Stopped@1.0:  80.6%
      → K+S
  Precomputing encoder-pullback target...
  Stage 2 epoch 60/300: loss=0.389436
  Stage 2 epoch 120/300: loss=0.298168
  Stage 2 epoch 180/300: loss=0.269602
  Stage 2 epoch 240/300: loss=0.180478
  Stage 2 epoch 300/300: loss=0.161079
  Stage 3 epoch 60/300: loss=0.000133
  Stage 3 epoch 120/300: loss=0.000029
  Stage 3 epoch 180/300: loss=0.000021
  Stage 3 epoch 240/300: loss=0.000028
  Stage 3 epoch 300/300: loss=0.000017
  rcMTE@0.1: 0.3939 (454/500 in region)
  rcMTE@0.5: 0.6472 (420/500 in region)
  rcMTE@1.0: 0.7579 (403/500 in region)
  MTE@0.1: 0.6342
  MTE@0.5: 0.9928
  MTE@1.0: 1.0713
  W2@1.0:  0.2314
  sW2@0.1: 0.1889 (454/500 in region)
  sW2@0.2: 0.2522 (435/500 in region)
  sW2@0.5: 0.2941 (420/500 in region)
  sW2@1.0: 0.2520 (403/500 in region)
  MMD@1.0: 0.0637
  Survival@1.0: 98.8%
  Stopped@1.0:  80.6%

============================================================
  N=100 | D=11 (K=4) | paraboloid | seed=6042
============================================================
    Phase1 Epoch 50/250: loss=0.047112
    Phase1 Epoch 100/250: loss=0.027411
    Phase1 Epoch 150/250: loss=0.017569
    Phase1 Epoch 200/250: loss=0.012624
    Phase1 Epoch 250/250: loss=0.003666
      Phase 2 AE: K_weight=0.0000
        Phase2 Epoch 50/250: loss=0.003344
        Phase2 Epoch 100/250: loss=0.003214
        Phase2 Epoch 150/250: loss=0.001465
        Phase2 Epoch 200/250: loss=0.001207
        Phase2 Epoch 250/250: loss=0.001361
        E_mu=0.0027  E_Sigma=0.0008
      → baseline
  Precomputing encoder-pullback target...
  Stage 2 epoch 60/300: loss=0.600835
  Stage 2 epoch 120/300: loss=0.414325
  Stage 2 epoch 180/300: loss=0.320616
  Stage 2 epoch 240/300: loss=0.281852
  Stage 2 epoch 300/300: loss=0.394846
  Stage 3 epoch 60/300: loss=0.001166
  Stage 3 epoch 120/300: loss=0.001132
  Stage 3 epoch 180/300: loss=0.000851
  Stage 3 epoch 240/300: loss=0.000474
  Stage 3 epoch 300/300: loss=0.000326
  rcMTE@0.1: 0.1743 (452/500 in region)
  rcMTE@0.5: 0.3588 (406/500 in region)
  rcMTE@1.0: 0.4796 (392/500 in region)
  MTE@0.1: 0.2802
  MTE@0.5: 0.5389
  MTE@1.0: 0.6817
  W2@1.0:  0.5568
  sW2@0.1: 0.1712 (452/500 in region)
  sW2@0.2: 0.2235 (428/500 in region)
  sW2@0.5: 0.3456 (406/500 in region)
  sW2@1.0: 0.5799 (392/500 in region)
  MMD@1.0: 0.2611
  Survival@1.0: 98.6%
  Stopped@1.0:  78.4%
      Phase 2 AE: K_weight=0.1000
        Phase2 Epoch 50/250: loss=0.006057
        Phase2 Epoch 100/250: loss=0.006692
        Phase2 Epoch 150/250: loss=0.006609
        Phase2 Epoch 200/250: loss=0.003522
        Phase2 Epoch 250/250: loss=0.001905
        E_mu=0.0029  E_Sigma=0.0014
      → K
  Precomputing encoder-pullback target...
  Stage 2 epoch 60/300: loss=0.615772
  Stage 2 epoch 120/300: loss=0.422183
  Stage 2 epoch 180/300: loss=0.325095
  Stage 2 epoch 240/300: loss=0.285147
  Stage 2 epoch 300/300: loss=0.392873
  Stage 3 epoch 60/300: loss=0.000254
  Stage 3 epoch 120/300: loss=0.000120
  Stage 3 epoch 180/300: loss=0.000054
  Stage 3 epoch 240/300: loss=0.000054
  Stage 3 epoch 300/300: loss=0.000038
  rcMTE@0.1: 0.2529 (452/500 in region)
  rcMTE@0.5: 0.5036 (406/500 in region)
  rcMTE@1.0: 0.6340 (392/500 in region)
  MTE@0.1: 0.4234
  MTE@0.5: 0.7907
  MTE@1.0: 0.8911
  W2@1.0:  0.4350
  sW2@0.1: 0.1653 (452/500 in region)
  sW2@0.2: 0.2130 (428/500 in region)
  sW2@0.5: 0.3237 (406/500 in region)
  sW2@1.0: 0.4963 (392/500 in region)
  MMD@1.0: 0.1888
  Survival@1.0: 98.6%
  Stopped@1.0:  78.4%
      → K+S
  Precomputing encoder-pullback target...
  Stage 2 epoch 60/300: loss=0.615772
  Stage 2 epoch 120/300: loss=0.422183
  Stage 2 epoch 180/300: loss=0.325095
  Stage 2 epoch 240/300: loss=0.285147
  Stage 2 epoch 300/300: loss=0.392873
  Stage 3 epoch 60/300: loss=0.000254
  Stage 3 epoch 120/300: loss=0.000120
  Stage 3 epoch 180/300: loss=0.000054
  Stage 3 epoch 240/300: loss=0.000054
  Stage 3 epoch 300/300: loss=0.000038
  rcMTE@0.1: 0.2529 (452/500 in region)
  rcMTE@0.5: 0.5036 (406/500 in region)
  rcMTE@1.0: 0.6340 (392/500 in region)
  MTE@0.1: 0.4234
  MTE@0.5: 0.7907
  MTE@1.0: 0.8911
  W2@1.0:  0.4350
  sW2@0.1: 0.1653 (452/500 in region)
  sW2@0.2: 0.2130 (428/500 in region)
  sW2@0.5: 0.3237 (406/500 in region)
  sW2@1.0: 0.4963 (392/500 in region)
  MMD@1.0: 0.1888
  Survival@1.0: 98.6%
  Stopped@1.0:  78.4%

============================================================
  N=100 | D=11 (K=4) | paraboloid | seed=7042
============================================================
    Phase1 Epoch 50/250: loss=0.052936
    Phase1 Epoch 100/250: loss=0.031391
    Phase1 Epoch 150/250: loss=0.013987
    Phase1 Epoch 200/250: loss=0.004965
    Phase1 Epoch 250/250: loss=0.005884
      Phase 2 AE: K_weight=0.0000
        Phase2 Epoch 50/250: loss=0.005017
        Phase2 Epoch 100/250: loss=0.005161
        Phase2 Epoch 150/250: loss=0.011604
        Phase2 Epoch 200/250: loss=0.005982
        Phase2 Epoch 250/250: loss=0.006817
        E_mu=0.0103  E_Sigma=0.0048
      → baseline
  Precomputing encoder-pullback target...
  Stage 2 epoch 60/300: loss=0.450023
  Stage 2 epoch 120/300: loss=0.368676
  Stage 2 epoch 180/300: loss=0.245987
  Stage 2 epoch 240/300: loss=0.207390
  Stage 2 epoch 300/300: loss=0.186133
  Stage 3 epoch 60/300: loss=0.000209
  Stage 3 epoch 120/300: loss=0.000098
  Stage 3 epoch 180/300: loss=0.000078
  Stage 3 epoch 240/300: loss=0.000076
  Stage 3 epoch 300/300: loss=0.000068
  rcMTE@0.1: 0.2867 (457/500 in region)
  rcMTE@0.5: 0.5377 (420/500 in region)
  rcMTE@1.0: 0.6447 (396/500 in region)
  MTE@0.1: 0.4601
  MTE@0.5: 0.7984
  MTE@1.0: 0.9162
  W2@1.0:  0.4377
  sW2@0.1: 0.1863 (457/500 in region)
  sW2@0.2: 0.2381 (438/500 in region)
  sW2@0.5: 0.3512 (420/500 in region)
  sW2@1.0: 0.4759 (396/500 in region)
  MMD@1.0: 0.2241
  Survival@1.0: 99.2%
  Stopped@1.0:  79.2%
      Phase 2 AE: K_weight=0.1000
        Phase2 Epoch 50/250: loss=0.008309
        Phase2 Epoch 100/250: loss=0.007448
        Phase2 Epoch 150/250: loss=0.003166
        Phase2 Epoch 200/250: loss=0.002622
        Phase2 Epoch 250/250: loss=0.006056
        E_mu=0.0134  E_Sigma=0.0060
      → K
  Precomputing encoder-pullback target...
  Stage 2 epoch 60/300: loss=0.470245
  Stage 2 epoch 120/300: loss=0.379359
  Stage 2 epoch 180/300: loss=0.253220
  Stage 2 epoch 240/300: loss=0.212548
  Stage 2 epoch 300/300: loss=0.187531
  Stage 3 epoch 60/300: loss=0.000211
  Stage 3 epoch 120/300: loss=0.000117
  Stage 3 epoch 180/300: loss=0.000092
  Stage 3 epoch 240/300: loss=0.000095
  Stage 3 epoch 300/300: loss=0.000094
  rcMTE@0.1: 0.2916 (457/500 in region)
  rcMTE@0.5: 0.5455 (420/500 in region)
  rcMTE@1.0: 0.6522 (396/500 in region)
  MTE@0.1: 0.4647
  MTE@0.5: 0.8080
  MTE@1.0: 0.9262
  W2@1.0:  0.4470
  sW2@0.1: 0.1914 (457/500 in region)
  sW2@0.2: 0.2442 (438/500 in region)
  sW2@0.5: 0.3630 (420/500 in region)
  sW2@1.0: 0.4915 (396/500 in region)
  MMD@1.0: 0.2354
  Survival@1.0: 99.2%
  Stopped@1.0:  79.2%
      → K+S
  Precomputing encoder-pullback target...
  Stage 2 epoch 60/300: loss=0.470245
  Stage 2 epoch 120/300: loss=0.379359
  Stage 2 epoch 180/300: loss=0.253220
  Stage 2 epoch 240/300: loss=0.212548
  Stage 2 epoch 300/300: loss=0.187531
  Stage 3 epoch 60/300: loss=0.000211
  Stage 3 epoch 120/300: loss=0.000117
  Stage 3 epoch 180/300: loss=0.000092
  Stage 3 epoch 240/300: loss=0.000095
  Stage 3 epoch 300/300: loss=0.000094
  rcMTE@0.1: 0.2916 (457/500 in region)
  rcMTE@0.5: 0.5455 (420/500 in region)
  rcMTE@1.0: 0.6522 (396/500 in region)
  MTE@0.1: 0.4647
  MTE@0.5: 0.8080
  MTE@1.0: 0.9262
  W2@1.0:  0.4470
  sW2@0.1: 0.1914 (457/500 in region)
  sW2@0.2: 0.2442 (438/500 in region)
  sW2@0.5: 0.3630 (420/500 in region)
  sW2@1.0: 0.4915 (396/500 in region)
  MMD@1.0: 0.2354
  Survival@1.0: 99.2%
  Stopped@1.0:  79.2%

============================================================
  N=100 | D=11 (K=4) | paraboloid | seed=8042
============================================================
    Phase1 Epoch 50/250: loss=0.055088
    Phase1 Epoch 100/250: loss=0.024792
    Phase1 Epoch 150/250: loss=0.011450
    Phase1 Epoch 200/250: loss=0.018851
    Phase1 Epoch 250/250: loss=0.005750
      Phase 2 AE: K_weight=0.0000
        Phase2 Epoch 50/250: loss=0.004192
        Phase2 Epoch 100/250: loss=0.003631
        Phase2 Epoch 150/250: loss=0.003116
        Phase2 Epoch 200/250: loss=0.004726
        Phase2 Epoch 250/250: loss=0.000804
        E_mu=0.0021  E_Sigma=0.0006
      → baseline
  Precomputing encoder-pullback target...
  Stage 2 epoch 60/300: loss=0.959518
  Stage 2 epoch 120/300: loss=0.386838
  Stage 2 epoch 180/300: loss=0.381657
  Stage 2 epoch 240/300: loss=0.290969
  Stage 2 epoch 300/300: loss=0.204082
  Stage 3 epoch 60/300: loss=0.001766
  Stage 3 epoch 120/300: loss=0.001456
  Stage 3 epoch 180/300: loss=0.001311
  Stage 3 epoch 240/300: loss=0.000816
  Stage 3 epoch 300/300: loss=0.000454
  rcMTE@0.1: 0.2576 (448/500 in region)
  rcMTE@0.5: 0.4115 (421/500 in region)
  rcMTE@1.0: 0.4832 (398/500 in region)
  MTE@0.1: 0.4503
  MTE@0.5: 0.6833
  MTE@1.0: 0.8383
  W2@1.0:  0.5432
  sW2@0.1: 0.1904 (448/500 in region)
  sW2@0.2: 0.2367 (438/500 in region)
  sW2@0.5: 0.3446 (421/500 in region)
  sW2@1.0: 0.4627 (398/500 in region)
  MMD@1.0: 0.1334
  Survival@1.0: 99.0%
  Stopped@1.0:  79.6%
      Phase 2 AE: K_weight=0.1000
        Phase2 Epoch 50/250: loss=0.007486
        Phase2 Epoch 100/250: loss=0.002231
        Phase2 Epoch 150/250: loss=0.002085
        Phase2 Epoch 200/250: loss=0.001373
        Phase2 Epoch 250/250: loss=0.002368
        E_mu=0.0076  E_Sigma=0.0033
      → K
  Precomputing encoder-pullback target...
  Stage 2 epoch 60/300: loss=1.005882
  Stage 2 epoch 120/300: loss=0.403468
  Stage 2 epoch 180/300: loss=0.385458
  Stage 2 epoch 240/300: loss=0.290033
  Stage 2 epoch 300/300: loss=0.204276
  Stage 3 epoch 60/300: loss=0.001767
  Stage 3 epoch 120/300: loss=0.001478
  Stage 3 epoch 180/300: loss=0.001325
  Stage 3 epoch 240/300: loss=0.000805
  Stage 3 epoch 300/300: loss=0.000486
  rcMTE@0.1: 0.2588 (448/500 in region)
  rcMTE@0.5: 0.4138 (421/500 in region)
  rcMTE@1.0: 0.4849 (398/500 in region)
  MTE@0.1: 0.4514
  MTE@0.5: 0.6791
  MTE@1.0: 0.8271
  W2@1.0:  0.5237
  sW2@0.1: 0.1984 (448/500 in region)
  sW2@0.2: 0.2449 (438/500 in region)
  sW2@0.5: 0.3534 (421/500 in region)
  sW2@1.0: 0.4612 (398/500 in region)
  MMD@1.0: 0.1373
  Survival@1.0: 99.0%
  Stopped@1.0:  79.6%
      → K+S
  Precomputing encoder-pullback target...
  Stage 2 epoch 60/300: loss=1.005882
  Stage 2 epoch 120/300: loss=0.403468
  Stage 2 epoch 180/300: loss=0.385458
  Stage 2 epoch 240/300: loss=0.290033
  Stage 2 epoch 300/300: loss=0.204276
  Stage 3 epoch 60/300: loss=0.001767
  Stage 3 epoch 120/300: loss=0.001478
  Stage 3 epoch 180/300: loss=0.001325
  Stage 3 epoch 240/300: loss=0.000805
  Stage 3 epoch 300/300: loss=0.000486
  rcMTE@0.1: 0.2588 (448/500 in region)
  rcMTE@0.5: 0.4138 (421/500 in region)
  rcMTE@1.0: 0.4849 (398/500 in region)
  MTE@0.1: 0.4514
  MTE@0.5: 0.6791
  MTE@1.0: 0.8271
  W2@1.0:  0.5237
  sW2@0.1: 0.1984 (448/500 in region)
  sW2@0.2: 0.2449 (438/500 in region)
  sW2@0.5: 0.3534 (421/500 in region)
  sW2@1.0: 0.4612 (398/500 in region)
  MMD@1.0: 0.1373
  Survival@1.0: 99.0%
  Stopped@1.0:  79.6%

============================================================
  N=100 | D=11 (K=4) | paraboloid | seed=9042
============================================================
    Phase1 Epoch 50/250: loss=0.066885
    Phase1 Epoch 100/250: loss=0.037398
    Phase1 Epoch 150/250: loss=0.017188
    Phase1 Epoch 200/250: loss=0.011633
    Phase1 Epoch 250/250: loss=0.027697
      Phase 2 AE: K_weight=0.0000
        Phase2 Epoch 50/250: loss=0.009405
        Phase2 Epoch 100/250: loss=0.004260
        Phase2 Epoch 150/250: loss=0.007911
        Phase2 Epoch 200/250: loss=0.003466
        Phase2 Epoch 250/250: loss=0.005456
        E_mu=0.0082  E_Sigma=0.0029
      → baseline
  Precomputing encoder-pullback target...
  Stage 2 epoch 60/300: loss=0.534762
  Stage 2 epoch 120/300: loss=0.301500
  Stage 2 epoch 180/300: loss=0.250615
  Stage 2 epoch 240/300: loss=0.249249
  Stage 2 epoch 300/300: loss=0.324897
  Stage 3 epoch 60/300: loss=0.000184
  Stage 3 epoch 120/300: loss=0.000181
  Stage 3 epoch 180/300: loss=0.000075
  Stage 3 epoch 240/300: loss=0.000104
  Stage 3 epoch 300/300: loss=0.000070
  rcMTE@0.1: 0.1441 (444/500 in region)
  rcMTE@0.5: 0.2778 (406/500 in region)
  rcMTE@1.0: 0.3545 (388/500 in region)
  MTE@0.1: 0.2430
  MTE@0.5: 0.4386
  MTE@1.0: 0.5189
  W2@1.0:  0.3339
  sW2@0.1: 0.1795 (444/500 in region)
  sW2@0.2: 0.2305 (429/500 in region)
  sW2@0.5: 0.2491 (406/500 in region)
  sW2@1.0: 0.3264 (388/500 in region)
  MMD@1.0: 0.1092
  Survival@1.0: 99.0%
  Stopped@1.0:  77.6%
      Phase 2 AE: K_weight=0.1000
        Phase2 Epoch 50/250: loss=0.010395
        Phase2 Epoch 100/250: loss=0.010937
        Phase2 Epoch 150/250: loss=0.013922
        Phase2 Epoch 200/250: loss=0.003084
        Phase2 Epoch 250/250: loss=0.004261
        E_mu=0.0057  E_Sigma=0.0022
      → K
  Precomputing encoder-pullback target...
  Stage 2 epoch 60/300: loss=0.540710
  Stage 2 epoch 120/300: loss=0.304372
  Stage 2 epoch 180/300: loss=0.255842
  Stage 2 epoch 240/300: loss=0.258762
  Stage 2 epoch 300/300: loss=0.335501
  Stage 3 epoch 60/300: loss=0.000185
  Stage 3 epoch 120/300: loss=0.000174
  Stage 3 epoch 180/300: loss=0.000061
  Stage 3 epoch 240/300: loss=0.000097
  Stage 3 epoch 300/300: loss=0.000062
  rcMTE@0.1: 0.1431 (444/500 in region)
  rcMTE@0.5: 0.2800 (406/500 in region)
  rcMTE@1.0: 0.3609 (388/500 in region)
  MTE@0.1: 0.2399
  MTE@0.5: 0.4391
  MTE@1.0: 0.5281
  W2@1.0:  0.3557
  sW2@0.1: 0.1793 (444/500 in region)
  sW2@0.2: 0.2335 (429/500 in region)
  sW2@0.5: 0.2637 (406/500 in region)
  sW2@1.0: 0.3523 (388/500 in region)
  MMD@1.0: 0.1299
  Survival@1.0: 99.0%
  Stopped@1.0:  77.6%
      → K+S
  Precomputing encoder-pullback target...
  Stage 2 epoch 60/300: loss=0.540710
  Stage 2 epoch 120/300: loss=0.304372
  Stage 2 epoch 180/300: loss=0.255842
  Stage 2 epoch 240/300: loss=0.258762
  Stage 2 epoch 300/300: loss=0.335501
  Stage 3 epoch 60/300: loss=0.000185
  Stage 3 epoch 120/300: loss=0.000174
  Stage 3 epoch 180/300: loss=0.000061
  Stage 3 epoch 240/300: loss=0.000097
  Stage 3 epoch 300/300: loss=0.000062
  rcMTE@0.1: 0.1431 (444/500 in region)
  rcMTE@0.5: 0.2800 (406/500 in region)
  rcMTE@1.0: 0.3609 (388/500 in region)
  MTE@0.1: 0.2399
  MTE@0.5: 0.4391
  MTE@1.0: 0.5281
  W2@1.0:  0.3557
  sW2@0.1: 0.1793 (444/500 in region)
  sW2@0.2: 0.2335 (429/500 in region)
  sW2@0.5: 0.2637 (406/500 in region)
  sW2@1.0: 0.3523 (388/500 in region)
  MMD@1.0: 0.1299
  Survival@1.0: 99.0%
  Stopped@1.0:  77.6%

============================================================
  N=100 | D=11 (K=4) | hyperbolic_paraboloid | seed=42
============================================================
    Phase1 Epoch 50/250: loss=0.046312
    Phase1 Epoch 100/250: loss=0.010599
    Phase1 Epoch 150/250: loss=0.009344
    Phase1 Epoch 200/250: loss=0.005170
    Phase1 Epoch 250/250: loss=0.004400
      Phase 2 AE: K_weight=0.0000
        Phase2 Epoch 50/250: loss=0.005242
        Phase2 Epoch 100/250: loss=0.001921
        Phase2 Epoch 150/250: loss=0.001873
        Phase2 Epoch 200/250: loss=0.010685
        Phase2 Epoch 250/250: loss=0.002878
        E_mu=0.0020  E_Sigma=0.0009
      → baseline
  Precomputing encoder-pullback target...
  Stage 2 epoch 60/300: loss=0.434203
  Stage 2 epoch 120/300: loss=0.285639
  Stage 2 epoch 180/300: loss=0.220801
  Stage 2 epoch 240/300: loss=0.195861
  Stage 2 epoch 300/300: loss=0.179098
  Stage 3 epoch 60/300: loss=0.000036
  Stage 3 epoch 120/300: loss=0.000029
  Stage 3 epoch 180/300: loss=0.000047
  Stage 3 epoch 240/300: loss=0.000023
  Stage 3 epoch 300/300: loss=0.000017
  rcMTE@0.1: 0.2611 (442/500 in region)
  rcMTE@0.5: 0.5159 (402/500 in region)
  rcMTE@1.0: 0.6424 (383/500 in region)
  MTE@0.1: 0.3919
  MTE@0.5: 0.6968
  MTE@1.0: 0.8262
  W2@1.0:  0.3278
  sW2@0.1: 0.1509 (442/500 in region)
  sW2@0.2: 0.1886 (428/500 in region)
  sW2@0.5: 0.1953 (402/500 in region)
  sW2@1.0: 0.3401 (383/500 in region)
  MMD@1.0: 0.0896
  Survival@1.0: 98.6%
  Stopped@1.0:  76.6%
      Phase 2 AE: K_weight=0.1000
        Phase2 Epoch 50/250: loss=0.002515
        Phase2 Epoch 100/250: loss=0.003026
        Phase2 Epoch 150/250: loss=0.003297
        Phase2 Epoch 200/250: loss=0.002850
        Phase2 Epoch 250/250: loss=0.009326
        E_mu=0.0040  E_Sigma=0.0017
      → K
  Precomputing encoder-pullback target...
  Stage 2 epoch 60/300: loss=0.421343
  Stage 2 epoch 120/300: loss=0.269758
  Stage 2 epoch 180/300: loss=0.209156
  Stage 2 epoch 240/300: loss=0.171794
  Stage 2 epoch 300/300: loss=0.155128
  Stage 3 epoch 60/300: loss=0.000044
  Stage 3 epoch 120/300: loss=0.000035
  Stage 3 epoch 180/300: loss=0.000047
  Stage 3 epoch 240/300: loss=0.000029
  Stage 3 epoch 300/300: loss=0.000025
  rcMTE@0.1: 0.2574 (442/500 in region)
  rcMTE@0.5: 0.5076 (402/500 in region)
  rcMTE@1.0: 0.6270 (383/500 in region)
  MTE@0.1: 0.3988
  MTE@0.5: 0.6912
  MTE@1.0: 0.8063
  W2@1.0:  0.3050
  sW2@0.1: 0.1627 (442/500 in region)
  sW2@0.2: 0.1962 (428/500 in region)
  sW2@0.5: 0.1875 (402/500 in region)
  sW2@1.0: 0.3080 (383/500 in region)
  MMD@1.0: 0.0899
  Survival@1.0: 98.6%
  Stopped@1.0:  76.6%
      → K+S
  Precomputing encoder-pullback target...
  Stage 2 epoch 60/300: loss=0.421343
  Stage 2 epoch 120/300: loss=0.269758
  Stage 2 epoch 180/300: loss=0.209156
  Stage 2 epoch 240/300: loss=0.171794
  Stage 2 epoch 300/300: loss=0.155128
  Stage 3 epoch 60/300: loss=0.000044
  Stage 3 epoch 120/300: loss=0.000035
  Stage 3 epoch 180/300: loss=0.000047
  Stage 3 epoch 240/300: loss=0.000029
  Stage 3 epoch 300/300: loss=0.000025
  rcMTE@0.1: 0.2574 (442/500 in region)
  rcMTE@0.5: 0.5076 (402/500 in region)
  rcMTE@1.0: 0.6270 (383/500 in region)
  MTE@0.1: 0.3988
  MTE@0.5: 0.6912
  MTE@1.0: 0.8063
  W2@1.0:  0.3050
  sW2@0.1: 0.1627 (442/500 in region)
  sW2@0.2: 0.1962 (428/500 in region)
  sW2@0.5: 0.1875 (402/500 in region)
  sW2@1.0: 0.3080 (383/500 in region)
  MMD@1.0: 0.0899
  Survival@1.0: 98.6%
  Stopped@1.0:  76.6%

============================================================
  N=100 | D=11 (K=4) | hyperbolic_paraboloid | seed=1042
============================================================
    Phase1 Epoch 50/250: loss=0.044880
    Phase1 Epoch 100/250: loss=0.021438
    Phase1 Epoch 150/250: loss=0.003950
    Phase1 Epoch 200/250: loss=0.008723
    Phase1 Epoch 250/250: loss=0.006943
      Phase 2 AE: K_weight=0.0000
        Phase2 Epoch 50/250: loss=0.009251
        Phase2 Epoch 100/250: loss=0.007807
        Phase2 Epoch 150/250: loss=0.003553
        Phase2 Epoch 200/250: loss=0.004025
        Phase2 Epoch 250/250: loss=0.002519
        E_mu=0.0038  E_Sigma=0.0012
      → baseline
  Precomputing encoder-pullback target...
  Stage 2 epoch 60/300: loss=0.275049
  Stage 2 epoch 120/300: loss=0.258954
  Stage 2 epoch 180/300: loss=0.187800
  Stage 2 epoch 240/300: loss=0.152920
  Stage 2 epoch 300/300: loss=0.137434
  Stage 3 epoch 60/300: loss=0.000059
  Stage 3 epoch 120/300: loss=0.000026
  Stage 3 epoch 180/300: loss=0.000024
  Stage 3 epoch 240/300: loss=0.000021
  Stage 3 epoch 300/300: loss=0.000023
  rcMTE@0.1: 0.3061 (455/500 in region)
  rcMTE@0.5: 0.5836 (418/500 in region)
  rcMTE@1.0: 0.6953 (400/500 in region)
  MTE@0.1: 0.5035
  MTE@0.5: 0.8573
  MTE@1.0: 1.0039
  W2@1.0:  0.3422
  sW2@0.1: 0.1775 (455/500 in region)
  sW2@0.2: 0.2014 (440/500 in region)
  sW2@0.5: 0.3027 (418/500 in region)
  sW2@1.0: 0.3408 (400/500 in region)
  MMD@1.0: 0.1190
  Survival@1.0: 99.4%
  Stopped@1.0:  80.0%
      Phase 2 AE: K_weight=0.1000
        Phase2 Epoch 50/250: loss=0.005121
        Phase2 Epoch 100/250: loss=0.003354
        Phase2 Epoch 150/250: loss=0.005941
        Phase2 Epoch 200/250: loss=0.002831
        Phase2 Epoch 250/250: loss=0.002005
        E_mu=0.0034  E_Sigma=0.0011
      → K
  Precomputing encoder-pullback target...
  Stage 2 epoch 60/300: loss=0.281224
  Stage 2 epoch 120/300: loss=0.263516
  Stage 2 epoch 180/300: loss=0.189613
  Stage 2 epoch 240/300: loss=0.154198
  Stage 2 epoch 300/300: loss=0.140019
  Stage 3 epoch 60/300: loss=0.000064
  Stage 3 epoch 120/300: loss=0.000028
  Stage 3 epoch 180/300: loss=0.000027
  Stage 3 epoch 240/300: loss=0.000019
  Stage 3 epoch 300/300: loss=0.000022
  rcMTE@0.1: 0.3088 (455/500 in region)
  rcMTE@0.5: 0.5901 (418/500 in region)
  rcMTE@1.0: 0.7040 (400/500 in region)
  MTE@0.1: 0.5054
  MTE@0.5: 0.8633
  MTE@1.0: 1.0132
  W2@1.0:  0.3611
  sW2@0.1: 0.1810 (455/500 in region)
  sW2@0.2: 0.2095 (440/500 in region)
  sW2@0.5: 0.3132 (418/500 in region)
  sW2@1.0: 0.3622 (400/500 in region)
  MMD@1.0: 0.1293
  Survival@1.0: 99.4%
  Stopped@1.0:  80.0%
      → K+S
  Precomputing encoder-pullback target...
  Stage 2 epoch 60/300: loss=0.281224
  Stage 2 epoch 120/300: loss=0.263516
  Stage 2 epoch 180/300: loss=0.189613
  Stage 2 epoch 240/300: loss=0.154198
  Stage 2 epoch 300/300: loss=0.140019
  Stage 3 epoch 60/300: loss=0.000064
  Stage 3 epoch 120/300: loss=0.000028
  Stage 3 epoch 180/300: loss=0.000027
  Stage 3 epoch 240/300: loss=0.000019
  Stage 3 epoch 300/300: loss=0.000022
  rcMTE@0.1: 0.3088 (455/500 in region)
  rcMTE@0.5: 0.5901 (418/500 in region)
  rcMTE@1.0: 0.7040 (400/500 in region)
  MTE@0.1: 0.5054
  MTE@0.5: 0.8633
  MTE@1.0: 1.0132
  W2@1.0:  0.3611
  sW2@0.1: 0.1810 (455/500 in region)
  sW2@0.2: 0.2095 (440/500 in region)
  sW2@0.5: 0.3132 (418/500 in region)
  sW2@1.0: 0.3622 (400/500 in region)
  MMD@1.0: 0.1293
  Survival@1.0: 99.4%
  Stopped@1.0:  80.0%

============================================================
  N=100 | D=11 (K=4) | hyperbolic_paraboloid | seed=2042
============================================================
    Phase1 Epoch 50/250: loss=0.038116
    Phase1 Epoch 100/250: loss=0.009089
    Phase1 Epoch 150/250: loss=0.006558
    Phase1 Epoch 200/250: loss=0.007005
    Phase1 Epoch 250/250: loss=0.003298
      Phase 2 AE: K_weight=0.0000
        Phase2 Epoch 50/250: loss=0.010339
        Phase2 Epoch 100/250: loss=0.002632
        Phase2 Epoch 150/250: loss=0.001246
        Phase2 Epoch 200/250: loss=0.001150
        Phase2 Epoch 250/250: loss=0.000976
        E_mu=0.0022  E_Sigma=0.0007
      → baseline
  Precomputing encoder-pullback target...
  Stage 2 epoch 60/300: loss=0.344453
  Stage 2 epoch 120/300: loss=0.220618
  Stage 2 epoch 180/300: loss=0.199322
  Stage 2 epoch 240/300: loss=0.170132
  Stage 2 epoch 300/300: loss=0.184788
  Stage 3 epoch 60/300: loss=0.000038
  Stage 3 epoch 120/300: loss=0.000024
  Stage 3 epoch 180/300: loss=0.000023
  Stage 3 epoch 240/300: loss=0.000021
  Stage 3 epoch 300/300: loss=0.000017
  rcMTE@0.1: 0.2661 (454/500 in region)
  rcMTE@0.5: 0.5466 (422/500 in region)
  rcMTE@1.0: 0.7343 (406/500 in region)
  MTE@0.1: 0.4267
  MTE@0.5: 0.7924
  MTE@1.0: 1.0210
  W2@1.0:  0.7296
  sW2@0.1: 0.1950 (454/500 in region)
  sW2@0.2: 0.2835 (441/500 in region)
  sW2@0.5: 0.4576 (422/500 in region)
  sW2@1.0: 0.7522 (406/500 in region)
  MMD@1.0: 0.1821
  Survival@1.0: 98.2%
  Stopped@1.0:  81.2%
      Phase 2 AE: K_weight=0.1000
        Phase2 Epoch 50/250: loss=0.007222
        Phase2 Epoch 100/250: loss=0.001717
        Phase2 Epoch 150/250: loss=0.001370
        Phase2 Epoch 200/250: loss=0.001415
        Phase2 Epoch 250/250: loss=0.000875
        E_mu=0.0019  E_Sigma=0.0008
      → K
  Precomputing encoder-pullback target...
  Stage 2 epoch 60/300: loss=0.346704
  Stage 2 epoch 120/300: loss=0.219124
  Stage 2 epoch 180/300: loss=0.198483
  Stage 2 epoch 240/300: loss=0.168801
  Stage 2 epoch 300/300: loss=0.180998
  Stage 3 epoch 60/300: loss=0.000035
  Stage 3 epoch 120/300: loss=0.000024
  Stage 3 epoch 180/300: loss=0.000033
  Stage 3 epoch 240/300: loss=0.000017
  Stage 3 epoch 300/300: loss=0.000015
  rcMTE@0.1: 0.2661 (454/500 in region)
  rcMTE@0.5: 0.5468 (422/500 in region)
  rcMTE@1.0: 0.7346 (406/500 in region)
  MTE@0.1: 0.4271
  MTE@0.5: 0.7924
  MTE@1.0: 1.0208
  W2@1.0:  0.7201
  sW2@0.1: 0.1902 (454/500 in region)
  sW2@0.2: 0.2745 (441/500 in region)
  sW2@0.5: 0.4496 (422/500 in region)
  sW2@1.0: 0.7437 (406/500 in region)
  MMD@1.0: 0.1813
  Survival@1.0: 98.2%
  Stopped@1.0:  81.2%
      → K+S
  Precomputing encoder-pullback target...
  Stage 2 epoch 60/300: loss=0.346704
  Stage 2 epoch 120/300: loss=0.219124
  Stage 2 epoch 180/300: loss=0.198483
  Stage 2 epoch 240/300: loss=0.168801
  Stage 2 epoch 300/300: loss=0.180998
  Stage 3 epoch 60/300: loss=0.000035
  Stage 3 epoch 120/300: loss=0.000024
  Stage 3 epoch 180/300: loss=0.000033
  Stage 3 epoch 240/300: loss=0.000017
  Stage 3 epoch 300/300: loss=0.000015
  rcMTE@0.1: 0.2661 (454/500 in region)
  rcMTE@0.5: 0.5468 (422/500 in region)
  rcMTE@1.0: 0.7346 (406/500 in region)
  MTE@0.1: 0.4271
  MTE@0.5: 0.7924
  MTE@1.0: 1.0208
  W2@1.0:  0.7201
  sW2@0.1: 0.1902 (454/500 in region)
  sW2@0.2: 0.2745 (441/500 in region)
  sW2@0.5: 0.4496 (422/500 in region)
  sW2@1.0: 0.7437 (406/500 in region)
  MMD@1.0: 0.1813
  Survival@1.0: 98.2%
  Stopped@1.0:  81.2%

============================================================
  N=100 | D=11 (K=4) | hyperbolic_paraboloid | seed=3042
============================================================
    Phase1 Epoch 50/250: loss=0.038687
    Phase1 Epoch 100/250: loss=0.009347
    Phase1 Epoch 150/250: loss=0.006276
    Phase1 Epoch 200/250: loss=0.007997
    Phase1 Epoch 250/250: loss=0.003232
      Phase 2 AE: K_weight=0.0000
        Phase2 Epoch 50/250: loss=0.002313
        Phase2 Epoch 100/250: loss=0.001693
        Phase2 Epoch 150/250: loss=0.012027
        Phase2 Epoch 200/250: loss=0.001879
        Phase2 Epoch 250/250: loss=0.008381
        E_mu=0.0137  E_Sigma=0.0082
      → baseline
  Precomputing encoder-pullback target...
  Stage 2 epoch 60/300: loss=0.378658
  Stage 2 epoch 120/300: loss=0.284358
  Stage 2 epoch 180/300: loss=0.272510
  Stage 2 epoch 240/300: loss=0.154103
  Stage 2 epoch 300/300: loss=0.118611
  Stage 3 epoch 60/300: loss=0.000105
  Stage 3 epoch 120/300: loss=0.000078
  Stage 3 epoch 180/300: loss=0.000076
  Stage 3 epoch 240/300: loss=0.000082
  Stage 3 epoch 300/300: loss=0.000076
  rcMTE@0.1: 0.3027 (456/500 in region)
  rcMTE@0.5: 0.5243 (402/500 in region)
  rcMTE@1.0: 0.6110 (381/500 in region)
  MTE@0.1: 0.5236
  MTE@0.5: 0.8318
  MTE@1.0: 0.9056
  W2@1.0:  0.3033
  sW2@0.1: 0.2016 (456/500 in region)
  sW2@0.2: 0.2230 (434/500 in region)
  sW2@0.5: 0.2411 (402/500 in region)
  sW2@1.0: 0.2916 (381/500 in region)
  MMD@1.0: 0.0969
  Survival@1.0: 97.4%
  Stopped@1.0:  76.2%
      Phase 2 AE: K_weight=0.1000
        Phase2 Epoch 50/250: loss=0.008269
        Phase2 Epoch 100/250: loss=0.003522
        Phase2 Epoch 150/250: loss=0.003635
        Phase2 Epoch 200/250: loss=0.002434
        Phase2 Epoch 250/250: loss=0.002085
        E_mu=0.0018  E_Sigma=0.0008
      → K
  Precomputing encoder-pullback target...
  Stage 2 epoch 60/300: loss=0.387493
  Stage 2 epoch 120/300: loss=0.289493
  Stage 2 epoch 180/300: loss=0.272203
  Stage 2 epoch 240/300: loss=0.153559
  Stage 2 epoch 300/300: loss=0.118199
  Stage 3 epoch 60/300: loss=0.000051
  Stage 3 epoch 120/300: loss=0.000027
  Stage 3 epoch 180/300: loss=0.000028
  Stage 3 epoch 240/300: loss=0.000039
  Stage 3 epoch 300/300: loss=0.000021
  rcMTE@0.1: 0.2969 (456/500 in region)
  rcMTE@0.5: 0.5250 (402/500 in region)
  rcMTE@1.0: 0.6128 (381/500 in region)
  MTE@0.1: 0.5104
  MTE@0.5: 0.8315
  MTE@1.0: 0.9105
  W2@1.0:  0.2941
  sW2@0.1: 0.1692 (456/500 in region)
  sW2@0.2: 0.1979 (434/500 in region)
  sW2@0.5: 0.2393 (402/500 in region)
  sW2@1.0: 0.3042 (381/500 in region)
  MMD@1.0: 0.0932
  Survival@1.0: 97.4%
  Stopped@1.0:  76.2%
      → K+S
  Precomputing encoder-pullback target...
  Stage 2 epoch 60/300: loss=0.387493
  Stage 2 epoch 120/300: loss=0.289493
  Stage 2 epoch 180/300: loss=0.272203
  Stage 2 epoch 240/300: loss=0.153559
  Stage 2 epoch 300/300: loss=0.118199
  Stage 3 epoch 60/300: loss=0.000051
  Stage 3 epoch 120/300: loss=0.000027
  Stage 3 epoch 180/300: loss=0.000028
  Stage 3 epoch 240/300: loss=0.000039
  Stage 3 epoch 300/300: loss=0.000021
  rcMTE@0.1: 0.2969 (456/500 in region)
  rcMTE@0.5: 0.5250 (402/500 in region)
  rcMTE@1.0: 0.6128 (381/500 in region)
  MTE@0.1: 0.5104
  MTE@0.5: 0.8315
  MTE@1.0: 0.9105
  W2@1.0:  0.2941
  sW2@0.1: 0.1692 (456/500 in region)
  sW2@0.2: 0.1979 (434/500 in region)
  sW2@0.5: 0.2393 (402/500 in region)
  sW2@1.0: 0.3042 (381/500 in region)
  MMD@1.0: 0.0932
  Survival@1.0: 97.4%
  Stopped@1.0:  76.2%

============================================================
  N=100 | D=11 (K=4) | hyperbolic_paraboloid | seed=4042
============================================================
    Phase1 Epoch 50/250: loss=0.034448
    Phase1 Epoch 100/250: loss=0.011248
    Phase1 Epoch 150/250: loss=0.009470
    Phase1 Epoch 200/250: loss=0.005654
    Phase1 Epoch 250/250: loss=0.004266
      Phase 2 AE: K_weight=0.0000
        Phase2 Epoch 50/250: loss=0.003273
        Phase2 Epoch 100/250: loss=0.011694
        Phase2 Epoch 150/250: loss=0.001688
        Phase2 Epoch 200/250: loss=0.006558
        Phase2 Epoch 250/250: loss=0.002097
        E_mu=0.0016  E_Sigma=0.0008
      → baseline
  Precomputing encoder-pullback target...
  Stage 2 epoch 60/300: loss=0.335005
  Stage 2 epoch 120/300: loss=0.223151
  Stage 2 epoch 180/300: loss=0.191896
  Stage 2 epoch 240/300: loss=0.158741
  Stage 2 epoch 300/300: loss=0.161819
  Stage 3 epoch 60/300: loss=0.000043
  Stage 3 epoch 120/300: loss=0.000023
  Stage 3 epoch 180/300: loss=0.000021
  Stage 3 epoch 240/300: loss=0.000028
  Stage 3 epoch 300/300: loss=0.000024
  rcMTE@0.1: 0.3840 (443/500 in region)
  rcMTE@0.5: 0.7197 (407/500 in region)
  rcMTE@1.0: 0.8464 (384/500 in region)
  MTE@0.1: 0.6220
  MTE@0.5: 1.0755
  MTE@1.0: 1.1715
  W2@1.0:  0.4266
  sW2@0.1: 0.1962 (443/500 in region)
  sW2@0.2: 0.2420 (424/500 in region)
  sW2@0.5: 0.3268 (407/500 in region)
  sW2@1.0: 0.4249 (384/500 in region)
  MMD@1.0: 0.1016
  Survival@1.0: 98.8%
  Stopped@1.0:  76.8%
      Phase 2 AE: K_weight=0.1000
        Phase2 Epoch 50/250: loss=0.006777
        Phase2 Epoch 100/250: loss=0.004401
        Phase2 Epoch 150/250: loss=0.001832
        Phase2 Epoch 200/250: loss=0.001595
        Phase2 Epoch 250/250: loss=0.003482
        E_mu=0.0033  E_Sigma=0.0020
      → K
  Precomputing encoder-pullback target...
  Stage 2 epoch 60/300: loss=0.341981
  Stage 2 epoch 120/300: loss=0.230776
  Stage 2 epoch 180/300: loss=0.197215
  Stage 2 epoch 240/300: loss=0.163109
  Stage 2 epoch 300/300: loss=0.165137
  Stage 3 epoch 60/300: loss=0.000049
  Stage 3 epoch 120/300: loss=0.000042
  Stage 3 epoch 180/300: loss=0.000036
  Stage 3 epoch 240/300: loss=0.000037
  Stage 3 epoch 300/300: loss=0.000034
  rcMTE@0.1: 0.3877 (443/500 in region)
  rcMTE@0.5: 0.7199 (407/500 in region)
  rcMTE@1.0: 0.8420 (384/500 in region)
  MTE@0.1: 0.6294
  MTE@0.5: 1.0806
  MTE@1.0: 1.1716
  W2@1.0:  0.4365
  sW2@0.1: 0.2238 (443/500 in region)
  sW2@0.2: 0.2753 (424/500 in region)
  sW2@0.5: 0.3367 (407/500 in region)
  sW2@1.0: 0.4258 (384/500 in region)
  MMD@1.0: 0.0993
  Survival@1.0: 98.8%
  Stopped@1.0:  76.8%
      → K+S
  Precomputing encoder-pullback target...
  Stage 2 epoch 60/300: loss=0.341981
  Stage 2 epoch 120/300: loss=0.230776
  Stage 2 epoch 180/300: loss=0.197215
  Stage 2 epoch 240/300: loss=0.163109
  Stage 2 epoch 300/300: loss=0.165137
  Stage 3 epoch 60/300: loss=0.000049
  Stage 3 epoch 120/300: loss=0.000042
  Stage 3 epoch 180/300: loss=0.000036
  Stage 3 epoch 240/300: loss=0.000037
  Stage 3 epoch 300/300: loss=0.000034
  rcMTE@0.1: 0.3877 (443/500 in region)
  rcMTE@0.5: 0.7199 (407/500 in region)
  rcMTE@1.0: 0.8420 (384/500 in region)
  MTE@0.1: 0.6294
  MTE@0.5: 1.0806
  MTE@1.0: 1.1716
  W2@1.0:  0.4365
  sW2@0.1: 0.2238 (443/500 in region)
  sW2@0.2: 0.2753 (424/500 in region)
  sW2@0.5: 0.3367 (407/500 in region)
  sW2@1.0: 0.4258 (384/500 in region)
  MMD@1.0: 0.0993
  Survival@1.0: 98.8%
  Stopped@1.0:  76.8%

============================================================
  N=100 | D=11 (K=4) | hyperbolic_paraboloid | seed=5042
============================================================
    Phase1 Epoch 50/250: loss=0.027916
    Phase1 Epoch 100/250: loss=0.007757
    Phase1 Epoch 150/250: loss=0.007432
    Phase1 Epoch 200/250: loss=0.002957
    Phase1 Epoch 250/250: loss=0.004678
      Phase 2 AE: K_weight=0.0000
        Phase2 Epoch 50/250: loss=0.003333
        Phase2 Epoch 100/250: loss=0.006888
        Phase2 Epoch 150/250: loss=0.009365
        Phase2 Epoch 200/250: loss=0.001528
        Phase2 Epoch 250/250: loss=0.001823
        E_mu=0.0034  E_Sigma=0.0010
      → baseline
  Precomputing encoder-pullback target...
  Stage 2 epoch 60/300: loss=0.308853
  Stage 2 epoch 120/300: loss=0.236970
  Stage 2 epoch 180/300: loss=0.203460
  Stage 2 epoch 240/300: loss=0.167170
  Stage 2 epoch 300/300: loss=0.179357
  Stage 3 epoch 60/300: loss=0.000030
  Stage 3 epoch 120/300: loss=0.000022
  Stage 3 epoch 180/300: loss=0.000021
  Stage 3 epoch 240/300: loss=0.000018
  Stage 3 epoch 300/300: loss=0.000016
  rcMTE@0.1: 0.3970 (454/500 in region)
  rcMTE@0.5: 0.6812 (420/500 in region)
  rcMTE@1.0: 0.8141 (403/500 in region)
  MTE@0.1: 0.6301
  MTE@0.5: 1.0360
  MTE@1.0: 1.1568
  W2@1.0:  0.5612
  sW2@0.1: 0.1809 (454/500 in region)
  sW2@0.2: 0.2491 (435/500 in region)
  sW2@0.5: 0.4056 (420/500 in region)
  sW2@1.0: 0.5795 (403/500 in region)
  MMD@1.0: 0.1719
  Survival@1.0: 98.8%
  Stopped@1.0:  80.6%
      Phase 2 AE: K_weight=0.1000
        Phase2 Epoch 50/250: loss=0.003676
        Phase2 Epoch 100/250: loss=0.004200
        Phase2 Epoch 150/250: loss=0.001518
        Phase2 Epoch 200/250: loss=0.001285
        Phase2 Epoch 250/250: loss=0.001414
        E_mu=0.0032  E_Sigma=0.0008
      → K
  Precomputing encoder-pullback target...
  Stage 2 epoch 60/300: loss=0.316947
  Stage 2 epoch 120/300: loss=0.242813
  Stage 2 epoch 180/300: loss=0.209163
  Stage 2 epoch 240/300: loss=0.173245
  Stage 2 epoch 300/300: loss=0.186785
  Stage 3 epoch 60/300: loss=0.000030
  Stage 3 epoch 120/300: loss=0.000020
  Stage 3 epoch 180/300: loss=0.000019
  Stage 3 epoch 240/300: loss=0.000017
  Stage 3 epoch 300/300: loss=0.000015
  rcMTE@0.1: 0.3997 (454/500 in region)
  rcMTE@0.5: 0.6874 (420/500 in region)
  rcMTE@1.0: 0.8218 (403/500 in region)
  MTE@0.1: 0.6308
  MTE@0.5: 1.0400
  MTE@1.0: 1.1628
  W2@1.0:  0.5766
  sW2@0.1: 0.1843 (454/500 in region)
  sW2@0.2: 0.2522 (435/500 in region)
  sW2@0.5: 0.4141 (420/500 in region)
  sW2@1.0: 0.5948 (403/500 in region)
  MMD@1.0: 0.1782
  Survival@1.0: 98.8%
  Stopped@1.0:  80.6%
      → K+S
  Precomputing encoder-pullback target...
  Stage 2 epoch 60/300: loss=0.316947
  Stage 2 epoch 120/300: loss=0.242813
  Stage 2 epoch 180/300: loss=0.209163
  Stage 2 epoch 240/300: loss=0.173245
  Stage 2 epoch 300/300: loss=0.186785
  Stage 3 epoch 60/300: loss=0.000030
  Stage 3 epoch 120/300: loss=0.000020
  Stage 3 epoch 180/300: loss=0.000019
  Stage 3 epoch 240/300: loss=0.000017
  Stage 3 epoch 300/300: loss=0.000015
  rcMTE@0.1: 0.3997 (454/500 in region)
  rcMTE@0.5: 0.6874 (420/500 in region)
  rcMTE@1.0: 0.8218 (403/500 in region)
  MTE@0.1: 0.6308
  MTE@0.5: 1.0400
  MTE@1.0: 1.1628
  W2@1.0:  0.5766
  sW2@0.1: 0.1843 (454/500 in region)
  sW2@0.2: 0.2522 (435/500 in region)
  sW2@0.5: 0.4141 (420/500 in region)
  sW2@1.0: 0.5948 (403/500 in region)
  MMD@1.0: 0.1782
  Survival@1.0: 98.8%
  Stopped@1.0:  80.6%

============================================================
  N=100 | D=11 (K=4) | hyperbolic_paraboloid | seed=6042
============================================================
    Phase1 Epoch 50/250: loss=0.027991
    Phase1 Epoch 100/250: loss=0.012855
    Phase1 Epoch 150/250: loss=0.007051
    Phase1 Epoch 200/250: loss=0.004454
    Phase1 Epoch 250/250: loss=0.011629
      Phase 2 AE: K_weight=0.0000
        Phase2 Epoch 50/250: loss=0.006868
        Phase2 Epoch 100/250: loss=0.003243
        Phase2 Epoch 150/250: loss=0.002510
        Phase2 Epoch 200/250: loss=0.002386
        Phase2 Epoch 250/250: loss=0.002467
        E_mu=0.0030  E_Sigma=0.0015
      → baseline
  Precomputing encoder-pullback target...
  Stage 2 epoch 60/300: loss=0.374874
  Stage 2 epoch 120/300: loss=0.305464
  Stage 2 epoch 180/300: loss=0.226964
  Stage 2 epoch 240/300: loss=0.201685
  Stage 2 epoch 300/300: loss=0.245995
  Stage 3 epoch 60/300: loss=0.001588
  Stage 3 epoch 120/300: loss=0.001385
  Stage 3 epoch 180/300: loss=0.001340
  Stage 3 epoch 240/300: loss=0.001053
  Stage 3 epoch 300/300: loss=0.000781
  rcMTE@0.1: 0.1777 (452/500 in region)
  rcMTE@0.5: 0.3501 (406/500 in region)
  rcMTE@1.0: 0.4832 (392/500 in region)
  MTE@0.1: 0.2778
  MTE@0.5: 0.5199
  MTE@1.0: 0.6882
  W2@1.0:  0.5551
  sW2@0.1: 0.1678 (452/500 in region)
  sW2@0.2: 0.1976 (428/500 in region)
  sW2@0.5: 0.3032 (406/500 in region)
  sW2@1.0: 0.5604 (392/500 in region)
  MMD@1.0: 0.1849
  Survival@1.0: 98.6%
  Stopped@1.0:  78.4%
      Phase 2 AE: K_weight=0.1000
        Phase2 Epoch 50/250: loss=0.005248
        Phase2 Epoch 100/250: loss=0.001726
        Phase2 Epoch 150/250: loss=0.001114
        Phase2 Epoch 200/250: loss=0.001349
        Phase2 Epoch 250/250: loss=0.000867
        E_mu=0.0015  E_Sigma=0.0004
      → K
  Precomputing encoder-pullback target...
  Stage 2 epoch 60/300: loss=0.376853
  Stage 2 epoch 120/300: loss=0.309460
  Stage 2 epoch 180/300: loss=0.232054
  Stage 2 epoch 240/300: loss=0.206753
  Stage 2 epoch 300/300: loss=0.251668
  Stage 3 epoch 60/300: loss=0.001593
  Stage 3 epoch 120/300: loss=0.001398
  Stage 3 epoch 180/300: loss=0.001374
  Stage 3 epoch 240/300: loss=0.001123
  Stage 3 epoch 300/300: loss=0.000891
  rcMTE@0.1: 0.1734 (452/500 in region)
  rcMTE@0.5: 0.3455 (406/500 in region)
  rcMTE@1.0: 0.4775 (392/500 in region)
  MTE@0.1: 0.2719
  MTE@0.5: 0.5137
  MTE@1.0: 0.6781
  W2@1.0:  0.5430
  sW2@0.1: 0.1605 (452/500 in region)
  sW2@0.2: 0.1878 (428/500 in region)
  sW2@0.5: 0.2942 (406/500 in region)
  sW2@1.0: 0.5451 (392/500 in region)
  MMD@1.0: 0.1834
  Survival@1.0: 98.6%
  Stopped@1.0:  78.4%
      → K+S
  Precomputing encoder-pullback target...
  Stage 2 epoch 60/300: loss=0.376853
  Stage 2 epoch 120/300: loss=0.309460
  Stage 2 epoch 180/300: loss=0.232054
  Stage 2 epoch 240/300: loss=0.206753
  Stage 2 epoch 300/300: loss=0.251668
  Stage 3 epoch 60/300: loss=0.001593
  Stage 3 epoch 120/300: loss=0.001398
  Stage 3 epoch 180/300: loss=0.001374
  Stage 3 epoch 240/300: loss=0.001123
  Stage 3 epoch 300/300: loss=0.000891
  rcMTE@0.1: 0.1734 (452/500 in region)
  rcMTE@0.5: 0.3455 (406/500 in region)
  rcMTE@1.0: 0.4775 (392/500 in region)
  MTE@0.1: 0.2719
  MTE@0.5: 0.5137
  MTE@1.0: 0.6781
  W2@1.0:  0.5430
  sW2@0.1: 0.1605 (452/500 in region)
  sW2@0.2: 0.1878 (428/500 in region)
  sW2@0.5: 0.2942 (406/500 in region)
  sW2@1.0: 0.5451 (392/500 in region)
  MMD@1.0: 0.1834
  Survival@1.0: 98.6%
  Stopped@1.0:  78.4%

============================================================
  N=100 | D=11 (K=4) | hyperbolic_paraboloid | seed=7042
============================================================
    Phase1 Epoch 50/250: loss=0.039300
    Phase1 Epoch 100/250: loss=0.018135
    Phase1 Epoch 150/250: loss=0.005938
    Phase1 Epoch 200/250: loss=0.014060
    Phase1 Epoch 250/250: loss=0.005810
      Phase 2 AE: K_weight=0.0000
        Phase2 Epoch 50/250: loss=0.006501
        Phase2 Epoch 100/250: loss=0.007307
        Phase2 Epoch 150/250: loss=0.005768
        Phase2 Epoch 200/250: loss=0.003541
        Phase2 Epoch 250/250: loss=0.002882
        E_mu=0.0048  E_Sigma=0.0023
      → baseline
  Precomputing encoder-pullback target...
  Stage 2 epoch 60/300: loss=0.299148
  Stage 2 epoch 120/300: loss=0.301116
  Stage 2 epoch 180/300: loss=0.186690
  Stage 2 epoch 240/300: loss=0.165908
  Stage 2 epoch 300/300: loss=0.131976
  Stage 3 epoch 60/300: loss=0.000056
  Stage 3 epoch 120/300: loss=0.000034
  Stage 3 epoch 180/300: loss=0.000034
  Stage 3 epoch 240/300: loss=0.000037
  Stage 3 epoch 300/300: loss=0.000031
  rcMTE@0.1: 0.2651 (457/500 in region)
  rcMTE@0.5: 0.4993 (420/500 in region)
  rcMTE@1.0: 0.5867 (396/500 in region)
  MTE@0.1: 0.4277
  MTE@0.5: 0.7594
  MTE@1.0: 0.8906
  W2@1.0:  0.3756
  sW2@0.1: 0.1578 (457/500 in region)
  sW2@0.2: 0.2060 (438/500 in region)
  sW2@0.5: 0.3087 (420/500 in region)
  sW2@1.0: 0.3895 (396/500 in region)
  MMD@1.0: 0.1607
  Survival@1.0: 99.2%
  Stopped@1.0:  79.2%
      Phase 2 AE: K_weight=0.1000
        Phase2 Epoch 50/250: loss=0.005039
        Phase2 Epoch 100/250: loss=0.003652
        Phase2 Epoch 150/250: loss=0.002948
        Phase2 Epoch 200/250: loss=0.003443
        Phase2 Epoch 250/250: loss=0.004860
        E_mu=0.0071  E_Sigma=0.0032
      → K
  Precomputing encoder-pullback target...
  Stage 2 epoch 60/300: loss=0.300965
  Stage 2 epoch 120/300: loss=0.301907
  Stage 2 epoch 180/300: loss=0.184020
  Stage 2 epoch 240/300: loss=0.160432
  Stage 2 epoch 300/300: loss=0.129808
  Stage 3 epoch 60/300: loss=0.000071
  Stage 3 epoch 120/300: loss=0.000044
  Stage 3 epoch 180/300: loss=0.000040
  Stage 3 epoch 240/300: loss=0.000044
  Stage 3 epoch 300/300: loss=0.000037
  rcMTE@0.1: 0.2664 (457/500 in region)
  rcMTE@0.5: 0.4965 (420/500 in region)
  rcMTE@1.0: 0.5828 (396/500 in region)
  MTE@0.1: 0.4306
  MTE@0.5: 0.7528
  MTE@1.0: 0.8793
  W2@1.0:  0.3590
  sW2@0.1: 0.1691 (457/500 in region)
  sW2@0.2: 0.2092 (438/500 in region)
  sW2@0.5: 0.2965 (420/500 in region)
  sW2@1.0: 0.3623 (396/500 in region)
  MMD@1.0: 0.1401
  Survival@1.0: 99.2%
  Stopped@1.0:  79.2%
      → K+S
  Precomputing encoder-pullback target...
  Stage 2 epoch 60/300: loss=0.300965
  Stage 2 epoch 120/300: loss=0.301907
  Stage 2 epoch 180/300: loss=0.184020
  Stage 2 epoch 240/300: loss=0.160432
  Stage 2 epoch 300/300: loss=0.129808
  Stage 3 epoch 60/300: loss=0.000071
  Stage 3 epoch 120/300: loss=0.000044
  Stage 3 epoch 180/300: loss=0.000040
  Stage 3 epoch 240/300: loss=0.000044
  Stage 3 epoch 300/300: loss=0.000037
  rcMTE@0.1: 0.2664 (457/500 in region)
  rcMTE@0.5: 0.4965 (420/500 in region)
  rcMTE@1.0: 0.5828 (396/500 in region)
  MTE@0.1: 0.4306
  MTE@0.5: 0.7528
  MTE@1.0: 0.8793
  W2@1.0:  0.3590
  sW2@0.1: 0.1691 (457/500 in region)
  sW2@0.2: 0.2092 (438/500 in region)
  sW2@0.5: 0.2965 (420/500 in region)
  sW2@1.0: 0.3623 (396/500 in region)
  MMD@1.0: 0.1401
  Survival@1.0: 99.2%
  Stopped@1.0:  79.2%

============================================================
  N=100 | D=11 (K=4) | hyperbolic_paraboloid | seed=8042
============================================================
    Phase1 Epoch 50/250: loss=0.061613
    Phase1 Epoch 100/250: loss=0.013468
    Phase1 Epoch 150/250: loss=0.006172
    Phase1 Epoch 200/250: loss=0.004275
    Phase1 Epoch 250/250: loss=0.003567
      Phase 2 AE: K_weight=0.0000
        Phase2 Epoch 50/250: loss=0.003181
        Phase2 Epoch 100/250: loss=0.001964
        Phase2 Epoch 150/250: loss=0.002247
        Phase2 Epoch 200/250: loss=0.002038
        Phase2 Epoch 250/250: loss=0.000722
        E_mu=0.0019  E_Sigma=0.0005
      → baseline
  Precomputing encoder-pullback target...
  Stage 2 epoch 60/300: loss=0.585405
  Stage 2 epoch 120/300: loss=0.238270
  Stage 2 epoch 180/300: loss=0.230262
  Stage 2 epoch 240/300: loss=0.192766
  Stage 2 epoch 300/300: loss=0.137634
  Stage 3 epoch 60/300: loss=0.001841
  Stage 3 epoch 120/300: loss=0.001765
  Stage 3 epoch 180/300: loss=0.001694
  Stage 3 epoch 240/300: loss=0.001081
  Stage 3 epoch 300/300: loss=0.000680
  rcMTE@0.1: 0.2536 (448/500 in region)
  rcMTE@0.5: 0.4044 (421/500 in region)
  rcMTE@1.0: 0.4684 (398/500 in region)
  MTE@0.1: 0.4375
  MTE@0.5: 0.6623
  MTE@1.0: 0.7863
  W2@1.0:  0.4051
  sW2@0.1: 0.1786 (448/500 in region)
  sW2@0.2: 0.1968 (438/500 in region)
  sW2@0.5: 0.2711 (421/500 in region)
  sW2@1.0: 0.3323 (398/500 in region)
  MMD@1.0: 0.1090
  Survival@1.0: 99.0%
  Stopped@1.0:  79.6%
      Phase 2 AE: K_weight=0.1000
        Phase2 Epoch 50/250: loss=0.007378
        Phase2 Epoch 100/250: loss=0.001404
        Phase2 Epoch 150/250: loss=0.001161
        Phase2 Epoch 200/250: loss=0.000999
        Phase2 Epoch 250/250: loss=0.000845
        E_mu=0.0019  E_Sigma=0.0006
      → K
  Precomputing encoder-pullback target...
  Stage 2 epoch 60/300: loss=0.594318
  Stage 2 epoch 120/300: loss=0.241313
  Stage 2 epoch 180/300: loss=0.230245
  Stage 2 epoch 240/300: loss=0.191818
  Stage 2 epoch 300/300: loss=0.137755
  Stage 3 epoch 60/300: loss=0.001854
  Stage 3 epoch 120/300: loss=0.001791
  Stage 3 epoch 180/300: loss=0.001731
  Stage 3 epoch 240/300: loss=0.001165
  Stage 3 epoch 300/300: loss=0.000763
  rcMTE@0.1: 0.2526 (448/500 in region)
  rcMTE@0.5: 0.4038 (421/500 in region)
  rcMTE@1.0: 0.4690 (398/500 in region)
  MTE@0.1: 0.4377
  MTE@0.5: 0.6650
  MTE@1.0: 0.7924
  W2@1.0:  0.4251
  sW2@0.1: 0.1804 (448/500 in region)
  sW2@0.2: 0.1994 (438/500 in region)
  sW2@0.5: 0.2793 (421/500 in region)
  sW2@1.0: 0.3453 (398/500 in region)
  MMD@1.0: 0.1126
  Survival@1.0: 99.0%
  Stopped@1.0:  79.6%
      → K+S
  Precomputing encoder-pullback target...
  Stage 2 epoch 60/300: loss=0.594318
  Stage 2 epoch 120/300: loss=0.241313
  Stage 2 epoch 180/300: loss=0.230245
  Stage 2 epoch 240/300: loss=0.191818
  Stage 2 epoch 300/300: loss=0.137755
  Stage 3 epoch 60/300: loss=0.001854
  Stage 3 epoch 120/300: loss=0.001791
  Stage 3 epoch 180/300: loss=0.001731
  Stage 3 epoch 240/300: loss=0.001165
  Stage 3 epoch 300/300: loss=0.000763
  rcMTE@0.1: 0.2526 (448/500 in region)
  rcMTE@0.5: 0.4038 (421/500 in region)
  rcMTE@1.0: 0.4690 (398/500 in region)
  MTE@0.1: 0.4377
  MTE@0.5: 0.6650
  MTE@1.0: 0.7924
  W2@1.0:  0.4251
  sW2@0.1: 0.1804 (448/500 in region)
  sW2@0.2: 0.1994 (438/500 in region)
  sW2@0.5: 0.2793 (421/500 in region)
  sW2@1.0: 0.3453 (398/500 in region)
  MMD@1.0: 0.1126
  Survival@1.0: 99.0%
  Stopped@1.0:  79.6%

============================================================
  N=100 | D=11 (K=4) | hyperbolic_paraboloid | seed=9042
============================================================
    Phase1 Epoch 50/250: loss=0.031454
    Phase1 Epoch 100/250: loss=0.011322
    Phase1 Epoch 150/250: loss=0.004864
    Phase1 Epoch 200/250: loss=0.004413
    Phase1 Epoch 250/250: loss=0.004115
      Phase 2 AE: K_weight=0.0000
        Phase2 Epoch 50/250: loss=0.002146
        Phase2 Epoch 100/250: loss=0.001407
        Phase2 Epoch 150/250: loss=0.001534
        Phase2 Epoch 200/250: loss=0.001739
        Phase2 Epoch 250/250: loss=0.001239
        E_mu=0.0023  E_Sigma=0.0006
      → baseline
  Precomputing encoder-pullback target...
  Stage 2 epoch 60/300: loss=0.362400
  Stage 2 epoch 120/300: loss=0.219282
  Stage 2 epoch 180/300: loss=0.188944
  Stage 2 epoch 240/300: loss=0.209550
  Stage 2 epoch 300/300: loss=0.272974
  Stage 3 epoch 60/300: loss=0.000027
  Stage 3 epoch 120/300: loss=0.000029
  Stage 3 epoch 180/300: loss=0.000019
  Stage 3 epoch 240/300: loss=0.000020
  Stage 3 epoch 300/300: loss=0.000021
  rcMTE@0.1: 0.0780 (444/500 in region)
  rcMTE@0.5: 0.1845 (406/500 in region)
  rcMTE@1.0: 0.2754 (388/500 in region)
  MTE@0.1: 0.1249
  MTE@0.5: 0.2891
  MTE@1.0: 0.3908
  W2@1.0:  0.2958
  sW2@0.1: 0.1256 (444/500 in region)
  sW2@0.2: 0.1727 (429/500 in region)
  sW2@0.5: 0.2262 (406/500 in region)
  sW2@1.0: 0.2937 (388/500 in region)
  MMD@1.0: 0.1174
  Survival@1.0: 99.0%
  Stopped@1.0:  77.6%
      Phase 2 AE: K_weight=0.1000
        Phase2 Epoch 50/250: loss=0.004403
        Phase2 Epoch 100/250: loss=0.001582
        Phase2 Epoch 150/250: loss=0.001746
        Phase2 Epoch 200/250: loss=0.001294
        Phase2 Epoch 250/250: loss=0.001099
        E_mu=0.0025  E_Sigma=0.0007
      → K
  Precomputing encoder-pullback target...
  Stage 2 epoch 60/300: loss=0.356011
  Stage 2 epoch 120/300: loss=0.215098
  Stage 2 epoch 180/300: loss=0.185040
  Stage 2 epoch 240/300: loss=0.204516
  Stage 2 epoch 300/300: loss=0.264272
  Stage 3 epoch 60/300: loss=0.000027
  Stage 3 epoch 120/300: loss=0.000030
  Stage 3 epoch 180/300: loss=0.000018
  Stage 3 epoch 240/300: loss=0.000019
  Stage 3 epoch 300/300: loss=0.000021
  rcMTE@0.1: 0.0801 (444/500 in region)
  rcMTE@0.5: 0.1870 (406/500 in region)
  rcMTE@1.0: 0.2782 (388/500 in region)
  MTE@0.1: 0.1272
  MTE@0.5: 0.2918
  MTE@1.0: 0.3942
  W2@1.0:  0.3048
  sW2@0.1: 0.1300 (444/500 in region)
  sW2@0.2: 0.1792 (429/500 in region)
  sW2@0.5: 0.2346 (406/500 in region)
  sW2@1.0: 0.3034 (388/500 in region)
  MMD@1.0: 0.1242
  Survival@1.0: 99.0%
  Stopped@1.0:  77.6%
      → K+S
  Precomputing encoder-pullback target...
  Stage 2 epoch 60/300: loss=0.356011
  Stage 2 epoch 120/300: loss=0.215098
  Stage 2 epoch 180/300: loss=0.185040
  Stage 2 epoch 240/300: loss=0.204516
  Stage 2 epoch 300/300: loss=0.264272
  Stage 3 epoch 60/300: loss=0.000027
  Stage 3 epoch 120/300: loss=0.000030
  Stage 3 epoch 180/300: loss=0.000018
  Stage 3 epoch 240/300: loss=0.000019
  Stage 3 epoch 300/300: loss=0.000021
  rcMTE@0.1: 0.0801 (444/500 in region)
  rcMTE@0.5: 0.1870 (406/500 in region)
  rcMTE@1.0: 0.2782 (388/500 in region)
  MTE@0.1: 0.1272
  MTE@0.5: 0.2918
  MTE@1.0: 0.3942
  W2@1.0:  0.3048
  sW2@0.1: 0.1300 (444/500 in region)
  sW2@0.2: 0.1792 (429/500 in region)
  sW2@0.5: 0.2346 (406/500 in region)
  sW2@1.0: 0.3034 (388/500 in region)
  MMD@1.0: 0.1242
  Survival@1.0: 99.0%
  Stopped@1.0:  77.6%

  N=100, D=11 completed in 2050.5s

============================================================
  N=100 | D=201 (K=99) | paraboloid | seed=42
============================================================
    Phase1 Epoch 50/250: loss=0.754982
    Phase1 Epoch 100/250: loss=0.219716
    Phase1 Epoch 150/250: loss=0.073706
    Phase1 Epoch 200/250: loss=0.062000
    Phase1 Epoch 250/250: loss=0.034272
      Phase 2 AE: K_weight=0.0000
        Phase2 Epoch 50/250: loss=0.025925
        Phase2 Epoch 100/250: loss=0.028020
        Phase2 Epoch 150/250: loss=0.024212
        Phase2 Epoch 200/250: loss=0.013576
        Phase2 Epoch 250/250: loss=0.012821
        E_mu=0.0160  E_Sigma=0.0061
      → baseline
  Precomputing encoder-pullback target...
  Stage 2 epoch 60/300: loss=0.042116
  Stage 2 epoch 120/300: loss=0.026458
  Stage 2 epoch 180/300: loss=0.019953
  Stage 2 epoch 240/300: loss=0.017282
  Stage 2 epoch 300/300: loss=0.017859
  Stage 3 epoch 60/300: loss=0.000001
  Stage 3 epoch 120/300: loss=0.000000
  Stage 3 epoch 180/300: loss=0.000000
  Stage 3 epoch 240/300: loss=0.000000
  Stage 3 epoch 300/300: loss=0.000000
  rcMTE@0.1: 0.2605 (442/500 in region)
  rcMTE@0.5: 0.5109 (402/500 in region)
  rcMTE@1.0: 0.5944 (383/500 in region)
  MTE@0.1: 0.4915
  MTE@0.5: 0.8189
  MTE@1.0: 0.9083
  W2@1.0:  0.3926
  sW2@0.1: 0.2510 (442/500 in region)
  sW2@0.2: 0.3034 (428/500 in region)
  sW2@0.5: 0.3159 (402/500 in region)
  sW2@1.0: 0.4049 (383/500 in region)
  MMD@1.0: 0.1693
  Survival@1.0: 98.6%
  Stopped@1.0:  76.6%
      Phase 2 AE: K_weight=0.4275
        Phase2 Epoch 50/250: loss=0.026237
        Phase2 Epoch 100/250: loss=0.019871
        Phase2 Epoch 150/250: loss=0.011852
        Phase2 Epoch 200/250: loss=0.015241
        Phase2 Epoch 250/250: loss=0.014166
        E_mu=0.0136  E_Sigma=0.0074
      → K
  Precomputing encoder-pullback target...
  Stage 2 epoch 60/300: loss=0.038105
  Stage 2 epoch 120/300: loss=0.024340
  Stage 2 epoch 180/300: loss=0.018847
  Stage 2 epoch 240/300: loss=0.016190
  Stage 2 epoch 300/300: loss=0.016936
  Stage 3 epoch 60/300: loss=0.000001
  Stage 3 epoch 120/300: loss=0.000000
  Stage 3 epoch 180/300: loss=0.000000
  Stage 3 epoch 240/300: loss=0.000000
  Stage 3 epoch 300/300: loss=0.000000
  rcMTE@0.1: 0.2596 (442/500 in region)
  rcMTE@0.5: 0.5171 (402/500 in region)
  rcMTE@1.0: 0.6031 (383/500 in region)
  MTE@0.1: 0.5676
  MTE@0.5: 0.8839
  MTE@1.0: 0.9723
  W2@1.0:  0.4907
  sW2@0.1: 0.3457 (442/500 in region)
  sW2@0.2: 0.3842 (428/500 in region)
  sW2@0.5: 0.4062 (402/500 in region)
  sW2@1.0: 0.4948 (383/500 in region)
  MMD@1.0: 0.2505
  Survival@1.0: 98.6%
  Stopped@1.0:  76.6%
      → K+S
  Precomputing encoder-pullback target...
  Stage 2 epoch 60/300: loss=0.038105
  Stage 2 epoch 120/300: loss=0.024340
  Stage 2 epoch 180/300: loss=0.018847
  Stage 2 epoch 240/300: loss=0.016190
  Stage 2 epoch 300/300: loss=0.016936
  Stage 3 epoch 60/300: loss=0.000001
  Stage 3 epoch 120/300: loss=0.000000
  Stage 3 epoch 180/300: loss=0.000000
  Stage 3 epoch 240/300: loss=0.000000
  Stage 3 epoch 300/300: loss=0.000000
  rcMTE@0.1: 0.2596 (442/500 in region)
  rcMTE@0.5: 0.5171 (402/500 in region)
  rcMTE@1.0: 0.6031 (383/500 in region)
  MTE@0.1: 0.5676
  MTE@0.5: 0.8839
  MTE@1.0: 0.9723
  W2@1.0:  0.4907
  sW2@0.1: 0.3457 (442/500 in region)
  sW2@0.2: 0.3842 (428/500 in region)
  sW2@0.5: 0.4062 (402/500 in region)
  sW2@1.0: 0.4948 (383/500 in region)
  MMD@1.0: 0.2505
  Survival@1.0: 98.6%
  Stopped@1.0:  76.6%

============================================================
  N=100 | D=201 (K=99) | paraboloid | seed=1042
============================================================
    Phase1 Epoch 50/250: loss=0.723372
    Phase1 Epoch 100/250: loss=0.153714
    Phase1 Epoch 150/250: loss=0.071482
    Phase1 Epoch 200/250: loss=0.048997
    Phase1 Epoch 250/250: loss=0.037774
      Phase 2 AE: K_weight=0.0000
        Phase2 Epoch 50/250: loss=0.035225
        Phase2 Epoch 100/250: loss=0.016020
        Phase2 Epoch 150/250: loss=0.016371
        Phase2 Epoch 200/250: loss=0.022500
        Phase2 Epoch 250/250: loss=0.015161
        E_mu=0.0215  E_Sigma=0.0076
      → baseline
  Precomputing encoder-pullback target...
  Stage 2 epoch 60/300: loss=0.021899
  Stage 2 epoch 120/300: loss=0.021805
  Stage 2 epoch 180/300: loss=0.016925
  Stage 2 epoch 240/300: loss=0.013255
  Stage 2 epoch 300/300: loss=0.010455
  Stage 3 epoch 60/300: loss=0.000000
  Stage 3 epoch 120/300: loss=0.000000
  Stage 3 epoch 180/300: loss=0.000000
  Stage 3 epoch 240/300: loss=0.000000
  Stage 3 epoch 300/300: loss=0.000000
  rcMTE@0.1: 0.3899 (455/500 in region)
  rcMTE@0.5: 0.6967 (418/500 in region)
  rcMTE@1.0: 0.8116 (400/500 in region)
  MTE@0.1: 0.7103
  MTE@0.5: 1.1017
  MTE@1.0: 1.2346
  W2@1.0:  0.4218
  sW2@0.1: 0.3588 (455/500 in region)
  sW2@0.2: 0.3874 (440/500 in region)
  sW2@0.5: 0.4809 (418/500 in region)
  sW2@1.0: 0.4377 (400/500 in region)
  MMD@1.0: 0.1658
  Survival@1.0: 99.4%
  Stopped@1.0:  80.0%
      Phase 2 AE: K_weight=0.4275
        Phase2 Epoch 50/250: loss=0.037169
        Phase2 Epoch 100/250: loss=0.019040
        Phase2 Epoch 150/250: loss=0.020722
        Phase2 Epoch 200/250: loss=0.018111
        Phase2 Epoch 250/250: loss=0.007688
        E_mu=0.0172  E_Sigma=0.0059
      → K
  Precomputing encoder-pullback target...
  Stage 2 epoch 60/300: loss=0.021977
  Stage 2 epoch 120/300: loss=0.022069
  Stage 2 epoch 180/300: loss=0.017139
  Stage 2 epoch 240/300: loss=0.013779
  Stage 2 epoch 300/300: loss=0.011186
  Stage 3 epoch 60/300: loss=0.000000
  Stage 3 epoch 120/300: loss=0.000000
  Stage 3 epoch 180/300: loss=0.000000
  Stage 3 epoch 240/300: loss=0.000000
  Stage 3 epoch 300/300: loss=0.000000
  rcMTE@0.1: 0.3899 (455/500 in region)
  rcMTE@0.5: 0.7032 (418/500 in region)
  rcMTE@1.0: 0.8285 (400/500 in region)
  MTE@0.1: 0.6814
  MTE@0.5: 1.0943
  MTE@1.0: 1.2499
  W2@1.0:  0.4276
  sW2@0.1: 0.2868 (455/500 in region)
  sW2@0.2: 0.3348 (440/500 in region)
  sW2@0.5: 0.4521 (418/500 in region)
  sW2@1.0: 0.4487 (400/500 in region)
  MMD@1.0: 0.1429
  Survival@1.0: 99.4%
  Stopped@1.0:  80.0%
      → K+S
  Precomputing encoder-pullback target...
  Stage 2 epoch 60/300: loss=0.021977
  Stage 2 epoch 120/300: loss=0.022069
  Stage 2 epoch 180/300: loss=0.017139
  Stage 2 epoch 240/300: loss=0.013779
  Stage 2 epoch 300/300: loss=0.011186
  Stage 3 epoch 60/300: loss=0.000000
  Stage 3 epoch 120/300: loss=0.000000
  Stage 3 epoch 180/300: loss=0.000000
  Stage 3 epoch 240/300: loss=0.000000
  Stage 3 epoch 300/300: loss=0.000000
  rcMTE@0.1: 0.3899 (455/500 in region)
  rcMTE@0.5: 0.7032 (418/500 in region)
  rcMTE@1.0: 0.8285 (400/500 in region)
  MTE@0.1: 0.6814
  MTE@0.5: 1.0943
  MTE@1.0: 1.2499
  W2@1.0:  0.4276
  sW2@0.1: 0.2868 (455/500 in region)
  sW2@0.2: 0.3348 (440/500 in region)
  sW2@0.5: 0.4521 (418/500 in region)
  sW2@1.0: 0.4487 (400/500 in region)
  MMD@1.0: 0.1429
  Survival@1.0: 99.4%
  Stopped@1.0:  80.0%

============================================================
  N=100 | D=201 (K=99) | paraboloid | seed=2042
============================================================
    Phase1 Epoch 50/250: loss=0.648059
    Phase1 Epoch 100/250: loss=0.129281
    Phase1 Epoch 150/250: loss=0.100780
    Phase1 Epoch 200/250: loss=0.055222
    Phase1 Epoch 250/250: loss=0.030931
      Phase 2 AE: K_weight=0.0000
        Phase2 Epoch 50/250: loss=0.034508
        Phase2 Epoch 100/250: loss=0.034164
        Phase2 Epoch 150/250: loss=0.032632
        Phase2 Epoch 200/250: loss=0.036028
        Phase2 Epoch 250/250: loss=0.068222
        E_mu=0.0342  E_Sigma=0.0183
      → baseline
  Precomputing encoder-pullback target...
  Stage 2 epoch 60/300: loss=0.025411
  Stage 2 epoch 120/300: loss=0.016454
  Stage 2 epoch 180/300: loss=0.014898
  Stage 2 epoch 240/300: loss=0.013286
  Stage 2 epoch 300/300: loss=0.016579
  Stage 3 epoch 60/300: loss=0.000001
  Stage 3 epoch 120/300: loss=0.000001
  Stage 3 epoch 180/300: loss=0.000001
  Stage 3 epoch 240/300: loss=0.000001
  Stage 3 epoch 300/300: loss=0.000001
  rcMTE@0.1: 0.1011 (454/500 in region)
  rcMTE@0.5: 0.2645 (422/500 in region)
  rcMTE@1.0: 0.4052 (406/500 in region)
  MTE@0.1: 0.2878
  MTE@0.5: 0.5025
  MTE@1.0: 0.6945
  W2@1.0:  0.5477
  sW2@0.1: 0.2742 (454/500 in region)
  sW2@0.2: 0.3143 (441/500 in region)
  sW2@0.5: 0.4342 (422/500 in region)
  sW2@1.0: 0.5968 (406/500 in region)
  MMD@1.0: 0.2213
  Survival@1.0: 98.2%
  Stopped@1.0:  81.2%
      Phase 2 AE: K_weight=0.4275
        Phase2 Epoch 50/250: loss=0.040827
        Phase2 Epoch 100/250: loss=0.039678
        Phase2 Epoch 150/250: loss=0.030417
        Phase2 Epoch 200/250: loss=0.022252
        Phase2 Epoch 250/250: loss=0.030372
        E_mu=0.0725  E_Sigma=0.0308
      → K
  Precomputing encoder-pullback target...
  Stage 2 epoch 60/300: loss=0.029598
  Stage 2 epoch 120/300: loss=0.018306
  Stage 2 epoch 180/300: loss=0.016518
  Stage 2 epoch 240/300: loss=0.015058
  Stage 2 epoch 300/300: loss=0.018963
  Stage 3 epoch 60/300: loss=0.000001
  Stage 3 epoch 120/300: loss=0.000001
  Stage 3 epoch 180/300: loss=0.000001
  Stage 3 epoch 240/300: loss=0.000001
  Stage 3 epoch 300/300: loss=0.000001
  rcMTE@0.1: 0.0994 (454/500 in region)
  rcMTE@0.5: 0.2581 (422/500 in region)
  rcMTE@1.0: 0.3951 (406/500 in region)
  MTE@0.1: 0.3967
  MTE@0.5: 0.5761
  MTE@1.0: 0.7438
  W2@1.0:  0.5888
  sW2@0.1: 0.3778 (454/500 in region)
  sW2@0.2: 0.4082 (441/500 in region)
  sW2@0.5: 0.4970 (422/500 in region)
  sW2@1.0: 0.6321 (406/500 in region)
  MMD@1.0: 0.2543
  Survival@1.0: 98.2%
  Stopped@1.0:  81.2%
      → K+S
  Precomputing encoder-pullback target...
  Stage 2 epoch 60/300: loss=0.029598
  Stage 2 epoch 120/300: loss=0.018306
  Stage 2 epoch 180/300: loss=0.016518
  Stage 2 epoch 240/300: loss=0.015058
  Stage 2 epoch 300/300: loss=0.018963
  Stage 3 epoch 60/300: loss=0.000001
  Stage 3 epoch 120/300: loss=0.000001
  Stage 3 epoch 180/300: loss=0.000001
  Stage 3 epoch 240/300: loss=0.000001
  Stage 3 epoch 300/300: loss=0.000001
  rcMTE@0.1: 0.0994 (454/500 in region)
  rcMTE@0.5: 0.2581 (422/500 in region)
  rcMTE@1.0: 0.3951 (406/500 in region)
  MTE@0.1: 0.3967
  MTE@0.5: 0.5761
  MTE@1.0: 0.7438
  W2@1.0:  0.5888
  sW2@0.1: 0.3778 (454/500 in region)
  sW2@0.2: 0.4082 (441/500 in region)
  sW2@0.5: 0.4970 (422/500 in region)
  sW2@1.0: 0.6321 (406/500 in region)
  MMD@1.0: 0.2543
  Survival@1.0: 98.2%
  Stopped@1.0:  81.2%

============================================================
  N=100 | D=201 (K=99) | paraboloid | seed=3042
============================================================
    Phase1 Epoch 50/250: loss=0.592989
    Phase1 Epoch 100/250: loss=0.193797
    Phase1 Epoch 150/250: loss=0.052080
    Phase1 Epoch 200/250: loss=0.017611
    Phase1 Epoch 250/250: loss=0.028197
      Phase 2 AE: K_weight=0.0000
        Phase2 Epoch 50/250: loss=0.019635
        Phase2 Epoch 100/250: loss=0.012200
        Phase2 Epoch 150/250: loss=0.019453
        Phase2 Epoch 200/250: loss=0.021637
        Phase2 Epoch 250/250: loss=0.011344
        E_mu=0.0171  E_Sigma=0.0082
      → baseline
  Precomputing encoder-pullback target...
  Stage 2 epoch 60/300: loss=0.033567
  Stage 2 epoch 120/300: loss=0.027885
  Stage 2 epoch 180/300: loss=0.039547
  Stage 2 epoch 240/300: loss=0.019942
  Stage 2 epoch 300/300: loss=0.011771
  Stage 3 epoch 60/300: loss=0.000001
  Stage 3 epoch 120/300: loss=0.000000
  Stage 3 epoch 180/300: loss=0.000000
  Stage 3 epoch 240/300: loss=0.000000
  Stage 3 epoch 300/300: loss=0.000000
  rcMTE@0.1: 0.0718 (456/500 in region)
  rcMTE@0.5: 0.1605 (402/500 in region)
  rcMTE@1.0: 0.2284 (381/500 in region)
  MTE@0.1: 0.2805
  MTE@0.5: 0.3951
  MTE@1.0: 0.4618
  W2@1.0:  0.3767
  sW2@0.1: 0.2589 (456/500 in region)
  sW2@0.2: 0.2745 (434/500 in region)
  sW2@0.5: 0.3139 (402/500 in region)
  sW2@1.0: 0.3762 (381/500 in region)
  MMD@1.0: 0.1958
  Survival@1.0: 97.4%
  Stopped@1.0:  76.2%
      Phase 2 AE: K_weight=0.4275
        Phase2 Epoch 50/250: loss=0.020832
        Phase2 Epoch 100/250: loss=0.024462
        Phase2 Epoch 150/250: loss=0.006397
        Phase2 Epoch 200/250: loss=0.009835
        Phase2 Epoch 250/250: loss=0.002376
        E_mu=0.0042  E_Sigma=0.0015
      → K
  Precomputing encoder-pullback target...
  Stage 2 epoch 60/300: loss=0.033374
  Stage 2 epoch 120/300: loss=0.028011
  Stage 2 epoch 180/300: loss=0.038538
  Stage 2 epoch 240/300: loss=0.019264
  Stage 2 epoch 300/300: loss=0.011323
  Stage 3 epoch 60/300: loss=0.000001
  Stage 3 epoch 120/300: loss=0.000000
  Stage 3 epoch 180/300: loss=0.000000
  Stage 3 epoch 240/300: loss=0.000000
  Stage 3 epoch 300/300: loss=0.000000
  rcMTE@0.1: 0.0720 (456/500 in region)
  rcMTE@0.5: 0.1617 (402/500 in region)
  rcMTE@1.0: 0.2260 (381/500 in region)
  MTE@0.1: 0.1677
  MTE@0.5: 0.3102
  MTE@1.0: 0.3741
  W2@1.0:  0.2940
  sW2@0.1: 0.1519 (456/500 in region)
  sW2@0.2: 0.1757 (434/500 in region)
  sW2@0.5: 0.2200 (402/500 in region)
  sW2@1.0: 0.2832 (381/500 in region)
  MMD@1.0: 0.1163
  Survival@1.0: 97.4%
  Stopped@1.0:  76.2%
      → K+S
  Precomputing encoder-pullback target...
  Stage 2 epoch 60/300: loss=0.033374
  Stage 2 epoch 120/300: loss=0.028011
  Stage 2 epoch 180/300: loss=0.038538
  Stage 2 epoch 240/300: loss=0.019264
  Stage 2 epoch 300/300: loss=0.011323
  Stage 3 epoch 60/300: loss=0.000001
  Stage 3 epoch 120/300: loss=0.000000
  Stage 3 epoch 180/300: loss=0.000000
  Stage 3 epoch 240/300: loss=0.000000
  Stage 3 epoch 300/300: loss=0.000000
  rcMTE@0.1: 0.0720 (456/500 in region)
  rcMTE@0.5: 0.1617 (402/500 in region)
  rcMTE@1.0: 0.2260 (381/500 in region)
  MTE@0.1: 0.1677
  MTE@0.5: 0.3102
  MTE@1.0: 0.3741
  W2@1.0:  0.2940
  sW2@0.1: 0.1519 (456/500 in region)
  sW2@0.2: 0.1757 (434/500 in region)
  sW2@0.5: 0.2200 (402/500 in region)
  sW2@1.0: 0.2832 (381/500 in region)
  MMD@1.0: 0.1163
  Survival@1.0: 97.4%
  Stopped@1.0:  76.2%

============================================================
  N=100 | D=201 (K=99) | paraboloid | seed=4042
============================================================
    Phase1 Epoch 50/250: loss=0.378487
    Phase1 Epoch 100/250: loss=0.104222
    Phase1 Epoch 150/250: loss=0.058523
    Phase1 Epoch 200/250: loss=0.046070
    Phase1 Epoch 250/250: loss=0.028773
      Phase 2 AE: K_weight=0.0000
        Phase2 Epoch 50/250: loss=0.028201
        Phase2 Epoch 100/250: loss=0.026796
        Phase2 Epoch 150/250: loss=0.015921
        Phase2 Epoch 200/250: loss=0.017926
        Phase2 Epoch 250/250: loss=0.018711
        E_mu=0.0167  E_Sigma=0.0068
      → baseline
  Precomputing encoder-pullback target...
  Stage 2 epoch 60/300: loss=0.031865
  Stage 2 epoch 120/300: loss=0.020550
  Stage 2 epoch 180/300: loss=0.018823
  Stage 2 epoch 240/300: loss=0.015423
  Stage 2 epoch 300/300: loss=0.015571
  Stage 3 epoch 60/300: loss=0.000001
  Stage 3 epoch 120/300: loss=0.000000
  Stage 3 epoch 180/300: loss=0.000000
  Stage 3 epoch 240/300: loss=0.000000
  Stage 3 epoch 300/300: loss=0.000000
  rcMTE@0.1: 0.2589 (443/500 in region)
  rcMTE@0.5: 0.4542 (407/500 in region)
  rcMTE@1.0: 0.5687 (384/500 in region)
  MTE@0.1: 0.6498
  MTE@0.5: 0.8747
  MTE@1.0: 0.9779
  W2@1.0:  0.5802
  sW2@0.1: 0.4893 (443/500 in region)
  sW2@0.2: 0.4884 (424/500 in region)
  sW2@0.5: 0.5406 (407/500 in region)
  sW2@1.0: 0.6234 (384/500 in region)
  MMD@1.0: 0.3267
  Survival@1.0: 98.8%
  Stopped@1.0:  76.8%
      Phase 2 AE: K_weight=0.4275
        Phase2 Epoch 50/250: loss=0.026535
        Phase2 Epoch 100/250: loss=0.014141
        Phase2 Epoch 150/250: loss=0.009424
        Phase2 Epoch 200/250: loss=0.016543
        Phase2 Epoch 250/250: loss=0.012919
        E_mu=0.0145  E_Sigma=0.0044
      → K
  Precomputing encoder-pullback target...
  Stage 2 epoch 60/300: loss=0.030976
  Stage 2 epoch 120/300: loss=0.019954
  Stage 2 epoch 180/300: loss=0.018600
  Stage 2 epoch 240/300: loss=0.016130
  Stage 2 epoch 300/300: loss=0.016891
  Stage 3 epoch 60/300: loss=0.000001
  Stage 3 epoch 120/300: loss=0.000000
  Stage 3 epoch 180/300: loss=0.000000
  Stage 3 epoch 240/300: loss=0.000000
  Stage 3 epoch 300/300: loss=0.000000
  rcMTE@0.1: 0.2540 (443/500 in region)
  rcMTE@0.5: 0.4746 (407/500 in region)
  rcMTE@1.0: 0.5834 (384/500 in region)
  MTE@0.1: 0.6012
  MTE@0.5: 0.8444
  MTE@1.0: 0.9342
  W2@1.0:  0.5150
  sW2@0.1: 0.4382 (443/500 in region)
  sW2@0.2: 0.4740 (424/500 in region)
  sW2@0.5: 0.4841 (407/500 in region)
  sW2@1.0: 0.5310 (384/500 in region)
  MMD@1.0: 0.2697
  Survival@1.0: 98.8%
  Stopped@1.0:  76.8%
      → K+S
  Precomputing encoder-pullback target...
  Stage 2 epoch 60/300: loss=0.030976
  Stage 2 epoch 120/300: loss=0.019954
  Stage 2 epoch 180/300: loss=0.018600
  Stage 2 epoch 240/300: loss=0.016130
  Stage 2 epoch 300/300: loss=0.016891
  Stage 3 epoch 60/300: loss=0.000001
  Stage 3 epoch 120/300: loss=0.000000
  Stage 3 epoch 180/300: loss=0.000000
  Stage 3 epoch 240/300: loss=0.000000
  Stage 3 epoch 300/300: loss=0.000000
  rcMTE@0.1: 0.2540 (443/500 in region)
  rcMTE@0.5: 0.4746 (407/500 in region)
  rcMTE@1.0: 0.5834 (384/500 in region)
  MTE@0.1: 0.6012
  MTE@0.5: 0.8444
  MTE@1.0: 0.9342
  W2@1.0:  0.5150
  sW2@0.1: 0.4382 (443/500 in region)
  sW2@0.2: 0.4740 (424/500 in region)
  sW2@0.5: 0.4841 (407/500 in region)
  sW2@1.0: 0.5310 (384/500 in region)
  MMD@1.0: 0.2697
  Survival@1.0: 98.8%
  Stopped@1.0:  76.8%

============================================================
  N=100 | D=201 (K=99) | paraboloid | seed=5042
============================================================
    Phase1 Epoch 50/250: loss=0.715926
    Phase1 Epoch 100/250: loss=0.130424
    Phase1 Epoch 150/250: loss=0.066261
    Phase1 Epoch 200/250: loss=0.040137
    Phase1 Epoch 250/250: loss=0.021493
      Phase 2 AE: K_weight=0.0000
        Phase2 Epoch 50/250: loss=0.033701
        Phase2 Epoch 100/250: loss=0.014512
        Phase2 Epoch 150/250: loss=0.020636
        Phase2 Epoch 200/250: loss=0.021473
        Phase2 Epoch 250/250: loss=0.006714
        E_mu=0.0141  E_Sigma=0.0060
      → baseline
  Precomputing encoder-pullback target...
  Stage 2 epoch 60/300: loss=0.025744
  Stage 2 epoch 120/300: loss=0.021317
  Stage 2 epoch 180/300: loss=0.019313
  Stage 2 epoch 240/300: loss=0.014483
  Stage 2 epoch 300/300: loss=0.012869
  Stage 3 epoch 60/300: loss=0.000001
  Stage 3 epoch 120/300: loss=0.000000
  Stage 3 epoch 180/300: loss=0.000000
  Stage 3 epoch 240/300: loss=0.000000
  Stage 3 epoch 300/300: loss=0.000000
  rcMTE@0.1: 0.2592 (454/500 in region)
  rcMTE@0.5: 0.4401 (420/500 in region)
  rcMTE@1.0: 0.5650 (403/500 in region)
  MTE@0.1: 0.5235
  MTE@0.5: 0.7675
  MTE@1.0: 0.8624
  W2@1.0:  0.3471
  sW2@0.1: 0.2951 (454/500 in region)
  sW2@0.2: 0.3001 (435/500 in region)
  sW2@0.5: 0.3187 (420/500 in region)
  sW2@1.0: 0.3296 (403/500 in region)
  MMD@1.0: 0.1848
  Survival@1.0: 98.8%
  Stopped@1.0:  80.6%
      Phase 2 AE: K_weight=0.4275
        Phase2 Epoch 50/250: loss=0.026574
        Phase2 Epoch 100/250: loss=0.019482
        Phase2 Epoch 150/250: loss=0.015874
        Phase2 Epoch 200/250: loss=0.022048
        Phase2 Epoch 250/250: loss=0.008236
        E_mu=0.0148  E_Sigma=0.0056
      → K
  Precomputing encoder-pullback target...
  Stage 2 epoch 60/300: loss=0.024979
  Stage 2 epoch 120/300: loss=0.020967
  Stage 2 epoch 180/300: loss=0.019218
  Stage 2 epoch 240/300: loss=0.014110
  Stage 2 epoch 300/300: loss=0.012319
  Stage 3 epoch 60/300: loss=0.000001
  Stage 3 epoch 120/300: loss=0.000000
  Stage 3 epoch 180/300: loss=0.000000
  Stage 3 epoch 240/300: loss=0.000000
  Stage 3 epoch 300/300: loss=0.000000
  rcMTE@0.1: 0.2657 (454/500 in region)
  rcMTE@0.5: 0.4478 (420/500 in region)
  rcMTE@1.0: 0.5726 (403/500 in region)
  MTE@0.1: 0.4738
  MTE@0.5: 0.7386
  MTE@1.0: 0.8471
  W2@1.0:  0.3288
  sW2@0.1: 0.2247 (454/500 in region)
  sW2@0.2: 0.2355 (435/500 in region)
  sW2@0.5: 0.2713 (420/500 in region)
  sW2@1.0: 0.3028 (403/500 in region)
  MMD@1.0: 0.1618
  Survival@1.0: 98.8%
  Stopped@1.0:  80.6%
      → K+S
  Precomputing encoder-pullback target...
  Stage 2 epoch 60/300: loss=0.024979
  Stage 2 epoch 120/300: loss=0.020967
  Stage 2 epoch 180/300: loss=0.019218
  Stage 2 epoch 240/300: loss=0.014110
  Stage 2 epoch 300/300: loss=0.012319
  Stage 3 epoch 60/300: loss=0.000001
  Stage 3 epoch 120/300: loss=0.000000
  Stage 3 epoch 180/300: loss=0.000000
  Stage 3 epoch 240/300: loss=0.000000
  Stage 3 epoch 300/300: loss=0.000000
  rcMTE@0.1: 0.2657 (454/500 in region)
  rcMTE@0.5: 0.4478 (420/500 in region)
  rcMTE@1.0: 0.5726 (403/500 in region)
  MTE@0.1: 0.4738
  MTE@0.5: 0.7386
  MTE@1.0: 0.8471
  W2@1.0:  0.3288
  sW2@0.1: 0.2247 (454/500 in region)
  sW2@0.2: 0.2355 (435/500 in region)
  sW2@0.5: 0.2713 (420/500 in region)
  sW2@1.0: 0.3028 (403/500 in region)
  MMD@1.0: 0.1618
  Survival@1.0: 98.8%
  Stopped@1.0:  80.6%

============================================================
  N=100 | D=201 (K=99) | paraboloid | seed=6042
============================================================
    Phase1 Epoch 50/250: loss=0.621142
    Phase1 Epoch 100/250: loss=0.082875
    Phase1 Epoch 150/250: loss=0.045507
    Phase1 Epoch 200/250: loss=0.031607
    Phase1 Epoch 250/250: loss=0.027163
      Phase 2 AE: K_weight=0.0000
        Phase2 Epoch 50/250: loss=0.019356
        Phase2 Epoch 100/250: loss=0.023717
        Phase2 Epoch 150/250: loss=0.024592
        Phase2 Epoch 200/250: loss=0.015465
        Phase2 Epoch 250/250: loss=0.005031
        E_mu=0.0105  E_Sigma=0.0039
      → baseline
  Precomputing encoder-pullback target...
  Stage 2 epoch 60/300: loss=0.033980
  Stage 2 epoch 120/300: loss=0.027318
  Stage 2 epoch 180/300: loss=0.021941
  Stage 2 epoch 240/300: loss=0.021333
  Stage 2 epoch 300/300: loss=0.022236
  Stage 3 epoch 60/300: loss=0.000001
  Stage 3 epoch 120/300: loss=0.000000
  Stage 3 epoch 180/300: loss=0.000000
  Stage 3 epoch 240/300: loss=0.000000
  Stage 3 epoch 300/300: loss=0.000000
  rcMTE@0.1: 0.2538 (452/500 in region)
  rcMTE@0.5: 0.4886 (406/500 in region)
  rcMTE@1.0: 0.5918 (392/500 in region)
  MTE@0.1: 0.4293
  MTE@0.5: 0.7671
  MTE@1.0: 0.8473
  W2@1.0:  0.4110
  sW2@0.1: 0.1873 (452/500 in region)
  sW2@0.2: 0.2221 (428/500 in region)
  sW2@0.5: 0.3205 (406/500 in region)
  sW2@1.0: 0.4785 (392/500 in region)
  MMD@1.0: 0.1727
  Survival@1.0: 98.6%
  Stopped@1.0:  78.4%
      Phase 2 AE: K_weight=0.4275
        Phase2 Epoch 50/250: loss=0.030874
        Phase2 Epoch 100/250: loss=0.021157
        Phase2 Epoch 150/250: loss=0.008554
        Phase2 Epoch 200/250: loss=0.016792
        Phase2 Epoch 250/250: loss=0.008054
        E_mu=0.0108  E_Sigma=0.0039
      → K
  Precomputing encoder-pullback target...
  Stage 2 epoch 60/300: loss=0.032855
  Stage 2 epoch 120/300: loss=0.026404
  Stage 2 epoch 180/300: loss=0.021148
  Stage 2 epoch 240/300: loss=0.020522
  Stage 2 epoch 300/300: loss=0.020816
  Stage 3 epoch 60/300: loss=0.000001
  Stage 3 epoch 120/300: loss=0.000000
  Stage 3 epoch 180/300: loss=0.000000
  Stage 3 epoch 240/300: loss=0.000000
  Stage 3 epoch 300/300: loss=0.000000
  rcMTE@0.1: 0.2536 (452/500 in region)
  rcMTE@0.5: 0.4865 (406/500 in region)
  rcMTE@1.0: 0.5864 (392/500 in region)
  MTE@0.1: 0.4992
  MTE@0.5: 0.8079
  MTE@1.0: 0.8783
  W2@1.0:  0.4381
  sW2@0.1: 0.2874 (452/500 in region)
  sW2@0.2: 0.3114 (428/500 in region)
  sW2@0.5: 0.3737 (406/500 in region)
  sW2@1.0: 0.4951 (392/500 in region)
  MMD@1.0: 0.2129
  Survival@1.0: 98.6%
  Stopped@1.0:  78.4%
      → K+S
  Precomputing encoder-pullback target...
  Stage 2 epoch 60/300: loss=0.032855
  Stage 2 epoch 120/300: loss=0.026404
  Stage 2 epoch 180/300: loss=0.021148
  Stage 2 epoch 240/300: loss=0.020522
  Stage 2 epoch 300/300: loss=0.020816
  Stage 3 epoch 60/300: loss=0.000001
  Stage 3 epoch 120/300: loss=0.000000
  Stage 3 epoch 180/300: loss=0.000000
  Stage 3 epoch 240/300: loss=0.000000
  Stage 3 epoch 300/300: loss=0.000000
  rcMTE@0.1: 0.2536 (452/500 in region)
  rcMTE@0.5: 0.4865 (406/500 in region)
  rcMTE@1.0: 0.5864 (392/500 in region)
  MTE@0.1: 0.4992
  MTE@0.5: 0.8079
  MTE@1.0: 0.8783
  W2@1.0:  0.4381
  sW2@0.1: 0.2874 (452/500 in region)
  sW2@0.2: 0.3114 (428/500 in region)
  sW2@0.5: 0.3737 (406/500 in region)
  sW2@1.0: 0.4951 (392/500 in region)
  MMD@1.0: 0.2129
  Survival@1.0: 98.6%
  Stopped@1.0:  78.4%

============================================================
  N=100 | D=201 (K=99) | paraboloid | seed=7042
============================================================
    Phase1 Epoch 50/250: loss=0.666593
    Phase1 Epoch 100/250: loss=0.136254
    Phase1 Epoch 150/250: loss=0.055406
    Phase1 Epoch 200/250: loss=0.046805
    Phase1 Epoch 250/250: loss=0.038768
      Phase 2 AE: K_weight=0.0000
        Phase2 Epoch 50/250: loss=0.045017
        Phase2 Epoch 100/250: loss=0.041069
        Phase2 Epoch 150/250: loss=0.022371
        Phase2 Epoch 200/250: loss=0.045845
        Phase2 Epoch 250/250: loss=0.022969
        E_mu=0.0351  E_Sigma=0.0203
      → baseline
  Precomputing encoder-pullback target...
  Stage 2 epoch 60/300: loss=0.029735
  Stage 2 epoch 120/300: loss=0.023828
  Stage 2 epoch 180/300: loss=0.015899
  Stage 2 epoch 240/300: loss=0.013696
  Stage 2 epoch 300/300: loss=0.012884
  Stage 3 epoch 60/300: loss=0.000001
  Stage 3 epoch 120/300: loss=0.000001
  Stage 3 epoch 180/300: loss=0.000001
  Stage 3 epoch 240/300: loss=0.000001
  Stage 3 epoch 300/300: loss=0.000001
  rcMTE@0.1: 0.2647 (457/500 in region)
  rcMTE@0.5: 0.4890 (420/500 in region)
  rcMTE@1.0: 0.6033 (396/500 in region)
  MTE@0.1: 0.5927
  MTE@0.5: 0.8544
  MTE@1.0: 0.9884
  W2@1.0:  0.5708
  sW2@0.1: 0.3976 (457/500 in region)
  sW2@0.2: 0.4178 (438/500 in region)
  sW2@0.5: 0.5024 (420/500 in region)
  sW2@1.0: 0.5919 (396/500 in region)
  MMD@1.0: 0.2987
  Survival@1.0: 99.2%
  Stopped@1.0:  79.2%
      Phase 2 AE: K_weight=0.4275
        Phase2 Epoch 50/250: loss=0.036824
        Phase2 Epoch 100/250: loss=0.024322
        Phase2 Epoch 150/250: loss=0.024494
        Phase2 Epoch 200/250: loss=0.008273
        Phase2 Epoch 250/250: loss=0.008487
        E_mu=0.0174  E_Sigma=0.0054
      → K
  Precomputing encoder-pullback target...
  Stage 2 epoch 60/300: loss=0.027282
  Stage 2 epoch 120/300: loss=0.023477
  Stage 2 epoch 180/300: loss=0.015896
  Stage 2 epoch 240/300: loss=0.013738
  Stage 2 epoch 300/300: loss=0.012815
  Stage 3 epoch 60/300: loss=0.000000
  Stage 3 epoch 120/300: loss=0.000000
  Stage 3 epoch 180/300: loss=0.000000
  Stage 3 epoch 240/300: loss=0.000000
  Stage 3 epoch 300/300: loss=0.000000
  rcMTE@0.1: 0.2592 (457/500 in region)
  rcMTE@0.5: 0.4842 (420/500 in region)
  rcMTE@1.0: 0.5925 (396/500 in region)
  MTE@0.1: 0.4599
  MTE@0.5: 0.7676
  MTE@1.0: 0.9089
  W2@1.0:  0.4447
  sW2@0.1: 0.1976 (457/500 in region)
  sW2@0.2: 0.2425 (438/500 in region)
  sW2@0.5: 0.3691 (420/500 in region)
  sW2@1.0: 0.4735 (396/500 in region)
  MMD@1.0: 0.1970
  Survival@1.0: 99.2%
  Stopped@1.0:  79.2%
      → K+S
  Precomputing encoder-pullback target...
  Stage 2 epoch 60/300: loss=0.027282
  Stage 2 epoch 120/300: loss=0.023477
  Stage 2 epoch 180/300: loss=0.015896
  Stage 2 epoch 240/300: loss=0.013738
  Stage 2 epoch 300/300: loss=0.012815
  Stage 3 epoch 60/300: loss=0.000000
  Stage 3 epoch 120/300: loss=0.000000
  Stage 3 epoch 180/300: loss=0.000000
  Stage 3 epoch 240/300: loss=0.000000
  Stage 3 epoch 300/300: loss=0.000000
  rcMTE@0.1: 0.2592 (457/500 in region)
  rcMTE@0.5: 0.4842 (420/500 in region)
  rcMTE@1.0: 0.5925 (396/500 in region)
  MTE@0.1: 0.4599
  MTE@0.5: 0.7676
  MTE@1.0: 0.9089
  W2@1.0:  0.4447
  sW2@0.1: 0.1976 (457/500 in region)
  sW2@0.2: 0.2425 (438/500 in region)
  sW2@0.5: 0.3691 (420/500 in region)
  sW2@1.0: 0.4735 (396/500 in region)
  MMD@1.0: 0.1970
  Survival@1.0: 99.2%
  Stopped@1.0:  79.2%

============================================================
  N=100 | D=201 (K=99) | paraboloid | seed=8042
============================================================
    Phase1 Epoch 50/250: loss=0.617309
    Phase1 Epoch 100/250: loss=0.173027
    Phase1 Epoch 150/250: loss=0.083185
    Phase1 Epoch 200/250: loss=0.047503
    Phase1 Epoch 250/250: loss=0.027594
      Phase 2 AE: K_weight=0.0000
        Phase2 Epoch 50/250: loss=0.047031
        Phase2 Epoch 100/250: loss=0.046583
        Phase2 Epoch 150/250: loss=0.024969
        Phase2 Epoch 200/250: loss=0.027842
        Phase2 Epoch 250/250: loss=0.023644
        E_mu=0.0376  E_Sigma=0.0207
      → baseline
  Precomputing encoder-pullback target...
  Stage 2 epoch 60/300: loss=0.052735
  Stage 2 epoch 120/300: loss=0.024843
  Stage 2 epoch 180/300: loss=0.027857
  Stage 2 epoch 240/300: loss=0.022625
  Stage 2 epoch 300/300: loss=0.016471
  Stage 3 epoch 60/300: loss=0.000006
  Stage 3 epoch 120/300: loss=0.000006
  Stage 3 epoch 180/300: loss=0.000005
  Stage 3 epoch 240/300: loss=0.000003
  Stage 3 epoch 300/300: loss=0.000002
  rcMTE@0.1: 0.2731 (448/500 in region)
  rcMTE@0.5: 0.4944 (421/500 in region)
  rcMTE@1.0: 0.6082 (398/500 in region)
  MTE@0.1: 0.5206
  MTE@0.5: 0.8409
  MTE@1.0: 1.0598
  W2@1.0:  0.7350
  sW2@0.1: 0.3224 (448/500 in region)
  sW2@0.2: 0.3774 (438/500 in region)
  sW2@0.5: 0.5137 (421/500 in region)
  sW2@1.0: 0.6973 (398/500 in region)
  MMD@1.0: 0.2022
  Survival@1.0: 99.0%
  Stopped@1.0:  79.6%
      Phase 2 AE: K_weight=0.4275
        Phase2 Epoch 50/250: loss=0.035227
        Phase2 Epoch 100/250: loss=0.023791
        Phase2 Epoch 150/250: loss=0.020917
        Phase2 Epoch 200/250: loss=0.026123
        Phase2 Epoch 250/250: loss=0.018946
        E_mu=0.0465  E_Sigma=0.0207
      → K
  Precomputing encoder-pullback target...
  Stage 2 epoch 60/300: loss=0.053595
  Stage 2 epoch 120/300: loss=0.025771
  Stage 2 epoch 180/300: loss=0.028767
  Stage 2 epoch 240/300: loss=0.022838
  Stage 2 epoch 300/300: loss=0.016536
  Stage 3 epoch 60/300: loss=0.000006
  Stage 3 epoch 120/300: loss=0.000006
  Stage 3 epoch 180/300: loss=0.000005
  Stage 3 epoch 240/300: loss=0.000003
  Stage 3 epoch 300/300: loss=0.000002
  rcMTE@0.1: 0.2827 (448/500 in region)
  rcMTE@0.5: 0.5094 (421/500 in region)
  rcMTE@1.0: 0.6114 (398/500 in region)
  MTE@0.1: 0.5452
  MTE@0.5: 0.8685
  MTE@1.0: 1.0796
  W2@1.0:  0.7442
  sW2@0.1: 0.3480 (448/500 in region)
  sW2@0.2: 0.3999 (438/500 in region)
  sW2@0.5: 0.5385 (421/500 in region)
  sW2@1.0: 0.7068 (398/500 in region)
  MMD@1.0: 0.2183
  Survival@1.0: 99.0%
  Stopped@1.0:  79.6%
      → K+S
  Precomputing encoder-pullback target...
  Stage 2 epoch 60/300: loss=0.053595
  Stage 2 epoch 120/300: loss=0.025771
  Stage 2 epoch 180/300: loss=0.028767
  Stage 2 epoch 240/300: loss=0.022838
  Stage 2 epoch 300/300: loss=0.016536
  Stage 3 epoch 60/300: loss=0.000006
  Stage 3 epoch 120/300: loss=0.000006
  Stage 3 epoch 180/300: loss=0.000005
  Stage 3 epoch 240/300: loss=0.000003
  Stage 3 epoch 300/300: loss=0.000002
  rcMTE@0.1: 0.2827 (448/500 in region)
  rcMTE@0.5: 0.5094 (421/500 in region)
  rcMTE@1.0: 0.6114 (398/500 in region)
  MTE@0.1: 0.5452
  MTE@0.5: 0.8685
  MTE@1.0: 1.0796
  W2@1.0:  0.7442
  sW2@0.1: 0.3480 (448/500 in region)
  sW2@0.2: 0.3999 (438/500 in region)
  sW2@0.5: 0.5385 (421/500 in region)
  sW2@1.0: 0.7068 (398/500 in region)
  MMD@1.0: 0.2183
  Survival@1.0: 99.0%
  Stopped@1.0:  79.6%

============================================================
  N=100 | D=201 (K=99) | paraboloid | seed=9042
============================================================
    Phase1 Epoch 50/250: loss=0.715067
    Phase1 Epoch 100/250: loss=0.132455
    Phase1 Epoch 150/250: loss=0.060201
    Phase1 Epoch 200/250: loss=0.036314
    Phase1 Epoch 250/250: loss=0.021410
      Phase 2 AE: K_weight=0.0000
        Phase2 Epoch 50/250: loss=0.020994
        Phase2 Epoch 100/250: loss=0.018810
        Phase2 Epoch 150/250: loss=0.032391
        Phase2 Epoch 200/250: loss=0.012842
        Phase2 Epoch 250/250: loss=0.011038
        E_mu=0.0121  E_Sigma=0.0048
      → baseline
  Precomputing encoder-pullback target...
  Stage 2 epoch 60/300: loss=0.029581
  Stage 2 epoch 120/300: loss=0.018222
  Stage 2 epoch 180/300: loss=0.016101
  Stage 2 epoch 240/300: loss=0.017026
  Stage 2 epoch 300/300: loss=0.022403
  Stage 3 epoch 60/300: loss=0.000000
  Stage 3 epoch 120/300: loss=0.000000
  Stage 3 epoch 180/300: loss=0.000000
  Stage 3 epoch 240/300: loss=0.000000
  Stage 3 epoch 300/300: loss=0.000000
  rcMTE@0.1: 0.2906 (444/500 in region)
  rcMTE@0.5: 0.4522 (406/500 in region)
  rcMTE@1.0: 0.5360 (388/500 in region)
  MTE@0.1: 0.5521
  MTE@0.5: 0.7819
  MTE@1.0: 0.8672
  W2@1.0:  0.4568
  sW2@0.1: 0.3214 (444/500 in region)
  sW2@0.2: 0.3739 (429/500 in region)
  sW2@0.5: 0.3821 (406/500 in region)
  sW2@1.0: 0.4417 (388/500 in region)
  MMD@1.0: 0.2017
  Survival@1.0: 99.0%
  Stopped@1.0:  77.6%
      Phase 2 AE: K_weight=0.4275
        Phase2 Epoch 50/250: loss=0.029658
        Phase2 Epoch 100/250: loss=0.021702
        Phase2 Epoch 150/250: loss=0.022646
        Phase2 Epoch 200/250: loss=0.010927
        Phase2 Epoch 250/250: loss=0.004216
        E_mu=0.0076  E_Sigma=0.0023
      → K
  Precomputing encoder-pullback target...
  Stage 2 epoch 60/300: loss=0.032854
  Stage 2 epoch 120/300: loss=0.020238
  Stage 2 epoch 180/300: loss=0.017782
  Stage 2 epoch 240/300: loss=0.018703
  Stage 2 epoch 300/300: loss=0.024559
  Stage 3 epoch 60/300: loss=0.000000
  Stage 3 epoch 120/300: loss=0.000000
  Stage 3 epoch 180/300: loss=0.000000
  Stage 3 epoch 240/300: loss=0.000000
  Stage 3 epoch 300/300: loss=0.000000
  rcMTE@0.1: 0.2897 (444/500 in region)
  rcMTE@0.5: 0.4521 (406/500 in region)
  rcMTE@1.0: 0.5457 (388/500 in region)
  MTE@0.1: 0.4914
  MTE@0.5: 0.7424
  MTE@1.0: 0.8493
  W2@1.0:  0.4518
  sW2@0.1: 0.2445 (444/500 in region)
  sW2@0.2: 0.3103 (429/500 in region)
  sW2@0.5: 0.3421 (406/500 in region)
  sW2@1.0: 0.4600 (388/500 in region)
  MMD@1.0: 0.1772
  Survival@1.0: 99.0%
  Stopped@1.0:  77.6%
      → K+S
  Precomputing encoder-pullback target...
  Stage 2 epoch 60/300: loss=0.032854
  Stage 2 epoch 120/300: loss=0.020238
  Stage 2 epoch 180/300: loss=0.017782
  Stage 2 epoch 240/300: loss=0.018703
  Stage 2 epoch 300/300: loss=0.024559
  Stage 3 epoch 60/300: loss=0.000000
  Stage 3 epoch 120/300: loss=0.000000
  Stage 3 epoch 180/300: loss=0.000000
  Stage 3 epoch 240/300: loss=0.000000
  Stage 3 epoch 300/300: loss=0.000000
  rcMTE@0.1: 0.2897 (444/500 in region)
  rcMTE@0.5: 0.4521 (406/500 in region)
  rcMTE@1.0: 0.5457 (388/500 in region)
  MTE@0.1: 0.4914
  MTE@0.5: 0.7424
  MTE@1.0: 0.8493
  W2@1.0:  0.4518
  sW2@0.1: 0.2445 (444/500 in region)
  sW2@0.2: 0.3103 (429/500 in region)
  sW2@0.5: 0.3421 (406/500 in region)
  sW2@1.0: 0.4600 (388/500 in region)
  MMD@1.0: 0.1772
  Survival@1.0: 99.0%
  Stopped@1.0:  77.6%

============================================================
  N=100 | D=201 (K=99) | hyperbolic_paraboloid | seed=42
============================================================
    Phase1 Epoch 50/250: loss=0.744988
    Phase1 Epoch 100/250: loss=0.209766
    Phase1 Epoch 150/250: loss=0.060367
    Phase1 Epoch 200/250: loss=0.029057
    Phase1 Epoch 250/250: loss=0.013731
      Phase 2 AE: K_weight=0.0000
        Phase2 Epoch 50/250: loss=0.012589
        Phase2 Epoch 100/250: loss=0.015017
        Phase2 Epoch 150/250: loss=0.007003
        Phase2 Epoch 200/250: loss=0.011125
        Phase2 Epoch 250/250: loss=0.009278
        E_mu=0.0109  E_Sigma=0.0046
      → baseline
  Precomputing encoder-pullback target...
  Stage 2 epoch 60/300: loss=0.024327
  Stage 2 epoch 120/300: loss=0.016403
  Stage 2 epoch 180/300: loss=0.012413
  Stage 2 epoch 240/300: loss=0.009629
  Stage 2 epoch 300/300: loss=0.008876
  Stage 3 epoch 60/300: loss=0.000001
  Stage 3 epoch 120/300: loss=0.000000
  Stage 3 epoch 180/300: loss=0.000000
  Stage 3 epoch 240/300: loss=0.000000
  Stage 3 epoch 300/300: loss=0.000000
  rcMTE@0.1: 0.2535 (442/500 in region)
  rcMTE@0.5: 0.4503 (402/500 in region)
  rcMTE@1.0: 0.5227 (383/500 in region)
  MTE@0.1: 0.4773
  MTE@0.5: 0.8001
  MTE@1.0: 0.8718
  W2@1.0:  0.3343
  sW2@0.1: 0.2223 (442/500 in region)
  sW2@0.2: 0.2440 (428/500 in region)
  sW2@0.5: 0.3029 (402/500 in region)
  sW2@1.0: 0.3661 (383/500 in region)
  MMD@1.0: 0.1424
  Survival@1.0: 98.6%
  Stopped@1.0:  76.6%
      Phase 2 AE: K_weight=0.4275
        Phase2 Epoch 50/250: loss=0.028415
        Phase2 Epoch 100/250: loss=0.009434
        Phase2 Epoch 150/250: loss=0.035743
        Phase2 Epoch 200/250: loss=0.005787
        Phase2 Epoch 250/250: loss=0.005363
        E_mu=0.0113  E_Sigma=0.0042
      → K
  Precomputing encoder-pullback target...
  Stage 2 epoch 60/300: loss=0.025195
  Stage 2 epoch 120/300: loss=0.017713
  Stage 2 epoch 180/300: loss=0.013259
  Stage 2 epoch 240/300: loss=0.010094
  Stage 2 epoch 300/300: loss=0.009038
  Stage 3 epoch 60/300: loss=0.000001
  Stage 3 epoch 120/300: loss=0.000000
  Stage 3 epoch 180/300: loss=0.000000
  Stage 3 epoch 240/300: loss=0.000000
  Stage 3 epoch 300/300: loss=0.000000
  rcMTE@0.1: 0.2473 (442/500 in region)
  rcMTE@0.5: 0.4426 (402/500 in region)
  rcMTE@1.0: 0.5172 (383/500 in region)
  MTE@0.1: 0.4577
  MTE@0.5: 0.7906
  MTE@1.0: 0.8592
  W2@1.0:  0.3128
  sW2@0.1: 0.2028 (442/500 in region)
  sW2@0.2: 0.2344 (428/500 in region)
  sW2@0.5: 0.2821 (402/500 in region)
  sW2@1.0: 0.3324 (383/500 in region)
  MMD@1.0: 0.1142
  Survival@1.0: 98.6%
  Stopped@1.0:  76.6%
      → K+S
  Precomputing encoder-pullback target...
  Stage 2 epoch 60/300: loss=0.025195
  Stage 2 epoch 120/300: loss=0.017713
  Stage 2 epoch 180/300: loss=0.013259
  Stage 2 epoch 240/300: loss=0.010094
  Stage 2 epoch 300/300: loss=0.009038
  Stage 3 epoch 60/300: loss=0.000001
  Stage 3 epoch 120/300: loss=0.000000
  Stage 3 epoch 180/300: loss=0.000000
  Stage 3 epoch 240/300: loss=0.000000
  Stage 3 epoch 300/300: loss=0.000000
  rcMTE@0.1: 0.2473 (442/500 in region)
  rcMTE@0.5: 0.4426 (402/500 in region)
  rcMTE@1.0: 0.5172 (383/500 in region)
  MTE@0.1: 0.4577
  MTE@0.5: 0.7906
  MTE@1.0: 0.8592
  W2@1.0:  0.3128
  sW2@0.1: 0.2028 (442/500 in region)
  sW2@0.2: 0.2344 (428/500 in region)
  sW2@0.5: 0.2821 (402/500 in region)
  sW2@1.0: 0.3324 (383/500 in region)
  MMD@1.0: 0.1142
  Survival@1.0: 98.6%
  Stopped@1.0:  76.6%

============================================================
  N=100 | D=201 (K=99) | hyperbolic_paraboloid | seed=1042
============================================================
    Phase1 Epoch 50/250: loss=0.477919
    Phase1 Epoch 100/250: loss=0.129123
    Phase1 Epoch 150/250: loss=0.068917
    Phase1 Epoch 200/250: loss=0.024575
    Phase1 Epoch 250/250: loss=0.018388
      Phase 2 AE: K_weight=0.0000
        Phase2 Epoch 50/250: loss=0.017989
        Phase2 Epoch 100/250: loss=0.019651
        Phase2 Epoch 150/250: loss=0.005431
        Phase2 Epoch 200/250: loss=0.008300
        Phase2 Epoch 250/250: loss=0.008344
        E_mu=0.0107  E_Sigma=0.0044
      → baseline
  Precomputing encoder-pullback target...
  Stage 2 epoch 60/300: loss=0.017770
  Stage 2 epoch 120/300: loss=0.018130
  Stage 2 epoch 180/300: loss=0.013112
  Stage 2 epoch 240/300: loss=0.010870
  Stage 2 epoch 300/300: loss=0.009379
  Stage 3 epoch 60/300: loss=0.000000
  Stage 3 epoch 120/300: loss=0.000000
  Stage 3 epoch 180/300: loss=0.000000
  Stage 3 epoch 240/300: loss=0.000000
  Stage 3 epoch 300/300: loss=0.000000
  rcMTE@0.1: 0.3896 (455/500 in region)
  rcMTE@0.5: 0.7062 (418/500 in region)
  rcMTE@1.0: 0.8394 (400/500 in region)
  MTE@0.1: 0.7061
  MTE@0.5: 1.1214
  MTE@1.0: 1.2823
  W2@1.0:  0.4819
  sW2@0.1: 0.3100 (455/500 in region)
  sW2@0.2: 0.3601 (440/500 in region)
  sW2@0.5: 0.4626 (418/500 in region)
  sW2@1.0: 0.4988 (400/500 in region)
  MMD@1.0: 0.1791
  Survival@1.0: 99.4%
  Stopped@1.0:  80.0%
      Phase 2 AE: K_weight=0.4275
        Phase2 Epoch 50/250: loss=0.014878
        Phase2 Epoch 100/250: loss=0.009490
        Phase2 Epoch 150/250: loss=0.009164
        Phase2 Epoch 200/250: loss=0.005424
        Phase2 Epoch 250/250: loss=0.006693
        E_mu=0.0078  E_Sigma=0.0030
      → K
  Precomputing encoder-pullback target...
  Stage 2 epoch 60/300: loss=0.017750
  Stage 2 epoch 120/300: loss=0.018355
  Stage 2 epoch 180/300: loss=0.013127
  Stage 2 epoch 240/300: loss=0.010914
  Stage 2 epoch 300/300: loss=0.009369
  Stage 3 epoch 60/300: loss=0.000000
  Stage 3 epoch 120/300: loss=0.000000
  Stage 3 epoch 180/300: loss=0.000000
  Stage 3 epoch 240/300: loss=0.000000
  Stage 3 epoch 300/300: loss=0.000000
  rcMTE@0.1: 0.3925 (455/500 in region)
  rcMTE@0.5: 0.7116 (418/500 in region)
  rcMTE@1.0: 0.8452 (400/500 in region)
  MTE@0.1: 0.6655
  MTE@0.5: 1.0940
  MTE@1.0: 1.2579
  W2@1.0:  0.4301
  sW2@0.1: 0.2385 (455/500 in region)
  sW2@0.2: 0.2933 (440/500 in region)
  sW2@0.5: 0.4168 (418/500 in region)
  sW2@1.0: 0.4506 (400/500 in region)
  MMD@1.0: 0.1333
  Survival@1.0: 99.4%
  Stopped@1.0:  80.0%
      → K+S
  Precomputing encoder-pullback target...
  Stage 2 epoch 60/300: loss=0.017750
  Stage 2 epoch 120/300: loss=0.018355
  Stage 2 epoch 180/300: loss=0.013127
  Stage 2 epoch 240/300: loss=0.010914
  Stage 2 epoch 300/300: loss=0.009369
  Stage 3 epoch 60/300: loss=0.000000
  Stage 3 epoch 120/300: loss=0.000000
  Stage 3 epoch 180/300: loss=0.000000
  Stage 3 epoch 240/300: loss=0.000000
  Stage 3 epoch 300/300: loss=0.000000
  rcMTE@0.1: 0.3925 (455/500 in region)
  rcMTE@0.5: 0.7116 (418/500 in region)
  rcMTE@1.0: 0.8452 (400/500 in region)
  MTE@0.1: 0.6655
  MTE@0.5: 1.0940
  MTE@1.0: 1.2579
  W2@1.0:  0.4301
  sW2@0.1: 0.2385 (455/500 in region)
  sW2@0.2: 0.2933 (440/500 in region)
  sW2@0.5: 0.4168 (418/500 in region)
  sW2@1.0: 0.4506 (400/500 in region)
  MMD@1.0: 0.1333
  Survival@1.0: 99.4%
  Stopped@1.0:  80.0%

============================================================
  N=100 | D=201 (K=99) | hyperbolic_paraboloid | seed=2042
============================================================
    Phase1 Epoch 50/250: loss=0.718310
    Phase1 Epoch 100/250: loss=0.104981
    Phase1 Epoch 150/250: loss=0.086204
    Phase1 Epoch 200/250: loss=0.038736
    Phase1 Epoch 250/250: loss=0.035547
      Phase 2 AE: K_weight=0.0000
        Phase2 Epoch 50/250: loss=0.045455
        Phase2 Epoch 100/250: loss=0.028533
        Phase2 Epoch 150/250: loss=0.021441
        Phase2 Epoch 200/250: loss=0.022266
        Phase2 Epoch 250/250: loss=0.018591
        E_mu=0.0217  E_Sigma=0.0126
      → baseline
  Precomputing encoder-pullback target...
  Stage 2 epoch 60/300: loss=0.020072
  Stage 2 epoch 120/300: loss=0.012766
  Stage 2 epoch 180/300: loss=0.011624
  Stage 2 epoch 240/300: loss=0.010891
  Stage 2 epoch 300/300: loss=0.013026
  Stage 3 epoch 60/300: loss=0.000001
  Stage 3 epoch 120/300: loss=0.000000
  Stage 3 epoch 180/300: loss=0.000000
  Stage 3 epoch 240/300: loss=0.000000
  Stage 3 epoch 300/300: loss=0.000000
  rcMTE@0.1: 0.0883 (454/500 in region)
  rcMTE@0.5: 0.2328 (422/500 in region)
  rcMTE@1.0: 0.3932 (406/500 in region)
  MTE@0.1: 0.2130
  MTE@0.5: 0.4063
  MTE@1.0: 0.6363
  W2@1.0:  0.6416
  sW2@0.1: 0.1998 (454/500 in region)
  sW2@0.2: 0.2374 (441/500 in region)
  sW2@0.5: 0.3713 (422/500 in region)
  sW2@1.0: 0.6133 (406/500 in region)
  MMD@1.0: 0.1848
  Survival@1.0: 98.2%
  Stopped@1.0:  81.2%
      Phase 2 AE: K_weight=0.4275
        Phase2 Epoch 50/250: loss=0.039025
        Phase2 Epoch 100/250: loss=0.029491
        Phase2 Epoch 150/250: loss=0.021885
        Phase2 Epoch 200/250: loss=0.014597
        Phase2 Epoch 250/250: loss=0.019367
        E_mu=0.0252  E_Sigma=0.0110
      → K
  Precomputing encoder-pullback target...
  Stage 2 epoch 60/300: loss=0.021373
  Stage 2 epoch 120/300: loss=0.013728
  Stage 2 epoch 180/300: loss=0.012586
  Stage 2 epoch 240/300: loss=0.011920
  Stage 2 epoch 300/300: loss=0.014114
  Stage 3 epoch 60/300: loss=0.000001
  Stage 3 epoch 120/300: loss=0.000001
  Stage 3 epoch 180/300: loss=0.000001
  Stage 3 epoch 240/300: loss=0.000001
  Stage 3 epoch 300/300: loss=0.000000
  rcMTE@0.1: 0.1144 (454/500 in region)
  rcMTE@0.5: 0.2939 (422/500 in region)
  rcMTE@1.0: 0.5064 (406/500 in region)
  MTE@0.1: 0.2657
  MTE@0.5: 0.5079
  MTE@1.0: 0.7969
  W2@1.0:  0.8425
  sW2@0.1: 0.2550 (454/500 in region)
  sW2@0.2: 0.3086 (441/500 in region)
  sW2@0.5: 0.5059 (422/500 in region)
  sW2@1.0: 0.8234 (406/500 in region)
  MMD@1.0: 0.2563
  Survival@1.0: 98.2%
  Stopped@1.0:  81.2%
      → K+S
  Precomputing encoder-pullback target...
  Stage 2 epoch 60/300: loss=0.021373
  Stage 2 epoch 120/300: loss=0.013728
  Stage 2 epoch 180/300: loss=0.012586
  Stage 2 epoch 240/300: loss=0.011920
  Stage 2 epoch 300/300: loss=0.014114
  Stage 3 epoch 60/300: loss=0.000001
  Stage 3 epoch 120/300: loss=0.000001
  Stage 3 epoch 180/300: loss=0.000001
  Stage 3 epoch 240/300: loss=0.000001
  Stage 3 epoch 300/300: loss=0.000000
  rcMTE@0.1: 0.1144 (454/500 in region)
  rcMTE@0.5: 0.2939 (422/500 in region)
  rcMTE@1.0: 0.5064 (406/500 in region)
  MTE@0.1: 0.2657
  MTE@0.5: 0.5079
  MTE@1.0: 0.7969
  W2@1.0:  0.8425
  sW2@0.1: 0.2550 (454/500 in region)
  sW2@0.2: 0.3086 (441/500 in region)
  sW2@0.5: 0.5059 (422/500 in region)
  sW2@1.0: 0.8234 (406/500 in region)
  MMD@1.0: 0.2563
  Survival@1.0: 98.2%
  Stopped@1.0:  81.2%

============================================================
  N=100 | D=201 (K=99) | hyperbolic_paraboloid | seed=3042
============================================================
    Phase1 Epoch 50/250: loss=0.736174
    Phase1 Epoch 100/250: loss=0.204773
    Phase1 Epoch 150/250: loss=0.051026
    Phase1 Epoch 200/250: loss=0.019253
    Phase1 Epoch 250/250: loss=0.022787
      Phase 2 AE: K_weight=0.0000
        Phase2 Epoch 50/250: loss=0.019520
        Phase2 Epoch 100/250: loss=0.025030
        Phase2 Epoch 150/250: loss=0.015023
        Phase2 Epoch 200/250: loss=0.006287
        Phase2 Epoch 250/250: loss=0.017907
        E_mu=0.0132  E_Sigma=0.0071
      → baseline
  Precomputing encoder-pullback target...
  Stage 2 epoch 60/300: loss=0.021248
  Stage 2 epoch 120/300: loss=0.017032
  Stage 2 epoch 180/300: loss=0.018600
  Stage 2 epoch 240/300: loss=0.008910
  Stage 2 epoch 300/300: loss=0.007256
  Stage 3 epoch 60/300: loss=0.000001
  Stage 3 epoch 120/300: loss=0.000000
  Stage 3 epoch 180/300: loss=0.000000
  Stage 3 epoch 240/300: loss=0.000000
  Stage 3 epoch 300/300: loss=0.000000
  rcMTE@0.1: 0.2586 (456/500 in region)
  rcMTE@0.5: 0.4691 (402/500 in region)
  rcMTE@1.0: 0.5987 (381/500 in region)
  MTE@0.1: 0.5086
  MTE@0.5: 0.7796
  MTE@1.0: 0.8965
  W2@1.0:  0.3187
  sW2@0.1: 0.2697 (456/500 in region)
  sW2@0.2: 0.2832 (434/500 in region)
  sW2@0.5: 0.2697 (402/500 in region)
  sW2@1.0: 0.3251 (381/500 in region)
  MMD@1.0: 0.1398
  Survival@1.0: 97.4%
  Stopped@1.0:  76.2%
      Phase 2 AE: K_weight=0.4275
        Phase2 Epoch 50/250: loss=0.012071
        Phase2 Epoch 100/250: loss=0.006825
        Phase2 Epoch 150/250: loss=0.007736
        Phase2 Epoch 200/250: loss=0.016023
        Phase2 Epoch 250/250: loss=0.008108
        E_mu=0.0104  E_Sigma=0.0066
      → K
  Precomputing encoder-pullback target...
  Stage 2 epoch 60/300: loss=0.020812
  Stage 2 epoch 120/300: loss=0.016836
  Stage 2 epoch 180/300: loss=0.016995
  Stage 2 epoch 240/300: loss=0.007898
  Stage 2 epoch 300/300: loss=0.006442
  Stage 3 epoch 60/300: loss=0.000001
  Stage 3 epoch 120/300: loss=0.000000
  Stage 3 epoch 180/300: loss=0.000000
  Stage 3 epoch 240/300: loss=0.000000
  Stage 3 epoch 300/300: loss=0.000000
  rcMTE@0.1: 0.2559 (456/500 in region)
  rcMTE@0.5: 0.4621 (402/500 in region)
  rcMTE@1.0: 0.5863 (381/500 in region)
  MTE@0.1: 0.5797
  MTE@0.5: 0.8281
  MTE@1.0: 0.9344
  W2@1.0:  0.4039
  sW2@0.1: 0.3649 (456/500 in region)
  sW2@0.2: 0.3703 (434/500 in region)
  sW2@0.5: 0.3625 (402/500 in region)
  sW2@1.0: 0.4128 (381/500 in region)
  MMD@1.0: 0.2219
  Survival@1.0: 97.4%
  Stopped@1.0:  76.2%
      → K+S
  Precomputing encoder-pullback target...
  Stage 2 epoch 60/300: loss=0.020812
  Stage 2 epoch 120/300: loss=0.016836
  Stage 2 epoch 180/300: loss=0.016995
  Stage 2 epoch 240/300: loss=0.007898
  Stage 2 epoch 300/300: loss=0.006442
  Stage 3 epoch 60/300: loss=0.000001
  Stage 3 epoch 120/300: loss=0.000000
  Stage 3 epoch 180/300: loss=0.000000
  Stage 3 epoch 240/300: loss=0.000000
  Stage 3 epoch 300/300: loss=0.000000
  rcMTE@0.1: 0.2559 (456/500 in region)
  rcMTE@0.5: 0.4621 (402/500 in region)
  rcMTE@1.0: 0.5863 (381/500 in region)
  MTE@0.1: 0.5797
  MTE@0.5: 0.8281
  MTE@1.0: 0.9344
  W2@1.0:  0.4039
  sW2@0.1: 0.3649 (456/500 in region)
  sW2@0.2: 0.3703 (434/500 in region)
  sW2@0.5: 0.3625 (402/500 in region)
  sW2@1.0: 0.4128 (381/500 in region)
  MMD@1.0: 0.2219
  Survival@1.0: 97.4%
  Stopped@1.0:  76.2%

============================================================
  N=100 | D=201 (K=99) | hyperbolic_paraboloid | seed=4042
============================================================
    Phase1 Epoch 50/250: loss=0.675487
    Phase1 Epoch 100/250: loss=0.170761
    Phase1 Epoch 150/250: loss=0.066974
    Phase1 Epoch 200/250: loss=0.021117
    Phase1 Epoch 250/250: loss=0.019415
      Phase 2 AE: K_weight=0.0000
        Phase2 Epoch 50/250: loss=0.016790
        Phase2 Epoch 100/250: loss=0.014519
        Phase2 Epoch 150/250: loss=0.014206
        Phase2 Epoch 200/250: loss=0.004407
        Phase2 Epoch 250/250: loss=0.006726
        E_mu=0.0231  E_Sigma=0.0133
      → baseline
  Precomputing encoder-pullback target...
  Stage 2 epoch 60/300: loss=0.023622
  Stage 2 epoch 120/300: loss=0.016215
  Stage 2 epoch 180/300: loss=0.014357
  Stage 2 epoch 240/300: loss=0.011426
  Stage 2 epoch 300/300: loss=0.012116
  Stage 3 epoch 60/300: loss=0.000001
  Stage 3 epoch 120/300: loss=0.000000
  Stage 3 epoch 180/300: loss=0.000000
  Stage 3 epoch 240/300: loss=0.000000
  Stage 3 epoch 300/300: loss=0.000000
  rcMTE@0.1: 0.2600 (443/500 in region)
  rcMTE@0.5: 0.4336 (407/500 in region)
  rcMTE@1.0: 0.5099 (384/500 in region)
  MTE@0.1: 0.5094
  MTE@0.5: 0.7858
  MTE@1.0: 0.8667
  W2@1.0:  0.3584
  sW2@0.1: 0.2845 (443/500 in region)
  sW2@0.2: 0.2950 (424/500 in region)
  sW2@0.5: 0.3209 (407/500 in region)
  sW2@1.0: 0.3738 (384/500 in region)
  MMD@1.0: 0.1788
  Survival@1.0: 98.8%
  Stopped@1.0:  76.8%
      Phase 2 AE: K_weight=0.4275
        Phase2 Epoch 50/250: loss=0.017795
        Phase2 Epoch 100/250: loss=0.015481
        Phase2 Epoch 150/250: loss=0.016372
        Phase2 Epoch 200/250: loss=0.007730
        Phase2 Epoch 250/250: loss=0.004008
        E_mu=0.0069  E_Sigma=0.0024
      → K
  Precomputing encoder-pullback target...
  Stage 2 epoch 60/300: loss=0.021889
  Stage 2 epoch 120/300: loss=0.015283
  Stage 2 epoch 180/300: loss=0.013566
  Stage 2 epoch 240/300: loss=0.010601
  Stage 2 epoch 300/300: loss=0.011434
  Stage 3 epoch 60/300: loss=0.000001
  Stage 3 epoch 120/300: loss=0.000000
  Stage 3 epoch 180/300: loss=0.000000
  Stage 3 epoch 240/300: loss=0.000000
  Stage 3 epoch 300/300: loss=0.000000
  rcMTE@0.1: 0.2493 (443/500 in region)
  rcMTE@0.5: 0.4317 (407/500 in region)
  rcMTE@1.0: 0.5037 (384/500 in region)
  MTE@0.1: 0.4498
  MTE@0.5: 0.7601
  MTE@1.0: 0.8414
  W2@1.0:  0.2957
  sW2@0.1: 0.1879 (443/500 in region)
  sW2@0.2: 0.2380 (424/500 in region)
  sW2@0.5: 0.2478 (407/500 in region)
  sW2@1.0: 0.3033 (384/500 in region)
  MMD@1.0: 0.1047
  Survival@1.0: 98.8%
  Stopped@1.0:  76.8%
      → K+S
  Precomputing encoder-pullback target...
  Stage 2 epoch 60/300: loss=0.021889
  Stage 2 epoch 120/300: loss=0.015283
  Stage 2 epoch 180/300: loss=0.013566
  Stage 2 epoch 240/300: loss=0.010601
  Stage 2 epoch 300/300: loss=0.011434
  Stage 3 epoch 60/300: loss=0.000001
  Stage 3 epoch 120/300: loss=0.000000
  Stage 3 epoch 180/300: loss=0.000000
  Stage 3 epoch 240/300: loss=0.000000
  Stage 3 epoch 300/300: loss=0.000000
  rcMTE@0.1: 0.2493 (443/500 in region)
  rcMTE@0.5: 0.4317 (407/500 in region)
  rcMTE@1.0: 0.5037 (384/500 in region)
  MTE@0.1: 0.4498
  MTE@0.5: 0.7601
  MTE@1.0: 0.8414
  W2@1.0:  0.2957
  sW2@0.1: 0.1879 (443/500 in region)
  sW2@0.2: 0.2380 (424/500 in region)
  sW2@0.5: 0.2478 (407/500 in region)
  sW2@1.0: 0.3033 (384/500 in region)
  MMD@1.0: 0.1047
  Survival@1.0: 98.8%
  Stopped@1.0:  76.8%

============================================================
  N=100 | D=201 (K=99) | hyperbolic_paraboloid | seed=5042
============================================================
    Phase1 Epoch 50/250: loss=0.805676
    Phase1 Epoch 100/250: loss=0.111409
    Phase1 Epoch 150/250: loss=0.062989
    Phase1 Epoch 200/250: loss=0.036087
    Phase1 Epoch 250/250: loss=0.028584
      Phase 2 AE: K_weight=0.0000
        Phase2 Epoch 50/250: loss=0.029505
        Phase2 Epoch 100/250: loss=0.013164
        Phase2 Epoch 150/250: loss=0.010872
        Phase2 Epoch 200/250: loss=0.014984
        Phase2 Epoch 250/250: loss=0.016000
        E_mu=0.0112  E_Sigma=0.0043
      → baseline
  Precomputing encoder-pullback target...
  Stage 2 epoch 60/300: loss=0.019054
  Stage 2 epoch 120/300: loss=0.015374
  Stage 2 epoch 180/300: loss=0.012853
  Stage 2 epoch 240/300: loss=0.009371
  Stage 2 epoch 300/300: loss=0.008721
  Stage 3 epoch 60/300: loss=0.000001
  Stage 3 epoch 120/300: loss=0.000000
  Stage 3 epoch 180/300: loss=0.000000
  Stage 3 epoch 240/300: loss=0.000000
  Stage 3 epoch 300/300: loss=0.000000
  rcMTE@0.1: 0.2833 (454/500 in region)
  rcMTE@0.5: 0.4679 (420/500 in region)
  rcMTE@1.0: 0.5603 (403/500 in region)
  MTE@0.1: 0.5648
  MTE@0.5: 0.8244
  MTE@1.0: 0.9077
  W2@1.0:  0.3633
  sW2@0.1: 0.3253 (454/500 in region)
  sW2@0.2: 0.3336 (435/500 in region)
  sW2@0.5: 0.3430 (420/500 in region)
  sW2@1.0: 0.3520 (403/500 in region)
  MMD@1.0: 0.2069
  Survival@1.0: 98.8%
  Stopped@1.0:  80.6%
      Phase 2 AE: K_weight=0.4275
        Phase2 Epoch 50/250: loss=0.021469
        Phase2 Epoch 100/250: loss=0.010775
        Phase2 Epoch 150/250: loss=0.007987
        Phase2 Epoch 200/250: loss=0.013421
        Phase2 Epoch 250/250: loss=0.012843
        E_mu=0.0215  E_Sigma=0.0093
      → K
  Precomputing encoder-pullback target...
  Stage 2 epoch 60/300: loss=0.019384
  Stage 2 epoch 120/300: loss=0.016142
  Stage 2 epoch 180/300: loss=0.013557
  Stage 2 epoch 240/300: loss=0.009316
  Stage 2 epoch 300/300: loss=0.008076
  Stage 3 epoch 60/300: loss=0.000001
  Stage 3 epoch 120/300: loss=0.000000
  Stage 3 epoch 180/300: loss=0.000000
  Stage 3 epoch 240/300: loss=0.000000
  Stage 3 epoch 300/300: loss=0.000000
  rcMTE@0.1: 0.2860 (454/500 in region)
  rcMTE@0.5: 0.4629 (420/500 in region)
  rcMTE@1.0: 0.5504 (403/500 in region)
  MTE@0.1: 0.5224
  MTE@0.5: 0.7827
  MTE@1.0: 0.8659
  W2@1.0:  0.3050
  sW2@0.1: 0.2626 (454/500 in region)
  sW2@0.2: 0.2775 (435/500 in region)
  sW2@0.5: 0.2788 (420/500 in region)
  sW2@1.0: 0.2998 (403/500 in region)
  MMD@1.0: 0.1646
  Survival@1.0: 98.8%
  Stopped@1.0:  80.6%
      → K+S
  Precomputing encoder-pullback target...
  Stage 2 epoch 60/300: loss=0.019384
  Stage 2 epoch 120/300: loss=0.016142
  Stage 2 epoch 180/300: loss=0.013557
  Stage 2 epoch 240/300: loss=0.009316
  Stage 2 epoch 300/300: loss=0.008076
  Stage 3 epoch 60/300: loss=0.000001
  Stage 3 epoch 120/300: loss=0.000000
  Stage 3 epoch 180/300: loss=0.000000
  Stage 3 epoch 240/300: loss=0.000000
  Stage 3 epoch 300/300: loss=0.000000
  rcMTE@0.1: 0.2860 (454/500 in region)
  rcMTE@0.5: 0.4629 (420/500 in region)
  rcMTE@1.0: 0.5504 (403/500 in region)
  MTE@0.1: 0.5224
  MTE@0.5: 0.7827
  MTE@1.0: 0.8659
  W2@1.0:  0.3050
  sW2@0.1: 0.2626 (454/500 in region)
  sW2@0.2: 0.2775 (435/500 in region)
  sW2@0.5: 0.2788 (420/500 in region)
  sW2@1.0: 0.2998 (403/500 in region)
  MMD@1.0: 0.1646
  Survival@1.0: 98.8%
  Stopped@1.0:  80.6%

============================================================
  N=100 | D=201 (K=99) | hyperbolic_paraboloid | seed=6042
============================================================
    Phase1 Epoch 50/250: loss=0.569378
    Phase1 Epoch 100/250: loss=0.109368
    Phase1 Epoch 150/250: loss=0.040167
    Phase1 Epoch 200/250: loss=0.029744
    Phase1 Epoch 250/250: loss=0.042944
      Phase 2 AE: K_weight=0.0000
        Phase2 Epoch 50/250: loss=0.026763
        Phase2 Epoch 100/250: loss=0.017805
        Phase2 Epoch 150/250: loss=0.014259
        Phase2 Epoch 200/250: loss=0.017499
        Phase2 Epoch 250/250: loss=0.009960
        E_mu=0.0094  E_Sigma=0.0035
      → baseline
  Precomputing encoder-pullback target...
  Stage 2 epoch 60/300: loss=0.023326
  Stage 2 epoch 120/300: loss=0.018932
  Stage 2 epoch 180/300: loss=0.014069
  Stage 2 epoch 240/300: loss=0.013302
  Stage 2 epoch 300/300: loss=0.016783
  Stage 3 epoch 60/300: loss=0.000000
  Stage 3 epoch 120/300: loss=0.000000
  Stage 3 epoch 180/300: loss=0.000000
  Stage 3 epoch 240/300: loss=0.000000
  Stage 3 epoch 300/300: loss=0.000000
  rcMTE@0.1: 0.2655 (452/500 in region)
  rcMTE@0.5: 0.5149 (406/500 in region)
  rcMTE@1.0: 0.6768 (392/500 in region)
  MTE@0.1: 0.4564
  MTE@0.5: 0.8451
  MTE@1.0: 1.0271
  W2@1.0:  0.5170
  sW2@0.1: 0.1960 (452/500 in region)
  sW2@0.2: 0.2346 (428/500 in region)
  sW2@0.5: 0.3410 (406/500 in region)
  sW2@1.0: 0.5226 (392/500 in region)
  MMD@1.0: 0.1470
  Survival@1.0: 98.6%
  Stopped@1.0:  78.4%
      Phase 2 AE: K_weight=0.4275
        Phase2 Epoch 50/250: loss=0.021749
        Phase2 Epoch 100/250: loss=0.018905
        Phase2 Epoch 150/250: loss=0.009940
        Phase2 Epoch 200/250: loss=0.019080
        Phase2 Epoch 250/250: loss=0.004485
        E_mu=0.0082  E_Sigma=0.0036
      → K
  Precomputing encoder-pullback target...
  Stage 2 epoch 60/300: loss=0.023539
  Stage 2 epoch 120/300: loss=0.018494
  Stage 2 epoch 180/300: loss=0.013502
  Stage 2 epoch 240/300: loss=0.012869
  Stage 2 epoch 300/300: loss=0.016458
  Stage 3 epoch 60/300: loss=0.000000
  Stage 3 epoch 120/300: loss=0.000000
  Stage 3 epoch 180/300: loss=0.000000
  Stage 3 epoch 240/300: loss=0.000000
  Stage 3 epoch 300/300: loss=0.000000
  rcMTE@0.1: 0.2646 (452/500 in region)
  rcMTE@0.5: 0.5159 (406/500 in region)
  rcMTE@1.0: 0.6856 (392/500 in region)
  MTE@0.1: 0.4491
  MTE@0.5: 0.8439
  MTE@1.0: 1.0403
  W2@1.0:  0.5525
  sW2@0.1: 0.2004 (452/500 in region)
  sW2@0.2: 0.2433 (428/500 in region)
  sW2@0.5: 0.3612 (406/500 in region)
  sW2@1.0: 0.5607 (392/500 in region)
  MMD@1.0: 0.1636
  Survival@1.0: 98.6%
  Stopped@1.0:  78.4%
      → K+S
  Precomputing encoder-pullback target...
  Stage 2 epoch 60/300: loss=0.023539
  Stage 2 epoch 120/300: loss=0.018494
  Stage 2 epoch 180/300: loss=0.013502
  Stage 2 epoch 240/300: loss=0.012869
  Stage 2 epoch 300/300: loss=0.016458
  Stage 3 epoch 60/300: loss=0.000000
  Stage 3 epoch 120/300: loss=0.000000
  Stage 3 epoch 180/300: loss=0.000000
  Stage 3 epoch 240/300: loss=0.000000
  Stage 3 epoch 300/300: loss=0.000000
  rcMTE@0.1: 0.2646 (452/500 in region)
  rcMTE@0.5: 0.5159 (406/500 in region)
  rcMTE@1.0: 0.6856 (392/500 in region)
  MTE@0.1: 0.4491
  MTE@0.5: 0.8439
  MTE@1.0: 1.0403
  W2@1.0:  0.5525
  sW2@0.1: 0.2004 (452/500 in region)
  sW2@0.2: 0.2433 (428/500 in region)
  sW2@0.5: 0.3612 (406/500 in region)
  sW2@1.0: 0.5607 (392/500 in region)
  MMD@1.0: 0.1636
  Survival@1.0: 98.6%
  Stopped@1.0:  78.4%

============================================================
  N=100 | D=201 (K=99) | hyperbolic_paraboloid | seed=7042
============================================================
    Phase1 Epoch 50/250: loss=0.644450
    Phase1 Epoch 100/250: loss=0.123606
    Phase1 Epoch 150/250: loss=0.069192
    Phase1 Epoch 200/250: loss=0.097948
    Phase1 Epoch 250/250: loss=0.037093
      Phase 2 AE: K_weight=0.0000
        Phase2 Epoch 50/250: loss=0.031228
        Phase2 Epoch 100/250: loss=0.028995
        Phase2 Epoch 150/250: loss=0.022950
        Phase2 Epoch 200/250: loss=0.022660
        Phase2 Epoch 250/250: loss=0.028498
        E_mu=0.0297  E_Sigma=0.0193
      → baseline
  Precomputing encoder-pullback target...
  Stage 2 epoch 60/300: loss=0.018983
  Stage 2 epoch 120/300: loss=0.018145
  Stage 2 epoch 180/300: loss=0.011930
  Stage 2 epoch 240/300: loss=0.010344
  Stage 2 epoch 300/300: loss=0.008844
  Stage 3 epoch 60/300: loss=0.000001
  Stage 3 epoch 120/300: loss=0.000001
  Stage 3 epoch 180/300: loss=0.000001
  Stage 3 epoch 240/300: loss=0.000001
  Stage 3 epoch 300/300: loss=0.000001
  rcMTE@0.1: 0.2764 (457/500 in region)
  rcMTE@0.5: 0.4775 (420/500 in region)
  rcMTE@1.0: 0.5725 (396/500 in region)
  MTE@0.1: 0.5118
  MTE@0.5: 0.7757
  MTE@1.0: 0.8981
  W2@1.0:  0.4712
  sW2@0.1: 0.2863 (457/500 in region)
  sW2@0.2: 0.3059 (438/500 in region)
  sW2@0.5: 0.4022 (420/500 in region)
  sW2@1.0: 0.5331 (396/500 in region)
  MMD@1.0: 0.2181
  Survival@1.0: 99.2%
  Stopped@1.0:  79.2%
      Phase 2 AE: K_weight=0.4275
        Phase2 Epoch 50/250: loss=0.032762
        Phase2 Epoch 100/250: loss=0.029323
        Phase2 Epoch 150/250: loss=0.022348
        Phase2 Epoch 200/250: loss=0.016921
        Phase2 Epoch 250/250: loss=0.010912
        E_mu=0.0173  E_Sigma=0.0094
      → K
  Precomputing encoder-pullback target...
  Stage 2 epoch 60/300: loss=0.018710
  Stage 2 epoch 120/300: loss=0.018352
  Stage 2 epoch 180/300: loss=0.011724
  Stage 2 epoch 240/300: loss=0.010310
  Stage 2 epoch 300/300: loss=0.008930
  Stage 3 epoch 60/300: loss=0.000001
  Stage 3 epoch 120/300: loss=0.000000
  Stage 3 epoch 180/300: loss=0.000000
  Stage 3 epoch 240/300: loss=0.000000
  Stage 3 epoch 300/300: loss=0.000000
  rcMTE@0.1: 0.2659 (457/500 in region)
  rcMTE@0.5: 0.4786 (420/500 in region)
  rcMTE@1.0: 0.5766 (396/500 in region)
  MTE@0.1: 0.4664
  MTE@0.5: 0.7485
  MTE@1.0: 0.8775
  W2@1.0:  0.4351
  sW2@0.1: 0.2000 (457/500 in region)
  sW2@0.2: 0.2332 (438/500 in region)
  sW2@0.5: 0.3544 (420/500 in region)
  sW2@1.0: 0.4925 (396/500 in region)
  MMD@1.0: 0.1916
  Survival@1.0: 99.2%
  Stopped@1.0:  79.2%
      → K+S
  Precomputing encoder-pullback target...
  Stage 2 epoch 60/300: loss=0.018710
  Stage 2 epoch 120/300: loss=0.018352
  Stage 2 epoch 180/300: loss=0.011724
  Stage 2 epoch 240/300: loss=0.010310
  Stage 2 epoch 300/300: loss=0.008930
  Stage 3 epoch 60/300: loss=0.000001
  Stage 3 epoch 120/300: loss=0.000000
  Stage 3 epoch 180/300: loss=0.000000
  Stage 3 epoch 240/300: loss=0.000000
  Stage 3 epoch 300/300: loss=0.000000
  rcMTE@0.1: 0.2659 (457/500 in region)
  rcMTE@0.5: 0.4786 (420/500 in region)
  rcMTE@1.0: 0.5766 (396/500 in region)
  MTE@0.1: 0.4664
  MTE@0.5: 0.7485
  MTE@1.0: 0.8775
  W2@1.0:  0.4351
  sW2@0.1: 0.2000 (457/500 in region)
  sW2@0.2: 0.2332 (438/500 in region)
  sW2@0.5: 0.3544 (420/500 in region)
  sW2@1.0: 0.4925 (396/500 in region)
  MMD@1.0: 0.1916
  Survival@1.0: 99.2%
  Stopped@1.0:  79.2%

============================================================
  N=100 | D=201 (K=99) | hyperbolic_paraboloid | seed=8042
============================================================
    Phase1 Epoch 50/250: loss=0.779967
    Phase1 Epoch 100/250: loss=0.157520
    Phase1 Epoch 150/250: loss=0.075478
    Phase1 Epoch 200/250: loss=0.052429
    Phase1 Epoch 250/250: loss=0.034884
      Phase 2 AE: K_weight=0.0000
        Phase2 Epoch 50/250: loss=0.017652
        Phase2 Epoch 100/250: loss=0.028017
        Phase2 Epoch 150/250: loss=0.025684
        Phase2 Epoch 200/250: loss=0.014846
        Phase2 Epoch 250/250: loss=0.009001
        E_mu=0.0156  E_Sigma=0.0054
      → baseline
  Precomputing encoder-pullback target...
  Stage 2 epoch 60/300: loss=0.034722
  Stage 2 epoch 120/300: loss=0.016950
  Stage 2 epoch 180/300: loss=0.017984
  Stage 2 epoch 240/300: loss=0.015291
  Stage 2 epoch 300/300: loss=0.012084
  Stage 3 epoch 60/300: loss=0.000000
  Stage 3 epoch 120/300: loss=0.000000
  Stage 3 epoch 180/300: loss=0.000000
  Stage 3 epoch 240/300: loss=0.000000
  Stage 3 epoch 300/300: loss=0.000000
  rcMTE@0.1: 0.2967 (448/500 in region)
  rcMTE@0.5: 0.5369 (421/500 in region)
  rcMTE@1.0: 0.6655 (398/500 in region)
  MTE@0.1: 0.5187
  MTE@0.5: 0.8591
  MTE@1.0: 1.0947
  W2@1.0:  0.5947
  sW2@0.1: 0.2281 (448/500 in region)
  sW2@0.2: 0.2695 (438/500 in region)
  sW2@0.5: 0.3881 (421/500 in region)
  sW2@1.0: 0.6079 (398/500 in region)
  MMD@1.0: 0.1917
  Survival@1.0: 99.0%
  Stopped@1.0:  79.6%
      Phase 2 AE: K_weight=0.4275
        Phase2 Epoch 50/250: loss=0.020731
        Phase2 Epoch 100/250: loss=0.018199
        Phase2 Epoch 150/250: loss=0.018423
        Phase2 Epoch 200/250: loss=0.011589
        Phase2 Epoch 250/250: loss=0.010301
        E_mu=0.0164  E_Sigma=0.0057
      → K
  Precomputing encoder-pullback target...
  Stage 2 epoch 60/300: loss=0.033200
  Stage 2 epoch 120/300: loss=0.017027
  Stage 2 epoch 180/300: loss=0.018072
  Stage 2 epoch 240/300: loss=0.015669
  Stage 2 epoch 300/300: loss=0.012217
  Stage 3 epoch 60/300: loss=0.000000
  Stage 3 epoch 120/300: loss=0.000000
  Stage 3 epoch 180/300: loss=0.000000
  Stage 3 epoch 240/300: loss=0.000000
  Stage 3 epoch 300/300: loss=0.000000
  rcMTE@0.1: 0.2959 (448/500 in region)
  rcMTE@0.5: 0.5405 (421/500 in region)
  rcMTE@1.0: 0.6778 (398/500 in region)
  MTE@0.1: 0.5491
  MTE@0.5: 0.8905
  MTE@1.0: 1.1417
  W2@1.0:  0.6667
  sW2@0.1: 0.2757 (448/500 in region)
  sW2@0.2: 0.3151 (438/500 in region)
  sW2@0.5: 0.4325 (421/500 in region)
  sW2@1.0: 0.6783 (398/500 in region)
  MMD@1.0: 0.2228
  Survival@1.0: 99.0%
  Stopped@1.0:  79.6%
      → K+S
  Precomputing encoder-pullback target...
  Stage 2 epoch 60/300: loss=0.033200
  Stage 2 epoch 120/300: loss=0.017027
  Stage 2 epoch 180/300: loss=0.018072
  Stage 2 epoch 240/300: loss=0.015669
  Stage 2 epoch 300/300: loss=0.012217
  Stage 3 epoch 60/300: loss=0.000000
  Stage 3 epoch 120/300: loss=0.000000
  Stage 3 epoch 180/300: loss=0.000000
  Stage 3 epoch 240/300: loss=0.000000
  Stage 3 epoch 300/300: loss=0.000000
  rcMTE@0.1: 0.2959 (448/500 in region)
  rcMTE@0.5: 0.5405 (421/500 in region)
  rcMTE@1.0: 0.6778 (398/500 in region)
  MTE@0.1: 0.5491
  MTE@0.5: 0.8905
  MTE@1.0: 1.1417
  W2@1.0:  0.6667
  sW2@0.1: 0.2757 (448/500 in region)
  sW2@0.2: 0.3151 (438/500 in region)
  sW2@0.5: 0.4325 (421/500 in region)
  sW2@1.0: 0.6783 (398/500 in region)
  MMD@1.0: 0.2228
  Survival@1.0: 99.0%
  Stopped@1.0:  79.6%

============================================================
  N=100 | D=201 (K=99) | hyperbolic_paraboloid | seed=9042
============================================================
    Phase1 Epoch 50/250: loss=0.344483
    Phase1 Epoch 100/250: loss=0.102024
    Phase1 Epoch 150/250: loss=0.083446
    Phase1 Epoch 200/250: loss=0.023834
    Phase1 Epoch 250/250: loss=0.033257
      Phase 2 AE: K_weight=0.0000
        Phase2 Epoch 50/250: loss=0.016972
        Phase2 Epoch 100/250: loss=0.017359
        Phase2 Epoch 150/250: loss=0.020190
        Phase2 Epoch 200/250: loss=0.009441
        Phase2 Epoch 250/250: loss=0.012738
        E_mu=0.0397  E_Sigma=0.0159
      → baseline
  Precomputing encoder-pullback target...
  Stage 2 epoch 60/300: loss=0.018533
  Stage 2 epoch 120/300: loss=0.012972
  Stage 2 epoch 180/300: loss=0.011293
  Stage 2 epoch 240/300: loss=0.011361
  Stage 2 epoch 300/300: loss=0.013612
  Stage 3 epoch 60/300: loss=0.000001
  Stage 3 epoch 120/300: loss=0.000001
  Stage 3 epoch 180/300: loss=0.000000
  Stage 3 epoch 240/300: loss=0.000001
  Stage 3 epoch 300/300: loss=0.000001
  rcMTE@0.1: 0.2890 (444/500 in region)
  rcMTE@0.5: 0.4119 (406/500 in region)
  rcMTE@1.0: 0.4701 (388/500 in region)
  MTE@0.1: 0.5475
  MTE@0.5: 0.7648
  MTE@1.0: 0.8367
  W2@1.0:  0.3258
  sW2@0.1: 0.2919 (444/500 in region)
  sW2@0.2: 0.3130 (429/500 in region)
  sW2@0.5: 0.3050 (406/500 in region)
  sW2@1.0: 0.3600 (388/500 in region)
  MMD@1.0: 0.1580
  Survival@1.0: 99.0%
  Stopped@1.0:  77.6%
      Phase 2 AE: K_weight=0.4275
        Phase2 Epoch 50/250: loss=0.020710
        Phase2 Epoch 100/250: loss=0.022573
        Phase2 Epoch 150/250: loss=0.022538
        Phase2 Epoch 200/250: loss=0.004500
        Phase2 Epoch 250/250: loss=0.008060
        E_mu=0.0074  E_Sigma=0.0027
      → K
  Precomputing encoder-pullback target...
  Stage 2 epoch 60/300: loss=0.020553
  Stage 2 epoch 120/300: loss=0.014384
  Stage 2 epoch 180/300: loss=0.012173
  Stage 2 epoch 240/300: loss=0.012207
  Stage 2 epoch 300/300: loss=0.014744
  Stage 3 epoch 60/300: loss=0.000000
  Stage 3 epoch 120/300: loss=0.000000
  Stage 3 epoch 180/300: loss=0.000000
  Stage 3 epoch 240/300: loss=0.000000
  Stage 3 epoch 300/300: loss=0.000000
  rcMTE@0.1: 0.2752 (444/500 in region)
  rcMTE@0.5: 0.4100 (406/500 in region)
  rcMTE@1.0: 0.4834 (388/500 in region)
  MTE@0.1: 0.5134
  MTE@0.5: 0.7408
  MTE@1.0: 0.8349
  W2@1.0:  0.3420
  sW2@0.1: 0.2364 (444/500 in region)
  sW2@0.2: 0.2635 (429/500 in region)
  sW2@0.5: 0.2739 (406/500 in region)
  sW2@1.0: 0.3659 (388/500 in region)
  MMD@1.0: 0.1389
  Survival@1.0: 99.0%
  Stopped@1.0:  77.6%
      → K+S
  Precomputing encoder-pullback target...
  Stage 2 epoch 60/300: loss=0.020553
  Stage 2 epoch 120/300: loss=0.014384
  Stage 2 epoch 180/300: loss=0.012173
  Stage 2 epoch 240/300: loss=0.012207
  Stage 2 epoch 300/300: loss=0.014744
  Stage 3 epoch 60/300: loss=0.000000
  Stage 3 epoch 120/300: loss=0.000000
  Stage 3 epoch 180/300: loss=0.000000
  Stage 3 epoch 240/300: loss=0.000000
  Stage 3 epoch 300/300: loss=0.000000
  rcMTE@0.1: 0.2752 (444/500 in region)
  rcMTE@0.5: 0.4100 (406/500 in region)
  rcMTE@1.0: 0.4834 (388/500 in region)
  MTE@0.1: 0.5134
  MTE@0.5: 0.7408
  MTE@1.0: 0.8349
  W2@1.0:  0.3420
  sW2@0.1: 0.2364 (444/500 in region)
  sW2@0.2: 0.2635 (429/500 in region)
  sW2@0.5: 0.2739 (406/500 in region)
  sW2@1.0: 0.3659 (388/500 in region)
  MMD@1.0: 0.1389
  Survival@1.0: 99.0%
  Stopped@1.0:  77.6%

  N=100, D=201 completed in 2303.4s

============================================================
  N=200 | D=11 (K=4) | paraboloid | seed=42
============================================================
    Phase1 Epoch 50/250: loss=0.020175
    Phase1 Epoch 100/250: loss=0.008160
    Phase1 Epoch 150/250: loss=0.004023
    Phase1 Epoch 200/250: loss=0.013709
    Phase1 Epoch 250/250: loss=0.002224
      Phase 2 AE: K_weight=0.0000
        Phase2 Epoch 50/250: loss=0.000977
        Phase2 Epoch 100/250: loss=0.002082
        Phase2 Epoch 150/250: loss=0.001010
        Phase2 Epoch 200/250: loss=0.000959
        Phase2 Epoch 250/250: loss=0.000274
        E_mu=0.0005  E_Sigma=0.0001
      → baseline
  Precomputing encoder-pullback target...
  Stage 2 epoch 60/300: loss=0.502134
  Stage 2 epoch 120/300: loss=0.291454
  Stage 2 epoch 180/300: loss=0.188537
  Stage 2 epoch 240/300: loss=0.122631
  Stage 2 epoch 300/300: loss=0.092885
  Stage 3 epoch 60/300: loss=0.000025
  Stage 3 epoch 120/300: loss=0.000014
  Stage 3 epoch 180/300: loss=0.000011
  Stage 3 epoch 240/300: loss=0.000007
  Stage 3 epoch 300/300: loss=0.000014
  rcMTE@0.1: 0.2527 (442/500 in region)
  rcMTE@0.5: 0.4863 (402/500 in region)
  rcMTE@1.0: 0.5942 (383/500 in region)
  MTE@0.1: 0.3859
  MTE@0.5: 0.6683
  MTE@1.0: 0.7586
  W2@1.0:  0.2606
  sW2@0.1: 0.1408 (442/500 in region)
  sW2@0.2: 0.1827 (428/500 in region)
  sW2@0.5: 0.1794 (402/500 in region)
  sW2@1.0: 0.2618 (383/500 in region)
  MMD@1.0: 0.0951
  Survival@1.0: 98.6%
  Stopped@1.0:  76.6%
      Phase 2 AE: K_weight=0.1000
        Phase2 Epoch 50/250: loss=0.001818
        Phase2 Epoch 100/250: loss=0.000603
        Phase2 Epoch 150/250: loss=0.000934
        Phase2 Epoch 200/250: loss=0.000689
        Phase2 Epoch 250/250: loss=0.000263
        E_mu=0.0004  E_Sigma=0.0001
      → K
  Precomputing encoder-pullback target...
  Stage 2 epoch 60/300: loss=0.500773
  Stage 2 epoch 120/300: loss=0.288140
  Stage 2 epoch 180/300: loss=0.180354
  Stage 2 epoch 240/300: loss=0.118590
  Stage 2 epoch 300/300: loss=0.089600
  Stage 3 epoch 60/300: loss=0.000023
  Stage 3 epoch 120/300: loss=0.000013
  Stage 3 epoch 180/300: loss=0.000012
  Stage 3 epoch 240/300: loss=0.000007
  Stage 3 epoch 300/300: loss=0.000007
  rcMTE@0.1: 0.2513 (442/500 in region)
  rcMTE@0.5: 0.4827 (402/500 in region)
  rcMTE@1.0: 0.5872 (383/500 in region)
  MTE@0.1: 0.3842
  MTE@0.5: 0.6633
  MTE@1.0: 0.7507
  W2@1.0:  0.2558
  sW2@0.1: 0.1386 (442/500 in region)
  sW2@0.2: 0.1782 (428/500 in region)
  sW2@0.5: 0.1741 (402/500 in region)
  sW2@1.0: 0.2571 (383/500 in region)
  MMD@1.0: 0.0936
  Survival@1.0: 98.6%
  Stopped@1.0:  76.6%
      → K+S
  Precomputing encoder-pullback target...
  Stage 2 epoch 60/300: loss=0.500773
  Stage 2 epoch 120/300: loss=0.288140
  Stage 2 epoch 180/300: loss=0.180354
  Stage 2 epoch 240/300: loss=0.118590
  Stage 2 epoch 300/300: loss=0.089600
  Stage 3 epoch 60/300: loss=0.000023
  Stage 3 epoch 120/300: loss=0.000013
  Stage 3 epoch 180/300: loss=0.000012
  Stage 3 epoch 240/300: loss=0.000007
  Stage 3 epoch 300/300: loss=0.000007
  rcMTE@0.1: 0.2513 (442/500 in region)
  rcMTE@0.5: 0.4827 (402/500 in region)
  rcMTE@1.0: 0.5872 (383/500 in region)
  MTE@0.1: 0.3842
  MTE@0.5: 0.6633
  MTE@1.0: 0.7507
  W2@1.0:  0.2558
  sW2@0.1: 0.1386 (442/500 in region)
  sW2@0.2: 0.1782 (428/500 in region)
  sW2@0.5: 0.1741 (402/500 in region)
  sW2@1.0: 0.2571 (383/500 in region)
  MMD@1.0: 0.0936
  Survival@1.0: 98.6%
  Stopped@1.0:  76.6%

============================================================
  N=200 | D=11 (K=4) | paraboloid | seed=1042
============================================================
    Phase1 Epoch 50/250: loss=0.058401
    Phase1 Epoch 100/250: loss=0.010782
    Phase1 Epoch 150/250: loss=0.004361
    Phase1 Epoch 200/250: loss=0.002968
    Phase1 Epoch 250/250: loss=0.001528
      Phase 2 AE: K_weight=0.0000
        Phase2 Epoch 50/250: loss=0.003086
        Phase2 Epoch 100/250: loss=0.006816
        Phase2 Epoch 150/250: loss=0.025185
        Phase2 Epoch 200/250: loss=0.000604
        Phase2 Epoch 250/250: loss=0.000478
        E_mu=0.0008  E_Sigma=0.0003
      → baseline
  Precomputing encoder-pullback target...
  Stage 2 epoch 60/300: loss=0.353828
  Stage 2 epoch 120/300: loss=0.271629
  Stage 2 epoch 180/300: loss=0.162464
  Stage 2 epoch 240/300: loss=0.108119
  Stage 2 epoch 300/300: loss=0.088535
  Stage 3 epoch 60/300: loss=0.000067
  Stage 3 epoch 120/300: loss=0.000017
  Stage 3 epoch 180/300: loss=0.000018
  Stage 3 epoch 240/300: loss=0.000034
  Stage 3 epoch 300/300: loss=0.000013
  rcMTE@0.1: 0.2648 (455/500 in region)
  rcMTE@0.5: 0.4714 (418/500 in region)
  rcMTE@1.0: 0.5397 (400/500 in region)
  MTE@0.1: 0.4282
  MTE@0.5: 0.6944
  MTE@1.0: 0.7740
  W2@1.0:  0.2096
  sW2@0.1: 0.1530 (455/500 in region)
  sW2@0.2: 0.1567 (440/500 in region)
  sW2@0.5: 0.2049 (418/500 in region)
  sW2@1.0: 0.2022 (400/500 in region)
  MMD@1.0: 0.0561
  Survival@1.0: 99.4%
  Stopped@1.0:  80.0%
      Phase 2 AE: K_weight=0.1000
        Phase2 Epoch 50/250: loss=0.010163
        Phase2 Epoch 100/250: loss=0.001027
        Phase2 Epoch 150/250: loss=0.005479
        Phase2 Epoch 200/250: loss=0.000544
        Phase2 Epoch 250/250: loss=0.000693
        E_mu=0.0006  E_Sigma=0.0003
      → K
  Precomputing encoder-pullback target...
  Stage 2 epoch 60/300: loss=0.353100
  Stage 2 epoch 120/300: loss=0.272362
  Stage 2 epoch 180/300: loss=0.162918
  Stage 2 epoch 240/300: loss=0.106912
  Stage 2 epoch 300/300: loss=0.086130
  Stage 3 epoch 60/300: loss=0.000070
  Stage 3 epoch 120/300: loss=0.000017
  Stage 3 epoch 180/300: loss=0.000018
  Stage 3 epoch 240/300: loss=0.000034
  Stage 3 epoch 300/300: loss=0.000013
  rcMTE@0.1: 0.2670 (455/500 in region)
  rcMTE@0.5: 0.4749 (418/500 in region)
  rcMTE@1.0: 0.5446 (400/500 in region)
  MTE@0.1: 0.4325
  MTE@0.5: 0.7003
  MTE@1.0: 0.7808
  W2@1.0:  0.2093
  sW2@0.1: 0.1557 (455/500 in region)
  sW2@0.2: 0.1589 (440/500 in region)
  sW2@0.5: 0.2079 (418/500 in region)
  sW2@1.0: 0.2040 (400/500 in region)
  MMD@1.0: 0.0537
  Survival@1.0: 99.4%
  Stopped@1.0:  80.0%
      → K+S
  Precomputing encoder-pullback target...
  Stage 2 epoch 60/300: loss=0.353100
  Stage 2 epoch 120/300: loss=0.272362
  Stage 2 epoch 180/300: loss=0.162918
  Stage 2 epoch 240/300: loss=0.106912
  Stage 2 epoch 300/300: loss=0.086130
  Stage 3 epoch 60/300: loss=0.000070
  Stage 3 epoch 120/300: loss=0.000017
  Stage 3 epoch 180/300: loss=0.000018
  Stage 3 epoch 240/300: loss=0.000034
  Stage 3 epoch 300/300: loss=0.000013
  rcMTE@0.1: 0.2670 (455/500 in region)
  rcMTE@0.5: 0.4749 (418/500 in region)
  rcMTE@1.0: 0.5446 (400/500 in region)
  MTE@0.1: 0.4325
  MTE@0.5: 0.7003
  MTE@1.0: 0.7808
  W2@1.0:  0.2093
  sW2@0.1: 0.1557 (455/500 in region)
  sW2@0.2: 0.1589 (440/500 in region)
  sW2@0.5: 0.2079 (418/500 in region)
  sW2@1.0: 0.2040 (400/500 in region)
  MMD@1.0: 0.0537
  Survival@1.0: 99.4%
  Stopped@1.0:  80.0%

============================================================
  N=200 | D=11 (K=4) | paraboloid | seed=2042
============================================================
    Phase1 Epoch 50/250: loss=0.017460
    Phase1 Epoch 100/250: loss=0.009553
    Phase1 Epoch 150/250: loss=0.011554
    Phase1 Epoch 200/250: loss=0.002212
    Phase1 Epoch 250/250: loss=0.003245
      Phase 2 AE: K_weight=0.0000
        Phase2 Epoch 50/250: loss=0.002457
        Phase2 Epoch 100/250: loss=0.001023
        Phase2 Epoch 150/250: loss=0.002424
        Phase2 Epoch 200/250: loss=0.002095
        Phase2 Epoch 250/250: loss=0.001909
        E_mu=0.0009  E_Sigma=0.0005
      → baseline
  Precomputing encoder-pullback target...
  Stage 2 epoch 60/300: loss=0.490608
  Stage 2 epoch 120/300: loss=0.272121
  Stage 2 epoch 180/300: loss=0.132811
  Stage 2 epoch 240/300: loss=0.096489
  Stage 2 epoch 300/300: loss=0.065299
  Stage 3 epoch 60/300: loss=0.000049
  Stage 3 epoch 120/300: loss=0.000020
  Stage 3 epoch 180/300: loss=0.000012
  Stage 3 epoch 240/300: loss=0.000014
  Stage 3 epoch 300/300: loss=0.000012
  rcMTE@0.1: 0.2490 (454/500 in region)
  rcMTE@0.5: 0.4464 (422/500 in region)
  rcMTE@1.0: 0.5130 (406/500 in region)
  MTE@0.1: 0.4089
  MTE@0.5: 0.6697
  MTE@1.0: 0.7449
  W2@1.0:  0.2616
  sW2@0.1: 0.1484 (454/500 in region)
  sW2@0.2: 0.1703 (441/500 in region)
  sW2@0.5: 0.1446 (422/500 in region)
  sW2@1.0: 0.1830 (406/500 in region)
  MMD@1.0: 0.0570
  Survival@1.0: 98.2%
  Stopped@1.0:  81.2%
      Phase 2 AE: K_weight=0.1000
        Phase2 Epoch 50/250: loss=0.001054
        Phase2 Epoch 100/250: loss=0.000798
        Phase2 Epoch 150/250: loss=0.005036
        Phase2 Epoch 200/250: loss=0.001260
        Phase2 Epoch 250/250: loss=0.000716
        E_mu=0.0012  E_Sigma=0.0003
      → K
  Precomputing encoder-pullback target...
  Stage 2 epoch 60/300: loss=0.480970
  Stage 2 epoch 120/300: loss=0.276725
  Stage 2 epoch 180/300: loss=0.138192
  Stage 2 epoch 240/300: loss=0.095747
  Stage 2 epoch 300/300: loss=0.066201
  Stage 3 epoch 60/300: loss=0.000050
  Stage 3 epoch 120/300: loss=0.000018
  Stage 3 epoch 180/300: loss=0.000010
  Stage 3 epoch 240/300: loss=0.000009
  Stage 3 epoch 300/300: loss=0.000008
  rcMTE@0.1: 0.2492 (454/500 in region)
  rcMTE@0.5: 0.4474 (422/500 in region)
  rcMTE@1.0: 0.5117 (406/500 in region)
  MTE@0.1: 0.4109
  MTE@0.5: 0.6735
  MTE@1.0: 0.7455
  W2@1.0:  0.2557
  sW2@0.1: 0.1500 (454/500 in region)
  sW2@0.2: 0.1726 (441/500 in region)
  sW2@0.5: 0.1436 (422/500 in region)
  sW2@1.0: 0.1635 (406/500 in region)
  MMD@1.0: 0.0478
  Survival@1.0: 98.2%
  Stopped@1.0:  81.2%
      → K+S
  Precomputing encoder-pullback target...
  Stage 2 epoch 60/300: loss=0.480970
  Stage 2 epoch 120/300: loss=0.276725
  Stage 2 epoch 180/300: loss=0.138192
  Stage 2 epoch 240/300: loss=0.095747
  Stage 2 epoch 300/300: loss=0.066201
  Stage 3 epoch 60/300: loss=0.000050
  Stage 3 epoch 120/300: loss=0.000018
  Stage 3 epoch 180/300: loss=0.000010
  Stage 3 epoch 240/300: loss=0.000009
  Stage 3 epoch 300/300: loss=0.000008
  rcMTE@0.1: 0.2492 (454/500 in region)
  rcMTE@0.5: 0.4474 (422/500 in region)
  rcMTE@1.0: 0.5117 (406/500 in region)
  MTE@0.1: 0.4109
  MTE@0.5: 0.6735
  MTE@1.0: 0.7455
  W2@1.0:  0.2557
  sW2@0.1: 0.1500 (454/500 in region)
  sW2@0.2: 0.1726 (441/500 in region)
  sW2@0.5: 0.1436 (422/500 in region)
  sW2@1.0: 0.1635 (406/500 in region)
  MMD@1.0: 0.0478
  Survival@1.0: 98.2%
  Stopped@1.0:  81.2%

============================================================
  N=200 | D=11 (K=4) | paraboloid | seed=3042
============================================================
    Phase1 Epoch 50/250: loss=0.020442
    Phase1 Epoch 100/250: loss=0.010782
    Phase1 Epoch 150/250: loss=0.003409
    Phase1 Epoch 200/250: loss=0.003260
    Phase1 Epoch 250/250: loss=0.002184
      Phase 2 AE: K_weight=0.0000
        Phase2 Epoch 50/250: loss=0.004898
        Phase2 Epoch 100/250: loss=0.001619
        Phase2 Epoch 150/250: loss=0.001617
        Phase2 Epoch 200/250: loss=0.002203
        Phase2 Epoch 250/250: loss=0.000262
        E_mu=0.0002  E_Sigma=0.0001
      → baseline
  Precomputing encoder-pullback target...
  Stage 2 epoch 60/300: loss=0.408870
  Stage 2 epoch 120/300: loss=0.278474
  Stage 2 epoch 180/300: loss=0.160451
  Stage 2 epoch 240/300: loss=0.104022
  Stage 2 epoch 300/300: loss=0.071964
  Stage 3 epoch 60/300: loss=0.000055
  Stage 3 epoch 120/300: loss=0.000015
  Stage 3 epoch 180/300: loss=0.000010
  Stage 3 epoch 240/300: loss=0.000011
  Stage 3 epoch 300/300: loss=0.000006
  rcMTE@0.1: 0.2815 (456/500 in region)
  rcMTE@0.5: 0.4907 (402/500 in region)
  rcMTE@1.0: 0.5697 (381/500 in region)
  MTE@0.1: 0.4702
  MTE@0.5: 0.7725
  MTE@1.0: 0.8234
  W2@1.0:  0.2097
  sW2@0.1: 0.1568 (456/500 in region)
  sW2@0.2: 0.1934 (434/500 in region)
  sW2@0.5: 0.2116 (402/500 in region)
  sW2@1.0: 0.2473 (381/500 in region)
  MMD@1.0: 0.0607
  Survival@1.0: 97.4%
  Stopped@1.0:  76.2%
      Phase 2 AE: K_weight=0.1000
        Phase2 Epoch 50/250: loss=0.006999
        Phase2 Epoch 100/250: loss=0.001257
        Phase2 Epoch 150/250: loss=0.001129
        Phase2 Epoch 200/250: loss=0.001471
        Phase2 Epoch 250/250: loss=0.000449
        E_mu=0.0004  E_Sigma=0.0001
      → K
  Precomputing encoder-pullback target...
  Stage 2 epoch 60/300: loss=0.411147
  Stage 2 epoch 120/300: loss=0.271586
  Stage 2 epoch 180/300: loss=0.152585
  Stage 2 epoch 240/300: loss=0.098884
  Stage 2 epoch 300/300: loss=0.068921
  Stage 3 epoch 60/300: loss=0.000051
  Stage 3 epoch 120/300: loss=0.000016
  Stage 3 epoch 180/300: loss=0.000012
  Stage 3 epoch 240/300: loss=0.000011
  Stage 3 epoch 300/300: loss=0.000009
  rcMTE@0.1: 0.2817 (456/500 in region)
  rcMTE@0.5: 0.4898 (402/500 in region)
  rcMTE@1.0: 0.5690 (381/500 in region)
  MTE@0.1: 0.4697
  MTE@0.5: 0.7714
  MTE@1.0: 0.8235
  W2@1.0:  0.2109
  sW2@0.1: 0.1570 (456/500 in region)
  sW2@0.2: 0.1934 (434/500 in region)
  sW2@0.5: 0.2106 (402/500 in region)
  sW2@1.0: 0.2491 (381/500 in region)
  MMD@1.0: 0.0658
  Survival@1.0: 97.4%
  Stopped@1.0:  76.2%
      → K+S
  Precomputing encoder-pullback target...
  Stage 2 epoch 60/300: loss=0.411147
  Stage 2 epoch 120/300: loss=0.271586
  Stage 2 epoch 180/300: loss=0.152585
  Stage 2 epoch 240/300: loss=0.098884
  Stage 2 epoch 300/300: loss=0.068921
  Stage 3 epoch 60/300: loss=0.000051
  Stage 3 epoch 120/300: loss=0.000016
  Stage 3 epoch 180/300: loss=0.000012
  Stage 3 epoch 240/300: loss=0.000011
  Stage 3 epoch 300/300: loss=0.000009
  rcMTE@0.1: 0.2817 (456/500 in region)
  rcMTE@0.5: 0.4898 (402/500 in region)
  rcMTE@1.0: 0.5690 (381/500 in region)
  MTE@0.1: 0.4697
  MTE@0.5: 0.7714
  MTE@1.0: 0.8235
  W2@1.0:  0.2109
  sW2@0.1: 0.1570 (456/500 in region)
  sW2@0.2: 0.1934 (434/500 in region)
  sW2@0.5: 0.2106 (402/500 in region)
  sW2@1.0: 0.2491 (381/500 in region)
  MMD@1.0: 0.0658
  Survival@1.0: 97.4%
  Stopped@1.0:  76.2%

============================================================
  N=200 | D=11 (K=4) | paraboloid | seed=4042
============================================================
    Phase1 Epoch 50/250: loss=0.018077
    Phase1 Epoch 100/250: loss=0.011286
    Phase1 Epoch 150/250: loss=0.003418
    Phase1 Epoch 200/250: loss=0.003011
    Phase1 Epoch 250/250: loss=0.001738
      Phase 2 AE: K_weight=0.0000
        Phase2 Epoch 50/250: loss=0.001382
        Phase2 Epoch 100/250: loss=0.000940
        Phase2 Epoch 150/250: loss=0.001592
        Phase2 Epoch 200/250: loss=0.000975
        Phase2 Epoch 250/250: loss=0.000886
        E_mu=0.0023  E_Sigma=0.0013
      → baseline
  Precomputing encoder-pullback target...
  Stage 2 epoch 60/300: loss=0.461798
  Stage 2 epoch 120/300: loss=0.324083
  Stage 2 epoch 180/300: loss=0.159056
  Stage 2 epoch 240/300: loss=0.079518
  Stage 2 epoch 300/300: loss=0.055461
  Stage 3 epoch 60/300: loss=0.000048
  Stage 3 epoch 120/300: loss=0.000030
  Stage 3 epoch 180/300: loss=0.000019
  Stage 3 epoch 240/300: loss=0.000019
  Stage 3 epoch 300/300: loss=0.000020
  rcMTE@0.1: 0.2379 (443/500 in region)
  rcMTE@0.5: 0.4700 (407/500 in region)
  rcMTE@1.0: 0.5823 (384/500 in region)
  MTE@0.1: 0.3547
  MTE@0.5: 0.6572
  MTE@1.0: 0.7499
  W2@1.0:  0.2471
  sW2@0.1: 0.1356 (443/500 in region)
  sW2@0.2: 0.1560 (424/500 in region)
  sW2@0.5: 0.2249 (407/500 in region)
  sW2@1.0: 0.2691 (384/500 in region)
  MMD@1.0: 0.0962
  Survival@1.0: 98.8%
  Stopped@1.0:  76.8%
      Phase 2 AE: K_weight=0.1000
        Phase2 Epoch 50/250: loss=0.001479
        Phase2 Epoch 100/250: loss=0.001597
        Phase2 Epoch 150/250: loss=0.001733
        Phase2 Epoch 200/250: loss=0.000717
        Phase2 Epoch 250/250: loss=0.000866
        E_mu=0.0016  E_Sigma=0.0011
      → K
  Precomputing encoder-pullback target...
  Stage 2 epoch 60/300: loss=0.452098
  Stage 2 epoch 120/300: loss=0.314206
  Stage 2 epoch 180/300: loss=0.159750
  Stage 2 epoch 240/300: loss=0.080297
  Stage 2 epoch 300/300: loss=0.055364
  Stage 3 epoch 60/300: loss=0.000044
  Stage 3 epoch 120/300: loss=0.000029
  Stage 3 epoch 180/300: loss=0.000021
  Stage 3 epoch 240/300: loss=0.000017
  Stage 3 epoch 300/300: loss=0.000017
  rcMTE@0.1: 0.2405 (443/500 in region)
  rcMTE@0.5: 0.4650 (407/500 in region)
  rcMTE@1.0: 0.5761 (384/500 in region)
  MTE@0.1: 0.3624
  MTE@0.5: 0.6568
  MTE@1.0: 0.7466
  W2@1.0:  0.2229
  sW2@0.1: 0.1470 (443/500 in region)
  sW2@0.2: 0.1585 (424/500 in region)
  sW2@0.5: 0.1957 (407/500 in region)
  sW2@1.0: 0.2356 (384/500 in region)
  MMD@1.0: 0.0762
  Survival@1.0: 98.8%
  Stopped@1.0:  76.8%
      → K+S
  Precomputing encoder-pullback target...
  Stage 2 epoch 60/300: loss=0.452098
  Stage 2 epoch 120/300: loss=0.314206
  Stage 2 epoch 180/300: loss=0.159750
  Stage 2 epoch 240/300: loss=0.080297
  Stage 2 epoch 300/300: loss=0.055364
  Stage 3 epoch 60/300: loss=0.000044
  Stage 3 epoch 120/300: loss=0.000029
  Stage 3 epoch 180/300: loss=0.000021
  Stage 3 epoch 240/300: loss=0.000017
  Stage 3 epoch 300/300: loss=0.000017
  rcMTE@0.1: 0.2405 (443/500 in region)
  rcMTE@0.5: 0.4650 (407/500 in region)
  rcMTE@1.0: 0.5761 (384/500 in region)
  MTE@0.1: 0.3624
  MTE@0.5: 0.6568
  MTE@1.0: 0.7466
  W2@1.0:  0.2229
  sW2@0.1: 0.1470 (443/500 in region)
  sW2@0.2: 0.1585 (424/500 in region)
  sW2@0.5: 0.1957 (407/500 in region)
  sW2@1.0: 0.2356 (384/500 in region)
  MMD@1.0: 0.0762
  Survival@1.0: 98.8%
  Stopped@1.0:  76.8%

============================================================
  N=200 | D=11 (K=4) | paraboloid | seed=5042
============================================================
    Phase1 Epoch 50/250: loss=0.019806
    Phase1 Epoch 100/250: loss=0.003855
    Phase1 Epoch 150/250: loss=0.004027
    Phase1 Epoch 200/250: loss=0.001569
    Phase1 Epoch 250/250: loss=0.001253
      Phase 2 AE: K_weight=0.0000
        Phase2 Epoch 50/250: loss=0.000972
        Phase2 Epoch 100/250: loss=0.001625
        Phase2 Epoch 150/250: loss=0.000922
        Phase2 Epoch 200/250: loss=0.002579
        Phase2 Epoch 250/250: loss=0.000269
        E_mu=0.0004  E_Sigma=0.0001
      → baseline
  Precomputing encoder-pullback target...
  Stage 2 epoch 60/300: loss=0.481604
  Stage 2 epoch 120/300: loss=0.349293
  Stage 2 epoch 180/300: loss=0.196417
  Stage 2 epoch 240/300: loss=0.103037
  Stage 2 epoch 300/300: loss=0.073696
  Stage 3 epoch 60/300: loss=0.000030
  Stage 3 epoch 120/300: loss=0.000016
  Stage 3 epoch 180/300: loss=0.000030
  Stage 3 epoch 240/300: loss=0.000012
  Stage 3 epoch 300/300: loss=0.000006
  rcMTE@0.1: 0.3871 (454/500 in region)
  rcMTE@0.5: 0.6313 (420/500 in region)
  rcMTE@1.0: 0.7376 (403/500 in region)
  MTE@0.1: 0.6187
  MTE@0.5: 0.9597
  MTE@1.0: 1.0423
  W2@1.0:  0.1784
  sW2@0.1: 0.1522 (454/500 in region)
  sW2@0.2: 0.2103 (435/500 in region)
  sW2@0.5: 0.2166 (420/500 in region)
  sW2@1.0: 0.2038 (403/500 in region)
  MMD@1.0: 0.0417
  Survival@1.0: 98.8%
  Stopped@1.0:  80.6%
      Phase 2 AE: K_weight=0.1000
        Phase2 Epoch 50/250: loss=0.000981
        Phase2 Epoch 100/250: loss=0.002547
        Phase2 Epoch 150/250: loss=0.001859
        Phase2 Epoch 200/250: loss=0.000475
        Phase2 Epoch 250/250: loss=0.000791
        E_mu=0.0007  E_Sigma=0.0004
      → K
  Precomputing encoder-pullback target...
  Stage 2 epoch 60/300: loss=0.486004
  Stage 2 epoch 120/300: loss=0.350020
  Stage 2 epoch 180/300: loss=0.197156
  Stage 2 epoch 240/300: loss=0.100629
  Stage 2 epoch 300/300: loss=0.069873
  Stage 3 epoch 60/300: loss=0.000034
  Stage 3 epoch 120/300: loss=0.000017
  Stage 3 epoch 180/300: loss=0.000033
  Stage 3 epoch 240/300: loss=0.000014
  Stage 3 epoch 300/300: loss=0.000016
  rcMTE@0.1: 0.3863 (454/500 in region)
  rcMTE@0.5: 0.6295 (420/500 in region)
  rcMTE@1.0: 0.7336 (403/500 in region)
  MTE@0.1: 0.6178
  MTE@0.5: 0.9599
  MTE@1.0: 1.0428
  W2@1.0:  0.1774
  sW2@0.1: 0.1526 (454/500 in region)
  sW2@0.2: 0.2009 (435/500 in region)
  sW2@0.5: 0.2105 (420/500 in region)
  sW2@1.0: 0.1930 (403/500 in region)
  MMD@1.0: 0.0431
  Survival@1.0: 98.8%
  Stopped@1.0:  80.6%
      → K+S
  Precomputing encoder-pullback target...
  Stage 2 epoch 60/300: loss=0.486004
  Stage 2 epoch 120/300: loss=0.350020
  Stage 2 epoch 180/300: loss=0.197156
  Stage 2 epoch 240/300: loss=0.100629
  Stage 2 epoch 300/300: loss=0.069873
  Stage 3 epoch 60/300: loss=0.000034
  Stage 3 epoch 120/300: loss=0.000017
  Stage 3 epoch 180/300: loss=0.000033
  Stage 3 epoch 240/300: loss=0.000014
  Stage 3 epoch 300/300: loss=0.000016
  rcMTE@0.1: 0.3863 (454/500 in region)
  rcMTE@0.5: 0.6295 (420/500 in region)
  rcMTE@1.0: 0.7336 (403/500 in region)
  MTE@0.1: 0.6178
  MTE@0.5: 0.9599
  MTE@1.0: 1.0428
  W2@1.0:  0.1774
  sW2@0.1: 0.1526 (454/500 in region)
  sW2@0.2: 0.2009 (435/500 in region)
  sW2@0.5: 0.2105 (420/500 in region)
  sW2@1.0: 0.1930 (403/500 in region)
  MMD@1.0: 0.0431
  Survival@1.0: 98.8%
  Stopped@1.0:  80.6%

============================================================
  N=200 | D=11 (K=4) | paraboloid | seed=6042
============================================================
    Phase1 Epoch 50/250: loss=0.024489
    Phase1 Epoch 100/250: loss=0.024160
    Phase1 Epoch 150/250: loss=0.002750
    Phase1 Epoch 200/250: loss=0.007412
    Phase1 Epoch 250/250: loss=0.001374
      Phase 2 AE: K_weight=0.0000
        Phase2 Epoch 50/250: loss=0.008006
        Phase2 Epoch 100/250: loss=0.000979
        Phase2 Epoch 150/250: loss=0.001005
        Phase2 Epoch 200/250: loss=0.001193
        Phase2 Epoch 250/250: loss=0.001319
        E_mu=0.0010  E_Sigma=0.0004
      → baseline
  Precomputing encoder-pullback target...
  Stage 2 epoch 60/300: loss=0.447312
  Stage 2 epoch 120/300: loss=0.343330
  Stage 2 epoch 180/300: loss=0.242417
  Stage 2 epoch 240/300: loss=0.109601
  Stage 2 epoch 300/300: loss=0.081362
  Stage 3 epoch 60/300: loss=0.000074
  Stage 3 epoch 120/300: loss=0.000016
  Stage 3 epoch 180/300: loss=0.000018
  Stage 3 epoch 240/300: loss=0.000017
  Stage 3 epoch 300/300: loss=0.000011
  rcMTE@0.1: 0.2472 (452/500 in region)
  rcMTE@0.5: 0.4615 (406/500 in region)
  rcMTE@1.0: 0.5216 (392/500 in region)
  MTE@0.1: 0.4136
  MTE@0.5: 0.7374
  MTE@1.0: 0.7575
  W2@1.0:  0.2274
  sW2@0.1: 0.1535 (452/500 in region)
  sW2@0.2: 0.1922 (428/500 in region)
  sW2@0.5: 0.2543 (406/500 in region)
  sW2@1.0: 0.3210 (392/500 in region)
  MMD@1.0: 0.0703
  Survival@1.0: 98.6%
  Stopped@1.0:  78.4%
      Phase 2 AE: K_weight=0.1000
        Phase2 Epoch 50/250: loss=0.001090
        Phase2 Epoch 100/250: loss=0.000978
        Phase2 Epoch 150/250: loss=0.000583
        Phase2 Epoch 200/250: loss=0.002091
        Phase2 Epoch 250/250: loss=0.001501
        E_mu=0.0008  E_Sigma=0.0003
      → K
  Precomputing encoder-pullback target...
  Stage 2 epoch 60/300: loss=0.459832
  Stage 2 epoch 120/300: loss=0.349794
  Stage 2 epoch 180/300: loss=0.231671
  Stage 2 epoch 240/300: loss=0.103803
  Stage 2 epoch 300/300: loss=0.077540
  Stage 3 epoch 60/300: loss=0.000067
  Stage 3 epoch 120/300: loss=0.000014
  Stage 3 epoch 180/300: loss=0.000015
  Stage 3 epoch 240/300: loss=0.000015
  Stage 3 epoch 300/300: loss=0.000009
  rcMTE@0.1: 0.2443 (452/500 in region)
  rcMTE@0.5: 0.4608 (406/500 in region)
  rcMTE@1.0: 0.5189 (392/500 in region)
  MTE@0.1: 0.4091
  MTE@0.5: 0.7361
  MTE@1.0: 0.7541
  W2@1.0:  0.2176
  sW2@0.1: 0.1418 (452/500 in region)
  sW2@0.2: 0.1797 (428/500 in region)
  sW2@0.5: 0.2415 (406/500 in region)
  sW2@1.0: 0.3041 (392/500 in region)
  MMD@1.0: 0.0554
  Survival@1.0: 98.6%
  Stopped@1.0:  78.4%
      → K+S
  Precomputing encoder-pullback target...
  Stage 2 epoch 60/300: loss=0.459832
  Stage 2 epoch 120/300: loss=0.349794
  Stage 2 epoch 180/300: loss=0.231671
  Stage 2 epoch 240/300: loss=0.103803
  Stage 2 epoch 300/300: loss=0.077540
  Stage 3 epoch 60/300: loss=0.000067
  Stage 3 epoch 120/300: loss=0.000014
  Stage 3 epoch 180/300: loss=0.000015
  Stage 3 epoch 240/300: loss=0.000015
  Stage 3 epoch 300/300: loss=0.000009
  rcMTE@0.1: 0.2443 (452/500 in region)
  rcMTE@0.5: 0.4608 (406/500 in region)
  rcMTE@1.0: 0.5189 (392/500 in region)
  MTE@0.1: 0.4091
  MTE@0.5: 0.7361
  MTE@1.0: 0.7541
  W2@1.0:  0.2176
  sW2@0.1: 0.1418 (452/500 in region)
  sW2@0.2: 0.1797 (428/500 in region)
  sW2@0.5: 0.2415 (406/500 in region)
  sW2@1.0: 0.3041 (392/500 in region)
  MMD@1.0: 0.0554
  Survival@1.0: 98.6%
  Stopped@1.0:  78.4%

============================================================
  N=200 | D=11 (K=4) | paraboloid | seed=7042
============================================================
    Phase1 Epoch 50/250: loss=0.020611
    Phase1 Epoch 100/250: loss=0.009650
    Phase1 Epoch 150/250: loss=0.003151
    Phase1 Epoch 200/250: loss=0.012982
    Phase1 Epoch 250/250: loss=0.002840
      Phase 2 AE: K_weight=0.0000
        Phase2 Epoch 50/250: loss=0.001425
        Phase2 Epoch 100/250: loss=0.001769
        Phase2 Epoch 150/250: loss=0.002428
        Phase2 Epoch 200/250: loss=0.000804
        Phase2 Epoch 250/250: loss=0.000627
        E_mu=0.0016  E_Sigma=0.0006
      → baseline
  Precomputing encoder-pullback target...
  Stage 2 epoch 60/300: loss=0.418824
  Stage 2 epoch 120/300: loss=0.321980
  Stage 2 epoch 180/300: loss=0.217086
  Stage 2 epoch 240/300: loss=0.131686
  Stage 2 epoch 300/300: loss=0.088071
  Stage 3 epoch 60/300: loss=0.000052
  Stage 3 epoch 120/300: loss=0.000028
  Stage 3 epoch 180/300: loss=0.000032
  Stage 3 epoch 240/300: loss=0.000020
  Stage 3 epoch 300/300: loss=0.000016
  rcMTE@0.1: 0.2719 (457/500 in region)
  rcMTE@0.5: 0.4943 (420/500 in region)
  rcMTE@1.0: 0.5790 (396/500 in region)
  MTE@0.1: 0.4357
  MTE@0.5: 0.7420
  MTE@1.0: 0.8324
  W2@1.0:  0.2174
  sW2@0.1: 0.1479 (457/500 in region)
  sW2@0.2: 0.1712 (438/500 in region)
  sW2@0.5: 0.1968 (420/500 in region)
  sW2@1.0: 0.2160 (396/500 in region)
  MMD@1.0: 0.0677
  Survival@1.0: 99.2%
  Stopped@1.0:  79.2%
      Phase 2 AE: K_weight=0.1000
        Phase2 Epoch 50/250: loss=0.002793
        Phase2 Epoch 100/250: loss=0.001924
        Phase2 Epoch 150/250: loss=0.001360
        Phase2 Epoch 200/250: loss=0.002614
        Phase2 Epoch 250/250: loss=0.000991
        E_mu=0.0008  E_Sigma=0.0004
      → K
  Precomputing encoder-pullback target...
  Stage 2 epoch 60/300: loss=0.425318
  Stage 2 epoch 120/300: loss=0.325900
  Stage 2 epoch 180/300: loss=0.219907
  Stage 2 epoch 240/300: loss=0.134344
  Stage 2 epoch 300/300: loss=0.090992
  Stage 3 epoch 60/300: loss=0.000053
  Stage 3 epoch 120/300: loss=0.000030
  Stage 3 epoch 180/300: loss=0.000041
  Stage 3 epoch 240/300: loss=0.000019
  Stage 3 epoch 300/300: loss=0.000016
  rcMTE@0.1: 0.2734 (457/500 in region)
  rcMTE@0.5: 0.4962 (420/500 in region)
  rcMTE@1.0: 0.5817 (396/500 in region)
  MTE@0.1: 0.4369
  MTE@0.5: 0.7431
  MTE@1.0: 0.8345
  W2@1.0:  0.2303
  sW2@0.1: 0.1553 (457/500 in region)
  sW2@0.2: 0.1820 (438/500 in region)
  sW2@0.5: 0.2026 (420/500 in region)
  sW2@1.0: 0.2224 (396/500 in region)
  MMD@1.0: 0.0780
  Survival@1.0: 99.2%
  Stopped@1.0:  79.2%
      → K+S
  Precomputing encoder-pullback target...
  Stage 2 epoch 60/300: loss=0.425318
  Stage 2 epoch 120/300: loss=0.325900
  Stage 2 epoch 180/300: loss=0.219907
  Stage 2 epoch 240/300: loss=0.134344
  Stage 2 epoch 300/300: loss=0.090992
  Stage 3 epoch 60/300: loss=0.000053
  Stage 3 epoch 120/300: loss=0.000030
  Stage 3 epoch 180/300: loss=0.000041
  Stage 3 epoch 240/300: loss=0.000019
  Stage 3 epoch 300/300: loss=0.000016
  rcMTE@0.1: 0.2734 (457/500 in region)
  rcMTE@0.5: 0.4962 (420/500 in region)
  rcMTE@1.0: 0.5817 (396/500 in region)
  MTE@0.1: 0.4369
  MTE@0.5: 0.7431
  MTE@1.0: 0.8345
  W2@1.0:  0.2303
  sW2@0.1: 0.1553 (457/500 in region)
  sW2@0.2: 0.1820 (438/500 in region)
  sW2@0.5: 0.2026 (420/500 in region)
  sW2@1.0: 0.2224 (396/500 in region)
  MMD@1.0: 0.0780
  Survival@1.0: 99.2%
  Stopped@1.0:  79.2%

============================================================
  N=200 | D=11 (K=4) | paraboloid | seed=8042
============================================================
    Phase1 Epoch 50/250: loss=0.021193
    Phase1 Epoch 100/250: loss=0.010249
    Phase1 Epoch 150/250: loss=0.004330
    Phase1 Epoch 200/250: loss=0.001796
    Phase1 Epoch 250/250: loss=0.002838
      Phase 2 AE: K_weight=0.0000
        Phase2 Epoch 50/250: loss=0.001493
        Phase2 Epoch 100/250: loss=0.001091
        Phase2 Epoch 150/250: loss=0.000640
        Phase2 Epoch 200/250: loss=0.001947
        Phase2 Epoch 250/250: loss=0.012449
        E_mu=0.0089  E_Sigma=0.0064
      → baseline
  Precomputing encoder-pullback target...
  Stage 2 epoch 60/300: loss=0.483786
  Stage 2 epoch 120/300: loss=0.276581
  Stage 2 epoch 180/300: loss=0.180797
  Stage 2 epoch 240/300: loss=0.088183
  Stage 2 epoch 300/300: loss=0.051330
  Stage 3 epoch 60/300: loss=0.001062
  Stage 3 epoch 120/300: loss=0.000448
  Stage 3 epoch 180/300: loss=0.000327
  Stage 3 epoch 240/300: loss=0.000198
  Stage 3 epoch 300/300: loss=0.000153
  rcMTE@0.1: 0.2759 (448/500 in region)
  rcMTE@0.5: 0.4029 (421/500 in region)
  rcMTE@1.0: 0.4405 (398/500 in region)
  MTE@0.1: 0.4749
  MTE@0.5: 0.6415
  MTE@1.0: 0.6950
  W2@1.0:  0.2948
  sW2@0.1: 0.2157 (448/500 in region)
  sW2@0.2: 0.2296 (438/500 in region)
  sW2@0.5: 0.2447 (421/500 in region)
  sW2@1.0: 0.2533 (398/500 in region)
  MMD@1.0: 0.1023
  Survival@1.0: 99.0%
  Stopped@1.0:  79.6%
      Phase 2 AE: K_weight=0.1000
        Phase2 Epoch 50/250: loss=0.000949
        Phase2 Epoch 100/250: loss=0.001402
        Phase2 Epoch 150/250: loss=0.001442
        Phase2 Epoch 200/250: loss=0.001024
        Phase2 Epoch 250/250: loss=0.001063
        E_mu=0.0011  E_Sigma=0.0005
      → K
  Precomputing encoder-pullback target...
  Stage 2 epoch 60/300: loss=0.468939
  Stage 2 epoch 120/300: loss=0.270368
  Stage 2 epoch 180/300: loss=0.178431
  Stage 2 epoch 240/300: loss=0.090261
  Stage 2 epoch 300/300: loss=0.056505
  Stage 3 epoch 60/300: loss=0.001013
  Stage 3 epoch 120/300: loss=0.000397
  Stage 3 epoch 180/300: loss=0.000278
  Stage 3 epoch 240/300: loss=0.000145
  Stage 3 epoch 300/300: loss=0.000097
  rcMTE@0.1: 0.2616 (448/500 in region)
  rcMTE@0.5: 0.3988 (421/500 in region)
  rcMTE@1.0: 0.4344 (398/500 in region)
  MTE@0.1: 0.4550
  MTE@0.5: 0.6329
  MTE@1.0: 0.6834
  W2@1.0:  0.2356
  sW2@0.1: 0.1640 (448/500 in region)
  sW2@0.2: 0.1717 (438/500 in region)
  sW2@0.5: 0.1843 (421/500 in region)
  sW2@1.0: 0.1666 (398/500 in region)
  MMD@1.0: 0.0443
  Survival@1.0: 99.0%
  Stopped@1.0:  79.6%
      → K+S
  Precomputing encoder-pullback target...
  Stage 2 epoch 60/300: loss=0.468939
  Stage 2 epoch 120/300: loss=0.270368
  Stage 2 epoch 180/300: loss=0.178431
  Stage 2 epoch 240/300: loss=0.090261
  Stage 2 epoch 300/300: loss=0.056505
  Stage 3 epoch 60/300: loss=0.001013
  Stage 3 epoch 120/300: loss=0.000397
  Stage 3 epoch 180/300: loss=0.000278
  Stage 3 epoch 240/300: loss=0.000145
  Stage 3 epoch 300/300: loss=0.000097
  rcMTE@0.1: 0.2616 (448/500 in region)
  rcMTE@0.5: 0.3988 (421/500 in region)
  rcMTE@1.0: 0.4344 (398/500 in region)
  MTE@0.1: 0.4550
  MTE@0.5: 0.6329
  MTE@1.0: 0.6834
  W2@1.0:  0.2356
  sW2@0.1: 0.1640 (448/500 in region)
  sW2@0.2: 0.1717 (438/500 in region)
  sW2@0.5: 0.1843 (421/500 in region)
  sW2@1.0: 0.1666 (398/500 in region)
  MMD@1.0: 0.0443
  Survival@1.0: 99.0%
  Stopped@1.0:  79.6%

============================================================
  N=200 | D=11 (K=4) | paraboloid | seed=9042
============================================================
    Phase1 Epoch 50/250: loss=0.026078
    Phase1 Epoch 100/250: loss=0.019658
    Phase1 Epoch 150/250: loss=0.002103
    Phase1 Epoch 200/250: loss=0.002497
    Phase1 Epoch 250/250: loss=0.001303
      Phase 2 AE: K_weight=0.0000
        Phase2 Epoch 50/250: loss=0.003803
        Phase2 Epoch 100/250: loss=0.001126
        Phase2 Epoch 150/250: loss=0.000910
        Phase2 Epoch 200/250: loss=0.000980
        Phase2 Epoch 250/250: loss=0.001140
        E_mu=0.0012  E_Sigma=0.0003
      → baseline
  Precomputing encoder-pullback target...
  Stage 2 epoch 60/300: loss=0.433865
  Stage 2 epoch 120/300: loss=0.316881
  Stage 2 epoch 180/300: loss=0.239484
  Stage 2 epoch 240/300: loss=0.171083
  Stage 2 epoch 300/300: loss=0.102432
  Stage 3 epoch 60/300: loss=0.000025
  Stage 3 epoch 120/300: loss=0.000017
  Stage 3 epoch 180/300: loss=0.000014
  Stage 3 epoch 240/300: loss=0.000017
  Stage 3 epoch 300/300: loss=0.000009
  rcMTE@0.1: 0.0580 (444/500 in region)
  rcMTE@0.5: 0.1100 (406/500 in region)
  rcMTE@1.0: 0.1647 (388/500 in region)
  MTE@0.1: 0.1128
  MTE@0.5: 0.2175
  MTE@1.0: 0.2683
  W2@1.0:  0.2065
  sW2@0.1: 0.1067 (444/500 in region)
  sW2@0.2: 0.1311 (429/500 in region)
  sW2@0.5: 0.1214 (406/500 in region)
  sW2@1.0: 0.1519 (388/500 in region)
  MMD@1.0: 0.0387
  Survival@1.0: 99.0%
  Stopped@1.0:  77.6%
      Phase 2 AE: K_weight=0.1000
        Phase2 Epoch 50/250: loss=0.001858
        Phase2 Epoch 100/250: loss=0.001631
        Phase2 Epoch 150/250: loss=0.000653
        Phase2 Epoch 200/250: loss=0.001010
        Phase2 Epoch 250/250: loss=0.000634
        E_mu=0.0006  E_Sigma=0.0002
      → K
  Precomputing encoder-pullback target...
  Stage 2 epoch 60/300: loss=0.425583
  Stage 2 epoch 120/300: loss=0.314368
  Stage 2 epoch 180/300: loss=0.241292
  Stage 2 epoch 240/300: loss=0.174993
  Stage 2 epoch 300/300: loss=0.108242
  Stage 3 epoch 60/300: loss=0.000024
  Stage 3 epoch 120/300: loss=0.000014
  Stage 3 epoch 180/300: loss=0.000011
  Stage 3 epoch 240/300: loss=0.000019
  Stage 3 epoch 300/300: loss=0.000007
  rcMTE@0.1: 0.0545 (444/500 in region)
  rcMTE@0.5: 0.1147 (406/500 in region)
  rcMTE@1.0: 0.1754 (388/500 in region)
  MTE@0.1: 0.1069
  MTE@0.5: 0.2172
  MTE@1.0: 0.2788
  W2@1.0:  0.2120
  sW2@0.1: 0.1023 (444/500 in region)
  sW2@0.2: 0.1274 (429/500 in region)
  sW2@0.5: 0.1202 (406/500 in region)
  sW2@1.0: 0.1583 (388/500 in region)
  MMD@1.0: 0.0513
  Survival@1.0: 99.0%
  Stopped@1.0:  77.6%
      → K+S
  Precomputing encoder-pullback target...
  Stage 2 epoch 60/300: loss=0.425583
  Stage 2 epoch 120/300: loss=0.314368
  Stage 2 epoch 180/300: loss=0.241292
  Stage 2 epoch 240/300: loss=0.174993
  Stage 2 epoch 300/300: loss=0.108242
  Stage 3 epoch 60/300: loss=0.000024
  Stage 3 epoch 120/300: loss=0.000014
  Stage 3 epoch 180/300: loss=0.000011
  Stage 3 epoch 240/300: loss=0.000019
  Stage 3 epoch 300/300: loss=0.000007
  rcMTE@0.1: 0.0545 (444/500 in region)
  rcMTE@0.5: 0.1147 (406/500 in region)
  rcMTE@1.0: 0.1754 (388/500 in region)
  MTE@0.1: 0.1069
  MTE@0.5: 0.2172
  MTE@1.0: 0.2788
  W2@1.0:  0.2120
  sW2@0.1: 0.1023 (444/500 in region)
  sW2@0.2: 0.1274 (429/500 in region)
  sW2@0.5: 0.1202 (406/500 in region)
  sW2@1.0: 0.1583 (388/500 in region)
  MMD@1.0: 0.0513
  Survival@1.0: 99.0%
  Stopped@1.0:  77.6%

============================================================
  N=200 | D=11 (K=4) | hyperbolic_paraboloid | seed=42
============================================================
    Phase1 Epoch 50/250: loss=0.015923
    Phase1 Epoch 100/250: loss=0.003424
    Phase1 Epoch 150/250: loss=0.005000
    Phase1 Epoch 200/250: loss=0.001453
    Phase1 Epoch 250/250: loss=0.013448
      Phase 2 AE: K_weight=0.0000
        Phase2 Epoch 50/250: loss=0.003507
        Phase2 Epoch 100/250: loss=0.001019
        Phase2 Epoch 150/250: loss=0.000331
        Phase2 Epoch 200/250: loss=0.000262
        Phase2 Epoch 250/250: loss=0.000310
        E_mu=0.0004  E_Sigma=0.0001
      → baseline
  Precomputing encoder-pullback target...
  Stage 2 epoch 60/300: loss=0.317935
  Stage 2 epoch 120/300: loss=0.211111
  Stage 2 epoch 180/300: loss=0.156511
  Stage 2 epoch 240/300: loss=0.104403
  Stage 2 epoch 300/300: loss=0.070415
  Stage 3 epoch 60/300: loss=0.000011
  Stage 3 epoch 120/300: loss=0.000010
  Stage 3 epoch 180/300: loss=0.000014
  Stage 3 epoch 240/300: loss=0.000007
  Stage 3 epoch 300/300: loss=0.000017
  rcMTE@0.1: 0.2516 (442/500 in region)
  rcMTE@0.5: 0.4843 (402/500 in region)
  rcMTE@1.0: 0.5862 (383/500 in region)
  MTE@0.1: 0.3771
  MTE@0.5: 0.6496
  MTE@1.0: 0.7476
  W2@1.0:  0.2388
  sW2@0.1: 0.1359 (442/500 in region)
  sW2@0.2: 0.1561 (428/500 in region)
  sW2@0.5: 0.1444 (402/500 in region)
  sW2@1.0: 0.2242 (383/500 in region)
  MMD@1.0: 0.0787
  Survival@1.0: 98.6%
  Stopped@1.0:  76.6%
      Phase 2 AE: K_weight=0.1000
        Phase2 Epoch 50/250: loss=0.002433
        Phase2 Epoch 100/250: loss=0.000589
        Phase2 Epoch 150/250: loss=0.000615
        Phase2 Epoch 200/250: loss=0.000810
        Phase2 Epoch 250/250: loss=0.000749
        E_mu=0.0007  E_Sigma=0.0003
      → K
  Precomputing encoder-pullback target...
  Stage 2 epoch 60/300: loss=0.322589
  Stage 2 epoch 120/300: loss=0.211732
  Stage 2 epoch 180/300: loss=0.155218
  Stage 2 epoch 240/300: loss=0.100703
  Stage 2 epoch 300/300: loss=0.066732
  Stage 3 epoch 60/300: loss=0.000014
  Stage 3 epoch 120/300: loss=0.000012
  Stage 3 epoch 180/300: loss=0.000019
  Stage 3 epoch 240/300: loss=0.000011
  Stage 3 epoch 300/300: loss=0.000025
  rcMTE@0.1: 0.2541 (442/500 in region)
  rcMTE@0.5: 0.4861 (402/500 in region)
  rcMTE@1.0: 0.5845 (383/500 in region)
  MTE@0.1: 0.3804
  MTE@0.5: 0.6497
  MTE@1.0: 0.7427
  W2@1.0:  0.2343
  sW2@0.1: 0.1411 (442/500 in region)
  sW2@0.2: 0.1627 (428/500 in region)
  sW2@0.5: 0.1447 (402/500 in region)
  sW2@1.0: 0.2165 (383/500 in region)
  MMD@1.0: 0.0750
  Survival@1.0: 98.6%
  Stopped@1.0:  76.6%
      → K+S
  Precomputing encoder-pullback target...
  Stage 2 epoch 60/300: loss=0.322589
  Stage 2 epoch 120/300: loss=0.211732
  Stage 2 epoch 180/300: loss=0.155218
  Stage 2 epoch 240/300: loss=0.100703
  Stage 2 epoch 300/300: loss=0.066732
  Stage 3 epoch 60/300: loss=0.000014
  Stage 3 epoch 120/300: loss=0.000012
  Stage 3 epoch 180/300: loss=0.000019
  Stage 3 epoch 240/300: loss=0.000011
  Stage 3 epoch 300/300: loss=0.000025
  rcMTE@0.1: 0.2541 (442/500 in region)
  rcMTE@0.5: 0.4861 (402/500 in region)
  rcMTE@1.0: 0.5845 (383/500 in region)
  MTE@0.1: 0.3804
  MTE@0.5: 0.6497
  MTE@1.0: 0.7427
  W2@1.0:  0.2343
  sW2@0.1: 0.1411 (442/500 in region)
  sW2@0.2: 0.1627 (428/500 in region)
  sW2@0.5: 0.1447 (402/500 in region)
  sW2@1.0: 0.2165 (383/500 in region)
  MMD@1.0: 0.0750
  Survival@1.0: 98.6%
  Stopped@1.0:  76.6%

============================================================
  N=200 | D=11 (K=4) | hyperbolic_paraboloid | seed=1042
============================================================
    Phase1 Epoch 50/250: loss=0.014147
    Phase1 Epoch 100/250: loss=0.002034
    Phase1 Epoch 150/250: loss=0.002543
    Phase1 Epoch 200/250: loss=0.001675
    Phase1 Epoch 250/250: loss=0.001175
      Phase 2 AE: K_weight=0.0000
        Phase2 Epoch 50/250: loss=0.001076
        Phase2 Epoch 100/250: loss=0.001172
        Phase2 Epoch 150/250: loss=0.002353
        Phase2 Epoch 200/250: loss=0.002202
        Phase2 Epoch 250/250: loss=0.000193
        E_mu=0.0005  E_Sigma=0.0001
      → baseline
  Precomputing encoder-pullback target...
  Stage 2 epoch 60/300: loss=0.261528
  Stage 2 epoch 120/300: loss=0.229355
  Stage 2 epoch 180/300: loss=0.159405
  Stage 2 epoch 240/300: loss=0.094198
  Stage 2 epoch 300/300: loss=0.073361
  Stage 3 epoch 60/300: loss=0.000030
  Stage 3 epoch 120/300: loss=0.000014
  Stage 3 epoch 180/300: loss=0.000009
  Stage 3 epoch 240/300: loss=0.000018
  Stage 3 epoch 300/300: loss=0.000007
  rcMTE@0.1: 0.0489 (455/500 in region)
  rcMTE@0.5: 0.0924 (418/500 in region)
  rcMTE@1.0: 0.1176 (400/500 in region)
  MTE@0.1: 0.0858
  MTE@0.5: 0.1599
  MTE@1.0: 0.1861
  W2@1.0:  0.1309
  sW2@0.1: 0.0803 (455/500 in region)
  sW2@0.2: 0.0925 (440/500 in region)
  sW2@0.5: 0.0940 (418/500 in region)
  sW2@1.0: 0.1099 (400/500 in region)
  MMD@1.0: 0.0226
  Survival@1.0: 99.4%
  Stopped@1.0:  80.0%
      Phase 2 AE: K_weight=0.1000
        Phase2 Epoch 50/250: loss=0.002416
        Phase2 Epoch 100/250: loss=0.001910
        Phase2 Epoch 150/250: loss=0.001359
        Phase2 Epoch 200/250: loss=0.000215
        Phase2 Epoch 250/250: loss=0.000193
        E_mu=0.0004  E_Sigma=0.0001
      → K
  Precomputing encoder-pullback target...
  Stage 2 epoch 60/300: loss=0.262434
  Stage 2 epoch 120/300: loss=0.230437
  Stage 2 epoch 180/300: loss=0.163473
  Stage 2 epoch 240/300: loss=0.096136
  Stage 2 epoch 300/300: loss=0.073607
  Stage 3 epoch 60/300: loss=0.000027
  Stage 3 epoch 120/300: loss=0.000013
  Stage 3 epoch 180/300: loss=0.000009
  Stage 3 epoch 240/300: loss=0.000015
  Stage 3 epoch 300/300: loss=0.000006
  rcMTE@0.1: 0.0487 (455/500 in region)
  rcMTE@0.5: 0.0923 (418/500 in region)
  rcMTE@1.0: 0.1186 (400/500 in region)
  MTE@0.1: 0.0856
  MTE@0.5: 0.1595
  MTE@1.0: 0.1866
  W2@1.0:  0.1304
  sW2@0.1: 0.0805 (455/500 in region)
  sW2@0.2: 0.0921 (440/500 in region)
  sW2@0.5: 0.0941 (418/500 in region)
  sW2@1.0: 0.1120 (400/500 in region)
  MMD@1.0: 0.0247
  Survival@1.0: 99.4%
  Stopped@1.0:  80.0%
      → K+S
  Precomputing encoder-pullback target...
  Stage 2 epoch 60/300: loss=0.262434
  Stage 2 epoch 120/300: loss=0.230437
  Stage 2 epoch 180/300: loss=0.163473
  Stage 2 epoch 240/300: loss=0.096136
  Stage 2 epoch 300/300: loss=0.073607
  Stage 3 epoch 60/300: loss=0.000027
  Stage 3 epoch 120/300: loss=0.000013
  Stage 3 epoch 180/300: loss=0.000009
  Stage 3 epoch 240/300: loss=0.000015
  Stage 3 epoch 300/300: loss=0.000006
  rcMTE@0.1: 0.0487 (455/500 in region)
  rcMTE@0.5: 0.0923 (418/500 in region)
  rcMTE@1.0: 0.1186 (400/500 in region)
  MTE@0.1: 0.0856
  MTE@0.5: 0.1595
  MTE@1.0: 0.1866
  W2@1.0:  0.1304
  sW2@0.1: 0.0805 (455/500 in region)
  sW2@0.2: 0.0921 (440/500 in region)
  sW2@0.5: 0.0941 (418/500 in region)
  sW2@1.0: 0.1120 (400/500 in region)
  MMD@1.0: 0.0247
  Survival@1.0: 99.4%
  Stopped@1.0:  80.0%

============================================================
  N=200 | D=11 (K=4) | hyperbolic_paraboloid | seed=2042
============================================================
    Phase1 Epoch 50/250: loss=0.011591
    Phase1 Epoch 100/250: loss=0.003668
    Phase1 Epoch 150/250: loss=0.002524
    Phase1 Epoch 200/250: loss=0.003049
    Phase1 Epoch 250/250: loss=0.002580
      Phase 2 AE: K_weight=0.0000
        Phase2 Epoch 50/250: loss=0.003849
        Phase2 Epoch 100/250: loss=0.001512
        Phase2 Epoch 150/250: loss=0.001911
        Phase2 Epoch 200/250: loss=0.001234
        Phase2 Epoch 250/250: loss=0.000428
        E_mu=0.0007  E_Sigma=0.0002
      → baseline
  Precomputing encoder-pullback target...
  Stage 2 epoch 60/300: loss=0.318398
  Stage 2 epoch 120/300: loss=0.222486
  Stage 2 epoch 180/300: loss=0.132013
  Stage 2 epoch 240/300: loss=0.089794
  Stage 2 epoch 300/300: loss=0.051031
  Stage 3 epoch 60/300: loss=0.000012
  Stage 3 epoch 120/300: loss=0.000008
  Stage 3 epoch 180/300: loss=0.000011
  Stage 3 epoch 240/300: loss=0.000013
  Stage 3 epoch 300/300: loss=0.000005
  rcMTE@0.1: 0.2490 (454/500 in region)
  rcMTE@0.5: 0.4574 (422/500 in region)
  rcMTE@1.0: 0.5322 (406/500 in region)
  MTE@0.1: 0.4048
  MTE@0.5: 0.6655
  MTE@1.0: 0.7528
  W2@1.0:  0.2048
  sW2@0.1: 0.1502 (454/500 in region)
  sW2@0.2: 0.1723 (441/500 in region)
  sW2@0.5: 0.1615 (422/500 in region)
  sW2@1.0: 0.1737 (406/500 in region)
  MMD@1.0: 0.0419
  Survival@1.0: 98.2%
  Stopped@1.0:  81.2%
      Phase 2 AE: K_weight=0.1000
        Phase2 Epoch 50/250: loss=0.006151
        Phase2 Epoch 100/250: loss=0.000606
        Phase2 Epoch 150/250: loss=0.000808
        Phase2 Epoch 200/250: loss=0.000550
        Phase2 Epoch 250/250: loss=0.001898
        E_mu=0.0030  E_Sigma=0.0015
      → K
  Precomputing encoder-pullback target...
  Stage 2 epoch 60/300: loss=0.312311
  Stage 2 epoch 120/300: loss=0.213356
  Stage 2 epoch 180/300: loss=0.124013
  Stage 2 epoch 240/300: loss=0.083354
  Stage 2 epoch 300/300: loss=0.047847
  Stage 3 epoch 60/300: loss=0.000023
  Stage 3 epoch 120/300: loss=0.000019
  Stage 3 epoch 180/300: loss=0.000022
  Stage 3 epoch 240/300: loss=0.000025
  Stage 3 epoch 300/300: loss=0.000016
  rcMTE@0.1: 0.2484 (454/500 in region)
  rcMTE@0.5: 0.4595 (422/500 in region)
  rcMTE@1.0: 0.5365 (406/500 in region)
  MTE@0.1: 0.4077
  MTE@0.5: 0.6675
  MTE@1.0: 0.7576
  W2@1.0:  0.2170
  sW2@0.1: 0.1505 (454/500 in region)
  sW2@0.2: 0.1758 (441/500 in region)
  sW2@0.5: 0.1623 (422/500 in region)
  sW2@1.0: 0.1862 (406/500 in region)
  MMD@1.0: 0.0613
  Survival@1.0: 98.2%
  Stopped@1.0:  81.2%
      → K+S
  Precomputing encoder-pullback target...
  Stage 2 epoch 60/300: loss=0.312311
  Stage 2 epoch 120/300: loss=0.213356
  Stage 2 epoch 180/300: loss=0.124013
  Stage 2 epoch 240/300: loss=0.083354
  Stage 2 epoch 300/300: loss=0.047847
  Stage 3 epoch 60/300: loss=0.000023
  Stage 3 epoch 120/300: loss=0.000019
  Stage 3 epoch 180/300: loss=0.000022
  Stage 3 epoch 240/300: loss=0.000025
  Stage 3 epoch 300/300: loss=0.000016
  rcMTE@0.1: 0.2484 (454/500 in region)
  rcMTE@0.5: 0.4595 (422/500 in region)
  rcMTE@1.0: 0.5365 (406/500 in region)
  MTE@0.1: 0.4077
  MTE@0.5: 0.6675
  MTE@1.0: 0.7576
  W2@1.0:  0.2170
  sW2@0.1: 0.1505 (454/500 in region)
  sW2@0.2: 0.1758 (441/500 in region)
  sW2@0.5: 0.1623 (422/500 in region)
  sW2@1.0: 0.1862 (406/500 in region)
  MMD@1.0: 0.0613
  Survival@1.0: 98.2%
  Stopped@1.0:  81.2%

============================================================
  N=200 | D=11 (K=4) | hyperbolic_paraboloid | seed=3042
============================================================
    Phase1 Epoch 50/250: loss=0.014891
    Phase1 Epoch 100/250: loss=0.003660
    Phase1 Epoch 150/250: loss=0.002619
    Phase1 Epoch 200/250: loss=0.002243
    Phase1 Epoch 250/250: loss=0.001304
      Phase 2 AE: K_weight=0.0000
        Phase2 Epoch 50/250: loss=0.001301
        Phase2 Epoch 100/250: loss=0.000693
        Phase2 Epoch 150/250: loss=0.007414
        Phase2 Epoch 200/250: loss=0.000367
        Phase2 Epoch 250/250: loss=0.001045
        E_mu=0.0008  E_Sigma=0.0004
      → baseline
  Precomputing encoder-pullback target...
  Stage 2 epoch 60/300: loss=0.275173
  Stage 2 epoch 120/300: loss=0.175243
  Stage 2 epoch 180/300: loss=0.130008
  Stage 2 epoch 240/300: loss=0.091068
  Stage 2 epoch 300/300: loss=0.055412
  Stage 3 epoch 60/300: loss=0.000026
  Stage 3 epoch 120/300: loss=0.000017
  Stage 3 epoch 180/300: loss=0.000013
  Stage 3 epoch 240/300: loss=0.000045
  Stage 3 epoch 300/300: loss=0.000008
  rcMTE@0.1: 0.2897 (456/500 in region)
  rcMTE@0.5: 0.5060 (402/500 in region)
  rcMTE@1.0: 0.5803 (381/500 in region)
  MTE@0.1: 0.4978
  MTE@0.5: 0.8069
  MTE@1.0: 0.8640
  W2@1.0:  0.1951
  sW2@0.1: 0.1542 (456/500 in region)
  sW2@0.2: 0.1769 (434/500 in region)
  sW2@0.5: 0.1922 (402/500 in region)
  sW2@1.0: 0.2142 (381/500 in region)
  MMD@1.0: 0.0510
  Survival@1.0: 97.4%
  Stopped@1.0:  76.2%
      Phase 2 AE: K_weight=0.1000
        Phase2 Epoch 50/250: loss=0.002056
        Phase2 Epoch 100/250: loss=0.001374
        Phase2 Epoch 150/250: loss=0.006243
        Phase2 Epoch 200/250: loss=0.000476
        Phase2 Epoch 250/250: loss=0.003169
        E_mu=0.0113  E_Sigma=0.0104
      → K
  Precomputing encoder-pullback target...
  Stage 2 epoch 60/300: loss=0.278396
  Stage 2 epoch 120/300: loss=0.180755
  Stage 2 epoch 180/300: loss=0.133660
  Stage 2 epoch 240/300: loss=0.095758
  Stage 2 epoch 300/300: loss=0.063298
  Stage 3 epoch 60/300: loss=0.000119
  Stage 3 epoch 120/300: loss=0.000101
  Stage 3 epoch 180/300: loss=0.000093
  Stage 3 epoch 240/300: loss=0.000089
  Stage 3 epoch 300/300: loss=0.000088
  rcMTE@0.1: 0.2914 (456/500 in region)
  rcMTE@0.5: 0.5112 (402/500 in region)
  rcMTE@1.0: 0.5909 (381/500 in region)
  MTE@0.1: 0.4923
  MTE@0.5: 0.8079
  MTE@1.0: 0.8779
  W2@1.0:  0.2857
  sW2@0.1: 0.1843 (456/500 in region)
  sW2@0.2: 0.2234 (434/500 in region)
  sW2@0.5: 0.2808 (402/500 in region)
  sW2@1.0: 0.3261 (381/500 in region)
  MMD@1.0: 0.1298
  Survival@1.0: 97.4%
  Stopped@1.0:  76.2%
      → K+S
  Precomputing encoder-pullback target...
  Stage 2 epoch 60/300: loss=0.278396
  Stage 2 epoch 120/300: loss=0.180755
  Stage 2 epoch 180/300: loss=0.133660
  Stage 2 epoch 240/300: loss=0.095758
  Stage 2 epoch 300/300: loss=0.063298
  Stage 3 epoch 60/300: loss=0.000119
  Stage 3 epoch 120/300: loss=0.000101
  Stage 3 epoch 180/300: loss=0.000093
  Stage 3 epoch 240/300: loss=0.000089
  Stage 3 epoch 300/300: loss=0.000088
  rcMTE@0.1: 0.2914 (456/500 in region)
  rcMTE@0.5: 0.5112 (402/500 in region)
  rcMTE@1.0: 0.5909 (381/500 in region)
  MTE@0.1: 0.4923
  MTE@0.5: 0.8079
  MTE@1.0: 0.8779
  W2@1.0:  0.2857
  sW2@0.1: 0.1843 (456/500 in region)
  sW2@0.2: 0.2234 (434/500 in region)
  sW2@0.5: 0.2808 (402/500 in region)
  sW2@1.0: 0.3261 (381/500 in region)
  MMD@1.0: 0.1298
  Survival@1.0: 97.4%
  Stopped@1.0:  76.2%

============================================================
  N=200 | D=11 (K=4) | hyperbolic_paraboloid | seed=4042
============================================================
    Phase1 Epoch 50/250: loss=0.011959
    Phase1 Epoch 100/250: loss=0.011185
    Phase1 Epoch 150/250: loss=0.002376
    Phase1 Epoch 200/250: loss=0.024448
    Phase1 Epoch 250/250: loss=0.001198
      Phase 2 AE: K_weight=0.0000
        Phase2 Epoch 50/250: loss=0.000923
        Phase2 Epoch 100/250: loss=0.007543
        Phase2 Epoch 150/250: loss=0.000533
        Phase2 Epoch 200/250: loss=0.001092
        Phase2 Epoch 250/250: loss=0.000808
        E_mu=0.0017  E_Sigma=0.0008
      → baseline
  Precomputing encoder-pullback target...
  Stage 2 epoch 60/300: loss=0.299850
  Stage 2 epoch 120/300: loss=0.239921
  Stage 2 epoch 180/300: loss=0.180359
  Stage 2 epoch 240/300: loss=0.105400
  Stage 2 epoch 300/300: loss=0.068048
  Stage 3 epoch 60/300: loss=0.000024
  Stage 3 epoch 120/300: loss=0.000023
  Stage 3 epoch 180/300: loss=0.000015
  Stage 3 epoch 240/300: loss=0.000013
  Stage 3 epoch 300/300: loss=0.000012
  rcMTE@0.1: 0.3746 (443/500 in region)
  rcMTE@0.5: 0.6647 (407/500 in region)
  rcMTE@1.0: 0.7446 (384/500 in region)
  MTE@0.1: 0.6126
  MTE@0.5: 1.0038
  MTE@1.0: 1.0473
  W2@1.0:  0.2414
  sW2@0.1: 0.1766 (443/500 in region)
  sW2@0.2: 0.2089 (424/500 in region)
  sW2@0.5: 0.1915 (407/500 in region)
  sW2@1.0: 0.2291 (384/500 in region)
  MMD@1.0: 0.0678
  Survival@1.0: 98.8%
  Stopped@1.0:  76.8%
      Phase 2 AE: K_weight=0.1000
        Phase2 Epoch 50/250: loss=0.001419
        Phase2 Epoch 100/250: loss=0.001159
        Phase2 Epoch 150/250: loss=0.000690
        Phase2 Epoch 200/250: loss=0.001390
        Phase2 Epoch 250/250: loss=0.001226
        E_mu=0.0010  E_Sigma=0.0003
      → K
  Precomputing encoder-pullback target...
  Stage 2 epoch 60/300: loss=0.293343
  Stage 2 epoch 120/300: loss=0.233413
  Stage 2 epoch 180/300: loss=0.172863
  Stage 2 epoch 240/300: loss=0.100973
  Stage 2 epoch 300/300: loss=0.070164
  Stage 3 epoch 60/300: loss=0.000020
  Stage 3 epoch 120/300: loss=0.000015
  Stage 3 epoch 180/300: loss=0.000011
  Stage 3 epoch 240/300: loss=0.000008
  Stage 3 epoch 300/300: loss=0.000008
  rcMTE@0.1: 0.3699 (443/500 in region)
  rcMTE@0.5: 0.6596 (407/500 in region)
  rcMTE@1.0: 0.7397 (384/500 in region)
  MTE@0.1: 0.6112
  MTE@0.5: 0.9994
  MTE@1.0: 1.0436
  W2@1.0:  0.2375
  sW2@0.1: 0.1676 (443/500 in region)
  sW2@0.2: 0.1922 (424/500 in region)
  sW2@0.5: 0.2017 (407/500 in region)
  sW2@1.0: 0.2449 (384/500 in region)
  MMD@1.0: 0.0738
  Survival@1.0: 98.8%
  Stopped@1.0:  76.8%
      → K+S
  Precomputing encoder-pullback target...
  Stage 2 epoch 60/300: loss=0.293343
  Stage 2 epoch 120/300: loss=0.233413
  Stage 2 epoch 180/300: loss=0.172863
  Stage 2 epoch 240/300: loss=0.100973
  Stage 2 epoch 300/300: loss=0.070164
  Stage 3 epoch 60/300: loss=0.000020
  Stage 3 epoch 120/300: loss=0.000015
  Stage 3 epoch 180/300: loss=0.000011
  Stage 3 epoch 240/300: loss=0.000008
  Stage 3 epoch 300/300: loss=0.000008
  rcMTE@0.1: 0.3699 (443/500 in region)
  rcMTE@0.5: 0.6596 (407/500 in region)
  rcMTE@1.0: 0.7397 (384/500 in region)
  MTE@0.1: 0.6112
  MTE@0.5: 0.9994
  MTE@1.0: 1.0436
  W2@1.0:  0.2375
  sW2@0.1: 0.1676 (443/500 in region)
  sW2@0.2: 0.1922 (424/500 in region)
  sW2@0.5: 0.2017 (407/500 in region)
  sW2@1.0: 0.2449 (384/500 in region)
  MMD@1.0: 0.0738
  Survival@1.0: 98.8%
  Stopped@1.0:  76.8%

============================================================
  N=200 | D=11 (K=4) | hyperbolic_paraboloid | seed=5042
============================================================
    Phase1 Epoch 50/250: loss=0.009201
    Phase1 Epoch 100/250: loss=0.012196
    Phase1 Epoch 150/250: loss=0.002168
    Phase1 Epoch 200/250: loss=0.003797
    Phase1 Epoch 250/250: loss=0.001913
      Phase 2 AE: K_weight=0.0000
        Phase2 Epoch 50/250: loss=0.001982
        Phase2 Epoch 100/250: loss=0.000868
        Phase2 Epoch 150/250: loss=0.000930
        Phase2 Epoch 200/250: loss=0.001010
        Phase2 Epoch 250/250: loss=0.003395
        E_mu=0.0033  E_Sigma=0.0016
      → baseline
  Precomputing encoder-pullback target...
  Stage 2 epoch 60/300: loss=0.308358
  Stage 2 epoch 120/300: loss=0.266747
  Stage 2 epoch 180/300: loss=0.209926
  Stage 2 epoch 240/300: loss=0.108861
  Stage 2 epoch 300/300: loss=0.057912
  Stage 3 epoch 60/300: loss=0.000026
  Stage 3 epoch 120/300: loss=0.000025
  Stage 3 epoch 180/300: loss=0.000029
  Stage 3 epoch 240/300: loss=0.000031
  Stage 3 epoch 300/300: loss=0.000018
  rcMTE@0.1: 0.3846 (454/500 in region)
  rcMTE@0.5: 0.6297 (420/500 in region)
  rcMTE@1.0: 0.7401 (403/500 in region)
  MTE@0.1: 0.6132
  MTE@0.5: 0.9756
  MTE@1.0: 1.0708
  W2@1.0:  0.1622
  sW2@0.1: 0.1596 (454/500 in region)
  sW2@0.2: 0.2097 (435/500 in region)
  sW2@0.5: 0.2252 (420/500 in region)
  sW2@1.0: 0.1827 (403/500 in region)
  MMD@1.0: 0.0434
  Survival@1.0: 98.8%
  Stopped@1.0:  80.6%
      Phase 2 AE: K_weight=0.1000
        Phase2 Epoch 50/250: loss=0.002229
        Phase2 Epoch 100/250: loss=0.000840
        Phase2 Epoch 150/250: loss=0.001608
        Phase2 Epoch 200/250: loss=0.000666
        Phase2 Epoch 250/250: loss=0.003525
        E_mu=0.0013  E_Sigma=0.0005
      → K
  Precomputing encoder-pullback target...
  Stage 2 epoch 60/300: loss=0.307725
  Stage 2 epoch 120/300: loss=0.264790
  Stage 2 epoch 180/300: loss=0.202802
  Stage 2 epoch 240/300: loss=0.100498
  Stage 2 epoch 300/300: loss=0.055068
  Stage 3 epoch 60/300: loss=0.000013
  Stage 3 epoch 120/300: loss=0.000013
  Stage 3 epoch 180/300: loss=0.000019
  Stage 3 epoch 240/300: loss=0.000009
  Stage 3 epoch 300/300: loss=0.000009
  rcMTE@0.1: 0.3848 (454/500 in region)
  rcMTE@0.5: 0.6296 (420/500 in region)
  rcMTE@1.0: 0.7412 (403/500 in region)
  MTE@0.1: 0.6134
  MTE@0.5: 0.9716
  MTE@1.0: 1.0697
  W2@1.0:  0.1600
  sW2@0.1: 0.1502 (454/500 in region)
  sW2@0.2: 0.1969 (435/500 in region)
  sW2@0.5: 0.2033 (420/500 in region)
  sW2@1.0: 0.1737 (403/500 in region)
  MMD@1.0: 0.0365
  Survival@1.0: 98.8%
  Stopped@1.0:  80.6%
      → K+S
  Precomputing encoder-pullback target...
  Stage 2 epoch 60/300: loss=0.307725
  Stage 2 epoch 120/300: loss=0.264790
  Stage 2 epoch 180/300: loss=0.202802
  Stage 2 epoch 240/300: loss=0.100498
  Stage 2 epoch 300/300: loss=0.055068
  Stage 3 epoch 60/300: loss=0.000013
  Stage 3 epoch 120/300: loss=0.000013
  Stage 3 epoch 180/300: loss=0.000019
  Stage 3 epoch 240/300: loss=0.000009
  Stage 3 epoch 300/300: loss=0.000009
  rcMTE@0.1: 0.3848 (454/500 in region)
  rcMTE@0.5: 0.6296 (420/500 in region)
  rcMTE@1.0: 0.7412 (403/500 in region)
  MTE@0.1: 0.6134
  MTE@0.5: 0.9716
  MTE@1.0: 1.0697
  W2@1.0:  0.1600
  sW2@0.1: 0.1502 (454/500 in region)
  sW2@0.2: 0.1969 (435/500 in region)
  sW2@0.5: 0.2033 (420/500 in region)
  sW2@1.0: 0.1737 (403/500 in region)
  MMD@1.0: 0.0365
  Survival@1.0: 98.8%
  Stopped@1.0:  80.6%

============================================================
  N=200 | D=11 (K=4) | hyperbolic_paraboloid | seed=6042
============================================================
    Phase1 Epoch 50/250: loss=0.025706
    Phase1 Epoch 100/250: loss=0.003525
    Phase1 Epoch 150/250: loss=0.003037
    Phase1 Epoch 200/250: loss=0.001644
    Phase1 Epoch 250/250: loss=0.003528
      Phase 2 AE: K_weight=0.0000
        Phase2 Epoch 50/250: loss=0.012516
        Phase2 Epoch 100/250: loss=0.001319
        Phase2 Epoch 150/250: loss=0.001537
        Phase2 Epoch 200/250: loss=0.000447
        Phase2 Epoch 250/250: loss=0.000371
        E_mu=0.0006  E_Sigma=0.0003
      → baseline
  Precomputing encoder-pullback target...
  Stage 2 epoch 60/300: loss=0.335529
  Stage 2 epoch 120/300: loss=0.267638
  Stage 2 epoch 180/300: loss=0.212425
  Stage 2 epoch 240/300: loss=0.149353
  Stage 2 epoch 300/300: loss=0.110836
  Stage 3 epoch 60/300: loss=0.000014
  Stage 3 epoch 120/300: loss=0.000011
  Stage 3 epoch 180/300: loss=0.000008
  Stage 3 epoch 240/300: loss=0.000007
  Stage 3 epoch 300/300: loss=0.000008
  rcMTE@0.1: 0.2450 (452/500 in region)
  rcMTE@0.5: 0.4588 (406/500 in region)
  rcMTE@1.0: 0.5225 (392/500 in region)
  MTE@0.1: 0.4115
  MTE@0.5: 0.7578
  MTE@1.0: 0.7898
  W2@1.0:  0.1903
  sW2@0.1: 0.1504 (452/500 in region)
  sW2@0.2: 0.1838 (428/500 in region)
  sW2@0.5: 0.2189 (406/500 in region)
  sW2@1.0: 0.2596 (392/500 in region)
  MMD@1.0: 0.0470
  Survival@1.0: 98.6%
  Stopped@1.0:  78.4%
      Phase 2 AE: K_weight=0.1000
        Phase2 Epoch 50/250: loss=0.001582
        Phase2 Epoch 100/250: loss=0.000547
        Phase2 Epoch 150/250: loss=0.001022
        Phase2 Epoch 200/250: loss=0.011129
        Phase2 Epoch 250/250: loss=0.000409
        E_mu=0.0004  E_Sigma=0.0002
      → K
  Precomputing encoder-pullback target...
  Stage 2 epoch 60/300: loss=0.333077
  Stage 2 epoch 120/300: loss=0.265251
  Stage 2 epoch 180/300: loss=0.209515
  Stage 2 epoch 240/300: loss=0.144133
  Stage 2 epoch 300/300: loss=0.109582
  Stage 3 epoch 60/300: loss=0.001541
  Stage 3 epoch 120/300: loss=0.000657
  Stage 3 epoch 180/300: loss=0.000330
  Stage 3 epoch 240/300: loss=0.000186
  Stage 3 epoch 300/300: loss=0.000143
  rcMTE@0.1: 0.1325 (452/500 in region)
  rcMTE@0.5: 0.2301 (406/500 in region)
  rcMTE@1.0: 0.2900 (392/500 in region)
  MTE@0.1: 0.2169
  MTE@0.5: 0.3604
  MTE@1.0: 0.4151
  W2@1.0:  0.2407
  sW2@0.1: 0.1385 (452/500 in region)
  sW2@0.2: 0.1595 (428/500 in region)
  sW2@0.5: 0.1754 (406/500 in region)
  sW2@1.0: 0.2242 (392/500 in region)
  MMD@1.0: 0.0563
  Survival@1.0: 98.6%
  Stopped@1.0:  78.4%
      → K+S
  Precomputing encoder-pullback target...
  Stage 2 epoch 60/300: loss=0.333077
  Stage 2 epoch 120/300: loss=0.265251
  Stage 2 epoch 180/300: loss=0.209515
  Stage 2 epoch 240/300: loss=0.144133
  Stage 2 epoch 300/300: loss=0.109582
  Stage 3 epoch 60/300: loss=0.001541
  Stage 3 epoch 120/300: loss=0.000657
  Stage 3 epoch 180/300: loss=0.000330
  Stage 3 epoch 240/300: loss=0.000186
  Stage 3 epoch 300/300: loss=0.000143
  rcMTE@0.1: 0.1325 (452/500 in region)
  rcMTE@0.5: 0.2301 (406/500 in region)
  rcMTE@1.0: 0.2900 (392/500 in region)
  MTE@0.1: 0.2169
  MTE@0.5: 0.3604
  MTE@1.0: 0.4151
  W2@1.0:  0.2407
  sW2@0.1: 0.1385 (452/500 in region)
  sW2@0.2: 0.1595 (428/500 in region)
  sW2@0.5: 0.1754 (406/500 in region)
  sW2@1.0: 0.2242 (392/500 in region)
  MMD@1.0: 0.0563
  Survival@1.0: 98.6%
  Stopped@1.0:  78.4%

============================================================
  N=200 | D=11 (K=4) | hyperbolic_paraboloid | seed=7042
============================================================
    Phase1 Epoch 50/250: loss=0.013317
    Phase1 Epoch 100/250: loss=0.003879
    Phase1 Epoch 150/250: loss=0.002504
    Phase1 Epoch 200/250: loss=0.003901
    Phase1 Epoch 250/250: loss=0.001535
      Phase 2 AE: K_weight=0.0000
        Phase2 Epoch 50/250: loss=0.002178
        Phase2 Epoch 100/250: loss=0.009330
        Phase2 Epoch 150/250: loss=0.001243
        Phase2 Epoch 200/250: loss=0.000662
        Phase2 Epoch 250/250: loss=0.000489
        E_mu=0.0011  E_Sigma=0.0004
      → baseline
  Precomputing encoder-pullback target...
  Stage 2 epoch 60/300: loss=0.289681
  Stage 2 epoch 120/300: loss=0.219656
  Stage 2 epoch 180/300: loss=0.150683
  Stage 2 epoch 240/300: loss=0.096231
  Stage 2 epoch 300/300: loss=0.063437
  Stage 3 epoch 60/300: loss=0.000019
  Stage 3 epoch 120/300: loss=0.000011
  Stage 3 epoch 180/300: loss=0.000018
  Stage 3 epoch 240/300: loss=0.000009
  Stage 3 epoch 300/300: loss=0.000008
  rcMTE@0.1: 0.2565 (457/500 in region)
  rcMTE@0.5: 0.4638 (420/500 in region)
  rcMTE@1.0: 0.5325 (396/500 in region)
  MTE@0.1: 0.4184
  MTE@0.5: 0.7136
  MTE@1.0: 0.8046
  W2@1.0:  0.2010
  sW2@0.1: 0.1468 (457/500 in region)
  sW2@0.2: 0.1700 (438/500 in region)
  sW2@0.5: 0.2005 (420/500 in region)
  sW2@1.0: 0.1972 (396/500 in region)
  MMD@1.0: 0.0642
  Survival@1.0: 99.2%
  Stopped@1.0:  79.2%
      Phase 2 AE: K_weight=0.1000
        Phase2 Epoch 50/250: loss=0.001377
        Phase2 Epoch 100/250: loss=0.001520
        Phase2 Epoch 150/250: loss=0.001699
        Phase2 Epoch 200/250: loss=0.000925
        Phase2 Epoch 250/250: loss=0.000262
        E_mu=0.0003  E_Sigma=0.0001
      → K
  Precomputing encoder-pullback target...
  Stage 2 epoch 60/300: loss=0.292442
  Stage 2 epoch 120/300: loss=0.220865
  Stage 2 epoch 180/300: loss=0.148692
  Stage 2 epoch 240/300: loss=0.093136
  Stage 2 epoch 300/300: loss=0.060833
  Stage 3 epoch 60/300: loss=0.000016
  Stage 3 epoch 120/300: loss=0.000008
  Stage 3 epoch 180/300: loss=0.000015
  Stage 3 epoch 240/300: loss=0.000007
  Stage 3 epoch 300/300: loss=0.000005
  rcMTE@0.1: 0.2581 (457/500 in region)
  rcMTE@0.5: 0.4663 (420/500 in region)
  rcMTE@1.0: 0.5357 (396/500 in region)
  MTE@0.1: 0.4208
  MTE@0.5: 0.7172
  MTE@1.0: 0.8081
  W2@1.0:  0.2007
  sW2@0.1: 0.1456 (457/500 in region)
  sW2@0.2: 0.1696 (438/500 in region)
  sW2@0.5: 0.1971 (420/500 in region)
  sW2@1.0: 0.1999 (396/500 in region)
  MMD@1.0: 0.0677
  Survival@1.0: 99.2%
  Stopped@1.0:  79.2%
      → K+S
  Precomputing encoder-pullback target...
  Stage 2 epoch 60/300: loss=0.292442
  Stage 2 epoch 120/300: loss=0.220865
  Stage 2 epoch 180/300: loss=0.148692
  Stage 2 epoch 240/300: loss=0.093136
  Stage 2 epoch 300/300: loss=0.060833
  Stage 3 epoch 60/300: loss=0.000016
  Stage 3 epoch 120/300: loss=0.000008
  Stage 3 epoch 180/300: loss=0.000015
  Stage 3 epoch 240/300: loss=0.000007
  Stage 3 epoch 300/300: loss=0.000005
  rcMTE@0.1: 0.2581 (457/500 in region)
  rcMTE@0.5: 0.4663 (420/500 in region)
  rcMTE@1.0: 0.5357 (396/500 in region)
  MTE@0.1: 0.4208
  MTE@0.5: 0.7172
  MTE@1.0: 0.8081
  W2@1.0:  0.2007
  sW2@0.1: 0.1456 (457/500 in region)
  sW2@0.2: 0.1696 (438/500 in region)
  sW2@0.5: 0.1971 (420/500 in region)
  sW2@1.0: 0.1999 (396/500 in region)
  MMD@1.0: 0.0677
  Survival@1.0: 99.2%
  Stopped@1.0:  79.2%

============================================================
  N=200 | D=11 (K=4) | hyperbolic_paraboloid | seed=8042
============================================================
    Phase1 Epoch 50/250: loss=0.013352
    Phase1 Epoch 100/250: loss=0.003220
    Phase1 Epoch 150/250: loss=0.002741
    Phase1 Epoch 200/250: loss=0.003059
    Phase1 Epoch 250/250: loss=0.002612
      Phase 2 AE: K_weight=0.0000
        Phase2 Epoch 50/250: loss=0.002127
        Phase2 Epoch 100/250: loss=0.001893
        Phase2 Epoch 150/250: loss=0.001349
        Phase2 Epoch 200/250: loss=0.000861
        Phase2 Epoch 250/250: loss=0.000275
        E_mu=0.0005  E_Sigma=0.0002
      → baseline
  Precomputing encoder-pullback target...
  Stage 2 epoch 60/300: loss=0.292720
  Stage 2 epoch 120/300: loss=0.184207
  Stage 2 epoch 180/300: loss=0.153772
  Stage 2 epoch 240/300: loss=0.075425
  Stage 2 epoch 300/300: loss=0.043484
  Stage 3 epoch 60/300: loss=0.001544
  Stage 3 epoch 120/300: loss=0.000473
  Stage 3 epoch 180/300: loss=0.000340
  Stage 3 epoch 240/300: loss=0.000207
  Stage 3 epoch 300/300: loss=0.000141
  rcMTE@0.1: 0.2535 (448/500 in region)
  rcMTE@0.5: 0.3983 (421/500 in region)
  rcMTE@1.0: 0.4356 (398/500 in region)
  MTE@0.1: 0.4437
  MTE@0.5: 0.6450
  MTE@1.0: 0.7084
  W2@1.0:  0.1996
  sW2@0.1: 0.1600 (448/500 in region)
  sW2@0.2: 0.1597 (438/500 in region)
  sW2@0.5: 0.1792 (421/500 in region)
  sW2@1.0: 0.1599 (398/500 in region)
  MMD@1.0: 0.0498
  Survival@1.0: 99.0%
  Stopped@1.0:  79.6%
      Phase 2 AE: K_weight=0.1000
        Phase2 Epoch 50/250: loss=0.002009
        Phase2 Epoch 100/250: loss=0.000989
        Phase2 Epoch 150/250: loss=0.001393
        Phase2 Epoch 200/250: loss=0.000833
        Phase2 Epoch 250/250: loss=0.001716
        E_mu=0.0012  E_Sigma=0.0004
      → K
  Precomputing encoder-pullback target...
  Stage 2 epoch 60/300: loss=0.290816
  Stage 2 epoch 120/300: loss=0.181268
  Stage 2 epoch 180/300: loss=0.150892
  Stage 2 epoch 240/300: loss=0.075720
  Stage 2 epoch 300/300: loss=0.044472
  Stage 3 epoch 60/300: loss=0.001533
  Stage 3 epoch 120/300: loss=0.000471
  Stage 3 epoch 180/300: loss=0.000340
  Stage 3 epoch 240/300: loss=0.000207
  Stage 3 epoch 300/300: loss=0.000142
  rcMTE@0.1: 0.2532 (448/500 in region)
  rcMTE@0.5: 0.4006 (421/500 in region)
  rcMTE@1.0: 0.4385 (398/500 in region)
  MTE@0.1: 0.4437
  MTE@0.5: 0.6463
  MTE@1.0: 0.7102
  W2@1.0:  0.2018
  sW2@0.1: 0.1618 (448/500 in region)
  sW2@0.2: 0.1639 (438/500 in region)
  sW2@0.5: 0.1882 (421/500 in region)
  sW2@1.0: 0.1668 (398/500 in region)
  MMD@1.0: 0.0547
  Survival@1.0: 99.0%
  Stopped@1.0:  79.6%
      → K+S
  Precomputing encoder-pullback target...
  Stage 2 epoch 60/300: loss=0.290816
  Stage 2 epoch 120/300: loss=0.181268
  Stage 2 epoch 180/300: loss=0.150892
  Stage 2 epoch 240/300: loss=0.075720
  Stage 2 epoch 300/300: loss=0.044472
  Stage 3 epoch 60/300: loss=0.001533
  Stage 3 epoch 120/300: loss=0.000471
  Stage 3 epoch 180/300: loss=0.000340
  Stage 3 epoch 240/300: loss=0.000207
  Stage 3 epoch 300/300: loss=0.000142
  rcMTE@0.1: 0.2532 (448/500 in region)
  rcMTE@0.5: 0.4006 (421/500 in region)
  rcMTE@1.0: 0.4385 (398/500 in region)
  MTE@0.1: 0.4437
  MTE@0.5: 0.6463
  MTE@1.0: 0.7102
  W2@1.0:  0.2018
  sW2@0.1: 0.1618 (448/500 in region)
  sW2@0.2: 0.1639 (438/500 in region)
  sW2@0.5: 0.1882 (421/500 in region)
  sW2@1.0: 0.1668 (398/500 in region)
  MMD@1.0: 0.0547
  Survival@1.0: 99.0%
  Stopped@1.0:  79.6%

============================================================
  N=200 | D=11 (K=4) | hyperbolic_paraboloid | seed=9042
============================================================
    Phase1 Epoch 50/250: loss=0.006125
    Phase1 Epoch 100/250: loss=0.026802
    Phase1 Epoch 150/250: loss=0.004287
    Phase1 Epoch 200/250: loss=0.002278
    Phase1 Epoch 250/250: loss=0.001450
      Phase 2 AE: K_weight=0.0000
        Phase2 Epoch 50/250: loss=0.001136
        Phase2 Epoch 100/250: loss=0.001261
        Phase2 Epoch 150/250: loss=0.000497
        Phase2 Epoch 200/250: loss=0.000846
        Phase2 Epoch 250/250: loss=0.000271
        E_mu=0.0004  E_Sigma=0.0001
      → baseline
  Precomputing encoder-pullback target...
  Stage 2 epoch 60/300: loss=0.310719
  Stage 2 epoch 120/300: loss=0.233495
  Stage 2 epoch 180/300: loss=0.177919
  Stage 2 epoch 240/300: loss=0.124097
  Stage 2 epoch 300/300: loss=0.063824
  Stage 3 epoch 60/300: loss=0.000007
  Stage 3 epoch 120/300: loss=0.000007
  Stage 3 epoch 180/300: loss=0.000010
  Stage 3 epoch 240/300: loss=0.000006
  Stage 3 epoch 300/300: loss=0.000006
  rcMTE@0.1: 0.0547 (444/500 in region)
  rcMTE@0.5: 0.1058 (406/500 in region)
  rcMTE@1.0: 0.1496 (388/500 in region)
  MTE@0.1: 0.0982
  MTE@0.5: 0.2052
  MTE@1.0: 0.2391
  W2@1.0:  0.1665
  sW2@0.1: 0.0929 (444/500 in region)
  sW2@0.2: 0.1107 (429/500 in region)
  sW2@0.5: 0.1281 (406/500 in region)
  sW2@1.0: 0.1373 (388/500 in region)
  MMD@1.0: 0.0450
  Survival@1.0: 99.0%
  Stopped@1.0:  77.6%
      Phase 2 AE: K_weight=0.1000
        Phase2 Epoch 50/250: loss=0.001754
        Phase2 Epoch 100/250: loss=0.002706
        Phase2 Epoch 150/250: loss=0.001385
        Phase2 Epoch 200/250: loss=0.000689
        Phase2 Epoch 250/250: loss=0.000847
        E_mu=0.0009  E_Sigma=0.0003
      → K
  Precomputing encoder-pullback target...
  Stage 2 epoch 60/300: loss=0.307439
  Stage 2 epoch 120/300: loss=0.227719
  Stage 2 epoch 180/300: loss=0.170366
  Stage 2 epoch 240/300: loss=0.115608
  Stage 2 epoch 300/300: loss=0.061367
  Stage 3 epoch 60/300: loss=0.000010
  Stage 3 epoch 120/300: loss=0.000008
  Stage 3 epoch 180/300: loss=0.000010
  Stage 3 epoch 240/300: loss=0.000007
  Stage 3 epoch 300/300: loss=0.000006
  rcMTE@0.1: 0.0512 (444/500 in region)
  rcMTE@0.5: 0.1017 (406/500 in region)
  rcMTE@1.0: 0.1466 (388/500 in region)
  MTE@0.1: 0.0951
  MTE@0.5: 0.1990
  MTE@1.0: 0.2341
  W2@1.0:  0.1683
  sW2@0.1: 0.0883 (444/500 in region)
  sW2@0.2: 0.1062 (429/500 in region)
  sW2@0.5: 0.1300 (406/500 in region)
  sW2@1.0: 0.1459 (388/500 in region)
  MMD@1.0: 0.0530
  Survival@1.0: 99.0%
  Stopped@1.0:  77.6%
      → K+S
  Precomputing encoder-pullback target...
  Stage 2 epoch 60/300: loss=0.307439
  Stage 2 epoch 120/300: loss=0.227719
  Stage 2 epoch 180/300: loss=0.170366
  Stage 2 epoch 240/300: loss=0.115608
  Stage 2 epoch 300/300: loss=0.061367
  Stage 3 epoch 60/300: loss=0.000010
  Stage 3 epoch 120/300: loss=0.000008
  Stage 3 epoch 180/300: loss=0.000010
  Stage 3 epoch 240/300: loss=0.000007
  Stage 3 epoch 300/300: loss=0.000006
  rcMTE@0.1: 0.0512 (444/500 in region)
  rcMTE@0.5: 0.1017 (406/500 in region)
  rcMTE@1.0: 0.1466 (388/500 in region)
  MTE@0.1: 0.0951
  MTE@0.5: 0.1990
  MTE@1.0: 0.2341
  W2@1.0:  0.1683
  sW2@0.1: 0.0883 (444/500 in region)
  sW2@0.2: 0.1062 (429/500 in region)
  sW2@0.5: 0.1300 (406/500 in region)
  sW2@1.0: 0.1459 (388/500 in region)
  MMD@1.0: 0.0530
  Survival@1.0: 99.0%
  Stopped@1.0:  77.6%

  N=200, D=11 completed in 3563.6s

============================================================
  N=200 | D=201 (K=99) | paraboloid | seed=42
============================================================
    Phase1 Epoch 50/250: loss=0.121341
    Phase1 Epoch 100/250: loss=0.037848
    Phase1 Epoch 150/250: loss=0.029494
    Phase1 Epoch 200/250: loss=0.022012
    Phase1 Epoch 250/250: loss=0.023857
      Phase 2 AE: K_weight=0.0000
        Phase2 Epoch 50/250: loss=0.012600
        Phase2 Epoch 100/250: loss=0.019049
        Phase2 Epoch 150/250: loss=0.008493
        Phase2 Epoch 200/250: loss=0.019133
        Phase2 Epoch 250/250: loss=0.006824
        E_mu=0.0119  E_Sigma=0.0059
      → baseline
  Precomputing encoder-pullback target...
  Stage 2 epoch 60/300: loss=0.027600
  Stage 2 epoch 120/300: loss=0.017248
  Stage 2 epoch 180/300: loss=0.011116
  Stage 2 epoch 240/300: loss=0.007254
  Stage 2 epoch 300/300: loss=0.005355
  Stage 3 epoch 60/300: loss=0.000000
  Stage 3 epoch 120/300: loss=0.000000
  Stage 3 epoch 180/300: loss=0.000000
  Stage 3 epoch 240/300: loss=0.000000
  Stage 3 epoch 300/300: loss=0.000000
  rcMTE@0.1: 0.2498 (442/500 in region)
  rcMTE@0.5: 0.4382 (402/500 in region)
  rcMTE@1.0: 0.4869 (383/500 in region)
  MTE@0.1: 0.4386
  MTE@0.5: 0.7179
  MTE@1.0: 0.7376
  W2@1.0:  0.2971
  sW2@0.1: 0.2001 (442/500 in region)
  sW2@0.2: 0.2132 (428/500 in region)
  sW2@0.5: 0.3283 (402/500 in region)
  sW2@1.0: 0.3476 (383/500 in region)
  MMD@1.0: 0.1179
  Survival@1.0: 98.6%
  Stopped@1.0:  76.6%
      Phase 2 AE: K_weight=0.4275
        Phase2 Epoch 50/250: loss=0.015413
        Phase2 Epoch 100/250: loss=0.019289
        Phase2 Epoch 150/250: loss=0.013238
        Phase2 Epoch 200/250: loss=0.003808
        Phase2 Epoch 250/250: loss=0.003663
        E_mu=0.0066  E_Sigma=0.0027
      → K
  Precomputing encoder-pullback target...
  Stage 2 epoch 60/300: loss=0.028556
  Stage 2 epoch 120/300: loss=0.017763
  Stage 2 epoch 180/300: loss=0.010925
  Stage 2 epoch 240/300: loss=0.007521
  Stage 2 epoch 300/300: loss=0.005616
  Stage 3 epoch 60/300: loss=0.000000
  Stage 3 epoch 120/300: loss=0.000000
  Stage 3 epoch 180/300: loss=0.000000
  Stage 3 epoch 240/300: loss=0.000000
  Stage 3 epoch 300/300: loss=0.000000
  rcMTE@0.1: 0.2417 (442/500 in region)
  rcMTE@0.5: 0.4307 (402/500 in region)
  rcMTE@1.0: 0.4802 (383/500 in region)
  MTE@0.1: 0.4220
  MTE@0.5: 0.7044
  MTE@1.0: 0.7261
  W2@1.0:  0.2729
  sW2@0.1: 0.1818 (442/500 in region)
  sW2@0.2: 0.1893 (428/500 in region)
  sW2@0.5: 0.3117 (402/500 in region)
  sW2@1.0: 0.3239 (383/500 in region)
  MMD@1.0: 0.0996
  Survival@1.0: 98.6%
  Stopped@1.0:  76.6%
      → K+S
  Precomputing encoder-pullback target...
  Stage 2 epoch 60/300: loss=0.028556
  Stage 2 epoch 120/300: loss=0.017763
  Stage 2 epoch 180/300: loss=0.010925
  Stage 2 epoch 240/300: loss=0.007521
  Stage 2 epoch 300/300: loss=0.005616
  Stage 3 epoch 60/300: loss=0.000000
  Stage 3 epoch 120/300: loss=0.000000
  Stage 3 epoch 180/300: loss=0.000000
  Stage 3 epoch 240/300: loss=0.000000
  Stage 3 epoch 300/300: loss=0.000000
  rcMTE@0.1: 0.2417 (442/500 in region)
  rcMTE@0.5: 0.4307 (402/500 in region)
  rcMTE@1.0: 0.4802 (383/500 in region)
  MTE@0.1: 0.4220
  MTE@0.5: 0.7044
  MTE@1.0: 0.7261
  W2@1.0:  0.2729
  sW2@0.1: 0.1818 (442/500 in region)
  sW2@0.2: 0.1893 (428/500 in region)
  sW2@0.5: 0.3117 (402/500 in region)
  sW2@1.0: 0.3239 (383/500 in region)
  MMD@1.0: 0.0996
  Survival@1.0: 98.6%
  Stopped@1.0:  76.6%

============================================================
  N=200 | D=201 (K=99) | paraboloid | seed=1042
============================================================
    Phase1 Epoch 50/250: loss=0.118130
    Phase1 Epoch 100/250: loss=0.032812
    Phase1 Epoch 150/250: loss=0.042404
    Phase1 Epoch 200/250: loss=0.024969
    Phase1 Epoch 250/250: loss=0.019998
      Phase 2 AE: K_weight=0.0000
        Phase2 Epoch 50/250: loss=0.021907
        Phase2 Epoch 100/250: loss=0.005023
        Phase2 Epoch 150/250: loss=0.003992
        Phase2 Epoch 200/250: loss=0.003860
        Phase2 Epoch 250/250: loss=0.002967
        E_mu=0.0041  E_Sigma=0.0015
      → baseline
  Precomputing encoder-pullback target...
  Stage 2 epoch 60/300: loss=0.021978
  Stage 2 epoch 120/300: loss=0.017072
  Stage 2 epoch 180/300: loss=0.010424
  Stage 2 epoch 240/300: loss=0.006796
  Stage 2 epoch 300/300: loss=0.005167
  Stage 3 epoch 60/300: loss=0.000000
  Stage 3 epoch 120/300: loss=0.000000
  Stage 3 epoch 180/300: loss=0.000000
  Stage 3 epoch 240/300: loss=0.000000
  Stage 3 epoch 300/300: loss=0.000000
  rcMTE@0.1: 0.3741 (455/500 in region)
  rcMTE@0.5: 0.6329 (418/500 in region)
  rcMTE@1.0: 0.7279 (400/500 in region)
  MTE@0.1: 0.6363
  MTE@0.5: 0.9452
  MTE@1.0: 1.0580
  W2@1.0:  0.2351
  sW2@0.1: 0.1891 (455/500 in region)
  sW2@0.2: 0.1758 (440/500 in region)
  sW2@0.5: 0.2356 (418/500 in region)
  sW2@1.0: 0.2278 (400/500 in region)
  MMD@1.0: 0.0916
  Survival@1.0: 99.4%
  Stopped@1.0:  80.0%
      Phase 2 AE: K_weight=0.4275
        Phase2 Epoch 50/250: loss=0.009071
        Phase2 Epoch 100/250: loss=0.012146
        Phase2 Epoch 150/250: loss=0.005096
        Phase2 Epoch 200/250: loss=0.002789
        Phase2 Epoch 250/250: loss=0.006776
        E_mu=0.0059  E_Sigma=0.0020
      → K
  Precomputing encoder-pullback target...
  Stage 2 epoch 60/300: loss=0.022485
  Stage 2 epoch 120/300: loss=0.017278
  Stage 2 epoch 180/300: loss=0.010647
  Stage 2 epoch 240/300: loss=0.006744
  Stage 2 epoch 300/300: loss=0.005001
  Stage 3 epoch 60/300: loss=0.000000
  Stage 3 epoch 120/300: loss=0.000000
  Stage 3 epoch 180/300: loss=0.000000
  Stage 3 epoch 240/300: loss=0.000000
  Stage 3 epoch 300/300: loss=0.000000
  rcMTE@0.1: 0.3751 (455/500 in region)
  rcMTE@0.5: 0.6316 (418/500 in region)
  rcMTE@1.0: 0.7244 (400/500 in region)
  MTE@0.1: 0.6816
  MTE@0.5: 0.9777
  MTE@1.0: 1.0847
  W2@1.0:  0.2961
  sW2@0.1: 0.2972 (455/500 in region)
  sW2@0.2: 0.2833 (440/500 in region)
  sW2@0.5: 0.3315 (418/500 in region)
  sW2@1.0: 0.2929 (400/500 in region)
  MMD@1.0: 0.1600
  Survival@1.0: 99.4%
  Stopped@1.0:  80.0%
      → K+S
  Precomputing encoder-pullback target...
  Stage 2 epoch 60/300: loss=0.022485
  Stage 2 epoch 120/300: loss=0.017278
  Stage 2 epoch 180/300: loss=0.010647
  Stage 2 epoch 240/300: loss=0.006744
  Stage 2 epoch 300/300: loss=0.005001
  Stage 3 epoch 60/300: loss=0.000000
  Stage 3 epoch 120/300: loss=0.000000
  Stage 3 epoch 180/300: loss=0.000000
  Stage 3 epoch 240/300: loss=0.000000
  Stage 3 epoch 300/300: loss=0.000000
  rcMTE@0.1: 0.3751 (455/500 in region)
  rcMTE@0.5: 0.6316 (418/500 in region)
  rcMTE@1.0: 0.7244 (400/500 in region)
  MTE@0.1: 0.6816
  MTE@0.5: 0.9777
  MTE@1.0: 1.0847
  W2@1.0:  0.2961
  sW2@0.1: 0.2972 (455/500 in region)
  sW2@0.2: 0.2833 (440/500 in region)
  sW2@0.5: 0.3315 (418/500 in region)
  sW2@1.0: 0.2929 (400/500 in region)
  MMD@1.0: 0.1600
  Survival@1.0: 99.4%
  Stopped@1.0:  80.0%

============================================================
  N=200 | D=201 (K=99) | paraboloid | seed=2042
============================================================
    Phase1 Epoch 50/250: loss=0.104000
    Phase1 Epoch 100/250: loss=0.053839
    Phase1 Epoch 150/250: loss=0.039769
    Phase1 Epoch 200/250: loss=0.045542
    Phase1 Epoch 250/250: loss=0.021805
      Phase 2 AE: K_weight=0.0000
        Phase2 Epoch 50/250: loss=0.016855
        Phase2 Epoch 100/250: loss=0.005652
        Phase2 Epoch 150/250: loss=0.004535
        Phase2 Epoch 200/250: loss=0.010193
        Phase2 Epoch 250/250: loss=0.005714
        E_mu=0.0088  E_Sigma=0.0033
      → baseline
  Precomputing encoder-pullback target...
  Stage 2 epoch 60/300: loss=0.030257
  Stage 2 epoch 120/300: loss=0.017631
  Stage 2 epoch 180/300: loss=0.009878
  Stage 2 epoch 240/300: loss=0.006937
  Stage 2 epoch 300/300: loss=0.004666
  Stage 3 epoch 60/300: loss=0.000000
  Stage 3 epoch 120/300: loss=0.000000
  Stage 3 epoch 180/300: loss=0.000000
  Stage 3 epoch 240/300: loss=0.000000
  Stage 3 epoch 300/300: loss=0.000000
  rcMTE@0.1: 0.2726 (454/500 in region)
  rcMTE@0.5: 0.5049 (422/500 in region)
  rcMTE@1.0: 0.5425 (406/500 in region)
  MTE@0.1: 0.4848
  MTE@0.5: 0.8076
  MTE@1.0: 0.8343
  W2@1.0:  0.2826
  sW2@0.1: 0.2094 (454/500 in region)
  sW2@0.2: 0.2204 (441/500 in region)
  sW2@0.5: 0.2323 (422/500 in region)
  sW2@1.0: 0.2055 (406/500 in region)
  MMD@1.0: 0.0929
  Survival@1.0: 98.2%
  Stopped@1.0:  81.2%
      Phase 2 AE: K_weight=0.4275
        Phase2 Epoch 50/250: loss=0.007523
        Phase2 Epoch 100/250: loss=0.007430
        Phase2 Epoch 150/250: loss=0.005430
        Phase2 Epoch 200/250: loss=0.014171
        Phase2 Epoch 250/250: loss=0.001538
        E_mu=0.0029  E_Sigma=0.0008
      → K
  Precomputing encoder-pullback target...
  Stage 2 epoch 60/300: loss=0.030260
  Stage 2 epoch 120/300: loss=0.017705
  Stage 2 epoch 180/300: loss=0.009915
  Stage 2 epoch 240/300: loss=0.006904
  Stage 2 epoch 300/300: loss=0.004571
  Stage 3 epoch 60/300: loss=0.000000
  Stage 3 epoch 120/300: loss=0.000000
  Stage 3 epoch 180/300: loss=0.000000
  Stage 3 epoch 240/300: loss=0.000000
  Stage 3 epoch 300/300: loss=0.000000
  rcMTE@0.1: 0.2710 (454/500 in region)
  rcMTE@0.5: 0.5022 (422/500 in region)
  rcMTE@1.0: 0.5451 (406/500 in region)
  MTE@0.1: 0.4654
  MTE@0.5: 0.7943
  MTE@1.0: 0.8273
  W2@1.0:  0.2690
  sW2@0.1: 0.1608 (454/500 in region)
  sW2@0.2: 0.1727 (441/500 in region)
  sW2@0.5: 0.1795 (422/500 in region)
  sW2@1.0: 0.1914 (406/500 in region)
  MMD@1.0: 0.0690
  Survival@1.0: 98.2%
  Stopped@1.0:  81.2%
      → K+S
  Precomputing encoder-pullback target...
  Stage 2 epoch 60/300: loss=0.030260
  Stage 2 epoch 120/300: loss=0.017705
  Stage 2 epoch 180/300: loss=0.009915
  Stage 2 epoch 240/300: loss=0.006904
  Stage 2 epoch 300/300: loss=0.004571
  Stage 3 epoch 60/300: loss=0.000000
  Stage 3 epoch 120/300: loss=0.000000
  Stage 3 epoch 180/300: loss=0.000000
  Stage 3 epoch 240/300: loss=0.000000
  Stage 3 epoch 300/300: loss=0.000000
  rcMTE@0.1: 0.2710 (454/500 in region)
  rcMTE@0.5: 0.5022 (422/500 in region)
  rcMTE@1.0: 0.5451 (406/500 in region)
  MTE@0.1: 0.4654
  MTE@0.5: 0.7943
  MTE@1.0: 0.8273
  W2@1.0:  0.2690
  sW2@0.1: 0.1608 (454/500 in region)
  sW2@0.2: 0.1727 (441/500 in region)
  sW2@0.5: 0.1795 (422/500 in region)
  sW2@1.0: 0.1914 (406/500 in region)
  MMD@1.0: 0.0690
  Survival@1.0: 98.2%
  Stopped@1.0:  81.2%

============================================================
  N=200 | D=201 (K=99) | paraboloid | seed=3042
============================================================
    Phase1 Epoch 50/250: loss=0.117579
    Phase1 Epoch 100/250: loss=0.033609
    Phase1 Epoch 150/250: loss=0.024277
    Phase1 Epoch 200/250: loss=0.007954
    Phase1 Epoch 250/250: loss=0.008383
      Phase 2 AE: K_weight=0.0000
        Phase2 Epoch 50/250: loss=0.004977
        Phase2 Epoch 100/250: loss=0.002772
        Phase2 Epoch 150/250: loss=0.022147
        Phase2 Epoch 200/250: loss=0.003407
        Phase2 Epoch 250/250: loss=0.001696
        E_mu=0.0016  E_Sigma=0.0007
      → baseline
  Precomputing encoder-pullback target...
  Stage 2 epoch 60/300: loss=0.027866
  Stage 2 epoch 120/300: loss=0.020517
  Stage 2 epoch 180/300: loss=0.011411
  Stage 2 epoch 240/300: loss=0.006858
  Stage 2 epoch 300/300: loss=0.004287
  Stage 3 epoch 60/300: loss=0.000000
  Stage 3 epoch 120/300: loss=0.000000
  Stage 3 epoch 180/300: loss=0.000000
  Stage 3 epoch 240/300: loss=0.000000
  Stage 3 epoch 300/300: loss=0.000000
  rcMTE@0.1: 0.0524 (456/500 in region)
  rcMTE@0.5: 0.1108 (402/500 in region)
  rcMTE@1.0: 0.1667 (381/500 in region)
  MTE@0.1: 0.1297
  MTE@0.5: 0.2335
  MTE@1.0: 0.2786
  W2@1.0:  0.1967
  sW2@0.1: 0.1158 (456/500 in region)
  sW2@0.2: 0.1359 (434/500 in region)
  sW2@0.5: 0.1467 (402/500 in region)
  sW2@1.0: 0.1981 (381/500 in region)
  MMD@1.0: 0.0782
  Survival@1.0: 97.4%
  Stopped@1.0:  76.2%
      Phase 2 AE: K_weight=0.4275
        Phase2 Epoch 50/250: loss=0.003257
        Phase2 Epoch 100/250: loss=0.007538
        Phase2 Epoch 150/250: loss=0.001317
        Phase2 Epoch 200/250: loss=0.013231
        Phase2 Epoch 250/250: loss=0.000848
        E_mu=0.0015  E_Sigma=0.0005
      → K
  Precomputing encoder-pullback target...
  Stage 2 epoch 60/300: loss=0.026596
  Stage 2 epoch 120/300: loss=0.019628
  Stage 2 epoch 180/300: loss=0.011063
  Stage 2 epoch 240/300: loss=0.006529
  Stage 2 epoch 300/300: loss=0.004018
  Stage 3 epoch 60/300: loss=0.000000
  Stage 3 epoch 120/300: loss=0.000000
  Stage 3 epoch 180/300: loss=0.000000
  Stage 3 epoch 240/300: loss=0.000000
  Stage 3 epoch 300/300: loss=0.000000
  rcMTE@0.1: 0.0491 (456/500 in region)
  rcMTE@0.5: 0.1076 (402/500 in region)
  rcMTE@1.0: 0.1614 (381/500 in region)
  MTE@0.1: 0.1184
  MTE@0.5: 0.2249
  MTE@1.0: 0.2662
  W2@1.0:  0.1866
  sW2@0.1: 0.1072 (456/500 in region)
  sW2@0.2: 0.1265 (434/500 in region)
  sW2@0.5: 0.1337 (402/500 in region)
  sW2@1.0: 0.1840 (381/500 in region)
  MMD@1.0: 0.0685
  Survival@1.0: 97.4%
  Stopped@1.0:  76.2%
      → K+S
  Precomputing encoder-pullback target...
  Stage 2 epoch 60/300: loss=0.026596
  Stage 2 epoch 120/300: loss=0.019628
  Stage 2 epoch 180/300: loss=0.011063
  Stage 2 epoch 240/300: loss=0.006529
  Stage 2 epoch 300/300: loss=0.004018
  Stage 3 epoch 60/300: loss=0.000000
  Stage 3 epoch 120/300: loss=0.000000
  Stage 3 epoch 180/300: loss=0.000000
  Stage 3 epoch 240/300: loss=0.000000
  Stage 3 epoch 300/300: loss=0.000000
  rcMTE@0.1: 0.0491 (456/500 in region)
  rcMTE@0.5: 0.1076 (402/500 in region)
  rcMTE@1.0: 0.1614 (381/500 in region)
  MTE@0.1: 0.1184
  MTE@0.5: 0.2249
  MTE@1.0: 0.2662
  W2@1.0:  0.1866
  sW2@0.1: 0.1072 (456/500 in region)
  sW2@0.2: 0.1265 (434/500 in region)
  sW2@0.5: 0.1337 (402/500 in region)
  sW2@1.0: 0.1840 (381/500 in region)
  MMD@1.0: 0.0685
  Survival@1.0: 97.4%
  Stopped@1.0:  76.2%

============================================================
  N=200 | D=201 (K=99) | paraboloid | seed=4042
============================================================
    Phase1 Epoch 50/250: loss=0.119451
    Phase1 Epoch 100/250: loss=0.037160
    Phase1 Epoch 150/250: loss=0.034055
    Phase1 Epoch 200/250: loss=0.033499
    Phase1 Epoch 250/250: loss=0.026956
      Phase 2 AE: K_weight=0.0000
        Phase2 Epoch 50/250: loss=0.017800
        Phase2 Epoch 100/250: loss=0.013882
        Phase2 Epoch 150/250: loss=0.007855
        Phase2 Epoch 200/250: loss=0.008446
        Phase2 Epoch 250/250: loss=0.006371
        E_mu=0.0104  E_Sigma=0.0032
      → baseline
  Precomputing encoder-pullback target...
  Stage 2 epoch 60/300: loss=0.026120
  Stage 2 epoch 120/300: loss=0.019423
  Stage 2 epoch 180/300: loss=0.009886
  Stage 2 epoch 240/300: loss=0.005263
  Stage 2 epoch 300/300: loss=0.003683
  Stage 3 epoch 60/300: loss=0.000000
  Stage 3 epoch 120/300: loss=0.000000
  Stage 3 epoch 180/300: loss=0.000000
  Stage 3 epoch 240/300: loss=0.000000
  Stage 3 epoch 300/300: loss=0.000000
  rcMTE@0.1: 0.2424 (443/500 in region)
  rcMTE@0.5: 0.4049 (407/500 in region)
  rcMTE@1.0: 0.4457 (384/500 in region)
  MTE@0.1: 0.4748
  MTE@0.5: 0.6804
  MTE@1.0: 0.6962
  W2@1.0:  0.2694
  sW2@0.1: 0.2298 (443/500 in region)
  sW2@0.2: 0.2418 (424/500 in region)
  sW2@0.5: 0.2281 (407/500 in region)
  sW2@1.0: 0.2443 (384/500 in region)
  MMD@1.0: 0.1228
  Survival@1.0: 98.8%
  Stopped@1.0:  76.8%
      Phase 2 AE: K_weight=0.4275
        Phase2 Epoch 50/250: loss=0.029671
        Phase2 Epoch 100/250: loss=0.008678
        Phase2 Epoch 150/250: loss=0.029565
        Phase2 Epoch 200/250: loss=0.004010
        Phase2 Epoch 250/250: loss=0.003608
        E_mu=0.0110  E_Sigma=0.0036
      → K
  Precomputing encoder-pullback target...
  Stage 2 epoch 60/300: loss=0.026158
  Stage 2 epoch 120/300: loss=0.019728
  Stage 2 epoch 180/300: loss=0.010158
  Stage 2 epoch 240/300: loss=0.005336
  Stage 2 epoch 300/300: loss=0.003798
  Stage 3 epoch 60/300: loss=0.000000
  Stage 3 epoch 120/300: loss=0.000000
  Stage 3 epoch 180/300: loss=0.000000
  Stage 3 epoch 240/300: loss=0.000000
  Stage 3 epoch 300/300: loss=0.000000
  rcMTE@0.1: 0.2421 (443/500 in region)
  rcMTE@0.5: 0.4037 (407/500 in region)
  rcMTE@1.0: 0.4449 (384/500 in region)
  MTE@0.1: 0.4220
  MTE@0.5: 0.6446
  MTE@1.0: 0.6644
  W2@1.0:  0.2115
  sW2@0.1: 0.1600 (443/500 in region)
  sW2@0.2: 0.1753 (424/500 in region)
  sW2@0.5: 0.1767 (407/500 in region)
  sW2@1.0: 0.1983 (384/500 in region)
  MMD@1.0: 0.0559
  Survival@1.0: 98.8%
  Stopped@1.0:  76.8%
      → K+S
  Precomputing encoder-pullback target...
  Stage 2 epoch 60/300: loss=0.026158
  Stage 2 epoch 120/300: loss=0.019728
  Stage 2 epoch 180/300: loss=0.010158
  Stage 2 epoch 240/300: loss=0.005336
  Stage 2 epoch 300/300: loss=0.003798
  Stage 3 epoch 60/300: loss=0.000000
  Stage 3 epoch 120/300: loss=0.000000
  Stage 3 epoch 180/300: loss=0.000000
  Stage 3 epoch 240/300: loss=0.000000
  Stage 3 epoch 300/300: loss=0.000000
  rcMTE@0.1: 0.2421 (443/500 in region)
  rcMTE@0.5: 0.4037 (407/500 in region)
  rcMTE@1.0: 0.4449 (384/500 in region)
  MTE@0.1: 0.4220
  MTE@0.5: 0.6446
  MTE@1.0: 0.6644
  W2@1.0:  0.2115
  sW2@0.1: 0.1600 (443/500 in region)
  sW2@0.2: 0.1753 (424/500 in region)
  sW2@0.5: 0.1767 (407/500 in region)
  sW2@1.0: 0.1983 (384/500 in region)
  MMD@1.0: 0.0559
  Survival@1.0: 98.8%
  Stopped@1.0:  76.8%

============================================================
  N=200 | D=201 (K=99) | paraboloid | seed=5042
============================================================
    Phase1 Epoch 50/250: loss=0.126997
    Phase1 Epoch 100/250: loss=0.048325
    Phase1 Epoch 150/250: loss=0.034120
    Phase1 Epoch 200/250: loss=0.041111
    Phase1 Epoch 250/250: loss=0.019854
      Phase 2 AE: K_weight=0.0000
        Phase2 Epoch 50/250: loss=0.013102
        Phase2 Epoch 100/250: loss=0.024540
        Phase2 Epoch 150/250: loss=0.014553
        Phase2 Epoch 200/250: loss=0.005637
        Phase2 Epoch 250/250: loss=0.002514
        E_mu=0.0071  E_Sigma=0.0020
      → baseline
  Precomputing encoder-pullback target...
  Stage 2 epoch 60/300: loss=0.028779
  Stage 2 epoch 120/300: loss=0.020535
  Stage 2 epoch 180/300: loss=0.010602
  Stage 2 epoch 240/300: loss=0.006119
  Stage 2 epoch 300/300: loss=0.004591
  Stage 3 epoch 60/300: loss=0.000000
  Stage 3 epoch 120/300: loss=0.000000
  Stage 3 epoch 180/300: loss=0.000000
  Stage 3 epoch 240/300: loss=0.000000
  Stage 3 epoch 300/300: loss=0.000000
  rcMTE@0.1: 0.2782 (454/500 in region)
  rcMTE@0.5: 0.4414 (420/500 in region)
  rcMTE@1.0: 0.5241 (403/500 in region)
  MTE@0.1: 0.4617
  MTE@0.5: 0.7012
  MTE@1.0: 0.7778
  W2@1.0:  0.2517
  sW2@0.1: 0.1575 (454/500 in region)
  sW2@0.2: 0.1698 (435/500 in region)
  sW2@0.5: 0.1611 (420/500 in region)
  sW2@1.0: 0.2036 (403/500 in region)
  MMD@1.0: 0.0766
  Survival@1.0: 98.8%
  Stopped@1.0:  80.6%
      Phase 2 AE: K_weight=0.4275
        Phase2 Epoch 50/250: loss=0.014893
        Phase2 Epoch 100/250: loss=0.007273
        Phase2 Epoch 150/250: loss=0.007386
        Phase2 Epoch 200/250: loss=0.006443
        Phase2 Epoch 250/250: loss=0.015598
        E_mu=0.0122  E_Sigma=0.0069
      → K
  Precomputing encoder-pullback target...
  Stage 2 epoch 60/300: loss=0.029912
  Stage 2 epoch 120/300: loss=0.020685
  Stage 2 epoch 180/300: loss=0.010521
  Stage 2 epoch 240/300: loss=0.006093
  Stage 2 epoch 300/300: loss=0.004523
  Stage 3 epoch 60/300: loss=0.000000
  Stage 3 epoch 120/300: loss=0.000000
  Stage 3 epoch 180/300: loss=0.000000
  Stage 3 epoch 240/300: loss=0.000000
  Stage 3 epoch 300/300: loss=0.000000
  rcMTE@0.1: 0.2792 (454/500 in region)
  rcMTE@0.5: 0.4433 (420/500 in region)
  rcMTE@1.0: 0.5273 (403/500 in region)
  MTE@0.1: 0.5335
  MTE@0.5: 0.7596
  MTE@1.0: 0.8356
  W2@1.0:  0.3696
  sW2@0.1: 0.2888 (454/500 in region)
  sW2@0.2: 0.3010 (435/500 in region)
  sW2@0.5: 0.3004 (420/500 in region)
  sW2@1.0: 0.3396 (403/500 in region)
  MMD@1.0: 0.1908
  Survival@1.0: 98.8%
  Stopped@1.0:  80.6%
      → K+S
  Precomputing encoder-pullback target...
  Stage 2 epoch 60/300: loss=0.029912
  Stage 2 epoch 120/300: loss=0.020685
  Stage 2 epoch 180/300: loss=0.010521
  Stage 2 epoch 240/300: loss=0.006093
  Stage 2 epoch 300/300: loss=0.004523
  Stage 3 epoch 60/300: loss=0.000000
  Stage 3 epoch 120/300: loss=0.000000
  Stage 3 epoch 180/300: loss=0.000000
  Stage 3 epoch 240/300: loss=0.000000
  Stage 3 epoch 300/300: loss=0.000000
  rcMTE@0.1: 0.2792 (454/500 in region)
  rcMTE@0.5: 0.4433 (420/500 in region)
  rcMTE@1.0: 0.5273 (403/500 in region)
  MTE@0.1: 0.5335
  MTE@0.5: 0.7596
  MTE@1.0: 0.8356
  W2@1.0:  0.3696
  sW2@0.1: 0.2888 (454/500 in region)
  sW2@0.2: 0.3010 (435/500 in region)
  sW2@0.5: 0.3004 (420/500 in region)
  sW2@1.0: 0.3396 (403/500 in region)
  MMD@1.0: 0.1908
  Survival@1.0: 98.8%
  Stopped@1.0:  80.6%

============================================================
  N=200 | D=201 (K=99) | paraboloid | seed=6042
============================================================
    Phase1 Epoch 50/250: loss=0.134234
    Phase1 Epoch 100/250: loss=0.041571
    Phase1 Epoch 150/250: loss=0.029600
    Phase1 Epoch 200/250: loss=0.014145
    Phase1 Epoch 250/250: loss=0.007290
      Phase 2 AE: K_weight=0.0000
        Phase2 Epoch 50/250: loss=0.004032
        Phase2 Epoch 100/250: loss=0.005079
        Phase2 Epoch 150/250: loss=0.005059
        Phase2 Epoch 200/250: loss=0.006385
        Phase2 Epoch 250/250: loss=0.001741
        E_mu=0.0031  E_Sigma=0.0010
      → baseline
  Precomputing encoder-pullback target...
  Stage 2 epoch 60/300: loss=0.029158
  Stage 2 epoch 120/300: loss=0.018001
  Stage 2 epoch 180/300: loss=0.009567
  Stage 2 epoch 240/300: loss=0.005890
  Stage 2 epoch 300/300: loss=0.005385
  Stage 3 epoch 60/300: loss=0.000000
  Stage 3 epoch 120/300: loss=0.000000
  Stage 3 epoch 180/300: loss=0.000000
  Stage 3 epoch 240/300: loss=0.000000
  Stage 3 epoch 300/300: loss=0.000000
  rcMTE@0.1: 0.2427 (452/500 in region)
  rcMTE@0.5: 0.4565 (406/500 in region)
  rcMTE@1.0: 0.5207 (392/500 in region)
  MTE@0.1: 0.4293
  MTE@0.5: 0.7384
  MTE@1.0: 0.7788
  W2@1.0:  0.2414
  sW2@0.1: 0.1824 (452/500 in region)
  sW2@0.2: 0.2052 (428/500 in region)
  sW2@0.5: 0.2297 (406/500 in region)
  sW2@1.0: 0.2983 (392/500 in region)
  MMD@1.0: 0.0995
  Survival@1.0: 98.6%
  Stopped@1.0:  78.4%
      Phase 2 AE: K_weight=0.4275
        Phase2 Epoch 50/250: loss=0.005449
        Phase2 Epoch 100/250: loss=0.004037
        Phase2 Epoch 150/250: loss=0.003326
        Phase2 Epoch 200/250: loss=0.002347
        Phase2 Epoch 250/250: loss=0.003868
        E_mu=0.0045  E_Sigma=0.0016
      → K
  Precomputing encoder-pullback target...
  Stage 2 epoch 60/300: loss=0.028579
  Stage 2 epoch 120/300: loss=0.017188
  Stage 2 epoch 180/300: loss=0.009235
  Stage 2 epoch 240/300: loss=0.005742
  Stage 2 epoch 300/300: loss=0.005264
  Stage 3 epoch 60/300: loss=0.000000
  Stage 3 epoch 120/300: loss=0.000000
  Stage 3 epoch 180/300: loss=0.000000
  Stage 3 epoch 240/300: loss=0.000000
  Stage 3 epoch 300/300: loss=0.000000
  rcMTE@0.1: 0.2402 (452/500 in region)
  rcMTE@0.5: 0.4549 (406/500 in region)
  rcMTE@1.0: 0.5187 (392/500 in region)
  MTE@0.1: 0.4522
  MTE@0.5: 0.7539
  MTE@1.0: 0.7929
  W2@1.0:  0.2716
  sW2@0.1: 0.2165 (452/500 in region)
  sW2@0.2: 0.2342 (428/500 in region)
  sW2@0.5: 0.2557 (406/500 in region)
  sW2@1.0: 0.3152 (392/500 in region)
  MMD@1.0: 0.1298
  Survival@1.0: 98.6%
  Stopped@1.0:  78.4%
      → K+S
  Precomputing encoder-pullback target...
  Stage 2 epoch 60/300: loss=0.028579
  Stage 2 epoch 120/300: loss=0.017188
  Stage 2 epoch 180/300: loss=0.009235
  Stage 2 epoch 240/300: loss=0.005742
  Stage 2 epoch 300/300: loss=0.005264
  Stage 3 epoch 60/300: loss=0.000000
  Stage 3 epoch 120/300: loss=0.000000
  Stage 3 epoch 180/300: loss=0.000000
  Stage 3 epoch 240/300: loss=0.000000
  Stage 3 epoch 300/300: loss=0.000000
  rcMTE@0.1: 0.2402 (452/500 in region)
  rcMTE@0.5: 0.4549 (406/500 in region)
  rcMTE@1.0: 0.5187 (392/500 in region)
  MTE@0.1: 0.4522
  MTE@0.5: 0.7539
  MTE@1.0: 0.7929
  W2@1.0:  0.2716
  sW2@0.1: 0.2165 (452/500 in region)
  sW2@0.2: 0.2342 (428/500 in region)
  sW2@0.5: 0.2557 (406/500 in region)
  sW2@1.0: 0.3152 (392/500 in region)
  MMD@1.0: 0.1298
  Survival@1.0: 98.6%
  Stopped@1.0:  78.4%

============================================================
  N=200 | D=201 (K=99) | paraboloid | seed=7042
============================================================
    Phase1 Epoch 50/250: loss=0.137721
    Phase1 Epoch 100/250: loss=0.070169
    Phase1 Epoch 150/250: loss=0.038550
    Phase1 Epoch 200/250: loss=0.029967
    Phase1 Epoch 250/250: loss=0.028940
      Phase 2 AE: K_weight=0.0000
        Phase2 Epoch 50/250: loss=0.008565
        Phase2 Epoch 100/250: loss=0.007678
        Phase2 Epoch 150/250: loss=0.005035
        Phase2 Epoch 200/250: loss=0.005205
        Phase2 Epoch 250/250: loss=0.001795
        E_mu=0.0041  E_Sigma=0.0016
      → baseline
  Precomputing encoder-pullback target...
  Stage 2 epoch 60/300: loss=0.025922
  Stage 2 epoch 120/300: loss=0.020558
  Stage 2 epoch 180/300: loss=0.013791
  Stage 2 epoch 240/300: loss=0.008383
  Stage 2 epoch 300/300: loss=0.005525
  Stage 3 epoch 60/300: loss=0.000000
  Stage 3 epoch 120/300: loss=0.000000
  Stage 3 epoch 180/300: loss=0.000000
  Stage 3 epoch 240/300: loss=0.000000
  Stage 3 epoch 300/300: loss=0.000000
  rcMTE@0.1: 0.2549 (457/500 in region)
  rcMTE@0.5: 0.4343 (420/500 in region)
  rcMTE@1.0: 0.5138 (396/500 in region)
  MTE@0.1: 0.4370
  MTE@0.5: 0.6930
  MTE@1.0: 0.7933
  W2@1.0:  0.2437
  sW2@0.1: 0.1679 (457/500 in region)
  sW2@0.2: 0.1840 (438/500 in region)
  sW2@0.5: 0.2095 (420/500 in region)
  sW2@1.0: 0.2393 (396/500 in region)
  MMD@1.0: 0.0714
  Survival@1.0: 99.2%
  Stopped@1.0:  79.2%
      Phase 2 AE: K_weight=0.4275
        Phase2 Epoch 50/250: loss=0.017666
        Phase2 Epoch 100/250: loss=0.003356
        Phase2 Epoch 150/250: loss=0.007505
        Phase2 Epoch 200/250: loss=0.003836
        Phase2 Epoch 250/250: loss=0.016005
        E_mu=0.0112  E_Sigma=0.0062
      → K
  Precomputing encoder-pullback target...
  Stage 2 epoch 60/300: loss=0.025313
  Stage 2 epoch 120/300: loss=0.020276
  Stage 2 epoch 180/300: loss=0.013788
  Stage 2 epoch 240/300: loss=0.008311
  Stage 2 epoch 300/300: loss=0.005552
  Stage 3 epoch 60/300: loss=0.000000
  Stage 3 epoch 120/300: loss=0.000000
  Stage 3 epoch 180/300: loss=0.000000
  Stage 3 epoch 240/300: loss=0.000000
  Stage 3 epoch 300/300: loss=0.000000
  rcMTE@0.1: 0.2531 (457/500 in region)
  rcMTE@0.5: 0.4335 (420/500 in region)
  rcMTE@1.0: 0.5160 (396/500 in region)
  MTE@0.1: 0.8793
  MTE@0.5: 1.0610
  MTE@1.0: 1.1384
  W2@1.0:  0.7810
  sW2@0.1: 0.7374 (457/500 in region)
  sW2@0.2: 0.7380 (438/500 in region)
  sW2@0.5: 0.7548 (420/500 in region)
  sW2@1.0: 0.7781 (396/500 in region)
  MMD@1.0: 0.4550
  Survival@1.0: 99.2%
  Stopped@1.0:  79.2%
      → K+S
  Precomputing encoder-pullback target...
  Stage 2 epoch 60/300: loss=0.025313
  Stage 2 epoch 120/300: loss=0.020276
  Stage 2 epoch 180/300: loss=0.013788
  Stage 2 epoch 240/300: loss=0.008311
  Stage 2 epoch 300/300: loss=0.005552
  Stage 3 epoch 60/300: loss=0.000000
  Stage 3 epoch 120/300: loss=0.000000
  Stage 3 epoch 180/300: loss=0.000000
  Stage 3 epoch 240/300: loss=0.000000
  Stage 3 epoch 300/300: loss=0.000000
  rcMTE@0.1: 0.2531 (457/500 in region)
  rcMTE@0.5: 0.4335 (420/500 in region)
  rcMTE@1.0: 0.5160 (396/500 in region)
  MTE@0.1: 0.8793
  MTE@0.5: 1.0610
  MTE@1.0: 1.1384
  W2@1.0:  0.7810
  sW2@0.1: 0.7374 (457/500 in region)
  sW2@0.2: 0.7380 (438/500 in region)
  sW2@0.5: 0.7548 (420/500 in region)
  sW2@1.0: 0.7781 (396/500 in region)
  MMD@1.0: 0.4550
  Survival@1.0: 99.2%
  Stopped@1.0:  79.2%

============================================================
  N=200 | D=201 (K=99) | paraboloid | seed=8042
============================================================
    Phase1 Epoch 50/250: loss=0.129891
    Phase1 Epoch 100/250: loss=0.052592
    Phase1 Epoch 150/250: loss=0.025859
    Phase1 Epoch 200/250: loss=0.018854
    Phase1 Epoch 250/250: loss=0.007542
      Phase 2 AE: K_weight=0.0000
        Phase2 Epoch 50/250: loss=0.008705
        Phase2 Epoch 100/250: loss=0.007243
        Phase2 Epoch 150/250: loss=0.003953
        Phase2 Epoch 200/250: loss=0.002306
        Phase2 Epoch 250/250: loss=0.003416
        E_mu=0.0123  E_Sigma=0.0068
      → baseline
  Precomputing encoder-pullback target...
  Stage 2 epoch 60/300: loss=0.028682
  Stage 2 epoch 120/300: loss=0.018930
  Stage 2 epoch 180/300: loss=0.013109
  Stage 2 epoch 240/300: loss=0.006626
  Stage 2 epoch 300/300: loss=0.004045
  Stage 3 epoch 60/300: loss=0.000000
  Stage 3 epoch 120/300: loss=0.000000
  Stage 3 epoch 180/300: loss=0.000000
  Stage 3 epoch 240/300: loss=0.000000
  Stage 3 epoch 300/300: loss=0.000000
  rcMTE@0.1: 0.2818 (448/500 in region)
  rcMTE@0.5: 0.4656 (421/500 in region)
  rcMTE@1.0: 0.5297 (398/500 in region)
  MTE@0.1: 0.4947
  MTE@0.5: 0.7351
  MTE@1.0: 0.8226
  W2@1.0:  0.2625
  sW2@0.1: 0.2141 (448/500 in region)
  sW2@0.2: 0.2093 (438/500 in region)
  sW2@0.5: 0.2461 (421/500 in region)
  sW2@1.0: 0.2351 (398/500 in region)
  MMD@1.0: 0.1058
  Survival@1.0: 99.0%
  Stopped@1.0:  79.6%
      Phase 2 AE: K_weight=0.4275
        Phase2 Epoch 50/250: loss=0.006951
        Phase2 Epoch 100/250: loss=0.005144
        Phase2 Epoch 150/250: loss=0.006082
        Phase2 Epoch 200/250: loss=0.002726
        Phase2 Epoch 250/250: loss=0.005977
        E_mu=0.0038  E_Sigma=0.0016
      → K
  Precomputing encoder-pullback target...
  Stage 2 epoch 60/300: loss=0.028036
  Stage 2 epoch 120/300: loss=0.017963
  Stage 2 epoch 180/300: loss=0.013986
  Stage 2 epoch 240/300: loss=0.006864
  Stage 2 epoch 300/300: loss=0.004096
  Stage 3 epoch 60/300: loss=0.000000
  Stage 3 epoch 120/300: loss=0.000000
  Stage 3 epoch 180/300: loss=0.000000
  Stage 3 epoch 240/300: loss=0.000000
  Stage 3 epoch 300/300: loss=0.000000
  rcMTE@0.1: 0.2818 (448/500 in region)
  rcMTE@0.5: 0.4701 (421/500 in region)
  rcMTE@1.0: 0.5311 (398/500 in region)
  MTE@0.1: 0.5078
  MTE@0.5: 0.7462
  MTE@1.0: 0.8327
  W2@1.0:  0.2647
  sW2@0.1: 0.2225 (448/500 in region)
  sW2@0.2: 0.2097 (438/500 in region)
  sW2@0.5: 0.2267 (421/500 in region)
  sW2@1.0: 0.2196 (398/500 in region)
  MMD@1.0: 0.1006
  Survival@1.0: 99.0%
  Stopped@1.0:  79.6%
      → K+S
  Precomputing encoder-pullback target...
  Stage 2 epoch 60/300: loss=0.028036
  Stage 2 epoch 120/300: loss=0.017963
  Stage 2 epoch 180/300: loss=0.013986
  Stage 2 epoch 240/300: loss=0.006864
  Stage 2 epoch 300/300: loss=0.004096
  Stage 3 epoch 60/300: loss=0.000000
  Stage 3 epoch 120/300: loss=0.000000
  Stage 3 epoch 180/300: loss=0.000000
  Stage 3 epoch 240/300: loss=0.000000
  Stage 3 epoch 300/300: loss=0.000000
  rcMTE@0.1: 0.2818 (448/500 in region)
  rcMTE@0.5: 0.4701 (421/500 in region)
  rcMTE@1.0: 0.5311 (398/500 in region)
  MTE@0.1: 0.5078
  MTE@0.5: 0.7462
  MTE@1.0: 0.8327
  W2@1.0:  0.2647
  sW2@0.1: 0.2225 (448/500 in region)
  sW2@0.2: 0.2097 (438/500 in region)
  sW2@0.5: 0.2267 (421/500 in region)
  sW2@1.0: 0.2196 (398/500 in region)
  MMD@1.0: 0.1006
  Survival@1.0: 99.0%
  Stopped@1.0:  79.6%

============================================================
  N=200 | D=201 (K=99) | paraboloid | seed=9042
============================================================
    Phase1 Epoch 50/250: loss=0.112251
    Phase1 Epoch 100/250: loss=0.047034
    Phase1 Epoch 150/250: loss=0.025997
    Phase1 Epoch 200/250: loss=0.011523
    Phase1 Epoch 250/250: loss=0.012410
      Phase 2 AE: K_weight=0.0000
        Phase2 Epoch 50/250: loss=0.006170
        Phase2 Epoch 100/250: loss=0.007003
        Phase2 Epoch 150/250: loss=0.006197
        Phase2 Epoch 200/250: loss=0.003702
        Phase2 Epoch 250/250: loss=0.004047
        E_mu=0.0053  E_Sigma=0.0025
      → baseline
  Precomputing encoder-pullback target...
  Stage 2 epoch 60/300: loss=0.024759
  Stage 2 epoch 120/300: loss=0.018240
  Stage 2 epoch 180/300: loss=0.012499
  Stage 2 epoch 240/300: loss=0.009521
  Stage 2 epoch 300/300: loss=0.005842
  Stage 3 epoch 60/300: loss=0.000000
  Stage 3 epoch 120/300: loss=0.000000
  Stage 3 epoch 180/300: loss=0.000000
  Stage 3 epoch 240/300: loss=0.000000
  Stage 3 epoch 300/300: loss=0.000000
  rcMTE@0.1: 0.3958 (444/500 in region)
  rcMTE@0.5: 0.6405 (406/500 in region)
  rcMTE@1.0: 0.7392 (388/500 in region)
  MTE@0.1: 0.7071
  MTE@0.5: 1.0149
  MTE@1.0: 1.1088
  W2@1.0:  0.2956
  sW2@0.1: 0.2675 (444/500 in region)
  sW2@0.2: 0.2866 (429/500 in region)
  sW2@0.5: 0.2787 (406/500 in region)
  sW2@1.0: 0.2992 (388/500 in region)
  MMD@1.0: 0.1374
  Survival@1.0: 99.0%
  Stopped@1.0:  77.6%
      Phase 2 AE: K_weight=0.4275
        Phase2 Epoch 50/250: loss=0.006895
        Phase2 Epoch 100/250: loss=0.004016
        Phase2 Epoch 150/250: loss=0.004757
        Phase2 Epoch 200/250: loss=0.002824
        Phase2 Epoch 250/250: loss=0.003339
        E_mu=0.0057  E_Sigma=0.0022
      → K
  Precomputing encoder-pullback target...
  Stage 2 epoch 60/300: loss=0.026979
  Stage 2 epoch 120/300: loss=0.019587
  Stage 2 epoch 180/300: loss=0.013089
  Stage 2 epoch 240/300: loss=0.010087
  Stage 2 epoch 300/300: loss=0.006279
  Stage 3 epoch 60/300: loss=0.000000
  Stage 3 epoch 120/300: loss=0.000000
  Stage 3 epoch 180/300: loss=0.000000
  Stage 3 epoch 240/300: loss=0.000000
  Stage 3 epoch 300/300: loss=0.000000
  rcMTE@0.1: 0.3955 (444/500 in region)
  rcMTE@0.5: 0.6403 (406/500 in region)
  rcMTE@1.0: 0.7422 (388/500 in region)
  MTE@0.1: 0.7064
  MTE@0.5: 1.0092
  MTE@1.0: 1.1061
  W2@1.0:  0.2976
  sW2@0.1: 0.2653 (444/500 in region)
  sW2@0.2: 0.2801 (429/500 in region)
  sW2@0.5: 0.2546 (406/500 in region)
  sW2@1.0: 0.2915 (388/500 in region)
  MMD@1.0: 0.1373
  Survival@1.0: 99.0%
  Stopped@1.0:  77.6%
      → K+S
  Precomputing encoder-pullback target...
  Stage 2 epoch 60/300: loss=0.026979
  Stage 2 epoch 120/300: loss=0.019587
  Stage 2 epoch 180/300: loss=0.013089
  Stage 2 epoch 240/300: loss=0.010087
  Stage 2 epoch 300/300: loss=0.006279
  Stage 3 epoch 60/300: loss=0.000000
  Stage 3 epoch 120/300: loss=0.000000
  Stage 3 epoch 180/300: loss=0.000000
  Stage 3 epoch 240/300: loss=0.000000
  Stage 3 epoch 300/300: loss=0.000000
  rcMTE@0.1: 0.3955 (444/500 in region)
  rcMTE@0.5: 0.6403 (406/500 in region)
  rcMTE@1.0: 0.7422 (388/500 in region)
  MTE@0.1: 0.7064
  MTE@0.5: 1.0092
  MTE@1.0: 1.1061
  W2@1.0:  0.2976
  sW2@0.1: 0.2653 (444/500 in region)
  sW2@0.2: 0.2801 (429/500 in region)
  sW2@0.5: 0.2546 (406/500 in region)
  sW2@1.0: 0.2915 (388/500 in region)
  MMD@1.0: 0.1373
  Survival@1.0: 99.0%
  Stopped@1.0:  77.6%

============================================================
  N=200 | D=201 (K=99) | hyperbolic_paraboloid | seed=42
============================================================
    Phase1 Epoch 50/250: loss=0.098037
    Phase1 Epoch 100/250: loss=0.086996
    Phase1 Epoch 150/250: loss=0.025404
    Phase1 Epoch 200/250: loss=0.013958
    Phase1 Epoch 250/250: loss=0.006143
      Phase 2 AE: K_weight=0.0000
        Phase2 Epoch 50/250: loss=0.012352
        Phase2 Epoch 100/250: loss=0.002559
        Phase2 Epoch 150/250: loss=0.002974
        Phase2 Epoch 200/250: loss=0.002459
        Phase2 Epoch 250/250: loss=0.001157
        E_mu=0.0022  E_Sigma=0.0010
      → baseline
  Precomputing encoder-pullback target...
  Stage 2 epoch 60/300: loss=0.019020
  Stage 2 epoch 120/300: loss=0.011975
  Stage 2 epoch 180/300: loss=0.007281
  Stage 2 epoch 240/300: loss=0.004780
  Stage 2 epoch 300/300: loss=0.003449
  Stage 3 epoch 60/300: loss=0.000000
  Stage 3 epoch 120/300: loss=0.000000
  Stage 3 epoch 180/300: loss=0.000000
  Stage 3 epoch 240/300: loss=0.000000
  Stage 3 epoch 300/300: loss=0.000000
  rcMTE@0.1: 0.2415 (442/500 in region)
  rcMTE@0.5: 0.4235 (402/500 in region)
  rcMTE@1.0: 0.4696 (383/500 in region)
  MTE@0.1: 0.4298
  MTE@0.5: 0.7461
  MTE@1.0: 0.7918
  W2@1.0:  0.2167
  sW2@0.1: 0.1516 (442/500 in region)
  sW2@0.2: 0.1629 (428/500 in region)
  sW2@0.5: 0.2254 (402/500 in region)
  sW2@1.0: 0.2552 (383/500 in region)
  MMD@1.0: 0.0700
  Survival@1.0: 98.6%
  Stopped@1.0:  76.6%
      Phase 2 AE: K_weight=0.4275
        Phase2 Epoch 50/250: loss=0.003952
        Phase2 Epoch 100/250: loss=0.002350
        Phase2 Epoch 150/250: loss=0.003584
        Phase2 Epoch 200/250: loss=0.001418
        Phase2 Epoch 250/250: loss=0.002975
        E_mu=0.0044  E_Sigma=0.0021
      → K
  Precomputing encoder-pullback target...
  Stage 2 epoch 60/300: loss=0.018738
  Stage 2 epoch 120/300: loss=0.012025
  Stage 2 epoch 180/300: loss=0.007507
  Stage 2 epoch 240/300: loss=0.004915
  Stage 2 epoch 300/300: loss=0.003495
  Stage 3 epoch 60/300: loss=0.000000
  Stage 3 epoch 120/300: loss=0.000000
  Stage 3 epoch 180/300: loss=0.000000
  Stage 3 epoch 240/300: loss=0.000000
  Stage 3 epoch 300/300: loss=0.000000
  rcMTE@0.1: 0.2453 (442/500 in region)
  rcMTE@0.5: 0.4289 (402/500 in region)
  rcMTE@1.0: 0.4733 (383/500 in region)
  MTE@0.1: 0.4601
  MTE@0.5: 0.7650
  MTE@1.0: 0.8092
  W2@1.0:  0.2696
  sW2@0.1: 0.2011 (442/500 in region)
  sW2@0.2: 0.2116 (428/500 in region)
  sW2@0.5: 0.2724 (402/500 in region)
  sW2@1.0: 0.3095 (383/500 in region)
  MMD@1.0: 0.1218
  Survival@1.0: 98.6%
  Stopped@1.0:  76.6%
      → K+S
  Precomputing encoder-pullback target...
  Stage 2 epoch 60/300: loss=0.018738
  Stage 2 epoch 120/300: loss=0.012025
  Stage 2 epoch 180/300: loss=0.007507
  Stage 2 epoch 240/300: loss=0.004915
  Stage 2 epoch 300/300: loss=0.003495
  Stage 3 epoch 60/300: loss=0.000000
  Stage 3 epoch 120/300: loss=0.000000
  Stage 3 epoch 180/300: loss=0.000000
  Stage 3 epoch 240/300: loss=0.000000
  Stage 3 epoch 300/300: loss=0.000000
  rcMTE@0.1: 0.2453 (442/500 in region)
  rcMTE@0.5: 0.4289 (402/500 in region)
  rcMTE@1.0: 0.4733 (383/500 in region)
  MTE@0.1: 0.4601
  MTE@0.5: 0.7650
  MTE@1.0: 0.8092
  W2@1.0:  0.2696
  sW2@0.1: 0.2011 (442/500 in region)
  sW2@0.2: 0.2116 (428/500 in region)
  sW2@0.5: 0.2724 (402/500 in region)
  sW2@1.0: 0.3095 (383/500 in region)
  MMD@1.0: 0.1218
  Survival@1.0: 98.6%
  Stopped@1.0:  76.6%

============================================================
  N=200 | D=201 (K=99) | hyperbolic_paraboloid | seed=1042
============================================================
    Phase1 Epoch 50/250: loss=0.106485
    Phase1 Epoch 100/250: loss=0.049715
    Phase1 Epoch 150/250: loss=0.026907
    Phase1 Epoch 200/250: loss=0.021696
    Phase1 Epoch 250/250: loss=0.017604
      Phase 2 AE: K_weight=0.0000
        Phase2 Epoch 50/250: loss=0.005042
        Phase2 Epoch 100/250: loss=0.024782
        Phase2 Epoch 150/250: loss=0.002664
        Phase2 Epoch 200/250: loss=0.002799
        Phase2 Epoch 250/250: loss=0.001421
        E_mu=0.0034  E_Sigma=0.0010
      → baseline
  Precomputing encoder-pullback target...
  Stage 2 epoch 60/300: loss=0.016946
  Stage 2 epoch 120/300: loss=0.013599
  Stage 2 epoch 180/300: loss=0.007930
  Stage 2 epoch 240/300: loss=0.004931
  Stage 2 epoch 300/300: loss=0.004088
  Stage 3 epoch 60/300: loss=0.000000
  Stage 3 epoch 120/300: loss=0.000000
  Stage 3 epoch 180/300: loss=0.000000
  Stage 3 epoch 240/300: loss=0.000000
  Stage 3 epoch 300/300: loss=0.000000
  rcMTE@0.1: 0.3752 (455/500 in region)
  rcMTE@0.5: 0.6338 (418/500 in region)
  rcMTE@1.0: 0.7278 (400/500 in region)
  MTE@0.1: 0.6398
  MTE@0.5: 0.9666
  MTE@1.0: 1.0799
  W2@1.0:  0.1974
  sW2@0.1: 0.1919 (455/500 in region)
  sW2@0.2: 0.1834 (440/500 in region)
  sW2@0.5: 0.2206 (418/500 in region)
  sW2@1.0: 0.2036 (400/500 in region)
  MMD@1.0: 0.0773
  Survival@1.0: 99.4%
  Stopped@1.0:  80.0%
      Phase 2 AE: K_weight=0.4275
        Phase2 Epoch 50/250: loss=0.007479
        Phase2 Epoch 100/250: loss=0.002232
        Phase2 Epoch 150/250: loss=0.004754
        Phase2 Epoch 200/250: loss=0.004300
        Phase2 Epoch 250/250: loss=0.004232
        E_mu=0.0061  E_Sigma=0.0020
      → K
  Precomputing encoder-pullback target...
  Stage 2 epoch 60/300: loss=0.017161
  Stage 2 epoch 120/300: loss=0.013595
  Stage 2 epoch 180/300: loss=0.007899
  Stage 2 epoch 240/300: loss=0.004935
  Stage 2 epoch 300/300: loss=0.004104
  Stage 3 epoch 60/300: loss=0.000000
  Stage 3 epoch 120/300: loss=0.000000
  Stage 3 epoch 180/300: loss=0.000000
  Stage 3 epoch 240/300: loss=0.000000
  Stage 3 epoch 300/300: loss=0.000000
  rcMTE@0.1: 0.3755 (455/500 in region)
  rcMTE@0.5: 0.6331 (418/500 in region)
  rcMTE@1.0: 0.7266 (400/500 in region)
  MTE@0.1: 0.6397
  MTE@0.5: 0.9666
  MTE@1.0: 1.0803
  W2@1.0:  0.2001
  sW2@0.1: 0.1951 (455/500 in region)
  sW2@0.2: 0.1801 (440/500 in region)
  sW2@0.5: 0.2216 (418/500 in region)
  sW2@1.0: 0.2001 (400/500 in region)
  MMD@1.0: 0.0782
  Survival@1.0: 99.4%
  Stopped@1.0:  80.0%
      → K+S
  Precomputing encoder-pullback target...
  Stage 2 epoch 60/300: loss=0.017161
  Stage 2 epoch 120/300: loss=0.013595
  Stage 2 epoch 180/300: loss=0.007899
  Stage 2 epoch 240/300: loss=0.004935
  Stage 2 epoch 300/300: loss=0.004104
  Stage 3 epoch 60/300: loss=0.000000
  Stage 3 epoch 120/300: loss=0.000000
  Stage 3 epoch 180/300: loss=0.000000
  Stage 3 epoch 240/300: loss=0.000000
  Stage 3 epoch 300/300: loss=0.000000
  rcMTE@0.1: 0.3755 (455/500 in region)
  rcMTE@0.5: 0.6331 (418/500 in region)
  rcMTE@1.0: 0.7266 (400/500 in region)
  MTE@0.1: 0.6397
  MTE@0.5: 0.9666
  MTE@1.0: 1.0803
  W2@1.0:  0.2001
  sW2@0.1: 0.1951 (455/500 in region)
  sW2@0.2: 0.1801 (440/500 in region)
  sW2@0.5: 0.2216 (418/500 in region)
  sW2@1.0: 0.2001 (400/500 in region)
  MMD@1.0: 0.0782
  Survival@1.0: 99.4%
  Stopped@1.0:  80.0%

============================================================
  N=200 | D=201 (K=99) | hyperbolic_paraboloid | seed=2042
============================================================
    Phase1 Epoch 50/250: loss=0.091557
    Phase1 Epoch 100/250: loss=0.044665
    Phase1 Epoch 150/250: loss=0.028651
    Phase1 Epoch 200/250: loss=0.020394
    Phase1 Epoch 250/250: loss=0.015735
      Phase 2 AE: K_weight=0.0000
        Phase2 Epoch 50/250: loss=0.015170
        Phase2 Epoch 100/250: loss=0.005633
        Phase2 Epoch 150/250: loss=0.002395
        Phase2 Epoch 200/250: loss=0.001736
        Phase2 Epoch 250/250: loss=0.009446
        E_mu=0.0130  E_Sigma=0.0059
      → baseline
  Precomputing encoder-pullback target...
  Stage 2 epoch 60/300: loss=0.021397
  Stage 2 epoch 120/300: loss=0.013848
  Stage 2 epoch 180/300: loss=0.008144
  Stage 2 epoch 240/300: loss=0.005841
  Stage 2 epoch 300/300: loss=0.003805
  Stage 3 epoch 60/300: loss=0.000000
  Stage 3 epoch 120/300: loss=0.000000
  Stage 3 epoch 180/300: loss=0.000000
  Stage 3 epoch 240/300: loss=0.000000
  Stage 3 epoch 300/300: loss=0.000000
  rcMTE@0.1: 0.2708 (454/500 in region)
  rcMTE@0.5: 0.5036 (422/500 in region)
  rcMTE@1.0: 0.5376 (406/500 in region)
  MTE@0.1: 0.4975
  MTE@0.5: 0.8257
  MTE@1.0: 0.8471
  W2@1.0:  0.2446
  sW2@0.1: 0.2141 (454/500 in region)
  sW2@0.2: 0.2413 (441/500 in region)
  sW2@0.5: 0.2672 (422/500 in region)
  sW2@1.0: 0.2276 (406/500 in region)
  MMD@1.0: 0.1106
  Survival@1.0: 98.2%
  Stopped@1.0:  81.2%
      Phase 2 AE: K_weight=0.4275
        Phase2 Epoch 50/250: loss=0.007840
        Phase2 Epoch 100/250: loss=0.005614
        Phase2 Epoch 150/250: loss=0.006069
        Phase2 Epoch 200/250: loss=0.001452
        Phase2 Epoch 250/250: loss=0.001015
        E_mu=0.0017  E_Sigma=0.0005
      → K
  Precomputing encoder-pullback target...
  Stage 2 epoch 60/300: loss=0.021156
  Stage 2 epoch 120/300: loss=0.013222
  Stage 2 epoch 180/300: loss=0.007631
  Stage 2 epoch 240/300: loss=0.005526
  Stage 2 epoch 300/300: loss=0.003787
  Stage 3 epoch 60/300: loss=0.000000
  Stage 3 epoch 120/300: loss=0.000000
  Stage 3 epoch 180/300: loss=0.000000
  Stage 3 epoch 240/300: loss=0.000000
  Stage 3 epoch 300/300: loss=0.000000
  rcMTE@0.1: 0.2672 (454/500 in region)
  rcMTE@0.5: 0.4976 (422/500 in region)
  rcMTE@1.0: 0.5358 (406/500 in region)
  MTE@0.1: 0.4676
  MTE@0.5: 0.8043
  MTE@1.0: 0.8272
  W2@1.0:  0.2052
  sW2@0.1: 0.1531 (454/500 in region)
  sW2@0.2: 0.1735 (441/500 in region)
  sW2@0.5: 0.1943 (422/500 in region)
  sW2@1.0: 0.1691 (406/500 in region)
  MMD@1.0: 0.0543
  Survival@1.0: 98.2%
  Stopped@1.0:  81.2%
      → K+S
  Precomputing encoder-pullback target...
  Stage 2 epoch 60/300: loss=0.021156
  Stage 2 epoch 120/300: loss=0.013222
  Stage 2 epoch 180/300: loss=0.007631
  Stage 2 epoch 240/300: loss=0.005526
  Stage 2 epoch 300/300: loss=0.003787
  Stage 3 epoch 60/300: loss=0.000000
  Stage 3 epoch 120/300: loss=0.000000
  Stage 3 epoch 180/300: loss=0.000000
  Stage 3 epoch 240/300: loss=0.000000
  Stage 3 epoch 300/300: loss=0.000000
  rcMTE@0.1: 0.2672 (454/500 in region)
  rcMTE@0.5: 0.4976 (422/500 in region)
  rcMTE@1.0: 0.5358 (406/500 in region)
  MTE@0.1: 0.4676
  MTE@0.5: 0.8043
  MTE@1.0: 0.8272
  W2@1.0:  0.2052
  sW2@0.1: 0.1531 (454/500 in region)
  sW2@0.2: 0.1735 (441/500 in region)
  sW2@0.5: 0.1943 (422/500 in region)
  sW2@1.0: 0.1691 (406/500 in region)
  MMD@1.0: 0.0543
  Survival@1.0: 98.2%
  Stopped@1.0:  81.2%

============================================================
  N=200 | D=201 (K=99) | hyperbolic_paraboloid | seed=3042
============================================================
    Phase1 Epoch 50/250: loss=0.095221
    Phase1 Epoch 100/250: loss=0.028718
    Phase1 Epoch 150/250: loss=0.008306
    Phase1 Epoch 200/250: loss=0.006439
    Phase1 Epoch 250/250: loss=0.003458
      Phase 2 AE: K_weight=0.0000
        Phase2 Epoch 50/250: loss=0.005613
        Phase2 Epoch 100/250: loss=0.012703
        Phase2 Epoch 150/250: loss=0.000716
        Phase2 Epoch 200/250: loss=0.000567
        Phase2 Epoch 250/250: loss=0.000585
        E_mu=0.0012  E_Sigma=0.0005
      → baseline
  Precomputing encoder-pullback target...
  Stage 2 epoch 60/300: loss=0.019333
  Stage 2 epoch 120/300: loss=0.011833
  Stage 2 epoch 180/300: loss=0.007069
  Stage 2 epoch 240/300: loss=0.004501
  Stage 2 epoch 300/300: loss=0.002961
  Stage 3 epoch 60/300: loss=0.000000
  Stage 3 epoch 120/300: loss=0.000000
  Stage 3 epoch 180/300: loss=0.000000
  Stage 3 epoch 240/300: loss=0.000000
  Stage 3 epoch 300/300: loss=0.000000
  rcMTE@0.1: 0.0453 (456/500 in region)
  rcMTE@0.5: 0.0864 (402/500 in region)
  rcMTE@1.0: 0.1308 (381/500 in region)
  MTE@0.1: 0.0991
  MTE@0.5: 0.1787
  MTE@1.0: 0.2216
  W2@1.0:  0.1594
  sW2@0.1: 0.0913 (456/500 in region)
  sW2@0.2: 0.1054 (434/500 in region)
  sW2@0.5: 0.1038 (402/500 in region)
  sW2@1.0: 0.1402 (381/500 in region)
  MMD@1.0: 0.0392
  Survival@1.0: 97.4%
  Stopped@1.0:  76.2%
      Phase 2 AE: K_weight=0.4275
        Phase2 Epoch 50/250: loss=0.015178
        Phase2 Epoch 100/250: loss=0.001105
        Phase2 Epoch 150/250: loss=0.000835
        Phase2 Epoch 200/250: loss=0.000746
        Phase2 Epoch 250/250: loss=0.000753
        E_mu=0.0011  E_Sigma=0.0004
      → K
  Precomputing encoder-pullback target...
  Stage 2 epoch 60/300: loss=0.018973
  Stage 2 epoch 120/300: loss=0.011732
  Stage 2 epoch 180/300: loss=0.007162
  Stage 2 epoch 240/300: loss=0.004569
  Stage 2 epoch 300/300: loss=0.002997
  Stage 3 epoch 60/300: loss=0.000000
  Stage 3 epoch 120/300: loss=0.000000
  Stage 3 epoch 180/300: loss=0.000000
  Stage 3 epoch 240/300: loss=0.000000
  Stage 3 epoch 300/300: loss=0.000000
  rcMTE@0.1: 0.0462 (456/500 in region)
  rcMTE@0.5: 0.0901 (402/500 in region)
  rcMTE@1.0: 0.1376 (381/500 in region)
  MTE@0.1: 0.1222
  MTE@0.5: 0.1975
  MTE@1.0: 0.2424
  W2@1.0:  0.1759
  sW2@0.1: 0.1089 (456/500 in region)
  sW2@0.2: 0.1214 (434/500 in region)
  sW2@0.5: 0.1217 (402/500 in region)
  sW2@1.0: 0.1617 (381/500 in region)
  MMD@1.0: 0.0613
  Survival@1.0: 97.4%
  Stopped@1.0:  76.2%
      → K+S
  Precomputing encoder-pullback target...
  Stage 2 epoch 60/300: loss=0.018973
  Stage 2 epoch 120/300: loss=0.011732
  Stage 2 epoch 180/300: loss=0.007162
  Stage 2 epoch 240/300: loss=0.004569
  Stage 2 epoch 300/300: loss=0.002997
  Stage 3 epoch 60/300: loss=0.000000
  Stage 3 epoch 120/300: loss=0.000000
  Stage 3 epoch 180/300: loss=0.000000
  Stage 3 epoch 240/300: loss=0.000000
  Stage 3 epoch 300/300: loss=0.000000
  rcMTE@0.1: 0.0462 (456/500 in region)
  rcMTE@0.5: 0.0901 (402/500 in region)
  rcMTE@1.0: 0.1376 (381/500 in region)
  MTE@0.1: 0.1222
  MTE@0.5: 0.1975
  MTE@1.0: 0.2424
  W2@1.0:  0.1759
  sW2@0.1: 0.1089 (456/500 in region)
  sW2@0.2: 0.1214 (434/500 in region)
  sW2@0.5: 0.1217 (402/500 in region)
  sW2@1.0: 0.1617 (381/500 in region)
  MMD@1.0: 0.0613
  Survival@1.0: 97.4%
  Stopped@1.0:  76.2%

============================================================
  N=200 | D=201 (K=99) | hyperbolic_paraboloid | seed=4042
============================================================
    Phase1 Epoch 50/250: loss=0.116644
    Phase1 Epoch 100/250: loss=0.057732
    Phase1 Epoch 150/250: loss=0.011989
    Phase1 Epoch 200/250: loss=0.011271
    Phase1 Epoch 250/250: loss=0.009035
      Phase 2 AE: K_weight=0.0000
        Phase2 Epoch 50/250: loss=0.005173
        Phase2 Epoch 100/250: loss=0.001631
        Phase2 Epoch 150/250: loss=0.001147
        Phase2 Epoch 200/250: loss=0.023500
        Phase2 Epoch 250/250: loss=0.002482
        E_mu=0.0052  E_Sigma=0.0021
      → baseline
  Precomputing encoder-pullback target...
  Stage 2 epoch 60/300: loss=0.020077
  Stage 2 epoch 120/300: loss=0.014496
  Stage 2 epoch 180/300: loss=0.007253
  Stage 2 epoch 240/300: loss=0.004491
  Stage 2 epoch 300/300: loss=0.003348
  Stage 3 epoch 60/300: loss=0.000000
  Stage 3 epoch 120/300: loss=0.000000
  Stage 3 epoch 180/300: loss=0.000000
  Stage 3 epoch 240/300: loss=0.000000
  Stage 3 epoch 300/300: loss=0.000000
  rcMTE@0.1: 0.2416 (443/500 in region)
  rcMTE@0.5: 0.3989 (407/500 in region)
  rcMTE@1.0: 0.4290 (384/500 in region)
  MTE@0.1: 0.4302
  MTE@0.5: 0.7132
  MTE@1.0: 0.7549
  W2@1.0:  0.2352
  sW2@0.1: 0.1696 (443/500 in region)
  sW2@0.2: 0.2117 (424/500 in region)
  sW2@0.5: 0.1743 (407/500 in region)
  sW2@1.0: 0.1799 (384/500 in region)
  MMD@1.0: 0.0752
  Survival@1.0: 98.8%
  Stopped@1.0:  76.8%
      Phase 2 AE: K_weight=0.4275
        Phase2 Epoch 50/250: loss=0.002404
        Phase2 Epoch 100/250: loss=0.002356
        Phase2 Epoch 150/250: loss=0.005317
        Phase2 Epoch 200/250: loss=0.000465
        Phase2 Epoch 250/250: loss=0.000452
        E_mu=0.0017  E_Sigma=0.0004
      → K
  Precomputing encoder-pullback target...
  Stage 2 epoch 60/300: loss=0.019178
  Stage 2 epoch 120/300: loss=0.014119
  Stage 2 epoch 180/300: loss=0.007044
  Stage 2 epoch 240/300: loss=0.004362
  Stage 2 epoch 300/300: loss=0.003399
  Stage 3 epoch 60/300: loss=0.000000
  Stage 3 epoch 120/300: loss=0.000000
  Stage 3 epoch 180/300: loss=0.000000
  Stage 3 epoch 240/300: loss=0.000000
  Stage 3 epoch 300/300: loss=0.000000
  rcMTE@0.1: 0.2404 (443/500 in region)
  rcMTE@0.5: 0.3990 (407/500 in region)
  rcMTE@1.0: 0.4329 (384/500 in region)
  MTE@0.1: 0.4218
  MTE@0.5: 0.7069
  MTE@1.0: 0.7510
  W2@1.0:  0.2032
  sW2@0.1: 0.1393 (443/500 in region)
  sW2@0.2: 0.1718 (424/500 in region)
  sW2@0.5: 0.1496 (407/500 in region)
  sW2@1.0: 0.1619 (384/500 in region)
  MMD@1.0: 0.0433
  Survival@1.0: 98.8%
  Stopped@1.0:  76.8%
      → K+S
  Precomputing encoder-pullback target...
  Stage 2 epoch 60/300: loss=0.019178
  Stage 2 epoch 120/300: loss=0.014119
  Stage 2 epoch 180/300: loss=0.007044
  Stage 2 epoch 240/300: loss=0.004362
  Stage 2 epoch 300/300: loss=0.003399
  Stage 3 epoch 60/300: loss=0.000000
  Stage 3 epoch 120/300: loss=0.000000
  Stage 3 epoch 180/300: loss=0.000000
  Stage 3 epoch 240/300: loss=0.000000
  Stage 3 epoch 300/300: loss=0.000000
  rcMTE@0.1: 0.2404 (443/500 in region)
  rcMTE@0.5: 0.3990 (407/500 in region)
  rcMTE@1.0: 0.4329 (384/500 in region)
  MTE@0.1: 0.4218
  MTE@0.5: 0.7069
  MTE@1.0: 0.7510
  W2@1.0:  0.2032
  sW2@0.1: 0.1393 (443/500 in region)
  sW2@0.2: 0.1718 (424/500 in region)
  sW2@0.5: 0.1496 (407/500 in region)
  sW2@1.0: 0.1619 (384/500 in region)
  MMD@1.0: 0.0433
  Survival@1.0: 98.8%
  Stopped@1.0:  76.8%

============================================================
  N=200 | D=201 (K=99) | hyperbolic_paraboloid | seed=5042
============================================================
    Phase1 Epoch 50/250: loss=0.136567
    Phase1 Epoch 100/250: loss=0.032422
    Phase1 Epoch 150/250: loss=0.030602
    Phase1 Epoch 200/250: loss=0.018217
    Phase1 Epoch 250/250: loss=0.010369
      Phase 2 AE: K_weight=0.0000
        Phase2 Epoch 50/250: loss=0.002119
        Phase2 Epoch 100/250: loss=0.019198
        Phase2 Epoch 150/250: loss=0.002642
        Phase2 Epoch 200/250: loss=0.002903
        Phase2 Epoch 250/250: loss=0.001128
        E_mu=0.0019  E_Sigma=0.0007
      → baseline
  Precomputing encoder-pullback target...
  Stage 2 epoch 60/300: loss=0.018318
  Stage 2 epoch 120/300: loss=0.013178
  Stage 2 epoch 180/300: loss=0.007498
  Stage 2 epoch 240/300: loss=0.005056
  Stage 2 epoch 300/300: loss=0.003823
  Stage 3 epoch 60/300: loss=0.000000
  Stage 3 epoch 120/300: loss=0.000000
  Stage 3 epoch 180/300: loss=0.000000
  Stage 3 epoch 240/300: loss=0.000000
  Stage 3 epoch 300/300: loss=0.000000
  rcMTE@0.1: 0.2784 (454/500 in region)
  rcMTE@0.5: 0.4473 (420/500 in region)
  rcMTE@1.0: 0.5322 (403/500 in region)
  MTE@0.1: 0.4667
  MTE@0.5: 0.7315
  MTE@1.0: 0.8189
  W2@1.0:  0.2195
  sW2@0.1: 0.1526 (454/500 in region)
  sW2@0.2: 0.1700 (435/500 in region)
  sW2@0.5: 0.1614 (420/500 in region)
  sW2@1.0: 0.1694 (403/500 in region)
  MMD@1.0: 0.0633
  Survival@1.0: 98.8%
  Stopped@1.0:  80.6%
      Phase 2 AE: K_weight=0.4275
        Phase2 Epoch 50/250: loss=0.005609
        Phase2 Epoch 100/250: loss=0.002488
        Phase2 Epoch 150/250: loss=0.004000
        Phase2 Epoch 200/250: loss=0.001204
        Phase2 Epoch 250/250: loss=0.015484
        E_mu=0.0116  E_Sigma=0.0069
      → K
  Precomputing encoder-pullback target...
  Stage 2 epoch 60/300: loss=0.018172
  Stage 2 epoch 120/300: loss=0.013532
  Stage 2 epoch 180/300: loss=0.007963
  Stage 2 epoch 240/300: loss=0.004998
  Stage 2 epoch 300/300: loss=0.003748
  Stage 3 epoch 60/300: loss=0.000000
  Stage 3 epoch 120/300: loss=0.000000
  Stage 3 epoch 180/300: loss=0.000000
  Stage 3 epoch 240/300: loss=0.000000
  Stage 3 epoch 300/300: loss=0.000000
  rcMTE@0.1: 0.2788 (454/500 in region)
  rcMTE@0.5: 0.4437 (420/500 in region)
  rcMTE@1.0: 0.5318 (403/500 in region)
  MTE@0.1: 0.5824
  MTE@0.5: 0.8127
  MTE@1.0: 0.8994
  W2@1.0:  0.4133
  sW2@0.1: 0.3669 (454/500 in region)
  sW2@0.2: 0.3600 (435/500 in region)
  sW2@0.5: 0.3588 (420/500 in region)
  sW2@1.0: 0.3784 (403/500 in region)
  MMD@1.0: 0.2303
  Survival@1.0: 98.8%
  Stopped@1.0:  80.6%
      → K+S
  Precomputing encoder-pullback target...
  Stage 2 epoch 60/300: loss=0.018172
  Stage 2 epoch 120/300: loss=0.013532
  Stage 2 epoch 180/300: loss=0.007963
  Stage 2 epoch 240/300: loss=0.004998
  Stage 2 epoch 300/300: loss=0.003748
  Stage 3 epoch 60/300: loss=0.000000
  Stage 3 epoch 120/300: loss=0.000000
  Stage 3 epoch 180/300: loss=0.000000
  Stage 3 epoch 240/300: loss=0.000000
  Stage 3 epoch 300/300: loss=0.000000
  rcMTE@0.1: 0.2788 (454/500 in region)
  rcMTE@0.5: 0.4437 (420/500 in region)
  rcMTE@1.0: 0.5318 (403/500 in region)
  MTE@0.1: 0.5824
  MTE@0.5: 0.8127
  MTE@1.0: 0.8994
  W2@1.0:  0.4133
  sW2@0.1: 0.3669 (454/500 in region)
  sW2@0.2: 0.3600 (435/500 in region)
  sW2@0.5: 0.3588 (420/500 in region)
  sW2@1.0: 0.3784 (403/500 in region)
  MMD@1.0: 0.2303
  Survival@1.0: 98.8%
  Stopped@1.0:  80.6%

============================================================
  N=200 | D=201 (K=99) | hyperbolic_paraboloid | seed=6042
============================================================
    Phase1 Epoch 50/250: loss=0.082659
    Phase1 Epoch 100/250: loss=0.026121
    Phase1 Epoch 150/250: loss=0.010154
    Phase1 Epoch 200/250: loss=0.019761
    Phase1 Epoch 250/250: loss=0.003716
      Phase 2 AE: K_weight=0.0000
        Phase2 Epoch 50/250: loss=0.001465
        Phase2 Epoch 100/250: loss=0.020084
        Phase2 Epoch 150/250: loss=0.003513
        Phase2 Epoch 200/250: loss=0.005101
        Phase2 Epoch 250/250: loss=0.000423
        E_mu=0.0014  E_Sigma=0.0004
      → baseline
  Precomputing encoder-pullback target...
  Stage 2 epoch 60/300: loss=0.020731
  Stage 2 epoch 120/300: loss=0.015943
  Stage 2 epoch 180/300: loss=0.008287
  Stage 2 epoch 240/300: loss=0.004336
  Stage 2 epoch 300/300: loss=0.003541
  Stage 3 epoch 60/300: loss=0.000000
  Stage 3 epoch 120/300: loss=0.000000
  Stage 3 epoch 180/300: loss=0.000000
  Stage 3 epoch 240/300: loss=0.000000
  Stage 3 epoch 300/300: loss=0.000000
  rcMTE@0.1: 0.0415 (452/500 in region)
  rcMTE@0.5: 0.0853 (406/500 in region)
  rcMTE@1.0: 0.1193 (392/500 in region)
  MTE@0.1: 0.0896
  MTE@0.5: 0.1823
  MTE@1.0: 0.2057
  W2@1.0:  0.1891
  sW2@0.1: 0.0807 (452/500 in region)
  sW2@0.2: 0.0955 (428/500 in region)
  sW2@0.5: 0.1070 (406/500 in region)
  sW2@1.0: 0.1512 (392/500 in region)
  MMD@1.0: 0.0423
  Survival@1.0: 98.6%
  Stopped@1.0:  78.4%
      Phase 2 AE: K_weight=0.4275
        Phase2 Epoch 50/250: loss=0.013389
        Phase2 Epoch 100/250: loss=0.002240
        Phase2 Epoch 150/250: loss=0.001069
        Phase2 Epoch 200/250: loss=0.000851
        Phase2 Epoch 250/250: loss=0.086413
        E_mu=0.0762  E_Sigma=0.0426
      → K
  Precomputing encoder-pullback target...
  Stage 2 epoch 60/300: loss=0.022374
  Stage 2 epoch 120/300: loss=0.017225
  Stage 2 epoch 180/300: loss=0.010030
  Stage 2 epoch 240/300: loss=0.005221
  Stage 2 epoch 300/300: loss=0.003923
  Stage 3 epoch 60/300: loss=0.000001
  Stage 3 epoch 120/300: loss=0.000001
  Stage 3 epoch 180/300: loss=0.000001
  Stage 3 epoch 240/300: loss=0.000001
  Stage 3 epoch 300/300: loss=0.000001
  rcMTE@0.1: 0.2192 (452/500 in region)
  rcMTE@0.5: 0.2191 (406/500 in region)
  rcMTE@1.0: 0.2223 (392/500 in region)
  MTE@0.1: 1.5326
  MTE@0.5: 1.5521
  MTE@1.0: 1.5530
  W2@1.0:  1.5380
  sW2@0.1: 1.5265 (452/500 in region)
  sW2@0.2: 1.5269 (428/500 in region)
  sW2@0.5: 1.5236 (406/500 in region)
  sW2@1.0: 1.5266 (392/500 in region)
  MMD@1.0: 0.7317
  Survival@1.0: 98.6%
  Stopped@1.0:  78.4%
      → K+S
  Precomputing encoder-pullback target...
  Stage 2 epoch 60/300: loss=0.022374
  Stage 2 epoch 120/300: loss=0.017225
  Stage 2 epoch 180/300: loss=0.010030
  Stage 2 epoch 240/300: loss=0.005221
  Stage 2 epoch 300/300: loss=0.003923
  Stage 3 epoch 60/300: loss=0.000001
  Stage 3 epoch 120/300: loss=0.000001
  Stage 3 epoch 180/300: loss=0.000001
  Stage 3 epoch 240/300: loss=0.000001
  Stage 3 epoch 300/300: loss=0.000001
  rcMTE@0.1: 0.2192 (452/500 in region)
  rcMTE@0.5: 0.2191 (406/500 in region)
  rcMTE@1.0: 0.2223 (392/500 in region)
  MTE@0.1: 1.5326
  MTE@0.5: 1.5521
  MTE@1.0: 1.5530
  W2@1.0:  1.5380
  sW2@0.1: 1.5265 (452/500 in region)
  sW2@0.2: 1.5269 (428/500 in region)
  sW2@0.5: 1.5236 (406/500 in region)
  sW2@1.0: 1.5266 (392/500 in region)
  MMD@1.0: 0.7317
  Survival@1.0: 98.6%
  Stopped@1.0:  78.4%

============================================================
  N=200 | D=201 (K=99) | hyperbolic_paraboloid | seed=7042
============================================================
    Phase1 Epoch 50/250: loss=0.110401
    Phase1 Epoch 100/250: loss=0.036782
    Phase1 Epoch 150/250: loss=0.035195
    Phase1 Epoch 200/250: loss=0.024637
    Phase1 Epoch 250/250: loss=0.009638
      Phase 2 AE: K_weight=0.0000
        Phase2 Epoch 50/250: loss=0.008227
        Phase2 Epoch 100/250: loss=0.005726
        Phase2 Epoch 150/250: loss=0.006733
        Phase2 Epoch 200/250: loss=0.004012
        Phase2 Epoch 250/250: loss=0.003023
        E_mu=0.0060  E_Sigma=0.0026
      → baseline
  Precomputing encoder-pullback target...
  Stage 2 epoch 60/300: loss=0.018517
  Stage 2 epoch 120/300: loss=0.014019
  Stage 2 epoch 180/300: loss=0.008735
  Stage 2 epoch 240/300: loss=0.005454
  Stage 2 epoch 300/300: loss=0.003800
  Stage 3 epoch 60/300: loss=0.000000
  Stage 3 epoch 120/300: loss=0.000000
  Stage 3 epoch 180/300: loss=0.000000
  Stage 3 epoch 240/300: loss=0.000000
  Stage 3 epoch 300/300: loss=0.000000
  rcMTE@0.1: 0.2558 (457/500 in region)
  rcMTE@0.5: 0.4280 (420/500 in region)
  rcMTE@1.0: 0.5095 (396/500 in region)
  MTE@0.1: 0.4529
  MTE@0.5: 0.6969
  MTE@1.0: 0.8085
  W2@1.0:  0.2253
  sW2@0.1: 0.1836 (457/500 in region)
  sW2@0.2: 0.1968 (438/500 in region)
  sW2@0.5: 0.2201 (420/500 in region)
  sW2@1.0: 0.2399 (396/500 in region)
  MMD@1.0: 0.0880
  Survival@1.0: 99.2%
  Stopped@1.0:  79.2%
      Phase 2 AE: K_weight=0.4275
        Phase2 Epoch 50/250: loss=0.014682
        Phase2 Epoch 100/250: loss=0.004316
        Phase2 Epoch 150/250: loss=0.004643
        Phase2 Epoch 200/250: loss=0.003155
        Phase2 Epoch 250/250: loss=0.001039
        E_mu=0.0022  E_Sigma=0.0007
      → K
  Precomputing encoder-pullback target...
  Stage 2 epoch 60/300: loss=0.018399
  Stage 2 epoch 120/300: loss=0.014033
  Stage 2 epoch 180/300: loss=0.008813
  Stage 2 epoch 240/300: loss=0.005542
  Stage 2 epoch 300/300: loss=0.003865
  Stage 3 epoch 60/300: loss=0.000000
  Stage 3 epoch 120/300: loss=0.000000
  Stage 3 epoch 180/300: loss=0.000000
  Stage 3 epoch 240/300: loss=0.000000
  Stage 3 epoch 300/300: loss=0.000000
  rcMTE@0.1: 0.2536 (457/500 in region)
  rcMTE@0.5: 0.4291 (420/500 in region)
  rcMTE@1.0: 0.5108 (396/500 in region)
  MTE@0.1: 0.4314
  MTE@0.5: 0.6817
  MTE@1.0: 0.7968
  W2@1.0:  0.1962
  sW2@0.1: 0.1551 (457/500 in region)
  sW2@0.2: 0.1754 (438/500 in region)
  sW2@0.5: 0.1929 (420/500 in region)
  sW2@1.0: 0.2163 (396/500 in region)
  MMD@1.0: 0.0569
  Survival@1.0: 99.2%
  Stopped@1.0:  79.2%
      → K+S
  Precomputing encoder-pullback target...
  Stage 2 epoch 60/300: loss=0.018399
  Stage 2 epoch 120/300: loss=0.014033
  Stage 2 epoch 180/300: loss=0.008813
  Stage 2 epoch 240/300: loss=0.005542
  Stage 2 epoch 300/300: loss=0.003865
  Stage 3 epoch 60/300: loss=0.000000
  Stage 3 epoch 120/300: loss=0.000000
  Stage 3 epoch 180/300: loss=0.000000
  Stage 3 epoch 240/300: loss=0.000000
  Stage 3 epoch 300/300: loss=0.000000
  rcMTE@0.1: 0.2536 (457/500 in region)
  rcMTE@0.5: 0.4291 (420/500 in region)
  rcMTE@1.0: 0.5108 (396/500 in region)
  MTE@0.1: 0.4314
  MTE@0.5: 0.6817
  MTE@1.0: 0.7968
  W2@1.0:  0.1962
  sW2@0.1: 0.1551 (457/500 in region)
  sW2@0.2: 0.1754 (438/500 in region)
  sW2@0.5: 0.1929 (420/500 in region)
  sW2@1.0: 0.2163 (396/500 in region)
  MMD@1.0: 0.0569
  Survival@1.0: 99.2%
  Stopped@1.0:  79.2%

============================================================
  N=200 | D=201 (K=99) | hyperbolic_paraboloid | seed=8042
============================================================
    Phase1 Epoch 50/250: loss=0.127711
    Phase1 Epoch 100/250: loss=0.039931
    Phase1 Epoch 150/250: loss=0.028435
    Phase1 Epoch 200/250: loss=0.010906
    Phase1 Epoch 250/250: loss=0.016510
      Phase 2 AE: K_weight=0.0000
        Phase2 Epoch 50/250: loss=0.009288
        Phase2 Epoch 100/250: loss=0.003939
        Phase2 Epoch 150/250: loss=0.002911
        Phase2 Epoch 200/250: loss=0.001703
        Phase2 Epoch 250/250: loss=0.021169
        E_mu=0.0199  E_Sigma=0.0110
      → baseline
  Precomputing encoder-pullback target...
  Stage 2 epoch 60/300: loss=0.018178
  Stage 2 epoch 120/300: loss=0.012255
  Stage 2 epoch 180/300: loss=0.009189
  Stage 2 epoch 240/300: loss=0.005287
  Stage 2 epoch 300/300: loss=0.003568
  Stage 3 epoch 60/300: loss=0.000000
  Stage 3 epoch 120/300: loss=0.000000
  Stage 3 epoch 180/300: loss=0.000000
  Stage 3 epoch 240/300: loss=0.000000
  Stage 3 epoch 300/300: loss=0.000000
  rcMTE@0.1: 0.2832 (448/500 in region)
  rcMTE@0.5: 0.4632 (421/500 in region)
  rcMTE@1.0: 0.5200 (398/500 in region)
  MTE@0.1: 0.5561
  MTE@0.5: 0.7845
  MTE@1.0: 0.8843
  W2@1.0:  0.3054
  sW2@0.1: 0.2892 (448/500 in region)
  sW2@0.2: 0.2781 (438/500 in region)
  sW2@0.5: 0.2850 (421/500 in region)
  sW2@1.0: 0.2759 (398/500 in region)
  MMD@1.0: 0.1552
  Survival@1.0: 99.0%
  Stopped@1.0:  79.6%
      Phase 2 AE: K_weight=0.4275
        Phase2 Epoch 50/250: loss=0.009910
        Phase2 Epoch 100/250: loss=0.002768
        Phase2 Epoch 150/250: loss=0.001767
        Phase2 Epoch 200/250: loss=0.001850
        Phase2 Epoch 250/250: loss=0.018766
        E_mu=0.0117  E_Sigma=0.0070
      → K
  Precomputing encoder-pullback target...
  Stage 2 epoch 60/300: loss=0.018518
  Stage 2 epoch 120/300: loss=0.012150
  Stage 2 epoch 180/300: loss=0.008518
  Stage 2 epoch 240/300: loss=0.004660
  Stage 2 epoch 300/300: loss=0.003093
  Stage 3 epoch 60/300: loss=0.000000
  Stage 3 epoch 120/300: loss=0.000000
  Stage 3 epoch 180/300: loss=0.000000
  Stage 3 epoch 240/300: loss=0.000000
  Stage 3 epoch 300/300: loss=0.000000
  rcMTE@0.1: 0.2840 (448/500 in region)
  rcMTE@0.5: 0.4674 (421/500 in region)
  rcMTE@1.0: 0.5286 (398/500 in region)
  MTE@0.1: 0.6263
  MTE@0.5: 0.8481
  MTE@1.0: 0.9502
  W2@1.0:  0.4158
  sW2@0.1: 0.4117 (448/500 in region)
  sW2@0.2: 0.4090 (438/500 in region)
  sW2@0.5: 0.4008 (421/500 in region)
  sW2@1.0: 0.4164 (398/500 in region)
  MMD@1.0: 0.2392
  Survival@1.0: 99.0%
  Stopped@1.0:  79.6%
      → K+S
  Precomputing encoder-pullback target...
  Stage 2 epoch 60/300: loss=0.018518
  Stage 2 epoch 120/300: loss=0.012150
  Stage 2 epoch 180/300: loss=0.008518
  Stage 2 epoch 240/300: loss=0.004660
  Stage 2 epoch 300/300: loss=0.003093
  Stage 3 epoch 60/300: loss=0.000000
  Stage 3 epoch 120/300: loss=0.000000
  Stage 3 epoch 180/300: loss=0.000000
  Stage 3 epoch 240/300: loss=0.000000
  Stage 3 epoch 300/300: loss=0.000000
  rcMTE@0.1: 0.2840 (448/500 in region)
  rcMTE@0.5: 0.4674 (421/500 in region)
  rcMTE@1.0: 0.5286 (398/500 in region)
  MTE@0.1: 0.6263
  MTE@0.5: 0.8481
  MTE@1.0: 0.9502
  W2@1.0:  0.4158
  sW2@0.1: 0.4117 (448/500 in region)
  sW2@0.2: 0.4090 (438/500 in region)
  sW2@0.5: 0.4008 (421/500 in region)
  sW2@1.0: 0.4164 (398/500 in region)
  MMD@1.0: 0.2392
  Survival@1.0: 99.0%
  Stopped@1.0:  79.6%

============================================================
  N=200 | D=201 (K=99) | hyperbolic_paraboloid | seed=9042
============================================================
    Phase1 Epoch 50/250: loss=0.087653
    Phase1 Epoch 100/250: loss=0.034177
    Phase1 Epoch 150/250: loss=0.023162
    Phase1 Epoch 200/250: loss=0.012865
    Phase1 Epoch 250/250: loss=0.005938
      Phase 2 AE: K_weight=0.0000
        Phase2 Epoch 50/250: loss=0.005881
        Phase2 Epoch 100/250: loss=0.017362
        Phase2 Epoch 150/250: loss=0.003354
        Phase2 Epoch 200/250: loss=0.007057
        Phase2 Epoch 250/250: loss=0.011430
        E_mu=0.0090  E_Sigma=0.0040
      → baseline
  Precomputing encoder-pullback target...
  Stage 2 epoch 60/300: loss=0.019469
  Stage 2 epoch 120/300: loss=0.014322
  Stage 2 epoch 180/300: loss=0.009632
  Stage 2 epoch 240/300: loss=0.007086
  Stage 2 epoch 300/300: loss=0.004010
  Stage 3 epoch 60/300: loss=0.000000
  Stage 3 epoch 120/300: loss=0.000000
  Stage 3 epoch 180/300: loss=0.000000
  Stage 3 epoch 240/300: loss=0.000000
  Stage 3 epoch 300/300: loss=0.000000
  rcMTE@0.1: 0.3894 (444/500 in region)
  rcMTE@0.5: 0.6381 (406/500 in region)
  rcMTE@1.0: 0.7469 (388/500 in region)
  MTE@0.1: 0.7319
  MTE@0.5: 1.0328
  MTE@1.0: 1.1472
  W2@1.0:  0.3609
  sW2@0.1: 0.3061 (444/500 in region)
  sW2@0.2: 0.3095 (429/500 in region)
  sW2@0.5: 0.3069 (406/500 in region)
  sW2@1.0: 0.3873 (388/500 in region)
  MMD@1.0: 0.1929
  Survival@1.0: 99.0%
  Stopped@1.0:  77.6%
      Phase 2 AE: K_weight=0.4275
        Phase2 Epoch 50/250: loss=0.019462
        Phase2 Epoch 100/250: loss=0.004317
        Phase2 Epoch 150/250: loss=0.003453
        Phase2 Epoch 200/250: loss=0.002762
        Phase2 Epoch 250/250: loss=0.002057
        E_mu=0.0047  E_Sigma=0.0014
      → K
  Precomputing encoder-pullback target...
  Stage 2 epoch 60/300: loss=0.018588
  Stage 2 epoch 120/300: loss=0.013708
  Stage 2 epoch 180/300: loss=0.009099
  Stage 2 epoch 240/300: loss=0.006582
  Stage 2 epoch 300/300: loss=0.003741
  Stage 3 epoch 60/300: loss=0.000000
  Stage 3 epoch 120/300: loss=0.000000
  Stage 3 epoch 180/300: loss=0.000000
  Stage 3 epoch 240/300: loss=0.000000
  Stage 3 epoch 300/300: loss=0.000000
  rcMTE@0.1: 0.3893 (444/500 in region)
  rcMTE@0.5: 0.6383 (406/500 in region)
  rcMTE@1.0: 0.7447 (388/500 in region)
  MTE@0.1: 0.6799
  MTE@0.5: 0.9922
  MTE@1.0: 1.1028
  W2@1.0:  0.2297
  sW2@0.1: 0.1692 (444/500 in region)
  sW2@0.2: 0.1851 (429/500 in region)
  sW2@0.5: 0.1638 (406/500 in region)
  sW2@1.0: 0.2441 (388/500 in region)
  MMD@1.0: 0.0743
  Survival@1.0: 99.0%
  Stopped@1.0:  77.6%
      → K+S
  Precomputing encoder-pullback target...
  Stage 2 epoch 60/300: loss=0.018588
  Stage 2 epoch 120/300: loss=0.013708
  Stage 2 epoch 180/300: loss=0.009099
  Stage 2 epoch 240/300: loss=0.006582
  Stage 2 epoch 300/300: loss=0.003741
  Stage 3 epoch 60/300: loss=0.000000
  Stage 3 epoch 120/300: loss=0.000000
  Stage 3 epoch 180/300: loss=0.000000
  Stage 3 epoch 240/300: loss=0.000000
  Stage 3 epoch 300/300: loss=0.000000
  rcMTE@0.1: 0.3893 (444/500 in region)
  rcMTE@0.5: 0.6383 (406/500 in region)
  rcMTE@1.0: 0.7447 (388/500 in region)
  MTE@0.1: 0.6799
  MTE@0.5: 0.9922
  MTE@1.0: 1.1028
  W2@1.0:  0.2297
  sW2@0.1: 0.1692 (444/500 in region)
  sW2@0.2: 0.1851 (429/500 in region)
  sW2@0.5: 0.1638 (406/500 in region)
  sW2@1.0: 0.2441 (388/500 in region)
  MMD@1.0: 0.0743
  Survival@1.0: 99.0%
  Stopped@1.0:  77.6%

  N=200, D=201 completed in 4083.1s

Saved 480 rows to mb_nd_sweep.csv


======================================================================================================================================================
MB N×D SWEEP: TRAINING SET SIZE × AMBIENT DIMENSION INTERACTION
======================================================================================================================================================

──────────────────────────────────────────────────────────────────────────────────────────────────────────────────────────────────────────────────────
  D = 11, N = 20
──────────────────────────────────────────────────────────────────────────────────────────────────────────────────────────────────────────────────────

                    surface   condition    n      mean    +-std      mean    +-std      mean    +-std      mean    +-std      mean    +-std      mean    +-std      mean    +-std      mean    +-std      mean    +-std  
                 paraboloid           K   10    0.4659   0.1133    0.8365   0.2038    0.9934   0.2632    0.6506   0.2739    0.4605   0.1480    0.6599   0.3117    0.2148   0.0728    0.0118   0.0037    0.0046   0.0023  
                 paraboloid         K+S   10    0.4659   0.1133    0.8365   0.2038    0.9934   0.2632    0.6506   0.2739    0.4605   0.1480    0.6599   0.3117    0.2148   0.0728    0.0118   0.0037    0.0046   0.0023  
                 paraboloid    baseline   10    0.4655   0.1145    0.8377   0.2042    1.0002   0.2722    0.6607   0.3050    0.4619   0.1562    0.6735   0.3421    0.2151   0.0813    0.0123   0.0021    0.0041   0.0013  
      hyperbolic_paraboloid           K   10    0.4852   0.1330    0.8909   0.2147    1.1004   0.2644    0.7889   0.2743    0.4847   0.1393    0.7632   0.3162    0.2251   0.0650    0.0068   0.0014    0.0028   0.0010  
      hyperbolic_paraboloid         K+S   10    0.4852   0.1330    0.8909   0.2147    1.1004   0.2644    0.7889   0.2743    0.4847   0.1393    0.7632   0.3162    0.2251   0.0650    0.0068   0.0014    0.0028   0.0010  
      hyperbolic_paraboloid    baseline   10    0.4846   0.1328    0.8877   0.2114    1.0908   0.2513    0.7684   0.2527    0.4791   0.1314    0.7443   0.2932    0.2232   0.0613    0.0077   0.0025    0.0034   0.0018  

  K vs baseline:
                   paraboloid      +0.1%  0.8051      -0.1%  0.7002      -0.7%  0.4255      -1.5%  0.5376      -0.3%  0.8616      -2.0%  0.4239      -0.1%  0.9612      -3.4%  0.7426     +11.7%  0.5091  
        hyperbolic_paraboloid      +0.1%  0.7165      +0.4%  0.3690      +0.9%  0.2452      +2.7%  0.1560      +1.2%  0.4140      +2.5%  0.1779      +0.9%  0.5759     -11.3%  0.2421     -16.0%  0.4166  

  K+S vs baseline:
                   paraboloid      +0.1%  0.8051      -0.1%  0.7002      -0.7%  0.4255      -1.5%  0.5376      -0.3%  0.8616      -2.0%  0.4239      -0.1%  0.9612      -3.4%  0.7426     +11.7%  0.5091  
        hyperbolic_paraboloid      +0.1%  0.7165      +0.4%  0.3690      +0.9%  0.2452      +2.7%  0.1560      +1.2%  0.4140      +2.5%  0.1779      +0.9%  0.5759     -11.3%  0.2421     -16.0%  0.4166  

──────────────────────────────────────────────────────────────────────────────────────────────────────────────────────────────────────────────────────
  D = 11, N = 50
──────────────────────────────────────────────────────────────────────────────────────────────────────────────────────────────────────────────────────

                    surface   condition    n      mean    +-std      mean    +-std      mean    +-std      mean    +-std      mean    +-std      mean    +-std      mean    +-std      mean    +-std      mean    +-std  
                 paraboloid           K   10    0.4222   0.1161    0.7379   0.1607    0.8745   0.1585    0.5060   0.1244    0.3731   0.0663    0.5223   0.1436    0.1750   0.0569    0.0073   0.0053    0.0030   0.0032  
                 paraboloid         K+S   10    0.4222   0.1161    0.7379   0.1607    0.8745   0.1585    0.5060   0.1244    0.3731   0.0663    0.5223   0.1436    0.1750   0.0569    0.0073   0.0053    0.0030   0.0032  
                 paraboloid    baseline   10    0.4183   0.1143    0.7323   0.1607    0.8674   0.1576    0.4938   0.1091    0.3617   0.0528    0.5075   0.1256    0.1671   0.0541    0.0054   0.0013    0.0016   0.0003  
      hyperbolic_paraboloid           K   10    0.4240   0.1595    0.7646   0.2224    0.9431   0.2224    0.5499   0.2340    0.3540   0.0994    0.5524   0.2449    0.1582   0.0444    0.0034   0.0006    0.0011   0.0002  
      hyperbolic_paraboloid         K+S   10    0.4240   0.1595    0.7646   0.2224    0.9431   0.2224    0.5499   0.2340    0.3540   0.0994    0.5524   0.2449    0.1582   0.0444    0.0034   0.0006    0.0011   0.0002  
      hyperbolic_paraboloid    baseline   10    0.4251   0.1588    0.7655   0.2210    0.9444   0.2207    0.5534   0.2309    0.3559   0.0987    0.5545   0.2421    0.1593   0.0429    0.0037   0.0009    0.0013   0.0004  

  K vs baseline:
                   paraboloid      +0.9%  0.2786      +0.8%  0.1615      +0.8%  0.1447      +2.5%  0.2204      +3.2%  0.1842      +2.9%  0.1572      +4.8%  0.1133     +35.2%  0.3178     +79.9%  0.2570  
        hyperbolic_paraboloid      -0.3%  0.2204      -0.1%  0.4608      -0.1%  0.5171      -0.6%  0.3625      -0.5%  0.4550      -0.4%  0.5790      -0.7%  0.6000      -7.6%  0.2675     -12.9%  0.0997+ 

  K+S vs baseline:
                   paraboloid      +0.9%  0.2786      +0.8%  0.1615      +0.8%  0.1447      +2.5%  0.2204      +3.2%  0.1842      +2.9%  0.1572      +4.8%  0.1133     +35.2%  0.3178     +79.9%  0.2570  
        hyperbolic_paraboloid      -0.3%  0.2204      -0.1%  0.4608      -0.1%  0.5171      -0.6%  0.3625      -0.5%  0.4550      -0.4%  0.5790      -0.7%  0.6000      -7.6%  0.2675     -12.9%  0.0997+ 

──────────────────────────────────────────────────────────────────────────────────────────────────────────────────────────────────────────────────────
  D = 11, N = 100
──────────────────────────────────────────────────────────────────────────────────────────────────────────────────────────────────────────────────────

                    surface   condition    n      mean    +-std      mean    +-std      mean    +-std      mean    +-std      mean    +-std      mean    +-std      mean    +-std      mean    +-std      mean    +-std  
                 paraboloid           K   10    0.4319   0.0931    0.7376   0.1326    0.8484   0.1354    0.3671   0.1211    0.2901   0.0694    0.3816   0.1290    0.1287   0.0533    0.0043   0.0036    0.0018   0.0016  
                 paraboloid         K+S   10    0.4319   0.0931    0.7376   0.1326    0.8484   0.1354    0.3671   0.1211    0.2901   0.0694    0.3816   0.1290    0.1287   0.0533    0.0043   0.0036    0.0018   0.0016  
                 paraboloid    baseline   10    0.4181   0.1027    0.7128   0.1432    0.8280   0.1451    0.3786   0.1360    0.2893   0.0684    0.3885   0.1376    0.1336   0.0628    0.0048   0.0026    0.0019   0.0013  
      hyperbolic_paraboloid           K   10    0.4369   0.1447    0.7522   0.2216    0.8829   0.2221    0.4325   0.1334    0.3045   0.0760    0.4295   0.1421    0.1332   0.0347    0.0031   0.0016    0.0012   0.0008  
      hyperbolic_paraboloid         K+S   10    0.4369   0.1447    0.7522   0.2216    0.8829   0.2221    0.4325   0.1334    0.3045   0.0760    0.4295   0.1421    0.1332   0.0347    0.0031   0.0016    0.0012   0.0008  
      hyperbolic_paraboloid    baseline   10    0.4366   0.1444    0.7520   0.2199    0.8841   0.2203    0.4322   0.1336    0.3038   0.0757    0.4305   0.1443    0.1333   0.0355    0.0039   0.0034    0.0018   0.0022  

  K vs baseline:
                   paraboloid      +3.3%  0.3678      +3.5%  0.3535      +2.5%  0.3613      -3.0%  0.4010      +0.3%  0.8558      -1.8%  0.4854      -3.7%  0.5677     -10.2%  0.6172      -8.8%  0.7226  
        hyperbolic_paraboloid      +0.1%  0.8572      +0.0%  0.9120      -0.1%  0.7019      +0.1%  0.9574      +0.2%  0.8244      -0.2%  0.8693      -0.1%  0.9551     -20.8%  0.5467     -31.9%  0.4891  

  K+S vs baseline:
                   paraboloid      +3.3%  0.3678      +3.5%  0.3535      +2.5%  0.3613      -3.0%  0.4010      +0.3%  0.8558      -1.8%  0.4854      -3.7%  0.5677     -10.2%  0.6172      -8.8%  0.7226  
        hyperbolic_paraboloid      +0.1%  0.8572      +0.0%  0.9120      -0.1%  0.7019      +0.1%  0.9574      +0.2%  0.8244      -0.2%  0.8693      -0.1%  0.9551     -20.8%  0.5467     -31.9%  0.4891  

──────────────────────────────────────────────────────────────────────────────────────────────────────────────────────────────────────────────────────
  D = 11, N = 200
──────────────────────────────────────────────────────────────────────────────────────────────────────────────────────────────────────────────────────

                    surface   condition    n      mean    +-std      mean    +-std      mean    +-std      mean    +-std      mean    +-std      mean    +-std      mean    +-std      mean    +-std      mean    +-std  
                 paraboloid           K   10    0.4086   0.1203    0.6754   0.1764    0.7441   0.1804    0.2228   0.0222    0.1891   0.0336    0.2154   0.0449    0.0609   0.0160    0.0008   0.0004    0.0004   0.0003  
                 paraboloid         K+S   10    0.4086   0.1203    0.6754   0.1764    0.7441   0.1804    0.2228   0.0222    0.1891   0.0336    0.2154   0.0449    0.0609   0.0160    0.0008   0.0004    0.0004   0.0003  
                 paraboloid    baseline   10    0.4104   0.1202    0.6760   0.1761    0.7446   0.1825    0.2313   0.0326    0.1999   0.0396    0.2309   0.0465    0.0686   0.0214    0.0018   0.0024    0.0010   0.0018  
      hyperbolic_paraboloid           K   10    0.3767   0.1793    0.6179   0.2780    0.6846   0.2937    0.2077   0.0433    0.1778   0.0479    0.1996   0.0561    0.0633   0.0267    0.0020   0.0032    0.0014   0.0030  
      hyperbolic_paraboloid         K+S   10    0.3767   0.1793    0.6179   0.2780    0.6846   0.2937    0.2077   0.0433    0.1778   0.0479    0.1996   0.0561    0.0633   0.0267    0.0020   0.0032    0.0014   0.0030  
      hyperbolic_paraboloid    baseline   10    0.3963   0.1711    0.6583   0.2663    0.7211   0.2795    0.1931   0.0320    0.1735   0.0394    0.1888   0.0431    0.0512   0.0149    0.0010   0.0008    0.0004   0.0004  

  K vs baseline:
                   paraboloid      -0.4%  0.4672      -0.1%  0.6589      -0.1%  0.7796      -3.7%  0.2154      -5.4%  0.1215      -6.7%  0.1139     -11.2%  0.2669     -52.6%  0.2553     -63.9%  0.3053  
        hyperbolic_paraboloid      -4.9%  0.3401      -6.1%  0.3348      -5.1%  0.3573      +7.6%  0.1745      +2.4%  0.7018      +5.7%  0.3960     +23.7%  0.1520    +103.9%  0.3724    +239.1%  0.3534  

  K+S vs baseline:
                   paraboloid      -0.4%  0.4672      -0.1%  0.6589      -0.1%  0.7796      -3.7%  0.2154      -5.4%  0.1215      -6.7%  0.1139     -11.2%  0.2669     -52.6%  0.2553     -63.9%  0.3053  
        hyperbolic_paraboloid      -4.9%  0.3401      -6.1%  0.3348      -5.1%  0.3573      +7.6%  0.1745      +2.4%  0.7018      +5.7%  0.3960     +23.7%  0.1520    +103.9%  0.3724    +239.1%  0.3534  

──────────────────────────────────────────────────────────────────────────────────────────────────────────────────────────────────────────────────────
  D = 201, N = 20
──────────────────────────────────────────────────────────────────────────────────────────────────────────────────────────────────────────────────────

                    surface   condition    n      mean    +-std      mean    +-std      mean    +-std      mean    +-std      mean    +-std      mean    +-std      mean    +-std      mean    +-std      mean    +-std  
                 paraboloid           K   10    0.6741   0.2757    0.9634   0.2514    1.0975   0.2274    0.8134   0.1948    0.6765   0.1889    0.8098   0.1890    0.3485   0.1362    0.0538   0.0208    0.0310   0.0222  
                 paraboloid         K+S   10    0.6741   0.2757    0.9634   0.2514    1.0975   0.2274    0.8134   0.1948    0.6765   0.1889    0.8098   0.1890    0.3485   0.1362    0.0538   0.0208    0.0310   0.0222  
                 paraboloid    baseline   10    0.5831   0.1030    0.8682   0.1327    1.0029   0.1269    0.6473   0.1558    0.5029   0.0803    0.6350   0.1648    0.2657   0.0691    0.0663   0.0223    0.0342   0.0121  
      hyperbolic_paraboloid           K   10    0.6976   0.2391    0.9810   0.2188    1.1211   0.2049    0.7765   0.2230    0.6397   0.2496    0.7750   0.2340    0.3299   0.1481    0.0573   0.0204    0.0300   0.0097  
      hyperbolic_paraboloid         K+S   10    0.6976   0.2391    0.9810   0.2188    1.1211   0.2049    0.7765   0.2230    0.6397   0.2496    0.7750   0.2340    0.3299   0.1481    0.0573   0.0204    0.0300   0.0097  
      hyperbolic_paraboloid    baseline   10    0.5133   0.1568    0.8086   0.2050    0.9487   0.2195    0.6474   0.1882    0.4984   0.1503    0.6353   0.2114    0.2257   0.0773    0.0577   0.0240    0.0311   0.0134  

  K vs baseline:
                   paraboloid     +15.6%  0.2908     +11.0%  0.1354      +9.4%  0.1043     +25.7%  0.0337*    +34.5%  0.0282*    +27.5%  0.0236*    +31.2%  0.0984+    -18.9%  0.1057      -9.5%  0.5765  
        hyperbolic_paraboloid     +35.9%  0.0393*    +21.3%  0.0372*    +18.2%  0.0362*    +19.9%  0.1318     +28.3%  0.1248     +22.0%  0.1210     +46.2%  0.0578+     -0.7%  0.9572      -3.7%  0.7019  

  K+S vs baseline:
                   paraboloid     +15.6%  0.2908     +11.0%  0.1354      +9.4%  0.1043     +25.7%  0.0337*    +34.5%  0.0282*    +27.5%  0.0236*    +31.2%  0.0984+    -18.9%  0.1057      -9.5%  0.5765  
        hyperbolic_paraboloid     +35.9%  0.0393*    +21.3%  0.0372*    +18.2%  0.0362*    +19.9%  0.1318     +28.3%  0.1248     +22.0%  0.1210     +46.2%  0.0578+     -0.7%  0.9572      -3.7%  0.7019  

──────────────────────────────────────────────────────────────────────────────────────────────────────────────────────────────────────────────────────
  D = 201, N = 50
──────────────────────────────────────────────────────────────────────────────────────────────────────────────────────────────────────────────────────

                    surface   condition    n      mean    +-std      mean    +-std      mean    +-std      mean    +-std      mean    +-std      mean    +-std      mean    +-std      mean    +-std      mean    +-std  
                 paraboloid           K   10    0.5706   0.1860    0.8147   0.2275    0.9416   0.2277    0.6195   0.1796    0.5150   0.1552    0.6375   0.1899    0.2831   0.0950    0.0306   0.0120    0.0144   0.0080  
                 paraboloid         K+S   10    0.5706   0.1860    0.8147   0.2275    0.9416   0.2277    0.6195   0.1796    0.5150   0.1552    0.6375   0.1899    0.2831   0.0950    0.0306   0.0120    0.0144   0.0080  
                 paraboloid    baseline   10    0.6384   0.3137    0.8847   0.3028    1.0205   0.2826    0.7192   0.2641    0.6116   0.2711    0.7430   0.2708    0.3241   0.1549    0.0354   0.0132    0.0173   0.0078  
      hyperbolic_paraboloid           K   10    0.5139   0.1154    0.7795   0.1804    0.8969   0.1881    0.4913   0.1056    0.4154   0.0833    0.5083   0.1009    0.2097   0.0562    0.0266   0.0116    0.0128   0.0058  
      hyperbolic_paraboloid         K+S   10    0.5139   0.1154    0.7795   0.1804    0.8969   0.1881    0.4913   0.1056    0.4154   0.0833    0.5083   0.1009    0.2097   0.0562    0.0266   0.0116    0.0128   0.0058  
      hyperbolic_paraboloid    baseline   10    0.5025   0.1840    0.7748   0.2301    0.8972   0.2198    0.4930   0.1314    0.4129   0.1352    0.5077   0.1458    0.2095   0.0889    0.0212   0.0075    0.0103   0.0036  

  K vs baseline:
                   paraboloid     -10.6%  0.5011      -7.9%  0.4080      -7.7%  0.3267     -13.9%  0.3700     -15.8%  0.4041     -14.2%  0.3544     -12.7%  0.5153     -13.5%  0.4137     -16.8%  0.4412  
        hyperbolic_paraboloid      +2.3%  0.8050      +0.6%  0.8768      -0.0%  0.9908      -0.4%  0.9603      +0.6%  0.9500      +0.1%  0.9858      +0.1%  0.9960     +25.6%  0.2974     +24.7%  0.3291  

  K+S vs baseline:
                   paraboloid     -10.6%  0.5011      -7.9%  0.4080      -7.7%  0.3267     -13.9%  0.3700     -15.8%  0.4041     -14.2%  0.3544     -12.7%  0.5153     -13.5%  0.4137     -16.8%  0.4412  
        hyperbolic_paraboloid      +2.3%  0.8050      +0.6%  0.8768      -0.0%  0.9908      -0.4%  0.9603      +0.6%  0.9500      +0.1%  0.9858      +0.1%  0.9960     +25.6%  0.2974     +24.7%  0.3291  

──────────────────────────────────────────────────────────────────────────────────────────────────────────────────────────────────────────────────────
  D = 201, N = 100
──────────────────────────────────────────────────────────────────────────────────────────────────────────────────────────────────────────────────────

                    surface   condition    n      mean    +-std      mean    +-std      mean    +-std      mean    +-std      mean    +-std      mean    +-std      mean    +-std      mean    +-std      mean    +-std  
                 paraboloid           K   10    0.4884   0.1311    0.7634   0.1962    0.8837   0.2157    0.4724   0.1210    0.3954   0.0960    0.4828   0.1221    0.2001   0.0481    0.0219   0.0201    0.0088   0.0089  
                 paraboloid         K+S   10    0.4884   0.1311    0.7634   0.1962    0.8837   0.2157    0.4724   0.1210    0.3954   0.0960    0.4828   0.1221    0.2001   0.0481    0.0219   0.0201    0.0088   0.0089  
                 paraboloid    baseline   10    0.5038   0.1331    0.7705   0.1865    0.8902   0.1975    0.4840   0.1151    0.4123   0.0878    0.4978   0.1154    0.2139   0.0524    0.0215   0.0097    0.0103   0.0063  
      hyperbolic_paraboloid           K   10    0.4919   0.0995    0.7987   0.1381    0.9450   0.1445    0.4586   0.1700    0.3516   0.0786    0.4720   0.1634    0.1712   0.0481    0.0132   0.0062    0.0058   0.0030  
      hyperbolic_paraboloid         K+S   10    0.4919   0.0995    0.7987   0.1381    0.9450   0.1445    0.4586   0.1700    0.3516   0.0786    0.4720   0.1634    0.1712   0.0481    0.0132   0.0062    0.0058   0.0030  
      hyperbolic_paraboloid    baseline   10    0.5013   0.1159    0.7962   0.1633    0.9318   0.1630    0.4407   0.1117    0.3507   0.0538    0.4553   0.1059    0.1747   0.0258    0.0185   0.0095    0.0090   0.0054  

  K vs baseline:
                   paraboloid      -3.1%  0.5671      -0.9%  0.7050      -0.7%  0.7018      -2.4%  0.5867      -4.1%  0.4792      -3.0%  0.4943      -6.5%  0.4628      +2.0%  0.9314     -14.5%  0.5068  
        hyperbolic_paraboloid      -1.9%  0.5253      +0.3%  0.8656      +1.4%  0.4976      +4.1%  0.5144      +0.3%  0.9673      +3.7%  0.5590      -2.0%  0.8370     -28.5%  0.2016     -35.9%  0.1162  

  K+S vs baseline:
                   paraboloid      -3.1%  0.5671      -0.9%  0.7050      -0.7%  0.7018      -2.4%  0.5867      -4.1%  0.4792      -3.0%  0.4943      -6.5%  0.4628      +2.0%  0.9314     -14.5%  0.5068  
        hyperbolic_paraboloid      -1.9%  0.5253      +0.3%  0.8656      +1.4%  0.4976      +4.1%  0.5144      +0.3%  0.9673      +3.7%  0.5590      -2.0%  0.8370     -28.5%  0.2016     -35.9%  0.1162  

──────────────────────────────────────────────────────────────────────────────────────────────────────────────────────────────────────────────────────
  D = 201, N = 200
──────────────────────────────────────────────────────────────────────────────────────────────────────────────────────────────────────────────────────

                    surface   condition    n      mean    +-std      mean    +-std      mean    +-std      mean    +-std      mean    +-std      mean    +-std      mean    +-std      mean    +-std      mean    +-std  
                 paraboloid           K   10    0.5189   0.1945    0.7676   0.2244    0.8274   0.2437    0.3221   0.1599    0.2925   0.1656    0.3134   0.1647    0.1466   0.1106    0.0065   0.0035    0.0028   0.0020  
                 paraboloid         K+S   10    0.5189   0.1945    0.7676   0.2244    0.8274   0.2437    0.3221   0.1599    0.2925   0.1656    0.3134   0.1647    0.1466   0.1106    0.0065   0.0035    0.0028   0.0020  
                 paraboloid    baseline   10    0.4694   0.1429    0.7267   0.1962    0.7886   0.2121    0.2576   0.0292    0.2296   0.0494    0.2499   0.0469    0.0994   0.0206    0.0069   0.0036    0.0028   0.0019  
      hyperbolic_paraboloid           K   10    0.5964   0.3470    0.8327   0.3177    0.9012   0.3133    0.3847   0.3934    0.3600   0.3972    0.3784   0.3922    0.1691   0.1995    0.0121   0.0217    0.0064   0.0123  
      hyperbolic_paraboloid         K+S   10    0.5964   0.3470    0.8327   0.3177    0.9012   0.3133    0.3847   0.3934    0.3600   0.3972    0.3784   0.3922    0.1691   0.1995    0.0121   0.0217    0.0064   0.0123  
      hyperbolic_paraboloid    baseline   10    0.4394   0.1954    0.6858   0.2731    0.7560   0.2965    0.2353   0.0555    0.2072   0.0665    0.2230   0.0695    0.0914   0.0465    0.0063   0.0058    0.0029   0.0032  

  K vs baseline:
                   paraboloid     +10.5%  0.3009      +5.6%  0.3020      +4.9%  0.2950     +25.0%  0.2691     +27.4%  0.2995     +25.4%  0.2809     +47.5%  0.2755      -4.6%  0.8426      -1.7%  0.9625  
        hyperbolic_paraboloid     +35.7%  0.3030     +21.4%  0.3096     +19.2%  0.3069     +63.5%  0.3014     +73.7%  0.3150     +69.7%  0.2929     +85.1%  0.3112     +91.5%  0.4806    +120.4%  0.4491  

  K+S vs baseline:
                   paraboloid     +10.5%  0.3009      +5.6%  0.3020      +4.9%  0.2950     +25.0%  0.2691     +27.4%  0.2995     +25.4%  0.2809     +47.5%  0.2755      -4.6%  0.8426      -1.7%  0.9625  
        hyperbolic_paraboloid     +35.7%  0.3030     +21.4%  0.3096     +19.2%  0.3069     +63.5%  0.3014     +73.7%  0.3150     +69.7%  0.2929     +85.1%  0.3112     +91.5%  0.4806    +120.4%  0.4491  

Total time: 15414.7s
