N,D,K_pairs,surface,condition,seed,ae_loss,drift_loss,diff_loss,recon_per_dim,phase1_converged,E_mu,E_Sigma,rcMTE@0.1,rcMTE@0.5,rcMTE@1.0,MTE@0.1,MTE@0.5,MTE@1.0,W2@1.0,sW2@0.1,sW2@0.2,sW2@0.5,sW2@1.0,MMD@1.0,survival@1.0,stopped@1.0
20,11,4,paraboloid,baseline,42,0.0032028055284172297,0.08257091790437698,0.00011289024405414239,0.000868486494503238,True,0.010451146401464939,0.004447106271982193,0.29389554262161255,0.60591059923172,0.6816659569740295,0.45320925903320314,0.8314127931652414,0.9357440321730793,0.6755798565380043,0.27001013706721627,0.3779542233257134,0.5518555493097739,0.6347226635732668,0.31393104791641235,0.9860000610351562,0.7660000324249268
20,11,4,paraboloid,K,42,0.0029834038577973843,0.0864517018198967,0.00010424927313579246,0.000868486494503238,True,0.00800657644867897,0.0030518320854753256,0.2939095199108124,0.6059670448303223,0.6812365055084229,0.4528250732421875,0.8301688794878647,0.9361666975350216,0.6796854760933481,0.2727213708555297,0.3770299922439401,0.553549263142178,0.6380292880682348,0.31593456864356995,0.9860000610351562,0.7660000324249268
20,11,4,paraboloid,K+S,42,0.0029834038577973843,0.0864517018198967,0.00010424927313579246,0.000868486494503238,True,0.00800657644867897,0.0030518320854753256,0.2939095199108124,0.6059670448303223,0.6812365055084229,0.4528250732421875,0.8301688794878647,0.9361666975350216,0.6796854760933481,0.2727213708555297,0.3770299922439401,0.553549263142178,0.6380292880682348,0.31593456864356995,0.9860000610351562,0.7660000324249268
20,11,4,paraboloid,baseline,1042,0.003031378611922264,0.21162937581539154,4.021593485958874e-05,0.0009267566386948932,True,0.012932990677654743,0.003370730672031641,0.26607659459114075,0.48543959856033325,0.6085458993911743,0.4479272155761719,0.7502772319747741,0.8752273160447057,0.4471322551800578,0.23310887395055532,0.2708765099416914,0.2783190326698073,0.4042815317015985,0.12442504614591599,0.9940000176429749,0.800000011920929
20,11,4,paraboloid,K,1042,0.006910980679094791,0.20752809941768646,4.6448705688817427e-05,0.0009267566386948932,True,0.015407435595989227,0.0058627864345908165,0.26961398124694824,0.48894932866096497,0.611028790473938,0.4511881103515625,0.7473704020182291,0.8700238540618712,0.4469871309894272,0.24021403017703669,0.27511146902949785,0.28442924060853936,0.4045039673936031,0.13326053321361542,0.9940000176429749,0.800000011920929
20,11,4,paraboloid,K+S,1042,0.006910980679094791,0.20752809941768646,4.6448705688817427e-05,0.0009267566386948932,True,0.015407435595989227,0.0058627864345908165,0.26961398124694824,0.48894932866096497,0.611028790473938,0.4511881103515625,0.7473704020182291,0.8700238540618712,0.4469871309894272,0.24021403017703669,0.27511146902949785,0.28442924060853936,0.4045039673936031,0.13326053321361542,0.9940000176429749,0.800000011920929
20,11,4,paraboloid,baseline,2042,0.0024478549603372812,0.0912351980805397,4.9613172450335696e-05,0.0004414736547253349,True,0.01039173360913992,0.0037012873217463493,0.39019981026649475,0.7566576600074768,0.9409093856811523,0.6553739013671875,1.1836216729662197,1.4393743138206467,1.1024997121411322,0.2540041185193194,0.38167051232459565,0.6748395963320172,1.150020256658634,0.20008541643619537,0.9820000529289246,0.812000036239624
20,11,4,paraboloid,K,2042,0.003674879437312484,0.09035006165504456,5.80442174396012e-05,0.0004414736547253349,True,0.01502414420247078,0.004623834043741226,0.3890036344528198,0.7575271725654602,0.9422768354415894,0.653018310546875,1.1818155759741902,1.4324538469800152,1.0762804137458435,0.2510857610092836,0.3804104475476593,0.6664064420754044,1.1226454225164082,0.20652912557125092,0.9820000529289246,0.812000036239624
20,11,4,paraboloid,K+S,2042,0.003674879437312484,0.09035006165504456,5.80442174396012e-05,0.0004414736547253349,True,0.01502414420247078,0.004623834043741226,0.3890036344528198,0.7575271725654602,0.9422768354415894,0.653018310546875,1.1818155759741902,1.4324538469800152,1.0762804137458435,0.2510857610092836,0.3804104475476593,0.6664064420754044,1.1226454225164082,0.20652912557125092,0.9820000529289246,0.812000036239624
20,11,4,paraboloid,baseline,3042,0.0034062655176967382,0.13158446550369263,0.00010274934902554378,0.000718508931723508,True,0.015840161591768265,0.005864880047738552,0.2984147071838379,0.6189590692520142,0.8921647071838379,0.49076129150390624,1.0006027067550505,1.4597615392790684,1.3570738295913038,0.24141122579712299,0.3855223917310667,0.764583118681275,1.4629917788008169,0.36094701290130615,0.9740000367164612,0.7620000243186951
20,11,4,paraboloid,K,3042,0.002860727719962597,0.13026444613933563,7.41606272640638e-05,0.000718508931723508,True,0.009076572023332119,0.0033591585233807564,0.2966679036617279,0.6131289601325989,0.869278609752655,0.4891702880859375,0.9876552389125631,1.394566843397074,1.227155944865425,0.22701280640069446,0.36412713479462494,0.7141261371138365,1.324362288417164,0.33098429441452026,0.9740000367164612,0.7620000243186951
20,11,4,paraboloid,K+S,3042,0.002860727719962597,0.13026444613933563,7.41606272640638e-05,0.000718508931723508,True,0.009076572023332119,0.0033591585233807564,0.2966679036617279,0.6131289601325989,0.869278609752655,0.4891702880859375,0.9876552389125631,1.394566843397074,1.227155944865425,0.22701280640069446,0.36412713479462494,0.7141261371138365,1.324362288417164,0.33098429441452026,0.9740000367164612,0.7620000243186951
20,11,4,paraboloid,baseline,4042,0.003601966891437769,0.11692391335964203,6.983378989389166e-05,0.00011325242336500774,True,0.010777543298900127,0.003664108458906412,0.26613327860832214,0.5388662219047546,0.6901291608810425,0.427307861328125,0.8018536548537901,0.9712922254554656,0.6115474920913346,0.19423568761935187,0.24437474494548564,0.38053800696209955,0.6041932492824212,0.17503094673156738,0.9880000352859497,0.7680000066757202
20,11,4,paraboloid,K,4042,0.0020558717660605907,0.11753517389297485,5.126791802467778e-05,0.00011325242336500774,True,0.007768077775835991,0.0020487429574131966,0.26710203289985657,0.541091799736023,0.6882444620132446,0.4280877685546875,0.805553758000753,0.9712586808301177,0.6157397400249701,0.20088280705928957,0.2564699723956114,0.3858223724477066,0.6042442424410367,0.18379785120487213,0.9880000352859497,0.7680000066757202
20,11,4,paraboloid,K+S,4042,0.0020558717660605907,0.11753517389297485,5.126791802467778e-05,0.00011325242336500774,True,0.007768077775835991,0.0020487429574131966,0.26710203289985657,0.541091799736023,0.6882444620132446,0.4280877685546875,0.805553758000753,0.9712586808301177,0.6157397400249701,0.20088280705928957,0.2564699723956114,0.3858223724477066,0.6042442424410367,0.18379785120487213,0.9880000352859497,0.7680000066757202
20,11,4,paraboloid,baseline,5042,0.0024924390017986298,0.174692764878273,4.369464295450598e-05,0.0008235343477942727,True,0.009950423613190651,0.0027760129887610674,0.39982160925865173,0.686315655708313,0.8008431792259216,0.6383479614257812,1.025941531500501,1.1130385920103745,0.540495450969519,0.2031587697380315,0.2906156638134172,0.4460266858831719,0.5220330863504645,0.3067195415496826,0.9880000352859497,0.8060000538825989
20,11,4,paraboloid,K,5042,0.003124902257695794,0.1706840991973877,3.39428115694318e-05,0.0008235343477942727,True,0.007828451693058014,0.0024102600291371346,0.39601120352745056,0.6787278056144714,0.7922660708427429,0.6323390502929688,1.020055124898234,1.1041964017427885,0.5160347963669467,0.18406376736769667,0.2770791138589887,0.43127867127510294,0.5162531560873171,0.29153722524642944,0.9880000352859497,0.8060000538825989
20,11,4,paraboloid,K+S,5042,0.003124902257695794,0.1706840991973877,3.39428115694318e-05,0.0008235343477942727,True,0.007828451693058014,0.0024102600291371346,0.39601120352745056,0.6787278056144714,0.7922660708427429,0.6323390502929688,1.020055124898234,1.1041964017427885,0.5160347963669467,0.18406376736769667,0.2770791138589887,0.43127867127510294,0.5162531560873171,0.29153722524642944,0.9880000352859497,0.8060000538825989
20,11,4,paraboloid,baseline,6042,0.0037011001259088516,0.1532532423734665,4.8852987674763426e-05,0.00013866829050874168,True,0.012111925520002842,0.003846879582852125,0.27956002950668335,0.5765237808227539,0.6872156858444214,0.4535841064453125,0.9290722460153112,1.0511989632194472,0.6207070845509709,0.20223988833263043,0.2932955963281976,0.5315770753757099,0.7276573992999938,0.13947120308876038,0.9860000610351562,0.784000039100647
20,11,4,paraboloid,K,6042,0.002406860701739788,0.13716056942939758,4.4551114115165547e-05,0.00013866829050874168,True,0.011179972440004349,0.0042006284929811954,0.2835807800292969,0.5845083594322205,0.7064085602760315,0.45952587890625,0.9473605481496298,1.0911867710446248,0.6925213799589884,0.21919142472000097,0.32274491658442245,0.5799802302828426,0.7928749151482553,0.16558854281902313,0.9860000610351562,0.784000039100647
20,11,4,paraboloid,K+S,6042,0.002406860701739788,0.13716056942939758,4.4551114115165547e-05,0.00013866829050874168,True,0.011179972440004349,0.0042006284929811954,0.2835807800292969,0.5845083594322205,0.7064085602760315,0.45952587890625,0.9473605481496298,1.0911867710446248,0.6925213799589884,0.21919142472000097,0.32274491658442245,0.5799802302828426,0.7928749151482553,0.16558854281902313,0.9860000610351562,0.784000039100647
20,11,4,paraboloid,baseline,7042,0.0036857943050563335,0.3366835117340088,7.392786210402846e-05,0.00037727411836385727,True,0.0114272590726614,0.003459741361439228,0.26678910851478577,0.48031073808670044,0.5651950836181641,0.4576987609863281,0.7691767201394978,0.8552024595199093,0.38347148523164426,0.16770839639228186,0.22903711482065875,0.3612889454930703,0.4466512587312581,0.1410008817911148,0.9920000433921814,0.7920000553131104
20,11,4,paraboloid,K,7042,0.009391795843839645,0.3395932614803314,0.00011861626990139484,0.00037727411836385727,True,0.017666976898908615,0.008506384678184986,0.2743793725967407,0.4791942834854126,0.5601590871810913,0.469953369140625,0.7724501737850702,0.8519330178537676,0.37031973620414227,0.20315306315072268,0.2412609611017727,0.3485576341488525,0.41035438621613574,0.12016977369785309,0.9920000433921814,0.7920000553131104
20,11,4,paraboloid,K+S,7042,0.009391795843839645,0.3395932614803314,0.00011861626990139484,0.00037727411836385727,True,0.017666976898908615,0.008506384678184986,0.2743793725967407,0.4791942834854126,0.5601590871810913,0.469953369140625,0.7724501737850702,0.8519330178537676,0.37031973620414227,0.20315306315072268,0.2412609611017727,0.3485576341488525,0.41035438621613574,0.12016977369785309,0.9920000433921814,0.7920000553131104
20,11,4,paraboloid,baseline,8042,0.062485918402671814,0.23864221572875977,0.00010959916835417971,0.0006528667343611067,True,0.0160834938287735,0.007134030573070049,0.2487892508506775,0.45917707681655884,0.540683925151825,0.408111572265625,0.6820155202984093,0.7835192747790404,0.3763327666960119,0.21168046624267156,0.24886458777491952,0.3051570046925571,0.3439172888371015,0.147012397646904,0.9900000691413879,0.796000063419342
20,11,4,paraboloid,K,8042,0.01220360491424799,0.23247355222702026,0.00011067282321164384,0.0006528667343611067,True,0.01633242703974247,0.008874649181962013,0.2441735565662384,0.4473721385002136,0.5288309454917908,0.4002349243164062,0.666568121594752,0.7635580660116793,0.385442088083098,0.22121060581903657,0.25737456321491864,0.3144030347405675,0.35027431902671713,0.15580801665782928,0.9900000691413879,0.796000063419342
20,11,4,paraboloid,K+S,8042,0.01220360491424799,0.23247355222702026,0.00011067282321164384,0.0006528667343611067,True,0.01633242703974247,0.008874649181962013,0.2441735565662384,0.4473721385002136,0.5288309454917908,0.4002349243164062,0.666568121594752,0.7635580660116793,0.385442088083098,0.22121060581903657,0.25737456321491864,0.3144030347405675,0.35027431902671713,0.15580801665782928,0.9900000691413879,0.796000063419342
20,11,4,paraboloid,baseline,9042,0.002869907533749938,0.10494367778301239,5.139486165717244e-05,0.0006247591650621457,True,0.012570478022098541,0.0028861346654593945,0.10557102411985397,0.2457752227783203,0.3424072861671448,0.22235064697265625,0.40303556331412826,0.5176003196022727,0.4921831701741755,0.20454480159448576,0.25549059422911546,0.32437972562661316,0.4385597164695623,0.2422969937324524,0.9900000691413879,0.7760000228881836
20,11,4,paraboloid,K,9042,0.002316824859008193,0.10603953897953033,3.790906703216024e-05,0.0006247591650621457,True,0.010063305497169495,0.0030389102175831795,0.10642814636230469,0.24760958552360535,0.3429611027240753,0.22298037719726563,0.40609851294385646,0.5187327375315657,0.49533561922678,0.2060279762099428,0.2577151897445561,0.3260182454089483,0.4353192570420146,0.24466131627559662,0.9900000691413879,0.7760000228881836
20,11,4,paraboloid,K+S,9042,0.002316824859008193,0.10603953897953033,3.790906703216024e-05,0.0006247591650621457,True,0.010063305497169495,0.0030389102175831795,0.10642814636230469,0.24760958552360535,0.3429611027240753,0.22298037719726563,0.40609851294385646,0.5187327375315657,0.49533561922678,0.2060279762099428,0.2577151897445561,0.3260182454089483,0.4353192570420146,0.24466131627559662,0.9900000691413879,0.7760000228881836
20,11,4,hyperbolic_paraboloid,baseline,42,0.00420491024851799,0.0589362233877182,4.2980671423720196e-05,0.00014845806766640055,True,0.009458176791667938,0.003992218989878893,0.3069550096988678,0.5985661745071411,0.6699128150939941,0.460104736328125,0.8038121305960765,0.9061685372559585,0.6850940215661242,0.3247918929375251,0.40005809435040257,0.5625292726642145,0.6464089247301206,0.3018703758716583,0.9860000610351562,0.7660000324249268
20,11,4,hyperbolic_paraboloid,K,42,0.0011607757769525051,0.056475408375263214,2.701047560549341e-05,0.00014845806766640055,True,0.0052384668961167336,0.0013472535647451878,0.3003600239753723,0.5907493829727173,0.662823498249054,0.4532244873046875,0.7968784386003521,0.8985159914585447,0.6692667078699882,0.30040774805364573,0.3786285064963252,0.5398928176125843,0.6258953104819622,0.29180288314819336,0.9860000610351562,0.7660000324249268
20,11,4,hyperbolic_paraboloid,K+S,42,0.0011607757769525051,0.056475408375263214,2.701047560549341e-05,0.00014845806766640055,True,0.0052384668961167336,0.0013472535647451878,0.3003600239753723,0.5907493829727173,0.662823498249054,0.4532244873046875,0.7968784386003521,0.8985159914585447,0.6692667078699882,0.30040774805364573,0.3786285064963252,0.5398928176125843,0.6258953104819622,0.29180288314819336,0.9860000610351562,0.7660000324249268
20,11,4,hyperbolic_paraboloid,baseline,1042,0.0014630728401243687,0.18138813972473145,3.8083057006588206e-05,0.000150035421194678,True,0.0067578828893601894,0.0033456452656537294,0.251930296421051,0.45645296573638916,0.5758527517318726,0.427726318359375,0.7264982782693273,0.8389275472168951,0.4494189297839412,0.18623568485675918,0.2345216413729928,0.27156642369783646,0.39435233846777357,0.10695644468069077,0.9940000176429749,0.800000011920929
20,11,4,hyperbolic_paraboloid,K,1042,0.0016773724928498268,0.1800931841135025,4.066335895913653e-05,0.000150035421194678,True,0.007217726670205593,0.00405890541151166,0.2532368302345276,0.4589393138885498,0.5801021456718445,0.42784881591796875,0.7251512152124121,0.8392327844017229,0.45592826117880386,0.18800392134815402,0.23437797111015202,0.2734982556674127,0.39723192182653,0.10416196286678314,0.9940000176429749,0.800000011920929
20,11,4,hyperbolic_paraboloid,K+S,1042,0.0016773724928498268,0.1800931841135025,4.066335895913653e-05,0.000150035421194678,True,0.007217726670205593,0.00405890541151166,0.2532368302345276,0.4589393138885498,0.5801021456718445,0.42784881591796875,0.7251512152124121,0.8392327844017229,0.45592826117880386,0.18800392134815402,0.23437797111015202,0.2734982556674127,0.39723192182653,0.10416196286678314,0.9940000176429749,0.800000011920929
20,11,4,hyperbolic_paraboloid,baseline,2042,0.002556979889050126,0.07851999998092651,4.399445606395602e-05,0.00012350407302040946,True,0.010912938974797726,0.005087877623736858,0.4017724096775055,0.7966605424880981,1.0548056364059448,0.6701088256835938,1.2003760704627404,1.4807142580113926,1.151156867763758,0.25156791750693946,0.34685732484023024,0.6436399080472041,1.1289825763473758,0.1940464973449707,0.9820000529289246,0.812000036239624
20,11,4,hyperbolic_paraboloid,K,2042,0.0030030314810574055,0.078410804271698,3.988341268268414e-05,0.00012350407302040946,True,0.008072060532867908,0.0041974373161792755,0.40413898229599,0.8004539608955383,1.0721403360366821,0.6747337036132812,1.2068261521065284,1.5088762023055626,1.2319891994431564,0.25774924190046283,0.3535893284644521,0.6637401182194415,1.2013357050521003,0.19012050330638885,0.9820000529289246,0.812000036239624
20,11,4,hyperbolic_paraboloid,K+S,2042,0.0030030314810574055,0.078410804271698,3.988341268268414e-05,0.00012350407302040946,True,0.008072060532867908,0.0041974373161792755,0.40413898229599,0.8004539608955383,1.0721403360366821,0.6747337036132812,1.2068261521065284,1.5088762023055626,1.2319891994431564,0.25774924190046283,0.3535893284644521,0.6637401182194415,1.2013357050521003,0.19012050330638885,0.9820000529289246,0.812000036239624
20,11,4,hyperbolic_paraboloid,baseline,3042,0.0015360211255028844,0.0883154645562172,4.067027839482762e-05,0.00013732241297310048,True,0.004308807663619518,0.0015122389886528254,0.3020033538341522,0.6079745292663574,0.8122614622116089,0.5124629516601562,0.9896450466579861,1.2713006428869353,0.8831916964193005,0.2114919853491386,0.32009657761448795,0.6106660607986543,0.966919981669503,0.295145720243454,0.9740000367164612,0.7620000243186951
20,11,4,hyperbolic_paraboloid,K,3042,0.001521999016404152,0.09484084695577621,3.860698780044913e-05,0.00013732241297310048,True,0.003803648054599762,0.0013648309977725148,0.3060259222984314,0.627991795539856,0.8569653630256653,0.5177196044921875,1.0189217615609216,1.3414178805184804,0.9887610677711366,0.21804784478991338,0.336829473981844,0.6572657726270461,1.0733363327147016,0.31777676939964294,0.9740000367164612,0.7620000243186951
20,11,4,hyperbolic_paraboloid,K+S,3042,0.001521999016404152,0.09484084695577621,3.860698780044913e-05,0.00013732241297310048,True,0.003803648054599762,0.0013648309977725148,0.3060259222984314,0.627991795539856,0.8569653630256653,0.5177196044921875,1.0189217615609216,1.3414178805184804,0.9887610677711366,0.21804784478991338,0.336829473981844,0.6572657726270461,1.0733363327147016,0.31777676939964294,0.9740000367164612,0.7620000243186951
20,11,4,hyperbolic_paraboloid,baseline,4042,0.0012778519885614514,0.13578596711158752,2.2156014892971143e-05,0.0005568905564194375,True,0.004140960518270731,0.0013382153119891882,0.39290109276771545,0.7692613005638123,0.9766315221786499,0.6320962524414062,1.1266263785611195,1.3028880748671559,0.6597591046566368,0.22056104837953686,0.28637576715415564,0.42143403367060345,0.6710508738829322,0.20313790440559387,0.9880000352859497,0.7680000066757202
20,11,4,hyperbolic_paraboloid,K,4042,0.00465261097997427,0.13628587126731873,3.543771163094789e-05,0.0005568905564194375,True,0.006547608412802219,0.003352595493197441,0.3952065706253052,0.772849977016449,0.9832317233085632,0.636156494140625,1.1320406136263805,1.3128911686329707,0.6924889583031021,0.23552858209019972,0.31081697770866035,0.44169610466992154,0.6993886603112075,0.21988464891910553,0.9880000352859497,0.7680000066757202
20,11,4,hyperbolic_paraboloid,K+S,4042,0.00465261097997427,0.13628587126731873,3.543771163094789e-05,0.0005568905564194375,True,0.006547608412802219,0.003352595493197441,0.3952065706253052,0.772849977016449,0.9832317233085632,0.636156494140625,1.1320406136263805,1.3128911686329707,0.6924889583031021,0.23552858209019972,0.31081697770866035,0.44169610466992154,0.6993886603112075,0.21988464891910553,0.9880000352859497,0.7680000066757202
20,11,4,hyperbolic_paraboloid,baseline,5042,0.0015228432603180408,0.08010143041610718,2.662725637492258e-05,0.0009761246937242421,True,0.005636095069348812,0.0022410177625715733,0.39905062317848206,0.6737083792686462,0.7758021354675293,0.6286399536132813,0.9994720887086673,1.0744621493073128,0.547923482332995,0.18405097080054647,0.25558424326246953,0.39888203094130253,0.5106356436599269,0.2932071089744568,0.9880000352859497,0.8060000538825989
20,11,4,hyperbolic_paraboloid,K,5042,0.0017078957753255963,0.08062718063592911,2.7440184567240067e-05,0.0009761246937242421,True,0.005910830572247505,0.002159612253308296,0.3994714319705963,0.6747358441352844,0.776992678642273,0.6288311767578125,1.000009846352862,1.0752343552315284,0.5502443095402403,0.18570085942367442,0.2580417200020607,0.40334100097319114,0.5134863773023529,0.2945750653743744,0.9880000352859497,0.8060000538825989
20,11,4,hyperbolic_paraboloid,K+S,5042,0.0017078957753255963,0.08062718063592911,2.7440184567240067e-05,0.0009761246937242421,True,0.005910830572247505,0.002159612253308296,0.3994714319705963,0.6747358441352844,0.776992678642273,0.6288311767578125,1.000009846352862,1.0752343552315284,0.5502443095402403,0.18570085942367442,0.2580417200020607,0.40334100097319114,0.5134863773023529,0.2945750653743744,0.9880000352859497,0.8060000538825989
20,11,4,hyperbolic_paraboloid,baseline,6042,0.0029068621806800365,0.12594664096832275,2.418564326944761e-05,0.00021975231356918812,True,0.007308946456760168,0.002575997496023774,0.27690672874450684,0.628719687461853,0.8931431770324707,0.45545343017578127,1.0252371179052147,1.3939621250237704,1.2831547651358957,0.2260939065399236,0.33070487857883124,0.6938605332381167,1.3715745144125207,0.27035707235336304,0.9860000610351562,0.784000039100647
20,11,4,hyperbolic_paraboloid,K,6042,0.0015417439863085747,0.12541475892066956,2.3327156668528914e-05,0.00021975231356918812,True,0.006550412625074387,0.0026038512587547302,0.27794528007507324,0.6329305171966553,0.9033325910568237,0.4576575317382813,1.0287639817080823,1.4021137229811105,1.2947184127896987,0.23398469930568255,0.3351748323450931,0.701301827631524,1.3867760003079395,0.27469325065612793,0.9860000610351562,0.784000039100647
20,11,4,hyperbolic_paraboloid,K+S,6042,0.0015417439863085747,0.12541475892066956,2.3327156668528914e-05,0.00021975231356918812,True,0.006550412625074387,0.0026038512587547302,0.27794528007507324,0.6329305171966553,0.9033325910568237,0.4576575317382813,1.0287639817080823,1.4021137229811105,1.2947184127896987,0.23398469930568255,0.3351748323450931,0.701301827631524,1.3867760003079395,0.27469325065612793,0.9860000610351562,0.784000039100647
20,11,4,hyperbolic_paraboloid,baseline,7042,0.007041924633085728,0.23409244418144226,0.00010991042654495686,0.0012875052846290848,True,0.011891266331076622,0.007575336378067732,0.2706727385520935,0.5266683101654053,0.6856706142425537,0.4353125,0.8142748509714742,1.0425919563539567,0.5767774988447179,0.19091022609417846,0.2671839470486925,0.4124675295519343,0.5806556430403473,0.16505061089992523,0.9920000433921814,0.7920000553131104
20,11,4,hyperbolic_paraboloid,K,7042,0.0031926820520311594,0.24930265545845032,6.473302346421406e-05,0.0012875052846290848,True,0.008064059540629387,0.0025650435127317905,0.2652932107448578,0.5210056900978088,0.6767169833183289,0.4250089111328125,0.8032998369786448,1.0266281250984437,0.5559239154327634,0.1719523283045257,0.2479169154906038,0.38768370250528444,0.5590901809225606,0.15474240481853485,0.9920000433921814,0.7920000553131104
20,11,4,hyperbolic_paraboloid,K+S,7042,0.0031926820520311594,0.24930265545845032,6.473302346421406e-05,0.0012875052846290848,True,0.008064059540629387,0.0025650435127317905,0.2652932107448578,0.5210056900978088,0.6767169833183289,0.4250089111328125,0.8032998369786448,1.0266281250984437,0.5559239154327634,0.1719523283045257,0.2479169154906038,0.38768370250528444,0.5590901809225606,0.15474240481853485,0.9920000433921814,0.7920000553131104
20,11,4,hyperbolic_paraboloid,baseline,8042,0.002171475440263748,0.17445015907287598,0.0015167775563895702,0.0027587290175936437,True,0.009433474391698837,0.00289944838732481,0.25705909729003906,0.4486667811870575,0.5533958077430725,0.4383432006835937,0.7392764655287136,0.9377664585306187,0.7684283806530593,0.21773402720703233,0.2612769990614647,0.4141025861460734,0.5905610203159163,0.20066547393798828,0.9900000691413879,0.796000063419342
20,11,4,hyperbolic_paraboloid,K,8042,0.002109940629452467,0.17361606657505035,0.00147323461715132,0.0027587290175936437,True,0.008515629917383194,0.002530463971197605,0.25708135962486267,0.4485428035259247,0.5538684725761414,0.4386812438964844,0.7413624857136147,0.9437876691721907,0.7823645529421206,0.21859208679072878,0.2608752450125638,0.4167263973203256,0.6017419499733672,0.20218411087989807,0.9900000691413879,0.796000063419342
20,11,4,hyperbolic_paraboloid,K+S,8042,0.002109940629452467,0.17361606657505035,0.00147323461715132,0.0027587290175936437,True,0.008515629917383194,0.002530463971197605,0.25708135962486267,0.4485428035259247,0.5538684725761414,0.4386812438964844,0.7413624857136147,0.9437876691721907,0.7823645529421206,0.21859208679072878,0.2608752450125638,0.4167263973203256,0.6017419499733672,0.20218411087989807,0.9900000691413879,0.796000063419342
20,11,4,hyperbolic_paraboloid,baseline,9042,0.002480246126651764,0.07400811463594437,4.611246913555078e-05,8.40398927473209e-05,True,0.006651897914707661,0.003078713547438383,0.09989343583583832,0.25733619928359985,0.39480701088905334,0.18550180053710938,0.45183469967278306,0.6590653236466225,0.679238357171415,0.16773145254927116,0.22576066248964718,0.3618160250412786,0.5819533178522684,0.20143303275108337,0.9900000691413879,0.7760000228881836
20,11,4,hyperbolic_paraboloid,K,9042,0.0037655949126929045,0.0728706419467926,5.064379729446955e-05,8.40398927473209e-05,True,0.00796705111861229,0.004098483361303806,0.10192576050758362,0.2555057406425476,0.38809096813201904,0.19233938598632813,0.45577171188079285,0.6548182015467172,0.6672885366803516,0.17418801833342287,0.23013143951664877,0.36206414815614874,0.5741252097977626,0.20135697722434998,0.9900000691413879,0.7760000228881836
20,11,4,hyperbolic_paraboloid,K+S,9042,0.0037655949126929045,0.0728706419467926,5.064379729446955e-05,8.40398927473209e-05,True,0.00796705111861229,0.004098483361303806,0.10192576050758362,0.2555057406425476,0.38809096813201904,0.19233938598632813,0.45577171188079285,0.6548182015467172,0.6672885366803516,0.17418801833342287,0.23013143951664877,0.36206414815614874,0.5741252097977626,0.20135697722434998,0.9900000691413879,0.7760000228881836
20,201,99,paraboloid,baseline,42,0.07064524292945862,0.004797179251909256,1.357033056592627e-06,0.0005452714823371735,True,0.09715189039707184,0.05511550232768059,0.3064285218715668,0.574674665927887,0.6358028054237366,0.5551765747070313,0.9057499906666562,1.004511278009318,0.7613657577421247,0.38216074863887933,0.4635244305748418,0.6703389245470299,0.7513968100029215,0.36124348640441895,0.9860000610351562,0.7660000324249268
20,201,99,paraboloid,K,42,0.06599395722150803,0.00476800836622715,2.013799758060486e-06,0.0005452714823371735,True,0.09381197392940521,0.09091402590274811,0.35195496678352356,0.6248391270637512,0.6754436492919922,0.5954189453125,0.9425137249276911,1.0405664656757099,0.8679859109486262,0.4762469849468566,0.5688001812022274,0.7965136112219792,0.8738547951520209,0.39556071162223816,0.9860000610351562,0.7660000324249268
20,201,99,paraboloid,K+S,42,0.06599395722150803,0.00476800836622715,2.013799758060486e-06,0.0005452714823371735,True,0.09381197392940521,0.09091402590274811,0.35195496678352356,0.6248391270637512,0.6754436492919922,0.5954189453125,0.9425137249276911,1.0405664656757099,0.8679859109486262,0.4762469849468566,0.5688001812022274,0.7965136112219792,0.8738547951520209,0.39556071162223816,0.9860000610351562,0.7660000324249268
20,201,99,paraboloid,baseline,1042,0.059573978185653687,0.010141374543309212,9.84376811175025e-07,0.0006502608013390309,True,0.08268538117408752,0.039769530296325684,0.38610607385635376,0.6595368981361389,0.7748705148696899,0.7112039794921875,1.0475294733621987,1.168865242234658,0.4006045868563028,0.3431515269439684,0.3618173991650551,0.37741777302644275,0.3928259091300158,0.1677112877368927,0.9940000176429749,0.800000011920929
20,201,99,paraboloid,K,1042,0.08210694789886475,0.010118781588971615,8.584709689785086e-07,0.0006502608013390309,True,0.06576933711767197,0.03335888311266899,0.38981950283050537,0.6549680829048157,0.762865424156189,0.9053868408203125,1.1936586678746235,1.2922299421529175,0.6552661927528861,0.6218242768031519,0.6352714262670763,0.6441050295674315,0.6414782004012176,0.36459147930145264,0.9940000176429749,0.800000011920929
20,201,99,paraboloid,K+S,1042,0.08210694789886475,0.010118781588971615,8.584709689785086e-07,0.0006502608013390309,True,0.06576933711767197,0.03335888311266899,0.38981950283050537,0.6549680829048157,0.762865424156189,0.9053868408203125,1.1936586678746235,1.2922299421529175,0.6552661927528861,0.6218242768031519,0.6352714262670763,0.6441050295674315,0.6414782004012176,0.36459147930145264,0.9940000176429749,0.800000011920929
20,201,99,paraboloid,baseline,2042,0.04438610374927521,0.005252209957689047,1.2673719993472332e-06,0.0003796373656140038,True,0.07789497822523117,0.045325543731451035,0.18278135359287262,0.242237389087677,0.34559714794158936,0.4771614990234375,0.6466269551018472,0.8278144789810336,0.759018892593192,0.45050152818074,0.47157750344295973,0.567748263483647,0.7450828988902672,0.27725949883461,0.9820000529289246,0.812000036239624
20,201,99,paraboloid,K,2042,0.03338814154267311,0.004330155905336142,7.500211154365388e-07,0.0003796373656140038,True,0.04572055861353874,0.018686600029468536,0.12218631058931351,0.30345726013183594,0.4555501937866211,0.28233697509765626,0.6073611487261197,0.8938354367879646,1.0141586734124268,0.2561910234529987,0.33660270492366895,0.6352418532314547,0.9899406049606522,0.22034500539302826,0.9820000529289246,0.812000036239624
20,201,99,paraboloid,K+S,2042,0.03338814154267311,0.004330155905336142,7.500211154365388e-07,0.0003796373656140038,True,0.04572055861353874,0.018686600029468536,0.12218631058931351,0.30345726013183594,0.4555501937866211,0.28233697509765626,0.6073611487261197,0.8938354367879646,1.0141586734124268,0.2561910234529987,0.33660270492366895,0.6352418532314547,0.9899406049606522,0.22034500539302826,0.9820000529289246,0.812000036239624
20,201,99,paraboloid,baseline,3042,0.0436839759349823,0.0031337738037109375,2.3226277789945016e-06,0.0012796700593843981,True,0.07067963480949402,0.04020325839519501,0.19292818009853363,0.34042564034461975,0.4612135887145996,0.5558145751953125,0.7198830344460228,0.8470708388812244,0.7080966018269409,0.46322237800150956,0.4614847035806189,0.5286633820705419,0.7239747096444105,0.25994589924812317,0.9740000367164612,0.7620000243186951
20,201,99,paraboloid,K,3042,0.017193395644426346,0.0033329403959214687,6.409000548046606e-07,0.0012796700593843981,True,0.04949885606765747,0.02235422097146511,0.1423112004995346,0.2771475613117218,0.3680015504360199,0.4138165893554687,0.6058262680516099,0.7098868681420046,0.6639936748529183,0.3941727250471991,0.4513495774853996,0.5704953829803845,0.7163567624747751,0.2858276665210724,0.9740000367164612,0.7620000243186951
20,201,99,paraboloid,K+S,3042,0.017193395644426346,0.0033329403959214687,6.409000548046606e-07,0.0012796700593843981,True,0.04949885606765747,0.02235422097146511,0.1423112004995346,0.2771475613117218,0.3680015504360199,0.4138165893554687,0.6058262680516099,0.7098868681420046,0.6639936748529183,0.3941727250471991,0.4513495774853996,0.5704953829803845,0.7163567624747751,0.2858276665210724,0.9740000367164612,0.7620000243186951
20,201,99,paraboloid,baseline,4042,0.04571040719747543,0.005343351513147354,7.187258006524644e-07,0.0008124719508251741,True,0.05728330835700035,0.027626914903521538,0.2612450420856476,0.4869430363178253,0.6522213220596313,0.49495217895507815,0.8144644005710341,1.0876136192908654,0.946710445398372,0.24628711304235454,0.295408822619784,0.46921201489432374,0.9771593429295679,0.22716599702835083,0.9880000352859497,0.7680000066757202
20,201,99,paraboloid,K,4042,0.048345815390348434,0.005539327394217253,8.983063253253931e-07,0.0008124719508251741,True,0.07513327151536942,0.03980044275522232,0.27639949321746826,0.5024571418762207,0.6559280157089233,0.5687344970703125,0.8824603222460153,1.1367278929181428,0.9924503962411743,0.36082103494501416,0.4193982688377732,0.5693659207991439,1.0219578025772447,0.27529340982437134,0.9880000352859497,0.7680000066757202
20,201,99,paraboloid,K+S,4042,0.048345815390348434,0.005539327394217253,8.983063253253931e-07,0.0008124719508251741,True,0.07513327151536942,0.03980044275522232,0.27639949321746826,0.5024571418762207,0.6559280157089233,0.5687344970703125,0.8824603222460153,1.1367278929181428,0.9924503962411743,0.36082103494501416,0.4193982688377732,0.5693659207991439,1.0219578025772447,0.27529340982437134,0.9880000352859497,0.7680000066757202
20,201,99,paraboloid,baseline,5042,0.030915722250938416,0.007562200538814068,7.694952159909008e-07,0.0001236883395198566,True,0.04232916980981827,0.029345231130719185,0.31165120005607605,0.5193063616752625,0.6450935006141663,0.530740966796875,0.827898961986473,0.9618328264367725,0.6274547604027758,0.30846703702296646,0.34113798186834904,0.4764380605974367,0.5889727245150598,0.33319711685180664,0.9880000352859497,0.8060000538825989
20,201,99,paraboloid,K,5042,0.04550648480653763,0.006490044295787811,5.337372499525372e-07,0.0001236883395198566,True,0.03442147746682167,0.01994975656270981,0.2958369255065918,0.48389312624931335,0.599868893623352,0.9834242553710938,1.1663910095581789,1.242087051453378,0.9234900042349955,0.8541443724240282,0.8554960249409569,0.8777570114080255,0.9056199190222394,0.5643717050552368,0.9880000352859497,0.8060000538825989
20,201,99,paraboloid,K+S,5042,0.04550648480653763,0.006490044295787811,5.337372499525372e-07,0.0001236883395198566,True,0.03442147746682167,0.01994975656270981,0.2958369255065918,0.48389312624931335,0.599868893623352,0.9834242553710938,1.1663910095581789,1.242087051453378,0.9234900042349955,0.8541443724240282,0.8554960249409569,0.8777570114080255,0.9056199190222394,0.5643717050552368,0.9880000352859497,0.8060000538825989
20,201,99,paraboloid,baseline,6042,0.020310383290052414,0.004250301513820887,1.1956122989431606e-06,0.0003315886825471375,True,0.03628329187631607,0.014895820990204811,0.21632543206214905,0.437579870223999,0.5275936126708984,0.4426573181152344,0.7874297482900351,0.8586888806573276,0.45111266206066714,0.28810432344514014,0.3189343424985622,0.40969152894655486,0.4594813501597433,0.15746937692165375,0.9860000610351562,0.784000039100647
20,201,99,paraboloid,K,6042,0.008193540386855602,0.004283100366592407,1.1693116448441288e-06,0.0003315886825471375,True,0.02327827364206314,0.011142084375023842,0.2211846262216568,0.4612849950790405,0.5725327730178833,0.4080291442871094,0.7973513315959149,0.9131347161035751,0.5105686993018393,0.2539128836952582,0.2990978850909591,0.4395576931422167,0.5726171111451877,0.13556554913520813,0.9860000610351562,0.784000039100647
20,201,99,paraboloid,K+S,6042,0.008193540386855602,0.004283100366592407,1.1693116448441288e-06,0.0003315886825471375,True,0.02327827364206314,0.011142084375023842,0.2211846262216568,0.4612849950790405,0.5725327730178833,0.4080291442871094,0.7973513315959149,0.9131347161035751,0.5105686993018393,0.2539128836952582,0.2990978850909591,0.4395576931422167,0.5726171111451877,0.13556554913520813,0.9860000610351562,0.784000039100647
20,201,99,paraboloid,baseline,7042,0.03204458951950073,0.030339349061250687,2.4896066861401778e-06,0.000680229260553768,True,0.031769223511219025,0.015766886994242668,0.32086095213890076,0.5620018243789673,0.6585356593132019,0.6061289672851562,0.9390107118533942,1.0723420420000631,0.4964673585696924,0.3455898134722053,0.38068489568537284,0.4606277188406134,0.49041474419336795,0.21890906989574432,0.9920000433921814,0.7920000553131104
20,201,99,paraboloid,K,7042,0.04864891245961189,0.027659591287374496,2.770271976260119e-06,0.000680229260553768,True,0.043085962533950806,0.018418950960040092,0.32031047344207764,0.5574213266372681,0.6572447419166565,1.203584228515625,1.42486829127004,1.5311414657100555,1.1456113751236334,1.0692465375028448,1.076656889079812,1.114211203474068,1.1285570457934218,0.5981635451316833,0.9920000433921814,0.7920000553131104
20,201,99,paraboloid,K+S,7042,0.04864891245961189,0.027659591287374496,2.770271976260119e-06,0.000680229260553768,True,0.043085962533950806,0.018418950960040092,0.32031047344207764,0.5574213266372681,0.6572447419166565,1.203584228515625,1.42486829127004,1.5311414657100555,1.1456113751236334,1.0692465375028448,1.076656889079812,1.114211203474068,1.1285570457934218,0.5981635451316833,0.9920000433921814,0.7920000553131104
20,201,99,paraboloid,baseline,8042,0.06389522552490234,0.01918116956949234,2.6499021714698756e-06,0.0005894924203554789,True,0.07223628461360931,0.04157489165663719,0.2896129786968231,0.487435907125473,0.5736105442047119,0.6835369873046875,0.8909200236410321,0.988369905105745,0.6841494721275388,0.49665322257640815,0.5012600604974954,0.5626542123368573,0.6700040778926727,0.3532806932926178,0.9900000691413879,0.796000063419342
20,201,99,paraboloid,K,8042,0.03728221729397774,0.017999229952692986,3.3682774756016443e-06,0.0005894924203554789,True,0.07132624089717865,0.04049362242221832,0.3174029588699341,0.5537540316581726,0.6122099757194519,0.588325439453125,0.8808302640437125,0.9668602529198232,0.6204166507680188,0.39296822036641404,0.42686961353069336,0.5371599238593588,0.5885956731624552,0.29351574182510376,0.9900000691413879,0.796000063419342
20,201,99,paraboloid,K+S,8042,0.03728221729397774,0.017999229952692986,3.3682774756016443e-06,0.0005894924203554789,True,0.07132624089717865,0.04049362242221832,0.3174029588699341,0.5537540316581726,0.6122099757194519,0.588325439453125,0.8808302640437125,0.9668602529198232,0.6204166507680188,0.39296822036641404,0.42686961353069336,0.5371599238593588,0.5885956731624552,0.29351574182510376,0.9900000691413879,0.796000063419342
20,201,99,paraboloid,baseline,9042,0.02857612818479538,0.006216524634510279,7.097957563928503e-07,0.0004622451034351368,True,0.09500285238027573,0.03283257782459259,0.42371267080307007,0.702731192111969,0.8112731575965881,0.77329296875,1.1027101811043962,1.212087673611111,0.6376419058472762,0.3739388486675929,0.42063933407071213,0.5065466470322387,0.5507740747690478,0.30120739340782166,0.9900000691413879,0.7760000228881836
20,201,99,paraboloid,K,9042,0.006844528019428253,0.00649820314720273,3.8796741819169256e-07,0.0004622451034351368,True,0.03617177903652191,0.01486286148428917,0.4183066487312317,0.6992170214653015,0.8153024911880493,0.7921810913085937,1.1326851701449774,1.248150449810606,0.7403461342144011,0.40528544693144614,0.4647656053161382,0.5803642735796666,0.6592893813174767,0.3521266281604767,0.9900000691413879,0.7760000228881836
20,201,99,paraboloid,K+S,9042,0.006844528019428253,0.00649820314720273,3.8796741819169256e-07,0.0004622451034351368,True,0.03617177903652191,0.01486286148428917,0.4183066487312317,0.6992170214653015,0.8153024911880493,0.7921810913085937,1.1326851701449774,1.248150449810606,0.7403461342144011,0.40528544693144614,0.4647656053161382,0.5803642735796666,0.6592893813174767,0.3521266281604767,0.9900000691413879,0.7760000228881836
20,201,99,hyperbolic_paraboloid,baseline,42,0.044223442673683167,0.0037134257145226,1.3015718423048384e-06,0.00044681862070785824,True,0.11135121434926987,0.059877995401620865,0.3625226616859436,0.6640881299972534,0.7464255690574646,0.61550244140625,0.9952317051724409,1.0949611702506972,0.8031461266495056,0.47173672464502975,0.5787148598022794,0.7550319623401529,0.8159613772268832,0.37975993752479553,0.9860000610351562,0.7660000324249268
20,201,99,hyperbolic_paraboloid,K,42,0.09049414843320847,0.0025374218821525574,1.2113679304093239e-06,0.00044681862070785824,True,0.0710340365767479,0.05230843648314476,0.3401802182197571,0.6338616013526917,0.7242741584777832,1.106251708984375,1.342917367486167,1.4213821380181921,1.1520799882190933,1.010763926012418,1.0396589907574876,1.1442276712338209,1.184643754364106,0.618537187576294,0.9860000610351562,0.7660000324249268
20,201,99,hyperbolic_paraboloid,K+S,42,0.09049414843320847,0.0025374218821525574,1.2113679304093239e-06,0.00044681862070785824,True,0.0710340365767479,0.05230843648314476,0.3401802182197571,0.6338616013526917,0.7242741584777832,1.106251708984375,1.342917367486167,1.4213821380181921,1.1520799882190933,1.010763926012418,1.0396589907574876,1.1442276712338209,1.184643754364106,0.618537187576294,0.9860000610351562,0.7660000324249268
20,201,99,hyperbolic_paraboloid,baseline,1042,0.02695477195084095,0.014335473999381065,8.462318419333315e-07,0.0003224833317063934,True,0.07775379717350006,0.03950576111674309,0.17714475095272064,0.27601730823516846,0.36170268058776855,0.31991455078125,0.5154401786834839,0.6412647638762261,0.6117417772884368,0.30880702214866385,0.35061233973638334,0.3825862779676318,0.5143094308912004,0.20065180957317352,0.9940000176429749,0.800000011920929
20,201,99,hyperbolic_paraboloid,K,1042,0.05423333868384361,0.014155774377286434,2.0368511286505964e-06,0.0003224833317063934,True,0.1065751165151596,0.041379280388355255,0.33843016624450684,0.6246696710586548,0.7691065669059753,0.672502685546875,1.0458246560460593,1.2065287231199697,0.7018544000279046,0.40595161801784513,0.4688092934069677,0.5742970145610453,0.710765572708565,0.24207253754138947,0.9940000176429749,0.800000011920929
20,201,99,hyperbolic_paraboloid,K+S,1042,0.05423333868384361,0.014155774377286434,2.0368511286505964e-06,0.0003224833317063934,True,0.1065751165151596,0.041379280388355255,0.33843016624450684,0.6246696710586548,0.7691065669059753,0.672502685546875,1.0458246560460593,1.2065287231199697,0.7018544000279046,0.40595161801784513,0.4688092934069677,0.5742970145610453,0.710765572708565,0.24207253754138947,0.9940000176429749,0.800000011920929
20,201,99,hyperbolic_paraboloid,baseline,2042,0.031018204987049103,0.002656103577464819,5.132238243277243e-07,0.0016496271932896097,True,0.02724873274564743,0.01522146351635456,0.0989656150341034,0.2687029540538788,0.3974032402038574,0.18825143432617186,0.4557213725348716,0.6340023747772403,0.6674065772356508,0.1791473442899189,0.25522327551472734,0.4796099476613355,0.6376823332057229,0.15250994265079498,0.9820000529289246,0.812000036239624
20,201,99,hyperbolic_paraboloid,K,2042,0.032074399292469025,0.00269560469314456,6.306572117864562e-07,0.0016496271932896097,True,0.0368465930223465,0.020070431753993034,0.11695399135351181,0.3087485134601593,0.4713735282421112,0.46300741577148435,0.7005286583533654,0.9050698212353615,0.9461236314886654,0.44057591893414955,0.48804815992408307,0.6991211826309465,0.920509599797882,0.2995976507663727,0.9820000529289246,0.812000036239624
20,201,99,hyperbolic_paraboloid,K+S,2042,0.032074399292469025,0.00269560469314456,6.306572117864562e-07,0.0016496271932896097,True,0.0368465930223465,0.020070431753993034,0.11695399135351181,0.3087485134601593,0.4713735282421112,0.46300741577148435,0.7005286583533654,0.9050698212353615,0.9461236314886654,0.44057591893414955,0.48804815992408307,0.6991211826309465,0.920509599797882,0.2995976507663727,0.9820000529289246,0.812000036239624
20,201,99,hyperbolic_paraboloid,baseline,3042,0.024414077401161194,0.007367580663412809,3.959689820476342e-06,0.0009757442705666841,True,0.06509686261415482,0.048744384199380875,0.3062160015106201,0.5780885815620422,0.7529606223106384,0.567926513671875,1.0139108985361427,1.2398329466520148,1.0973551826646208,0.3652127604267243,0.47275348753756985,0.7932348762817858,1.1540111956673182,0.24116027355194092,0.9740000367164612,0.7620000243186951
20,201,99,hyperbolic_paraboloid,K,3042,0.0631699338555336,0.006719624157994986,8.507726079187705e-07,0.0009757442705666841,True,0.05544301122426987,0.02948240377008915,0.28532642126083374,0.5247442126274109,0.6797153949737549,0.6687586669921874,1.0421029139046718,1.245233743342531,0.9515251585512897,0.449422864130367,0.4869726488262305,0.6566609600819505,0.9833175153048479,0.3152618408203125,0.9740000367164612,0.7620000243186951
20,201,99,hyperbolic_paraboloid,K+S,3042,0.0631699338555336,0.006719624157994986,8.507726079187705e-07,0.0009757442705666841,True,0.05544301122426987,0.02948240377008915,0.28532642126083374,0.5247442126274109,0.6797153949737549,0.6687586669921874,1.0421029139046718,1.245233743342531,0.9515251585512897,0.449422864130367,0.4869726488262305,0.6566609600819505,0.9833175153048479,0.3152618408203125,0.9740000367164612,0.7620000243186951
20,201,99,hyperbolic_paraboloid,baseline,4042,0.053581174463033676,0.004536254331469536,6.204276701282652e-07,0.0006934358409388148,True,0.05218133330345154,0.027111433446407318,0.2614443898200989,0.46925798058509827,0.6204875707626343,0.5463858642578125,0.8573657422659388,1.0487181628763917,0.6967435181665629,0.3374011260873336,0.35201584598193303,0.4572736791319985,0.7188933301284417,0.2185826301574707,0.9880000352859497,0.7680000066757202
20,201,99,hyperbolic_paraboloid,K,4042,0.024370405822992325,0.004483493976294994,4.075134825143323e-07,0.0006934358409388148,True,0.032605379819869995,0.018509436398744583,0.25814786553382874,0.4641229808330536,0.6038340926170349,0.5571019287109376,0.8641281434331074,1.0324222703694332,0.6540439661615234,0.3330917553102272,0.36004467804579726,0.43849713875014473,0.6669929840898576,0.22965705394744873,0.9880000352859497,0.7680000066757202
20,201,99,hyperbolic_paraboloid,K+S,4042,0.024370405822992325,0.004483493976294994,4.075134825143323e-07,0.0006934358409388148,True,0.032605379819869995,0.018509436398744583,0.25814786553382874,0.4641229808330536,0.6038340926170349,0.5571019287109376,0.8641281434331074,1.0324222703694332,0.6540439661615234,0.3330917553102272,0.36004467804579726,0.43849713875014473,0.6669929840898576,0.22965705394744873,0.9880000352859497,0.7680000066757202
20,201,99,hyperbolic_paraboloid,baseline,5042,0.05435837060213089,0.001347026089206338,7.153711294449749e-07,0.0003933555525333727,True,0.05465067923069,0.02787795104086399,0.30026769638061523,0.5044118165969849,0.6076988577842712,0.653684814453125,0.9008833095879258,0.9902734795080023,0.6244402954590383,0.4536265383878276,0.48202266248771486,0.5445477948024495,0.6046576106394542,0.35216960310935974,0.9880000352859497,0.8060000538825989
20,201,99,hyperbolic_paraboloid,K,5042,0.039363961666822433,0.0019907355308532715,7.043124696792802e-07,0.0003933555525333727,True,0.04259105771780014,0.028076279908418655,0.3121647536754608,0.5011709332466125,0.6033440828323364,0.559301025390625,0.8224449998630072,0.9298788835162576,0.6212969611613944,0.3379600562167245,0.3795269870751965,0.4837832945923091,0.6092994799936987,0.32585594058036804,0.9880000352859497,0.8060000538825989
20,201,99,hyperbolic_paraboloid,K+S,5042,0.039363961666822433,0.0019907355308532715,7.043124696792802e-07,0.0003933555525333727,True,0.04259105771780014,0.028076279908418655,0.3121647536754608,0.5011709332466125,0.6033440828323364,0.559301025390625,0.8224449998630072,0.9298788835162576,0.6212969611613944,0.3379600562167245,0.3795269870751965,0.4837832945923091,0.6092994799936987,0.32585594058036804,0.9880000352859497,0.8060000538825989
20,201,99,hyperbolic_paraboloid,baseline,6042,0.022920701652765274,0.002361447084695101,2.5675210508779855e-06,0.00026396187532007397,True,0.03717125579714775,0.020242098718881607,0.2378235161304474,0.3701929450035095,0.4327714145183563,0.4052135925292969,0.5912942541650978,0.6391410905013946,0.45470474553046386,0.301791237784342,0.3349537659877765,0.38013841146669225,0.4686726730169987,0.17535077035427094,0.9860000610351562,0.784000039100647
20,201,99,hyperbolic_paraboloid,K,6042,0.006799343042075634,0.003116935957223177,1.6685240780134336e-06,0.00026396187532007397,True,0.05330893397331238,0.028363993391394615,0.24557606875896454,0.42629334330558777,0.4955182373523712,0.5166261596679688,0.7440595511930534,0.8115162568933824,0.4525646387703724,0.37770534976082215,0.381814756894901,0.4086581488172926,0.4468991442527931,0.21230383217334747,0.9860000610351562,0.784000039100647
20,201,99,hyperbolic_paraboloid,K+S,6042,0.006799343042075634,0.003116935957223177,1.6685240780134336e-06,0.00026396187532007397,True,0.05330893397331238,0.028363993391394615,0.24557606875896454,0.42629334330558777,0.4955182373523712,0.5166261596679688,0.7440595511930534,0.8115162568933824,0.4525646387703724,0.37770534976082215,0.381814756894901,0.4086581488172926,0.4468991442527931,0.21230383217334747,0.9860000610351562,0.784000039100647
20,201,99,hyperbolic_paraboloid,baseline,7042,0.041092537343502045,0.015968918800354004,9.315468219028844e-07,0.0007935902520791808,True,0.04284202307462692,0.02385104075074196,0.2840043902397156,0.5130522847175598,0.6175726056098938,0.547146484375,0.8558616255949398,1.0296267847861014,0.5701565232098079,0.3255725089583212,0.36450066173486295,0.45104005232903527,0.5564554493579456,0.19383442401885986,0.9920000433921814,0.7920000553131104
20,201,99,hyperbolic_paraboloid,K,7042,0.03829627484083176,0.01752488873898983,9.915677310345927e-07,0.0007935902520791808,True,0.06657049804925919,0.032552726566791534,0.2792704701423645,0.5088569521903992,0.6137999892234802,0.47328753662109374,0.806553536761022,0.9895423150831654,0.5155947666822762,0.20289872039667037,0.26227817089507444,0.3851577440776529,0.49401106472176715,0.12706950306892395,0.9920000433921814,0.7920000553131104
20,201,99,hyperbolic_paraboloid,K+S,7042,0.03829627484083176,0.01752488873898983,9.915677310345927e-07,0.0007935902520791808,True,0.06657049804925919,0.032552726566791534,0.2792704701423645,0.5088569521903992,0.6137999892234802,0.47328753662109374,0.806553536761022,0.9895423150831654,0.5155947666822762,0.20289872039667037,0.26227817089507444,0.3851577440776529,0.49401106472176715,0.12706950306892395,0.9920000433921814,0.7920000553131104
20,201,99,hyperbolic_paraboloid,baseline,8042,0.01533142477273941,0.012055827304720879,4.6875416614966525e-07,0.00046172808503630147,True,0.034485626965761185,0.019419660791754723,0.3101438581943512,0.5257739424705505,0.600407063961029,0.5413709106445312,0.8233927571940757,0.9602938565340909,0.3751361461706038,0.22879457448832055,0.2478274541856741,0.31293464254260334,0.3602070800910881,0.12495516985654831,0.9900000691413879,0.796000063419342
20,201,99,hyperbolic_paraboloid,K,8042,0.040948692709207535,0.01348297018557787,5.747988325310871e-07,0.00046172808503630147,True,0.04444478452205658,0.026174470782279968,0.3018844723701477,0.5137959122657776,0.5822590589523315,1.1628765869140625,1.3222049567885772,1.4098303592566288,1.051567185997644,1.039789508632367,1.04345463615439,1.052415589182716,1.0517425103840776,0.5784680247306824,0.9900000691413879,0.796000063419342
20,201,99,hyperbolic_paraboloid,K+S,8042,0.040948692709207535,0.01348297018557787,5.747988325310871e-07,0.00046172808503630147,True,0.04444478452205658,0.026174470782279968,0.3018844723701477,0.5137959122657776,0.5822590589523315,1.1628765869140625,1.3222049567885772,1.4098303592566288,1.051567185997644,1.039789508632367,1.04345463615439,1.052415589182716,1.0517425103840776,0.5784680247306824,0.9900000691413879,0.796000063419342
20,201,99,hyperbolic_paraboloid,baseline,9042,0.01542277168482542,0.003989194054156542,6.49176968181564e-07,0.0009583829350732452,True,0.07386776804924011,0.029031164944171906,0.41875919699668884,0.6971991658210754,0.832713782787323,0.748029296875,1.0772252512838176,1.2090678513652147,0.5734650234936906,0.3174182730868388,0.35624787924321755,0.42787968533230536,0.5217508752796209,0.21764284372329712,0.9900000691413879,0.7760000228881836
20,201,99,hyperbolic_paraboloid,K,9042,0.011279257945716381,0.004977704957127571,6.103042551330873e-07,0.0009583829350732452,True,0.06346379965543747,0.022592289373278618,0.41264379024505615,0.7029514908790588,0.8432789444923401,0.796346923828125,1.1196846818637274,1.259517785274621,0.7179768578536154,0.40504919498269304,0.4487349326040976,0.5544868280401237,0.6814764753301353,0.3502940833568573,0.9900000691413879,0.7760000228881836
20,201,99,hyperbolic_paraboloid,K+S,9042,0.011279257945716381,0.004977704957127571,6.103042551330873e-07,0.0009583829350732452,True,0.06346379965543747,0.022592289373278618,0.41264379024505615,0.7029514908790588,0.8432789444923401,0.796346923828125,1.1196846818637274,1.259517785274621,0.7179768578536154,0.40504919498269304,0.4487349326040976,0.5544868280401237,0.6814764753301353,0.3502940833568573,0.9900000691413879,0.7760000228881836
50,11,4,paraboloid,baseline,42,0.0017070301692001522,0.24358029663562775,4.6746383304707706e-05,0.00016123605680397966,True,0.006040632724761963,0.0015675690956413746,0.2627313435077667,0.5323354601860046,0.6566171646118164,0.4085419311523438,0.7391469176386444,0.8578659583782328,0.47382078239673614,0.17731228022503606,0.2306735076210626,0.37447996837016045,0.47036969949600044,0.2390357404947281,0.9860000610351562,0.7660000324249268
50,11,4,paraboloid,K,42,0.016919379122555256,0.24420800432562828,6.429961104004178e-05,0.00016123605680397966,True,0.007697881665080786,0.003903354983776808,0.266292542219162,0.538159966468811,0.6596087217330933,0.4299885559082031,0.7549800757671026,0.8677712337965897,0.4855143530755398,0.20569824152955757,0.2582724505331208,0.4018284124361273,0.48672795157500837,0.2578568756580353,0.9860000610351562,0.7660000324249268
50,11,4,paraboloid,K+S,42,0.016919379122555256,0.24420800432562828,6.429961104004178e-05,0.00016123605680397966,True,0.007697881665080786,0.003903354983776808,0.266292542219162,0.538159966468811,0.6596087217330933,0.4299885559082031,0.7549800757671026,0.8677712337965897,0.4855143530755398,0.20569824152955757,0.2582724505331208,0.4018284124361273,0.48672795157500837,0.2578568756580353,0.9860000610351562,0.7660000324249268
50,11,4,paraboloid,baseline,1042,0.0021302042878232896,0.24869997799396515,3.40196074830601e-05,0.0004768507470461455,True,0.006237536668777466,0.0015320520615205169,0.2540937662124634,0.48242050409317017,0.6036808490753174,0.41869842529296875,0.7302760235277046,0.8656595333721077,0.39269450815860696,0.1890907743855548,0.20480249716561919,0.28344052687366283,0.4023947137202679,0.08786417543888092,0.9940000176429749,0.800000011920929
50,11,4,paraboloid,K,1042,0.0018890274805016816,0.24830298870801926,3.249533074267674e-05,0.0004768507470461455,True,0.0054926685988903046,0.0014306060038506985,0.25396808981895447,0.482113242149353,0.6033223867416382,0.4162905578613281,0.7278066121909513,0.864095707054829,0.38886375192535194,0.18286867486977018,0.20020310752562578,0.2789072322190362,0.40139027846989367,0.08594998717308044,0.9940000176429749,0.800000011920929
50,11,4,paraboloid,K+S,1042,0.0018890274805016816,0.24830298870801926,3.249533074267674e-05,0.0004768507470461455,True,0.0054926685988903046,0.0014306060038506985,0.25396808981895447,0.482113242149353,0.6033223867416382,0.4162905578613281,0.7278066121909513,0.864095707054829,0.38886375192535194,0.18286867486977018,0.20020310752562578,0.2789072322190362,0.40139027846989367,0.08594998717308044,0.9940000176429749,0.800000011920929
50,11,4,paraboloid,baseline,2042,0.002061703591607511,0.1895487979054451,5.152544144948479e-05,0.0008518850769508969,True,0.005128416232764721,0.001687495387159288,0.26633042097091675,0.5340595841407776,0.6835180521011353,0.43498370361328126,0.788465986367662,0.9662864669520111,0.5466788699676257,0.20368548297009595,0.283407931059556,0.4020014383412589,0.6112864233693122,0.16119864583015442,0.9820000529289246,0.812000036239624
50,11,4,paraboloid,K,2042,0.009111196966841817,0.1941354125738144,0.0001144830348493997,0.0008518850769508969,True,0.02264466881752014,0.012373557314276695,0.27548137307167053,0.5473666191101074,0.7019737362861633,0.4516505432128906,0.8031648334703947,0.9859985848793915,0.6137082862538974,0.24311801316511975,0.33552692342101376,0.4535845365012561,0.6821318119624149,0.19766104221343994,0.9820000529289246,0.812000036239624
50,11,4,paraboloid,K+S,2042,0.009111196966841817,0.1941354125738144,0.0001144830348493997,0.0008518850769508969,True,0.02264466881752014,0.012373557314276695,0.27548137307167053,0.5473666191101074,0.7019737362861633,0.4516505432128906,0.8031648334703947,0.9859985848793915,0.6137082862538974,0.24311801316511975,0.33552692342101376,0.4535845365012561,0.6821318119624149,0.19766104221343994,0.9820000529289246,0.812000036239624
50,11,4,paraboloid,baseline,3042,0.0018859189585782588,0.33565719425678253,3.494988413876854e-05,7.213524077087641e-05,True,0.0031230596359819174,0.0010764794424176216,0.29131823778152466,0.5201760530471802,0.6039779782295227,0.486612060546875,0.8108402753117109,0.8724795739019187,0.35055499037812776,0.1843590185134015,0.22267788869695956,0.2815385424885601,0.37030765741469274,0.12098591029644012,0.9740000367164612,0.7620000243186951
50,11,4,paraboloid,K,3042,0.0019536991021595895,0.3350532203912735,3.3740374419721775e-05,7.213524077087641e-05,True,0.0038279001601040363,0.0012884901370853186,0.2922951579093933,0.5201346278190613,0.6034343838691711,0.4886820068359375,0.8123254024621213,0.8722338666661319,0.34294525173186424,0.18618235126965463,0.22484975924572495,0.27749150416589113,0.3603798540055784,0.1192886233329773,0.9740000367164612,0.7620000243186951
50,11,4,paraboloid,K+S,3042,0.0019536991021595895,0.3350532203912735,3.3740374419721775e-05,7.213524077087641e-05,True,0.0038279001601040363,0.0012884901370853186,0.2922951579093933,0.5201346278190613,0.6034343838691711,0.4886820068359375,0.8123254024621213,0.8722338666661319,0.34294525173186424,0.18618235126965463,0.22484975924572495,0.27749150416589113,0.3603798540055784,0.1192886233329773,0.9740000367164612,0.7620000243186951
50,11,4,paraboloid,baseline,4042,0.002293454483151436,0.1753353625535965,5.3012347052572295e-05,0.0003995342095467177,True,0.0068273101933300495,0.0023281313478946686,0.26268720626831055,0.5348554253578186,0.6770982146263123,0.421234619140625,0.8153527194716366,0.985038479330086,0.6429056681677414,0.19485962695206088,0.26306387446818774,0.42646908170445,0.6559224757770522,0.18248364329338074,0.9880000352859497,0.7680000066757202
50,11,4,paraboloid,K,4042,0.002195125096477568,0.17655934393405914,4.762228672916535e-05,0.0003995342095467177,True,0.007341932971030474,0.0021748889703303576,0.26207414269447327,0.5345037579536438,0.6774376630783081,0.41955010986328123,0.8133286319104543,0.9827182785219509,0.6419381570258095,0.18994945557833803,0.25873469416154865,0.4287470611332292,0.6569803696941379,0.18111418187618256,0.9880000352859497,0.7680000066757202
50,11,4,paraboloid,K+S,4042,0.002195125096477568,0.17655934393405914,4.762228672916535e-05,0.0003995342095467177,True,0.007341932971030474,0.0021748889703303576,0.26207414269447327,0.5345037579536438,0.6774376630783081,0.41955010986328123,0.8133286319104543,0.9827182785219509,0.6419381570258095,0.18994945557833803,0.25873469416154865,0.4287470611332292,0.6569803696941379,0.18111418187618256,0.9880000352859497,0.7680000066757202
50,11,4,paraboloid,baseline,5042,0.0019430462270975113,0.278068944811821,2.7065942049375735e-05,0.00011343330102549358,True,0.005576181225478649,0.001740145729854703,0.400178998708725,0.6817067265510559,0.8280032277107239,0.6423945922851563,1.0447428059243486,1.1785363571846534,0.45893340276691635,0.20322923303061818,0.2921926993750921,0.3705391137387922,0.46575816302603645,0.10419285297393799,0.9880000352859497,0.8060000538825989
50,11,4,paraboloid,K,5042,0.0014749480178579688,0.2777923047542572,2.642271556396736e-05,0.00011343330102549358,True,0.00453612906858325,0.001340167480520904,0.40082356333732605,0.6817785501480103,0.828097403049469,0.643475341796875,1.0453428830316884,1.1787032772172317,0.4608910927995804,0.20943315670087395,0.30001260043133166,0.3774189955718495,0.4673174737549858,0.11032292991876602,0.9880000352859497,0.8060000538825989
50,11,4,paraboloid,K+S,5042,0.0014749480178579688,0.2777923047542572,2.642271556396736e-05,0.00011343330102549358,True,0.00453612906858325,0.001340167480520904,0.40082356333732605,0.6817785501480103,0.828097403049469,0.643475341796875,1.0453428830316884,1.1787032772172317,0.4608910927995804,0.20943315670087395,0.30001260043133166,0.3774189955718495,0.4673174737549858,0.11032292991876602,0.9880000352859497,0.8060000538825989
50,11,4,paraboloid,baseline,6042,0.0018624197691679,0.32992714643478394,0.0014153104275465012,0.000160965105434033,True,0.0037020444869995117,0.0013076912146061659,0.16732649505138397,0.35046839714050293,0.513965368270874,0.26686773681640624,0.5359937675506714,0.7628775513438134,0.7258612098265718,0.185820653919637,0.2514513080464759,0.44578730855137016,0.7773287328342048,0.19959327578544617,0.9860000610351562,0.784000039100647
50,11,4,paraboloid,K,6042,0.007109730271622539,0.3207870423793793,0.00137799431104213,0.000160965105434033,True,0.006415531504899263,0.0023926421999931335,0.17846742272377014,0.3740876317024231,0.5470348000526428,0.28180078125,0.5641828789768448,0.8014381517019523,0.7755408828622334,0.20472957024379826,0.28072374641235154,0.48444111529054884,0.8296152723537555,0.2171183079481125,0.9860000610351562,0.784000039100647
50,11,4,paraboloid,K+S,6042,0.007109730271622539,0.3207870423793793,0.00137799431104213,0.000160965105434033,True,0.006415531504899263,0.0023926421999931335,0.17846742272377014,0.3740876317024231,0.5470348000526428,0.28180078125,0.5641828789768448,0.8014381517019523,0.7755408828622334,0.20472957024379826,0.28072374641235154,0.48444111529054884,0.8296152723537555,0.2171183079481125,0.9860000610351562,0.784000039100647
50,11,4,paraboloid,baseline,7042,0.006052972283214331,0.23880134522914886,0.0005314340087352321,0.00044570202854546636,True,0.004029725678265095,0.0016422090120613575,0.27378174662590027,0.48477277159690857,0.5618222951889038,0.45113516235351564,0.7502120941100952,0.817015124905494,0.4333980396320331,0.18277962665222186,0.22251955735228462,0.34493969686774284,0.49010331635930704,0.21729010343551636,0.9920000433921814,0.7920000553131104
50,11,4,paraboloid,K,7042,0.0024314873735420406,0.23763839155435562,0.0005161717854207382,0.00044570202854546636,True,0.004249290097504854,0.0010503190569579601,0.2735711634159088,0.487202912569046,0.5654338598251343,0.45171636962890627,0.7541873297376002,0.8216469057144657,0.4479716752310673,0.18645449160857525,0.23351507493318968,0.35853010575106126,0.5078179982324164,0.22929133474826813,0.9920000433921814,0.7920000553131104
50,11,4,paraboloid,K+S,7042,0.0024314873735420406,0.23763839155435562,0.0005161717854207382,0.00044570202854546636,True,0.004249290097504854,0.0010503190569579601,0.2735711634159088,0.487202912569046,0.5654338598251343,0.45171636962890627,0.7541873297376002,0.8216469057144657,0.4479716752310673,0.18645449160857525,0.23351507493318968,0.35853010575106126,0.5078179982324164,0.22929133474826813,0.9920000433921814,0.7920000553131104
50,11,4,paraboloid,baseline,8042,0.003034120541997254,0.24137213826179504,0.00036296839243732393,0.000743610869077119,True,0.005785394925624132,0.0015868368791416287,0.2645631432533264,0.4414933919906616,0.5227722525596619,0.45734228515625,0.6991851133908442,0.8372759578203914,0.4296407663311623,0.1813781566195427,0.2162097839031896,0.3190599166212215,0.38445186927162317,0.1173785850405693,0.9900000691413879,0.796000063419342
50,11,4,paraboloid,K,8042,0.0023827800760045648,0.2365313097834587,0.000364761013770476,0.000743610869077119,True,0.005686294753104448,0.002508118050172925,0.26646581292152405,0.4478594660758972,0.5323968529701233,0.4585594177246094,0.7067606281899736,0.8497297807173295,0.4547663915136191,0.18616310771433994,0.22552935624715545,0.33872238445669595,0.41630672638027993,0.12584495544433594,0.9900000691413879,0.796000063419342
50,11,4,paraboloid,K+S,8042,0.0023827800760045648,0.2365313097834587,0.000364761013770476,0.000743610869077119,True,0.005686294753104448,0.002508118050172925,0.26646581292152405,0.4478594660758972,0.5323968529701233,0.4585594177246094,0.7067606281899736,0.8497297807173295,0.4547663915136191,0.18616310771433994,0.22552935624715545,0.33872238445669595,0.41630672638027993,0.12584495544433594,0.9900000691413879,0.796000063419342
50,11,4,paraboloid,baseline,9042,0.0016815695562399924,0.2140573337674141,4.0958766476251185e-05,0.0003029272087257017,True,0.007469284348189831,0.0019492049468681216,0.10603144019842148,0.25625646114349365,0.36130592226982117,0.1951619873046875,0.40921635140397983,0.5307728160511364,0.483436623660726,0.21407873086257873,0.2914697682416272,0.36908260188418346,0.4472239648414645,0.2407664805650711,0.9900000691413879,0.7760000228881836
50,11,4,paraboloid,K,9042,0.0020760753541253507,0.20945042371749878,3.148868017888162e-05,0.0003029272087257017,True,0.004996313247829676,0.0010786401107907295,0.09446810930967331,0.24831794202327728,0.3568277955055237,0.18044935607910156,0.396865202573115,0.520257383404356,0.4481303270651921,0.18537016114120083,0.2622926243501295,0.3317163739124253,0.414744382569648,0.22578507661819458,0.9900000691413879,0.7760000228881836
50,11,4,paraboloid,K+S,9042,0.0020760753541253507,0.20945042371749878,3.148868017888162e-05,0.0003029272087257017,True,0.004996313247829676,0.0010786401107907295,0.09446810930967331,0.24831794202327728,0.3568277955055237,0.18044935607910156,0.396865202573115,0.520257383404356,0.4481303270651921,0.18537016114120083,0.2622926243501295,0.3317163739124253,0.414744382569648,0.22578507661819458,0.9900000691413879,0.7760000228881836
50,11,4,hyperbolic_paraboloid,baseline,42,0.006420609774067998,0.1288246512413025,2.4419352484983392e-05,0.00017627689521759748,True,0.00472754891961813,0.0014073390047997236,0.2623915672302246,0.5298221707344055,0.6388901472091675,0.39423681640625,0.7254260425836268,0.852464099442983,0.3996696146707766,0.17043512194594754,0.191601059120803,0.2786638080533607,0.3663413898993747,0.15872633457183838,0.9860000610351562,0.7660000324249268
50,11,4,hyperbolic_paraboloid,K,42,0.0022742458386346698,0.13401683792471886,1.9949602574342862e-05,0.00017627689521759748,True,0.003257561707869172,0.001045185956172645,0.2640770971775055,0.5337736010551453,0.6414334177970886,0.3968473205566406,0.7298031352175554,0.8519498194448847,0.3993468757087092,0.17370745031793292,0.19714292916489815,0.28863615977247353,0.37189327081026363,0.1711796671152115,0.9860000610351562,0.7660000324249268
50,11,4,hyperbolic_paraboloid,K+S,42,0.0022742458386346698,0.13401683792471886,1.9949602574342862e-05,0.00017627689521759748,True,0.003257561707869172,0.001045185956172645,0.2640770971775055,0.5337736010551453,0.6414334177970886,0.3968473205566406,0.7298031352175554,0.8519498194448847,0.3993468757087092,0.17370745031793292,0.19714292916489815,0.28863615977247353,0.37189327081026363,0.1711796671152115,0.9860000610351562,0.7660000324249268
50,11,4,hyperbolic_paraboloid,baseline,1042,0.0008053657365962863,0.21085136383771896,1.606157729838742e-05,5.663807017051361e-05,True,0.003082660958170891,0.0008529695332981646,0.24928875267505646,0.4711743891239166,0.598835289478302,0.400795166015625,0.7005019590079066,0.8285877987652477,0.4043510791567529,0.15684202987182574,0.17425463587170506,0.23741890188639175,0.36706560993095005,0.11195118725299835,0.9940000176429749,0.800000011920929
50,11,4,hyperbolic_paraboloid,K,1042,0.0007866408850532025,0.20873095095157623,1.5839327716093976e-05,5.663807017051361e-05,True,0.0030270940624177456,0.0007681348943151534,0.24900706112384796,0.4707529842853546,0.5986225008964539,0.40071484375,0.7002818402516315,0.8287219655825578,0.4019249539847633,0.1561371892792452,0.17294021981715557,0.2352621124387477,0.36474201613755214,0.10958841443061829,0.9940000176429749,0.800000011920929
50,11,4,hyperbolic_paraboloid,K+S,1042,0.0007866408850532025,0.20873095095157623,1.5839327716093976e-05,5.663807017051361e-05,True,0.0030270940624177456,0.0007681348943151534,0.24900706112384796,0.4707529842853546,0.5986225008964539,0.40071484375,0.7002818402516315,0.8287219655825578,0.4019249539847633,0.1561371892792452,0.17294021981715557,0.2352621124387477,0.36474201613755214,0.10958841443061829,0.9940000176429749,0.800000011920929
50,11,4,hyperbolic_paraboloid,baseline,2042,0.0013521761866286397,0.11935450881719589,2.6738792257674504e-05,6.134295836091042e-05,True,0.004162833094596863,0.0012615630403161049,0.2650459110736847,0.541950523853302,0.7232340574264526,0.42416455078125,0.7619892074028972,0.9573723507510183,0.537282771723005,0.18431957838610802,0.2541117769369886,0.37781630619391005,0.5794628377977685,0.1770307421684265,0.9820000529289246,0.812000036239624
50,11,4,hyperbolic_paraboloid,K,2042,0.0014512466150335968,0.11871223896741867,2.7550995582714677e-05,6.134295836091042e-05,True,0.004337194841355085,0.0012081689201295376,0.26475846767425537,0.5421911478042603,0.7246565818786621,0.42330667114257814,0.7618442797950404,0.9583953422344387,0.5415953303775289,0.1850182676873781,0.25684043314829663,0.3807513851684694,0.5836414227803888,0.17803895473480225,0.9820000529289246,0.812000036239624
50,11,4,hyperbolic_paraboloid,K+S,2042,0.0014512466150335968,0.11871223896741867,2.7550995582714677e-05,6.134295836091042e-05,True,0.004337194841355085,0.0012081689201295376,0.26475846767425537,0.5421911478042603,0.7246565818786621,0.42330667114257814,0.7618442797950404,0.9583953422344387,0.5415953303775289,0.1850182676873781,0.25684043314829663,0.3807513851684694,0.5836414227803888,0.17803895473480225,0.9820000529289246,0.812000036239624
50,11,4,hyperbolic_paraboloid,baseline,3042,0.0012362911365926266,0.25863049179315567,2.9903449103585444e-05,0.0005286122164265676,True,0.002532755257561803,0.0007380662718787789,0.3014555275440216,0.5365393161773682,0.6323387622833252,0.5182144775390625,0.8542352233270202,0.9766902101113322,0.42065646128361955,0.17582093733326784,0.22270020118910108,0.27427406526869386,0.3797101139552052,0.1056494414806366,0.9740000367164612,0.7620000243186951
50,11,4,hyperbolic_paraboloid,K,3042,0.0013475427986122668,0.25799237936735153,2.7696914003172424e-05,0.0005286122164265676,True,0.0022603916004300117,0.0008212674874812365,0.2997359037399292,0.5360111594200134,0.6301859617233276,0.51397802734375,0.8513260041824495,0.9725294798551399,0.4166944446710501,0.17037301235689592,0.2195689146100974,0.27655893970019246,0.3809821104821529,0.10690237581729889,0.9740000367164612,0.7620000243186951
50,11,4,hyperbolic_paraboloid,K+S,3042,0.0013475427986122668,0.25799237936735153,2.7696914003172424e-05,0.0005286122164265676,True,0.0022603916004300117,0.0008212674874812365,0.2997359037399292,0.5360111594200134,0.6301859617233276,0.51397802734375,0.8513260041824495,0.9725294798551399,0.4166944446710501,0.17037301235689592,0.2195689146100974,0.27655893970019246,0.3809821104821529,0.10690237581729889,0.9740000367164612,0.7620000243186951
50,11,4,hyperbolic_paraboloid,baseline,4042,0.001225800544489175,0.1654960736632347,2.3029515432426706e-05,0.00021164064210924235,True,0.003092449624091387,0.0009544352069497108,0.3944637179374695,0.7712056636810303,0.9625698924064636,0.6381787109375,1.1610727578281876,1.3540125549563513,0.7641683041484727,0.2292095256844518,0.3033328752087795,0.5124243140534783,0.8160670909140144,0.18531447649002075,0.9880000352859497,0.7680000066757202
50,11,4,hyperbolic_paraboloid,K,4042,0.0016213327762670815,0.16499462723731995,2.5167518288071733e-05,0.00021164064210924235,True,0.0041235703974962234,0.001088436460122466,0.39439457654953003,0.7741031646728516,0.9701642990112305,0.6375081787109375,1.164501511907003,1.3632402304213056,0.7795961163576465,0.22774981821258342,0.3029617616502876,0.5204922706443138,0.8332384616770357,0.18817304074764252,0.9880000352859497,0.7680000066757202
50,11,4,hyperbolic_paraboloid,K+S,4042,0.0016213327762670815,0.16499462723731995,2.5167518288071733e-05,0.00021164064210924235,True,0.0041235703974962234,0.001088436460122466,0.39439457654953003,0.7741031646728516,0.9701642990112305,0.6375081787109375,1.164501511907003,1.3632402304213056,0.7795961163576465,0.22774981821258342,0.3029617616502876,0.5204922706443138,0.8332384616770357,0.18817304074764252,0.9880000352859497,0.7680000066757202
50,11,4,hyperbolic_paraboloid,baseline,5042,0.0045077563263475895,0.21720914542675018,2.855016828107182e-05,0.00013776946897533807,True,0.0037780192214995623,0.0018615031149238348,0.40230733156204224,0.6883629560470581,0.8332085609436035,0.6353683471679688,1.0367490351797344,1.1716586587882718,0.4078367928393262,0.1874046864150044,0.2618876565463658,0.33377516888549036,0.4127114774302635,0.09271430969238281,0.9880000352859497,0.8060000538825989
50,11,4,hyperbolic_paraboloid,K,5042,0.001593634660821408,0.21500519663095474,2.4441941604891326e-05,0.00013776946897533807,True,0.0033365285489708185,0.001260342774912715,0.4013899564743042,0.6865147352218628,0.8317137360572815,0.6336270751953125,1.0356385378178232,1.1706638104519864,0.40040948129729276,0.17928531684125906,0.2556468670539756,0.32704904137588353,0.4095296164595016,0.08251158148050308,0.9880000352859497,0.8060000538825989
50,11,4,hyperbolic_paraboloid,K+S,5042,0.001593634660821408,0.21500519663095474,2.4441941604891326e-05,0.00013776946897533807,True,0.0033365285489708185,0.001260342774912715,0.4013899564743042,0.6865147352218628,0.8317137360572815,0.6336270751953125,1.0356385378178232,1.1706638104519864,0.40040948129729276,0.17928531684125906,0.2556468670539756,0.32704904137588353,0.4095296164595016,0.08251158148050308,0.9880000352859497,0.8060000538825989
50,11,4,hyperbolic_paraboloid,baseline,6042,0.0019116663024760783,0.2228524088859558,3.763164295378374e-05,0.0001429254718294198,True,0.003714267397299409,0.0014208287466317415,0.10314444452524185,0.34113427996635437,0.6305556893348694,0.16290869140625,0.5133196972460153,0.8969183064861181,1.1100844970957384,0.1571683031891232,0.25734064816567137,0.5490783659383157,1.118223801626669,0.22640301287174225,0.9860000610351562,0.784000039100647
50,11,4,hyperbolic_paraboloid,K,6042,0.0015758703812025487,0.2307787537574768,3.2878329875529744e-05,0.0001429254718294198,True,0.0036153411492705345,0.0011503375135362148,0.10107564181089401,0.3353157043457031,0.6222623586654663,0.16114041137695312,0.5116721157089295,0.8982405904340454,1.1157939207226664,0.15266765579688155,0.2505518474414322,0.544674520839807,1.1224157631237497,0.22475050389766693,0.9860000610351562,0.784000039100647
50,11,4,hyperbolic_paraboloid,K+S,6042,0.0015758703812025487,0.2307787537574768,3.2878329875529744e-05,0.0001429254718294198,True,0.0036153411492705345,0.0011503375135362148,0.10107564181089401,0.3353157043457031,0.6222623586654663,0.16114041137695312,0.5116721157089295,0.8982405904340454,1.1157939207226664,0.15266765579688155,0.2505518474414322,0.544674520839807,1.1224157631237497,0.22475050389766693,0.9860000610351562,0.784000039100647
50,11,4,hyperbolic_paraboloid,baseline,7042,0.00286150595638901,0.19942345470190048,4.076085588167189e-05,0.0001368515341627327,True,0.0024681284558027983,0.0011268544476479292,0.26422998309135437,0.48859813809394836,0.5857346057891846,0.42228973388671875,0.7342788604552856,0.8612689356650075,0.32349015459431596,0.15977218041479221,0.1976002708452083,0.27527588679968806,0.366381554517861,0.13953229784965515,0.9920000433921814,0.7920000553131104
50,11,4,hyperbolic_paraboloid,K,7042,0.002353000221773982,0.20089168101549149,4.5370153202384245e-05,0.0001368515341627327,True,0.0024895439855754375,0.000986255588941276,0.2653293311595917,0.4893687963485718,0.5863093137741089,0.4250511169433594,0.7358672422970942,0.8613131123204385,0.31720203618369497,0.16221482511287255,0.19641428266142777,0.2675930213958397,0.35321764200049627,0.1338937133550644,0.9920000433921814,0.7920000553131104
50,11,4,hyperbolic_paraboloid,K+S,7042,0.002353000221773982,0.20089168101549149,4.5370153202384245e-05,0.0001368515341627327,True,0.0024895439855754375,0.000986255588941276,0.2653293311595917,0.4893687963485718,0.5863093137741089,0.4250511169433594,0.7358672422970942,0.8613131123204385,0.31720203618369497,0.16221482511287255,0.19641428266142777,0.2675930213958397,0.35321764200049627,0.1338937133550644,0.9920000433921814,0.7920000553131104
50,11,4,hyperbolic_paraboloid,baseline,8042,0.0019328505732119083,0.1715230718255043,3.590874075598549e-05,0.00025059210813858294,True,0.005379633978009224,0.001988897565752268,0.27566590905189514,0.47705239057540894,0.6008595824241638,0.5069831237792969,0.8224272030388903,1.0689335986821338,0.7236304079975582,0.18236444044059189,0.21636753283331853,0.38655616591555597,0.7147372810428273,0.19387410581111908,0.9900000691413879,0.796000063419342
50,11,4,hyperbolic_paraboloid,K,8042,0.0015768763259984553,0.1670639030635357,3.604000994528178e-05,0.00025059210813858294,True,0.0038746772333979607,0.0014132497599348426,0.2747618556022644,0.4736389219760895,0.5933211445808411,0.5057915954589843,0.8163390990966307,1.054763824771149,0.6956650372431117,0.1762232559321799,0.20863798436830908,0.37578078857621405,0.689323344546517,0.19097758829593658,0.9900000691413879,0.796000063419342
50,11,4,hyperbolic_paraboloid,K+S,8042,0.0015768763259984553,0.1670639030635357,3.604000994528178e-05,0.00025059210813858294,True,0.0038746772333979607,0.0014132497599348426,0.2747618556022644,0.4736389219760895,0.5933211445808411,0.5057915954589843,0.8163390990966307,1.054763824771149,0.6956650372431117,0.1762232559321799,0.20863798436830908,0.37578078857621405,0.689323344546517,0.19097758829593658,0.9900000691413879,0.796000063419342
50,11,4,hyperbolic_paraboloid,baseline,9042,0.0012922653113491833,0.15803423523902893,2.291710552526638e-05,0.0005391792563552207,True,0.003958229441195726,0.0011761038331314921,0.09174094349145889,0.23694880306720734,0.34169620275497437,0.1476488037109375,0.3449535178755949,0.4756163009489425,0.44269492253137244,0.15460539520410777,0.22328236127104611,0.3332186341650636,0.42446283769829496,0.20158062875270844,0.9900000691413879,0.7760000228881836
50,11,4,hyperbolic_paraboloid,K,9042,0.0013427367084659636,0.15788067877292633,2.2180263840709813e-05,0.0005391792563552207,True,0.0037742997519671917,0.0013968783896416426,0.0880245715379715,0.2336135357618332,0.33952590823173523,0.14171340942382812,0.33920951644499936,0.4711627382220644,0.4303943408810337,0.14678066771434425,0.2142590118185998,0.3236341438642698,0.41477389848386315,0.1962662786245346,0.9900000691413879,0.7760000228881836
50,11,4,hyperbolic_paraboloid,K+S,9042,0.0013427367084659636,0.15788067877292633,2.2180263840709813e-05,0.0005391792563552207,True,0.0037742997519671917,0.0013968783896416426,0.0880245715379715,0.2336135357618332,0.33952590823173523,0.14171340942382812,0.33920951644499936,0.4711627382220644,0.4303943408810337,0.14678066771434425,0.2142590118185998,0.3236341438642698,0.41477389848386315,0.1962662786245346,0.9900000691413879,0.7760000228881836
50,201,99,paraboloid,baseline,42,0.029823772609233856,0.011697652284055948,4.5855381358705927e-07,0.0005388143124865063,True,0.022999368607997894,0.01657695882022381,0.29040542244911194,0.5315718054771423,0.6390795111656189,0.6519258422851563,0.9378933513188507,1.0049544947626141,0.6439251662548625,0.48794765458687905,0.5066339787207316,0.6068249175111626,0.6627061919760614,0.37214896082878113,0.9860000610351562,0.7660000324249268
50,201,99,paraboloid,K,42,0.04091116227209568,0.011670405510812998,7.60751674988569e-07,0.0005388143124865063,True,0.04340318962931633,0.029750095680356026,0.2807263135910034,0.5064429640769958,0.6069124937057495,0.675169677734375,0.9627299932406942,1.0320150441136853,0.7103577132603753,0.5091241108123458,0.5315593646561384,0.6503677506623526,0.7270524550172605,0.4036160707473755,0.9860000610351562,0.7660000324249268
50,201,99,paraboloid,K+S,42,0.04091116227209568,0.011670405510812998,7.60751674988569e-07,0.0005388143124865063,True,0.04340318962931633,0.029750095680356026,0.2807263135910034,0.5064429640769958,0.6069124937057495,0.675169677734375,0.9627299932406942,1.0320150441136853,0.7103577132603753,0.5091241108123458,0.5315593646561384,0.6503677506623526,0.7270524550172605,0.4036160707473755,0.9860000610351562,0.7660000324249268
50,201,99,paraboloid,baseline,1042,0.006459393538534641,0.013760886155068874,2.717894176385016e-07,0.00045622206890760965,True,0.020415542647242546,0.00562287587672472,0.24107636511325836,0.4314458966255188,0.510781466960907,0.4194649658203125,0.6913724845671749,0.7850961973009934,0.32225216021661657,0.1931766967758117,0.20410469686616114,0.28450752435480053,0.3366682512602875,0.07553380727767944,0.9940000176429749,0.800000011920929
50,201,99,paraboloid,K,1042,0.048926206305623055,0.012693692930042744,4.298222648912997e-07,0.00045622206890760965,True,0.03619091212749481,0.014481721445918083,0.24718578159809113,0.4318182170391083,0.5091922283172607,0.5200931396484375,0.7559082766613329,0.8407111369388204,0.4264910047412356,0.31966529596239707,0.3288020157647212,0.385506422747706,0.4397972639666743,0.19688363373279572,0.9940000176429749,0.800000011920929
50,201,99,paraboloid,K+S,1042,0.048926206305623055,0.012693692930042744,4.298222648912997e-07,0.00045622206890760965,True,0.03619091212749481,0.014481721445918083,0.24718578159809113,0.4318182170391083,0.5091922283172607,0.5200931396484375,0.7559082766613329,0.8407111369388204,0.4264910047412356,0.31966529596239707,0.3288020157647212,0.385506422747706,0.4397972639666743,0.19688363373279572,0.9940000176429749,0.800000011920929
50,201,99,paraboloid,baseline,2042,0.02043797541409731,0.012295539490878582,5.755574932209129e-07,0.0005052666833151632,True,0.03444094955921173,0.014799332246184349,0.09710019081830978,0.2732599079608917,0.420966237783432,0.34903607177734375,0.5541758672428517,0.7458922469688772,0.6005891895059287,0.3348767479309464,0.3714529427717564,0.48802339139738254,0.6458059370317296,0.25180497765541077,0.9820000529289246,0.812000036239624
50,201,99,paraboloid,K,2042,0.018737978767603636,0.011627513449639082,6.320568672890658e-07,0.0005052666833151632,True,0.02583015151321888,0.01623721793293953,0.10739315301179886,0.2462788224220276,0.3634704351425171,0.5347174072265625,0.656886853669819,0.7866176131300916,0.6367505316936118,0.5254326998702707,0.5372567670721254,0.5788292796578159,0.6528777624447628,0.325141042470932,0.9820000529289246,0.812000036239624
50,201,99,paraboloid,K+S,2042,0.018737978767603636,0.011627513449639082,6.320568672890658e-07,0.0005052666833151632,True,0.02583015151321888,0.01623721793293953,0.10739315301179886,0.2462788224220276,0.3634704351425171,0.5347174072265625,0.656886853669819,0.7866176131300916,0.6367505316936118,0.5254326998702707,0.5372567670721254,0.5788292796578159,0.6528777624447628,0.325141042470932,0.9820000529289246,0.812000036239624
50,201,99,paraboloid,baseline,3042,0.018167060799896717,0.022634373046457767,4.407135207884494e-07,0.00040027958836721543,True,0.0199994295835495,0.011436535976827145,0.1197466254234314,0.22703686356544495,0.313137024641037,0.30142041015625,0.4643610174005682,0.5361356950638475,0.42611153089398085,0.2845202497178413,0.3163907301799494,0.3657670315397021,0.4196081729911966,0.20770499110221863,0.9740000367164612,0.7620000243186951
50,201,99,paraboloid,K,3042,0.0286879176273942,0.02300675492733717,3.1366968755719427e-07,0.00040027958836721543,True,0.01696060411632061,0.00595360342413187,0.08498792350292206,0.20699948072433472,0.31507548689842224,0.29536065673828127,0.4424960666232639,0.5339745868158047,0.4054450817624097,0.2752927380965502,0.3016546450586625,0.3452910748392521,0.4183530164666327,0.18488556146621704,0.9740000367164612,0.7620000243186951
50,201,99,paraboloid,K+S,3042,0.0286879176273942,0.02300675492733717,3.1366968755719427e-07,0.00040027958836721543,True,0.01696060411632061,0.00595360342413187,0.08498792350292206,0.20699948072433472,0.31507548689842224,0.29536065673828127,0.4424960666232639,0.5339745868158047,0.4054450817624097,0.2752927380965502,0.3016546450586625,0.3452910748392521,0.4183530164666327,0.18488556146621704,0.9740000367164612,0.7620000243186951
50,201,99,paraboloid,baseline,4042,0.031224253587424755,0.007224416360259056,6.652619788383163e-07,0.00036947618224727574,True,0.046713244169950485,0.023951331153512,0.27070924639701843,0.47236916422843933,0.5879342555999756,0.5450302124023437,0.8137672761357931,0.9869030786429339,0.76068171044836,0.31504849429214765,0.3479140637667856,0.44865275153936934,0.7768801234273413,0.22296468913555145,0.9880000352859497,0.7680000066757202
50,201,99,paraboloid,K,4042,0.03023379296064377,0.007655873196199536,6.183844618590228e-07,0.00036947618224727574,True,0.03797826170921326,0.020682819187641144,0.29313257336616516,0.48286762833595276,0.5877203345298767,0.537489501953125,0.8072517119258283,0.9792138227084388,0.7556542965359834,0.31244389092710245,0.34083699471546003,0.4532148124659288,0.7773390343297804,0.22755058109760284,0.9880000352859497,0.7680000066757202
50,201,99,paraboloid,K+S,4042,0.03023379296064377,0.007655873196199536,6.183844618590228e-07,0.00036947618224727574,True,0.03797826170921326,0.020682819187641144,0.29313257336616516,0.48286762833595276,0.5877203345298767,0.537489501953125,0.8072517119258283,0.9792138227084388,0.7556542965359834,0.31244389092710245,0.34083699471546003,0.4532148124659288,0.7773390343297804,0.22755058109760284,0.9880000352859497,0.7680000066757202
50,201,99,paraboloid,baseline,5042,0.02866889163851738,0.012909641489386559,5.87359664905307e-07,0.000502778967814659,True,0.03785848617553711,0.019652649760246277,0.2931109666824341,0.4645497500896454,0.5585898160934448,1.4109019775390625,1.5360195488633517,1.5856745793269231,1.3212659754300582,1.3319626979186712,1.3362653083572869,1.3250746455763205,1.3248725322132116,0.6855170130729675,0.9880000352859497,0.8060000538825989
50,201,99,paraboloid,K,5042,0.020136800594627857,0.011159775778651237,3.0468820000351116e-07,0.000502778967814659,True,0.018901243805885315,0.00547418650239706,0.28880685567855835,0.46212276816368103,0.5565008521080017,0.5549617919921875,0.7989768599699398,0.8793903304497722,0.3674790674474207,0.31571480960811493,0.32752996652523336,0.32183250970399474,0.33774418076404744,0.18432600796222687,0.9880000352859497,0.8060000538825989
50,201,99,paraboloid,K+S,5042,0.020136800594627857,0.011159775778651237,3.0468820000351116e-07,0.000502778967814659,True,0.018901243805885315,0.00547418650239706,0.28880685567855835,0.46212276816368103,0.5565008521080017,0.5549617919921875,0.7989768599699398,0.8793903304497722,0.3674790674474207,0.31571480960811493,0.32752996652523336,0.32183250970399474,0.33774418076404744,0.18432600796222687,0.9880000352859497,0.8060000538825989
50,201,99,paraboloid,baseline,6042,0.03290287218987942,0.017866303212940693,7.489307165542414e-07,0.0008557919987398593,True,0.048770077526569366,0.026537995785474777,0.1542060673236847,0.35501328110694885,0.5700035095214844,0.37182989501953123,0.6532415673435932,0.9618212098282201,0.9530658971882482,0.3620011574802863,0.4335659635189884,0.6584806644333604,1.0447504508674212,0.30201151967048645,0.9860000610351562,0.784000039100647
50,201,99,paraboloid,K,6042,0.04261254146695137,0.016856173984706402,7.043638277082209e-07,0.0008557919987398593,True,0.046365316957235336,0.020602332428097725,0.1577187180519104,0.2946886420249939,0.4709872603416443,0.3807784423828125,0.6005902883996925,0.8399364788682175,0.8015518213195647,0.3615884762148657,0.40726691324215164,0.5744151637934823,0.8780525606305887,0.2645231783390045,0.9860000610351562,0.784000039100647
50,201,99,paraboloid,K+S,6042,0.04261254146695137,0.016856173984706402,7.043638277082209e-07,0.0008557919987398593,True,0.046365316957235336,0.020602332428097725,0.1577187180519104,0.2946886420249939,0.4709872603416443,0.3807784423828125,0.6005902883996925,0.8399364788682175,0.8015518213195647,0.3615884762148657,0.40726691324215164,0.5744151637934823,0.8780525606305887,0.2645231783390045,0.9860000610351562,0.784000039100647
50,201,99,paraboloid,baseline,7042,0.02530180662870407,0.01453501870855689,9.871334043509705e-07,0.0006760591594734002,True,0.059179358184337616,0.0313090942800045,0.29976239800453186,0.5291036367416382,0.6280266642570496,0.742685302734375,0.9958782922289893,1.110291019562752,0.7787459656990575,0.5770208596585866,0.6063500003812039,0.7007371254209036,0.8094707772291864,0.4481510818004608,0.9920000433921814,0.7920000553131104
50,201,99,paraboloid,K,7042,0.0068120870273560286,0.016003656666725874,3.5642318607642665e-07,0.0006760591594734002,True,0.01647564396262169,0.0044862073846161366,0.25964030623435974,0.4839090406894684,0.5809177160263062,0.4389569091796875,0.7553977584074398,0.8841525662329889,0.442230466218153,0.15754237974858917,0.218131846431908,0.35637891435901803,0.4835446702753476,0.2037481963634491,0.9920000433921814,0.7920000553131104
50,201,99,paraboloid,K+S,7042,0.0068120870273560286,0.016003656666725874,3.5642318607642665e-07,0.0006760591594734002,True,0.01647564396262169,0.0044862073846161366,0.25964030623435974,0.4839090406894684,0.5809177160263062,0.4389569091796875,0.7553977584074398,0.8841525662329889,0.442230466218153,0.15754237974858917,0.218131846431908,0.35637891435901803,0.4835446702753476,0.2037481963634491,0.9920000433921814,0.7920000553131104
50,201,99,paraboloid,baseline,8042,0.021746689453721046,0.018349246121942997,4.5222750486573204e-06,0.0004641286546911173,True,0.02097163535654545,0.0074270982295274734,0.316596657037735,0.5766910910606384,0.6753116846084595,0.7662496337890625,1.061704341299787,1.225100862136995,0.7650802043079706,0.5537727596085584,0.5925783442070061,0.6765795993826166,0.7738658464752738,0.3432665765285492,0.9900000691413879,0.796000063419342
50,201,99,paraboloid,K,8042,0.027810711413621902,0.017524369526654482,4.389155037642922e-06,0.0004641286546911173,True,0.01784539967775345,0.007396341301500797,0.3178337514400482,0.5759556889533997,0.6670494079589844,0.8409419555664063,1.1226750375751502,1.2713460286458333,0.8384126967181511,0.6206104421571748,0.6603031150201165,0.736395564496043,0.8393359235195816,0.4215376377105713,0.9900000691413879,0.796000063419342
50,201,99,paraboloid,K+S,8042,0.027810711413621902,0.017524369526654482,4.389155037642922e-06,0.0004641286546911173,True,0.01784539967775345,0.007396341301500797,0.3178337514400482,0.5759556889533997,0.6670494079589844,0.8409419555664063,1.1226750375751502,1.2713460286458333,0.8384126967181511,0.6206104421571748,0.6603031150201165,0.736395564496043,0.8393359235195816,0.4215376377105713,0.9900000691413879,0.796000063419342
50,201,99,paraboloid,baseline,9042,0.04312320612370968,0.012427971232682467,5.855078200056596e-07,0.0004544780399668869,True,0.04235268011689186,0.015575273893773556,0.40813979506492615,0.6918261051177979,0.8253120183944702,0.825015869140625,1.1384314038232715,1.2633823587436868,0.620443108907348,0.4862137037462279,0.5077885524116188,0.5615566506758752,0.6352618508740783,0.33205047249794006,0.9900000691413879,0.7760000228881836
50,201,99,paraboloid,K,9042,0.03456887509673834,0.014518970157951117,6.499462870124262e-07,0.0004544780399668869,True,0.04588954895734787,0.018709465861320496,0.413061261177063,0.6992464065551758,0.8324679732322693,0.927835693359375,1.2438972182646544,1.3685688673847853,0.8105548720738838,0.6379828422640976,0.6669498330390207,0.7472774565650631,0.8208030672063233,0.41844892501831055,0.9900000691413879,0.7760000228881836
50,201,99,paraboloid,K+S,9042,0.03456887509673834,0.014518970157951117,6.499462870124262e-07,0.0004544780399668869,True,0.04588954895734787,0.018709465861320496,0.413061261177063,0.6992464065551758,0.8324679732322693,0.927835693359375,1.2438972182646544,1.3685688673847853,0.8105548720738838,0.6379828422640976,0.6669498330390207,0.7472774565650631,0.8208030672063233,0.41844892501831055,0.9900000691413879,0.7760000228881836
50,201,99,hyperbolic_paraboloid,baseline,42,0.016725013963878155,0.007510410854592919,3.3447078351400705e-07,0.00025848391933820734,True,0.01871277391910553,0.009953971020877361,0.2662908732891083,0.4814355969429016,0.5695683360099792,0.48165673828125,0.8090568557831364,0.8863813233907518,0.3541206455435383,0.23770411383365325,0.26387417256508233,0.3258832886251389,0.38426532083832937,0.16745199263095856,0.9860000610351562,0.7660000324249268
50,201,99,hyperbolic_paraboloid,K,42,0.011027653235942125,0.008150130975991488,3.8523880618868134e-07,0.00025848391933820734,True,0.0265716053545475,0.012387048453092575,0.26844489574432373,0.47556963562965393,0.5619053244590759,0.53519873046875,0.8293496943575516,0.9074193865483963,0.45660902409573,0.3287846890204106,0.3418174189465715,0.426685507227843,0.4944908157752914,0.23341070115566254,0.9860000610351562,0.7660000324249268
50,201,99,hyperbolic_paraboloid,K+S,42,0.011027653235942125,0.008150130975991488,3.8523880618868134e-07,0.00025848391933820734,True,0.0265716053545475,0.012387048453092575,0.26844489574432373,0.47556963562965393,0.5619053244590759,0.53519873046875,0.8293496943575516,0.9074193865483963,0.45660902409573,0.3287846890204106,0.3418174189465715,0.426685507227843,0.4944908157752914,0.23341070115566254,0.9860000610351562,0.7660000324249268
50,201,99,hyperbolic_paraboloid,baseline,1042,0.007723052520304918,0.013116111978888512,1.5937898183437937e-06,0.00044431163007347145,True,0.02242889255285263,0.009236711077392101,0.3192593455314636,0.5765505433082581,0.6849019527435303,0.580580810546875,0.9303287981025665,1.0610411738006162,0.47154483613696363,0.26034098786631,0.313815922086024,0.4227212648037899,0.4759814012083504,0.15545068681240082,0.9940000176429749,0.800000011920929
50,201,99,hyperbolic_paraboloid,K,1042,0.012963392306119204,0.01287025399506092,1.8677895923246979e-06,0.00044431163007347145,True,0.0219685398042202,0.010307488963007927,0.32422226667404175,0.5849301218986511,0.6937313079833984,0.5996585693359375,0.9510832024386608,1.0777543680049044,0.4819045285134239,0.2923212675380852,0.3455432716231771,0.444074881685619,0.4779383170249463,0.1674342006444931,0.9940000176429749,0.800000011920929
50,201,99,hyperbolic_paraboloid,K+S,1042,0.012963392306119204,0.01287025399506092,1.8677895923246979e-06,0.00044431163007347145,True,0.0219685398042202,0.010307488963007927,0.32422226667404175,0.5849301218986511,0.6937313079833984,0.5996585693359375,0.9510832024386608,1.0777543680049044,0.4819045285134239,0.2923212675380852,0.3455432716231771,0.444074881685619,0.4779383170249463,0.1674342006444931,0.9940000176429749,0.800000011920929
50,201,99,hyperbolic_paraboloid,baseline,2042,0.008825174067169428,0.008185490733012557,3.877148486708393e-07,0.0006064043486889322,True,0.014361049048602581,0.005891576409339905,0.0769454762339592,0.22719928622245789,0.3759748935699463,0.1467518310546875,0.36108373726910425,0.5766598454803653,0.5453515282018584,0.1389971139946021,0.1886787833398261,0.3333929258244549,0.5279010558205501,0.15457090735435486,0.9820000529289246,0.812000036239624
50,201,99,hyperbolic_paraboloid,K,2042,0.03218850772827864,0.00840028771199286,8.164267626398214e-07,0.0006064043486889322,True,0.04920291528105736,0.024550627917051315,0.1154933050274849,0.23700062930583954,0.3826909363269806,0.43520672607421873,0.543064318205181,0.711371396563932,0.6570679851919854,0.4240639964439059,0.4320706747702471,0.49464324698941403,0.6415216975824205,0.27171590924263,0.9820000529289246,0.812000036239624
50,201,99,hyperbolic_paraboloid,K+S,2042,0.03218850772827864,0.00840028771199286,8.164267626398214e-07,0.0006064043486889322,True,0.04920291528105736,0.024550627917051315,0.1154933050274849,0.23700062930583954,0.3826909363269806,0.43520672607421873,0.543064318205181,0.711371396563932,0.6570679851919854,0.4240639964439059,0.4320706747702471,0.49464324698941403,0.6415216975824205,0.27171590924263,0.9820000529289246,0.812000036239624
50,201,99,hyperbolic_paraboloid,baseline,3042,0.006983176106587052,0.015323609113693237,2.3520006919852676e-07,0.0004665790431535066,True,0.015816206112504005,0.005603127181529999,0.08202246576547623,0.16972118616104126,0.2520904839038849,0.1804636688232422,0.30977789368292297,0.3980001649327836,0.28636717346029494,0.1610072464472943,0.1893341409938159,0.21934364300479162,0.29159417000553106,0.0974888727068901,0.9740000367164612,0.7620000243186951
50,201,99,hyperbolic_paraboloid,K,3042,0.00812989054247737,0.015351029112935066,2.2834495894130669e-07,0.0004665790431535066,True,0.013851487077772617,0.005037629045546055,0.08517710119485855,0.1692783236503601,0.2524570822715759,0.2272014617919922,0.34545645665640784,0.43468696233917803,0.32393285658969295,0.20921115139020569,0.23587512626889678,0.2640801272906628,0.3320159491599822,0.134229838848114,0.9740000367164612,0.7620000243186951
50,201,99,hyperbolic_paraboloid,K+S,3042,0.00812989054247737,0.015351029112935066,2.2834495894130669e-07,0.0004665790431535066,True,0.013851487077772617,0.005037629045546055,0.08517710119485855,0.1692783236503601,0.2524570822715759,0.2272014617919922,0.34545645665640784,0.43468696233917803,0.32393285658969295,0.20921115139020569,0.23587512626889678,0.2640801272906628,0.3320159491599822,0.134229838848114,0.9740000367164612,0.7620000243186951
50,201,99,hyperbolic_paraboloid,baseline,4042,0.01883818209171295,0.005982888396829367,3.71694056866545e-07,0.00020100228228972326,True,0.02234240248799324,0.011474786326289177,0.25953760743141174,0.45822790265083313,0.5586869716644287,0.6204635009765626,0.9200465190841491,1.035935930877562,0.6217058917555314,0.43278891406379316,0.45801688346162717,0.5177880663062958,0.6474183648987754,0.2753477692604065,0.9880000352859497,0.7680000066757202
50,201,99,hyperbolic_paraboloid,K,4042,0.016613766085356474,0.005482654320076108,4.1677191120470525e-07,0.00020100228228972326,True,0.024856191128492355,0.012916218489408493,0.25927481055259705,0.4504520297050476,0.535702645778656,0.5429721069335938,0.8499350796741654,0.9418336814231718,0.4855804822068575,0.31263148209068076,0.3371118091949156,0.4086989348156435,0.5138555803804059,0.2013155221939087,0.9880000352859497,0.7680000066757202
50,201,99,hyperbolic_paraboloid,K+S,4042,0.016613766085356474,0.005482654320076108,4.1677191120470525e-07,0.00020100228228972326,True,0.024856191128492355,0.012916218489408493,0.25927481055259705,0.4504520297050476,0.535702645778656,0.5429721069335938,0.8499350796741654,0.9418336814231718,0.4855804822068575,0.31263148209068076,0.3371118091949156,0.4086989348156435,0.5138555803804059,0.2013155221939087,0.9880000352859497,0.7680000066757202
50,201,99,hyperbolic_paraboloid,baseline,5042,0.009952521417289972,0.00998973473906517,2.5352252208676873e-07,0.000372907489686463,True,0.015643417835235596,0.006426594220101833,0.2874380350112915,0.4689301550388336,0.5641502141952515,0.4983032531738281,0.7732296869128883,0.8669198843149039,0.29939712905338806,0.20688692670978284,0.22326768269643343,0.23843719983553685,0.2764979779000484,0.11706129461526871,0.9880000352859497,0.8060000538825989
50,201,99,hyperbolic_paraboloid,K,5042,0.02145807445049286,0.01008999953046441,4.137467755072066e-07,0.000372907489686463,True,0.022649921476840973,0.013218862935900688,0.2884318232536316,0.46714138984680176,0.5614935159683228,0.5291858520507813,0.7904588473822646,0.880615234375,0.3337095849674917,0.2711975748766798,0.2940275428820093,0.2995634824320505,0.3326533912109819,0.15739403665065765,0.9880000352859497,0.8060000538825989
50,201,99,hyperbolic_paraboloid,K+S,5042,0.02145807445049286,0.01008999953046441,4.137467755072066e-07,0.000372907489686463,True,0.022649921476840973,0.013218862935900688,0.2884318232536316,0.46714138984680176,0.5614935159683228,0.5291858520507813,0.7904588473822646,0.880615234375,0.3337095849674917,0.2711975748766798,0.2940275428820093,0.2995634824320505,0.3326533912109819,0.15739403665065765,0.9880000352859497,0.8060000538825989
50,201,99,hyperbolic_paraboloid,baseline,6042,0.027929172851145267,0.010857078712433577,4.607735206718644e-07,0.0014957194008044343,True,0.019157269969582558,0.012764303013682365,0.2733863294124603,0.5045117735862732,0.5921036005020142,0.750253173828125,1.0342832511687374,1.0890634161463615,0.6843707874047642,0.6074778645510196,0.6269140184409486,0.6771484063060316,0.7443631091070408,0.3623315095901489,0.9860000610351562,0.784000039100647
50,201,99,hyperbolic_paraboloid,K,6042,0.006733274320140481,0.010036068968474865,2.660369560203435e-07,0.0014957194008044343,True,0.012843741104006767,0.005990448407828808,0.25836655497550964,0.5091844797134399,0.608810544013977,0.47682672119140623,0.8531663274190512,0.9324428720841785,0.46731593122393134,0.2511027017724431,0.3011112689884857,0.4074525038810224,0.5588088897249709,0.17762871086597443,0.9860000610351562,0.784000039100647
50,201,99,hyperbolic_paraboloid,K+S,6042,0.006733274320140481,0.010036068968474865,2.660369560203435e-07,0.0014957194008044343,True,0.012843741104006767,0.005990448407828808,0.25836655497550964,0.5091844797134399,0.608810544013977,0.47682672119140623,0.8531663274190512,0.9324428720841785,0.46731593122393134,0.2511027017724431,0.3011112689884857,0.4074525038810224,0.5588088897249709,0.17762871086597443,0.9860000610351562,0.784000039100647
50,201,99,hyperbolic_paraboloid,baseline,7042,0.022955888882279396,0.012955602258443832,5.007902359466243e-07,0.00028315375545131627,True,0.018678203225135803,0.010194040834903717,0.279035747051239,0.48571205139160156,0.575964629650116,0.6308629150390626,0.8732324267675977,0.9782658853838521,0.5711278824234992,0.431106681164683,0.4458988256280365,0.5176005194275699,0.611803835920423,0.3168777823448181,0.9920000433921814,0.7920000553131104
50,201,99,hyperbolic_paraboloid,K,7042,0.022873852401971817,0.013120365794748068,5.593138894255389e-07,0.00028315375545131627,True,0.027019895613193512,0.014752366580069065,0.2879909873008728,0.47809210419654846,0.5661987662315369,0.5704332275390624,0.8127408992790268,0.9189221166795299,0.483019528961478,0.35334819689560404,0.37248132721138144,0.4391148012263499,0.5250495659378535,0.25109076499938965,0.9920000433921814,0.7920000553131104
50,201,99,hyperbolic_paraboloid,K+S,7042,0.022873852401971817,0.013120365794748068,5.593138894255389e-07,0.00028315375545131627,True,0.027019895613193512,0.014752366580069065,0.2879909873008728,0.47809210419654846,0.5661987662315369,0.5704332275390624,0.8127408992790268,0.9189221166795299,0.483019528961478,0.35334819689560404,0.37248132721138144,0.4391148012263499,0.5250495659378535,0.25109076499938965,0.9920000433921814,0.7920000553131104
50,201,99,hyperbolic_paraboloid,baseline,8042,0.015821861568838358,0.01192526239901781,5.777959586339421e-07,0.00032594173553571177,True,0.041842568665742874,0.017411595210433006,0.2951415479183197,0.5226626992225647,0.6347306370735168,0.5401480102539062,0.8465404930955661,1.0400578046085858,0.49966602442167224,0.29104732951516765,0.31554169482680877,0.3752624227027371,0.5137571310771738,0.15164022147655487,0.9900000691413879,0.796000063419342
50,201,99,hyperbolic_paraboloid,K,8042,0.02472977340221405,0.011117151007056236,3.385889897344896e-07,0.00032594173553571177,True,0.020540587604045868,0.008059141226112843,0.292233943939209,0.5317775011062622,0.6582330465316772,0.5322159423828124,0.8680936090931863,1.0950148457228535,0.5991578565145879,0.2570558861857204,0.2914488525623131,0.396825378336383,0.6104655257828796,0.17828886210918427,0.9900000691413879,0.796000063419342
50,201,99,hyperbolic_paraboloid,K+S,8042,0.02472977340221405,0.011117151007056236,3.385889897344896e-07,0.00032594173553571177,True,0.020540587604045868,0.008059141226112843,0.292233943939209,0.5317775011062622,0.6582330465316772,0.5322159423828124,0.8680936090931863,1.0950148457228535,0.5991578565145879,0.2570558861857204,0.2914488525623131,0.396825378336383,0.6104655257828796,0.17828886210918427,0.9900000691413879,0.796000063419342
50,201,99,hyperbolic_paraboloid,baseline,9042,0.020102226175367832,0.009124603122472763,4.742776695820794e-07,0.0006957037087103621,True,0.023132948204874992,0.013722025789320469,0.29989781975746155,0.5325241088867188,0.6561329960823059,0.595110107421875,0.8900703017362851,1.040054105508207,0.5967359289340847,0.3538279572701074,0.3853330126061181,0.5011346722263961,0.6037697686964087,0.2971978783607483,0.9900000691413879,0.7760000228881836
50,201,99,hyperbolic_paraboloid,K,9042,0.03931182436645031,0.008647294249385595,6.49675200747879e-07,0.0006957037087103621,True,0.04690144211053848,0.020828761160373688,0.30528461933135986,0.5382305979728699,0.6510387659072876,0.689947265625,0.9521406093436874,1.0692441998106061,0.624240537602634,0.4760636203121036,0.5039225819142151,0.5728657226331622,0.5966130169731994,0.32430386543273926,0.9900000691413879,0.7760000228881836
50,201,99,hyperbolic_paraboloid,K+S,9042,0.03931182436645031,0.008647294249385595,6.49675200747879e-07,0.0006957037087103621,True,0.04690144211053848,0.020828761160373688,0.30528461933135986,0.5382305979728699,0.6510387659072876,0.689947265625,0.9521406093436874,1.0692441998106061,0.624240537602634,0.4760636203121036,0.5039225819142151,0.5728657226331622,0.5966130169731994,0.32430386543273926,0.9900000691413879,0.7760000228881836
100,11,4,paraboloid,baseline,42,0.0022137573396321386,0.19869178161025047,2.494461500646139e-05,0.0007415564561432058,True,0.003695446765050292,0.001316416310146451,0.2571415305137634,0.49799349904060364,0.615220844745636,0.40505517578125,0.6915470484037035,0.7863455070201572,0.30062371091580803,0.15221352282960213,0.18109430208302207,0.1795464427620771,0.30545764103111755,0.11536361277103424,0.9860000610351562,0.7660000324249268
100,11,4,paraboloid,K,42,0.0012050574005115777,0.2007034383714199,2.6201118089375086e-05,0.0007415564561432058,True,0.0017123480793088675,0.0006640108767896891,0.25857147574424744,0.49934589862823486,0.6192981600761414,0.39876287841796876,0.6889208173847774,0.7864444260664935,0.3063178534003518,0.1468745585932865,0.18103216085912224,0.18298614429903792,0.31281374726500394,0.11562371999025345,0.9860000610351562,0.7660000324249268
100,11,4,paraboloid,K+S,42,0.0012050574005115777,0.2007034383714199,2.6201118089375086e-05,0.0007415564561432058,True,0.0017123480793088675,0.0006640108767896891,0.25857147574424744,0.49934589862823486,0.6192981600761414,0.39876287841796876,0.6889208173847774,0.7864444260664935,0.3063178534003518,0.1468745585932865,0.18103216085912224,0.18298614429903792,0.31281374726500394,0.11562371999025345,0.9860000610351562,0.7660000324249268
100,11,4,paraboloid,baseline,1042,0.001337779191089794,0.13839038275182247,6.350566036417149e-05,0.0006677649745886976,True,0.0036717760376632214,0.0007882717181928456,0.26358163356781006,0.4902459979057312,0.5978010892868042,0.40505615234375,0.6867831433154493,0.8168396364515216,0.23934188729622913,0.19052262846533166,0.20668674877917498,0.2400782046332482,0.23216980127365697,0.08355603367090225,0.9940000176429749,0.800000011920929
100,11,4,paraboloid,K,1042,0.0017448572907596827,0.1412455439567566,6.206817033671541e-05,0.0006677649745886976,True,0.0031502963975071907,0.0008673943812027574,0.2664453685283661,0.4931289553642273,0.6015293598175049,0.411468994140625,0.6949413866403112,0.8243756361410651,0.24595840536899985,0.20044571903405392,0.21598568993767167,0.25091089904495845,0.23391830167384697,0.08362805098295212,0.9940000176429749,0.800000011920929
100,11,4,paraboloid,K+S,1042,0.0017448572907596827,0.1412455439567566,6.206817033671541e-05,0.0006677649745886976,True,0.0031502963975071907,0.0008673943812027574,0.2664453685283661,0.4931289553642273,0.6015293598175049,0.411468994140625,0.6949413866403112,0.8243756361410651,0.24595840536899985,0.20044571903405392,0.21598568993767167,0.25091089904495845,0.23391830167384697,0.08362805098295212,0.9940000176429749,0.800000011920929
100,11,4,paraboloid,baseline,2042,0.002338641439564526,0.21044988557696342,3.792359711951576e-05,0.0006138113835318522,True,0.0057734535075724125,0.0026919725351035595,0.2639509439468384,0.5209667086601257,0.6673362851142883,0.4387710266113281,0.7985173275596217,0.986489227978615,0.5916049108984215,0.20811371942388618,0.28267764398922457,0.4136128344896264,0.6491008426361727,0.1641533076763153,0.9820000529289246,0.812000036239624
100,11,4,paraboloid,K,2042,0.0012156298907939345,0.20749086886644363,2.319318673471571e-05,0.0006138113835318522,True,0.001919167349115014,0.000731266220100224,0.26346760988235474,0.5202197432518005,0.6657888889312744,0.43460467529296876,0.7927264008927442,0.9794281689552571,0.590218119821311,0.21078215617647691,0.2879203386997481,0.4129360169217091,0.6451507669399923,0.16463986039161682,0.9820000529289246,0.812000036239624
100,11,4,paraboloid,K+S,2042,0.0012156298907939345,0.20749086886644363,2.319318673471571e-05,0.0006138113835318522,True,0.001919167349115014,0.000731266220100224,0.26346760988235474,0.5202197432518005,0.6657888889312744,0.43460467529296876,0.7927264008927442,0.9794281689552571,0.590218119821311,0.21078215617647691,0.2879203386997481,0.4129360169217091,0.6451507669399923,0.16463986039161682,0.9820000529289246,0.812000036239624
100,11,4,paraboloid,baseline,3042,0.0022456631995737553,0.13260850682854652,3.730075604835292e-05,0.0003310762430456552,True,0.005315052345395088,0.003142605535686016,0.2875128388404846,0.49771547317504883,0.574466347694397,0.48017413330078124,0.7808596832583649,0.8300798169396496,0.23373756071569812,0.17118108794285203,0.2058298703807792,0.22286752933549536,0.27301552949524116,0.07318031042814255,0.9740000367164612,0.7620000243186951
100,11,4,paraboloid,K,3042,0.0013566479028668255,0.13017665222287178,1.990888131331303e-05,0.0003310762430456552,True,0.0012056087143719196,0.0007600057870149612,0.28864023089408875,0.49872151017189026,0.5754008889198303,0.48432830810546873,0.7841367162839331,0.8300409649921394,0.21965203823224097,0.16812731815586726,0.19984054696954434,0.20338273075757438,0.24954059146005939,0.05510227382183075,0.9740000367164612,0.7620000243186951
100,11,4,paraboloid,K+S,3042,0.0013566479028668255,0.13017665222287178,1.990888131331303e-05,0.0003310762430456552,True,0.0012056087143719196,0.0007600057870149612,0.28864023089408875,0.49872151017189026,0.5754008889198303,0.48432830810546873,0.7841367162839331,0.8300409649921394,0.21965203823224097,0.16812731815586726,0.19984054696954434,0.20338273075757438,0.24954059146005939,0.05510227382183075,0.9740000367164612,0.7620000243186951
100,11,4,paraboloid,baseline,4042,0.0016254867077805102,0.2045387141406536,0.0001090634459615103,0.00025991291146386754,True,0.004282759036868811,0.0016059514600783587,0.256765216588974,0.5089897513389587,0.6427175402641296,0.38349212646484376,0.7186400019021398,0.8352312713499493,0.33506273362323996,0.18617627737416648,0.19944889536371158,0.2631991127092247,0.33380877096415373,0.12163692712783813,0.9880000352859497,0.7680000066757202
100,11,4,paraboloid,K,4042,0.001618875248823315,0.20319246128201485,8.934936431614915e-05,0.00025991291146386754,True,0.0036327214911580086,0.0013104157987982035,0.2508947253227234,0.501003086566925,0.6354876756668091,0.375919921875,0.7054237457643072,0.8197985197368421,0.31605674780885773,0.17379331466355186,0.18517992845990958,0.25280786896100566,0.321171259951391,0.11333280056715012,0.9880000352859497,0.7680000066757202
100,11,4,paraboloid,K+S,4042,0.001618875248823315,0.20319246128201485,8.934936431614915e-05,0.00025991291146386754,True,0.0036327214911580086,0.0013104157987982035,0.2508947253227234,0.501003086566925,0.6354876756668091,0.375919921875,0.7054237457643072,0.8197985197368421,0.31605674780885773,0.17379331466355186,0.18517992845990958,0.25280786896100566,0.321171259951391,0.11333280056715012,0.9880000352859497,0.7680000066757202
100,11,4,paraboloid,baseline,5042,0.0011106357269454747,0.15729086473584175,1.859184931163327e-05,0.00018112873658537865,True,0.0018094892147928476,0.0006973270792514086,0.39483776688575745,0.6467844247817993,0.7575568556785583,0.63531005859375,0.9927743670935621,1.070198337076164,0.21433824241277166,0.17906673339904475,0.24720718123397137,0.28322721883074325,0.24701232681675916,0.050674326717853546,0.9880000352859497,0.8060000538825989
100,11,4,paraboloid,K,5042,0.00122764814295806,0.16107899881899357,1.6738220665502013e-05,0.00018112873658537865,True,0.001731620286591351,0.0005043932469561696,0.3938923180103302,0.6471642255783081,0.7579060196876526,0.6341676635742187,0.9928322220613102,1.0713053714891194,0.23143294227765973,0.18894288137849646,0.2521904646069183,0.2941071076952429,0.25201935130442343,0.06367813050746918,0.9880000352859497,0.8060000538825989
100,11,4,paraboloid,K+S,5042,0.00122764814295806,0.16107899881899357,1.6738220665502013e-05,0.00018112873658537865,True,0.001731620286591351,0.0005043932469561696,0.3938923180103302,0.6471642255783081,0.7579060196876526,0.6341676635742187,0.9928322220613102,1.0713053714891194,0.23143294227765973,0.18894288137849646,0.2521904646069183,0.2941071076952429,0.25201935130442343,0.06367813050746918,0.9880000352859497,0.8060000538825989
100,11,4,paraboloid,baseline,6042,0.001360519032459706,0.3948455937206745,0.00032646305044181645,0.0002397963438521732,True,0.002719384850934148,0.0007744157919660211,0.1742561310529709,0.3587585985660553,0.4795803725719452,0.28015155029296873,0.5388579464341742,0.6817419582158025,0.5568465623671328,0.17123522727230805,0.22350325928423742,0.34556540112582956,0.5799066825880931,0.26112252473831177,0.9860000610351562,0.784000039100647
100,11,4,paraboloid,K,6042,0.001904729986563325,0.39287346974015236,3.8118098927952815e-05,0.0002397963438521732,True,0.0029107092414051294,0.0013697263784706593,0.2529295086860657,0.503588080406189,0.6340344548225403,0.42342138671875,0.7907244211219879,0.8911146430891861,0.43495809561246296,0.16528066758671456,0.21302468822046705,0.32370790669188276,0.49629010491137254,0.18875086307525635,0.9860000610351562,0.784000039100647
100,11,4,paraboloid,K+S,6042,0.001904729986563325,0.39287346974015236,3.8118098927952815e-05,0.0002397963438521732,True,0.0029107092414051294,0.0013697263784706593,0.2529295086860657,0.503588080406189,0.6340344548225403,0.42342138671875,0.7907244211219879,0.8911146430891861,0.43495809561246296,0.16528066758671456,0.21302468822046705,0.32370790669188276,0.49629010491137254,0.18875086307525635,0.9860000610351562,0.784000039100647
100,11,4,paraboloid,baseline,7042,0.006816560169681907,0.18613325245678425,6.8073069996899e-05,0.00025419512001628226,True,0.010337057523429394,0.004777928814291954,0.28674277663230896,0.5376744866371155,0.6446608901023865,0.460071533203125,0.7984215501315131,0.9162053754252772,0.43771754159774795,0.18633948123775837,0.2381122242901342,0.3511535088103774,0.4758603314011078,0.2240913063287735,0.9920000433921814,0.7920000553131104
100,11,4,paraboloid,K,7042,0.006055739300791174,0.18753093294799328,9.417188266525045e-05,0.00025419512001628226,True,0.013386819511651993,0.005966760218143463,0.2915864586830139,0.5455390214920044,0.6522392630577087,0.4647225341796875,0.8080306120052605,0.926193606468939,0.44702034428573223,0.19140622546927868,0.24421744586368355,0.3630342299005457,0.49149631900558044,0.23544955253601074,0.9920000433921814,0.7920000553131104
100,11,4,paraboloid,K+S,7042,0.006055739300791174,0.18753093294799328,9.417188266525045e-05,0.00025419512001628226,True,0.013386819511651993,0.005966760218143463,0.2915864586830139,0.5455390214920044,0.6522392630577087,0.4647225341796875,0.8080306120052605,0.926193606468939,0.44702034428573223,0.19140622546927868,0.24421744586368355,0.3630342299005457,0.49149631900558044,0.23544955253601074,0.9920000433921814,0.7920000553131104
100,11,4,paraboloid,baseline,8042,0.0008044583373703063,0.2040818128734827,0.0004541326306934934,0.00040435494685714895,True,0.00209985813125968,0.0006219156784936786,0.25762683153152466,0.4114890992641449,0.48317569494247437,0.45033984375,0.683322577772733,0.838265960385101,0.5431751394258265,0.19037906057593793,0.23667917630625088,0.34463709312904667,0.4626804600469078,0.1334218978881836,0.9900000691413879,0.796000063419342
100,11,4,paraboloid,K,8042,0.0023676773707848042,0.20427605137228966,0.00048556776164332405,0.00040435494685714895,True,0.007649060804396868,0.0033078084234148264,0.25878092646598816,0.4137934446334839,0.48488643765449524,0.45137030029296876,0.6791452778604083,0.8271292638297033,0.5237142699851177,0.19837217009138353,0.24494679939871727,0.35337401856072764,0.4611710750252084,0.13732513785362244,0.9900000691413879,0.796000063419342
100,11,4,paraboloid,K+S,8042,0.0023676773707848042,0.20427605137228966,0.00048556776164332405,0.00040435494685714895,True,0.007649060804396868,0.0033078084234148264,0.25878092646598816,0.4137934446334839,0.48488643765449524,0.45137030029296876,0.6791452778604083,0.8271292638297033,0.5237142699851177,0.19837217009138353,0.24494679939871727,0.35337401856072764,0.4611710750252084,0.13732513785362244,0.9900000691413879,0.796000063419342
100,11,4,paraboloid,baseline,9042,0.00545615772716701,0.32489708438515663,6.953087176952977e-05,0.0011812441728331826,True,0.008150339126586914,0.0029368139803409576,0.1440676599740982,0.27779415249824524,0.3544984757900238,0.24300790405273437,0.4385607151803607,0.5189158430003157,0.3338787756696351,0.17951010745929813,0.2304530638578485,0.24906159908745865,0.3264252986122857,0.10915844142436981,0.9900000691413879,0.7760000228881836
100,11,4,paraboloid,K,9042,0.004261131776729599,0.33550113439559937,6.170069445943227e-05,0.0011812441728331826,True,0.005667333025485277,0.0021734090987592936,0.14311185479164124,0.2800157368183136,0.360882043838501,0.23988331604003907,0.4390984116670842,0.5281041000828598,0.35570141535830396,0.1793211947355175,0.23345011441424915,0.2636813998089711,0.35228685540577415,0.1298520565032959,0.9900000691413879,0.7760000228881836
100,11,4,paraboloid,K+S,9042,0.004261131776729599,0.33550113439559937,6.170069445943227e-05,0.0011812441728331826,True,0.005667333025485277,0.0021734090987592936,0.14311185479164124,0.2800157368183136,0.360882043838501,0.23988331604003907,0.4390984116670842,0.5281041000828598,0.35570141535830396,0.1793211947355175,0.23345011441424915,0.2636813998089711,0.35228685540577415,0.1298520565032959,0.9900000691413879,0.7760000228881836
100,11,4,hyperbolic_paraboloid,baseline,42,0.0028775549144484103,0.17909836396574974,1.680400282566552e-05,0.00016556902449916709,True,0.002036609686911106,0.0009158185566775501,0.26112088561058044,0.5158824920654297,0.6423559784889221,0.3919242858886719,0.6968276332801496,0.8261898265165442,0.327795368092174,0.1508747805176957,0.1885692657911908,0.19527033260508014,0.34005052037027955,0.08963453024625778,0.9860000610351562,0.7660000324249268
100,11,4,hyperbolic_paraboloid,K,42,0.009325512102805078,0.15512827783823013,2.4671115170349367e-05,0.00016556902449916709,True,0.0040175882168114185,0.0017056164797395468,0.25739458203315735,0.507574737071991,0.626958966255188,0.39875885009765627,0.6912335831394618,0.8062618480009192,0.3049685699132983,0.16271973215648636,0.19616288063335438,0.1874552482763116,0.3080109061035186,0.08986961841583252,0.9860000610351562,0.7660000324249268
100,11,4,hyperbolic_paraboloid,K+S,42,0.009325512102805078,0.15512827783823013,2.4671115170349367e-05,0.00016556902449916709,True,0.0040175882168114185,0.0017056164797395468,0.25739458203315735,0.507574737071991,0.626958966255188,0.39875885009765627,0.6912335831394618,0.8062618480009192,0.3049685699132983,0.16271973215648636,0.19616288063335438,0.1874552482763116,0.3080109061035186,0.08986961841583252,0.9860000610351562,0.7660000324249268
100,11,4,hyperbolic_paraboloid,baseline,1042,0.0025186603888869286,0.13743388652801514,2.30025548262347e-05,0.0003531282047995112,True,0.0037636933848261833,0.0011883336119353771,0.3061353862285614,0.5836499929428101,0.6953130960464478,0.5034641418457031,0.8572551926455824,1.0038920043699697,0.3421900407178055,0.17748499625482123,0.20140202581408392,0.302709458272646,0.34084042137306453,0.11898944526910782,0.9940000176429749,0.800000011920929
100,11,4,hyperbolic_paraboloid,K,1042,0.002004712325287983,0.14001857861876488,2.1965630821796367e-05,0.0003531282047995112,True,0.0033599985763430595,0.0010747453197836876,0.3088119626045227,0.5901488065719604,0.7040238976478577,0.5054112854003906,0.8632583924565449,1.0131834709428447,0.36107040060187484,0.18103255222939574,0.209476779542288,0.31317738440488424,0.36222544582412447,0.12928254902362823,0.9940000176429749,0.800000011920929
100,11,4,hyperbolic_paraboloid,K+S,1042,0.002004712325287983,0.14001857861876488,2.1965630821796367e-05,0.0003531282047995112,True,0.0033599985763430595,0.0010747453197836876,0.3088119626045227,0.5901488065719604,0.7040238976478577,0.5054112854003906,0.8632583924565449,1.0131834709428447,0.36107040060187484,0.18103255222939574,0.209476779542288,0.31317738440488424,0.36222544582412447,0.12928254902362823,0.9940000176429749,0.800000011920929
100,11,4,hyperbolic_paraboloid,baseline,2042,0.0009759459207998589,0.18478787317872047,1.665431182118482e-05,0.00017465406563133,True,0.0022363702300935984,0.000689169391989708,0.2660842835903168,0.5465568900108337,0.7343067526817322,0.4266633911132813,0.7924099200167637,1.0210496704350178,0.7296421424408697,0.19495427625636108,0.28354287113884435,0.4575624000585268,0.752227819324126,0.18209651112556458,0.9820000529289246,0.812000036239624
100,11,4,hyperbolic_paraboloid,K,2042,0.0008746441744733602,0.1809979248791933,1.4582996641365753e-05,0.00017465406563133,True,0.0019272868521511555,0.0007859499892219901,0.2661423981189728,0.5467938780784607,0.7345580458641052,0.42705419921875,0.7923803290857477,1.0207858891691064,0.7200563012554267,0.1902367067650914,0.2744750019876253,0.44960300055690033,0.7437133614979844,0.18126845359802246,0.9820000529289246,0.812000036239624
100,11,4,hyperbolic_paraboloid,K+S,2042,0.0008746441744733602,0.1809979248791933,1.4582996641365753e-05,0.00017465406563133,True,0.0019272868521511555,0.0007859499892219901,0.2661423981189728,0.5467938780784607,0.7345580458641052,0.42705419921875,0.7923803290857477,1.0207858891691064,0.7200563012554267,0.1902367067650914,0.2744750019876253,0.44960300055690033,0.7437133614979844,0.18126845359802246,0.9820000529289246,0.812000036239624
100,11,4,hyperbolic_paraboloid,baseline,3042,0.008381085935980082,0.11861085705459118,7.612170156789944e-05,7.659596369855784e-05,True,0.013663521967828274,0.008201979100704193,0.3026796877384186,0.5242795944213867,0.6110261678695679,0.5236279907226562,0.8318476513178662,0.9056396484375,0.30331812123030144,0.20158084109948238,0.22296181534440596,0.24113524667760952,0.2916482155066015,0.09689276665449142,0.9740000367164612,0.7620000243186951
100,11,4,hyperbolic_paraboloid,K,3042,0.00208524166373536,0.11819902993738651,2.0953711100446526e-05,7.659596369855784e-05,True,0.0018275103066116571,0.0008107296307571232,0.29687249660491943,0.5249707102775574,0.6127867698669434,0.5103636474609375,0.8315199110243056,0.9105288527095098,0.294137370992004,0.1691950472651489,0.19793759381169304,0.23933037935451132,0.30424483169308003,0.09324637800455093,0.9740000367164612,0.7620000243186951
100,11,4,hyperbolic_paraboloid,K+S,3042,0.00208524166373536,0.11819902993738651,2.0953711100446526e-05,7.659596369855784e-05,True,0.0018275103066116571,0.0008107296307571232,0.29687249660491943,0.5249707102775574,0.6127867698669434,0.5103636474609375,0.8315199110243056,0.9105288527095098,0.294137370992004,0.1691950472651489,0.19793759381169304,0.23933037935451132,0.30424483169308003,0.09324637800455093,0.9740000367164612,0.7620000243186951
100,11,4,hyperbolic_paraboloid,baseline,4042,0.002096541109494865,0.16181925870478153,2.4492146621923894e-05,0.00010850956790487875,True,0.001575229223817587,0.0007986401906237006,0.3840404152870178,0.7197423577308655,0.8463665843009949,0.6219913330078125,1.0754672743709213,1.1714749355547824,0.426568739695033,0.19622879471445398,0.2420013319350548,0.32678965468647714,0.4248811970794287,0.1015971228480339,0.9880000352859497,0.7680000066757202
100,11,4,hyperbolic_paraboloid,K,4042,0.00348231679527089,0.16513672284781933,3.3643317237874726e-05,0.00010850956790487875,True,0.0032613384537398815,0.0020490670576691628,0.3876829445362091,0.7199153304100037,0.8419827818870544,0.6294263305664063,1.0805816037587852,1.171559816429972,0.4364600246643717,0.22380901686396248,0.27534301654614574,0.3366570095391794,0.42578377070395296,0.09934394061565399,0.9880000352859497,0.7680000066757202
100,11,4,hyperbolic_paraboloid,K+S,4042,0.00348231679527089,0.16513672284781933,3.3643317237874726e-05,0.00010850956790487875,True,0.0032613384537398815,0.0020490670576691628,0.3876829445362091,0.7199153304100037,0.8419827818870544,0.6294263305664063,1.0805816037587852,1.171559816429972,0.4364600246643717,0.22380901686396248,0.27534301654614574,0.3366570095391794,0.42578377070395296,0.09934394061565399,0.9880000352859497,0.7680000066757202
100,11,4,hyperbolic_paraboloid,baseline,5042,0.0018234195886179805,0.1793567892163992,1.594053014741803e-05,0.0007570026103745807,True,0.0033635119907557964,0.001031894818879664,0.3970467746257782,0.6811506152153015,0.8140997886657715,0.6301209716796875,1.0359536211094063,1.1568143898658907,0.5611917511448113,0.18089460054076145,0.24907948256833176,0.4055905449768865,0.5794688781395271,0.17186979949474335,0.9880000352859497,0.8060000538825989
100,11,4,hyperbolic_paraboloid,K,5042,0.0014140144776320085,0.18678509630262852,1.495199762757693e-05,0.0007570026103745807,True,0.003197641344740987,0.0008349264971911907,0.39974379539489746,0.6873977780342102,0.8217635750770569,0.6308302001953126,1.0399902588379886,1.1627731014359817,0.5766016084301224,0.1842765201029141,0.25217133166792627,0.41413014245852253,0.5948260044337907,0.17824004590511322,0.9880000352859497,0.8060000538825989
100,11,4,hyperbolic_paraboloid,K+S,5042,0.0014140144776320085,0.18678509630262852,1.495199762757693e-05,0.0007570026103745807,True,0.003197641344740987,0.0008349264971911907,0.39974379539489746,0.6873977780342102,0.8217635750770569,0.6308302001953126,1.0399902588379886,1.1627731014359817,0.5766016084301224,0.1842765201029141,0.25217133166792627,0.41413014245852253,0.5948260044337907,0.17824004590511322,0.9880000352859497,0.8060000538825989
100,11,4,hyperbolic_paraboloid,baseline,6042,0.002467383281327784,0.24599458277225494,0.0007808536174707115,0.0005475973964414813,True,0.002971425885334611,0.0015230939025059342,0.17772012948989868,0.35007157921791077,0.4832279086112976,0.277761474609375,0.5198506428055973,0.6881590063625127,0.555146023607512,0.1678432644337779,0.19755901532046644,0.3032339222930458,0.5603551085635848,0.1849036067724228,0.9860000610351562,0.784000039100647
100,11,4,hyperbolic_paraboloid,K,6042,0.0008670610259287059,0.25166813284158707,0.0008912685298128054,0.0005475973964414813,True,0.0014818948693573475,0.0003512592811603099,0.17341367900371552,0.34551122784614563,0.4774533808231354,0.271875732421875,0.5136602930275791,0.6781057856871197,0.5429584232150843,0.16048188660240453,0.18779702220285255,0.29423903509891036,0.5450687443518244,0.18343037366867065,0.9860000610351562,0.784000039100647
100,11,4,hyperbolic_paraboloid,K+S,6042,0.0008670610259287059,0.25166813284158707,0.0008912685298128054,0.0005475973964414813,True,0.0014818948693573475,0.0003512592811603099,0.17341367900371552,0.34551122784614563,0.4774533808231354,0.271875732421875,0.5136602930275791,0.6781057856871197,0.5429584232150843,0.16048188660240453,0.18779702220285255,0.29423903509891036,0.5450687443518244,0.18343037366867065,0.9860000610351562,0.784000039100647
100,11,4,hyperbolic_paraboloid,baseline,7042,0.0028820846346206963,0.1319755930453539,3.1356580620922614e-05,0.00019048628481951627,True,0.00484630698338151,0.0022978889755904675,0.265053927898407,0.4992922246456146,0.5866808891296387,0.42769277954101564,0.7593709146809243,0.890564703172253,0.3756050412545718,0.15776324814887047,0.2060338467356658,0.30871577595171007,0.3894608016552372,0.1607387512922287,0.9920000433921814,0.7920000553131104
100,11,4,hyperbolic_paraboloid,K,7042,0.0048598055727779865,0.1298076193779707,3.716568016898236e-05,0.00019048628481951627,True,0.007128313183784485,0.0032102453988045454,0.2663898169994354,0.49654701352119446,0.5827953219413757,0.43063623046875,0.7527771607668462,0.8792676618022304,0.3590023869784651,0.16914611409915406,0.2092138718522844,0.2965418011789666,0.3623250502593268,0.14012651145458221,0.9920000433921814,0.7920000553131104
100,11,4,hyperbolic_paraboloid,K+S,7042,0.0048598055727779865,0.1298076193779707,3.716568016898236e-05,0.00019048628481951627,True,0.007128313183784485,0.0032102453988045454,0.2663898169994354,0.49654701352119446,0.5827953219413757,0.43063623046875,0.7527771607668462,0.8792676618022304,0.3590023869784651,0.16914611409915406,0.2092138718522844,0.2965418011789666,0.3623250502593268,0.14012651145458221,0.9920000433921814,0.7920000553131104
100,11,4,hyperbolic_paraboloid,baseline,8042,0.0007217663223855197,0.13763384521007538,0.000680290482705459,0.00010241674978963353,True,0.0018561611650511622,0.000523814233019948,0.25361594557762146,0.40436622500419617,0.46840518712997437,0.43752642822265625,0.6623476445077655,0.7863293580334596,0.40513676002865057,0.17864587032577764,0.19675912440652826,0.27113602928002045,0.3322948558434776,0.10901746898889542,0.9900000691413879,0.796000063419342
100,11,4,hyperbolic_paraboloid,K,8042,0.000845424467115663,0.13775453343987465,0.0007625426733284257,0.00010241674978963353,True,0.0018983823247253895,0.0005612005479633808,0.25256046652793884,0.4038447141647339,0.4689597487449646,0.4376590576171875,0.6650158226609469,0.7924199268071338,0.425106562465304,0.18041974157460422,0.19936470902979936,0.2793096615436488,0.34529563875480135,0.11261685937643051,0.9900000691413879,0.796000063419342
100,11,4,hyperbolic_paraboloid,K+S,8042,0.000845424467115663,0.13775453343987465,0.0007625426733284257,0.00010241674978963353,True,0.0018983823247253895,0.0005612005479633808,0.25256046652793884,0.4038447141647339,0.4689597487449646,0.4376590576171875,0.6650158226609469,0.7924199268071338,0.425106562465304,0.18041974157460422,0.19936470902979936,0.2793096615436488,0.34529563875480135,0.11261685937643051,0.9900000691413879,0.796000063419342
100,11,4,hyperbolic_paraboloid,baseline,9042,0.0012387716269586235,0.2729739882051945,2.144217751265387e-05,9.254500566219741e-05,True,0.0023018529172986746,0.0006283599650487304,0.07801590859889984,0.1844884604215622,0.27537646889686584,0.12492655944824219,0.28914530721599446,0.3907977788135259,0.2957769304741021,0.12560987650706693,0.17271166349382985,0.22624155720770395,0.29368640503494803,0.11741209775209427,0.9900000691413879,0.7760000228881836
100,11,4,hyperbolic_paraboloid,K,9042,0.0010991716990247369,0.26427191123366356,2.0789145992239355e-05,9.254500566219741e-05,True,0.0024803820997476578,0.0007327882340177894,0.08010604232549667,0.18702754378318787,0.27815449237823486,0.1272291488647461,0.29177578178818575,0.39419444691051136,0.30478222532209037,0.12998069005962543,0.1791622177235875,0.23462049533793541,0.30336647277796397,0.12417041510343552,0.9900000691413879,0.7760000228881836
100,11,4,hyperbolic_paraboloid,K+S,9042,0.0010991716990247369,0.26427191123366356,2.0789145992239355e-05,9.254500566219741e-05,True,0.0024803820997476578,0.0007327882340177894,0.08010604232549667,0.18702754378318787,0.27815449237823486,0.1272291488647461,0.29177578178818575,0.39419444691051136,0.30478222532209037,0.12998069005962543,0.1791622177235875,0.23462049533793541,0.30336647277796397,0.12417041510343552,0.9900000691413879,0.7760000228881836
100,201,99,paraboloid,baseline,42,0.012820668052881956,0.017859384883195162,3.1990272120197005e-07,0.0007192835730699757,True,0.015958663076162338,0.006088998168706894,0.2604803442955017,0.5109326243400574,0.5943950414657593,0.49154473876953125,0.818940068634463,0.9083156624381973,0.39262463558198546,0.25099768486677226,0.3033929017057479,0.3159410167802299,0.40485741210269804,0.16930091381072998,0.9860000610351562,0.7660000324249268
100,201,99,paraboloid,K,42,0.014166107401251793,0.016936345724388957,3.207356584766785e-07,0.0007192835730699757,True,0.013615090399980545,0.007406235206872225,0.2596220374107361,0.5171101689338684,0.6030669808387756,0.56761181640625,0.8838928345463405,0.9722517837617267,0.49065341992087447,0.34570510387402836,0.3841572522367263,0.4061711742543881,0.4948314838220585,0.2504590153694153,0.9860000610351562,0.7660000324249268
100,201,99,paraboloid,K+S,42,0.014166107401251793,0.016936345724388957,3.207356584766785e-07,0.0007192835730699757,True,0.013615090399980545,0.007406235206872225,0.2596220374107361,0.5171101689338684,0.6030669808387756,0.56761181640625,0.8838928345463405,0.9722517837617267,0.49065341992087447,0.34570510387402836,0.3841572522367263,0.4061711742543881,0.4948314838220585,0.2504590153694153,0.9860000610351562,0.7660000324249268
100,201,99,paraboloid,baseline,1042,0.015161041403189301,0.01045513921417296,4.55726905101983e-07,0.0002882279159121252,True,0.0215266402810812,0.007582562975585461,0.3899275064468384,0.6966843008995056,0.8116145730018616,0.710305908203125,1.1017354329427083,1.2346353511695172,0.4217791482180117,0.358839744567223,0.38739297310300463,0.48085464248593096,0.43766741767997663,0.1657504439353943,0.9940000176429749,0.800000011920929
100,201,99,paraboloid,K,1042,0.007688092882744968,0.01118598971515894,4.1946609030674153e-07,0.0002882279159121252,True,0.017200808972120285,0.005852588452398777,0.38985711336135864,0.7031650543212891,0.8285364508628845,0.681352783203125,1.094294536544616,1.2498946314606387,0.4275658655305101,0.2868244896227139,0.3347683217012969,0.45207647560885794,0.44874132809455153,0.14285710453987122,0.9940000176429749,0.800000011920929
100,201,99,paraboloid,K+S,1042,0.007688092882744968,0.01118598971515894,4.1946609030674153e-07,0.0002882279159121252,True,0.017200808972120285,0.005852588452398777,0.38985711336135864,0.7031650543212891,0.8285364508628845,0.681352783203125,1.094294536544616,1.2498946314606387,0.4275658655305101,0.2868244896227139,0.3347683217012969,0.45207647560885794,0.44874132809455153,0.14285710453987122,0.9940000176429749,0.800000011920929
100,201,99,paraboloid,baseline,2042,0.0682223942130804,0.01657877117395401,8.148903276605779e-07,0.00046420949905072873,True,0.03424469381570816,0.018280155956745148,0.10113008320331573,0.26449719071388245,0.405177503824234,0.2877503662109375,0.5025293759488867,0.6945278688263747,0.5477154185125471,0.2741755921832835,0.3143238694870698,0.4342387032294183,0.596757022489819,0.22125768661499023,0.9820000529289246,0.812000036239624
100,201,99,paraboloid,K,2042,0.030371587723493576,0.01896252343431115,1.2061322536283114e-06,0.00046420949905072873,True,0.0725480392575264,0.030765168368816376,0.099380724132061,0.2581351101398468,0.39507752656936646,0.396669921875,0.576111828267333,0.7438348898334076,0.588797217399301,0.37784916144774294,0.40818525340457396,0.49695100331789493,0.6320572840183178,0.25425368547439575,0.9820000529289246,0.812000036239624
100,201,99,paraboloid,K+S,2042,0.030371587723493576,0.01896252343431115,1.2061322536283114e-06,0.00046420949905072873,True,0.0725480392575264,0.030765168368816376,0.099380724132061,0.2581351101398468,0.39507752656936646,0.396669921875,0.576111828267333,0.7438348898334076,0.588797217399301,0.37784916144774294,0.40818525340457396,0.49695100331789493,0.6320572840183178,0.25425368547439575,0.9820000529289246,0.812000036239624
100,201,99,paraboloid,baseline,3042,0.011343987891450524,0.0117714311927557,3.576819693762445e-07,0.001967400312423706,True,0.01707056351006031,0.008230496197938919,0.07180693000555038,0.16052746772766113,0.22842635214328766,0.28048089599609377,0.3950939448192866,0.46175921868984215,0.3766595812575048,0.2588889592447701,0.27445307214955345,0.313882148057172,0.3761636481984811,0.19575358927249908,0.9740000367164612,0.7620000243186951
100,201,99,paraboloid,K,3042,0.0023762116907164454,0.01132311753463,1.6594873741837546e-07,0.001967400312423706,True,0.00424678111448884,0.001512853428721428,0.07203944772481918,0.1617475301027298,0.2260420024394989,0.16766578674316407,0.3102216007733586,0.374071626447799,0.29396646629323414,0.1518785294875973,0.17567257859641233,0.21998590940270915,0.28321881478224115,0.11632321029901505,0.9740000367164612,0.7620000243186951
100,201,99,paraboloid,K+S,3042,0.0023762116907164454,0.01132311753463,1.6594873741837546e-07,0.001967400312423706,True,0.00424678111448884,0.001512853428721428,0.07203944772481918,0.1617475301027298,0.2260420024394989,0.16766578674316407,0.3102216007733586,0.374071626447799,0.29396646629323414,0.1518785294875973,0.17567257859641233,0.21998590940270915,0.28321881478224115,0.11632321029901505,0.9740000367164612,0.7620000243186951
100,201,99,paraboloid,baseline,4042,0.018710778560489416,0.01557079330086708,2.864625905374396e-07,0.0014313816727690436,True,0.016659997403621674,0.006819727830588818,0.25885728001594543,0.45419079065322876,0.568747341632843,0.6497706298828125,0.8747212972985693,0.9779314666624493,0.580212104363524,0.48929359082909557,0.4883628578365936,0.5405675782666176,0.6233943438172959,0.3266758620738983,0.9880000352859497,0.7680000066757202
100,201,99,paraboloid,K,4042,0.01291901059448719,0.016891123494133353,1.9776179271957517e-07,0.0014313816727690436,True,0.014530029147863388,0.004373293370008469,0.2539600431919098,0.47461482882499695,0.5834397077560425,0.6011595458984375,0.8444224897637425,0.934154927489246,0.5149671108355697,0.4381800071885955,0.47395372083661697,0.4841367482247084,0.5310137230009496,0.26965969800949097,0.9880000352859497,0.7680000066757202
100,201,99,paraboloid,K+S,4042,0.01291901059448719,0.016891123494133353,1.9776179271957517e-07,0.0014313816727690436,True,0.014530029147863388,0.004373293370008469,0.2539600431919098,0.47461482882499695,0.5834397077560425,0.6011595458984375,0.8444224897637425,0.934154927489246,0.5149671108355697,0.4381800071885955,0.47395372083661697,0.4841367482247084,0.5310137230009496,0.26965969800949097,0.9880000352859497,0.7680000066757202
100,201,99,paraboloid,baseline,5042,0.006714363815262914,0.012869499158114195,2.635130904593552e-07,0.002261953419120751,True,0.014113747514784336,0.005968232173472643,0.25916868448257446,0.44010716676712036,0.56499844789505,0.523513671875,0.7675223493862725,0.86239129811646,0.34714851808648683,0.295087153974379,0.3000775750297554,0.3186881990297268,0.3296406105895109,0.1847710758447647,0.9880000352859497,0.8060000538825989
100,201,99,paraboloid,K,5042,0.008236370398662984,0.012319272616878152,2.3461353748643887e-07,0.002261953419120751,True,0.0147834662348032,0.0055854180827736855,0.26571014523506165,0.44777339696884155,0.5726290941238403,0.4737984924316406,0.7385852026318261,0.8471110108410299,0.328833258910448,0.22474636013445334,0.2355325211033882,0.2712591556337411,0.3028184016112043,0.16176964342594147,0.9880000352859497,0.8060000538825989
100,201,99,paraboloid,K+S,5042,0.008236370398662984,0.012319272616878152,2.3461353748643887e-07,0.002261953419120751,True,0.0147834662348032,0.0055854180827736855,0.26571014523506165,0.44777339696884155,0.5726290941238403,0.4737984924316406,0.7385852026318261,0.8471110108410299,0.328833258910448,0.22474636013445334,0.2355325211033882,0.2712591556337411,0.3028184016112043,0.16176964342594147,0.9880000352859497,0.8060000538825989
100,201,99,paraboloid,baseline,6042,0.005031451932154596,0.022235941840335727,2.3604576249169895e-07,0.0003965111884904738,True,0.010504444129765034,0.003924297168850899,0.25383496284484863,0.4886064827442169,0.5918241739273071,0.42927587890625,0.7671136817778929,0.8473231565154349,0.41103519518238,0.1872749602758726,0.22207883277091453,0.3205377047614213,0.47846510531887815,0.17271633446216583,0.9860000610351562,0.784000039100647
100,201,99,paraboloid,K,6042,0.00805443071294576,0.020816208329051733,2.4080343763444034e-07,0.0003965111884904738,True,0.010847879573702812,0.0039128451608121395,0.25357815623283386,0.4864535927772522,0.5863879323005676,0.4992286376953125,0.8079367028661522,0.8783030171423365,0.43814596728552585,0.2873776898551832,0.31135083389272905,0.37372091955465525,0.4950598014107019,0.21289454400539398,0.9860000610351562,0.784000039100647
100,201,99,paraboloid,K+S,6042,0.00805443071294576,0.020816208329051733,2.4080343763444034e-07,0.0003965111884904738,True,0.010847879573702812,0.0039128451608121395,0.25357815623283386,0.4864535927772522,0.5863879323005676,0.4992286376953125,0.8079367028661522,0.8783030171423365,0.43814596728552585,0.2873776898551832,0.31135083389272905,0.37372091955465525,0.4950598014107019,0.21289454400539398,0.9860000610351562,0.784000039100647
100,201,99,paraboloid,baseline,7042,0.022968967678025365,0.01288356608711183,6.634775786551472e-07,0.0014569579961881116,True,0.03513292968273163,0.020258771255612373,0.26467907428741455,0.4889891445636749,0.6032751798629761,0.5926534423828125,0.8544002678207978,0.9883824010049144,0.5707784463231779,0.39756293341182175,0.4178037352285287,0.5023982436800422,0.5919100252691676,0.2986966371536255,0.9920000433921814,0.7920000553131104
100,201,99,paraboloid,K,7042,0.008486799080856144,0.012815295718610287,3.4659261061165125e-07,0.0014569579961881116,True,0.017385631799697876,0.005376125685870647,0.25923705101013184,0.4841759204864502,0.5925018191337585,0.4599400329589844,0.7676145136953595,0.9088927853491998,0.44468422511643024,0.1975741965314366,0.24247149893250147,0.3691479221582905,0.4735388074097238,0.1969723254442215,0.9920000433921814,0.7920000553131104
100,201,99,paraboloid,K+S,7042,0.008486799080856144,0.012815295718610287,3.4659261061165125e-07,0.0014569579961881116,True,0.017385631799697876,0.005376125685870647,0.25923705101013184,0.4841759204864502,0.5925018191337585,0.4599400329589844,0.7676145136953595,0.9088927853491998,0.44468422511643024,0.1975741965314366,0.24247149893250147,0.3691479221582905,0.4735388074097238,0.1969723254442215,0.9920000433921814,0.7920000553131104
100,201,99,paraboloid,baseline,8042,0.02364405384287238,0.01647050864994526,2.1765508506632614e-06,0.0004969174366685289,True,0.037613749504089355,0.02068847231566906,0.27309155464172363,0.4944307506084442,0.6082035899162292,0.5206343383789063,0.8409464192055986,1.0597720367739898,0.7350376716248844,0.3223846265372659,0.37735880540027705,0.5137191575266868,0.6973246926097806,0.20223510265350342,0.9900000691413879,0.796000063419342
100,201,99,paraboloid,K,8042,0.01894581550732255,0.016535798902623355,2.210971018712371e-06,0.0004969174366685289,True,0.04645994305610657,0.020666971802711487,0.28274595737457275,0.509393572807312,0.6114163994789124,0.545176513671875,0.868515656801885,1.0795858980429294,0.7442083438542355,0.34797332611026116,0.39993852793892837,0.5384968218309076,0.7067769198773612,0.21832697093486786,0.9900000691413879,0.796000063419342
100,201,99,paraboloid,K+S,8042,0.01894581550732255,0.016535798902623355,2.210971018712371e-06,0.0004969174366685289,True,0.04645994305610657,0.020666971802711487,0.28274595737457275,0.509393572807312,0.6114163994789124,0.545176513671875,0.868515656801885,1.0795858980429294,0.7442083438542355,0.34797332611026116,0.39993852793892837,0.5384968218309076,0.7067769198773612,0.21832697093486786,0.9900000691413879,0.796000063419342
100,201,99,paraboloid,baseline,9042,0.011037650518119335,0.022403213661164045,2.648816597172754e-07,0.0004174255983746467,True,0.012109454721212387,0.004832711070775986,0.29056769609451294,0.45222824811935425,0.5360235571861267,0.552076904296875,0.781948112533661,0.8671645039259785,0.4567666677139578,0.3214274172545339,0.37390971503646686,0.38208262868459264,0.44167930879359335,0.201705664396286,0.9900000691413879,0.7760000228881836
100,201,99,paraboloid,K,9042,0.004215520806610584,0.024559421930462122,1.6450813866697445e-07,0.0004174255983746467,True,0.007566757034510374,0.002336135134100914,0.2896851599216461,0.4520775377750397,0.5456981062889099,0.491437744140625,0.7423908485917147,0.8493251607875631,0.4518447693465624,0.24446188469867414,0.3103067209063396,0.3421121705165153,0.45996032229855877,0.17719630897045135,0.9900000691413879,0.7760000228881836
100,201,99,paraboloid,K+S,9042,0.004215520806610584,0.024559421930462122,1.6450813866697445e-07,0.0004174255983746467,True,0.007566757034510374,0.002336135134100914,0.2896851599216461,0.4520775377750397,0.5456981062889099,0.491437744140625,0.7423908485917147,0.8493251607875631,0.4518447693465624,0.24446188469867414,0.3103067209063396,0.3421121705165153,0.45996032229855877,0.17719630897045135,0.9900000691413879,0.7760000228881836
100,201,99,hyperbolic_paraboloid,baseline,42,0.00927772675640881,0.008876004489138722,1.7750887693068762e-07,0.00012747784010806487,True,0.010867418721318245,0.0045544723980128765,0.25351253151893616,0.450265109539032,0.5226581692695618,0.4773250732421875,0.8000580386616575,0.8717936115380959,0.3342985532495661,0.22227543152460238,0.2439655801591053,0.30292644698145926,0.3660531325612011,0.14244680106639862,0.9860000610351562,0.7660000324249268
100,201,99,hyperbolic_paraboloid,K,42,0.005363471806049347,0.009038029005751014,1.419518032008682e-07,0.00012747784010806487,True,0.011340927332639694,0.004157769028097391,0.24734891951084137,0.44262856245040894,0.5171899199485779,0.4576668090820312,0.7905728438010877,0.8592047701017368,0.31281417815155,0.2027731698846171,0.2343844028618868,0.282109257506978,0.3324375105032766,0.1141868382692337,0.9860000610351562,0.7660000324249268
100,201,99,hyperbolic_paraboloid,K+S,42,0.005363471806049347,0.009038029005751014,1.419518032008682e-07,0.00012747784010806487,True,0.011340927332639694,0.004157769028097391,0.24734891951084137,0.44262856245040894,0.5171899199485779,0.4576668090820312,0.7905728438010877,0.8592047701017368,0.31281417815155,0.2027731698846171,0.2343844028618868,0.282109257506978,0.3324375105032766,0.1141868382692337,0.9860000610351562,0.7660000324249268
100,201,99,hyperbolic_paraboloid,baseline,1042,0.008343800436705351,0.009379077469930053,1.6596207785823935e-07,0.00037058101809439966,True,0.010744607076048851,0.0043621002696454525,0.38958072662353516,0.7062425017356873,0.8393621444702148,0.70610791015625,1.1213698789297817,1.2822561590244592,0.4818536915532096,0.3099505873382358,0.36011760792484204,0.46263632301292096,0.49878431350343666,0.17911438643932343,0.9940000176429749,0.800000011920929
100,201,99,hyperbolic_paraboloid,K,1042,0.006692570983432233,0.009369240258820355,1.4613955379161325e-07,0.00037058101809439966,True,0.007786044850945473,0.003009447827935219,0.39254823327064514,0.7115941047668457,0.8452141880989075,0.6654682006835938,1.093952715157505,1.2578923246510312,0.43007661356584653,0.2384947845149209,0.29326317482833,0.416838206415145,0.4505631059501512,0.13331061601638794,0.9940000176429749,0.800000011920929
100,201,99,hyperbolic_paraboloid,K+S,1042,0.006692570983432233,0.009369240258820355,1.4613955379161325e-07,0.00037058101809439966,True,0.007786044850945473,0.003009447827935219,0.39254823327064514,0.7115941047668457,0.8452141880989075,0.6654682006835938,1.093952715157505,1.2578923246510312,0.43007661356584653,0.2384947845149209,0.29326317482833,0.416838206415145,0.4505631059501512,0.13331061601638794,0.9940000176429749,0.800000011920929
100,201,99,hyperbolic_paraboloid,baseline,2042,0.01859140954911709,0.01302556972950697,4.6950293608460925e-07,0.0004872187082447223,True,0.021727655082941055,0.012593051418662071,0.08827245980501175,0.23276843130588531,0.3931587040424347,0.21295758056640626,0.4063314213926493,0.636290509443419,0.6416182566194629,0.19982252504632222,0.2374351160615919,0.3713096776411798,0.6133288495804987,0.18481332063674927,0.9820000529289246,0.812000036239624
100,201,99,hyperbolic_paraboloid,K,2042,0.019366880413144827,0.014114477438852191,4.91686584780382e-07,0.0004872187082447223,True,0.025247301906347275,0.011011973023414612,0.11440742760896683,0.29394426941871643,0.5064038634300232,0.2656595764160156,0.5079331803418364,0.7968575347465313,0.8425447879189838,0.2549576112361488,0.3086200473952315,0.5059118774310171,0.8233750619629978,0.25625020265579224,0.9820000529289246,0.812000036239624
100,201,99,hyperbolic_paraboloid,K+S,2042,0.019366880413144827,0.014114477438852191,4.91686584780382e-07,0.0004872187082447223,True,0.025247301906347275,0.011011973023414612,0.11440742760896683,0.29394426941871643,0.5064038634300232,0.2656595764160156,0.5079331803418364,0.7968575347465313,0.8425447879189838,0.2549576112361488,0.3086200473952315,0.5059118774310171,0.8233750619629978,0.25625020265579224,0.9820000529289246,0.812000036239624
100,201,99,hyperbolic_paraboloid,baseline,3042,0.017906748689711094,0.007255902863107622,2.340213569596017e-07,0.0013546575954304406,True,0.013177275657653809,0.007144696079194546,0.2586003839969635,0.46914708614349365,0.5986990332603455,0.5086081237792969,0.7796011260061553,0.8965172111620893,0.3187215193715581,0.2696909810657934,0.28317112847242687,0.2696566726209065,0.3251174583766516,0.1398058384656906,0.9740000367164612,0.7620000243186951
100,201,99,hyperbolic_paraboloid,K,3042,0.008107631700113416,0.006442261626943946,1.899103914126954e-07,0.0013546575954304406,True,0.01041084062308073,0.006627737544476986,0.25590217113494873,0.4621157646179199,0.5862839818000793,0.579666259765625,0.8280827069523359,0.9343859537426207,0.40387590777286575,0.36492044643063776,0.37030833878269304,0.3624973818281474,0.41280071707048266,0.22190918028354645,0.9740000367164612,0.7620000243186951
100,201,99,hyperbolic_paraboloid,K+S,3042,0.008107631700113416,0.006442261626943946,1.899103914126954e-07,0.0013546575954304406,True,0.01041084062308073,0.006627737544476986,0.25590217113494873,0.4621157646179199,0.5862839818000793,0.579666259765625,0.8280827069523359,0.9343859537426207,0.40387590777286575,0.36492044643063776,0.37030833878269304,0.3624973818281474,0.41280071707048266,0.22190918028354645,0.9740000367164612,0.7620000243186951
100,201,99,hyperbolic_paraboloid,baseline,4042,0.0067255174508318305,0.012115698540583253,2.688903535386089e-07,0.0008250778883843872,True,0.023138653486967087,0.013251299038529396,0.25999021530151367,0.4335775375366211,0.5098617076873779,0.5093811340332032,0.7857951581717495,0.8667214582806174,0.35839142420246994,0.28447645875286176,0.2950054185267201,0.3208731452134518,0.3737745980321011,0.17878930270671844,0.9880000352859497,0.7680000066757202
100,201,99,hyperbolic_paraboloid,K,4042,0.004007608396932483,0.011434082058258355,1.1232352647994048e-07,0.0008250778883843872,True,0.006869800388813019,0.0024261968210339546,0.24926955997943878,0.4316922128200531,0.503740668296814,0.44982138061523436,0.7600708620615274,0.8413929186369243,0.29570146564824384,0.18791569102863667,0.23800202530534753,0.2478377226070217,0.3032722437717075,0.10468196123838425,0.9880000352859497,0.7680000066757202
100,201,99,hyperbolic_paraboloid,K+S,4042,0.004007608396932483,0.011434082058258355,1.1232352647994048e-07,0.0008250778883843872,True,0.006869800388813019,0.0024261968210339546,0.24926955997943878,0.4316922128200531,0.503740668296814,0.44982138061523436,0.7600708620615274,0.8413929186369243,0.29570146564824384,0.18791569102863667,0.23800202530534753,0.2478377226070217,0.3032722437717075,0.10468196123838425,0.9880000352859497,0.7680000066757202
100,201,99,hyperbolic_paraboloid,baseline,5042,0.016000253381207585,0.008720785845071077,1.6238264066714692e-07,0.0001690683154324394,True,0.01115331705659628,0.004298586398363113,0.2832840383052826,0.4679173231124878,0.5603389143943787,0.5647784423828125,0.824397390973353,0.907738504139518,0.36327004254514145,0.3252650258101766,0.3335713456206683,0.3429990250457625,0.3520101992274452,0.20686304569244385,0.9880000352859497,0.8060000538825989
100,201,99,hyperbolic_paraboloid,K,5042,0.012842590222135186,0.008076163823716342,3.078012653645601e-07,0.0001690683154324394,True,0.02146255038678646,0.009288989007472992,0.28601589798927307,0.4628691077232361,0.5504056215286255,0.522368896484375,0.7826749690787825,0.8658578231749747,0.30495647721830854,0.26260719891238793,0.2774632971157979,0.2788022555096158,0.29980973421311424,0.16456925868988037,0.9880000352859497,0.8060000538825989
100,201,99,hyperbolic_paraboloid,K+S,5042,0.012842590222135186,0.008076163823716342,3.078012653645601e-07,0.0001690683154324394,True,0.02146255038678646,0.009288989007472992,0.28601589798927307,0.4628691077232361,0.5504056215286255,0.522368896484375,0.7826749690787825,0.8658578231749747,0.30495647721830854,0.26260719891238793,0.2774632971157979,0.2788022555096158,0.29980973421311424,0.16456925868988037,0.9880000352859497,0.8060000538825989
100,201,99,hyperbolic_paraboloid,baseline,6042,0.009960478753782809,0.01678296597674489,1.7298780541352698e-07,0.0051309000793381115,True,0.009363656863570213,0.0035485168918967247,0.2655031979084015,0.5148804187774658,0.6767609119415283,0.4563792724609375,0.8451411235763366,1.0270918716523516,0.51700409302814,0.19597241950903393,0.23457717256753727,0.3409580899508843,0.5225915300686469,0.1469690054655075,0.9860000610351562,0.784000039100647
100,201,99,hyperbolic_paraboloid,K,6042,0.004485438170377165,0.016457772813737392,1.6021977167213208e-07,0.0051309000793381115,True,0.008164738304913044,0.003636243287473917,0.26455259323120117,0.5158807039260864,0.685626745223999,0.4491426086425781,0.8439047939806099,1.0402508903952206,0.5524928239039829,0.2004023310913436,0.24330026644644331,0.36124403687027284,0.5607030106257812,0.16364963352680206,0.9860000610351562,0.784000039100647
100,201,99,hyperbolic_paraboloid,K+S,6042,0.004485438170377165,0.016457772813737392,1.6021977167213208e-07,0.0051309000793381115,True,0.008164738304913044,0.003636243287473917,0.26455259323120117,0.5158807039260864,0.685626745223999,0.4491426086425781,0.8439047939806099,1.0402508903952206,0.5524928239039829,0.2004023310913436,0.24330026644644331,0.36124403687027284,0.5607030106257812,0.16364963352680206,0.9860000610351562,0.784000039100647
100,201,99,hyperbolic_paraboloid,baseline,7042,0.028497696854174137,0.008843788295052946,6.901579752138787e-07,0.00024835670839494734,True,0.02968832105398178,0.019302673637866974,0.27642253041267395,0.47752586007118225,0.5725287795066833,0.51178759765625,0.7757231993283442,0.8980999608193675,0.4711595302934019,0.28630733629581234,0.30593813926346036,0.40223387259716287,0.5330511213739862,0.21807949244976044,0.9920000433921814,0.7920000553131104
100,201,99,hyperbolic_paraboloid,K,7042,0.010911909164860845,0.008929627714678645,4.710656753559306e-07,0.00024835670839494734,True,0.017322085797786713,0.009400776587426662,0.2659333050251007,0.47864049673080444,0.5765730142593384,0.4663642578125,0.7485474489017097,0.8774985036542339,0.43509061539516286,0.20000378378965794,0.23320597572206797,0.35442335413048054,0.4924969707119182,0.1915733963251114,0.9920000433921814,0.7920000553131104
100,201,99,hyperbolic_paraboloid,K+S,7042,0.010911909164860845,0.008929627714678645,4.710656753559306e-07,0.00024835670839494734,True,0.017322085797786713,0.009400776587426662,0.2659333050251007,0.47864049673080444,0.5765730142593384,0.4663642578125,0.7485474489017097,0.8774985036542339,0.43509061539516286,0.20000378378965794,0.23320597572206797,0.35442335413048054,0.4924969707119182,0.1915733963251114,0.9920000433921814,0.7920000553131104
100,201,99,hyperbolic_paraboloid,baseline,8042,0.0090005814563483,0.012083784095011652,3.006230002711163e-07,0.00028757587890719896,True,0.015619918704032898,0.005417968146502972,0.29666978120803833,0.5369259119033813,0.6655131578445435,0.51866845703125,0.8590969781359594,1.094719904119318,0.594725032645681,0.228112125651652,0.2695174209574204,0.3881221669469356,0.6079299875792239,0.19170497357845306,0.9900000691413879,0.796000063419342
100,201,99,hyperbolic_paraboloid,K,8042,0.010301335947588086,0.012217000359669328,2.9955667102399275e-07,0.00028757587890719896,True,0.01641843281686306,0.005660383962094784,0.295867383480072,0.5405499339103699,0.6778188943862915,0.5491371459960938,0.8905049478840493,1.1417487866950757,0.6666577651050916,0.27565833339360707,0.31507012607941975,0.43248362901895443,0.6783366372144244,0.22278310358524323,0.9900000691413879,0.796000063419342
100,201,99,hyperbolic_paraboloid,K+S,8042,0.010301335947588086,0.012217000359669328,2.9955667102399275e-07,0.00028757587890719896,True,0.01641843281686306,0.005660383962094784,0.295867383480072,0.5405499339103699,0.6778188943862915,0.5491371459960938,0.8905049478840493,1.1417487866950757,0.6666577651050916,0.27565833339360707,0.31507012607941975,0.43248362901895443,0.6783366372144244,0.22278310358524323,0.9900000691413879,0.796000063419342
100,201,99,hyperbolic_paraboloid,baseline,9042,0.012737506069242954,0.013612438924610615,5.119544894682804e-07,0.0016273529968451506,True,0.0396665520966053,0.015874028205871582,0.28898367285728455,0.41189560294151306,0.4701366126537323,0.547462890625,0.7647611507194075,0.8366505632496843,0.32576509649158797,0.29186359461055233,0.3129933484393698,0.3049846593554166,0.3599676309531888,0.15798784792423248,0.9900000691413879,0.7760000228881836
100,201,99,hyperbolic_paraboloid,K,9042,0.008059705724008381,0.014743721578270197,1.9736257073077468e-07,0.0016273529968451506,True,0.007412425708025694,0.002663964871317148,0.2752198874950409,0.4100051820278168,0.48339131474494934,0.5133656005859375,0.7407747624154559,0.8348700629340278,0.3420034763652531,0.2363783313191653,0.26349459793428504,0.2739055726546986,0.3659233124673008,0.13892094790935516,0.9900000691413879,0.7760000228881836
100,201,99,hyperbolic_paraboloid,K+S,9042,0.008059705724008381,0.014743721578270197,1.9736257073077468e-07,0.0016273529968451506,True,0.007412425708025694,0.002663964871317148,0.2752198874950409,0.4100051820278168,0.48339131474494934,0.5133656005859375,0.7407747624154559,0.8348700629340278,0.3420034763652531,0.2363783313191653,0.26349459793428504,0.2739055726546986,0.3659233124673008,0.13892094790935516,0.9900000691413879,0.7760000228881836
200,11,4,paraboloid,baseline,42,0.0002740408235695213,0.09288534309182848,1.366478311735721e-05,0.0002078138164837252,True,0.0004883180372416973,0.00011203715985175222,0.25268158316612244,0.4862596392631531,0.5941601991653442,0.3859354248046875,0.6682823380713971,0.7586312129579741,0.26057251353056143,0.14081940032711232,0.18266602144967806,0.17941942171820455,0.26180442923025593,0.09514157474040985,0.9860000610351562,0.7660000324249268
200,11,4,paraboloid,K,42,0.00026332470380501557,0.08960024906056267,7.16207471538967e-06,0.0002078138164837252,True,0.000429771956987679,8.739222539588809e-05,0.25129687786102295,0.48268628120422363,0.5872058868408203,0.3841935424804688,0.6632819377200704,0.7506737389864351,0.2557882229488868,0.13855816493891868,0.1781708755061125,0.1741181931921852,0.25706493492966326,0.09363612532615662,0.9860000610351562,0.7660000324249268
200,11,4,paraboloid,K+S,42,0.00026332470380501557,0.08960024906056267,7.16207471538967e-06,0.0002078138164837252,True,0.000429771956987679,8.739222539588809e-05,0.25129687786102295,0.48268628120422363,0.5872058868408203,0.3841935424804688,0.6632819377200704,0.7506737389864351,0.2557882229488868,0.13855816493891868,0.1781708755061125,0.1741181931921852,0.25706493492966326,0.09363612532615662,0.9860000610351562,0.7660000324249268
200,11,4,paraboloid,baseline,1042,0.00047754773238141624,0.08853454036372048,1.2728076009287698e-05,5.461747059598565e-05,True,0.0007857525488361716,0.0002653837436810136,0.2647726833820343,0.4714107811450958,0.5397254228591919,0.42818096923828125,0.6944183594730484,0.7740404217295963,0.20956991697589167,0.15296438913284863,0.15670409195657237,0.20487467925456931,0.20217434629549486,0.05608543008565903,0.9940000176429749,0.800000011920929
200,11,4,paraboloid,K,1042,0.0006927247949144137,0.08613009963716779,1.2895758248175429e-05,5.461747059598565e-05,True,0.0006376606179401278,0.0002698481548577547,0.2669534981250763,0.47486960887908936,0.5445606708526611,0.43253277587890626,0.7002669491442332,0.7807845608809104,0.20934902910934033,0.15565401624707048,0.15890651523496002,0.207879555530973,0.20395502515577085,0.053650978952646255,0.9940000176429749,0.800000011920929
200,11,4,paraboloid,K+S,1042,0.0006927247949144137,0.08613009963716779,1.2895758248175429e-05,5.461747059598565e-05,True,0.0006376606179401278,0.0002698481548577547,0.2669534981250763,0.47486960887908936,0.5445606708526611,0.43253277587890626,0.7002669491442332,0.7807845608809104,0.20934902910934033,0.15565401624707048,0.15890651523496002,0.207879555530973,0.20395502515577085,0.053650978952646255,0.9940000176429749,0.800000011920929
200,11,4,paraboloid,baseline,2042,0.0019088672041626914,0.06529926615101951,1.162809504811386e-05,0.0002853865523568609,True,0.0009160018526017666,0.00045071530621498823,0.2490454763174057,0.44643399119377136,0.512969434261322,0.4089427795410156,0.6697274644365195,0.7449131983117999,0.26159036392538787,0.14844374772881913,0.170257587504655,0.14462183276784576,0.1829834239108511,0.057019252330064774,0.9820000529289246,0.812000036239624
200,11,4,paraboloid,K,2042,0.000715743434349341,0.06620065734854766,8.204769008963403e-06,0.0002853865523568609,True,0.001225705724209547,0.00028115930035710335,0.24915945529937744,0.44740796089172363,0.5117017030715942,0.41091558837890624,0.6734972502055921,0.7454699731892821,0.2556928469699452,0.14998585025775343,0.17261234906233128,0.1435711698044675,0.1635299718133476,0.04779423028230667,0.9820000529289246,0.812000036239624
200,11,4,paraboloid,K+S,2042,0.000715743434349341,0.06620065734854766,8.204769008963403e-06,0.0002853865523568609,True,0.001225705724209547,0.00028115930035710335,0.24915945529937744,0.44740796089172363,0.5117017030715942,0.41091558837890624,0.6734972502055921,0.7454699731892821,0.2556928469699452,0.14998585025775343,0.17261234906233128,0.1435711698044675,0.1635299718133476,0.04779423028230667,0.9820000529289246,0.812000036239624
200,11,4,paraboloid,baseline,3042,0.00026154341633498134,0.07196361997297832,6.402299862072271e-06,9.564418261024085e-05,True,0.00023271447571460158,5.3075593314133584e-05,0.28151777386665344,0.4907175600528717,0.569716215133667,0.4701651000976563,0.7725088408499053,0.8234417110497947,0.20974481001719816,0.1567977022901754,0.1933671409660781,0.21160065421739746,0.24728543405297335,0.060729704797267914,0.9740000367164612,0.7620000243186951
200,11,4,paraboloid,K,3042,0.0004490762990566769,0.06892056922827448,8.522154595474213e-06,9.564418261024085e-05,True,0.0004099386860616505,0.00012395480007398874,0.2816714644432068,0.48975083231925964,0.568956732749939,0.46967922973632814,0.77137451171875,0.8234726046145084,0.21086041446639017,0.15695497647023468,0.19343019113903828,0.21063590714432348,0.24906712040391632,0.06583653390407562,0.9740000367164612,0.7620000243186951
200,11,4,paraboloid,K+S,3042,0.0004490762990566769,0.06892056922827448,8.522154595474213e-06,9.564418261024085e-05,True,0.0004099386860616505,0.00012395480007398874,0.2816714644432068,0.48975083231925964,0.568956732749939,0.46967922973632814,0.77137451171875,0.8234726046145084,0.21086041446639017,0.15695497647023468,0.19343019113903828,0.21063590714432348,0.24906712040391632,0.06583653390407562,0.9740000367164612,0.7620000243186951
200,11,4,paraboloid,baseline,4042,0.000886214360694534,0.05546138542039054,2.0183640767105055e-05,6.569274807010184e-05,True,0.0022752578370273113,0.0013379567535594106,0.23793552815914154,0.46995288133621216,0.5823302865028381,0.3547405395507813,0.6572444563409889,0.7499235207252657,0.24714775341135706,0.13563076056060966,0.15597902228718202,0.2248825031232298,0.26911629014070415,0.09617467224597931,0.9880000352859497,0.7680000066757202
200,11,4,paraboloid,K,4042,0.000866302546845483,0.05536434692995889,1.7199376218611307e-05,6.569274807010184e-05,True,0.0016433987766504288,0.001082730945199728,0.24045197665691376,0.46498313546180725,0.576137900352478,0.36240692138671876,0.6567547656446097,0.7465579384251645,0.22290620741647557,0.14701003892196654,0.1585299547854326,0.19565848558435506,0.23557286192966226,0.07616874575614929,0.9880000352859497,0.7680000066757202
200,11,4,paraboloid,K+S,4042,0.000866302546845483,0.05536434692995889,1.7199376218611307e-05,6.569274807010184e-05,True,0.0016433987766504288,0.001082730945199728,0.24045197665691376,0.46498313546180725,0.576137900352478,0.36240692138671876,0.6567547656446097,0.7465579384251645,0.22290620741647557,0.14701003892196654,0.1585299547854326,0.19565848558435506,0.23557286192966226,0.07616874575614929,0.9880000352859497,0.7680000066757202
200,11,4,paraboloid,baseline,5042,0.00026914963590180766,0.07369585654565267,6.303884837117428e-06,0.0001911680129441348,True,0.00041824940126389265,0.00010585916606942192,0.3871246576309204,0.6312911510467529,0.7376098036766052,0.618684326171875,0.9597451739416333,1.0422538726435981,0.17842279578408848,0.15216998975409113,0.21025783843211482,0.21659471994966437,0.20375410760746793,0.041734479367733,0.9880000352859497,0.8060000538825989
200,11,4,paraboloid,K,5042,0.0007906493764104587,0.06987317172544343,1.6377176247520504e-05,0.0001911680129441348,True,0.0006783858989365399,0.0003832299553323537,0.38626134395599365,0.6295254826545715,0.7336487770080566,0.6178436279296875,0.9599325604333667,1.0427821850487096,0.17738192884036816,0.15261373507727735,0.20089093004682876,0.2105153240549789,0.19302188866210127,0.04305743798613548,0.9880000352859497,0.8060000538825989
200,11,4,paraboloid,K+S,5042,0.0007906493764104587,0.06987317172544343,1.6377176247520504e-05,0.0001911680129441348,True,0.0006783858989365399,0.0003832299553323537,0.38626134395599365,0.6295254826545715,0.7336487770080566,0.6178436279296875,0.9599325604333667,1.0427821850487096,0.17738192884036816,0.15261373507727735,0.20089093004682876,0.2105153240549789,0.19302188866210127,0.04305743798613548,0.9880000352859497,0.8060000538825989
200,11,4,paraboloid,baseline,6042,0.001318961677108226,0.08136163705161639,1.0845014263135713e-05,8.200888987630606e-05,True,0.0009516190038993955,0.000404377089580521,0.2471974939107895,0.46151694655418396,0.5216382145881653,0.41356451416015627,0.7374429970860003,0.7574934582197642,0.22739981979233365,0.1535119738629192,0.19224161525734962,0.25427279595663055,0.3209506682330209,0.07026246935129166,0.9860000610351562,0.784000039100647
200,11,4,paraboloid,K,6042,0.0015009400168699877,0.07753982288496834,9.31256824644931e-06,8.200888987630606e-05,True,0.0007678651018068194,0.0002803305978886783,0.24432967603206635,0.4608052372932434,0.5188871026039124,0.40914010620117186,0.7361430585623745,0.7540721467735801,0.21759316930216285,0.1417696535144479,0.1797074570747109,0.2414592284325302,0.30411971890295714,0.055353738367557526,0.9860000610351562,0.784000039100647
200,11,4,paraboloid,K+S,6042,0.0015009400168699877,0.07753982288496834,9.31256824644931e-06,8.200888987630606e-05,True,0.0007678651018068194,0.0002803305978886783,0.24432967603206635,0.4608052372932434,0.5188871026039124,0.40914010620117186,0.7361430585623745,0.7540721467735801,0.21759316930216285,0.1417696535144479,0.1797074570747109,0.2414592284325302,0.30411971890295714,0.055353738367557526,0.9860000610351562,0.784000039100647
200,11,4,paraboloid,baseline,7042,0.0006268142190362726,0.08807090244122914,1.5792383367495078e-05,0.0006531105292114345,True,0.0015572889242321253,0.0005942090647295117,0.27187421917915344,0.49429938197135925,0.5789602398872375,0.4356666259765625,0.7419875150692009,0.8324139502740675,0.21737430730447613,0.14794090277322253,0.17118352731932787,0.1967959509121345,0.21597848418547114,0.06774187833070755,0.9920000433921814,0.7920000553131104
200,11,4,paraboloid,K,7042,0.0009913095855154097,0.09099247359803744,1.5654444463767243e-05,0.0006531105292114345,True,0.0008416501223109663,0.0004409688990563154,0.2733704149723053,0.4962059557437897,0.5817465782165527,0.4369243774414063,0.743087737975952,0.8345288922709804,0.23029793858918252,0.15534024235804195,0.18202458977123506,0.20258419299379948,0.22240300896876988,0.07798220217227936,0.9920000433921814,0.7920000553131104
200,11,4,paraboloid,K+S,7042,0.0009913095855154097,0.09099247359803744,1.5654444463767243e-05,0.0006531105292114345,True,0.0008416501223109663,0.0004409688990563154,0.2733704149723053,0.4962059557437897,0.5817465782165527,0.4369243774414063,0.743087737975952,0.8345288922709804,0.23029793858918252,0.15534024235804195,0.18202458977123506,0.20258419299379948,0.22240300896876988,0.07798220217227936,0.9920000433921814,0.7920000553131104
200,11,4,paraboloid,baseline,8042,0.012448547075369529,0.051329820816005976,0.00015272563697570668,0.00016457396982745692,True,0.008902180008590221,0.006432784255594015,0.2758530378341675,0.40285271406173706,0.44050362706184387,0.47491494750976565,0.6414930079886335,0.6949850063131313,0.29482576030327035,0.2156529822812196,0.22961284979124388,0.24472247090860355,0.2533364075834269,0.10234472900629044,0.9900000691413879,0.796000063419342
200,11,4,paraboloid,K,8042,0.0010630720893719367,0.05650488606521061,9.685910793320675e-05,0.00016457396982745692,True,0.0011453519109636545,0.0004892336437478662,0.26157769560813904,0.39881691336631775,0.43444347381591797,0.45500128173828125,0.6329184858975764,0.6834298798532197,0.23558940958705152,0.16399013860044062,0.1717431254105027,0.184286322616228,0.1666461370434404,0.044338248670101166,0.9900000691413879,0.796000063419342
200,11,4,paraboloid,K+S,8042,0.0010630720893719367,0.05650488606521061,9.685910793320675e-05,0.00016457396982745692,True,0.0011453519109636545,0.0004892336437478662,0.26157769560813904,0.39881691336631775,0.43444347381591797,0.45500128173828125,0.6329184858975764,0.6834298798532197,0.23558940958705152,0.16399013860044062,0.1717431254105027,0.184286322616228,0.1666461370434404,0.044338248670101166,0.9900000691413879,0.796000063419342
200,11,4,paraboloid,baseline,9042,0.0011398019435416376,0.10243241914681026,8.716724226230457e-06,6.753531157631765e-05,True,0.0012059103464707732,0.00028936349553987384,0.05796103551983833,0.11000128835439682,0.16471394896507263,0.112758056640625,0.21747641095178638,0.26834910999644884,0.20650636161051186,0.10666593022222491,0.13113556368944299,0.12136295158598441,0.1519338916346417,0.03866681829094887,0.9900000691413879,0.7760000228881836
200,11,4,paraboloid,K,9042,0.0006340387751281794,0.10824193645800863,6.508032259132181e-06,6.753531157631765e-05,True,0.0006323410198092461,0.00018416687089484185,0.054521407932043076,0.11473111808300018,0.1753891557455063,0.10693714904785157,0.21721581896703562,0.27878236096314707,0.21204533308691584,0.10227076952698348,0.1274427264938418,0.12016455563385703,0.15834095240669155,0.05133459344506264,0.9900000691413879,0.7760000228881836
200,11,4,paraboloid,K+S,9042,0.0006340387751281794,0.10824193645800863,6.508032259132181e-06,6.753531157631765e-05,True,0.0006323410198092461,0.00018416687089484185,0.054521407932043076,0.11473111808300018,0.1753891557455063,0.10693714904785157,0.21721581896703562,0.27878236096314707,0.21204533308691584,0.10227076952698348,0.1274427264938418,0.12016455563385703,0.15834095240669155,0.05133459344506264,0.9900000691413879,0.7760000228881836
200,11,4,hyperbolic_paraboloid,baseline,42,0.00031017832848842123,0.0704150375510965,1.7060725700243245e-05,0.0011770590631799264,True,0.00041885036625899374,0.00012361798144411296,0.2515888512134552,0.4843437373638153,0.5861501693725586,0.3771481018066406,0.6495955714757293,0.7476089817998859,0.23883700453184464,0.13586186847429071,0.15613674176775635,0.1443612084667169,0.22422271507623925,0.07874812185764313,0.9860000610351562,0.7660000324249268
200,11,4,hyperbolic_paraboloid,K,42,0.0007485140564053186,0.06673230017934527,2.492877047188813e-05,0.0011770590631799264,True,0.0006709973094984889,0.00027236639289185405,0.2540745437145233,0.48609110713005066,0.5844706892967224,0.3804396362304687,0.6497161681023642,0.7427329165940353,0.2343433178166529,0.14114579473901118,0.16266241965469494,0.14466654354352554,0.21645973829567255,0.07495474815368652,0.9860000610351562,0.7660000324249268
200,11,4,hyperbolic_paraboloid,K+S,42,0.0007485140564053186,0.06673230017934527,2.492877047188813e-05,0.0011770590631799264,True,0.0006709973094984889,0.00027236639289185405,0.2540745437145233,0.48609110713005066,0.5844706892967224,0.3804396362304687,0.6497161681023642,0.7427329165940353,0.2343433178166529,0.14114579473901118,0.16266241965469494,0.14466654354352554,0.21645973829567255,0.07495474815368652,0.9860000610351562,0.7660000324249268
200,11,4,hyperbolic_paraboloid,baseline,1042,0.00019263219707811783,0.0733609391110284,7.45585618590537e-06,4.207487588494339e-05,True,0.0004927959525957704,0.00011230004020035267,0.04885545000433922,0.09244883805513382,0.11762246489524841,0.08580015563964843,0.15993934845828628,0.18613221995547505,0.1308732789640468,0.08027172381048046,0.09249192011595889,0.09395999827623198,0.1099196144636131,0.02263803780078888,0.9940000176429749,0.800000011920929
200,11,4,hyperbolic_paraboloid,K,1042,0.0001927337871165946,0.07360689342021942,5.886912276764633e-06,4.207487588494339e-05,True,0.0004273884987924248,9.56601943471469e-05,0.048718489706516266,0.0922924056649208,0.11858104169368744,0.08558497619628906,0.15945740971699296,0.1866088038239201,0.13040739453889028,0.08053723986481938,0.09207638773058932,0.09410584296150251,0.11203469769906811,0.024717355147004128,0.9940000176429749,0.800000011920929
200,11,4,hyperbolic_paraboloid,K+S,1042,0.0001927337871165946,0.07360689342021942,5.886912276764633e-06,4.207487588494339e-05,True,0.0004273884987924248,9.56601943471469e-05,0.048718489706516266,0.0922924056649208,0.11858104169368744,0.08558497619628906,0.15945740971699296,0.1866088038239201,0.13040739453889028,0.08053723986481938,0.09207638773058932,0.09410584296150251,0.11203469769906811,0.024717355147004128,0.9940000176429749,0.800000011920929
200,11,4,hyperbolic_paraboloid,baseline,2042,0.00042753133623461636,0.05103145007576261,5.440730287123838e-06,0.00015705978413197127,True,0.0006852991064079106,0.00017148666665889323,0.24895009398460388,0.45744845271110535,0.5321764349937439,0.4048431396484375,0.6654502467105263,0.7528136461184127,0.20477628792263977,0.15015282362562335,0.17226717072994985,0.1615145370217367,0.17373783424669453,0.04193537309765816,0.9820000529289246,0.812000036239624
200,11,4,hyperbolic_paraboloid,K,2042,0.0018978184421679803,0.04784744020019259,1.5953511007994947e-05,0.00015705978413197127,True,0.0029580877162516117,0.0015166150406002998,0.24838003516197205,0.45954564213752747,0.5365259051322937,0.4076908264160156,0.667512963175291,0.7575610252116217,0.2170378596647523,0.15047828489250334,0.17578299385295723,0.16225992388336744,0.18624113323538155,0.061339087784290314,0.9820000529289246,0.812000036239624
200,11,4,hyperbolic_paraboloid,K+S,2042,0.0018978184421679803,0.04784744020019259,1.5953511007994947e-05,0.00015705978413197127,True,0.0029580877162516117,0.0015166150406002998,0.24838003516197205,0.45954564213752747,0.5365259051322937,0.4076908264160156,0.667512963175291,0.7575610252116217,0.2170378596647523,0.15047828489250334,0.17578299385295723,0.16225992388336744,0.18624113323538155,0.061339087784290314,0.9820000529289246,0.812000036239624
200,11,4,hyperbolic_paraboloid,baseline,3042,0.0010454280834112848,0.05541203862854412,8.466014086090062e-06,9.74047209390185e-05,True,0.00081598263932392,0.000379157077986747,0.2896716594696045,0.506027340888977,0.5802975296974182,0.4977633666992187,0.8069048640703914,0.8639968778073666,0.19512867605487708,0.15420448388580782,0.17692443265470886,0.19218952449606688,0.2142299924614901,0.050981566309928894,0.9740000367164612,0.7620000243186951
200,11,4,hyperbolic_paraboloid,K,3042,0.003168879251461476,0.06329808384180069,8.807904149372397e-05,9.74047209390185e-05,True,0.011273922398686409,0.0104379802942276,0.2913817763328552,0.5111897587776184,0.5908541083335876,0.4922979736328125,0.8078907976246843,0.8779478601851257,0.2856882691742484,0.18425066768713505,0.22342455633059002,0.28084506960144284,0.32610252859422884,0.1297556310892105,0.9740000367164612,0.7620000243186951
200,11,4,hyperbolic_paraboloid,K+S,3042,0.003168879251461476,0.06329808384180069,8.807904149372397e-05,9.74047209390185e-05,True,0.011273922398686409,0.0104379802942276,0.2913817763328552,0.5111897587776184,0.5908541083335876,0.4922979736328125,0.8078907976246843,0.8779478601851257,0.2856882691742484,0.18425066768713505,0.22342455633059002,0.28084506960144284,0.32610252859422884,0.1297556310892105,0.9740000367164612,0.7620000243186951
200,11,4,hyperbolic_paraboloid,baseline,4042,0.0008081744308583438,0.06804782524704933,1.1994494473453545e-05,9.639864914457907e-05,True,0.0016918252222239971,0.0007737345877103508,0.37462690472602844,0.6646732687950134,0.7446384429931641,0.6126470947265625,1.0037993159160077,1.0473036051761766,0.24139416445984824,0.1765711156759024,0.20894339006038284,0.19146937194211877,0.2290992368941608,0.0677621141076088,0.9880000352859497,0.7680000066757202
200,11,4,hyperbolic_paraboloid,K,4042,0.0012263819475525192,0.07016419672540256,8.16191056531222e-06,9.639864914457907e-05,True,0.0009686134289950132,0.00033088415511883795,0.3699323832988739,0.6596331596374512,0.7396795153617859,0.6111624145507812,0.9994034977801832,1.0435726768092106,0.237497079580524,0.1675991148757705,0.19219516765772293,0.20165022428038,0.2449350364166457,0.07377734035253525,0.9880000352859497,0.7680000066757202
200,11,4,hyperbolic_paraboloid,K+S,4042,0.0012263819475525192,0.07016419672540256,8.16191056531222e-06,9.639864914457907e-05,True,0.0009686134289950132,0.00033088415511883795,0.3699323832988739,0.6596331596374512,0.7396795153617859,0.6111624145507812,0.9994034977801832,1.0435726768092106,0.237497079580524,0.1675991148757705,0.19219516765772293,0.20165022428038,0.2449350364166457,0.07377734035253525,0.9880000352859497,0.7680000066757202
200,11,4,hyperbolic_paraboloid,baseline,5042,0.0033945600568716016,0.057912382164171765,1.7983518383906422e-05,6.583565846085548e-05,True,0.0032727974466979504,0.0016200268873944879,0.3845858573913574,0.6297167539596558,0.7400915026664734,0.613173583984375,0.9755738283207039,1.0707842251549848,0.1622297341555761,0.15963351913287796,0.20972962437656226,0.22515389222968235,0.18272576331532017,0.043398015201091766,0.9880000352859497,0.8060000538825989
200,11,4,hyperbolic_paraboloid,K,5042,0.003525213704311422,0.055068118763821464,9.255611205714689e-06,6.583565846085548e-05,True,0.001260005752556026,0.0005150837241671979,0.384837806224823,0.629620373249054,0.7411563992500305,0.613409423828125,0.9715614701081852,1.0697303185096154,0.16002846297615558,0.15023671086317278,0.19691938614347393,0.20326232739426858,0.17367840637722418,0.03653798997402191,0.9880000352859497,0.8060000538825989
200,11,4,hyperbolic_paraboloid,K+S,5042,0.003525213704311422,0.055068118763821464,9.255611205714689e-06,6.583565846085548e-05,True,0.001260005752556026,0.0005150837241671979,0.384837806224823,0.629620373249054,0.7411563992500305,0.613409423828125,0.9715614701081852,1.0697303185096154,0.16002846297615558,0.15023671086317278,0.19691938614347393,0.20326232739426858,0.17367840637722418,0.03653798997402191,0.9880000352859497,0.8060000538825989
200,11,4,hyperbolic_paraboloid,baseline,6042,0.00037134575333246697,0.11083639679210526,7.994758107088273e-06,0.00016283657698130065,True,0.0006385938031598926,0.0002826013369485736,0.2450283169746399,0.45883744955062866,0.5225013494491577,0.411494384765625,0.7577730967816578,0.7898235204979082,0.19032423321902078,0.15042622272830058,0.18377433060933165,0.21887866222273794,0.25960222091694274,0.04701339825987816,0.9860000610351562,0.784000039100647
200,11,4,hyperbolic_paraboloid,K,6042,0.0004088132700417191,0.10958171955176763,0.00014303071865080192,0.00016283657698130065,True,0.0004231146303936839,0.00021735645714215934,0.13254988193511963,0.23010922968387604,0.2899588942527771,0.21692898559570312,0.36035045945500754,0.4151004381160465,0.24072903518797967,0.13850344628544356,0.1595006829211033,0.17544871019062713,0.22416666670091337,0.05625945329666138,0.9860000610351562,0.784000039100647
200,11,4,hyperbolic_paraboloid,K+S,6042,0.0004088132700417191,0.10958171955176763,0.00014303071865080192,0.00016283657698130065,True,0.0004231146303936839,0.00021735645714215934,0.13254988193511963,0.23010922968387604,0.2899588942527771,0.21692898559570312,0.36035045945500754,0.4151004381160465,0.24072903518797967,0.13850344628544356,0.1595006829211033,0.17544871019062713,0.22416666670091337,0.05625945329666138,0.9860000610351562,0.784000039100647
200,11,4,hyperbolic_paraboloid,baseline,7042,0.0004891778683356408,0.06343695042388779,7.809907401679084e-06,0.0001392726447771896,True,0.0010592713952064514,0.0004327402275521308,0.2564525902271271,0.4638170599937439,0.5324509143829346,0.418418701171875,0.7135791358106839,0.8046476302608367,0.20102844597023586,0.14683098385009832,0.16996757474611782,0.2005156262157522,0.1971929114575222,0.06421408802270889,0.9920000433921814,0.7920000553131104
200,11,4,hyperbolic_paraboloid,K,7042,0.00026199671888857016,0.06083309277892113,5.231191380516975e-06,0.0001392726447771896,True,0.0003045013581868261,0.00011124755837954581,0.258052259683609,0.46625417470932007,0.5357118248939514,0.42075616455078124,0.7172492568144101,0.8080817191831527,0.2007025516694235,0.14564648077905853,0.1695823595121473,0.1970788484226472,0.1999319979628725,0.06767144799232483,0.9920000433921814,0.7920000553131104
200,11,4,hyperbolic_paraboloid,K+S,7042,0.00026199671888857016,0.06083309277892113,5.231191380516975e-06,0.0001392726447771896,True,0.0003045013581868261,0.00011124755837954581,0.258052259683609,0.46625417470932007,0.5357118248939514,0.42075616455078124,0.7172492568144101,0.8080817191831527,0.2007025516694235,0.14564648077905853,0.1695823595121473,0.1970788484226472,0.1999319979628725,0.06767144799232483,0.9920000433921814,0.7920000553131104
200,11,4,hyperbolic_paraboloid,baseline,8042,0.0002749955892795697,0.043483582990510125,0.00014091219158477282,0.00013442504727704957,True,0.0005366401746869087,0.0001717896229820326,0.2534744441509247,0.39833495020866394,0.4355598986148834,0.4436734619140625,0.6449773325948772,0.7083870935921717,0.19961045685724757,0.15997286342397168,0.15967089804925763,0.17920183818577382,0.15992171494170185,0.04978553578257561,0.9900000691413879,0.796000063419342
200,11,4,hyperbolic_paraboloid,K,8042,0.0017159206327050924,0.04447187935667379,0.00014152202909047316,0.00013442504727704957,True,0.0011757398024201393,0.0004336624697316438,0.2531891465187073,0.4005620777606964,0.4385318458080292,0.44371124267578127,0.6463464649024612,0.7101957070707071,0.20182838947113732,0.16183160754364334,0.16387256096112537,0.18815734060298916,0.16682876419089665,0.0546940416097641,0.9900000691413879,0.796000063419342
200,11,4,hyperbolic_paraboloid,K+S,8042,0.0017159206327050924,0.04447187935667379,0.00014152202909047316,0.00013442504727704957,True,0.0011757398024201393,0.0004336624697316438,0.2531891465187073,0.4005620777606964,0.4385318458080292,0.44371124267578127,0.6463464649024612,0.7101957070707071,0.20182838947113732,0.16183160754364334,0.16387256096112537,0.18815734060298916,0.16682876419089665,0.0546940416097641,0.9900000691413879,0.796000063419342
200,11,4,hyperbolic_paraboloid,baseline,9042,0.0002708749567058736,0.06382375210523605,6.111173596374491e-06,0.00013811205810105258,True,0.00036147364880889654,0.00012768972374033183,0.05466916784644127,0.1058039739727974,0.1495635062456131,0.09817286682128906,0.20524312785727705,0.23912254872948233,0.16648772054316813,0.09286009791293443,0.11074362663189935,0.12808342469604872,0.13732494076153118,0.04504378139972687,0.9900000691413879,0.7760000228881836
200,11,4,hyperbolic_paraboloid,K,9042,0.0008468395182197648,0.06136722836111273,5.735204597710565e-06,0.00013811205810105258,True,0.0008761213975958526,0.0002955029485747218,0.05115750432014465,0.10170167684555054,0.14659017324447632,0.09513230895996094,0.19904709626773076,0.23410354768386996,0.168319231112733,0.088343876471778,0.10624304816286609,0.13003678758435633,0.14585657723388895,0.05303530395030975,0.9900000691413879,0.7760000228881836
200,11,4,hyperbolic_paraboloid,K+S,9042,0.0008468395182197648,0.06136722836111273,5.735204597710565e-06,0.00013811205810105258,True,0.0008761213975958526,0.0002955029485747218,0.05115750432014465,0.10170167684555054,0.14659017324447632,0.09513230895996094,0.19904709626773076,0.23410354768386996,0.168319231112733,0.088343876471778,0.10624304816286609,0.13003678758435633,0.14585657723388895,0.05303530395030975,0.9900000691413879,0.7760000228881836
200,201,99,paraboloid,baseline,42,0.006823619029351643,0.005354891697477017,2.2340870080889935e-07,0.00012391580463345372,True,0.011852400377392769,0.005875349044799805,0.249798983335495,0.43823570013046265,0.4869474172592163,0.43864907836914063,0.7178713762064575,0.7376138868970271,0.29712137477751793,0.20010746349390293,0.21317456338358004,0.3283150119810818,0.34762190338207644,0.11794847249984741,0.9860000610351562,0.7660000324249268
200,201,99,paraboloid,K,42,0.00366276253147849,0.005615669435688427,1.2687174485595927e-07,0.00012391580463345372,True,0.006627803668379784,0.0026725195348262787,0.24174274504184723,0.430663138628006,0.4801786541938782,0.42198025512695314,0.7043748084208376,0.7261255972283849,0.2729083261828479,0.18181396225809582,0.1893282672856162,0.3117080310771864,0.3238946628761133,0.09962254017591476,0.9860000610351562,0.7660000324249268
200,201,99,paraboloid,K+S,42,0.00366276253147849,0.005615669435688427,1.2687174485595927e-07,0.00012391580463345372,True,0.006627803668379784,0.0026725195348262787,0.24174274504184723,0.430663138628006,0.4801786541938782,0.42198025512695314,0.7043748084208376,0.7261255972283849,0.2729083261828479,0.18181396225809582,0.1893282672856162,0.3117080310771864,0.3238946628761133,0.09962254017591476,0.9860000610351562,0.7660000324249268
200,201,99,paraboloid,baseline,1042,0.0029668684084234492,0.005167333708543863,8.058540552318455e-08,0.00033878972429541215,True,0.004068049136549234,0.0015370401088148355,0.37406057119369507,0.6329383254051208,0.7279388904571533,0.6363387451171875,0.9452488910721009,1.0579937142385563,0.23507716907026033,0.18905126073839587,0.1757615357720691,0.23562761107665134,0.22782811873993017,0.09157194197177887,0.9940000176429749,0.800000011920929
200,201,99,paraboloid,K,1042,0.006776130359087672,0.005001362113814268,7.807446321196818e-08,0.00033878972429541215,True,0.005865380633622408,0.001973775215446949,0.3750894367694855,0.6315546631813049,0.7244369983673096,0.68156884765625,0.9777081960655121,1.0847382881272007,0.29612721053179625,0.2971875916257162,0.2832761458726257,0.33145597586324754,0.29285934796109564,0.16000433266162872,0.9940000176429749,0.800000011920929
200,201,99,paraboloid,K+S,1042,0.006776130359087672,0.005001362113814268,7.807446321196818e-08,0.00033878972429541215,True,0.005865380633622408,0.001973775215446949,0.3750894367694855,0.6315546631813049,0.7244369983673096,0.68156884765625,0.9777081960655121,1.0847382881272007,0.29612721053179625,0.2971875916257162,0.2832761458726257,0.33145597586324754,0.29285934796109564,0.16000433266162872,0.9940000176429749,0.800000011920929
200,201,99,paraboloid,baseline,2042,0.005713905074766704,0.004666385540206518,1.3152061585840003e-07,0.00032050336771343477,True,0.008808806538581848,0.003347187303006649,0.272564560174942,0.5048584342002869,0.5425383448600769,0.48481814575195314,0.8076140986763032,0.8343497779364498,0.2826286494138618,0.2093795770599715,0.220350643008219,0.23233388132712057,0.2055399138153141,0.09293840825557709,0.9820000529289246,0.812000036239624
200,201,99,paraboloid,K,2042,0.0015380630502477288,0.004571139222077493,1.0884309225340466e-07,0.00032050336771343477,True,0.0029137227684259415,0.0008085718145594001,0.27101248502731323,0.5022172927856445,0.5451365113258362,0.465431884765625,0.7943395081801936,0.8272887810670189,0.2690367749440035,0.1608267945233273,0.17270636503311426,0.1794960673385784,0.19138669038388764,0.06901971995830536,0.9820000529289246,0.812000036239624
200,201,99,paraboloid,K+S,2042,0.0015380630502477288,0.004571139222077493,1.0884309225340466e-07,0.00032050336771343477,True,0.0029137227684259415,0.0008085718145594001,0.27101248502731323,0.5022172927856445,0.5451365113258362,0.465431884765625,0.7943395081801936,0.8272887810670189,0.2690367749440035,0.1608267945233273,0.17270636503311426,0.1794960673385784,0.19138669038388764,0.06901971995830536,0.9820000529289246,0.812000036239624
200,201,99,paraboloid,baseline,3042,0.0016958754775779589,0.004286864040685552,5.079089606039945e-08,7.646718984516106e-05,True,0.0015784732531756163,0.0006566919619217515,0.05235426500439644,0.11076634377241135,0.16670142114162445,0.12971563720703125,0.23351542154947916,0.2786482981343044,0.19671439713459613,0.1158017729485223,0.1359051547972646,0.14670040667788645,0.1980544306528756,0.0782279297709465,0.9740000367164612,0.7620000243186951
200,201,99,paraboloid,K,3042,0.0008478331811992186,0.004018197933744107,3.876711700862805e-08,7.646718984516106e-05,True,0.001541143748909235,0.00046210538130253553,0.04905577749013901,0.10757801681756973,0.1613825410604477,0.11840718078613281,0.22489362003827335,0.2661626608219969,0.18662863749003583,0.10724521938248195,0.126496644755307,0.133738195741186,0.18403104236622503,0.06852135807275772,0.9740000367164612,0.7620000243186951
200,201,99,paraboloid,K+S,3042,0.0008478331811992186,0.004018197933744107,3.876711700862805e-08,7.646718984516106e-05,True,0.001541143748909235,0.00046210538130253553,0.04905577749013901,0.10757801681756973,0.1613825410604477,0.11840718078613281,0.22489362003827335,0.2661626608219969,0.18662863749003583,0.10724521938248195,0.126496644755307,0.133738195741186,0.18403104236622503,0.06852135807275772,0.9740000367164612,0.7620000243186951
200,201,99,paraboloid,baseline,4042,0.00637118165780391,0.00368313434799867,1.6410134102378443e-07,0.0003926332539586879,True,0.010396906174719334,0.0032036243937909603,0.2423812747001648,0.4049254059791565,0.4457162320613861,0.4748284912109375,0.6803631150578878,0.6961517333984375,0.2694122794099143,0.22976677143004928,0.2417986866343044,0.22812254975225885,0.24428762651513664,0.12283500283956528,0.9880000352859497,0.7680000066757202
200,201,99,paraboloid,K,4042,0.003608412142576916,0.003798058223245399,1.5365594358789686e-07,0.0003926332539586879,True,0.011013731360435486,0.003570279572159052,0.24214917421340942,0.40370163321495056,0.444875568151474,0.4220411376953125,0.6445643413497741,0.6643682935459894,0.21150138498994633,0.1599792164022393,0.17534646538994073,0.17669116890366776,0.19830409228164647,0.05586714297533035,0.9880000352859497,0.7680000066757202
200,201,99,paraboloid,K+S,4042,0.003608412142576916,0.003798058223245399,1.5365594358789686e-07,0.0003926332539586879,True,0.011013731360435486,0.003570279572159052,0.24214917421340942,0.40370163321495056,0.444875568151474,0.4220411376953125,0.6445643413497741,0.6643682935459894,0.21150138498994633,0.1599792164022393,0.17534646538994073,0.17669116890366776,0.19830409228164647,0.05586714297533035,0.9880000352859497,0.7680000066757202
200,201,99,paraboloid,baseline,5042,0.002514405541920236,0.004591317315186773,1.6548028217552462e-07,0.0003109143778162809,True,0.0071238367818295956,0.001973342150449753,0.27824047207832336,0.4414322078227997,0.524146318435669,0.4617242431640625,0.7011872255252692,0.777768030823001,0.25174073943418207,0.15753129891985365,0.16981575608510788,0.1610572723744834,0.20361351369418487,0.07657769322395325,0.9880000352859497,0.8060000538825989
200,201,99,paraboloid,K,5042,0.015598488173314504,0.004522724476243768,2.6691203507717934e-07,0.0003109143778162809,True,0.01224994845688343,0.006855630781501532,0.2792333960533142,0.4433300495147705,0.5272811055183411,0.533462646484375,0.7595887575933116,0.8355922312871648,0.3696227587460628,0.2888413137237074,0.3009773131294624,0.30044188407279426,0.3395665211082341,0.19079524278640747,0.9880000352859497,0.8060000538825989
200,201,99,paraboloid,K+S,5042,0.015598488173314504,0.004522724476243768,2.6691203507717934e-07,0.0003109143778162809,True,0.01224994845688343,0.006855630781501532,0.2792333960533142,0.4433300495147705,0.5272811055183411,0.533462646484375,0.7595887575933116,0.8355922312871648,0.3696227587460628,0.2888413137237074,0.3009773131294624,0.30044188407279426,0.3395665211082341,0.19079524278640747,0.9880000352859497,0.8060000538825989
200,201,99,paraboloid,baseline,6042,0.0017412741435691714,0.005385278125426599,5.983350500774317e-08,0.00011729316517191739,True,0.0031317993998527527,0.0010039361659437418,0.24272803962230682,0.4565050005912781,0.5207456350326538,0.42930035400390626,0.7384058328038717,0.7788362638461904,0.24135945354727645,0.18244498404810416,0.20518064292019178,0.2296829548648717,0.2983380522805258,0.09948842972517014,0.9860000610351562,0.784000039100647
200,201,99,paraboloid,K,6042,0.0038680012138294323,0.005264093567218099,7.168487771634449e-08,0.00011729316517191739,True,0.00452703982591629,0.001635917229577899,0.2401963621377945,0.4549386203289032,0.51869136095047,0.45219012451171875,0.753860902594754,0.7929317327348504,0.27159352419767846,0.2164910269814222,0.2342299452192747,0.2557194384875691,0.3152121330340357,0.12980155646800995,0.9860000610351562,0.784000039100647
200,201,99,paraboloid,K+S,6042,0.0038680012138294323,0.005264093567218099,7.168487771634449e-08,0.00011729316517191739,True,0.00452703982591629,0.001635917229577899,0.2401963621377945,0.4549386203289032,0.51869136095047,0.45219012451171875,0.753860902594754,0.7929317327348504,0.27159352419767846,0.2164910269814222,0.2342299452192747,0.2557194384875691,0.3152121330340357,0.12980155646800995,0.9860000610351562,0.784000039100647
200,201,99,paraboloid,baseline,7042,0.0017946061977584446,0.005524602851697377,7.35230187842717e-08,0.0005328433578880272,True,0.004105848725885153,0.0015615738229826093,0.25486668944358826,0.43428030610084534,0.5138425827026367,0.43699517822265627,0.6930159146417836,0.7933168718891759,0.24372029699359357,0.16786278947595917,0.1840381312383568,0.20951076300263072,0.23932893286184087,0.07143189013004303,0.9920000433921814,0.7920000553131104
200,201,99,paraboloid,K,7042,0.016005229470985278,0.00555245322175324,2.348098746551841e-07,0.0005328433578880272,True,0.01124858669936657,0.006172205787152052,0.2531031370162964,0.4335055947303772,0.5159984230995178,0.879312744140625,1.0609841509190256,1.138399924001386,0.7810043730229891,0.7373758056337231,0.7379596488344758,0.7547963831922043,0.7781098876648689,0.45500609278678894,0.9920000433921814,0.7920000553131104
200,201,99,paraboloid,K+S,7042,0.016005229470985278,0.00555245322175324,2.348098746551841e-07,0.0005328433578880272,True,0.01124858669936657,0.006172205787152052,0.2531031370162964,0.4335055947303772,0.5159984230995178,0.879312744140625,1.0609841509190256,1.138399924001386,0.7810043730229891,0.7373758056337231,0.7379596488344758,0.7547963831922043,0.7781098876648689,0.45500609278678894,0.9920000433921814,0.7920000553131104
200,201,99,paraboloid,baseline,8042,0.0034156704121934517,0.004044688107179744,2.1818259199335444e-07,3.411369259232905e-05,True,0.012273925356566906,0.006765398196876049,0.28177109360694885,0.4656094014644623,0.529715359210968,0.494697021484375,0.7350502396394352,0.82260162661774,0.26249541213965377,0.21406852081729935,0.20927775278607974,0.2461312575404436,0.23513572915520084,0.10576785355806351,0.9900000691413879,0.796000063419342
200,201,99,paraboloid,K,8042,0.005976780151416149,0.0040959034647260395,6.61225004908569e-08,3.411369259232905e-05,True,0.0038166437298059464,0.0015715720364823937,0.28175869584083557,0.470087468624115,0.531083881855011,0.5077677001953125,0.7462115392895166,0.832699677438447,0.26471490194228786,0.22254354330032558,0.2097097394010434,0.22665495247286352,0.2195955537899553,0.10059245675802231,0.9900000691413879,0.796000063419342
200,201,99,paraboloid,K+S,8042,0.005976780151416149,0.0040959034647260395,6.61225004908569e-08,3.411369259232905e-05,True,0.0038166437298059464,0.0015715720364823937,0.28175869584083557,0.470087468624115,0.531083881855011,0.5077677001953125,0.7462115392895166,0.832699677438447,0.26471490194228786,0.22254354330032558,0.2097097394010434,0.22665495247286352,0.2195955537899553,0.10059245675802231,0.9900000691413879,0.796000063419342
200,201,99,paraboloid,baseline,9042,0.004046651567997677,0.005841549352875778,1.1964787712973442e-07,0.00022322213768365964,True,0.005313475150614977,0.0024976953864097595,0.395774781703949,0.6405077576637268,0.7391567826271057,0.7071083984375,1.0148874408974198,1.1088482481060606,0.29558091077075704,0.26752101584507293,0.28659784073004774,0.2786886254561795,0.29915051881765514,0.13735032081604004,0.9900000691413879,0.7760000228881836
200,201,99,paraboloid,K,9042,0.0033387275678770883,0.006278900163514274,1.0269841104510696e-07,0.00022322213768365964,True,0.005686106160283089,0.0022175651974976063,0.395525187253952,0.6403310894966125,0.7421873211860657,0.7064227294921875,1.0091688503961047,1.1060831705729166,0.29762584842821854,0.2653279364247827,0.28007485305695484,0.2546045833745069,0.291525501054155,0.13726045191287994,0.9900000691413879,0.7760000228881836
200,201,99,paraboloid,K+S,9042,0.0033387275678770883,0.006278900163514274,1.0269841104510696e-07,0.00022322213768365964,True,0.005686106160283089,0.0022175651974976063,0.395525187253952,0.6403310894966125,0.7421873211860657,0.7064227294921875,1.0091688503961047,1.1060831705729166,0.29762584842821854,0.2653279364247827,0.28007485305695484,0.2546045833745069,0.291525501054155,0.13726045191287994,0.9900000691413879,0.7760000228881836
200,201,99,hyperbolic_paraboloid,baseline,42,0.0011568196350708604,0.0034489353253905264,7.678500121447282e-08,4.369576012168951e-05,True,0.002220794092863798,0.0009669488645158708,0.2414548099040985,0.4234873056411743,0.46961477398872375,0.42978009033203124,0.746115609673667,0.7918366902256593,0.21674217703964957,0.1515768523124308,0.1628906145183241,0.22537911602136412,0.25520186057705635,0.06996577978134155,0.9860000610351562,0.7660000324249268
200,201,99,hyperbolic_paraboloid,K,42,0.0029747317145977703,0.003495143759729607,8.53011477326098e-08,4.369576012168951e-05,True,0.004432345274835825,0.0020913712214678526,0.2453410029411316,0.4289494454860687,0.47333455085754395,0.46005844116210937,0.7650107186085262,0.8091946305899784,0.269570918497036,0.20108706804933824,0.21162501759590144,0.2724053200552978,0.30948437045438554,0.12181076407432556,0.9860000610351562,0.7660000324249268
200,201,99,hyperbolic_paraboloid,K+S,42,0.0029747317145977703,0.003495143759729607,8.53011477326098e-08,4.369576012168951e-05,True,0.004432345274835825,0.0020913712214678526,0.2453410029411316,0.4289494454860687,0.47333455085754395,0.46005844116210937,0.7650107186085262,0.8091946305899784,0.269570918497036,0.20108706804933824,0.21162501759590144,0.2724053200552978,0.30948437045438554,0.12181076407432556,0.9860000610351562,0.7660000324249268
200,201,99,hyperbolic_paraboloid,baseline,1042,0.00142083055938461,0.0040880298308495966,5.4993600530549106e-08,0.00018617321751010951,True,0.003391135949641466,0.0010382793843746185,0.37517306208610535,0.6337593793869019,0.7277693152427673,0.639806884765625,0.9666366270747051,1.0798563352772887,0.19741415054512435,0.19187570351589345,0.1834359005082457,0.22060212329724038,0.20356183982557008,0.07725421339273453,0.9940000176429749,0.800000011920929
200,201,99,hyperbolic_paraboloid,K,1042,0.0042318613268435,0.0041042829398065805,6.926844520194209e-08,0.00018617321751010951,True,0.0060705989599227905,0.001988029573112726,0.37548592686653137,0.6331282258033752,0.72663414478302,0.63970458984375,0.9666212457250879,1.0802719146912727,0.20011325631013274,0.19510291757914877,0.1801135594570476,0.22159115643066862,0.20010028723815754,0.0781707614660263,0.9940000176429749,0.800000011920929
200,201,99,hyperbolic_paraboloid,K+S,1042,0.0042318613268435,0.0041042829398065805,6.926844520194209e-08,0.00018617321751010951,True,0.0060705989599227905,0.001988029573112726,0.37548592686653137,0.6331282258033752,0.72663414478302,0.63970458984375,0.9666212457250879,1.0802719146912727,0.20011325631013274,0.19510291757914877,0.1801135594570476,0.22159115643066862,0.20010028723815754,0.0781707614660263,0.9940000176429749,0.800000011920929
200,201,99,hyperbolic_paraboloid,baseline,2042,0.00944583470534001,0.003805281220203532,1.6848864601927615e-07,0.00011761820138390384,True,0.013044213876128197,0.005886640399694443,0.2708263099193573,0.5035915374755859,0.5376091599464417,0.4974920959472656,0.825687547444332,0.8471052554377227,0.24456972557562393,0.21405483496955813,0.2413404999403766,0.2672432080781195,0.22758984612473485,0.11062130331993103,0.9820000529289246,0.812000036239624
200,201,99,hyperbolic_paraboloid,K,2042,0.0010154596114132022,0.0037872207051675233,4.016325430963466e-08,0.00011761820138390384,True,0.001709807082079351,0.000549256568774581,0.2672082185745239,0.49757862091064453,0.5357815623283386,0.4676276550292969,0.8043052271792763,0.8271568282801361,0.20518672591850176,0.153088069770964,0.17353734743828508,0.1943002407417728,0.16912699074961884,0.054333221167325974,0.9820000529289246,0.812000036239624
200,201,99,hyperbolic_paraboloid,K+S,2042,0.0010154596114132022,0.0037872207051675233,4.016325430963466e-08,0.00011761820138390384,True,0.001709807082079351,0.000549256568774581,0.2672082185745239,0.49757862091064453,0.5357815623283386,0.4676276550292969,0.8043052271792763,0.8271568282801361,0.20518672591850176,0.153088069770964,0.17353734743828508,0.1943002407417728,0.16912699074961884,0.054333221167325974,0.9820000529289246,0.812000036239624
200,201,99,hyperbolic_paraboloid,baseline,3042,0.000585329851933888,0.002961226107020463,3.8456582172687245e-08,9.751103966686857e-05,True,0.0012354757636785507,0.0004548545693978667,0.045307010412216187,0.08639448136091232,0.13077865540981293,0.0991433334350586,0.17870430994515468,0.22157608752867525,0.15942071233841026,0.0912914336943491,0.1053723364832358,0.1037929240120567,0.14021487433542268,0.03917829319834709,0.9740000367164612,0.7620000243186951
200,201,99,hyperbolic_paraboloid,K,3042,0.000752718753314444,0.0029965031759015153,3.579998367594531e-08,9.751103966686857e-05,True,0.0011263643391430378,0.00037242742837406695,0.04620126262307167,0.09012521058320999,0.13760875165462494,0.12222831726074218,0.19747559518525096,0.24240181235562114,0.17588091319831547,0.10886466323849632,0.12144088720792826,0.12172354962135408,0.16174438216161088,0.061281729489564896,0.9740000367164612,0.7620000243186951
200,201,99,hyperbolic_paraboloid,K+S,3042,0.000752718753314444,0.0029965031759015153,3.579998367594531e-08,9.751103966686857e-05,True,0.0011263643391430378,0.00037242742837406695,0.04620126262307167,0.09012521058320999,0.13760875165462494,0.12222831726074218,0.19747559518525096,0.24240181235562114,0.17588091319831547,0.10886466323849632,0.12144088720792826,0.12172354962135408,0.16174438216161088,0.061281729489564896,0.9740000367164612,0.7620000243186951
200,201,99,hyperbolic_paraboloid,baseline,4042,0.00248217536136508,0.003348047678757991,6.599666286482326e-08,0.0003457001934004067,True,0.005210286006331444,0.0020693354308605194,0.24163684248924255,0.39892247319221497,0.42901521921157837,0.4302457275390625,0.7132103854872616,0.7548729282641701,0.2351878029981583,0.16956667920898968,0.21165451708023728,0.17434972773376278,0.1798729954096821,0.0752420648932457,0.9880000352859497,0.7680000066757202
200,201,99,hyperbolic_paraboloid,K,4042,0.0004518736428248563,0.003399492540795888,2.123623017118754e-08,0.0003457001934004067,True,0.0016886275261640549,0.00041620887350291014,0.24042947590351105,0.3990437984466553,0.43291717767715454,0.4218226318359375,0.706910037611383,0.7510370416679846,0.2031502406554303,0.13926191923383435,0.17180274439148943,0.14963500517393763,0.16186311316694527,0.043301764875650406,0.9880000352859497,0.7680000066757202
200,201,99,hyperbolic_paraboloid,K+S,4042,0.0004518736428248563,0.003399492540795888,2.123623017118754e-08,0.0003457001934004067,True,0.0016886275261640549,0.00041620887350291014,0.24042947590351105,0.3990437984466553,0.43291717767715454,0.4218226318359375,0.706910037611383,0.7510370416679846,0.2031502406554303,0.13926191923383435,0.17180274439148943,0.14963500517393763,0.16186311316694527,0.043301764875650406,0.9880000352859497,0.7680000066757202
200,201,99,hyperbolic_paraboloid,baseline,5042,0.0011282427003607154,0.003822930290230683,3.1038467034656085e-08,0.00017974938993430256,True,0.0019220594549551606,0.0007333018002100289,0.2784408926963806,0.44728976488113403,0.5321825742721558,0.46669955444335937,0.7315325230539204,0.8189371085842612,0.21945406965855915,0.15261575409832634,0.17003002658579994,0.16140824242625904,0.16935076854319617,0.06332331895828247,0.9880000352859497,0.8060000538825989
200,201,99,hyperbolic_paraboloid,K,5042,0.015483940685434001,0.003747758056436266,1.9944246990430008e-07,0.00017974938993430256,True,0.011588532477617264,0.006930009461939335,0.27880382537841797,0.44370192289352417,0.531833827495575,0.582448974609375,0.8126572358584356,0.899415050923583,0.41332219810121407,0.36691493527372077,0.3600385477510064,0.35876682899957224,0.37843557468436856,0.2302710860967636,0.9880000352859497,0.8060000538825989
200,201,99,hyperbolic_paraboloid,K+S,5042,0.015483940685434001,0.003747758056436266,1.9944246990430008e-07,0.00017974938993430256,True,0.011588532477617264,0.006930009461939335,0.27880382537841797,0.44370192289352417,0.531833827495575,0.582448974609375,0.8126572358584356,0.899415050923583,0.41332219810121407,0.36691493527372077,0.3600385477510064,0.35876682899957224,0.37843557468436856,0.2302710860967636,0.9880000352859497,0.8060000538825989
200,201,99,hyperbolic_paraboloid,baseline,6042,0.00042283483032536296,0.003541169022875173,2.8565552970657596e-08,4.319443520325333e-05,True,0.00142386625520885,0.00036923540756106377,0.0415419265627861,0.08531695604324341,0.1193452700972557,0.08964775848388672,0.18232659642476154,0.20570967792255643,0.18908990410669124,0.08065142269809845,0.09549139955824652,0.10695162325386018,0.15116542506085912,0.04225819557905197,0.9860000610351562,0.784000039100647
200,201,99,hyperbolic_paraboloid,K,6042,0.08641303277441434,0.003923010945852313,1.193992846180793e-06,4.319443520325333e-05,True,0.07617563009262085,0.04259416460990906,0.2192244678735733,0.21912401914596558,0.2222989946603775,1.5325517578125,1.552086519907756,1.552977525196501,1.538022856286963,1.5264721122911258,1.526889778327872,1.5236265324685478,1.526608751633137,0.7317395806312561,0.9860000610351562,0.784000039100647
200,201,99,hyperbolic_paraboloid,K+S,6042,0.08641303277441434,0.003923010945852313,1.193992846180793e-06,4.319443520325333e-05,True,0.07617563009262085,0.04259416460990906,0.2192244678735733,0.21912401914596558,0.2222989946603775,1.5325517578125,1.552086519907756,1.552977525196501,1.538022856286963,1.5264721122911258,1.526889778327872,1.5236265324685478,1.526608751633137,0.7317395806312561,0.9860000610351562,0.784000039100647
200,201,99,hyperbolic_paraboloid,baseline,7042,0.0030227727589330505,0.003800175152719021,1.2177789646524877e-07,0.00012345907662934924,True,0.005965749733150005,0.0025571216829121113,0.2557574212551117,0.42795395851135254,0.50951087474823,0.45290191650390627,0.6968830238602205,0.808455313405683,0.22530982116919956,0.18356864683341417,0.19676941068644063,0.22008205111947513,0.2399043927441127,0.08802886307239532,0.9920000433921814,0.7920000553131104
200,201,99,hyperbolic_paraboloid,K,7042,0.001039279076004667,0.0038649989292025566,6.394950499303117e-08,0.00012345907662934924,True,0.0022230513859540224,0.000666955835185945,0.2535560727119446,0.4291054606437683,0.5107990503311157,0.43136264038085936,0.6816851476390281,0.796785170032132,0.19621001543533448,0.1550700536929736,0.17535015954958183,0.19287441000176986,0.21625943591566626,0.05687481164932251,0.9920000433921814,0.7920000553131104
200,201,99,hyperbolic_paraboloid,K+S,7042,0.001039279076004667,0.0038649989292025566,6.394950499303117e-08,0.00012345907662934924,True,0.0022230513859540224,0.000666955835185945,0.2535560727119446,0.4291054606437683,0.5107990503311157,0.43136264038085936,0.6816851476390281,0.796785170032132,0.19621001543533448,0.1550700536929736,0.17535015954958183,0.19287441000176986,0.21625943591566626,0.05687481164932251,0.9920000433921814,0.7920000553131104
200,201,99,hyperbolic_paraboloid,baseline,8042,0.021168966378484453,0.003568009988936995,2.6563033372895006e-07,0.0002178411319184659,True,0.019936788827180862,0.010981595143675804,0.28322833776474,0.4631718397140503,0.5200375318527222,0.5560631103515625,0.7845439413984219,0.8842568753945707,0.30542722792975907,0.2891641855890858,0.2781486976528425,0.28496499099356604,0.27590914776075626,0.15516744554042816,0.9900000691413879,0.796000063419342
200,201,99,hyperbolic_paraboloid,K,8042,0.018766031600534916,0.003092501112925155,1.90874869433953e-07,0.0002178411319184659,True,0.011711914092302322,0.00701407715678215,0.28399962186813354,0.46738460659980774,0.5285677909851074,0.6263390502929688,0.8480937705489103,0.950228974313447,0.41575106460778,0.41170098761366697,0.40902241696885683,0.4007901288787605,0.41637982887933317,0.23915588855743408,0.9900000691413879,0.796000063419342
200,201,99,hyperbolic_paraboloid,K+S,8042,0.018766031600534916,0.003092501112925155,1.90874869433953e-07,0.0002178411319184659,True,0.011711914092302322,0.00701407715678215,0.28399962186813354,0.46738460659980774,0.5285677909851074,0.6263390502929688,0.8480937705489103,0.950228974313447,0.41575106460778,0.41170098761366697,0.40902241696885683,0.4007901288787605,0.41637982887933317,0.23915588855743408,0.9900000691413879,0.796000063419342
200,201,99,hyperbolic_paraboloid,baseline,9042,0.011430235380040748,0.004010420342508171,1.410382941864035e-07,6.203215791663127e-05,True,0.009049583226442337,0.003993477672338486,0.38944217562675476,0.6380996108055115,0.7469268441200256,0.73187451171875,1.0327744111269415,1.1471640230429292,0.3608621931658508,0.30608455272950047,0.3094868502266475,0.30694199012206846,0.3873082341362271,0.1928664594888687,0.9900000691413879,0.7760000228881836
200,201,99,hyperbolic_paraboloid,K,9042,0.002057445518273328,0.0037409618297325714,6.693711591359325e-08,6.203215791663127e-05,True,0.004704591352492571,0.0014062807895243168,0.3893229365348816,0.6383134722709656,0.7446597814559937,0.6798865966796875,0.9921547195954409,1.1028201941287878,0.22972331263607548,0.1692395692267263,0.18508711974630335,0.1637909808168455,0.24410413017040009,0.07425568252801895,0.9900000691413879,0.7760000228881836
200,201,99,hyperbolic_paraboloid,K+S,9042,0.002057445518273328,0.0037409618297325714,6.693711591359325e-08,6.203215791663127e-05,True,0.004704591352492571,0.0014062807895243168,0.3893229365348816,0.6383134722709656,0.7446597814559937,0.6798865966796875,0.9921547195954409,1.1028201941287878,0.22972331263607548,0.1692395692267263,0.18508711974630335,0.1637909808168455,0.24410413017040009,0.07425568252801895,0.9900000691413879,0.7760000228881836
