Device: cuda
Seeds (10): [42, 1042, 2042, 3042, 4042, 5042, 6042, 7042, 8042, 9042]
Surfaces: ['paraboloid', 'hyperbolic_paraboloid']
Conditions: ['baseline', 'K', 'K+S']
D configs: [(4, 11), (99, 201)]
N values: [20, 50, 100, 200]
Dynamics: Müller-Brown gradient + state-dependent diffusion
TRAIN_BOUND: 0.8
Expected rows: 480


============================================================
  N=20 | D=11 (K=4) | paraboloid | seed=42
============================================================
    Phase1 Epoch 50/250: loss=0.659011
    Phase1 Epoch 100/250: loss=0.168034
    Phase1 Epoch 150/250: loss=0.060663
    Phase1 Epoch 200/250: loss=0.033755
    Phase1 Epoch 250/250: loss=0.030839
      Phase 2 AE: K_weight=0.0000
        Phase2 Epoch 50/250: loss=0.021335
        Phase2 Epoch 100/250: loss=0.014385
        Phase2 Epoch 150/250: loss=0.012429
        Phase2 Epoch 200/250: loss=0.006430
        Phase2 Epoch 250/250: loss=0.003203
        E_mu=0.1393  E_Sigma=0.0974
      → baseline
  Precomputing encoder-pullback target...
  Stage 2 epoch 60/300: loss=0.302243
  Stage 2 epoch 120/300: loss=0.262680
  Stage 2 epoch 180/300: loss=0.167918
  Stage 2 epoch 240/300: loss=0.094092
  Stage 2 epoch 300/300: loss=0.070097
  Stage 3 epoch 60/300: loss=0.010841
  Stage 3 epoch 120/300: loss=0.009392
  Stage 3 epoch 180/300: loss=0.008342
  Stage 3 epoch 240/300: loss=0.006896
  Stage 3 epoch 300/300: loss=0.004957
  rcMTE@0.1: 0.5003 (333/500 in region)
  rcMTE@0.5: 0.8609 (177/500 in region)
  rcMTE@1.0: 0.8971 (74/500 in region)
  MTE@0.1: 0.8464
  MTE@0.5: 1.2788
  MTE@1.0: 1.3624
  W2@1.0:  0.7690
  sW2@0.1: 0.3470 (333/500 in region)
  sW2@0.2: 0.4586 (279/500 in region)
  sW2@0.5: 0.5869 (177/500 in region)
  sW2@1.0: 0.6856 (74/500 in region)
  MMD@1.0: 0.1960
  Survival@1.0: 62.6%
  Stopped@1.0:  14.8%
      Phase 2 AE: K_weight=0.1000
        Phase2 Epoch 50/250: loss=0.025095
        Phase2 Epoch 100/250: loss=0.009524
        Phase2 Epoch 150/250: loss=0.005430
        Phase2 Epoch 200/250: loss=0.003609
        Phase2 Epoch 250/250: loss=0.004699
        E_mu=0.0659  E_Sigma=0.1157
      → K
  Precomputing encoder-pullback target...
  Stage 2 epoch 60/300: loss=0.296657
  Stage 2 epoch 120/300: loss=0.257818
  Stage 2 epoch 180/300: loss=0.167877
  Stage 2 epoch 240/300: loss=0.093387
  Stage 2 epoch 300/300: loss=0.068550
  Stage 3 epoch 60/300: loss=0.010607
  Stage 3 epoch 120/300: loss=0.009208
  Stage 3 epoch 180/300: loss=0.008172
  Stage 3 epoch 240/300: loss=0.006782
  Stage 3 epoch 300/300: loss=0.004932
  rcMTE@0.1: 0.4946 (333/500 in region)
  rcMTE@0.5: 0.8526 (177/500 in region)
  rcMTE@1.0: 0.8811 (74/500 in region)
  MTE@0.1: 0.8375
  MTE@0.5: 1.2678
  MTE@1.0: 1.3353
  W2@1.0:  0.7141
  sW2@0.1: 0.3410 (333/500 in region)
  sW2@0.2: 0.4389 (279/500 in region)
  sW2@0.5: 0.5568 (177/500 in region)
  sW2@1.0: 0.6369 (74/500 in region)
  MMD@1.0: 0.1882
  Survival@1.0: 62.6%
  Stopped@1.0:  14.8%
      → K+S
  Precomputing encoder-pullback target...
  Stage 2 epoch 60/300: loss=0.296657
  Stage 2 epoch 120/300: loss=0.257818
  Stage 2 epoch 180/300: loss=0.167877
  Stage 2 epoch 240/300: loss=0.093387
  Stage 2 epoch 300/300: loss=0.068550
  Stage 3 epoch 60/300: loss=0.010607
  Stage 3 epoch 120/300: loss=0.009208
  Stage 3 epoch 180/300: loss=0.008172
  Stage 3 epoch 240/300: loss=0.006782
  Stage 3 epoch 300/300: loss=0.004932
  rcMTE@0.1: 0.4946 (333/500 in region)
  rcMTE@0.5: 0.8526 (177/500 in region)
  rcMTE@1.0: 0.8811 (74/500 in region)
  MTE@0.1: 0.8375
  MTE@0.5: 1.2678
  MTE@1.0: 1.3353
  W2@1.0:  0.7141
  sW2@0.1: 0.3410 (333/500 in region)
  sW2@0.2: 0.4389 (279/500 in region)
  sW2@0.5: 0.5568 (177/500 in region)
  sW2@1.0: 0.6369 (74/500 in region)
  MMD@1.0: 0.1882
  Survival@1.0: 62.6%
  Stopped@1.0:  14.8%

============================================================
  N=20 | D=11 (K=4) | paraboloid | seed=1042
============================================================
    Phase1 Epoch 50/250: loss=0.575560
    Phase1 Epoch 100/250: loss=0.242403
    Phase1 Epoch 150/250: loss=0.050826
    Phase1 Epoch 200/250: loss=0.018589
    Phase1 Epoch 250/250: loss=0.017814
      Phase 2 AE: K_weight=0.0000
        Phase2 Epoch 50/250: loss=0.017469
        Phase2 Epoch 100/250: loss=0.008079
        Phase2 Epoch 150/250: loss=0.003966
        Phase2 Epoch 200/250: loss=0.003211
        Phase2 Epoch 250/250: loss=0.003031
        E_mu=0.0959  E_Sigma=0.0778
      → baseline
  Precomputing encoder-pullback target...
  Stage 2 epoch 60/300: loss=0.370198
  Stage 2 epoch 120/300: loss=0.344579
  Stage 2 epoch 180/300: loss=0.295783
  Stage 2 epoch 240/300: loss=0.254308
  Stage 2 epoch 300/300: loss=0.229284
  Stage 3 epoch 60/300: loss=0.006688
  Stage 3 epoch 120/300: loss=0.005700
  Stage 3 epoch 180/300: loss=0.005441
  Stage 3 epoch 240/300: loss=0.005131
  Stage 3 epoch 300/300: loss=0.004735
  rcMTE@0.1: 0.4768 (343/500 in region)
  rcMTE@0.5: 0.8231 (167/500 in region)
  rcMTE@1.0: 0.8333 (86/500 in region)
  MTE@0.1: 0.8003
  MTE@0.5: 1.2440
  MTE@1.0: 1.3667
  W2@1.0:  0.5696
  sW2@0.1: 0.3245 (343/500 in region)
  sW2@0.2: 0.4545 (281/500 in region)
  sW2@0.5: 0.6798 (167/500 in region)
  sW2@1.0: 0.6736 (86/500 in region)
  MMD@1.0: 0.1959
  Survival@1.0: 64.4%
  Stopped@1.0:  17.2%
      Phase 2 AE: K_weight=0.1000
        Phase2 Epoch 50/250: loss=0.017715
        Phase2 Epoch 100/250: loss=0.016922
        Phase2 Epoch 150/250: loss=0.010450
        Phase2 Epoch 200/250: loss=0.009230
        Phase2 Epoch 250/250: loss=0.007508
        E_mu=0.0876  E_Sigma=0.0978
      → K
  Precomputing encoder-pullback target...
  Stage 2 epoch 60/300: loss=0.376908
  Stage 2 epoch 120/300: loss=0.348065
  Stage 2 epoch 180/300: loss=0.294735
  Stage 2 epoch 240/300: loss=0.251154
  Stage 2 epoch 300/300: loss=0.225894
  Stage 3 epoch 60/300: loss=0.007330
  Stage 3 epoch 120/300: loss=0.005290
  Stage 3 epoch 180/300: loss=0.005099
  Stage 3 epoch 240/300: loss=0.004903
  Stage 3 epoch 300/300: loss=0.004688
  rcMTE@0.1: 0.4776 (343/500 in region)
  rcMTE@0.5: 0.8143 (167/500 in region)
  rcMTE@1.0: 0.8166 (86/500 in region)
  MTE@0.1: 0.8018
  MTE@0.5: 1.2198
  MTE@1.0: 1.3253
  W2@1.0:  0.5245
  sW2@0.1: 0.3417 (343/500 in region)
  sW2@0.2: 0.4516 (281/500 in region)
  sW2@0.5: 0.6602 (167/500 in region)
  sW2@1.0: 0.6427 (86/500 in region)
  MMD@1.0: 0.1759
  Survival@1.0: 64.4%
  Stopped@1.0:  17.2%
      → K+S
  Precomputing encoder-pullback target...
  Stage 2 epoch 60/300: loss=0.376908
  Stage 2 epoch 120/300: loss=0.348065
  Stage 2 epoch 180/300: loss=0.294735
  Stage 2 epoch 240/300: loss=0.251154
  Stage 2 epoch 300/300: loss=0.225894
  Stage 3 epoch 60/300: loss=0.007330
  Stage 3 epoch 120/300: loss=0.005290
  Stage 3 epoch 180/300: loss=0.005099
  Stage 3 epoch 240/300: loss=0.004903
  Stage 3 epoch 300/300: loss=0.004688
  rcMTE@0.1: 0.4776 (343/500 in region)
  rcMTE@0.5: 0.8143 (167/500 in region)
  rcMTE@1.0: 0.8166 (86/500 in region)
  MTE@0.1: 0.8018
  MTE@0.5: 1.2198
  MTE@1.0: 1.3253
  W2@1.0:  0.5245
  sW2@0.1: 0.3417 (343/500 in region)
  sW2@0.2: 0.4516 (281/500 in region)
  sW2@0.5: 0.6602 (167/500 in region)
  sW2@1.0: 0.6427 (86/500 in region)
  MMD@1.0: 0.1759
  Survival@1.0: 64.4%
  Stopped@1.0:  17.2%

============================================================
  N=20 | D=11 (K=4) | paraboloid | seed=2042
============================================================
    Phase1 Epoch 50/250: loss=0.666011
    Phase1 Epoch 100/250: loss=0.133302
    Phase1 Epoch 150/250: loss=0.028047
    Phase1 Epoch 200/250: loss=0.016759
    Phase1 Epoch 250/250: loss=0.011945
      Phase 2 AE: K_weight=0.0000
        Phase2 Epoch 50/250: loss=0.007858
        Phase2 Epoch 100/250: loss=0.005792
        Phase2 Epoch 150/250: loss=0.003588
        Phase2 Epoch 200/250: loss=0.004633
        Phase2 Epoch 250/250: loss=0.002448
        E_mu=0.1395  E_Sigma=0.0693
      → baseline
  Precomputing encoder-pullback target...
  Stage 2 epoch 60/300: loss=0.228891
  Stage 2 epoch 120/300: loss=0.215429
  Stage 2 epoch 180/300: loss=0.196570
  Stage 2 epoch 240/300: loss=0.172590
  Stage 2 epoch 300/300: loss=0.137071
  Stage 3 epoch 60/300: loss=0.010124
  Stage 3 epoch 120/300: loss=0.008362
  Stage 3 epoch 180/300: loss=0.006676
  Stage 3 epoch 240/300: loss=0.005063
  Stage 3 epoch 300/300: loss=0.003902
  rcMTE@0.1: 0.7262 (348/500 in region)
  rcMTE@0.5: 1.2250 (161/500 in region)
  rcMTE@1.0: 1.2696 (63/500 in region)
  MTE@0.1: 1.1562
  MTE@0.5: 1.7774
  MTE@1.0: 1.9463
  W2@1.0:  1.2704
  sW2@0.1: 0.5673 (348/500 in region)
  sW2@0.2: 0.7444 (288/500 in region)
  sW2@0.5: 0.9571 (161/500 in region)
  sW2@1.0: 1.3680 (63/500 in region)
  MMD@1.0: 0.2444
  Survival@1.0: 62.0%
  Stopped@1.0:  12.6%
      Phase 2 AE: K_weight=0.1000
        Phase2 Epoch 50/250: loss=0.024030
        Phase2 Epoch 100/250: loss=0.008647
        Phase2 Epoch 150/250: loss=0.006895
        Phase2 Epoch 200/250: loss=0.005588
        Phase2 Epoch 250/250: loss=0.004622
        E_mu=0.1179  E_Sigma=0.0517
      → K
  Precomputing encoder-pullback target...
  Stage 2 epoch 60/300: loss=0.241693
  Stage 2 epoch 120/300: loss=0.226475
  Stage 2 epoch 180/300: loss=0.204983
  Stage 2 epoch 240/300: loss=0.179789
  Stage 2 epoch 300/300: loss=0.143343
  Stage 3 epoch 60/300: loss=0.011122
  Stage 3 epoch 120/300: loss=0.009029
  Stage 3 epoch 180/300: loss=0.007080
  Stage 3 epoch 240/300: loss=0.005247
  Stage 3 epoch 300/300: loss=0.003984
  rcMTE@0.1: 0.7239 (348/500 in region)
  rcMTE@0.5: 1.2191 (161/500 in region)
  rcMTE@1.0: 1.2538 (63/500 in region)
  MTE@0.1: 1.1530
  MTE@0.5: 1.7656
  MTE@1.0: 1.9227
  W2@1.0:  1.2259
  sW2@0.1: 0.5577 (348/500 in region)
  sW2@0.2: 0.7320 (288/500 in region)
  sW2@0.5: 0.9256 (161/500 in region)
  sW2@1.0: 1.3106 (63/500 in region)
  MMD@1.0: 0.2396
  Survival@1.0: 62.0%
  Stopped@1.0:  12.6%
      → K+S
  Precomputing encoder-pullback target...
  Stage 2 epoch 60/300: loss=0.241693
  Stage 2 epoch 120/300: loss=0.226475
  Stage 2 epoch 180/300: loss=0.204983
  Stage 2 epoch 240/300: loss=0.179789
  Stage 2 epoch 300/300: loss=0.143343
  Stage 3 epoch 60/300: loss=0.011122
  Stage 3 epoch 120/300: loss=0.009029
  Stage 3 epoch 180/300: loss=0.007080
  Stage 3 epoch 240/300: loss=0.005247
  Stage 3 epoch 300/300: loss=0.003984
  rcMTE@0.1: 0.7239 (348/500 in region)
  rcMTE@0.5: 1.2191 (161/500 in region)
  rcMTE@1.0: 1.2538 (63/500 in region)
  MTE@0.1: 1.1530
  MTE@0.5: 1.7656
  MTE@1.0: 1.9227
  W2@1.0:  1.2259
  sW2@0.1: 0.5577 (348/500 in region)
  sW2@0.2: 0.7320 (288/500 in region)
  sW2@0.5: 0.9256 (161/500 in region)
  sW2@1.0: 1.3106 (63/500 in region)
  MMD@1.0: 0.2396
  Survival@1.0: 62.0%
  Stopped@1.0:  12.6%

============================================================
  N=20 | D=11 (K=4) | paraboloid | seed=3042
============================================================
    Phase1 Epoch 50/250: loss=0.731516
    Phase1 Epoch 100/250: loss=0.198007
    Phase1 Epoch 150/250: loss=0.051015
    Phase1 Epoch 200/250: loss=0.036435
    Phase1 Epoch 250/250: loss=0.021198
      Phase 2 AE: K_weight=0.0000
        Phase2 Epoch 50/250: loss=0.013402
        Phase2 Epoch 100/250: loss=0.012578
        Phase2 Epoch 150/250: loss=0.010503
        Phase2 Epoch 200/250: loss=0.007927
        Phase2 Epoch 250/250: loss=0.003406
        E_mu=0.0961  E_Sigma=0.0731
      → baseline
  Precomputing encoder-pullback target...
  Stage 2 epoch 60/300: loss=0.491352
  Stage 2 epoch 120/300: loss=0.441854
  Stage 2 epoch 180/300: loss=0.360560
  Stage 2 epoch 240/300: loss=0.272294
  Stage 2 epoch 300/300: loss=0.185654
  Stage 3 epoch 60/300: loss=0.025996
  Stage 3 epoch 120/300: loss=0.004473
  Stage 3 epoch 180/300: loss=0.003982
  Stage 3 epoch 240/300: loss=0.003652
  Stage 3 epoch 300/300: loss=0.003380
  rcMTE@0.1: 0.5462 (343/500 in region)
  rcMTE@0.5: 0.9246 (164/500 in region)
  rcMTE@1.0: 1.2979 (63/500 in region)
  MTE@0.1: 0.8845
  MTE@0.5: 1.5588
  MTE@1.0: 2.3145
  W2@1.0:  2.2216
  sW2@0.1: 0.4024 (343/500 in region)
  sW2@0.2: 0.6143 (283/500 in region)
  sW2@0.5: 1.0370 (164/500 in region)
  sW2@1.0: 2.2391 (63/500 in region)
  MMD@1.0: 0.3423
  Survival@1.0: 64.2%
  Stopped@1.0:  12.6%
      Phase 2 AE: K_weight=0.1000
        Phase2 Epoch 50/250: loss=0.022285
        Phase2 Epoch 100/250: loss=0.019078
        Phase2 Epoch 150/250: loss=0.010270
        Phase2 Epoch 200/250: loss=0.011289
        Phase2 Epoch 250/250: loss=0.007753
        E_mu=0.0418  E_Sigma=0.0627
      → K
  Precomputing encoder-pullback target...
  Stage 2 epoch 60/300: loss=0.480753
  Stage 2 epoch 120/300: loss=0.435606
  Stage 2 epoch 180/300: loss=0.352909
  Stage 2 epoch 240/300: loss=0.251518
  Stage 2 epoch 300/300: loss=0.154054
  Stage 3 epoch 60/300: loss=0.009908
  Stage 3 epoch 120/300: loss=0.004282
  Stage 3 epoch 180/300: loss=0.003601
  Stage 3 epoch 240/300: loss=0.003165
  Stage 3 epoch 300/300: loss=0.002828
  rcMTE@0.1: 0.5477 (343/500 in region)
  rcMTE@0.5: 0.8991 (164/500 in region)
  rcMTE@1.0: 1.1922 (63/500 in region)
  MTE@0.1: 0.8892
  MTE@0.5: 1.5234
  MTE@1.0: 2.1536
  W2@1.0:  2.0041
  sW2@0.1: 0.4214 (343/500 in region)
  sW2@0.2: 0.6304 (283/500 in region)
  sW2@0.5: 0.9583 (164/500 in region)
  sW2@1.0: 2.0235 (63/500 in region)
  MMD@1.0: 0.3021
  Survival@1.0: 64.2%
  Stopped@1.0:  12.6%
      → K+S
  Precomputing encoder-pullback target...
  Stage 2 epoch 60/300: loss=0.480753
  Stage 2 epoch 120/300: loss=0.435606
  Stage 2 epoch 180/300: loss=0.352909
  Stage 2 epoch 240/300: loss=0.251518
  Stage 2 epoch 300/300: loss=0.154054
  Stage 3 epoch 60/300: loss=0.009908
  Stage 3 epoch 120/300: loss=0.004282
  Stage 3 epoch 180/300: loss=0.003601
  Stage 3 epoch 240/300: loss=0.003165
  Stage 3 epoch 300/300: loss=0.002828
  rcMTE@0.1: 0.5477 (343/500 in region)
  rcMTE@0.5: 0.8991 (164/500 in region)
  rcMTE@1.0: 1.1922 (63/500 in region)
  MTE@0.1: 0.8892
  MTE@0.5: 1.5234
  MTE@1.0: 2.1536
  W2@1.0:  2.0041
  sW2@0.1: 0.4214 (343/500 in region)
  sW2@0.2: 0.6304 (283/500 in region)
  sW2@0.5: 0.9583 (164/500 in region)
  sW2@1.0: 2.0235 (63/500 in region)
  MMD@1.0: 0.3021
  Survival@1.0: 64.2%
  Stopped@1.0:  12.6%

============================================================
  N=20 | D=11 (K=4) | paraboloid | seed=4042
============================================================
    Phase1 Epoch 50/250: loss=0.707422
    Phase1 Epoch 100/250: loss=0.323457
    Phase1 Epoch 150/250: loss=0.085314
    Phase1 Epoch 200/250: loss=0.025816
    Phase1 Epoch 250/250: loss=0.009693
      Phase 2 AE: K_weight=0.0000
        Phase2 Epoch 50/250: loss=0.005666
        Phase2 Epoch 100/250: loss=0.005862
        Phase2 Epoch 150/250: loss=0.005265
        Phase2 Epoch 200/250: loss=0.005742
        Phase2 Epoch 250/250: loss=0.003602
        E_mu=0.0935  E_Sigma=0.0729
      → baseline
  Precomputing encoder-pullback target...
  Stage 2 epoch 60/300: loss=1.108542
  Stage 2 epoch 120/300: loss=0.795917
  Stage 2 epoch 180/300: loss=0.410246
  Stage 2 epoch 240/300: loss=0.246000
  Stage 2 epoch 300/300: loss=0.177743
  Stage 3 epoch 60/300: loss=0.033619
  Stage 3 epoch 120/300: loss=0.027799
  Stage 3 epoch 180/300: loss=0.021307
  Stage 3 epoch 240/300: loss=0.009907
  Stage 3 epoch 300/300: loss=0.004489
  rcMTE@0.1: 0.4993 (342/500 in region)
  rcMTE@0.5: 0.7409 (168/500 in region)
  rcMTE@1.0: 0.8520 (75/500 in region)
  MTE@0.1: 0.7942
  MTE@0.5: 1.2515
  MTE@1.0: 1.3762
  W2@1.0:  0.6538
  sW2@0.1: 0.3196 (342/500 in region)
  sW2@0.2: 0.4139 (274/500 in region)
  sW2@0.5: 0.4942 (168/500 in region)
  sW2@1.0: 0.6824 (75/500 in region)
  MMD@1.0: 0.2444
  Survival@1.0: 59.8%
  Stopped@1.0:  15.0%
      Phase 2 AE: K_weight=0.1000
        Phase2 Epoch 50/250: loss=0.016943
        Phase2 Epoch 100/250: loss=0.011221
        Phase2 Epoch 150/250: loss=0.006554
        Phase2 Epoch 200/250: loss=0.003938
        Phase2 Epoch 250/250: loss=0.003499
        E_mu=0.0704  E_Sigma=0.0360
      → K
  Precomputing encoder-pullback target...
  Stage 2 epoch 60/300: loss=0.971242
  Stage 2 epoch 120/300: loss=0.721732
  Stage 2 epoch 180/300: loss=0.410182
  Stage 2 epoch 240/300: loss=0.256143
  Stage 2 epoch 300/300: loss=0.185272
  Stage 3 epoch 60/300: loss=0.033975
  Stage 3 epoch 120/300: loss=0.027994
  Stage 3 epoch 180/300: loss=0.021510
  Stage 3 epoch 240/300: loss=0.010919
  Stage 3 epoch 300/300: loss=0.005704
  rcMTE@0.1: 0.5009 (342/500 in region)
  rcMTE@0.5: 0.7414 (168/500 in region)
  rcMTE@1.0: 0.8558 (75/500 in region)
  MTE@0.1: 0.7985
  MTE@0.5: 1.2482
  MTE@1.0: 1.3874
  W2@1.0:  0.6893
  sW2@0.1: 0.3326 (342/500 in region)
  sW2@0.2: 0.4241 (274/500 in region)
  sW2@0.5: 0.5048 (168/500 in region)
  sW2@1.0: 0.6949 (75/500 in region)
  MMD@1.0: 0.2565
  Survival@1.0: 59.8%
  Stopped@1.0:  15.0%
      → K+S
  Precomputing encoder-pullback target...
  Stage 2 epoch 60/300: loss=0.971242
  Stage 2 epoch 120/300: loss=0.721732
  Stage 2 epoch 180/300: loss=0.410182
  Stage 2 epoch 240/300: loss=0.256143
  Stage 2 epoch 300/300: loss=0.185272
  Stage 3 epoch 60/300: loss=0.033975
  Stage 3 epoch 120/300: loss=0.027994
  Stage 3 epoch 180/300: loss=0.021510
  Stage 3 epoch 240/300: loss=0.010919
  Stage 3 epoch 300/300: loss=0.005704
  rcMTE@0.1: 0.5009 (342/500 in region)
  rcMTE@0.5: 0.7414 (168/500 in region)
  rcMTE@1.0: 0.8558 (75/500 in region)
  MTE@0.1: 0.7985
  MTE@0.5: 1.2482
  MTE@1.0: 1.3874
  W2@1.0:  0.6893
  sW2@0.1: 0.3326 (342/500 in region)
  sW2@0.2: 0.4241 (274/500 in region)
  sW2@0.5: 0.5048 (168/500 in region)
  sW2@1.0: 0.6949 (75/500 in region)
  MMD@1.0: 0.2565
  Survival@1.0: 59.8%
  Stopped@1.0:  15.0%

============================================================
  N=20 | D=11 (K=4) | paraboloid | seed=5042
============================================================
    Phase1 Epoch 50/250: loss=0.653240
    Phase1 Epoch 100/250: loss=0.220832
    Phase1 Epoch 150/250: loss=0.048235
    Phase1 Epoch 200/250: loss=0.029908
    Phase1 Epoch 250/250: loss=0.021465
      Phase 2 AE: K_weight=0.0000
        Phase2 Epoch 50/250: loss=0.013199
        Phase2 Epoch 100/250: loss=0.009769
        Phase2 Epoch 150/250: loss=0.007614
        Phase2 Epoch 200/250: loss=0.006416
        Phase2 Epoch 250/250: loss=0.002492
        E_mu=0.0837  E_Sigma=0.0596
      → baseline
  Precomputing encoder-pullback target...
  Stage 2 epoch 60/300: loss=0.471006
  Stage 2 epoch 120/300: loss=0.369592
  Stage 2 epoch 180/300: loss=0.289995
  Stage 2 epoch 240/300: loss=0.255671
  Stage 2 epoch 300/300: loss=0.218358
  Stage 3 epoch 60/300: loss=0.020400
  Stage 3 epoch 120/300: loss=0.013752
  Stage 3 epoch 180/300: loss=0.006254
  Stage 3 epoch 240/300: loss=0.003522
  Stage 3 epoch 300/300: loss=0.002930
  rcMTE@0.1: 0.6923 (331/500 in region)
  rcMTE@0.5: 0.9626 (161/500 in region)
  rcMTE@1.0: 1.0133 (71/500 in region)
  MTE@0.1: 1.1181
  MTE@0.5: 1.4624
  MTE@1.0: 1.4863
  W2@1.0:  0.3577
  sW2@0.1: 0.3562 (331/500 in region)
  sW2@0.2: 0.4226 (275/500 in region)
  sW2@0.5: 0.3812 (161/500 in region)
  sW2@1.0: 0.3968 (71/500 in region)
  MMD@1.0: 0.1058
  Survival@1.0: 65.6%
  Stopped@1.0:  14.2%
      Phase 2 AE: K_weight=0.1000
        Phase2 Epoch 50/250: loss=0.009978
        Phase2 Epoch 100/250: loss=0.006710
        Phase2 Epoch 150/250: loss=0.003940
        Phase2 Epoch 200/250: loss=0.003047
        Phase2 Epoch 250/250: loss=0.025872
        E_mu=0.0884  E_Sigma=0.1828
      → K
  Precomputing encoder-pullback target...
  Stage 2 epoch 60/300: loss=0.422039
  Stage 2 epoch 120/300: loss=0.359025
  Stage 2 epoch 180/300: loss=0.289728
  Stage 2 epoch 240/300: loss=0.244018
  Stage 2 epoch 300/300: loss=0.204566
  Stage 3 epoch 60/300: loss=0.027810
  Stage 3 epoch 120/300: loss=0.019468
  Stage 3 epoch 180/300: loss=0.007977
  Stage 3 epoch 240/300: loss=0.004436
  Stage 3 epoch 300/300: loss=0.003919
  rcMTE@0.1: 0.6947 (331/500 in region)
  rcMTE@0.5: 0.9720 (161/500 in region)
  rcMTE@1.0: 1.0309 (71/500 in region)
  MTE@0.1: 1.1269
  MTE@0.5: 1.4790
  MTE@1.0: 1.5091
  W2@1.0:  0.3431
  sW2@0.1: 0.3903 (331/500 in region)
  sW2@0.2: 0.4607 (275/500 in region)
  sW2@0.5: 0.3657 (161/500 in region)
  sW2@1.0: 0.4418 (71/500 in region)
  MMD@1.0: 0.1186
  Survival@1.0: 65.6%
  Stopped@1.0:  14.2%
      → K+S
  Precomputing encoder-pullback target...
  Stage 2 epoch 60/300: loss=0.422039
  Stage 2 epoch 120/300: loss=0.359025
  Stage 2 epoch 180/300: loss=0.289728
  Stage 2 epoch 240/300: loss=0.244018
  Stage 2 epoch 300/300: loss=0.204566
  Stage 3 epoch 60/300: loss=0.027810
  Stage 3 epoch 120/300: loss=0.019468
  Stage 3 epoch 180/300: loss=0.007977
  Stage 3 epoch 240/300: loss=0.004436
  Stage 3 epoch 300/300: loss=0.003919
  rcMTE@0.1: 0.6947 (331/500 in region)
  rcMTE@0.5: 0.9720 (161/500 in region)
  rcMTE@1.0: 1.0309 (71/500 in region)
  MTE@0.1: 1.1269
  MTE@0.5: 1.4790
  MTE@1.0: 1.5091
  W2@1.0:  0.3431
  sW2@0.1: 0.3903 (331/500 in region)
  sW2@0.2: 0.4607 (275/500 in region)
  sW2@0.5: 0.3657 (161/500 in region)
  sW2@1.0: 0.4418 (71/500 in region)
  MMD@1.0: 0.1186
  Survival@1.0: 65.6%
  Stopped@1.0:  14.2%

============================================================
  N=20 | D=11 (K=4) | paraboloid | seed=6042
============================================================
    Phase1 Epoch 50/250: loss=0.657180
    Phase1 Epoch 100/250: loss=0.085606
    Phase1 Epoch 150/250: loss=0.032399
    Phase1 Epoch 200/250: loss=0.014321
    Phase1 Epoch 250/250: loss=0.007924
      Phase 2 AE: K_weight=0.0000
        Phase2 Epoch 50/250: loss=0.005050
        Phase2 Epoch 100/250: loss=0.003404
        Phase2 Epoch 150/250: loss=0.002490
        Phase2 Epoch 200/250: loss=0.002227
        Phase2 Epoch 250/250: loss=0.003701
        E_mu=0.1799  E_Sigma=0.0767
      → baseline
  Precomputing encoder-pullback target...
  Stage 2 epoch 60/300: loss=0.382102
  Stage 2 epoch 120/300: loss=0.279349
  Stage 2 epoch 180/300: loss=0.245077
  Stage 2 epoch 240/300: loss=0.219124
  Stage 2 epoch 300/300: loss=0.182728
  Stage 3 epoch 60/300: loss=0.009613
  Stage 3 epoch 120/300: loss=0.007840
  Stage 3 epoch 180/300: loss=0.006583
  Stage 3 epoch 240/300: loss=0.004824
  Stage 3 epoch 300/300: loss=0.002792
  rcMTE@0.1: 0.2070 (329/500 in region)
  rcMTE@0.5: 0.4601 (153/500 in region)
  rcMTE@1.0: 0.5989 (78/500 in region)
  MTE@0.1: 0.3863
  MTE@0.5: 0.8461
  MTE@1.0: 1.0691
  W2@1.0:  1.0556
  sW2@0.1: 0.2457 (329/500 in region)
  sW2@0.2: 0.3398 (272/500 in region)
  sW2@0.5: 0.8057 (153/500 in region)
  sW2@1.0: 1.0496 (78/500 in region)
  MMD@1.0: 0.2934
  Survival@1.0: 62.8%
  Stopped@1.0:  15.6%
      Phase 2 AE: K_weight=0.1000
        Phase2 Epoch 50/250: loss=0.023138
        Phase2 Epoch 100/250: loss=0.006772
        Phase2 Epoch 150/250: loss=0.004677
        Phase2 Epoch 200/250: loss=0.003390
        Phase2 Epoch 250/250: loss=0.002869
        E_mu=0.0943  E_Sigma=0.0468
      → K
  Precomputing encoder-pullback target...
  Stage 2 epoch 60/300: loss=0.382039
  Stage 2 epoch 120/300: loss=0.281488
  Stage 2 epoch 180/300: loss=0.249584
  Stage 2 epoch 240/300: loss=0.220595
  Stage 2 epoch 300/300: loss=0.178034
  Stage 3 epoch 60/300: loss=0.010471
  Stage 3 epoch 120/300: loss=0.008715
  Stage 3 epoch 180/300: loss=0.007175
  Stage 3 epoch 240/300: loss=0.004931
  Stage 3 epoch 300/300: loss=0.002505
  rcMTE@0.1: 0.2050 (329/500 in region)
  rcMTE@0.5: 0.4591 (153/500 in region)
  rcMTE@1.0: 0.5915 (78/500 in region)
  MTE@0.1: 0.3878
  MTE@0.5: 0.8577
  MTE@1.0: 1.0931
  W2@1.0:  1.0730
  sW2@0.1: 0.2468 (329/500 in region)
  sW2@0.2: 0.3471 (272/500 in region)
  sW2@0.5: 0.8192 (153/500 in region)
  sW2@1.0: 1.0600 (78/500 in region)
  MMD@1.0: 0.2936
  Survival@1.0: 62.8%
  Stopped@1.0:  15.6%
      → K+S
  Precomputing encoder-pullback target...
  Stage 2 epoch 60/300: loss=0.382039
  Stage 2 epoch 120/300: loss=0.281488
  Stage 2 epoch 180/300: loss=0.249584
  Stage 2 epoch 240/300: loss=0.220595
  Stage 2 epoch 300/300: loss=0.178034
  Stage 3 epoch 60/300: loss=0.010471
  Stage 3 epoch 120/300: loss=0.008715
  Stage 3 epoch 180/300: loss=0.007175
  Stage 3 epoch 240/300: loss=0.004931
  Stage 3 epoch 300/300: loss=0.002505
  rcMTE@0.1: 0.2050 (329/500 in region)
  rcMTE@0.5: 0.4591 (153/500 in region)
  rcMTE@1.0: 0.5915 (78/500 in region)
  MTE@0.1: 0.3878
  MTE@0.5: 0.8577
  MTE@1.0: 1.0931
  W2@1.0:  1.0730
  sW2@0.1: 0.2468 (329/500 in region)
  sW2@0.2: 0.3471 (272/500 in region)
  sW2@0.5: 0.8192 (153/500 in region)
  sW2@1.0: 1.0600 (78/500 in region)
  MMD@1.0: 0.2936
  Survival@1.0: 62.8%
  Stopped@1.0:  15.6%

============================================================
  N=20 | D=11 (K=4) | paraboloid | seed=7042
============================================================
    Phase1 Epoch 50/250: loss=0.744257
    Phase1 Epoch 100/250: loss=0.313393
    Phase1 Epoch 150/250: loss=0.091061
    Phase1 Epoch 200/250: loss=0.036656
    Phase1 Epoch 250/250: loss=0.016633
      Phase 2 AE: K_weight=0.0000
        Phase2 Epoch 50/250: loss=0.007442
        Phase2 Epoch 100/250: loss=0.003891
        Phase2 Epoch 150/250: loss=0.004490
        Phase2 Epoch 200/250: loss=0.002718
        Phase2 Epoch 250/250: loss=0.003686
        E_mu=0.0707  E_Sigma=0.0566
      → baseline
  Precomputing encoder-pullback target...
  Stage 2 epoch 60/300: loss=1.380289
  Stage 2 epoch 120/300: loss=0.924555
  Stage 2 epoch 180/300: loss=0.538645
  Stage 2 epoch 240/300: loss=0.428210
  Stage 2 epoch 300/300: loss=0.369841
  Stage 3 epoch 60/300: loss=0.012405
  Stage 3 epoch 120/300: loss=0.008041
  Stage 3 epoch 180/300: loss=0.007267
  Stage 3 epoch 240/300: loss=0.006585
  Stage 3 epoch 300/300: loss=0.006000
  rcMTE@0.1: 0.4697 (371/500 in region)
  rcMTE@0.5: 0.6550 (178/500 in region)
  rcMTE@1.0: 0.6373 (82/500 in region)
  MTE@0.1: 0.7545
  MTE@0.5: 1.0923
  MTE@1.0: 1.1389
  W2@1.0:  0.3795
  sW2@0.1: 0.2890 (371/500 in region)
  sW2@0.2: 0.2862 (296/500 in region)
  sW2@0.5: 0.4079 (178/500 in region)
  sW2@1.0: 0.4140 (82/500 in region)
  MMD@1.0: 0.1750
  Survival@1.0: 63.4%
  Stopped@1.0:  16.4%
      Phase 2 AE: K_weight=0.1000
        Phase2 Epoch 50/250: loss=0.011490
        Phase2 Epoch 100/250: loss=0.006616
        Phase2 Epoch 150/250: loss=0.030479
        Phase2 Epoch 200/250: loss=0.028146
        Phase2 Epoch 250/250: loss=0.005338
        E_mu=0.0609  E_Sigma=0.0514
      → K
  Precomputing encoder-pullback target...
  Stage 2 epoch 60/300: loss=1.375942
  Stage 2 epoch 120/300: loss=0.912608
  Stage 2 epoch 180/300: loss=0.532031
  Stage 2 epoch 240/300: loss=0.419177
  Stage 2 epoch 300/300: loss=0.359592
  Stage 3 epoch 60/300: loss=0.013759
  Stage 3 epoch 120/300: loss=0.009484
  Stage 3 epoch 180/300: loss=0.008482
  Stage 3 epoch 240/300: loss=0.007625
  Stage 3 epoch 300/300: loss=0.006930
  rcMTE@0.1: 0.4646 (371/500 in region)
  rcMTE@0.5: 0.6383 (178/500 in region)
  rcMTE@1.0: 0.6221 (82/500 in region)
  MTE@0.1: 0.7506
  MTE@0.5: 1.0708
  MTE@1.0: 1.1044
  W2@1.0:  0.3394
  sW2@0.1: 0.2894 (371/500 in region)
  sW2@0.2: 0.2679 (296/500 in region)
  sW2@0.5: 0.3463 (178/500 in region)
  sW2@1.0: 0.3721 (82/500 in region)
  MMD@1.0: 0.1649
  Survival@1.0: 63.4%
  Stopped@1.0:  16.4%
      → K+S
  Precomputing encoder-pullback target...
  Stage 2 epoch 60/300: loss=1.375942
  Stage 2 epoch 120/300: loss=0.912608
  Stage 2 epoch 180/300: loss=0.532031
  Stage 2 epoch 240/300: loss=0.419177
  Stage 2 epoch 300/300: loss=0.359592
  Stage 3 epoch 60/300: loss=0.013759
  Stage 3 epoch 120/300: loss=0.009484
  Stage 3 epoch 180/300: loss=0.008482
  Stage 3 epoch 240/300: loss=0.007625
  Stage 3 epoch 300/300: loss=0.006930
  rcMTE@0.1: 0.4646 (371/500 in region)
  rcMTE@0.5: 0.6383 (178/500 in region)
  rcMTE@1.0: 0.6221 (82/500 in region)
  MTE@0.1: 0.7506
  MTE@0.5: 1.0708
  MTE@1.0: 1.1044
  W2@1.0:  0.3394
  sW2@0.1: 0.2894 (371/500 in region)
  sW2@0.2: 0.2679 (296/500 in region)
  sW2@0.5: 0.3463 (178/500 in region)
  sW2@1.0: 0.3721 (82/500 in region)
  MMD@1.0: 0.1649
  Survival@1.0: 63.4%
  Stopped@1.0:  16.4%

============================================================
  N=20 | D=11 (K=4) | paraboloid | seed=8042
============================================================
    Phase1 Epoch 50/250: loss=0.661186
    Phase1 Epoch 100/250: loss=0.185807
    Phase1 Epoch 150/250: loss=0.076606
    Phase1 Epoch 200/250: loss=0.048259
    Phase1 Epoch 250/250: loss=0.034638
      Phase 2 AE: K_weight=0.0000
        Phase2 Epoch 50/250: loss=0.021442
        Phase2 Epoch 100/250: loss=0.016328
        Phase2 Epoch 150/250: loss=0.009419
        Phase2 Epoch 200/250: loss=0.005683
        Phase2 Epoch 250/250: loss=0.062486
        E_mu=0.1210  E_Sigma=0.1579
      → baseline
  Precomputing encoder-pullback target...
  Stage 2 epoch 60/300: loss=2.788380
  Stage 2 epoch 120/300: loss=1.151428
  Stage 2 epoch 180/300: loss=0.754659
  Stage 2 epoch 240/300: loss=0.502888
  Stage 2 epoch 300/300: loss=0.319905
  Stage 3 epoch 60/300: loss=0.012525
  Stage 3 epoch 120/300: loss=0.010881
  Stage 3 epoch 180/300: loss=0.009580
  Stage 3 epoch 240/300: loss=0.008411
  Stage 3 epoch 300/300: loss=0.007463
  rcMTE@0.1: 0.4443 (346/500 in region)
  rcMTE@0.5: 0.6604 (171/500 in region)
  rcMTE@1.0: 0.6570 (75/500 in region)
  MTE@0.1: 0.7311
  MTE@0.5: 1.0005
  MTE@1.0: 0.9979
  W2@1.0:  0.4099
  sW2@0.1: 0.2640 (346/500 in region)
  sW2@0.2: 0.2674 (275/500 in region)
  sW2@0.5: 0.2956 (171/500 in region)
  sW2@1.0: 0.4442 (75/500 in region)
  MMD@1.0: 0.1116
  Survival@1.0: 62.6%
  Stopped@1.0:  15.0%
      Phase 2 AE: K_weight=0.1000
        Phase2 Epoch 50/250: loss=0.037789
        Phase2 Epoch 100/250: loss=0.011167
        Phase2 Epoch 150/250: loss=0.026709
        Phase2 Epoch 200/250: loss=0.015824
        Phase2 Epoch 250/250: loss=0.005320
        E_mu=0.0853  E_Sigma=0.0792
      → K
  Precomputing encoder-pullback target...
  Stage 2 epoch 60/300: loss=3.112719
  Stage 2 epoch 120/300: loss=1.262615
  Stage 2 epoch 180/300: loss=0.802661
  Stage 2 epoch 240/300: loss=0.500688
  Stage 2 epoch 300/300: loss=0.294824
  Stage 3 epoch 60/300: loss=0.013428
  Stage 3 epoch 120/300: loss=0.011714
  Stage 3 epoch 180/300: loss=0.010561
  Stage 3 epoch 240/300: loss=0.009582
  Stage 3 epoch 300/300: loss=0.008842
  rcMTE@0.1: 0.4229 (346/500 in region)
  rcMTE@0.5: 0.6454 (171/500 in region)
  rcMTE@1.0: 0.6472 (75/500 in region)
  MTE@0.1: 0.6957
  MTE@0.5: 0.9828
  MTE@1.0: 0.9953
  W2@1.0:  0.4560
  sW2@0.1: 0.2420 (346/500 in region)
  sW2@0.2: 0.2514 (275/500 in region)
  sW2@0.5: 0.3354 (171/500 in region)
  sW2@1.0: 0.4847 (75/500 in region)
  MMD@1.0: 0.1328
  Survival@1.0: 62.6%
  Stopped@1.0:  15.0%
      → K+S
  Precomputing encoder-pullback target...
  Stage 2 epoch 60/300: loss=3.112719
  Stage 2 epoch 120/300: loss=1.262615
  Stage 2 epoch 180/300: loss=0.802661
  Stage 2 epoch 240/300: loss=0.500688
  Stage 2 epoch 300/300: loss=0.294824
  Stage 3 epoch 60/300: loss=0.013428
  Stage 3 epoch 120/300: loss=0.011714
  Stage 3 epoch 180/300: loss=0.010561
  Stage 3 epoch 240/300: loss=0.009582
  Stage 3 epoch 300/300: loss=0.008842
  rcMTE@0.1: 0.4229 (346/500 in region)
  rcMTE@0.5: 0.6454 (171/500 in region)
  rcMTE@1.0: 0.6472 (75/500 in region)
  MTE@0.1: 0.6957
  MTE@0.5: 0.9828
  MTE@1.0: 0.9953
  W2@1.0:  0.4560
  sW2@0.1: 0.2420 (346/500 in region)
  sW2@0.2: 0.2514 (275/500 in region)
  sW2@0.5: 0.3354 (171/500 in region)
  sW2@1.0: 0.4847 (75/500 in region)
  MMD@1.0: 0.1328
  Survival@1.0: 62.6%
  Stopped@1.0:  15.0%

============================================================
  N=20 | D=11 (K=4) | paraboloid | seed=9042
============================================================
    Phase1 Epoch 50/250: loss=0.541801
    Phase1 Epoch 100/250: loss=0.116772
    Phase1 Epoch 150/250: loss=0.039856
    Phase1 Epoch 200/250: loss=0.034693
    Phase1 Epoch 250/250: loss=0.023069
      Phase 2 AE: K_weight=0.0000
        Phase2 Epoch 50/250: loss=0.014755
        Phase2 Epoch 100/250: loss=0.010977
        Phase2 Epoch 150/250: loss=0.004072
        Phase2 Epoch 200/250: loss=0.003179
        Phase2 Epoch 250/250: loss=0.002870
        E_mu=0.1050  E_Sigma=0.0792
      → baseline
  Precomputing encoder-pullback target...
  Stage 2 epoch 60/300: loss=1.626580
  Stage 2 epoch 120/300: loss=0.537599
  Stage 2 epoch 180/300: loss=0.166544
  Stage 2 epoch 240/300: loss=0.126239
  Stage 2 epoch 300/300: loss=0.110208
  Stage 3 epoch 60/300: loss=0.012494
  Stage 3 epoch 120/300: loss=0.009975
  Stage 3 epoch 180/300: loss=0.007645
  Stage 3 epoch 240/300: loss=0.005416
  Stage 3 epoch 300/300: loss=0.003934
  rcMTE@0.1: 0.1782 (321/500 in region)
  rcMTE@0.5: 0.3266 (155/500 in region)
  rcMTE@1.0: 0.3877 (66/500 in region)
  MTE@0.1: 0.3686
  MTE@0.5: 0.5292
  MTE@1.0: 0.6211
  W2@1.0:  0.5123
  sW2@0.1: 0.1962 (321/500 in region)
  sW2@0.2: 0.2614 (266/500 in region)
  sW2@0.5: 0.4286 (155/500 in region)
  sW2@1.0: 0.5452 (66/500 in region)
  MMD@1.0: 0.0898
  Survival@1.0: 61.0%
  Stopped@1.0:  13.2%
      Phase 2 AE: K_weight=0.1000
        Phase2 Epoch 50/250: loss=0.018526
        Phase2 Epoch 100/250: loss=0.012653
        Phase2 Epoch 150/250: loss=0.004984
        Phase2 Epoch 200/250: loss=0.005308
        Phase2 Epoch 250/250: loss=0.002901
        E_mu=0.0849  E_Sigma=0.0483
      → K
  Precomputing encoder-pullback target...
  Stage 2 epoch 60/300: loss=1.403804
  Stage 2 epoch 120/300: loss=0.519324
  Stage 2 epoch 180/300: loss=0.166209
  Stage 2 epoch 240/300: loss=0.122496
  Stage 2 epoch 300/300: loss=0.106232
  Stage 3 epoch 60/300: loss=0.014804
  Stage 3 epoch 120/300: loss=0.012251
  Stage 3 epoch 180/300: loss=0.009816
  Stage 3 epoch 240/300: loss=0.007398
  Stage 3 epoch 300/300: loss=0.005745
  rcMTE@0.1: 0.1788 (321/500 in region)
  rcMTE@0.5: 0.3302 (155/500 in region)
  rcMTE@1.0: 0.3899 (66/500 in region)
  MTE@0.1: 0.3672
  MTE@0.5: 0.5396
  MTE@1.0: 0.6380
  W2@1.0:  0.5248
  sW2@0.1: 0.2001 (321/500 in region)
  sW2@0.2: 0.2631 (266/500 in region)
  sW2@0.5: 0.4316 (155/500 in region)
  sW2@1.0: 0.5541 (66/500 in region)
  MMD@1.0: 0.0943
  Survival@1.0: 61.0%
  Stopped@1.0:  13.2%
      → K+S
  Precomputing encoder-pullback target...
  Stage 2 epoch 60/300: loss=1.403804
  Stage 2 epoch 120/300: loss=0.519324
  Stage 2 epoch 180/300: loss=0.166209
  Stage 2 epoch 240/300: loss=0.122496
  Stage 2 epoch 300/300: loss=0.106232
  Stage 3 epoch 60/300: loss=0.014804
  Stage 3 epoch 120/300: loss=0.012251
  Stage 3 epoch 180/300: loss=0.009816
  Stage 3 epoch 240/300: loss=0.007398
  Stage 3 epoch 300/300: loss=0.005745
  rcMTE@0.1: 0.1788 (321/500 in region)
  rcMTE@0.5: 0.3302 (155/500 in region)
  rcMTE@1.0: 0.3899 (66/500 in region)
  MTE@0.1: 0.3672
  MTE@0.5: 0.5396
  MTE@1.0: 0.6380
  W2@1.0:  0.5248
  sW2@0.1: 0.2001 (321/500 in region)
  sW2@0.2: 0.2631 (266/500 in region)
  sW2@0.5: 0.4316 (155/500 in region)
  sW2@1.0: 0.5541 (66/500 in region)
  MMD@1.0: 0.0943
  Survival@1.0: 61.0%
  Stopped@1.0:  13.2%

============================================================
  N=20 | D=11 (K=4) | hyperbolic_paraboloid | seed=42
============================================================
    Phase1 Epoch 50/250: loss=0.523146
    Phase1 Epoch 100/250: loss=0.041656
    Phase1 Epoch 150/250: loss=0.015663
    Phase1 Epoch 200/250: loss=0.007064
    Phase1 Epoch 250/250: loss=0.004047
      Phase 2 AE: K_weight=0.0000
        Phase2 Epoch 50/250: loss=0.003400
        Phase2 Epoch 100/250: loss=0.003479
        Phase2 Epoch 150/250: loss=0.001424
        Phase2 Epoch 200/250: loss=0.004871
        Phase2 Epoch 250/250: loss=0.004205
        E_mu=0.0664  E_Sigma=0.0641
      → baseline
  Precomputing encoder-pullback target...
  Stage 2 epoch 60/300: loss=0.332487
  Stage 2 epoch 120/300: loss=0.276075
  Stage 2 epoch 180/300: loss=0.158324
  Stage 2 epoch 240/300: loss=0.076609
  Stage 2 epoch 300/300: loss=0.055757
  Stage 3 epoch 60/300: loss=0.014574
  Stage 3 epoch 120/300: loss=0.002582
  Stage 3 epoch 180/300: loss=0.002247
  Stage 3 epoch 240/300: loss=0.001967
  Stage 3 epoch 300/300: loss=0.001721
  rcMTE@0.1: 0.4858 (333/500 in region)
  rcMTE@0.5: 0.8272 (177/500 in region)
  rcMTE@1.0: 0.8230 (74/500 in region)
  MTE@0.1: 0.8439
  MTE@0.5: 1.2723
  MTE@1.0: 1.3044
  W2@1.0:  0.6434
  sW2@0.1: 0.3371 (333/500 in region)
  sW2@0.2: 0.4127 (279/500 in region)
  sW2@0.5: 0.5544 (177/500 in region)
  sW2@1.0: 0.5217 (74/500 in region)
  MMD@1.0: 0.1760
  Survival@1.0: 62.6%
  Stopped@1.0:  14.8%
      Phase 2 AE: K_weight=0.1000
        Phase2 Epoch 50/250: loss=0.004995
        Phase2 Epoch 100/250: loss=0.004168
        Phase2 Epoch 150/250: loss=0.002850
        Phase2 Epoch 200/250: loss=0.001739
        Phase2 Epoch 250/250: loss=0.001617
        E_mu=0.0333  E_Sigma=0.0153
      → K
  Precomputing encoder-pullback target...
  Stage 2 epoch 60/300: loss=0.324926
  Stage 2 epoch 120/300: loss=0.266925
  Stage 2 epoch 180/300: loss=0.146857
  Stage 2 epoch 240/300: loss=0.072614
  Stage 2 epoch 300/300: loss=0.053673
  Stage 3 epoch 60/300: loss=0.017616
  Stage 3 epoch 120/300: loss=0.002143
  Stage 3 epoch 180/300: loss=0.001804
  Stage 3 epoch 240/300: loss=0.001541
  Stage 3 epoch 300/300: loss=0.001314
  rcMTE@0.1: 0.4838 (333/500 in region)
  rcMTE@0.5: 0.8283 (177/500 in region)
  rcMTE@1.0: 0.8265 (74/500 in region)
  MTE@0.1: 0.8454
  MTE@0.5: 1.2840
  MTE@1.0: 1.3243
  W2@1.0:  0.6691
  sW2@0.1: 0.3327 (333/500 in region)
  sW2@0.2: 0.4120 (279/500 in region)
  sW2@0.5: 0.5574 (177/500 in region)
  sW2@1.0: 0.5326 (74/500 in region)
  MMD@1.0: 0.1740
  Survival@1.0: 62.6%
  Stopped@1.0:  14.8%
      → K+S
  Precomputing encoder-pullback target...
  Stage 2 epoch 60/300: loss=0.324926
  Stage 2 epoch 120/300: loss=0.266925
  Stage 2 epoch 180/300: loss=0.146857
  Stage 2 epoch 240/300: loss=0.072614
  Stage 2 epoch 300/300: loss=0.053673
  Stage 3 epoch 60/300: loss=0.017616
  Stage 3 epoch 120/300: loss=0.002143
  Stage 3 epoch 180/300: loss=0.001804
  Stage 3 epoch 240/300: loss=0.001541
  Stage 3 epoch 300/300: loss=0.001314
  rcMTE@0.1: 0.4838 (333/500 in region)
  rcMTE@0.5: 0.8283 (177/500 in region)
  rcMTE@1.0: 0.8265 (74/500 in region)
  MTE@0.1: 0.8454
  MTE@0.5: 1.2840
  MTE@1.0: 1.3243
  W2@1.0:  0.6691
  sW2@0.1: 0.3327 (333/500 in region)
  sW2@0.2: 0.4120 (279/500 in region)
  sW2@0.5: 0.5574 (177/500 in region)
  sW2@1.0: 0.5326 (74/500 in region)
  MMD@1.0: 0.1740
  Survival@1.0: 62.6%
  Stopped@1.0:  14.8%

============================================================
  N=20 | D=11 (K=4) | hyperbolic_paraboloid | seed=1042
============================================================
    Phase1 Epoch 50/250: loss=0.561989
    Phase1 Epoch 100/250: loss=0.268983
    Phase1 Epoch 150/250: loss=0.030371
    Phase1 Epoch 200/250: loss=0.080024
    Phase1 Epoch 250/250: loss=0.006627
      Phase 2 AE: K_weight=0.0000
        Phase2 Epoch 50/250: loss=0.006340
        Phase2 Epoch 100/250: loss=0.003166
        Phase2 Epoch 150/250: loss=0.001945
        Phase2 Epoch 200/250: loss=0.004407
        Phase2 Epoch 250/250: loss=0.001463
        E_mu=0.1068  E_Sigma=0.0759
      → baseline
  Precomputing encoder-pullback target...
  Stage 2 epoch 60/300: loss=0.338548
  Stage 2 epoch 120/300: loss=0.308428
  Stage 2 epoch 180/300: loss=0.266946
  Stage 2 epoch 240/300: loss=0.238168
  Stage 2 epoch 300/300: loss=0.217822
  Stage 3 epoch 60/300: loss=0.005135
  Stage 3 epoch 120/300: loss=0.003956
  Stage 3 epoch 180/300: loss=0.003122
  Stage 3 epoch 240/300: loss=0.002261
  Stage 3 epoch 300/300: loss=0.001700
  rcMTE@0.1: 0.4662 (343/500 in region)
  rcMTE@0.5: 0.6867 (167/500 in region)
  rcMTE@1.0: 0.7082 (86/500 in region)
  MTE@0.1: 0.7891
  MTE@0.5: 1.0761
  MTE@1.0: 1.1772
  W2@1.0:  0.3686
  sW2@0.1: 0.2855 (343/500 in region)
  sW2@0.2: 0.3243 (281/500 in region)
  sW2@0.5: 0.3613 (167/500 in region)
  sW2@1.0: 0.3819 (86/500 in region)
  MMD@1.0: 0.1146
  Survival@1.0: 64.4%
  Stopped@1.0:  17.2%
      Phase 2 AE: K_weight=0.1000
        Phase2 Epoch 50/250: loss=0.005726
        Phase2 Epoch 100/250: loss=0.006966
        Phase2 Epoch 150/250: loss=0.007224
        Phase2 Epoch 200/250: loss=0.011265
        Phase2 Epoch 250/250: loss=0.001773
        E_mu=0.0535  E_Sigma=0.0364
      → K
  Precomputing encoder-pullback target...
  Stage 2 epoch 60/300: loss=0.354509
  Stage 2 epoch 120/300: loss=0.324469
  Stage 2 epoch 180/300: loss=0.283744
  Stage 2 epoch 240/300: loss=0.255558
  Stage 2 epoch 300/300: loss=0.232712
  Stage 3 epoch 60/300: loss=0.006258
  Stage 3 epoch 120/300: loss=0.004611
  Stage 3 epoch 180/300: loss=0.003189
  Stage 3 epoch 240/300: loss=0.001894
  Stage 3 epoch 300/300: loss=0.001262
  rcMTE@0.1: 0.4666 (343/500 in region)
  rcMTE@0.5: 0.6891 (167/500 in region)
  rcMTE@1.0: 0.7098 (86/500 in region)
  MTE@0.1: 0.7921
  MTE@0.5: 1.0787
  MTE@1.0: 1.1761
  W2@1.0:  0.3706
  sW2@0.1: 0.2896 (343/500 in region)
  sW2@0.2: 0.3276 (281/500 in region)
  sW2@0.5: 0.3748 (167/500 in region)
  sW2@1.0: 0.3824 (86/500 in region)
  MMD@1.0: 0.1151
  Survival@1.0: 64.4%
  Stopped@1.0:  17.2%
      → K+S
  Precomputing encoder-pullback target...
  Stage 2 epoch 60/300: loss=0.354509
  Stage 2 epoch 120/300: loss=0.324469
  Stage 2 epoch 180/300: loss=0.283744
  Stage 2 epoch 240/300: loss=0.255558
  Stage 2 epoch 300/300: loss=0.232712
  Stage 3 epoch 60/300: loss=0.006258
  Stage 3 epoch 120/300: loss=0.004611
  Stage 3 epoch 180/300: loss=0.003189
  Stage 3 epoch 240/300: loss=0.001894
  Stage 3 epoch 300/300: loss=0.001262
  rcMTE@0.1: 0.4666 (343/500 in region)
  rcMTE@0.5: 0.6891 (167/500 in region)
  rcMTE@1.0: 0.7098 (86/500 in region)
  MTE@0.1: 0.7921
  MTE@0.5: 1.0787
  MTE@1.0: 1.1761
  W2@1.0:  0.3706
  sW2@0.1: 0.2896 (343/500 in region)
  sW2@0.2: 0.3276 (281/500 in region)
  sW2@0.5: 0.3748 (167/500 in region)
  sW2@1.0: 0.3824 (86/500 in region)
  MMD@1.0: 0.1151
  Survival@1.0: 64.4%
  Stopped@1.0:  17.2%

============================================================
  N=20 | D=11 (K=4) | hyperbolic_paraboloid | seed=2042
============================================================
    Phase1 Epoch 50/250: loss=0.718281
    Phase1 Epoch 100/250: loss=0.280649
    Phase1 Epoch 150/250: loss=0.031255
    Phase1 Epoch 200/250: loss=0.016700
    Phase1 Epoch 250/250: loss=0.008923
      Phase 2 AE: K_weight=0.0000
        Phase2 Epoch 50/250: loss=0.004963
        Phase2 Epoch 100/250: loss=0.002339
        Phase2 Epoch 150/250: loss=0.002860
        Phase2 Epoch 200/250: loss=0.002835
        Phase2 Epoch 250/250: loss=0.002557
        E_mu=0.0506  E_Sigma=0.1288
      → baseline
  Precomputing encoder-pullback target...
  Stage 2 epoch 60/300: loss=0.194090
  Stage 2 epoch 120/300: loss=0.185441
  Stage 2 epoch 180/300: loss=0.172840
  Stage 2 epoch 240/300: loss=0.154697
  Stage 2 epoch 300/300: loss=0.128377
  Stage 3 epoch 60/300: loss=0.010505
  Stage 3 epoch 120/300: loss=0.008555
  Stage 3 epoch 180/300: loss=0.006641
  Stage 3 epoch 240/300: loss=0.004649
  Stage 3 epoch 300/300: loss=0.003326
  rcMTE@0.1: 0.7349 (348/500 in region)
  rcMTE@0.5: 1.2782 (161/500 in region)
  rcMTE@1.0: 1.3541 (63/500 in region)
  MTE@0.1: 1.1902
  MTE@0.5: 1.8248
  MTE@1.0: 1.9681
  W2@1.0:  1.0513
  sW2@0.1: 0.4815 (348/500 in region)
  sW2@0.2: 0.6524 (288/500 in region)
  sW2@0.5: 0.8526 (161/500 in region)
  sW2@1.0: 1.0824 (63/500 in region)
  MMD@1.0: 0.2191
  Survival@1.0: 62.0%
  Stopped@1.0:  12.6%
      Phase 2 AE: K_weight=0.1000
        Phase2 Epoch 50/250: loss=0.007819
        Phase2 Epoch 100/250: loss=0.004368
        Phase2 Epoch 150/250: loss=0.029687
        Phase2 Epoch 200/250: loss=0.002003
        Phase2 Epoch 250/250: loss=0.001489
        E_mu=0.0355  E_Sigma=0.0196
      → K
  Precomputing encoder-pullback target...
  Stage 2 epoch 60/300: loss=0.192246
  Stage 2 epoch 120/300: loss=0.185143
  Stage 2 epoch 180/300: loss=0.174455
  Stage 2 epoch 240/300: loss=0.156584
  Stage 2 epoch 300/300: loss=0.131326
  Stage 3 epoch 60/300: loss=0.009421
  Stage 3 epoch 120/300: loss=0.007524
  Stage 3 epoch 180/300: loss=0.005822
  Stage 3 epoch 240/300: loss=0.004016
  Stage 3 epoch 300/300: loss=0.002724
  rcMTE@0.1: 0.7385 (348/500 in region)
  rcMTE@0.5: 1.2813 (161/500 in region)
  rcMTE@1.0: 1.3534 (63/500 in region)
  MTE@0.1: 1.1947
  MTE@0.5: 1.8314
  MTE@1.0: 1.9746
  W2@1.0:  1.0830
  sW2@0.1: 0.4876 (348/500 in region)
  sW2@0.2: 0.6589 (288/500 in region)
  sW2@0.5: 0.8611 (161/500 in region)
  sW2@1.0: 1.0926 (63/500 in region)
  MMD@1.0: 0.2162
  Survival@1.0: 62.0%
  Stopped@1.0:  12.6%
      → K+S
  Precomputing encoder-pullback target...
  Stage 2 epoch 60/300: loss=0.192246
  Stage 2 epoch 120/300: loss=0.185143
  Stage 2 epoch 180/300: loss=0.174455
  Stage 2 epoch 240/300: loss=0.156584
  Stage 2 epoch 300/300: loss=0.131326
  Stage 3 epoch 60/300: loss=0.009421
  Stage 3 epoch 120/300: loss=0.007524
  Stage 3 epoch 180/300: loss=0.005822
  Stage 3 epoch 240/300: loss=0.004016
  Stage 3 epoch 300/300: loss=0.002724
  rcMTE@0.1: 0.7385 (348/500 in region)
  rcMTE@0.5: 1.2813 (161/500 in region)
  rcMTE@1.0: 1.3534 (63/500 in region)
  MTE@0.1: 1.1947
  MTE@0.5: 1.8314
  MTE@1.0: 1.9746
  W2@1.0:  1.0830
  sW2@0.1: 0.4876 (348/500 in region)
  sW2@0.2: 0.6589 (288/500 in region)
  sW2@0.5: 0.8611 (161/500 in region)
  sW2@1.0: 1.0926 (63/500 in region)
  MMD@1.0: 0.2162
  Survival@1.0: 62.0%
  Stopped@1.0:  12.6%

============================================================
  N=20 | D=11 (K=4) | hyperbolic_paraboloid | seed=3042
============================================================
    Phase1 Epoch 50/250: loss=0.708405
    Phase1 Epoch 100/250: loss=0.274586
    Phase1 Epoch 150/250: loss=0.026738
    Phase1 Epoch 200/250: loss=0.007532
    Phase1 Epoch 250/250: loss=0.005760
      Phase 2 AE: K_weight=0.0000
        Phase2 Epoch 50/250: loss=0.008132
        Phase2 Epoch 100/250: loss=0.008161
        Phase2 Epoch 150/250: loss=0.001981
        Phase2 Epoch 200/250: loss=0.001679
        Phase2 Epoch 250/250: loss=0.001536
        E_mu=0.0490  E_Sigma=0.0320
      → baseline
  Precomputing encoder-pullback target...
  Stage 2 epoch 60/300: loss=0.339437
  Stage 2 epoch 120/300: loss=0.312879
  Stage 2 epoch 180/300: loss=0.279661
  Stage 2 epoch 240/300: loss=0.237250
  Stage 2 epoch 300/300: loss=0.187113
  Stage 3 epoch 60/300: loss=0.035492
  Stage 3 epoch 120/300: loss=0.006797
  Stage 3 epoch 180/300: loss=0.006100
  Stage 3 epoch 240/300: loss=0.005454
  Stage 3 epoch 300/300: loss=0.004816
  rcMTE@0.1: 0.5671 (343/500 in region)
  rcMTE@0.5: 0.9632 (164/500 in region)
  rcMTE@1.0: 1.3249 (63/500 in region)
  MTE@0.1: 0.9662
  MTE@0.5: 1.5824
  MTE@1.0: 2.1246
  W2@1.0:  1.6382
  sW2@0.1: 0.3616 (343/500 in region)
  sW2@0.2: 0.5304 (283/500 in region)
  sW2@0.5: 0.7681 (164/500 in region)
  sW2@1.0: 1.5969 (63/500 in region)
  MMD@1.0: 0.3274
  Survival@1.0: 64.2%
  Stopped@1.0:  12.6%
      Phase 2 AE: K_weight=0.1000
        Phase2 Epoch 50/250: loss=0.015510
        Phase2 Epoch 100/250: loss=0.011303
        Phase2 Epoch 150/250: loss=0.003320
        Phase2 Epoch 200/250: loss=0.002818
        Phase2 Epoch 250/250: loss=0.002520
        E_mu=0.0348  E_Sigma=0.0207
      → K
  Precomputing encoder-pullback target...
  Stage 2 epoch 60/300: loss=0.334035
  Stage 2 epoch 120/300: loss=0.310378
  Stage 2 epoch 180/300: loss=0.280384
  Stage 2 epoch 240/300: loss=0.239965
  Stage 2 epoch 300/300: loss=0.190890
  Stage 3 epoch 60/300: loss=0.031653
  Stage 3 epoch 120/300: loss=0.006955
  Stage 3 epoch 180/300: loss=0.006245
  Stage 3 epoch 240/300: loss=0.005588
  Stage 3 epoch 300/300: loss=0.004934
  rcMTE@0.1: 0.5689 (343/500 in region)
  rcMTE@0.5: 0.9671 (164/500 in region)
  rcMTE@1.0: 1.3334 (63/500 in region)
  MTE@0.1: 0.9677
  MTE@0.5: 1.5841
  MTE@1.0: 2.1329
  W2@1.0:  1.6469
  sW2@0.1: 0.3634 (343/500 in region)
  sW2@0.2: 0.5348 (283/500 in region)
  sW2@0.5: 0.7684 (164/500 in region)
  sW2@1.0: 1.6002 (63/500 in region)
  MMD@1.0: 0.3330
  Survival@1.0: 64.2%
  Stopped@1.0:  12.6%
      → K+S
  Precomputing encoder-pullback target...
  Stage 2 epoch 60/300: loss=0.334035
  Stage 2 epoch 120/300: loss=0.310378
  Stage 2 epoch 180/300: loss=0.280384
  Stage 2 epoch 240/300: loss=0.239965
  Stage 2 epoch 300/300: loss=0.190890
  Stage 3 epoch 60/300: loss=0.031653
  Stage 3 epoch 120/300: loss=0.006955
  Stage 3 epoch 180/300: loss=0.006245
  Stage 3 epoch 240/300: loss=0.005588
  Stage 3 epoch 300/300: loss=0.004934
  rcMTE@0.1: 0.5689 (343/500 in region)
  rcMTE@0.5: 0.9671 (164/500 in region)
  rcMTE@1.0: 1.3334 (63/500 in region)
  MTE@0.1: 0.9677
  MTE@0.5: 1.5841
  MTE@1.0: 2.1329
  W2@1.0:  1.6469
  sW2@0.1: 0.3634 (343/500 in region)
  sW2@0.2: 0.5348 (283/500 in region)
  sW2@0.5: 0.7684 (164/500 in region)
  sW2@1.0: 1.6002 (63/500 in region)
  MMD@1.0: 0.3330
  Survival@1.0: 64.2%
  Stopped@1.0:  12.6%

============================================================
  N=20 | D=11 (K=4) | hyperbolic_paraboloid | seed=4042
============================================================
    Phase1 Epoch 50/250: loss=0.713632
    Phase1 Epoch 100/250: loss=0.059750
    Phase1 Epoch 150/250: loss=0.009092
    Phase1 Epoch 200/250: loss=0.005742
    Phase1 Epoch 250/250: loss=0.010197
      Phase 2 AE: K_weight=0.0000
        Phase2 Epoch 50/250: loss=0.010458
        Phase2 Epoch 100/250: loss=0.002167
        Phase2 Epoch 150/250: loss=0.002887
        Phase2 Epoch 200/250: loss=0.001516
        Phase2 Epoch 250/250: loss=0.001278
        E_mu=0.0404  E_Sigma=0.0277
      → baseline
  Precomputing encoder-pullback target...
  Stage 2 epoch 60/300: loss=0.421328
  Stage 2 epoch 120/300: loss=0.315791
  Stage 2 epoch 180/300: loss=0.230060
  Stage 2 epoch 240/300: loss=0.188014
  Stage 2 epoch 300/300: loss=0.152358
  Stage 3 epoch 60/300: loss=0.013006
  Stage 3 epoch 120/300: loss=0.008377
  Stage 3 epoch 180/300: loss=0.002803
  Stage 3 epoch 240/300: loss=0.001671
  Stage 3 epoch 300/300: loss=0.001543
  rcMTE@0.1: 0.6880 (342/500 in region)
  rcMTE@0.5: 1.0902 (168/500 in region)
  rcMTE@1.0: 1.1671 (75/500 in region)
  MTE@0.1: 1.1422
  MTE@0.5: 1.7161
  MTE@1.0: 1.7785
  W2@1.0:  0.7120
  sW2@0.1: 0.3733 (342/500 in region)
  sW2@0.2: 0.5182 (274/500 in region)
  sW2@0.5: 0.6882 (168/500 in region)
  sW2@1.0: 0.8321 (75/500 in region)
  MMD@1.0: 0.2322
  Survival@1.0: 59.8%
  Stopped@1.0:  15.0%
      Phase 2 AE: K_weight=0.1000
        Phase2 Epoch 50/250: loss=0.003878
        Phase2 Epoch 100/250: loss=0.003058
        Phase2 Epoch 150/250: loss=0.002592
        Phase2 Epoch 200/250: loss=0.002286
        Phase2 Epoch 250/250: loss=0.002018
        E_mu=0.0310  E_Sigma=0.0224
      → K
  Precomputing encoder-pullback target...
  Stage 2 epoch 60/300: loss=0.414029
  Stage 2 epoch 120/300: loss=0.310099
  Stage 2 epoch 180/300: loss=0.225544
  Stage 2 epoch 240/300: loss=0.185394
  Stage 2 epoch 300/300: loss=0.150345
  Stage 3 epoch 60/300: loss=0.013445
  Stage 3 epoch 120/300: loss=0.008713
  Stage 3 epoch 180/300: loss=0.002988
  Stage 3 epoch 240/300: loss=0.001898
  Stage 3 epoch 300/300: loss=0.001773
  rcMTE@0.1: 0.6891 (342/500 in region)
  rcMTE@0.5: 1.0949 (168/500 in region)
  rcMTE@1.0: 1.1754 (75/500 in region)
  MTE@0.1: 1.1434
  MTE@0.5: 1.7221
  MTE@1.0: 1.7851
  W2@1.0:  0.7246
  sW2@0.1: 0.3778 (342/500 in region)
  sW2@0.2: 0.5256 (274/500 in region)
  sW2@0.5: 0.6995 (168/500 in region)
  sW2@1.0: 0.8502 (75/500 in region)
  MMD@1.0: 0.2352
  Survival@1.0: 59.8%
  Stopped@1.0:  15.0%
      → K+S
  Precomputing encoder-pullback target...
  Stage 2 epoch 60/300: loss=0.414029
  Stage 2 epoch 120/300: loss=0.310099
  Stage 2 epoch 180/300: loss=0.225544
  Stage 2 epoch 240/300: loss=0.185394
  Stage 2 epoch 300/300: loss=0.150345
  Stage 3 epoch 60/300: loss=0.013445
  Stage 3 epoch 120/300: loss=0.008713
  Stage 3 epoch 180/300: loss=0.002988
  Stage 3 epoch 240/300: loss=0.001898
  Stage 3 epoch 300/300: loss=0.001773
  rcMTE@0.1: 0.6891 (342/500 in region)
  rcMTE@0.5: 1.0949 (168/500 in region)
  rcMTE@1.0: 1.1754 (75/500 in region)
  MTE@0.1: 1.1434
  MTE@0.5: 1.7221
  MTE@1.0: 1.7851
  W2@1.0:  0.7246
  sW2@0.1: 0.3778 (342/500 in region)
  sW2@0.2: 0.5256 (274/500 in region)
  sW2@0.5: 0.6995 (168/500 in region)
  sW2@1.0: 0.8502 (75/500 in region)
  MMD@1.0: 0.2352
  Survival@1.0: 59.8%
  Stopped@1.0:  15.0%

============================================================
  N=20 | D=11 (K=4) | hyperbolic_paraboloid | seed=5042
============================================================
    Phase1 Epoch 50/250: loss=0.678145
    Phase1 Epoch 100/250: loss=0.080596
    Phase1 Epoch 150/250: loss=0.019361
    Phase1 Epoch 200/250: loss=0.006204
    Phase1 Epoch 250/250: loss=0.012923
      Phase 2 AE: K_weight=0.0000
        Phase2 Epoch 50/250: loss=0.004383
        Phase2 Epoch 100/250: loss=0.002074
        Phase2 Epoch 150/250: loss=0.001745
        Phase2 Epoch 200/250: loss=0.002515
        Phase2 Epoch 250/250: loss=0.001523
        E_mu=0.0581  E_Sigma=0.0445
      → baseline
  Precomputing encoder-pullback target...
  Stage 2 epoch 60/300: loss=0.415192
  Stage 2 epoch 120/300: loss=0.309721
  Stage 2 epoch 180/300: loss=0.216093
  Stage 2 epoch 240/300: loss=0.154686
  Stage 2 epoch 300/300: loss=0.102895
  Stage 3 epoch 60/300: loss=0.016443
  Stage 3 epoch 120/300: loss=0.011628
  Stage 3 epoch 180/300: loss=0.006461
  Stage 3 epoch 240/300: loss=0.002900
  Stage 3 epoch 300/300: loss=0.001880
  rcMTE@0.1: 0.6892 (331/500 in region)
  rcMTE@0.5: 0.9870 (161/500 in region)
  rcMTE@1.0: 1.0309 (71/500 in region)
  MTE@0.1: 1.1546
  MTE@0.5: 1.5060
  MTE@1.0: 1.5459
  W2@1.0:  0.3951
  sW2@0.1: 0.3579 (331/500 in region)
  sW2@0.2: 0.4595 (275/500 in region)
  sW2@0.5: 0.4046 (161/500 in region)
  sW2@1.0: 0.4033 (71/500 in region)
  MMD@1.0: 0.0996
  Survival@1.0: 65.6%
  Stopped@1.0:  14.2%
      Phase 2 AE: K_weight=0.1000
        Phase2 Epoch 50/250: loss=0.014835
        Phase2 Epoch 100/250: loss=0.003590
        Phase2 Epoch 150/250: loss=0.003003
        Phase2 Epoch 200/250: loss=0.002686
        Phase2 Epoch 250/250: loss=0.002451
        E_mu=0.0491  E_Sigma=0.0428
      → K
  Precomputing encoder-pullback target...
  Stage 2 epoch 60/300: loss=0.420042
  Stage 2 epoch 120/300: loss=0.312281
  Stage 2 epoch 180/300: loss=0.213812
  Stage 2 epoch 240/300: loss=0.152548
  Stage 2 epoch 300/300: loss=0.101171
  Stage 3 epoch 60/300: loss=0.016622
  Stage 3 epoch 120/300: loss=0.012099
  Stage 3 epoch 180/300: loss=0.007030
  Stage 3 epoch 240/300: loss=0.003213
  Stage 3 epoch 300/300: loss=0.002025
  rcMTE@0.1: 0.6903 (331/500 in region)
  rcMTE@0.5: 0.9885 (161/500 in region)
  rcMTE@1.0: 1.0322 (71/500 in region)
  MTE@0.1: 1.1559
  MTE@0.5: 1.5080
  MTE@1.0: 1.5483
  W2@1.0:  0.4038
  sW2@0.1: 0.3607 (331/500 in region)
  sW2@0.2: 0.4647 (275/500 in region)
  sW2@0.5: 0.4122 (161/500 in region)
  sW2@1.0: 0.4071 (71/500 in region)
  MMD@1.0: 0.1006
  Survival@1.0: 65.6%
  Stopped@1.0:  14.2%
      → K+S
  Precomputing encoder-pullback target...
  Stage 2 epoch 60/300: loss=0.420042
  Stage 2 epoch 120/300: loss=0.312281
  Stage 2 epoch 180/300: loss=0.213812
  Stage 2 epoch 240/300: loss=0.152548
  Stage 2 epoch 300/300: loss=0.101171
  Stage 3 epoch 60/300: loss=0.016622
  Stage 3 epoch 120/300: loss=0.012099
  Stage 3 epoch 180/300: loss=0.007030
  Stage 3 epoch 240/300: loss=0.003213
  Stage 3 epoch 300/300: loss=0.002025
  rcMTE@0.1: 0.6903 (331/500 in region)
  rcMTE@0.5: 0.9885 (161/500 in region)
  rcMTE@1.0: 1.0322 (71/500 in region)
  MTE@0.1: 1.1559
  MTE@0.5: 1.5080
  MTE@1.0: 1.5483
  W2@1.0:  0.4038
  sW2@0.1: 0.3607 (331/500 in region)
  sW2@0.2: 0.4647 (275/500 in region)
  sW2@0.5: 0.4122 (161/500 in region)
  sW2@1.0: 0.4071 (71/500 in region)
  MMD@1.0: 0.1006
  Survival@1.0: 65.6%
  Stopped@1.0:  14.2%

============================================================
  N=20 | D=11 (K=4) | hyperbolic_paraboloid | seed=6042
============================================================
    Phase1 Epoch 50/250: loss=0.594366
    Phase1 Epoch 100/250: loss=0.034720
    Phase1 Epoch 150/250: loss=0.012823
    Phase1 Epoch 200/250: loss=0.006176
    Phase1 Epoch 250/250: loss=0.005819
      Phase 2 AE: K_weight=0.0000
        Phase2 Epoch 50/250: loss=0.005287
        Phase2 Epoch 100/250: loss=0.003280
        Phase2 Epoch 150/250: loss=0.001480
        Phase2 Epoch 200/250: loss=0.001347
        Phase2 Epoch 250/250: loss=0.002907
        E_mu=0.1275  E_Sigma=0.0512
      → baseline
  Precomputing encoder-pullback target...
  Stage 2 epoch 60/300: loss=0.297540
  Stage 2 epoch 120/300: loss=0.238317
  Stage 2 epoch 180/300: loss=0.202937
  Stage 2 epoch 240/300: loss=0.168029
  Stage 2 epoch 300/300: loss=0.144114
  Stage 3 epoch 60/300: loss=0.043981
  Stage 3 epoch 120/300: loss=0.006868
  Stage 3 epoch 180/300: loss=0.005711
  Stage 3 epoch 240/300: loss=0.004549
  Stage 3 epoch 300/300: loss=0.003410
  rcMTE@0.1: 0.2098 (329/500 in region)
  rcMTE@0.5: 0.4752 (153/500 in region)
  rcMTE@1.0: 0.6407 (78/500 in region)
  MTE@0.1: 0.4177
  MTE@0.5: 0.9003
  MTE@1.0: 1.2212
  W2@1.0:  1.3698
  sW2@0.1: 0.2516 (329/500 in region)
  sW2@0.2: 0.3594 (272/500 in region)
  sW2@0.5: 0.8264 (153/500 in region)
  sW2@1.0: 1.1706 (78/500 in region)
  MMD@1.0: 0.2293
  Survival@1.0: 62.8%
  Stopped@1.0:  15.6%
      Phase 2 AE: K_weight=0.1000
        Phase2 Epoch 50/250: loss=0.006330
        Phase2 Epoch 100/250: loss=0.006496
        Phase2 Epoch 150/250: loss=0.003491
        Phase2 Epoch 200/250: loss=0.002319
        Phase2 Epoch 250/250: loss=0.001479
        E_mu=0.0806  E_Sigma=0.0323
      → K
  Precomputing encoder-pullback target...
  Stage 2 epoch 60/300: loss=0.307776
  Stage 2 epoch 120/300: loss=0.243216
  Stage 2 epoch 180/300: loss=0.205754
  Stage 2 epoch 240/300: loss=0.168011
  Stage 2 epoch 300/300: loss=0.142580
  Stage 3 epoch 60/300: loss=0.026203
  Stage 3 epoch 120/300: loss=0.007150
  Stage 3 epoch 180/300: loss=0.005927
  Stage 3 epoch 240/300: loss=0.004660
  Stage 3 epoch 300/300: loss=0.003384
  rcMTE@0.1: 0.2110 (329/500 in region)
  rcMTE@0.5: 0.4892 (153/500 in region)
  rcMTE@1.0: 0.6732 (78/500 in region)
  MTE@0.1: 0.4178
  MTE@0.5: 0.9310
  MTE@1.0: 1.2862
  W2@1.0:  1.4785
  sW2@0.1: 0.2505 (329/500 in region)
  sW2@0.2: 0.3733 (272/500 in region)
  sW2@0.5: 0.8793 (153/500 in region)
  sW2@1.0: 1.2689 (78/500 in region)
  MMD@1.0: 0.2434
  Survival@1.0: 62.8%
  Stopped@1.0:  15.6%
      → K+S
  Precomputing encoder-pullback target...
  Stage 2 epoch 60/300: loss=0.307776
  Stage 2 epoch 120/300: loss=0.243216
  Stage 2 epoch 180/300: loss=0.205754
  Stage 2 epoch 240/300: loss=0.168011
  Stage 2 epoch 300/300: loss=0.142580
  Stage 3 epoch 60/300: loss=0.026203
  Stage 3 epoch 120/300: loss=0.007150
  Stage 3 epoch 180/300: loss=0.005927
  Stage 3 epoch 240/300: loss=0.004660
  Stage 3 epoch 300/300: loss=0.003384
  rcMTE@0.1: 0.2110 (329/500 in region)
  rcMTE@0.5: 0.4892 (153/500 in region)
  rcMTE@1.0: 0.6732 (78/500 in region)
  MTE@0.1: 0.4178
  MTE@0.5: 0.9310
  MTE@1.0: 1.2862
  W2@1.0:  1.4785
  sW2@0.1: 0.2505 (329/500 in region)
  sW2@0.2: 0.3733 (272/500 in region)
  sW2@0.5: 0.8793 (153/500 in region)
  sW2@1.0: 1.2689 (78/500 in region)
  MMD@1.0: 0.2434
  Survival@1.0: 62.8%
  Stopped@1.0:  15.6%

============================================================
  N=20 | D=11 (K=4) | hyperbolic_paraboloid | seed=7042
============================================================
    Phase1 Epoch 50/250: loss=0.837426
    Phase1 Epoch 100/250: loss=0.362138
    Phase1 Epoch 150/250: loss=0.028232
    Phase1 Epoch 200/250: loss=0.014188
    Phase1 Epoch 250/250: loss=0.091509
      Phase 2 AE: K_weight=0.0000
        Phase2 Epoch 50/250: loss=0.006725
        Phase2 Epoch 100/250: loss=0.003625
        Phase2 Epoch 150/250: loss=0.003681
        Phase2 Epoch 200/250: loss=0.010418
        Phase2 Epoch 250/250: loss=0.007042
        E_mu=0.0641  E_Sigma=0.1148
      → baseline
  Precomputing encoder-pullback target...
  Stage 2 epoch 60/300: loss=0.949925
  Stage 2 epoch 120/300: loss=0.713954
  Stage 2 epoch 180/300: loss=0.511674
  Stage 2 epoch 240/300: loss=0.383656
  Stage 2 epoch 300/300: loss=0.300138
  Stage 3 epoch 60/300: loss=0.013869
  Stage 3 epoch 120/300: loss=0.007939
  Stage 3 epoch 180/300: loss=0.007327
  Stage 3 epoch 240/300: loss=0.006738
  Stage 3 epoch 300/300: loss=0.006195
  rcMTE@0.1: 0.4768 (371/500 in region)
  rcMTE@0.5: 0.6288 (178/500 in region)
  rcMTE@1.0: 0.6168 (82/500 in region)
  MTE@0.1: 0.8455
  MTE@0.5: 1.2586
  MTE@1.0: 1.2503
  W2@1.0:  0.3849
  sW2@0.1: 0.3010 (371/500 in region)
  sW2@0.2: 0.2715 (296/500 in region)
  sW2@0.5: 0.3640 (178/500 in region)
  sW2@1.0: 0.2931 (82/500 in region)
  MMD@1.0: 0.1299
  Survival@1.0: 63.4%
  Stopped@1.0:  16.4%
      Phase 2 AE: K_weight=0.1000
        Phase2 Epoch 50/250: loss=0.007503
        Phase2 Epoch 100/250: loss=0.004984
        Phase2 Epoch 150/250: loss=0.006610
        Phase2 Epoch 200/250: loss=0.004662
        Phase2 Epoch 250/250: loss=0.003231
        E_mu=0.0340  E_Sigma=0.0223
      → K
  Precomputing encoder-pullback target...
  Stage 2 epoch 60/300: loss=0.948225
  Stage 2 epoch 120/300: loss=0.719417
  Stage 2 epoch 180/300: loss=0.506622
  Stage 2 epoch 240/300: loss=0.380675
  Stage 2 epoch 300/300: loss=0.294217
  Stage 3 epoch 60/300: loss=0.012328
  Stage 3 epoch 120/300: loss=0.007347
  Stage 3 epoch 180/300: loss=0.006773
  Stage 3 epoch 240/300: loss=0.006201
  Stage 3 epoch 300/300: loss=0.005626
  rcMTE@0.1: 0.4696 (371/500 in region)
  rcMTE@0.5: 0.6372 (178/500 in region)
  rcMTE@1.0: 0.6244 (82/500 in region)
  MTE@0.1: 0.8403
  MTE@0.5: 1.2695
  MTE@1.0: 1.2711
  W2@1.0:  0.3891
  sW2@0.1: 0.2802 (371/500 in region)
  sW2@0.2: 0.2608 (296/500 in region)
  sW2@0.5: 0.4102 (178/500 in region)
  sW2@1.0: 0.3203 (82/500 in region)
  MMD@1.0: 0.1401
  Survival@1.0: 63.4%
  Stopped@1.0:  16.4%
      → K+S
  Precomputing encoder-pullback target...
  Stage 2 epoch 60/300: loss=0.948225
  Stage 2 epoch 120/300: loss=0.719417
  Stage 2 epoch 180/300: loss=0.506622
  Stage 2 epoch 240/300: loss=0.380675
  Stage 2 epoch 300/300: loss=0.294217
  Stage 3 epoch 60/300: loss=0.012328
  Stage 3 epoch 120/300: loss=0.007347
  Stage 3 epoch 180/300: loss=0.006773
  Stage 3 epoch 240/300: loss=0.006201
  Stage 3 epoch 300/300: loss=0.005626
  rcMTE@0.1: 0.4696 (371/500 in region)
  rcMTE@0.5: 0.6372 (178/500 in region)
  rcMTE@1.0: 0.6244 (82/500 in region)
  MTE@0.1: 0.8403
  MTE@0.5: 1.2695
  MTE@1.0: 1.2711
  W2@1.0:  0.3891
  sW2@0.1: 0.2802 (371/500 in region)
  sW2@0.2: 0.2608 (296/500 in region)
  sW2@0.5: 0.4102 (178/500 in region)
  sW2@1.0: 0.3203 (82/500 in region)
  MMD@1.0: 0.1401
  Survival@1.0: 63.4%
  Stopped@1.0:  16.4%

============================================================
  N=20 | D=11 (K=4) | hyperbolic_paraboloid | seed=8042
============================================================
    Phase1 Epoch 50/250: loss=0.715452
    Phase1 Epoch 100/250: loss=0.203034
    Phase1 Epoch 150/250: loss=0.044159
    Phase1 Epoch 200/250: loss=0.009860
    Phase1 Epoch 250/250: loss=0.006414
      Phase 2 AE: K_weight=0.0000
        Phase2 Epoch 50/250: loss=0.009747
        Phase2 Epoch 100/250: loss=0.010627
        Phase2 Epoch 150/250: loss=0.002753
        Phase2 Epoch 200/250: loss=0.002403
        Phase2 Epoch 250/250: loss=0.002171
        E_mu=0.0753  E_Sigma=0.0539
      → baseline
  Precomputing encoder-pullback target...
  Stage 2 epoch 60/300: loss=1.267572
  Stage 2 epoch 120/300: loss=0.527056
  Stage 2 epoch 180/300: loss=0.331875
  Stage 2 epoch 240/300: loss=0.261203
  Stage 2 epoch 300/300: loss=0.210924
  Stage 3 epoch 60/300: loss=0.003905
  Stage 3 epoch 120/300: loss=0.002753
  Stage 3 epoch 180/300: loss=0.002483
  Stage 3 epoch 240/300: loss=0.002299
  Stage 3 epoch 300/300: loss=0.002156
  rcMTE@0.1: 0.4644 (346/500 in region)
  rcMTE@0.5: 0.7038 (171/500 in region)
  rcMTE@1.0: 0.7323 (75/500 in region)
  MTE@0.1: 0.7826
  MTE@0.5: 1.1866
  MTE@1.0: 1.2871
  W2@1.0:  0.7311
  sW2@0.1: 0.2655 (346/500 in region)
  sW2@0.2: 0.2691 (275/500 in region)
  sW2@0.5: 0.3850 (171/500 in region)
  sW2@1.0: 0.5880 (75/500 in region)
  MMD@1.0: 0.1334
  Survival@1.0: 62.6%
  Stopped@1.0:  15.0%
      Phase 2 AE: K_weight=0.1000
        Phase2 Epoch 50/250: loss=0.015211
        Phase2 Epoch 100/250: loss=0.012628
        Phase2 Epoch 150/250: loss=0.003831
        Phase2 Epoch 200/250: loss=0.003296
        Phase2 Epoch 250/250: loss=0.002939
        E_mu=0.0529  E_Sigma=0.0422
      → K
  Precomputing encoder-pullback target...
  Stage 2 epoch 60/300: loss=1.278269
  Stage 2 epoch 120/300: loss=0.546777
  Stage 2 epoch 180/300: loss=0.338321
  Stage 2 epoch 240/300: loss=0.265436
  Stage 2 epoch 300/300: loss=0.214032
  Stage 3 epoch 60/300: loss=0.004393
  Stage 3 epoch 120/300: loss=0.003058
  Stage 3 epoch 180/300: loss=0.002829
  Stage 3 epoch 240/300: loss=0.002639
  Stage 3 epoch 300/300: loss=0.002479
  rcMTE@0.1: 0.4734 (346/500 in region)
  rcMTE@0.5: 0.7195 (171/500 in region)
  rcMTE@1.0: 0.7542 (75/500 in region)
  MTE@0.1: 0.7968
  MTE@0.5: 1.2092
  MTE@1.0: 1.3159
  W2@1.0:  0.7563
  sW2@0.1: 0.2691 (346/500 in region)
  sW2@0.2: 0.2751 (275/500 in region)
  sW2@0.5: 0.4013 (171/500 in region)
  sW2@1.0: 0.6143 (75/500 in region)
  MMD@1.0: 0.1351
  Survival@1.0: 62.6%
  Stopped@1.0:  15.0%
      → K+S
  Precomputing encoder-pullback target...
  Stage 2 epoch 60/300: loss=1.278269
  Stage 2 epoch 120/300: loss=0.546777
  Stage 2 epoch 180/300: loss=0.338321
  Stage 2 epoch 240/300: loss=0.265436
  Stage 2 epoch 300/300: loss=0.214032
  Stage 3 epoch 60/300: loss=0.004393
  Stage 3 epoch 120/300: loss=0.003058
  Stage 3 epoch 180/300: loss=0.002829
  Stage 3 epoch 240/300: loss=0.002639
  Stage 3 epoch 300/300: loss=0.002479
  rcMTE@0.1: 0.4734 (346/500 in region)
  rcMTE@0.5: 0.7195 (171/500 in region)
  rcMTE@1.0: 0.7542 (75/500 in region)
  MTE@0.1: 0.7968
  MTE@0.5: 1.2092
  MTE@1.0: 1.3159
  W2@1.0:  0.7563
  sW2@0.1: 0.2691 (346/500 in region)
  sW2@0.2: 0.2751 (275/500 in region)
  sW2@0.5: 0.4013 (171/500 in region)
  sW2@1.0: 0.6143 (75/500 in region)
  MMD@1.0: 0.1351
  Survival@1.0: 62.6%
  Stopped@1.0:  15.0%

============================================================
  N=20 | D=11 (K=4) | hyperbolic_paraboloid | seed=9042
============================================================
    Phase1 Epoch 50/250: loss=0.564332
    Phase1 Epoch 100/250: loss=0.084063
    Phase1 Epoch 150/250: loss=0.021037
    Phase1 Epoch 200/250: loss=0.010570
    Phase1 Epoch 250/250: loss=0.004721
      Phase 2 AE: K_weight=0.0000
        Phase2 Epoch 50/250: loss=0.007596
        Phase2 Epoch 100/250: loss=0.003413
        Phase2 Epoch 150/250: loss=0.002267
        Phase2 Epoch 200/250: loss=0.001899
        Phase2 Epoch 250/250: loss=0.002480
        E_mu=0.0837  E_Sigma=0.0750
      → baseline
  Precomputing encoder-pullback target...
  Stage 2 epoch 60/300: loss=0.755247
  Stage 2 epoch 120/300: loss=0.485035
  Stage 2 epoch 180/300: loss=0.207261
  Stage 2 epoch 240/300: loss=0.108888
  Stage 2 epoch 300/300: loss=0.077947
  Stage 3 epoch 60/300: loss=0.015614
  Stage 3 epoch 120/300: loss=0.009453
  Stage 3 epoch 180/300: loss=0.003784
  Stage 3 epoch 240/300: loss=0.002541
  Stage 3 epoch 300/300: loss=0.002335
  rcMTE@0.1: 0.1944 (321/500 in region)
  rcMTE@0.5: 0.3693 (155/500 in region)
  rcMTE@1.0: 0.4728 (66/500 in region)
  MTE@0.1: 0.3935
  MTE@0.5: 0.6230
  MTE@1.0: 0.7800
  W2@1.0:  0.6435
  sW2@0.1: 0.1914 (321/500 in region)
  sW2@0.2: 0.2470 (266/500 in region)
  sW2@0.5: 0.3649 (155/500 in region)
  sW2@1.0: 0.5588 (66/500 in region)
  MMD@1.0: 0.1384
  Survival@1.0: 61.0%
  Stopped@1.0:  13.2%
      Phase 2 AE: K_weight=0.1000
        Phase2 Epoch 50/250: loss=0.007428
        Phase2 Epoch 100/250: loss=0.003679
        Phase2 Epoch 150/250: loss=0.002910
        Phase2 Epoch 200/250: loss=0.004036
        Phase2 Epoch 250/250: loss=0.002287
        E_mu=0.0568  E_Sigma=0.0507
      → K
  Precomputing encoder-pullback target...
  Stage 2 epoch 60/300: loss=0.755370
  Stage 2 epoch 120/300: loss=0.487771
  Stage 2 epoch 180/300: loss=0.210620
  Stage 2 epoch 240/300: loss=0.111485
  Stage 2 epoch 300/300: loss=0.079472
  Stage 3 epoch 60/300: loss=0.015327
  Stage 3 epoch 120/300: loss=0.009324
  Stage 3 epoch 180/300: loss=0.003832
  Stage 3 epoch 240/300: loss=0.002580
  Stage 3 epoch 300/300: loss=0.002404
  rcMTE@0.1: 0.1910 (321/500 in region)
  rcMTE@0.5: 0.3663 (155/500 in region)
  rcMTE@1.0: 0.4684 (66/500 in region)
  MTE@0.1: 0.3867
  MTE@0.5: 0.6131
  MTE@1.0: 0.7662
  W2@1.0:  0.6298
  sW2@0.1: 0.1858 (321/500 in region)
  sW2@0.2: 0.2440 (266/500 in region)
  sW2@0.5: 0.3628 (155/500 in region)
  sW2@1.0: 0.5580 (66/500 in region)
  MMD@1.0: 0.1336
  Survival@1.0: 61.0%
  Stopped@1.0:  13.2%
      → K+S
  Precomputing encoder-pullback target...
  Stage 2 epoch 60/300: loss=0.755370
  Stage 2 epoch 120/300: loss=0.487771
  Stage 2 epoch 180/300: loss=0.210620
  Stage 2 epoch 240/300: loss=0.111485
  Stage 2 epoch 300/300: loss=0.079472
  Stage 3 epoch 60/300: loss=0.015327
  Stage 3 epoch 120/300: loss=0.009324
  Stage 3 epoch 180/300: loss=0.003832
  Stage 3 epoch 240/300: loss=0.002580
  Stage 3 epoch 300/300: loss=0.002404
  rcMTE@0.1: 0.1910 (321/500 in region)
  rcMTE@0.5: 0.3663 (155/500 in region)
  rcMTE@1.0: 0.4684 (66/500 in region)
  MTE@0.1: 0.3867
  MTE@0.5: 0.6131
  MTE@1.0: 0.7662
  W2@1.0:  0.6298
  sW2@0.1: 0.1858 (321/500 in region)
  sW2@0.2: 0.2440 (266/500 in region)
  sW2@0.5: 0.3628 (155/500 in region)
  sW2@1.0: 0.5580 (66/500 in region)
  MMD@1.0: 0.1336
  Survival@1.0: 61.0%
  Stopped@1.0:  13.2%

  N=20, D=11 completed in 575.9s

============================================================
  N=20 | D=201 (K=99) | paraboloid | seed=42
============================================================
    Phase1 Epoch 50/250: loss=0.740474
    Phase1 Epoch 100/250: loss=0.652069
    Phase1 Epoch 150/250: loss=0.479484
    Phase1 Epoch 200/250: loss=0.291921
    Phase1 Epoch 250/250: loss=0.198237
      Phase 2 AE: K_weight=0.0000
        Phase2 Epoch 50/250: loss=0.212625
        Phase2 Epoch 100/250: loss=0.116626
        Phase2 Epoch 150/250: loss=0.078122
        Phase2 Epoch 200/250: loss=0.057152
        Phase2 Epoch 250/250: loss=0.070645
        E_mu=0.6049  E_Sigma=1.3051
      → baseline
  Precomputing encoder-pullback target...
  Stage 2 epoch 60/300: loss=0.022300
  Stage 2 epoch 120/300: loss=0.018801
  Stage 2 epoch 180/300: loss=0.011742
  Stage 2 epoch 240/300: loss=0.006985
  Stage 2 epoch 300/300: loss=0.005160
  Stage 3 epoch 60/300: loss=0.000065
  Stage 3 epoch 120/300: loss=0.000059
  Stage 3 epoch 180/300: loss=0.000052
  Stage 3 epoch 240/300: loss=0.000044
  Stage 3 epoch 300/300: loss=0.000039
  rcMTE@0.1: 0.4677 (333/500 in region)
  rcMTE@0.5: 0.7146 (177/500 in region)
  rcMTE@1.0: 0.6738 (74/500 in region)
  MTE@0.1: 0.8026
  MTE@0.5: 1.1744
  MTE@1.0: 1.1952
  W2@1.0:  0.6436
  sW2@0.1: 0.3444 (333/500 in region)
  sW2@0.2: 0.4208 (279/500 in region)
  sW2@0.5: 0.6031 (177/500 in region)
  sW2@1.0: 0.6134 (74/500 in region)
  MMD@1.0: 0.1952
  Survival@1.0: 62.6%
  Stopped@1.0:  14.8%
      Phase 2 AE: K_weight=0.4275
        Phase2 Epoch 50/250: loss=0.133024
        Phase2 Epoch 100/250: loss=0.102798
        Phase2 Epoch 150/250: loss=0.084877
        Phase2 Epoch 200/250: loss=0.066244
        Phase2 Epoch 250/250: loss=0.076903
        E_mu=0.6925  E_Sigma=1.5902
      → K
  Precomputing encoder-pullback target...
  Stage 2 epoch 60/300: loss=0.020940
  Stage 2 epoch 120/300: loss=0.016870
  Stage 2 epoch 180/300: loss=0.009781
  Stage 2 epoch 240/300: loss=0.005756
  Stage 2 epoch 300/300: loss=0.004310
  Stage 3 epoch 60/300: loss=0.000070
  Stage 3 epoch 120/300: loss=0.000064
  Stage 3 epoch 180/300: loss=0.000059
  Stage 3 epoch 240/300: loss=0.000052
  Stage 3 epoch 300/300: loss=0.000047
  rcMTE@0.1: 0.5019 (333/500 in region)
  rcMTE@0.5: 0.7483 (177/500 in region)
  rcMTE@1.0: 0.6774 (74/500 in region)
  MTE@0.1: 0.8961
  MTE@0.5: 1.2189
  MTE@1.0: 1.2252
  W2@1.0:  0.7731
  sW2@0.1: 0.4942 (333/500 in region)
  sW2@0.2: 0.5585 (279/500 in region)
  sW2@0.5: 0.7463 (177/500 in region)
  sW2@1.0: 0.7283 (74/500 in region)
  MMD@1.0: 0.2519
  Survival@1.0: 62.6%
  Stopped@1.0:  14.8%
      → K+S
  Precomputing encoder-pullback target...
  Stage 2 epoch 60/300: loss=0.020940
  Stage 2 epoch 120/300: loss=0.016870
  Stage 2 epoch 180/300: loss=0.009781
  Stage 2 epoch 240/300: loss=0.005756
  Stage 2 epoch 300/300: loss=0.004310
  Stage 3 epoch 60/300: loss=0.000070
  Stage 3 epoch 120/300: loss=0.000064
  Stage 3 epoch 180/300: loss=0.000059
  Stage 3 epoch 240/300: loss=0.000052
  Stage 3 epoch 300/300: loss=0.000047
  rcMTE@0.1: 0.5019 (333/500 in region)
  rcMTE@0.5: 0.7483 (177/500 in region)
  rcMTE@1.0: 0.6774 (74/500 in region)
  MTE@0.1: 0.8961
  MTE@0.5: 1.2189
  MTE@1.0: 1.2252
  W2@1.0:  0.7731
  sW2@0.1: 0.4942 (333/500 in region)
  sW2@0.2: 0.5585 (279/500 in region)
  sW2@0.5: 0.7463 (177/500 in region)
  sW2@1.0: 0.7283 (74/500 in region)
  MMD@1.0: 0.2519
  Survival@1.0: 62.6%
  Stopped@1.0:  14.8%

============================================================
  N=20 | D=201 (K=99) | paraboloid | seed=1042
============================================================
    Phase1 Epoch 50/250: loss=0.619993
    Phase1 Epoch 100/250: loss=0.549910
    Phase1 Epoch 150/250: loss=0.343375
    Phase1 Epoch 200/250: loss=0.164847
    Phase1 Epoch 250/250: loss=0.159083
      Phase 2 AE: K_weight=0.0000
        Phase2 Epoch 50/250: loss=0.140046
        Phase2 Epoch 100/250: loss=0.131802
        Phase2 Epoch 150/250: loss=0.065926
        Phase2 Epoch 200/250: loss=0.070592
        Phase2 Epoch 250/250: loss=0.059574
        E_mu=0.4600  E_Sigma=0.7384
      → baseline
  Precomputing encoder-pullback target...
  Stage 2 epoch 60/300: loss=0.031523
  Stage 2 epoch 120/300: loss=0.027800
  Stage 2 epoch 180/300: loss=0.021429
  Stage 2 epoch 240/300: loss=0.016590
  Stage 2 epoch 300/300: loss=0.012998
  Stage 3 epoch 60/300: loss=0.000041
  Stage 3 epoch 120/300: loss=0.000037
  Stage 3 epoch 180/300: loss=0.000035
  Stage 3 epoch 240/300: loss=0.000033
  Stage 3 epoch 300/300: loss=0.000032
  rcMTE@0.1: 0.6665 (343/500 in region)
  rcMTE@0.5: 0.9469 (167/500 in region)
  rcMTE@1.0: 1.0558 (86/500 in region)
  MTE@0.1: 1.1287
  MTE@0.5: 1.5488
  MTE@1.0: 1.6421
  W2@1.0:  0.4031
  sW2@0.1: 0.3689 (343/500 in region)
  sW2@0.2: 0.4812 (281/500 in region)
  sW2@0.5: 0.5297 (167/500 in region)
  sW2@1.0: 0.4347 (86/500 in region)
  MMD@1.0: 0.1448
  Survival@1.0: 64.4%
  Stopped@1.0:  17.2%
      Phase 2 AE: K_weight=0.4275
        Phase2 Epoch 50/250: loss=0.113965
        Phase2 Epoch 100/250: loss=0.090916
        Phase2 Epoch 150/250: loss=0.105758
        Phase2 Epoch 200/250: loss=0.110376
        Phase2 Epoch 250/250: loss=0.051829
        E_mu=0.4715  E_Sigma=0.8023
      → K
  Precomputing encoder-pullback target...
  Stage 2 epoch 60/300: loss=0.030676
  Stage 2 epoch 120/300: loss=0.028088
  Stage 2 epoch 180/300: loss=0.023774
  Stage 2 epoch 240/300: loss=0.019481
  Stage 2 epoch 300/300: loss=0.015564
  Stage 3 epoch 60/300: loss=0.000046
  Stage 3 epoch 120/300: loss=0.000042
  Stage 3 epoch 180/300: loss=0.000039
  Stage 3 epoch 240/300: loss=0.000036
  Stage 3 epoch 300/300: loss=0.000034
  rcMTE@0.1: 0.6681 (343/500 in region)
  rcMTE@0.5: 0.9635 (167/500 in region)
  rcMTE@1.0: 1.0588 (86/500 in region)
  MTE@0.1: 1.1384
  MTE@0.5: 1.5824
  MTE@1.0: 1.6602
  W2@1.0:  0.3962
  sW2@0.1: 0.4377 (343/500 in region)
  sW2@0.2: 0.5529 (281/500 in region)
  sW2@0.5: 0.6899 (167/500 in region)
  sW2@1.0: 0.5214 (86/500 in region)
  MMD@1.0: 0.1434
  Survival@1.0: 64.4%
  Stopped@1.0:  17.2%
      → K+S
  Precomputing encoder-pullback target...
  Stage 2 epoch 60/300: loss=0.030676
  Stage 2 epoch 120/300: loss=0.028088
  Stage 2 epoch 180/300: loss=0.023774
  Stage 2 epoch 240/300: loss=0.019481
  Stage 2 epoch 300/300: loss=0.015564
  Stage 3 epoch 60/300: loss=0.000046
  Stage 3 epoch 120/300: loss=0.000042
  Stage 3 epoch 180/300: loss=0.000039
  Stage 3 epoch 240/300: loss=0.000036
  Stage 3 epoch 300/300: loss=0.000034
  rcMTE@0.1: 0.6681 (343/500 in region)
  rcMTE@0.5: 0.9635 (167/500 in region)
  rcMTE@1.0: 1.0588 (86/500 in region)
  MTE@0.1: 1.1384
  MTE@0.5: 1.5824
  MTE@1.0: 1.6602
  W2@1.0:  0.3962
  sW2@0.1: 0.4377 (343/500 in region)
  sW2@0.2: 0.5529 (281/500 in region)
  sW2@0.5: 0.6899 (167/500 in region)
  sW2@1.0: 0.5214 (86/500 in region)
  MMD@1.0: 0.1434
  Survival@1.0: 64.4%
  Stopped@1.0:  17.2%

============================================================
  N=20 | D=201 (K=99) | paraboloid | seed=2042
============================================================
    Phase1 Epoch 50/250: loss=0.716787
    Phase1 Epoch 100/250: loss=0.546220
    Phase1 Epoch 150/250: loss=0.247855
    Phase1 Epoch 200/250: loss=0.125243
    Phase1 Epoch 250/250: loss=0.136839
      Phase 2 AE: K_weight=0.0000
        Phase2 Epoch 50/250: loss=0.146195
        Phase2 Epoch 100/250: loss=0.101938
        Phase2 Epoch 150/250: loss=0.054540
        Phase2 Epoch 200/250: loss=0.032656
        Phase2 Epoch 250/250: loss=0.044386
        E_mu=0.4162  E_Sigma=0.7832
      → baseline
  Precomputing encoder-pullback target...
  Stage 2 epoch 60/300: loss=0.015656
  Stage 2 epoch 120/300: loss=0.014861
  Stage 2 epoch 180/300: loss=0.014158
  Stage 2 epoch 240/300: loss=0.013156
  Stage 2 epoch 300/300: loss=0.011425
  Stage 3 epoch 60/300: loss=0.000055
  Stage 3 epoch 120/300: loss=0.000048
  Stage 3 epoch 180/300: loss=0.000044
  Stage 3 epoch 240/300: loss=0.000041
  Stage 3 epoch 300/300: loss=0.000039
  rcMTE@0.1: 0.2655 (348/500 in region)
  rcMTE@0.5: 0.3491 (161/500 in region)
  rcMTE@1.0: 0.3651 (63/500 in region)
  MTE@0.1: 0.6202
  MTE@0.5: 0.8156
  MTE@1.0: 0.8097
  W2@1.0:  0.6382
  sW2@0.1: 0.4863 (348/500 in region)
  sW2@0.2: 0.5545 (288/500 in region)
  sW2@0.5: 0.5671 (161/500 in region)
  sW2@1.0: 0.5654 (63/500 in region)
  MMD@1.0: 0.2358
  Survival@1.0: 62.0%
  Stopped@1.0:  12.6%
      Phase 2 AE: K_weight=0.4275
        Phase2 Epoch 50/250: loss=0.080651
        Phase2 Epoch 100/250: loss=0.061288
        Phase2 Epoch 150/250: loss=0.062835
        Phase2 Epoch 200/250: loss=0.038005
        Phase2 Epoch 250/250: loss=0.060302
        E_mu=0.3422  E_Sigma=0.3523
      → K
  Precomputing encoder-pullback target...
  Stage 2 epoch 60/300: loss=0.018382
  Stage 2 epoch 120/300: loss=0.017273
  Stage 2 epoch 180/300: loss=0.016176
  Stage 2 epoch 240/300: loss=0.014375
  Stage 2 epoch 300/300: loss=0.011449
  Stage 3 epoch 60/300: loss=0.000040
  Stage 3 epoch 120/300: loss=0.000032
  Stage 3 epoch 180/300: loss=0.000029
  Stage 3 epoch 240/300: loss=0.000026
  Stage 3 epoch 300/300: loss=0.000025
  rcMTE@0.1: 0.2332 (348/500 in region)
  rcMTE@0.5: 0.3428 (161/500 in region)
  rcMTE@1.0: 0.3628 (63/500 in region)
  MTE@0.1: 1.0056
  MTE@0.5: 1.1578
  MTE@1.0: 1.1530
  W2@1.0:  0.9955
  sW2@0.1: 0.9121 (348/500 in region)
  sW2@0.2: 0.9543 (288/500 in region)
  sW2@0.5: 0.9415 (161/500 in region)
  sW2@1.0: 0.9320 (63/500 in region)
  MMD@1.0: 0.4459
  Survival@1.0: 62.0%
  Stopped@1.0:  12.6%
      → K+S
  Precomputing encoder-pullback target...
  Stage 2 epoch 60/300: loss=0.018382
  Stage 2 epoch 120/300: loss=0.017273
  Stage 2 epoch 180/300: loss=0.016176
  Stage 2 epoch 240/300: loss=0.014375
  Stage 2 epoch 300/300: loss=0.011449
  Stage 3 epoch 60/300: loss=0.000040
  Stage 3 epoch 120/300: loss=0.000032
  Stage 3 epoch 180/300: loss=0.000029
  Stage 3 epoch 240/300: loss=0.000026
  Stage 3 epoch 300/300: loss=0.000025
  rcMTE@0.1: 0.2332 (348/500 in region)
  rcMTE@0.5: 0.3428 (161/500 in region)
  rcMTE@1.0: 0.3628 (63/500 in region)
  MTE@0.1: 1.0056
  MTE@0.5: 1.1578
  MTE@1.0: 1.1530
  W2@1.0:  0.9955
  sW2@0.1: 0.9121 (348/500 in region)
  sW2@0.2: 0.9543 (288/500 in region)
  sW2@0.5: 0.9415 (161/500 in region)
  sW2@1.0: 0.9320 (63/500 in region)
  MMD@1.0: 0.4459
  Survival@1.0: 62.0%
  Stopped@1.0:  12.6%

============================================================
  N=20 | D=201 (K=99) | paraboloid | seed=3042
============================================================
    Phase1 Epoch 50/250: loss=0.757202
    Phase1 Epoch 100/250: loss=0.600005
    Phase1 Epoch 150/250: loss=0.495966
    Phase1 Epoch 200/250: loss=0.230745
    Phase1 Epoch 250/250: loss=0.213899
      Phase 2 AE: K_weight=0.0000
        Phase2 Epoch 50/250: loss=0.079171
        Phase2 Epoch 100/250: loss=0.135019
        Phase2 Epoch 150/250: loss=0.057274
        Phase2 Epoch 200/250: loss=0.038517
        Phase2 Epoch 250/250: loss=0.043684
        E_mu=0.4209  E_Sigma=0.5945
      → baseline
  Precomputing encoder-pullback target...
  Stage 2 epoch 60/300: loss=0.042959
  Stage 2 epoch 120/300: loss=0.035695
  Stage 2 epoch 180/300: loss=0.022686
  Stage 2 epoch 240/300: loss=0.013350
  Stage 2 epoch 300/300: loss=0.007354
  Stage 3 epoch 60/300: loss=0.000089
  Stage 3 epoch 120/300: loss=0.000074
  Stage 3 epoch 180/300: loss=0.000058
  Stage 3 epoch 240/300: loss=0.000039
  Stage 3 epoch 300/300: loss=0.000030
  rcMTE@0.1: 0.2441 (343/500 in region)
  rcMTE@0.5: 0.4166 (164/500 in region)
  rcMTE@1.0: 0.6872 (63/500 in region)
  MTE@0.1: 0.6585
  MTE@0.5: 0.8854
  MTE@1.0: 1.0969
  W2@1.0:  0.8695
  sW2@0.1: 0.5133 (343/500 in region)
  sW2@0.2: 0.5001 (283/500 in region)
  sW2@0.5: 0.6129 (164/500 in region)
  sW2@1.0: 1.0841 (63/500 in region)
  MMD@1.0: 0.2077
  Survival@1.0: 64.2%
  Stopped@1.0:  12.6%
      Phase 2 AE: K_weight=0.4275
        Phase2 Epoch 50/250: loss=0.124335
        Phase2 Epoch 100/250: loss=0.074086
        Phase2 Epoch 150/250: loss=0.031177
        Phase2 Epoch 200/250: loss=0.044970
        Phase2 Epoch 250/250: loss=0.027478
        E_mu=0.2772  E_Sigma=0.3653
      → K
  Precomputing encoder-pullback target...
  Stage 2 epoch 60/300: loss=0.041256
  Stage 2 epoch 120/300: loss=0.032132
  Stage 2 epoch 180/300: loss=0.019901
  Stage 2 epoch 240/300: loss=0.012449
  Stage 2 epoch 300/300: loss=0.007383
  Stage 3 epoch 60/300: loss=0.000086
  Stage 3 epoch 120/300: loss=0.000067
  Stage 3 epoch 180/300: loss=0.000045
  Stage 3 epoch 240/300: loss=0.000028
  Stage 3 epoch 300/300: loss=0.000022
  rcMTE@0.1: 0.2215 (343/500 in region)
  rcMTE@0.5: 0.4744 (164/500 in region)
  rcMTE@1.0: 0.7257 (63/500 in region)
  MTE@0.1: 1.2164
  MTE@0.5: 1.4612
  MTE@1.0: 1.7070
  W2@1.0:  1.5330
  sW2@0.1: 1.1390 (343/500 in region)
  sW2@0.2: 1.1624 (283/500 in region)
  sW2@0.5: 1.3098 (164/500 in region)
  sW2@1.0: 1.6307 (63/500 in region)
  MMD@1.0: 0.5157
  Survival@1.0: 64.2%
  Stopped@1.0:  12.6%
      → K+S
  Precomputing encoder-pullback target...
  Stage 2 epoch 60/300: loss=0.041256
  Stage 2 epoch 120/300: loss=0.032132
  Stage 2 epoch 180/300: loss=0.019901
  Stage 2 epoch 240/300: loss=0.012449
  Stage 2 epoch 300/300: loss=0.007383
  Stage 3 epoch 60/300: loss=0.000086
  Stage 3 epoch 120/300: loss=0.000067
  Stage 3 epoch 180/300: loss=0.000045
  Stage 3 epoch 240/300: loss=0.000028
  Stage 3 epoch 300/300: loss=0.000022
  rcMTE@0.1: 0.2215 (343/500 in region)
  rcMTE@0.5: 0.4744 (164/500 in region)
  rcMTE@1.0: 0.7257 (63/500 in region)
  MTE@0.1: 1.2164
  MTE@0.5: 1.4612
  MTE@1.0: 1.7070
  W2@1.0:  1.5330
  sW2@0.1: 1.1390 (343/500 in region)
  sW2@0.2: 1.1624 (283/500 in region)
  sW2@0.5: 1.3098 (164/500 in region)
  sW2@1.0: 1.6307 (63/500 in region)
  MMD@1.0: 0.5157
  Survival@1.0: 64.2%
  Stopped@1.0:  12.6%

============================================================
  N=20 | D=201 (K=99) | paraboloid | seed=4042
============================================================
    Phase1 Epoch 50/250: loss=0.887422
    Phase1 Epoch 100/250: loss=0.608173
    Phase1 Epoch 150/250: loss=0.341513
    Phase1 Epoch 200/250: loss=0.136087
    Phase1 Epoch 250/250: loss=0.121268
      Phase 2 AE: K_weight=0.0000
        Phase2 Epoch 50/250: loss=0.112567
        Phase2 Epoch 100/250: loss=0.061720
        Phase2 Epoch 150/250: loss=0.063274
        Phase2 Epoch 200/250: loss=0.080061
        Phase2 Epoch 250/250: loss=0.045710
        E_mu=0.5291  E_Sigma=0.5736
      → baseline
  Precomputing encoder-pullback target...
  Stage 2 epoch 60/300: loss=0.041323
  Stage 2 epoch 120/300: loss=0.033880
  Stage 2 epoch 180/300: loss=0.024730
  Stage 2 epoch 240/300: loss=0.017344
  Stage 2 epoch 300/300: loss=0.012797
  Stage 3 epoch 60/300: loss=0.000051
  Stage 3 epoch 120/300: loss=0.000047
  Stage 3 epoch 180/300: loss=0.000046
  Stage 3 epoch 240/300: loss=0.000045
  Stage 3 epoch 300/300: loss=0.000044
  rcMTE@0.1: 0.4627 (342/500 in region)
  rcMTE@0.5: 0.6121 (168/500 in region)
  rcMTE@1.0: 0.5968 (75/500 in region)
  MTE@0.1: 0.7847
  MTE@0.5: 1.0914
  MTE@1.0: 1.1241
  W2@1.0:  0.5341
  sW2@0.1: 0.3348 (342/500 in region)
  sW2@0.2: 0.3557 (274/500 in region)
  sW2@0.5: 0.3939 (168/500 in region)
  sW2@1.0: 0.3838 (75/500 in region)
  MMD@1.0: 0.1451
  Survival@1.0: 59.8%
  Stopped@1.0:  15.0%
      Phase 2 AE: K_weight=0.4275
        Phase2 Epoch 50/250: loss=0.138370
        Phase2 Epoch 100/250: loss=0.058850
        Phase2 Epoch 150/250: loss=0.044565
        Phase2 Epoch 200/250: loss=0.047032
        Phase2 Epoch 250/250: loss=0.037399
        E_mu=0.4930  E_Sigma=0.7603
      → K
  Precomputing encoder-pullback target...
  Stage 2 epoch 60/300: loss=0.048835
  Stage 2 epoch 120/300: loss=0.037994
  Stage 2 epoch 180/300: loss=0.026132
  Stage 2 epoch 240/300: loss=0.018446
  Stage 2 epoch 300/300: loss=0.013890
  Stage 3 epoch 60/300: loss=0.000048
  Stage 3 epoch 120/300: loss=0.000043
  Stage 3 epoch 180/300: loss=0.000042
  Stage 3 epoch 240/300: loss=0.000042
  Stage 3 epoch 300/300: loss=0.000041
  rcMTE@0.1: 0.4692 (342/500 in region)
  rcMTE@0.5: 0.6409 (168/500 in region)
  rcMTE@1.0: 0.6678 (75/500 in region)
  MTE@0.1: 0.7813
  MTE@0.5: 1.1186
  MTE@1.0: 1.1750
  W2@1.0:  0.5524
  sW2@0.1: 0.3204 (342/500 in region)
  sW2@0.2: 0.3664 (274/500 in region)
  sW2@0.5: 0.4643 (168/500 in region)
  sW2@1.0: 0.5462 (75/500 in region)
  MMD@1.0: 0.1892
  Survival@1.0: 59.8%
  Stopped@1.0:  15.0%
      → K+S
  Precomputing encoder-pullback target...
  Stage 2 epoch 60/300: loss=0.048835
  Stage 2 epoch 120/300: loss=0.037994
  Stage 2 epoch 180/300: loss=0.026132
  Stage 2 epoch 240/300: loss=0.018446
  Stage 2 epoch 300/300: loss=0.013890
  Stage 3 epoch 60/300: loss=0.000048
  Stage 3 epoch 120/300: loss=0.000043
  Stage 3 epoch 180/300: loss=0.000042
  Stage 3 epoch 240/300: loss=0.000042
  Stage 3 epoch 300/300: loss=0.000041
  rcMTE@0.1: 0.4692 (342/500 in region)
  rcMTE@0.5: 0.6409 (168/500 in region)
  rcMTE@1.0: 0.6678 (75/500 in region)
  MTE@0.1: 0.7813
  MTE@0.5: 1.1186
  MTE@1.0: 1.1750
  W2@1.0:  0.5524
  sW2@0.1: 0.3204 (342/500 in region)
  sW2@0.2: 0.3664 (274/500 in region)
  sW2@0.5: 0.4643 (168/500 in region)
  sW2@1.0: 0.5462 (75/500 in region)
  MMD@1.0: 0.1892
  Survival@1.0: 59.8%
  Stopped@1.0:  15.0%

============================================================
  N=20 | D=201 (K=99) | paraboloid | seed=5042
============================================================
    Phase1 Epoch 50/250: loss=0.689622
    Phase1 Epoch 100/250: loss=0.536460
    Phase1 Epoch 150/250: loss=0.212341
    Phase1 Epoch 200/250: loss=0.163353
    Phase1 Epoch 250/250: loss=0.080189
      Phase 2 AE: K_weight=0.0000
        Phase2 Epoch 50/250: loss=0.083829
        Phase2 Epoch 100/250: loss=0.081931
        Phase2 Epoch 150/250: loss=0.071881
        Phase2 Epoch 200/250: loss=0.068866
        Phase2 Epoch 250/250: loss=0.030916
        E_mu=0.4462  E_Sigma=0.5984
      → baseline
  Precomputing encoder-pullback target...
  Stage 2 epoch 60/300: loss=0.035488
  Stage 2 epoch 120/300: loss=0.028011
  Stage 2 epoch 180/300: loss=0.021637
  Stage 2 epoch 240/300: loss=0.018375
  Stage 2 epoch 300/300: loss=0.015023
  Stage 3 epoch 60/300: loss=0.000030
  Stage 3 epoch 120/300: loss=0.000027
  Stage 3 epoch 180/300: loss=0.000026
  Stage 3 epoch 240/300: loss=0.000025
  Stage 3 epoch 300/300: loss=0.000025
  rcMTE@0.1: 0.5182 (331/500 in region)
  rcMTE@0.5: 0.6991 (161/500 in region)
  rcMTE@1.0: 0.7255 (71/500 in region)
  MTE@0.1: 0.8992
  MTE@0.5: 1.1574
  MTE@1.0: 1.1952
  W2@1.0:  0.5867
  sW2@0.1: 0.3811 (331/500 in region)
  sW2@0.2: 0.3929 (275/500 in region)
  sW2@0.5: 0.5196 (161/500 in region)
  sW2@1.0: 0.4752 (71/500 in region)
  MMD@1.0: 0.1787
  Survival@1.0: 65.6%
  Stopped@1.0:  14.2%
      Phase 2 AE: K_weight=0.4275
        Phase2 Epoch 50/250: loss=0.093422
        Phase2 Epoch 100/250: loss=0.064311
        Phase2 Epoch 150/250: loss=0.036606
        Phase2 Epoch 200/250: loss=0.041575
        Phase2 Epoch 250/250: loss=0.046927
        E_mu=0.3126  E_Sigma=0.3181
      → K
  Precomputing encoder-pullback target...
  Stage 2 epoch 60/300: loss=0.037348
  Stage 2 epoch 120/300: loss=0.028879
  Stage 2 epoch 180/300: loss=0.021469
  Stage 2 epoch 240/300: loss=0.018214
  Stage 2 epoch 300/300: loss=0.014472
  Stage 3 epoch 60/300: loss=0.000020
  Stage 3 epoch 120/300: loss=0.000017
  Stage 3 epoch 180/300: loss=0.000016
  Stage 3 epoch 240/300: loss=0.000016
  Stage 3 epoch 300/300: loss=0.000015
  rcMTE@0.1: 0.5113 (331/500 in region)
  rcMTE@0.5: 0.6929 (161/500 in region)
  rcMTE@1.0: 0.7267 (71/500 in region)
  MTE@0.1: 0.9033
  MTE@0.5: 1.1626
  MTE@1.0: 1.1980
  W2@1.0:  0.5327
  sW2@0.1: 0.3274 (331/500 in region)
  sW2@0.2: 0.3419 (275/500 in region)
  sW2@0.5: 0.4658 (161/500 in region)
  sW2@1.0: 0.4391 (71/500 in region)
  MMD@1.0: 0.1624
  Survival@1.0: 65.6%
  Stopped@1.0:  14.2%
      → K+S
  Precomputing encoder-pullback target...
  Stage 2 epoch 60/300: loss=0.037348
  Stage 2 epoch 120/300: loss=0.028879
  Stage 2 epoch 180/300: loss=0.021469
  Stage 2 epoch 240/300: loss=0.018214
  Stage 2 epoch 300/300: loss=0.014472
  Stage 3 epoch 60/300: loss=0.000020
  Stage 3 epoch 120/300: loss=0.000017
  Stage 3 epoch 180/300: loss=0.000016
  Stage 3 epoch 240/300: loss=0.000016
  Stage 3 epoch 300/300: loss=0.000015
  rcMTE@0.1: 0.5113 (331/500 in region)
  rcMTE@0.5: 0.6929 (161/500 in region)
  rcMTE@1.0: 0.7267 (71/500 in region)
  MTE@0.1: 0.9033
  MTE@0.5: 1.1626
  MTE@1.0: 1.1980
  W2@1.0:  0.5327
  sW2@0.1: 0.3274 (331/500 in region)
  sW2@0.2: 0.3419 (275/500 in region)
  sW2@0.5: 0.4658 (161/500 in region)
  sW2@1.0: 0.4391 (71/500 in region)
  MMD@1.0: 0.1624
  Survival@1.0: 65.6%
  Stopped@1.0:  14.2%

============================================================
  N=20 | D=201 (K=99) | paraboloid | seed=6042
============================================================
    Phase1 Epoch 50/250: loss=0.865482
    Phase1 Epoch 100/250: loss=0.579910
    Phase1 Epoch 150/250: loss=0.178064
    Phase1 Epoch 200/250: loss=0.111278
    Phase1 Epoch 250/250: loss=0.051264
      Phase 2 AE: K_weight=0.0000
        Phase2 Epoch 50/250: loss=0.067421
        Phase2 Epoch 100/250: loss=0.026378
        Phase2 Epoch 150/250: loss=0.035820
        Phase2 Epoch 200/250: loss=0.025516
        Phase2 Epoch 250/250: loss=0.020310
        E_mu=0.3981  E_Sigma=0.3618
      → baseline
  Precomputing encoder-pullback target...
  Stage 2 epoch 60/300: loss=0.032959
  Stage 2 epoch 120/300: loss=0.021966
  Stage 2 epoch 180/300: loss=0.018415
  Stage 2 epoch 240/300: loss=0.016570
  Stage 2 epoch 300/300: loss=0.013933
  Stage 3 epoch 60/300: loss=0.000029
  Stage 3 epoch 120/300: loss=0.000022
  Stage 3 epoch 180/300: loss=0.000017
  Stage 3 epoch 240/300: loss=0.000013
  Stage 3 epoch 300/300: loss=0.000011
  rcMTE@0.1: 0.1965 (329/500 in region)
  rcMTE@0.5: 0.3659 (153/500 in region)
  rcMTE@1.0: 0.4194 (78/500 in region)
  MTE@0.1: 0.4701
  MTE@0.5: 0.7804
  MTE@1.0: 0.8569
  W2@1.0:  0.7175
  sW2@0.1: 0.2913 (329/500 in region)
  sW2@0.2: 0.3553 (272/500 in region)
  sW2@0.5: 0.6093 (153/500 in region)
  sW2@1.0: 0.6544 (78/500 in region)
  MMD@1.0: 0.1592
  Survival@1.0: 62.8%
  Stopped@1.0:  15.6%
      Phase 2 AE: K_weight=0.4275
        Phase2 Epoch 50/250: loss=0.050201
        Phase2 Epoch 100/250: loss=0.046563
        Phase2 Epoch 150/250: loss=0.031322
        Phase2 Epoch 200/250: loss=0.077082
        Phase2 Epoch 250/250: loss=0.052976
        E_mu=0.4600  E_Sigma=0.4123
      → K
  Precomputing encoder-pullback target...
  Stage 2 epoch 60/300: loss=0.027223
  Stage 2 epoch 120/300: loss=0.020193
  Stage 2 epoch 180/300: loss=0.015373
  Stage 2 epoch 240/300: loss=0.013354
  Stage 2 epoch 300/300: loss=0.011154
  Stage 3 epoch 60/300: loss=0.000030
  Stage 3 epoch 120/300: loss=0.000024
  Stage 3 epoch 180/300: loss=0.000019
  Stage 3 epoch 240/300: loss=0.000014
  Stage 3 epoch 300/300: loss=0.000012
  rcMTE@0.1: 0.2021 (329/500 in region)
  rcMTE@0.5: 0.3562 (153/500 in region)
  rcMTE@1.0: 0.4069 (78/500 in region)
  MTE@0.1: 0.4284
  MTE@0.5: 0.7404
  MTE@1.0: 0.8590
  W2@1.0:  0.8380
  sW2@0.1: 0.2865 (329/500 in region)
  sW2@0.2: 0.3376 (272/500 in region)
  sW2@0.5: 0.5842 (153/500 in region)
  sW2@1.0: 0.7759 (78/500 in region)
  MMD@1.0: 0.1405
  Survival@1.0: 62.8%
  Stopped@1.0:  15.6%
      → K+S
  Precomputing encoder-pullback target...
  Stage 2 epoch 60/300: loss=0.027223
  Stage 2 epoch 120/300: loss=0.020193
  Stage 2 epoch 180/300: loss=0.015373
  Stage 2 epoch 240/300: loss=0.013354
  Stage 2 epoch 300/300: loss=0.011154
  Stage 3 epoch 60/300: loss=0.000030
  Stage 3 epoch 120/300: loss=0.000024
  Stage 3 epoch 180/300: loss=0.000019
  Stage 3 epoch 240/300: loss=0.000014
  Stage 3 epoch 300/300: loss=0.000012
  rcMTE@0.1: 0.2021 (329/500 in region)
  rcMTE@0.5: 0.3562 (153/500 in region)
  rcMTE@1.0: 0.4069 (78/500 in region)
  MTE@0.1: 0.4284
  MTE@0.5: 0.7404
  MTE@1.0: 0.8590
  W2@1.0:  0.8380
  sW2@0.1: 0.2865 (329/500 in region)
  sW2@0.2: 0.3376 (272/500 in region)
  sW2@0.5: 0.5842 (153/500 in region)
  sW2@1.0: 0.7759 (78/500 in region)
  MMD@1.0: 0.1405
  Survival@1.0: 62.8%
  Stopped@1.0:  15.6%

============================================================
  N=20 | D=201 (K=99) | paraboloid | seed=7042
============================================================
    Phase1 Epoch 50/250: loss=0.849038
    Phase1 Epoch 100/250: loss=0.669399
    Phase1 Epoch 150/250: loss=0.331737
    Phase1 Epoch 200/250: loss=0.202093
    Phase1 Epoch 250/250: loss=0.159924
      Phase 2 AE: K_weight=0.0000
        Phase2 Epoch 50/250: loss=0.130600
        Phase2 Epoch 100/250: loss=0.057172
        Phase2 Epoch 150/250: loss=0.053468
        Phase2 Epoch 200/250: loss=0.058179
        Phase2 Epoch 250/250: loss=0.032045
        E_mu=0.2247  E_Sigma=0.3020
      → baseline
  Precomputing encoder-pullback target...
  Stage 2 epoch 60/300: loss=0.270677
  Stage 2 epoch 120/300: loss=0.227409
  Stage 2 epoch 180/300: loss=0.171245
  Stage 2 epoch 240/300: loss=0.119667
  Stage 2 epoch 300/300: loss=0.082865
  Stage 3 epoch 60/300: loss=0.000151
  Stage 3 epoch 120/300: loss=0.000099
  Stage 3 epoch 180/300: loss=0.000088
  Stage 3 epoch 240/300: loss=0.000079
  Stage 3 epoch 300/300: loss=0.000072
  rcMTE@0.1: 0.5929 (371/500 in region)
  rcMTE@0.5: 0.8468 (178/500 in region)
  rcMTE@1.0: 0.8517 (82/500 in region)
  MTE@0.1: 1.0166
  MTE@0.5: 1.4583
  MTE@1.0: 1.5518
  W2@1.0:  0.7333
  sW2@0.1: 0.4838 (371/500 in region)
  sW2@0.2: 0.5627 (296/500 in region)
  sW2@0.5: 0.6099 (178/500 in region)
  sW2@1.0: 0.6196 (82/500 in region)
  MMD@1.0: 0.2889
  Survival@1.0: 63.4%
  Stopped@1.0:  16.4%
      Phase 2 AE: K_weight=0.4275
        Phase2 Epoch 50/250: loss=0.079363
        Phase2 Epoch 100/250: loss=0.112813
        Phase2 Epoch 150/250: loss=0.069974
        Phase2 Epoch 200/250: loss=0.058675
        Phase2 Epoch 250/250: loss=0.042020
        E_mu=0.2283  E_Sigma=0.2416
      → K
  Precomputing encoder-pullback target...
  Stage 2 epoch 60/300: loss=0.230766
  Stage 2 epoch 120/300: loss=0.190865
  Stage 2 epoch 180/300: loss=0.140455
  Stage 2 epoch 240/300: loss=0.097132
  Stage 2 epoch 300/300: loss=0.067696
  Stage 3 epoch 60/300: loss=0.000142
  Stage 3 epoch 120/300: loss=0.000094
  Stage 3 epoch 180/300: loss=0.000083
  Stage 3 epoch 240/300: loss=0.000074
  Stage 3 epoch 300/300: loss=0.000067
  rcMTE@0.1: 0.5861 (371/500 in region)
  rcMTE@0.5: 0.8311 (178/500 in region)
  rcMTE@1.0: 0.8255 (82/500 in region)
  MTE@0.1: 1.1629
  MTE@0.5: 1.5491
  MTE@1.0: 1.6280
  W2@1.0:  0.8635
  sW2@0.1: 0.7218 (371/500 in region)
  sW2@0.2: 0.7689 (296/500 in region)
  sW2@0.5: 0.7872 (178/500 in region)
  sW2@1.0: 0.7901 (82/500 in region)
  MMD@1.0: 0.4044
  Survival@1.0: 63.4%
  Stopped@1.0:  16.4%
      → K+S
  Precomputing encoder-pullback target...
  Stage 2 epoch 60/300: loss=0.230766
  Stage 2 epoch 120/300: loss=0.190865
  Stage 2 epoch 180/300: loss=0.140455
  Stage 2 epoch 240/300: loss=0.097132
  Stage 2 epoch 300/300: loss=0.067696
  Stage 3 epoch 60/300: loss=0.000142
  Stage 3 epoch 120/300: loss=0.000094
  Stage 3 epoch 180/300: loss=0.000083
  Stage 3 epoch 240/300: loss=0.000074
  Stage 3 epoch 300/300: loss=0.000067
  rcMTE@0.1: 0.5861 (371/500 in region)
  rcMTE@0.5: 0.8311 (178/500 in region)
  rcMTE@1.0: 0.8255 (82/500 in region)
  MTE@0.1: 1.1629
  MTE@0.5: 1.5491
  MTE@1.0: 1.6280
  W2@1.0:  0.8635
  sW2@0.1: 0.7218 (371/500 in region)
  sW2@0.2: 0.7689 (296/500 in region)
  sW2@0.5: 0.7872 (178/500 in region)
  sW2@1.0: 0.7901 (82/500 in region)
  MMD@1.0: 0.4044
  Survival@1.0: 63.4%
  Stopped@1.0:  16.4%

============================================================
  N=20 | D=201 (K=99) | paraboloid | seed=8042
============================================================
    Phase1 Epoch 50/250: loss=0.704104
    Phase1 Epoch 100/250: loss=0.553848
    Phase1 Epoch 150/250: loss=0.274462
    Phase1 Epoch 200/250: loss=0.136314
    Phase1 Epoch 250/250: loss=0.116979
      Phase 2 AE: K_weight=0.0000
        Phase2 Epoch 50/250: loss=0.080318
        Phase2 Epoch 100/250: loss=0.060585
        Phase2 Epoch 150/250: loss=0.044121
        Phase2 Epoch 200/250: loss=0.036790
        Phase2 Epoch 250/250: loss=0.063895
        E_mu=0.4692  E_Sigma=0.8068
      → baseline
  Precomputing encoder-pullback target...
  Stage 2 epoch 60/300: loss=0.194143
  Stage 2 epoch 120/300: loss=0.131136
  Stage 2 epoch 180/300: loss=0.080124
  Stage 2 epoch 240/300: loss=0.059640
  Stage 2 epoch 300/300: loss=0.045805
  Stage 3 epoch 60/300: loss=0.000184
  Stage 3 epoch 120/300: loss=0.000142
  Stage 3 epoch 180/300: loss=0.000135
  Stage 3 epoch 240/300: loss=0.000129
  Stage 3 epoch 300/300: loss=0.000120
  rcMTE@0.1: 0.4385 (346/500 in region)
  rcMTE@0.5: 0.7019 (171/500 in region)
  rcMTE@1.0: 0.7887 (75/500 in region)
  MTE@0.1: 0.9608
  MTE@0.5: 1.2725
  MTE@1.0: 1.3456
  W2@1.0:  0.7669
  sW2@0.1: 0.5599 (346/500 in region)
  sW2@0.2: 0.5950 (275/500 in region)
  sW2@0.5: 0.6913 (171/500 in region)
  sW2@1.0: 0.7599 (75/500 in region)
  MMD@1.0: 0.3393
  Survival@1.0: 62.6%
  Stopped@1.0:  15.0%
      Phase 2 AE: K_weight=0.4275
        Phase2 Epoch 50/250: loss=0.058745
        Phase2 Epoch 100/250: loss=0.037406
        Phase2 Epoch 150/250: loss=0.065973
        Phase2 Epoch 200/250: loss=0.043083
        Phase2 Epoch 250/250: loss=0.033907
        E_mu=0.4408  E_Sigma=0.7381
      → K
  Precomputing encoder-pullback target...
  Stage 2 epoch 60/300: loss=0.189589
  Stage 2 epoch 120/300: loss=0.128022
  Stage 2 epoch 180/300: loss=0.079197
  Stage 2 epoch 240/300: loss=0.059664
  Stage 2 epoch 300/300: loss=0.045752
  Stage 3 epoch 60/300: loss=0.000188
  Stage 3 epoch 120/300: loss=0.000155
  Stage 3 epoch 180/300: loss=0.000143
  Stage 3 epoch 240/300: loss=0.000136
  Stage 3 epoch 300/300: loss=0.000128
  rcMTE@0.1: 0.4120 (346/500 in region)
  rcMTE@0.5: 0.6822 (171/500 in region)
  rcMTE@1.0: 0.7615 (75/500 in region)
  MTE@0.1: 0.8402
  MTE@0.5: 1.2206
  MTE@1.0: 1.3280
  W2@1.0:  0.6739
  sW2@0.1: 0.4387 (346/500 in region)
  sW2@0.2: 0.5103 (275/500 in region)
  sW2@0.5: 0.6525 (171/500 in region)
  sW2@1.0: 0.7022 (75/500 in region)
  MMD@1.0: 0.2129
  Survival@1.0: 62.6%
  Stopped@1.0:  15.0%
      → K+S
  Precomputing encoder-pullback target...
  Stage 2 epoch 60/300: loss=0.189589
  Stage 2 epoch 120/300: loss=0.128022
  Stage 2 epoch 180/300: loss=0.079197
  Stage 2 epoch 240/300: loss=0.059664
  Stage 2 epoch 300/300: loss=0.045752
  Stage 3 epoch 60/300: loss=0.000188
  Stage 3 epoch 120/300: loss=0.000155
  Stage 3 epoch 180/300: loss=0.000143
  Stage 3 epoch 240/300: loss=0.000136
  Stage 3 epoch 300/300: loss=0.000128
  rcMTE@0.1: 0.4120 (346/500 in region)
  rcMTE@0.5: 0.6822 (171/500 in region)
  rcMTE@1.0: 0.7615 (75/500 in region)
  MTE@0.1: 0.8402
  MTE@0.5: 1.2206
  MTE@1.0: 1.3280
  W2@1.0:  0.6739
  sW2@0.1: 0.4387 (346/500 in region)
  sW2@0.2: 0.5103 (275/500 in region)
  sW2@0.5: 0.6525 (171/500 in region)
  sW2@1.0: 0.7022 (75/500 in region)
  MMD@1.0: 0.2129
  Survival@1.0: 62.6%
  Stopped@1.0:  15.0%

============================================================
  N=20 | D=201 (K=99) | paraboloid | seed=9042
============================================================
    Phase1 Epoch 50/250: loss=0.531400
    Phase1 Epoch 100/250: loss=0.373628
    Phase1 Epoch 150/250: loss=0.145472
    Phase1 Epoch 200/250: loss=0.116789
    Phase1 Epoch 250/250: loss=0.100172
      Phase 2 AE: K_weight=0.0000
        Phase2 Epoch 50/250: loss=0.056207
        Phase2 Epoch 100/250: loss=0.038701
        Phase2 Epoch 150/250: loss=0.038768
        Phase2 Epoch 200/250: loss=0.029643
        Phase2 Epoch 250/250: loss=0.028576
        E_mu=0.4522  E_Sigma=0.4628
      → baseline
  Precomputing encoder-pullback target...
  Stage 2 epoch 60/300: loss=0.098180
  Stage 2 epoch 120/300: loss=0.059963
  Stage 2 epoch 180/300: loss=0.024095
  Stage 2 epoch 240/300: loss=0.011821
  Stage 2 epoch 300/300: loss=0.008385
  Stage 3 epoch 60/300: loss=0.000090
  Stage 3 epoch 120/300: loss=0.000071
  Stage 3 epoch 180/300: loss=0.000045
  Stage 3 epoch 240/300: loss=0.000024
  Stage 3 epoch 300/300: loss=0.000018
  rcMTE@0.1: 0.7019 (321/500 in region)
  rcMTE@0.5: 0.9626 (155/500 in region)
  rcMTE@1.0: 1.0860 (66/500 in region)
  MTE@0.1: 1.2163
  MTE@0.5: 1.5283
  MTE@1.0: 1.5633
  W2@1.0:  0.4912
  sW2@0.1: 0.4544 (321/500 in region)
  sW2@0.2: 0.5155 (266/500 in region)
  sW2@0.5: 0.5861 (155/500 in region)
  sW2@1.0: 0.5271 (66/500 in region)
  MMD@1.0: 0.2137
  Survival@1.0: 61.0%
  Stopped@1.0:  13.2%
      Phase 2 AE: K_weight=0.4275
        Phase2 Epoch 50/250: loss=0.044149
        Phase2 Epoch 100/250: loss=0.065193
        Phase2 Epoch 150/250: loss=0.040173
        Phase2 Epoch 200/250: loss=0.027671
        Phase2 Epoch 250/250: loss=0.039984
        E_mu=0.4604  E_Sigma=0.3593
      → K
  Precomputing encoder-pullback target...
  Stage 2 epoch 60/300: loss=0.113909
  Stage 2 epoch 120/300: loss=0.067327
  Stage 2 epoch 180/300: loss=0.028120
  Stage 2 epoch 240/300: loss=0.014861
  Stage 2 epoch 300/300: loss=0.010626
  Stage 3 epoch 60/300: loss=0.000089
  Stage 3 epoch 120/300: loss=0.000069
  Stage 3 epoch 180/300: loss=0.000043
  Stage 3 epoch 240/300: loss=0.000023
  Stage 3 epoch 300/300: loss=0.000018
  rcMTE@0.1: 0.6894 (321/500 in region)
  rcMTE@0.5: 0.9352 (155/500 in region)
  rcMTE@1.0: 1.0464 (66/500 in region)
  MTE@0.1: 1.2824
  MTE@0.5: 1.5646
  MTE@1.0: 1.5915
  W2@1.0:  0.6119
  sW2@0.1: 0.6223 (321/500 in region)
  sW2@0.2: 0.6485 (266/500 in region)
  sW2@0.5: 0.6760 (155/500 in region)
  sW2@1.0: 0.6341 (66/500 in region)
  MMD@1.0: 0.3139
  Survival@1.0: 61.0%
  Stopped@1.0:  13.2%
      → K+S
  Precomputing encoder-pullback target...
  Stage 2 epoch 60/300: loss=0.113909
  Stage 2 epoch 120/300: loss=0.067327
  Stage 2 epoch 180/300: loss=0.028120
  Stage 2 epoch 240/300: loss=0.014861
  Stage 2 epoch 300/300: loss=0.010626
  Stage 3 epoch 60/300: loss=0.000089
  Stage 3 epoch 120/300: loss=0.000069
  Stage 3 epoch 180/300: loss=0.000043
  Stage 3 epoch 240/300: loss=0.000023
  Stage 3 epoch 300/300: loss=0.000018
  rcMTE@0.1: 0.6894 (321/500 in region)
  rcMTE@0.5: 0.9352 (155/500 in region)
  rcMTE@1.0: 1.0464 (66/500 in region)
  MTE@0.1: 1.2824
  MTE@0.5: 1.5646
  MTE@1.0: 1.5915
  W2@1.0:  0.6119
  sW2@0.1: 0.6223 (321/500 in region)
  sW2@0.2: 0.6485 (266/500 in region)
  sW2@0.5: 0.6760 (155/500 in region)
  sW2@1.0: 0.6341 (66/500 in region)
  MMD@1.0: 0.3139
  Survival@1.0: 61.0%
  Stopped@1.0:  13.2%

============================================================
  N=20 | D=201 (K=99) | hyperbolic_paraboloid | seed=42
============================================================
    Phase1 Epoch 50/250: loss=0.722597
    Phase1 Epoch 100/250: loss=0.674224
    Phase1 Epoch 150/250: loss=0.392154
    Phase1 Epoch 200/250: loss=0.250145
    Phase1 Epoch 250/250: loss=0.122601
      Phase 2 AE: K_weight=0.0000
        Phase2 Epoch 50/250: loss=0.111390
        Phase2 Epoch 100/250: loss=0.262295
        Phase2 Epoch 150/250: loss=0.077701
        Phase2 Epoch 200/250: loss=0.072040
        Phase2 Epoch 250/250: loss=0.044223
        E_mu=0.8798  E_Sigma=1.2496
      → baseline
  Precomputing encoder-pullback target...
  Stage 2 epoch 60/300: loss=0.019025
  Stage 2 epoch 120/300: loss=0.015609
  Stage 2 epoch 180/300: loss=0.010620
  Stage 2 epoch 240/300: loss=0.007619
  Stage 2 epoch 300/300: loss=0.005993
  Stage 3 epoch 60/300: loss=0.000045
  Stage 3 epoch 120/300: loss=0.000041
  Stage 3 epoch 180/300: loss=0.000040
  Stage 3 epoch 240/300: loss=0.000039
  Stage 3 epoch 300/300: loss=0.000038
  rcMTE@0.1: 0.5556 (333/500 in region)
  rcMTE@0.5: 0.7437 (177/500 in region)
  rcMTE@1.0: 0.6638 (74/500 in region)
  MTE@0.1: 0.9011
  MTE@0.5: 1.2296
  MTE@1.0: 1.2839
  W2@1.0:  0.6675
  sW2@0.1: 0.5645 (333/500 in region)
  sW2@0.2: 0.6535 (279/500 in region)
  sW2@0.5: 0.6802 (177/500 in region)
  sW2@1.0: 0.5739 (74/500 in region)
  MMD@1.0: 0.2032
  Survival@1.0: 62.6%
  Stopped@1.0:  14.8%
      Phase 2 AE: K_weight=0.4275
        Phase2 Epoch 50/250: loss=0.099266
        Phase2 Epoch 100/250: loss=0.128966
        Phase2 Epoch 150/250: loss=0.060864
        Phase2 Epoch 200/250: loss=0.051579
        Phase2 Epoch 250/250: loss=0.046846
        E_mu=0.7642  E_Sigma=1.0970
      → K
  Precomputing encoder-pullback target...
  Stage 2 epoch 60/300: loss=0.018637
  Stage 2 epoch 120/300: loss=0.014353
  Stage 2 epoch 180/300: loss=0.008757
  Stage 2 epoch 240/300: loss=0.006029
  Stage 2 epoch 300/300: loss=0.004652
  Stage 3 epoch 60/300: loss=0.000036
  Stage 3 epoch 120/300: loss=0.000032
  Stage 3 epoch 180/300: loss=0.000031
  Stage 3 epoch 240/300: loss=0.000031
  Stage 3 epoch 300/300: loss=0.000030
  rcMTE@0.1: 0.5714 (333/500 in region)
  rcMTE@0.5: 0.7471 (177/500 in region)
  rcMTE@1.0: 0.6750 (74/500 in region)
  MTE@0.1: 0.9326
  MTE@0.5: 1.2613
  MTE@1.0: 1.3159
  W2@1.0:  0.6682
  sW2@0.1: 0.5990 (333/500 in region)
  sW2@0.2: 0.6770 (279/500 in region)
  sW2@0.5: 0.6741 (177/500 in region)
  sW2@1.0: 0.5804 (74/500 in region)
  MMD@1.0: 0.2125
  Survival@1.0: 62.6%
  Stopped@1.0:  14.8%
      → K+S
  Precomputing encoder-pullback target...
  Stage 2 epoch 60/300: loss=0.018637
  Stage 2 epoch 120/300: loss=0.014353
  Stage 2 epoch 180/300: loss=0.008757
  Stage 2 epoch 240/300: loss=0.006029
  Stage 2 epoch 300/300: loss=0.004652
  Stage 3 epoch 60/300: loss=0.000036
  Stage 3 epoch 120/300: loss=0.000032
  Stage 3 epoch 180/300: loss=0.000031
  Stage 3 epoch 240/300: loss=0.000031
  Stage 3 epoch 300/300: loss=0.000030
  rcMTE@0.1: 0.5714 (333/500 in region)
  rcMTE@0.5: 0.7471 (177/500 in region)
  rcMTE@1.0: 0.6750 (74/500 in region)
  MTE@0.1: 0.9326
  MTE@0.5: 1.2613
  MTE@1.0: 1.3159
  W2@1.0:  0.6682
  sW2@0.1: 0.5990 (333/500 in region)
  sW2@0.2: 0.6770 (279/500 in region)
  sW2@0.5: 0.6741 (177/500 in region)
  sW2@1.0: 0.5804 (74/500 in region)
  MMD@1.0: 0.2125
  Survival@1.0: 62.6%
  Stopped@1.0:  14.8%

============================================================
  N=20 | D=201 (K=99) | hyperbolic_paraboloid | seed=1042
============================================================
    Phase1 Epoch 50/250: loss=0.667406
    Phase1 Epoch 100/250: loss=0.518075
    Phase1 Epoch 150/250: loss=0.255819
    Phase1 Epoch 200/250: loss=0.130758
    Phase1 Epoch 250/250: loss=0.101995
      Phase 2 AE: K_weight=0.0000
        Phase2 Epoch 50/250: loss=0.072308
        Phase2 Epoch 100/250: loss=0.074622
        Phase2 Epoch 150/250: loss=0.055553
        Phase2 Epoch 200/250: loss=0.051295
        Phase2 Epoch 250/250: loss=0.026955
        E_mu=0.4621  E_Sigma=0.7821
      → baseline
  Precomputing encoder-pullback target...
  Stage 2 epoch 60/300: loss=0.033233
  Stage 2 epoch 120/300: loss=0.030986
  Stage 2 epoch 180/300: loss=0.029107
  Stage 2 epoch 240/300: loss=0.026638
  Stage 2 epoch 300/300: loss=0.024393
  Stage 3 epoch 60/300: loss=0.000088
  Stage 3 epoch 120/300: loss=0.000067
  Stage 3 epoch 180/300: loss=0.000062
  Stage 3 epoch 240/300: loss=0.000056
  Stage 3 epoch 300/300: loss=0.000045
  rcMTE@0.1: 0.5501 (343/500 in region)
  rcMTE@0.5: 0.7358 (167/500 in region)
  rcMTE@1.0: 0.7187 (86/500 in region)
  MTE@0.1: 0.9183
  MTE@0.5: 1.2329
  MTE@1.0: 1.2530
  W2@1.0:  0.5735
  sW2@0.1: 0.4295 (343/500 in region)
  sW2@0.2: 0.5470 (281/500 in region)
  sW2@0.5: 0.4754 (167/500 in region)
  sW2@1.0: 0.4932 (86/500 in region)
  MMD@1.0: 0.1839
  Survival@1.0: 64.4%
  Stopped@1.0:  17.2%
      Phase 2 AE: K_weight=0.4275
        Phase2 Epoch 50/250: loss=0.080775
        Phase2 Epoch 100/250: loss=0.065253
        Phase2 Epoch 150/250: loss=0.057589
        Phase2 Epoch 200/250: loss=0.039308
        Phase2 Epoch 250/250: loss=0.089682
        E_mu=0.4560  E_Sigma=1.0914
      → K
  Precomputing encoder-pullback target...
  Stage 2 epoch 60/300: loss=0.025750
  Stage 2 epoch 120/300: loss=0.023877
  Stage 2 epoch 180/300: loss=0.022476
  Stage 2 epoch 240/300: loss=0.020318
  Stage 2 epoch 300/300: loss=0.018254
  Stage 3 epoch 60/300: loss=0.000039
  Stage 3 epoch 120/300: loss=0.000033
  Stage 3 epoch 180/300: loss=0.000032
  Stage 3 epoch 240/300: loss=0.000030
  Stage 3 epoch 300/300: loss=0.000028
  rcMTE@0.1: 0.4791 (343/500 in region)
  rcMTE@0.5: 0.6904 (167/500 in region)
  rcMTE@1.0: 0.7161 (86/500 in region)
  MTE@0.1: 1.1542
  MTE@0.5: 1.4004
  MTE@1.0: 1.4868
  W2@1.0:  0.8262
  sW2@0.1: 0.8222 (343/500 in region)
  sW2@0.2: 0.8220 (281/500 in region)
  sW2@0.5: 0.8437 (167/500 in region)
  sW2@1.0: 0.8773 (86/500 in region)
  MMD@1.0: 0.3530
  Survival@1.0: 64.4%
  Stopped@1.0:  17.2%
      → K+S
  Precomputing encoder-pullback target...
  Stage 2 epoch 60/300: loss=0.025750
  Stage 2 epoch 120/300: loss=0.023877
  Stage 2 epoch 180/300: loss=0.022476
  Stage 2 epoch 240/300: loss=0.020318
  Stage 2 epoch 300/300: loss=0.018254
  Stage 3 epoch 60/300: loss=0.000039
  Stage 3 epoch 120/300: loss=0.000033
  Stage 3 epoch 180/300: loss=0.000032
  Stage 3 epoch 240/300: loss=0.000030
  Stage 3 epoch 300/300: loss=0.000028
  rcMTE@0.1: 0.4791 (343/500 in region)
  rcMTE@0.5: 0.6904 (167/500 in region)
  rcMTE@1.0: 0.7161 (86/500 in region)
  MTE@0.1: 1.1542
  MTE@0.5: 1.4004
  MTE@1.0: 1.4868
  W2@1.0:  0.8262
  sW2@0.1: 0.8222 (343/500 in region)
  sW2@0.2: 0.8220 (281/500 in region)
  sW2@0.5: 0.8437 (167/500 in region)
  sW2@1.0: 0.8773 (86/500 in region)
  MMD@1.0: 0.3530
  Survival@1.0: 64.4%
  Stopped@1.0:  17.2%

============================================================
  N=20 | D=201 (K=99) | hyperbolic_paraboloid | seed=2042
============================================================
    Phase1 Epoch 50/250: loss=0.740413
    Phase1 Epoch 100/250: loss=0.873166
    Phase1 Epoch 150/250: loss=0.249541
    Phase1 Epoch 200/250: loss=0.202484
    Phase1 Epoch 250/250: loss=0.068520
      Phase 2 AE: K_weight=0.0000
        Phase2 Epoch 50/250: loss=0.066872
        Phase2 Epoch 100/250: loss=0.048025
        Phase2 Epoch 150/250: loss=0.036012
        Phase2 Epoch 200/250: loss=0.039288
        Phase2 Epoch 250/250: loss=0.031018
        E_mu=0.3472  E_Sigma=0.2930
      → baseline
  Precomputing encoder-pullback target...
  Stage 2 epoch 60/300: loss=0.015288
  Stage 2 epoch 120/300: loss=0.014481
  Stage 2 epoch 180/300: loss=0.013048
  Stage 2 epoch 240/300: loss=0.010376
  Stage 2 epoch 300/300: loss=0.007810
  Stage 3 epoch 60/300: loss=0.000026
  Stage 3 epoch 120/300: loss=0.000022
  Stage 3 epoch 180/300: loss=0.000019
  Stage 3 epoch 240/300: loss=0.000017
  Stage 3 epoch 300/300: loss=0.000015
  rcMTE@0.1: 0.1938 (348/500 in region)
  rcMTE@0.5: 0.3011 (161/500 in region)
  rcMTE@1.0: 0.3166 (63/500 in region)
  MTE@0.1: 0.3808
  MTE@0.5: 0.6412
  MTE@1.0: 0.6768
  W2@1.0:  0.5412
  sW2@0.1: 0.2099 (348/500 in region)
  sW2@0.2: 0.2874 (288/500 in region)
  sW2@0.5: 0.3131 (161/500 in region)
  sW2@1.0: 0.2728 (63/500 in region)
  MMD@1.0: 0.1389
  Survival@1.0: 62.0%
  Stopped@1.0:  12.6%
      Phase 2 AE: K_weight=0.4275
        Phase2 Epoch 50/250: loss=0.061596
        Phase2 Epoch 100/250: loss=0.055939
        Phase2 Epoch 150/250: loss=0.052596
        Phase2 Epoch 200/250: loss=0.036593
        Phase2 Epoch 250/250: loss=0.028069
        E_mu=0.3295  E_Sigma=0.4059
      → K
  Precomputing encoder-pullback target...
  Stage 2 epoch 60/300: loss=0.015723
  Stage 2 epoch 120/300: loss=0.014803
  Stage 2 epoch 180/300: loss=0.013385
  Stage 2 epoch 240/300: loss=0.010726
  Stage 2 epoch 300/300: loss=0.007920
  Stage 3 epoch 60/300: loss=0.000028
  Stage 3 epoch 120/300: loss=0.000024
  Stage 3 epoch 180/300: loss=0.000021
  Stage 3 epoch 240/300: loss=0.000019
  Stage 3 epoch 300/300: loss=0.000017
  rcMTE@0.1: 0.1909 (348/500 in region)
  rcMTE@0.5: 0.2828 (161/500 in region)
  rcMTE@1.0: 0.3014 (63/500 in region)
  MTE@0.1: 0.5220
  MTE@0.5: 0.6973
  MTE@1.0: 0.7346
  W2@1.0:  0.5424
  sW2@0.1: 0.3853 (348/500 in region)
  sW2@0.2: 0.4170 (288/500 in region)
  sW2@0.5: 0.4291 (161/500 in region)
  sW2@1.0: 0.4645 (63/500 in region)
  MMD@1.0: 0.2256
  Survival@1.0: 62.0%
  Stopped@1.0:  12.6%
      → K+S
  Precomputing encoder-pullback target...
  Stage 2 epoch 60/300: loss=0.015723
  Stage 2 epoch 120/300: loss=0.014803
  Stage 2 epoch 180/300: loss=0.013385
  Stage 2 epoch 240/300: loss=0.010726
  Stage 2 epoch 300/300: loss=0.007920
  Stage 3 epoch 60/300: loss=0.000028
  Stage 3 epoch 120/300: loss=0.000024
  Stage 3 epoch 180/300: loss=0.000021
  Stage 3 epoch 240/300: loss=0.000019
  Stage 3 epoch 300/300: loss=0.000017
  rcMTE@0.1: 0.1909 (348/500 in region)
  rcMTE@0.5: 0.2828 (161/500 in region)
  rcMTE@1.0: 0.3014 (63/500 in region)
  MTE@0.1: 0.5220
  MTE@0.5: 0.6973
  MTE@1.0: 0.7346
  W2@1.0:  0.5424
  sW2@0.1: 0.3853 (348/500 in region)
  sW2@0.2: 0.4170 (288/500 in region)
  sW2@0.5: 0.4291 (161/500 in region)
  sW2@1.0: 0.4645 (63/500 in region)
  MMD@1.0: 0.2256
  Survival@1.0: 62.0%
  Stopped@1.0:  12.6%

============================================================
  N=20 | D=201 (K=99) | hyperbolic_paraboloid | seed=3042
============================================================
    Phase1 Epoch 50/250: loss=0.767060
    Phase1 Epoch 100/250: loss=0.654966
    Phase1 Epoch 150/250: loss=0.498393
    Phase1 Epoch 200/250: loss=0.306956
    Phase1 Epoch 250/250: loss=0.196441
      Phase 2 AE: K_weight=0.0000
        Phase2 Epoch 50/250: loss=0.093240
        Phase2 Epoch 100/250: loss=0.056248
        Phase2 Epoch 150/250: loss=0.038133
        Phase2 Epoch 200/250: loss=0.052773
        Phase2 Epoch 250/250: loss=0.024414
        E_mu=0.3475  E_Sigma=0.8998
      → baseline
  Precomputing encoder-pullback target...
  Stage 2 epoch 60/300: loss=0.035892
  Stage 2 epoch 120/300: loss=0.032634
  Stage 2 epoch 180/300: loss=0.028576
  Stage 2 epoch 240/300: loss=0.022503
  Stage 2 epoch 300/300: loss=0.014296
  Stage 3 epoch 60/300: loss=0.000133
  Stage 3 epoch 120/300: loss=0.000114
  Stage 3 epoch 180/300: loss=0.000106
  Stage 3 epoch 240/300: loss=0.000099
  Stage 3 epoch 300/300: loss=0.000092
  rcMTE@0.1: 0.5490 (343/500 in region)
  rcMTE@0.5: 0.8265 (164/500 in region)
  rcMTE@1.0: 1.0231 (63/500 in region)
  MTE@0.1: 1.0270
  MTE@0.5: 1.3817
  MTE@1.0: 1.5875
  W2@1.0:  0.8389
  sW2@0.1: 0.3853 (343/500 in region)
  sW2@0.2: 0.4596 (283/500 in region)
  sW2@0.5: 0.6221 (164/500 in region)
  sW2@1.0: 1.0251 (63/500 in region)
  MMD@1.0: 0.2157
  Survival@1.0: 64.2%
  Stopped@1.0:  12.6%
      Phase 2 AE: K_weight=0.4275
        Phase2 Epoch 50/250: loss=0.101089
        Phase2 Epoch 100/250: loss=0.060676
        Phase2 Epoch 150/250: loss=0.039418
        Phase2 Epoch 200/250: loss=0.065226
        Phase2 Epoch 250/250: loss=0.059769
        E_mu=0.3306  E_Sigma=0.4595
      → K
  Precomputing encoder-pullback target...
  Stage 2 epoch 60/300: loss=0.030661
  Stage 2 epoch 120/300: loss=0.026527
  Stage 2 epoch 180/300: loss=0.021713
  Stage 2 epoch 240/300: loss=0.017520
  Stage 2 epoch 300/300: loss=0.011722
  Stage 3 epoch 60/300: loss=0.000134
  Stage 3 epoch 120/300: loss=0.000114
  Stage 3 epoch 180/300: loss=0.000105
  Stage 3 epoch 240/300: loss=0.000096
  Stage 3 epoch 300/300: loss=0.000087
  rcMTE@0.1: 0.5430 (343/500 in region)
  rcMTE@0.5: 0.8639 (164/500 in region)
  rcMTE@1.0: 1.1168 (63/500 in region)
  MTE@0.1: 1.4247
  MTE@0.5: 1.7163
  MTE@1.0: 1.9495
  W2@1.0:  1.2897
  sW2@0.1: 0.9717 (343/500 in region)
  sW2@0.2: 0.9764 (283/500 in region)
  sW2@0.5: 1.0674 (164/500 in region)
  sW2@1.0: 1.4748 (63/500 in region)
  MMD@1.0: 0.4741
  Survival@1.0: 64.2%
  Stopped@1.0:  12.6%
      → K+S
  Precomputing encoder-pullback target...
  Stage 2 epoch 60/300: loss=0.030661
  Stage 2 epoch 120/300: loss=0.026527
  Stage 2 epoch 180/300: loss=0.021713
  Stage 2 epoch 240/300: loss=0.017520
  Stage 2 epoch 300/300: loss=0.011722
  Stage 3 epoch 60/300: loss=0.000134
  Stage 3 epoch 120/300: loss=0.000114
  Stage 3 epoch 180/300: loss=0.000105
  Stage 3 epoch 240/300: loss=0.000096
  Stage 3 epoch 300/300: loss=0.000087
  rcMTE@0.1: 0.5430 (343/500 in region)
  rcMTE@0.5: 0.8639 (164/500 in region)
  rcMTE@1.0: 1.1168 (63/500 in region)
  MTE@0.1: 1.4247
  MTE@0.5: 1.7163
  MTE@1.0: 1.9495
  W2@1.0:  1.2897
  sW2@0.1: 0.9717 (343/500 in region)
  sW2@0.2: 0.9764 (283/500 in region)
  sW2@0.5: 1.0674 (164/500 in region)
  sW2@1.0: 1.4748 (63/500 in region)
  MMD@1.0: 0.4741
  Survival@1.0: 64.2%
  Stopped@1.0:  12.6%

============================================================
  N=20 | D=201 (K=99) | hyperbolic_paraboloid | seed=4042
============================================================
    Phase1 Epoch 50/250: loss=0.693521
    Phase1 Epoch 100/250: loss=0.586361
    Phase1 Epoch 150/250: loss=0.163725
    Phase1 Epoch 200/250: loss=0.113795
    Phase1 Epoch 250/250: loss=0.046218
      Phase 2 AE: K_weight=0.0000
        Phase2 Epoch 50/250: loss=0.061384
        Phase2 Epoch 100/250: loss=0.035718
        Phase2 Epoch 150/250: loss=0.038338
        Phase2 Epoch 200/250: loss=0.039829
        Phase2 Epoch 250/250: loss=0.053581
        E_mu=0.3526  E_Sigma=0.5137
      → baseline
  Precomputing encoder-pullback target...
  Stage 2 epoch 60/300: loss=0.036648
  Stage 2 epoch 120/300: loss=0.027259
  Stage 2 epoch 180/300: loss=0.019284
  Stage 2 epoch 240/300: loss=0.014426
  Stage 2 epoch 300/300: loss=0.011012
  Stage 3 epoch 60/300: loss=0.000021
  Stage 3 epoch 120/300: loss=0.000017
  Stage 3 epoch 180/300: loss=0.000016
  Stage 3 epoch 240/300: loss=0.000015
  Stage 3 epoch 300/300: loss=0.000014
  rcMTE@0.1: 0.4515 (342/500 in region)
  rcMTE@0.5: 0.6029 (168/500 in region)
  rcMTE@1.0: 0.6102 (75/500 in region)
  MTE@0.1: 0.8558
  MTE@0.5: 1.2350
  MTE@1.0: 1.2296
  W2@1.0:  0.5779
  sW2@0.1: 0.3524 (342/500 in region)
  sW2@0.2: 0.3433 (274/500 in region)
  sW2@0.5: 0.4076 (168/500 in region)
  sW2@1.0: 0.5111 (75/500 in region)
  MMD@1.0: 0.1811
  Survival@1.0: 59.8%
  Stopped@1.0:  15.0%
      Phase 2 AE: K_weight=0.4275
        Phase2 Epoch 50/250: loss=0.045549
        Phase2 Epoch 100/250: loss=0.068822
        Phase2 Epoch 150/250: loss=0.049997
        Phase2 Epoch 200/250: loss=0.030446
        Phase2 Epoch 250/250: loss=0.022581
        E_mu=0.3151  E_Sigma=0.5232
      → K
  Precomputing encoder-pullback target...
  Stage 2 epoch 60/300: loss=0.031867
  Stage 2 epoch 120/300: loss=0.024364
  Stage 2 epoch 180/300: loss=0.017508
  Stage 2 epoch 240/300: loss=0.013225
  Stage 2 epoch 300/300: loss=0.010004
  Stage 3 epoch 60/300: loss=0.000021
  Stage 3 epoch 120/300: loss=0.000017
  Stage 3 epoch 180/300: loss=0.000016
  Stage 3 epoch 240/300: loss=0.000015
  Stage 3 epoch 300/300: loss=0.000014
  rcMTE@0.1: 0.4749 (342/500 in region)
  rcMTE@0.5: 0.6498 (168/500 in region)
  rcMTE@1.0: 0.6333 (75/500 in region)
  MTE@0.1: 0.8440
  MTE@0.5: 1.2587
  MTE@1.0: 1.2805
  W2@1.0:  0.6508
  sW2@0.1: 0.3585 (342/500 in region)
  sW2@0.2: 0.4276 (274/500 in region)
  sW2@0.5: 0.5331 (168/500 in region)
  sW2@1.0: 0.4596 (75/500 in region)
  MMD@1.0: 0.1966
  Survival@1.0: 59.8%
  Stopped@1.0:  15.0%
      → K+S
  Precomputing encoder-pullback target...
  Stage 2 epoch 60/300: loss=0.031867
  Stage 2 epoch 120/300: loss=0.024364
  Stage 2 epoch 180/300: loss=0.017508
  Stage 2 epoch 240/300: loss=0.013225
  Stage 2 epoch 300/300: loss=0.010004
  Stage 3 epoch 60/300: loss=0.000021
  Stage 3 epoch 120/300: loss=0.000017
  Stage 3 epoch 180/300: loss=0.000016
  Stage 3 epoch 240/300: loss=0.000015
  Stage 3 epoch 300/300: loss=0.000014
  rcMTE@0.1: 0.4749 (342/500 in region)
  rcMTE@0.5: 0.6498 (168/500 in region)
  rcMTE@1.0: 0.6333 (75/500 in region)
  MTE@0.1: 0.8440
  MTE@0.5: 1.2587
  MTE@1.0: 1.2805
  W2@1.0:  0.6508
  sW2@0.1: 0.3585 (342/500 in region)
  sW2@0.2: 0.4276 (274/500 in region)
  sW2@0.5: 0.5331 (168/500 in region)
  sW2@1.0: 0.4596 (75/500 in region)
  MMD@1.0: 0.1966
  Survival@1.0: 59.8%
  Stopped@1.0:  15.0%

============================================================
  N=20 | D=201 (K=99) | hyperbolic_paraboloid | seed=5042
============================================================
    Phase1 Epoch 50/250: loss=0.665164
    Phase1 Epoch 100/250: loss=0.611236
    Phase1 Epoch 150/250: loss=0.273261
    Phase1 Epoch 200/250: loss=0.199751
    Phase1 Epoch 250/250: loss=0.096526
      Phase 2 AE: K_weight=0.0000
        Phase2 Epoch 50/250: loss=0.223186
        Phase2 Epoch 100/250: loss=0.075271
        Phase2 Epoch 150/250: loss=0.062546
        Phase2 Epoch 200/250: loss=0.041773
        Phase2 Epoch 250/250: loss=0.054358
        E_mu=0.3266  E_Sigma=0.5525
      → baseline
  Precomputing encoder-pullback target...
  Stage 2 epoch 60/300: loss=0.029185
  Stage 2 epoch 120/300: loss=0.021029
  Stage 2 epoch 180/300: loss=0.014834
  Stage 2 epoch 240/300: loss=0.010948
  Stage 2 epoch 300/300: loss=0.006299
  Stage 3 epoch 60/300: loss=0.000026
  Stage 3 epoch 120/300: loss=0.000023
  Stage 3 epoch 180/300: loss=0.000022
  Stage 3 epoch 240/300: loss=0.000022
  Stage 3 epoch 300/300: loss=0.000022
  rcMTE@0.1: 0.5151 (331/500 in region)
  rcMTE@0.5: 0.6846 (161/500 in region)
  rcMTE@1.0: 0.7220 (71/500 in region)
  MTE@0.1: 1.0277
  MTE@0.5: 1.2756
  MTE@1.0: 1.3169
  W2@1.0:  0.6550
  sW2@0.1: 0.4995 (331/500 in region)
  sW2@0.2: 0.4991 (275/500 in region)
  sW2@0.5: 0.5715 (161/500 in region)
  sW2@1.0: 0.5475 (71/500 in region)
  MMD@1.0: 0.2662
  Survival@1.0: 65.6%
  Stopped@1.0:  14.2%
      Phase 2 AE: K_weight=0.4275
        Phase2 Epoch 50/250: loss=0.092147
        Phase2 Epoch 100/250: loss=0.064682
        Phase2 Epoch 150/250: loss=0.073022
        Phase2 Epoch 200/250: loss=0.035827
        Phase2 Epoch 250/250: loss=0.034975
        E_mu=0.3075  E_Sigma=0.6381
      → K
  Precomputing encoder-pullback target...
  Stage 2 epoch 60/300: loss=0.026427
  Stage 2 epoch 120/300: loss=0.017740
  Stage 2 epoch 180/300: loss=0.011508
  Stage 2 epoch 240/300: loss=0.008671
  Stage 2 epoch 300/300: loss=0.005459
  Stage 3 epoch 60/300: loss=0.000024
  Stage 3 epoch 120/300: loss=0.000022
  Stage 3 epoch 180/300: loss=0.000021
  Stage 3 epoch 240/300: loss=0.000021
  Stage 3 epoch 300/300: loss=0.000021
  rcMTE@0.1: 0.4997 (331/500 in region)
  rcMTE@0.5: 0.6586 (161/500 in region)
  rcMTE@1.0: 0.6977 (71/500 in region)
  MTE@0.1: 1.0887
  MTE@0.5: 1.3208
  MTE@1.0: 1.3463
  W2@1.0:  0.7170
  sW2@0.1: 0.5971 (331/500 in region)
  sW2@0.2: 0.5986 (275/500 in region)
  sW2@0.5: 0.6637 (161/500 in region)
  sW2@1.0: 0.6874 (71/500 in region)
  MMD@1.0: 0.3381
  Survival@1.0: 65.6%
  Stopped@1.0:  14.2%
      → K+S
  Precomputing encoder-pullback target...
  Stage 2 epoch 60/300: loss=0.026427
  Stage 2 epoch 120/300: loss=0.017740
  Stage 2 epoch 180/300: loss=0.011508
  Stage 2 epoch 240/300: loss=0.008671
  Stage 2 epoch 300/300: loss=0.005459
  Stage 3 epoch 60/300: loss=0.000024
  Stage 3 epoch 120/300: loss=0.000022
  Stage 3 epoch 180/300: loss=0.000021
  Stage 3 epoch 240/300: loss=0.000021
  Stage 3 epoch 300/300: loss=0.000021
  rcMTE@0.1: 0.4997 (331/500 in region)
  rcMTE@0.5: 0.6586 (161/500 in region)
  rcMTE@1.0: 0.6977 (71/500 in region)
  MTE@0.1: 1.0887
  MTE@0.5: 1.3208
  MTE@1.0: 1.3463
  W2@1.0:  0.7170
  sW2@0.1: 0.5971 (331/500 in region)
  sW2@0.2: 0.5986 (275/500 in region)
  sW2@0.5: 0.6637 (161/500 in region)
  sW2@1.0: 0.6874 (71/500 in region)
  MMD@1.0: 0.3381
  Survival@1.0: 65.6%
  Stopped@1.0:  14.2%

============================================================
  N=20 | D=201 (K=99) | hyperbolic_paraboloid | seed=6042
============================================================
    Phase1 Epoch 50/250: loss=0.750586
    Phase1 Epoch 100/250: loss=0.617990
    Phase1 Epoch 150/250: loss=0.188805
    Phase1 Epoch 200/250: loss=0.206461
    Phase1 Epoch 250/250: loss=0.045595
      Phase 2 AE: K_weight=0.0000
        Phase2 Epoch 50/250: loss=0.048420
        Phase2 Epoch 100/250: loss=0.033522
        Phase2 Epoch 150/250: loss=0.020731
        Phase2 Epoch 200/250: loss=0.016029
        Phase2 Epoch 250/250: loss=0.022921
        E_mu=0.2959  E_Sigma=0.4839
      → baseline
  Precomputing encoder-pullback target...
  Stage 2 epoch 60/300: loss=0.023993
  Stage 2 epoch 120/300: loss=0.016844
  Stage 2 epoch 180/300: loss=0.011288
  Stage 2 epoch 240/300: loss=0.007851
  Stage 2 epoch 300/300: loss=0.005438
  Stage 3 epoch 60/300: loss=0.000138
  Stage 3 epoch 120/300: loss=0.000049
  Stage 3 epoch 180/300: loss=0.000031
  Stage 3 epoch 240/300: loss=0.000022
  Stage 3 epoch 300/300: loss=0.000019
  rcMTE@0.1: 0.1853 (329/500 in region)
  rcMTE@0.5: 0.3131 (153/500 in region)
  rcMTE@1.0: 0.3271 (78/500 in region)
  MTE@0.1: 0.4526
  MTE@0.5: 0.7081
  MTE@1.0: 0.7583
  W2@1.0:  0.6595
  sW2@0.1: 0.2631 (329/500 in region)
  sW2@0.2: 0.3363 (272/500 in region)
  sW2@0.5: 0.5859 (153/500 in region)
  sW2@1.0: 0.4502 (78/500 in region)
  MMD@1.0: 0.1349
  Survival@1.0: 62.8%
  Stopped@1.0:  15.6%
      Phase 2 AE: K_weight=0.4275
        Phase2 Epoch 50/250: loss=0.054031
        Phase2 Epoch 100/250: loss=0.038838
        Phase2 Epoch 150/250: loss=0.022356
        Phase2 Epoch 200/250: loss=0.085117
        Phase2 Epoch 250/250: loss=0.005394
        E_mu=0.2624  E_Sigma=0.1919
      → K
  Precomputing encoder-pullback target...
  Stage 2 epoch 60/300: loss=0.024582
  Stage 2 epoch 120/300: loss=0.016905
  Stage 2 epoch 180/300: loss=0.012348
  Stage 2 epoch 240/300: loss=0.008345
  Stage 2 epoch 300/300: loss=0.005337
  Stage 3 epoch 60/300: loss=0.000133
  Stage 3 epoch 120/300: loss=0.000042
  Stage 3 epoch 180/300: loss=0.000025
  Stage 3 epoch 240/300: loss=0.000016
  Stage 3 epoch 300/300: loss=0.000012
  rcMTE@0.1: 0.1762 (329/500 in region)
  rcMTE@0.5: 0.3048 (153/500 in region)
  rcMTE@1.0: 0.3213 (78/500 in region)
  MTE@0.1: 0.4981
  MTE@0.5: 0.7184
  MTE@1.0: 0.7414
  W2@1.0:  0.5651
  sW2@0.1: 0.3185 (329/500 in region)
  sW2@0.2: 0.3762 (272/500 in region)
  sW2@0.5: 0.5752 (153/500 in region)
  sW2@1.0: 0.4139 (78/500 in region)
  MMD@1.0: 0.1553
  Survival@1.0: 62.8%
  Stopped@1.0:  15.6%
      → K+S
  Precomputing encoder-pullback target...
  Stage 2 epoch 60/300: loss=0.024582
  Stage 2 epoch 120/300: loss=0.016905
  Stage 2 epoch 180/300: loss=0.012348
  Stage 2 epoch 240/300: loss=0.008345
  Stage 2 epoch 300/300: loss=0.005337
  Stage 3 epoch 60/300: loss=0.000133
  Stage 3 epoch 120/300: loss=0.000042
  Stage 3 epoch 180/300: loss=0.000025
  Stage 3 epoch 240/300: loss=0.000016
  Stage 3 epoch 300/300: loss=0.000012
  rcMTE@0.1: 0.1762 (329/500 in region)
  rcMTE@0.5: 0.3048 (153/500 in region)
  rcMTE@1.0: 0.3213 (78/500 in region)
  MTE@0.1: 0.4981
  MTE@0.5: 0.7184
  MTE@1.0: 0.7414
  W2@1.0:  0.5651
  sW2@0.1: 0.3185 (329/500 in region)
  sW2@0.2: 0.3762 (272/500 in region)
  sW2@0.5: 0.5752 (153/500 in region)
  sW2@1.0: 0.4139 (78/500 in region)
  MMD@1.0: 0.1553
  Survival@1.0: 62.8%
  Stopped@1.0:  15.6%

============================================================
  N=20 | D=201 (K=99) | hyperbolic_paraboloid | seed=7042
============================================================
    Phase1 Epoch 50/250: loss=0.781654
    Phase1 Epoch 100/250: loss=0.717703
    Phase1 Epoch 150/250: loss=0.425899
    Phase1 Epoch 200/250: loss=0.282455
    Phase1 Epoch 250/250: loss=0.134989
      Phase 2 AE: K_weight=0.0000
        Phase2 Epoch 50/250: loss=0.092045
        Phase2 Epoch 100/250: loss=0.076085
        Phase2 Epoch 150/250: loss=0.054826
        Phase2 Epoch 200/250: loss=0.140506
        Phase2 Epoch 250/250: loss=0.041093
        E_mu=0.3255  E_Sigma=0.5010
      → baseline
  Precomputing encoder-pullback target...
  Stage 2 epoch 60/300: loss=0.063468
  Stage 2 epoch 120/300: loss=0.048261
  Stage 2 epoch 180/300: loss=0.036589
  Stage 2 epoch 240/300: loss=0.028825
  Stage 2 epoch 300/300: loss=0.024078
  Stage 3 epoch 60/300: loss=0.000130
  Stage 3 epoch 120/300: loss=0.000080
  Stage 3 epoch 180/300: loss=0.000073
  Stage 3 epoch 240/300: loss=0.000065
  Stage 3 epoch 300/300: loss=0.000057
  rcMTE@0.1: 0.5720 (371/500 in region)
  rcMTE@0.5: 0.7814 (178/500 in region)
  rcMTE@1.0: 0.7458 (82/500 in region)
  MTE@0.1: 0.9903
  MTE@0.5: 1.3174
  MTE@1.0: 1.3854
  W2@1.0:  0.5946
  sW2@0.1: 0.3814 (371/500 in region)
  sW2@0.2: 0.4684 (296/500 in region)
  sW2@0.5: 0.5586 (178/500 in region)
  sW2@1.0: 0.4895 (82/500 in region)
  MMD@1.0: 0.1988
  Survival@1.0: 63.4%
  Stopped@1.0:  16.4%
      Phase 2 AE: K_weight=0.4275
        Phase2 Epoch 50/250: loss=0.086804
        Phase2 Epoch 100/250: loss=0.077112
        Phase2 Epoch 150/250: loss=0.054235
        Phase2 Epoch 200/250: loss=0.032078
        Phase2 Epoch 250/250: loss=0.031341
        E_mu=0.2913  E_Sigma=0.2973
      → K
  Precomputing encoder-pullback target...
  Stage 2 epoch 60/300: loss=0.067169
  Stage 2 epoch 120/300: loss=0.054024
  Stage 2 epoch 180/300: loss=0.044288
  Stage 2 epoch 240/300: loss=0.036110
  Stage 2 epoch 300/300: loss=0.029924
  Stage 3 epoch 60/300: loss=0.000097
  Stage 3 epoch 120/300: loss=0.000084
  Stage 3 epoch 180/300: loss=0.000077
  Stage 3 epoch 240/300: loss=0.000068
  Stage 3 epoch 300/300: loss=0.000059
  rcMTE@0.1: 0.5726 (371/500 in region)
  rcMTE@0.5: 0.7686 (178/500 in region)
  rcMTE@1.0: 0.7335 (82/500 in region)
  MTE@0.1: 0.9677
  MTE@0.5: 1.2927
  MTE@1.0: 1.3574
  W2@1.0:  0.5691
  sW2@0.1: 0.3381 (371/500 in region)
  sW2@0.2: 0.4316 (296/500 in region)
  sW2@0.5: 0.5393 (178/500 in region)
  sW2@1.0: 0.4688 (82/500 in region)
  MMD@1.0: 0.1546
  Survival@1.0: 63.4%
  Stopped@1.0:  16.4%
      → K+S
  Precomputing encoder-pullback target...
  Stage 2 epoch 60/300: loss=0.067169
  Stage 2 epoch 120/300: loss=0.054024
  Stage 2 epoch 180/300: loss=0.044288
  Stage 2 epoch 240/300: loss=0.036110
  Stage 2 epoch 300/300: loss=0.029924
  Stage 3 epoch 60/300: loss=0.000097
  Stage 3 epoch 120/300: loss=0.000084
  Stage 3 epoch 180/300: loss=0.000077
  Stage 3 epoch 240/300: loss=0.000068
  Stage 3 epoch 300/300: loss=0.000059
  rcMTE@0.1: 0.5726 (371/500 in region)
  rcMTE@0.5: 0.7686 (178/500 in region)
  rcMTE@1.0: 0.7335 (82/500 in region)
  MTE@0.1: 0.9677
  MTE@0.5: 1.2927
  MTE@1.0: 1.3574
  W2@1.0:  0.5691
  sW2@0.1: 0.3381 (371/500 in region)
  sW2@0.2: 0.4316 (296/500 in region)
  sW2@0.5: 0.5393 (178/500 in region)
  sW2@1.0: 0.4688 (82/500 in region)
  MMD@1.0: 0.1546
  Survival@1.0: 63.4%
  Stopped@1.0:  16.4%

============================================================
  N=20 | D=201 (K=99) | hyperbolic_paraboloid | seed=8042
============================================================
    Phase1 Epoch 50/250: loss=0.679296
    Phase1 Epoch 100/250: loss=0.592012
    Phase1 Epoch 150/250: loss=0.290763
    Phase1 Epoch 200/250: loss=0.126825
    Phase1 Epoch 250/250: loss=0.113886
      Phase 2 AE: K_weight=0.0000
        Phase2 Epoch 50/250: loss=0.105026
        Phase2 Epoch 100/250: loss=0.058926
        Phase2 Epoch 150/250: loss=0.074928
        Phase2 Epoch 200/250: loss=0.053966
        Phase2 Epoch 250/250: loss=0.015331
        E_mu=0.3337  E_Sigma=0.4132
      → baseline
  Precomputing encoder-pullback target...
  Stage 2 epoch 60/300: loss=0.080775
  Stage 2 epoch 120/300: loss=0.059543
  Stage 2 epoch 180/300: loss=0.035252
  Stage 2 epoch 240/300: loss=0.024250
  Stage 2 epoch 300/300: loss=0.019011
  Stage 3 epoch 60/300: loss=0.000160
  Stage 3 epoch 120/300: loss=0.000108
  Stage 3 epoch 180/300: loss=0.000081
  Stage 3 epoch 240/300: loss=0.000075
  Stage 3 epoch 300/300: loss=0.000070
  rcMTE@0.1: 0.4266 (346/500 in region)
  rcMTE@0.5: 0.6330 (171/500 in region)
  rcMTE@1.0: 0.6690 (75/500 in region)
  MTE@0.1: 0.7929
  MTE@0.5: 1.0742
  MTE@1.0: 1.1370
  W2@1.0:  0.5316
  sW2@0.1: 0.3341 (346/500 in region)
  sW2@0.2: 0.3313 (275/500 in region)
  sW2@0.5: 0.4158 (171/500 in region)
  sW2@1.0: 0.4778 (75/500 in region)
  MMD@1.0: 0.1849
  Survival@1.0: 62.6%
  Stopped@1.0:  15.0%
      Phase 2 AE: K_weight=0.4275
        Phase2 Epoch 50/250: loss=0.111506
        Phase2 Epoch 100/250: loss=0.074589
        Phase2 Epoch 150/250: loss=0.055597
        Phase2 Epoch 200/250: loss=0.045849
        Phase2 Epoch 250/250: loss=0.027066
        E_mu=0.2906  E_Sigma=0.5255
      → K
  Precomputing encoder-pullback target...
  Stage 2 epoch 60/300: loss=0.077820
  Stage 2 epoch 120/300: loss=0.059629
  Stage 2 epoch 180/300: loss=0.037348
  Stage 2 epoch 240/300: loss=0.024981
  Stage 2 epoch 300/300: loss=0.019209
  Stage 3 epoch 60/300: loss=0.000167
  Stage 3 epoch 120/300: loss=0.000108
  Stage 3 epoch 180/300: loss=0.000082
  Stage 3 epoch 240/300: loss=0.000075
  Stage 3 epoch 300/300: loss=0.000068
  rcMTE@0.1: 0.4402 (346/500 in region)
  rcMTE@0.5: 0.6548 (171/500 in region)
  rcMTE@1.0: 0.6869 (75/500 in region)
  MTE@0.1: 0.8149
  MTE@0.5: 1.0984
  MTE@1.0: 1.1469
  W2@1.0:  0.5832
  sW2@0.1: 0.3845 (346/500 in region)
  sW2@0.2: 0.3875 (275/500 in region)
  sW2@0.5: 0.4671 (171/500 in region)
  sW2@1.0: 0.5361 (75/500 in region)
  MMD@1.0: 0.2056
  Survival@1.0: 62.6%
  Stopped@1.0:  15.0%
      → K+S
  Precomputing encoder-pullback target...
  Stage 2 epoch 60/300: loss=0.077820
  Stage 2 epoch 120/300: loss=0.059629
  Stage 2 epoch 180/300: loss=0.037348
  Stage 2 epoch 240/300: loss=0.024981
  Stage 2 epoch 300/300: loss=0.019209
  Stage 3 epoch 60/300: loss=0.000167
  Stage 3 epoch 120/300: loss=0.000108
  Stage 3 epoch 180/300: loss=0.000082
  Stage 3 epoch 240/300: loss=0.000075
  Stage 3 epoch 300/300: loss=0.000068
  rcMTE@0.1: 0.4402 (346/500 in region)
  rcMTE@0.5: 0.6548 (171/500 in region)
  rcMTE@1.0: 0.6869 (75/500 in region)
  MTE@0.1: 0.8149
  MTE@0.5: 1.0984
  MTE@1.0: 1.1469
  W2@1.0:  0.5832
  sW2@0.1: 0.3845 (346/500 in region)
  sW2@0.2: 0.3875 (275/500 in region)
  sW2@0.5: 0.4671 (171/500 in region)
  sW2@1.0: 0.5361 (75/500 in region)
  MMD@1.0: 0.2056
  Survival@1.0: 62.6%
  Stopped@1.0:  15.0%

============================================================
  N=20 | D=201 (K=99) | hyperbolic_paraboloid | seed=9042
============================================================
    Phase1 Epoch 50/250: loss=0.564720
    Phase1 Epoch 100/250: loss=0.389694
    Phase1 Epoch 150/250: loss=0.238262
    Phase1 Epoch 200/250: loss=0.110247
    Phase1 Epoch 250/250: loss=0.087054
      Phase 2 AE: K_weight=0.0000
        Phase2 Epoch 50/250: loss=0.093719
        Phase2 Epoch 100/250: loss=0.060989
        Phase2 Epoch 150/250: loss=0.030312
        Phase2 Epoch 200/250: loss=0.026308
        Phase2 Epoch 250/250: loss=0.015423
        E_mu=0.3401  E_Sigma=0.6710
      → baseline
  Precomputing encoder-pullback target...
  Stage 2 epoch 60/300: loss=0.052719
  Stage 2 epoch 120/300: loss=0.034086
  Stage 2 epoch 180/300: loss=0.015277
  Stage 2 epoch 240/300: loss=0.006781
  Stage 2 epoch 300/300: loss=0.004650
  Stage 3 epoch 60/300: loss=0.000076
  Stage 3 epoch 120/300: loss=0.000039
  Stage 3 epoch 180/300: loss=0.000023
  Stage 3 epoch 240/300: loss=0.000021
  Stage 3 epoch 300/300: loss=0.000019
  rcMTE@0.1: 0.7072 (321/500 in region)
  rcMTE@0.5: 0.9500 (155/500 in region)
  rcMTE@1.0: 1.0751 (66/500 in region)
  MTE@0.1: 1.2390
  MTE@0.5: 1.4856
  MTE@1.0: 1.5471
  W2@1.0:  0.4184
  sW2@0.1: 0.4269 (321/500 in region)
  sW2@0.2: 0.4883 (266/500 in region)
  sW2@0.5: 0.4991 (155/500 in region)
  sW2@1.0: 0.4459 (66/500 in region)
  MMD@1.0: 0.1725
  Survival@1.0: 61.0%
  Stopped@1.0:  13.2%
      Phase 2 AE: K_weight=0.4275
        Phase2 Epoch 50/250: loss=0.071653
        Phase2 Epoch 100/250: loss=0.062798
        Phase2 Epoch 150/250: loss=0.032116
        Phase2 Epoch 200/250: loss=0.015643
        Phase2 Epoch 250/250: loss=0.021462
        E_mu=0.3315  E_Sigma=0.6284
      → K
  Precomputing encoder-pullback target...
  Stage 2 epoch 60/300: loss=0.051001
  Stage 2 epoch 120/300: loss=0.034918
  Stage 2 epoch 180/300: loss=0.017141
  Stage 2 epoch 240/300: loss=0.007721
  Stage 2 epoch 300/300: loss=0.005223
  Stage 3 epoch 60/300: loss=0.000080
  Stage 3 epoch 120/300: loss=0.000043
  Stage 3 epoch 180/300: loss=0.000024
  Stage 3 epoch 240/300: loss=0.000021
  Stage 3 epoch 300/300: loss=0.000019
  rcMTE@0.1: 0.7064 (321/500 in region)
  rcMTE@0.5: 0.9465 (155/500 in region)
  rcMTE@1.0: 1.0647 (66/500 in region)
  MTE@0.1: 1.2552
  MTE@0.5: 1.4974
  MTE@1.0: 1.5545
  W2@1.0:  0.4819
  sW2@0.1: 0.4712 (321/500 in region)
  sW2@0.2: 0.5321 (266/500 in region)
  sW2@0.5: 0.5590 (155/500 in region)
  sW2@1.0: 0.4953 (66/500 in region)
  MMD@1.0: 0.2222
  Survival@1.0: 61.0%
  Stopped@1.0:  13.2%
      → K+S
  Precomputing encoder-pullback target...
  Stage 2 epoch 60/300: loss=0.051001
  Stage 2 epoch 120/300: loss=0.034918
  Stage 2 epoch 180/300: loss=0.017141
  Stage 2 epoch 240/300: loss=0.007721
  Stage 2 epoch 300/300: loss=0.005223
  Stage 3 epoch 60/300: loss=0.000080
  Stage 3 epoch 120/300: loss=0.000043
  Stage 3 epoch 180/300: loss=0.000024
  Stage 3 epoch 240/300: loss=0.000021
  Stage 3 epoch 300/300: loss=0.000019
  rcMTE@0.1: 0.7064 (321/500 in region)
  rcMTE@0.5: 0.9465 (155/500 in region)
  rcMTE@1.0: 1.0647 (66/500 in region)
  MTE@0.1: 1.2552
  MTE@0.5: 1.4974
  MTE@1.0: 1.5545
  W2@1.0:  0.4819
  sW2@0.1: 0.4712 (321/500 in region)
  sW2@0.2: 0.5321 (266/500 in region)
  sW2@0.5: 0.5590 (155/500 in region)
  sW2@1.0: 0.4953 (66/500 in region)
  MMD@1.0: 0.2222
  Survival@1.0: 61.0%
  Stopped@1.0:  13.2%

  N=20, D=201 completed in 607.7s

============================================================
  N=50 | D=11 (K=4) | paraboloid | seed=42
============================================================
    Phase1 Epoch 50/250: loss=0.197518
    Phase1 Epoch 100/250: loss=0.037554
    Phase1 Epoch 150/250: loss=0.023645
    Phase1 Epoch 200/250: loss=0.012276
    Phase1 Epoch 250/250: loss=0.008020
      Phase 2 AE: K_weight=0.0000
        Phase2 Epoch 50/250: loss=0.009163
        Phase2 Epoch 100/250: loss=0.004032
        Phase2 Epoch 150/250: loss=0.022410
        Phase2 Epoch 200/250: loss=0.014901
        Phase2 Epoch 250/250: loss=0.001707
        E_mu=0.0596  E_Sigma=0.0315
      → baseline
  Precomputing encoder-pullback target...
  Stage 2 epoch 60/300: loss=0.407386
  Stage 2 epoch 120/300: loss=0.369514
  Stage 2 epoch 180/300: loss=0.308164
  Stage 2 epoch 240/300: loss=0.260383
  Stage 2 epoch 300/300: loss=0.271615
  Stage 3 epoch 60/300: loss=0.008668
  Stage 3 epoch 120/300: loss=0.007131
  Stage 3 epoch 180/300: loss=0.006053
  Stage 3 epoch 240/300: loss=0.003971
  Stage 3 epoch 300/300: loss=0.002579
  rcMTE@0.1: 0.4877 (333/500 in region)
  rcMTE@0.5: 0.8253 (177/500 in region)
  rcMTE@1.0: 0.8326 (74/500 in region)
  MTE@0.1: 0.8363
  MTE@0.5: 1.1768
  MTE@1.0: 1.2690
  W2@1.0:  0.5559
  sW2@0.1: 0.3279 (333/500 in region)
  sW2@0.2: 0.4253 (279/500 in region)
  sW2@0.5: 0.5180 (177/500 in region)
  sW2@1.0: 0.5337 (74/500 in region)
  MMD@1.0: 0.1072
  Survival@1.0: 62.6%
  Stopped@1.0:  14.8%
      Phase 2 AE: K_weight=0.1000
        Phase2 Epoch 50/250: loss=0.013176
        Phase2 Epoch 100/250: loss=0.005538
        Phase2 Epoch 150/250: loss=0.003686
        Phase2 Epoch 200/250: loss=0.002851
        Phase2 Epoch 250/250: loss=0.002390
        E_mu=0.0360  E_Sigma=0.0267
      → K
  Precomputing encoder-pullback target...
  Stage 2 epoch 60/300: loss=0.395696
  Stage 2 epoch 120/300: loss=0.365871
  Stage 2 epoch 180/300: loss=0.307809
  Stage 2 epoch 240/300: loss=0.260419
  Stage 2 epoch 300/300: loss=0.273220
  Stage 3 epoch 60/300: loss=0.009420
  Stage 3 epoch 120/300: loss=0.007737
  Stage 3 epoch 180/300: loss=0.006188
  Stage 3 epoch 240/300: loss=0.003773
  Stage 3 epoch 300/300: loss=0.002445
  rcMTE@0.1: 0.4891 (333/500 in region)
  rcMTE@0.5: 0.8331 (177/500 in region)
  rcMTE@1.0: 0.8401 (74/500 in region)
  MTE@0.1: 0.8427
  MTE@0.5: 1.1964
  MTE@1.0: 1.3015
  W2@1.0:  0.6033
  sW2@0.1: 0.3381 (333/500 in region)
  sW2@0.2: 0.4396 (279/500 in region)
  sW2@0.5: 0.5403 (177/500 in region)
  sW2@1.0: 0.5634 (74/500 in region)
  MMD@1.0: 0.1219
  Survival@1.0: 62.6%
  Stopped@1.0:  14.8%
      → K+S
  Precomputing encoder-pullback target...
  Stage 2 epoch 60/300: loss=0.395696
  Stage 2 epoch 120/300: loss=0.365871
  Stage 2 epoch 180/300: loss=0.307809
  Stage 2 epoch 240/300: loss=0.260419
  Stage 2 epoch 300/300: loss=0.273220
  Stage 3 epoch 60/300: loss=0.009420
  Stage 3 epoch 120/300: loss=0.007737
  Stage 3 epoch 180/300: loss=0.006188
  Stage 3 epoch 240/300: loss=0.003773
  Stage 3 epoch 300/300: loss=0.002445
  rcMTE@0.1: 0.4891 (333/500 in region)
  rcMTE@0.5: 0.8331 (177/500 in region)
  rcMTE@1.0: 0.8401 (74/500 in region)
  MTE@0.1: 0.8427
  MTE@0.5: 1.1964
  MTE@1.0: 1.3015
  W2@1.0:  0.6033
  sW2@0.1: 0.3381 (333/500 in region)
  sW2@0.2: 0.4396 (279/500 in region)
  sW2@0.5: 0.5403 (177/500 in region)
  sW2@1.0: 0.5634 (74/500 in region)
  MMD@1.0: 0.1219
  Survival@1.0: 62.6%
  Stopped@1.0:  14.8%

============================================================
  N=50 | D=11 (K=4) | paraboloid | seed=1042
============================================================
    Phase1 Epoch 50/250: loss=0.424747
    Phase1 Epoch 100/250: loss=0.047919
    Phase1 Epoch 150/250: loss=0.025833
    Phase1 Epoch 200/250: loss=0.010305
    Phase1 Epoch 250/250: loss=0.012643
      Phase 2 AE: K_weight=0.0000
        Phase2 Epoch 50/250: loss=0.013300
        Phase2 Epoch 100/250: loss=0.007976
        Phase2 Epoch 150/250: loss=0.008701
        Phase2 Epoch 200/250: loss=0.002325
        Phase2 Epoch 250/250: loss=0.002130
        E_mu=0.0535  E_Sigma=0.0349
      → baseline
  Precomputing encoder-pullback target...
  Stage 2 epoch 60/300: loss=0.443925
  Stage 2 epoch 120/300: loss=0.404375
  Stage 2 epoch 180/300: loss=0.341220
  Stage 2 epoch 240/300: loss=0.284785
  Stage 2 epoch 300/300: loss=0.244505
  Stage 3 epoch 60/300: loss=0.009455
  Stage 3 epoch 120/300: loss=0.008078
  Stage 3 epoch 180/300: loss=0.004838
  Stage 3 epoch 240/300: loss=0.002582
  Stage 3 epoch 300/300: loss=0.002028
  rcMTE@0.1: 0.4811 (343/500 in region)
  rcMTE@0.5: 0.7562 (167/500 in region)
  rcMTE@1.0: 0.7724 (86/500 in region)
  MTE@0.1: 0.7977
  MTE@0.5: 1.2137
  MTE@1.0: 1.3025
  W2@1.0:  0.4671
  sW2@0.1: 0.3353 (343/500 in region)
  sW2@0.2: 0.4334 (281/500 in region)
  sW2@0.5: 0.5755 (167/500 in region)
  sW2@1.0: 0.5167 (86/500 in region)
  MMD@1.0: 0.1760
  Survival@1.0: 64.4%
  Stopped@1.0:  17.2%
      Phase 2 AE: K_weight=0.1000
        Phase2 Epoch 50/250: loss=0.014222
        Phase2 Epoch 100/250: loss=0.017675
        Phase2 Epoch 150/250: loss=0.007910
        Phase2 Epoch 200/250: loss=0.006845
        Phase2 Epoch 250/250: loss=0.002004
        E_mu=0.0410  E_Sigma=0.0179
      → K
  Precomputing encoder-pullback target...
  Stage 2 epoch 60/300: loss=0.438144
  Stage 2 epoch 120/300: loss=0.398342
  Stage 2 epoch 180/300: loss=0.336807
  Stage 2 epoch 240/300: loss=0.280478
  Stage 2 epoch 300/300: loss=0.237805
  Stage 3 epoch 60/300: loss=0.010387
  Stage 3 epoch 120/300: loss=0.008794
  Stage 3 epoch 180/300: loss=0.004982
  Stage 3 epoch 240/300: loss=0.002339
  Stage 3 epoch 300/300: loss=0.001885
  rcMTE@0.1: 0.4824 (343/500 in region)
  rcMTE@0.5: 0.7597 (167/500 in region)
  rcMTE@1.0: 0.7777 (86/500 in region)
  MTE@0.1: 0.8025
  MTE@0.5: 1.2252
  MTE@1.0: 1.3222
  W2@1.0:  0.5080
  sW2@0.1: 0.3437 (343/500 in region)
  sW2@0.2: 0.4456 (281/500 in region)
  sW2@0.5: 0.5936 (167/500 in region)
  sW2@1.0: 0.5385 (86/500 in region)
  MMD@1.0: 0.1865
  Survival@1.0: 64.4%
  Stopped@1.0:  17.2%
      → K+S
  Precomputing encoder-pullback target...
  Stage 2 epoch 60/300: loss=0.438144
  Stage 2 epoch 120/300: loss=0.398342
  Stage 2 epoch 180/300: loss=0.336807
  Stage 2 epoch 240/300: loss=0.280478
  Stage 2 epoch 300/300: loss=0.237805
  Stage 3 epoch 60/300: loss=0.010387
  Stage 3 epoch 120/300: loss=0.008794
  Stage 3 epoch 180/300: loss=0.004982
  Stage 3 epoch 240/300: loss=0.002339
  Stage 3 epoch 300/300: loss=0.001885
  rcMTE@0.1: 0.4824 (343/500 in region)
  rcMTE@0.5: 0.7597 (167/500 in region)
  rcMTE@1.0: 0.7777 (86/500 in region)
  MTE@0.1: 0.8025
  MTE@0.5: 1.2252
  MTE@1.0: 1.3222
  W2@1.0:  0.5080
  sW2@0.1: 0.3437 (343/500 in region)
  sW2@0.2: 0.4456 (281/500 in region)
  sW2@0.5: 0.5936 (167/500 in region)
  sW2@1.0: 0.5385 (86/500 in region)
  MMD@1.0: 0.1865
  Survival@1.0: 64.4%
  Stopped@1.0:  17.2%

============================================================
  N=50 | D=11 (K=4) | paraboloid | seed=2042
============================================================
    Phase1 Epoch 50/250: loss=0.443668
    Phase1 Epoch 100/250: loss=0.032624
    Phase1 Epoch 150/250: loss=0.051025
    Phase1 Epoch 200/250: loss=0.013448
    Phase1 Epoch 250/250: loss=0.007697
      Phase 2 AE: K_weight=0.0000
        Phase2 Epoch 50/250: loss=0.006937
        Phase2 Epoch 100/250: loss=0.003239
        Phase2 Epoch 150/250: loss=0.007504
        Phase2 Epoch 200/250: loss=0.005751
        Phase2 Epoch 250/250: loss=0.002062
        E_mu=0.0668  E_Sigma=0.0327
      → baseline
  Precomputing encoder-pullback target...
  Stage 2 epoch 60/300: loss=0.321544
  Stage 2 epoch 120/300: loss=0.296286
  Stage 2 epoch 180/300: loss=0.268593
  Stage 2 epoch 240/300: loss=0.235544
  Stage 2 epoch 300/300: loss=0.230855
  Stage 3 epoch 60/300: loss=0.017109
  Stage 3 epoch 120/300: loss=0.009716
  Stage 3 epoch 180/300: loss=0.005291
  Stage 3 epoch 240/300: loss=0.003654
  Stage 3 epoch 300/300: loss=0.002646
  rcMTE@0.1: 0.5035 (348/500 in region)
  rcMTE@0.5: 0.8704 (161/500 in region)
  rcMTE@1.0: 0.9078 (63/500 in region)
  MTE@0.1: 0.7901
  MTE@0.5: 1.3280
  MTE@1.0: 1.4746
  W2@1.0:  0.8857
  sW2@0.1: 0.3957 (348/500 in region)
  sW2@0.2: 0.5879 (288/500 in region)
  sW2@0.5: 0.7459 (161/500 in region)
  sW2@1.0: 0.9080 (63/500 in region)
  MMD@1.0: 0.2213
  Survival@1.0: 62.0%
  Stopped@1.0:  12.6%
      Phase 2 AE: K_weight=0.1000
        Phase2 Epoch 50/250: loss=0.013118
        Phase2 Epoch 100/250: loss=0.004875
        Phase2 Epoch 150/250: loss=0.005750
        Phase2 Epoch 200/250: loss=0.004282
        Phase2 Epoch 250/250: loss=0.001578
        E_mu=0.0250  E_Sigma=0.0129
      → K
  Precomputing encoder-pullback target...
  Stage 2 epoch 60/300: loss=0.322097
  Stage 2 epoch 120/300: loss=0.297601
  Stage 2 epoch 180/300: loss=0.274470
  Stage 2 epoch 240/300: loss=0.242435
  Stage 2 epoch 300/300: loss=0.239823
  Stage 3 epoch 60/300: loss=0.020910
  Stage 3 epoch 120/300: loss=0.011368
  Stage 3 epoch 180/300: loss=0.005197
  Stage 3 epoch 240/300: loss=0.003046
  Stage 3 epoch 300/300: loss=0.001991
  rcMTE@0.1: 0.5029 (348/500 in region)
  rcMTE@0.5: 0.8614 (161/500 in region)
  rcMTE@1.0: 0.8947 (63/500 in region)
  MTE@0.1: 0.7928
  MTE@0.5: 1.3287
  MTE@1.0: 1.4634
  W2@1.0:  0.8463
  sW2@0.1: 0.4024 (348/500 in region)
  sW2@0.2: 0.5907 (288/500 in region)
  sW2@0.5: 0.7219 (161/500 in region)
  sW2@1.0: 0.8694 (63/500 in region)
  MMD@1.0: 0.2276
  Survival@1.0: 62.0%
  Stopped@1.0:  12.6%
      → K+S
  Precomputing encoder-pullback target...
  Stage 2 epoch 60/300: loss=0.322097
  Stage 2 epoch 120/300: loss=0.297601
  Stage 2 epoch 180/300: loss=0.274470
  Stage 2 epoch 240/300: loss=0.242435
  Stage 2 epoch 300/300: loss=0.239823
  Stage 3 epoch 60/300: loss=0.020910
  Stage 3 epoch 120/300: loss=0.011368
  Stage 3 epoch 180/300: loss=0.005197
  Stage 3 epoch 240/300: loss=0.003046
  Stage 3 epoch 300/300: loss=0.001991
  rcMTE@0.1: 0.5029 (348/500 in region)
  rcMTE@0.5: 0.8614 (161/500 in region)
  rcMTE@1.0: 0.8947 (63/500 in region)
  MTE@0.1: 0.7928
  MTE@0.5: 1.3287
  MTE@1.0: 1.4634
  W2@1.0:  0.8463
  sW2@0.1: 0.4024 (348/500 in region)
  sW2@0.2: 0.5907 (288/500 in region)
  sW2@0.5: 0.7219 (161/500 in region)
  sW2@1.0: 0.8694 (63/500 in region)
  MMD@1.0: 0.2276
  Survival@1.0: 62.0%
  Stopped@1.0:  12.6%

============================================================
  N=50 | D=11 (K=4) | paraboloid | seed=3042
============================================================
    Phase1 Epoch 50/250: loss=0.166668
    Phase1 Epoch 100/250: loss=0.055468
    Phase1 Epoch 150/250: loss=0.016784
    Phase1 Epoch 200/250: loss=0.009857
    Phase1 Epoch 250/250: loss=0.004179
      Phase 2 AE: K_weight=0.0000
        Phase2 Epoch 50/250: loss=0.012021
        Phase2 Epoch 100/250: loss=0.006234
        Phase2 Epoch 150/250: loss=0.003263
        Phase2 Epoch 200/250: loss=0.002679
        Phase2 Epoch 250/250: loss=0.001886
        E_mu=0.0272  E_Sigma=0.0187
      → baseline
  Precomputing encoder-pullback target...
  Stage 2 epoch 60/300: loss=1.037475
  Stage 2 epoch 120/300: loss=0.600322
  Stage 2 epoch 180/300: loss=0.506465
  Stage 2 epoch 240/300: loss=0.408331
  Stage 2 epoch 300/300: loss=0.358926
  Stage 3 epoch 60/300: loss=0.038014
  Stage 3 epoch 120/300: loss=0.032758
  Stage 3 epoch 180/300: loss=0.026940
  Stage 3 epoch 240/300: loss=0.023992
  Stage 3 epoch 300/300: loss=0.021957
  rcMTE@0.1: 0.4154 (343/500 in region)
  rcMTE@0.5: 0.6260 (164/500 in region)
  rcMTE@1.0: 0.6953 (63/500 in region)
  MTE@0.1: 0.7586
  MTE@0.5: 1.0493
  MTE@1.0: 1.2228
  W2@1.0:  0.6986
  sW2@0.1: 0.3344 (343/500 in region)
  sW2@0.2: 0.3679 (283/500 in region)
  sW2@0.5: 0.4308 (164/500 in region)
  sW2@1.0: 0.5892 (63/500 in region)
  MMD@1.0: 0.1441
  Survival@1.0: 64.2%
  Stopped@1.0:  12.6%
      Phase 2 AE: K_weight=0.1000
        Phase2 Epoch 50/250: loss=0.010271
        Phase2 Epoch 100/250: loss=0.006806
        Phase2 Epoch 150/250: loss=0.002954
        Phase2 Epoch 200/250: loss=0.002563
        Phase2 Epoch 250/250: loss=0.002135
        E_mu=0.0200  E_Sigma=0.0144
      → K
  Precomputing encoder-pullback target...
  Stage 2 epoch 60/300: loss=1.037358
  Stage 2 epoch 120/300: loss=0.601657
  Stage 2 epoch 180/300: loss=0.506825
  Stage 2 epoch 240/300: loss=0.412180
  Stage 2 epoch 300/300: loss=0.367399
  Stage 3 epoch 60/300: loss=0.038912
  Stage 3 epoch 120/300: loss=0.033262
  Stage 3 epoch 180/300: loss=0.027034
  Stage 3 epoch 240/300: loss=0.023866
  Stage 3 epoch 300/300: loss=0.021974
  rcMTE@0.1: 0.4194 (343/500 in region)
  rcMTE@0.5: 0.6294 (164/500 in region)
  rcMTE@1.0: 0.7033 (63/500 in region)
  MTE@0.1: 0.7650
  MTE@0.5: 1.0570
  MTE@1.0: 1.2358
  W2@1.0:  0.7219
  sW2@0.1: 0.3390 (343/500 in region)
  sW2@0.2: 0.3726 (283/500 in region)
  sW2@0.5: 0.4390 (164/500 in region)
  sW2@1.0: 0.5870 (63/500 in region)
  MMD@1.0: 0.1418
  Survival@1.0: 64.2%
  Stopped@1.0:  12.6%
      → K+S
  Precomputing encoder-pullback target...
  Stage 2 epoch 60/300: loss=1.037358
  Stage 2 epoch 120/300: loss=0.601657
  Stage 2 epoch 180/300: loss=0.506825
  Stage 2 epoch 240/300: loss=0.412180
  Stage 2 epoch 300/300: loss=0.367399
  Stage 3 epoch 60/300: loss=0.038912
  Stage 3 epoch 120/300: loss=0.033262
  Stage 3 epoch 180/300: loss=0.027034
  Stage 3 epoch 240/300: loss=0.023866
  Stage 3 epoch 300/300: loss=0.021974
  rcMTE@0.1: 0.4194 (343/500 in region)
  rcMTE@0.5: 0.6294 (164/500 in region)
  rcMTE@1.0: 0.7033 (63/500 in region)
  MTE@0.1: 0.7650
  MTE@0.5: 1.0570
  MTE@1.0: 1.2358
  W2@1.0:  0.7219
  sW2@0.1: 0.3390 (343/500 in region)
  sW2@0.2: 0.3726 (283/500 in region)
  sW2@0.5: 0.4390 (164/500 in region)
  sW2@1.0: 0.5870 (63/500 in region)
  MMD@1.0: 0.1418
  Survival@1.0: 64.2%
  Stopped@1.0:  12.6%

============================================================
  N=50 | D=11 (K=4) | paraboloid | seed=4042
============================================================
    Phase1 Epoch 50/250: loss=0.399289
    Phase1 Epoch 100/250: loss=0.061375
    Phase1 Epoch 150/250: loss=0.027724
    Phase1 Epoch 200/250: loss=0.016247
    Phase1 Epoch 250/250: loss=0.010243
      Phase 2 AE: K_weight=0.0000
        Phase2 Epoch 50/250: loss=0.008400
        Phase2 Epoch 100/250: loss=0.004733
        Phase2 Epoch 150/250: loss=0.008798
        Phase2 Epoch 200/250: loss=0.007827
        Phase2 Epoch 250/250: loss=0.002293
        E_mu=0.0521  E_Sigma=0.0416
      → baseline
  Precomputing encoder-pullback target...
  Stage 2 epoch 60/300: loss=0.584634
  Stage 2 epoch 120/300: loss=0.519872
  Stage 2 epoch 180/300: loss=0.515108
  Stage 2 epoch 240/300: loss=0.359335
  Stage 2 epoch 300/300: loss=0.267758
  Stage 3 epoch 60/300: loss=0.025743
  Stage 3 epoch 120/300: loss=0.019016
  Stage 3 epoch 180/300: loss=0.008220
  Stage 3 epoch 240/300: loss=0.004239
  Stage 3 epoch 300/300: loss=0.003670
  rcMTE@0.1: 0.5017 (342/500 in region)
  rcMTE@0.5: 0.7521 (168/500 in region)
  rcMTE@1.0: 0.8711 (75/500 in region)
  MTE@0.1: 0.8068
  MTE@0.5: 1.2541
  MTE@1.0: 1.3700
  W2@1.0:  0.6826
  sW2@0.1: 0.3673 (342/500 in region)
  sW2@0.2: 0.4214 (274/500 in region)
  sW2@0.5: 0.5625 (168/500 in region)
  sW2@1.0: 0.7694 (75/500 in region)
  MMD@1.0: 0.2609
  Survival@1.0: 59.8%
  Stopped@1.0:  15.0%
      Phase 2 AE: K_weight=0.1000
        Phase2 Epoch 50/250: loss=0.007349
        Phase2 Epoch 100/250: loss=0.009419
        Phase2 Epoch 150/250: loss=0.004046
        Phase2 Epoch 200/250: loss=0.011499
        Phase2 Epoch 250/250: loss=0.007857
        E_mu=0.0520  E_Sigma=0.1054
      → K
  Precomputing encoder-pullback target...
  Stage 2 epoch 60/300: loss=0.610216
  Stage 2 epoch 120/300: loss=0.546759
  Stage 2 epoch 180/300: loss=0.542862
  Stage 2 epoch 240/300: loss=0.375075
  Stage 2 epoch 300/300: loss=0.276546
  Stage 3 epoch 60/300: loss=0.029714
  Stage 3 epoch 120/300: loss=0.021381
  Stage 3 epoch 180/300: loss=0.007495
  Stage 3 epoch 240/300: loss=0.003873
  Stage 3 epoch 300/300: loss=0.003256
  rcMTE@0.1: 0.5095 (342/500 in region)
  rcMTE@0.5: 0.7558 (168/500 in region)
  rcMTE@1.0: 0.8570 (75/500 in region)
  MTE@0.1: 0.8200
  MTE@0.5: 1.2526
  MTE@1.0: 1.3584
  W2@1.0:  0.6569
  sW2@0.1: 0.3889 (342/500 in region)
  sW2@0.2: 0.4375 (274/500 in region)
  sW2@0.5: 0.5598 (168/500 in region)
  sW2@1.0: 0.7301 (75/500 in region)
  MMD@1.0: 0.2546
  Survival@1.0: 59.8%
  Stopped@1.0:  15.0%
      → K+S
  Precomputing encoder-pullback target...
  Stage 2 epoch 60/300: loss=0.610216
  Stage 2 epoch 120/300: loss=0.546759
  Stage 2 epoch 180/300: loss=0.542862
  Stage 2 epoch 240/300: loss=0.375075
  Stage 2 epoch 300/300: loss=0.276546
  Stage 3 epoch 60/300: loss=0.029714
  Stage 3 epoch 120/300: loss=0.021381
  Stage 3 epoch 180/300: loss=0.007495
  Stage 3 epoch 240/300: loss=0.003873
  Stage 3 epoch 300/300: loss=0.003256
  rcMTE@0.1: 0.5095 (342/500 in region)
  rcMTE@0.5: 0.7558 (168/500 in region)
  rcMTE@1.0: 0.8570 (75/500 in region)
  MTE@0.1: 0.8200
  MTE@0.5: 1.2526
  MTE@1.0: 1.3584
  W2@1.0:  0.6569
  sW2@0.1: 0.3889 (342/500 in region)
  sW2@0.2: 0.4375 (274/500 in region)
  sW2@0.5: 0.5598 (168/500 in region)
  sW2@1.0: 0.7301 (75/500 in region)
  MMD@1.0: 0.2546
  Survival@1.0: 59.8%
  Stopped@1.0:  15.0%

============================================================
  N=50 | D=11 (K=4) | paraboloid | seed=5042
============================================================
    Phase1 Epoch 50/250: loss=0.390803
    Phase1 Epoch 100/250: loss=0.045165
    Phase1 Epoch 150/250: loss=0.016496
    Phase1 Epoch 200/250: loss=0.008258
    Phase1 Epoch 250/250: loss=0.006456
      Phase 2 AE: K_weight=0.0000
        Phase2 Epoch 50/250: loss=0.011479
        Phase2 Epoch 100/250: loss=0.002816
        Phase2 Epoch 150/250: loss=0.002971
        Phase2 Epoch 200/250: loss=0.002015
        Phase2 Epoch 250/250: loss=0.001943
        E_mu=0.0375  E_Sigma=0.0380
      → baseline
  Precomputing encoder-pullback target...
  Stage 2 epoch 60/300: loss=0.427972
  Stage 2 epoch 120/300: loss=0.335474
  Stage 2 epoch 180/300: loss=0.294471
  Stage 2 epoch 240/300: loss=0.314189
  Stage 2 epoch 300/300: loss=0.283024
  Stage 3 epoch 60/300: loss=0.016365
  Stage 3 epoch 120/300: loss=0.004262
  Stage 3 epoch 180/300: loss=0.002842
  Stage 3 epoch 240/300: loss=0.002337
  Stage 3 epoch 300/300: loss=0.001957
  rcMTE@0.1: 0.7087 (331/500 in region)
  rcMTE@0.5: 1.0481 (161/500 in region)
  rcMTE@1.0: 1.1902 (71/500 in region)
  MTE@0.1: 1.1547
  MTE@0.5: 1.6139
  MTE@1.0: 1.7094
  W2@1.0:  0.5714
  sW2@0.1: 0.4536 (331/500 in region)
  sW2@0.2: 0.5833 (275/500 in region)
  sW2@0.5: 0.5505 (161/500 in region)
  sW2@1.0: 0.6349 (71/500 in region)
  MMD@1.0: 0.1722
  Survival@1.0: 65.6%
  Stopped@1.0:  14.2%
      Phase 2 AE: K_weight=0.1000
        Phase2 Epoch 50/250: loss=0.005060
        Phase2 Epoch 100/250: loss=0.049185
        Phase2 Epoch 150/250: loss=0.005427
        Phase2 Epoch 200/250: loss=0.002410
        Phase2 Epoch 250/250: loss=0.001986
        E_mu=0.0144  E_Sigma=0.0144
      → K
  Precomputing encoder-pullback target...
  Stage 2 epoch 60/300: loss=0.423249
  Stage 2 epoch 120/300: loss=0.339259
  Stage 2 epoch 180/300: loss=0.295395
  Stage 2 epoch 240/300: loss=0.313423
  Stage 2 epoch 300/300: loss=0.281202
  Stage 3 epoch 60/300: loss=0.022590
  Stage 3 epoch 120/300: loss=0.004295
  Stage 3 epoch 180/300: loss=0.002856
  Stage 3 epoch 240/300: loss=0.002121
  Stage 3 epoch 300/300: loss=0.001763
  rcMTE@0.1: 0.7098 (331/500 in region)
  rcMTE@0.5: 1.0433 (161/500 in region)
  rcMTE@1.0: 1.1816 (71/500 in region)
  MTE@0.1: 1.1590
  MTE@0.5: 1.6106
  MTE@1.0: 1.7033
  W2@1.0:  0.5734
  sW2@0.1: 0.4620 (331/500 in region)
  sW2@0.2: 0.5967 (275/500 in region)
  sW2@0.5: 0.5521 (161/500 in region)
  sW2@1.0: 0.6279 (71/500 in region)
  MMD@1.0: 0.1701
  Survival@1.0: 65.6%
  Stopped@1.0:  14.2%
      → K+S
  Precomputing encoder-pullback target...
  Stage 2 epoch 60/300: loss=0.423249
  Stage 2 epoch 120/300: loss=0.339259
  Stage 2 epoch 180/300: loss=0.295395
  Stage 2 epoch 240/300: loss=0.313423
  Stage 2 epoch 300/300: loss=0.281202
  Stage 3 epoch 60/300: loss=0.022590
  Stage 3 epoch 120/300: loss=0.004295
  Stage 3 epoch 180/300: loss=0.002856
  Stage 3 epoch 240/300: loss=0.002121
  Stage 3 epoch 300/300: loss=0.001763
  rcMTE@0.1: 0.7098 (331/500 in region)
  rcMTE@0.5: 1.0433 (161/500 in region)
  rcMTE@1.0: 1.1816 (71/500 in region)
  MTE@0.1: 1.1590
  MTE@0.5: 1.6106
  MTE@1.0: 1.7033
  W2@1.0:  0.5734
  sW2@0.1: 0.4620 (331/500 in region)
  sW2@0.2: 0.5967 (275/500 in region)
  sW2@0.5: 0.5521 (161/500 in region)
  sW2@1.0: 0.6279 (71/500 in region)
  MMD@1.0: 0.1701
  Survival@1.0: 65.6%
  Stopped@1.0:  14.2%

============================================================
  N=50 | D=11 (K=4) | paraboloid | seed=6042
============================================================
    Phase1 Epoch 50/250: loss=0.283935
    Phase1 Epoch 100/250: loss=0.068786
    Phase1 Epoch 150/250: loss=0.027231
    Phase1 Epoch 200/250: loss=0.010875
    Phase1 Epoch 250/250: loss=0.006589
      Phase 2 AE: K_weight=0.0000
        Phase2 Epoch 50/250: loss=0.010709
        Phase2 Epoch 100/250: loss=0.003355
        Phase2 Epoch 150/250: loss=0.026246
        Phase2 Epoch 200/250: loss=0.004064
        Phase2 Epoch 250/250: loss=0.001862
        E_mu=0.0428  E_Sigma=0.0208
      → baseline
  Precomputing encoder-pullback target...
  Stage 2 epoch 60/300: loss=0.842784
  Stage 2 epoch 120/300: loss=0.585194
  Stage 2 epoch 180/300: loss=0.450106
  Stage 2 epoch 240/300: loss=0.404512
  Stage 2 epoch 300/300: loss=0.351600
  Stage 3 epoch 60/300: loss=0.030036
  Stage 3 epoch 120/300: loss=0.027093
  Stage 3 epoch 180/300: loss=0.021425
  Stage 3 epoch 240/300: loss=0.017580
  Stage 3 epoch 300/300: loss=0.012676
  rcMTE@0.1: 0.3249 (329/500 in region)
  rcMTE@0.5: 0.4372 (153/500 in region)
  rcMTE@1.0: 0.4687 (78/500 in region)
  MTE@0.1: 0.5585
  MTE@0.5: 0.7776
  MTE@1.0: 0.8388
  W2@1.0:  0.6656
  sW2@0.1: 0.2561 (329/500 in region)
  sW2@0.2: 0.3000 (272/500 in region)
  sW2@0.5: 0.4779 (153/500 in region)
  sW2@1.0: 0.5600 (78/500 in region)
  MMD@1.0: 0.1819
  Survival@1.0: 62.8%
  Stopped@1.0:  15.6%
      Phase 2 AE: K_weight=0.1000
        Phase2 Epoch 50/250: loss=0.010195
        Phase2 Epoch 100/250: loss=0.003889
        Phase2 Epoch 150/250: loss=0.002975
        Phase2 Epoch 200/250: loss=0.002298
        Phase2 Epoch 250/250: loss=0.001959
        E_mu=0.0265  E_Sigma=0.0163
      → K
  Precomputing encoder-pullback target...
  Stage 2 epoch 60/300: loss=0.828247
  Stage 2 epoch 120/300: loss=0.586403
  Stage 2 epoch 180/300: loss=0.452798
  Stage 2 epoch 240/300: loss=0.413188
  Stage 2 epoch 300/300: loss=0.358565
  Stage 3 epoch 60/300: loss=0.029465
  Stage 3 epoch 120/300: loss=0.026685
  Stage 3 epoch 180/300: loss=0.021500
  Stage 3 epoch 240/300: loss=0.018239
  Stage 3 epoch 300/300: loss=0.013553
  rcMTE@0.1: 0.3259 (329/500 in region)
  rcMTE@0.5: 0.4462 (153/500 in region)
  rcMTE@1.0: 0.4820 (78/500 in region)
  MTE@0.1: 0.5581
  MTE@0.5: 0.7925
  MTE@1.0: 0.8633
  W2@1.0:  0.6924
  sW2@0.1: 0.2660 (329/500 in region)
  sW2@0.2: 0.2998 (272/500 in region)
  sW2@0.5: 0.4936 (153/500 in region)
  sW2@1.0: 0.5954 (78/500 in region)
  MMD@1.0: 0.1978
  Survival@1.0: 62.8%
  Stopped@1.0:  15.6%
      → K+S
  Precomputing encoder-pullback target...
  Stage 2 epoch 60/300: loss=0.828247
  Stage 2 epoch 120/300: loss=0.586403
  Stage 2 epoch 180/300: loss=0.452798
  Stage 2 epoch 240/300: loss=0.413188
  Stage 2 epoch 300/300: loss=0.358565
  Stage 3 epoch 60/300: loss=0.029465
  Stage 3 epoch 120/300: loss=0.026685
  Stage 3 epoch 180/300: loss=0.021500
  Stage 3 epoch 240/300: loss=0.018239
  Stage 3 epoch 300/300: loss=0.013553
  rcMTE@0.1: 0.3259 (329/500 in region)
  rcMTE@0.5: 0.4462 (153/500 in region)
  rcMTE@1.0: 0.4820 (78/500 in region)
  MTE@0.1: 0.5581
  MTE@0.5: 0.7925
  MTE@1.0: 0.8633
  W2@1.0:  0.6924
  sW2@0.1: 0.2660 (329/500 in region)
  sW2@0.2: 0.2998 (272/500 in region)
  sW2@0.5: 0.4936 (153/500 in region)
  sW2@1.0: 0.5954 (78/500 in region)
  MMD@1.0: 0.1978
  Survival@1.0: 62.8%
  Stopped@1.0:  15.6%

============================================================
  N=50 | D=11 (K=4) | paraboloid | seed=7042
============================================================
    Phase1 Epoch 50/250: loss=0.285197
    Phase1 Epoch 100/250: loss=0.058356
    Phase1 Epoch 150/250: loss=0.023069
    Phase1 Epoch 200/250: loss=0.026212
    Phase1 Epoch 250/250: loss=0.012065
      Phase 2 AE: K_weight=0.0000
        Phase2 Epoch 50/250: loss=0.016579
        Phase2 Epoch 100/250: loss=0.004884
        Phase2 Epoch 150/250: loss=0.003125
        Phase2 Epoch 200/250: loss=0.012464
        Phase2 Epoch 250/250: loss=0.006053
        E_mu=0.0387  E_Sigma=0.0248
      → baseline
  Precomputing encoder-pullback target...
  Stage 2 epoch 60/300: loss=0.881837
  Stage 2 epoch 120/300: loss=0.643057
  Stage 2 epoch 180/300: loss=0.395205
  Stage 2 epoch 240/300: loss=0.309720
  Stage 2 epoch 300/300: loss=0.273837
  Stage 3 epoch 60/300: loss=0.011192
  Stage 3 epoch 120/300: loss=0.006748
  Stage 3 epoch 180/300: loss=0.004388
  Stage 3 epoch 240/300: loss=0.003540
  Stage 3 epoch 300/300: loss=0.003058
  rcMTE@0.1: 0.4727 (371/500 in region)
  rcMTE@0.5: 0.6343 (178/500 in region)
  rcMTE@1.0: 0.6191 (82/500 in region)
  MTE@0.1: 0.7614
  MTE@0.5: 1.0661
  MTE@1.0: 1.0830
  W2@1.0:  0.3498
  sW2@0.1: 0.2819 (371/500 in region)
  sW2@0.2: 0.2672 (296/500 in region)
  sW2@0.5: 0.3362 (178/500 in region)
  sW2@1.0: 0.3512 (82/500 in region)
  MMD@1.0: 0.1051
  Survival@1.0: 63.4%
  Stopped@1.0:  16.4%
      Phase 2 AE: K_weight=0.1000
        Phase2 Epoch 50/250: loss=0.010925
        Phase2 Epoch 100/250: loss=0.006894
        Phase2 Epoch 150/250: loss=0.009027
        Phase2 Epoch 200/250: loss=0.003472
        Phase2 Epoch 250/250: loss=0.008988
        E_mu=0.0319  E_Sigma=0.0511
      → K
  Precomputing encoder-pullback target...
  Stage 2 epoch 60/300: loss=0.841948
  Stage 2 epoch 120/300: loss=0.609600
  Stage 2 epoch 180/300: loss=0.379683
  Stage 2 epoch 240/300: loss=0.302837
  Stage 2 epoch 300/300: loss=0.267653
  Stage 3 epoch 60/300: loss=0.012067
  Stage 3 epoch 120/300: loss=0.007383
  Stage 3 epoch 180/300: loss=0.004829
  Stage 3 epoch 240/300: loss=0.003845
  Stage 3 epoch 300/300: loss=0.003215
  rcMTE@0.1: 0.4760 (371/500 in region)
  rcMTE@0.5: 0.6446 (178/500 in region)
  rcMTE@1.0: 0.6295 (82/500 in region)
  MTE@0.1: 0.7650
  MTE@0.5: 1.0765
  MTE@1.0: 1.0974
  W2@1.0:  0.3826
  sW2@0.1: 0.2918 (371/500 in region)
  sW2@0.2: 0.2837 (296/500 in region)
  sW2@0.5: 0.3887 (178/500 in region)
  sW2@1.0: 0.3936 (82/500 in region)
  MMD@1.0: 0.1115
  Survival@1.0: 63.4%
  Stopped@1.0:  16.4%
      → K+S
  Precomputing encoder-pullback target...
  Stage 2 epoch 60/300: loss=0.841948
  Stage 2 epoch 120/300: loss=0.609600
  Stage 2 epoch 180/300: loss=0.379683
  Stage 2 epoch 240/300: loss=0.302837
  Stage 2 epoch 300/300: loss=0.267653
  Stage 3 epoch 60/300: loss=0.012067
  Stage 3 epoch 120/300: loss=0.007383
  Stage 3 epoch 180/300: loss=0.004829
  Stage 3 epoch 240/300: loss=0.003845
  Stage 3 epoch 300/300: loss=0.003215
  rcMTE@0.1: 0.4760 (371/500 in region)
  rcMTE@0.5: 0.6446 (178/500 in region)
  rcMTE@1.0: 0.6295 (82/500 in region)
  MTE@0.1: 0.7650
  MTE@0.5: 1.0765
  MTE@1.0: 1.0974
  W2@1.0:  0.3826
  sW2@0.1: 0.2918 (371/500 in region)
  sW2@0.2: 0.2837 (296/500 in region)
  sW2@0.5: 0.3887 (178/500 in region)
  sW2@1.0: 0.3936 (82/500 in region)
  MMD@1.0: 0.1115
  Survival@1.0: 63.4%
  Stopped@1.0:  16.4%

============================================================
  N=50 | D=11 (K=4) | paraboloid | seed=8042
============================================================
    Phase1 Epoch 50/250: loss=0.290525
    Phase1 Epoch 100/250: loss=0.059242
    Phase1 Epoch 150/250: loss=0.041295
    Phase1 Epoch 200/250: loss=0.014563
    Phase1 Epoch 250/250: loss=0.017565
      Phase 2 AE: K_weight=0.0000
        Phase2 Epoch 50/250: loss=0.015214
        Phase2 Epoch 100/250: loss=0.009118
        Phase2 Epoch 150/250: loss=0.017032
        Phase2 Epoch 200/250: loss=0.003237
        Phase2 Epoch 250/250: loss=0.003034
        E_mu=0.0548  E_Sigma=0.0279
      → baseline
  Precomputing encoder-pullback target...
  Stage 2 epoch 60/300: loss=1.071818
  Stage 2 epoch 120/300: loss=0.893890
  Stage 2 epoch 180/300: loss=0.487997
  Stage 2 epoch 240/300: loss=0.419925
  Stage 2 epoch 300/300: loss=0.265908
  Stage 3 epoch 60/300: loss=0.011846
  Stage 3 epoch 120/300: loss=0.007877
  Stage 3 epoch 180/300: loss=0.005300
  Stage 3 epoch 240/300: loss=0.003625
  Stage 3 epoch 300/300: loss=0.003598
  rcMTE@0.1: 0.4878 (346/500 in region)
  rcMTE@0.5: 0.7580 (171/500 in region)
  rcMTE@1.0: 0.8502 (75/500 in region)
  MTE@0.1: 0.7945
  MTE@0.5: 1.1372
  MTE@1.0: 1.2627
  W2@1.0:  0.7248
  sW2@0.1: 0.2544 (346/500 in region)
  sW2@0.2: 0.2616 (275/500 in region)
  sW2@0.5: 0.4400 (171/500 in region)
  sW2@1.0: 0.7309 (75/500 in region)
  MMD@1.0: 0.1783
  Survival@1.0: 62.6%
  Stopped@1.0:  15.0%
      Phase 2 AE: K_weight=0.1000
        Phase2 Epoch 50/250: loss=0.015098
        Phase2 Epoch 100/250: loss=0.004847
        Phase2 Epoch 150/250: loss=0.004117
        Phase2 Epoch 200/250: loss=0.003334
        Phase2 Epoch 250/250: loss=0.002981
        E_mu=0.0522  E_Sigma=0.0344
      → K
  Precomputing encoder-pullback target...
  Stage 2 epoch 60/300: loss=1.090709
  Stage 2 epoch 120/300: loss=0.942097
  Stage 2 epoch 180/300: loss=0.513540
  Stage 2 epoch 240/300: loss=0.445208
  Stage 2 epoch 300/300: loss=0.280612
  Stage 3 epoch 60/300: loss=0.013926
  Stage 3 epoch 120/300: loss=0.008085
  Stage 3 epoch 180/300: loss=0.005141
  Stage 3 epoch 240/300: loss=0.003307
  Stage 3 epoch 300/300: loss=0.003125
  rcMTE@0.1: 0.4853 (346/500 in region)
  rcMTE@0.5: 0.7607 (171/500 in region)
  rcMTE@1.0: 0.8556 (75/500 in region)
  MTE@0.1: 0.7927
  MTE@0.5: 1.1384
  MTE@1.0: 1.2679
  W2@1.0:  0.7435
  sW2@0.1: 0.2537 (346/500 in region)
  sW2@0.2: 0.2663 (275/500 in region)
  sW2@0.5: 0.4580 (171/500 in region)
  sW2@1.0: 0.7547 (75/500 in region)
  MMD@1.0: 0.1867
  Survival@1.0: 62.6%
  Stopped@1.0:  15.0%
      → K+S
  Precomputing encoder-pullback target...
  Stage 2 epoch 60/300: loss=1.090709
  Stage 2 epoch 120/300: loss=0.942097
  Stage 2 epoch 180/300: loss=0.513540
  Stage 2 epoch 240/300: loss=0.445208
  Stage 2 epoch 300/300: loss=0.280612
  Stage 3 epoch 60/300: loss=0.013926
  Stage 3 epoch 120/300: loss=0.008085
  Stage 3 epoch 180/300: loss=0.005141
  Stage 3 epoch 240/300: loss=0.003307
  Stage 3 epoch 300/300: loss=0.003125
  rcMTE@0.1: 0.4853 (346/500 in region)
  rcMTE@0.5: 0.7607 (171/500 in region)
  rcMTE@1.0: 0.8556 (75/500 in region)
  MTE@0.1: 0.7927
  MTE@0.5: 1.1384
  MTE@1.0: 1.2679
  W2@1.0:  0.7435
  sW2@0.1: 0.2537 (346/500 in region)
  sW2@0.2: 0.2663 (275/500 in region)
  sW2@0.5: 0.4580 (171/500 in region)
  sW2@1.0: 0.7547 (75/500 in region)
  MMD@1.0: 0.1867
  Survival@1.0: 62.6%
  Stopped@1.0:  15.0%

============================================================
  N=50 | D=11 (K=4) | paraboloid | seed=9042
============================================================
    Phase1 Epoch 50/250: loss=0.303306
    Phase1 Epoch 100/250: loss=0.051639
    Phase1 Epoch 150/250: loss=0.025843
    Phase1 Epoch 200/250: loss=0.016004
    Phase1 Epoch 250/250: loss=0.007797
      Phase 2 AE: K_weight=0.0000
        Phase2 Epoch 50/250: loss=0.008371
        Phase2 Epoch 100/250: loss=0.003292
        Phase2 Epoch 150/250: loss=0.002732
        Phase2 Epoch 200/250: loss=0.001898
        Phase2 Epoch 250/250: loss=0.001682
        E_mu=0.0396  E_Sigma=0.0357
      → baseline
  Precomputing encoder-pullback target...
  Stage 2 epoch 60/300: loss=0.969628
  Stage 2 epoch 120/300: loss=0.402654
  Stage 2 epoch 180/300: loss=0.280771
  Stage 2 epoch 240/300: loss=0.216465
  Stage 2 epoch 300/300: loss=0.207898
  Stage 3 epoch 60/300: loss=0.027676
  Stage 3 epoch 120/300: loss=0.008592
  Stage 3 epoch 180/300: loss=0.005270
  Stage 3 epoch 240/300: loss=0.004315
  Stage 3 epoch 300/300: loss=0.003723
  rcMTE@0.1: 0.2060 (321/500 in region)
  rcMTE@0.5: 0.3700 (155/500 in region)
  rcMTE@1.0: 0.4359 (66/500 in region)
  MTE@0.1: 0.3847
  MTE@0.5: 0.6118
  MTE@1.0: 0.7426
  W2@1.0:  0.6034
  sW2@0.1: 0.2434 (321/500 in region)
  sW2@0.2: 0.3049 (266/500 in region)
  sW2@0.5: 0.4563 (155/500 in region)
  sW2@1.0: 0.6244 (66/500 in region)
  MMD@1.0: 0.1355
  Survival@1.0: 61.0%
  Stopped@1.0:  13.2%
      Phase 2 AE: K_weight=0.1000
        Phase2 Epoch 50/250: loss=0.013984
        Phase2 Epoch 100/250: loss=0.026246
        Phase2 Epoch 150/250: loss=0.003033
        Phase2 Epoch 200/250: loss=0.005414
        Phase2 Epoch 250/250: loss=0.001874
        E_mu=0.0203  E_Sigma=0.0110
      → K
  Precomputing encoder-pullback target...
  Stage 2 epoch 60/300: loss=0.984416
  Stage 2 epoch 120/300: loss=0.415372
  Stage 2 epoch 180/300: loss=0.282434
  Stage 2 epoch 240/300: loss=0.218720
  Stage 2 epoch 300/300: loss=0.209459
  Stage 3 epoch 60/300: loss=0.031294
  Stage 3 epoch 120/300: loss=0.008695
  Stage 3 epoch 180/300: loss=0.005686
  Stage 3 epoch 240/300: loss=0.004532
  Stage 3 epoch 300/300: loss=0.003817
  rcMTE@0.1: 0.2026 (321/500 in region)
  rcMTE@0.5: 0.3628 (155/500 in region)
  rcMTE@1.0: 0.4235 (66/500 in region)
  MTE@0.1: 0.3795
  MTE@0.5: 0.6056
  MTE@1.0: 0.7331
  W2@1.0:  0.5888
  sW2@0.1: 0.2385 (321/500 in region)
  sW2@0.2: 0.2917 (266/500 in region)
  sW2@0.5: 0.4403 (155/500 in region)
  sW2@1.0: 0.6068 (66/500 in region)
  MMD@1.0: 0.1289
  Survival@1.0: 61.0%
  Stopped@1.0:  13.2%
      → K+S
  Precomputing encoder-pullback target...
  Stage 2 epoch 60/300: loss=0.984416
  Stage 2 epoch 120/300: loss=0.415372
  Stage 2 epoch 180/300: loss=0.282434
  Stage 2 epoch 240/300: loss=0.218720
  Stage 2 epoch 300/300: loss=0.209459
  Stage 3 epoch 60/300: loss=0.031294
  Stage 3 epoch 120/300: loss=0.008695
  Stage 3 epoch 180/300: loss=0.005686
  Stage 3 epoch 240/300: loss=0.004532
  Stage 3 epoch 300/300: loss=0.003817
  rcMTE@0.1: 0.2026 (321/500 in region)
  rcMTE@0.5: 0.3628 (155/500 in region)
  rcMTE@1.0: 0.4235 (66/500 in region)
  MTE@0.1: 0.3795
  MTE@0.5: 0.6056
  MTE@1.0: 0.7331
  W2@1.0:  0.5888
  sW2@0.1: 0.2385 (321/500 in region)
  sW2@0.2: 0.2917 (266/500 in region)
  sW2@0.5: 0.4403 (155/500 in region)
  sW2@1.0: 0.6068 (66/500 in region)
  MMD@1.0: 0.1289
  Survival@1.0: 61.0%
  Stopped@1.0:  13.2%

============================================================
  N=50 | D=11 (K=4) | hyperbolic_paraboloid | seed=42
============================================================
    Phase1 Epoch 50/250: loss=0.085683
    Phase1 Epoch 100/250: loss=0.026150
    Phase1 Epoch 150/250: loss=0.020129
    Phase1 Epoch 200/250: loss=0.007763
    Phase1 Epoch 250/250: loss=0.005705
      Phase 2 AE: K_weight=0.0000
        Phase2 Epoch 50/250: loss=0.004764
        Phase2 Epoch 100/250: loss=0.002195
        Phase2 Epoch 150/250: loss=0.002394
        Phase2 Epoch 200/250: loss=0.002881
        Phase2 Epoch 250/250: loss=0.006421
        E_mu=0.0302  E_Sigma=0.0308
      → baseline
  Precomputing encoder-pullback target...
  Stage 2 epoch 60/300: loss=0.330762
  Stage 2 epoch 120/300: loss=0.275477
  Stage 2 epoch 180/300: loss=0.194153
  Stage 2 epoch 240/300: loss=0.160309
  Stage 2 epoch 300/300: loss=0.155326
  Stage 3 epoch 60/300: loss=0.036985
  Stage 3 epoch 120/300: loss=0.020267
  Stage 3 epoch 180/300: loss=0.014824
  Stage 3 epoch 240/300: loss=0.012375
  Stage 3 epoch 300/300: loss=0.009217
  rcMTE@0.1: 0.4491 (333/500 in region)
  rcMTE@0.5: 0.7831 (177/500 in region)
  rcMTE@1.0: 0.7532 (74/500 in region)
  MTE@0.1: 0.7769
  MTE@0.5: 1.1811
  MTE@1.0: 1.3036
  W2@1.0:  0.4785
  sW2@0.1: 0.3079 (333/500 in region)
  sW2@0.2: 0.3535 (279/500 in region)
  sW2@0.5: 0.4035 (177/500 in region)
  sW2@1.0: 0.3218 (74/500 in region)
  MMD@1.0: 0.0875
  Survival@1.0: 62.6%
  Stopped@1.0:  14.8%
      Phase 2 AE: K_weight=0.1000
        Phase2 Epoch 50/250: loss=0.006025
        Phase2 Epoch 100/250: loss=0.003289
        Phase2 Epoch 150/250: loss=0.002463
        Phase2 Epoch 200/250: loss=0.002091
        Phase2 Epoch 250/250: loss=0.001971
        E_mu=0.0249  E_Sigma=0.0242
      → K
  Precomputing encoder-pullback target...
  Stage 2 epoch 60/300: loss=0.321756
  Stage 2 epoch 120/300: loss=0.271941
  Stage 2 epoch 180/300: loss=0.196764
  Stage 2 epoch 240/300: loss=0.162250
  Stage 2 epoch 300/300: loss=0.158511
  Stage 3 epoch 60/300: loss=0.038920
  Stage 3 epoch 120/300: loss=0.020842
  Stage 3 epoch 180/300: loss=0.015289
  Stage 3 epoch 240/300: loss=0.012689
  Stage 3 epoch 300/300: loss=0.009463
  rcMTE@0.1: 0.4492 (333/500 in region)
  rcMTE@0.5: 0.7809 (177/500 in region)
  rcMTE@1.0: 0.7529 (74/500 in region)
  MTE@0.1: 0.7789
  MTE@0.5: 1.1854
  MTE@1.0: 1.3034
  W2@1.0:  0.4756
  sW2@0.1: 0.3139 (333/500 in region)
  sW2@0.2: 0.3578 (279/500 in region)
  sW2@0.5: 0.4083 (177/500 in region)
  sW2@1.0: 0.3181 (74/500 in region)
  MMD@1.0: 0.0881
  Survival@1.0: 62.6%
  Stopped@1.0:  14.8%
      → K+S
  Precomputing encoder-pullback target...
  Stage 2 epoch 60/300: loss=0.321756
  Stage 2 epoch 120/300: loss=0.271941
  Stage 2 epoch 180/300: loss=0.196764
  Stage 2 epoch 240/300: loss=0.162250
  Stage 2 epoch 300/300: loss=0.158511
  Stage 3 epoch 60/300: loss=0.038920
  Stage 3 epoch 120/300: loss=0.020842
  Stage 3 epoch 180/300: loss=0.015289
  Stage 3 epoch 240/300: loss=0.012689
  Stage 3 epoch 300/300: loss=0.009463
  rcMTE@0.1: 0.4492 (333/500 in region)
  rcMTE@0.5: 0.7809 (177/500 in region)
  rcMTE@1.0: 0.7529 (74/500 in region)
  MTE@0.1: 0.7789
  MTE@0.5: 1.1854
  MTE@1.0: 1.3034
  W2@1.0:  0.4756
  sW2@0.1: 0.3139 (333/500 in region)
  sW2@0.2: 0.3578 (279/500 in region)
  sW2@0.5: 0.4083 (177/500 in region)
  sW2@1.0: 0.3181 (74/500 in region)
  MMD@1.0: 0.0881
  Survival@1.0: 62.6%
  Stopped@1.0:  14.8%

============================================================
  N=50 | D=11 (K=4) | hyperbolic_paraboloid | seed=1042
============================================================
    Phase1 Epoch 50/250: loss=0.555980
    Phase1 Epoch 100/250: loss=0.049804
    Phase1 Epoch 150/250: loss=0.018970
    Phase1 Epoch 200/250: loss=0.012838
    Phase1 Epoch 250/250: loss=0.002320
      Phase 2 AE: K_weight=0.0000
        Phase2 Epoch 50/250: loss=0.011170
        Phase2 Epoch 100/250: loss=0.006842
        Phase2 Epoch 150/250: loss=0.001052
        Phase2 Epoch 200/250: loss=0.000931
        Phase2 Epoch 250/250: loss=0.000805
        E_mu=0.0322  E_Sigma=0.0217
      → baseline
  Precomputing encoder-pullback target...
  Stage 2 epoch 60/300: loss=0.351045
  Stage 2 epoch 120/300: loss=0.338730
  Stage 2 epoch 180/300: loss=0.284266
  Stage 2 epoch 240/300: loss=0.239430
  Stage 2 epoch 300/300: loss=0.225063
  Stage 3 epoch 60/300: loss=0.010375
  Stage 3 epoch 120/300: loss=0.009125
  Stage 3 epoch 180/300: loss=0.004950
  Stage 3 epoch 240/300: loss=0.001845
  Stage 3 epoch 300/300: loss=0.001278
  rcMTE@0.1: 0.4761 (343/500 in region)
  rcMTE@0.5: 0.7316 (167/500 in region)
  rcMTE@1.0: 0.7532 (86/500 in region)
  MTE@0.1: 0.7946
  MTE@0.5: 1.1293
  MTE@1.0: 1.2554
  W2@1.0:  0.3912
  sW2@0.1: 0.3041 (343/500 in region)
  sW2@0.2: 0.3408 (281/500 in region)
  sW2@0.5: 0.4105 (167/500 in region)
  sW2@1.0: 0.4354 (86/500 in region)
  MMD@1.0: 0.1284
  Survival@1.0: 64.4%
  Stopped@1.0:  17.2%
      Phase 2 AE: K_weight=0.1000
        Phase2 Epoch 50/250: loss=0.012501
        Phase2 Epoch 100/250: loss=0.005486
        Phase2 Epoch 150/250: loss=0.001495
        Phase2 Epoch 200/250: loss=0.001279
        Phase2 Epoch 250/250: loss=0.001176
        E_mu=0.0308  E_Sigma=0.0158
      → K
  Precomputing encoder-pullback target...
  Stage 2 epoch 60/300: loss=0.348808
  Stage 2 epoch 120/300: loss=0.338272
  Stage 2 epoch 180/300: loss=0.283762
  Stage 2 epoch 240/300: loss=0.238324
  Stage 2 epoch 300/300: loss=0.223247
  Stage 3 epoch 60/300: loss=0.010175
  Stage 3 epoch 120/300: loss=0.008984
  Stage 3 epoch 180/300: loss=0.004919
  Stage 3 epoch 240/300: loss=0.001717
  Stage 3 epoch 300/300: loss=0.001151
  rcMTE@0.1: 0.4769 (343/500 in region)
  rcMTE@0.5: 0.7326 (167/500 in region)
  rcMTE@1.0: 0.7540 (86/500 in region)
  MTE@0.1: 0.7975
  MTE@0.5: 1.1351
  MTE@1.0: 1.2624
  W2@1.0:  0.4025
  sW2@0.1: 0.3099 (343/500 in region)
  sW2@0.2: 0.3486 (281/500 in region)
  sW2@0.5: 0.4158 (167/500 in region)
  sW2@1.0: 0.4432 (86/500 in region)
  MMD@1.0: 0.1325
  Survival@1.0: 64.4%
  Stopped@1.0:  17.2%
      → K+S
  Precomputing encoder-pullback target...
  Stage 2 epoch 60/300: loss=0.348808
  Stage 2 epoch 120/300: loss=0.338272
  Stage 2 epoch 180/300: loss=0.283762
  Stage 2 epoch 240/300: loss=0.238324
  Stage 2 epoch 300/300: loss=0.223247
  Stage 3 epoch 60/300: loss=0.010175
  Stage 3 epoch 120/300: loss=0.008984
  Stage 3 epoch 180/300: loss=0.004919
  Stage 3 epoch 240/300: loss=0.001717
  Stage 3 epoch 300/300: loss=0.001151
  rcMTE@0.1: 0.4769 (343/500 in region)
  rcMTE@0.5: 0.7326 (167/500 in region)
  rcMTE@1.0: 0.7540 (86/500 in region)
  MTE@0.1: 0.7975
  MTE@0.5: 1.1351
  MTE@1.0: 1.2624
  W2@1.0:  0.4025
  sW2@0.1: 0.3099 (343/500 in region)
  sW2@0.2: 0.3486 (281/500 in region)
  sW2@0.5: 0.4158 (167/500 in region)
  sW2@1.0: 0.4432 (86/500 in region)
  MMD@1.0: 0.1325
  Survival@1.0: 64.4%
  Stopped@1.0:  17.2%

============================================================
  N=50 | D=11 (K=4) | hyperbolic_paraboloid | seed=2042
============================================================
    Phase1 Epoch 50/250: loss=0.364675
    Phase1 Epoch 100/250: loss=0.020974
    Phase1 Epoch 150/250: loss=0.016655
    Phase1 Epoch 200/250: loss=0.004819
    Phase1 Epoch 250/250: loss=0.003193
      Phase 2 AE: K_weight=0.0000
        Phase2 Epoch 50/250: loss=0.003342
        Phase2 Epoch 100/250: loss=0.002615
        Phase2 Epoch 150/250: loss=0.012360
        Phase2 Epoch 200/250: loss=0.001433
        Phase2 Epoch 250/250: loss=0.001352
        E_mu=0.0361  E_Sigma=0.0313
      → baseline
  Precomputing encoder-pullback target...
  Stage 2 epoch 60/300: loss=0.249417
  Stage 2 epoch 120/300: loss=0.193188
  Stage 2 epoch 180/300: loss=0.166539
  Stage 2 epoch 240/300: loss=0.148461
  Stage 2 epoch 300/300: loss=0.136709
  Stage 3 epoch 60/300: loss=0.017803
  Stage 3 epoch 120/300: loss=0.005571
  Stage 3 epoch 180/300: loss=0.003592
  Stage 3 epoch 240/300: loss=0.002867
  Stage 3 epoch 300/300: loss=0.002254
  rcMTE@0.1: 0.4964 (348/500 in region)
  rcMTE@0.5: 0.8742 (161/500 in region)
  rcMTE@1.0: 0.9374 (63/500 in region)
  MTE@0.1: 0.7796
  MTE@0.5: 1.2810
  MTE@1.0: 1.4116
  W2@1.0:  0.7018
  sW2@0.1: 0.3584 (348/500 in region)
  sW2@0.2: 0.5310 (288/500 in region)
  sW2@0.5: 0.7175 (161/500 in region)
  sW2@1.0: 0.8209 (63/500 in region)
  MMD@1.0: 0.2210
  Survival@1.0: 62.0%
  Stopped@1.0:  12.6%
      Phase 2 AE: K_weight=0.1000
        Phase2 Epoch 50/250: loss=0.012437
        Phase2 Epoch 100/250: loss=0.005064
        Phase2 Epoch 150/250: loss=0.002910
        Phase2 Epoch 200/250: loss=0.002483
        Phase2 Epoch 250/250: loss=0.002081
        E_mu=0.0258  E_Sigma=0.0243
      → K
  Precomputing encoder-pullback target...
  Stage 2 epoch 60/300: loss=0.248144
  Stage 2 epoch 120/300: loss=0.192606
  Stage 2 epoch 180/300: loss=0.164193
  Stage 2 epoch 240/300: loss=0.144585
  Stage 2 epoch 300/300: loss=0.134098
  Stage 3 epoch 60/300: loss=0.019237
  Stage 3 epoch 120/300: loss=0.006040
  Stage 3 epoch 180/300: loss=0.003857
  Stage 3 epoch 240/300: loss=0.003021
  Stage 3 epoch 300/300: loss=0.002292
  rcMTE@0.1: 0.4952 (348/500 in region)
  rcMTE@0.5: 0.8634 (161/500 in region)
  rcMTE@1.0: 0.9293 (63/500 in region)
  MTE@0.1: 0.7822
  MTE@0.5: 1.2803
  MTE@1.0: 1.3925
  W2@1.0:  0.6895
  sW2@0.1: 0.3645 (348/500 in region)
  sW2@0.2: 0.5434 (288/500 in region)
  sW2@0.5: 0.7167 (161/500 in region)
  sW2@1.0: 0.7837 (63/500 in region)
  MMD@1.0: 0.2184
  Survival@1.0: 62.0%
  Stopped@1.0:  12.6%
      → K+S
  Precomputing encoder-pullback target...
  Stage 2 epoch 60/300: loss=0.248144
  Stage 2 epoch 120/300: loss=0.192606
  Stage 2 epoch 180/300: loss=0.164193
  Stage 2 epoch 240/300: loss=0.144585
  Stage 2 epoch 300/300: loss=0.134098
  Stage 3 epoch 60/300: loss=0.019237
  Stage 3 epoch 120/300: loss=0.006040
  Stage 3 epoch 180/300: loss=0.003857
  Stage 3 epoch 240/300: loss=0.003021
  Stage 3 epoch 300/300: loss=0.002292
  rcMTE@0.1: 0.4952 (348/500 in region)
  rcMTE@0.5: 0.8634 (161/500 in region)
  rcMTE@1.0: 0.9293 (63/500 in region)
  MTE@0.1: 0.7822
  MTE@0.5: 1.2803
  MTE@1.0: 1.3925
  W2@1.0:  0.6895
  sW2@0.1: 0.3645 (348/500 in region)
  sW2@0.2: 0.5434 (288/500 in region)
  sW2@0.5: 0.7167 (161/500 in region)
  sW2@1.0: 0.7837 (63/500 in region)
  MMD@1.0: 0.2184
  Survival@1.0: 62.0%
  Stopped@1.0:  12.6%

============================================================
  N=50 | D=11 (K=4) | hyperbolic_paraboloid | seed=3042
============================================================
    Phase1 Epoch 50/250: loss=0.057968
    Phase1 Epoch 100/250: loss=0.025021
    Phase1 Epoch 150/250: loss=0.013904
    Phase1 Epoch 200/250: loss=0.012102
    Phase1 Epoch 250/250: loss=0.007915
      Phase 2 AE: K_weight=0.0000
        Phase2 Epoch 50/250: loss=0.002925
        Phase2 Epoch 100/250: loss=0.001856
        Phase2 Epoch 150/250: loss=0.001684
        Phase2 Epoch 200/250: loss=0.001493
        Phase2 Epoch 250/250: loss=0.001236
        E_mu=0.0213  E_Sigma=0.0136
      → baseline
  Precomputing encoder-pullback target...
  Stage 2 epoch 60/300: loss=0.659006
  Stage 2 epoch 120/300: loss=0.418441
  Stage 2 epoch 180/300: loss=0.357598
  Stage 2 epoch 240/300: loss=0.296529
  Stage 2 epoch 300/300: loss=0.260854
  Stage 3 epoch 60/300: loss=0.057858
  Stage 3 epoch 120/300: loss=0.049251
  Stage 3 epoch 180/300: loss=0.041630
  Stage 3 epoch 240/300: loss=0.033746
  Stage 3 epoch 300/300: loss=0.022950
  rcMTE@0.1: 0.4670 (343/500 in region)
  rcMTE@0.5: 0.7279 (164/500 in region)
  rcMTE@1.0: 0.8324 (63/500 in region)
  MTE@0.1: 0.8525
  MTE@0.5: 1.2291
  MTE@1.0: 1.3184
  W2@1.0:  0.4876
  sW2@0.1: 0.2868 (343/500 in region)
  sW2@0.2: 0.3597 (283/500 in region)
  sW2@0.5: 0.3953 (164/500 in region)
  sW2@1.0: 0.5197 (63/500 in region)
  MMD@1.0: 0.1311
  Survival@1.0: 64.2%
  Stopped@1.0:  12.6%
      Phase 2 AE: K_weight=0.1000
        Phase2 Epoch 50/250: loss=0.009815
        Phase2 Epoch 100/250: loss=0.002537
        Phase2 Epoch 150/250: loss=0.002053
        Phase2 Epoch 200/250: loss=0.001845
        Phase2 Epoch 250/250: loss=0.001527
        E_mu=0.0117  E_Sigma=0.0098
      → K
  Precomputing encoder-pullback target...
  Stage 2 epoch 60/300: loss=0.652541
  Stage 2 epoch 120/300: loss=0.418717
  Stage 2 epoch 180/300: loss=0.360763
  Stage 2 epoch 240/300: loss=0.300750
  Stage 2 epoch 300/300: loss=0.265914
  Stage 3 epoch 60/300: loss=0.075607
  Stage 3 epoch 120/300: loss=0.042394
  Stage 3 epoch 180/300: loss=0.034646
  Stage 3 epoch 240/300: loss=0.027304
  Stage 3 epoch 300/300: loss=0.017206
  rcMTE@0.1: 0.5116 (343/500 in region)
  rcMTE@0.5: 0.8312 (164/500 in region)
  rcMTE@1.0: 0.8466 (63/500 in region)
  MTE@0.1: 0.8736
  MTE@0.5: 1.3333
  MTE@1.0: 1.4516
  W2@1.0:  0.4425
  sW2@0.1: 0.3002 (343/500 in region)
  sW2@0.2: 0.3988 (283/500 in region)
  sW2@0.5: 0.4503 (164/500 in region)
  sW2@1.0: 0.4969 (63/500 in region)
  MMD@1.0: 0.1274
  Survival@1.0: 64.2%
  Stopped@1.0:  12.6%
      → K+S
  Precomputing encoder-pullback target...
  Stage 2 epoch 60/300: loss=0.652541
  Stage 2 epoch 120/300: loss=0.418717
  Stage 2 epoch 180/300: loss=0.360763
  Stage 2 epoch 240/300: loss=0.300750
  Stage 2 epoch 300/300: loss=0.265914
  Stage 3 epoch 60/300: loss=0.075607
  Stage 3 epoch 120/300: loss=0.042394
  Stage 3 epoch 180/300: loss=0.034646
  Stage 3 epoch 240/300: loss=0.027304
  Stage 3 epoch 300/300: loss=0.017206
  rcMTE@0.1: 0.5116 (343/500 in region)
  rcMTE@0.5: 0.8312 (164/500 in region)
  rcMTE@1.0: 0.8466 (63/500 in region)
  MTE@0.1: 0.8736
  MTE@0.5: 1.3333
  MTE@1.0: 1.4516
  W2@1.0:  0.4425
  sW2@0.1: 0.3002 (343/500 in region)
  sW2@0.2: 0.3988 (283/500 in region)
  sW2@0.5: 0.4503 (164/500 in region)
  sW2@1.0: 0.4969 (63/500 in region)
  MMD@1.0: 0.1274
  Survival@1.0: 64.2%
  Stopped@1.0:  12.6%

============================================================
  N=50 | D=11 (K=4) | hyperbolic_paraboloid | seed=4042
============================================================
    Phase1 Epoch 50/250: loss=0.121415
    Phase1 Epoch 100/250: loss=0.023020
    Phase1 Epoch 150/250: loss=0.008221
    Phase1 Epoch 200/250: loss=0.004456
    Phase1 Epoch 250/250: loss=0.003946
      Phase 2 AE: K_weight=0.0000
        Phase2 Epoch 50/250: loss=0.003340
        Phase2 Epoch 100/250: loss=0.003099
        Phase2 Epoch 150/250: loss=0.002593
        Phase2 Epoch 200/250: loss=0.002435
        Phase2 Epoch 250/250: loss=0.001226
        E_mu=0.0272  E_Sigma=0.0171
      → baseline
  Precomputing encoder-pullback target...
  Stage 2 epoch 60/300: loss=0.308035
  Stage 2 epoch 120/300: loss=0.267541
  Stage 2 epoch 180/300: loss=0.267365
  Stage 2 epoch 240/300: loss=0.218817
  Stage 2 epoch 300/300: loss=0.187553
  Stage 3 epoch 60/300: loss=0.010974
  Stage 3 epoch 120/300: loss=0.003545
  Stage 3 epoch 180/300: loss=0.002479
  Stage 3 epoch 240/300: loss=0.002205
  Stage 3 epoch 300/300: loss=0.001959
  rcMTE@0.1: 0.6981 (342/500 in region)
  rcMTE@0.5: 1.0989 (168/500 in region)
  rcMTE@1.0: 1.1411 (75/500 in region)
  MTE@0.1: 1.1708
  MTE@0.5: 1.7909
  MTE@1.0: 1.8508
  W2@1.0:  0.8411
  sW2@0.1: 0.4046 (342/500 in region)
  sW2@0.2: 0.5463 (274/500 in region)
  sW2@0.5: 0.7481 (168/500 in region)
  sW2@1.0: 0.9624 (75/500 in region)
  MMD@1.0: 0.2577
  Survival@1.0: 59.8%
  Stopped@1.0:  15.0%
      Phase 2 AE: K_weight=0.1000
        Phase2 Epoch 50/250: loss=0.006587
        Phase2 Epoch 100/250: loss=0.002286
        Phase2 Epoch 150/250: loss=0.002378
        Phase2 Epoch 200/250: loss=0.002055
        Phase2 Epoch 250/250: loss=0.001999
        E_mu=0.0231  E_Sigma=0.0141
      → K
  Precomputing encoder-pullback target...
  Stage 2 epoch 60/300: loss=0.309273
  Stage 2 epoch 120/300: loss=0.268351
  Stage 2 epoch 180/300: loss=0.266900
  Stage 2 epoch 240/300: loss=0.217352
  Stage 2 epoch 300/300: loss=0.186232
  Stage 3 epoch 60/300: loss=0.011469
  Stage 3 epoch 120/300: loss=0.003646
  Stage 3 epoch 180/300: loss=0.002577
  Stage 3 epoch 240/300: loss=0.002259
  Stage 3 epoch 300/300: loss=0.001995
  rcMTE@0.1: 0.7010 (342/500 in region)
  rcMTE@0.5: 1.1101 (168/500 in region)
  rcMTE@1.0: 1.1613 (75/500 in region)
  MTE@0.1: 1.1738
  MTE@0.5: 1.8066
  MTE@1.0: 1.8778
  W2@1.0:  0.8824
  sW2@0.1: 0.4133 (342/500 in region)
  sW2@0.2: 0.5616 (274/500 in region)
  sW2@0.5: 0.7754 (168/500 in region)
  sW2@1.0: 0.9941 (75/500 in region)
  MMD@1.0: 0.2679
  Survival@1.0: 59.8%
  Stopped@1.0:  15.0%
      → K+S
  Precomputing encoder-pullback target...
  Stage 2 epoch 60/300: loss=0.309273
  Stage 2 epoch 120/300: loss=0.268351
  Stage 2 epoch 180/300: loss=0.266900
  Stage 2 epoch 240/300: loss=0.217352
  Stage 2 epoch 300/300: loss=0.186232
  Stage 3 epoch 60/300: loss=0.011469
  Stage 3 epoch 120/300: loss=0.003646
  Stage 3 epoch 180/300: loss=0.002577
  Stage 3 epoch 240/300: loss=0.002259
  Stage 3 epoch 300/300: loss=0.001995
  rcMTE@0.1: 0.7010 (342/500 in region)
  rcMTE@0.5: 1.1101 (168/500 in region)
  rcMTE@1.0: 1.1613 (75/500 in region)
  MTE@0.1: 1.1738
  MTE@0.5: 1.8066
  MTE@1.0: 1.8778
  W2@1.0:  0.8824
  sW2@0.1: 0.4133 (342/500 in region)
  sW2@0.2: 0.5616 (274/500 in region)
  sW2@0.5: 0.7754 (168/500 in region)
  sW2@1.0: 0.9941 (75/500 in region)
  MMD@1.0: 0.2679
  Survival@1.0: 59.8%
  Stopped@1.0:  15.0%

============================================================
  N=50 | D=11 (K=4) | hyperbolic_paraboloid | seed=5042
============================================================
    Phase1 Epoch 50/250: loss=0.151481
    Phase1 Epoch 100/250: loss=0.025602
    Phase1 Epoch 150/250: loss=0.012988
    Phase1 Epoch 200/250: loss=0.004102
    Phase1 Epoch 250/250: loss=0.003157
      Phase 2 AE: K_weight=0.0000
        Phase2 Epoch 50/250: loss=0.009371
        Phase2 Epoch 100/250: loss=0.010485
        Phase2 Epoch 150/250: loss=0.002834
        Phase2 Epoch 200/250: loss=0.003428
        Phase2 Epoch 250/250: loss=0.004508
        E_mu=0.0377  E_Sigma=0.0333
      → baseline
  Precomputing encoder-pullback target...
  Stage 2 epoch 60/300: loss=0.333209
  Stage 2 epoch 120/300: loss=0.262345
  Stage 2 epoch 180/300: loss=0.230972
  Stage 2 epoch 240/300: loss=0.257985
  Stage 2 epoch 300/300: loss=0.243920
  Stage 3 epoch 60/300: loss=0.021486
  Stage 3 epoch 120/300: loss=0.006339
  Stage 3 epoch 180/300: loss=0.002693
  Stage 3 epoch 240/300: loss=0.002325
  Stage 3 epoch 300/300: loss=0.002158
  rcMTE@0.1: 0.7099 (331/500 in region)
  rcMTE@0.5: 1.0595 (161/500 in region)
  rcMTE@1.0: 1.2001 (71/500 in region)
  MTE@0.1: 1.1833
  MTE@0.5: 1.6117
  MTE@1.0: 1.7332
  W2@1.0:  0.5148
  sW2@0.1: 0.4058 (331/500 in region)
  sW2@0.2: 0.5393 (275/500 in region)
  sW2@0.5: 0.5162 (161/500 in region)
  sW2@1.0: 0.5234 (71/500 in region)
  MMD@1.0: 0.1463
  Survival@1.0: 65.6%
  Stopped@1.0:  14.2%
      Phase 2 AE: K_weight=0.1000
        Phase2 Epoch 50/250: loss=0.006387
        Phase2 Epoch 100/250: loss=0.003029
        Phase2 Epoch 150/250: loss=0.002783
        Phase2 Epoch 200/250: loss=0.002352
        Phase2 Epoch 250/250: loss=0.001688
        E_mu=0.0239  E_Sigma=0.0160
      → K
  Precomputing encoder-pullback target...
  Stage 2 epoch 60/300: loss=0.334410
  Stage 2 epoch 120/300: loss=0.265125
  Stage 2 epoch 180/300: loss=0.232757
  Stage 2 epoch 240/300: loss=0.258918
  Stage 2 epoch 300/300: loss=0.243788
  Stage 3 epoch 60/300: loss=0.024965
  Stage 3 epoch 120/300: loss=0.007094
  Stage 3 epoch 180/300: loss=0.002816
  Stage 3 epoch 240/300: loss=0.002302
  Stage 3 epoch 300/300: loss=0.002086
  rcMTE@0.1: 0.7128 (331/500 in region)
  rcMTE@0.5: 1.0670 (161/500 in region)
  rcMTE@1.0: 1.2147 (71/500 in region)
  MTE@0.1: 1.1867
  MTE@0.5: 1.6212
  MTE@1.0: 1.7485
  W2@1.0:  0.5392
  sW2@0.1: 0.4112 (331/500 in region)
  sW2@0.2: 0.5541 (275/500 in region)
  sW2@0.5: 0.5357 (161/500 in region)
  sW2@1.0: 0.5465 (71/500 in region)
  MMD@1.0: 0.1523
  Survival@1.0: 65.6%
  Stopped@1.0:  14.2%
      → K+S
  Precomputing encoder-pullback target...
  Stage 2 epoch 60/300: loss=0.334410
  Stage 2 epoch 120/300: loss=0.265125
  Stage 2 epoch 180/300: loss=0.232757
  Stage 2 epoch 240/300: loss=0.258918
  Stage 2 epoch 300/300: loss=0.243788
  Stage 3 epoch 60/300: loss=0.024965
  Stage 3 epoch 120/300: loss=0.007094
  Stage 3 epoch 180/300: loss=0.002816
  Stage 3 epoch 240/300: loss=0.002302
  Stage 3 epoch 300/300: loss=0.002086
  rcMTE@0.1: 0.7128 (331/500 in region)
  rcMTE@0.5: 1.0670 (161/500 in region)
  rcMTE@1.0: 1.2147 (71/500 in region)
  MTE@0.1: 1.1867
  MTE@0.5: 1.6212
  MTE@1.0: 1.7485
  W2@1.0:  0.5392
  sW2@0.1: 0.4112 (331/500 in region)
  sW2@0.2: 0.5541 (275/500 in region)
  sW2@0.5: 0.5357 (161/500 in region)
  sW2@1.0: 0.5465 (71/500 in region)
  MMD@1.0: 0.1523
  Survival@1.0: 65.6%
  Stopped@1.0:  14.2%

============================================================
  N=50 | D=11 (K=4) | hyperbolic_paraboloid | seed=6042
============================================================
    Phase1 Epoch 50/250: loss=0.078390
    Phase1 Epoch 100/250: loss=0.030947
    Phase1 Epoch 150/250: loss=0.012895
    Phase1 Epoch 200/250: loss=0.009112
    Phase1 Epoch 250/250: loss=0.003969
      Phase 2 AE: K_weight=0.0000
        Phase2 Epoch 50/250: loss=0.002638
        Phase2 Epoch 100/250: loss=0.004357
        Phase2 Epoch 150/250: loss=0.004090
        Phase2 Epoch 200/250: loss=0.012769
        Phase2 Epoch 250/250: loss=0.001912
        E_mu=0.0426  E_Sigma=0.0247
      → baseline
  Precomputing encoder-pullback target...
  Stage 2 epoch 60/300: loss=0.585752
  Stage 2 epoch 120/300: loss=0.480083
  Stage 2 epoch 180/300: loss=0.359096
  Stage 2 epoch 240/300: loss=0.306596
  Stage 2 epoch 300/300: loss=0.263000
  Stage 3 epoch 60/300: loss=0.012938
  Stage 3 epoch 120/300: loss=0.005633
  Stage 3 epoch 180/300: loss=0.003335
  Stage 3 epoch 240/300: loss=0.003293
  Stage 3 epoch 300/300: loss=0.003087
  rcMTE@0.1: 0.1731 (329/500 in region)
  rcMTE@0.5: 0.3292 (153/500 in region)
  rcMTE@1.0: 0.4620 (78/500 in region)
  MTE@0.1: 0.3609
  MTE@0.5: 0.6681
  MTE@1.0: 0.9111
  W2@1.0:  1.0269
  sW2@0.1: 0.1777 (329/500 in region)
  sW2@0.2: 0.2383 (272/500 in region)
  sW2@0.5: 0.4828 (153/500 in region)
  sW2@1.0: 0.7996 (78/500 in region)
  MMD@1.0: 0.2094
  Survival@1.0: 62.8%
  Stopped@1.0:  15.6%
      Phase 2 AE: K_weight=0.1000
        Phase2 Epoch 50/250: loss=0.016099
        Phase2 Epoch 100/250: loss=0.005098
        Phase2 Epoch 150/250: loss=0.003563
        Phase2 Epoch 200/250: loss=0.001888
        Phase2 Epoch 250/250: loss=0.009846
        E_mu=0.0487  E_Sigma=0.1677
      → K
  Precomputing encoder-pullback target...
  Stage 2 epoch 60/300: loss=0.619224
  Stage 2 epoch 120/300: loss=0.502216
  Stage 2 epoch 180/300: loss=0.372113
  Stage 2 epoch 240/300: loss=0.327377
  Stage 2 epoch 300/300: loss=0.278456
  Stage 3 epoch 60/300: loss=0.016841
  Stage 3 epoch 120/300: loss=0.007682
  Stage 3 epoch 180/300: loss=0.004510
  Stage 3 epoch 240/300: loss=0.004361
  Stage 3 epoch 300/300: loss=0.003972
  rcMTE@0.1: 0.1763 (329/500 in region)
  rcMTE@0.5: 0.3243 (153/500 in region)
  rcMTE@1.0: 0.4664 (78/500 in region)
  MTE@0.1: 0.3563
  MTE@0.5: 0.6458
  MTE@1.0: 0.8988
  W2@1.0:  0.9795
  sW2@0.1: 0.1696 (329/500 in region)
  sW2@0.2: 0.2236 (272/500 in region)
  sW2@0.5: 0.4431 (153/500 in region)
  sW2@1.0: 0.7726 (78/500 in region)
  MMD@1.0: 0.2245
  Survival@1.0: 62.8%
  Stopped@1.0:  15.6%
      → K+S
  Precomputing encoder-pullback target...
  Stage 2 epoch 60/300: loss=0.619224
  Stage 2 epoch 120/300: loss=0.502216
  Stage 2 epoch 180/300: loss=0.372113
  Stage 2 epoch 240/300: loss=0.327377
  Stage 2 epoch 300/300: loss=0.278456
  Stage 3 epoch 60/300: loss=0.016841
  Stage 3 epoch 120/300: loss=0.007682
  Stage 3 epoch 180/300: loss=0.004510
  Stage 3 epoch 240/300: loss=0.004361
  Stage 3 epoch 300/300: loss=0.003972
  rcMTE@0.1: 0.1763 (329/500 in region)
  rcMTE@0.5: 0.3243 (153/500 in region)
  rcMTE@1.0: 0.4664 (78/500 in region)
  MTE@0.1: 0.3563
  MTE@0.5: 0.6458
  MTE@1.0: 0.8988
  W2@1.0:  0.9795
  sW2@0.1: 0.1696 (329/500 in region)
  sW2@0.2: 0.2236 (272/500 in region)
  sW2@0.5: 0.4431 (153/500 in region)
  sW2@1.0: 0.7726 (78/500 in region)
  MMD@1.0: 0.2245
  Survival@1.0: 62.8%
  Stopped@1.0:  15.6%

============================================================
  N=50 | D=11 (K=4) | hyperbolic_paraboloid | seed=7042
============================================================
    Phase1 Epoch 50/250: loss=0.106873
    Phase1 Epoch 100/250: loss=0.021190
    Phase1 Epoch 150/250: loss=0.014055
    Phase1 Epoch 200/250: loss=0.010351
    Phase1 Epoch 250/250: loss=0.018967
      Phase 2 AE: K_weight=0.0000
        Phase2 Epoch 50/250: loss=0.003350
        Phase2 Epoch 100/250: loss=0.009965
        Phase2 Epoch 150/250: loss=0.003254
        Phase2 Epoch 200/250: loss=0.002924
        Phase2 Epoch 250/250: loss=0.002862
        E_mu=0.0181  E_Sigma=0.0227
      → baseline
  Precomputing encoder-pullback target...
  Stage 2 epoch 60/300: loss=0.562773
  Stage 2 epoch 120/300: loss=0.386027
  Stage 2 epoch 180/300: loss=0.272856
  Stage 2 epoch 240/300: loss=0.230543
  Stage 2 epoch 300/300: loss=0.216465
  Stage 3 epoch 60/300: loss=0.026830
  Stage 3 epoch 120/300: loss=0.018240
  Stage 3 epoch 180/300: loss=0.016315
  Stage 3 epoch 240/300: loss=0.016066
  Stage 3 epoch 300/300: loss=0.015101
  rcMTE@0.1: 0.5552 (371/500 in region)
  rcMTE@0.5: 0.8510 (178/500 in region)
  rcMTE@1.0: 0.8339 (82/500 in region)
  MTE@0.1: 0.9308
  MTE@0.5: 1.3592
  MTE@1.0: 1.3707
  W2@1.0:  0.5416
  sW2@0.1: 0.2881 (371/500 in region)
  sW2@0.2: 0.3263 (296/500 in region)
  sW2@0.5: 0.5212 (178/500 in region)
  sW2@1.0: 0.3769 (82/500 in region)
  MMD@1.0: 0.1172
  Survival@1.0: 63.4%
  Stopped@1.0:  16.4%
      Phase 2 AE: K_weight=0.1000
        Phase2 Epoch 50/250: loss=0.014422
        Phase2 Epoch 100/250: loss=0.004592
        Phase2 Epoch 150/250: loss=0.003248
        Phase2 Epoch 200/250: loss=0.002736
        Phase2 Epoch 250/250: loss=0.002572
        E_mu=0.0171  E_Sigma=0.0135
      → K
  Precomputing encoder-pullback target...
  Stage 2 epoch 60/300: loss=0.551519
  Stage 2 epoch 120/300: loss=0.393693
  Stage 2 epoch 180/300: loss=0.281348
  Stage 2 epoch 240/300: loss=0.235016
  Stage 2 epoch 300/300: loss=0.218887
  Stage 3 epoch 60/300: loss=0.026910
  Stage 3 epoch 120/300: loss=0.018857
  Stage 3 epoch 180/300: loss=0.016771
  Stage 3 epoch 240/300: loss=0.016378
  Stage 3 epoch 300/300: loss=0.015434
  rcMTE@0.1: 0.5539 (371/500 in region)
  rcMTE@0.5: 0.8422 (178/500 in region)
  rcMTE@1.0: 0.8273 (82/500 in region)
  MTE@0.1: 0.9317
  MTE@0.5: 1.3502
  MTE@1.0: 1.3558
  W2@1.0:  0.5173
  sW2@0.1: 0.2907 (371/500 in region)
  sW2@0.2: 0.3205 (296/500 in region)
  sW2@0.5: 0.4913 (178/500 in region)
  sW2@1.0: 0.3548 (82/500 in region)
  MMD@1.0: 0.1154
  Survival@1.0: 63.4%
  Stopped@1.0:  16.4%
      → K+S
  Precomputing encoder-pullback target...
  Stage 2 epoch 60/300: loss=0.551519
  Stage 2 epoch 120/300: loss=0.393693
  Stage 2 epoch 180/300: loss=0.281348
  Stage 2 epoch 240/300: loss=0.235016
  Stage 2 epoch 300/300: loss=0.218887
  Stage 3 epoch 60/300: loss=0.026910
  Stage 3 epoch 120/300: loss=0.018857
  Stage 3 epoch 180/300: loss=0.016771
  Stage 3 epoch 240/300: loss=0.016378
  Stage 3 epoch 300/300: loss=0.015434
  rcMTE@0.1: 0.5539 (371/500 in region)
  rcMTE@0.5: 0.8422 (178/500 in region)
  rcMTE@1.0: 0.8273 (82/500 in region)
  MTE@0.1: 0.9317
  MTE@0.5: 1.3502
  MTE@1.0: 1.3558
  W2@1.0:  0.5173
  sW2@0.1: 0.2907 (371/500 in region)
  sW2@0.2: 0.3205 (296/500 in region)
  sW2@0.5: 0.4913 (178/500 in region)
  sW2@1.0: 0.3548 (82/500 in region)
  MMD@1.0: 0.1154
  Survival@1.0: 63.4%
  Stopped@1.0:  16.4%

============================================================
  N=50 | D=11 (K=4) | hyperbolic_paraboloid | seed=8042
============================================================
    Phase1 Epoch 50/250: loss=0.314692
    Phase1 Epoch 100/250: loss=0.029260
    Phase1 Epoch 150/250: loss=0.014200
    Phase1 Epoch 200/250: loss=0.008856
    Phase1 Epoch 250/250: loss=0.003864
      Phase 2 AE: K_weight=0.0000
        Phase2 Epoch 50/250: loss=0.007485
        Phase2 Epoch 100/250: loss=0.020412
        Phase2 Epoch 150/250: loss=0.002744
        Phase2 Epoch 200/250: loss=0.004132
        Phase2 Epoch 250/250: loss=0.001933
        E_mu=0.0301  E_Sigma=0.0421
      → baseline
  Precomputing encoder-pullback target...
  Stage 2 epoch 60/300: loss=0.612505
  Stage 2 epoch 120/300: loss=0.479664
  Stage 2 epoch 180/300: loss=0.298190
  Stage 2 epoch 240/300: loss=0.273992
  Stage 2 epoch 300/300: loss=0.189863
  Stage 3 epoch 60/300: loss=0.033662
  Stage 3 epoch 120/300: loss=0.027094
  Stage 3 epoch 180/300: loss=0.024387
  Stage 3 epoch 240/300: loss=0.022734
  Stage 3 epoch 300/300: loss=0.021772
  rcMTE@0.1: 0.5664 (346/500 in region)
  rcMTE@0.5: 0.7680 (171/500 in region)
  rcMTE@1.0: 0.9321 (75/500 in region)
  MTE@0.1: 0.9890
  MTE@0.5: 1.2620
  MTE@1.0: 1.4157
  W2@1.0:  0.4958
  sW2@0.1: 0.3109 (346/500 in region)
  sW2@0.2: 0.2797 (275/500 in region)
  sW2@0.5: 0.3228 (171/500 in region)
  sW2@1.0: 0.5654 (75/500 in region)
  MMD@1.0: 0.1252
  Survival@1.0: 62.6%
  Stopped@1.0:  15.0%
      Phase 2 AE: K_weight=0.1000
        Phase2 Epoch 50/250: loss=0.005815
        Phase2 Epoch 100/250: loss=0.012030
        Phase2 Epoch 150/250: loss=0.003351
        Phase2 Epoch 200/250: loss=0.002021
        Phase2 Epoch 250/250: loss=0.002037
        E_mu=0.0170  E_Sigma=0.0215
      → K
  Precomputing encoder-pullback target...
  Stage 2 epoch 60/300: loss=0.633426
  Stage 2 epoch 120/300: loss=0.505141
  Stage 2 epoch 180/300: loss=0.304264
  Stage 2 epoch 240/300: loss=0.279666
  Stage 2 epoch 300/300: loss=0.190457
  Stage 3 epoch 60/300: loss=0.034594
  Stage 3 epoch 120/300: loss=0.028513
  Stage 3 epoch 180/300: loss=0.025202
  Stage 3 epoch 240/300: loss=0.023334
  Stage 3 epoch 300/300: loss=0.021993
  rcMTE@0.1: 0.5711 (346/500 in region)
  rcMTE@0.5: 0.7875 (171/500 in region)
  rcMTE@1.0: 0.9523 (75/500 in region)
  MTE@0.1: 0.9943
  MTE@0.5: 1.2817
  MTE@1.0: 1.4432
  W2@1.0:  0.4982
  sW2@0.1: 0.3124 (346/500 in region)
  sW2@0.2: 0.2763 (275/500 in region)
  sW2@0.5: 0.3243 (171/500 in region)
  sW2@1.0: 0.5871 (75/500 in region)
  MMD@1.0: 0.1240
  Survival@1.0: 62.6%
  Stopped@1.0:  15.0%
      → K+S
  Precomputing encoder-pullback target...
  Stage 2 epoch 60/300: loss=0.633426
  Stage 2 epoch 120/300: loss=0.505141
  Stage 2 epoch 180/300: loss=0.304264
  Stage 2 epoch 240/300: loss=0.279666
  Stage 2 epoch 300/300: loss=0.190457
  Stage 3 epoch 60/300: loss=0.034594
  Stage 3 epoch 120/300: loss=0.028513
  Stage 3 epoch 180/300: loss=0.025202
  Stage 3 epoch 240/300: loss=0.023334
  Stage 3 epoch 300/300: loss=0.021993
  rcMTE@0.1: 0.5711 (346/500 in region)
  rcMTE@0.5: 0.7875 (171/500 in region)
  rcMTE@1.0: 0.9523 (75/500 in region)
  MTE@0.1: 0.9943
  MTE@0.5: 1.2817
  MTE@1.0: 1.4432
  W2@1.0:  0.4982
  sW2@0.1: 0.3124 (346/500 in region)
  sW2@0.2: 0.2763 (275/500 in region)
  sW2@0.5: 0.3243 (171/500 in region)
  sW2@1.0: 0.5871 (75/500 in region)
  MMD@1.0: 0.1240
  Survival@1.0: 62.6%
  Stopped@1.0:  15.0%

============================================================
  N=50 | D=11 (K=4) | hyperbolic_paraboloid | seed=9042
============================================================
    Phase1 Epoch 50/250: loss=0.091236
    Phase1 Epoch 100/250: loss=0.023082
    Phase1 Epoch 150/250: loss=0.005116
    Phase1 Epoch 200/250: loss=0.010896
    Phase1 Epoch 250/250: loss=0.008078
      Phase 2 AE: K_weight=0.0000
        Phase2 Epoch 50/250: loss=0.002220
        Phase2 Epoch 100/250: loss=0.001911
        Phase2 Epoch 150/250: loss=0.001610
        Phase2 Epoch 200/250: loss=0.001510
        Phase2 Epoch 250/250: loss=0.001292
        E_mu=0.0226  E_Sigma=0.0199
      → baseline
  Precomputing encoder-pullback target...
  Stage 2 epoch 60/300: loss=0.631574
  Stage 2 epoch 120/300: loss=0.275171
  Stage 2 epoch 180/300: loss=0.208781
  Stage 2 epoch 240/300: loss=0.167327
  Stage 2 epoch 300/300: loss=0.167396
  Stage 3 epoch 60/300: loss=0.023852
  Stage 3 epoch 120/300: loss=0.004868
  Stage 3 epoch 180/300: loss=0.003256
  Stage 3 epoch 240/300: loss=0.002435
  Stage 3 epoch 300/300: loss=0.001898
  rcMTE@0.1: 0.1973 (321/500 in region)
  rcMTE@0.5: 0.3663 (155/500 in region)
  rcMTE@1.0: 0.4557 (66/500 in region)
  MTE@0.1: 0.3944
  MTE@0.5: 0.5722
  MTE@1.0: 0.6853
  W2@1.0:  0.5503
  sW2@0.1: 0.2084 (321/500 in region)
  sW2@0.2: 0.2515 (266/500 in region)
  sW2@0.5: 0.3886 (155/500 in region)
  sW2@1.0: 0.5589 (66/500 in region)
  MMD@1.0: 0.1228
  Survival@1.0: 61.0%
  Stopped@1.0:  13.2%
      Phase 2 AE: K_weight=0.1000
        Phase2 Epoch 50/250: loss=0.003209
        Phase2 Epoch 100/250: loss=0.002571
        Phase2 Epoch 150/250: loss=0.001929
        Phase2 Epoch 200/250: loss=0.001725
        Phase2 Epoch 250/250: loss=0.001579
        E_mu=0.0166  E_Sigma=0.0195
      → K
  Precomputing encoder-pullback target...
  Stage 2 epoch 60/300: loss=0.649068
  Stage 2 epoch 120/300: loss=0.280104
  Stage 2 epoch 180/300: loss=0.207538
  Stage 2 epoch 240/300: loss=0.166199
  Stage 2 epoch 300/300: loss=0.166768
  Stage 3 epoch 60/300: loss=0.027512
  Stage 3 epoch 120/300: loss=0.005237
  Stage 3 epoch 180/300: loss=0.003351
  Stage 3 epoch 240/300: loss=0.002535
  Stage 3 epoch 300/300: loss=0.001929
  rcMTE@0.1: 0.1905 (321/500 in region)
  rcMTE@0.5: 0.3550 (155/500 in region)
  rcMTE@1.0: 0.4434 (66/500 in region)
  MTE@0.1: 0.3893
  MTE@0.5: 0.5642
  MTE@1.0: 0.6738
  W2@1.0:  0.5345
  sW2@0.1: 0.2028 (321/500 in region)
  sW2@0.2: 0.2420 (266/500 in region)
  sW2@0.5: 0.3728 (155/500 in region)
  sW2@1.0: 0.5464 (66/500 in region)
  MMD@1.0: 0.1213
  Survival@1.0: 61.0%
  Stopped@1.0:  13.2%
      → K+S
  Precomputing encoder-pullback target...
  Stage 2 epoch 60/300: loss=0.649068
  Stage 2 epoch 120/300: loss=0.280104
  Stage 2 epoch 180/300: loss=0.207538
  Stage 2 epoch 240/300: loss=0.166199
  Stage 2 epoch 300/300: loss=0.166768
  Stage 3 epoch 60/300: loss=0.027512
  Stage 3 epoch 120/300: loss=0.005237
  Stage 3 epoch 180/300: loss=0.003351
  Stage 3 epoch 240/300: loss=0.002535
  Stage 3 epoch 300/300: loss=0.001929
  rcMTE@0.1: 0.1905 (321/500 in region)
  rcMTE@0.5: 0.3550 (155/500 in region)
  rcMTE@1.0: 0.4434 (66/500 in region)
  MTE@0.1: 0.3893
  MTE@0.5: 0.5642
  MTE@1.0: 0.6738
  W2@1.0:  0.5345
  sW2@0.1: 0.2028 (321/500 in region)
  sW2@0.2: 0.2420 (266/500 in region)
  sW2@0.5: 0.3728 (155/500 in region)
  sW2@1.0: 0.5464 (66/500 in region)
  MMD@1.0: 0.1213
  Survival@1.0: 61.0%
  Stopped@1.0:  13.2%

  N=50, D=11 completed in 1046.7s

============================================================
  N=50 | D=201 (K=99) | paraboloid | seed=42
============================================================
    Phase1 Epoch 50/250: loss=0.700009
    Phase1 Epoch 100/250: loss=0.298986
    Phase1 Epoch 150/250: loss=0.148854
    Phase1 Epoch 200/250: loss=0.079026
    Phase1 Epoch 250/250: loss=0.091859
      Phase 2 AE: K_weight=0.0000
        Phase2 Epoch 50/250: loss=0.069873
        Phase2 Epoch 100/250: loss=0.037789
        Phase2 Epoch 150/250: loss=0.028891
        Phase2 Epoch 200/250: loss=0.042217
        Phase2 Epoch 250/250: loss=0.029824
        E_mu=0.2481  E_Sigma=0.3740
      → baseline
  Precomputing encoder-pullback target...
  Stage 2 epoch 60/300: loss=0.025828
  Stage 2 epoch 120/300: loss=0.023624
  Stage 2 epoch 180/300: loss=0.021003
  Stage 2 epoch 240/300: loss=0.017810
  Stage 2 epoch 300/300: loss=0.016591
  Stage 3 epoch 60/300: loss=0.000022
  Stage 3 epoch 120/300: loss=0.000019
  Stage 3 epoch 180/300: loss=0.000017
  Stage 3 epoch 240/300: loss=0.000017
  Stage 3 epoch 300/300: loss=0.000014
  rcMTE@0.1: 0.5008 (333/500 in region)
  rcMTE@0.5: 0.6633 (177/500 in region)
  rcMTE@1.0: 0.6473 (74/500 in region)
  MTE@0.1: 0.8923
  MTE@0.5: 1.1391
  MTE@1.0: 1.2287
  W2@1.0:  0.6544
  sW2@0.1: 0.5950 (333/500 in region)
  sW2@0.2: 0.6304 (279/500 in region)
  sW2@0.5: 0.5763 (177/500 in region)
  sW2@1.0: 0.5436 (74/500 in region)
  MMD@1.0: 0.2300
  Survival@1.0: 62.6%
  Stopped@1.0:  14.8%
      Phase 2 AE: K_weight=0.4275
        Phase2 Epoch 50/250: loss=0.044926
        Phase2 Epoch 100/250: loss=0.042634
        Phase2 Epoch 150/250: loss=0.037203
        Phase2 Epoch 200/250: loss=0.039900
        Phase2 Epoch 250/250: loss=0.054261
        E_mu=0.2638  E_Sigma=0.4032
      → K
  Precomputing encoder-pullback target...
  Stage 2 epoch 60/300: loss=0.027332
  Stage 2 epoch 120/300: loss=0.025018
  Stage 2 epoch 180/300: loss=0.022612
  Stage 2 epoch 240/300: loss=0.018714
  Stage 2 epoch 300/300: loss=0.018007
  Stage 3 epoch 60/300: loss=0.000030
  Stage 3 epoch 120/300: loss=0.000025
  Stage 3 epoch 180/300: loss=0.000022
  Stage 3 epoch 240/300: loss=0.000020
  Stage 3 epoch 300/300: loss=0.000018
  rcMTE@0.1: 0.4819 (333/500 in region)
  rcMTE@0.5: 0.6490 (177/500 in region)
  rcMTE@1.0: 0.6463 (74/500 in region)
  MTE@0.1: 0.8561
  MTE@0.5: 1.1147
  MTE@1.0: 1.2105
  W2@1.0:  0.6081
  sW2@0.1: 0.4935 (333/500 in region)
  sW2@0.2: 0.5274 (279/500 in region)
  sW2@0.5: 0.5277 (177/500 in region)
  sW2@1.0: 0.5255 (74/500 in region)
  MMD@1.0: 0.2114
  Survival@1.0: 62.6%
  Stopped@1.0:  14.8%
      → K+S
  Precomputing encoder-pullback target...
  Stage 2 epoch 60/300: loss=0.027332
  Stage 2 epoch 120/300: loss=0.025018
  Stage 2 epoch 180/300: loss=0.022612
  Stage 2 epoch 240/300: loss=0.018714
  Stage 2 epoch 300/300: loss=0.018007
  Stage 3 epoch 60/300: loss=0.000030
  Stage 3 epoch 120/300: loss=0.000025
  Stage 3 epoch 180/300: loss=0.000022
  Stage 3 epoch 240/300: loss=0.000020
  Stage 3 epoch 300/300: loss=0.000018
  rcMTE@0.1: 0.4819 (333/500 in region)
  rcMTE@0.5: 0.6490 (177/500 in region)
  rcMTE@1.0: 0.6463 (74/500 in region)
  MTE@0.1: 0.8561
  MTE@0.5: 1.1147
  MTE@1.0: 1.2105
  W2@1.0:  0.6081
  sW2@0.1: 0.4935 (333/500 in region)
  sW2@0.2: 0.5274 (279/500 in region)
  sW2@0.5: 0.5277 (177/500 in region)
  sW2@1.0: 0.5255 (74/500 in region)
  MMD@1.0: 0.2114
  Survival@1.0: 62.6%
  Stopped@1.0:  14.8%

============================================================
  N=50 | D=201 (K=99) | paraboloid | seed=1042
============================================================
    Phase1 Epoch 50/250: loss=0.701470
    Phase1 Epoch 100/250: loss=0.304747
    Phase1 Epoch 150/250: loss=0.110684
    Phase1 Epoch 200/250: loss=0.105527
    Phase1 Epoch 250/250: loss=0.079756
      Phase 2 AE: K_weight=0.0000
        Phase2 Epoch 50/250: loss=0.046412
        Phase2 Epoch 100/250: loss=0.057399
        Phase2 Epoch 150/250: loss=0.048070
        Phase2 Epoch 200/250: loss=0.009671
        Phase2 Epoch 250/250: loss=0.006459
        E_mu=0.2565  E_Sigma=0.1310
      → baseline
  Precomputing encoder-pullback target...
  Stage 2 epoch 60/300: loss=0.031489
  Stage 2 epoch 120/300: loss=0.029730
  Stage 2 epoch 180/300: loss=0.025386
  Stage 2 epoch 240/300: loss=0.021075
  Stage 2 epoch 300/300: loss=0.017799
  Stage 3 epoch 60/300: loss=0.000009
  Stage 3 epoch 120/300: loss=0.000009
  Stage 3 epoch 180/300: loss=0.000008
  Stage 3 epoch 240/300: loss=0.000008
  Stage 3 epoch 300/300: loss=0.000007
  rcMTE@0.1: 0.4499 (343/500 in region)
  rcMTE@0.5: 0.5728 (167/500 in region)
  rcMTE@1.0: 0.6592 (86/500 in region)
  MTE@0.1: 0.7071
  MTE@0.5: 1.0165
  MTE@1.0: 1.2591
  W2@1.0:  0.7945
  sW2@0.1: 0.3231 (343/500 in region)
  sW2@0.2: 0.3732 (281/500 in region)
  sW2@0.5: 0.3103 (167/500 in region)
  sW2@1.0: 0.4615 (86/500 in region)
  MMD@1.0: 0.1254
  Survival@1.0: 64.4%
  Stopped@1.0:  17.2%
      Phase 2 AE: K_weight=0.4275
        Phase2 Epoch 50/250: loss=0.051099
        Phase2 Epoch 100/250: loss=0.059519
        Phase2 Epoch 150/250: loss=0.024249
        Phase2 Epoch 200/250: loss=0.029660
        Phase2 Epoch 250/250: loss=0.030066
        E_mu=0.3343  E_Sigma=0.4343
      → K
  Precomputing encoder-pullback target...
  Stage 2 epoch 60/300: loss=0.034767
  Stage 2 epoch 120/300: loss=0.032921
  Stage 2 epoch 180/300: loss=0.027969
  Stage 2 epoch 240/300: loss=0.022541
  Stage 2 epoch 300/300: loss=0.018384
  Stage 3 epoch 60/300: loss=0.000016
  Stage 3 epoch 120/300: loss=0.000016
  Stage 3 epoch 180/300: loss=0.000015
  Stage 3 epoch 240/300: loss=0.000015
  Stage 3 epoch 300/300: loss=0.000014
  rcMTE@0.1: 0.4527 (343/500 in region)
  rcMTE@0.5: 0.5607 (167/500 in region)
  rcMTE@1.0: 0.6451 (86/500 in region)
  MTE@0.1: 0.9919
  MTE@0.5: 1.1904
  MTE@1.0: 1.3353
  W2@1.0:  0.8406
  sW2@0.1: 0.7042 (343/500 in region)
  sW2@0.2: 0.7197 (281/500 in region)
  sW2@0.5: 0.6602 (167/500 in region)
  sW2@1.0: 0.7172 (86/500 in region)
  MMD@1.0: 0.3326
  Survival@1.0: 64.4%
  Stopped@1.0:  17.2%
      → K+S
  Precomputing encoder-pullback target...
  Stage 2 epoch 60/300: loss=0.034767
  Stage 2 epoch 120/300: loss=0.032921
  Stage 2 epoch 180/300: loss=0.027969
  Stage 2 epoch 240/300: loss=0.022541
  Stage 2 epoch 300/300: loss=0.018384
  Stage 3 epoch 60/300: loss=0.000016
  Stage 3 epoch 120/300: loss=0.000016
  Stage 3 epoch 180/300: loss=0.000015
  Stage 3 epoch 240/300: loss=0.000015
  Stage 3 epoch 300/300: loss=0.000014
  rcMTE@0.1: 0.4527 (343/500 in region)
  rcMTE@0.5: 0.5607 (167/500 in region)
  rcMTE@1.0: 0.6451 (86/500 in region)
  MTE@0.1: 0.9919
  MTE@0.5: 1.1904
  MTE@1.0: 1.3353
  W2@1.0:  0.8406
  sW2@0.1: 0.7042 (343/500 in region)
  sW2@0.2: 0.7197 (281/500 in region)
  sW2@0.5: 0.6602 (167/500 in region)
  sW2@1.0: 0.7172 (86/500 in region)
  MMD@1.0: 0.3326
  Survival@1.0: 64.4%
  Stopped@1.0:  17.2%

============================================================
  N=50 | D=201 (K=99) | paraboloid | seed=2042
============================================================
    Phase1 Epoch 50/250: loss=0.742331
    Phase1 Epoch 100/250: loss=0.554267
    Phase1 Epoch 150/250: loss=0.169289
    Phase1 Epoch 200/250: loss=0.074371
    Phase1 Epoch 250/250: loss=0.053596
      Phase 2 AE: K_weight=0.0000
        Phase2 Epoch 50/250: loss=0.050223
        Phase2 Epoch 100/250: loss=0.047336
        Phase2 Epoch 150/250: loss=0.018881
        Phase2 Epoch 200/250: loss=0.021220
        Phase2 Epoch 250/250: loss=0.020438
        E_mu=0.2142  E_Sigma=0.2895
      → baseline
  Precomputing encoder-pullback target...
  Stage 2 epoch 60/300: loss=0.018636
  Stage 2 epoch 120/300: loss=0.017044
  Stage 2 epoch 180/300: loss=0.015565
  Stage 2 epoch 240/300: loss=0.014249
  Stage 2 epoch 300/300: loss=0.014043
  Stage 3 epoch 60/300: loss=0.000048
  Stage 3 epoch 120/300: loss=0.000024
  Stage 3 epoch 180/300: loss=0.000020
  Stage 3 epoch 240/300: loss=0.000017
  Stage 3 epoch 300/300: loss=0.000017
  rcMTE@0.1: 0.1978 (348/500 in region)
  rcMTE@0.5: 0.3049 (161/500 in region)
  rcMTE@1.0: 0.3229 (63/500 in region)
  MTE@0.1: 0.5096
  MTE@0.5: 0.7439
  MTE@1.0: 0.7816
  W2@1.0:  0.6309
  sW2@0.1: 0.3804 (348/500 in region)
  sW2@0.2: 0.4686 (288/500 in region)
  sW2@0.5: 0.4676 (161/500 in region)
  sW2@1.0: 0.4631 (63/500 in region)
  MMD@1.0: 0.2158
  Survival@1.0: 62.0%
  Stopped@1.0:  12.6%
      Phase 2 AE: K_weight=0.4275
        Phase2 Epoch 50/250: loss=0.061672
        Phase2 Epoch 100/250: loss=0.041888
        Phase2 Epoch 150/250: loss=0.052427
        Phase2 Epoch 200/250: loss=0.027720
        Phase2 Epoch 250/250: loss=0.007012
        E_mu=0.1573  E_Sigma=0.0940
      → K
  Precomputing encoder-pullback target...
  Stage 2 epoch 60/300: loss=0.018963
  Stage 2 epoch 120/300: loss=0.017668
  Stage 2 epoch 180/300: loss=0.016535
  Stage 2 epoch 240/300: loss=0.016211
  Stage 2 epoch 300/300: loss=0.016842
  Stage 3 epoch 60/300: loss=0.000042
  Stage 3 epoch 120/300: loss=0.000018
  Stage 3 epoch 180/300: loss=0.000013
  Stage 3 epoch 240/300: loss=0.000011
  Stage 3 epoch 300/300: loss=0.000010
  rcMTE@0.1: 0.1936 (348/500 in region)
  rcMTE@0.5: 0.3047 (161/500 in region)
  rcMTE@1.0: 0.3196 (63/500 in region)
  MTE@0.1: 0.3876
  MTE@0.5: 0.6589
  MTE@1.0: 0.6631
  W2@1.0:  0.5355
  sW2@0.1: 0.2648 (348/500 in region)
  sW2@0.2: 0.3972 (288/500 in region)
  sW2@0.5: 0.4145 (161/500 in region)
  sW2@1.0: 0.3693 (63/500 in region)
  MMD@1.0: 0.1847
  Survival@1.0: 62.0%
  Stopped@1.0:  12.6%
      → K+S
  Precomputing encoder-pullback target...
  Stage 2 epoch 60/300: loss=0.018963
  Stage 2 epoch 120/300: loss=0.017668
  Stage 2 epoch 180/300: loss=0.016535
  Stage 2 epoch 240/300: loss=0.016211
  Stage 2 epoch 300/300: loss=0.016842
  Stage 3 epoch 60/300: loss=0.000042
  Stage 3 epoch 120/300: loss=0.000018
  Stage 3 epoch 180/300: loss=0.000013
  Stage 3 epoch 240/300: loss=0.000011
  Stage 3 epoch 300/300: loss=0.000010
  rcMTE@0.1: 0.1936 (348/500 in region)
  rcMTE@0.5: 0.3047 (161/500 in region)
  rcMTE@1.0: 0.3196 (63/500 in region)
  MTE@0.1: 0.3876
  MTE@0.5: 0.6589
  MTE@1.0: 0.6631
  W2@1.0:  0.5355
  sW2@0.1: 0.2648 (348/500 in region)
  sW2@0.2: 0.3972 (288/500 in region)
  sW2@0.5: 0.4145 (161/500 in region)
  sW2@1.0: 0.3693 (63/500 in region)
  MMD@1.0: 0.1847
  Survival@1.0: 62.0%
  Stopped@1.0:  12.6%

============================================================
  N=50 | D=201 (K=99) | paraboloid | seed=3042
============================================================
    Phase1 Epoch 50/250: loss=0.775186
    Phase1 Epoch 100/250: loss=0.321343
    Phase1 Epoch 150/250: loss=0.107415
    Phase1 Epoch 200/250: loss=0.071563
    Phase1 Epoch 250/250: loss=0.049074
      Phase 2 AE: K_weight=0.0000
        Phase2 Epoch 50/250: loss=0.033656
        Phase2 Epoch 100/250: loss=0.021005
        Phase2 Epoch 150/250: loss=0.027028
        Phase2 Epoch 200/250: loss=0.038093
        Phase2 Epoch 250/250: loss=0.018167
        E_mu=0.1601  E_Sigma=0.2135
      → baseline
  Precomputing encoder-pullback target...
  Stage 2 epoch 60/300: loss=0.065891
  Stage 2 epoch 120/300: loss=0.041245
  Stage 2 epoch 180/300: loss=0.036420
  Stage 2 epoch 240/300: loss=0.029041
  Stage 2 epoch 300/300: loss=0.026297
  Stage 3 epoch 60/300: loss=0.000084
  Stage 3 epoch 120/300: loss=0.000039
  Stage 3 epoch 180/300: loss=0.000018
  Stage 3 epoch 240/300: loss=0.000015
  Stage 3 epoch 300/300: loss=0.000013
  rcMTE@0.1: 0.2108 (343/500 in region)
  rcMTE@0.5: 0.3240 (164/500 in region)
  rcMTE@1.0: 0.3524 (63/500 in region)
  MTE@0.1: 0.4738
  MTE@0.5: 0.6319
  MTE@1.0: 0.7215
  W2@1.0:  0.5325
  sW2@0.1: 0.3097 (343/500 in region)
  sW2@0.2: 0.3446 (283/500 in region)
  sW2@0.5: 0.4383 (164/500 in region)
  sW2@1.0: 0.5293 (63/500 in region)
  MMD@1.0: 0.1161
  Survival@1.0: 64.2%
  Stopped@1.0:  12.6%
      Phase 2 AE: K_weight=0.4275
        Phase2 Epoch 50/250: loss=0.077296
        Phase2 Epoch 100/250: loss=0.023261
        Phase2 Epoch 150/250: loss=0.013418
        Phase2 Epoch 200/250: loss=0.015309
        Phase2 Epoch 250/250: loss=0.019451
        E_mu=0.1884  E_Sigma=0.2791
      → K
  Precomputing encoder-pullback target...
  Stage 2 epoch 60/300: loss=0.068632
  Stage 2 epoch 120/300: loss=0.042199
  Stage 2 epoch 180/300: loss=0.036594
  Stage 2 epoch 240/300: loss=0.029324
  Stage 2 epoch 300/300: loss=0.026245
  Stage 3 epoch 60/300: loss=0.000082
  Stage 3 epoch 120/300: loss=0.000042
  Stage 3 epoch 180/300: loss=0.000024
  Stage 3 epoch 240/300: loss=0.000020
  Stage 3 epoch 300/300: loss=0.000019
  rcMTE@0.1: 0.1930 (343/500 in region)
  rcMTE@0.5: 0.2955 (164/500 in region)
  rcMTE@1.0: 0.2892 (63/500 in region)
  MTE@0.1: 0.4302
  MTE@0.5: 0.5717
  MTE@1.0: 0.6430
  W2@1.0:  0.4027
  sW2@0.1: 0.2518 (343/500 in region)
  sW2@0.2: 0.2783 (283/500 in region)
  sW2@0.5: 0.3359 (164/500 in region)
  sW2@1.0: 0.3752 (63/500 in region)
  MMD@1.0: 0.1039
  Survival@1.0: 64.2%
  Stopped@1.0:  12.6%
      → K+S
  Precomputing encoder-pullback target...
  Stage 2 epoch 60/300: loss=0.068632
  Stage 2 epoch 120/300: loss=0.042199
  Stage 2 epoch 180/300: loss=0.036594
  Stage 2 epoch 240/300: loss=0.029324
  Stage 2 epoch 300/300: loss=0.026245
  Stage 3 epoch 60/300: loss=0.000082
  Stage 3 epoch 120/300: loss=0.000042
  Stage 3 epoch 180/300: loss=0.000024
  Stage 3 epoch 240/300: loss=0.000020
  Stage 3 epoch 300/300: loss=0.000019
  rcMTE@0.1: 0.1930 (343/500 in region)
  rcMTE@0.5: 0.2955 (164/500 in region)
  rcMTE@1.0: 0.2892 (63/500 in region)
  MTE@0.1: 0.4302
  MTE@0.5: 0.5717
  MTE@1.0: 0.6430
  W2@1.0:  0.4027
  sW2@0.1: 0.2518 (343/500 in region)
  sW2@0.2: 0.2783 (283/500 in region)
  sW2@0.5: 0.3359 (164/500 in region)
  sW2@1.0: 0.3752 (63/500 in region)
  MMD@1.0: 0.1039
  Survival@1.0: 64.2%
  Stopped@1.0:  12.6%

============================================================
  N=50 | D=201 (K=99) | paraboloid | seed=4042
============================================================
    Phase1 Epoch 50/250: loss=0.701220
    Phase1 Epoch 100/250: loss=0.261744
    Phase1 Epoch 150/250: loss=0.130635
    Phase1 Epoch 200/250: loss=0.080400
    Phase1 Epoch 250/250: loss=0.061391
      Phase 2 AE: K_weight=0.0000
        Phase2 Epoch 50/250: loss=0.045504
        Phase2 Epoch 100/250: loss=0.041627
        Phase2 Epoch 150/250: loss=0.027472
        Phase2 Epoch 200/250: loss=0.042931
        Phase2 Epoch 250/250: loss=0.031224
        E_mu=0.3072  E_Sigma=0.3646
      → baseline
  Precomputing encoder-pullback target...
  Stage 2 epoch 60/300: loss=0.031882
  Stage 2 epoch 120/300: loss=0.027512
  Stage 2 epoch 180/300: loss=0.024946
  Stage 2 epoch 240/300: loss=0.017310
  Stage 2 epoch 300/300: loss=0.012385
  Stage 3 epoch 60/300: loss=0.000025
  Stage 3 epoch 120/300: loss=0.000024
  Stage 3 epoch 180/300: loss=0.000021
  Stage 3 epoch 240/300: loss=0.000022
  Stage 3 epoch 300/300: loss=0.000022
  rcMTE@0.1: 0.4698 (342/500 in region)
  rcMTE@0.5: 0.6295 (168/500 in region)
  rcMTE@1.0: 0.6320 (75/500 in region)
  MTE@0.1: 0.8243
  MTE@0.5: 1.2125
  MTE@1.0: 1.4166
  W2@1.0:  1.1355
  sW2@0.1: 0.4004 (342/500 in region)
  sW2@0.2: 0.3956 (274/500 in region)
  sW2@0.5: 0.4637 (168/500 in region)
  sW2@1.0: 0.6721 (75/500 in region)
  MMD@1.0: 0.2417
  Survival@1.0: 59.8%
  Stopped@1.0:  15.0%
      Phase 2 AE: K_weight=0.4275
        Phase2 Epoch 50/250: loss=0.057994
        Phase2 Epoch 100/250: loss=0.027529
        Phase2 Epoch 150/250: loss=0.042917
        Phase2 Epoch 200/250: loss=0.029452
        Phase2 Epoch 250/250: loss=0.020020
        E_mu=0.2635  E_Sigma=0.2234
      → K
  Precomputing encoder-pullback target...
  Stage 2 epoch 60/300: loss=0.032906
  Stage 2 epoch 120/300: loss=0.028435
  Stage 2 epoch 180/300: loss=0.025684
  Stage 2 epoch 240/300: loss=0.018106
  Stage 2 epoch 300/300: loss=0.013358
  Stage 3 epoch 60/300: loss=0.000020
  Stage 3 epoch 120/300: loss=0.000018
  Stage 3 epoch 180/300: loss=0.000017
  Stage 3 epoch 240/300: loss=0.000016
  Stage 3 epoch 300/300: loss=0.000016
  rcMTE@0.1: 0.4710 (342/500 in region)
  rcMTE@0.5: 0.6438 (168/500 in region)
  rcMTE@1.0: 0.6423 (75/500 in region)
  MTE@0.1: 0.7934
  MTE@0.5: 1.2118
  MTE@1.0: 1.4085
  W2@1.0:  1.1056
  sW2@0.1: 0.4321 (342/500 in region)
  sW2@0.2: 0.4484 (274/500 in region)
  sW2@0.5: 0.5062 (168/500 in region)
  sW2@1.0: 0.6852 (75/500 in region)
  MMD@1.0: 0.2380
  Survival@1.0: 59.8%
  Stopped@1.0:  15.0%
      → K+S
  Precomputing encoder-pullback target...
  Stage 2 epoch 60/300: loss=0.032906
  Stage 2 epoch 120/300: loss=0.028435
  Stage 2 epoch 180/300: loss=0.025684
  Stage 2 epoch 240/300: loss=0.018106
  Stage 2 epoch 300/300: loss=0.013358
  Stage 3 epoch 60/300: loss=0.000020
  Stage 3 epoch 120/300: loss=0.000018
  Stage 3 epoch 180/300: loss=0.000017
  Stage 3 epoch 240/300: loss=0.000016
  Stage 3 epoch 300/300: loss=0.000016
  rcMTE@0.1: 0.4710 (342/500 in region)
  rcMTE@0.5: 0.6438 (168/500 in region)
  rcMTE@1.0: 0.6423 (75/500 in region)
  MTE@0.1: 0.7934
  MTE@0.5: 1.2118
  MTE@1.0: 1.4085
  W2@1.0:  1.1056
  sW2@0.1: 0.4321 (342/500 in region)
  sW2@0.2: 0.4484 (274/500 in region)
  sW2@0.5: 0.5062 (168/500 in region)
  sW2@1.0: 0.6852 (75/500 in region)
  MMD@1.0: 0.2380
  Survival@1.0: 59.8%
  Stopped@1.0:  15.0%

============================================================
  N=50 | D=201 (K=99) | paraboloid | seed=5042
============================================================
    Phase1 Epoch 50/250: loss=0.738821
    Phase1 Epoch 100/250: loss=0.292665
    Phase1 Epoch 150/250: loss=0.102515
    Phase1 Epoch 200/250: loss=0.094985
    Phase1 Epoch 250/250: loss=0.060930
      Phase 2 AE: K_weight=0.0000
        Phase2 Epoch 50/250: loss=0.052782
        Phase2 Epoch 100/250: loss=0.041586
        Phase2 Epoch 150/250: loss=0.029225
        Phase2 Epoch 200/250: loss=0.020978
        Phase2 Epoch 250/250: loss=0.028669
        E_mu=0.3481  E_Sigma=0.3463
      → baseline
  Precomputing encoder-pullback target...
  Stage 2 epoch 60/300: loss=0.032300
  Stage 2 epoch 120/300: loss=0.024220
  Stage 2 epoch 180/300: loss=0.020943
  Stage 2 epoch 240/300: loss=0.020925
  Stage 2 epoch 300/300: loss=0.018235
  Stage 3 epoch 60/300: loss=0.000016
  Stage 3 epoch 120/300: loss=0.000015
  Stage 3 epoch 180/300: loss=0.000013
  Stage 3 epoch 240/300: loss=0.000013
  Stage 3 epoch 300/300: loss=0.000013
  rcMTE@0.1: 0.5108 (331/500 in region)
  rcMTE@0.5: 0.7228 (161/500 in region)
  rcMTE@1.0: 0.7632 (71/500 in region)
  MTE@0.1: 1.6254
  MTE@0.5: 1.8432
  MTE@1.0: 1.9145
  W2@1.0:  1.4125
  sW2@0.1: 1.3784 (331/500 in region)
  sW2@0.2: 1.3893 (275/500 in region)
  sW2@0.5: 1.4186 (161/500 in region)
  sW2@1.0: 1.3817 (71/500 in region)
  MMD@1.0: 0.6071
  Survival@1.0: 65.6%
  Stopped@1.0:  14.2%
      Phase 2 AE: K_weight=0.4275
        Phase2 Epoch 50/250: loss=0.047184
        Phase2 Epoch 100/250: loss=0.033362
        Phase2 Epoch 150/250: loss=0.025558
        Phase2 Epoch 200/250: loss=0.025431
        Phase2 Epoch 250/250: loss=0.023061
        E_mu=0.2762  E_Sigma=0.2172
      → K
  Precomputing encoder-pullback target...
  Stage 2 epoch 60/300: loss=0.029967
  Stage 2 epoch 120/300: loss=0.023361
  Stage 2 epoch 180/300: loss=0.020719
  Stage 2 epoch 240/300: loss=0.021138
  Stage 2 epoch 300/300: loss=0.018324
  Stage 3 epoch 60/300: loss=0.000012
  Stage 3 epoch 120/300: loss=0.000011
  Stage 3 epoch 180/300: loss=0.000010
  Stage 3 epoch 240/300: loss=0.000010
  Stage 3 epoch 300/300: loss=0.000009
  rcMTE@0.1: 0.5181 (331/500 in region)
  rcMTE@0.5: 0.7402 (161/500 in region)
  rcMTE@1.0: 0.7771 (71/500 in region)
  MTE@0.1: 1.0224
  MTE@0.5: 1.3402
  MTE@1.0: 1.4169
  W2@1.0:  0.6738
  sW2@0.1: 0.5739 (331/500 in region)
  sW2@0.2: 0.6020 (275/500 in region)
  sW2@0.5: 0.6829 (161/500 in region)
  sW2@1.0: 0.5816 (71/500 in region)
  MMD@1.0: 0.2520
  Survival@1.0: 65.6%
  Stopped@1.0:  14.2%
      → K+S
  Precomputing encoder-pullback target...
  Stage 2 epoch 60/300: loss=0.029967
  Stage 2 epoch 120/300: loss=0.023361
  Stage 2 epoch 180/300: loss=0.020719
  Stage 2 epoch 240/300: loss=0.021138
  Stage 2 epoch 300/300: loss=0.018324
  Stage 3 epoch 60/300: loss=0.000012
  Stage 3 epoch 120/300: loss=0.000011
  Stage 3 epoch 180/300: loss=0.000010
  Stage 3 epoch 240/300: loss=0.000010
  Stage 3 epoch 300/300: loss=0.000009
  rcMTE@0.1: 0.5181 (331/500 in region)
  rcMTE@0.5: 0.7402 (161/500 in region)
  rcMTE@1.0: 0.7771 (71/500 in region)
  MTE@0.1: 1.0224
  MTE@0.5: 1.3402
  MTE@1.0: 1.4169
  W2@1.0:  0.6738
  sW2@0.1: 0.5739 (331/500 in region)
  sW2@0.2: 0.6020 (275/500 in region)
  sW2@0.5: 0.6829 (161/500 in region)
  sW2@1.0: 0.5816 (71/500 in region)
  MMD@1.0: 0.2520
  Survival@1.0: 65.6%
  Stopped@1.0:  14.2%

============================================================
  N=50 | D=201 (K=99) | paraboloid | seed=6042
============================================================
    Phase1 Epoch 50/250: loss=0.771891
    Phase1 Epoch 100/250: loss=0.349472
    Phase1 Epoch 150/250: loss=0.167679
    Phase1 Epoch 200/250: loss=0.100266
    Phase1 Epoch 250/250: loss=0.050498
      Phase 2 AE: K_weight=0.0000
        Phase2 Epoch 50/250: loss=0.038380
        Phase2 Epoch 100/250: loss=0.034909
        Phase2 Epoch 150/250: loss=0.037497
        Phase2 Epoch 200/250: loss=0.025617
        Phase2 Epoch 250/250: loss=0.032903
        E_mu=0.3426  E_Sigma=0.5389
      → baseline
  Precomputing encoder-pullback target...
  Stage 2 epoch 60/300: loss=0.067740
  Stage 2 epoch 120/300: loss=0.045729
  Stage 2 epoch 180/300: loss=0.033365
  Stage 2 epoch 240/300: loss=0.026536
  Stage 2 epoch 300/300: loss=0.022235
  Stage 3 epoch 60/300: loss=0.000093
  Stage 3 epoch 120/300: loss=0.000089
  Stage 3 epoch 180/300: loss=0.000080
  Stage 3 epoch 240/300: loss=0.000072
  Stage 3 epoch 300/300: loss=0.000059
  rcMTE@0.1: 0.3521 (329/500 in region)
  rcMTE@0.5: 0.4588 (153/500 in region)
  rcMTE@1.0: 0.5191 (78/500 in region)
  MTE@0.1: 0.6832
  MTE@0.5: 0.8729
  MTE@1.0: 0.9445
  W2@1.0:  0.7547
  sW2@0.1: 0.4027 (329/500 in region)
  sW2@0.2: 0.4318 (272/500 in region)
  sW2@0.5: 0.5868 (153/500 in region)
  sW2@1.0: 0.6838 (78/500 in region)
  MMD@1.0: 0.2745
  Survival@1.0: 62.8%
  Stopped@1.0:  15.6%
      Phase 2 AE: K_weight=0.4275
        Phase2 Epoch 50/250: loss=0.033472
        Phase2 Epoch 100/250: loss=0.037912
        Phase2 Epoch 150/250: loss=0.044863
        Phase2 Epoch 200/250: loss=0.021052
        Phase2 Epoch 250/250: loss=0.027719
        E_mu=0.2442  E_Sigma=0.2161
      → K
  Precomputing encoder-pullback target...
  Stage 2 epoch 60/300: loss=0.058145
  Stage 2 epoch 120/300: loss=0.039660
  Stage 2 epoch 180/300: loss=0.029483
  Stage 2 epoch 240/300: loss=0.023451
  Stage 2 epoch 300/300: loss=0.020316
  Stage 3 epoch 60/300: loss=0.000082
  Stage 3 epoch 120/300: loss=0.000080
  Stage 3 epoch 180/300: loss=0.000070
  Stage 3 epoch 240/300: loss=0.000063
  Stage 3 epoch 300/300: loss=0.000052
  rcMTE@0.1: 0.3251 (329/500 in region)
  rcMTE@0.5: 0.4218 (153/500 in region)
  rcMTE@1.0: 0.4529 (78/500 in region)
  MTE@0.1: 1.0689
  MTE@0.5: 1.1396
  MTE@1.0: 1.1507
  W2@1.0:  0.9685
  sW2@0.1: 0.8826 (329/500 in region)
  sW2@0.2: 0.8741 (272/500 in region)
  sW2@0.5: 0.9073 (153/500 in region)
  sW2@1.0: 0.9018 (78/500 in region)
  MMD@1.0: 0.4354
  Survival@1.0: 62.8%
  Stopped@1.0:  15.6%
      → K+S
  Precomputing encoder-pullback target...
  Stage 2 epoch 60/300: loss=0.058145
  Stage 2 epoch 120/300: loss=0.039660
  Stage 2 epoch 180/300: loss=0.029483
  Stage 2 epoch 240/300: loss=0.023451
  Stage 2 epoch 300/300: loss=0.020316
  Stage 3 epoch 60/300: loss=0.000082
  Stage 3 epoch 120/300: loss=0.000080
  Stage 3 epoch 180/300: loss=0.000070
  Stage 3 epoch 240/300: loss=0.000063
  Stage 3 epoch 300/300: loss=0.000052
  rcMTE@0.1: 0.3251 (329/500 in region)
  rcMTE@0.5: 0.4218 (153/500 in region)
  rcMTE@1.0: 0.4529 (78/500 in region)
  MTE@0.1: 1.0689
  MTE@0.5: 1.1396
  MTE@1.0: 1.1507
  W2@1.0:  0.9685
  sW2@0.1: 0.8826 (329/500 in region)
  sW2@0.2: 0.8741 (272/500 in region)
  sW2@0.5: 0.9073 (153/500 in region)
  sW2@1.0: 0.9018 (78/500 in region)
  MMD@1.0: 0.4354
  Survival@1.0: 62.8%
  Stopped@1.0:  15.6%

============================================================
  N=50 | D=201 (K=99) | paraboloid | seed=7042
============================================================
    Phase1 Epoch 50/250: loss=0.675050
    Phase1 Epoch 100/250: loss=0.191256
    Phase1 Epoch 150/250: loss=0.144475
    Phase1 Epoch 200/250: loss=0.068938
    Phase1 Epoch 250/250: loss=0.063914
      Phase 2 AE: K_weight=0.0000
        Phase2 Epoch 50/250: loss=0.049848
        Phase2 Epoch 100/250: loss=0.031791
        Phase2 Epoch 150/250: loss=0.056870
        Phase2 Epoch 200/250: loss=0.022923
        Phase2 Epoch 250/250: loss=0.025302
        E_mu=0.3130  E_Sigma=0.5540
      → baseline
  Precomputing encoder-pullback target...
  Stage 2 epoch 60/300: loss=0.082403
  Stage 2 epoch 120/300: loss=0.059779
  Stage 2 epoch 180/300: loss=0.034112
  Stage 2 epoch 240/300: loss=0.025099
  Stage 2 epoch 300/300: loss=0.020347
  Stage 3 epoch 60/300: loss=0.000103
  Stage 3 epoch 120/300: loss=0.000083
  Stage 3 epoch 180/300: loss=0.000071
  Stage 3 epoch 240/300: loss=0.000064
  Stage 3 epoch 300/300: loss=0.000057
  rcMTE@0.1: 0.5871 (371/500 in region)
  rcMTE@0.5: 0.8347 (178/500 in region)
  rcMTE@1.0: 0.7991 (82/500 in region)
  MTE@0.1: 1.1074
  MTE@0.5: 1.4731
  MTE@1.0: 1.5257
  W2@1.0:  0.8685
  sW2@0.1: 0.5541 (371/500 in region)
  sW2@0.2: 0.5850 (296/500 in region)
  sW2@0.5: 0.7048 (178/500 in region)
  sW2@1.0: 0.6780 (82/500 in region)
  MMD@1.0: 0.3799
  Survival@1.0: 63.4%
  Stopped@1.0:  16.4%
      Phase 2 AE: K_weight=0.4275
        Phase2 Epoch 50/250: loss=0.049207
        Phase2 Epoch 100/250: loss=0.025462
        Phase2 Epoch 150/250: loss=0.057218
        Phase2 Epoch 200/250: loss=0.027608
        Phase2 Epoch 250/250: loss=0.008957
        E_mu=0.1552  E_Sigma=0.0927
      → K
  Precomputing encoder-pullback target...
  Stage 2 epoch 60/300: loss=0.061119
  Stage 2 epoch 120/300: loss=0.050104
  Stage 2 epoch 180/300: loss=0.032519
  Stage 2 epoch 240/300: loss=0.025347
  Stage 2 epoch 300/300: loss=0.021139
  Stage 3 epoch 60/300: loss=0.000095
  Stage 3 epoch 120/300: loss=0.000074
  Stage 3 epoch 180/300: loss=0.000062
  Stage 3 epoch 240/300: loss=0.000053
  Stage 3 epoch 300/300: loss=0.000045
  rcMTE@0.1: 0.5788 (371/500 in region)
  rcMTE@0.5: 0.7937 (178/500 in region)
  rcMTE@1.0: 0.7617 (82/500 in region)
  MTE@0.1: 0.9676
  MTE@0.5: 1.3231
  MTE@1.0: 1.3891
  W2@1.0:  0.6643
  sW2@0.1: 0.3758 (371/500 in region)
  sW2@0.2: 0.4157 (296/500 in region)
  sW2@0.5: 0.4627 (178/500 in region)
  sW2@1.0: 0.5175 (82/500 in region)
  MMD@1.0: 0.2105
  Survival@1.0: 63.4%
  Stopped@1.0:  16.4%
      → K+S
  Precomputing encoder-pullback target...
  Stage 2 epoch 60/300: loss=0.061119
  Stage 2 epoch 120/300: loss=0.050104
  Stage 2 epoch 180/300: loss=0.032519
  Stage 2 epoch 240/300: loss=0.025347
  Stage 2 epoch 300/300: loss=0.021139
  Stage 3 epoch 60/300: loss=0.000095
  Stage 3 epoch 120/300: loss=0.000074
  Stage 3 epoch 180/300: loss=0.000062
  Stage 3 epoch 240/300: loss=0.000053
  Stage 3 epoch 300/300: loss=0.000045
  rcMTE@0.1: 0.5788 (371/500 in region)
  rcMTE@0.5: 0.7937 (178/500 in region)
  rcMTE@1.0: 0.7617 (82/500 in region)
  MTE@0.1: 0.9676
  MTE@0.5: 1.3231
  MTE@1.0: 1.3891
  W2@1.0:  0.6643
  sW2@0.1: 0.3758 (371/500 in region)
  sW2@0.2: 0.4157 (296/500 in region)
  sW2@0.5: 0.4627 (178/500 in region)
  sW2@1.0: 0.5175 (82/500 in region)
  MMD@1.0: 0.2105
  Survival@1.0: 63.4%
  Stopped@1.0:  16.4%

============================================================
  N=50 | D=201 (K=99) | paraboloid | seed=8042
============================================================
    Phase1 Epoch 50/250: loss=0.653807
    Phase1 Epoch 100/250: loss=0.196852
    Phase1 Epoch 150/250: loss=0.129848
    Phase1 Epoch 200/250: loss=0.093747
    Phase1 Epoch 250/250: loss=0.054411
      Phase 2 AE: K_weight=0.0000
        Phase2 Epoch 50/250: loss=0.040760
        Phase2 Epoch 100/250: loss=0.025499
        Phase2 Epoch 150/250: loss=0.022057
        Phase2 Epoch 200/250: loss=0.014545
        Phase2 Epoch 250/250: loss=0.021747
        E_mu=0.2645  E_Sigma=0.2302
      → baseline
  Precomputing encoder-pullback target...
  Stage 2 epoch 60/300: loss=0.056512
  Stage 2 epoch 120/300: loss=0.048063
  Stage 2 epoch 180/300: loss=0.030234
  Stage 2 epoch 240/300: loss=0.028443
  Stage 2 epoch 300/300: loss=0.020097
  Stage 3 epoch 60/300: loss=0.000117
  Stage 3 epoch 120/300: loss=0.000055
  Stage 3 epoch 180/300: loss=0.000030
  Stage 3 epoch 240/300: loss=0.000024
  Stage 3 epoch 300/300: loss=0.000025
  rcMTE@0.1: 0.4609 (346/500 in region)
  rcMTE@0.5: 0.7511 (171/500 in region)
  rcMTE@1.0: 0.8687 (75/500 in region)
  MTE@0.1: 0.9980
  MTE@0.5: 1.3265
  MTE@1.0: 1.5021
  W2@1.0:  0.6909
  sW2@0.1: 0.6154 (346/500 in region)
  sW2@0.2: 0.7241 (275/500 in region)
  sW2@0.5: 0.7359 (171/500 in region)
  sW2@1.0: 0.9022 (75/500 in region)
  MMD@1.0: 0.3058
  Survival@1.0: 62.6%
  Stopped@1.0:  15.0%
      Phase 2 AE: K_weight=0.4275
        Phase2 Epoch 50/250: loss=0.049226
        Phase2 Epoch 100/250: loss=0.030614
        Phase2 Epoch 150/250: loss=0.034702
        Phase2 Epoch 200/250: loss=0.030140
        Phase2 Epoch 250/250: loss=0.018205
        E_mu=0.2506  E_Sigma=0.2882
      → K
  Precomputing encoder-pullback target...
  Stage 2 epoch 60/300: loss=0.068136
  Stage 2 epoch 120/300: loss=0.061756
  Stage 2 epoch 180/300: loss=0.035710
  Stage 2 epoch 240/300: loss=0.034789
  Stage 2 epoch 300/300: loss=0.022794
  Stage 3 epoch 60/300: loss=0.000099
  Stage 3 epoch 120/300: loss=0.000046
  Stage 3 epoch 180/300: loss=0.000026
  Stage 3 epoch 240/300: loss=0.000021
  Stage 3 epoch 300/300: loss=0.000021
  rcMTE@0.1: 0.4708 (346/500 in region)
  rcMTE@0.5: 0.7654 (171/500 in region)
  rcMTE@1.0: 0.8677 (75/500 in region)
  MTE@0.1: 1.0689
  MTE@0.5: 1.3937
  MTE@1.0: 1.5584
  W2@1.0:  0.7614
  sW2@0.1: 0.6821 (346/500 in region)
  sW2@0.2: 0.7666 (275/500 in region)
  sW2@0.5: 0.7925 (171/500 in region)
  sW2@1.0: 0.9193 (75/500 in region)
  MMD@1.0: 0.3403
  Survival@1.0: 62.6%
  Stopped@1.0:  15.0%
      → K+S
  Precomputing encoder-pullback target...
  Stage 2 epoch 60/300: loss=0.068136
  Stage 2 epoch 120/300: loss=0.061756
  Stage 2 epoch 180/300: loss=0.035710
  Stage 2 epoch 240/300: loss=0.034789
  Stage 2 epoch 300/300: loss=0.022794
  Stage 3 epoch 60/300: loss=0.000099
  Stage 3 epoch 120/300: loss=0.000046
  Stage 3 epoch 180/300: loss=0.000026
  Stage 3 epoch 240/300: loss=0.000021
  Stage 3 epoch 300/300: loss=0.000021
  rcMTE@0.1: 0.4708 (346/500 in region)
  rcMTE@0.5: 0.7654 (171/500 in region)
  rcMTE@1.0: 0.8677 (75/500 in region)
  MTE@0.1: 1.0689
  MTE@0.5: 1.3937
  MTE@1.0: 1.5584
  W2@1.0:  0.7614
  sW2@0.1: 0.6821 (346/500 in region)
  sW2@0.2: 0.7666 (275/500 in region)
  sW2@0.5: 0.7925 (171/500 in region)
  sW2@1.0: 0.9193 (75/500 in region)
  MMD@1.0: 0.3403
  Survival@1.0: 62.6%
  Stopped@1.0:  15.0%

============================================================
  N=50 | D=201 (K=99) | paraboloid | seed=9042
============================================================
    Phase1 Epoch 50/250: loss=0.723682
    Phase1 Epoch 100/250: loss=0.271018
    Phase1 Epoch 150/250: loss=0.122771
    Phase1 Epoch 200/250: loss=0.091940
    Phase1 Epoch 250/250: loss=0.061241
      Phase 2 AE: K_weight=0.0000
        Phase2 Epoch 50/250: loss=0.052691
        Phase2 Epoch 100/250: loss=0.034631
        Phase2 Epoch 150/250: loss=0.038838
        Phase2 Epoch 200/250: loss=0.027599
        Phase2 Epoch 250/250: loss=0.043123
        E_mu=0.3227  E_Sigma=0.3188
      → baseline
  Precomputing encoder-pullback target...
  Stage 2 epoch 60/300: loss=0.063960
  Stage 2 epoch 120/300: loss=0.034116
  Stage 2 epoch 180/300: loss=0.021017
  Stage 2 epoch 240/300: loss=0.014924
  Stage 2 epoch 300/300: loss=0.014976
  Stage 3 epoch 60/300: loss=0.000092
  Stage 3 epoch 120/300: loss=0.000035
  Stage 3 epoch 180/300: loss=0.000024
  Stage 3 epoch 240/300: loss=0.000020
  Stage 3 epoch 300/300: loss=0.000019
  rcMTE@0.1: 0.7156 (321/500 in region)
  rcMTE@0.5: 0.9743 (155/500 in region)
  rcMTE@1.0: 1.1224 (66/500 in region)
  MTE@0.1: 1.3005
  MTE@0.5: 1.6333
  MTE@1.0: 1.6613
  W2@1.0:  0.5469
  sW2@0.1: 0.6727 (321/500 in region)
  sW2@0.2: 0.6885 (266/500 in region)
  sW2@0.5: 0.6097 (155/500 in region)
  sW2@1.0: 0.6918 (66/500 in region)
  MMD@1.0: 0.2502
  Survival@1.0: 61.0%
  Stopped@1.0:  13.2%
      Phase 2 AE: K_weight=0.4275
        Phase2 Epoch 50/250: loss=0.079704
        Phase2 Epoch 100/250: loss=0.066150
        Phase2 Epoch 150/250: loss=0.037956
        Phase2 Epoch 200/250: loss=0.034525
        Phase2 Epoch 250/250: loss=0.030056
        E_mu=0.3058  E_Sigma=0.3788
      → K
  Precomputing encoder-pullback target...
  Stage 2 epoch 60/300: loss=0.056987
  Stage 2 epoch 120/300: loss=0.033642
  Stage 2 epoch 180/300: loss=0.022126
  Stage 2 epoch 240/300: loss=0.015702
  Stage 2 epoch 300/300: loss=0.015483
  Stage 3 epoch 60/300: loss=0.000107
  Stage 3 epoch 120/300: loss=0.000040
  Stage 3 epoch 180/300: loss=0.000025
  Stage 3 epoch 240/300: loss=0.000020
  Stage 3 epoch 300/300: loss=0.000018
  rcMTE@0.1: 0.7196 (321/500 in region)
  rcMTE@0.5: 0.9660 (155/500 in region)
  rcMTE@1.0: 1.0873 (66/500 in region)
  MTE@0.1: 1.2535
  MTE@0.5: 1.5857
  MTE@1.0: 1.5975
  W2@1.0:  0.4517
  sW2@0.1: 0.4523 (321/500 in region)
  sW2@0.2: 0.5029 (266/500 in region)
  sW2@0.5: 0.4952 (155/500 in region)
  sW2@1.0: 0.4811 (66/500 in region)
  MMD@1.0: 0.1831
  Survival@1.0: 61.0%
  Stopped@1.0:  13.2%
      → K+S
  Precomputing encoder-pullback target...
  Stage 2 epoch 60/300: loss=0.056987
  Stage 2 epoch 120/300: loss=0.033642
  Stage 2 epoch 180/300: loss=0.022126
  Stage 2 epoch 240/300: loss=0.015702
  Stage 2 epoch 300/300: loss=0.015483
  Stage 3 epoch 60/300: loss=0.000107
  Stage 3 epoch 120/300: loss=0.000040
  Stage 3 epoch 180/300: loss=0.000025
  Stage 3 epoch 240/300: loss=0.000020
  Stage 3 epoch 300/300: loss=0.000018
  rcMTE@0.1: 0.7196 (321/500 in region)
  rcMTE@0.5: 0.9660 (155/500 in region)
  rcMTE@1.0: 1.0873 (66/500 in region)
  MTE@0.1: 1.2535
  MTE@0.5: 1.5857
  MTE@1.0: 1.5975
  W2@1.0:  0.4517
  sW2@0.1: 0.4523 (321/500 in region)
  sW2@0.2: 0.5029 (266/500 in region)
  sW2@0.5: 0.4952 (155/500 in region)
  sW2@1.0: 0.4811 (66/500 in region)
  MMD@1.0: 0.1831
  Survival@1.0: 61.0%
  Stopped@1.0:  13.2%

============================================================
  N=50 | D=201 (K=99) | hyperbolic_paraboloid | seed=42
============================================================
    Phase1 Epoch 50/250: loss=0.711168
    Phase1 Epoch 100/250: loss=0.216956
    Phase1 Epoch 150/250: loss=0.122985
    Phase1 Epoch 200/250: loss=0.066124
    Phase1 Epoch 250/250: loss=0.049567
      Phase 2 AE: K_weight=0.0000
        Phase2 Epoch 50/250: loss=0.047077
        Phase2 Epoch 100/250: loss=0.031459
        Phase2 Epoch 150/250: loss=0.022422
        Phase2 Epoch 200/250: loss=0.044229
        Phase2 Epoch 250/250: loss=0.016725
        E_mu=0.2129  E_Sigma=0.1760
      → baseline
  Precomputing encoder-pullback target...
  Stage 2 epoch 60/300: loss=0.018959
  Stage 2 epoch 120/300: loss=0.016604
  Stage 2 epoch 180/300: loss=0.013572
  Stage 2 epoch 240/300: loss=0.010581
  Stage 2 epoch 300/300: loss=0.009855
  Stage 3 epoch 60/300: loss=0.000012
  Stage 3 epoch 120/300: loss=0.000010
  Stage 3 epoch 180/300: loss=0.000009
  Stage 3 epoch 240/300: loss=0.000010
  Stage 3 epoch 300/300: loss=0.000009
  rcMTE@0.1: 0.4860 (333/500 in region)
  rcMTE@0.5: 0.6399 (177/500 in region)
  rcMTE@1.0: 0.6688 (74/500 in region)
  MTE@0.1: 0.8241
  MTE@0.5: 1.1397
  MTE@1.0: 1.1987
  W2@1.0:  0.3723
  sW2@0.1: 0.3650 (333/500 in region)
  sW2@0.2: 0.4117 (279/500 in region)
  sW2@0.5: 0.3234 (177/500 in region)
  sW2@1.0: 0.3602 (74/500 in region)
  MMD@1.0: 0.0994
  Survival@1.0: 62.6%
  Stopped@1.0:  14.8%
      Phase 2 AE: K_weight=0.4275
        Phase2 Epoch 50/250: loss=0.040800
        Phase2 Epoch 100/250: loss=0.042366
        Phase2 Epoch 150/250: loss=0.022239
        Phase2 Epoch 200/250: loss=0.009493
        Phase2 Epoch 250/250: loss=0.010926
        E_mu=0.2254  E_Sigma=0.2256
      → K
  Precomputing encoder-pullback target...
  Stage 2 epoch 60/300: loss=0.017682
  Stage 2 epoch 120/300: loss=0.015342
  Stage 2 epoch 180/300: loss=0.012578
  Stage 2 epoch 240/300: loss=0.009937
  Stage 2 epoch 300/300: loss=0.009231
  Stage 3 epoch 60/300: loss=0.000012
  Stage 3 epoch 120/300: loss=0.000011
  Stage 3 epoch 180/300: loss=0.000010
  Stage 3 epoch 240/300: loss=0.000009
  Stage 3 epoch 300/300: loss=0.000009
  rcMTE@0.1: 0.4718 (333/500 in region)
  rcMTE@0.5: 0.6413 (177/500 in region)
  rcMTE@1.0: 0.6636 (74/500 in region)
  MTE@0.1: 0.8683
  MTE@0.5: 1.1937
  MTE@1.0: 1.2639
  W2@1.0:  0.5246
  sW2@0.1: 0.3919 (333/500 in region)
  sW2@0.2: 0.4362 (279/500 in region)
  sW2@0.5: 0.4720 (177/500 in region)
  sW2@1.0: 0.4875 (74/500 in region)
  MMD@1.0: 0.1647
  Survival@1.0: 62.6%
  Stopped@1.0:  14.8%
      → K+S
  Precomputing encoder-pullback target...
  Stage 2 epoch 60/300: loss=0.017682
  Stage 2 epoch 120/300: loss=0.015342
  Stage 2 epoch 180/300: loss=0.012578
  Stage 2 epoch 240/300: loss=0.009937
  Stage 2 epoch 300/300: loss=0.009231
  Stage 3 epoch 60/300: loss=0.000012
  Stage 3 epoch 120/300: loss=0.000011
  Stage 3 epoch 180/300: loss=0.000010
  Stage 3 epoch 240/300: loss=0.000009
  Stage 3 epoch 300/300: loss=0.000009
  rcMTE@0.1: 0.4718 (333/500 in region)
  rcMTE@0.5: 0.6413 (177/500 in region)
  rcMTE@1.0: 0.6636 (74/500 in region)
  MTE@0.1: 0.8683
  MTE@0.5: 1.1937
  MTE@1.0: 1.2639
  W2@1.0:  0.5246
  sW2@0.1: 0.3919 (333/500 in region)
  sW2@0.2: 0.4362 (279/500 in region)
  sW2@0.5: 0.4720 (177/500 in region)
  sW2@1.0: 0.4875 (74/500 in region)
  MMD@1.0: 0.1647
  Survival@1.0: 62.6%
  Stopped@1.0:  14.8%

============================================================
  N=50 | D=201 (K=99) | hyperbolic_paraboloid | seed=1042
============================================================
    Phase1 Epoch 50/250: loss=0.679870
    Phase1 Epoch 100/250: loss=0.220557
    Phase1 Epoch 150/250: loss=0.107968
    Phase1 Epoch 200/250: loss=0.103065
    Phase1 Epoch 250/250: loss=0.057786
      Phase 2 AE: K_weight=0.0000
        Phase2 Epoch 50/250: loss=0.044767
        Phase2 Epoch 100/250: loss=0.034189
        Phase2 Epoch 150/250: loss=0.039262
        Phase2 Epoch 200/250: loss=0.028224
        Phase2 Epoch 250/250: loss=0.007723
        E_mu=0.2210  E_Sigma=0.1867
      → baseline
  Precomputing encoder-pullback target...
  Stage 2 epoch 60/300: loss=0.024166
  Stage 2 epoch 120/300: loss=0.023522
  Stage 2 epoch 180/300: loss=0.019515
  Stage 2 epoch 240/300: loss=0.016324
  Stage 2 epoch 300/300: loss=0.015478
  Stage 3 epoch 60/300: loss=0.000029
  Stage 3 epoch 120/300: loss=0.000025
  Stage 3 epoch 180/300: loss=0.000016
  Stage 3 epoch 240/300: loss=0.000013
  Stage 3 epoch 300/300: loss=0.000010
  rcMTE@0.1: 0.6864 (343/500 in region)
  rcMTE@0.5: 0.9982 (167/500 in region)
  rcMTE@1.0: 1.0715 (86/500 in region)
  MTE@0.1: 1.1680
  MTE@0.5: 1.6187
  MTE@1.0: 1.7117
  W2@1.0:  0.3733
  sW2@0.1: 0.3832 (343/500 in region)
  sW2@0.2: 0.5041 (281/500 in region)
  sW2@0.5: 0.5810 (167/500 in region)
  sW2@1.0: 0.4589 (86/500 in region)
  MMD@1.0: 0.1161
  Survival@1.0: 64.4%
  Stopped@1.0:  17.2%
      Phase 2 AE: K_weight=0.4275
        Phase2 Epoch 50/250: loss=0.033859
        Phase2 Epoch 100/250: loss=0.042307
        Phase2 Epoch 150/250: loss=0.015476
        Phase2 Epoch 200/250: loss=0.018741
        Phase2 Epoch 250/250: loss=0.012917
        E_mu=0.2046  E_Sigma=0.1282
      → K
  Precomputing encoder-pullback target...
  Stage 2 epoch 60/300: loss=0.024764
  Stage 2 epoch 120/300: loss=0.023627
  Stage 2 epoch 180/300: loss=0.019406
  Stage 2 epoch 240/300: loss=0.016027
  Stage 2 epoch 300/300: loss=0.015030
  Stage 3 epoch 60/300: loss=0.000026
  Stage 3 epoch 120/300: loss=0.000021
  Stage 3 epoch 180/300: loss=0.000013
  Stage 3 epoch 240/300: loss=0.000010
  Stage 3 epoch 300/300: loss=0.000007
  rcMTE@0.1: 0.6839 (343/500 in region)
  rcMTE@0.5: 0.9864 (167/500 in region)
  rcMTE@1.0: 1.0579 (86/500 in region)
  MTE@0.1: 1.2716
  MTE@0.5: 1.6854
  MTE@1.0: 1.7716
  W2@1.0:  0.5868
  sW2@0.1: 0.5526 (343/500 in region)
  sW2@0.2: 0.6193 (281/500 in region)
  sW2@0.5: 0.6931 (167/500 in region)
  sW2@1.0: 0.6302 (86/500 in region)
  MMD@1.0: 0.2662
  Survival@1.0: 64.4%
  Stopped@1.0:  17.2%
      → K+S
  Precomputing encoder-pullback target...
  Stage 2 epoch 60/300: loss=0.024764
  Stage 2 epoch 120/300: loss=0.023627
  Stage 2 epoch 180/300: loss=0.019406
  Stage 2 epoch 240/300: loss=0.016027
  Stage 2 epoch 300/300: loss=0.015030
  Stage 3 epoch 60/300: loss=0.000026
  Stage 3 epoch 120/300: loss=0.000021
  Stage 3 epoch 180/300: loss=0.000013
  Stage 3 epoch 240/300: loss=0.000010
  Stage 3 epoch 300/300: loss=0.000007
  rcMTE@0.1: 0.6839 (343/500 in region)
  rcMTE@0.5: 0.9864 (167/500 in region)
  rcMTE@1.0: 1.0579 (86/500 in region)
  MTE@0.1: 1.2716
  MTE@0.5: 1.6854
  MTE@1.0: 1.7716
  W2@1.0:  0.5868
  sW2@0.1: 0.5526 (343/500 in region)
  sW2@0.2: 0.6193 (281/500 in region)
  sW2@0.5: 0.6931 (167/500 in region)
  sW2@1.0: 0.6302 (86/500 in region)
  MMD@1.0: 0.2662
  Survival@1.0: 64.4%
  Stopped@1.0:  17.2%

============================================================
  N=50 | D=201 (K=99) | hyperbolic_paraboloid | seed=2042
============================================================
    Phase1 Epoch 50/250: loss=0.712733
    Phase1 Epoch 100/250: loss=0.144615
    Phase1 Epoch 150/250: loss=0.099220
    Phase1 Epoch 200/250: loss=0.065866
    Phase1 Epoch 250/250: loss=0.053525
      Phase 2 AE: K_weight=0.0000
        Phase2 Epoch 50/250: loss=0.045547
        Phase2 Epoch 100/250: loss=0.034234
        Phase2 Epoch 150/250: loss=0.026457
        Phase2 Epoch 200/250: loss=0.024811
        Phase2 Epoch 250/250: loss=0.008825
        E_mu=0.1840  E_Sigma=0.1147
      → baseline
  Precomputing encoder-pullback target...
  Stage 2 epoch 60/300: loss=0.016054
  Stage 2 epoch 120/300: loss=0.013917
  Stage 2 epoch 180/300: loss=0.012873
  Stage 2 epoch 240/300: loss=0.012418
  Stage 2 epoch 300/300: loss=0.011269
  Stage 3 epoch 60/300: loss=0.000050
  Stage 3 epoch 120/300: loss=0.000024
  Stage 3 epoch 180/300: loss=0.000016
  Stage 3 epoch 240/300: loss=0.000014
  Stage 3 epoch 300/300: loss=0.000012
  rcMTE@0.1: 0.1894 (348/500 in region)
  rcMTE@0.5: 0.2606 (161/500 in region)
  rcMTE@1.0: 0.2637 (63/500 in region)
  MTE@0.1: 0.3681
  MTE@0.5: 0.5828
  MTE@1.0: 0.6294
  W2@1.0:  0.4774
  sW2@0.1: 0.2097 (348/500 in region)
  sW2@0.2: 0.2817 (288/500 in region)
  sW2@0.5: 0.2908 (161/500 in region)
  sW2@1.0: 0.2582 (63/500 in region)
  MMD@1.0: 0.2099
  Survival@1.0: 62.0%
  Stopped@1.0:  12.6%
      Phase 2 AE: K_weight=0.4275
        Phase2 Epoch 50/250: loss=0.057058
        Phase2 Epoch 100/250: loss=0.034588
        Phase2 Epoch 150/250: loss=0.039764
        Phase2 Epoch 200/250: loss=0.038605
        Phase2 Epoch 250/250: loss=0.026086
        E_mu=0.1754  E_Sigma=0.1638
      → K
  Precomputing encoder-pullback target...
  Stage 2 epoch 60/300: loss=0.017593
  Stage 2 epoch 120/300: loss=0.015473
  Stage 2 epoch 180/300: loss=0.014139
  Stage 2 epoch 240/300: loss=0.013401
  Stage 2 epoch 300/300: loss=0.011961
  Stage 3 epoch 60/300: loss=0.000047
  Stage 3 epoch 120/300: loss=0.000023
  Stage 3 epoch 180/300: loss=0.000018
  Stage 3 epoch 240/300: loss=0.000015
  Stage 3 epoch 300/300: loss=0.000014
  rcMTE@0.1: 0.1949 (348/500 in region)
  rcMTE@0.5: 0.2653 (161/500 in region)
  rcMTE@1.0: 0.2683 (63/500 in region)
  MTE@0.1: 0.4023
  MTE@0.5: 0.5978
  MTE@1.0: 0.6327
  W2@1.0:  0.4754
  sW2@0.1: 0.2498 (348/500 in region)
  sW2@0.2: 0.3078 (288/500 in region)
  sW2@0.5: 0.3048 (161/500 in region)
  sW2@1.0: 0.3007 (63/500 in region)
  MMD@1.0: 0.1918
  Survival@1.0: 62.0%
  Stopped@1.0:  12.6%
      → K+S
  Precomputing encoder-pullback target...
  Stage 2 epoch 60/300: loss=0.017593
  Stage 2 epoch 120/300: loss=0.015473
  Stage 2 epoch 180/300: loss=0.014139
  Stage 2 epoch 240/300: loss=0.013401
  Stage 2 epoch 300/300: loss=0.011961
  Stage 3 epoch 60/300: loss=0.000047
  Stage 3 epoch 120/300: loss=0.000023
  Stage 3 epoch 180/300: loss=0.000018
  Stage 3 epoch 240/300: loss=0.000015
  Stage 3 epoch 300/300: loss=0.000014
  rcMTE@0.1: 0.1949 (348/500 in region)
  rcMTE@0.5: 0.2653 (161/500 in region)
  rcMTE@1.0: 0.2683 (63/500 in region)
  MTE@0.1: 0.4023
  MTE@0.5: 0.5978
  MTE@1.0: 0.6327
  W2@1.0:  0.4754
  sW2@0.1: 0.2498 (348/500 in region)
  sW2@0.2: 0.3078 (288/500 in region)
  sW2@0.5: 0.3048 (161/500 in region)
  sW2@1.0: 0.3007 (63/500 in region)
  MMD@1.0: 0.1918
  Survival@1.0: 62.0%
  Stopped@1.0:  12.6%

============================================================
  N=50 | D=201 (K=99) | hyperbolic_paraboloid | seed=3042
============================================================
    Phase1 Epoch 50/250: loss=0.882447
    Phase1 Epoch 100/250: loss=0.221070
    Phase1 Epoch 150/250: loss=0.092358
    Phase1 Epoch 200/250: loss=0.054604
    Phase1 Epoch 250/250: loss=0.041365
      Phase 2 AE: K_weight=0.0000
        Phase2 Epoch 50/250: loss=0.029711
        Phase2 Epoch 100/250: loss=0.014328
        Phase2 Epoch 150/250: loss=0.010762
        Phase2 Epoch 200/250: loss=0.009284
        Phase2 Epoch 250/250: loss=0.006983
        E_mu=0.1309  E_Sigma=0.0988
      → baseline
  Precomputing encoder-pullback target...
  Stage 2 epoch 60/300: loss=0.036722
  Stage 2 epoch 120/300: loss=0.025767
  Stage 2 epoch 180/300: loss=0.023390
  Stage 2 epoch 240/300: loss=0.019857
  Stage 2 epoch 300/300: loss=0.016722
  Stage 3 epoch 60/300: loss=0.000064
  Stage 3 epoch 120/300: loss=0.000024
  Stage 3 epoch 180/300: loss=0.000015
  Stage 3 epoch 240/300: loss=0.000011
  Stage 3 epoch 300/300: loss=0.000009
  rcMTE@0.1: 0.1882 (343/500 in region)
  rcMTE@0.5: 0.2971 (164/500 in region)
  rcMTE@1.0: 0.3474 (63/500 in region)
  MTE@0.1: 0.4075
  MTE@0.5: 0.5640
  MTE@1.0: 0.6492
  W2@1.0:  0.4810
  sW2@0.1: 0.2233 (343/500 in region)
  sW2@0.2: 0.2667 (283/500 in region)
  sW2@0.5: 0.3560 (164/500 in region)
  sW2@1.0: 0.4590 (63/500 in region)
  MMD@1.0: 0.0910
  Survival@1.0: 64.2%
  Stopped@1.0:  12.6%
      Phase 2 AE: K_weight=0.4275
        Phase2 Epoch 50/250: loss=0.028246
        Phase2 Epoch 100/250: loss=0.020855
        Phase2 Epoch 150/250: loss=0.022269
        Phase2 Epoch 200/250: loss=0.016065
        Phase2 Epoch 250/250: loss=0.009600
        E_mu=0.1113  E_Sigma=0.0756
      → K
  Precomputing encoder-pullback target...
  Stage 2 epoch 60/300: loss=0.039415
  Stage 2 epoch 120/300: loss=0.027380
  Stage 2 epoch 180/300: loss=0.024451
  Stage 2 epoch 240/300: loss=0.020345
  Stage 2 epoch 300/300: loss=0.016864
  Stage 3 epoch 60/300: loss=0.000063
  Stage 3 epoch 120/300: loss=0.000025
  Stage 3 epoch 180/300: loss=0.000015
  Stage 3 epoch 240/300: loss=0.000011
  Stage 3 epoch 300/300: loss=0.000009
  rcMTE@0.1: 0.1779 (343/500 in region)
  rcMTE@0.5: 0.2829 (164/500 in region)
  rcMTE@1.0: 0.3350 (63/500 in region)
  MTE@0.1: 0.4229
  MTE@0.5: 0.5668
  MTE@1.0: 0.6381
  W2@1.0:  0.4501
  sW2@0.1: 0.2328 (343/500 in region)
  sW2@0.2: 0.2663 (283/500 in region)
  sW2@0.5: 0.3512 (164/500 in region)
  sW2@1.0: 0.4566 (63/500 in region)
  MMD@1.0: 0.1052
  Survival@1.0: 64.2%
  Stopped@1.0:  12.6%
      → K+S
  Precomputing encoder-pullback target...
  Stage 2 epoch 60/300: loss=0.039415
  Stage 2 epoch 120/300: loss=0.027380
  Stage 2 epoch 180/300: loss=0.024451
  Stage 2 epoch 240/300: loss=0.020345
  Stage 2 epoch 300/300: loss=0.016864
  Stage 3 epoch 60/300: loss=0.000063
  Stage 3 epoch 120/300: loss=0.000025
  Stage 3 epoch 180/300: loss=0.000015
  Stage 3 epoch 240/300: loss=0.000011
  Stage 3 epoch 300/300: loss=0.000009
  rcMTE@0.1: 0.1779 (343/500 in region)
  rcMTE@0.5: 0.2829 (164/500 in region)
  rcMTE@1.0: 0.3350 (63/500 in region)
  MTE@0.1: 0.4229
  MTE@0.5: 0.5668
  MTE@1.0: 0.6381
  W2@1.0:  0.4501
  sW2@0.1: 0.2328 (343/500 in region)
  sW2@0.2: 0.2663 (283/500 in region)
  sW2@0.5: 0.3512 (164/500 in region)
  sW2@1.0: 0.4566 (63/500 in region)
  MMD@1.0: 0.1052
  Survival@1.0: 64.2%
  Stopped@1.0:  12.6%

============================================================
  N=50 | D=201 (K=99) | hyperbolic_paraboloid | seed=4042
============================================================
    Phase1 Epoch 50/250: loss=0.675964
    Phase1 Epoch 100/250: loss=0.160435
    Phase1 Epoch 150/250: loss=0.085634
    Phase1 Epoch 200/250: loss=0.059106
    Phase1 Epoch 250/250: loss=0.052616
      Phase 2 AE: K_weight=0.0000
        Phase2 Epoch 50/250: loss=0.039802
        Phase2 Epoch 100/250: loss=0.050171
        Phase2 Epoch 150/250: loss=0.022507
        Phase2 Epoch 200/250: loss=0.013820
        Phase2 Epoch 250/250: loss=0.018838
        E_mu=0.2028  E_Sigma=0.1883
      → baseline
  Precomputing encoder-pullback target...
  Stage 2 epoch 60/300: loss=0.018936
  Stage 2 epoch 120/300: loss=0.016481
  Stage 2 epoch 180/300: loss=0.015127
  Stage 2 epoch 240/300: loss=0.011660
  Stage 2 epoch 300/300: loss=0.009432
  Stage 3 epoch 60/300: loss=0.000012
  Stage 3 epoch 120/300: loss=0.000012
  Stage 3 epoch 180/300: loss=0.000011
  Stage 3 epoch 240/300: loss=0.000010
  Stage 3 epoch 300/300: loss=0.000011
  rcMTE@0.1: 0.4810 (342/500 in region)
  rcMTE@0.5: 0.6324 (168/500 in region)
  rcMTE@1.0: 0.6241 (75/500 in region)
  MTE@0.1: 0.9625
  MTE@0.5: 1.3585
  MTE@1.0: 1.3846
  W2@1.0:  0.8142
  sW2@0.1: 0.5012 (342/500 in region)
  sW2@0.2: 0.5215 (274/500 in region)
  sW2@0.5: 0.5483 (168/500 in region)
  sW2@1.0: 0.6686 (75/500 in region)
  MMD@1.0: 0.2664
  Survival@1.0: 59.8%
  Stopped@1.0:  15.0%
      Phase 2 AE: K_weight=0.4275
        Phase2 Epoch 50/250: loss=0.038619
        Phase2 Epoch 100/250: loss=0.031022
        Phase2 Epoch 150/250: loss=0.027813
        Phase2 Epoch 200/250: loss=0.022776
        Phase2 Epoch 250/250: loss=0.014076
        E_mu=0.2132  E_Sigma=0.1184
      → K
  Precomputing encoder-pullback target...
  Stage 2 epoch 60/300: loss=0.021712
  Stage 2 epoch 120/300: loss=0.018133
  Stage 2 epoch 180/300: loss=0.015941
  Stage 2 epoch 240/300: loss=0.011871
  Stage 2 epoch 300/300: loss=0.009264
  Stage 3 epoch 60/300: loss=0.000009
  Stage 3 epoch 120/300: loss=0.000009
  Stage 3 epoch 180/300: loss=0.000008
  Stage 3 epoch 240/300: loss=0.000007
  Stage 3 epoch 300/300: loss=0.000008
  rcMTE@0.1: 0.4648 (342/500 in region)
  rcMTE@0.5: 0.6083 (168/500 in region)
  rcMTE@1.0: 0.6083 (75/500 in region)
  MTE@0.1: 0.8765
  MTE@0.5: 1.2695
  MTE@1.0: 1.2614
  W2@1.0:  0.5966
  sW2@0.1: 0.3446 (342/500 in region)
  sW2@0.2: 0.3497 (274/500 in region)
  sW2@0.5: 0.3871 (168/500 in region)
  sW2@1.0: 0.5155 (75/500 in region)
  MMD@1.0: 0.1850
  Survival@1.0: 59.8%
  Stopped@1.0:  15.0%
      → K+S
  Precomputing encoder-pullback target...
  Stage 2 epoch 60/300: loss=0.021712
  Stage 2 epoch 120/300: loss=0.018133
  Stage 2 epoch 180/300: loss=0.015941
  Stage 2 epoch 240/300: loss=0.011871
  Stage 2 epoch 300/300: loss=0.009264
  Stage 3 epoch 60/300: loss=0.000009
  Stage 3 epoch 120/300: loss=0.000009
  Stage 3 epoch 180/300: loss=0.000008
  Stage 3 epoch 240/300: loss=0.000007
  Stage 3 epoch 300/300: loss=0.000008
  rcMTE@0.1: 0.4648 (342/500 in region)
  rcMTE@0.5: 0.6083 (168/500 in region)
  rcMTE@1.0: 0.6083 (75/500 in region)
  MTE@0.1: 0.8765
  MTE@0.5: 1.2695
  MTE@1.0: 1.2614
  W2@1.0:  0.5966
  sW2@0.1: 0.3446 (342/500 in region)
  sW2@0.2: 0.3497 (274/500 in region)
  sW2@0.5: 0.3871 (168/500 in region)
  sW2@1.0: 0.5155 (75/500 in region)
  MMD@1.0: 0.1850
  Survival@1.0: 59.8%
  Stopped@1.0:  15.0%

============================================================
  N=50 | D=201 (K=99) | hyperbolic_paraboloid | seed=5042
============================================================
    Phase1 Epoch 50/250: loss=0.697358
    Phase1 Epoch 100/250: loss=0.174435
    Phase1 Epoch 150/250: loss=0.127503
    Phase1 Epoch 200/250: loss=0.077013
    Phase1 Epoch 250/250: loss=0.082133
      Phase 2 AE: K_weight=0.0000
        Phase2 Epoch 50/250: loss=0.049878
        Phase2 Epoch 100/250: loss=0.034701
        Phase2 Epoch 150/250: loss=0.026905
        Phase2 Epoch 200/250: loss=0.022028
        Phase2 Epoch 250/250: loss=0.009953
        E_mu=0.2128  E_Sigma=0.1173
      → baseline
  Precomputing encoder-pullback target...
  Stage 2 epoch 60/300: loss=0.026052
  Stage 2 epoch 120/300: loss=0.020912
  Stage 2 epoch 180/300: loss=0.019472
  Stage 2 epoch 240/300: loss=0.020501
  Stage 2 epoch 300/300: loss=0.019129
  Stage 3 epoch 60/300: loss=0.000013
  Stage 3 epoch 120/300: loss=0.000011
  Stage 3 epoch 180/300: loss=0.000011
  Stage 3 epoch 240/300: loss=0.000010
  Stage 3 epoch 300/300: loss=0.000010
  rcMTE@0.1: 0.5234 (331/500 in region)
  rcMTE@0.5: 0.7403 (161/500 in region)
  rcMTE@1.0: 0.7578 (71/500 in region)
  MTE@0.1: 0.9545
  MTE@0.5: 1.3019
  MTE@1.0: 1.3650
  W2@1.0:  0.5024
  sW2@0.1: 0.3311 (331/500 in region)
  sW2@0.2: 0.3557 (275/500 in region)
  sW2@0.5: 0.4672 (161/500 in region)
  sW2@1.0: 0.3481 (71/500 in region)
  MMD@1.0: 0.1045
  Survival@1.0: 65.6%
  Stopped@1.0:  14.2%
      Phase 2 AE: K_weight=0.4275
        Phase2 Epoch 50/250: loss=0.073894
        Phase2 Epoch 100/250: loss=0.040936
        Phase2 Epoch 150/250: loss=0.035767
        Phase2 Epoch 200/250: loss=0.026449
        Phase2 Epoch 250/250: loss=0.021964
        E_mu=0.2384  E_Sigma=0.3139
      → K
  Precomputing encoder-pullback target...
  Stage 2 epoch 60/300: loss=0.024215
  Stage 2 epoch 120/300: loss=0.018916
  Stage 2 epoch 180/300: loss=0.017602
  Stage 2 epoch 240/300: loss=0.018215
  Stage 2 epoch 300/300: loss=0.017203
  Stage 3 epoch 60/300: loss=0.000017
  Stage 3 epoch 120/300: loss=0.000015
  Stage 3 epoch 180/300: loss=0.000015
  Stage 3 epoch 240/300: loss=0.000015
  Stage 3 epoch 300/300: loss=0.000014
  rcMTE@0.1: 0.5268 (331/500 in region)
  rcMTE@0.5: 0.7366 (161/500 in region)
  rcMTE@1.0: 0.7484 (71/500 in region)
  MTE@0.1: 0.9709
  MTE@0.5: 1.3057
  MTE@1.0: 1.3719
  W2@1.0:  0.5504
  sW2@0.1: 0.3914 (331/500 in region)
  sW2@0.2: 0.4049 (275/500 in region)
  sW2@0.5: 0.4738 (161/500 in region)
  sW2@1.0: 0.3528 (71/500 in region)
  MMD@1.0: 0.1316
  Survival@1.0: 65.6%
  Stopped@1.0:  14.2%
      → K+S
  Precomputing encoder-pullback target...
  Stage 2 epoch 60/300: loss=0.024215
  Stage 2 epoch 120/300: loss=0.018916
  Stage 2 epoch 180/300: loss=0.017602
  Stage 2 epoch 240/300: loss=0.018215
  Stage 2 epoch 300/300: loss=0.017203
  Stage 3 epoch 60/300: loss=0.000017
  Stage 3 epoch 120/300: loss=0.000015
  Stage 3 epoch 180/300: loss=0.000015
  Stage 3 epoch 240/300: loss=0.000015
  Stage 3 epoch 300/300: loss=0.000014
  rcMTE@0.1: 0.5268 (331/500 in region)
  rcMTE@0.5: 0.7366 (161/500 in region)
  rcMTE@1.0: 0.7484 (71/500 in region)
  MTE@0.1: 0.9709
  MTE@0.5: 1.3057
  MTE@1.0: 1.3719
  W2@1.0:  0.5504
  sW2@0.1: 0.3914 (331/500 in region)
  sW2@0.2: 0.4049 (275/500 in region)
  sW2@0.5: 0.4738 (161/500 in region)
  sW2@1.0: 0.3528 (71/500 in region)
  MMD@1.0: 0.1316
  Survival@1.0: 65.6%
  Stopped@1.0:  14.2%

============================================================
  N=50 | D=201 (K=99) | hyperbolic_paraboloid | seed=6042
============================================================
    Phase1 Epoch 50/250: loss=0.814945
    Phase1 Epoch 100/250: loss=0.218099
    Phase1 Epoch 150/250: loss=0.136255
    Phase1 Epoch 200/250: loss=0.080036
    Phase1 Epoch 250/250: loss=0.053946
      Phase 2 AE: K_weight=0.0000
        Phase2 Epoch 50/250: loss=0.035603
        Phase2 Epoch 100/250: loss=0.030533
        Phase2 Epoch 150/250: loss=0.018963
        Phase2 Epoch 200/250: loss=0.018502
        Phase2 Epoch 250/250: loss=0.027929
        E_mu=0.1962  E_Sigma=0.2487
      → baseline
  Precomputing encoder-pullback target...
  Stage 2 epoch 60/300: loss=0.035902
  Stage 2 epoch 120/300: loss=0.029167
  Stage 2 epoch 180/300: loss=0.022087
  Stage 2 epoch 240/300: loss=0.017556
  Stage 2 epoch 300/300: loss=0.013614
  Stage 3 epoch 60/300: loss=0.000084
  Stage 3 epoch 120/300: loss=0.000076
  Stage 3 epoch 180/300: loss=0.000065
  Stage 3 epoch 240/300: loss=0.000050
  Stage 3 epoch 300/300: loss=0.000038
  rcMTE@0.1: 0.3326 (329/500 in region)
  rcMTE@0.5: 0.3878 (153/500 in region)
  rcMTE@1.0: 0.4104 (78/500 in region)
  MTE@0.1: 0.8655
  MTE@0.5: 0.9765
  MTE@1.0: 0.9923
  W2@1.0:  0.7216
  sW2@0.1: 0.6279 (329/500 in region)
  sW2@0.2: 0.6231 (272/500 in region)
  sW2@0.5: 0.6737 (153/500 in region)
  sW2@1.0: 0.6773 (78/500 in region)
  MMD@1.0: 0.3245
  Survival@1.0: 62.8%
  Stopped@1.0:  15.6%
      Phase 2 AE: K_weight=0.4275
        Phase2 Epoch 50/250: loss=0.052656
        Phase2 Epoch 100/250: loss=0.029157
        Phase2 Epoch 150/250: loss=0.020511
        Phase2 Epoch 200/250: loss=0.015400
        Phase2 Epoch 250/250: loss=0.022723
        E_mu=0.2213  E_Sigma=0.2205
      → K
  Precomputing encoder-pullback target...
  Stage 2 epoch 60/300: loss=0.035900
  Stage 2 epoch 120/300: loss=0.029050
  Stage 2 epoch 180/300: loss=0.021879
  Stage 2 epoch 240/300: loss=0.017614
  Stage 2 epoch 300/300: loss=0.013493
  Stage 3 epoch 60/300: loss=0.000087
  Stage 3 epoch 120/300: loss=0.000078
  Stage 3 epoch 180/300: loss=0.000067
  Stage 3 epoch 240/300: loss=0.000052
  Stage 3 epoch 300/300: loss=0.000041
  rcMTE@0.1: 0.3303 (329/500 in region)
  rcMTE@0.5: 0.3760 (153/500 in region)
  rcMTE@1.0: 0.4235 (78/500 in region)
  MTE@0.1: 0.6536
  MTE@0.5: 0.7982
  MTE@1.0: 0.8427
  W2@1.0:  0.5773
  sW2@0.1: 0.3677 (329/500 in region)
  sW2@0.2: 0.3617 (272/500 in region)
  sW2@0.5: 0.4424 (153/500 in region)
  sW2@1.0: 0.4717 (78/500 in region)
  MMD@1.0: 0.1550
  Survival@1.0: 62.8%
  Stopped@1.0:  15.6%
      → K+S
  Precomputing encoder-pullback target...
  Stage 2 epoch 60/300: loss=0.035900
  Stage 2 epoch 120/300: loss=0.029050
  Stage 2 epoch 180/300: loss=0.021879
  Stage 2 epoch 240/300: loss=0.017614
  Stage 2 epoch 300/300: loss=0.013493
  Stage 3 epoch 60/300: loss=0.000087
  Stage 3 epoch 120/300: loss=0.000078
  Stage 3 epoch 180/300: loss=0.000067
  Stage 3 epoch 240/300: loss=0.000052
  Stage 3 epoch 300/300: loss=0.000041
  rcMTE@0.1: 0.3303 (329/500 in region)
  rcMTE@0.5: 0.3760 (153/500 in region)
  rcMTE@1.0: 0.4235 (78/500 in region)
  MTE@0.1: 0.6536
  MTE@0.5: 0.7982
  MTE@1.0: 0.8427
  W2@1.0:  0.5773
  sW2@0.1: 0.3677 (329/500 in region)
  sW2@0.2: 0.3617 (272/500 in region)
  sW2@0.5: 0.4424 (153/500 in region)
  sW2@1.0: 0.4717 (78/500 in region)
  MMD@1.0: 0.1550
  Survival@1.0: 62.8%
  Stopped@1.0:  15.6%

============================================================
  N=50 | D=201 (K=99) | hyperbolic_paraboloid | seed=7042
============================================================
    Phase1 Epoch 50/250: loss=0.721040
    Phase1 Epoch 100/250: loss=0.260699
    Phase1 Epoch 150/250: loss=0.125762
    Phase1 Epoch 200/250: loss=0.077030
    Phase1 Epoch 250/250: loss=0.056172
      Phase 2 AE: K_weight=0.0000
        Phase2 Epoch 50/250: loss=0.053455
        Phase2 Epoch 100/250: loss=0.028625
        Phase2 Epoch 150/250: loss=0.024506
        Phase2 Epoch 200/250: loss=0.023096
        Phase2 Epoch 250/250: loss=0.022956
        E_mu=0.2006  E_Sigma=0.1949
      → baseline
  Precomputing encoder-pullback target...
  Stage 2 epoch 60/300: loss=0.039780
  Stage 2 epoch 120/300: loss=0.032767
  Stage 2 epoch 180/300: loss=0.024285
  Stage 2 epoch 240/300: loss=0.020234
  Stage 2 epoch 300/300: loss=0.018479
  Stage 3 epoch 60/300: loss=0.000093
  Stage 3 epoch 120/300: loss=0.000036
  Stage 3 epoch 180/300: loss=0.000024
  Stage 3 epoch 240/300: loss=0.000021
  Stage 3 epoch 300/300: loss=0.000023
  rcMTE@0.1: 0.4751 (371/500 in region)
  rcMTE@0.5: 0.7356 (178/500 in region)
  rcMTE@1.0: 0.7872 (82/500 in region)
  MTE@0.1: 0.9350
  MTE@0.5: 1.2451
  MTE@1.0: 1.3864
  W2@1.0:  0.6867
  sW2@0.1: 0.4654 (371/500 in region)
  sW2@0.2: 0.5233 (296/500 in region)
  sW2@0.5: 0.5617 (178/500 in region)
  sW2@1.0: 0.7359 (82/500 in region)
  MMD@1.0: 0.2518
  Survival@1.0: 63.4%
  Stopped@1.0:  16.4%
      Phase 2 AE: K_weight=0.4275
        Phase2 Epoch 50/250: loss=0.041309
        Phase2 Epoch 100/250: loss=0.034490
        Phase2 Epoch 150/250: loss=0.043704
        Phase2 Epoch 200/250: loss=0.022491
        Phase2 Epoch 250/250: loss=0.024183
        E_mu=0.2141  E_Sigma=0.2543
      → K
  Precomputing encoder-pullback target...
  Stage 2 epoch 60/300: loss=0.039990
  Stage 2 epoch 120/300: loss=0.034028
  Stage 2 epoch 180/300: loss=0.025836
  Stage 2 epoch 240/300: loss=0.021969
  Stage 2 epoch 300/300: loss=0.020030
  Stage 3 epoch 60/300: loss=0.000085
  Stage 3 epoch 120/300: loss=0.000035
  Stage 3 epoch 180/300: loss=0.000024
  Stage 3 epoch 240/300: loss=0.000021
  Stage 3 epoch 300/300: loss=0.000023
  rcMTE@0.1: 0.4603 (371/500 in region)
  rcMTE@0.5: 0.7007 (178/500 in region)
  rcMTE@1.0: 0.7364 (82/500 in region)
  MTE@0.1: 0.8872
  MTE@0.5: 1.1760
  MTE@1.0: 1.3067
  W2@1.0:  0.5779
  sW2@0.1: 0.4090 (371/500 in region)
  sW2@0.2: 0.4801 (296/500 in region)
  sW2@0.5: 0.4880 (178/500 in region)
  sW2@1.0: 0.6358 (82/500 in region)
  MMD@1.0: 0.2016
  Survival@1.0: 63.4%
  Stopped@1.0:  16.4%
      → K+S
  Precomputing encoder-pullback target...
  Stage 2 epoch 60/300: loss=0.039990
  Stage 2 epoch 120/300: loss=0.034028
  Stage 2 epoch 180/300: loss=0.025836
  Stage 2 epoch 240/300: loss=0.021969
  Stage 2 epoch 300/300: loss=0.020030
  Stage 3 epoch 60/300: loss=0.000085
  Stage 3 epoch 120/300: loss=0.000035
  Stage 3 epoch 180/300: loss=0.000024
  Stage 3 epoch 240/300: loss=0.000021
  Stage 3 epoch 300/300: loss=0.000023
  rcMTE@0.1: 0.4603 (371/500 in region)
  rcMTE@0.5: 0.7007 (178/500 in region)
  rcMTE@1.0: 0.7364 (82/500 in region)
  MTE@0.1: 0.8872
  MTE@0.5: 1.1760
  MTE@1.0: 1.3067
  W2@1.0:  0.5779
  sW2@0.1: 0.4090 (371/500 in region)
  sW2@0.2: 0.4801 (296/500 in region)
  sW2@0.5: 0.4880 (178/500 in region)
  sW2@1.0: 0.6358 (82/500 in region)
  MMD@1.0: 0.2016
  Survival@1.0: 63.4%
  Stopped@1.0:  16.4%

============================================================
  N=50 | D=201 (K=99) | hyperbolic_paraboloid | seed=8042
============================================================
    Phase1 Epoch 50/250: loss=0.685753
    Phase1 Epoch 100/250: loss=0.227205
    Phase1 Epoch 150/250: loss=0.100869
    Phase1 Epoch 200/250: loss=0.102349
    Phase1 Epoch 250/250: loss=0.061724
      Phase 2 AE: K_weight=0.0000
        Phase2 Epoch 50/250: loss=0.045154
        Phase2 Epoch 100/250: loss=0.028764
        Phase2 Epoch 150/250: loss=0.051336
        Phase2 Epoch 200/250: loss=0.037053
        Phase2 Epoch 250/250: loss=0.015822
        E_mu=0.2413  E_Sigma=0.2844
      → baseline
  Precomputing encoder-pullback target...
  Stage 2 epoch 60/300: loss=0.038060
  Stage 2 epoch 120/300: loss=0.032799
  Stage 2 epoch 180/300: loss=0.020903
  Stage 2 epoch 240/300: loss=0.020258
  Stage 2 epoch 300/300: loss=0.014302
  Stage 3 epoch 60/300: loss=0.000152
  Stage 3 epoch 120/300: loss=0.000123
  Stage 3 epoch 180/300: loss=0.000113
  Stage 3 epoch 240/300: loss=0.000085
  Stage 3 epoch 300/300: loss=0.000068
  rcMTE@0.1: 0.4267 (346/500 in region)
  rcMTE@0.5: 0.5773 (171/500 in region)
  rcMTE@1.0: 0.6129 (75/500 in region)
  MTE@0.1: 0.8247
  MTE@0.5: 1.0313
  MTE@1.0: 1.1415
  W2@1.0:  0.4217
  sW2@0.1: 0.3425 (346/500 in region)
  sW2@0.2: 0.3197 (275/500 in region)
  sW2@0.5: 0.3658 (171/500 in region)
  sW2@1.0: 0.3974 (75/500 in region)
  MMD@1.0: 0.1250
  Survival@1.0: 62.6%
  Stopped@1.0:  15.0%
      Phase 2 AE: K_weight=0.4275
        Phase2 Epoch 50/250: loss=0.039243
        Phase2 Epoch 100/250: loss=0.038705
        Phase2 Epoch 150/250: loss=0.036223
        Phase2 Epoch 200/250: loss=0.013730
        Phase2 Epoch 250/250: loss=0.029565
        E_mu=0.2181  E_Sigma=0.2103
      → K
  Precomputing encoder-pullback target...
  Stage 2 epoch 60/300: loss=0.031342
  Stage 2 epoch 120/300: loss=0.026172
  Stage 2 epoch 180/300: loss=0.017654
  Stage 2 epoch 240/300: loss=0.016722
  Stage 2 epoch 300/300: loss=0.012358
  Stage 3 epoch 60/300: loss=0.000170
  Stage 3 epoch 120/300: loss=0.000114
  Stage 3 epoch 180/300: loss=0.000087
  Stage 3 epoch 240/300: loss=0.000084
  Stage 3 epoch 300/300: loss=0.000055
  rcMTE@0.1: 0.4261 (346/500 in region)
  rcMTE@0.5: 0.6562 (171/500 in region)
  rcMTE@1.0: 0.6773 (75/500 in region)
  MTE@0.1: 0.8813
  MTE@0.5: 1.1602
  MTE@1.0: 1.2409
  W2@1.0:  0.5786
  sW2@0.1: 0.4584 (346/500 in region)
  sW2@0.2: 0.4654 (275/500 in region)
  sW2@0.5: 0.5109 (171/500 in region)
  sW2@1.0: 0.5193 (75/500 in region)
  MMD@1.0: 0.2525
  Survival@1.0: 62.6%
  Stopped@1.0:  15.0%
      → K+S
  Precomputing encoder-pullback target...
  Stage 2 epoch 60/300: loss=0.031342
  Stage 2 epoch 120/300: loss=0.026172
  Stage 2 epoch 180/300: loss=0.017654
  Stage 2 epoch 240/300: loss=0.016722
  Stage 2 epoch 300/300: loss=0.012358
  Stage 3 epoch 60/300: loss=0.000170
  Stage 3 epoch 120/300: loss=0.000114
  Stage 3 epoch 180/300: loss=0.000087
  Stage 3 epoch 240/300: loss=0.000084
  Stage 3 epoch 300/300: loss=0.000055
  rcMTE@0.1: 0.4261 (346/500 in region)
  rcMTE@0.5: 0.6562 (171/500 in region)
  rcMTE@1.0: 0.6773 (75/500 in region)
  MTE@0.1: 0.8813
  MTE@0.5: 1.1602
  MTE@1.0: 1.2409
  W2@1.0:  0.5786
  sW2@0.1: 0.4584 (346/500 in region)
  sW2@0.2: 0.4654 (275/500 in region)
  sW2@0.5: 0.5109 (171/500 in region)
  sW2@1.0: 0.5193 (75/500 in region)
  MMD@1.0: 0.2525
  Survival@1.0: 62.6%
  Stopped@1.0:  15.0%

============================================================
  N=50 | D=201 (K=99) | hyperbolic_paraboloid | seed=9042
============================================================
    Phase1 Epoch 50/250: loss=0.689502
    Phase1 Epoch 100/250: loss=0.157369
    Phase1 Epoch 150/250: loss=0.096039
    Phase1 Epoch 200/250: loss=0.059493
    Phase1 Epoch 250/250: loss=0.046439
      Phase 2 AE: K_weight=0.0000
        Phase2 Epoch 50/250: loss=0.051050
        Phase2 Epoch 100/250: loss=0.038402
        Phase2 Epoch 150/250: loss=0.029026
        Phase2 Epoch 200/250: loss=0.020792
        Phase2 Epoch 250/250: loss=0.020102
        E_mu=0.2400  E_Sigma=0.3295
      → baseline
  Precomputing encoder-pullback target...
  Stage 2 epoch 60/300: loss=0.044573
  Stage 2 epoch 120/300: loss=0.023151
  Stage 2 epoch 180/300: loss=0.014304
  Stage 2 epoch 240/300: loss=0.010883
  Stage 2 epoch 300/300: loss=0.010801
  Stage 3 epoch 60/300: loss=0.000147
  Stage 3 epoch 120/300: loss=0.000099
  Stage 3 epoch 180/300: loss=0.000084
  Stage 3 epoch 240/300: loss=0.000076
  Stage 3 epoch 300/300: loss=0.000069
  rcMTE@0.1: 0.3840 (321/500 in region)
  rcMTE@0.5: 0.5676 (155/500 in region)
  rcMTE@1.0: 0.6624 (66/500 in region)
  MTE@0.1: 0.8386
  MTE@0.5: 0.9872
  MTE@1.0: 1.1041
  W2@1.0:  0.6788
  sW2@0.1: 0.3846 (321/500 in region)
  sW2@0.2: 0.3661 (266/500 in region)
  sW2@0.5: 0.5101 (155/500 in region)
  sW2@1.0: 0.6977 (66/500 in region)
  MMD@1.0: 0.2618
  Survival@1.0: 61.0%
  Stopped@1.0:  13.2%
      Phase 2 AE: K_weight=0.4275
        Phase2 Epoch 50/250: loss=0.060960
        Phase2 Epoch 100/250: loss=0.046159
        Phase2 Epoch 150/250: loss=0.022314
        Phase2 Epoch 200/250: loss=0.023114
        Phase2 Epoch 250/250: loss=0.038127
        E_mu=0.3028  E_Sigma=0.4302
      → K
  Precomputing encoder-pullback target...
  Stage 2 epoch 60/300: loss=0.033353
  Stage 2 epoch 120/300: loss=0.021013
  Stage 2 epoch 180/300: loss=0.014690
  Stage 2 epoch 240/300: loss=0.011140
  Stage 2 epoch 300/300: loss=0.010911
  Stage 3 epoch 60/300: loss=0.000171
  Stage 3 epoch 120/300: loss=0.000116
  Stage 3 epoch 180/300: loss=0.000098
  Stage 3 epoch 240/300: loss=0.000081
  Stage 3 epoch 300/300: loss=0.000069
  rcMTE@0.1: 0.4381 (321/500 in region)
  rcMTE@0.5: 0.5318 (155/500 in region)
  rcMTE@1.0: 0.6334 (66/500 in region)
  MTE@0.1: 0.9708
  MTE@0.5: 1.1277
  MTE@1.0: 1.2834
  W2@1.0:  0.8228
  sW2@0.1: 0.5553 (321/500 in region)
  sW2@0.2: 0.5765 (266/500 in region)
  sW2@0.5: 0.6347 (155/500 in region)
  sW2@1.0: 0.7186 (66/500 in region)
  MMD@1.0: 0.3100
  Survival@1.0: 61.0%
  Stopped@1.0:  13.2%
      → K+S
  Precomputing encoder-pullback target...
  Stage 2 epoch 60/300: loss=0.033353
  Stage 2 epoch 120/300: loss=0.021013
  Stage 2 epoch 180/300: loss=0.014690
  Stage 2 epoch 240/300: loss=0.011140
  Stage 2 epoch 300/300: loss=0.010911
  Stage 3 epoch 60/300: loss=0.000171
  Stage 3 epoch 120/300: loss=0.000116
  Stage 3 epoch 180/300: loss=0.000098
  Stage 3 epoch 240/300: loss=0.000081
  Stage 3 epoch 300/300: loss=0.000069
  rcMTE@0.1: 0.4381 (321/500 in region)
  rcMTE@0.5: 0.5318 (155/500 in region)
  rcMTE@1.0: 0.6334 (66/500 in region)
  MTE@0.1: 0.9708
  MTE@0.5: 1.1277
  MTE@1.0: 1.2834
  W2@1.0:  0.8228
  sW2@0.1: 0.5553 (321/500 in region)
  sW2@0.2: 0.5765 (266/500 in region)
  sW2@0.5: 0.6347 (155/500 in region)
  sW2@1.0: 0.7186 (66/500 in region)
  MMD@1.0: 0.3100
  Survival@1.0: 61.0%
  Stopped@1.0:  13.2%

  N=50, D=201 completed in 1223.2s

============================================================
  N=100 | D=11 (K=4) | paraboloid | seed=42
============================================================
    Phase1 Epoch 50/250: loss=0.063630
    Phase1 Epoch 100/250: loss=0.025062
    Phase1 Epoch 150/250: loss=0.010441
    Phase1 Epoch 200/250: loss=0.011954
    Phase1 Epoch 250/250: loss=0.010391
      Phase 2 AE: K_weight=0.0000
        Phase2 Epoch 50/250: loss=0.003621
        Phase2 Epoch 100/250: loss=0.003518
        Phase2 Epoch 150/250: loss=0.003677
        Phase2 Epoch 200/250: loss=0.001590
        Phase2 Epoch 250/250: loss=0.002214
        E_mu=0.0236  E_Sigma=0.0231
      → baseline
  Precomputing encoder-pullback target...
  Stage 2 epoch 60/300: loss=0.800154
  Stage 2 epoch 120/300: loss=0.492026
  Stage 2 epoch 180/300: loss=0.316211
  Stage 2 epoch 240/300: loss=0.229834
  Stage 2 epoch 300/300: loss=0.200942
  Stage 3 epoch 60/300: loss=0.008701
  Stage 3 epoch 120/300: loss=0.004254
  Stage 3 epoch 180/300: loss=0.005101
  Stage 3 epoch 240/300: loss=0.003748
  Stage 3 epoch 300/300: loss=0.001973
  rcMTE@0.1: 0.4882 (333/500 in region)
  rcMTE@0.5: 0.8415 (177/500 in region)
  rcMTE@1.0: 0.8293 (74/500 in region)
  MTE@0.1: 0.8156
  MTE@0.5: 1.1633
  MTE@1.0: 1.2364
  W2@1.0:  0.5016
  sW2@0.1: 0.3125 (333/500 in region)
  sW2@0.2: 0.4046 (279/500 in region)
  sW2@0.5: 0.4359 (177/500 in region)
  sW2@1.0: 0.5203 (74/500 in region)
  MMD@1.0: 0.0970
  Survival@1.0: 62.6%
  Stopped@1.0:  14.8%
      Phase 2 AE: K_weight=0.1000
        Phase2 Epoch 50/250: loss=0.009687
        Phase2 Epoch 100/250: loss=0.002414
        Phase2 Epoch 150/250: loss=0.001484
        Phase2 Epoch 200/250: loss=0.001066
        Phase2 Epoch 250/250: loss=0.001450
        E_mu=0.0093  E_Sigma=0.0111
      → K
  Precomputing encoder-pullback target...
  Stage 2 epoch 60/300: loss=0.755210
  Stage 2 epoch 120/300: loss=0.455095
  Stage 2 epoch 180/300: loss=0.298373
  Stage 2 epoch 240/300: loss=0.216615
  Stage 2 epoch 300/300: loss=0.191781
  Stage 3 epoch 60/300: loss=0.008974
  Stage 3 epoch 120/300: loss=0.004420
  Stage 3 epoch 180/300: loss=0.004979
  Stage 3 epoch 240/300: loss=0.003210
  Stage 3 epoch 300/300: loss=0.001704
  rcMTE@0.1: 0.4915 (333/500 in region)
  rcMTE@0.5: 0.8469 (177/500 in region)
  rcMTE@1.0: 0.8376 (74/500 in region)
  MTE@0.1: 0.8153
  MTE@0.5: 1.1694
  MTE@1.0: 1.2482
  W2@1.0:  0.5057
  sW2@0.1: 0.3302 (333/500 in region)
  sW2@0.2: 0.4259 (279/500 in region)
  sW2@0.5: 0.4559 (177/500 in region)
  sW2@1.0: 0.5295 (74/500 in region)
  MMD@1.0: 0.1018
  Survival@1.0: 62.6%
  Stopped@1.0:  14.8%
      → K+S
  Precomputing encoder-pullback target...
  Stage 2 epoch 60/300: loss=0.755210
  Stage 2 epoch 120/300: loss=0.455095
  Stage 2 epoch 180/300: loss=0.298373
  Stage 2 epoch 240/300: loss=0.216615
  Stage 2 epoch 300/300: loss=0.191781
  Stage 3 epoch 60/300: loss=0.008974
  Stage 3 epoch 120/300: loss=0.004420
  Stage 3 epoch 180/300: loss=0.004979
  Stage 3 epoch 240/300: loss=0.003210
  Stage 3 epoch 300/300: loss=0.001704
  rcMTE@0.1: 0.4915 (333/500 in region)
  rcMTE@0.5: 0.8469 (177/500 in region)
  rcMTE@1.0: 0.8376 (74/500 in region)
  MTE@0.1: 0.8153
  MTE@0.5: 1.1694
  MTE@1.0: 1.2482
  W2@1.0:  0.5057
  sW2@0.1: 0.3302 (333/500 in region)
  sW2@0.2: 0.4259 (279/500 in region)
  sW2@0.5: 0.4559 (177/500 in region)
  sW2@1.0: 0.5295 (74/500 in region)
  MMD@1.0: 0.1018
  Survival@1.0: 62.6%
  Stopped@1.0:  14.8%

============================================================
  N=100 | D=11 (K=4) | paraboloid | seed=1042
============================================================
    Phase1 Epoch 50/250: loss=0.121351
    Phase1 Epoch 100/250: loss=0.021671
    Phase1 Epoch 150/250: loss=0.008837
    Phase1 Epoch 200/250: loss=0.023317
    Phase1 Epoch 250/250: loss=0.009644
      Phase 2 AE: K_weight=0.0000
        Phase2 Epoch 50/250: loss=0.003437
        Phase2 Epoch 100/250: loss=0.002600
        Phase2 Epoch 150/250: loss=0.003344
        Phase2 Epoch 200/250: loss=0.003935
        Phase2 Epoch 250/250: loss=0.001338
        E_mu=0.0310  E_Sigma=0.0141
      → baseline
  Precomputing encoder-pullback target...
  Stage 2 epoch 60/300: loss=0.395406
  Stage 2 epoch 120/300: loss=0.362479
  Stage 2 epoch 180/300: loss=0.267468
  Stage 2 epoch 240/300: loss=0.211288
  Stage 2 epoch 300/300: loss=0.164279
  Stage 3 epoch 60/300: loss=0.033655
  Stage 3 epoch 120/300: loss=0.022272
  Stage 3 epoch 180/300: loss=0.016316
  Stage 3 epoch 240/300: loss=0.012158
  Stage 3 epoch 300/300: loss=0.006565
  rcMTE@0.1: 0.4931 (343/500 in region)
  rcMTE@0.5: 0.7461 (167/500 in region)
  rcMTE@1.0: 0.8085 (86/500 in region)
  MTE@0.1: 0.8444
  MTE@0.5: 1.2562
  MTE@1.0: 1.2775
  W2@1.0:  0.5484
  sW2@0.1: 0.3321 (343/500 in region)
  sW2@0.2: 0.4355 (281/500 in region)
  sW2@0.5: 0.5404 (167/500 in region)
  sW2@1.0: 0.5969 (86/500 in region)
  MMD@1.0: 0.1300
  Survival@1.0: 64.4%
  Stopped@1.0:  17.2%
      Phase 2 AE: K_weight=0.1000
        Phase2 Epoch 50/250: loss=0.006326
        Phase2 Epoch 100/250: loss=0.002342
        Phase2 Epoch 150/250: loss=0.003158
        Phase2 Epoch 200/250: loss=0.001323
        Phase2 Epoch 250/250: loss=0.001575
        E_mu=0.0191  E_Sigma=0.0332
      → K
  Precomputing encoder-pullback target...
  Stage 2 epoch 60/300: loss=0.392202
  Stage 2 epoch 120/300: loss=0.368097
  Stage 2 epoch 180/300: loss=0.273243
  Stage 2 epoch 240/300: loss=0.213101
  Stage 2 epoch 300/300: loss=0.166637
  Stage 3 epoch 60/300: loss=0.035579
  Stage 3 epoch 120/300: loss=0.022760
  Stage 3 epoch 180/300: loss=0.016260
  Stage 3 epoch 240/300: loss=0.012388
  Stage 3 epoch 300/300: loss=0.006721
  rcMTE@0.1: 0.4929 (343/500 in region)
  rcMTE@0.5: 0.7531 (167/500 in region)
  rcMTE@1.0: 0.8060 (86/500 in region)
  MTE@0.1: 0.8496
  MTE@0.5: 1.2784
  MTE@1.0: 1.3034
  W2@1.0:  0.5819
  sW2@0.1: 0.3465 (343/500 in region)
  sW2@0.2: 0.4609 (281/500 in region)
  sW2@0.5: 0.5742 (167/500 in region)
  sW2@1.0: 0.6291 (86/500 in region)
  MMD@1.0: 0.1457
  Survival@1.0: 64.4%
  Stopped@1.0:  17.2%
      → K+S
  Precomputing encoder-pullback target...
  Stage 2 epoch 60/300: loss=0.392202
  Stage 2 epoch 120/300: loss=0.368097
  Stage 2 epoch 180/300: loss=0.273243
  Stage 2 epoch 240/300: loss=0.213101
  Stage 2 epoch 300/300: loss=0.166637
  Stage 3 epoch 60/300: loss=0.035579
  Stage 3 epoch 120/300: loss=0.022760
  Stage 3 epoch 180/300: loss=0.016260
  Stage 3 epoch 240/300: loss=0.012388
  Stage 3 epoch 300/300: loss=0.006721
  rcMTE@0.1: 0.4929 (343/500 in region)
  rcMTE@0.5: 0.7531 (167/500 in region)
  rcMTE@1.0: 0.8060 (86/500 in region)
  MTE@0.1: 0.8496
  MTE@0.5: 1.2784
  MTE@1.0: 1.3034
  W2@1.0:  0.5819
  sW2@0.1: 0.3465 (343/500 in region)
  sW2@0.2: 0.4609 (281/500 in region)
  sW2@0.5: 0.5742 (167/500 in region)
  sW2@1.0: 0.6291 (86/500 in region)
  MMD@1.0: 0.1457
  Survival@1.0: 64.4%
  Stopped@1.0:  17.2%

============================================================
  N=100 | D=11 (K=4) | paraboloid | seed=2042
============================================================
    Phase1 Epoch 50/250: loss=0.032960
    Phase1 Epoch 100/250: loss=0.016424
    Phase1 Epoch 150/250: loss=0.006656
    Phase1 Epoch 200/250: loss=0.009487
    Phase1 Epoch 250/250: loss=0.004072
      Phase 2 AE: K_weight=0.0000
        Phase2 Epoch 50/250: loss=0.007985
        Phase2 Epoch 100/250: loss=0.003956
        Phase2 Epoch 150/250: loss=0.005915
        Phase2 Epoch 200/250: loss=0.002588
        Phase2 Epoch 250/250: loss=0.002339
        E_mu=0.0319  E_Sigma=0.0355
      → baseline
  Precomputing encoder-pullback target...
  Stage 2 epoch 60/300: loss=0.607094
  Stage 2 epoch 120/300: loss=0.389780
  Stage 2 epoch 180/300: loss=0.310639
  Stage 2 epoch 240/300: loss=0.227839
  Stage 2 epoch 300/300: loss=0.225108
  Stage 3 epoch 60/300: loss=0.017290
  Stage 3 epoch 120/300: loss=0.006036
  Stage 3 epoch 180/300: loss=0.004164
  Stage 3 epoch 240/300: loss=0.002779
  Stage 3 epoch 300/300: loss=0.001627
  rcMTE@0.1: 0.4943 (348/500 in region)
  rcMTE@0.5: 0.8740 (161/500 in region)
  rcMTE@1.0: 0.9404 (63/500 in region)
  MTE@0.1: 0.7773
  MTE@0.5: 1.2989
  MTE@1.0: 1.4712
  W2@1.0:  0.8222
  sW2@0.1: 0.3783 (348/500 in region)
  sW2@0.2: 0.5691 (288/500 in region)
  sW2@0.5: 0.7157 (161/500 in region)
  sW2@1.0: 0.9693 (63/500 in region)
  MMD@1.0: 0.2163
  Survival@1.0: 62.0%
  Stopped@1.0:  12.6%
      Phase 2 AE: K_weight=0.1000
        Phase2 Epoch 50/250: loss=0.009176
        Phase2 Epoch 100/250: loss=0.003699
        Phase2 Epoch 150/250: loss=0.002830
        Phase2 Epoch 200/250: loss=0.002054
        Phase2 Epoch 250/250: loss=0.002503
        E_mu=0.0112  E_Sigma=0.0117
      → K
  Precomputing encoder-pullback target...
  Stage 2 epoch 60/300: loss=0.668022
  Stage 2 epoch 120/300: loss=0.429801
  Stage 2 epoch 180/300: loss=0.323789
  Stage 2 epoch 240/300: loss=0.225780
  Stage 2 epoch 300/300: loss=0.223706
  Stage 3 epoch 60/300: loss=0.018369
  Stage 3 epoch 120/300: loss=0.005420
  Stage 3 epoch 180/300: loss=0.003425
  Stage 3 epoch 240/300: loss=0.002283
  Stage 3 epoch 300/300: loss=0.001285
  rcMTE@0.1: 0.4913 (348/500 in region)
  rcMTE@0.5: 0.8666 (161/500 in region)
  rcMTE@1.0: 0.9294 (63/500 in region)
  MTE@0.1: 0.7756
  MTE@0.5: 1.3009
  MTE@1.0: 1.4656
  W2@1.0:  0.7995
  sW2@0.1: 0.3794 (348/500 in region)
  sW2@0.2: 0.5700 (288/500 in region)
  sW2@0.5: 0.6988 (161/500 in region)
  sW2@1.0: 0.9411 (63/500 in region)
  MMD@1.0: 0.2242
  Survival@1.0: 62.0%
  Stopped@1.0:  12.6%
      → K+S
  Precomputing encoder-pullback target...
  Stage 2 epoch 60/300: loss=0.668022
  Stage 2 epoch 120/300: loss=0.429801
  Stage 2 epoch 180/300: loss=0.323789
  Stage 2 epoch 240/300: loss=0.225780
  Stage 2 epoch 300/300: loss=0.223706
  Stage 3 epoch 60/300: loss=0.018369
  Stage 3 epoch 120/300: loss=0.005420
  Stage 3 epoch 180/300: loss=0.003425
  Stage 3 epoch 240/300: loss=0.002283
  Stage 3 epoch 300/300: loss=0.001285
  rcMTE@0.1: 0.4913 (348/500 in region)
  rcMTE@0.5: 0.8666 (161/500 in region)
  rcMTE@1.0: 0.9294 (63/500 in region)
  MTE@0.1: 0.7756
  MTE@0.5: 1.3009
  MTE@1.0: 1.4656
  W2@1.0:  0.7995
  sW2@0.1: 0.3794 (348/500 in region)
  sW2@0.2: 0.5700 (288/500 in region)
  sW2@0.5: 0.6988 (161/500 in region)
  sW2@1.0: 0.9411 (63/500 in region)
  MMD@1.0: 0.2242
  Survival@1.0: 62.0%
  Stopped@1.0:  12.6%

============================================================
  N=100 | D=11 (K=4) | paraboloid | seed=3042
============================================================
    Phase1 Epoch 50/250: loss=0.067233
    Phase1 Epoch 100/250: loss=0.018182
    Phase1 Epoch 150/250: loss=0.009874
    Phase1 Epoch 200/250: loss=0.008123
    Phase1 Epoch 250/250: loss=0.004113
      Phase 2 AE: K_weight=0.0000
        Phase2 Epoch 50/250: loss=0.004175
        Phase2 Epoch 100/250: loss=0.005453
        Phase2 Epoch 150/250: loss=0.003456
        Phase2 Epoch 200/250: loss=0.001430
        Phase2 Epoch 250/250: loss=0.002246
        E_mu=0.0179  E_Sigma=0.0556
      → baseline
  Precomputing encoder-pullback target...
  Stage 2 epoch 60/300: loss=0.610500
  Stage 2 epoch 120/300: loss=0.447645
  Stage 2 epoch 180/300: loss=0.557382
  Stage 2 epoch 240/300: loss=0.206494
  Stage 2 epoch 300/300: loss=0.144944
  Stage 3 epoch 60/300: loss=0.010922
  Stage 3 epoch 120/300: loss=0.003440
  Stage 3 epoch 180/300: loss=0.003058
  Stage 3 epoch 240/300: loss=0.001841
  Stage 3 epoch 300/300: loss=0.001433
  rcMTE@0.1: 0.5368 (343/500 in region)
  rcMTE@0.5: 0.7540 (164/500 in region)
  rcMTE@1.0: 0.7221 (63/500 in region)
  MTE@0.1: 0.8964
  MTE@0.5: 1.2181
  MTE@1.0: 1.2107
  W2@1.0:  0.3782
  sW2@0.1: 0.3367 (343/500 in region)
  sW2@0.2: 0.3603 (283/500 in region)
  sW2@0.5: 0.3386 (164/500 in region)
  sW2@1.0: 0.4447 (63/500 in region)
  MMD@1.0: 0.0593
  Survival@1.0: 64.2%
  Stopped@1.0:  12.6%
      Phase 2 AE: K_weight=0.1000
        Phase2 Epoch 50/250: loss=0.017489
        Phase2 Epoch 100/250: loss=0.002959
        Phase2 Epoch 150/250: loss=0.001756
        Phase2 Epoch 200/250: loss=0.001237
        Phase2 Epoch 250/250: loss=0.001564
        E_mu=0.0097  E_Sigma=0.0236
      → K
  Precomputing encoder-pullback target...
  Stage 2 epoch 60/300: loss=0.585176
  Stage 2 epoch 120/300: loss=0.437259
  Stage 2 epoch 180/300: loss=0.539647
  Stage 2 epoch 240/300: loss=0.205925
  Stage 2 epoch 300/300: loss=0.143108
  Stage 3 epoch 60/300: loss=0.011543
  Stage 3 epoch 120/300: loss=0.003362
  Stage 3 epoch 180/300: loss=0.002630
  Stage 3 epoch 240/300: loss=0.001409
  Stage 3 epoch 300/300: loss=0.001006
  rcMTE@0.1: 0.5427 (343/500 in region)
  rcMTE@0.5: 0.7633 (164/500 in region)
  rcMTE@1.0: 0.7325 (63/500 in region)
  MTE@0.1: 0.9057
  MTE@0.5: 1.2323
  MTE@1.0: 1.2237
  W2@1.0:  0.3863
  sW2@0.1: 0.3376 (343/500 in region)
  sW2@0.2: 0.3614 (283/500 in region)
  sW2@0.5: 0.3326 (164/500 in region)
  sW2@1.0: 0.4347 (63/500 in region)
  MMD@1.0: 0.0498
  Survival@1.0: 64.2%
  Stopped@1.0:  12.6%
      → K+S
  Precomputing encoder-pullback target...
  Stage 2 epoch 60/300: loss=0.585176
  Stage 2 epoch 120/300: loss=0.437259
  Stage 2 epoch 180/300: loss=0.539647
  Stage 2 epoch 240/300: loss=0.205925
  Stage 2 epoch 300/300: loss=0.143108
  Stage 3 epoch 60/300: loss=0.011543
  Stage 3 epoch 120/300: loss=0.003362
  Stage 3 epoch 180/300: loss=0.002630
  Stage 3 epoch 240/300: loss=0.001409
  Stage 3 epoch 300/300: loss=0.001006
  rcMTE@0.1: 0.5427 (343/500 in region)
  rcMTE@0.5: 0.7633 (164/500 in region)
  rcMTE@1.0: 0.7325 (63/500 in region)
  MTE@0.1: 0.9057
  MTE@0.5: 1.2323
  MTE@1.0: 1.2237
  W2@1.0:  0.3863
  sW2@0.1: 0.3376 (343/500 in region)
  sW2@0.2: 0.3614 (283/500 in region)
  sW2@0.5: 0.3326 (164/500 in region)
  sW2@1.0: 0.4347 (63/500 in region)
  MMD@1.0: 0.0498
  Survival@1.0: 64.2%
  Stopped@1.0:  12.6%

============================================================
  N=100 | D=11 (K=4) | paraboloid | seed=4042
============================================================
    Phase1 Epoch 50/250: loss=0.100551
    Phase1 Epoch 100/250: loss=0.017406
    Phase1 Epoch 150/250: loss=0.017524
    Phase1 Epoch 200/250: loss=0.021338
    Phase1 Epoch 250/250: loss=0.005457
      Phase 2 AE: K_weight=0.0000
        Phase2 Epoch 50/250: loss=0.004066
        Phase2 Epoch 100/250: loss=0.002704
        Phase2 Epoch 150/250: loss=0.002813
        Phase2 Epoch 200/250: loss=0.002826
        Phase2 Epoch 250/250: loss=0.001625
        E_mu=0.0253  E_Sigma=0.0353
      → baseline
  Precomputing encoder-pullback target...
  Stage 2 epoch 60/300: loss=0.571535
  Stage 2 epoch 120/300: loss=0.369845
  Stage 2 epoch 180/300: loss=0.306060
  Stage 2 epoch 240/300: loss=0.254789
  Stage 2 epoch 300/300: loss=0.231637
  Stage 3 epoch 60/300: loss=0.011795
  Stage 3 epoch 120/300: loss=0.007566
  Stage 3 epoch 180/300: loss=0.004481
  Stage 3 epoch 240/300: loss=0.003375
  Stage 3 epoch 300/300: loss=0.002062
  rcMTE@0.1: 0.5134 (342/500 in region)
  rcMTE@0.5: 0.7222 (168/500 in region)
  rcMTE@1.0: 0.6527 (75/500 in region)
  MTE@0.1: 0.8531
  MTE@0.5: 1.2067
  MTE@1.0: 1.1644
  W2@1.0:  0.2921
  sW2@0.1: 0.3374 (342/500 in region)
  sW2@0.2: 0.4227 (274/500 in region)
  sW2@0.5: 0.3926 (168/500 in region)
  sW2@1.0: 0.3783 (75/500 in region)
  MMD@1.0: 0.1086
  Survival@1.0: 59.8%
  Stopped@1.0:  15.0%
      Phase 2 AE: K_weight=0.1000
        Phase2 Epoch 50/250: loss=0.006166
        Phase2 Epoch 100/250: loss=0.006680
        Phase2 Epoch 150/250: loss=0.001702
        Phase2 Epoch 200/250: loss=0.002045
        Phase2 Epoch 250/250: loss=0.001588
        E_mu=0.0103  E_Sigma=0.0068
      → K
  Precomputing encoder-pullback target...
  Stage 2 epoch 60/300: loss=0.572430
  Stage 2 epoch 120/300: loss=0.378559
  Stage 2 epoch 180/300: loss=0.314649
  Stage 2 epoch 240/300: loss=0.265419
  Stage 2 epoch 300/300: loss=0.239736
  Stage 3 epoch 60/300: loss=0.013030
  Stage 3 epoch 120/300: loss=0.008194
  Stage 3 epoch 180/300: loss=0.004483
  Stage 3 epoch 240/300: loss=0.002774
  Stage 3 epoch 300/300: loss=0.001371
  rcMTE@0.1: 0.5083 (342/500 in region)
  rcMTE@0.5: 0.7192 (168/500 in region)
  rcMTE@1.0: 0.6595 (75/500 in region)
  MTE@0.1: 0.8441
  MTE@0.5: 1.1996
  MTE@1.0: 1.1598
  W2@1.0:  0.2848
  sW2@0.1: 0.3286 (342/500 in region)
  sW2@0.2: 0.4150 (274/500 in region)
  sW2@0.5: 0.3892 (168/500 in region)
  sW2@1.0: 0.4073 (75/500 in region)
  MMD@1.0: 0.1090
  Survival@1.0: 59.8%
  Stopped@1.0:  15.0%
      → K+S
  Precomputing encoder-pullback target...
  Stage 2 epoch 60/300: loss=0.572430
  Stage 2 epoch 120/300: loss=0.378559
  Stage 2 epoch 180/300: loss=0.314649
  Stage 2 epoch 240/300: loss=0.265419
  Stage 2 epoch 300/300: loss=0.239736
  Stage 3 epoch 60/300: loss=0.013030
  Stage 3 epoch 120/300: loss=0.008194
  Stage 3 epoch 180/300: loss=0.004483
  Stage 3 epoch 240/300: loss=0.002774
  Stage 3 epoch 300/300: loss=0.001371
  rcMTE@0.1: 0.5083 (342/500 in region)
  rcMTE@0.5: 0.7192 (168/500 in region)
  rcMTE@1.0: 0.6595 (75/500 in region)
  MTE@0.1: 0.8441
  MTE@0.5: 1.1996
  MTE@1.0: 1.1598
  W2@1.0:  0.2848
  sW2@0.1: 0.3286 (342/500 in region)
  sW2@0.2: 0.4150 (274/500 in region)
  sW2@0.5: 0.3892 (168/500 in region)
  sW2@1.0: 0.4073 (75/500 in region)
  MMD@1.0: 0.1090
  Survival@1.0: 59.8%
  Stopped@1.0:  15.0%

============================================================
  N=100 | D=11 (K=4) | paraboloid | seed=5042
============================================================
    Phase1 Epoch 50/250: loss=0.047977
    Phase1 Epoch 100/250: loss=0.021852
    Phase1 Epoch 150/250: loss=0.022969
    Phase1 Epoch 200/250: loss=0.003773
    Phase1 Epoch 250/250: loss=0.003137
      Phase 2 AE: K_weight=0.0000
        Phase2 Epoch 50/250: loss=0.002338
        Phase2 Epoch 100/250: loss=0.009962
        Phase2 Epoch 150/250: loss=0.003807
        Phase2 Epoch 200/250: loss=0.001115
        Phase2 Epoch 250/250: loss=0.001111
        E_mu=0.0119  E_Sigma=0.0168
      → baseline
  Precomputing encoder-pullback target...
  Stage 2 epoch 60/300: loss=0.416318
  Stage 2 epoch 120/300: loss=0.318802
  Stage 2 epoch 180/300: loss=0.290291
  Stage 2 epoch 240/300: loss=0.189698
  Stage 2 epoch 300/300: loss=0.169534
  Stage 3 epoch 60/300: loss=0.016240
  Stage 3 epoch 120/300: loss=0.005084
  Stage 3 epoch 180/300: loss=0.003893
  Stage 3 epoch 240/300: loss=0.002388
  Stage 3 epoch 300/300: loss=0.001229
  rcMTE@0.1: 0.6971 (331/500 in region)
  rcMTE@0.5: 1.0044 (161/500 in region)
  rcMTE@1.0: 1.0903 (71/500 in region)
  MTE@0.1: 1.1429
  MTE@0.5: 1.5472
  MTE@1.0: 1.6084
  W2@1.0:  0.4512
  sW2@0.1: 0.4290 (331/500 in region)
  sW2@0.2: 0.5423 (275/500 in region)
  sW2@0.5: 0.4736 (161/500 in region)
  sW2@1.0: 0.5860 (71/500 in region)
  MMD@1.0: 0.1046
  Survival@1.0: 65.6%
  Stopped@1.0:  14.2%
      Phase 2 AE: K_weight=0.1000
        Phase2 Epoch 50/250: loss=0.007748
        Phase2 Epoch 100/250: loss=0.002336
        Phase2 Epoch 150/250: loss=0.001111
        Phase2 Epoch 200/250: loss=0.001246
        Phase2 Epoch 250/250: loss=0.000740
        E_mu=0.0077  E_Sigma=0.0044
      → K
  Precomputing encoder-pullback target...
  Stage 2 epoch 60/300: loss=0.414101
  Stage 2 epoch 120/300: loss=0.324449
  Stage 2 epoch 180/300: loss=0.295609
  Stage 2 epoch 240/300: loss=0.200449
  Stage 2 epoch 300/300: loss=0.180194
  Stage 3 epoch 60/300: loss=0.018636
  Stage 3 epoch 120/300: loss=0.005252
  Stage 3 epoch 180/300: loss=0.003846
  Stage 3 epoch 240/300: loss=0.002222
  Stage 3 epoch 300/300: loss=0.001050
  rcMTE@0.1: 0.6995 (331/500 in region)
  rcMTE@0.5: 1.0102 (161/500 in region)
  rcMTE@1.0: 1.0863 (71/500 in region)
  MTE@0.1: 1.1489
  MTE@0.5: 1.5604
  MTE@1.0: 1.6299
  W2@1.0:  0.4980
  sW2@0.1: 0.4481 (331/500 in region)
  sW2@0.2: 0.5653 (275/500 in region)
  sW2@0.5: 0.4978 (161/500 in region)
  sW2@1.0: 0.5915 (71/500 in region)
  MMD@1.0: 0.1153
  Survival@1.0: 65.6%
  Stopped@1.0:  14.2%
      → K+S
  Precomputing encoder-pullback target...
  Stage 2 epoch 60/300: loss=0.414101
  Stage 2 epoch 120/300: loss=0.324449
  Stage 2 epoch 180/300: loss=0.295609
  Stage 2 epoch 240/300: loss=0.200449
  Stage 2 epoch 300/300: loss=0.180194
  Stage 3 epoch 60/300: loss=0.018636
  Stage 3 epoch 120/300: loss=0.005252
  Stage 3 epoch 180/300: loss=0.003846
  Stage 3 epoch 240/300: loss=0.002222
  Stage 3 epoch 300/300: loss=0.001050
  rcMTE@0.1: 0.6995 (331/500 in region)
  rcMTE@0.5: 1.0102 (161/500 in region)
  rcMTE@1.0: 1.0863 (71/500 in region)
  MTE@0.1: 1.1489
  MTE@0.5: 1.5604
  MTE@1.0: 1.6299
  W2@1.0:  0.4980
  sW2@0.1: 0.4481 (331/500 in region)
  sW2@0.2: 0.5653 (275/500 in region)
  sW2@0.5: 0.4978 (161/500 in region)
  sW2@1.0: 0.5915 (71/500 in region)
  MMD@1.0: 0.1153
  Survival@1.0: 65.6%
  Stopped@1.0:  14.2%

============================================================
  N=100 | D=11 (K=4) | paraboloid | seed=6042
============================================================
    Phase1 Epoch 50/250: loss=0.047112
    Phase1 Epoch 100/250: loss=0.027411
    Phase1 Epoch 150/250: loss=0.017569
    Phase1 Epoch 200/250: loss=0.012624
    Phase1 Epoch 250/250: loss=0.003666
      Phase 2 AE: K_weight=0.0000
        Phase2 Epoch 50/250: loss=0.003344
        Phase2 Epoch 100/250: loss=0.003214
        Phase2 Epoch 150/250: loss=0.001465
        Phase2 Epoch 200/250: loss=0.001207
        Phase2 Epoch 250/250: loss=0.001361
        E_mu=0.0251  E_Sigma=0.0144
      → baseline
  Precomputing encoder-pullback target...
  Stage 2 epoch 60/300: loss=0.632399
  Stage 2 epoch 120/300: loss=0.465027
  Stage 2 epoch 180/300: loss=0.363159
  Stage 2 epoch 240/300: loss=0.317581
  Stage 2 epoch 300/300: loss=0.422545
  Stage 3 epoch 60/300: loss=0.025653
  Stage 3 epoch 120/300: loss=0.018571
  Stage 3 epoch 180/300: loss=0.019499
  Stage 3 epoch 240/300: loss=0.014245
  Stage 3 epoch 300/300: loss=0.009391
  rcMTE@0.1: 0.3332 (329/500 in region)
  rcMTE@0.5: 0.4313 (153/500 in region)
  rcMTE@1.0: 0.4139 (78/500 in region)
  MTE@0.1: 0.5771
  MTE@0.5: 0.7938
  MTE@1.0: 0.8188
  W2@1.0:  0.6315
  sW2@0.1: 0.2646 (329/500 in region)
  sW2@0.2: 0.3123 (272/500 in region)
  sW2@0.5: 0.4662 (153/500 in region)
  sW2@1.0: 0.4686 (78/500 in region)
  MMD@1.0: 0.1635
  Survival@1.0: 62.8%
  Stopped@1.0:  15.6%
      Phase 2 AE: K_weight=0.1000
        Phase2 Epoch 50/250: loss=0.011677
        Phase2 Epoch 100/250: loss=0.009520
        Phase2 Epoch 150/250: loss=0.002229
        Phase2 Epoch 200/250: loss=0.003286
        Phase2 Epoch 250/250: loss=0.004616
        E_mu=0.0272  E_Sigma=0.0262
      → K
  Precomputing encoder-pullback target...
  Stage 2 epoch 60/300: loss=0.626672
  Stage 2 epoch 120/300: loss=0.454809
  Stage 2 epoch 180/300: loss=0.353672
  Stage 2 epoch 240/300: loss=0.309165
  Stage 2 epoch 300/300: loss=0.405648
  Stage 3 epoch 60/300: loss=0.026213
  Stage 3 epoch 120/300: loss=0.017896
  Stage 3 epoch 180/300: loss=0.018879
  Stage 3 epoch 240/300: loss=0.014466
  Stage 3 epoch 300/300: loss=0.009391
  rcMTE@0.1: 0.3323 (329/500 in region)
  rcMTE@0.5: 0.4332 (153/500 in region)
  rcMTE@1.0: 0.4158 (78/500 in region)
  MTE@0.1: 0.5815
  MTE@0.5: 0.7939
  MTE@1.0: 0.8173
  W2@1.0:  0.6327
  sW2@0.1: 0.2691 (329/500 in region)
  sW2@0.2: 0.3090 (272/500 in region)
  sW2@0.5: 0.4689 (153/500 in region)
  sW2@1.0: 0.4638 (78/500 in region)
  MMD@1.0: 0.1730
  Survival@1.0: 62.8%
  Stopped@1.0:  15.6%
      → K+S
  Precomputing encoder-pullback target...
  Stage 2 epoch 60/300: loss=0.626672
  Stage 2 epoch 120/300: loss=0.454809
  Stage 2 epoch 180/300: loss=0.353672
  Stage 2 epoch 240/300: loss=0.309165
  Stage 2 epoch 300/300: loss=0.405648
  Stage 3 epoch 60/300: loss=0.026213
  Stage 3 epoch 120/300: loss=0.017896
  Stage 3 epoch 180/300: loss=0.018879
  Stage 3 epoch 240/300: loss=0.014466
  Stage 3 epoch 300/300: loss=0.009391
  rcMTE@0.1: 0.3323 (329/500 in region)
  rcMTE@0.5: 0.4332 (153/500 in region)
  rcMTE@1.0: 0.4158 (78/500 in region)
  MTE@0.1: 0.5815
  MTE@0.5: 0.7939
  MTE@1.0: 0.8173
  W2@1.0:  0.6327
  sW2@0.1: 0.2691 (329/500 in region)
  sW2@0.2: 0.3090 (272/500 in region)
  sW2@0.5: 0.4689 (153/500 in region)
  sW2@1.0: 0.4638 (78/500 in region)
  MMD@1.0: 0.1730
  Survival@1.0: 62.8%
  Stopped@1.0:  15.6%

============================================================
  N=100 | D=11 (K=4) | paraboloid | seed=7042
============================================================
    Phase1 Epoch 50/250: loss=0.052936
    Phase1 Epoch 100/250: loss=0.031391
    Phase1 Epoch 150/250: loss=0.013987
    Phase1 Epoch 200/250: loss=0.004965
    Phase1 Epoch 250/250: loss=0.005884
      Phase 2 AE: K_weight=0.0000
        Phase2 Epoch 50/250: loss=0.005017
        Phase2 Epoch 100/250: loss=0.005161
        Phase2 Epoch 150/250: loss=0.011604
        Phase2 Epoch 200/250: loss=0.005982
        Phase2 Epoch 250/250: loss=0.006817
        E_mu=0.0262  E_Sigma=0.0608
      → baseline
  Precomputing encoder-pullback target...
  Stage 2 epoch 60/300: loss=0.499172
  Stage 2 epoch 120/300: loss=0.413860
  Stage 2 epoch 180/300: loss=0.270153
  Stage 2 epoch 240/300: loss=0.227134
  Stage 2 epoch 300/300: loss=0.205917
  Stage 3 epoch 60/300: loss=0.010911
  Stage 3 epoch 120/300: loss=0.004371
  Stage 3 epoch 180/300: loss=0.003477
  Stage 3 epoch 240/300: loss=0.003516
  Stage 3 epoch 300/300: loss=0.001918
  rcMTE@0.1: 0.4747 (371/500 in region)
  rcMTE@0.5: 0.6450 (178/500 in region)
  rcMTE@1.0: 0.6254 (82/500 in region)
  MTE@0.1: 0.7696
  MTE@0.5: 1.0896
  MTE@1.0: 1.1046
  W2@1.0:  0.4379
  sW2@0.1: 0.3062 (371/500 in region)
  sW2@0.2: 0.3029 (296/500 in region)
  sW2@0.5: 0.4425 (178/500 in region)
  sW2@1.0: 0.4309 (82/500 in region)
  MMD@1.0: 0.1200
  Survival@1.0: 63.4%
  Stopped@1.0:  16.4%
      Phase 2 AE: K_weight=0.1000
        Phase2 Epoch 50/250: loss=0.012463
        Phase2 Epoch 100/250: loss=0.003251
        Phase2 Epoch 150/250: loss=0.001580
        Phase2 Epoch 200/250: loss=0.001150
        Phase2 Epoch 250/250: loss=0.001747
        E_mu=0.0072  E_Sigma=0.0086
      → K
  Precomputing encoder-pullback target...
  Stage 2 epoch 60/300: loss=0.471105
  Stage 2 epoch 120/300: loss=0.414801
  Stage 2 epoch 180/300: loss=0.267960
  Stage 2 epoch 240/300: loss=0.225575
  Stage 2 epoch 300/300: loss=0.203885
  Stage 3 epoch 60/300: loss=0.011583
  Stage 3 epoch 120/300: loss=0.003992
  Stage 3 epoch 180/300: loss=0.002827
  Stage 3 epoch 240/300: loss=0.003012
  Stage 3 epoch 300/300: loss=0.001290
  rcMTE@0.1: 0.4776 (371/500 in region)
  rcMTE@0.5: 0.6413 (178/500 in region)
  rcMTE@1.0: 0.6273 (82/500 in region)
  MTE@0.1: 0.7680
  MTE@0.5: 1.0922
  MTE@1.0: 1.1159
  W2@1.0:  0.3996
  sW2@0.1: 0.3135 (371/500 in region)
  sW2@0.2: 0.2933 (296/500 in region)
  sW2@0.5: 0.4076 (178/500 in region)
  sW2@1.0: 0.4042 (82/500 in region)
  MMD@1.0: 0.1330
  Survival@1.0: 63.4%
  Stopped@1.0:  16.4%
      → K+S
  Precomputing encoder-pullback target...
  Stage 2 epoch 60/300: loss=0.471105
  Stage 2 epoch 120/300: loss=0.414801
  Stage 2 epoch 180/300: loss=0.267960
  Stage 2 epoch 240/300: loss=0.225575
  Stage 2 epoch 300/300: loss=0.203885
  Stage 3 epoch 60/300: loss=0.011583
  Stage 3 epoch 120/300: loss=0.003992
  Stage 3 epoch 180/300: loss=0.002827
  Stage 3 epoch 240/300: loss=0.003012
  Stage 3 epoch 300/300: loss=0.001290
  rcMTE@0.1: 0.4776 (371/500 in region)
  rcMTE@0.5: 0.6413 (178/500 in region)
  rcMTE@1.0: 0.6273 (82/500 in region)
  MTE@0.1: 0.7680
  MTE@0.5: 1.0922
  MTE@1.0: 1.1159
  W2@1.0:  0.3996
  sW2@0.1: 0.3135 (371/500 in region)
  sW2@0.2: 0.2933 (296/500 in region)
  sW2@0.5: 0.4076 (178/500 in region)
  sW2@1.0: 0.4042 (82/500 in region)
  MMD@1.0: 0.1330
  Survival@1.0: 63.4%
  Stopped@1.0:  16.4%

============================================================
  N=100 | D=11 (K=4) | paraboloid | seed=8042
============================================================
    Phase1 Epoch 50/250: loss=0.055088
    Phase1 Epoch 100/250: loss=0.024792
    Phase1 Epoch 150/250: loss=0.011450
    Phase1 Epoch 200/250: loss=0.018851
    Phase1 Epoch 250/250: loss=0.005750
      Phase 2 AE: K_weight=0.0000
        Phase2 Epoch 50/250: loss=0.004192
        Phase2 Epoch 100/250: loss=0.003631
        Phase2 Epoch 150/250: loss=0.003116
        Phase2 Epoch 200/250: loss=0.004726
        Phase2 Epoch 250/250: loss=0.000804
        E_mu=0.0168  E_Sigma=0.0136
      → baseline
  Precomputing encoder-pullback target...
  Stage 2 epoch 60/300: loss=1.054447
  Stage 2 epoch 120/300: loss=0.465587
  Stage 2 epoch 180/300: loss=0.438993
  Stage 2 epoch 240/300: loss=0.326802
  Stage 2 epoch 300/300: loss=0.234224
  Stage 3 epoch 60/300: loss=0.010802
  Stage 3 epoch 120/300: loss=0.005211
  Stage 3 epoch 180/300: loss=0.002553
  Stage 3 epoch 240/300: loss=0.001785
slurmstepd: error: *** JOB 60149 ON dgx22 CANCELLED AT 2026-03-14T19:43:54 ***
