surface,penalty,epochs,time_sec,reconstruction_mean,reconstruction_std,tangent_mean,tangent_std,encoder contr_mean,encoder contr_std,decoder contr_mean,decoder contr_std,diffeo_mean,diffeo_std,curvature_mean,curvature_std,hessian_mean,hessian_std,weight_tangent_bundle,weight_contractive,weight_normal_decoder_jacobian,weight_decoder_contraction,weight_diffeo,weight_curvature
sinusoidal,baseline,500,14.462557315826416,0.00876042153686285,0.014284803532063961,0.0785905197262764,0.1692463904619217,0.847492516040802,0.22608906030654907,4.377180576324463,0.18168486654758453,0.08674819767475128,0.08089948445558548,1.673954725265503,4.389162063598633,1.1661032438278198,1.014612078666687,0.0,0.0,0.0,0.0,0.0,0.0
sinusoidal,T,500,16.7085223197937,0.0034700832329690456,0.0028747941832989454,0.0006218246999196708,0.0018526517087593675,1.7601158618927002,0.577136754989624,5.424626350402832,1.3693292140960693,0.07094790786504745,0.06440196186304092,0.035088930279016495,0.14053629338741302,6.055702209472656,4.34367561340332,1.0,0.0,0.0,0.0,0.0,0.0
sinusoidal,C,500,17.049163341522217,0.007434461731463671,0.01386851817369461,0.08255208283662796,0.1745850145816803,0.6092188954353333,0.06022121384739876,6.17247200012207,0.2157181203365326,0.01692143827676773,0.024656467139720917,1.7417227029800415,4.481182098388672,1.2275285720825195,1.0598474740982056,0.0,0.01,0.0,0.0,0.0,0.0
