surface,penalty,epochs,time_sec,reconstruction_mean,reconstruction_std,tangent_mean,tangent_std,encoder contr_mean,encoder contr_std,decoder contr_mean,decoder contr_std,diffeo_mean,diffeo_std,curvature_mean,curvature_std,hessian_mean,hessian_std,weight_tangent_bundle,weight_contractive,weight_normal_decoder_jacobian,weight_decoder_contraction,weight_diffeo,weight_curvature
paraboloid,baseline,500,9.070737838745117,0.04676330089569092,0.08207938820123672,0.06515534967184067,0.08334977179765701,1.2513607740402222,0.46224063634872437,3.1001617908477783,0.48027491569519043,0.2814246118068695,0.32118478417396545,0.4887160062789917,0.8276116251945496,3.75166654586792,2.765866756439209,0.0,0.0,0.0,0.0,0.0,0.0
paraboloid,tangent,500,11.477415084838867,0.02568945661187172,0.07254725694656372,0.0025336677208542824,0.0042948476038873196,1.246444582939148,0.39916521310806274,3.658115863800049,0.6656854748725891,0.19659578800201416,0.2596195340156555,0.11726245284080505,0.2723022997379303,2.8872430324554443,2.493809938430786,1.0,0.0,0.0,0.0,0.0,0.0
paraboloid,curvature,500,25.95569896697998,0.019845088943839073,0.05273822695016861,0.002057648031041026,0.002262217691168189,1.1879498958587646,0.35800522565841675,3.890606164932251,0.5801153779029846,0.15727320313453674,0.23587198555469513,0.010575128719210625,0.011825590394437313,2.4314701557159424,2.135241985321045,0.0,0.0,0.0,0.0,0.0,1.0
