surface,penalty,epochs,time_sec,reconstruction_mean,reconstruction_std,tangent_mean,tangent_std,encoder contr_mean,encoder contr_std,decoder contr_mean,decoder contr_std,diffeo_mean,diffeo_std,curvature_mean,curvature_std,hessian_mean,hessian_std,weight_tangent_bundle,weight_contractive,weight_normal_decoder_jacobian,weight_decoder_contraction,weight_diffeo,weight_curvature
paraboloid,baseline,500,11.516434907913208,0.04676330089569092,0.08207938820123672,0.06515534967184067,0.08334977179765701,1.2513607740402222,0.46224063634872437,3.1001617908477783,0.48027491569519043,0.2814246118068695,0.32118478417396545,0.4887160062789917,0.8276116251945496,3.75166654586792,2.765866756439209,0.0,0.0,0.0,0.0,0.0,0.0
paraboloid,tangent,500,10.802546977996826,0.02568945661187172,0.07254725694656372,0.0025336677208542824,0.0042948476038873196,1.246444582939148,0.39916521310806274,3.658115863800049,0.6656854748725891,0.19659578800201416,0.2596195340156555,0.11726245284080505,0.2723022997379303,2.8872430324554443,2.493809938430786,1.0,0.0,0.0,0.0,0.0,0.0
paraboloid,diffeo,500,13.169643878936768,0.16647227108478546,0.25834205746650696,0.49095940589904785,0.22222758829593658,0.7496628761291504,0.05302897095680237,5.3324737548828125,0.1949821412563324,0.007852647453546524,0.015383119694888592,1.9653202295303345,0.6169895529747009,4.809568405151367,0.6354191303253174,0.0,0.0,0.0,0.0,1.0,0.0
paraboloid,tangent+diffeo,500,15.44079875946045,0.4145369529724121,0.40707704424858093,0.061321381479501724,0.04772631824016571,2.481694221496582,0.9133548736572266,14.426154136657715,3.442913055419922,0.2909948527812958,0.21926485002040863,0.6185840368270874,0.3948029577732086,14.848305702209473,8.503561019897461,1.0,0.0,0.0,0.0,1.0,0.0
