surface,penalty,epochs,time_sec,reconstruction_mean,reconstruction_std,tangent_mean,tangent_std,encoder contr_mean,encoder contr_std,decoder contr_mean,decoder contr_std,diffeo_mean,diffeo_std,curvature_mean,curvature_std,hessian_mean,hessian_std,weight_tangent_bundle,weight_contractive,weight_normal_decoder_jacobian,weight_decoder_contraction,weight_diffeo,weight_curvature
paraboloid,baseline,500,8.65093994140625,0.011161528527736664,0.021422211080789566,0.013753901235759258,0.016096515581011772,1.1632106304168701,0.33305230736732483,4.248672962188721,0.6715342998504639,0.14255006611347198,0.19334374368190765,0.4251541495323181,0.678600013256073,3.979897975921631,3.8956873416900635,0.0,0.0,0.0,0.0,0.0,0.0
paraboloid,T,500,12.308233737945557,0.01359618455171585,0.019656145945191383,0.004254883620887995,0.005777955986559391,1.1566816568374634,0.38303157687187195,4.510966777801514,0.8066083192825317,0.16094215214252472,0.21864186227321625,0.054989252239465714,0.09778539091348648,2.443591356277466,1.947299838066101,1.0,0.0,0.0,0.0,0.0,0.0
paraboloid,C,500,11.043428897857666,0.00944675412029028,0.01776944100856781,0.016551226377487183,0.015450356528162956,1.0485554933547974,0.27178314328193665,4.41214656829834,0.6361730694770813,0.12075986713171005,0.17346808314323425,0.38804349303245544,0.6046739816665649,4.329774856567383,4.228825092315674,0.0,0.01,0.0,0.0,0.0,0.0
