surface,penalty,epochs,time_sec,reconstruction_mean,reconstruction_std,tangent_mean,tangent_std,encoder contr_mean,encoder contr_std,decoder contr_mean,decoder contr_std,diffeo_mean,diffeo_std,curvature_mean,curvature_std,hessian_mean,hessian_std,weight_tangent_bundle,weight_contractive,weight_normal_decoder_jacobian,weight_decoder_contraction,weight_diffeo,weight_curvature
paraboloid,baseline,500,8.65093994140625,0.011161528527736664,0.021422211080789566,0.013753901235759258,0.016096515581011772,1.1632106304168701,0.33305230736732483,4.248672962188721,0.6715342998504639,0.14255006611347198,0.19334374368190765,0.4251541495323181,0.678600013256073,3.979897975921631,3.8956873416900635,0.0,0.0,0.0,0.0,0.0,0.0
paraboloid,T,500,12.308233737945557,0.01359618455171585,0.019656145945191383,0.004254883620887995,0.005777955986559391,1.1566816568374634,0.38303157687187195,4.510966777801514,0.8066083192825317,0.16094215214252472,0.21864186227321625,0.054989252239465714,0.09778539091348648,2.443591356277466,1.947299838066101,1.0,0.0,0.0,0.0,0.0,0.0
paraboloid,C,500,11.043428897857666,0.00944675412029028,0.01776944100856781,0.016551226377487183,0.015450356528162956,1.0485554933547974,0.27178314328193665,4.41214656829834,0.6361730694770813,0.12075986713171005,0.17346808314323425,0.38804349303245544,0.6046739816665649,4.329774856567383,4.228825092315674,0.0,0.01,0.0,0.0,0.0,0.0
paraboloid,T+C,500,17.035062551498413,0.010383881628513336,0.016076724976301193,0.0026493514887988567,0.004094118718057871,1.045562982559204,0.3098026514053345,4.856603145599365,0.8718412518501282,0.13059942424297333,0.18576347827911377,0.044760849326848984,0.08083825558423996,2.7594356536865234,1.9638489484786987,1.0,0.01,0.0,0.0,0.0,0.0
paraboloid,N,500,11.38625454902649,0.010599198751151562,0.02069215103983879,0.012106810696423054,0.015309215523302555,1.166320562362671,0.33774420619010925,4.246662616729736,0.6485266089439392,0.14168544113636017,0.19417636096477509,0.36111629009246826,0.6189914345741272,3.799199342727661,3.6504480838775635,0.0,0.0,0.01,0.0,0.0,0.0
